rank,price,currency,origin,destination_code,destination_name,country_code,depart,stops,booking_link
1,17,USD,LAX,LAS,"Las Vegas, United States",US,2026-11-18,0,https://www.aviasales.com/search/LAX1811LAS1?t=F917950221001795026600000075LAXLAS_cd6c5937ba67bade9fac0fe5a75ad0cb_1430&search_date=19092026&expected_price_uuid=01a0bbfc-30e6-8040-6e3c-f21e3408d761&static_fare_key=TY%7CP0%7CH0%7CL0%7CCH0%7CR0%7CTBC0&itinerary_key=p--4nS6GtI1QNFQhRLxZ1Q&expected_price_source=share&expected_price_currency=usd&expected_price=17&marker=741311
2,17,USD,LAX,SFO,"San Francisco, United States",US,2026-11-17,0,https://www.aviasales.com/search/LAX1711SFO1?t=F917949421801794947520000089LAXSFO_685bc6c2ece23ab6ba087092afaa1dad_1408&search_date=20092026&expected_price_uuid=01a0bfec-1c96-8030-ecc6-2adfb8107915&static_fare_key=TY%7CP1%7CH0%7CL0%7CCH0%7CR0%7CTBC0&itinerary_key=ZuGPvRlHSEiboDIxwoaptw&expected_price_source=share&expected_price_currency=usd&expected_price=17&marker=741311
3,17,USD,SFO,SAN,"San Diego, United States",US,2026-10-27,0,https://www.aviasales.com/search/SFO2710SAN1?t=F917931202201793126280000101SFOSAN_bcdcc7f0c835124ef99d4bd461a99580_1469&search_date=20092026&expected_price_uuid=01a0bcdf-3c67-8030-e6e5-5885288427f5&static_fare_key=TY%7CP1%7CH0%7CL0%7CCH1_0%7CR0%7CTBC0&itinerary_key=4bRqAPFGZu4lUiPE8oqPwQ&expected_price_source=share&expected_price_currency=usd&expected_price=17&marker=741311
4,18,USD,ATL,TPA,"Tampa, United States",US,2026-11-10,0,https://www.aviasales.com/search/ATL1011TPA1?t=F917943054601794311340000098ATLTPA_e6aa62e89758ecbc64e784824c5d483a_1515&search_date=20092026&expected_price_uuid=01a0c135-3829-8030-a531-dce94f64b91c&static_fare_key=TY%7CP0%7CH0%7CL0%7CCH0%7CR0%7CTBC0&itinerary_key=gzRBPh5boX0j4djv1GNCBQ&expected_price_source=share&expected_price_currency=usd&expected_price=18&marker=741311
5,19,USD,SFO,LAX,"Los Angeles, United States",US,2026-11-03,0,https://www.aviasales.com/search/SFO0311LAX1?t=F917937339001793739180000088SFOLAX_05d5272456c1120bc1d05a2e936b8442_1567&search_date=16092026&expected_price_uuid=01a0aa01-a565-8050-e31b-1d75c5681963&static_fare_key=TY%7CP0%7CH0%7CL0%7CCH0%7CR0%7CTBC0&itinerary_key=0p_pmrC_TjvBt-7kZLHVFQ&expected_price_source=share&expected_price_currency=usd&expected_price=19&marker=741311
6,19,USD,ATL,ORL,"Orlando, United States",US,2026-10-20,0,https://www.aviasales.com/search/ATL2010ORL1?t=F917925257401792531800000101ATLMCO_d8c62a6b5ba73ffea60447e939efc296_1601&search_date=14092026&expected_price_uuid=01a0a01b-035d-8040-27a8-6eb2d84871f9&static_fare_key=TY%7CP0%7CH0%7CL0%7CCH0%7CR0%7CTBC0&itinerary_key=ixyTBpD7f6iwlsM1_99E_w&expected_price_source=share&expected_price_currency=usd&expected_price=19&marker=741311
7,19,USD,IAH,ATL,"Atlanta, United States",US,2026-10-27,0,https://www.aviasales.com/search/IAH2710ATL1?t=F917931324601793143920000131IAHATL_355a7e6224760007d7e8b0f80d81c0e8_1602&search_date=19092026&expected_price_uuid=01a0b71e-4065-8040-2bc3-e319275a88da&static_fare_key=TY%7CP0%7CH0%7CL0%7CCH0%7CR0%7CTBC0&itinerary_key=g9tzJthiZkyld07QoDnAsQ&origin_airports=0&expected_price_source=share&expected_price_currency=usd&expected_price=19&marker=741311
8,20,USD,IAD,FLL,"Fort Lauderdale, United States",US,2026-10-20,0,https://www.aviasales.com/search/IAD2010FLL1?t=F917925196801792530180000175IADFLL_a5bb02cd32adb65f5d1030886161528b_1651&search_date=19092026&expected_price_uuid=01a0b721-cd7b-8030-6d75-03d29c829a20&static_fare_key=TY%7CP0%7CH0%7CL0%7CCH0%7CR0%7CTBC0&itinerary_key=44I_LUWQRU4ucYH1NxLUyg&origin_airports=0&expected_price_source=share&expected_price_currency=usd&expected_price=20&marker=741311
9,24,USD,ATL,HOU,"Houston, United States",US,2026-10-31,0,https://www.aviasales.com/search/ATL3110HOU1?t=F917934264001793431380000143ATLIAH_770643edb802703e9c87f6fb410b8c62_2020&search_date=18092026&expected_price_uuid=01a0b557-62e4-8040-64e8-2f9722fa9bef&static_fare_key=TY%7CP0%7CH0%7CL0%7CCH0%7CR0%7CTBC0&itinerary_key=73aP3OkAZwhVwaQ3KKETdQ&expected_price_source=share&expected_price_currency=usd&expected_price=24&marker=741311
10,27,USD,ATL,DFW,"Dallas, United States",US,2026-10-20,0,https://www.aviasales.com/search/ATL2010DFW1?t=F917924922001792498380000163ATLDFW_97ef59100a45c0ca38e2a0cb2f8e9f57_2235&search_date=17092026&expected_price_uuid=01a0acd5-7497-8030-2742-51e03a578e87&static_fare_key=TY%7CP0%7CH0%7CL0%7CCH0%7CR0%7CTBC0&itinerary_key=PPpawHcZlLTIkC7oaC71Mg&expected_price_source=share&expected_price_currency=usd&expected_price=27&marker=741311
12,27,USD,MCO,WAS,"Washington, United States",US,2026-10-17,0,https://www.aviasales.com/search/MCO1710WAS1?t=F917922240001792232220000137MCOIAD_57abf357d538d2600e33fe31a3faf6df_2272&search_date=18092026&expected_price_uuid=01a0b616-26ab-8040-a0b1-f9323a51b2bf&static_fare_key=TY%7CP0%7CH0%7CL0%7CCH0%7CR0%7CTBC0&itinerary_key=tGBD6_hw0kXNdGQIeQ0-Jw&origin_airports=0&expected_price_source=share&expected_price_currency=usd&expected_price=27&marker=741311
13,67,USD,ORD,PHL,"Philadelphia, United States",US,2026-10-10,0,https://www.aviasales.com/search/ORD1010PHL1?t=F917916504601791662640000143ORDPHL_63c8ce349199dc16b31b753a40b6fed6_5631&search_date=20092026&expected_price_uuid=01a0c0bd-39ec-8040-6233-9bac949580df&static_fare_key=TY%7CP0%7CH0%7CL0%7CCH0%7CR0%7CTBC0&itinerary_key=3wwx9k2GgPcTUon-Dsm3VA&origin_airports=0&expected_price_source=share&expected_price_currency=usd&expected_price=67&marker=741311
14,29,USD,MCO,CLE,"Cleveland, United States",US,2026-10-02,0,https://www.aviasales.com/search/MCO0210CLE1?t=F917909779801790987400000157MCOCLE_7eab071e0aa4f91bb4247ea2fcf39f7e_2414&search_date=17092026&expected_price_uuid=01a0b1bc-8e68-8030-e535-10ea1ebc74cb&static_fare_key=TY%7CP0%7CH0%7CL0%7CCH0%7CR0%7CTBC0&itinerary_key=f_xYT49_aKaUXbOY0SlUkQ&origin_airports=0&expected_price_source=share&expected_price_currency=usd&expected_price=29&marker=741311
16,30,USD,FLL,CHA,"Chattanooga, United States",US,2026-11-05,0,https://www.aviasales.com/search/FLL0511CHA1?t=G417938626001793870340000129FLLCHA_f0a2d484c96b9a42cb991bd02c9be827_2528&search_date=16092026&expected_price_uuid=01a0abae-c973-8030-63b7-a814dbb2e893&static_fare_key=TY%7CP0%7CH0%7CL0%7CCH0%7CR0%7CTBC0&itinerary_key=p1Sm5SqGjuhtM9rQBhkZ_w&expected_price_source=share&expected_price_currency=usd&expected_price=30&marker=741311
17,31,USD,BNA,CHI,"Chicago, United States",US,2026-10-15,0,https://www.aviasales.com/search/BNA1510CHI1?t=G417920615201792066920000090BNARFD_879706faf1979deedf07d856905345ea_2608&search_date=20092026&expected_price_uuid=01a0c099-8319-8030-2385-83399757e76e&static_fare_key=TY%7CP0%7CH0%7CL0%7CCH0%7CR0%7CTBC0&itinerary_key=4GtLbv89tf5tbmXAy5wpyg&expected_price_source=share&expected_price_currency=usd&expected_price=31&marker=741311
18,32,USD,DEN,MKC,"Kansas City, United States",US,2026-10-03,0,https://www.aviasales.com/search/DEN0310MKC1?t=F917910465601791056220000101DENMCI_5ac4019f0f2e03bc5d34c2d3501dac75_2691&search_date=20092026&expected_price_uuid=01a0bdfa-9180-8040-65ff-97006abe4c81&static_fare_key=TY%7CP0%7CH0%7CL0%7CCH0%7CR0%7CTBC0&itinerary_key=bP-m51G5v91FBiMfn6D5pg&expected_price_source=share&expected_price_currency=usd&expected_price=32&marker=741311
19,33,USD,MCO,RDU,"Raleigh, United States",US,2026-12-04,0,https://www.aviasales.com/search/MCO0412RDU1?t=F917964213001796427780000108MCORDU_dc2bf4f578ccffb791ed936af1e75f6f_2789&search_date=18092026&expected_price_uuid=01a0b29c-4402-8040-2fa3-7475b402fcd6&static_fare_key=TY%7CP0%7CH0%7CL0%7CCH0%7CR0%7CTBC0&itinerary_key=ehvhs2Eqas-w58-8p6yFjQ&origin_airports=0&expected_price_source=share&expected_price_currency=usd&expected_price=33&marker=741311
20,30,USD,ATL,MSY,"New Orleans, United States",US,2026-10-27,0,https://www.aviasales.com/search/ATL2710MSY1?t=F917931150001793117580000103ATLMSY_9f9baaf97fba1418d3484dd55c2ae2e4_2526&search_date=15092026&expected_price_uuid=01a0a6ee-1660-8040-2f6a-ef5c626b128d&static_fare_key=TY%7CP0%7CH0%7CL0%7CCH0%7CR0%7CTBC0&itinerary_key=rL3QEL7T5SK_S9oZGWFhjg&expected_price_source=share&expected_price_currency=usd&expected_price=30&marker=741311
21,34,USD,DEN,SLC,"Salt Lake City, United States",US,2026-11-04,0,https://www.aviasales.com/search/DEN0411SLC1?t=F917938322401793837820000093DENSLC_9988cb36f22e3e48499d7c2f15d5af36_2864&search_date=15092026&expected_price_uuid=01a0a5c2-22ca-8040-6748-3c087d307353&static_fare_key=TY%7CP0%7CH0%7CL0%7CCH0%7CR0%7CTBC0&itinerary_key=3-ZV_MyvFuu3pr06FTmnvg&expected_price_source=share&expected_price_currency=usd&expected_price=34&marker=741311
22,35,USD,LAS,OAK,"Oakland, United States",US,2026-10-05,0,https://www.aviasales.com/search/LAS0510OAK1?t=F917911863601791192120000096LASOAK_7e0b95a6480961eebc49091594e5cbbf_2984&search_date=19092026&expected_price_uuid=01a0bb14-1915-8040-6a55-d8b98e7e9cfe&static_fare_key=TY%7CP0%7CH0%7CL0%7CCH0%7CR0%7CTBC0&itinerary_key=MyNjww-VnDFaInGHTOoQyQ&expected_price_source=share&expected_price_currency=usd&expected_price=35&marker=741311
23,35,USD,LAX,DEN,"Denver, United States",US,2026-11-26,0,https://www.aviasales.com/search/LAX2611DEN1?t=F917957118001795724160000146LAXDEN_8e207cd091db7e1401068cdf589a6731_2954&search_date=19092026&expected_price_uuid=01a0bbd2-50fc-8040-af05-729c688db50c&static_fare_key=TY%7CP0%7CH0%7CL0%7CCH0%7CR0%7CTBC0&itinerary_key=vStVz3cTHR4gsK-o82EWKw&expected_price_source=share&expected_price_currency=usd&expected_price=35&marker=741311
24,36,USD,MCO,CLT,"Charlotte, United States",US,2026-10-14,0,https://www.aviasales.com/search/MCO1410CLT1?t=F917919600601791967020000116MCOCLT_41d075773e676a6e81dba7b16c685a20_3074&search_date=17092026&expected_price_uuid=01a0ae2e-eeec-8040-21dd-70ec3a04a647&static_fare_key=TY%7CP0%7CH0%7CL0%7CCH0%7CR0%7CTBC0&itinerary_key=bjavGDfcFbx0HLgtpL8nMQ&origin_airports=0&expected_price_source=share&expected_price_currency=usd&expected_price=36&marker=741311
26,40,USD,ATL,MSP,"Minneapolis, United States",US,2026-11-10,0,https://www.aviasales.com/search/ATL1011MSP1?t=F917943132001794319560000166ATLMSP_483c59eee7cec77c855eb9900831d78d_3376&search_date=20092026&expected_price_uuid=01a0bcff-41e9-8040-af8c-1d790b5b1a1c&static_fare_key=TY%7CP0%7CH0%7CL0%7CCH0%7CR0%7CTBC0&itinerary_key=fhaqjdAK5FgY8kJfeN_sng&expected_price_source=share&expected_price_currency=usd&expected_price=40&marker=741311
27,40,USD,FLL,CMH,"Columbus, United States",US,2026-11-20,0,https://www.aviasales.com/search/FLL2011CMH1?t=G417951550001795164420000157FLLLCK_a95987408ffdacf49250fc3fc323867e_3380&search_date=14092026&expected_price_uuid=01a0a10f-319b-8030-ecff-03db8450e74c&static_fare_key=TY%7CP0%7CH0%7CL0%7CCH0%7CR0%7CTBC0&itinerary_key=ejBTmbFH1oh2qTKSR4JbwA&expected_price_source=share&expected_price_currency=usd&expected_price=40&marker=741311
28,41,USD,ATL,JAX,"Jacksonville, United States",US,2026-10-05,0,https://www.aviasales.com/search/ATL0510JAX1?t=F917912225401791226860000072ATLJAX_1946d9b31346e3de300a06261d0496c0_3465&search_date=17092026&expected_price_uuid=01a0b005-cf78-8030-29a8-c7d7f9ed34a3&static_fare_key=TY%7CP0%7CH0%7CL0%7CCH0%7CR0%7CTBC0&itinerary_key=t0rJKisXEQL4A5J7VyH4Fg&expected_price_source=share&expected_price_currency=usd&expected_price=41&marker=741311
29,41,USD,IAD,MIA,"Miami, United States",US,2026-12-01,0,https://www.aviasales.com/search/IAD0112MIA1?t=F917961228001796134020000187IADMIA_d350162a42018fbdc76ea8f575f79f35_3457&search_date=17092026&expected_price_uuid=01a0af85-f4bd-8030-af92-9c56de7c030b&static_fare_key=TY%7CP1%7CH0%7CL0%7CCH0%7CR0%7CTBC0&itinerary_key=ptlQys8nWJ6o8DANX0DLgQ&origin_airports=0&expected_price_source=share&expected_price_currency=usd&expected_price=41&marker=741311
30,41,USD,TPA,EYW,"Key West, United States",US,2026-09-27,0,https://www.aviasales.com/search/TPA2709EYW1?t=MX17905036201790508060000074TPAEYW_d5cb29a83cb1b0108eece99d8f88b58b_3461&search_date=19092026&expected_price_uuid=01a0b87e-5440-8040-6fea-4b132dbfec06&static_fare_key=TY%7CP0%7CH0%7CL0%7CCH0%7CR0%7CTBC0&itinerary_key=_ff0rehrWYhrgoQBIv0RkA&expected_price_source=share&expected_price_currency=usd&expected_price=41&marker=741311
31,42,USD,LAS,FAT,"Fresno, United States",US,2026-09-26,0,https://www.aviasales.com/search/LAS2609FAT1?t=G417904132001790417940000079LASFAT_05b6df415dc9e75ff571fb17388bab0f_3532&search_date=16092026&expected_price_uuid=01a0a98e-4b3f-8030-a914-265b9e02a84e&static_fare_key=TY%7CP0%7CH0%7CL0%7CCH0%7CR0%7CTBC0&itinerary_key=syvLcSiehOawMq8-8GLl9w&expected_price_source=share&expected_price_currency=usd&expected_price=42&marker=741311
32,46,USD,LAX,PHX,"Phoenix, United States",US,2026-11-14,0,https://www.aviasales.com/search/LAX1411PHX1?t=F917946636601794672720000091LAXPHX_cc4c0d45e7c554e5e7675db3a9293fe8_3908&search_date=20092026&expected_price_uuid=01a0be81-7099-8050-21ba-b592a62f804d&static_fare_key=TY%7CP0%7CH0%7CL0%7CCH1_0%7CR0%7CTBC0&itinerary_key=nx_8paHDpAxlglovTh4Ngg&expected_price_source=share&expected_price_currency=usd&expected_price=46&marker=741311
33,46,USD,IAD,STL,"St Louis, United States",US,2026-10-27,1,https://www.aviasales.com/search/IAD2710STL1?t=F917931351601793209200001294IADATLSTL_9470fb85e2d044624c196f30f2c1da53_3870&search_date=20092026&expected_price_uuid=01a0bfd3-a675-8030-20cc-b261ddbe4e6a&static_fare_key=TY%7CP1%7CH0%7CL0%7CCH0%7CR0%7CTBC0&itinerary_key=inFuiotjBqTokQWYheVCcg&origin_airports=0&expected_price_source=share&expected_price_currency=usd&expected_price=46&marker=741311
34,47,USD,FLL,LEX,"Lexington, United States",US,2026-09-26,0,https://www.aviasales.com/search/FLL2609LEX1?t=G417904240001790432400000140FLLLEX_471fc9714c77112653cdafb1f3487cd7_3960&search_date=16092026&expected_price_uuid=01a0ac72-6546-8030-61fb-dc6a1bec2c19&static_fare_key=TY%7CP0%7CH0%7CL0%7CCH0%7CR0%7CTBC0&itinerary_key=QTAcuRXfTGhk-L8OkGx91w&expected_price_source=share&expected_price_currency=usd&expected_price=47&marker=741311
35,49,USD,MCO,AVL,"Asheville, United States",US,2026-09-25,0,https://www.aviasales.com/search/MCO2509AVL1?t=G417903721001790378400000105MCOAVL_1702d1475e6017eb3157cdd6a2b9b59d_4126&search_date=15092026&expected_price_uuid=01a0a70e-4a47-8030-6ad8-52f81f6c785c&static_fare_key=TY%7CP0%7CH0%7CL0%7CCH0%7CR0%7CTBC0&itinerary_key=t16PDFQlLxcoJKXuLqUrDw&origin_airports=0&expected_price_source=share&expected_price_currency=usd&expected_price=49&marker=741311
36,51,USD,ATL,CVG,"Cincinnati, United States",US,2026-10-05,0,https://www.aviasales.com/search/ATL0510CVG1?t=F917911948201791200280000091ATLCVG_cbc34a3f92bc4c5ac4beccd5949e072d_4297&search_date=16092026&expected_price_uuid=01a0ac83-5832-8040-6e19-58cef55bc83f&static_fare_key=TY%7CP0%7CH0%7CL0%7CCH0%7CR0%7CTBC0&itinerary_key=g5DJ-JrQMBQHtAdv4VY5Gw&expected_price_source=share&expected_price_currency=usd&expected_price=51&marker=741311
37,54,USD,ATL,NYC,"New York, United States",US,2026-11-10,0,https://www.aviasales.com/search/ATL1011NYC1?t=F917943181801794326460000138ATLLGA_30df37a930b37b5af963b8367ef187ae_4527&search_date=17092026&expected_price_uuid=01a0b1b2-0e43-8030-28b5-079511183495&static_fare_key=TY%7CP1%7CH0%7CL0%7CCH0%7CR0%7CTBC0&itinerary_key=u5ZauZWPJc-Vd5ZoVmZZJw&expected_price_source=share&expected_price_currency=usd&expected_price=54&marker=741311
38,54,USD,ORD,BRL,"Burlington, United States",US,2026-10-15,0,https://www.aviasales.com/search/ORD1510BRL1?t=LF17920668001792071900000085ORDBRL_35ad58c1398513f98a8b4a1e17649c8d_4526&search_date=19092026&expected_price_uuid=01a0ba22-4995-8030-a282-4b5691670c96&static_fare_key=TY%7CP1%7CH0%7CL0%7CCH0%7CR0%7CTBC0&itinerary_key=8usAWT7xKoIaeKPuDd8dEA&origin_airports=0&expected_price_source=share&expected_price_currency=usd&expected_price=54&marker=741311
39,55,USD,PHX,YYC,"Calgary, Canada",CA,2026-09-29,1,https://www.aviasales.com/search/PHX2909YYC1?t=WS17906769001790703000000375PHXYEGYYC_608f7cb05496addcf18670f3821e0229_4634&search_date=14092026&expected_price_uuid=01a09ed6-de5d-8030-e244-0d6b7371af95&static_fare_key=TY%7CP0%7CH0%7CL0%7CCH0%7CR0%7CTBC0&itinerary_key=uKdHyUwIPjD3yH3EP1Uzcw&expected_price_source=share&expected_price_currency=usd&expected_price=55&marker=741311
41,57,USD,LAX,SAC,"Sacramento, United States",US,2026-10-08,0,https://www.aviasales.com/search/LAX0810SAC1?t=F917914749001791480840000099LAXSMF_4e1b405c3f31ac0fb912cab01455ce45_4800&search_date=16092026&expected_price_uuid=01a0a89c-9559-8040-25fd-b08fe43f250e&static_fare_key=TY%7CP0%7CH0%7CL0%7CCH0%7CR0%7CTBC0&itinerary_key=O4XrvS5vC_T4OK9Xoca8fg&expected_price_source=share&expected_price_currency=usd&expected_price=57&marker=741311
42,57,USD,PHL,YTO,"Toronto, Canada",CA,2026-09-30,1,https://www.aviasales.com/search/PHL3009YTO1?t=UA17907486001790772000000390PHLORDYYZ_8426fb6e26f465d687204f4eb6e078b7_4811&search_date=20092026&expected_price_uuid=01a0bdd6-b1f7-8030-2e15-eafc6bca08cb&static_fare_key=TY%7CP0%7CH1%7CL0%7CCH0%7CR0%7CTBC0&itinerary_key=2QiQIVFxxK-WL61vZ4R83A&expected_price_source=share&expected_price_currency=usd&expected_price=57&marker=741311
43,58,USD,TPA,ILG,"Wilmington, United States",US,2027-03-04,0,https://www.aviasales.com/search/TPA0403ILG1?t=XP18041823601804191660000155TPAILG_b2121c97978a5f6d775e098e3d924266_4863&search_date=17092026&expected_price_uuid=01a0aec3-041d-8050-63a9-e4ee92a99545&static_fare_key=TY%7CP1%7CH0%7CL0%7CCH0%7CR0%7CTBC0&itinerary_key=r2-b6WsCRNXL-A_twut-mg&expected_price_source=share&expected_price_currency=usd&expected_price=58&marker=741311
44,58,USD,TPA,RIC,"Richmond, United States",US,2026-11-17,0,https://www.aviasales.com/search/TPA1711RIC1?t=MX17948955001794903180000128TPARIC_1ab7d3a9f921b1e0764eb3a0752b42b9_4878&search_date=20092026&expected_price_uuid=01a0c0b0-b149-8040-22cc-6434dac7a0f9&static_fare_key=TY%7CP0%7CH0%7CL0%7CCH0%7CR0%7CTBC0&itinerary_key=fj5R6ToLB5rPhV2DyCSq_g&expected_price_source=share&expected_price_currency=usd&expected_price=58&marker=741311
45,58,USD,RDU,HVN,"New Haven, United States",US,2026-09-25,0,https://www.aviasales.com/search/RDU2509HVN1?t=XP17903684401790374140000095RDUHVN_9b48733217e743ee267168b85e263f4f_4884&search_date=15092026&expected_price_uuid=01a0a6ed-ae88-8030-aed2-5d2b0bd684b0&static_fare_key=TY%7CP0%7CH1%7CL0%7CCH0%7CR0%7CTBC0&itinerary_key=xyvxPbr6HUcL70kSmI0JPQ&expected_price_source=share&expected_price_currency=usd&expected_price=58&marker=741311
46,58,USD,MIA,SJU,"San Juan, Puerto Rico",PR,2026-10-22,0,https://www.aviasales.com/search/MIA2210SJU1?t=F917926566001792666140000159MIASJU_f6bb20ead33ca261412336b646e45401_4884&search_date=18092026&expected_price_uuid=01a0b621-2f8b-8040-a8f9-fd43cdce1254&static_fare_key=TY%7CP0%7CH0%7CL0%7CCH0%7CR0%7CTBC0&itinerary_key=c9yRpUIIQ-u2YkxL6j_R-Q&expected_price_source=share&expected_price_currency=usd&expected_price=58&marker=741311
47,60,USD,SFO,PDX,"Portland, United States",US,2026-12-31,0,https://www.aviasales.com/search/SFO3112PDX1?t=UA17987500201798756560000109SFOPDX_2f68c35396772adbf5f937b54164de43_5054&search_date=15092026&expected_price_uuid=01a0a62e-db8a-8030-e43d-10593297f733&static_fare_key=TY%7CP1%7CH0%7CL0%7CCH0%7CR0%7CTBC0&itinerary_key=vvhJlxIoLaD47D4k5rBgeg&expected_price_source=share&expected_price_currency=usd&expected_price=60&marker=741311
50,62,USD,TPA,CAK,"Akron, United States",US,2026-12-03,0,https://www.aviasales.com/search/TPA0312CAK1?t=G417962791001796287860000146PIECAK_3721a4b7b8710a620d4705f660dbe814_5237&search_date=16092026&expected_price_uuid=01a0aaba-7759-8040-6a08-0ca608673e7f&static_fare_key=TY%7CP0%7CH1%7CL0%7CCH0%7CR0%7CTBC0&itinerary_key=B3M28RoipsO6fU-jMHnW_w&expected_price_source=share&expected_price_currency=usd&expected_price=62&marker=741311
51,63,USD,ATL,GDL,"Guadalajara, Mexico",MX,2026-10-05,0,https://www.aviasales.com/search/ATL0510GDL1?t=Y417912058001791214020000257ATLGDL_102a887dc7caaa4f56c15a6e97e1f539_5324&search_date=14092026&expected_price_uuid=01a0a236-0b07-8040-a68a-1bb909d361bf&static_fare_key=TY%7CP0%7CH0%7CL0%7CCH0%7CR0%7CTBC0&itinerary_key=9Y_ZglLZJxPC1uK5hhYYLQ&expected_price_source=share&expected_price_currency=usd&expected_price=63&marker=741311
52,63,USD,MCO,SBN,"South Bend, United States",US,2026-09-24,0,https://www.aviasales.com/search/MCO2409SBN1?t=MX17902698601790280360000175MCOSBN_726bc8a6dbb77f5ce227ae92efb6fe31_5324&search_date=14092026&expected_price_uuid=01a0a11b-afff-8030-ed5a-6e32eca8310e&static_fare_key=TY%7CP0%7CH0%7CL0%7CCH0%7CR0%7CTBC0&itinerary_key=272iP7IkqXZFk00UMCBEFA&origin_airports=0&expected_price_source=share&expected_price_currency=usd&expected_price=63&marker=741311
53,64,USD,MCO,BNA,"Nashville, United States",US,2026-10-07,0,https://www.aviasales.com/search/MCO0710BNA1?t=F917913874801791391500000127MCOBNA_f41e073cdb58304bd5cba3cab619f289_5408&search_date=17092026&expected_price_uuid=01a0b1cc-4003-8040-60f6-83406a510d76&static_fare_key=TY%7CP0%7CH0%7CL0%7CCH0%7CR0%7CTBC0&itinerary_key=XJAEYXqOsBvivOXLv8qfHA&origin_airports=0&expected_price_source=share&expected_price_currency=usd&expected_price=64&marker=741311
54,68,USD,IAH,MEM,"Memphis, United States",US,2026-10-22,1,https://www.aviasales.com/search/IAH2210MEM1?t=F917926502401792696440000770IAHDENMEM_253aadfe614788be4b932c6bcc6d7ad1_5745&search_date=20092026&expected_price_uuid=01a0bed2-bf77-8030-af44-1f6726154aa3&static_fare_key=TY%7CP1%7CH0%7CL0%7CCH0%7CR0%7CTBC0&itinerary_key=cCdZokoxB6m3XCqIIPqJSw&origin_airports=0&expected_price_source=share&expected_price_currency=usd&expected_price=68&marker=741311
55,68,USD,MCO,PNS,"Pensacola, United States",US,2026-10-06,0,https://www.aviasales.com/search/MCO0610PNS1?t=MX17912881801791290400000097MCOPNS_cf51c945e5e43019f4d8fa6642d54e9f_5760&search_date=17092026&expected_price_uuid=01a0af46-d405-8040-a0b0-15af6432ece5&static_fare_key=TY%7CP0%7CH0%7CL0%7CCH0%7CR0%7CTBC0&itinerary_key=7tbnP8vYIty2I78OgGlY8A&origin_airports=0&expected_price_source=share&expected_price_currency=usd&expected_price=68&marker=741311
56,68,USD,PHX,YEA,"Edmonton, Canada",CA,2026-09-28,1,https://www.aviasales.com/search/PHX2809YEA1?t=WS17906013001790631600000445PHXYYCYEG_33fc792aac79ae89b1b17c3292828974_5746&search_date=14092026&expected_price_uuid=01a0a126-0086-8030-e41b-ba7f71bf8a0c&static_fare_key=TY%7CP0%7CH0%7CL0%7CCH0%7CR0%7CTBC0&itinerary_key=sgT8K5ghvPIvm_izaA8Snw&expected_price_source=share&expected_price_currency=usd&expected_price=68&marker=741311
57,70,USD,IAD,PIT,"Pittsburgh, United States",US,2026-09-25,1,https://www.aviasales.com/search/IAD2509PIT1?t=9X17903406001790356020000257IADDUJPIT_a96b4a8beb70b8f421fe8412918776b1_5898&search_date=15092026&expected_price_uuid=01a0a474-8bc6-8030-677f-b2ddabe930f9&static_fare_key=TY%7CP0%7CH0%7CL1_1_20%7CCH0%7CR0%7CTBC1&itinerary_key=lNqjvWT2nITd5pRFhlvPXA&origin_airports=0&expected_price_source=share&expected_price_currency=usd&expected_price=70&marker=741311
59,72,USD,LAX,SEA,"Seattle, United States",US,2026-12-11,0,https://www.aviasales.com/search/LAX1112SEA1?t=F917970112201797022080000181LAXSEA_653a4ca57e8c034160541ad5f1c14ee2_6041&search_date=17092026&expected_price_uuid=01a0aeae-cd83-8030-e706-7608a5ea53ea&static_fare_key=TY%7CP1%7CH0%7CL0%7CCH1_0%7CR0%7CTBC0&itinerary_key=X4-t3kMu_Un8GGasbNbiHA&expected_price_source=share&expected_price_currency=usd&expected_price=72&marker=741311
60,77,USD,IAH,QRO,"Queretaro, Mexico",MX,2026-10-07,0,https://www.aviasales.com/search/IAH0710QRO1?t=Y417914129201791416520000120IAHQRO_5dd9da0b97874bef1dc6e8ca27818d29_6499&search_date=20092026&expected_price_uuid=01a0bccf-d840-8030-2890-6c1153f2c251&static_fare_key=TY%7CP0%7CH0%7CL0%7CCH0%7CR0%7CTBC0&itinerary_key=cCc8uRb95LmyIwhkcu87qQ&origin_airports=0&expected_price_source=share&expected_price_currency=usd&expected_price=77&marker=741311
61,68,USD,LAS,AUS,"Austin, United States",US,2026-11-14,0,https://www.aviasales.com/search/LAS1411AUS1?t=F917946414001794658920000172LASAUS_668430221680994c7f1648af88c07be5_5726&search_date=15092026&expected_price_uuid=01a0a6de-a124-8040-60e1-5197a27dabf5&static_fare_key=TY%7CP0%7CH0%7CL0%7CCH0%7CR0%7CTBC0&itinerary_key=YfIh2Qv-QDKqz1pJXjvgkw&expected_price_source=share&expected_price_currency=usd&expected_price=68&marker=741311
62,74,USD,BOS,LEB,"Lebanon, United States",US,2026-09-26,0,https://www.aviasales.com/search/BOS2609LEB1?t=9K17904258601790429760000065BOSLEB_5762f841a1fff4a2c91fb8bf9a4701b7_6283&search_date=16092026&expected_price_uuid=01a0a94b-f2bc-8030-ec98-8775ca86be8a&static_fare_key=TY%7CP0%7CH1%7CL0%7CCH0%7CR0%7CTBC0&itinerary_key=6Dr0bBJ_eNlfK75I7dlEmQ&expected_price_source=share&expected_price_currency=usd&expected_price=74&marker=741311
63,75,USD,CLT,BKW,"Beckley, United States",US,2026-09-28,0,https://www.aviasales.com/search/CLT2809BKW1?t=LF17905965001790601300000080CLTBKW_82caef7ac9c442303af2a698b63f66a6_6316&search_date=18092026&expected_price_uuid=01a0b65e-88c3-8030-202f-030cc68341bb&static_fare_key=TY%7CP0%7CH1%7CL0%7CCH0%7CR0%7CTBC0&itinerary_key=0QifAcfLQgCZOu2frb0geg&expected_price_source=share&expected_price_currency=usd&expected_price=75&marker=741311
64,75,USD,MCO,TYS,"Knoxville, United States",US,2026-10-19,0,https://www.aviasales.com/search/MCO1910TYS1?t=G417924022601792408440000103MCOTYS_0d29ee70961b12128b46860f87caed45_6330&search_date=18092026&expected_price_uuid=01a0b6b0-e18d-8040-2fce-70afa607ef84&static_fare_key=TY%7CP0%7CH0%7CL0%7CCH0%7CR0%7CTBC0&itinerary_key=j1kF2OfTmeZaqaBnlcd6bg&origin_airports=0&expected_price_source=share&expected_price_currency=usd&expected_price=75&marker=741311
65,77,USD,MCO,IND,"Indianapolis, United States",US,2026-10-02,0,https://www.aviasales.com/search/MCO0210IND1?t=F917909638201790973060000154MCOIND_f20674e13936e3826bbc165f0bb9c711_6465&search_date=17092026&expected_price_uuid=01a0b15d-51d3-8030-2e45-6e92faf589b3&static_fare_key=TY%7CP0%7CH0%7CL0%7CCH0%7CR0%7CTBC0&itinerary_key=zrshWBLUUUNOyPCVExppIg&origin_airports=0&expected_price_source=share&expected_price_currency=usd&expected_price=77&marker=741311
66,77,USD,LAX,YVR,"Vancouver, Canada",CA,2026-10-16,0,https://www.aviasales.com/search/LAX1610YVR1?marker=741311
67,77,USD,PHX,GEG,"Spokane, United States",US,2026-10-26,0,https://www.aviasales.com/search/PHX2610GEG1?t=G417930301001793039940000164AZAGEG_efd54a8ee63900100868a5497f10add8_6488&search_date=16092026&expected_price_uuid=01a0ab20-0098-8040-2975-8d19a688f643&static_fare_key=TY%7CP0%7CH0%7CL0%7CCH0%7CR0%7CTBC0&itinerary_key=7biJVLRxmElGOa32C2TmIw&expected_price_source=share&expected_price_currency=usd&expected_price=77&marker=741311
68,79,USD,MIA,BOS,"Boston, United States",US,2026-10-31,0,https://www.aviasales.com/search/MIA3110BOS1?marker=741311
69,80,USD,SFO,PAE,"Everett, United States",US,2026-12-15,0,https://www.aviasales.com/search/SFO1512PAE1?marker=741311
70,81,USD,ATL,BUF,"Buffalo, United States",US,2026-10-15,1,https://www.aviasales.com/search/ATL1510BUF1?marker=741311
71,82,USD,PHX,RAP,"Rapid City, United States",US,2026-09-30,0,https://www.aviasales.com/search/PHX3009RAP1?marker=741311
72,84,USD,AUS,MEX,"Mexico City, Mexico",MX,2026-10-14,1,https://www.aviasales.com/search/AUS1410MEX1?marker=741311
73,85,USD,MCO,GSP,"Greenville, United States",US,2026-09-24,0,https://www.aviasales.com/search/MCO2409GSP1?marker=741311
74,86,USD,MCO,CHS,"Charleston, United States",US,2026-09-24,0,https://www.aviasales.com/search/MCO2409CHS1?marker=741311
75,86,USD,TPA,IAG,"Niagara Falls, United States",US,2026-09-27,0,https://www.aviasales.com/search/TPA2709IAG1?marker=741311
76,86,USD,MSP,HRL,"Harlingen, United States",US,2026-12-15,2,https://www.aviasales.com/search/MSP1512HRL1?marker=741311
77,87,USD,MCO,BQN,"Aguadilla, Puerto Rico",PR,2026-10-13,0,https://www.aviasales.com/search/MCO1310BQN1?marker=741311
78,87,USD,TPA,YKF,"Kitchener, Canada",CA,2026-12-15,1,https://www.aviasales.com/search/TPA1512YKF1?marker=741311
79,88,USD,LAS,ACV,"Arcata, United States",US,2026-09-26,0,https://www.aviasales.com/search/LAS2609ACV1?marker=741311
80,90,USD,ORD,UIN,"Quincy, United States",US,2026-09-26,0,https://www.aviasales.com/search/ORD2609UIN1?marker=741311
81,90,USD,PHX,FAR,"Fargo, United States",US,2026-09-30,0,https://www.aviasales.com/search/PHX3009FAR1?marker=741311
82,92,USD,MIA,DTT,"Detroit, United States",US,2026-12-07,1,https://www.aviasales.com/search/MIA0712DTT1?marker=741311
83,93,USD,MIA,ORF,"Norfolk, United States",US,2026-10-09,1,https://www.aviasales.com/search/MIA0910ORF1?marker=741311
84,93,USD,MCO,HSV,"Huntsville, United States",US,2026-09-21,0,https://www.aviasales.com/search/MCO2109HSV1?marker=741311
85,93,USD,BOS,RUT,"Rutland, United States",US,2026-09-29,0,https://www.aviasales.com/search/BOS2909RUT1?marker=741311
86,94,USD,LAX,TUS,"Tucson, United States",US,2026-10-19,0,https://www.aviasales.com/search/LAX1910TUS1?marker=741311
87,95,USD,AUS,MTY,"Monterrey, Mexico",MX,2026-09-30,0,https://www.aviasales.com/search/AUS3009MTY1?marker=741311
88,95,USD,LAX,IPL,"Imperial, United States",US,2026-09-30,0,https://www.aviasales.com/search/LAX3009IPL1?marker=741311
89,96,USD,MCO,SDF,"Louisville, United States",US,2026-10-22,0,https://www.aviasales.com/search/MCO2210SDF1?marker=741311
90,96,USD,MIA,NAS,"Nassau, Bahamas",BS,2026-11-06,0,https://www.aviasales.com/search/MIA0611NAS1?marker=741311
91,99,USD,MCO,BDL,"Hartford, United States",US,2026-11-12,0,https://www.aviasales.com/search/MCO1211BDL1?marker=741311
92,99,USD,MSP,SRQ,"Sarasota, United States",US,2026-11-15,0,https://www.aviasales.com/search/MSP1511SRQ1?marker=741311
93,99,USD,ORD,OMA,"Omaha, United States",US,2026-11-07,1,https://www.aviasales.com/search/ORD0711OMA1?marker=741311
94,99,USD,ORD,YGK,"Kingston, Canada",CA,2026-10-23,1,https://www.aviasales.com/search/ORD2310YGK1?marker=741311
95,100,USD,FLL,YOW,"Ottawa, Canada",CA,2026-10-01,1,https://www.aviasales.com/search/FLL0110YOW1?marker=741311
96,100,USD,SFO,ABQ,"Albuquerque, United States",US,2027-01-09,1,https://www.aviasales.com/search/SFO0901ABQ1?marker=741311
97,101,USD,FLL,YHZ,"Halifax, Canada",CA,2026-10-01,1,https://www.aviasales.com/search/FLL0110YHZ1?marker=741311
98,101,USD,LAX,RNO,"Reno, United States",US,2027-01-11,1,https://www.aviasales.com/search/LAX1101RNO1?marker=741311
99,103,USD,ATL,BHM,"Birmingham, United States",US,2026-11-12,1,https://www.aviasales.com/search/ATL1211BHM1?marker=741311
100,103,USD,SFO,HNL,"Honolulu, United States",US,2026-12-01,0,https://www.aviasales.com/search/SFO0112HNL1?marker=741311
101,103,USD,MIA,SDQ,"Santo Domingo, Dominican Republic",DO,2026-11-05,0,https://www.aviasales.com/search/MIA0511SDQ1?marker=741311
102,103,USD,JFK,SXM,"Sint Maarten, Sint Maarten",SX,2027-02-04,1,https://www.aviasales.com/search/JFK0402SXM1?marker=741311
103,103,USD,PHX,SOW,"Show Low, United States",US,2026-09-30,0,https://www.aviasales.com/search/PHX3009SOW1?marker=741311
104,104,USD,MCO,ABE,"Allentown, United States",US,2026-09-24,0,https://www.aviasales.com/search/MCO2409ABE1?marker=741311
105,104,USD,SEA,YCD,"Nanaimo, Canada",CA,2026-09-26,1,https://www.aviasales.com/search/SEA2609YCD1?marker=741311
106,105,USD,LAX,ELP,"El Paso, United States",US,2026-11-04,1,https://www.aviasales.com/search/LAX0411ELP1?marker=741311
107,105,USD,BOS,BDA,"Bermuda, Bermuda",BM,2027-02-21,1,https://www.aviasales.com/search/BOS2102BDA1?marker=741311
108,107,USD,LAX,MCE,"Merced, United States",US,2026-09-26,0,https://www.aviasales.com/search/LAX2609MCE1?marker=741311
109,108,USD,MIA,MID,"Merida, Mexico",MX,2026-10-23,1,https://www.aviasales.com/search/MIA2310MID1?marker=741311
110,108,USD,PHX,BIS,"Bismarck, United States",US,2026-09-30,0,https://www.aviasales.com/search/PHX3009BIS1?marker=741311
111,109,USD,LAS,SHV,"Shreveport, United States",US,2026-09-25,0,https://www.aviasales.com/search/LAS2509SHV1?marker=741311
112,111,USD,DEN,SAT,"San Antonio, United States",US,2026-12-24,0,https://www.aviasales.com/search/DEN2412SAT1?marker=741311
113,111,USD,BOS,YMQ,"Montreal, Canada",CA,2026-10-03,0,https://www.aviasales.com/search/BOS0310YMQ1?marker=741311
114,111,USD,SLC,PVU,"Provo, United States",US,2026-10-31,1,https://www.aviasales.com/search/SLC3110PVU1?marker=741311
115,112,USD,DEN,AMA,"Amarillo, United States",US,2026-09-25,0,https://www.aviasales.com/search/DEN2509AMA1?marker=741311
116,112,USD,DEN,GCC,"Gillette, United States",US,2026-09-25,0,https://www.aviasales.com/search/DEN2509GCC1?marker=741311
117,114,USD,MCO,PSE,"Ponce, Puerto Rico",PR,2026-09-25,0,https://www.aviasales.com/search/MCO2509PSE1?marker=741311
118,115,USD,PHX,YWG,"Winnipeg, Canada",CA,2026-09-29,2,https://www.aviasales.com/search/PHX2909YWG1?marker=741311
119,117,USD,RDU,ISP,"Islip, United States",US,2026-09-26,0,https://www.aviasales.com/search/RDU2609ISP1?marker=741311
120,117,USD,MCO,ALB,"Albany, United States",US,2026-11-10,1,https://www.aviasales.com/search/MCO1011ALB1?marker=741311
121,117,USD,PHX,EUG,"Eugene, United States",US,2026-09-28,0,https://www.aviasales.com/search/PHX2809EUG1?marker=741311
122,118,USD,IAH,VER,"Veracruz, Mexico",MX,2026-11-03,1,https://www.aviasales.com/search/IAH0311VER1?marker=741311
123,118,USD,DEN,PIA,"Peoria, United States",US,2026-10-15,0,https://www.aviasales.com/search/DEN1510PIA1?marker=741311
124,119,USD,ATL,TLH,"Tallahassee, United States",US,2026-11-06,1,https://www.aviasales.com/search/ATL0611TLH1?marker=741311
125,119,USD,DFW,SAV,"Savannah, United States",US,2026-11-14,0,https://www.aviasales.com/search/DFW1411SAV1?marker=741311
126,119,USD,MIA,PUJ,"Punta Cana, Dominican Republic",DO,2027-01-15,0,https://www.aviasales.com/search/MIA1501PUJ1?marker=741311
127,119,USD,IAH,CUL,"Culiacan, Mexico",MX,2026-09-26,1,https://www.aviasales.com/search/IAH2609CUL1?marker=741311
128,121,USD,IAH,BJX,"Leon/Guanajuato, Mexico",MX,2026-09-25,0,https://www.aviasales.com/search/IAH2509BJX1?marker=741311
129,121,USD,ORD,MKG,"Muskegon, United States",US,2026-09-30,0,https://www.aviasales.com/search/ORD3009MKG1?marker=741311
130,122,USD,MCO,AUA,"Oranjestad, Aruba",AW,2026-10-28,1,https://www.aviasales.com/search/MCO2810AUA1?marker=741311
131,123,USD,ATL,MYR,"Myrtle Beach, United States",US,2027-01-08,1,https://www.aviasales.com/search/ATL0801MYR1?marker=741311
132,123,USD,LAX,GUA,"Guatemala City, Guatemala",GT,2027-01-31,0,https://www.aviasales.com/search/LAX3101GUA1?marker=741311
133,123,USD,PHX,COS,"Colorado Springs, United States",US,2026-10-19,0,https://www.aviasales.com/search/PHX1910COS1?marker=741311
134,123,USD,FLL,FPO,"Freeport, Bahamas",BS,2026-10-25,0,https://www.aviasales.com/search/FLL2510FPO1?marker=741311
135,125,USD,SEA,FAI,"Fairbanks, United States",US,2026-09-25,0,https://www.aviasales.com/search/SEA2509FAI1?marker=741311
136,125,USD,MSP,TVF,"Thief River Falls, United States",US,2026-10-15,0,https://www.aviasales.com/search/MSP1510TVF1?marker=741311
137,126,USD,DEN,ICT,"Wichita, United States",US,2026-09-22,0,https://www.aviasales.com/search/DEN2209ICT1?marker=741311
138,127,USD,ORD,DSM,"Des Moines, United States",US,2026-10-12,0,https://www.aviasales.com/search/ORD1210DSM1?marker=741311
139,129,USD,MIA,CLO,"Cali, Colombia",CO,2026-12-05,1,https://www.aviasales.com/search/MIA0512CLO1?marker=741311
140,131,USD,JFK,ROC,"Rochester, United States",US,2026-09-28,0,https://www.aviasales.com/search/JFK2809ROC1?marker=741311
141,131,USD,TPA,YLW,"Kelowna, Canada",CA,2026-10-23,2,https://www.aviasales.com/search/TPA2310YLW1?marker=741311
142,131,USD,MCO,PWM,"Portland, United States",US,2027-02-26,0,https://www.aviasales.com/search/MCO2602PWM1?marker=741311
143,132,USD,BOS,BGI,"Bridgetown, Barbados",BB,2026-10-02,1,https://www.aviasales.com/search/BOS0210BGI1?marker=741311
144,132,USD,SEA,YYJ,"Victoria, Canada",CA,2026-09-25,2,https://www.aviasales.com/search/SEA2509YYJ1?marker=741311
145,133,USD,IAH,CUN,"Cancun, Mexico",MX,2026-10-18,1,https://www.aviasales.com/search/IAH1810CUN1?marker=741311
146,133,USD,ORD,ACA,"Acapulco, Mexico",MX,2026-12-05,1,https://www.aviasales.com/search/ORD0512ACA1?marker=741311
147,134,USD,FLL,MKE,"Milwaukee, United States",US,2026-10-24,1,https://www.aviasales.com/search/FLL2410MKE1?marker=741311
148,134,USD,PHL,VRB,"Vero Beach, United States",US,2026-09-30,0,https://www.aviasales.com/search/PHL3009VRB1?marker=741311
149,134,USD,FLL,LAL,"Lakeland, United States",US,2026-09-24,1,https://www.aviasales.com/search/FLL2409LAL1?marker=741311
150,135,USD,LAX,SJD,"San Jose Del Cabo, Mexico",MX,2026-09-29,1,https://www.aviasales.com/search/LAX2909SJD1?marker=741311
151,135,USD,BOS,HYA,"Hyannis, United States",US,2026-09-27,0,https://www.aviasales.com/search/BOS2709HYA1?marker=741311
152,135,USD,ORD,DEC,"Decatur, United States",US,2026-09-25,0,https://www.aviasales.com/search/ORD2509DEC1?marker=741311
153,135,USD,ORD,JST,"Johnstown, United States",US,2027-01-03,0,https://www.aviasales.com/search/ORD0301JST1?marker=741311
154,137,USD,DEN,ALS,"Alamosa, United States",US,2026-09-28,0,https://www.aviasales.com/search/DEN2809ALS1?marker=741311
155,137,USD,PDX,YXX,"Abbotsford, Canada",CA,2026-09-25,1,https://www.aviasales.com/search/PDX2509YXX1?marker=741311
156,138,USD,SAN,MFR,"Medford, United States",US,2026-10-05,1,https://www.aviasales.com/search/SAN0510MFR1?marker=741311
157,139,USD,MCO,BOG,"Bogota, Colombia",CO,2026-11-27,0,https://www.aviasales.com/search/MCO2711BOG1?marker=741311
158,140,USD,LAX,LIH,"Kauai Island, United States",US,2026-09-24,0,https://www.aviasales.com/search/LAX2409LIH1?marker=741311
159,140,USD,ORD,ZCL,"Zacatecas, Mexico",MX,2026-10-03,2,https://www.aviasales.com/search/ORD0310ZCL1?marker=741311
160,141,USD,MIA,LIM,"Lima, Peru",PE,2027-01-19,1,https://www.aviasales.com/search/MIA1901LIM1?marker=741311
161,141,USD,IAD,MGW,"Morgantown, United States",US,2026-09-25,0,https://www.aviasales.com/search/IAD2509MGW1?marker=741311
162,143,USD,ORD,PVR,"Puerto Vallarta, Mexico",MX,2026-10-13,2,https://www.aviasales.com/search/ORD1310PVR1?marker=741311
163,144,USD,ATL,ATW,"Appleton, United States",US,2026-11-12,1,https://www.aviasales.com/search/ATL1211ATW1?marker=741311
164,144,USD,MSP,OKC,"Oklahoma City, United States",US,2026-10-04,1,https://www.aviasales.com/search/MSP0410OKC1?marker=741311
165,144,USD,ORD,LAF,"Lafayette, United States",US,2026-09-27,0,https://www.aviasales.com/search/ORD2709LAF1?marker=741311
166,144,USD,BOS,RKD,"Rockland, United States",US,2026-09-24,0,https://www.aviasales.com/search/BOS2409RKD1?marker=741311
167,144,USD,PHL,FMY,"Fort Myers, United States",US,2026-10-25,0,https://www.aviasales.com/search/PHL2510FMY1?marker=741311
168,144,USD,JFK,STI,"Santiago, Dominican Republic",DO,2026-11-25,1,https://www.aviasales.com/search/JFK2511STI1?marker=741311
169,145,USD,LAS,SGF,"Springfield, United States",US,2026-09-25,0,https://www.aviasales.com/search/LAS2509SGF1?marker=741311
170,145,USD,DCA,LIR,"Liberia, Costa Rica",CR,2026-10-18,1,https://www.aviasales.com/search/DCA1810LIR1?marker=741311
171,145,USD,BOS,CRW,"Charleston, United States",US,2026-10-14,1,https://www.aviasales.com/search/BOS1410CRW1?marker=741311
172,145,USD,DEN,GRR,"Grand Rapids, United States",US,2026-11-01,0,https://www.aviasales.com/search/DEN0111GRR1?marker=741311
173,145,USD,LAX,MLM,"Morelia, Mexico",MX,2026-10-03,0,https://www.aviasales.com/search/LAX0310MLM1?marker=741311
174,145,USD,LAS,DGO,"Durango, Mexico",MX,2026-09-29,1,https://www.aviasales.com/search/LAS2909DGO1?marker=741311
175,146,USD,LAS,PGA,"Page, United States",US,2026-09-28,0,https://www.aviasales.com/search/LAS2809PGA1?marker=741311
176,147,USD,ATL,LRD,"Laredo, United States",US,2026-12-21,2,https://www.aviasales.com/search/ATL2112LRD1?marker=741311
177,147,USD,RDU,ILM,"Wilmington, United States",US,2026-09-25,1,https://www.aviasales.com/search/RDU2509ILM1?marker=741311
178,148,USD,PHX,TUL,"Tulsa, United States",US,2026-09-29,1,https://www.aviasales.com/search/PHX2909TUL1?marker=741311
179,148,USD,LAX,JAN,"Jackson, United States",US,2026-10-06,1,https://www.aviasales.com/search/LAX0610JAN1?marker=741311
180,148,USD,RDU,PVD,"Providence, United States",US,2026-09-24,1,https://www.aviasales.com/search/RDU2409PVD1?marker=741311
181,148,USD,BOS,YXE,"Saskatoon, Canada",CA,2026-10-31,1,https://www.aviasales.com/search/BOS3110YXE1?marker=741311
182,148,USD,PHL,ELM,"Elmira, United States",US,2026-09-27,1,https://www.aviasales.com/search/PHL2709ELM1?marker=741311
183,149,USD,MIA,SAL,"San Salvador, El Salvador",SV,2027-01-18,1,https://www.aviasales.com/search/MIA1801SAL1?marker=741311
184,149,USD,JFK,SJO,"San Jose, Costa Rica",CR,2027-02-05,1,https://www.aviasales.com/search/JFK0502SJO1?marker=741311
185,149,USD,LAX,LAP,"La Paz, Mexico",MX,2026-10-11,1,https://www.aviasales.com/search/LAX1110LAP1?marker=741311
186,150,USD,MIA,CUR,"Curacao, Curaçao",CW,2027-02-03,1,https://www.aviasales.com/search/MIA0302CUR1?marker=741311
187,151,USD,SEA,PUW,"Pullman, United States",US,2027-02-20,0,https://www.aviasales.com/search/SEA2002PUW1?marker=741311
188,151,USD,MIA,HAV,"Havana, Cuba",CU,2026-12-30,1,https://www.aviasales.com/search/MIA3012HAV1?marker=741311
189,152,USD,JFK,PBI,"West Palm Beach, United States",US,2027-01-02,1,https://www.aviasales.com/search/JFK0201PBI1?marker=741311
190,153,USD,SLC,BOI,"Boise, United States",US,2026-10-08,1,https://www.aviasales.com/search/SLC0810BOI1?marker=741311
191,153,USD,DEN,CNY,"Moab, United States",US,2026-09-26,0,https://www.aviasales.com/search/DEN2609CNY1?marker=741311
192,154,USD,JFK,ATH,"Athens, Greece",GR,2026-10-15,0,https://www.aviasales.com/search/JFK1510ATH1?marker=741311
193,155,USD,MSP,IWD,"Ironwood, United States",US,2026-09-27,0,https://www.aviasales.com/search/MSP2709IWD1?marker=741311
194,156,USD,DEN,ANC,"Anchorage, United States",US,2026-10-15,2,https://www.aviasales.com/search/DEN1510ANC1?marker=741311
195,157,USD,SAN,SBA,"Santa Barbara, United States",US,2026-09-30,0,https://www.aviasales.com/search/SAN3009SBA1?marker=741311
196,157,USD,BOS,SYR,"Syracuse, United States",US,2026-10-26,0,https://www.aviasales.com/search/BOS2610SYR1?marker=741311
197,157,USD,JFK,KIN,"Kingston, Jamaica",JM,2027-01-06,2,https://www.aviasales.com/search/JFK0601KIN1?marker=741311
198,157,USD,LAS,TAM,"Tampico, Mexico",MX,2026-10-03,1,https://www.aviasales.com/search/LAS0310TAM1?marker=741311
199,158,USD,MIA,CTG,"Cartagena, Colombia",CO,2026-11-17,1,https://www.aviasales.com/search/MIA1711CTG1?marker=741311
200,159,USD,RDU,TRI,"Blountville, United States",US,2026-09-26,1,https://www.aviasales.com/search/RDU2609TRI1?marker=741311
201,160,USD,MCO,HPN,"Westchester County, United States",US,2026-09-28,1,https://www.aviasales.com/search/MCO2809HPN1?marker=741311
202,160,USD,FLL,POS,"Port Of Spain, Trinidad and Tobago",TT,2026-10-18,0,https://www.aviasales.com/search/FLL1810POS1?marker=741311
203,160,USD,LAX,PBC,"Puebla, Mexico",MX,2026-10-03,1,https://www.aviasales.com/search/LAX0310PBC1?marker=741311
204,161,USD,JFK,LON,"London, United Kingdom",GB,2026-10-11,0,https://www.aviasales.com/search/JFK1110LON1?marker=741311
205,161,USD,SEA,PSC,"Pasco, United States",US,2026-09-29,0,https://www.aviasales.com/search/SEA2909PSC1?marker=741311
206,163,USD,LAS,MAF,"Midland, United States",US,2026-11-28,1,https://www.aviasales.com/search/LAS2811MAF1?marker=741311
207,163,USD,JFK,POP,"Puerto Plata, Dominican Republic",DO,2026-12-13,1,https://www.aviasales.com/search/JFK1312POP1?marker=741311
208,164,USD,PHL,MBJ,"Montego Bay, Jamaica",JM,2026-12-15,1,https://www.aviasales.com/search/PHL1512MBJ1?marker=741311
209,164,USD,BOS,MDE,"Medellin, Colombia",CO,2026-10-02,1,https://www.aviasales.com/search/BOS0210MDE1?marker=741311
210,165,USD,DEN,CEZ,"Cortez, United States",US,2026-09-29,0,https://www.aviasales.com/search/DEN2909CEZ1?marker=741311
211,166,USD,JFK,MIL,"Milan, Italy",IT,2026-10-17,1,https://www.aviasales.com/search/JFK1710MIL1?marker=741311
212,166,USD,BNA,SAP,"San Pedro Sula, Honduras",HN,2026-11-11,2,https://www.aviasales.com/search/BNA1111SAP1?marker=741311
213,166,USD,IAH,HMO,"Hermosillo, Mexico",MX,2026-09-24,1,https://www.aviasales.com/search/IAH2409HMO1?marker=741311
214,167,USD,SFO,IDA,"Idaho Falls, United States",US,2026-10-03,1,https://www.aviasales.com/search/SFO0310IDA1?marker=741311
215,167,USD,LAS,LMM,"Los Mochis, Mexico",MX,2026-09-26,1,https://www.aviasales.com/search/LAS2609LMM1?marker=741311
216,168,USD,CLT,PTY,"Panama City, Panama",PA,2027-02-04,1,https://www.aviasales.com/search/CLT0402PTY1?marker=741311
217,168,USD,IAD,YQR,"Regina, Canada",CA,2026-11-21,1,https://www.aviasales.com/search/IAD2111YQR1?marker=741311
218,168,USD,BOS,CID,"Cedar Rapids, United States",US,2026-10-02,1,https://www.aviasales.com/search/BOS0210CID1?marker=741311
219,169,USD,ATL,EVV,"Evansville, United States",US,2026-09-25,1,https://www.aviasales.com/search/ATL2509EVV1?marker=741311
220,169,USD,DTW,LIT,"Little Rock, United States",US,2026-09-24,1,https://www.aviasales.com/search/DTW2409LIT1?marker=741311
221,169,USD,DFW,TUP,"Tupelo, United States",US,2026-09-26,0,https://www.aviasales.com/search/DFW2609TUP1?marker=741311
222,169,USD,TPA,ELD,"El Dorado, United States",US,2026-11-19,2,https://www.aviasales.com/search/TPA1911ELD1?marker=741311
223,170,USD,JFK,DAB,"Daytona Beach, United States",US,2026-11-22,1,https://www.aviasales.com/search/JFK2211DAB1?marker=741311
224,170,USD,ORD,CGI,"Cape Girardeau, United States",US,2026-09-25,0,https://www.aviasales.com/search/ORD2509CGI1?marker=741311
225,172,USD,DFW,FYV,"Fayetteville, United States",US,2026-09-24,1,https://www.aviasales.com/search/DFW2409FYV1?marker=741311
226,175,USD,MCO,CPH,"Copenhagen, Denmark",DK,2026-10-15,1,https://www.aviasales.com/search/MCO1510CPH1?marker=741311
227,177,USD,DEN,FSD,"Sioux Falls, United States",US,2026-10-16,1,https://www.aviasales.com/search/DEN1610FSD1?marker=741311
228,179,USD,LAX,BZN,"Bozeman, United States",US,2026-10-06,1,https://www.aviasales.com/search/LAX0610BZN1?marker=741311
229,179,USD,MIA,GCM,"Georgetown, Cayman Islands",KY,2026-10-03,0,https://www.aviasales.com/search/MIA0310GCM1?marker=741311
230,179,USD,LAX,FCA,"Kalispell, United States",US,2026-10-07,1,https://www.aviasales.com/search/LAX0710FCA1?marker=741311
231,180,USD,DEN,LBF,"North Platte, United States",US,2026-09-26,0,https://www.aviasales.com/search/DEN2609LBF1?marker=741311
232,181,USD,JFK,ROM,"Rome, Italy",IT,2026-10-19,0,https://www.aviasales.com/search/JFK1910ROM1?marker=741311
233,181,USD,IAD,BLI,"Bellingham, United States",US,2026-10-10,1,https://www.aviasales.com/search/IAD1010BLI1?marker=741311
234,182,USD,JFK,CAI,"Cairo, Egypt",EG,2026-11-03,1,https://www.aviasales.com/search/JFK0311CAI1?marker=741311
235,182,USD,DEN,LAR,"Laramie, United States",US,2026-09-27,0,https://www.aviasales.com/search/DEN2709LAR1?marker=741311
236,183,USD,TPA,USA,"Concord, United States",US,2026-09-21,0,https://www.aviasales.com/search/TPA2109USA1?marker=741311
237,184,USD,JFK,ALC,"Alicante, Spain",ES,2026-10-13,1,https://www.aviasales.com/search/JFK1310ALC1?marker=741311
238,184,USD,MCO,MLB,"Melbourne, United States",US,2026-10-22,3,https://www.aviasales.com/search/MCO2210MLB1?marker=741311
239,184,USD,ORD,ORH,"Worcester, United States",US,2026-09-29,1,https://www.aviasales.com/search/ORD2909ORH1?marker=741311
240,185,USD,SFO,OGG,"Kahului, United States",US,2026-11-29,1,https://www.aviasales.com/search/SFO2911OGG1?marker=741311
241,186,USD,DFW,IRK,"Kirksville, United States",US,2026-09-26,0,https://www.aviasales.com/search/DFW2609IRK1?marker=741311
242,187,USD,LAX,MSN,"Madison, United States",US,2026-09-26,1,https://www.aviasales.com/search/LAX2609MSN1?marker=741311
243,188,USD,ORD,MCW,"Mason City, United States",US,2026-09-29,0,https://www.aviasales.com/search/ORD2909MCW1?marker=741311
244,191,USD,BOS,RAK,"Marrakech, Morocco",MA,2027-02-01,1,https://www.aviasales.com/search/BOS0102RAK1?marker=741311
245,191,USD,LAX,VSA,"Villahermosa, Mexico",MX,2026-09-30,1,https://www.aviasales.com/search/LAX3009VSA1?marker=741311
246,192,USD,PDX,GPT,"Gulfport, United States",US,2026-10-02,1,https://www.aviasales.com/search/PDX0210GPT1?marker=741311
247,193,USD,JFK,BEG,"Belgrade, Serbia",RS,2026-10-13,2,https://www.aviasales.com/search/JFK1310BEG1?marker=741311
248,193,USD,DTW,HOT,"Hot Springs, United States",US,2026-10-26,1,https://www.aviasales.com/search/DTW2610HOT1?marker=741311
249,194,USD,BOS,PQI,"Presque Isle, United States",US,2026-09-24,0,https://www.aviasales.com/search/BOS2409PQI1?marker=741311
250,194,USD,SAN,SMX,"Santa Maria, United States",US,2026-09-30,1,https://www.aviasales.com/search/SAN3009SMX1?marker=741311
251,195,USD,MCO,RCH,"Riohacha, Colombia",CO,2026-09-21,1,https://www.aviasales.com/search/MCO2109RCH1?marker=741311
252,195,USD,PHL,FRS,"Flores, Guatemala",GT,2027-01-14,2,https://www.aviasales.com/search/PHL1401FRS1?marker=741311
253,196,USD,PDX,OAX,"Oaxaca, Mexico",MX,2026-11-10,1,https://www.aviasales.com/search/PDX1011OAX1?marker=741311
254,196,USD,LAX,BIL,"Billings, United States",US,2026-10-07,1,https://www.aviasales.com/search/LAX0710BIL1?marker=741311
255,197,USD,ORD,LCH,"Lake Charles, United States",US,2026-09-26,1,https://www.aviasales.com/search/ORD2609LCH1?marker=741311
256,199,USD,JFK,NAP,"Naples, Italy",IT,2026-10-14,1,https://www.aviasales.com/search/JFK1410NAP1?marker=741311
257,199,USD,BNA,ART,"Watertown, United States",US,2026-09-30,2,https://www.aviasales.com/search/BNA3009ART1?marker=741311
258,199,USD,IAH,ZIH,"Ixtapa, Mexico",MX,2026-09-24,1,https://www.aviasales.com/search/IAH2409ZIH1?marker=741311
259,200,USD,DTW,FWA,"Fort Wayne, United States",US,2027-02-14,1,https://www.aviasales.com/search/DTW1402FWA1?marker=741311
260,200,USD,LAX,MSO,"Missoula, United States",US,2026-10-06,1,https://www.aviasales.com/search/LAX0610MSO1?marker=741311
261,200,USD,LAX,TIJ,"Tijuana, Mexico",MX,2026-09-30,1,https://www.aviasales.com/search/LAX3009TIJ1?marker=741311
262,201,USD,PHX,MRY,"Monterey, United States",US,2026-09-30,1,https://www.aviasales.com/search/PHX3009MRY1?marker=741311
263,203,USD,JFK,PAR,"Paris, France",FR,2026-10-18,1,https://www.aviasales.com/search/JFK1810PAR1?marker=741311
264,203,USD,RDU,SBY,"Salisbury-Ocean City, United States",US,2026-09-28,1,https://www.aviasales.com/search/RDU2809SBY1?marker=741311
265,203,USD,PDX,PSP,"Palm Springs, United States",US,2026-11-28,1,https://www.aviasales.com/search/PDX2811PSP1?marker=741311
266,205,USD,MCO,YZR,"Sarnia, Canada",CA,2026-09-24,1,https://www.aviasales.com/search/MCO2409YZR1?marker=741311
267,206,USD,MIA,STT,"Saint Thomas, U.S. Virgin Islands",VI,2027-01-25,0,https://www.aviasales.com/search/MIA2501STT1?marker=741311
268,207,USD,ORD,HAR,"Harrisburg, United States",US,2026-09-30,2,https://www.aviasales.com/search/ORD3009HAR1?marker=741311
269,208,USD,JFK,OPO,"Porto, Portugal",PT,2026-10-17,1,https://www.aviasales.com/search/JFK1710OPO1?marker=741311
270,208,USD,SEA,EAT,"Wenatchee, United States",US,2026-09-26,0,https://www.aviasales.com/search/SEA2609EAT1?marker=741311
271,209,USD,BOS,BHB,"Bar Harbor, United States",US,2026-09-26,0,https://www.aviasales.com/search/BOS2609BHB1?marker=741311
272,210,USD,ORD,VPS,"Fort Walton Beach, United States",US,2026-11-12,2,https://www.aviasales.com/search/ORD1211VPS1?marker=741311
273,211,USD,IAH,LFT,"Lafayette, United States",US,2026-10-10,1,https://www.aviasales.com/search/IAH1010LFT1?marker=741311
274,211,USD,BOS,SLU,"Castries, Saint Lucia",LC,2026-10-03,1,https://www.aviasales.com/search/BOS0310SLU1?marker=741311
275,211,USD,JFK,TQO,"Tulum, Mexico",MX,2026-10-28,2,https://www.aviasales.com/search/JFK2810TQO1?marker=741311
276,211,USD,ORD,CMX,"Hancock, United States",US,2026-09-27,0,https://www.aviasales.com/search/ORD2709CMX1?marker=741311
277,212,USD,LAS,BFL,"Bakersfield, United States",US,2026-10-04,1,https://www.aviasales.com/search/LAS0410BFL1?marker=741311
278,212,USD,LAX,PRC,"Prescott, United States",US,2026-09-25,0,https://www.aviasales.com/search/LAX2509PRC1?marker=741311
279,213,USD,JFK,WAW,"Warsaw, Poland",PL,2026-10-11,1,https://www.aviasales.com/search/JFK1110WAW1?marker=741311
280,213,USD,ORD,TVC,"Traverse City, United States",US,2026-09-28,0,https://www.aviasales.com/search/ORD2809TVC1?marker=741311
281,213,USD,LAX,RDD,"Redding, United States",US,2026-09-28,0,https://www.aviasales.com/search/LAX2809RDD1?marker=741311
282,214,USD,IAH,BTR,"Baton Rouge, United States",US,2026-09-28,0,https://www.aviasales.com/search/IAH2809BTR1?marker=741311
283,214,USD,ORD,GSO,"Greensboro, United States",US,2026-09-30,0,https://www.aviasales.com/search/ORD3009GSO1?marker=741311
284,214,USD,JFK,GND,"St. George's, Grenada",GD,2026-10-02,0,https://www.aviasales.com/search/JFK0210GND1?marker=741311
285,214,USD,JFK,EVN,"Yerevan, Armenia",AM,2026-10-18,1,https://www.aviasales.com/search/JFK1810EVN1?marker=741311
286,214,USD,DEN,JAC,"Jackson, United States",US,2026-09-30,0,https://www.aviasales.com/search/DEN3009JAC1?marker=741311
287,214,USD,IAH,HOB,"Hobbs, United States",US,2026-09-30,0,https://www.aviasales.com/search/IAH3009HOB1?marker=741311
288,215,USD,JFK,GEO,"Georgetown, Guyana",GY,2026-10-22,1,https://www.aviasales.com/search/JFK2210GEO1?marker=741311
289,217,USD,SEA,YKM,"Yakima, United States",US,2026-09-26,0,https://www.aviasales.com/search/SEA2609YKM1?marker=741311
290,217,USD,DEN,MTJ,"Montrose, United States",US,2026-09-26,0,https://www.aviasales.com/search/DEN2609MTJ1?marker=741311
291,218,USD,ATL,CTM,"Chetumal, Mexico",MX,2026-10-13,2,https://www.aviasales.com/search/ATL1310CTM1?marker=741311
292,218,USD,JFK,FRA,"Frankfurt, Germany",DE,2026-10-13,1,https://www.aviasales.com/search/JFK1310FRA1?marker=741311
293,218,USD,MIA,SMR,"Santa Marta, Colombia",CO,2026-10-05,1,https://www.aviasales.com/search/MIA0510SMR1?marker=741311
294,218,USD,JFK,DUB,"Dublin, Ireland",IE,2026-10-11,1,https://www.aviasales.com/search/JFK1110DUB1?marker=741311
295,218,USD,ORD,BLV,"Belleville, United States",US,2026-09-25,1,https://www.aviasales.com/search/ORD2509BLV1?marker=741311
296,219,USD,ORD,TRC,"Torreon, Mexico",MX,2026-09-23,1,https://www.aviasales.com/search/ORD2309TRC1?marker=741311
297,220,USD,LAS,KOA,"Kailua-Kona, United States",US,2026-10-15,1,https://www.aviasales.com/search/LAS1510KOA1?marker=741311
298,220,USD,IAH,MOB,"Mobile, United States",US,2026-09-25,0,https://www.aviasales.com/search/IAH2509MOB1?marker=741311
299,220,USD,IAD,ROA,"Roanoke, United States",US,2026-09-24,0,https://www.aviasales.com/search/IAD2409ROA1?marker=741311
300,220,USD,DEN,ASE,"Aspen, United States",US,2026-09-24,0,https://www.aviasales.com/search/DEN2409ASE1?marker=741311
301,221,USD,ATL,MAD,"Madrid, Spain",ES,2026-10-18,1,https://www.aviasales.com/search/ATL1810MAD1?marker=741311
302,221,USD,JFK,UIO,"Quito, Ecuador",EC,2026-11-05,1,https://www.aviasales.com/search/JFK0511UIO1?marker=741311
303,221,USD,LAX,MNL,"Manila, Philippines",PH,2027-03-04,1,https://www.aviasales.com/search/LAX0403MNL1?marker=741311
304,222,USD,JFK,BUH,"Bucharest, Romania",RO,2026-10-19,1,https://www.aviasales.com/search/JFK1910BUH1?marker=741311
305,223,USD,DFW,CUU,"Chihuahua, Mexico",MX,2026-09-24,2,https://www.aviasales.com/search/DFW2409CUU1?marker=741311
306,223,USD,PDX,RDM,"Redmond, United States",US,2026-09-29,0,https://www.aviasales.com/search/PDX2909RDM1?marker=741311
307,224,USD,JFK,NCE,"Nice, France",FR,2026-10-18,1,https://www.aviasales.com/search/JFK1810NCE1?marker=741311
308,224,USD,JFK,FLR,"Florence, Italy",IT,2026-10-18,2,https://www.aviasales.com/search/JFK1810FLR1?marker=741311
309,225,USD,IAD,CAE,"Columbia, United States",US,2026-09-27,0,https://www.aviasales.com/search/IAD2709CAE1?marker=741311
310,225,USD,JFK,BCN,"Barcelona, Spain",ES,2026-10-19,1,https://www.aviasales.com/search/JFK1910BCN1?marker=741311
311,225,USD,PDX,YQB,"Quebec, Canada",CA,2026-09-27,2,https://www.aviasales.com/search/PDX2709YQB1?marker=741311
312,225,USD,ORD,MAN,"Manchester, United Kingdom",GB,2026-11-04,1,https://www.aviasales.com/search/ORD0411MAN1?marker=741311
313,225,USD,ORD,GRB,"Green Bay, United States",US,2026-09-27,0,https://www.aviasales.com/search/ORD2709GRB1?marker=741311
314,225,USD,DEN,COD,"Cody, United States",US,2026-09-27,0,https://www.aviasales.com/search/DEN2709COD1?marker=741311
315,225,USD,DEN,GJT,"Grand Junction, United States",US,2026-09-27,0,https://www.aviasales.com/search/DEN2709GJT1?marker=741311
316,227,USD,SLC,AGS,"Augusta, United States",US,2026-10-16,1,https://www.aviasales.com/search/SLC1610AGS1?marker=741311
317,227,USD,RDU,EWN,"New Bern, United States",US,2026-09-24,1,https://www.aviasales.com/search/RDU2409EWN1?marker=741311
318,228,USD,ORD,MFE,"McAllen, United States",US,2026-12-17,1,https://www.aviasales.com/search/ORD1712MFE1?marker=741311
319,232,USD,MIA,BUE,"Buenos Aires, Argentina",AR,2026-11-27,1,https://www.aviasales.com/search/MIA2711BUE1?marker=741311
320,232,USD,DEN,MHT,"Manchester, United States",US,2026-11-13,1,https://www.aviasales.com/search/DEN1311MHT1?marker=741311
321,232,USD,JFK,TIA,"Tirana, Albania",AL,2026-10-15,1,https://www.aviasales.com/search/JFK1510TIA1?marker=741311
322,233,USD,MIA,BER,"Berlin, Germany",DE,2027-01-06,1,https://www.aviasales.com/search/MIA0601BER1?marker=741311
323,233,USD,JFK,MUC,"Munich, Germany",DE,2026-10-14,1,https://www.aviasales.com/search/JFK1410MUC1?marker=741311
324,233,USD,PHL,BGR,"Bangor, United States",US,2026-09-26,1,https://www.aviasales.com/search/PHL2609BGR1?marker=741311
325,233,USD,LAX,TGZ,"Tuxtla Gutierrez, Mexico",MX,2026-09-28,2,https://www.aviasales.com/search/LAX2809TGZ1?marker=741311
326,233,USD,LAX,SPK,"Sapporo, Japan",JP,2027-02-16,1,https://www.aviasales.com/search/LAX1602SPK1?marker=741311
327,234,USD,SFO,SGN,"Ho Chi Minh City, Vietnam",VN,2026-10-12,2,https://www.aviasales.com/search/SFO1210SGN1?marker=741311
328,234,USD,MCO,PKB,"Parkersburg, United States",US,2026-09-24,1,https://www.aviasales.com/search/MCO2409PKB1?marker=741311
329,234,USD,LAX,GUP,"Gallup, United States",US,2026-09-27,1,https://www.aviasales.com/search/LAX2709GUP1?marker=741311
330,235,USD,JFK,ZRH,"Zurich, Switzerland",CH,2026-10-11,1,https://www.aviasales.com/search/JFK1110ZRH1?marker=741311
331,235,USD,JFK,SCV,"Suceava, Romania",RO,2026-09-28,2,https://www.aviasales.com/search/JFK2809SCV1?marker=741311
332,235,USD,MCO,LYH,"Lynchburg, United States",US,2026-10-01,1,https://www.aviasales.com/search/MCO0110LYH1?marker=741311
333,236,USD,SFO,HAN,"Hanoi, Vietnam",VN,2026-10-01,1,https://www.aviasales.com/search/SFO0110HAN1?marker=741311
334,236,USD,JFK,LAN,"Lansing, United States",US,2027-01-25,1,https://www.aviasales.com/search/JFK2501LAN1?marker=741311
335,236,USD,SAN,LTO,"Loreto, Mexico",MX,2026-10-31,2,https://www.aviasales.com/search/SAN3110LTO1?marker=741311
336,237,USD,PHL,LBB,"Lubbock, United States",US,2026-12-24,1,https://www.aviasales.com/search/PHL2412LBB1?marker=741311
337,238,USD,ORD,ECP,"Panama City, United States",US,2026-09-30,1,https://www.aviasales.com/search/ORD3009ECP1?marker=741311
338,238,USD,JFK,SAO,"Sao Paulo, Brazil",BR,2026-12-04,2,https://www.aviasales.com/search/JFK0412SAO1?marker=741311
339,238,USD,ORD,ALO,"Waterloo, United States",US,2026-09-27,0,https://www.aviasales.com/search/ORD2709ALO1?marker=741311
340,238,USD,BOS,FDF,"Fort-de-France, Martinique",MQ,2026-10-03,1,https://www.aviasales.com/search/BOS0310FDF1?marker=741311
341,238,USD,JFK,TAB,"Tobago, Trinidad and Tobago",TT,2026-11-05,0,https://www.aviasales.com/search/JFK0511TAB1?marker=741311
342,239,USD,SFO,DPS,"Denpasar (Bali), Indonesia",ID,2026-11-11,1,https://www.aviasales.com/search/SFO1111DPS1?marker=741311
343,239,USD,JFK,TLS,"Toulouse, France",FR,2026-10-18,1,https://www.aviasales.com/search/JFK1810TLS1?marker=741311
344,239,USD,JFK,JTR,"Thira, Greece",GR,2026-10-04,1,https://www.aviasales.com/search/JFK0410JTR1?marker=741311
345,240,USD,PHX,BJS,"Beijing, China",CN,2026-09-30,1,https://www.aviasales.com/search/PHX3009BJS1?marker=741311
346,240,USD,JFK,AZO,"Kalamazoo, United States",US,2026-10-08,2,https://www.aviasales.com/search/JFK0810AZO1?marker=741311
347,240,USD,JFK,BUD,"Budapest, Hungary",HU,2026-10-11,1,https://www.aviasales.com/search/JFK1110BUD1?marker=741311
348,240,USD,DEN,TEX,"Telluride, United States",US,2026-09-26,0,https://www.aviasales.com/search/DEN2609TEX1?marker=741311
349,240,USD,LAX,SGU,"Saint George, United States",US,2026-09-24,0,https://www.aviasales.com/search/LAX2409SGU1?marker=741311
350,241,USD,JFK,IST,"Istanbul, Turkiye",TR,2026-10-11,1,https://www.aviasales.com/search/JFK1110IST1?marker=741311
351,241,USD,JFK,SKG,"Thessaloniki, Greece",GR,2026-10-15,1,https://www.aviasales.com/search/JFK1510SKG1?marker=741311
352,241,USD,JFK,BAQ,"Barranquilla, Colombia",CO,2026-09-30,1,https://www.aviasales.com/search/JFK3009BAQ1?marker=741311
353,241,USD,CLT,DUJ,"Du Bois, United States",US,2026-09-25,1,https://www.aviasales.com/search/CLT2509DUJ1?marker=741311
354,242,USD,IAH,BRO,"Brownsville, United States",US,2026-09-27,1,https://www.aviasales.com/search/IAH2709BRO1?marker=741311
355,243,USD,JFK,AYT,"Antalya, Turkiye",TR,2026-10-11,1,https://www.aviasales.com/search/JFK1110AYT1?marker=741311
356,243,USD,JFK,PRG,"Prague, Czech Republic",CZ,2026-10-15,1,https://www.aviasales.com/search/JFK1510PRG1?marker=741311
357,243,USD,JFK,GVA,"Geneva, Switzerland",CH,2027-02-09,1,https://www.aviasales.com/search/JFK0902GVA1?marker=741311
358,243,USD,JFK,RMO,"Chisinau, Moldova",MD,2026-10-19,1,https://www.aviasales.com/search/JFK1910RMO1?marker=741311
359,243,USD,MIA,CZM,"Cozumel, Mexico",MX,2026-11-07,1,https://www.aviasales.com/search/MIA0711CZM1?marker=741311
360,243,USD,JFK,TRN,"Turin, Italy",IT,2026-09-29,1,https://www.aviasales.com/search/JFK2909TRN1?marker=741311
361,246,USD,BNA,BTV,"Burlington, United States",US,2026-11-01,2,https://www.aviasales.com/search/BNA0111BTV1?marker=741311
362,248,USD,JFK,PMO,"Palermo, Italy",IT,2026-09-27,1,https://www.aviasales.com/search/JFK2709PMO1?marker=741311
363,248,USD,JFK,MVY,"Martha's Vineyard, United States",US,2026-09-30,0,https://www.aviasales.com/search/JFK3009MVY1?marker=741311
364,249,USD,ORD,SHD,"Staunton, United States",US,2026-09-25,0,https://www.aviasales.com/search/ORD2509SHD1?marker=741311
365,250,USD,DCA,AVP,"Wilkes-Barre, United States",US,2026-09-30,1,https://www.aviasales.com/search/DCA3009AVP1?marker=741311
366,250,USD,TPA,MLI,"Moline, United States",US,2026-10-01,2,https://www.aviasales.com/search/TPA0110MLI1?marker=741311
367,252,USD,MIA,GGT,"George Town, Bahamas",BS,2026-09-25,1,https://www.aviasales.com/search/MIA2509GGT1?marker=741311
368,253,USD,JFK,BRU,"Brussels, Belgium",BE,2026-10-15,2,https://www.aviasales.com/search/JFK1510BRU1?marker=741311
369,253,USD,ORD,OLF,"Wolf Point, United States",US,2026-09-27,2,https://www.aviasales.com/search/ORD2709OLF1?marker=741311
370,254,USD,JFK,AUG,"Augusta, United States",US,2026-10-07,1,https://www.aviasales.com/search/JFK0710AUG1?marker=741311
371,255,USD,ORD,DAY,"Dayton, United States",US,2026-09-29,0,https://www.aviasales.com/search/ORD2909DAY1?marker=741311
372,255,USD,JFK,ZAG,"Zagreb, Croatia",HR,2026-09-29,1,https://www.aviasales.com/search/JFK2909ZAG1?marker=741311
373,256,USD,LAX,MGA,"Managua, Nicaragua",NI,2026-12-02,1,https://www.aviasales.com/search/LAX0212MGA1?marker=741311
374,256,USD,LAX,LIS,"Lisbon, Portugal",PT,2026-10-24,1,https://www.aviasales.com/search/LAX2410LIS1?marker=741311
375,257,USD,JFK,SPU,"Split, Croatia",HR,2026-10-19,2,https://www.aviasales.com/search/JFK1910SPU1?marker=741311
376,257,USD,FLL,PBG,"Plattsburgh, United States",US,2026-09-30,2,https://www.aviasales.com/search/FLL3009PBG1?marker=741311
377,258,USD,MIA,GYN,"Goiania, Brazil",BR,2026-11-13,2,https://www.aviasales.com/search/MIA1311GYN1?marker=741311
378,258,USD,PDX,YXC,"Cranbrook, Canada",CA,2026-09-24,2,https://www.aviasales.com/search/PDX2409YXC1?marker=741311
379,258,USD,MCO,DAV,"David, Panama",PA,2026-09-24,2,https://www.aviasales.com/search/MCO2409DAV1?marker=741311
380,259,USD,JFK,AMS,"Amsterdam, Netherlands",NL,2026-12-29,1,https://www.aviasales.com/search/JFK2912AMS1?marker=741311
381,259,USD,JFK,BHZ,"Belo Horizonte, Brazil",BR,2026-11-24,1,https://www.aviasales.com/search/JFK2411BHZ1?marker=741311
382,261,USD,SEA,GDN,"Gdansk, Poland",PL,2026-12-04,1,https://www.aviasales.com/search/SEA0412GDN1?marker=741311
383,261,USD,JFK,TNG,"Tangier, Morocco",MA,2026-10-05,2,https://www.aviasales.com/search/JFK0510TNG1?marker=741311
384,262,USD,SEA,SEL,"Seoul, South Korea",KR,2026-10-01,0,https://www.aviasales.com/search/SEA0110SEL1?marker=741311
385,262,USD,SEA,SUN,"Sun Valley, United States",US,2026-09-24,0,https://www.aviasales.com/search/SEA2409SUN1?marker=741311
386,263,USD,ORD,PTP,"Pointe-a-pitre, Guadeloupe",GP,2026-12-14,1,https://www.aviasales.com/search/ORD1412PTP1?marker=741311
387,263,USD,MCO,FNT,"Flint, United States",US,2026-09-24,2,https://www.aviasales.com/search/MCO2409FNT1?marker=741311
388,264,USD,ORD,MOT,"Minot, United States",US,2026-09-30,1,https://www.aviasales.com/search/ORD3009MOT1?marker=741311
389,264,USD,JFK,BLQ,"Bologna, Italy",IT,2026-10-13,2,https://www.aviasales.com/search/JFK1310BLQ1?marker=741311
390,265,USD,BOS,VNO,"Vilnius, Lithuania",LT,2026-11-08,2,https://www.aviasales.com/search/BOS0811VNO1?marker=741311
391,265,USD,MIA,CWB,"Curitiba, Brazil",BR,2027-01-06,2,https://www.aviasales.com/search/MIA0601CWB1?marker=741311
392,266,USD,JFK,LCA,"Larnaca, Cyprus",CY,2026-10-06,1,https://www.aviasales.com/search/JFK0610LCA1?marker=741311
393,267,USD,JFK,OLB,"Olbia, Italy",IT,2026-09-25,1,https://www.aviasales.com/search/JFK2509OLB1?marker=741311
394,267,USD,FLL,ELH,"North Eleuthera, Bahamas",BS,2026-10-22,1,https://www.aviasales.com/search/FLL2210ELH1?marker=741311
395,268,USD,JFK,ACK,"Nantucket, United States",US,2026-10-14,1,https://www.aviasales.com/search/JFK1410ACK1?marker=741311
396,268,USD,PHX,VCT,"Victoria, United States",US,2026-09-30,1,https://www.aviasales.com/search/PHX3009VCT1?marker=741311
397,269,USD,ORD,MBS,"Saginaw, United States",US,2026-09-26,0,https://www.aviasales.com/search/ORD2609MBS1?marker=741311
398,270,USD,ORD,SOF,"Sofia, Bulgaria",BG,2026-12-27,1,https://www.aviasales.com/search/ORD2712SOF1?marker=741311
399,270,USD,JFK,SNU,"Santa Clara, Cuba",CU,2026-10-15,2,https://www.aviasales.com/search/JFK1510SNU1?marker=741311
400,271,USD,BOS,RIX,"Riga, Latvia",LV,2026-12-06,2,https://www.aviasales.com/search/BOS0612RIX1?marker=741311
401,272,USD,MIA,RIO,"Rio de Janeiro, Brazil",BR,2026-11-16,1,https://www.aviasales.com/search/MIA1611RIO1?marker=741311
402,272,USD,MSP,BMI,"Bloomington, United States",US,2027-03-09,1,https://www.aviasales.com/search/MSP0903BMI1?marker=741311
403,272,USD,JFK,BHX,"Birmingham, United Kingdom",GB,2026-09-24,1,https://www.aviasales.com/search/JFK2409BHX1?marker=741311
404,272,USD,ORD,LNK,"Lincoln, United States",US,2026-09-27,0,https://www.aviasales.com/search/ORD2709LNK1?marker=741311
405,273,USD,MCO,REK,"Reykjavik, Iceland",IS,2027-01-20,1,https://www.aviasales.com/search/MCO2001REK1?marker=741311
406,274,USD,IAD,DBV,"Dubrovnik, Croatia",HR,2026-10-18,3,https://www.aviasales.com/search/IAD1810DBV1?marker=741311
407,274,USD,JFK,MLA,"Malta, Malta",MT,2026-09-30,1,https://www.aviasales.com/search/JFK3009MLA1?marker=741311
408,274,USD,MCO,PGD,"Punta Gorda, United States",US,2026-09-24,2,https://www.aviasales.com/search/MCO2409PGD1?marker=741311
409,275,USD,DFW,AGU,"Aguascalientes, Mexico",MX,2026-09-25,1,https://www.aviasales.com/search/DFW2509AGU1?marker=741311
410,275,USD,BOS,EDI,"Edinburgh, United Kingdom",GB,2026-10-11,1,https://www.aviasales.com/search/BOS1110EDI1?marker=741311
411,275,USD,SFO,SIN,"Singapore, Singapore",SG,2026-11-27,0,https://www.aviasales.com/search/SFO2711SIN1?marker=741311
412,276,USD,RDU,BKK,"Bangkok, Thailand",TH,2026-09-21,2,https://www.aviasales.com/search/RDU2109BKK1?marker=741311
413,276,USD,JFK,HRG,"Hurghada, Egypt",EG,2026-10-05,1,https://www.aviasales.com/search/JFK0510HRG1?marker=741311
414,276,USD,JFK,VCE,"Venice, Italy",IT,2026-09-28,1,https://www.aviasales.com/search/JFK2809VCE1?marker=741311
415,276,USD,ORD,PAH,"Paducah, United States",US,2026-09-27,0,https://www.aviasales.com/search/ORD2709PAH1?marker=741311
416,277,USD,IAD,FAY,"Fayetteville, United States",US,2026-10-01,1,https://www.aviasales.com/search/IAD0110FAY1?marker=741311
417,277,USD,JFK,BAK,"Baku, Azerbaijan",AZ,2026-10-15,2,https://www.aviasales.com/search/JFK1510BAK1?marker=741311
418,277,USD,SFO,HKG,"Hong Kong, Hong Kong",HK,2026-11-15,1,https://www.aviasales.com/search/SFO1511HKG1?marker=741311
419,277,USD,JFK,TGD,"Podgorica, Montenegro",ME,2026-10-13,3,https://www.aviasales.com/search/JFK1310TGD1?marker=741311
420,278,USD,DFW,CRP,"Corpus Christi, United States",US,2026-09-29,0,https://www.aviasales.com/search/DFW2909CRP1?marker=741311
421,278,USD,IAD,POA,"Porto Alegre, Brazil",BR,2026-09-26,2,https://www.aviasales.com/search/IAD2609POA1?marker=741311
422,278,USD,JFK,OSL,"Oslo, Norway",NO,2026-10-24,1,https://www.aviasales.com/search/JFK2410OSL1?marker=741311
423,279,USD,JFK,DXB,"Dubai, United Arab Emirates",AE,2026-09-30,1,https://www.aviasales.com/search/JFK3009DXB1?marker=741311
424,279,USD,TPA,TOL,"Toledo, United States",US,2026-09-30,2,https://www.aviasales.com/search/TPA3009TOL1?marker=741311
425,280,USD,JFK,CGN,"Cologne, Germany",DE,2026-10-14,2,https://www.aviasales.com/search/JFK1410CGN1?marker=741311
426,280,USD,JFK,BTS,"Bratislava, Slovakia",SK,2026-10-20,2,https://www.aviasales.com/search/JFK2010BTS1?marker=741311
427,280,USD,SLC,HLN,"Helena, United States",US,2026-09-21,1,https://www.aviasales.com/search/SLC2109HLN1?marker=741311
428,281,USD,MIA,IGA,"Inagua, Bahamas",BS,2027-01-03,1,https://www.aviasales.com/search/MIA0301IGA1?marker=741311
429,282,USD,JFK,TBS,"Tbilisi, Georgia",GE,2026-10-13,1,https://www.aviasales.com/search/JFK1310TBS1?marker=741311
430,282,USD,DFW,PQM,"Palenque, Mexico",MX,2026-09-27,2,https://www.aviasales.com/search/DFW2709PQM1?marker=741311
431,283,USD,JFK,KRK,"Krakow, Poland",PL,2026-10-16,1,https://www.aviasales.com/search/JFK1610KRK1?marker=741311
432,283,USD,SFO,TYO,"Tokyo, Japan",JP,2026-10-19,1,https://www.aviasales.com/search/SFO1910TYO1?marker=741311
433,283,USD,IAD,GOT,"Gothenburg, Sweden",SE,2026-10-05,3,https://www.aviasales.com/search/IAD0510GOT1?marker=741311
434,283,USD,BNA,YQT,"Thunder Bay, Canada",CA,2026-09-23,1,https://www.aviasales.com/search/BNA2309YQT1?marker=741311
435,283,USD,FLL,CAP,"Cap Haitien, Haiti",HT,2026-12-19,0,https://www.aviasales.com/search/FLL1912CAP1?marker=741311
436,284,USD,DFW,JED,"Jeddah, Saudi Arabia",SA,2027-02-28,2,https://www.aviasales.com/search/DFW2802JED1?marker=741311
437,284,USD,IAD,STO,"Stockholm, Sweden",SE,2026-10-04,3,https://www.aviasales.com/search/IAD0410STO1?marker=741311
438,284,USD,JFK,OGS,"Ogdensburg, United States",US,2026-09-28,2,https://www.aviasales.com/search/JFK2809OGS1?marker=741311
439,286,USD,JFK,SSH,"Sharm el Sheikh, Egypt",EG,2026-10-04,1,https://www.aviasales.com/search/JFK0410SSH1?marker=741311
440,286,USD,MIA,XPL,"Comayagua, Honduras",HN,2026-09-23,3,https://www.aviasales.com/search/MIA2309XPL1?marker=741311
441,286,USD,JFK,TLL,"Tallinn, Estonia",EE,2026-10-03,2,https://www.aviasales.com/search/JFK0310TLL1?marker=741311
442,286,USD,PHL,ERI,"Erie, United States",US,2026-09-30,1,https://www.aviasales.com/search/PHL3009ERI1?marker=741311
443,287,USD,PDX,CMN,"Casablanca, Morocco",MA,2026-12-06,3,https://www.aviasales.com/search/PDX0612CMN1?marker=741311
444,293,USD,SFO,BZE,"Belize City, Belize",BZ,2027-01-02,1,https://www.aviasales.com/search/SFO0201BZE1?marker=741311
445,294,USD,DFW,COU,"Columbia, United States",US,2026-09-27,2,https://www.aviasales.com/search/DFW2709COU1?marker=741311
446,294,USD,JFK,ALG,"Algiers, Algeria",DZ,2026-10-05,2,https://www.aviasales.com/search/JFK0510ALG1?marker=741311
447,296,USD,LAX,BIO,"Bilbao, Spain",ES,2026-10-17,2,https://www.aviasales.com/search/LAX1710BIO1?marker=741311
448,296,USD,JFK,VIE,"Vienna, Austria",AT,2026-09-28,2,https://www.aviasales.com/search/JFK2809VIE1?marker=741311
449,296,USD,MIA,MVD,"Montevideo, Uruguay",UY,2027-01-12,1,https://www.aviasales.com/search/MIA1201MVD1?marker=741311
450,297,USD,JFK,DEL,"New Delhi, India",IN,2026-10-09,1,https://www.aviasales.com/search/JFK0910DEL1?marker=741311
451,297,USD,LAX,DAC,"Dhaka, Bangladesh",BD,2026-12-05,2,https://www.aviasales.com/search/LAX0512DAC1?marker=741311
452,298,USD,JFK,FNC,"Funchal, Portugal",PT,2026-09-24,1,https://www.aviasales.com/search/JFK2409FNC1?marker=741311
453,299,USD,JFK,IZM,"Izmir, Turkiye",TR,2026-09-25,1,https://www.aviasales.com/search/JFK2509IZM1?marker=741311
454,300,USD,ORD,LPL,"Liverpool, United Kingdom",GB,2026-10-10,2,https://www.aviasales.com/search/ORD1010LPL1?marker=741311
455,301,USD,MCO,DUS,"Dusseldorf, Germany",DE,2027-01-12,2,https://www.aviasales.com/search/MCO1201DUS1?marker=741311
456,301,USD,JFK,BOM,"Mumbai, India",IN,2026-11-03,1,https://www.aviasales.com/search/JFK0311BOM1?marker=741311
457,302,USD,IAD,HAM,"Hamburg, Germany",DE,2026-10-31,2,https://www.aviasales.com/search/IAD3110HAM1?marker=741311
458,303,USD,JFK,TUN,"Tunis, Tunisia",TN,2026-10-12,2,https://www.aviasales.com/search/JFK1210TUN1?marker=741311
459,303,USD,LAX,HGH,"Hangzhou, China",CN,2026-09-22,1,https://www.aviasales.com/search/LAX2209HGH1?marker=741311
460,304,USD,MSP,GFK,"Grand Forks, United States",US,2026-09-30,2,https://www.aviasales.com/search/MSP3009GFK1?marker=741311
461,305,USD,ATL,HHH,"Hilton Head, United States",US,2026-09-24,2,https://www.aviasales.com/search/ATL2409HHH1?marker=741311
462,305,USD,LAS,CKG,"Chongqing, China",CN,2026-09-21,2,https://www.aviasales.com/search/LAS2109CKG1?marker=741311
463,305,USD,JFK,TIV,"Tivat, Montenegro",ME,2026-09-26,1,https://www.aviasales.com/search/JFK2609TIV1?marker=741311
464,307,USD,PHL,HTS,"Huntington, United States",US,2026-09-30,1,https://www.aviasales.com/search/PHL3009HTS1?marker=741311
465,308,USD,JFK,CHO,"Charlottesville, United States",US,2026-09-26,1,https://www.aviasales.com/search/JFK2609CHO1?marker=741311
466,310,USD,JFK,MSS,"Massena, United States",US,2026-09-24,1,https://www.aviasales.com/search/JFK2409MSS1?marker=741311
467,311,USD,BOS,HOR,"Horta, Portugal",PT,2027-01-15,2,https://www.aviasales.com/search/BOS1501HOR1?marker=741311
468,315,USD,MSP,CRK,"City of Angeles, Philippines",PH,2026-10-28,2,https://www.aviasales.com/search/MSP2810CRK1?marker=741311
469,315,USD,BOS,HEL,"Helsinki, Finland",FI,2026-10-03,2,https://www.aviasales.com/search/BOS0310HEL1?marker=741311
470,318,USD,SLC,VEL,"Vernal, United States",US,2026-09-25,1,https://www.aviasales.com/search/SLC2509VEL1?marker=741311
471,318,USD,JFK,SKB,"Basseterre, Saint Kitts and Nevis",KN,2026-09-29,1,https://www.aviasales.com/search/JFK2909SKB1?marker=741311
472,319,USD,AUS,ADZ,"San Andres Island, Colombia",CO,2026-10-14,2,https://www.aviasales.com/search/AUS1410ADZ1?marker=741311
473,321,USD,PHL,MSL,"Muscle Shoals, United States",US,2026-09-30,1,https://www.aviasales.com/search/PHL3009MSL1?marker=741311
474,322,USD,JFK,ANU,"Saint John's, Antigua and Barbuda",AG,2026-09-30,1,https://www.aviasales.com/search/JFK3009ANU1?marker=741311
475,323,USD,BOS,RTB,"Roatan, Honduras",HN,2027-01-30,1,https://www.aviasales.com/search/BOS3001RTB1?marker=741311
476,324,USD,MCO,ILE,"Killeen, United States",US,2026-10-23,2,https://www.aviasales.com/search/MCO2310ILE1?marker=741311
477,324,USD,JFK,RUH,"Riyadh, Saudi Arabia",SA,2026-09-30,1,https://www.aviasales.com/search/JFK3009RUH1?marker=741311
478,325,USD,PHX,GCN,"Grand Canyon, United States",US,2026-09-30,0,https://www.aviasales.com/search/PHX3009GCN1?marker=741311
479,326,USD,ATL,GNV,"Gainesville, United States",US,2026-09-29,1,https://www.aviasales.com/search/ATL2909GNV1?marker=741311
480,326,USD,ORD,YZF,"Yellowknife, Canada",CA,2026-09-27,1,https://www.aviasales.com/search/ORD2709YZF1?marker=741311
481,326,USD,MSP,MBL,"Manistee, United States",US,2026-09-30,2,https://www.aviasales.com/search/MSP3009MBL1?marker=741311
482,327,USD,PHX,OGD,"Ogden, United States",US,2026-09-30,2,https://www.aviasales.com/search/PHX3009OGD1?marker=741311
483,328,USD,SEA,CFU,"Kerkyra, Greece",GR,2026-09-28,2,https://www.aviasales.com/search/SEA2809CFU1?marker=741311
484,329,USD,PHL,AOO,"Altoona, United States",US,2026-09-24,1,https://www.aviasales.com/search/PHL2409AOO1?marker=741311
485,329,USD,JFK,VLC,"Valencia, Spain",ES,2026-10-16,3,https://www.aviasales.com/search/JFK1610VLC1?marker=741311
486,329,USD,RDU,STX,"Saint Croix, U.S. Virgin Islands",VI,2026-12-29,1,https://www.aviasales.com/search/RDU2912STX1?marker=741311
487,329,USD,JFK,PDL,"Ponta Delgada, Portugal",PT,2026-10-23,1,https://www.aviasales.com/search/JFK2310PDL1?marker=741311
488,330,USD,ATL,LWB,"Lewisburg, United States",US,2026-09-27,2,https://www.aviasales.com/search/ATL2709LWB1?marker=741311
489,330,USD,JFK,LUX,"Luxembourg, Luxembourg",LU,2026-11-12,2,https://www.aviasales.com/search/JFK1211LUX1?marker=741311
490,331,USD,JFK,PMF,"Parma, Italy",IT,2026-10-17,1,https://www.aviasales.com/search/JFK1710PMF1?marker=741311
491,331,USD,JFK,AEX,"Alexandria, United States",US,2026-12-16,1,https://www.aviasales.com/search/JFK1612AEX1?marker=741311
492,331,USD,LAX,BPT,"Beaumont, United States",US,2026-09-28,1,https://www.aviasales.com/search/LAX2809BPT1?marker=741311
493,331,USD,PHX,SHE,"Shenyang, China",CN,2026-10-02,2,https://www.aviasales.com/search/PHX0210SHE1?marker=741311
494,331,USD,JFK,UBS,"Columbus, United States",US,2026-09-26,1,https://www.aviasales.com/search/JFK2609UBS1?marker=741311
495,331,USD,BOS,RAI,"Praia, Cape Verde",CV,2026-11-08,0,https://www.aviasales.com/search/BOS0811RAI1?marker=741311
496,331,USD,RDU,DLM,"Dalaman, Turkiye",TR,2026-10-13,2,https://www.aviasales.com/search/RDU1310DLM1?marker=741311
497,332,USD,DCA,SCL,"Santiago, Chile",CL,2026-10-19,3,https://www.aviasales.com/search/DCA1910SCL1?marker=741311
498,332,USD,IAD,AGP,"Malaga, Spain",ES,2027-01-12,3,https://www.aviasales.com/search/IAD1201AGP1?marker=741311
499,333,USD,SFO,PPT,"Papeete, French Polynesia",PF,2026-09-23,0,https://www.aviasales.com/search/SFO2309PPT1?marker=741311
500,335,USD,MIA,IQT,"Iquitos, Peru",PE,2026-10-20,2,https://www.aviasales.com/search/MIA2010IQT1?marker=741311
501,336,USD,JFK,SPI,"Springfield, United States",US,2026-09-25,3,https://www.aviasales.com/search/JFK2509SPI1?marker=741311
502,336,USD,JFK,FKB,"Karlsruhe, Germany",DE,2026-09-30,3,https://www.aviasales.com/search/JFK3009FKB1?marker=741311
503,339,USD,JFK,FAO,"Faro, Portugal",PT,2026-10-11,1,https://www.aviasales.com/search/JFK1110FAO1?marker=741311
504,339,USD,JFK,LYS,"Lyon, France",FR,2026-12-02,2,https://www.aviasales.com/search/JFK0212LYS1?marker=741311
505,339,USD,LAS,CVN,"Clovis, United States",US,2026-09-25,2,https://www.aviasales.com/search/LAS2509CVN1?marker=741311
506,340,USD,JFK,IAS,"Iasi, Romania",RO,2026-09-21,3,https://www.aviasales.com/search/JFK2109IAS1?marker=741311
507,341,USD,JFK,TCI,"Tenerife, Spain",ES,2026-11-11,2,https://www.aviasales.com/search/JFK1111TCI1?marker=741311
508,342,USD,JFK,REU,"Reus, Spain",ES,2026-09-27,1,https://www.aviasales.com/search/JFK2709REU1?marker=741311
509,344,USD,JFK,IBZ,"Ibiza, Spain",ES,2026-10-01,2,https://www.aviasales.com/search/JFK0110IBZ1?marker=741311
510,346,USD,ATL,XMN,"Xiamen, China",CN,2026-09-25,2,https://www.aviasales.com/search/ATL2509XMN1?marker=741311
511,346,USD,ORD,HKT,"Phuket, Thailand",TH,2026-09-23,1,https://www.aviasales.com/search/ORD2309HKT1?marker=741311
512,346,USD,IAD,SCE,"State College, United States",US,2026-09-25,0,https://www.aviasales.com/search/IAD2509SCE1?marker=741311
513,349,USD,MCO,ALA,"Almaty, Kazakhstan",KZ,2027-02-09,2,https://www.aviasales.com/search/MCO0902ALA1?marker=741311
514,349,USD,ORD,NBO,"Nairobi, Kenya",KE,2026-10-20,1,https://www.aviasales.com/search/ORD2010NBO1?marker=741311
515,349,USD,MIA,GDT,"Grand Turk, Turks and Caicos Islands",TC,2026-11-10,2,https://www.aviasales.com/search/MIA1011GDT1?marker=741311
516,349,USD,LAX,ORK,"Cork, Ireland",IE,2026-12-10,2,https://www.aviasales.com/search/LAX1012ORK1?marker=741311
517,349,USD,MCO,CKB,"Clarksburg, United States",US,2026-09-24,2,https://www.aviasales.com/search/MCO2409CKB1?marker=741311
518,350,USD,JFK,SVQ,"Sevilla, Spain",ES,2026-12-29,1,https://www.aviasales.com/search/JFK2912SVQ1?marker=741311
519,350,USD,DEN,MZT,"Mazatlan, Mexico",MX,2026-12-17,3,https://www.aviasales.com/search/DEN1712MZT1?marker=741311
520,351,USD,ATL,PHF,"Newport News, United States",US,2026-09-30,1,https://www.aviasales.com/search/ATL3009PHF1?marker=741311
521,351,USD,JFK,GZT,"Gaziantep, Turkiye",TR,2026-09-29,3,https://www.aviasales.com/search/JFK2909GZT1?marker=741311
522,352,USD,MIA,MDZ,"Mendoza, Argentina",AR,2026-10-02,1,https://www.aviasales.com/search/MIA0210MDZ1?marker=741311
523,354,USD,JFK,MRS,"Marseille, France",FR,2026-11-23,1,https://www.aviasales.com/search/JFK2311MRS1?marker=741311
524,354,USD,DEN,LNS,"Lancaster, United States",US,2026-09-24,2,https://www.aviasales.com/search/DEN2409LNS1?marker=741311
525,356,USD,LAX,BIH,"Bishop, United States",US,2026-09-25,1,https://www.aviasales.com/search/LAX2509BIH1?marker=741311
526,356,USD,LAX,WYS,"West Yellowstone, United States",US,2026-09-25,1,https://www.aviasales.com/search/LAX2509WYS1?marker=741311
527,356,USD,MCO,BSB,"Brasilia, Brazil",BR,2027-01-07,0,https://www.aviasales.com/search/MCO0701BSB1?marker=741311
528,356,USD,IAH,BFF,"Scottsbluff, United States",US,2026-09-24,2,https://www.aviasales.com/search/IAH2409BFF1?marker=741311
529,356,USD,MSP,SUX,"Sioux City, United States",US,2026-09-27,1,https://www.aviasales.com/search/MSP2709SUX1?marker=741311
530,357,USD,LAX,SHA,"Shanghai, China",CN,2026-11-06,1,https://www.aviasales.com/search/LAX0611SHA1?marker=741311
531,358,USD,BOS,CLJ,"Cluj-Napoca, Romania",RO,2026-10-02,3,https://www.aviasales.com/search/BOS0210CLJ1?marker=741311
532,359,USD,PHL,ITH,"Ithaca, United States",US,2026-09-30,1,https://www.aviasales.com/search/PHL3009ITH1?marker=741311
533,360,USD,JFK,SHJ,"Sharjah, United Arab Emirates",AE,2026-09-30,1,https://www.aviasales.com/search/JFK3009SHJ1?marker=741311
534,360,USD,JFK,CTA,"Catania, Italy",IT,2026-09-24,2,https://www.aviasales.com/search/JFK2409CTA1?marker=741311
535,361,USD,BOS,ITO,"Hilo, United States",US,2026-11-10,3,https://www.aviasales.com/search/BOS1011ITO1?marker=741311
536,361,USD,MIA,SCU,"Santiago, Cuba",CU,2027-03-15,0,https://www.aviasales.com/search/MIA1503SCU1?marker=741311
537,361,USD,JFK,KUL,"Kuala Lumpur, Malaysia",MY,2026-10-20,1,https://www.aviasales.com/search/JFK2010KUL1?marker=741311
538,361,USD,JFK,RZE,"Rzeszow, Poland",PL,2026-10-27,2,https://www.aviasales.com/search/JFK2710RZE1?marker=741311
539,363,USD,JFK,MEL,"Melbourne, Australia",AU,2026-11-25,1,https://www.aviasales.com/search/JFK2511MEL1?marker=741311
540,363,USD,SEA,YYF,"Penticton, Canada",CA,2026-09-26,2,https://www.aviasales.com/search/SEA2609YYF1?marker=741311
541,364,USD,JFK,BRE,"Bremen, Germany",DE,2026-09-24,1,https://www.aviasales.com/search/JFK2409BRE1?marker=741311
542,364,USD,MSP,GLA,"Glasgow, United Kingdom",GB,2026-10-31,2,https://www.aviasales.com/search/MSP3110GLA1?marker=741311
543,365,USD,PHX,ROW,"Roswell, United States",US,2026-09-25,1,https://www.aviasales.com/search/PHX2509ROW1?marker=741311
544,366,USD,DFW,GCK,"Garden City, United States",US,2026-09-25,0,https://www.aviasales.com/search/DFW2509GCK1?marker=741311
545,366,USD,JFK,MHK,"Manhattan, United States",US,2026-09-30,1,https://www.aviasales.com/search/JFK3009MHK1?marker=741311
546,367,USD,MIA,BLL,"Billund, Denmark",DK,2026-12-23,2,https://www.aviasales.com/search/MIA2312BLL1?marker=741311
547,367,USD,ORD,CVM,"Ciudad Victoria, Mexico",MX,2026-09-27,2,https://www.aviasales.com/search/ORD2709CVM1?marker=741311
548,368,USD,SEA,YXS,"Prince George, Canada",CA,2026-09-27,1,https://www.aviasales.com/search/SEA2709YXS1?marker=741311
549,369,USD,JFK,AUH,"Abu Dhabi, United Arab Emirates",AE,2026-10-17,3,https://www.aviasales.com/search/JFK1710AUH1?marker=741311
550,370,USD,DFW,GYE,"Guayaquil, Ecuador",EC,2026-09-22,3,https://www.aviasales.com/search/DFW2209GYE1?marker=741311
551,370,USD,MIA,PFO,"Paphos, Cyprus",CY,2026-10-27,1,https://www.aviasales.com/search/MIA2710PFO1?marker=741311
552,370,USD,IAH,ALW,"Walla Walla, United States",US,2026-09-24,1,https://www.aviasales.com/search/IAH2409ALW1?marker=741311
553,370,USD,AUS,BTM,"Butte, United States",US,2026-09-30,1,https://www.aviasales.com/search/AUS3009BTM1?marker=741311
554,371,USD,JFK,BSZ,"Bishkek, Kyrgyzstan",KG,2026-10-11,2,https://www.aviasales.com/search/JFK1110BSZ1?marker=741311
555,371,USD,LAX,PMI,"Palma, Spain",ES,2026-10-05,2,https://www.aviasales.com/search/LAX0510PMI1?marker=741311
556,372,USD,MIA,ASU,"Asuncion, Paraguay",PY,2026-11-04,2,https://www.aviasales.com/search/MIA0411ASU1?marker=741311
557,373,USD,MCO,MGM,"Montgomery, United States",US,2026-09-24,1,https://www.aviasales.com/search/MCO2409MGM1?marker=741311
558,373,USD,MSP,DIK,"Dickinson, United States",US,2026-09-24,1,https://www.aviasales.com/search/MSP2409DIK1?marker=741311
559,373,USD,SEA,VAR,"Varna, Bulgaria",BG,2026-10-07,2,https://www.aviasales.com/search/SEA0710VAR1?marker=741311
560,373,USD,SEA,HRO,"Harrison, United States",US,2026-09-26,2,https://www.aviasales.com/search/SEA2609HRO1?marker=741311
561,374,USD,LAX,CAN,"Guangzhou, China",CN,2026-10-25,1,https://www.aviasales.com/search/LAX2510CAN1?marker=741311
562,374,USD,JFK,GZP,"Alanya, Turkiye",TR,2026-10-05,3,https://www.aviasales.com/search/JFK0510GZP1?marker=741311
563,374,USD,AUS,CMW,"Camaguey, Cuba",CU,2026-12-20,2,https://www.aviasales.com/search/AUS2012CMW1?marker=741311
564,376,USD,MCO,HGR,"Hagerstown, United States",US,2026-09-24,3,https://www.aviasales.com/search/MCO2409HGR1?marker=741311
565,377,USD,MSP,YSJ,"Saint John, Canada",CA,2026-09-30,2,https://www.aviasales.com/search/MSP3009YSJ1?marker=741311
566,377,USD,SFO,TXK,"Texarkana, United States",US,2026-09-26,1,https://www.aviasales.com/search/SFO2609TXK1?marker=741311
567,377,USD,JFK,EAP,"Basel, Switzerland",CH,2026-10-27,2,https://www.aviasales.com/search/JFK2710EAP1?marker=741311
568,378,USD,ORD,DOH,"Doha, Qatar",QA,2026-09-24,1,https://www.aviasales.com/search/ORD2409DOH1?marker=741311
569,379,USD,ORD,TAS,"Tashkent, Uzbekistan",UZ,2026-10-07,1,https://www.aviasales.com/search/ORD0710TAS1?marker=741311
570,379,USD,DTW,YXU,"London, Canada",CA,2026-09-26,2,https://www.aviasales.com/search/DTW2609YXU1?marker=741311
571,380,USD,FLL,VIX,"Vitoria, Brazil",BR,2026-11-09,2,https://www.aviasales.com/search/FLL0911VIX1?marker=741311
572,381,USD,MSP,PDT,"Pendleton, United States",US,2026-09-30,2,https://www.aviasales.com/search/MSP3009PDT1?marker=741311
573,382,USD,SEA,VAN,"Van, Turkiye",TR,2026-10-27,3,https://www.aviasales.com/search/SEA2710VAN1?marker=741311
574,382,USD,SAN,MAM,"Matamoros, Mexico",MX,2026-09-26,3,https://www.aviasales.com/search/SAN2609MAM1?marker=741311
575,383,USD,BNA,MWA,"Marion, United States",US,2026-09-24,1,https://www.aviasales.com/search/BNA2409MWA1?marker=741311
576,383,USD,MCO,CNM,"Carlsbad, United States",US,2026-09-24,2,https://www.aviasales.com/search/MCO2409CNM1?marker=741311
577,384,USD,JFK,MRV,"Mineralnye Vody, Russia",RU,2026-10-17,2,https://www.aviasales.com/search/JFK1710MRV1?marker=741311
578,384,USD,JFK,ISB,"Islamabad, Pakistan",PK,2026-09-21,1,https://www.aviasales.com/search/JFK2109ISB1?marker=741311
579,384,USD,JFK,LHE,"Lahore, Pakistan",PK,2026-10-14,1,https://www.aviasales.com/search/JFK1410LHE1?marker=741311
580,386,USD,LAX,CTU,"Chengdu, China",CN,2026-11-10,1,https://www.aviasales.com/search/LAX1011CTU1?marker=741311
581,387,USD,JFK,BUS,"Batumi, Georgia",GE,2026-10-20,2,https://www.aviasales.com/search/JFK2010BUS1?marker=741311
582,388,USD,DFW,KTM,"Kathmandu, Nepal",NP,2027-02-16,1,https://www.aviasales.com/search/DFW1602KTM1?marker=741311
583,388,USD,ORD,LSE,"La Crosse, United States",US,2026-09-27,3,https://www.aviasales.com/search/ORD2709LSE1?marker=741311
584,388,USD,JFK,ANK,"Ankara, Turkiye",TR,2026-09-26,2,https://www.aviasales.com/search/JFK2609ANK1?marker=741311
585,389,USD,MIA,REC,"Recife, Brazil",BR,2026-10-12,2,https://www.aviasales.com/search/MIA1210REC1?marker=741311
586,389,USD,JFK,FLO,"Florence, United States",US,2026-09-26,1,https://www.aviasales.com/search/JFK2609FLO1?marker=741311
587,390,USD,ORD,GOA,"Genoa, Italy",IT,2026-10-04,3,https://www.aviasales.com/search/ORD0410GOA1?marker=741311
588,391,USD,DFW,DRO,"Durango, United States",US,2026-09-25,0,https://www.aviasales.com/search/DFW2509DRO1?marker=741311
589,391,USD,LAS,MKL,"Jackson, United States",US,2026-09-27,1,https://www.aviasales.com/search/LAS2709MKL1?marker=741311
590,392,USD,FLL,FLN,"Florianopolis, Brazil",BR,2026-09-24,1,https://www.aviasales.com/search/FLL2409FLN1?marker=741311
591,393,USD,SFO,AUW,"Wausau, United States",US,2026-10-10,1,https://www.aviasales.com/search/SFO1010AUW1?marker=741311
592,393,USD,JFK,LPA,"Las Palmas, Spain",ES,2026-09-23,1,https://www.aviasales.com/search/JFK2309LPA1?marker=741311
593,394,USD,AUS,SJT,"San Angelo, United States",US,2026-09-30,1,https://www.aviasales.com/search/AUS3009SJT1?marker=741311
594,394,USD,IAH,ACT,"Waco, United States",US,2026-09-30,1,https://www.aviasales.com/search/IAH3009ACT1?marker=741311
595,394,USD,LAX,REX,"Reynosa, Mexico",MX,2026-09-25,2,https://www.aviasales.com/search/LAX2509REX1?marker=741311
596,397,USD,IAD,SJJ,"Sarajevo, Bosnia and Herzegovina",BA,2026-10-15,1,https://www.aviasales.com/search/IAD1510SJJ1?marker=741311
597,399,USD,JFK,AER,"Adler/Sochi, Russia",RU,2026-10-18,2,https://www.aviasales.com/search/JFK1810AER1?marker=741311
598,399,USD,LAX,DAD,"Da Nang, Vietnam",VN,2026-11-03,1,https://www.aviasales.com/search/LAX0311DAD1?marker=741311
599,401,USD,DFW,YNT,"Yantai, China",CN,2026-10-21,2,https://www.aviasales.com/search/DFW2110YNT1?marker=741311
600,401,USD,MIA,COR,"Cordoba, Argentina",AR,2026-12-13,1,https://www.aviasales.com/search/MIA1312COR1?marker=741311
601,401,USD,ORD,CMI,"Champaign, United States",US,2026-09-26,0,https://www.aviasales.com/search/ORD2609CMI1?marker=741311
602,402,USD,MSP,CEC,"Crescent City, United States",US,2026-09-30,1,https://www.aviasales.com/search/MSP3009CEC1?marker=741311
603,405,USD,JFK,MED,"Medina, Saudi Arabia",SA,2026-10-01,1,https://www.aviasales.com/search/JFK0110MED1?marker=741311
604,405,USD,JFK,SBH,"Saint Barthelemy, Guadeloupe",GP,2026-09-27,2,https://www.aviasales.com/search/JFK2709SBH1?marker=741311
605,406,USD,IAH,AGA,"Agadir, Morocco",MA,2026-10-03,3,https://www.aviasales.com/search/IAH0310AGA1?marker=741311
606,407,USD,SEA,PPG,"Pago Pago, American Samoa",AS,2026-10-26,1,https://www.aviasales.com/search/SEA2610PPG1?marker=741311
607,408,USD,DTW,DVL,"Devils Lake, United States",US,2026-09-30,1,https://www.aviasales.com/search/DTW3009DVL1?marker=741311
608,409,USD,JFK,NQZ,"Astana, Kazakhstan",KZ,2026-10-15,2,https://www.aviasales.com/search/JFK1510NQZ1?marker=741311
609,409,USD,LAX,NAN,"Nadi, Fiji",FJ,2026-09-25,0,https://www.aviasales.com/search/LAX2509NAN1?marker=741311
610,410,USD,LAX,PBR,"Puerto Barrios, Guatemala",GT,2026-09-24,1,https://www.aviasales.com/search/LAX2409PBR1?marker=741311
611,410,USD,PDX,GRI,"Grand Island, United States",US,2026-09-29,1,https://www.aviasales.com/search/PDX2909GRI1?marker=741311
612,411,USD,SFO,OSA,"Osaka, Japan",JP,2026-10-26,1,https://www.aviasales.com/search/SFO2610OSA1?marker=741311
613,412,USD,JFK,QSR,"Salerno, Italy",IT,2026-12-28,2,https://www.aviasales.com/search/JFK2812QSR1?marker=741311
614,412,USD,JFK,PVC,"Provincetown, United States",US,2026-09-29,2,https://www.aviasales.com/search/JFK2909PVC1?marker=741311
615,412,USD,SEA,RKS,"Rock Springs, United States",US,2026-09-27,1,https://www.aviasales.com/search/SEA2709RKS1?marker=741311
616,412,USD,SEA,RIW,"Riverton, United States",US,2026-09-27,1,https://www.aviasales.com/search/SEA2709RIW1?marker=741311
617,413,USD,IAH,RHO,"Rhodes, Greece",GR,2026-10-23,2,https://www.aviasales.com/search/IAH2310RHO1?marker=741311
618,415,USD,LAX,CSX,"Changsha, China",CN,2027-01-27,1,https://www.aviasales.com/search/LAX2701CSX1?marker=741311
619,418,USD,JFK,CCS,"Caracas, Venezuela",VE,2026-10-27,3,https://www.aviasales.com/search/JFK2710CCS1?marker=741311
620,418,USD,AUS,TYR,"Tyler, United States",US,2026-09-24,1,https://www.aviasales.com/search/AUS2409TYR1?marker=741311
621,418,USD,MCO,MEI,"Meridian, United States",US,2026-09-26,1,https://www.aviasales.com/search/MCO2609MEI1?marker=741311
622,419,USD,DEN,TPE,"Taipei, Taiwan",TW,2026-12-01,1,https://www.aviasales.com/search/DEN0112TPE1?marker=741311
623,419,USD,PHX,SLN,"Salina, United States",US,2026-09-27,1,https://www.aviasales.com/search/PHX2709SLN1?marker=741311
624,420,USD,LAX,NHA,"Nha Trang, Vietnam",VN,2026-11-29,2,https://www.aviasales.com/search/LAX2911NHA1?marker=741311
625,420,USD,MIA,VRA,"Varadero, Cuba",CU,2026-09-28,0,https://www.aviasales.com/search/MIA2809VRA1?marker=741311
626,420,USD,PDX,CYS,"Cheyenne, United States",US,2026-09-26,1,https://www.aviasales.com/search/PDX2609CYS1?marker=741311
627,421,USD,JFK,PNH,"Phnom Penh, Cambodia",KH,2027-01-05,1,https://www.aviasales.com/search/JFK0501PNH1?marker=741311
628,421,USD,IAD,CMB,"Colombo, Sri Lanka",LK,2026-10-15,1,https://www.aviasales.com/search/IAD1510CMB1?marker=741311
629,421,USD,ORD,PIR,"Pierre, United States",US,2026-09-28,1,https://www.aviasales.com/search/ORD2809PIR1?marker=741311
630,421,USD,PHL,EAU,"Eau Claire, United States",US,2026-09-30,1,https://www.aviasales.com/search/PHL3009EAU1?marker=741311
631,428,USD,IAD,MOW,"Moscow, Russia",RU,2026-12-10,3,https://www.aviasales.com/search/IAD1012MOW1?marker=741311
632,428,USD,PHX,ABI,"Abilene, United States",US,2026-09-30,0,https://www.aviasales.com/search/PHX3009ABI1?marker=741311
633,428,USD,JFK,LWN,"Gyumri, Armenia",AM,2026-09-21,3,https://www.aviasales.com/search/JFK2109LWN1?marker=741311
634,429,USD,DFW,CLL,"College Station, United States",US,2026-09-29,0,https://www.aviasales.com/search/DFW2909CLL1?marker=741311
635,429,USD,LAX,HRB,"Harbin, China",CN,2026-09-22,1,https://www.aviasales.com/search/LAX2209HRB1?marker=741311
636,430,USD,SFO,FUK,"Fukuoka, Japan",JP,2026-09-24,1,https://www.aviasales.com/search/SFO2409FUK1?marker=741311
637,430,USD,SFO,SOU,"Southampton, United Kingdom",GB,2026-10-18,3,https://www.aviasales.com/search/SFO1810SOU1?marker=741311
638,430,USD,MSP,YQG,"Windsor, Canada",CA,2026-09-25,3,https://www.aviasales.com/search/MSP2509YQG1?marker=741311
639,430,USD,FLL,NOB,"Nosara Beach, Costa Rica",CR,2026-09-30,2,https://www.aviasales.com/search/FLL3009NOB1?marker=741311
640,431,USD,JFK,HYD,"Hyderabad, India",IN,2026-10-15,1,https://www.aviasales.com/search/JFK1510HYD1?marker=741311
641,431,USD,SFO,PEN,"Penang, Malaysia",MY,2026-11-28,1,https://www.aviasales.com/search/SFO2811PEN1?marker=741311
642,431,USD,PHL,SWO,"Stillwater, United States",US,2026-09-30,1,https://www.aviasales.com/search/PHL3009SWO1?marker=741311
643,432,USD,SLC,BGA,"Bucaramanga, Colombia",CO,2026-09-22,3,https://www.aviasales.com/search/SLC2209BGA1?marker=741311
644,433,USD,JFK,MLE,"Male, Maldives",MV,2026-10-17,3,https://www.aviasales.com/search/JFK1710MLE1?marker=741311
645,433,USD,JFK,ORN,"Oran, Algeria",DZ,2026-09-23,2,https://www.aviasales.com/search/JFK2309ORN1?marker=741311
646,434,USD,JFK,KZN,"Kazan, Russia",RU,2026-10-13,2,https://www.aviasales.com/search/JFK1310KZN1?marker=741311
647,434,USD,IAH,CND,"Constanta, Romania",RO,2026-09-23,3,https://www.aviasales.com/search/IAH2309CND1?marker=741311
648,434,USD,MCO,NVT,"Navegantes, Brazil",BR,2026-10-13,2,https://www.aviasales.com/search/MCO1310NVT1?marker=741311
649,435,USD,JFK,BGW,"Baghdad, Iraq",IQ,2026-10-01,2,https://www.aviasales.com/search/JFK0110BGW1?marker=741311
650,435,USD,JFK,OGL,"Georgetown, Guyana",GY,2026-10-28,1,https://www.aviasales.com/search/JFK2810OGL1?marker=741311
651,436,USD,SEA,RGN,"Yangon, Myanmar",MM,2026-11-03,2,https://www.aviasales.com/search/SEA0311RGN1?marker=741311
652,437,USD,ORD,MAA,"Chennai, India",IN,2026-10-15,1,https://www.aviasales.com/search/ORD1510MAA1?marker=741311
653,437,USD,LAX,SYX,"Sanya, China",CN,2026-09-22,1,https://www.aviasales.com/search/LAX2209SYX1?marker=741311
654,437,USD,SFO,KHN,"Nanchang, China",CN,2026-09-30,1,https://www.aviasales.com/search/SFO3009KHN1?marker=741311
655,437,USD,SEA,YPW,"Powell River, Canada",CA,2026-09-27,1,https://www.aviasales.com/search/SEA2709YPW1?marker=741311
656,437,USD,LAX,ILO,"Iloilo, Philippines",PH,2026-09-26,2,https://www.aviasales.com/search/LAX2609ILO1?marker=741311
657,437,USD,PHL,YYT,"St. John's, Canada",CA,2026-09-30,3,https://www.aviasales.com/search/PHL3009YYT1?marker=741311
658,439,USD,JFK,MCX,"Makhachkala, Russia",RU,2026-09-24,2,https://www.aviasales.com/search/JFK2409MCX1?marker=741311
659,441,USD,JFK,DKR,"Dakar, Senegal",SN,2026-09-30,1,https://www.aviasales.com/search/JFK3009DKR1?marker=741311
660,441,USD,SEA,STR,"Stuttgart, Germany",DE,2026-09-26,3,https://www.aviasales.com/search/SEA2609STR1?marker=741311
661,441,USD,ORD,SKP,"Skopje, North Macedonia",MK,2026-09-21,2,https://www.aviasales.com/search/ORD2109SKP1?marker=741311
662,441,USD,JFK,CGP,"Chittagong, Bangladesh",BD,2026-11-09,2,https://www.aviasales.com/search/JFK0911CGP1?marker=741311
663,441,USD,SFO,JKT,"Jakarta, Indonesia",ID,2026-09-28,1,https://www.aviasales.com/search/SFO2809JKT1?marker=741311
664,442,USD,LAX,AKL,"Auckland, New Zealand",NZ,2026-10-22,1,https://www.aviasales.com/search/LAX2210AKL1?marker=741311
665,443,USD,CLT,PGV,"Greenville, United States",US,2026-09-27,0,https://www.aviasales.com/search/CLT2709PGV1?marker=741311
666,445,USD,JFK,PEI,"Pereira, Colombia",CO,2026-09-30,3,https://www.aviasales.com/search/JFK3009PEI1?marker=741311
667,446,USD,MIA,ACE,"Arrecife, Spain",ES,2026-11-20,3,https://www.aviasales.com/search/MIA2011ACE1?marker=741311
668,446,USD,JFK,GGG,"Longview, United States",US,2026-10-15,2,https://www.aviasales.com/search/JFK1510GGG1?marker=741311
669,447,USD,MIA,GPS,"Galapagos Islands, Ecuador",EC,2026-11-11,2,https://www.aviasales.com/search/MIA1111GPS1?marker=741311
670,447,USD,SFO,MFM,"Macau, Macau",MO,2026-10-09,1,https://www.aviasales.com/search/SFO0910MFM1?marker=741311
671,448,USD,LAX,BLR,"Bengaluru, India",IN,2026-11-03,1,https://www.aviasales.com/search/LAX0311BLR1?marker=741311
672,449,USD,LAX,SZX,"Shenzhen, China",CN,2026-10-13,0,https://www.aviasales.com/search/LAX1310SZX1?marker=741311
673,449,USD,SEA,CEB,"Cebu City, Philippines",PH,2027-01-04,1,https://www.aviasales.com/search/SEA0401CEB1?marker=741311
674,449,USD,LAS,FSM,"Fort Smith, United States",US,2026-09-29,1,https://www.aviasales.com/search/LAS2909FSM1?marker=741311
675,451,USD,PHL,FON,"Fortuna, Costa Rica",CR,2026-09-30,3,https://www.aviasales.com/search/PHL3009FON1?marker=741311
676,451,USD,MSP,ATY,"Watertown, United States",US,2026-09-26,1,https://www.aviasales.com/search/MSP2609ATY1?marker=741311
677,452,USD,IAD,BFS,"Belfast, United Kingdom",GB,2026-09-22,3,https://www.aviasales.com/search/IAD2209BFS1?marker=741311
678,454,USD,LAX,UBN,"Ulaanbaatar, Mongolia",MN,2026-10-28,1,https://www.aviasales.com/search/LAX2810UBN1?marker=741311
679,455,USD,JFK,AMD,"Ahmedabad, India",IN,2027-01-19,2,https://www.aviasales.com/search/JFK1901AMD1?marker=741311
680,457,USD,LAX,PQC,"Phu Quoc, Vietnam",VN,2027-03-09,1,https://www.aviasales.com/search/LAX0903PQC1?marker=741311
681,457,USD,PHL,HOG,"Holguin, Cuba",CU,2026-10-12,2,https://www.aviasales.com/search/PHL1210HOG1?marker=741311
682,458,USD,LAX,BPN,"Balikpapan, Indonesia",ID,2026-11-27,2,https://www.aviasales.com/search/LAX2711BPN1?marker=741311
683,458,USD,SEA,YAZ,"Tofino, Canada",CA,2026-09-30,1,https://www.aviasales.com/search/SEA3009YAZ1?marker=741311
684,460,USD,BOS,LED,"Saint Petersburg, Russia",RU,2026-10-28,3,https://www.aviasales.com/search/BOS2810LED1?marker=741311
685,460,USD,IAD,OKA,"Okinawa, Japan",JP,2026-11-13,2,https://www.aviasales.com/search/IAD1311OKA1?marker=741311
686,460,USD,SEA,YBL,"Campbell River, Canada",CA,2026-09-26,2,https://www.aviasales.com/search/SEA2609YBL1?marker=741311
687,461,USD,JFK,BJV,"Bodrum, Turkiye",TR,2026-09-24,1,https://www.aviasales.com/search/JFK2409BJV1?marker=741311
688,461,USD,LAS,CRA,"Craiova, Romania",RO,2026-11-24,3,https://www.aviasales.com/search/LAS2411CRA1?marker=741311
689,463,USD,AUS,PLS,"Providenciales, Turks and Caicos Islands",TC,2026-10-08,2,https://www.aviasales.com/search/AUS0810PLS1?marker=741311
690,465,USD,JFK,SKD,"Samarkand, Uzbekistan",UZ,2026-10-13,2,https://www.aviasales.com/search/JFK1310SKD1?marker=741311
691,465,USD,SEA,KWI,"Kuwait City, Kuwait",KW,2026-09-29,2,https://www.aviasales.com/search/SEA2909KWI1?marker=741311
692,466,USD,JFK,KRR,"Krasnodar, Russia",RU,2026-10-05,2,https://www.aviasales.com/search/JFK0510KRR1?marker=741311
693,467,USD,JFK,ADD,"Addis Ababa, Ethiopia",ET,2026-10-15,3,https://www.aviasales.com/search/JFK1510ADD1?marker=741311
694,468,USD,JFK,LOS,"Lagos, Nigeria",NG,2026-09-29,1,https://www.aviasales.com/search/JFK2909LOS1?marker=741311
695,468,USD,PHX,LAW,"Lawton, United States",US,2026-09-27,1,https://www.aviasales.com/search/PHX2709LAW1?marker=741311
696,469,USD,JFK,GOI,"Goa, India",IN,2026-11-26,2,https://www.aviasales.com/search/JFK2611GOI1?marker=741311
697,469,USD,JFK,EWB,"New Bedford, United States",US,2026-09-26,1,https://www.aviasales.com/search/JFK2609EWB1?marker=741311
698,471,USD,LAX,PUU,"Puerto Asis, Colombia",CO,2026-12-05,3,https://www.aviasales.com/search/LAX0512PUU1?marker=741311
699,474,USD,PHX,YUM,"Yuma, United States",US,2026-09-24,0,https://www.aviasales.com/search/PHX2409YUM1?marker=741311
700,475,USD,SEA,RST,"Rochester, United States",US,2026-09-27,2,https://www.aviasales.com/search/SEA2709RST1?marker=741311
701,475,USD,LAX,HIJ,"Hiroshima, Japan",JP,2026-11-29,2,https://www.aviasales.com/search/LAX2911HIJ1?marker=741311
702,478,USD,JFK,DYU,"Dushanbe, Tajikistan",TJ,2026-10-14,4,https://www.aviasales.com/search/JFK1410DYU1?marker=741311
703,478,USD,JFK,KUF,"Samara, Russia",RU,2026-10-20,2,https://www.aviasales.com/search/JFK2010KUF1?marker=741311
704,478,USD,IAD,OAJ,"Jacksonville, United States",US,2026-09-27,1,https://www.aviasales.com/search/IAD2709OAJ1?marker=741311
705,478,USD,SEA,JMS,"Jamestown, United States",US,2026-09-26,1,https://www.aviasales.com/search/SEA2609JMS1?marker=741311
706,478,USD,MCO,YQY,"Sydney, Canada",CA,2026-09-24,1,https://www.aviasales.com/search/MCO2409YQY1?marker=741311
707,480,USD,JFK,GTF,"Great Falls, United States",US,2026-09-28,1,https://www.aviasales.com/search/JFK2809GTF1?marker=741311
708,481,USD,SEA,HAK,"Haikou, China",CN,2026-11-19,2,https://www.aviasales.com/search/SEA1911HAK1?marker=741311
709,481,USD,CLT,YFC,"Fredericton, Canada",CA,2026-09-24,1,https://www.aviasales.com/search/CLT2409YFC1?marker=741311
710,481,USD,LAX,MMA,"Malmo, Sweden",SE,2026-10-02,2,https://www.aviasales.com/search/LAX0210MMA1?marker=741311
711,482,USD,SAN,ABY,"Albany, United States",US,2026-10-15,3,https://www.aviasales.com/search/SAN1510ABY1?marker=741311
712,483,USD,ORD,CPR,"Casper, United States",US,2026-09-27,1,https://www.aviasales.com/search/ORD2709CPR1?marker=741311
713,484,USD,AUS,OME,"Nome, United States",US,2026-10-21,2,https://www.aviasales.com/search/AUS2110OME1?marker=741311
714,485,USD,ORD,SIT,"Sitka, United States",US,2026-09-25,2,https://www.aviasales.com/search/ORD2509SIT1?marker=741311
715,485,USD,MSP,DLH,"Duluth, United States",US,2026-09-26,2,https://www.aviasales.com/search/MSP2609DLH1?marker=741311
716,486,USD,MIA,MIR,"Monastir, Tunisia",TN,2026-10-29,1,https://www.aviasales.com/search/MIA2910MIR1?marker=741311
717,486,USD,MIA,MCZ,"Maceio, Brazil",BR,2027-01-12,2,https://www.aviasales.com/search/MIA1201MCZ1?marker=741311
718,488,USD,JFK,DLI,"Dalat, Vietnam",VN,2026-11-30,2,https://www.aviasales.com/search/JFK3011DLI1?marker=741311
719,492,USD,LAX,KBV,"Krabi, Thailand",TH,2026-11-09,2,https://www.aviasales.com/search/LAX0911KBV1?marker=741311
720,492,USD,PHL,TWF,"Twin Falls, United States",US,2026-09-30,3,https://www.aviasales.com/search/PHL3009TWF1?marker=741311
721,493,USD,IAD,FOR,"Fortaleza, Brazil",BR,2026-10-14,2,https://www.aviasales.com/search/IAD1410FOR1?marker=741311
722,493,USD,IAD,ACC,"Accra, Ghana",GH,2026-10-20,1,https://www.aviasales.com/search/IAD2010ACC1?marker=741311
723,494,USD,JFK,MSQ,"Minsk, Belarus",BY,2026-10-13,3,https://www.aviasales.com/search/JFK1310MSQ1?marker=741311
724,494,USD,JFK,ZSA,"San Salvador, Bahamas",BS,2027-03-08,2,https://www.aviasales.com/search/JFK0803ZSA1?marker=741311
725,495,USD,BNA,CIT,"Shymkent, Kazakhstan",KZ,2027-01-20,3,https://www.aviasales.com/search/BNA2001CIT1?marker=741311
726,495,USD,PHL,YYG,"Charlottetown, Canada",CA,2026-09-27,2,https://www.aviasales.com/search/PHL2709YYG1?marker=741311
727,495,USD,PDX,OTH,"North Bend, United States",US,2026-09-25,1,https://www.aviasales.com/search/PDX2509OTH1?marker=741311
728,497,USD,JFK,SVX,"Yekaterinburg, Russia",RU,2026-10-14,3,https://www.aviasales.com/search/JFK1410SVX1?marker=741311
729,497,USD,LAX,UME,"Umea, Sweden",SE,2026-10-01,4,https://www.aviasales.com/search/LAX0110UME1?marker=741311
730,498,USD,MIA,TOS,"Tromso, Norway",NO,2026-11-20,3,https://www.aviasales.com/search/MIA2011TOS1?marker=741311
731,498,USD,ORD,KWL,"Guilin, China",CN,2026-10-11,2,https://www.aviasales.com/search/ORD1110KWL1?marker=741311
732,498,USD,JFK,PEW,"Peshawar, Pakistan",PK,2026-09-21,2,https://www.aviasales.com/search/JFK2109PEW1?marker=741311
733,499,USD,FLL,PAP,"Port-au-Prince, Haiti",HT,2026-10-02,1,https://www.aviasales.com/search/FLL0210PAP1?marker=741311
734,499,USD,LAX,SAI,"Siem Reap, Cambodia",KH,2026-10-20,2,https://www.aviasales.com/search/LAX2010SAI1?marker=741311
735,502,USD,TPA,AGB,"Augsburg, Germany",DE,2026-10-23,1,https://www.aviasales.com/search/TPA2310AGB1?marker=741311
736,502,USD,JFK,GUW,"Atyrau, Kazakhstan",KZ,2026-10-08,2,https://www.aviasales.com/search/JFK0810GUW1?marker=741311
737,504,USD,DTW,DJE,"Djerba, Tunisia",TN,2027-03-06,3,https://www.aviasales.com/search/DTW0603DJE1?marker=741311
738,504,USD,SAN,JLN,"Joplin, United States",US,2026-09-27,1,https://www.aviasales.com/search/SAN2709JLN1?marker=741311
739,505,USD,MSP,SLK,"Saranac Lake, United States",US,2026-09-30,3,https://www.aviasales.com/search/MSP3009SLK1?marker=741311
740,506,USD,SFO,PUY,"Pula, Croatia",HR,2026-11-26,4,https://www.aviasales.com/search/SFO2611PUY1?marker=741311
741,510,USD,JFK,BDQ,"Vadodara, India",IN,2027-01-04,2,https://www.aviasales.com/search/JFK0401BDQ1?marker=741311
742,513,USD,LAX,BXU,"Butuan, Philippines",PH,2027-03-15,2,https://www.aviasales.com/search/LAX1503BXU1?marker=741311
743,515,USD,JFK,UFA,"Ufa, Russia",RU,2026-10-13,3,https://www.aviasales.com/search/JFK1310UFA1?marker=741311
744,518,USD,CLT,FOC,"Fuzhou, China",CN,2026-12-03,2,https://www.aviasales.com/search/CLT0312FOC1?marker=741311
745,519,USD,JFK,NMA,"Namangan, Uzbekistan",UZ,2026-09-25,2,https://www.aviasales.com/search/JFK2509NMA1?marker=741311
746,522,USD,DTW,NAT,"Natal, Brazil",BR,2026-11-23,3,https://www.aviasales.com/search/DTW2311NAT1?marker=741311
747,524,USD,SFO,COV,"Mersin, Turkiye",TR,2026-10-05,3,https://www.aviasales.com/search/SFO0510COV1?marker=741311
748,524,USD,SFO,NAV,"Nevsehir, Turkiye",TR,2026-10-24,4,https://www.aviasales.com/search/SFO2410NAV1?marker=741311
749,525,USD,JFK,COO,"Cotonou, Benin",BJ,2027-01-21,2,https://www.aviasales.com/search/JFK2101COO1?marker=741311
750,526,USD,LAX,VVO,"Vladivostok, Russia",RU,2026-10-27,2,https://www.aviasales.com/search/LAX2710VVO1?marker=741311
751,527,USD,MCO,SYD,"Sydney, Australia",AU,2027-01-19,1,https://www.aviasales.com/search/MCO1901SYD1?marker=741311
752,527,USD,MCO,PLN,"Pellston, United States",US,2026-09-21,1,https://www.aviasales.com/search/MCO2109PLN1?marker=741311
753,529,USD,JFK,VGA,"Vijayawada, India",IN,2026-11-23,2,https://www.aviasales.com/search/JFK2311VGA1?marker=741311
754,531,USD,LAX,RBA,"Rabat, Morocco",MA,2026-10-01,3,https://www.aviasales.com/search/LAX0110RBA1?marker=741311
755,531,USD,LAX,ROS,"Rosario, Argentina",AR,2026-10-18,1,https://www.aviasales.com/search/LAX1810ROS1?marker=741311
756,533,USD,JFK,SSA,"Salvador, Brazil",BR,2026-09-28,1,https://www.aviasales.com/search/JFK2809SSA1?marker=741311
757,534,USD,MIA,SCO,"Aktau, Kazakhstan",KZ,2027-01-07,3,https://www.aviasales.com/search/MIA0701SCO1?marker=741311
758,535,USD,LAX,HER,"Heraklion, Greece",GR,2026-09-22,2,https://www.aviasales.com/search/LAX2209HER1?marker=741311
759,540,USD,DCA,LPB,"La Paz, Bolivia",BO,2026-09-25,2,https://www.aviasales.com/search/DCA2509LPB1?marker=741311
760,540,USD,LAX,SXB,"Strasbourg, France",FR,2026-12-25,2,https://www.aviasales.com/search/LAX2512SXB1?marker=741311
761,541,USD,JFK,DOM,"Dominica, Dominica",DM,2027-02-05,2,https://www.aviasales.com/search/JFK0502DOM1?marker=741311
762,544,USD,LAX,UTP,"Pattaya, Thailand",TH,2026-11-05,2,https://www.aviasales.com/search/LAX0511UTP1?marker=741311
763,545,USD,LAX,XRY,"Jerez de la Frontera, Spain",ES,2026-09-30,3,https://www.aviasales.com/search/LAX3009XRY1?marker=741311
764,547,USD,JFK,TRV,"Thiruvananthapuram, India",IN,2026-10-09,1,https://www.aviasales.com/search/JFK0910TRV1?marker=741311
765,550,USD,JFK,PUS,"Busan, South Korea",KR,2026-12-31,1,https://www.aviasales.com/search/JFK3112PUS1?marker=741311
766,550,USD,SEA,ATQ,"Amritsar, India",IN,2026-10-13,2,https://www.aviasales.com/search/SEA1310ATQ1?marker=741311
767,551,USD,FLL,ASR,"Kayseri, Turkiye",TR,2026-10-04,3,https://www.aviasales.com/search/FLL0410ASR1?marker=741311
768,551,USD,LAX,NNG,"Nanning, China",CN,2026-10-11,3,https://www.aviasales.com/search/LAX1110NNG1?marker=741311
769,551,USD,SAN,YSB,"Sudbury, Canada",CA,2026-09-27,2,https://www.aviasales.com/search/SAN2709YSB1?marker=741311
770,552,USD,ORD,OGZ,"Vladikavkaz, Russia",RU,2026-12-01,4,https://www.aviasales.com/search/ORD0112OGZ1?marker=741311
771,553,USD,IAD,IJK,"Izhevsk, Russia",RU,2026-09-28,4,https://www.aviasales.com/search/IAD2809IJK1?marker=741311
772,554,USD,DFW,KHI,"Karachi, Pakistan",PK,2026-09-24,2,https://www.aviasales.com/search/DFW2409KHI1?marker=741311
773,554,USD,SFO,CCU,"Kolkata, India",IN,2026-09-23,3,https://www.aviasales.com/search/SFO2309CCU1?marker=741311
774,558,USD,JFK,GAN,"Gan Island, Maldives",MV,2026-10-01,3,https://www.aviasales.com/search/JFK0110GAN1?marker=741311
775,559,USD,MIA,KGD,"Kaliningrad, Russia",RU,2027-02-17,4,https://www.aviasales.com/search/MIA1702KGD1?marker=741311
776,562,USD,JFK,SFG,"Saint Martin, Saint Martin",MF,2026-10-12,2,https://www.aviasales.com/search/JFK1210SFG1?marker=741311
777,562,USD,PHL,CHX,"Changuinola, Panama",PA,2026-09-30,3,https://www.aviasales.com/search/PHL3009CHX1?marker=741311
778,563,USD,LAX,LLA,"Lulea, Sweden",SE,2026-10-01,4,https://www.aviasales.com/search/LAX0110LLA1?marker=741311
779,564,USD,ATL,GNJ,"Ganja, Azerbaijan",AZ,2026-12-29,2,https://www.aviasales.com/search/ATL2912GNJ1?marker=741311
780,564,USD,ORD,OVB,"Novosibirsk, Russia",RU,2026-10-17,2,https://www.aviasales.com/search/ORD1710OVB1?marker=741311
781,564,USD,JFK,VOG,"Volgograd, Russia",RU,2026-10-14,2,https://www.aviasales.com/search/JFK1410VOG1?marker=741311
782,564,USD,JFK,SID,"Sal, Cape Verde",CV,2026-11-04,2,https://www.aviasales.com/search/JFK0411SID1?marker=741311
783,565,USD,JFK,UGC,"Urgench, Uzbekistan",UZ,2026-09-22,2,https://www.aviasales.com/search/JFK2209UGC1?marker=741311
784,571,USD,ORD,GRV,"Groznyy, Russia",RU,2026-09-21,2,https://www.aviasales.com/search/ORD2109GRV1?marker=741311
785,571,USD,JFK,HFE,"Hefei, China",CN,2026-09-22,3,https://www.aviasales.com/search/JFK2209HFE1?marker=741311
786,572,USD,PHL,YQX,"Gander, Canada",CA,2026-09-30,4,https://www.aviasales.com/search/PHL3009YQX1?marker=741311
787,575,USD,SEA,RJL,"Logrono, Spain",ES,2026-09-26,3,https://www.aviasales.com/search/SEA2609RJL1?marker=741311
788,576,USD,JFK,BKO,"Bamako, Mali",ML,2026-10-05,2,https://www.aviasales.com/search/JFK0510BKO1?marker=741311
789,578,USD,JFK,IKT,"Irkutsk, Russia",RU,2026-10-26,3,https://www.aviasales.com/search/JFK2610IKT1?marker=741311
790,578,USD,JFK,CGO,"Zhengzhou, China",CN,2026-10-11,2,https://www.aviasales.com/search/JFK1110CGO1?marker=741311
791,578,USD,LAX,ABJ,"Abidjan, Ivory Coast",CI,2026-09-27,1,https://www.aviasales.com/search/LAX2709ABJ1?marker=741311
792,579,USD,JFK,CPT,"Cape Town, South Africa",ZA,2026-11-13,1,https://www.aviasales.com/search/JFK1311CPT1?marker=741311
793,579,USD,IAH,TGU,"Tegucigalpa, Honduras",HN,2026-12-23,3,https://www.aviasales.com/search/IAH2312TGU1?marker=741311
794,580,USD,IAD,EBL,"Erbil, Iraq",IQ,2026-12-28,3,https://www.aviasales.com/search/IAD2812EBL1?marker=741311
795,580,USD,LAX,URA,"Oral, Kazakhstan",KZ,2026-11-10,4,https://www.aviasales.com/search/LAX1011URA1?marker=741311
796,580,USD,JFK,USH,"Ushuaia, Argentina",AR,2026-10-24,4,https://www.aviasales.com/search/JFK2410USH1?marker=741311
797,581,USD,JFK,CKY,"Conakry, Guinea",GN,2026-09-25,1,https://www.aviasales.com/search/JFK2509CKY1?marker=741311
798,582,USD,IAD,LBV,"Libreville, Gabon",GA,2026-11-30,2,https://www.aviasales.com/search/IAD3011LBV1?marker=741311
799,584,USD,BOS,LDB,"Londrina, Brazil",BR,2026-09-29,2,https://www.aviasales.com/search/BOS2909LDB1?marker=741311
800,585,USD,JFK,ECN,"Ercan, Northern Cyprus",NY,2027-01-01,3,https://www.aviasales.com/search/JFK0101ECN1?marker=741311
801,585,USD,JFK,DLA,"Douala, Cameroon",CM,2026-12-03,1,https://www.aviasales.com/search/JFK0312DLA1?marker=741311
802,585,USD,SEA,SPN,"Saipan, Northern Mariana Islands",MP,2026-09-28,2,https://www.aviasales.com/search/SEA2809SPN1?marker=741311
803,587,USD,JFK,KJA,"Krasnoyarsk, Russia",RU,2026-10-13,3,https://www.aviasales.com/search/JFK1310KJA1?marker=741311
804,589,USD,MIA,PLQ,"Palanga, Lithuania",LT,2026-12-20,3,https://www.aviasales.com/search/MIA2012PLQ1?marker=741311
805,596,USD,LAX,ELQ,"Buraydah, Saudi Arabia",SA,2026-09-26,1,https://www.aviasales.com/search/LAX2609ELQ1?marker=741311
806,597,USD,JFK,PEE,"Perm, Russia",RU,2026-10-01,3,https://www.aviasales.com/search/JFK0110PEE1?marker=741311
807,599,USD,IAD,IGT,"Magas, Russia",RU,2026-10-20,4,https://www.aviasales.com/search/IAD2010IGT1?marker=741311
808,602,USD,MCO,ULY,"Ulyanovsk, Russia",RU,2027-01-18,4,https://www.aviasales.com/search/MCO1801ULY1?marker=741311
809,606,USD,PDX,BNE,"Brisbane, Australia",AU,2026-10-30,2,https://www.aviasales.com/search/PDX3010BNE1?marker=741311
810,607,USD,ORD,EBB,"Entebbe, Uganda",UG,2026-11-26,1,https://www.aviasales.com/search/ORD2611EBB1?marker=741311
811,608,USD,JFK,OUA,"Ouagadougou, Burkina Faso",BF,2026-10-07,3,https://www.aviasales.com/search/JFK0710OUA1?marker=741311
812,611,USD,JFK,YZZ,"Trail, Canada",CA,2026-09-28,3,https://www.aviasales.com/search/JFK2809YZZ1?marker=741311
813,611,USD,LAX,HAS,"Hail, Saudi Arabia",SA,2026-09-26,1,https://www.aviasales.com/search/LAX2609HAS1?marker=741311
814,612,USD,JFK,KZO,"Kzyl-Orda, Kazakhstan",KZ,2026-11-25,3,https://www.aviasales.com/search/JFK2511KZO1?marker=741311
815,616,USD,LAX,CUZ,"Cusco, Peru",PE,2026-09-24,3,https://www.aviasales.com/search/LAX2409CUZ1?marker=741311
816,617,USD,JFK,NBC,"Naberezhnye Chelny, Russia",RU,2026-11-23,3,https://www.aviasales.com/search/JFK2311NBC1?marker=741311
817,623,USD,JFK,OMS,"Omsk, Russia",RU,2026-09-22,3,https://www.aviasales.com/search/JFK2209OMS1?marker=741311
818,625,USD,SEA,OSS,"Osh, Kyrgyzstan",KG,2027-01-11,3,https://www.aviasales.com/search/SEA1101OSS1?marker=741311
819,632,USD,SFO,BOB,"Bora Bora, French Polynesia",PF,2026-11-11,1,https://www.aviasales.com/search/SFO1111BOB1?marker=741311
820,635,USD,PHL,LUL,"Laurel, United States",US,2026-09-26,2,https://www.aviasales.com/search/PHL2609LUL1?marker=741311
821,640,USD,JFK,PER,"Perth, Australia",AU,2026-09-29,2,https://www.aviasales.com/search/JFK2909PER1?marker=741311
822,641,USD,JFK,JRO,"Kilimanjaro, Tanzania",TZ,2026-10-20,1,https://www.aviasales.com/search/JFK2010JRO1?marker=741311
823,642,USD,JFK,GOJ,"Nizhniy Novgorod, Russia",RU,2027-01-31,3,https://www.aviasales.com/search/JFK3101GOJ1?marker=741311
824,643,USD,SEA,HNH,"Hoonah, United States",US,2026-09-30,1,https://www.aviasales.com/search/SEA3009HNH1?marker=741311
825,644,USD,BOS,KGL,"Kigali, Rwanda",RW,2026-10-20,2,https://www.aviasales.com/search/BOS2010KGL1?marker=741311
826,648,USD,LAX,HIR,"Honiara, Solomon Islands",SB,2026-10-19,1,https://www.aviasales.com/search/LAX1910HIR1?marker=741311
827,649,USD,JFK,GRO,"Girona, Spain",ES,2026-10-02,1,https://www.aviasales.com/search/JFK0210GRO1?marker=741311
828,654,USD,PDX,PWQ,"Pavlodar, Kazakhstan",KZ,2026-10-15,4,https://www.aviasales.com/search/PDX1510PWQ1?marker=741311
829,657,USD,JFK,FEG,"Fergana, Uzbekistan",UZ,2026-11-01,2,https://www.aviasales.com/search/JFK0111FEG1?marker=741311
830,667,USD,JFK,TBW,"Tambov, Russia",RU,2026-09-22,4,https://www.aviasales.com/search/JFK2209TBW1?marker=741311
831,667,USD,JFK,PAG,"Pagadian, Philippines",PH,2026-10-09,2,https://www.aviasales.com/search/JFK0910PAG1?marker=741311
832,669,USD,ORD,SGC,"Surgut, Russia",RU,2026-10-05,4,https://www.aviasales.com/search/ORD0510SGC1?marker=741311
833,669,USD,JFK,SEZ,"Mahe, Seychelles",SC,2026-11-04,1,https://www.aviasales.com/search/JFK0411SEZ1?marker=741311
834,669,USD,MSP,DJG,"Djanet, Algeria",DZ,2026-11-19,4,https://www.aviasales.com/search/MSP1911DJG1?marker=741311
835,670,USD,DFW,BJM,"Bujumbura, Burundi",BI,2026-12-29,2,https://www.aviasales.com/search/DFW2912BJM1?marker=741311
836,672,USD,JFK,BHK,"Bukhara, Uzbekistan",UZ,2026-10-27,2,https://www.aviasales.com/search/JFK2710BHK1?marker=741311
837,672,USD,PHL,PLJ,"Placencia, Belize",BZ,2026-09-30,3,https://www.aviasales.com/search/PHL3009PLJ1?marker=741311
838,674,USD,IAD,KBL,"Kabul, Afghanistan",AF,2026-10-10,2,https://www.aviasales.com/search/IAD1010KBL1?marker=741311
839,675,USD,JFK,VGD,"Vologda, Russia",RU,2026-10-01,3,https://www.aviasales.com/search/JFK0110VGD1?marker=741311
840,675,USD,TPA,NAL,"Nalchik, Russia",RU,2027-02-01,4,https://www.aviasales.com/search/TPA0102NAL1?marker=741311
841,676,USD,DFW,MCT,"Muscat, Oman",OM,2026-10-30,2,https://www.aviasales.com/search/DFW3010MCT1?marker=741311
842,676,USD,JFK,JNB,"Johannesburg, South Africa",ZA,2026-10-16,1,https://www.aviasales.com/search/JFK1610JNB1?marker=741311
843,677,USD,IAH,JOG,"Yogyakarta, Indonesia",ID,2026-10-10,3,https://www.aviasales.com/search/IAH1010JOG1?marker=741311
844,677,USD,LAX,UPN,"Uruapan, Mexico",MX,2026-12-16,2,https://www.aviasales.com/search/LAX1612UPN1?marker=741311
845,678,USD,JFK,RTW,"Saratov, Russia",RU,2026-09-22,3,https://www.aviasales.com/search/JFK2209RTW1?marker=741311
846,679,USD,DFW,WEH,"Weihai, China",CN,2026-10-29,3,https://www.aviasales.com/search/DFW2910WEH1?marker=741311
847,682,USD,JFK,KEJ,"Kemerovo, Russia",RU,2026-10-14,4,https://www.aviasales.com/search/JFK1410KEJ1?marker=741311
848,683,USD,ORD,ASB,"Ashgabat, Turkmenistan",TM,2026-10-20,1,https://www.aviasales.com/search/ORD2010ASB1?marker=741311
849,686,USD,JFK,TJM,"Tyumen, Russia",RU,2027-03-18,3,https://www.aviasales.com/search/JFK1803TJM1?marker=741311
850,687,USD,PDX,URC,"Urumqi, China",CN,2026-10-15,2,https://www.aviasales.com/search/PDX1510URC1?marker=741311
851,688,USD,JFK,DMB,"Taraz, Kazakhstan",KZ,2026-10-09,3,https://www.aviasales.com/search/JFK0910DMB1?marker=741311
852,688,USD,JFK,BAX,"Barnaul, Russia",RU,2026-11-08,3,https://www.aviasales.com/search/JFK0811BAX1?marker=741311
853,689,USD,ORD,NCU,"Nukus, Uzbekistan",UZ,2026-12-28,2,https://www.aviasales.com/search/ORD2812NCU1?marker=741311
854,689,USD,ORD,VLN,"Valencia, Venezuela",VE,2026-10-01,1,https://www.aviasales.com/search/ORD0110VLN1?marker=741311
855,690,USD,ORD,VNS,"Varanasi, India",IN,2026-11-01,3,https://www.aviasales.com/search/ORD0111VNS1?marker=741311
856,691,USD,LAX,KRN,"Kiruna, Sweden",SE,2026-10-01,3,https://www.aviasales.com/search/LAX0110KRN1?marker=741311
857,696,USD,JFK,MRU,"Mauritius, Mauritius",MU,2026-10-01,3,https://www.aviasales.com/search/JFK0110MRU1?marker=741311
858,696,USD,JFK,NDJ,"N'Djamena, Chad",TD,2026-10-29,1,https://www.aviasales.com/search/JFK2910NDJ1?marker=741311
859,700,USD,JFK,IWA,"Ivanovo, Russia",RU,2026-09-24,3,https://www.aviasales.com/search/JFK2409IWA1?marker=741311
860,703,USD,LAS,MOZ,"Moorea, French Polynesia",PF,2026-12-01,3,https://www.aviasales.com/search/LAS0112MOZ1?marker=741311
861,708,USD,PHX,LJU,"Ljubljana, Slovenia",SI,2026-09-25,2,https://www.aviasales.com/search/PHX2509LJU1?marker=741311
862,710,USD,DFW,ARH,"Arkhangelsk, Russia",RU,2026-09-22,4,https://www.aviasales.com/search/DFW2209ARH1?marker=741311
863,710,USD,LAX,PKC,"Petropavlovsk-Kamchatsky, Russia",RU,2026-10-21,4,https://www.aviasales.com/search/LAX2110PKC1?marker=741311
864,711,USD,LAX,OSD,"Ostersund, Sweden",SE,2026-10-01,3,https://www.aviasales.com/search/LAX0110OSD1?marker=741311
865,712,USD,SEA,ROT,"Rotorua, New Zealand",NZ,2026-10-24,3,https://www.aviasales.com/search/SEA2410ROT1?marker=741311
866,713,USD,ATL,TMJ,"Termez, Uzbekistan",UZ,2026-11-02,4,https://www.aviasales.com/search/ATL0211TMJ1?marker=741311
867,714,USD,JFK,GDZ,"Gelendzik, Russia",RU,2026-12-01,3,https://www.aviasales.com/search/JFK0112GDZ1?marker=741311
868,715,USD,SFO,OSW,"Orsk, Russia",RU,2027-02-01,3,https://www.aviasales.com/search/SFO0102OSW1?marker=741311
869,716,USD,MCO,DLC,"Dalian, China",CN,2026-09-21,2,https://www.aviasales.com/search/MCO2109DLC1?marker=741311
870,718,USD,SFO,PEZ,"Penza, Russia",RU,2027-02-01,4,https://www.aviasales.com/search/SFO0102PEZ1?marker=741311
871,719,USD,JFK,FTE,"El Calafate, Argentina",AR,2026-10-24,3,https://www.aviasales.com/search/JFK2410FTE1?marker=741311
872,721,USD,LAX,VBY,"Visby, Sweden",SE,2026-10-01,3,https://www.aviasales.com/search/LAX0110VBY1?marker=741311
873,722,USD,SFO,ALF,"Alta, Norway",NO,2026-10-01,3,https://www.aviasales.com/search/SFO0110ALF1?marker=741311
874,731,USD,LAX,KHV,"Khabarovsk, Russia",RU,2026-10-22,2,https://www.aviasales.com/search/LAX2210KHV1?marker=741311
875,733,USD,MIA,UYU,"Uyuni, Bolivia",BO,2026-12-13,3,https://www.aviasales.com/search/MIA1312UYU1?marker=741311
876,736,USD,LAX,OOL,"Gold Coast, Australia",AU,2026-09-29,2,https://www.aviasales.com/search/LAX2909OOL1?marker=741311
877,740,USD,IAD,ADQ,"Kodiak, United States",US,2026-09-28,3,https://www.aviasales.com/search/IAD2809ADQ1?marker=741311
878,744,USD,IAD,CEK,"Chelyabinsk, Russia",RU,2026-10-09,3,https://www.aviasales.com/search/IAD0910CEK1?marker=741311
879,744,USD,LAX,CNS,"Cairns, Australia",AU,2026-10-03,1,https://www.aviasales.com/search/LAX0310CNS1?marker=741311
880,745,USD,SFO,DRW,"Darwin, Australia",AU,2026-10-22,2,https://www.aviasales.com/search/SFO2210DRW1?marker=741311
881,753,USD,LAS,GOQ,"Golmud, China",CN,2026-10-14,3,https://www.aviasales.com/search/LAS1410GOQ1?marker=741311
882,754,USD,LAS,AKX,"Aktobe, Kazakhstan",KZ,2026-10-15,3,https://www.aviasales.com/search/LAS1510AKX1?marker=741311
883,761,USD,JFK,TOF,"Tomsk, Russia",RU,2026-11-08,3,https://www.aviasales.com/search/JFK0811TOF1?marker=741311
884,767,USD,JFK,YBG,"La Baie, Canada",CA,2026-09-26,2,https://www.aviasales.com/search/JFK2609YBG1?marker=741311
885,768,USD,DFW,AOG,"Anshan, China",CN,2026-09-24,2,https://www.aviasales.com/search/DFW2409AOG1?marker=741311
886,768,USD,ORD,CEE,"Cherepovets, Russia",RU,2026-09-21,4,https://www.aviasales.com/search/ORD2109CEE1?marker=741311
887,776,USD,IAD,MLW,"Monrovia, Liberia",LR,2026-12-04,2,https://www.aviasales.com/search/IAD0412MLW1?marker=741311
888,777,USD,LAX,CHC,"Christchurch, New Zealand",NZ,2026-10-04,1,https://www.aviasales.com/search/LAX0410CHC1?marker=741311
889,781,USD,JFK,GUM,"Hagatna, Guam",GU,2026-10-11,2,https://www.aviasales.com/search/JFK1110GUM1?marker=741311
890,786,USD,BOS,POM,"Port Moresby, Papua New Guinea",PG,2026-11-04,2,https://www.aviasales.com/search/BOS0411POM1?marker=741311
891,788,USD,SFO,ADL,"Adelaide, Australia",AU,2026-09-29,2,https://www.aviasales.com/search/SFO2909ADL1?marker=741311
892,790,USD,SEA,BQS,"Blagoveschensk, Russia",RU,2026-09-22,2,https://www.aviasales.com/search/SEA2209BQS1?marker=741311
893,790,USD,LAX,ZQN,"Queenstown, New Zealand",NZ,2026-09-29,1,https://www.aviasales.com/search/LAX2909ZQN1?marker=741311
894,795,USD,LAX,UUD,"Ulan-Ude, Russia",RU,2026-10-01,3,https://www.aviasales.com/search/LAX0110UUD1?marker=741311
895,801,USD,IAD,HMA,"Khanty-Mansiysk, Russia",RU,2026-11-04,4,https://www.aviasales.com/search/IAD0411HMA1?marker=741311
896,806,USD,JFK,GVR,"Governador Valadares, Brazil",BR,2026-12-17,2,https://www.aviasales.com/search/JFK1712GVR1?marker=741311
897,807,USD,LAX,UUS,"Yuzhno-Sakhalinsk, Russia",RU,2027-01-25,3,https://www.aviasales.com/search/LAX2501UUS1?marker=741311
898,812,USD,JFK,CKS,"Carajas, Brazil",BR,2026-09-21,2,https://www.aviasales.com/search/JFK2109CKS1?marker=741311
899,812,USD,LAX,OVD,"Asturias, Spain",ES,2026-12-21,3,https://www.aviasales.com/search/LAX2112OVD1?marker=741311
900,815,USD,JFK,MPN,"Mount Pleasant, Falkland Islands",FK,2026-10-12,3,https://www.aviasales.com/search/JFK1210MPN1?marker=741311
901,817,USD,JFK,ZNZ,"Zanzibar, Tanzania",TZ,2026-12-30,3,https://www.aviasales.com/search/JFK3012ZNZ1?marker=741311
902,818,USD,DCA,ALY,"Alexandria, Egypt",EG,2026-11-03,3,https://www.aviasales.com/search/DCA0311ALY1?marker=741311
903,818,USD,MSP,BLB,"Balboa, Panama",PA,2026-09-30,3,https://www.aviasales.com/search/MSP3009BLB1?marker=741311
904,821,USD,JFK,TAE,"Daegu, South Korea",KR,2026-12-31,3,https://www.aviasales.com/search/JFK3112TAE1?marker=741311
905,829,USD,JFK,BZV,"Brazzaville, Republic of the Congo",CG,2026-09-30,2,https://www.aviasales.com/search/JFK3009BZV1?marker=741311
906,831,USD,PDX,HRE,"Harare, Zimbabwe",ZW,2026-10-14,2,https://www.aviasales.com/search/PDX1410HRE1?marker=741311
907,835,USD,LAX,NSK,"Norilsk, Russia",RU,2027-03-01,4,https://www.aviasales.com/search/LAX0103NSK1?marker=741311
908,842,USD,LAX,GYU,"Guyuan, China",CN,2026-10-24,2,https://www.aviasales.com/search/LAX2410GYU1?marker=741311
909,847,USD,IAH,NIM,"Niamey, Niger",NE,2026-10-12,2,https://www.aviasales.com/search/IAH1210NIM1?marker=741311
910,851,USD,SAN,YKS,"Yakutsk, Russia",RU,2027-02-01,4,https://www.aviasales.com/search/SAN0102YKS1?marker=741311
911,854,USD,IAD,ASF,"Astrakhan, Russia",RU,2026-10-21,2,https://www.aviasales.com/search/IAD2110ASF1?marker=741311
912,860,USD,FLL,NJC,"Nizhnevartovsk, Russia",RU,2026-10-23,4,https://www.aviasales.com/search/FLL2310NJC1?marker=741311
913,877,USD,JFK,RGK,"Gorno-Altaysk, Russia",RU,2026-10-08,4,https://www.aviasales.com/search/JFK0810RGK1?marker=741311
914,881,USD,JFK,PKR,"Pokhara, Nepal",NP,2026-10-08,3,https://www.aviasales.com/search/JFK0810PKR1?marker=741311
915,885,USD,FLL,STW,"Stavropol, Russia",RU,2026-09-30,4,https://www.aviasales.com/search/FLL3009STW1?marker=741311
916,885,USD,ORD,ABA,"Abakan, Russia",RU,2026-10-23,3,https://www.aviasales.com/search/ORD2310ABA1?marker=741311
917,886,USD,SFO,LBD,"Khujand, Tajikistan",TJ,2026-09-28,3,https://www.aviasales.com/search/SFO2809LBD1?marker=741311
918,897,USD,IAD,FBM,"Lubumbashi, Democratic Republic of the Congo",CD,2026-10-25,1,https://www.aviasales.com/search/IAD2510FBM1?marker=741311
919,914,USD,JFK,NUX,"Novy Urengoy, Russia",RU,2026-10-02,3,https://www.aviasales.com/search/JFK0210NUX1?marker=741311
920,915,USD,SLC,PAT,"Patna, India",IN,2026-10-07,4,https://www.aviasales.com/search/SLC0710PAT1?marker=741311
921,915,USD,PHL,FNA,"Freetown, Sierra Leone",SL,2027-02-02,2,https://www.aviasales.com/search/PHL0202FNA1?marker=741311
922,921,USD,SFO,VAV,"Vava'u, Tonga",TO,2026-09-24,2,https://www.aviasales.com/search/SFO2409VAV1?marker=741311
923,925,USD,LAX,CSG,"Columbus, United States",US,2026-09-25,3,https://www.aviasales.com/search/LAX2509CSG1?marker=741311
924,933,USD,JFK,WDH,"Windhoek, Namibia",NA,2027-01-03,2,https://www.aviasales.com/search/JFK0301WDH1?marker=741311
925,956,USD,JFK,GOH,"Nuuk, Greenland",GL,2026-10-01,1,https://www.aviasales.com/search/JFK0110GOH1?marker=741311
926,962,USD,ORD,RUN,"Saint-Denis, Réunion",RE,2026-10-18,2,https://www.aviasales.com/search/ORD1810RUN1?marker=741311
927,966,USD,LAX,REN,"Orenburg, Russia",RU,2026-09-23,4,https://www.aviasales.com/search/LAX2309REN1?marker=741311
928,975,USD,MCO,GDX,"Magadan, Russia",RU,2026-12-24,4,https://www.aviasales.com/search/MCO2412GDX1?marker=741311
929,994,USD,PDX,BJR,"Bahir Dar, Ethiopia",ET,2026-11-16,3,https://www.aviasales.com/search/PDX1611BJR1?marker=741311
930,995,USD,DEN,ARK,"Arusha, Tanzania",TZ,2026-12-01,3,https://www.aviasales.com/search/DEN0112ARK1?marker=741311
931,1005,USD,ORD,MGQ,"Mogadishu, Somalia",SO,2026-12-31,1,https://www.aviasales.com/search/ORD3112MGQ1?marker=741311
932,1010,USD,JFK,WLG,"Wellington, New Zealand",NZ,2026-09-29,4,https://www.aviasales.com/search/JFK2909WLG1?marker=741311
933,1015,USD,LAX,KRV,"Severo-Kurilsk, Russia",RU,2026-09-25,4,https://www.aviasales.com/search/LAX2509KRV1?marker=741311
934,1074,USD,SEA,VFA,"Victoria Falls, Zimbabwe",ZW,2026-10-05,2,https://www.aviasales.com/search/SEA0510VFA1?marker=741311
935,1093,USD,MSP,MQF,"Magnitogorsk, Russia",RU,2026-10-01,4,https://www.aviasales.com/search/MSP0110MQF1?marker=741311
936,1157,USD,SFO,DUD,"Dunedin, New Zealand",NZ,2026-12-12,2,https://www.aviasales.com/search/SFO1212DUD1?marker=741311
937,1165,USD,SEA,SDP,"Sand Point, United States",US,2026-09-26,1,https://www.aviasales.com/search/SEA2609SDP1?marker=741311
938,1171,USD,JFK,HTA,"Chita, Russia",RU,2026-10-29,2,https://www.aviasales.com/search/JFK2910HTA1?marker=741311
939,1196,USD,LAX,RMA,"Roma, Australia",AU,2026-10-02,3,https://www.aviasales.com/search/LAX0210RMA1?marker=741311
940,1287,USD,MIA,DRS,"Dresden, Germany",DE,2026-10-18,2,https://www.aviasales.com/search/MIA1810DRS1?marker=741311
941,1349,USD,ORD,PLZ,"Port Elizabeth, South Africa",ZA,2026-12-15,2,https://www.aviasales.com/search/ORD1512PLZ1?marker=741311
942,1843,USD,BOS,IUE,"Niue Island, Niue",NU,2026-10-01,2,https://www.aviasales.com/search/BOS0110IUE1?marker=741311
943,1873,USD,JFK,FNJ,"Pyongyang, North Korea",KP,2026-09-24,3,https://www.aviasales.com/search/JFK2409FNJ1?marker=741311
944,2382,USD,IAD,KSQ,"Qarshi, Uzbekistan",UZ,2026-09-27,2,https://www.aviasales.com/search/IAD2709KSQ1?marker=741311
945,3039,USD,ATL,FUN,"Funafuti Atoll, Tuvalu",TV,2026-10-08,3,https://www.aviasales.com/search/ATL0810FUN1?marker=741311
946,8824,USD,PHL,BPA,"Borongan, Philippines",PH,2026-09-30,3,https://www.aviasales.com/search/PHL3009BPA1?marker=741311
