rank,price,currency,origin,destination_code,destination_name,country_code,depart,stops,booking_link
1,18,USD,LAS,LAX,"Los Angeles, United States",US,2026-12-22,0,https://www.aviasales.com/search/LAS2212LAX1?marker=741311
2,18,USD,LAX,LAS,"Las Vegas, United States",US,2027-01-12,0,https://www.aviasales.com/search/LAX1201LAS1?marker=741311
3,19,USD,ATL,TPA,"Tampa, United States",US,2026-11-11,0,https://www.aviasales.com/search/ATL1111TPA1?marker=741311
4,19,USD,SAN,SFO,"San Francisco, United States",US,2026-10-31,0,https://www.aviasales.com/search/SAN3110SFO1?marker=741311
5,19,USD,SFO,SAN,"San Diego, United States",US,2026-12-01,0,https://www.aviasales.com/search/SFO0112SAN1?marker=741311
6,19,USD,IAH,ATL,"Atlanta, United States",US,2026-11-17,0,https://www.aviasales.com/search/IAH1711ATL1?marker=741311
7,20,USD,ATL,RDU,"Raleigh, United States",US,2026-10-24,0,https://www.aviasales.com/search/ATL2410RDU1?marker=741311
8,20,USD,SAN,DEN,"Denver, United States",US,2026-12-09,0,https://www.aviasales.com/search/SAN0912DEN1?marker=741311
9,20,USD,SFO,ONT,"Ontario, United States",US,2026-12-08,0,https://www.aviasales.com/search/SFO0812ONT1?marker=741311
10,23,USD,ATL,ORL,"Orlando, United States",US,2026-10-26,0,https://www.aviasales.com/search/ATL2610ORL1?marker=741311
11,24,USD,SFO,PHX,"Phoenix, United States",US,2026-11-03,0,https://www.aviasales.com/search/SFO0311PHX1?marker=741311
12,25,USD,ATL,HOU,"Houston, United States",US,2026-10-28,0,https://www.aviasales.com/search/ATL2810HOU1?marker=741311
13,25,USD,LAX,SAC,"Sacramento, United States",US,2026-11-09,0,https://www.aviasales.com/search/LAX0911SAC1?marker=741311
14,28,USD,MCO,CLE,"Cleveland, United States",US,2026-10-15,0,https://www.aviasales.com/search/MCO1510CLE1?marker=741311
15,29,USD,DEN,SLC,"Salt Lake City, United States",US,2026-11-04,0,https://www.aviasales.com/search/DEN0411SLC1?marker=741311
16,29,USD,FLL,CHA,"Chattanooga, United States",US,2026-11-05,0,https://www.aviasales.com/search/FLL0511CHA1?marker=741311
17,32,USD,LAS,OAK,"Oakland, United States",US,2026-11-06,0,https://www.aviasales.com/search/LAS0611OAK1?marker=741311
18,33,USD,LAX,SJC,"San Jose, United States",US,2026-11-02,0,https://www.aviasales.com/search/LAX0211SJC1?marker=741311
19,34,USD,ATL,JAX,"Jacksonville, United States",US,2026-11-21,0,https://www.aviasales.com/search/ATL2111JAX1?marker=741311
20,34,USD,ATL,WAS,"Washington, United States",US,2027-01-29,0,https://www.aviasales.com/search/ATL2901WAS1?marker=741311
21,35,USD,ATL,DFW,"Dallas, United States",US,2026-11-04,0,https://www.aviasales.com/search/ATL0411DFW1?marker=741311
22,35,USD,IAD,TYS,"Knoxville, United States",US,2026-10-25,0,https://www.aviasales.com/search/IAD2510TYS1?marker=741311
23,36,USD,ATL,MSY,"New Orleans, United States",US,2026-12-01,0,https://www.aviasales.com/search/ATL0112MSY1?marker=741311
24,36,USD,FLL,CHI,"Chicago, United States",US,2026-11-01,0,https://www.aviasales.com/search/FLL0111CHI1?marker=741311
25,37,USD,ATL,PHL,"Philadelphia, United States",US,2026-10-15,0,https://www.aviasales.com/search/ATL1510PHL1?marker=741311
26,37,USD,MCO,MSP,"Minneapolis, United States",US,2026-10-15,0,https://www.aviasales.com/search/MCO1510MSP1?marker=741311
27,38,USD,ATL,MIA,"Miami, United States",US,2026-11-15,0,https://www.aviasales.com/search/ATL1511MIA1?marker=741311
28,38,USD,MCO,CLT,"Charlotte, United States",US,2026-10-14,0,https://www.aviasales.com/search/MCO1410CLT1?marker=741311
29,40,USD,DEN,BNA,"Nashville, United States",US,2026-11-12,0,https://www.aviasales.com/search/DEN1211BNA1?marker=741311
30,41,USD,FLL,SWF,"Newburgh, United States",US,2026-10-29,0,https://www.aviasales.com/search/FLL2910SWF1?marker=741311
31,41,USD,FLL,CMH,"Columbus, United States",US,2026-11-20,0,https://www.aviasales.com/search/FLL2011CMH1?marker=741311
32,43,USD,LAS,MSO,"Missoula, United States",US,2026-10-29,0,https://www.aviasales.com/search/LAS2910MSO1?marker=741311
33,44,USD,ATL,BWI,"Baltimore, United States",US,2026-11-09,0,https://www.aviasales.com/search/ATL0911BWI1?marker=741311
34,44,USD,ATL,FLL,"Fort Lauderdale, United States",US,2026-11-15,0,https://www.aviasales.com/search/ATL1511FLL1?marker=741311
35,45,USD,LAS,FAT,"Fresno, United States",US,2026-10-10,0,https://www.aviasales.com/search/LAS1010FAT1?marker=741311
36,46,USD,ATL,NYC,"New York, United States",US,2026-11-10,0,https://www.aviasales.com/search/ATL1011NYC1?marker=741311
37,47,USD,TPA,EYW,"Key West, United States",US,2026-10-14,0,https://www.aviasales.com/search/TPA1410EYW1?marker=741311
38,49,USD,MCO,DTT,"Detroit, United States",US,2026-11-07,0,https://www.aviasales.com/search/MCO0711DTT1?marker=741311
39,49,USD,LAX,SEA,"Seattle, United States",US,2026-12-03,0,https://www.aviasales.com/search/LAX0312SEA1?marker=741311
40,50,USD,TPA,RIC,"Richmond, United States",US,2026-12-03,0,https://www.aviasales.com/search/TPA0312RIC1?marker=741311
41,52,USD,DCA,BOS,"Boston, United States",US,2026-12-08,0,https://www.aviasales.com/search/DCA0812BOS1?marker=741311
42,54,USD,MCO,CHS,"Charleston, United States",US,2026-10-29,0,https://www.aviasales.com/search/MCO2910CHS1?marker=741311
43,59,USD,PHL,SJU,"San Juan, Puerto Rico",PR,2026-11-17,0,https://www.aviasales.com/search/PHL1711SJU1?marker=741311
44,60,USD,LAX,RNO,"Reno, United States",US,2027-02-01,0,https://www.aviasales.com/search/LAX0102RNO1?marker=741311
45,63,USD,BOS,GDL,"Guadalajara, Mexico",MX,2026-11-26,0,https://www.aviasales.com/search/BOS2611GDL1?marker=741311
46,63,USD,TPA,ILM,"Wilmington, United States",US,2026-10-22,0,https://www.aviasales.com/search/TPA2210ILM1?marker=741311
47,63,USD,PHX,LGB,"Long Beach, United States",US,2026-12-14,0,https://www.aviasales.com/search/PHX1412LGB1?marker=741311
48,67,USD,LAS,FCA,"Kalispell, United States",US,2026-10-09,0,https://www.aviasales.com/search/LAS0910FCA1?marker=741311
49,68,USD,MIA,NAS,"Nassau, Bahamas",BS,2027-02-20,0,https://www.aviasales.com/search/MIA2002NAS1?marker=741311
50,68,USD,PHL,FMY,"Fort Myers, United States",US,2026-12-14,0,https://www.aviasales.com/search/PHL1412FMY1?marker=741311
51,69,USD,LAX,BOI,"Boise, United States",US,2026-11-11,1,https://www.aviasales.com/search/LAX1111BOI1?marker=741311
52,69,USD,LAS,BZN,"Bozeman, United States",US,2026-10-11,0,https://www.aviasales.com/search/LAS1110BZN1?marker=741311
53,70,USD,MIA,CVG,"Cincinnati, United States",US,2026-10-24,1,https://www.aviasales.com/search/MIA2410CVG1?marker=741311
54,72,USD,LAX,OKC,"Oklahoma City, United States",US,2026-11-17,1,https://www.aviasales.com/search/LAX1711OKC1?marker=741311
55,72,USD,IAD,PIT,"Pittsburgh, United States",US,2026-10-11,1,https://www.aviasales.com/search/IAD1110PIT1?marker=741311
56,73,USD,BNA,STL,"St Louis, United States",US,2026-10-12,1,https://www.aviasales.com/search/BNA1210STL1?marker=741311
57,73,USD,CLT,BKW,"Beckley, United States",US,2026-10-14,0,https://www.aviasales.com/search/CLT1410BKW1?marker=741311
58,79,USD,MCO,IND,"Indianapolis, United States",US,2026-10-09,0,https://www.aviasales.com/search/MCO0910IND1?marker=741311
59,79,USD,SEA,MKE,"Milwaukee, United States",US,2026-11-10,1,https://www.aviasales.com/search/SEA1011MKE1?marker=741311
60,80,USD,ATL,AUS,"Austin, United States",US,2026-12-23,0,https://www.aviasales.com/search/ATL2312AUS1?marker=741311
61,80,USD,FLL,MKC,"Kansas City, United States",US,2026-10-16,0,https://www.aviasales.com/search/FLL1610MKC1?marker=741311
62,82,USD,MCO,BUF,"Buffalo, United States",US,2026-11-02,1,https://www.aviasales.com/search/MCO0211BUF1?marker=741311
63,84,USD,IAD,TRI,"Blountville, United States",US,2026-10-12,0,https://www.aviasales.com/search/IAD1210TRI1?marker=741311
64,85,USD,BOS,SYR,"Syracuse, United States",US,2026-10-15,0,https://www.aviasales.com/search/BOS1510SYR1?marker=741311
65,86,USD,AUS,MEX,"Mexico City, Mexico",MX,2026-10-14,1,https://www.aviasales.com/search/AUS1410MEX1?marker=741311
66,88,USD,MCO,BQN,"Aguadilla, Puerto Rico",PR,2026-10-13,0,https://www.aviasales.com/search/MCO1310BQN1?marker=741311
67,88,USD,PHX,LSE,"La Crosse, United States",US,2026-11-25,0,https://www.aviasales.com/search/PHX2511LSE1?marker=741311
68,90,USD,IAD,YTO,"Toronto, Canada",CA,2026-10-26,0,https://www.aviasales.com/search/IAD2610YTO1?marker=741311
69,90,USD,BOS,LEB,"Lebanon, United States",US,2026-10-15,0,https://www.aviasales.com/search/BOS1510LEB1?marker=741311
70,91,USD,PHX,GEG,"Spokane, United States",US,2026-10-09,0,https://www.aviasales.com/search/PHX0910GEG1?marker=741311
71,91,USD,PHX,GUP,"Gallup, United States",US,2026-10-11,0,https://www.aviasales.com/search/PHX1110GUP1?marker=741311
72,92,USD,LAX,ABQ,"Albuquerque, United States",US,2026-10-21,0,https://www.aviasales.com/search/LAX2110ABQ1?marker=741311
73,93,USD,IAD,BFD,"Bradford, United States",US,2026-10-10,0,https://www.aviasales.com/search/IAD1010BFD1?marker=741311
74,94,USD,MIA,SAV,"Savannah, United States",US,2026-11-10,1,https://www.aviasales.com/search/MIA1011SAV1?marker=741311
75,94,USD,IAH,MTY,"Monterrey, Mexico",MX,2026-10-13,0,https://www.aviasales.com/search/IAH1310MTY1?marker=741311
76,96,USD,ATL,DSM,"Des Moines, United States",US,2026-10-29,1,https://www.aviasales.com/search/ATL2910DSM1?marker=741311
77,96,USD,MSP,VPS,"Fort Walton Beach, United States",US,2026-11-08,0,https://www.aviasales.com/search/MSP0811VPS1?marker=741311
78,97,USD,ORD,UIN,"Quincy, United States",US,2026-10-09,0,https://www.aviasales.com/search/ORD0910UIN1?marker=741311
79,100,USD,JFK,BDA,"Bermuda, Bermuda",BM,2026-11-21,1,https://www.aviasales.com/search/JFK2111BDA1?marker=741311
80,102,USD,ATL,ORF,"Norfolk, United States",US,2026-10-18,0,https://www.aviasales.com/search/ATL1810ORF1?marker=741311
81,102,USD,SAN,PAE,"Everett, United States",US,2026-11-18,0,https://www.aviasales.com/search/SAN1811PAE1?marker=741311
82,102,USD,LAX,BLI,"Bellingham, United States",US,2026-11-12,1,https://www.aviasales.com/search/LAX1211BLI1?marker=741311
83,102,USD,TPA,YKF,"Kitchener, Canada",CA,2026-12-15,1,https://www.aviasales.com/search/TPA1512YKF1?marker=741311
84,103,USD,ATL,TLH,"Tallahassee, United States",US,2026-10-24,1,https://www.aviasales.com/search/ATL2410TLH1?marker=741311
85,103,USD,MCO,MHT,"Manchester, United States",US,2026-10-29,1,https://www.aviasales.com/search/MCO2910MHT1?marker=741311
86,104,USD,MCO,ISP,"Islip, United States",US,2026-10-06,1,https://www.aviasales.com/search/MCO0610ISP1?marker=741311
87,104,USD,IAD,SBN,"South Bend, United States",US,2026-10-12,0,https://www.aviasales.com/search/IAD1210SBN1?marker=741311
88,104,USD,LAX,IDA,"Idaho Falls, United States",US,2026-11-11,1,https://www.aviasales.com/search/LAX1111IDA1?marker=741311
89,107,USD,IAH,QRO,"Queretaro, Mexico",MX,2026-10-21,0,https://www.aviasales.com/search/IAH2110QRO1?marker=741311
90,108,USD,ORD,MBL,"Manistee, United States",US,2026-10-10,0,https://www.aviasales.com/search/ORD1010MBL1?marker=741311
91,109,USD,SFO,YVR,"Vancouver, Canada",CA,2026-10-19,0,https://www.aviasales.com/search/SFO1910YVR1?marker=741311
92,109,USD,LAX,PDX,"Portland, United States",US,2026-10-25,0,https://www.aviasales.com/search/LAX2510PDX1?marker=741311
93,109,USD,JFK,ROC,"Rochester, United States",US,2026-10-14,0,https://www.aviasales.com/search/JFK1410ROC1?marker=741311
94,109,USD,LAX,MCE,"Merced, United States",US,2026-10-14,0,https://www.aviasales.com/search/LAX1410MCE1?marker=741311
95,110,USD,ORD,LAF,"Lafayette, United States",US,2026-10-12,0,https://www.aviasales.com/search/ORD1210LAF1?marker=741311
96,112,USD,ORD,GRR,"Grand Rapids, United States",US,2026-10-10,0,https://www.aviasales.com/search/ORD1010GRR1?marker=741311
97,112,USD,ORD,HVN,"New Haven, United States",US,2026-10-15,0,https://www.aviasales.com/search/ORD1510HVN1?marker=741311
98,112,USD,LAS,ICT,"Wichita, United States",US,2026-11-30,0,https://www.aviasales.com/search/LAS3011ICT1?marker=741311
99,113,USD,LAS,ELP,"El Paso, United States",US,2026-10-24,1,https://www.aviasales.com/search/LAS2410ELP1?marker=741311
100,117,USD,IAH,CUN,"Cancun, Mexico",MX,2026-11-01,1,https://www.aviasales.com/search/IAH0111CUN1?marker=741311
101,117,USD,DFW,SAT,"San Antonio, United States",US,2026-10-10,0,https://www.aviasales.com/search/DFW1010SAT1?marker=741311
102,117,USD,MCO,HPN,"Westchester County, United States",US,2026-10-15,1,https://www.aviasales.com/search/MCO1510HPN1?marker=741311
103,118,USD,DFW,HSV,"Huntsville, United States",US,2026-11-16,1,https://www.aviasales.com/search/DFW1611HSV1?marker=741311
104,118,USD,BOS,SRQ,"Sarasota, United States",US,2027-01-08,0,https://www.aviasales.com/search/BOS0801SRQ1?marker=741311
105,118,USD,PHX,SOW,"Show Low, United States",US,2026-10-12,0,https://www.aviasales.com/search/PHX1210SOW1?marker=741311
106,119,USD,PHX,SCK,"Stockton, United States",US,2026-10-12,0,https://www.aviasales.com/search/PHX1210SCK1?marker=741311
107,119,USD,PHX,PGA,"Page, United States",US,2026-11-22,0,https://www.aviasales.com/search/PHX2211PGA1?marker=741311
108,120,USD,ORD,MSN,"Madison, United States",US,2026-10-13,0,https://www.aviasales.com/search/ORD1310MSN1?marker=741311
109,120,USD,JFK,PBI,"West Palm Beach, United States",US,2026-11-07,1,https://www.aviasales.com/search/JFK0711PBI1?marker=741311
110,120,USD,ORD,FWA,"Fort Wayne, United States",US,2026-10-10,0,https://www.aviasales.com/search/ORD1010FWA1?marker=741311
111,122,USD,LAX,GUA,"Guatemala City, Guatemala",GT,2027-02-28,0,https://www.aviasales.com/search/LAX2802GUA1?marker=741311
112,123,USD,MCO,AVL,"Asheville, United States",US,2026-10-09,0,https://www.aviasales.com/search/MCO0910AVL1?marker=741311
113,123,USD,ORD,MKG,"Muskegon, United States",US,2026-10-13,0,https://www.aviasales.com/search/ORD1310MKG1?marker=741311
114,123,USD,TPA,CID,"Cedar Rapids, United States",US,2026-10-11,0,https://www.aviasales.com/search/TPA1110CID1?marker=741311
115,124,USD,FLL,MBJ,"Montego Bay, Jamaica",JM,2026-10-06,0,https://www.aviasales.com/search/FLL0610MBJ1?marker=741311
116,124,USD,LAX,SJD,"San Jose Del Cabo, Mexico",MX,2026-11-08,2,https://www.aviasales.com/search/LAX0811SJD1?marker=741311
117,124,USD,ORD,OMA,"Omaha, United States",US,2026-10-15,0,https://www.aviasales.com/search/ORD1510OMA1?marker=741311
118,125,USD,LAX,STS,"Santa Rosa, United States",US,2026-12-28,0,https://www.aviasales.com/search/LAX2812STS1?marker=741311
119,125,USD,BOS,PQI,"Presque Isle, United States",US,2026-10-21,0,https://www.aviasales.com/search/BOS2110PQI1?marker=741311
120,126,USD,MCO,BDL,"Hartford, United States",US,2026-10-10,1,https://www.aviasales.com/search/MCO1010BDL1?marker=741311
121,128,USD,FLL,SDQ,"Santo Domingo, Dominican Republic",DO,2026-10-23,1,https://www.aviasales.com/search/FLL2310SDQ1?marker=741311
122,129,USD,DCA,SDF,"Louisville, United States",US,2026-10-13,0,https://www.aviasales.com/search/DCA1310SDF1?marker=741311
123,129,USD,FLL,FSD,"Sioux Falls, United States",US,2026-11-05,1,https://www.aviasales.com/search/FLL0511FSD1?marker=741311
124,129,USD,JFK,AUA,"Oranjestad, Aruba",AW,2026-11-16,0,https://www.aviasales.com/search/JFK1611AUA1?marker=741311
125,131,USD,IAH,PNS,"Pensacola, United States",US,2026-11-16,1,https://www.aviasales.com/search/IAH1611PNS1?marker=741311
126,131,USD,ORD,MLI,"Moline, United States",US,2026-10-09,0,https://www.aviasales.com/search/ORD0910MLI1?marker=741311
127,131,USD,MCO,PWM,"Portland, United States",US,2027-02-26,1,https://www.aviasales.com/search/MCO2602PWM1?marker=741311
128,132,USD,MIA,PUJ,"Punta Cana, Dominican Republic",DO,2026-10-15,1,https://www.aviasales.com/search/MIA1510PUJ1?marker=741311
129,134,USD,PHL,GSO,"Greensboro, United States",US,2026-10-10,0,https://www.aviasales.com/search/PHL1010GSO1?marker=741311
130,134,USD,CLT,MYR,"Myrtle Beach, United States",US,2026-10-13,0,https://www.aviasales.com/search/CLT1310MYR1?marker=741311
131,136,USD,ATL,SGF,"Springfield, United States",US,2026-10-29,1,https://www.aviasales.com/search/ATL2910SGF1?marker=741311
132,136,USD,LAX,BJX,"Leon/Guanajuato, Mexico",MX,2027-01-01,0,https://www.aviasales.com/search/LAX0101BJX1?marker=741311
133,136,USD,FLL,GYE,"Guayaquil, Ecuador",EC,2027-01-27,0,https://www.aviasales.com/search/FLL2701GYE1?marker=741311
134,137,USD,IAD,MGW,"Morgantown, United States",US,2026-10-10,0,https://www.aviasales.com/search/IAD1010MGW1?marker=741311
135,137,USD,ORD,MEM,"Memphis, United States",US,2026-10-08,0,https://www.aviasales.com/search/ORD0810MEM1?marker=741311
136,137,USD,JFK,BGI,"Bridgetown, Barbados",BB,2026-10-10,2,https://www.aviasales.com/search/JFK1010BGI1?marker=741311
137,137,USD,MSP,YXE,"Saskatoon, Canada",CA,2026-11-28,1,https://www.aviasales.com/search/MSP2811YXE1?marker=741311
138,138,USD,MIA,LIM,"Lima, Peru",PE,2027-01-19,1,https://www.aviasales.com/search/MIA1901LIM1?marker=741311
139,141,USD,JFK,SXM,"Sint Maarten, Sint Maarten",SX,2026-12-15,1,https://www.aviasales.com/search/JFK1512SXM1?marker=741311
140,143,USD,PHL,ROA,"Roanoke, United States",US,2026-10-10,0,https://www.aviasales.com/search/PHL1010ROA1?marker=741311
141,144,USD,TPA,ELD,"El Dorado, United States",US,2026-11-19,1,https://www.aviasales.com/search/TPA1911ELD1?marker=741311
142,146,USD,BNA,LIT,"Little Rock, United States",US,2026-11-06,1,https://www.aviasales.com/search/BNA0611LIT1?marker=741311
143,146,USD,LAS,LAP,"La Paz, Mexico",MX,2026-10-17,1,https://www.aviasales.com/search/LAS1710LAP1?marker=741311
144,147,USD,DFW,AEX,"Alexandria, United States",US,2026-10-08,0,https://www.aviasales.com/search/DFW0810AEX1?marker=741311
145,147,USD,SFO,PVR,"Puerto Vallarta, Mexico",MX,2026-12-09,2,https://www.aviasales.com/search/SFO0912PVR1?marker=741311
146,147,USD,BNA,FYV,"Fayetteville, United States",US,2026-10-09,0,https://www.aviasales.com/search/BNA0910FYV1?marker=741311
147,147,USD,DEN,JAC,"Jackson, United States",US,2026-10-09,0,https://www.aviasales.com/search/DEN0910JAC1?marker=741311
148,147,USD,ORD,CMI,"Champaign, United States",US,2026-10-09,0,https://www.aviasales.com/search/ORD0910CMI1?marker=741311
149,148,USD,CLT,BHM,"Birmingham, United States",US,2026-10-06,2,https://www.aviasales.com/search/CLT0610BHM1?marker=741311
150,148,USD,SFO,CLO,"Cali, Colombia",CO,2027-01-17,2,https://www.aviasales.com/search/SFO1701CLO1?marker=741311
151,148,USD,IAD,MOB,"Mobile, United States",US,2026-10-10,1,https://www.aviasales.com/search/IAD1010MOB1?marker=741311
152,148,USD,IAD,OAX,"Oaxaca, Mexico",MX,2026-11-15,1,https://www.aviasales.com/search/IAD1511OAX1?marker=741311
153,148,USD,TPA,STI,"Santiago, Dominican Republic",DO,2026-10-23,1,https://www.aviasales.com/search/TPA2310STI1?marker=741311
154,148,USD,JFK,POP,"Puerto Plata, Dominican Republic",DO,2027-01-07,1,https://www.aviasales.com/search/JFK0701POP1?marker=741311
155,149,USD,TPA,ABE,"Allentown, United States",US,2026-10-09,0,https://www.aviasales.com/search/TPA0910ABE1?marker=741311
156,149,USD,DCA,CAE,"Columbia, United States",US,2026-11-06,0,https://www.aviasales.com/search/DCA0611CAE1?marker=741311
157,149,USD,DCA,YOW,"Ottawa, Canada",CA,2026-10-13,0,https://www.aviasales.com/search/DCA1310YOW1?marker=741311
158,149,USD,MSP,IWD,"Ironwood, United States",US,2026-10-09,0,https://www.aviasales.com/search/MSP0910IWD1?marker=741311
159,150,USD,LAX,YYC,"Calgary, Canada",CA,2026-11-01,1,https://www.aviasales.com/search/LAX0111YYC1?marker=741311
160,150,USD,DFW,LAW,"Lawton, United States",US,2026-10-10,0,https://www.aviasales.com/search/DFW1010LAW1?marker=741311
161,150,USD,PHX,YUM,"Yuma, United States",US,2026-10-09,0,https://www.aviasales.com/search/PHX0910YUM1?marker=741311
162,152,USD,LAX,TUL,"Tulsa, United States",US,2026-10-07,2,https://www.aviasales.com/search/LAX0710TUL1?marker=741311
163,153,USD,PDX,GSP,"Greenville, United States",US,2026-10-14,2,https://www.aviasales.com/search/PDX1410GSP1?marker=741311
164,153,USD,LAX,AGU,"Aguascalientes, Mexico",MX,2026-10-11,0,https://www.aviasales.com/search/LAX1110AGU1?marker=741311
165,154,USD,MIA,BOG,"Bogota, Colombia",CO,2026-10-09,0,https://www.aviasales.com/search/MIA0910BOG1?marker=741311
166,154,USD,LAX,HNL,"Honolulu, United States",US,2026-10-18,0,https://www.aviasales.com/search/LAX1810HNL1?marker=741311
167,154,USD,LAS,TIJ,"Tijuana, Mexico",MX,2026-10-30,1,https://www.aviasales.com/search/LAS3010TIJ1?marker=741311
168,154,USD,DEN,CEZ,"Cortez, United States",US,2026-10-13,0,https://www.aviasales.com/search/DEN1310CEZ1?marker=741311
169,154,USD,LAX,CEN,"Ciudad Obregon, Mexico",MX,2026-10-10,1,https://www.aviasales.com/search/LAX1010CEN1?marker=741311
170,155,USD,LAX,SAL,"San Salvador, El Salvador",SV,2027-01-08,2,https://www.aviasales.com/search/LAX0801SAL1?marker=741311
171,155,USD,JFK,ATH,"Athens, Greece",GR,2026-10-16,0,https://www.aviasales.com/search/JFK1610ATH1?marker=741311
172,155,USD,JFK,SVD,"St Vincent, Saint Vincent and the Grenadines",VC,2026-10-26,1,https://www.aviasales.com/search/JFK2610SVD1?marker=741311
173,156,USD,FLL,KIN,"Kingston, Jamaica",JM,2026-12-12,0,https://www.aviasales.com/search/FLL1212KIN1?marker=741311
174,158,USD,FLL,PVD,"Providence, United States",US,2026-11-09,1,https://www.aviasales.com/search/FLL0911PVD1?marker=741311
175,160,USD,MCO,CAK,"Akron, United States",US,2026-11-20,1,https://www.aviasales.com/search/MCO2011CAK1?marker=741311
176,160,USD,JFK,EVV,"Evansville, United States",US,2026-11-13,1,https://www.aviasales.com/search/JFK1311EVV1?marker=741311
177,161,USD,DTW,YMQ,"Montreal, Canada",CA,2026-10-14,0,https://www.aviasales.com/search/DTW1410YMQ1?marker=741311
178,161,USD,LAX,TGZ,"Tuxtla Gutierrez, Mexico",MX,2026-10-10,1,https://www.aviasales.com/search/LAX1010TGZ1?marker=741311
179,161,USD,BNA,TUP,"Tupelo, United States",US,2026-10-12,0,https://www.aviasales.com/search/BNA1210TUP1?marker=741311
180,162,USD,TPA,LEX,"Lexington, United States",US,2026-10-10,0,https://www.aviasales.com/search/TPA1010LEX1?marker=741311
181,163,USD,JFK,UIO,"Quito, Ecuador",EC,2026-12-15,1,https://www.aviasales.com/search/JFK1512UIO1?marker=741311
182,163,USD,ORD,SLP,"San Luis Potosi, Mexico",MX,2026-10-15,2,https://www.aviasales.com/search/ORD1510SLP1?marker=741311
183,164,USD,SLC,EAT,"Wenatchee, United States",US,2027-01-03,1,https://www.aviasales.com/search/SLC0301EAT1?marker=741311
184,164,USD,DEN,COS,"Colorado Springs, United States",US,2026-12-30,0,https://www.aviasales.com/search/DEN3012COS1?marker=741311
185,164,USD,AUS,MDE,"Medellin, Colombia",CO,2026-12-30,1,https://www.aviasales.com/search/AUS3012MDE1?marker=741311
186,165,USD,JFK,ROM,"Rome, Italy",IT,2026-10-20,0,https://www.aviasales.com/search/JFK2010ROM1?marker=741311
187,165,USD,IAD,PLS,"Providenciales, Turks and Caicos Islands",TC,2026-11-01,1,https://www.aviasales.com/search/IAD0111PLS1?marker=741311
188,166,USD,MCO,PSE,"Ponce, Puerto Rico",PR,2026-12-09,0,https://www.aviasales.com/search/MCO0912PSE1?marker=741311
189,166,USD,BOS,BHB,"Bar Harbor, United States",US,2026-10-13,0,https://www.aviasales.com/search/BOS1310BHB1?marker=741311
190,166,USD,SFO,LIH,"Kauai Island, United States",US,2026-11-08,0,https://www.aviasales.com/search/SFO0811LIH1?marker=741311
191,166,USD,FLL,BAQ,"Barranquilla, Colombia",CO,2026-11-18,0,https://www.aviasales.com/search/FLL1811BAQ1?marker=741311
192,166,USD,JFK,AGS,"Augusta, United States",US,2026-10-06,1,https://www.aviasales.com/search/JFK0610AGS1?marker=741311
193,166,USD,IAH,TRC,"Torreon, Mexico",MX,2026-10-12,3,https://www.aviasales.com/search/IAH1210TRC1?marker=741311
194,167,USD,MIA,SJO,"San Jose, Costa Rica",CR,2026-12-03,0,https://www.aviasales.com/search/MIA0312SJO1?marker=741311
195,169,USD,SEA,ANC,"Anchorage, United States",US,2026-12-05,0,https://www.aviasales.com/search/SEA0512ANC1?marker=741311
196,169,USD,FLL,ALB,"Albany, United States",US,2026-12-19,2,https://www.aviasales.com/search/FLL1912ALB1?marker=741311
197,170,USD,SAN,PSC,"Pasco, United States",US,2026-10-07,1,https://www.aviasales.com/search/SAN0710PSC1?marker=741311
198,170,USD,SEA,KTN,"Ketchikan, United States",US,2026-11-12,0,https://www.aviasales.com/search/SEA1211KTN1?marker=741311
199,171,USD,DFW,HRL,"Harlingen, United States",US,2026-12-15,0,https://www.aviasales.com/search/DFW1512HRL1?marker=741311
200,171,USD,DTW,YHZ,"Halifax, Canada",CA,2026-10-14,1,https://www.aviasales.com/search/DTW1410YHZ1?marker=741311
201,171,USD,LAX,GFK,"Grand Forks, United States",US,2026-11-11,1,https://www.aviasales.com/search/LAX1111GFK1?marker=741311
202,172,USD,IAH,TUS,"Tucson, United States",US,2026-10-30,1,https://www.aviasales.com/search/IAH3010TUS1?marker=741311
203,172,USD,PHL,PSP,"Palm Springs, United States",US,2026-11-18,1,https://www.aviasales.com/search/PHL1811PSP1?marker=741311
204,173,USD,MCO,PGD,"Punta Gorda, United States",US,2026-10-22,2,https://www.aviasales.com/search/MCO2210PGD1?marker=741311
205,174,USD,ORD,HAR,"Harrisburg, United States",US,2026-10-10,0,https://www.aviasales.com/search/ORD1010HAR1?marker=741311
206,174,USD,MIA,LIR,"Liberia, Costa Rica",CR,2026-10-23,0,https://www.aviasales.com/search/MIA2310LIR1?marker=741311
207,175,USD,TPA,KOA,"Kailua-Kona, United States",US,2026-12-04,1,https://www.aviasales.com/search/TPA0412KOA1?marker=741311
208,176,USD,MCO,MAF,"Midland, United States",US,2026-11-11,1,https://www.aviasales.com/search/MCO1111MAF1?marker=741311
209,179,USD,MIA,CTG,"Cartagena, Colombia",CO,2027-01-18,0,https://www.aviasales.com/search/MIA1801CTG1?marker=741311
210,180,USD,IAH,PVU,"Provo, United States",US,2027-01-18,1,https://www.aviasales.com/search/IAH1801PVU1?marker=741311
211,180,USD,BNA,YEA,"Edmonton, Canada",CA,2026-12-01,1,https://www.aviasales.com/search/BNA0112YEA1?marker=741311
212,182,USD,JFK,LON,"London, United Kingdom",GB,2026-10-18,0,https://www.aviasales.com/search/JFK1810LON1?marker=741311
213,182,USD,MCO,CRW,"Charleston, United States",US,2026-11-15,0,https://www.aviasales.com/search/MCO1511CRW1?marker=741311
214,182,USD,SFO,SEL,"Seoul, South Korea",KR,2027-03-17,0,https://www.aviasales.com/search/SFO1703SEL1?marker=741311
215,183,USD,ORD,MHK,"Manhattan, United States",US,2026-10-13,0,https://www.aviasales.com/search/ORD1310MHK1?marker=741311
216,185,USD,DFW,IRK,"Kirksville, United States",US,2026-10-09,0,https://www.aviasales.com/search/DFW0910IRK1?marker=741311
217,187,USD,PHX,ZIH,"Ixtapa, Mexico",MX,2026-11-08,1,https://www.aviasales.com/search/PHX0811ZIH1?marker=741311
218,188,USD,DFW,CZM,"Cozumel, Mexico",MX,2026-11-14,1,https://www.aviasales.com/search/DFW1411CZM1?marker=741311
219,188,USD,ORD,LCH,"Lake Charles, United States",US,2026-10-07,1,https://www.aviasales.com/search/ORD0710LCH1?marker=741311
220,191,USD,ATL,ILG,"Wilmington, United States",US,2026-10-12,1,https://www.aviasales.com/search/ATL1210ILG1?marker=741311
221,191,USD,BOS,OSL,"Oslo, Norway",NO,2026-10-12,1,https://www.aviasales.com/search/BOS1210OSL1?marker=741311
222,191,USD,SEA,PUW,"Pullman, United States",US,2026-12-20,0,https://www.aviasales.com/search/SEA2012PUW1?marker=741311
223,192,USD,MIA,CUC,"Cucuta, Colombia",CO,2026-10-31,2,https://www.aviasales.com/search/MIA3110CUC1?marker=741311
224,195,USD,DCA,JAN,"Jackson, United States",US,2026-10-13,0,https://www.aviasales.com/search/DCA1310JAN1?marker=741311
225,195,USD,FLL,SAP,"San Pedro Sula, Honduras",HN,2027-01-31,0,https://www.aviasales.com/search/FLL3101SAP1?marker=741311
226,197,USD,SEA,FRA,"Frankfurt, Germany",DE,2026-10-24,1,https://www.aviasales.com/search/SEA2410FRA1?marker=741311
227,199,USD,IAH,TAP,"Tapachula, Mexico",MX,2026-10-11,2,https://www.aviasales.com/search/IAH1110TAP1?marker=741311
228,200,USD,DEN,GUC,"Gunnison, United States",US,2026-10-10,0,https://www.aviasales.com/search/DEN1010GUC1?marker=741311
229,201,USD,BOS,BCN,"Barcelona, Spain",ES,2026-10-18,0,https://www.aviasales.com/search/BOS1810BCN1?marker=741311
230,203,USD,DEN,LNK,"Lincoln, United States",US,2026-10-10,0,https://www.aviasales.com/search/DEN1010LNK1?marker=741311
231,204,USD,MIA,VRB,"Vero Beach, United States",US,2026-10-10,1,https://www.aviasales.com/search/MIA1010VRB1?marker=741311
232,204,USD,JFK,VCE,"Venice, Italy",IT,2026-10-20,1,https://www.aviasales.com/search/JFK2010VCE1?marker=741311
233,205,USD,DEN,ASE,"Aspen, United States",US,2026-10-09,0,https://www.aviasales.com/search/DEN0910ASE1?marker=741311
234,205,USD,MIA,STT,"Saint Thomas, U.S. Virgin Islands",VI,2027-01-25,0,https://www.aviasales.com/search/MIA2501STT1?marker=741311
235,205,USD,SFO,ACV,"Arcata, United States",US,2026-10-08,0,https://www.aviasales.com/search/SFO0810ACV1?marker=741311
236,207,USD,DFW,OWB,"Owensboro, United States",US,2026-10-08,2,https://www.aviasales.com/search/DFW0810OWB1?marker=741311
237,207,USD,PHL,LBB,"Lubbock, United States",US,2026-12-24,2,https://www.aviasales.com/search/PHL2412LBB1?marker=741311
238,207,USD,BNA,ACA,"Acapulco, Mexico",MX,2026-11-30,1,https://www.aviasales.com/search/BNA3011ACA1?marker=741311
239,208,USD,MIA,TQO,"Tulum, Mexico",MX,2027-01-04,0,https://www.aviasales.com/search/MIA0401TQO1?marker=741311
240,210,USD,JFK,LCA,"Larnaca, Cyprus",CY,2026-10-15,1,https://www.aviasales.com/search/JFK1510LCA1?marker=741311
241,210,USD,JFK,SOF,"Sofia, Bulgaria",BG,2026-10-20,1,https://www.aviasales.com/search/JFK2010SOF1?marker=741311
242,211,USD,JFK,MIL,"Milan, Italy",IT,2026-10-20,1,https://www.aviasales.com/search/JFK2010MIL1?marker=741311
243,211,USD,ORD,AMA,"Amarillo, United States",US,2027-01-01,1,https://www.aviasales.com/search/ORD0101AMA1?marker=741311
244,213,USD,JFK,BJV,"Bodrum, Turkiye",TR,2026-10-20,1,https://www.aviasales.com/search/JFK2010BJV1?marker=741311
245,213,USD,JFK,CAP,"Cap Haitien, Haiti",HT,2026-12-23,1,https://www.aviasales.com/search/JFK2312CAP1?marker=741311
246,214,USD,MIA,SCL,"Santiago, Chile",CL,2027-01-19,1,https://www.aviasales.com/search/MIA1901SCL1?marker=741311
247,214,USD,IAH,BTR,"Baton Rouge, United States",US,2026-10-10,0,https://www.aviasales.com/search/IAH1010BTR1?marker=741311
248,215,USD,ORD,MLM,"Morelia, Mexico",MX,2026-10-07,0,https://www.aviasales.com/search/ORD0710MLM1?marker=741311
249,216,USD,PHL,BGR,"Bangor, United States",US,2026-10-10,1,https://www.aviasales.com/search/PHL1010BGR1?marker=741311
250,217,USD,DEN,PIR,"Pierre, United States",US,2026-10-10,0,https://www.aviasales.com/search/DEN1010PIR1?marker=741311
251,217,USD,ORD,TVC,"Traverse City, United States",US,2026-10-10,0,https://www.aviasales.com/search/ORD1010TVC1?marker=741311
252,218,USD,JFK,PAR,"Paris, France",FR,2026-10-13,1,https://www.aviasales.com/search/JFK1310PAR1?marker=741311
253,218,USD,DEN,CNY,"Moab, United States",US,2026-10-08,0,https://www.aviasales.com/search/DEN0810CNY1?marker=741311
254,219,USD,JFK,BUH,"Bucharest, Romania",RO,2026-10-19,1,https://www.aviasales.com/search/JFK1910BUH1?marker=741311
255,219,USD,ORD,PBC,"Puebla, Mexico",MX,2026-12-24,1,https://www.aviasales.com/search/ORD2412PBC1?marker=741311
256,219,USD,DEN,EAR,"Kearney, United States",US,2026-10-11,0,https://www.aviasales.com/search/DEN1110EAR1?marker=741311
257,220,USD,RDU,USA,"Concord, United States",US,2026-10-11,1,https://www.aviasales.com/search/RDU1110USA1?marker=741311
258,221,USD,ORD,VER,"Veracruz, Mexico",MX,2026-10-11,1,https://www.aviasales.com/search/ORD1110VER1?marker=741311
259,222,USD,DTW,BTV,"Burlington, United States",US,2026-10-12,2,https://www.aviasales.com/search/DTW1210BTV1?marker=741311
260,222,USD,MIA,GGT,"George Town, Bahamas",BS,2026-11-15,1,https://www.aviasales.com/search/MIA1511GGT1?marker=741311
261,222,USD,TPA,HAV,"Havana, Cuba",CU,2026-11-11,0,https://www.aviasales.com/search/TPA1111HAV1?marker=741311
262,222,USD,LAX,MRY,"Monterey, United States",US,2026-10-27,2,https://www.aviasales.com/search/LAX2710MRY1?marker=741311
263,223,USD,LAX,EUG,"Eugene, United States",US,2026-10-11,1,https://www.aviasales.com/search/LAX1110EUG1?marker=741311
264,224,USD,DTW,BMI,"Bloomington, United States",US,2026-10-13,1,https://www.aviasales.com/search/DTW1310BMI1?marker=741311
265,224,USD,JFK,ANU,"Saint John's, Antigua and Barbuda",AG,2027-01-08,1,https://www.aviasales.com/search/JFK0801ANU1?marker=741311
266,224,USD,LAX,HMO,"Hermosillo, Mexico",MX,2026-10-09,1,https://www.aviasales.com/search/LAX0910HMO1?marker=741311
267,225,USD,JFK,SJJ,"Sarajevo, Bosnia and Herzegovina",BA,2026-10-20,2,https://www.aviasales.com/search/JFK2010SJJ1?marker=741311
268,225,USD,JFK,MLA,"Malta, Malta",MT,2026-10-17,1,https://www.aviasales.com/search/JFK1710MLA1?marker=741311
269,226,USD,LAX,MNL,"Manila, Philippines",PH,2027-03-15,1,https://www.aviasales.com/search/LAX1503MNL1?marker=741311
270,226,USD,JFK,DLM,"Dalaman, Turkiye",TR,2026-10-20,1,https://www.aviasales.com/search/JFK2010DLM1?marker=741311
271,226,USD,SFO,RDD,"Redding, United States",US,2026-10-09,0,https://www.aviasales.com/search/SFO0910RDD1?marker=741311
272,227,USD,JFK,NAP,"Naples, Italy",IT,2026-10-15,1,https://www.aviasales.com/search/JFK1510NAP1?marker=741311
273,227,USD,MIA,BUE,"Buenos Aires, Argentina",AR,2026-11-12,1,https://www.aviasales.com/search/MIA1211BUE1?marker=741311
274,227,USD,BOS,STO,"Stockholm, Sweden",SE,2026-11-18,1,https://www.aviasales.com/search/BOS1811STO1?marker=741311
275,227,USD,ORD,PIA,"Peoria, United States",US,2026-10-13,1,https://www.aviasales.com/search/ORD1310PIA1?marker=741311
276,228,USD,SAN,CEC,"Crescent City, United States",US,2026-10-10,1,https://www.aviasales.com/search/SAN1010CEC1?marker=741311
277,229,USD,JFK,NCE,"Nice, France",FR,2026-10-23,1,https://www.aviasales.com/search/JFK2310NCE1?marker=741311
278,230,USD,JFK,IST,"Istanbul, Turkiye",TR,2026-10-16,1,https://www.aviasales.com/search/JFK1610IST1?marker=741311
279,231,USD,PHX,OGG,"Kahului, United States",US,2027-02-09,1,https://www.aviasales.com/search/PHX0902OGG1?marker=741311
280,231,USD,ORD,MLB,"Melbourne, United States",US,2026-12-22,1,https://www.aviasales.com/search/ORD2212MLB1?marker=741311
281,232,USD,DEN,RAP,"Rapid City, United States",US,2026-10-10,1,https://www.aviasales.com/search/DEN1010RAP1?marker=741311
282,232,USD,JFK,GCM,"Georgetown, Cayman Islands",KY,2027-02-20,1,https://www.aviasales.com/search/JFK2002GCM1?marker=741311
283,234,USD,ATL,DAB,"Daytona Beach, United States",US,2026-10-09,1,https://www.aviasales.com/search/ATL0910DAB1?marker=741311
284,234,USD,JFK,VIE,"Vienna, Austria",AT,2026-10-23,1,https://www.aviasales.com/search/JFK2310VIE1?marker=741311
285,234,USD,JFK,RMO,"Chisinau, Moldova",MD,2026-10-19,1,https://www.aviasales.com/search/JFK1910RMO1?marker=741311
286,235,USD,LAX,PRC,"Prescott, United States",US,2026-10-08,0,https://www.aviasales.com/search/LAX0810PRC1?marker=741311
287,235,USD,MCO,WAW,"Warsaw, Poland",PL,2026-10-07,2,https://www.aviasales.com/search/MCO0710WAW1?marker=741311
288,236,USD,MCO,POS,"Port Of Spain, Trinidad and Tobago",TT,2026-10-12,0,https://www.aviasales.com/search/MCO1210POS1?marker=741311
289,237,USD,DFW,MFE,"McAllen, United States",US,2026-12-15,0,https://www.aviasales.com/search/DFW1512MFE1?marker=741311
290,237,USD,LAX,MFR,"Medford, United States",US,2026-10-14,1,https://www.aviasales.com/search/LAX1410MFR1?marker=741311
291,237,USD,BNA,AVP,"Wilkes-Barre, United States",US,2026-10-14,1,https://www.aviasales.com/search/BNA1410AVP1?marker=741311
292,238,USD,LAX,MID,"Merida, Mexico",MX,2026-11-11,1,https://www.aviasales.com/search/LAX1111MID1?marker=741311
293,239,USD,DCA,YQR,"Regina, Canada",CA,2026-11-21,2,https://www.aviasales.com/search/DCA2111YQR1?marker=741311
294,240,USD,SEA,SBA,"Santa Barbara, United States",US,2026-10-09,0,https://www.aviasales.com/search/SEA0910SBA1?marker=741311
295,241,USD,MIA,ECP,"Panama City, United States",US,2026-11-04,1,https://www.aviasales.com/search/MIA0411ECP1?marker=741311
296,241,USD,LAX,SGU,"Saint George, United States",US,2026-10-08,0,https://www.aviasales.com/search/LAX0810SGU1?marker=741311
297,242,USD,SFO,TYO,"Tokyo, Japan",JP,2027-03-16,0,https://www.aviasales.com/search/SFO1603TYO1?marker=741311
298,242,USD,DFW,BRO,"Brownsville, United States",US,2026-12-15,0,https://www.aviasales.com/search/DFW1512BRO1?marker=741311
299,242,USD,SLC,TWF,"Twin Falls, United States",US,2026-10-11,1,https://www.aviasales.com/search/SLC1110TWF1?marker=741311
300,242,USD,FLL,PTY,"Panama City, Panama",PA,2027-04-01,1,https://www.aviasales.com/search/FLL0104PTY1?marker=741311
301,243,USD,LAX,OSA,"Osaka, Japan",JP,2027-03-15,1,https://www.aviasales.com/search/LAX1503OSA1?marker=741311
302,243,USD,JFK,TAB,"Tobago, Trinidad and Tobago",TT,2026-10-16,1,https://www.aviasales.com/search/JFK1610TAB1?marker=741311
303,243,USD,SEA,YYJ,"Victoria, Canada",CA,2026-10-11,2,https://www.aviasales.com/search/SEA1110YYJ1?marker=741311
304,244,USD,SFO,SGN,"Ho Chi Minh City, Vietnam",VN,2026-11-14,1,https://www.aviasales.com/search/SFO1411SGN1?marker=741311
305,244,USD,ORD,GRI,"Grand Island, United States",US,2026-10-14,2,https://www.aviasales.com/search/ORD1410GRI1?marker=741311
306,244,USD,DEN,TEX,"Telluride, United States",US,2026-10-11,0,https://www.aviasales.com/search/DEN1110TEX1?marker=741311
307,247,USD,SFO,BKK,"Bangkok, Thailand",TH,2026-10-21,2,https://www.aviasales.com/search/SFO2110BKK1?marker=741311
308,249,USD,DCA,BUD,"Budapest, Hungary",HU,2026-10-28,2,https://www.aviasales.com/search/DCA2810BUD1?marker=741311
309,249,USD,LAX,CRK,"City of Angeles, Philippines",PH,2026-11-22,1,https://www.aviasales.com/search/LAX2211CRK1?marker=741311
310,250,USD,JFK,KUT,"Kutaisi, Georgia",GE,2026-10-15,1,https://www.aviasales.com/search/JFK1510KUT1?marker=741311
311,250,USD,CLT,TAM,"Tampico, Mexico",MX,2026-12-09,1,https://www.aviasales.com/search/CLT0912TAM1?marker=741311
312,251,USD,JFK,BRU,"Brussels, Belgium",BE,2026-10-16,1,https://www.aviasales.com/search/JFK1610BRU1?marker=741311
313,251,USD,JFK,MAN,"Manchester, United Kingdom",GB,2026-10-14,1,https://www.aviasales.com/search/JFK1410MAN1?marker=741311
314,251,USD,JFK,PRG,"Prague, Czech Republic",CZ,2026-10-23,1,https://www.aviasales.com/search/JFK2310PRG1?marker=741311
315,252,USD,JFK,ALG,"Algiers, Algeria",DZ,2026-10-18,2,https://www.aviasales.com/search/JFK1810ALG1?marker=741311
316,254,USD,JFK,MVY,"Martha's Vineyard, United States",US,2026-10-11,0,https://www.aviasales.com/search/JFK1110MVY1?marker=741311
317,255,USD,LAS,SHV,"Shreveport, United States",US,2026-10-09,0,https://www.aviasales.com/search/LAS0910SHV1?marker=741311
318,255,USD,JFK,CAI,"Cairo, Egypt",EG,2026-12-31,1,https://www.aviasales.com/search/JFK3112CAI1?marker=741311
319,256,USD,SEA,RDM,"Redmond, United States",US,2026-10-11,0,https://www.aviasales.com/search/SEA1110RDM1?marker=741311
320,257,USD,JFK,ACK,"Nantucket, United States",US,2026-10-11,0,https://www.aviasales.com/search/JFK1110ACK1?marker=741311
321,258,USD,JFK,MRS,"Marseille, France",FR,2026-10-14,2,https://www.aviasales.com/search/JFK1410MRS1?marker=741311
322,258,USD,JFK,LJU,"Ljubljana, Slovenia",SI,2026-10-11,1,https://www.aviasales.com/search/JFK1110LJU1?marker=741311
323,258,USD,SEA,YKM,"Yakima, United States",US,2026-10-10,0,https://www.aviasales.com/search/SEA1010YKM1?marker=741311
324,258,USD,FLL,BGA,"Bucaramanga, Colombia",CO,2027-01-18,1,https://www.aviasales.com/search/FLL1801BGA1?marker=741311
325,259,USD,FLL,GGG,"Longview, United States",US,2026-10-31,3,https://www.aviasales.com/search/FLL3110GGG1?marker=741311
326,259,USD,ORD,TOL,"Toledo, United States",US,2026-10-15,1,https://www.aviasales.com/search/ORD1510TOL1?marker=741311
327,260,USD,JFK,SLU,"Castries, Saint Lucia",LC,2026-10-06,1,https://www.aviasales.com/search/JFK0610SLU1?marker=741311
328,261,USD,MIA,SAO,"Sao Paulo, Brazil",BR,2027-02-25,1,https://www.aviasales.com/search/MIA2502SAO1?marker=741311
329,261,USD,BOS,RAI,"Praia, Cape Verde",CV,2026-11-12,1,https://www.aviasales.com/search/BOS1211RAI1?marker=741311
330,262,USD,JFK,MAD,"Madrid, Spain",ES,2026-10-13,1,https://www.aviasales.com/search/JFK1310MAD1?marker=741311
331,262,USD,JFK,MUC,"Munich, Germany",DE,2026-10-14,1,https://www.aviasales.com/search/JFK1410MUC1?marker=741311
332,262,USD,ORD,GRB,"Green Bay, United States",US,2026-10-12,0,https://www.aviasales.com/search/ORD1210GRB1?marker=741311
333,262,USD,ORD,BLV,"Belleville, United States",US,2026-10-15,1,https://www.aviasales.com/search/ORD1510BLV1?marker=741311
334,262,USD,DEN,GCC,"Gillette, United States",US,2026-10-08,0,https://www.aviasales.com/search/DEN0810GCC1?marker=741311
335,263,USD,JFK,MSS,"Massena, United States",US,2026-10-12,1,https://www.aviasales.com/search/JFK1210MSS1?marker=741311
336,263,USD,SAN,LTO,"Loreto, Mexico",MX,2026-10-30,2,https://www.aviasales.com/search/SAN3010LTO1?marker=741311
337,263,USD,LAX,YMM,"Fort McMurray, Canada",CA,2026-11-07,3,https://www.aviasales.com/search/LAX0711YMM1?marker=741311
338,264,USD,JFK,KRK,"Krakow, Poland",PL,2026-10-23,1,https://www.aviasales.com/search/JFK2310KRK1?marker=741311
339,265,USD,JFK,CPH,"Copenhagen, Denmark",DK,2026-10-25,1,https://www.aviasales.com/search/JFK2510CPH1?marker=741311
340,266,USD,JFK,BER,"Berlin, Germany",DE,2026-10-13,1,https://www.aviasales.com/search/JFK1310BER1?marker=741311
341,266,USD,IAD,IAG,"Niagara Falls, United States",US,2026-10-10,1,https://www.aviasales.com/search/IAD1010IAG1?marker=741311
342,266,USD,RDU,EWN,"New Bern, United States",US,2026-10-09,1,https://www.aviasales.com/search/RDU0910EWN1?marker=741311
343,267,USD,JFK,AMS,"Amsterdam, Netherlands",NL,2026-11-17,1,https://www.aviasales.com/search/JFK1711AMS1?marker=741311
344,267,USD,PHX,WUH,"Wuhan, China",CN,2026-12-01,2,https://www.aviasales.com/search/PHX0112WUH1?marker=741311
345,269,USD,JFK,ALY,"Alexandria, Egypt",EG,2026-10-13,2,https://www.aviasales.com/search/JFK1310ALY1?marker=741311
346,269,USD,IAH,ALS,"Alamosa, United States",US,2026-10-12,1,https://www.aviasales.com/search/IAH1210ALS1?marker=741311
347,269,USD,LAX,PUB,"Pueblo, United States",US,2026-10-22,1,https://www.aviasales.com/search/LAX2210PUB1?marker=741311
348,270,USD,BOS,EDI,"Edinburgh, United Kingdom",GB,2026-11-15,1,https://www.aviasales.com/search/BOS1511EDI1?marker=741311
349,270,USD,MIA,GEO,"Georgetown, Guyana",GY,2026-10-16,2,https://www.aviasales.com/search/MIA1610GEO1?marker=741311
350,271,USD,JFK,TCI,"Tenerife, Spain",ES,2026-10-11,1,https://www.aviasales.com/search/JFK1110TCI1?marker=741311
351,272,USD,JFK,EVN,"Yerevan, Armenia",AM,2026-10-18,1,https://www.aviasales.com/search/JFK1810EVN1?marker=741311
352,272,USD,ORD,DAY,"Dayton, United States",US,2026-10-10,0,https://www.aviasales.com/search/ORD1010DAY1?marker=741311
353,273,USD,JFK,RUT,"Rutland, United States",US,2026-10-13,1,https://www.aviasales.com/search/JFK1310RUT1?marker=741311
354,274,USD,BOS,GDN,"Gdansk, Poland",PL,2026-10-30,1,https://www.aviasales.com/search/BOS3010GDN1?marker=741311
355,274,USD,RDU,AUW,"Wausau, United States",US,2026-10-26,2,https://www.aviasales.com/search/RDU2610AUW1?marker=741311
356,275,USD,SAN,JNU,"Juneau, United States",US,2026-11-03,1,https://www.aviasales.com/search/SAN0311JNU1?marker=741311
357,276,USD,BOS,DUB,"Dublin, Ireland",IE,2026-10-16,0,https://www.aviasales.com/search/BOS1610DUB1?marker=741311
358,276,USD,PDX,FAI,"Fairbanks, United States",US,2026-10-06,1,https://www.aviasales.com/search/PDX0610FAI1?marker=741311
359,276,USD,LAX,ITO,"Hilo, United States",US,2026-12-05,1,https://www.aviasales.com/search/LAX0512ITO1?marker=741311
360,278,USD,SFO,DPS,"Denpasar (Bali), Indonesia",ID,2026-11-11,2,https://www.aviasales.com/search/SFO1111DPS1?marker=741311
361,278,USD,JFK,RZE,"Rzeszow, Poland",PL,2026-10-22,1,https://www.aviasales.com/search/JFK2210RZE1?marker=741311
362,279,USD,PHL,DAC,"Dhaka, Bangladesh",BD,2027-01-31,2,https://www.aviasales.com/search/PHL3101DAC1?marker=741311
363,280,USD,JFK,BEG,"Belgrade, Serbia",RS,2026-10-24,1,https://www.aviasales.com/search/JFK2410BEG1?marker=741311
364,280,USD,JFK,AYT,"Antalya, Turkiye",TR,2026-10-11,1,https://www.aviasales.com/search/JFK1110AYT1?marker=741311
365,280,USD,PHX,MTJ,"Montrose, United States",US,2026-10-13,1,https://www.aviasales.com/search/PHX1310MTJ1?marker=741311
366,281,USD,DCA,SCE,"State College, United States",US,2026-10-12,1,https://www.aviasales.com/search/DCA1210SCE1?marker=741311
367,282,USD,JFK,DXB,"Dubai, United Arab Emirates",AE,2026-10-18,1,https://www.aviasales.com/search/JFK1810DXB1?marker=741311
368,282,USD,JFK,SSH,"Sharm el Sheikh, Egypt",EG,2026-10-12,1,https://www.aviasales.com/search/JFK1210SSH1?marker=741311
369,283,USD,IAH,STX,"Saint Croix, U.S. Virgin Islands",VI,2026-12-28,1,https://www.aviasales.com/search/IAH2812STX1?marker=741311
370,283,USD,BOS,IBZ,"Ibiza, Spain",ES,2026-10-14,2,https://www.aviasales.com/search/BOS1410IBZ1?marker=741311
371,283,USD,MIA,PTP,"Pointe-a-pitre, Guadeloupe",GP,2026-12-16,0,https://www.aviasales.com/search/MIA1612PTP1?marker=741311
372,283,USD,MCO,BRL,"Burlington, United States",US,2026-10-10,1,https://www.aviasales.com/search/MCO1010BRL1?marker=741311
373,284,USD,JFK,RAK,"Marrakech, Morocco",MA,2026-10-10,2,https://www.aviasales.com/search/JFK1010RAK1?marker=741311
374,284,USD,MIA,JUL,"Juliaca, Peru",PE,2026-11-29,2,https://www.aviasales.com/search/MIA2911JUL1?marker=741311
375,284,USD,DTW,ATW,"Appleton, United States",US,2026-10-09,1,https://www.aviasales.com/search/DTW0910ATW1?marker=741311
376,284,USD,LAX,CSX,"Changsha, China",CN,2026-10-20,1,https://www.aviasales.com/search/LAX2010CSX1?marker=741311
377,285,USD,JFK,BHZ,"Belo Horizonte, Brazil",BR,2026-11-11,1,https://www.aviasales.com/search/JFK1111BHZ1?marker=741311
378,286,USD,MIA,MGA,"Managua, Nicaragua",NI,2026-11-30,1,https://www.aviasales.com/search/MIA3011MGA1?marker=741311
379,286,USD,MSP,FAR,"Fargo, United States",US,2026-10-13,2,https://www.aviasales.com/search/MSP1310FAR1?marker=741311
380,287,USD,BOS,TIA,"Tirana, Albania",AL,2026-11-08,3,https://www.aviasales.com/search/BOS0811TIA1?marker=741311
381,288,USD,JFK,LIS,"Lisbon, Portugal",PT,2026-10-17,1,https://www.aviasales.com/search/JFK1710LIS1?marker=741311
382,288,USD,SEA,YLW,"Kelowna, Canada",CA,2026-10-13,2,https://www.aviasales.com/search/SEA1310YLW1?marker=741311
383,289,USD,JFK,BHX,"Birmingham, United Kingdom",GB,2026-10-05,2,https://www.aviasales.com/search/JFK0510BHX1?marker=741311
384,289,USD,IAD,FNT,"Flint, United States",US,2026-11-24,2,https://www.aviasales.com/search/IAD2411FNT1?marker=741311
385,290,USD,JFK,GTF,"Great Falls, United States",US,2027-03-21,1,https://www.aviasales.com/search/JFK2103GTF1?marker=741311
386,291,USD,JFK,TGD,"Podgorica, Montenegro",ME,2026-10-21,2,https://www.aviasales.com/search/JFK2110TGD1?marker=741311
387,293,USD,IAD,HEL,"Helsinki, Finland",FI,2026-11-03,1,https://www.aviasales.com/search/IAD0311HEL1?marker=741311
388,294,USD,LAX,SUN,"Sun Valley, United States",US,2026-10-13,1,https://www.aviasales.com/search/LAX1310SUN1?marker=741311
389,294,USD,LAX,CEB,"Cebu City, Philippines",PH,2027-03-15,1,https://www.aviasales.com/search/LAX1503CEB1?marker=741311
390,297,USD,JFK,VNO,"Vilnius, Lithuania",LT,2026-10-17,1,https://www.aviasales.com/search/JFK1710VNO1?marker=741311
391,297,USD,SLC,WYS,"West Yellowstone, United States",US,2026-10-11,1,https://www.aviasales.com/search/SLC1110WYS1?marker=741311
392,297,USD,TPA,LYH,"Lynchburg, United States",US,2026-10-10,2,https://www.aviasales.com/search/TPA1010LYH1?marker=741311
393,300,USD,JFK,TBS,"Tbilisi, Georgia",GE,2026-10-15,1,https://www.aviasales.com/search/JFK1510TBS1?marker=741311
394,300,USD,IAD,VLC,"Valencia, Spain",ES,2026-10-27,2,https://www.aviasales.com/search/IAD2710VLC1?marker=741311
395,300,USD,IAD,LYS,"Lyon, France",FR,2026-10-20,1,https://www.aviasales.com/search/IAD2010LYS1?marker=741311
396,301,USD,JFK,DUS,"Dusseldorf, Germany",DE,2026-10-16,1,https://www.aviasales.com/search/JFK1610DUS1?marker=741311
397,302,USD,JFK,CHO,"Charlottesville, United States",US,2026-10-14,1,https://www.aviasales.com/search/JFK1410CHO1?marker=741311
398,302,USD,JFK,RIO,"Rio de Janeiro, Brazil",BR,2026-11-09,1,https://www.aviasales.com/search/JFK0911RIO1?marker=741311
399,303,USD,JFK,REU,"Reus, Spain",ES,2026-10-20,1,https://www.aviasales.com/search/JFK2010REU1?marker=741311
400,304,USD,IAD,BIL,"Billings, United States",US,2026-10-13,1,https://www.aviasales.com/search/IAD1310BIL1?marker=741311
401,305,USD,JFK,BAK,"Baku, Azerbaijan",AZ,2026-10-23,1,https://www.aviasales.com/search/JFK2310BAK1?marker=741311
402,306,USD,ORD,ALC,"Alicante, Spain",ES,2026-12-02,2,https://www.aviasales.com/search/ORD0212ALC1?marker=741311
403,307,USD,JFK,SKP,"Skopje, North Macedonia",MK,2026-10-06,1,https://www.aviasales.com/search/JFK0610SKP1?marker=741311
404,308,USD,LAX,CTM,"Chetumal, Mexico",MX,2026-10-22,1,https://www.aviasales.com/search/LAX2210CTM1?marker=741311
405,309,USD,MIA,CMN,"Casablanca, Morocco",MA,2027-03-02,1,https://www.aviasales.com/search/MIA0203CMN1?marker=741311
406,309,USD,PHX,GCN,"Grand Canyon, United States",US,2026-10-13,0,https://www.aviasales.com/search/PHX1310GCN1?marker=741311
407,309,USD,BOS,ITH,"Ithaca, United States",US,2026-10-10,1,https://www.aviasales.com/search/BOS1010ITH1?marker=741311
408,309,USD,JFK,KUN,"Kaunas, Lithuania",LT,2026-10-17,1,https://www.aviasales.com/search/JFK1710KUN1?marker=741311
409,311,USD,ATL,FAY,"Fayetteville, United States",US,2026-10-11,1,https://www.aviasales.com/search/ATL1110FAY1?marker=741311
410,311,USD,JFK,TUN,"Tunis, Tunisia",TN,2026-10-16,1,https://www.aviasales.com/search/JFK1610TUN1?marker=741311
411,311,USD,JFK,PDL,"Ponta Delgada, Portugal",PT,2026-10-06,1,https://www.aviasales.com/search/JFK0610PDL1?marker=741311
412,313,USD,DCA,GNV,"Gainesville, United States",US,2027-03-15,2,https://www.aviasales.com/search/DCA1503GNV1?marker=741311
413,313,USD,JFK,EIN,"Eindhoven, Netherlands",NL,2026-10-16,1,https://www.aviasales.com/search/JFK1610EIN1?marker=741311
414,313,USD,CLT,EGE,"Vail, United States",US,2026-10-15,1,https://www.aviasales.com/search/CLT1510EGE1?marker=741311
415,314,USD,LAX,GJT,"Grand Junction, United States",US,2026-10-13,1,https://www.aviasales.com/search/LAX1310GJT1?marker=741311
416,316,USD,TPA,FOC,"Fuzhou, China",CN,2026-11-03,2,https://www.aviasales.com/search/TPA0311FOC1?marker=741311
417,316,USD,FLL,ORH,"Worcester, United States",US,2026-10-08,0,https://www.aviasales.com/search/FLL0810ORH1?marker=741311
418,320,USD,DFW,LAR,"Laramie, United States",US,2026-10-14,1,https://www.aviasales.com/search/DFW1410LAR1?marker=741311
419,320,USD,ORD,AIA,"Alliance, United States",US,2026-10-11,1,https://www.aviasales.com/search/ORD1110AIA1?marker=741311
420,320,USD,SEA,CYS,"Cheyenne, United States",US,2026-10-14,2,https://www.aviasales.com/search/SEA1410CYS1?marker=741311
421,321,USD,MIA,BSB,"Brasilia, Brazil",BR,2026-11-23,1,https://www.aviasales.com/search/MIA2311BSB1?marker=741311
422,324,USD,SFO,SIN,"Singapore, Singapore",SG,2026-11-27,0,https://www.aviasales.com/search/SFO2711SIN1?marker=741311
423,325,USD,LAX,HKG,"Hong Kong, Hong Kong",HK,2026-11-17,1,https://www.aviasales.com/search/LAX1711HKG1?marker=741311
424,326,USD,MIA,SLA,"Salta, Argentina",AR,2026-11-03,2,https://www.aviasales.com/search/MIA0311SLA1?marker=741311
425,326,USD,MIA,OGL,"Georgetown, Guyana",GY,2026-10-16,1,https://www.aviasales.com/search/MIA1610OGL1?marker=741311
426,328,USD,FLL,CUR,"Curacao, Curaçao",CW,2026-10-05,1,https://www.aviasales.com/search/FLL0510CUR1?marker=741311
427,328,USD,BOS,FDF,"Fort-de-France, Martinique",MQ,2026-10-15,1,https://www.aviasales.com/search/BOS1510FDF1?marker=741311
428,328,USD,MIA,BZE,"Belize City, Belize",BZ,2026-11-08,1,https://www.aviasales.com/search/MIA0811BZE1?marker=741311
429,330,USD,JFK,DUJ,"Du Bois, United States",US,2026-10-10,1,https://www.aviasales.com/search/JFK1010DUJ1?marker=741311
430,331,USD,IAD,MED,"Medina, Saudi Arabia",SA,2026-10-08,1,https://www.aviasales.com/search/IAD0810MED1?marker=741311
431,331,USD,JFK,PFO,"Paphos, Cyprus",CY,2026-10-07,2,https://www.aviasales.com/search/JFK0710PFO1?marker=741311
432,332,USD,DFW,CNM,"Carlsbad, United States",US,2026-10-12,1,https://www.aviasales.com/search/DFW1210CNM1?marker=741311
433,332,USD,JFK,AGP,"Malaga, Spain",ES,2026-10-07,1,https://www.aviasales.com/search/JFK0710AGP1?marker=741311
434,333,USD,ATL,AUG,"Augusta, United States",US,2026-10-10,1,https://www.aviasales.com/search/ATL1010AUG1?marker=741311
435,333,USD,JFK,BOM,"Mumbai, India",IN,2027-03-30,1,https://www.aviasales.com/search/JFK3003BOM1?marker=741311
436,333,USD,SFO,CRP,"Corpus Christi, United States",US,2026-10-18,1,https://www.aviasales.com/search/SFO1810CRP1?marker=741311
437,334,USD,MCO,DBV,"Dubrovnik, Croatia",HR,2026-10-09,1,https://www.aviasales.com/search/MCO0910DBV1?marker=741311
438,334,USD,JFK,CGN,"Cologne, Germany",DE,2026-12-10,1,https://www.aviasales.com/search/JFK1012CGN1?marker=741311
439,335,USD,ORD,AZO,"Kalamazoo, United States",US,2026-10-25,0,https://www.aviasales.com/search/ORD2510AZO1?marker=741311
440,335,USD,FLL,SPI,"Springfield, United States",US,2026-10-15,2,https://www.aviasales.com/search/FLL1510SPI1?marker=741311
441,335,USD,JFK,SZG,"Salzburg, Austria",AT,2026-10-18,2,https://www.aviasales.com/search/JFK1810SZG1?marker=741311
442,336,USD,JFK,UBS,"Columbus, United States",US,2026-10-14,1,https://www.aviasales.com/search/JFK1410UBS1?marker=741311
443,336,USD,SFO,PPT,"Papeete, French Polynesia",PF,2027-01-13,0,https://www.aviasales.com/search/SFO1301PPT1?marker=741311
444,337,USD,MIA,GYN,"Goiania, Brazil",BR,2026-11-13,2,https://www.aviasales.com/search/MIA1311GYN1?marker=741311
445,337,USD,ORD,STC,"Saint Cloud, United States",US,2026-10-09,1,https://www.aviasales.com/search/ORD0910STC1?marker=741311
446,338,USD,LAX,OPO,"Porto, Portugal",PT,2026-11-10,2,https://www.aviasales.com/search/LAX1011OPO1?marker=741311
447,338,USD,JFK,SKG,"Thessaloniki, Greece",GR,2026-10-23,1,https://www.aviasales.com/search/JFK2310SKG1?marker=741311
448,338,USD,MIA,XPL,"Comayagua, Honduras",HN,2026-11-30,0,https://www.aviasales.com/search/MIA3011XPL1?marker=741311
449,338,USD,JFK,CFU,"Kerkyra, Greece",GR,2026-10-08,1,https://www.aviasales.com/search/JFK0810CFU1?marker=741311
450,339,USD,MIA,GND,"St. George's, Grenada",GD,2026-12-10,1,https://www.aviasales.com/search/MIA1012GND1?marker=741311
451,339,USD,JFK,TLL,"Tallinn, Estonia",EE,2027-01-03,1,https://www.aviasales.com/search/JFK0301TLL1?marker=741311
452,340,USD,JFK,GLA,"Glasgow, United Kingdom",GB,2026-11-30,2,https://www.aviasales.com/search/JFK3011GLA1?marker=741311
453,341,USD,MIA,PMV,"Porlamar, Venezuela",VE,2027-01-18,1,https://www.aviasales.com/search/MIA1801PMV1?marker=741311
454,341,USD,JFK,ZRH,"Zurich, Switzerland",CH,2026-12-02,1,https://www.aviasales.com/search/JFK0212ZRH1?marker=741311
455,342,USD,JFK,JED,"Jeddah, Saudi Arabia",SA,2027-02-16,1,https://www.aviasales.com/search/JFK1602JED1?marker=741311
456,342,USD,JFK,TRN,"Turin, Italy",IT,2026-10-09,2,https://www.aviasales.com/search/JFK0910TRN1?marker=741311
457,343,USD,PHL,HAJ,"Hannover, Germany",DE,2027-01-03,1,https://www.aviasales.com/search/PHL0301HAJ1?marker=741311
458,344,USD,JFK,IZM,"Izmir, Turkiye",TR,2026-10-15,1,https://www.aviasales.com/search/JFK1510IZM1?marker=741311
459,344,USD,JFK,WRO,"Wroclaw, Poland",PL,2026-11-09,1,https://www.aviasales.com/search/JFK0911WRO1?marker=741311
460,344,USD,DEN,DRO,"Durango, United States",US,2026-10-10,0,https://www.aviasales.com/search/DEN1010DRO1?marker=741311
461,344,USD,LAS,MKL,"Jackson, United States",US,2026-10-10,2,https://www.aviasales.com/search/LAS1010MKL1?marker=741311
462,345,USD,JFK,RIX,"Riga, Latvia",LV,2026-11-08,2,https://www.aviasales.com/search/JFK0811RIX1?marker=741311
463,345,USD,MIA,BRC,"San Carlos de Bariloche, Argentina",AR,2027-03-01,2,https://www.aviasales.com/search/MIA0103BRC1?marker=741311
464,345,USD,MCO,COU,"Columbia, United States",US,2026-10-10,2,https://www.aviasales.com/search/MCO1010COU1?marker=741311
465,346,USD,ORD,DLH,"Duluth, United States",US,2026-10-14,0,https://www.aviasales.com/search/ORD1410DLH1?marker=741311
466,346,USD,JFK,BAY,"Baia Mare, Romania",RO,2026-10-11,2,https://www.aviasales.com/search/JFK1110BAY1?marker=741311
467,346,USD,LAX,BRI,"Bari, Italy",IT,2026-12-01,2,https://www.aviasales.com/search/LAX0112BRI1?marker=741311
468,347,USD,DCA,BIS,"Bismarck, United States",US,2026-10-08,2,https://www.aviasales.com/search/DCA0810BIS1?marker=741311
469,348,USD,JFK,DOH,"Doha, Qatar",QA,2027-02-09,1,https://www.aviasales.com/search/JFK0902DOH1?marker=741311
470,348,USD,JFK,RUH,"Riyadh, Saudi Arabia",SA,2027-02-15,1,https://www.aviasales.com/search/JFK1502RUH1?marker=741311
471,348,USD,MIA,IQT,"Iquitos, Peru",PE,2026-12-13,2,https://www.aviasales.com/search/MIA1312IQT1?marker=741311
472,349,USD,MIA,CCS,"Caracas, Venezuela",VE,2026-11-03,3,https://www.aviasales.com/search/MIA0311CCS1?marker=741311
473,350,USD,BOS,SCV,"Suceava, Romania",RO,2026-11-24,2,https://www.aviasales.com/search/BOS2411SCV1?marker=741311
474,350,USD,BNA,PAH,"Paducah, United States",US,2026-10-15,1,https://www.aviasales.com/search/BNA1510PAH1?marker=741311
475,351,USD,JFK,GZP,"Alanya, Turkiye",TR,2026-10-13,2,https://www.aviasales.com/search/JFK1310GZP1?marker=741311
476,351,USD,ORD,FPO,"Freeport, Bahamas",BS,2026-12-19,2,https://www.aviasales.com/search/ORD1912FPO1?marker=741311
477,352,USD,JFK,TIV,"Tivat, Montenegro",ME,2026-10-11,1,https://www.aviasales.com/search/JFK1110TIV1?marker=741311
478,352,USD,JFK,ANK,"Ankara, Turkiye",TR,2026-10-06,2,https://www.aviasales.com/search/JFK0610ANK1?marker=741311
479,352,USD,JFK,HYD,"Hyderabad, India",IN,2026-10-12,1,https://www.aviasales.com/search/JFK1210HYD1?marker=741311
480,352,USD,LAX,BIH,"Bishop, United States",US,2026-10-09,1,https://www.aviasales.com/search/LAX0910BIH1?marker=741311
481,353,USD,IAD,AOO,"Altoona, United States",US,2026-10-14,2,https://www.aviasales.com/search/IAD1410AOO1?marker=741311
482,354,USD,LAS,BFL,"Bakersfield, United States",US,2026-10-10,1,https://www.aviasales.com/search/LAS1010BFL1?marker=741311
483,355,USD,DFW,SLN,"Salina, United States",US,2026-10-10,1,https://www.aviasales.com/search/DFW1010SLN1?marker=741311
484,357,USD,JFK,BIO,"Bilbao, Spain",ES,2027-02-02,2,https://www.aviasales.com/search/JFK0202BIO1?marker=741311
485,358,USD,PHL,YQB,"Quebec, Canada",CA,2026-11-26,2,https://www.aviasales.com/search/PHL2611YQB1?marker=741311
486,360,USD,JFK,GVA,"Geneva, Switzerland",CH,2026-11-26,1,https://www.aviasales.com/search/JFK2611GVA1?marker=741311
487,360,USD,JFK,CLJ,"Cluj-Napoca, Romania",RO,2026-11-08,2,https://www.aviasales.com/search/JFK0811CLJ1?marker=741311
488,361,USD,ORD,JBR,"Jonesboro, United States",US,2026-10-12,2,https://www.aviasales.com/search/ORD1210JBR1?marker=741311
489,362,USD,ATL,GPT,"Gulfport, United States",US,2026-10-12,1,https://www.aviasales.com/search/ATL1210GPT1?marker=741311
490,362,USD,BOS,REK,"Reykjavik, Iceland",IS,2027-03-01,0,https://www.aviasales.com/search/BOS0103REK1?marker=741311
491,362,USD,LAX,ORK,"Cork, Ireland",IE,2026-12-10,2,https://www.aviasales.com/search/LAX1012ORK1?marker=741311
492,362,USD,LAX,NKG,"Nanjing, China",CN,2026-11-01,1,https://www.aviasales.com/search/LAX0111NKG1?marker=741311
493,364,USD,MIA,SCU,"Santiago, Cuba",CU,2027-03-15,0,https://www.aviasales.com/search/MIA1503SCU1?marker=741311
494,364,USD,SFO,LPB,"La Paz, Bolivia",BO,2026-11-14,2,https://www.aviasales.com/search/SFO1411LPB1?marker=741311
495,365,USD,DFW,HGR,"Hagerstown, United States",US,2026-10-14,2,https://www.aviasales.com/search/DFW1410HGR1?marker=741311
496,365,USD,ORD,BTM,"Butte, United States",US,2026-10-13,1,https://www.aviasales.com/search/ORD1310BTM1?marker=741311
497,365,USD,JFK,PMI,"Palma, Spain",ES,2027-02-01,2,https://www.aviasales.com/search/JFK0102PMI1?marker=741311
498,365,USD,PDX,YWG,"Winnipeg, Canada",CA,2026-10-10,2,https://www.aviasales.com/search/PDX1010YWG1?marker=741311
499,365,USD,MCO,COR,"Cordoba, Argentina",AR,2026-10-28,3,https://www.aviasales.com/search/MCO2810COR1?marker=741311
500,367,USD,LAX,HAN,"Hanoi, Vietnam",VN,2027-01-22,1,https://www.aviasales.com/search/LAX2201HAN1?marker=741311
501,369,USD,JFK,HKT,"Phuket, Thailand",TH,2026-10-08,1,https://www.aviasales.com/search/JFK0810HKT1?marker=741311
502,372,USD,LAX,SJW,"Shijiazhuang, China",CN,2026-11-17,2,https://www.aviasales.com/search/LAX1711SJW1?marker=741311
503,373,USD,JFK,NBO,"Nairobi, Kenya",KE,2026-11-01,1,https://www.aviasales.com/search/JFK0111NBO1?marker=741311
504,373,USD,MIA,HAM,"Hamburg, Germany",DE,2026-12-31,1,https://www.aviasales.com/search/MIA3112HAM1?marker=741311
505,374,USD,CLT,EAU,"Eau Claire, United States",US,2026-10-08,2,https://www.aviasales.com/search/CLT0810EAU1?marker=741311
506,377,USD,JFK,COV,"Mersin, Turkiye",TR,2026-10-17,3,https://www.aviasales.com/search/JFK1710COV1?marker=741311
507,377,USD,JFK,ORN,"Oran, Algeria",DZ,2027-01-12,2,https://www.aviasales.com/search/JFK1201ORN1?marker=741311
508,378,USD,LAX,KUL,"Kuala Lumpur, Malaysia",MY,2027-01-06,2,https://www.aviasales.com/search/LAX0601KUL1?marker=741311
509,378,USD,JFK,DEL,"New Delhi, India",IN,2027-01-06,1,https://www.aviasales.com/search/JFK0601DEL1?marker=741311
510,380,USD,SEA,YXX,"Abbotsford, Canada",CA,2026-10-15,1,https://www.aviasales.com/search/SEA1510YXX1?marker=741311
511,381,USD,DFW,JLN,"Joplin, United States",US,2026-10-09,1,https://www.aviasales.com/search/DFW0910JLN1?marker=741311
512,382,USD,JFK,SHJ,"Sharjah, United Arab Emirates",AE,2026-10-18,1,https://www.aviasales.com/search/JFK1810SHJ1?marker=741311
513,383,USD,DFW,LUL,"Laurel, United States",US,2026-10-10,1,https://www.aviasales.com/search/DFW1010LUL1?marker=741311
514,383,USD,BOS,VRN,"Verona, Italy",IT,2026-12-04,2,https://www.aviasales.com/search/BOS0412VRN1?marker=741311
515,384,USD,JFK,BTS,"Bratislava, Slovakia",SK,2026-12-08,1,https://www.aviasales.com/search/JFK0812BTS1?marker=741311
516,384,USD,BNA,ACT,"Waco, United States",US,2026-10-13,1,https://www.aviasales.com/search/BNA1310ACT1?marker=741311
517,388,USD,JFK,FUE,"Puerto del Rosario, Spain",ES,2026-11-16,1,https://www.aviasales.com/search/JFK1611FUE1?marker=741311
518,390,USD,DFW,SIA,"Xian, China",CN,2027-02-05,1,https://www.aviasales.com/search/DFW0502SIA1?marker=741311
519,390,USD,BOS,YQM,"Moncton, Canada",CA,2026-10-15,1,https://www.aviasales.com/search/BOS1510YQM1?marker=741311
520,390,USD,MIA,AXA,"Anguilla, Anguilla",AI,2027-01-07,0,https://www.aviasales.com/search/MIA0701AXA1?marker=741311
521,390,USD,JFK,ELM,"Elmira, United States",US,2026-10-10,1,https://www.aviasales.com/search/JFK1010ELM1?marker=741311
522,392,USD,SEA,TPE,"Taipei, Taiwan",TW,2027-02-27,1,https://www.aviasales.com/search/SEA2702TPE1?marker=741311
523,394,USD,LAX,LPA,"Las Palmas, Spain",ES,2027-02-10,2,https://www.aviasales.com/search/LAX1002LPA1?marker=741311
524,395,USD,JFK,BSZ,"Bishkek, Kyrgyzstan",KG,2027-02-20,3,https://www.aviasales.com/search/JFK2002BSZ1?marker=741311
525,396,USD,JFK,GNJ,"Ganja, Azerbaijan",AZ,2026-10-18,2,https://www.aviasales.com/search/JFK1810GNJ1?marker=741311
526,397,USD,LAX,BJS,"Beijing, China",CN,2026-11-03,1,https://www.aviasales.com/search/LAX0311BJS1?marker=741311
527,397,USD,LAX,CAN,"Guangzhou, China",CN,2026-11-17,1,https://www.aviasales.com/search/LAX1711CAN1?marker=741311
528,397,USD,MIA,MDZ,"Mendoza, Argentina",AR,2026-10-18,1,https://www.aviasales.com/search/MIA1810MDZ1?marker=741311
529,398,USD,LAX,SHA,"Shanghai, China",CN,2026-11-17,1,https://www.aviasales.com/search/LAX1711SHA1?marker=741311
530,398,USD,LAS,TYR,"Tyler, United States",US,2026-10-10,1,https://www.aviasales.com/search/LAS1010TYR1?marker=741311
531,398,USD,PHX,LMM,"Los Mochis, Mexico",MX,2026-10-09,3,https://www.aviasales.com/search/PHX0910LMM1?marker=741311
532,401,USD,LAX,NOB,"Nosara Beach, Costa Rica",CR,2026-11-02,2,https://www.aviasales.com/search/LAX0211NOB1?marker=741311
533,402,USD,MCO,FLN,"Florianopolis, Brazil",BR,2026-10-30,2,https://www.aviasales.com/search/MCO3010FLN1?marker=741311
534,402,USD,JFK,ISB,"Islamabad, Pakistan",PK,2026-10-31,1,https://www.aviasales.com/search/JFK3110ISB1?marker=741311
535,403,USD,MCO,HHH,"Hilton Head, United States",US,2026-10-12,1,https://www.aviasales.com/search/MCO1210HHH1?marker=741311
536,403,USD,MIA,PMF,"Parma, Italy",IT,2026-11-25,3,https://www.aviasales.com/search/MIA2511PMF1?marker=741311
537,404,USD,ORD,VAR,"Varna, Bulgaria",BG,2026-10-22,2,https://www.aviasales.com/search/ORD2210VAR1?marker=741311
538,405,USD,JFK,ALA,"Almaty, Kazakhstan",KZ,2026-12-01,2,https://www.aviasales.com/search/JFK0112ALA1?marker=741311
539,405,USD,MIA,BON,"Kralendijk, Caribbean Netherlands",BQ,2027-01-18,0,https://www.aviasales.com/search/MIA1801BON1?marker=741311
540,408,USD,BOS,CUZ,"Cusco, Peru",PE,2026-10-05,2,https://www.aviasales.com/search/BOS0510CUZ1?marker=741311
541,408,USD,BOS,ASU,"Asuncion, Paraguay",PY,2026-11-10,2,https://www.aviasales.com/search/BOS1011ASU1?marker=741311
542,408,USD,SFO,MAA,"Chennai, India",IN,2027-04-03,1,https://www.aviasales.com/search/SFO0304MAA1?marker=741311
543,410,USD,JFK,AER,"Adler/Sochi, Russia",RU,2026-10-13,3,https://www.aviasales.com/search/JFK1310AER1?marker=741311
544,410,USD,MIA,OAJ,"Jacksonville, United States",US,2026-10-09,2,https://www.aviasales.com/search/MIA0910OAJ1?marker=741311
545,411,USD,RDU,FLO,"Florence, United States",US,2026-10-10,1,https://www.aviasales.com/search/RDU1010FLO1?marker=741311
546,412,USD,JFK,LED,"Saint Petersburg, Russia",RU,2026-10-17,2,https://www.aviasales.com/search/JFK1710LED1?marker=741311
547,412,USD,BOS,GCI,"Guernsey, Guernsey",GG,2026-10-18,2,https://www.aviasales.com/search/BOS1810GCI1?marker=741311
548,413,USD,JFK,BAH,"Manama, Bahrain",BH,2026-10-14,1,https://www.aviasales.com/search/JFK1410BAH1?marker=741311
549,414,USD,JFK,AUH,"Abu Dhabi, United Arab Emirates",AE,2026-10-18,1,https://www.aviasales.com/search/JFK1810AUH1?marker=741311
550,414,USD,LAX,CTU,"Chengdu, China",CN,2026-11-22,0,https://www.aviasales.com/search/LAX2211CTU1?marker=741311
551,414,USD,CLT,BLQ,"Bologna, Italy",IT,2026-10-13,3,https://www.aviasales.com/search/CLT1310BLQ1?marker=741311
552,414,USD,SEA,HRG,"Hurghada, Egypt",EG,2026-10-29,3,https://www.aviasales.com/search/SEA2910HRG1?marker=741311
553,414,USD,MIA,MVD,"Montevideo, Uruguay",UY,2027-04-01,1,https://www.aviasales.com/search/MIA0104MVD1?marker=741311
554,415,USD,LAX,AKL,"Auckland, New Zealand",NZ,2026-10-20,1,https://www.aviasales.com/search/LAX2010AKL1?marker=741311
555,415,USD,RDU,ART,"Watertown, United States",US,2026-10-13,2,https://www.aviasales.com/search/RDU1310ART1?marker=741311
556,415,USD,JFK,PNH,"Phnom Penh, Cambodia",KH,2026-11-08,2,https://www.aviasales.com/search/JFK0811PNH1?marker=741311
557,416,USD,ORD,LAN,"Lansing, United States",US,2026-10-10,0,https://www.aviasales.com/search/ORD1010LAN1?marker=741311
558,417,USD,ATL,PHF,"Newport News, United States",US,2026-10-15,1,https://www.aviasales.com/search/ATL1510PHF1?marker=741311
559,418,USD,JFK,BUS,"Batumi, Georgia",GE,2026-10-10,2,https://www.aviasales.com/search/JFK1010BUS1?marker=741311
560,419,USD,LAX,NAN,"Nadi, Fiji",FJ,2027-03-27,0,https://www.aviasales.com/search/LAX2703NAN1?marker=741311
561,419,USD,JFK,CIX,"Chiclayo, Peru",PE,2026-10-29,2,https://www.aviasales.com/search/JFK2910CIX1?marker=741311
562,419,USD,TPA,MCK,"McCook, United States",US,2026-10-06,2,https://www.aviasales.com/search/TPA0610MCK1?marker=741311
563,420,USD,LAX,KMI,"Miyazaki, Japan",JP,2026-12-03,2,https://www.aviasales.com/search/LAX0312KMI1?marker=741311
564,423,USD,IAD,YYG,"Charlottetown, Canada",CA,2026-10-10,1,https://www.aviasales.com/search/IAD1010YYG1?marker=741311
565,423,USD,LAS,OTH,"North Bend, United States",US,2026-10-08,1,https://www.aviasales.com/search/LAS0810OTH1?marker=741311
566,424,USD,LAX,DAD,"Da Nang, Vietnam",VN,2026-11-27,2,https://www.aviasales.com/search/LAX2711DAD1?marker=741311
567,424,USD,DTW,DVL,"Devils Lake, United States",US,2026-10-09,1,https://www.aviasales.com/search/DTW0910DVL1?marker=741311
568,424,USD,LAX,PQM,"Palenque, Mexico",MX,2026-10-05,2,https://www.aviasales.com/search/LAX0510PQM1?marker=741311
569,425,USD,ORD,RST,"Rochester, United States",US,2026-10-10,0,https://www.aviasales.com/search/ORD1010RST1?marker=741311
570,425,USD,MCO,FLR,"Florence, Italy",IT,2026-10-24,3,https://www.aviasales.com/search/MCO2410FLR1?marker=741311
571,425,USD,LAX,HOB,"Hobbs, United States",US,2026-10-10,1,https://www.aviasales.com/search/LAX1010HOB1?marker=741311
572,426,USD,JFK,PSG,"Petersburg, United States",US,2026-11-01,1,https://www.aviasales.com/search/JFK0111PSG1?marker=741311
573,426,USD,LAX,HRB,"Harbin, China",CN,2026-10-25,1,https://www.aviasales.com/search/LAX2510HRB1?marker=741311
574,427,USD,IAH,SJT,"San Angelo, United States",US,2026-10-12,1,https://www.aviasales.com/search/IAH1210SJT1?marker=741311
575,430,USD,BOS,ZAG,"Zagreb, Croatia",HR,2026-10-20,3,https://www.aviasales.com/search/BOS2010ZAG1?marker=741311
576,432,USD,BOS,PKB,"Parkersburg, United States",US,2026-10-08,3,https://www.aviasales.com/search/BOS0810PKB1?marker=741311
577,433,USD,LAX,LNS,"Lancaster, United States",US,2026-10-11,2,https://www.aviasales.com/search/LAX1110LNS1?marker=741311
578,434,USD,MIA,LUX,"Luxembourg, Luxembourg",LU,2026-12-29,2,https://www.aviasales.com/search/MIA2912LUX1?marker=741311
579,435,USD,FLL,MPL,"Montpellier, France",FR,2026-12-02,2,https://www.aviasales.com/search/FLL0212MPL1?marker=741311
580,436,USD,JFK,LHE,"Lahore, Pakistan",PK,2027-03-25,1,https://www.aviasales.com/search/JFK2503LHE1?marker=741311
581,437,USD,DFW,ABI,"Abilene, United States",US,2026-10-10,0,https://www.aviasales.com/search/DFW1010ABI1?marker=741311
582,437,USD,PHL,SHD,"Staunton, United States",US,2026-10-09,2,https://www.aviasales.com/search/PHL0910SHD1?marker=741311
583,437,USD,LAX,SYX,"Sanya, China",CN,2026-10-28,1,https://www.aviasales.com/search/LAX2810SYX1?marker=741311
584,438,USD,LAX,JKT,"Jakarta, Indonesia",ID,2026-10-08,1,https://www.aviasales.com/search/LAX0810JKT1?marker=741311
585,440,USD,BNA,TXK,"Texarkana, United States",US,2026-10-14,1,https://www.aviasales.com/search/BNA1410TXK1?marker=741311
586,441,USD,JFK,NQZ,"Astana, Kazakhstan",KZ,2026-10-16,2,https://www.aviasales.com/search/JFK1610NQZ1?marker=741311
587,441,USD,BOS,TAS,"Tashkent, Uzbekistan",UZ,2026-10-18,2,https://www.aviasales.com/search/BOS1810TAS1?marker=741311
588,442,USD,FLL,DOM,"Dominica, Dominica",DM,2027-02-08,2,https://www.aviasales.com/search/FLL0802DOM1?marker=741311
589,443,USD,JFK,MUX,"Multan, Pakistan",PK,2027-03-10,1,https://www.aviasales.com/search/JFK1003MUX1?marker=741311
590,443,USD,JFK,HYA,"Hyannis, United States",US,2026-10-09,2,https://www.aviasales.com/search/JFK0910HYA1?marker=741311
591,444,USD,IAD,FNC,"Funchal, Portugal",PT,2026-11-02,3,https://www.aviasales.com/search/IAD0211FNC1?marker=741311
592,444,USD,SEA,YKA,"Kamloops, Canada",CA,2026-10-15,1,https://www.aviasales.com/search/SEA1510YKA1?marker=741311
593,445,USD,ATL,TLS,"Toulouse, France",FR,2026-12-05,2,https://www.aviasales.com/search/ATL0512TLS1?marker=741311
594,445,USD,MCO,NVT,"Navegantes, Brazil",BR,2026-10-12,2,https://www.aviasales.com/search/MCO1210NVT1?marker=741311
595,447,USD,JFK,MRV,"Mineralnye Vody, Russia",RU,2026-10-18,2,https://www.aviasales.com/search/JFK1810MRV1?marker=741311
596,447,USD,PHL,OKA,"Okinawa, Japan",JP,2026-11-23,2,https://www.aviasales.com/search/PHL2311OKA1?marker=741311
597,447,USD,JFK,YFC,"Fredericton, Canada",CA,2026-10-10,2,https://www.aviasales.com/search/JFK1010YFC1?marker=741311
598,448,USD,PHX,TCO,"Tumaco, Colombia",CO,2026-10-30,3,https://www.aviasales.com/search/PHX3010TCO1?marker=741311
599,449,USD,SEA,YXC,"Cranbrook, Canada",CA,2026-10-12,1,https://www.aviasales.com/search/SEA1210YXC1?marker=741311
600,452,USD,SEA,LFT,"Lafayette, United States",US,2026-10-17,1,https://www.aviasales.com/search/SEA1710LFT1?marker=741311
601,453,USD,MIA,SBH,"Saint Barthelemy, Guadeloupe",GP,2027-01-08,1,https://www.aviasales.com/search/MIA0801SBH1?marker=741311
602,453,USD,ORD,SXB,"Strasbourg, France",FR,2026-12-24,1,https://www.aviasales.com/search/ORD2412SXB1?marker=741311
603,453,USD,ORD,CMX,"Hancock, United States",US,2026-10-15,0,https://www.aviasales.com/search/ORD1510CMX1?marker=741311
604,453,USD,JFK,HTS,"Huntington, United States",US,2026-10-08,1,https://www.aviasales.com/search/JFK0810HTS1?marker=741311
605,454,USD,BOS,LDB,"Londrina, Brazil",BR,2026-10-06,2,https://www.aviasales.com/search/BOS0610LDB1?marker=741311
606,455,USD,LAS,FSM,"Fort Smith, United States",US,2026-10-10,1,https://www.aviasales.com/search/LAS1010FSM1?marker=741311
607,455,USD,PDX,RKD,"Rockland, United States",US,2026-10-12,2,https://www.aviasales.com/search/PDX1210RKD1?marker=741311
608,456,USD,MIA,RBA,"Rabat, Morocco",MA,2026-11-22,2,https://www.aviasales.com/search/MIA2211RBA1?marker=741311
609,457,USD,JFK,MOW,"Moscow, Russia",RU,2026-10-18,2,https://www.aviasales.com/search/JFK1810MOW1?marker=741311
610,457,USD,DTW,YGK,"Kingston, Canada",CA,2026-10-15,2,https://www.aviasales.com/search/DTW1510YGK1?marker=741311
611,459,USD,LAX,UBN,"Ulaanbaatar, Mongolia",MN,2026-10-27,1,https://www.aviasales.com/search/LAX2710UBN1?marker=741311
612,459,USD,MIA,HOG,"Holguin, Cuba",CU,2026-10-10,0,https://www.aviasales.com/search/MIA1010HOG1?marker=741311
613,460,USD,JFK,PGV,"Greenville, United States",US,2026-10-13,1,https://www.aviasales.com/search/JFK1310PGV1?marker=741311
614,461,USD,JFK,ABJ,"Abidjan, Ivory Coast",CI,2027-01-31,1,https://www.aviasales.com/search/JFK3101ABJ1?marker=741311
615,463,USD,LAX,YCG,"Castlegar, Canada",CA,2026-10-09,2,https://www.aviasales.com/search/LAX0910YCG1?marker=741311
616,464,USD,LAX,USM,"Koh Samui, Thailand",TH,2026-11-29,2,https://www.aviasales.com/search/LAX2911USM1?marker=741311
617,465,USD,LAX,YZZ,"Trail, Canada",CA,2026-10-15,2,https://www.aviasales.com/search/LAX1510YZZ1?marker=741311
618,465,USD,SFO,BDS,"Brindisi, Italy",IT,2026-10-06,2,https://www.aviasales.com/search/SFO0610BDS1?marker=741311
619,467,USD,JFK,KRR,"Krasnodar, Russia",RU,2026-10-11,2,https://www.aviasales.com/search/JFK1110KRR1?marker=741311
620,467,USD,SFO,DRS,"Dresden, Germany",DE,2026-11-05,1,https://www.aviasales.com/search/SFO0511DRS1?marker=741311
621,468,USD,LAX,SYD,"Sydney, Australia",AU,2026-10-15,1,https://www.aviasales.com/search/LAX1510SYD1?marker=741311
622,468,USD,BOS,SID,"Sal, Cape Verde",CV,2027-01-18,1,https://www.aviasales.com/search/BOS1801SID1?marker=741311
623,469,USD,SEA,NHA,"Nha Trang, Vietnam",VN,2026-10-28,2,https://www.aviasales.com/search/SEA2810NHA1?marker=741311
624,470,USD,SEA,PPG,"Pago Pago, American Samoa",AS,2026-11-05,1,https://www.aviasales.com/search/SEA0511PPG1?marker=741311
625,472,USD,JFK,EWB,"New Bedford, United States",US,2026-10-09,2,https://www.aviasales.com/search/JFK0910EWB1?marker=741311
626,472,USD,SEA,YBL,"Campbell River, Canada",CA,2026-10-11,1,https://www.aviasales.com/search/SEA1110YBL1?marker=741311
627,473,USD,DFW,CLL,"College Station, United States",US,2026-10-09,0,https://www.aviasales.com/search/DFW0910CLL1?marker=741311
628,475,USD,JFK,DTM,"Dortmund, Germany",DE,2026-10-27,2,https://www.aviasales.com/search/JFK2710DTM1?marker=741311
629,477,USD,ATL,PRN,"Pristina, Kosovo",XK,2026-12-30,3,https://www.aviasales.com/search/ATL3012PRN1?marker=741311
630,477,USD,JFK,OSS,"Osh, Kyrgyzstan",KG,2026-10-14,3,https://www.aviasales.com/search/JFK1410OSS1?marker=741311
631,477,USD,LAS,PLJ,"Placencia, Belize",BZ,2026-10-11,2,https://www.aviasales.com/search/LAS1110PLJ1?marker=741311
632,478,USD,SEA,PQC,"Phu Quoc, Vietnam",VN,2026-10-30,1,https://www.aviasales.com/search/SEA3010PQC1?marker=741311
633,478,USD,JFK,DLI,"Dalat, Vietnam",VN,2026-11-11,2,https://www.aviasales.com/search/JFK1111DLI1?marker=741311
634,480,USD,JFK,SPU,"Split, Croatia",HR,2027-01-03,2,https://www.aviasales.com/search/JFK0301SPU1?marker=741311
635,480,USD,JFK,CGO,"Zhengzhou, China",CN,2026-11-23,1,https://www.aviasales.com/search/JFK2311CGO1?marker=741311
636,480,USD,LAX,KUA,"Kuantan, Malaysia",MY,2027-01-06,3,https://www.aviasales.com/search/LAX0601KUA1?marker=741311
637,484,USD,PDX,YXS,"Prince George, Canada",CA,2026-10-13,2,https://www.aviasales.com/search/PDX1310YXS1?marker=741311
638,485,USD,SEA,YAZ,"Tofino, Canada",CA,2026-10-10,1,https://www.aviasales.com/search/SEA1010YAZ1?marker=741311
639,486,USD,MIA,CYA,"Les Cayes, Haiti",HT,2026-11-01,1,https://www.aviasales.com/search/MIA0111CYA1?marker=741311
640,486,USD,LAX,NAV,"Nevsehir, Turkiye",TR,2027-01-12,2,https://www.aviasales.com/search/LAX1201NAV1?marker=741311
641,487,USD,MIA,SVQ,"Sevilla, Spain",ES,2026-10-06,2,https://www.aviasales.com/search/MIA0610SVQ1?marker=741311
642,488,USD,DFW,ILE,"Killeen, United States",US,2026-10-11,0,https://www.aviasales.com/search/DFW1110ILE1?marker=741311
643,491,USD,DFW,MBS,"Saginaw, United States",US,2026-10-13,1,https://www.aviasales.com/search/DFW1310MBS1?marker=741311
644,491,USD,MIA,SKB,"Basseterre, Saint Kitts and Nevis",KN,2027-01-07,0,https://www.aviasales.com/search/MIA0701SKB1?marker=741311
645,494,USD,LAX,ROS,"Rosario, Argentina",AR,2026-10-20,2,https://www.aviasales.com/search/LAX2010ROS1?marker=741311
646,497,USD,MIA,FOR,"Fortaleza, Brazil",BR,2026-10-23,1,https://www.aviasales.com/search/MIA2310FOR1?marker=741311
647,497,USD,MSP,YBR,"Brandon, Canada",CA,2026-10-15,2,https://www.aviasales.com/search/MSP1510YBR1?marker=741311
648,498,USD,JFK,MCX,"Makhachkala, Russia",RU,2026-10-22,2,https://www.aviasales.com/search/JFK2210MCX1?marker=741311
649,499,USD,ATL,KWI,"Kuwait City, Kuwait",KW,2026-10-14,1,https://www.aviasales.com/search/ATL1410KWI1?marker=741311
650,499,USD,FLL,NEV,"Nevis, Saint Kitts and Nevis",KN,2027-01-07,2,https://www.aviasales.com/search/FLL0701NEV1?marker=741311
651,499,USD,LAS,MKK,"Hoolehua, United States",US,2026-12-28,2,https://www.aviasales.com/search/LAS2812MKK1?marker=741311
652,501,USD,MCO,SOU,"Southampton, United Kingdom",GB,2027-03-21,2,https://www.aviasales.com/search/MCO2103SOU1?marker=741311
653,508,USD,LAX,KBV,"Krabi, Thailand",TH,2026-11-09,2,https://www.aviasales.com/search/LAX0911KBV1?marker=741311
654,509,USD,ORD,STR,"Stuttgart, Germany",DE,2026-12-14,2,https://www.aviasales.com/search/ORD1412STR1?marker=741311
655,509,USD,FLL,PAP,"Port-au-Prince, Haiti",HT,2026-10-22,1,https://www.aviasales.com/search/FLL2210PAP1?marker=741311
656,512,USD,JFK,KBL,"Kabul, Afghanistan",AF,2026-10-07,2,https://www.aviasales.com/search/JFK0710KBL1?marker=741311
657,513,USD,JFK,MCT,"Muscat, Oman",OM,2026-12-02,1,https://www.aviasales.com/search/JFK0212MCT1?marker=741311
658,513,USD,JFK,VRA,"Varadero, Cuba",CU,2027-02-06,1,https://www.aviasales.com/search/JFK0602VRA1?marker=741311
659,515,USD,SEA,SPK,"Sapporo, Japan",JP,2027-03-01,2,https://www.aviasales.com/search/SEA0103SPK1?marker=741311
660,516,USD,LAX,MEL,"Melbourne, Australia",AU,2027-01-19,1,https://www.aviasales.com/search/LAX1901MEL1?marker=741311
661,516,USD,IAD,ALO,"Waterloo, United States",US,2026-10-09,2,https://www.aviasales.com/search/IAD0910ALO1?marker=741311
662,516,USD,BOS,GUW,"Atyrau, Kazakhstan",KZ,2027-01-24,3,https://www.aviasales.com/search/BOS2401GUW1?marker=741311
663,518,USD,RDU,DIK,"Dickinson, United States",US,2026-10-09,1,https://www.aviasales.com/search/RDU0910DIK1?marker=741311
664,519,USD,BOS,AKX,"Aktobe, Kazakhstan",KZ,2026-10-25,3,https://www.aviasales.com/search/BOS2510AKX1?marker=741311
665,519,USD,JFK,ASF,"Astrakhan, Russia",RU,2026-10-19,2,https://www.aviasales.com/search/JFK1910ASF1?marker=741311
666,520,USD,JFK,KZN,"Kazan, Russia",RU,2026-10-14,3,https://www.aviasales.com/search/JFK1410KZN1?marker=741311
667,522,USD,IAD,PPS,"Puerto Princesa, Philippines",PH,2026-10-06,2,https://www.aviasales.com/search/IAD0610PPS1?marker=741311
668,523,USD,DFW,CKG,"Chongqing, China",CN,2026-11-30,1,https://www.aviasales.com/search/DFW3011CKG1?marker=741311
669,523,USD,DCA,MPH,"Caticlan, Philippines",PH,2026-11-14,2,https://www.aviasales.com/search/DCA1411MPH1?marker=741311
670,523,USD,SEA,CMB,"Colombo, Sri Lanka",LK,2026-10-31,2,https://www.aviasales.com/search/SEA3110CMB1?marker=741311
671,523,USD,JFK,CHQ,"Chania, Greece",GR,2026-11-03,2,https://www.aviasales.com/search/JFK0311CHQ1?marker=741311
672,524,USD,MSP,ADD,"Addis Ababa, Ethiopia",ET,2027-01-05,1,https://www.aviasales.com/search/MSP0501ADD1?marker=741311
673,524,USD,LAX,BNE,"Brisbane, Australia",AU,2027-01-11,1,https://www.aviasales.com/search/LAX1101BNE1?marker=741311
674,526,USD,JFK,SKD,"Samarkand, Uzbekistan",UZ,2026-10-11,3,https://www.aviasales.com/search/JFK1110SKD1?marker=741311
675,528,USD,BNA,CIT,"Shymkent, Kazakhstan",KZ,2027-01-20,3,https://www.aviasales.com/search/BNA2001CIT1?marker=741311
676,532,USD,LAX,VVO,"Vladivostok, Russia",RU,2026-11-06,2,https://www.aviasales.com/search/LAX0611VVO1?marker=741311
677,532,USD,LAS,MEI,"Meridian, United States",US,2026-10-10,1,https://www.aviasales.com/search/LAS1010MEI1?marker=741311
678,532,USD,LAS,EAP,"Basel, Switzerland",CH,2026-11-20,3,https://www.aviasales.com/search/LAS2011EAP1?marker=741311
679,532,USD,SFO,VTE,"Vientiane, Laos",LA,2026-12-01,2,https://www.aviasales.com/search/SFO0112VTE1?marker=741311
680,533,USD,JFK,SVX,"Yekaterinburg, Russia",RU,2026-10-20,3,https://www.aviasales.com/search/JFK2010SVX1?marker=741311
681,533,USD,DFW,URA,"Oral, Kazakhstan",KZ,2026-11-07,4,https://www.aviasales.com/search/DFW0711URA1?marker=741311
682,533,USD,LAX,LGG,"Liege, Belgium",BE,2026-10-29,2,https://www.aviasales.com/search/LAX2910LGG1?marker=741311
683,534,USD,ATL,AGB,"Augsburg, Germany",DE,2026-11-04,1,https://www.aviasales.com/search/ATL0411AGB1?marker=741311
684,534,USD,JFK,CVN,"Clovis, United States",US,2026-10-12,2,https://www.aviasales.com/search/JFK1210CVN1?marker=741311
685,537,USD,JFK,CCU,"Kolkata, India",IN,2026-10-06,2,https://www.aviasales.com/search/JFK0610CCU1?marker=741311
686,539,USD,JFK,UFA,"Ufa, Russia",RU,2026-10-13,3,https://www.aviasales.com/search/JFK1310UFA1?marker=741311
687,539,USD,IAD,RKS,"Rock Springs, United States",US,2026-10-10,1,https://www.aviasales.com/search/IAD1010RKS1?marker=741311
688,539,USD,JFK,OGZ,"Vladikavkaz, Russia",RU,2026-10-07,3,https://www.aviasales.com/search/JFK0710OGZ1?marker=741311
689,539,USD,ORD,YQT,"Thunder Bay, Canada",CA,2026-10-13,1,https://www.aviasales.com/search/ORD1310YQT1?marker=741311
690,540,USD,DTW,BGW,"Baghdad, Iraq",IQ,2027-01-20,1,https://www.aviasales.com/search/DTW2001BGW1?marker=741311
691,541,USD,FLL,ACE,"Arrecife, Spain",ES,2026-11-20,3,https://www.aviasales.com/search/FLL2011ACE1?marker=741311
692,541,USD,JFK,JAI,"Jaipur, India",IN,2026-11-06,1,https://www.aviasales.com/search/JFK0611JAI1?marker=741311
693,545,USD,JFK,SCO,"Aktau, Kazakhstan",KZ,2027-01-10,3,https://www.aviasales.com/search/JFK1001SCO1?marker=741311
694,547,USD,LAX,PER,"Perth, Australia",AU,2026-10-20,2,https://www.aviasales.com/search/LAX2010PER1?marker=741311
695,548,USD,LAX,BOD,"Bordeaux, France",FR,2026-12-25,2,https://www.aviasales.com/search/LAX2512BOD1?marker=741311
696,549,USD,DFW,REC,"Recife, Brazil",BR,2026-11-30,2,https://www.aviasales.com/search/DFW3011REC1?marker=741311
697,549,USD,JFK,NST,"Nakhon Si Thammarat, Thailand",TH,2026-12-05,2,https://www.aviasales.com/search/JFK0512NST1?marker=741311
698,549,USD,JFK,BJL,"Banjul, Gambia",GM,2026-11-30,2,https://www.aviasales.com/search/JFK3011BJL1?marker=741311
699,551,USD,JFK,TAG,"Tagbilaran, Philippines",PH,2026-11-22,1,https://www.aviasales.com/search/JFK2211TAG1?marker=741311
700,551,USD,JFK,ULY,"Ulyanovsk, Russia",RU,2026-10-06,3,https://www.aviasales.com/search/JFK0610ULY1?marker=741311
701,552,USD,JFK,ACC,"Accra, Ghana",GH,2026-10-20,1,https://www.aviasales.com/search/JFK2010ACC1?marker=741311
702,552,USD,CLT,CMW,"Camaguey, Cuba",CU,2026-12-13,1,https://www.aviasales.com/search/CLT1312CMW1?marker=741311
703,554,USD,JFK,OVB,"Novosibirsk, Russia",RU,2026-10-23,2,https://www.aviasales.com/search/JFK2310OVB1?marker=741311
704,555,USD,DEN,DMM,"Dammam, Saudi Arabia",SA,2027-01-22,3,https://www.aviasales.com/search/DEN2201DMM1?marker=741311
705,556,USD,IAD,DYU,"Dushanbe, Tajikistan",TJ,2026-10-25,4,https://www.aviasales.com/search/IAD2510DYU1?marker=741311
706,556,USD,ORD,HAK,"Haikou, China",CN,2026-11-10,1,https://www.aviasales.com/search/ORD1011HAK1?marker=741311
707,556,USD,DEN,KWE,"Guiyang, China",CN,2026-11-02,2,https://www.aviasales.com/search/DEN0211KWE1?marker=741311
708,557,USD,JFK,CPT,"Cape Town, South Africa",ZA,2026-11-02,2,https://www.aviasales.com/search/JFK0211CPT1?marker=741311
709,558,USD,IAD,CKY,"Conakry, Guinea",GN,2027-01-16,1,https://www.aviasales.com/search/IAD1601CKY1?marker=741311
710,560,USD,JFK,PEE,"Perm, Russia",RU,2026-10-05,3,https://www.aviasales.com/search/JFK0510PEE1?marker=741311
711,561,USD,MIA,JNB,"Johannesburg, South Africa",ZA,2026-12-06,1,https://www.aviasales.com/search/MIA0612JNB1?marker=741311
712,563,USD,SFO,KTM,"Kathmandu, Nepal",NP,2026-10-21,2,https://www.aviasales.com/search/SFO2110KTM1?marker=741311
713,564,USD,JFK,UGC,"Urgench, Uzbekistan",UZ,2026-10-25,1,https://www.aviasales.com/search/JFK2510UGC1?marker=741311
714,565,USD,SFO,HGH,"Hangzhou, China",CN,2026-10-12,1,https://www.aviasales.com/search/SFO1210HGH1?marker=741311
715,567,USD,JFK,KUF,"Samara, Russia",RU,2026-10-24,4,https://www.aviasales.com/search/JFK2410KUF1?marker=741311
716,567,USD,JFK,MMK,"Murmansk, Russia",RU,2026-10-20,3,https://www.aviasales.com/search/JFK2010MMK1?marker=741311
717,567,USD,JFK,ARH,"Arkhangelsk, Russia",RU,2026-10-14,3,https://www.aviasales.com/search/JFK1410ARH1?marker=741311
718,568,USD,JFK,GOJ,"Nizhniy Novgorod, Russia",RU,2026-10-19,4,https://www.aviasales.com/search/JFK1910GOJ1?marker=741311
719,569,USD,CLT,BLR,"Bengaluru, India",IN,2026-10-31,2,https://www.aviasales.com/search/CLT3110BLR1?marker=741311
720,571,USD,PDX,MLE,"Male, Maldives",MV,2027-01-14,2,https://www.aviasales.com/search/PDX1401MLE1?marker=741311
721,571,USD,MIA,BRM,"Barquisimeto, Venezuela",VE,2026-10-31,2,https://www.aviasales.com/search/MIA3110BRM1?marker=741311
722,571,USD,JFK,SZX,"Shenzhen, China",CN,2026-11-12,1,https://www.aviasales.com/search/JFK1211SZX1?marker=741311
723,572,USD,ATL,AMD,"Ahmedabad, India",IN,2026-11-02,2,https://www.aviasales.com/search/ATL0211AMD1?marker=741311
724,572,USD,JFK,LOS,"Lagos, Nigeria",NG,2026-10-11,1,https://www.aviasales.com/search/JFK1110LOS1?marker=741311
725,572,USD,LAX,MQM,"Mardin, Turkiye",TR,2026-10-07,4,https://www.aviasales.com/search/LAX0710MQM1?marker=741311
726,573,USD,ORD,GRO,"Girona, Spain",ES,2026-10-10,2,https://www.aviasales.com/search/ORD1010GRO1?marker=741311
727,574,USD,ORD,ATQ,"Amritsar, India",IN,2027-01-26,2,https://www.aviasales.com/search/ORD2601ATQ1?marker=741311
728,574,USD,LAX,NGB,"Ningbo, China",CN,2026-10-13,2,https://www.aviasales.com/search/LAX1310NGB1?marker=741311
729,576,USD,IAD,FEG,"Fergana, Uzbekistan",UZ,2026-10-10,2,https://www.aviasales.com/search/IAD1010FEG1?marker=741311
730,578,USD,JFK,MSQ,"Minsk, Belarus",BY,2026-10-18,3,https://www.aviasales.com/search/JFK1810MSQ1?marker=741311
731,586,USD,IAD,ABV,"Abuja, Nigeria",NG,2027-03-24,1,https://www.aviasales.com/search/IAD2403ABV1?marker=741311
732,586,USD,SFO,CHC,"Christchurch, New Zealand",NZ,2027-03-05,1,https://www.aviasales.com/search/SFO0503CHC1?marker=741311
733,588,USD,IAD,INV,"Inverness, United Kingdom",GB,2026-10-10,1,https://www.aviasales.com/search/IAD1010INV1?marker=741311
734,588,USD,JFK,DVO,"Davao City, Philippines",PH,2026-11-30,2,https://www.aviasales.com/search/JFK3011DVO1?marker=741311
735,590,USD,JFK,CEK,"Chelyabinsk, Russia",RU,2026-10-18,3,https://www.aviasales.com/search/JFK1810CEK1?marker=741311
736,590,USD,SFO,BOB,"Bora Bora, French Polynesia",PF,2026-10-30,1,https://www.aviasales.com/search/SFO3010BOB1?marker=741311
737,590,USD,LAX,TAO,"Qingdao, China",CN,2026-10-13,2,https://www.aviasales.com/search/LAX1310TAO1?marker=741311
738,590,USD,SFO,IDR,"Indore, India",IN,2026-10-21,1,https://www.aviasales.com/search/SFO2110IDR1?marker=741311
739,591,USD,BOS,RTW,"Saratov, Russia",RU,2026-10-26,4,https://www.aviasales.com/search/BOS2610RTW1?marker=741311
740,591,USD,JFK,JER,"Jersey, Jersey",JE,2026-12-20,2,https://www.aviasales.com/search/JFK2012JER1?marker=741311
741,592,USD,MIA,OMS,"Omsk, Russia",RU,2026-11-12,3,https://www.aviasales.com/search/MIA1211OMS1?marker=741311
742,593,USD,ORD,PDS,"Piedras Negras, Mexico",MX,2026-10-09,2,https://www.aviasales.com/search/ORD0910PDS1?marker=741311
743,594,USD,LAX,IKT,"Irkutsk, Russia",RU,2026-10-25,1,https://www.aviasales.com/search/LAX2510IKT1?marker=741311
744,598,USD,JFK,COD,"Cody, United States",US,2026-10-10,4,https://www.aviasales.com/search/JFK1010COD1?marker=741311
745,598,USD,LAX,RTM,"Rotterdam, Netherlands",NL,2026-10-09,2,https://www.aviasales.com/search/LAX0910RTM1?marker=741311
746,599,USD,LAX,PUS,"Busan, South Korea",KR,2027-01-02,1,https://www.aviasales.com/search/LAX0201PUS1?marker=741311
747,601,USD,LAX,YNT,"Yantai, China",CN,2026-10-13,2,https://www.aviasales.com/search/LAX1310YNT1?marker=741311
748,603,USD,ATL,VIX,"Vitoria, Brazil",BR,2026-11-29,4,https://www.aviasales.com/search/ATL2911VIX1?marker=741311
749,608,USD,IAD,HSA,"Turkistan, Kazakhstan",KZ,2026-11-12,4,https://www.aviasales.com/search/IAD1211HSA1?marker=741311
750,613,USD,JFK,TOF,"Tomsk, Russia",RU,2026-10-13,3,https://www.aviasales.com/search/JFK1310TOF1?marker=741311
751,614,USD,JFK,KVX,"Kirov, Russia",RU,2026-10-19,4,https://www.aviasales.com/search/JFK1910KVX1?marker=741311
752,615,USD,MIA,SNU,"Santa Clara, Cuba",CU,2026-10-10,0,https://www.aviasales.com/search/MIA1010SNU1?marker=741311
753,617,USD,ATL,ERF,"Erfurt, Germany",DE,2026-10-05,1,https://www.aviasales.com/search/ATL0510ERF1?marker=741311
754,617,USD,ORD,KHI,"Karachi, Pakistan",PK,2026-12-30,3,https://www.aviasales.com/search/ORD3012KHI1?marker=741311
755,617,USD,JFK,TJM,"Tyumen, Russia",RU,2027-02-26,4,https://www.aviasales.com/search/JFK2602TJM1?marker=741311
756,618,USD,JFK,TNG,"Tangier, Morocco",MA,2026-10-05,3,https://www.aviasales.com/search/JFK0510TNG1?marker=741311
757,621,USD,JFK,KJA,"Krasnoyarsk, Russia",RU,2026-10-20,3,https://www.aviasales.com/search/JFK2010KJA1?marker=741311
758,622,USD,LAX,GOI,"Goa, India",IN,2026-10-27,3,https://www.aviasales.com/search/LAX2710GOI1?marker=741311
759,625,USD,ORD,WEH,"Weihai, China",CN,2026-11-19,2,https://www.aviasales.com/search/ORD1911WEH1?marker=741311
760,627,USD,ORD,KGD,"Kaliningrad, Russia",RU,2026-12-01,4,https://www.aviasales.com/search/ORD0112KGD1?marker=741311
761,632,USD,IAD,NMA,"Namangan, Uzbekistan",UZ,2026-10-10,2,https://www.aviasales.com/search/IAD1010NMA1?marker=741311
762,633,USD,JFK,GRV,"Groznyy, Russia",RU,2026-10-24,3,https://www.aviasales.com/search/JFK2410GRV1?marker=741311
763,633,USD,PDX,YZT,"Port Hardy, Canada",CA,2026-10-12,1,https://www.aviasales.com/search/PDX1210YZT1?marker=741311
764,635,USD,JFK,COO,"Cotonou, Benin",BJ,2027-02-03,2,https://www.aviasales.com/search/JFK0302COO1?marker=741311
765,635,USD,IAH,TUF,"Tours, France",FR,2026-11-19,3,https://www.aviasales.com/search/IAH1911TUF1?marker=741311
766,636,USD,BOS,MFM,"Macau, Macau",MO,2026-11-02,2,https://www.aviasales.com/search/BOS0211MFM1?marker=741311
767,638,USD,LAX,UTP,"Pattaya, Thailand",TH,2026-12-10,3,https://www.aviasales.com/search/LAX1012UTP1?marker=741311
768,641,USD,JFK,KSN,"Kostanay, Kazakhstan",KZ,2026-10-26,4,https://www.aviasales.com/search/JFK2610KSN1?marker=741311
769,642,USD,JFK,ZNZ,"Zanzibar, Tanzania",TZ,2026-10-05,3,https://www.aviasales.com/search/JFK0510ZNZ1?marker=741311
770,643,USD,JFK,DKR,"Dakar, Senegal",SN,2026-11-20,2,https://www.aviasales.com/search/JFK2011DKR1?marker=741311
771,644,USD,JFK,VOG,"Volgograd, Russia",RU,2026-10-14,2,https://www.aviasales.com/search/JFK1410VOG1?marker=741311
772,644,USD,JFK,YZF,"Yellowknife, Canada",CA,2026-10-08,2,https://www.aviasales.com/search/JFK0810YZF1?marker=741311
773,648,USD,LAX,ADL,"Adelaide, Australia",AU,2026-10-17,2,https://www.aviasales.com/search/LAX1710ADL1?marker=741311
774,650,USD,SFO,TGU,"Tegucigalpa, Honduras",HN,2026-10-23,3,https://www.aviasales.com/search/SFO2310TGU1?marker=741311
775,652,USD,IAD,BHK,"Bukhara, Uzbekistan",UZ,2026-10-15,2,https://www.aviasales.com/search/IAD1510BHK1?marker=741311
776,653,USD,JFK,BDQ,"Vadodara, India",IN,2027-01-04,2,https://www.aviasales.com/search/JFK0401BDQ1?marker=741311
777,654,USD,JFK,DLA,"Douala, Cameroon",CM,2027-01-29,1,https://www.aviasales.com/search/JFK2901DLA1?marker=741311
778,661,USD,IAD,AZN,"Andijan, Uzbekistan",UZ,2026-10-10,2,https://www.aviasales.com/search/IAD1010AZN1?marker=741311
779,663,USD,LAX,ANR,"Antwerp, Belgium",BE,2026-10-31,2,https://www.aviasales.com/search/LAX3110ANR1?marker=741311
780,668,USD,RDU,CNX,"Chiang Mai, Thailand",TH,2027-02-12,2,https://www.aviasales.com/search/RDU1202CNX1?marker=741311
781,681,USD,TPA,NAL,"Nalchik, Russia",RU,2027-02-01,4,https://www.aviasales.com/search/TPA0102NAL1?marker=741311
782,682,USD,JFK,PZU,"Port Sudan, Sudan",SD,2026-10-14,2,https://www.aviasales.com/search/JFK1410PZU1?marker=741311
783,682,USD,PDX,GUM,"Hagatna, Guam",GU,2026-10-14,2,https://www.aviasales.com/search/PDX1410GUM1?marker=741311
784,686,USD,JFK,MLW,"Monrovia, Liberia",LR,2026-10-17,1,https://www.aviasales.com/search/JFK1710MLW1?marker=741311
785,688,USD,DFW,EBB,"Entebbe, Uganda",UG,2026-11-02,3,https://www.aviasales.com/search/DFW0211EBB1?marker=741311
786,694,USD,LAX,PEW,"Peshawar, Pakistan",PK,2026-10-12,3,https://www.aviasales.com/search/LAX1210PEW1?marker=741311
787,695,USD,PDX,ABA,"Abakan, Russia",RU,2026-10-24,4,https://www.aviasales.com/search/PDX2410ABA1?marker=741311
788,705,USD,PDX,YQG,"Windsor, Canada",CA,2026-10-09,2,https://www.aviasales.com/search/PDX0910YQG1?marker=741311
789,706,USD,IAD,SEZ,"Mahe, Seychelles",SC,2026-10-08,1,https://www.aviasales.com/search/IAD0810SEZ1?marker=741311
790,708,USD,IAH,MAR,"Maracaibo, Venezuela",VE,2026-10-12,2,https://www.aviasales.com/search/IAH1210MAR1?marker=741311
791,717,USD,IAD,KEJ,"Kemerovo, Russia",RU,2027-01-29,4,https://www.aviasales.com/search/IAD2901KEJ1?marker=741311
792,718,USD,JFK,YXU,"London, Canada",CA,2026-10-10,2,https://www.aviasales.com/search/JFK1010YXU1?marker=741311
793,724,USD,JFK,SGC,"Surgut, Russia",RU,2026-11-09,3,https://www.aviasales.com/search/JFK0911SGC1?marker=741311
794,725,USD,LAX,KGF,"Karagandy, Kazakhstan",KZ,2026-11-13,3,https://www.aviasales.com/search/LAX1311KGF1?marker=741311
795,726,USD,LAX,INN,"Innsbruck, Austria",AT,2026-10-09,3,https://www.aviasales.com/search/LAX0910INN1?marker=741311
796,728,USD,PDX,URC,"Urumqi, China",CN,2026-10-15,2,https://www.aviasales.com/search/PDX1510URC1?marker=741311
797,731,USD,BOS,MBA,"Mombasa, Kenya",KE,2026-10-20,1,https://www.aviasales.com/search/BOS2010MBA1?marker=741311
798,733,USD,TPA,GDZ,"Gelendzik, Russia",RU,2027-02-01,4,https://www.aviasales.com/search/TPA0102GDZ1?marker=741311
799,737,USD,JFK,MRU,"Mauritius, Mauritius",MU,2027-03-24,2,https://www.aviasales.com/search/JFK2403MRU1?marker=741311
800,737,USD,JFK,NBC,"Naberezhnye Chelny, Russia",RU,2026-10-05,3,https://www.aviasales.com/search/JFK0510NBC1?marker=741311
801,739,USD,LAX,ZQN,"Queenstown, New Zealand",NZ,2026-10-19,1,https://www.aviasales.com/search/LAX1910ZQN1?marker=741311
802,740,USD,JFK,NOZ,"Novokuznetsk, Russia",RU,2027-02-01,4,https://www.aviasales.com/search/JFK0102NOZ1?marker=741311
803,741,USD,ORD,BQT,"Brest, Belarus",BY,2026-10-14,4,https://www.aviasales.com/search/ORD1410BQT1?marker=741311
804,742,USD,LAX,ASB,"Ashgabat, Turkmenistan",TM,2026-11-10,2,https://www.aviasales.com/search/LAX1011ASB1?marker=741311
805,742,USD,JFK,KSQ,"Qarshi, Uzbekistan",UZ,2026-10-23,2,https://www.aviasales.com/search/JFK2310KSQ1?marker=741311
806,745,USD,ORD,NOJ,"Noyabrsk, Russia",RU,2026-11-26,4,https://www.aviasales.com/search/ORD2611NOJ1?marker=741311
807,747,USD,IAD,OUA,"Ouagadougou, Burkina Faso",BF,2026-10-28,1,https://www.aviasales.com/search/IAD2810OUA1?marker=741311
808,750,USD,JFK,CNS,"Cairns, Australia",AU,2026-10-31,2,https://www.aviasales.com/search/JFK3110CNS1?marker=741311
809,752,USD,JFK,NDJ,"N'Djamena, Chad",TD,2026-10-22,1,https://www.aviasales.com/search/JFK2210NDJ1?marker=741311
810,753,USD,JFK,TMJ,"Termez, Uzbekistan",UZ,2026-10-23,2,https://www.aviasales.com/search/JFK2310TMJ1?marker=741311
811,757,USD,JFK,WDH,"Windhoek, Namibia",NA,2026-10-20,3,https://www.aviasales.com/search/JFK2010WDH1?marker=741311
812,759,USD,IAD,LBD,"Khujand, Tajikistan",TJ,2026-10-18,4,https://www.aviasales.com/search/IAD1810LBD1?marker=741311
813,759,USD,DTW,LGK,"Langkawi, Malaysia",MY,2027-01-05,3,https://www.aviasales.com/search/DTW0501LGK1?marker=741311
814,762,USD,LAX,KHV,"Khabarovsk, Russia",RU,2026-11-03,3,https://www.aviasales.com/search/LAX0311KHV1?marker=741311
815,767,USD,MIA,NJC,"Nizhnevartovsk, Russia",RU,2026-11-04,4,https://www.aviasales.com/search/MIA0411NJC1?marker=741311
816,770,USD,BNA,RGN,"Yangon, Myanmar",MM,2027-01-28,3,https://www.aviasales.com/search/BNA2801RGN1?marker=741311
817,774,USD,JFK,UUD,"Ulan-Ude, Russia",RU,2026-10-19,4,https://www.aviasales.com/search/JFK1910UUD1?marker=741311
818,774,USD,SEA,APW,"Apia, Samoa",WS,2026-12-30,3,https://www.aviasales.com/search/SEA3012APW1?marker=741311
819,779,USD,BOS,LAD,"Luanda, Angola",AO,2026-10-30,2,https://www.aviasales.com/search/BOS3010LAD1?marker=741311
820,782,USD,DTW,SSA,"Salvador, Brazil",BR,2026-10-15,3,https://www.aviasales.com/search/DTW1510SSA1?marker=741311
821,784,USD,JFK,LLW,"Lilongwe, Malawi",MW,2026-10-07,2,https://www.aviasales.com/search/JFK0710LLW1?marker=741311
822,785,USD,ATL,UKK,"Oskemen, Kazakhstan",KZ,2026-10-21,2,https://www.aviasales.com/search/ATL2110UKK1?marker=741311
823,792,USD,LAX,HTA,"Chita, Russia",RU,2026-10-30,4,https://www.aviasales.com/search/LAX3010HTA1?marker=741311
824,796,USD,LAX,EUN,"Laayoune, Western Sahara",EH,2026-10-15,2,https://www.aviasales.com/search/LAX1510EUN1?marker=741311
825,800,USD,JFK,SUI,"Sukhumi, Abkhazia",AB,2026-11-12,3,https://www.aviasales.com/search/JFK1211SUI1?marker=741311
826,802,USD,LAX,AIT,"Aitutaki, Cook Islands",CK,2026-11-13,2,https://www.aviasales.com/search/LAX1311AIT1?marker=741311
827,802,USD,SEA,UUS,"Yuzhno-Sakhalinsk, Russia",RU,2026-10-23,3,https://www.aviasales.com/search/SEA2310UUS1?marker=741311
828,804,USD,JFK,GDT,"Grand Turk, Turks and Caicos Islands",TC,2026-10-11,3,https://www.aviasales.com/search/JFK1110GDT1?marker=741311
829,806,USD,LAX,BAX,"Barnaul, Russia",RU,2026-10-20,4,https://www.aviasales.com/search/LAX2010BAX1?marker=741311
830,811,USD,DTW,BSR,"Basra, Iraq",IQ,2026-12-30,2,https://www.aviasales.com/search/DTW3012BSR1?marker=741311
831,821,USD,JFK,MQF,"Magnitogorsk, Russia",RU,2026-10-08,3,https://www.aviasales.com/search/JFK0810MQF1?marker=741311
832,822,USD,DFW,BJM,"Bujumbura, Burundi",BI,2027-03-05,2,https://www.aviasales.com/search/DFW0503BJM1?marker=741311
833,828,USD,ORD,ESL,"Elista, Russia",RU,2026-10-17,4,https://www.aviasales.com/search/ORD1710ESL1?marker=741311
834,828,USD,ORD,INI,"Nis, Serbia",RS,2026-12-20,2,https://www.aviasales.com/search/ORD2012INI1?marker=741311
835,838,USD,JFK,GME,"Gomel, Belarus",BY,2026-10-30,3,https://www.aviasales.com/search/JFK3010GME1?marker=741311
836,839,USD,FLL,OME,"Nome, United States",US,2026-10-05,2,https://www.aviasales.com/search/FLL0510OME1?marker=741311
837,841,USD,ORD,IJK,"Izhevsk, Russia",RU,2026-10-13,3,https://www.aviasales.com/search/ORD1310IJK1?marker=741311
838,844,USD,JFK,KYZ,"Kyzyl, Russia",RU,2026-12-04,4,https://www.aviasales.com/search/JFK0412KYZ1?marker=741311
839,846,USD,SEA,BQS,"Blagoveschensk, Russia",RU,2027-02-01,4,https://www.aviasales.com/search/SEA0102BQS1?marker=741311
840,846,USD,SEA,TBU,"Nuku'alofa, Tonga",TO,2026-10-30,2,https://www.aviasales.com/search/SEA3010TBU1?marker=741311
841,849,USD,JFK,YIH,"Yichang, China",CN,2026-10-15,4,https://www.aviasales.com/search/JFK1510YIH1?marker=741311
842,851,USD,ATL,REN,"Orenburg, Russia",RU,2026-10-24,4,https://www.aviasales.com/search/ATL2410REN1?marker=741311
843,851,USD,SFO,CBR,"Canberra, Australia",AU,2026-11-01,2,https://www.aviasales.com/search/SFO0111CBR1?marker=741311
844,853,USD,JFK,MJZ,"Mirnyj, Russia",RU,2026-10-10,4,https://www.aviasales.com/search/JFK1010MJZ1?marker=741311
845,864,USD,ORD,MGQ,"Mogadishu, Somalia",SO,2026-12-30,1,https://www.aviasales.com/search/ORD3012MGQ1?marker=741311
846,866,USD,LAX,OVD,"Asturias, Spain",ES,2026-12-21,1,https://www.aviasales.com/search/LAX2112OVD1?marker=741311
847,871,USD,JFK,RUN,"Saint-Denis, Réunion",RE,2026-10-23,2,https://www.aviasales.com/search/JFK2310RUN1?marker=741311
848,874,USD,LAS,KNU,"Kanpur, India",IN,2027-03-10,3,https://www.aviasales.com/search/LAS1003KNU1?marker=741311
849,884,USD,JFK,OOL,"Gold Coast, Australia",AU,2026-10-14,2,https://www.aviasales.com/search/JFK1410OOL1?marker=741311
850,886,USD,LAX,NSK,"Norilsk, Russia",RU,2026-12-01,4,https://www.aviasales.com/search/LAX0112NSK1?marker=741311
851,890,USD,JFK,KLO,"Kalibo, Philippines",PH,2026-12-30,2,https://www.aviasales.com/search/JFK3012KLO1?marker=741311
852,896,USD,PHX,BLB,"Balboa, Panama",PA,2026-10-11,2,https://www.aviasales.com/search/PHX1110BLB1?marker=741311
853,901,USD,SEA,ABS,"Abu Simbel, Egypt",EG,2026-10-29,3,https://www.aviasales.com/search/SEA2910ABS1?marker=741311
854,923,USD,MSP,STW,"Stavropol, Russia",RU,2026-10-14,4,https://www.aviasales.com/search/MSP1410STW1?marker=741311
855,924,USD,ORD,TNR,"Antananarivo, Madagascar",MG,2027-01-14,1,https://www.aviasales.com/search/ORD1401TNR1?marker=741311
856,927,USD,JFK,YKS,"Yakutsk, Russia",RU,2026-11-27,3,https://www.aviasales.com/search/JFK2711YKS1?marker=741311
857,941,USD,AUS,LFW,"Lome, Togo",TG,2026-10-28,2,https://www.aviasales.com/search/AUS2810LFW1?marker=741311
858,945,USD,LAX,RAR,"Rarotonga, Cook Islands",CK,2026-11-06,1,https://www.aviasales.com/search/LAX0611RAR1?marker=741311
859,950,USD,JFK,GVR,"Governador Valadares, Brazil",BR,2026-12-17,3,https://www.aviasales.com/search/JFK1712GVR1?marker=741311
860,958,USD,JFK,PYJ,"Udachnyj, Russia",RU,2026-12-10,4,https://www.aviasales.com/search/JFK1012PYJ1?marker=741311
861,962,USD,PHL,KVK,"Kirovsk, Russia",RU,2026-10-17,4,https://www.aviasales.com/search/PHL1710KVK1?marker=741311
862,973,USD,MCO,GDX,"Magadan, Russia",RU,2026-10-27,4,https://www.aviasales.com/search/MCO2710GDX1?marker=741311
863,982,USD,DEN,ARK,"Arusha, Tanzania",TZ,2026-12-01,3,https://www.aviasales.com/search/DEN0112ARK1?marker=741311
864,1013,USD,PHL,UCT,"Ukhta, Russia",RU,2026-10-20,4,https://www.aviasales.com/search/PHL2010UCT1?marker=741311
865,1015,USD,SFO,PHC,"Port Harcourt, Nigeria",NG,2026-10-16,2,https://www.aviasales.com/search/SFO1610PHC1?marker=741311
866,1026,USD,JFK,OLZ,"Olyokminsk, Russia",RU,2026-12-10,4,https://www.aviasales.com/search/JFK1012OLZ1?marker=741311
867,1050,USD,TPA,GOH,"Nuuk, Greenland",GL,2026-10-23,3,https://www.aviasales.com/search/TPA2310GOH1?marker=741311
868,1053,USD,ORD,SCW,"Syktyvkar, Russia",RU,2026-10-30,2,https://www.aviasales.com/search/ORD3010SCW1?marker=741311
869,1074,USD,ORD,FNA,"Freetown, Sierra Leone",SL,2026-12-24,2,https://www.aviasales.com/search/ORD2412FNA1?marker=741311
870,1075,USD,IAH,CSG,"Columbus, United States",US,2026-10-08,3,https://www.aviasales.com/search/IAH0810CSG1?marker=741311
871,1088,USD,TPA,ENI,"El Nido, Philippines",PH,2026-10-11,4,https://www.aviasales.com/search/TPA1110ENI1?marker=741311
872,1097,USD,JFK,YYR,"Happy Valley-Goose Bay, Canada",CA,2026-10-09,3,https://www.aviasales.com/search/JFK0910YYR1?marker=741311
873,1100,USD,ORD,KGL,"Kigali, Rwanda",RW,2026-12-21,1,https://www.aviasales.com/search/ORD2112KGL1?marker=741311
874,1144,USD,JFK,ROR,"Koror, Palau",PW,2026-12-29,1,https://www.aviasales.com/search/JFK2912ROR1?marker=741311
875,1164,USD,JFK,RFP,"Raiatea, French Polynesia",PF,2026-11-09,4,https://www.aviasales.com/search/JFK0911RFP1?marker=741311
876,1166,USD,TPA,RGK,"Gorno-Altaysk, Russia",RU,2026-10-16,4,https://www.aviasales.com/search/TPA1610RGK1?marker=741311
877,1194,USD,SFO,POA,"Porto Alegre, Brazil",BR,2026-12-18,2,https://www.aviasales.com/search/SFO1812POA1?marker=741311
878,1339,USD,JFK,KRW,"Turkmenbashi, Turkmenistan",TM,2026-10-31,3,https://www.aviasales.com/search/JFK3110KRW1?marker=741311
879,1372,USD,MIA,BZO,"Bolzano, Italy",IT,2027-01-03,2,https://www.aviasales.com/search/MIA0301BZO1?marker=741311
880,1377,USD,JFK,FKQ,"Fak Fak, Indonesia",ID,2026-10-10,4,https://www.aviasales.com/search/JFK1010FKQ1?marker=741311
881,1411,USD,IAH,RRG,"Rodrigues Island, Mauritius",MU,2026-10-10,4,https://www.aviasales.com/search/IAH1010RRG1?marker=741311
882,1536,USD,BOS,JAV,"Ilulissat, Greenland",GL,2026-12-08,4,https://www.aviasales.com/search/BOS0812JAV1?marker=741311
883,1715,USD,BNA,HEH,"Heho, Myanmar",MM,2026-11-15,3,https://www.aviasales.com/search/BNA1511HEH1?marker=741311
884,1736,USD,SFO,CWL,"Cardiff, United Kingdom",GB,2026-12-17,2,https://www.aviasales.com/search/SFO1712CWL1?marker=741311
885,2617,USD,JFK,FUK,"Fukuoka, Japan",JP,2026-10-06,3,https://www.aviasales.com/search/JFK0610FUK1?marker=741311
