rank,price,currency,origin,destination_code,destination_name,country_code,depart,stops,booking_link
1,19,USD,LAX,LAS,"Las Vegas, United States",US,2026-10-20,0,https://www.aviasales.com/search/LAX2010LAS1?t=F917924877001792492560000081LAXLAS_3cfee4f29f20d42bb7c9db5dd44e5684_1614&search_date=10092026&expected_price_uuid=01a08a0a-4ec6-8040-250b-49415d5832fa&static_fare_key=TY%7CP0%7CH0%7CL0%7CCH0%7CR0%7CTBC0&itinerary_key=GlgjsPAoD_3zchi4cQxCcw&expected_price_source=share&expected_price_currency=usd&expected_price=19&marker=741311
2,45,USD,LAX,SFO,"San Francisco, United States",US,2026-11-03,0,https://www.aviasales.com/search/LAX0311SFO1?t=F917937325801793737920000089LAXSFO_ad429e6a3ef82d49d345e774b1a73625_3782&search_date=13092026&expected_price_uuid=01a09b18-130b-8030-69e5-24a41b208047&static_fare_key=TY%7CP0%7CH0%7CL0%7CCH0%7CR0%7CTBC0&itinerary_key=ZuGPvRlHSEiboDIxwoaptw&expected_price_source=share&expected_price_currency=usd&expected_price=45&marker=741311
3,18,USD,LAS,LAX,"Los Angeles, United States",US,2026-10-20,0,https://www.aviasales.com/search/LAS2010LAX1?t=F917925081001792513200000085LASLAX_2f1ad9c880b69ce68bc17ad576505a4c_1548&search_date=09092026&expected_price_uuid=01a0857f-4ac9-8050-aab4-6e8e5f28d897&static_fare_key=TY%7CP1%7CH0%7CL0%7CCH1_0%7CR0%7CTBC0&itinerary_key=RMyU7-4-Fda9EQCeUTmkRw&expected_price_source=share&expected_price_currency=usd&expected_price=18&marker=741311
5,19,USD,ATL,ORL,"Orlando, United States",US,2026-10-20,0,https://www.aviasales.com/search/ATL2010ORL1?t=F917924908201792496820000100ATLMCO_dd8534f44925b39f0347bc3c208061ee_1598&search_date=12092026&expected_price_uuid=01a092ed-b564-8040-2c9a-ecbe76d4b7f4&static_fare_key=TY%7CP0%7CH0%7CL0%7CCH0%7CR0%7CTBC0&itinerary_key=hc0Rduw6wjeOlwBIHfbQ5w&expected_price_source=share&expected_price_currency=usd&expected_price=19&marker=741311
6,19,USD,ATL,TPA,"Tampa, United States",US,2026-11-10,0,https://www.aviasales.com/search/ATL1011TPA1?t=F917943054601794311340000098ATLTPA_e6aa62e89758ecbc64e784824c5d483a_1600&search_date=13092026&expected_price_uuid=01a09a7e-28e8-8030-a01c-219ac5d5504f&static_fare_key=TY%7CP0%7CH0%7CL0%7CCH0%7CR0%7CTBC0&itinerary_key=gzRBPh5boX0j4djv1GNCBQ&expected_price_source=share&expected_price_currency=usd&expected_price=19&marker=741311
7,19,USD,SFO,SAN,"San Diego, United States",US,2026-10-28,0,https://www.aviasales.com/search/SFO2810SAN1?t=F917932066201793212680000101SFOSAN_c4bbcd2d8e821f4f8d7b5eea40d901ee_1614&search_date=10092026&expected_price_uuid=01a0898d-fe1a-8030-2eb1-f5a3b180bae9&static_fare_key=TY%7CP0%7CH0%7CL0%7CCH0%7CR0%7CTBC0&itinerary_key=4bRqAPFGZu4lUiPE8oqPwQ&expected_price_source=share&expected_price_currency=usd&expected_price=19&marker=741311
8,19,USD,IAH,ATL,"Atlanta, United States",US,2026-10-31,0,https://www.aviasales.com/search/IAH3110ATL1?t=F917934780601793489520000131IAHATL_f555b7207735b862ac8f28fa74964592_1634&search_date=13092026&expected_price_uuid=01a09c5e-7e2e-8030-6e4f-244915592b0b&static_fare_key=TY%7CP0%7CH0%7CL0%7CCH1_0%7CR0%7CTBC0&itinerary_key=g9tzJthiZkyld07QoDnAsQ&origin_airports=0&expected_price_source=share&expected_price_currency=usd&expected_price=19&marker=741311
9,24,USD,ATL,JAX,"Jacksonville, United States",US,2026-10-05,0,https://www.aviasales.com/search/ATL0510JAX1?t=F917912225401791226860000072ATLJAX_1946d9b31346e3de300a06261d0496c0_2039&search_date=10092026&expected_price_uuid=01a08a18-424c-8030-a46c-8bd887502e4b&static_fare_key=TY%7CP0%7CH0%7CL0%7CCH0%7CR0%7CTBC0&itinerary_key=t0rJKisXEQL4A5J7VyH4Fg&expected_price_source=share&expected_price_currency=usd&expected_price=24&marker=741311
10,24,USD,LAS,PHX,"Phoenix, United States",US,2026-11-19,0,https://www.aviasales.com/search/LAS1911PHX1?t=F917951045401795112820000078LASPHX_9947a8f5c9fdecd01a125abcef12e193_2015&search_date=10092026&expected_price_uuid=01a08d80-1670-8030-a702-c745296267f6&static_fare_key=TY%7CP0%7CH0%7CL0%7CCH0%7CR0%7CTBC0&itinerary_key=o7GgBcBDJwJ7h2fW5NeAVw&expected_price_source=share&expected_price_currency=usd&expected_price=24&marker=741311
11,26,USD,ATL,HOU,"Houston, United States",US,2026-10-31,0,https://www.aviasales.com/search/ATL3110HOU1?t=F917934785401793483580000144ATLIAH_d1745c123b50f7f972251bbe4f1dde40_2197&search_date=13092026&expected_price_uuid=01a09c5e-1e9f-8030-2744-50f781372f70&static_fare_key=TY%7CP0%7CH0%7CL0%7CCH0%7CR0%7CTBC0&itinerary_key=eQ1JNGdzO0dtD3BBg0if4Q&expected_price_source=share&expected_price_currency=usd&expected_price=26&marker=741311
14,29,USD,MCO,WAS,"Washington, United States",US,2026-10-29,0,https://www.aviasales.com/search/MCO2910BWI1?t=F917932536001793261820000137MCOBWI_188547e3a2bec9a540c4debe24909388_2439&search_date=12092026&expected_price_uuid=01a0934f-f2d7-8040-687c-650b65984e43&static_fare_key=TY%7CP0%7CH0%7CL0%7CCH0%7CR0%7CTBC0&itinerary_key=x2XOp60Uq1GlbgydZWu6Tg&origin_airports=0&expected_price_source=share&expected_price_currency=usd&expected_price=29&marker=741311
15,30,USD,BNA,CHI,"Chicago, United States",US,2026-10-15,0,https://www.aviasales.com/search/BNA1510CHI1?t=G417920615201792066920000090BNARFD_879706faf1979deedf07d856905345ea_2525&search_date=12092026&expected_price_uuid=01a095e4-0c2d-8030-a024-3d1bfde3ea5e&static_fare_key=TY%7CP0%7CH0%7CL0%7CCH0%7CR0%7CTBC0&itinerary_key=4GtLbv89tf5tbmXAy5wpyg&expected_price_source=share&expected_price_currency=usd&expected_price=30&marker=741311
16,30,USD,FLL,CHA,"Chattanooga, United States",US,2026-11-05,0,https://www.aviasales.com/search/FLL0511CHA1?t=G417938626001793870340000129FLLCHA_f0a2d484c96b9a42cb991bd02c9be827_2576&search_date=09092026&expected_price_uuid=01a08435-1e2e-8040-2518-d7a1d75967de&static_fare_key=TY%7CP0%7CH0%7CL0%7CCH0%7CR0%7CTBC0&itinerary_key=p1Sm5SqGjuhtM9rQBhkZ_w&expected_price_source=share&expected_price_currency=usd&expected_price=30&marker=741311
17,31,USD,FLL,AVL,"Asheville, United States",US,2026-10-04,0,https://www.aviasales.com/search/FLL0410AVL1?t=G417911433401791150600000121FLLAVL_9fe65e43200e5937f9fcf34d6e74425c_2655&search_date=08092026&expected_price_uuid=01a080df-12c1-8040-a022-b93e62cf0c7a&static_fare_key=TY%7CP1%7CH0%7CL0%7CCH0%7CR0%7CTBC0&itinerary_key=_h1zg51nnTOdSBQ6_QRFrA&expected_price_source=share&expected_price_currency=usd&expected_price=31&marker=741311
18,64,USD,LAX,SJC,"San Jose, United States",US,2026-10-08,0,https://www.aviasales.com/search/LAX0810SFO1?t=WN17914536001791458400000080LAXSFO_a22a9fff11d6ab92d3a848789187044d_5363&search_date=13092026&expected_price_uuid=01a09c36-295c-8030-677e-164d285e0388&static_fare_key=TY%7CP1%7CH1%7CL0%7CCH0%7CR0%7CTBC0&itinerary_key=aSpYHDV0ITHUyf-9wb27MA&expected_price_source=share&expected_price_currency=usd&expected_price=64&marker=741311
19,39,USD,LAX,DEN,"Denver, United States",US,2026-11-12,0,https://www.aviasales.com/search/LAX1211DEN1?t=F917944641001794476700000150LAXDEN_7ae835e57cb26383fcf6550ad7a43dae_3305&search_date=13092026&expected_price_uuid=01a09b30-08cb-8030-ec89-92039c7177d9&static_fare_key=TY%7CP0%7CH0%7CL0%7CCH0%7CR0%7CTBC0&itinerary_key=FToVTnMTBHHPDW11FZ1jpw&expected_price_source=share&expected_price_currency=usd&expected_price=39&marker=741311
20,125,USD,LAS,SEA,"Seattle, United States",US,2026-10-02,0,https://www.aviasales.com/search/LAS0210SEA1?t=F917909547601790965680000182LASSEA_b4b1ad6779ca1e3ea4e15211e093c5cc_10520&search_date=13092026&expected_price_uuid=01a099bf-e21d-8040-6002-23bd16eb06da&static_fare_key=TY%7CP0%7CH0%7CL0%7CCH0%7CR0%7CTBC0&itinerary_key=5zEikCqAslBlb2unkShy5g&expected_price_source=share&expected_price_currency=usd&expected_price=125&marker=741311
21,37,USD,ATL,MIA,"Miami, United States",US,2026-11-18,0,https://www.aviasales.com/search/ATL1811MIA1?t=F917949903001794997740000124ATLMIA_14d5c640baf6e6d4051371af5d3727f1_3114&search_date=12092026&expected_price_uuid=01a0930f-9de0-8030-e6b2-395fca5f5b85&static_fare_key=TY%7CP0%7CH0%7CL0%7CCH0%7CR0%7CTBC0&itinerary_key=EeZVXQTbWfGBkCs2GjZCpw&expected_price_source=share&expected_price_currency=usd&expected_price=37&marker=741311
22,39,USD,MCO,BNA,"Nashville, United States",US,2026-10-05,0,https://www.aviasales.com/search/MCO0510BNA1?t=F917912146801791218700000127MCOBNA_8e37388e9312efa8540c817aceb7b424_3282&search_date=12092026&expected_price_uuid=01a097be-77f7-8040-6c3a-db852f4a35ac&static_fare_key=TY%7CP0%7CH0%7CL0%7CCH0%7CR0%7CTBC0&itinerary_key=XJAEYXqOsBvivOXLv8qfHA&origin_airports=0&expected_price_source=share&expected_price_currency=usd&expected_price=39&marker=741311
23,42,USD,DEN,SLC,"Salt Lake City, United States",US,2026-11-04,0,https://www.aviasales.com/search/DEN0411SLC1?t=F917937837001793789460000096DENSLC_ce48251ec29288be2b882c1a4c6abb1d_3539&search_date=13092026&expected_price_uuid=01a09a94-d052-8030-68fa-8160095219e2&static_fare_key=TY%7CP0%7CH0%7CL0%7CCH0%7CR0%7CTBC0&itinerary_key=WuX3SA-FGmJTyS1QHOcmAA&expected_price_source=share&expected_price_currency=usd&expected_price=42&marker=741311
24,42,USD,TPA,EYW,"Key West, United States",US,2026-09-20,0,https://www.aviasales.com/search/TPA2009EYW1?t=G417899173601789921140000063PIEEYW_1b698859c0e09e007820198e84d067e6_3526&search_date=10092026&expected_price_uuid=01a08c2d-c187-8030-e162-782abb9d10fc&static_fare_key=TY%7CP0%7CH0%7CL0%7CCH0%7CR0%7CTBC0&itinerary_key=XhbhcX3btxuHBFQ7q2_czw&expected_price_source=share&expected_price_currency=usd&expected_price=42&marker=741311
25,42,USD,FLL,ALB,"Albany, United States",US,2026-09-20,0,https://www.aviasales.com/search/FLL2009ALB1?t=G417898882001789899900000195FLLALB_9f8a0161d733a326298e095c700e3c51_3571&search_date=10092026&expected_price_uuid=01a089cb-bc3e-8030-2af3-0373e7f4d539&static_fare_key=TY%7CP0%7CH0%7CL0%7CCH0%7CR0%7CTBC0&itinerary_key=nlJ9-meB5v8t6FrNjg5XUg&expected_price_source=share&expected_price_currency=usd&expected_price=42&marker=741311
28,45,USD,MCO,RDU,"Raleigh, United States",US,2026-11-04,0,https://www.aviasales.com/search/MCO0411RDU1?t=F917937981001793804520000107MCORDU_d65465208bf9081e8fa42b8c2975fb29_3787&search_date=12092026&expected_price_uuid=01a09609-30cd-8040-23c6-1f0835a13bb2&static_fare_key=TY%7CP0%7CH0%7CL0%7CCH0%7CR0%7CTBC0&itinerary_key=DHR8FbFNrHeVuu3bsdbtiw&origin_airports=0&expected_price_source=share&expected_price_currency=usd&expected_price=45&marker=741311
29,46,USD,LAX,SAC,"Sacramento, United States",US,2026-10-08,0,https://www.aviasales.com/search/LAX0810SAC1?t=F917914749001791480840000099LAXSMF_4e1b405c3f31ac0fb912cab01455ce45_3974&search_date=09092026&expected_price_uuid=01a0850b-f819-8030-2027-e0ae616b106b&static_fare_key=TY%7CP1%7CH0%7CL0%7CCH0%7CR0%7CTBC0&itinerary_key=O4XrvS5vC_T4OK9Xoca8fg&expected_price_source=share&expected_price_currency=usd&expected_price=46&marker=741311
30,47,USD,LAS,FAT,"Fresno, United States",US,2026-09-17,0,https://www.aviasales.com/search/LAS1709FAT1?t=G417896293001789634040000079LASFAT_f9fd1a8a2b6805f7a6c385ee1d6b43b0_4057&search_date=07092026&expected_price_uuid=01a07bf3-afd7-8030-a543-be3d07b3816a&static_fare_key=TY%7CP0%7CH0%7CL0%7CCH0%7CR0%7CTBC0&itinerary_key=4WB7e42cQQwWiQIhNmWvIw&expected_price_source=share&expected_price_currency=usd&expected_price=47&marker=741311
32,49,USD,MCO,PNS,"Pensacola, United States",US,2026-09-30,0,https://www.aviasales.com/search/MCO3009PNS1?t=MX17907700801790772300000097MCOPNS_85d5eb95b71f79ef766e82371b20955f_4166&search_date=10092026&expected_price_uuid=01a0893d-e53d-8040-6790-69c8278c1a7f&static_fare_key=TY%7CP0%7CH0%7CL0%7CCH0%7CR0%7CTBC0&itinerary_key=J5-mYhdI0B9NCAu0gB7hog&origin_airports=0&expected_price_source=share&expected_price_currency=usd&expected_price=49&marker=741311
33,50,USD,ATL,DFW,"Dallas, United States",US,2026-11-21,0,https://www.aviasales.com/search/ATL2111DFW1?t=F917952802201795286280000161ATLDFW_38bf83ec2c012f45a66426191b7087eb_4207&search_date=11092026&expected_price_uuid=01a091ed-ccf5-8040-2add-c88aaad78fe7&static_fare_key=TY%7CP0%7CH0%7CL0%7CCH0%7CR0%7CTBC0&itinerary_key=DMFWeykiMAX6jd6BIdnMpA&expected_price_source=share&expected_price_currency=usd&expected_price=50&marker=741311
34,50,USD,MCO,CVG,"Cincinnati, United States",US,2026-10-06,1,https://www.aviasales.com/search/MCO0610CVG1?t=F917913071401791373080001099MCOATLCVG_c8bedfb67c6a0d43c2985cd34fe63273_4231&search_date=13092026&expected_price_uuid=01a0986a-5909-8040-a88c-5bf11346db45&static_fare_key=TY%7CP1%7CH0%7CL0%7CCH0%7CR0%7CTBC0&itinerary_key=kjzm2Dml6sZpAuZ-3bg2ug&origin_airports=0&expected_price_source=share&expected_price_currency=usd&expected_price=50&marker=741311
36,51,USD,ATL,IND,"Indianapolis, United States",US,2026-09-28,0,https://www.aviasales.com/search/ATL2809IND1?t=F917906157001790621580000098ATLIND_380c67a5d031889106be6999c189e6f0_4297&search_date=13092026&expected_price_uuid=01a09b00-6c39-8030-ed57-c4bd3052a553&static_fare_key=TY%7CP0%7CH0%7CL0%7CCH0%7CR0%7CTBC0&itinerary_key=QsZQG62RXsNjjzKmYBj_gg&expected_price_source=share&expected_price_currency=usd&expected_price=51&marker=741311
37,51,USD,MCO,NYC,"New York, United States",US,2026-10-20,0,https://www.aviasales.com/search/MCO2010NYC1?t=F917925345001792544520000167MCOEWR_b0d0753c4c137874db5a08688d8eab6f_4292&search_date=13092026&expected_price_uuid=01a099c8-c1d6-8030-60dd-f129667db232&static_fare_key=TY%7CP0%7CH0%7CL0%7CCH0%7CR0%7CTBC0&itinerary_key=QEGvMxMaR4flNfzT4zAiTw&origin_airports=0&expected_price_source=share&expected_price_currency=usd&expected_price=51&marker=741311
38,51,USD,BNA,FSD,"Sioux Falls, United States",US,2026-09-18,0,https://www.aviasales.com/search/BNA1809FSD1?t=G417897154001789722900000125BNAFSD_187caa64c99e8322d4de6e09916b959e_4397&search_date=08092026&expected_price_uuid=01a08191-32e4-8030-ed0a-223fe5846083&static_fare_key=TY%7CP0%7CH0%7CL0%7CCH0%7CR0%7CTBC0&itinerary_key=FIW0lHF0Y8IgBDBBLaNpYA&expected_price_source=share&expected_price_currency=usd&expected_price=51&marker=741311
39,54,USD,ORD,CLE,"Cleveland, United States",US,2026-10-07,0,https://www.aviasales.com/search/ORD0710CLE1?t=UA17913777001791386580000088ORDCLE_64d824c1e01428af2adc40a7a2214013_4655&search_date=08092026&expected_price_uuid=01a0816e-8e72-8030-207a-938d170da942&static_fare_key=TY%7CP0%7CH0%7CL0%7CCH0%7CR0%7CTBC0&itinerary_key=wQ0CfGVL1LfwLFVuaycl4w&origin_airports=0&expected_price_source=share&expected_price_currency=usd&expected_price=54&marker=741311
40,54,USD,DFW,MSY,"New Orleans, United States",US,2026-10-15,0,https://www.aviasales.com/search/DFW1510MSY1?t=WN17920440001792048800000080DALMSY_eb14c9d57b6c0402d9dbabc6135ea932_4658&search_date=08092026&expected_price_uuid=01a07f6c-12c8-8040-62b6-a27f3b4b71ac&static_fare_key=TY%7CP0%7CH0%7CL0%7CCH0%7CR0%7CTBC0&itinerary_key=IoDTtTNkIUFr4bzAERKDKw&expected_price_source=share&expected_price_currency=usd&expected_price=54&marker=741311
41,54,USD,LAS,LGB,"Long Beach, United States",US,2026-10-28,0,https://www.aviasales.com/search/LAS2810LGB1?t=WN17931750001793179200000070LASLGB_e7bd3eb69a6dcc813b6572e3c9eeb7b3_4652&search_date=08092026&expected_price_uuid=01a08281-f686-8030-2079-1195c5293437&static_fare_key=TY%7CP0%7CH0%7CL0%7CCH0%7CR0%7CTBC0&itinerary_key=X6AwSGsTMlrVF_mPvVrD1g&expected_price_source=share&expected_price_currency=usd&expected_price=54&marker=741311
42,55,USD,MCO,CLT,"Charlotte, United States",US,2026-10-14,0,https://www.aviasales.com/search/MCO1410CLT1?t=F917919600601791967020000116MCOCLT_41d075773e676a6e81dba7b16c685a20_4728&search_date=07092026&expected_price_uuid=01a07d45-ce42-8040-22e9-a66fe02e959f&static_fare_key=TY%7CP0%7CH0%7CL0%7CCH0%7CR0%7CTBC0&itinerary_key=bjavGDfcFbx0HLgtpL8nMQ&origin_airports=0&expected_price_source=share&expected_price_currency=usd&expected_price=55&marker=741311
43,55,USD,MCO,MSP,"Minneapolis, United States",US,2026-11-10,1,https://www.aviasales.com/search/MCO1011MSP1?t=F917943027001794319560000341MCOATLMSP_9877693fc95d3c9f33f24aa04930b494_4679&search_date=09092026&expected_price_uuid=01a0879a-8ee8-8040-27f3-896bfbd1b653&static_fare_key=TY%7CP0%7CH0%7CL0%7CCH0%7CR0%7CTBC0&itinerary_key=uUuMLwBTrqu0v9mC3Z-e7A&origin_airports=0&expected_price_source=share&expected_price_currency=usd&expected_price=55&marker=741311
44,57,USD,SFO,PDX,"Portland, United States",US,2026-10-01,0,https://www.aviasales.com/search/SFO0110PDX1?t=UA17908943401790901240000115SFOPDX_61c5aefa5f7233cb2946778e0fd7d6d0_4784&search_date=11092026&expected_price_uuid=01a08f6d-8af4-8040-64aa-484b27a109c6&static_fare_key=TY%7CP1%7CH0%7CL0%7CCH0%7CR0%7CTBC0&itinerary_key=Dc-97GzuEwjumK817lw9QA&expected_price_source=share&expected_price_currency=usd&expected_price=57&marker=741311
45,58,USD,DCA,BOS,"Boston, United States",US,2026-12-08,0,https://www.aviasales.com/search/DCA0812BOS1?t=AA17967417001796747880000103DCABOS_768c29434be85d1ad6f9549fffdc06cb_5031&search_date=08092026&expected_price_uuid=01a0812c-aebe-8030-acde-93312cb09c85&static_fare_key=TY%7CP0%7CH0%7CL0%7CCH0%7CR0%7CTBC0&itinerary_key=DSM0_OSytNuGLWmtcMzvZw&origin_airports=0&expected_price_source=share&expected_price_currency=usd&expected_price=58&marker=741311
46,59,USD,MCO,BDL,"Hartford, United States",US,2026-10-02,1,https://www.aviasales.com/search/MCO0210BDL1?t=MX17909647201790979960000254MCOEWNBDL_1e5667a40a663289e58f6fcba3015aa6_4954&search_date=11092026&expected_price_uuid=01a08e8a-6f30-8040-24e8-fb6cbbe3a37f&static_fare_key=TY%7CP0%7CH0%7CL0%7CCH0%7CR0%7CTBC0&itinerary_key=zDD0Y4Hw-bgCujjAsTobtQ&origin_airports=0&expected_price_source=share&expected_price_currency=usd&expected_price=59&marker=741311
47,59,USD,ORD,STL,"St Louis, United States",US,2026-10-03,0,https://www.aviasales.com/search/ORD0310STL1?t=AA17910174001791022380000083ORDSTL_a699703e1915fce41ce0ccd78980ceff_5156&search_date=08092026&expected_price_uuid=01a08018-fccf-8030-6e0f-ee7d1f18ffa0&static_fare_key=TY%7CP1%7CH1%7CL0%7CCH0%7CR0%7CTBC0&itinerary_key=nAjb_Uja-2OX7dSMAljG_Q&origin_airports=0&expected_price_source=share&expected_price_currency=usd&expected_price=59&marker=741311
48,60,USD,LAX,RNO,"Reno, United States",US,2027-01-07,0,https://www.aviasales.com/search/LAX0701RNO1?t=WN17993274001799332500000085LAXRNO_04ab1090ee0f54d014221d435bb5fcf0_5096&search_date=09092026&expected_price_uuid=01a08749-1b35-8050-2ef3-9b14ec718fd8&static_fare_key=TY%7CP1%7CH1%7CL0%7CCH0%7CR0%7CTBC0&itinerary_key=iWnzaPRrFSbSgs5sb4iJ7A&expected_price_source=share&expected_price_currency=usd&expected_price=60&marker=741311
49,65,USD,ATL,ORF,"Norfolk, United States",US,2026-09-27,0,https://www.aviasales.com/search/ATL2709ORF1?t=F917905060801790512140000101ATLORF_08f4cc6e3d4874492fd019eb219f48d9_5467&search_date=12092026&expected_price_uuid=01a09496-0fe2-8030-21fb-796dd4b7a899&static_fare_key=TY%7CP0%7CH0%7CL0%7CCH0%7CR0%7CTBC0&itinerary_key=CRBUPv50v2nR0QapeNeIEQ&expected_price_source=share&expected_price_currency=usd&expected_price=65&marker=741311
50,65,USD,MCO,GSP,"Greenville, United States",US,2026-09-24,0,https://www.aviasales.com/search/MCO2409GSP1?t=MX17902806001790286600000100MCOGSP_9eb9ae815709f491faf9afbb4c6a6fb2_5478&search_date=12092026&expected_price_uuid=01a09803-aefc-8030-6c47-d43f8e734f27&static_fare_key=TY%7CP0%7CH0%7CL0%7CCH0%7CR0%7CTBC0&itinerary_key=-Rwql6_MFmn-fpZh7ADXog&origin_airports=0&expected_price_source=share&expected_price_currency=usd&expected_price=65&marker=741311
51,67,USD,TPA,YTO,"Toronto, Canada",CA,2026-11-30,0,https://www.aviasales.com/search/TPA3011YTO1?t=WS17960445001796055300000180TPAYYZ_dbbd5b8cbcfe5938166cff4e5b54e2fd_5752&search_date=08092026&expected_price_uuid=01a082b6-2abe-8040-66e2-7a4f711ceab7&static_fare_key=TY%7CP0%7CH0%7CL0%7CCH0%7CR0%7CTBC0&itinerary_key=6r5hfsGnuw7iKU-OyltWLQ&expected_price_source=share&expected_price_currency=usd&expected_price=67&marker=741311
52,68,USD,RDU,CMH,"Columbus, United States",US,2026-09-19,0,https://www.aviasales.com/search/RDU1909CMH1?t=MX17898371401789842420000088RDUCMH_935ef82a3f3608736c2c0dd544bed510_5794&search_date=09092026&expected_price_uuid=01a086fe-e1a4-8030-e590-da7e0fcbb5d4&static_fare_key=TY%7CP0%7CH0%7CL0%7CCH0%7CR0%7CTBC0&itinerary_key=E3kKXYrwGHmRqCT2_tZnRw&expected_price_source=share&expected_price_currency=usd&expected_price=68&marker=741311
53,67,USD,PHX,YEA,"Edmonton, Canada",CA,2026-09-28,1,https://www.aviasales.com/search/PHX2809YEA1?t=WS17906085001790631600000325PHXYYCYEG_1768917e672d233b547a41a8cfae2c2e_5685&search_date=13092026&expected_price_uuid=01a09b6e-ddd4-8030-e6aa-d20a2788a710&static_fare_key=TY%7CP0%7CH0%7CL0%7CCH0%7CR0%7CTBC0&itinerary_key=Epr8SIYLodcZQb0LPR1xsg&expected_price_source=share&expected_price_currency=usd&expected_price=67&marker=741311
54,69,USD,LAX,YVR,"Vancouver, Canada",CA,2026-10-17,2,https://www.aviasales.com/search/LAX1710YVR1?t=AS17922204001792254540000569LAXPDXSEAYVR_6c4400520bdb86d46eeab5249562d49c_5770&search_date=13092026&expected_price_uuid=01a099b7-0718-8040-a2be-1734ebe0ae02&static_fare_key=TY%7CP1%7CH0%7CL0%7CCH0%7CR0%7CTBC0&itinerary_key=yjkkI0LiIf1MYgbfhtyXeQ&expected_price_source=share&expected_price_currency=usd&expected_price=69&marker=741311
55,71,USD,TPA,IAG,"Niagara Falls, United States",US,2026-09-20,0,https://www.aviasales.com/search/TPA2009IAG1?t=G417898879001789897380000158PIEIAG_d5fedd309a2255b23952206b48180da3_6036&search_date=10092026&expected_price_uuid=01a089a0-8ddf-8030-2520-344fd3898b5d&static_fare_key=TY%7CP0%7CH0%7CL0%7CCH0%7CR0%7CTBC0&itinerary_key=W1avNPP1iqg0ZrBtVm4fPg&expected_price_source=share&expected_price_currency=usd&expected_price=71&marker=741311
56,72,USD,MCO,TYS,"Knoxville, United States",US,2026-10-19,0,https://www.aviasales.com/search/MCO1910TYS1?t=G417924022601792408440000103MCOTYS_0d29ee70961b12128b46860f87caed45_6041&search_date=12092026&expected_price_uuid=01a09706-7a11-8030-e5ba-3ef3a8c7faba&static_fare_key=TY%7CP1%7CH0%7CL0%7CCH0%7CR0%7CTBC0&itinerary_key=j1kF2OfTmeZaqaBnlcd6bg&origin_airports=0&expected_price_source=share&expected_price_currency=usd&expected_price=72&marker=741311
57,72,USD,IAD,PIT,"Pittsburgh, United States",US,2026-09-20,1,https://www.aviasales.com/search/IAD2009PIT1?t=9X17899086001789924020000257IADDUJPIT_f3cf15e7b695bda3ad0955da7035416d_6045&search_date=10092026&expected_price_uuid=01a08cc4-c6c6-8030-61bc-2fec92327c64&static_fare_key=TY%7CP0%7CH1%7CL0%7CCH0%7CR0%7CTBC0&itinerary_key=lNqjvWT2nITd5pRFhlvPXA&origin_airports=0&expected_price_source=share&expected_price_currency=usd&expected_price=72&marker=741311
58,72,USD,TPA,DTT,"Detroit, United States",US,2026-10-27,1,https://www.aviasales.com/search/TPA2710DTT1?t=F917931210601793148240000453TPAATLDTW_132d6c9359070b21f6509708be725d7d_6267&search_date=07092026&expected_price_uuid=01a079e8-523a-8040-a800-c71ea9d67102&static_fare_key=TY%7CP0%7CH0%7CL0%7CCH0%7CR0%7CTBC0&itinerary_key=O_9GrXEaSNRar7hKAjudgA&expected_price_source=share&expected_price_currency=usd&expected_price=72&marker=741311
59,73,USD,MIA,SJU,"San Juan, Puerto Rico",PR,2026-11-09,0,https://www.aviasales.com/search/MIA0911SJU1?t=F917942541001794267480000163MIASJU_d2d5f523e0e3d590f2f2c0ec68ec8227_6299&search_date=07092026&expected_price_uuid=01a07e0b-2203-8040-2d58-208eaa75b7f5&static_fare_key=TY%7CP0%7CH0%7CL0%7CCH0%7CR0%7CTBC0&itinerary_key=w0wpwsgBH5z8iuL7XAXskg&expected_price_source=share&expected_price_currency=usd&expected_price=73&marker=741311
60,74,USD,AUS,MEX,"Mexico City, Mexico",MX,2026-11-13,1,https://www.aviasales.com/search/AUS1311MEX1?t=VB17945781001794607200000485AUSMTYMEX_0387faa23784c7e2fde2521e3bc625b4_6213&search_date=10092026&expected_price_uuid=01a08d69-6f1a-8040-66ec-7b9650bcc77a&static_fare_key=TY%7CP0%7CH0%7CL0%7CCH0%7CR0%7CTBC0&itinerary_key=Ya0rPsk1Cb8Y9nsP0Lw5tg&expected_price_source=share&expected_price_currency=usd&expected_price=74&marker=741311
61,74,USD,FLL,MSN,"Madison, United States",US,2026-09-30,1,https://www.aviasales.com/search/FLL3009MSN1?t=MX17907480001790761980000293FLLTPAMSN_1f66d2ffdff26537fb8371afb9089be7_6224&search_date=11092026&expected_price_uuid=01a08fc3-b910-8030-aa13-d9d8e4814261&static_fare_key=TY%7CP0%7CH0%7CL0%7CCH0%7CR0%7CTBC0&itinerary_key=sWBpON3zGAzovgEx8OpG2Q&expected_price_source=share&expected_price_currency=usd&expected_price=74&marker=741311
62,76,USD,SEA,BZN,"Bozeman, United States",US,2026-10-17,0,https://www.aviasales.com/search/SEA1710BZN1?t=AS17922204001792230000000100SEABZN_1af88130112305c63f1641da544b3bbe_6475&search_date=10092026&expected_price_uuid=01a089aa-6826-8030-a1c0-b2006843b987&static_fare_key=TY%7CP1%7CH0%7CL0%7CCH0%7CR0%7CTBC0&itinerary_key=qJ04dbq5St7zOdQvQYrf7Q&expected_price_source=share&expected_price_currency=usd&expected_price=76&marker=741311
63,78,USD,BOS,LEB,"Lebanon, United States",US,2026-09-22,0,https://www.aviasales.com/search/BOS2209LEB1?t=9K17900676001790071500000065BOSLEB_82d5a1cc92c15ada7838350142bcca75_6564&search_date=12092026&expected_price_uuid=01a095ff-740f-8030-2967-613ff2393ea3&static_fare_key=TY%7CP0%7CH1%7CL0%7CCH0%7CR0%7CTBC0&itinerary_key=-7npPqxftPjeBWd-n51E1w&expected_price_source=share&expected_price_currency=usd&expected_price=78&marker=741311
64,78,USD,PHX,PVU,"Provo, United States",US,2026-10-02,0,https://www.aviasales.com/search/PHX0210PVU1?t=MX17909685601790978220000101PHXPVU_2fd741c35585d1b80330fbba167097f2_6570&search_date=10092026&expected_price_uuid=01a08b0a-8550-8040-6598-b037d218d5f4&static_fare_key=TY%7CP0%7CH0%7CL0%7CCH0%7CR0%7CTBC0&itinerary_key=zJTiPSm7ZlOB8duzBk1GNQ&expected_price_source=share&expected_price_currency=usd&expected_price=78&marker=741311
67,82,USD,TPA,CAK,"Akron, United States",US,2026-11-19,0,https://www.aviasales.com/search/TPA1911CAK1?t=G417950695001795078200000145PIECAK_8ba680be4f2683e480585ad6832c6286_7040&search_date=09092026&expected_price_uuid=01a083ec-02ce-8040-2481-21e42c7654aa&static_fare_key=TY%7CP0%7CH0%7CL0%7CCH0%7CR0%7CTBC0&itinerary_key=2AWQ4BUq9KknrIuPUdK-4A&expected_price_source=share&expected_price_currency=usd&expected_price=82&marker=741311
68,83,USD,DFW,AUS,"Austin, United States",US,2026-09-30,0,https://www.aviasales.com/search/DFW3009AUS1?t=WN17907543001790757900000060DALAUS_508c6d31023c4c583a9cf58bbc97f722_7073&search_date=10092026&expected_price_uuid=01a088d6-1f65-8030-ab7d-7d9250547c19&static_fare_key=TY%7CP0%7CH1%7CL0%7CCH0%7CR0%7CTBC0&itinerary_key=lFRdUbx0ejzPzHnA_ywZRA&expected_price_source=share&expected_price_currency=usd&expected_price=83&marker=741311
69,83,USD,RDU,ROC,"Rochester, United States",US,2026-10-23,0,https://www.aviasales.com/search/RDU2310ROC1?t=MX17927716801792778160000108RDUROC_bf413aa60988eb34d0e3e62cf16a1fb3_6977&search_date=10092026&expected_price_uuid=01a08b87-0608-8040-a032-07268cbcc9a3&static_fare_key=TY%7CP0%7CH0%7CL0%7CCH0%7CR0%7CTBC0&itinerary_key=CMHGGpAEH-UCPdaXEW9muQ&expected_price_source=share&expected_price_currency=usd&expected_price=83&marker=741311
70,83,USD,DFW,SLP,"San Luis Potosi, Mexico",MX,2026-10-14,0,https://www.aviasales.com/search/DFW1410SLP1?t=Y417919813601791985560000130DFWSLP_ad655c78ebd00629f769354cf132aa1d_7085&search_date=08092026&expected_price_uuid=01a081ab-52b4-8040-a557-28e1c914c8ce&static_fare_key=TY%7CP0%7CH0%7CL0%7CCH0%7CR0%7CTBC0&itinerary_key=lQ-NeWdB4m27InsY2gzwMA&expected_price_source=share&expected_price_currency=usd&expected_price=83&marker=741311
71,84,USD,CLT,BKW,"Beckley, United States",US,2026-09-17,0,https://www.aviasales.com/search/CLT1709BKW1?t=LF17896461001789650900000080CLTBKW_5ec7f85c799025c6c5a6eb938236f974_7277&search_date=07092026&expected_price_uuid=01a079ec-70b7-8030-ac51-9e337da52da5&static_fare_key=TY%7CP0%7CH1%7CL0%7CCH0%7CR0%7CTBC0&itinerary_key=0QifAcfLQgCZOu2frb0geg&expected_price_source=share&expected_price_currency=usd&expected_price=84&marker=741311
72,86,USD,SEA,BOI,"Boise, United States",US,2026-10-07,0,https://www.aviasales.com/search/SEA0710BOI1?marker=741311
73,87,USD,IAH,QRO,"Queretaro, Mexico",MX,2026-09-21,0,https://www.aviasales.com/search/IAH2109QRO1?marker=741311
74,87,USD,PHX,GEG,"Spokane, United States",US,2026-10-26,0,https://www.aviasales.com/search/PHX2610GEG1?marker=741311
75,88,USD,RDU,FMY,"Fort Myers, United States",US,2026-09-19,0,https://www.aviasales.com/search/RDU1909FMY1?marker=741311
76,88,USD,AUS,ELP,"El Paso, United States",US,2026-10-21,1,https://www.aviasales.com/search/AUS2110ELP1?marker=741311
77,90,USD,SFO,YYC,"Calgary, Canada",CA,2026-09-26,1,https://www.aviasales.com/search/SFO2609YYC1?marker=741311
78,90,USD,IAH,MTY,"Monterrey, Mexico",MX,2026-09-24,0,https://www.aviasales.com/search/IAH2409MTY1?marker=741311
79,91,USD,MIA,NAS,"Nassau, Bahamas",BS,2027-01-16,0,https://www.aviasales.com/search/MIA1601NAS1?marker=741311
80,91,USD,IAH,BJX,"Leon/Guanajuato, Mexico",MX,2026-09-20,0,https://www.aviasales.com/search/IAH2009BJX1?marker=741311
81,92,USD,DEN,MKC,"Kansas City, United States",US,2026-11-21,0,https://www.aviasales.com/search/DEN2111MKC1?marker=741311
82,92,USD,LAX,MFR,"Medford, United States",US,2026-10-31,1,https://www.aviasales.com/search/LAX3110MFR1?marker=741311
83,95,USD,LAX,GDL,"Guadalajara, Mexico",MX,2026-11-14,0,https://www.aviasales.com/search/LAX1411GDL1?marker=741311
84,95,USD,TPA,HTS,"Huntington, United States",US,2026-09-21,0,https://www.aviasales.com/search/TPA2109HTS1?marker=741311
85,96,USD,ORD,UIN,"Quincy, United States",US,2026-09-19,0,https://www.aviasales.com/search/ORD1909UIN1?marker=741311
86,98,USD,MCO,BQN,"Aguadilla, Puerto Rico",PR,2026-10-24,0,https://www.aviasales.com/search/MCO2410BQN1?marker=741311
87,99,USD,FLL,YMQ,"Montreal, Canada",CA,2026-09-25,1,https://www.aviasales.com/search/FLL2509YMQ1?marker=741311
88,104,USD,DEN,CDR,"Chadron, United States",US,2026-09-21,0,https://www.aviasales.com/search/DEN2109CDR1?marker=741311
89,106,USD,ORD,MBL,"Manistee, United States",US,2026-09-19,0,https://www.aviasales.com/search/ORD1909MBL1?marker=741311
90,108,USD,DFW,HOT,"Hot Springs, United States",US,2026-09-23,0,https://www.aviasales.com/search/DFW2309HOT1?marker=741311
91,108,USD,ORD,SBN,"South Bend, United States",US,2026-09-14,0,https://www.aviasales.com/search/ORD1409SBN1?marker=741311
92,109,USD,DEN,CNY,"Moab, United States",US,2026-09-21,0,https://www.aviasales.com/search/DEN2109CNY1?marker=741311
93,110,USD,FLL,HVN,"New Haven, United States",US,2026-11-06,0,https://www.aviasales.com/search/FLL0611HVN1?marker=741311
94,111,USD,BNA,YHZ,"Halifax, Canada",CA,2026-09-26,1,https://www.aviasales.com/search/BNA2609YHZ1?marker=741311
95,112,USD,FLL,BUF,"Buffalo, United States",US,2026-10-12,1,https://www.aviasales.com/search/FLL1210BUF1?marker=741311
96,112,USD,JFK,SXM,"Sint Maarten, Sint Maarten",SX,2027-01-11,0,https://www.aviasales.com/search/JFK1101SXM1?marker=741311
97,112,USD,PHX,GRR,"Grand Rapids, United States",US,2026-10-02,0,https://www.aviasales.com/search/PHX0210GRR1?marker=741311
98,113,USD,MCO,CHS,"Charleston, United States",US,2026-09-19,0,https://www.aviasales.com/search/MCO1909CHS1?marker=741311
99,113,USD,DEN,ABQ,"Albuquerque, United States",US,2026-09-28,1,https://www.aviasales.com/search/DEN2809ABQ1?marker=741311
100,113,USD,DEN,VEL,"Vernal, United States",US,2026-09-23,0,https://www.aviasales.com/search/DEN2309VEL1?marker=741311
101,114,USD,ORD,MKE,"Milwaukee, United States",US,2026-10-18,0,https://www.aviasales.com/search/ORD1810MKE1?marker=741311
102,115,USD,DFW,SAT,"San Antonio, United States",US,2026-09-22,1,https://www.aviasales.com/search/DFW2209SAT1?marker=741311
103,117,USD,LAX,MCE,"Merced, United States",US,2026-09-17,0,https://www.aviasales.com/search/LAX1709MCE1?marker=741311
104,118,USD,DFW,MEM,"Memphis, United States",US,2026-09-23,1,https://www.aviasales.com/search/DFW2309MEM1?marker=741311
105,118,USD,RDU,ISP,"Islip, United States",US,2026-10-15,1,https://www.aviasales.com/search/RDU1510ISP1?marker=741311
106,118,USD,BNA,VPS,"Fort Walton Beach, United States",US,2026-10-03,1,https://www.aviasales.com/search/BNA0310VPS1?marker=741311
107,119,USD,MIA,SDQ,"Santo Domingo, Dominican Republic",DO,2026-11-04,0,https://www.aviasales.com/search/MIA0411SDQ1?marker=741311
108,120,USD,MCO,RIC,"Richmond, United States",US,2026-11-13,0,https://www.aviasales.com/search/MCO1311RIC1?marker=741311
109,121,USD,MCO,PWM,"Portland, United States",US,2027-02-26,0,https://www.aviasales.com/search/MCO2602PWM1?marker=741311
110,122,USD,MIA,CLO,"Cali, Colombia",CO,2026-12-05,1,https://www.aviasales.com/search/MIA0512CLO1?marker=741311
111,123,USD,RDU,SDF,"Louisville, United States",US,2026-09-19,0,https://www.aviasales.com/search/RDU1909SDF1?marker=741311
112,123,USD,SFO,BIL,"Billings, United States",US,2026-09-24,1,https://www.aviasales.com/search/SFO2409BIL1?marker=741311
113,126,USD,ATL,CUN,"Cancun, Mexico",MX,2026-12-16,1,https://www.aviasales.com/search/ATL1612CUN1?marker=741311
114,126,USD,LAX,HNL,"Honolulu, United States",US,2026-09-22,0,https://www.aviasales.com/search/LAX2209HNL1?marker=741311
115,126,USD,BOS,BGI,"Bridgetown, Barbados",BB,2026-10-02,1,https://www.aviasales.com/search/BOS0210BGI1?marker=741311
116,126,USD,MCO,BTV,"Burlington, United States",US,2026-11-16,1,https://www.aviasales.com/search/MCO1611BTV1?marker=741311
117,127,USD,ORD,MLM,"Morelia, Mexico",MX,2027-01-09,1,https://www.aviasales.com/search/ORD0901MLM1?marker=741311
118,128,USD,LAX,GUA,"Guatemala City, Guatemala",GT,2027-01-29,0,https://www.aviasales.com/search/LAX2901GUA1?marker=741311
119,128,USD,AUS,PSP,"Palm Springs, United States",US,2026-10-07,1,https://www.aviasales.com/search/AUS0710PSP1?marker=741311
120,129,USD,PHX,PSC,"Pasco, United States",US,2026-09-17,0,https://www.aviasales.com/search/PHX1709PSC1?marker=741311
121,129,USD,SEA,KTN,"Ketchikan, United States",US,2026-09-18,0,https://www.aviasales.com/search/SEA1809KTN1?marker=741311
122,130,USD,LAX,PBC,"Puebla, Mexico",MX,2026-10-20,1,https://www.aviasales.com/search/LAX2010PBC1?marker=741311
123,131,USD,MCO,MYR,"Myrtle Beach, United States",US,2026-09-26,1,https://www.aviasales.com/search/MCO2609MYR1?marker=741311
124,131,USD,IAD,CKB,"Clarksburg, United States",US,2026-09-17,0,https://www.aviasales.com/search/IAD1709CKB1?marker=741311
125,131,USD,LAX,LAP,"La Paz, Mexico",MX,2026-10-12,1,https://www.aviasales.com/search/LAX1210LAP1?marker=741311
126,132,USD,BOS,RKD,"Rockland, United States",US,2026-09-19,0,https://www.aviasales.com/search/BOS1909RKD1?marker=741311
127,132,USD,DCA,PVD,"Providence, United States",US,2026-11-06,0,https://www.aviasales.com/search/DCA0611PVD1?marker=741311
128,133,USD,MIA,CTG,"Cartagena, Colombia",CO,2026-11-27,1,https://www.aviasales.com/search/MIA2711CTG1?marker=741311
129,133,USD,ORD,DEC,"Decatur, United States",US,2026-09-20,0,https://www.aviasales.com/search/ORD2009DEC1?marker=741311
130,134,USD,DEN,BFF,"Scottsbluff, United States",US,2026-09-23,0,https://www.aviasales.com/search/DEN2309BFF1?marker=741311
131,135,USD,DEN,ABE,"Allentown, United States",US,2026-09-18,0,https://www.aviasales.com/search/DEN1809ABE1?marker=741311
132,135,USD,MCO,BOG,"Bogota, Colombia",CO,2026-09-15,0,https://www.aviasales.com/search/MCO1509BOG1?marker=741311
133,135,USD,LAS,PGA,"Page, United States",US,2026-09-20,0,https://www.aviasales.com/search/LAS2009PGA1?marker=741311
134,135,USD,SAN,OMA,"Omaha, United States",US,2026-09-26,1,https://www.aviasales.com/search/SAN2609OMA1?marker=741311
135,136,USD,ORD,JST,"Johnstown, United States",US,2027-01-03,0,https://www.aviasales.com/search/ORD0301JST1?marker=741311
136,136,USD,IAH,CTM,"Chetumal, Mexico",MX,2026-09-19,1,https://www.aviasales.com/search/IAH1909CTM1?marker=741311
137,137,USD,BOS,HYA,"Hyannis, United States",US,2026-09-21,0,https://www.aviasales.com/search/BOS2109HYA1?marker=741311
138,137,USD,ORD,PVR,"Puerto Vallarta, Mexico",MX,2026-11-02,1,https://www.aviasales.com/search/ORD0211PVR1?marker=741311
139,138,USD,LAX,TUS,"Tucson, United States",US,2026-09-21,0,https://www.aviasales.com/search/LAX2109TUS1?marker=741311
140,138,USD,MIA,MID,"Merida, Mexico",MX,2026-10-23,1,https://www.aviasales.com/search/MIA2310MID1?marker=741311
141,138,USD,DFW,AMA,"Amarillo, United States",US,2026-11-05,0,https://www.aviasales.com/search/DFW0511AMA1?marker=741311
142,138,USD,MSP,IWD,"Ironwood, United States",US,2026-09-22,0,https://www.aviasales.com/search/MSP2209IWD1?marker=741311
143,139,USD,MCO,ILM,"Wilmington, United States",US,2026-09-19,1,https://www.aviasales.com/search/MCO1909ILM1?marker=741311
144,139,USD,SAN,OGG,"Kahului, United States",US,2026-09-22,0,https://www.aviasales.com/search/SAN2209OGG1?marker=741311
145,139,USD,SEA,FCA,"Kalispell, United States",US,2026-09-16,0,https://www.aviasales.com/search/SEA1609FCA1?marker=741311
146,139,USD,SEA,ANC,"Anchorage, United States",US,2026-09-18,0,https://www.aviasales.com/search/SEA1809ANC1?marker=741311
147,139,USD,IAD,LYH,"Lynchburg, United States",US,2026-09-21,0,https://www.aviasales.com/search/IAD2109LYH1?marker=741311
148,140,USD,MCO,LON,"London, United Kingdom",GB,2026-10-11,0,https://www.aviasales.com/search/MCO1110LON1?marker=741311
149,140,USD,MIA,OGL,"Georgetown, Guyana",GY,2026-09-29,2,https://www.aviasales.com/search/MIA2909OGL1?marker=741311
150,141,USD,SEA,FAI,"Fairbanks, United States",US,2026-09-25,0,https://www.aviasales.com/search/SEA2509FAI1?marker=741311
151,141,USD,JFK,ATH,"Athens, Greece",GR,2026-10-18,0,https://www.aviasales.com/search/JFK1810ATH1?marker=741311
152,141,USD,IAD,MGW,"Morgantown, United States",US,2026-09-20,0,https://www.aviasales.com/search/IAD2009MGW1?marker=741311
153,142,USD,MIA,LIM,"Lima, Peru",PE,2027-01-23,1,https://www.aviasales.com/search/MIA2301LIM1?marker=741311
154,143,USD,ORD,LAF,"Lafayette, United States",US,2026-09-23,0,https://www.aviasales.com/search/ORD2309LAF1?marker=741311
155,143,USD,SEA,JNU,"Juneau, United States",US,2026-09-13,0,https://www.aviasales.com/search/SEA1309JNU1?marker=741311
156,144,USD,LAS,LIT,"Little Rock, United States",US,2026-09-21,1,https://www.aviasales.com/search/LAS2109LIT1?marker=741311
157,144,USD,ORD,MKL,"Jackson, United States",US,2026-12-14,0,https://www.aviasales.com/search/ORD1412MKL1?marker=741311
158,145,USD,BOS,STI,"Santiago, Dominican Republic",DO,2026-09-28,2,https://www.aviasales.com/search/BOS2809STI1?marker=741311
159,145,USD,PHL,OKC,"Oklahoma City, United States",US,2026-09-21,1,https://www.aviasales.com/search/PHL2109OKC1?marker=741311
160,145,USD,DFW,FYV,"Fayetteville, United States",US,2026-09-20,1,https://www.aviasales.com/search/DFW2009FYV1?marker=741311
161,145,USD,DCA,GCM,"Georgetown, Cayman Islands",KY,2026-10-01,2,https://www.aviasales.com/search/DCA0110GCM1?marker=741311
162,146,USD,CLT,PTY,"Panama City, Panama",PA,2027-02-04,1,https://www.aviasales.com/search/CLT0402PTY1?marker=741311
163,146,USD,MCO,GYE,"Guayaquil, Ecuador",EC,2026-09-14,1,https://www.aviasales.com/search/MCO1409GYE1?marker=741311
164,146,USD,LAX,ZIH,"Ixtapa, Mexico",MX,2026-11-01,1,https://www.aviasales.com/search/LAX0111ZIH1?marker=741311
165,147,USD,RDU,SAL,"San Salvador, El Salvador",SV,2026-10-26,1,https://www.aviasales.com/search/RDU2610SAL1?marker=741311
166,147,USD,MIA,YQB,"Quebec, Canada",CA,2026-10-06,1,https://www.aviasales.com/search/MIA0610YQB1?marker=741311
167,147,USD,IAH,TGZ,"Tuxtla Gutierrez, Mexico",MX,2026-09-20,1,https://www.aviasales.com/search/IAH2009TGZ1?marker=741311
168,148,USD,BOS,SYR,"Syracuse, United States",US,2026-09-22,0,https://www.aviasales.com/search/BOS2209SYR1?marker=741311
169,148,USD,MIA,HAV,"Havana, Cuba",CU,2026-10-22,1,https://www.aviasales.com/search/MIA2210HAV1?marker=741311
170,148,USD,DFW,SJO,"San Jose, Costa Rica",CR,2026-10-13,1,https://www.aviasales.com/search/DFW1310SJO1?marker=741311
171,148,USD,IAD,YOW,"Ottawa, Canada",CA,2026-10-05,1,https://www.aviasales.com/search/IAD0510YOW1?marker=741311
172,148,USD,PHL,PBI,"West Palm Beach, United States",US,2026-09-24,2,https://www.aviasales.com/search/PHL2409PBI1?marker=741311
173,149,USD,BOS,MDE,"Medellin, Colombia",CO,2026-10-02,1,https://www.aviasales.com/search/BOS0210MDE1?marker=741311
174,149,USD,TPA,YLW,"Kelowna, Canada",CA,2026-11-23,2,https://www.aviasales.com/search/TPA2311YLW1?marker=741311
175,149,USD,DEN,CEZ,"Cortez, United States",US,2026-09-21,0,https://www.aviasales.com/search/DEN2109CEZ1?marker=741311
176,150,USD,FLL,SRQ,"Sarasota, United States",US,2026-09-19,1,https://www.aviasales.com/search/FLL1909SRQ1?marker=741311
177,150,USD,ORD,TUL,"Tulsa, United States",US,2026-09-23,0,https://www.aviasales.com/search/ORD2309TUL1?marker=741311
178,150,USD,MIA,GEO,"Georgetown, Guyana",GY,2026-09-29,1,https://www.aviasales.com/search/MIA2909GEO1?marker=741311
179,151,USD,MIA,PUJ,"Punta Cana, Dominican Republic",DO,2026-09-25,0,https://www.aviasales.com/search/MIA2509PUJ1?marker=741311
180,151,USD,IAH,DSM,"Des Moines, United States",US,2026-09-18,1,https://www.aviasales.com/search/IAH1809DSM1?marker=741311
181,151,USD,FLL,TLH,"Tallahassee, United States",US,2026-09-22,0,https://www.aviasales.com/search/FLL2209TLH1?marker=741311
182,152,USD,ORD,BHM,"Birmingham, United States",US,2026-09-21,0,https://www.aviasales.com/search/ORD2109BHM1?marker=741311
183,152,USD,RDU,ASE,"Aspen, United States",US,2026-11-12,1,https://www.aviasales.com/search/RDU1211ASE1?marker=741311
184,153,USD,ATL,SAV,"Savannah, United States",US,2026-09-22,1,https://www.aviasales.com/search/ATL2209SAV1?marker=741311
185,153,USD,DFW,LBB,"Lubbock, United States",US,2026-09-20,0,https://www.aviasales.com/search/DFW2009LBB1?marker=741311
186,153,USD,JFK,BDA,"Bermuda, Bermuda",BM,2026-10-01,0,https://www.aviasales.com/search/JFK0110BDA1?marker=741311
187,154,USD,DEN,ALS,"Alamosa, United States",US,2026-09-19,0,https://www.aviasales.com/search/DEN1909ALS1?marker=741311
188,155,USD,MIA,CUR,"Curacao, Curaçao",CW,2026-10-14,1,https://www.aviasales.com/search/MIA1410CUR1?marker=741311
189,157,USD,LAX,AGU,"Aguascalientes, Mexico",MX,2026-09-19,0,https://www.aviasales.com/search/LAX1909AGU1?marker=741311
190,158,USD,PHX,GCN,"Grand Canyon, United States",US,2026-09-19,0,https://www.aviasales.com/search/PHX1909GCN1?marker=741311
191,158,USD,LAS,CUL,"Culiacan, Mexico",MX,2026-09-22,1,https://www.aviasales.com/search/LAS2209CUL1?marker=741311
192,158,USD,SLC,ELD,"El Dorado, United States",US,2026-10-03,2,https://www.aviasales.com/search/SLC0310ELD1?marker=741311
193,159,USD,JFK,MBJ,"Montego Bay, Jamaica",JM,2027-01-25,0,https://www.aviasales.com/search/JFK2501MBJ1?marker=741311
194,159,USD,DFW,ACV,"Arcata, United States",US,2026-09-18,2,https://www.aviasales.com/search/DFW1809ACV1?marker=741311
195,159,USD,SAN,SBA,"Santa Barbara, United States",US,2026-09-21,0,https://www.aviasales.com/search/SAN2109SBA1?marker=741311
196,160,USD,PHL,ELM,"Elmira, United States",US,2026-09-19,1,https://www.aviasales.com/search/PHL1909ELM1?marker=741311
197,160,USD,SFO,YXJ,"Fort St John, Canada",CA,2026-11-16,1,https://www.aviasales.com/search/SFO1611YXJ1?marker=741311
198,161,USD,MIA,OAX,"Oaxaca, Mexico",MX,2026-10-08,1,https://www.aviasales.com/search/MIA0810OAX1?marker=741311
199,162,USD,LAX,KOA,"Kailua-Kona, United States",US,2026-09-24,0,https://www.aviasales.com/search/LAX2409KOA1?marker=741311
200,162,USD,ORD,RST,"Rochester, United States",US,2026-09-23,0,https://www.aviasales.com/search/ORD2309RST1?marker=741311
201,162,USD,RDU,USA,"Concord, United States",US,2026-09-19,1,https://www.aviasales.com/search/RDU1909USA1?marker=741311
202,164,USD,LAX,COS,"Colorado Springs, United States",US,2026-10-14,1,https://www.aviasales.com/search/LAX1410COS1?marker=741311
203,165,USD,ORD,PIA,"Peoria, United States",US,2026-09-19,0,https://www.aviasales.com/search/ORD1909PIA1?marker=741311
204,165,USD,ORD,GSO,"Greensboro, United States",US,2026-09-22,0,https://www.aviasales.com/search/ORD2209GSO1?marker=741311
205,165,USD,ORD,DAY,"Dayton, United States",US,2026-09-19,0,https://www.aviasales.com/search/ORD1909DAY1?marker=741311
206,166,USD,DFW,VSA,"Villahermosa, Mexico",MX,2026-09-18,1,https://www.aviasales.com/search/DFW1809VSA1?marker=741311
207,167,USD,LAX,SJD,"San Jose Del Cabo, Mexico",MX,2027-02-22,1,https://www.aviasales.com/search/LAX2202SJD1?marker=741311
208,167,USD,IAD,YQR,"Regina, Canada",CA,2026-11-21,1,https://www.aviasales.com/search/IAD2111YQR1?marker=741311
209,168,USD,ORD,HAR,"Harrisburg, United States",US,2026-09-19,0,https://www.aviasales.com/search/ORD1909HAR1?marker=741311
210,169,USD,DFW,LIR,"Liberia, Costa Rica",CR,2026-11-25,1,https://www.aviasales.com/search/DFW2511LIR1?marker=741311
211,169,USD,ORD,TVC,"Traverse City, United States",US,2026-09-21,0,https://www.aviasales.com/search/ORD2109TVC1?marker=741311
212,169,USD,SEA,MSO,"Missoula, United States",US,2026-12-11,0,https://www.aviasales.com/search/SEA1112MSO1?marker=741311
213,169,USD,PHX,DRO,"Durango, United States",US,2026-09-20,0,https://www.aviasales.com/search/PHX2009DRO1?marker=741311
214,170,USD,DFW,TAP,"Tapachula, Mexico",MX,2026-09-19,1,https://www.aviasales.com/search/DFW1909TAP1?marker=741311
215,171,USD,JFK,FRA,"Frankfurt, Germany",DE,2026-10-11,1,https://www.aviasales.com/search/JFK1110FRA1?marker=741311
216,171,USD,MCO,SAO,"Sao Paulo, Brazil",BR,2026-09-27,1,https://www.aviasales.com/search/MCO2709SAO1?marker=741311
217,172,USD,ORD,LAN,"Lansing, United States",US,2026-09-19,0,https://www.aviasales.com/search/ORD1909LAN1?marker=741311
218,173,USD,ORD,EAU,"Eau Claire, United States",US,2026-09-20,0,https://www.aviasales.com/search/ORD2009EAU1?marker=741311
219,173,USD,BOS,BHB,"Bar Harbor, United States",US,2026-09-20,0,https://www.aviasales.com/search/BOS2009BHB1?marker=741311
220,173,USD,ORD,AZO,"Kalamazoo, United States",US,2026-09-22,0,https://www.aviasales.com/search/ORD2209AZO1?marker=741311
221,173,USD,RDU,HGR,"Hagerstown, United States",US,2026-09-17,1,https://www.aviasales.com/search/RDU1709HGR1?marker=741311
222,173,USD,JFK,TQO,"Tulum, Mexico",MX,2026-12-05,2,https://www.aviasales.com/search/JFK0512TQO1?marker=741311
223,173,USD,PHX,TWF,"Twin Falls, United States",US,2026-09-17,1,https://www.aviasales.com/search/PHX1709TWF1?marker=741311
224,174,USD,DFW,SWO,"Stillwater, United States",US,2026-09-17,0,https://www.aviasales.com/search/DFW1709SWO1?marker=741311
225,174,USD,MSP,MZT,"Mazatlan, Mexico",MX,2027-01-20,1,https://www.aviasales.com/search/MSP2001MZT1?marker=741311
226,175,USD,SEA,PUW,"Pullman, United States",US,2026-09-17,0,https://www.aviasales.com/search/SEA1709PUW1?marker=741311
227,175,USD,SEA,YKM,"Yakima, United States",US,2026-12-30,0,https://www.aviasales.com/search/SEA3012YKM1?marker=741311
228,175,USD,CLT,OAJ,"Jacksonville, United States",US,2026-09-19,0,https://www.aviasales.com/search/CLT1909OAJ1?marker=741311
229,176,USD,JFK,MUC,"Munich, Germany",DE,2026-09-20,1,https://www.aviasales.com/search/JFK2009MUC1?marker=741311
230,177,USD,PHL,SCE,"State College, United States",US,2026-09-23,0,https://www.aviasales.com/search/PHL2309SCE1?marker=741311
231,178,USD,PHX,SGU,"Saint George, United States",US,2026-11-03,0,https://www.aviasales.com/search/PHX0311SGU1?marker=741311
232,179,USD,PHL,MHT,"Manchester, United States",US,2026-09-22,0,https://www.aviasales.com/search/PHL2209MHT1?marker=741311
233,179,USD,DFW,ILE,"Killeen, United States",US,2026-09-19,0,https://www.aviasales.com/search/DFW1909ILE1?marker=741311
234,179,USD,DFW,CLL,"College Station, United States",US,2026-09-22,0,https://www.aviasales.com/search/DFW2209CLL1?marker=741311
235,180,USD,ORD,BMI,"Bloomington, United States",US,2026-09-18,0,https://www.aviasales.com/search/ORD1809BMI1?marker=741311
236,180,USD,ORD,YKF,"Kitchener, Canada",CA,2026-09-20,1,https://www.aviasales.com/search/ORD2009YKF1?marker=741311
237,180,USD,DFW,MLU,"Monroe, United States",US,2026-09-23,0,https://www.aviasales.com/search/DFW2309MLU1?marker=741311
238,180,USD,DFW,ABI,"Abilene, United States",US,2026-09-23,0,https://www.aviasales.com/search/DFW2309ABI1?marker=741311
239,181,USD,DFW,CGI,"Cape Girardeau, United States",US,2026-09-18,0,https://www.aviasales.com/search/DFW1809CGI1?marker=741311
240,181,USD,ORD,SPI,"Springfield, United States",US,2026-09-20,0,https://www.aviasales.com/search/ORD2009SPI1?marker=741311
241,181,USD,CLT,PGV,"Greenville, United States",US,2026-09-18,0,https://www.aviasales.com/search/CLT1809PGV1?marker=741311
242,182,USD,DFW,GPT,"Gulfport, United States",US,2026-09-17,0,https://www.aviasales.com/search/DFW1709GPT1?marker=741311
243,182,USD,FLL,BAQ,"Barranquilla, Colombia",CO,2026-09-15,2,https://www.aviasales.com/search/FLL1509BAQ1?marker=741311
244,182,USD,DEN,LAR,"Laramie, United States",US,2026-09-22,0,https://www.aviasales.com/search/DEN2209LAR1?marker=741311
245,183,USD,DFW,MOB,"Mobile, United States",US,2026-09-22,0,https://www.aviasales.com/search/DFW2209MOB1?marker=741311
246,183,USD,DCA,AGS,"Augusta, United States",US,2026-09-16,0,https://www.aviasales.com/search/DCA1609AGS1?marker=741311
247,183,USD,DEN,LBF,"North Platte, United States",US,2026-09-21,0,https://www.aviasales.com/search/DEN2109LBF1?marker=741311
248,184,USD,BOS,PQI,"Presque Isle, United States",US,2026-09-17,0,https://www.aviasales.com/search/BOS1709PQI1?marker=741311
249,184,USD,DCA,HPN,"Westchester County, United States",US,2026-09-22,0,https://www.aviasales.com/search/DCA2209HPN1?marker=741311
250,184,USD,DFW,LAW,"Lawton, United States",US,2026-09-19,0,https://www.aviasales.com/search/DFW1909LAW1?marker=741311
251,184,USD,DFW,BRO,"Brownsville, United States",US,2026-09-19,0,https://www.aviasales.com/search/DFW1909BRO1?marker=741311
252,185,USD,DFW,BTR,"Baton Rouge, United States",US,2026-09-22,0,https://www.aviasales.com/search/DFW2209BTR1?marker=741311
253,185,USD,ORD,CMI,"Champaign, United States",US,2026-09-18,0,https://www.aviasales.com/search/ORD1809CMI1?marker=741311
254,186,USD,MSP,TVF,"Thief River Falls, United States",US,2026-09-18,0,https://www.aviasales.com/search/MSP1809TVF1?marker=741311
255,187,USD,SEA,ACA,"Acapulco, Mexico",MX,2026-10-10,3,https://www.aviasales.com/search/SEA1010ACA1?marker=741311
256,187,USD,DFW,AEX,"Alexandria, United States",US,2026-09-17,0,https://www.aviasales.com/search/DFW1709AEX1?marker=741311
257,188,USD,ORD,FOD,"Fort Dodge, United States",US,2026-09-21,0,https://www.aviasales.com/search/ORD2109FOD1?marker=741311
258,188,USD,IAH,JAN,"Jackson, United States",US,2026-10-18,0,https://www.aviasales.com/search/IAH1810JAN1?marker=741311
259,188,USD,JFK,SKB,"Basseterre, Saint Kitts and Nevis",KN,2026-09-28,1,https://www.aviasales.com/search/JFK2809SKB1?marker=741311
260,188,USD,TPA,PSE,"Ponce, Puerto Rico",PR,2026-10-24,2,https://www.aviasales.com/search/TPA2410PSE1?marker=741311
261,189,USD,BNA,ART,"Watertown, United States",US,2026-09-30,2,https://www.aviasales.com/search/BNA3009ART1?marker=741311
262,189,USD,DFW,FSM,"Fort Smith, United States",US,2026-09-20,0,https://www.aviasales.com/search/DFW2009FSM1?marker=741311
263,190,USD,DFW,MHK,"Manhattan, United States",US,2026-09-21,0,https://www.aviasales.com/search/DFW2109MHK1?marker=741311
264,190,USD,DFW,MFE,"McAllen, United States",US,2026-10-01,1,https://www.aviasales.com/search/DFW0110MFE1?marker=741311
265,191,USD,BOS,BCN,"Barcelona, Spain",ES,2026-10-21,0,https://www.aviasales.com/search/BOS2110BCN1?marker=741311
266,191,USD,LAX,LIH,"Kauai Island, United States",US,2026-11-03,1,https://www.aviasales.com/search/LAX0311LIH1?marker=741311
267,191,USD,ORD,LCH,"Lake Charles, United States",US,2026-09-22,1,https://www.aviasales.com/search/ORD2209LCH1?marker=741311
268,192,USD,RDU,ROA,"Roanoke, United States",US,2026-09-20,1,https://www.aviasales.com/search/RDU2009ROA1?marker=741311
269,192,USD,JFK,IDA,"Idaho Falls, United States",US,2026-10-20,1,https://www.aviasales.com/search/JFK2010IDA1?marker=741311
270,193,USD,MIA,GNV,"Gainesville, United States",US,2026-09-17,0,https://www.aviasales.com/search/MIA1709GNV1?marker=741311
271,193,USD,RDU,TRI,"Blountville, United States",US,2026-09-21,1,https://www.aviasales.com/search/RDU2109TRI1?marker=741311
272,193,USD,MCO,YWG,"Winnipeg, Canada",CA,2026-09-24,2,https://www.aviasales.com/search/MCO2409YWG1?marker=741311
273,194,USD,DFW,SGF,"Springfield, United States",US,2026-09-23,0,https://www.aviasales.com/search/DFW2309SGF1?marker=741311
274,194,USD,CLT,LEX,"Lexington, United States",US,2026-09-23,0,https://www.aviasales.com/search/CLT2309LEX1?marker=741311
275,194,USD,FLL,KIN,"Kingston, Jamaica",JM,2026-11-25,0,https://www.aviasales.com/search/FLL2511KIN1?marker=741311
276,194,USD,MSP,YYJ,"Victoria, Canada",CA,2026-09-22,2,https://www.aviasales.com/search/MSP2209YYJ1?marker=741311
277,195,USD,PHX,MTJ,"Montrose, United States",US,2026-12-14,1,https://www.aviasales.com/search/PHX1412MTJ1?marker=741311
278,196,USD,MCO,BUH,"Bucharest, Romania",RO,2027-01-15,1,https://www.aviasales.com/search/MCO1501BUH1?marker=741311
279,196,USD,RDU,LNS,"Lancaster, United States",US,2026-09-19,1,https://www.aviasales.com/search/RDU1909LNS1?marker=741311
280,196,USD,PDX,RDM,"Redmond, United States",US,2026-09-21,0,https://www.aviasales.com/search/PDX2109RDM1?marker=741311
281,197,USD,IAH,SAP,"San Pedro Sula, Honduras",HN,2027-01-22,1,https://www.aviasales.com/search/IAH2201SAP1?marker=741311
282,197,USD,JFK,CTA,"Catania, Italy",IT,2026-10-14,1,https://www.aviasales.com/search/JFK1410CTA1?marker=741311
283,197,USD,SEA,YXT,"Terrace, Canada",CA,2026-09-23,2,https://www.aviasales.com/search/SEA2309YXT1?marker=741311
284,198,USD,CLT,SHD,"Staunton, United States",US,2026-09-19,0,https://www.aviasales.com/search/CLT1909SHD1?marker=741311
285,198,USD,SAN,MRY,"Monterey, United States",US,2026-09-22,0,https://www.aviasales.com/search/SAN2209MRY1?marker=741311
286,199,USD,PDX,YZF,"Yellowknife, Canada",CA,2026-09-22,1,https://www.aviasales.com/search/PDX2209YZF1?marker=741311
287,201,USD,JFK,DAB,"Daytona Beach, United States",US,2026-09-24,1,https://www.aviasales.com/search/JFK2409DAB1?marker=741311
288,202,USD,ORD,ECP,"Panama City, United States",US,2026-11-04,1,https://www.aviasales.com/search/ORD0411ECP1?marker=741311
289,202,USD,JFK,SLU,"Castries, Saint Lucia",LC,2026-10-05,0,https://www.aviasales.com/search/JFK0510SLU1?marker=741311
290,203,USD,LAX,TIJ,"Tijuana, Mexico",MX,2026-09-17,1,https://www.aviasales.com/search/LAX1709TIJ1?marker=741311
291,204,USD,JFK,UIO,"Quito, Ecuador",EC,2026-11-16,1,https://www.aviasales.com/search/JFK1611UIO1?marker=741311
292,205,USD,DFW,JAC,"Jackson, United States",US,2026-09-21,0,https://www.aviasales.com/search/DFW2109JAC1?marker=741311
293,206,USD,DFW,GJT,"Grand Junction, United States",US,2026-09-21,0,https://www.aviasales.com/search/DFW2109GJT1?marker=741311
294,207,USD,ORD,ZCL,"Zacatecas, Mexico",MX,2026-09-22,2,https://www.aviasales.com/search/ORD2209ZCL1?marker=741311
295,208,USD,PHL,FRS,"Flores, Guatemala",GT,2026-12-12,2,https://www.aviasales.com/search/PHL1212FRS1?marker=741311
296,209,USD,IAD,CAI,"Cairo, Egypt",EG,2026-09-14,1,https://www.aviasales.com/search/IAD1409CAI1?marker=741311
297,210,USD,LAX,PRC,"Prescott, United States",US,2026-09-23,0,https://www.aviasales.com/search/LAX2309PRC1?marker=741311
298,210,USD,SEA,YCD,"Nanaimo, Canada",CA,2026-09-23,1,https://www.aviasales.com/search/SEA2309YCD1?marker=741311
299,211,USD,MCO,MLI,"Moline, United States",US,2026-11-10,2,https://www.aviasales.com/search/MCO1011MLI1?marker=741311
300,211,USD,ORD,CMX,"Hancock, United States",US,2026-09-21,0,https://www.aviasales.com/search/ORD2109CMX1?marker=741311
301,211,USD,BNA,YQT,"Thunder Bay, Canada",CA,2026-09-23,1,https://www.aviasales.com/search/BNA2309YQT1?marker=741311
302,212,USD,IAD,MED,"Medina, Saudi Arabia",SA,2026-10-08,1,https://www.aviasales.com/search/IAD0810MED1?marker=741311
303,212,USD,DFW,EGE,"Vail, United States",US,2026-09-19,0,https://www.aviasales.com/search/DFW1909EGE1?marker=741311
304,212,USD,MIA,STT,"Saint Thomas, U.S. Virgin Islands",VI,2027-01-03,0,https://www.aviasales.com/search/MIA0301STT1?marker=741311
305,212,USD,MIA,POS,"Port Of Spain, Trinidad and Tobago",TT,2026-09-28,1,https://www.aviasales.com/search/MIA2809POS1?marker=741311
306,213,USD,AUS,CAE,"Columbia, United States",US,2026-09-15,1,https://www.aviasales.com/search/AUS1509CAE1?marker=741311
307,214,USD,MIA,MLB,"Melbourne, United States",US,2026-09-19,2,https://www.aviasales.com/search/MIA1909MLB1?marker=741311
308,214,USD,LAS,LTO,"Loreto, Mexico",MX,2026-10-31,2,https://www.aviasales.com/search/LAS3110LTO1?marker=741311
309,214,USD,JFK,TGD,"Podgorica, Montenegro",ME,2026-10-14,2,https://www.aviasales.com/search/JFK1410TGD1?marker=741311
310,214,USD,JFK,PRG,"Prague, Czech Republic",CZ,2026-10-19,1,https://www.aviasales.com/search/JFK1910PRG1?marker=741311
311,215,USD,PDX,FAR,"Fargo, United States",US,2026-09-20,2,https://www.aviasales.com/search/PDX2009FAR1?marker=741311
312,216,USD,MCO,SSA,"Salvador, Brazil",BR,2026-09-27,1,https://www.aviasales.com/search/MCO2709SSA1?marker=741311
313,216,USD,SEA,YXS,"Prince George, Canada",CA,2026-09-22,1,https://www.aviasales.com/search/SEA2209YXS1?marker=741311
314,217,USD,DEN,OGS,"Ogdensburg, United States",US,2026-09-16,2,https://www.aviasales.com/search/DEN1609OGS1?marker=741311
315,217,USD,JFK,LCA,"Larnaca, Cyprus",CY,2026-09-30,1,https://www.aviasales.com/search/JFK3009LCA1?marker=741311
316,217,USD,MIA,HRL,"Harlingen, United States",US,2026-09-17,1,https://www.aviasales.com/search/MIA1709HRL1?marker=741311
317,218,USD,JFK,PAR,"Paris, France",FR,2027-01-18,1,https://www.aviasales.com/search/JFK1801PAR1?marker=741311
318,218,USD,BOS,POP,"Puerto Plata, Dominican Republic",DO,2026-10-03,2,https://www.aviasales.com/search/BOS0310POP1?marker=741311
319,219,USD,LAX,SGN,"Ho Chi Minh City, Vietnam",VN,2027-01-11,1,https://www.aviasales.com/search/LAX1101SGN1?marker=741311
320,219,USD,SFO,BFL,"Bakersfield, United States",US,2026-09-21,0,https://www.aviasales.com/search/SFO2109BFL1?marker=741311
321,219,USD,DFW,CJS,"Ciudad Juarez, Mexico",MX,2026-10-01,2,https://www.aviasales.com/search/DFW0110CJS1?marker=741311
322,220,USD,MIA,ORH,"Worcester, United States",US,2026-11-01,1,https://www.aviasales.com/search/MIA0111ORH1?marker=741311
323,221,USD,ORD,PLN,"Pellston, United States",US,2026-09-21,0,https://www.aviasales.com/search/ORD2109PLN1?marker=741311
324,222,USD,JFK,MIL,"Milan, Italy",IT,2026-10-14,1,https://www.aviasales.com/search/JFK1410MIL1?marker=741311
325,223,USD,JFK,VCE,"Venice, Italy",IT,2026-10-18,1,https://www.aviasales.com/search/JFK1810VCE1?marker=741311
326,223,USD,LAX,MNL,"Manila, Philippines",PH,2027-01-11,1,https://www.aviasales.com/search/LAX1101MNL1?marker=741311
327,223,USD,JFK,GDN,"Gdansk, Poland",PL,2027-01-13,1,https://www.aviasales.com/search/JFK1301GDN1?marker=741311
328,224,USD,IAD,DXB,"Dubai, United Arab Emirates",AE,2026-09-26,1,https://www.aviasales.com/search/IAD2609DXB1?marker=741311
329,228,USD,JFK,CUU,"Chihuahua, Mexico",MX,2026-09-23,1,https://www.aviasales.com/search/JFK2309CUU1?marker=741311
330,228,USD,SAN,BLI,"Bellingham, United States",US,2026-09-18,2,https://www.aviasales.com/search/SAN1809BLI1?marker=741311
331,230,USD,LAX,MAM,"Matamoros, Mexico",MX,2026-09-22,2,https://www.aviasales.com/search/LAX2209MAM1?marker=741311
332,231,USD,JFK,WAW,"Warsaw, Poland",PL,2026-11-17,1,https://www.aviasales.com/search/JFK1711WAW1?marker=741311
333,231,USD,DEN,GUP,"Gallup, United States",US,2026-09-19,1,https://www.aviasales.com/search/DEN1909GUP1?marker=741311
334,231,USD,LAX,SMX,"Santa Maria, United States",US,2026-09-22,2,https://www.aviasales.com/search/LAX2209SMX1?marker=741311
335,232,USD,JFK,MLA,"Malta, Malta",MT,2026-09-30,1,https://www.aviasales.com/search/JFK3009MLA1?marker=741311
336,233,USD,JFK,DUB,"Dublin, Ireland",IE,2027-01-06,1,https://www.aviasales.com/search/JFK0601DUB1?marker=741311
337,233,USD,LAX,RAP,"Rapid City, United States",US,2026-09-22,1,https://www.aviasales.com/search/LAX2209RAP1?marker=741311
338,234,USD,JFK,ROM,"Rome, Italy",IT,2026-11-08,0,https://www.aviasales.com/search/JFK0811ROM1?marker=741311
339,234,USD,ORD,BLV,"Belleville, United States",US,2026-09-18,1,https://www.aviasales.com/search/ORD1809BLV1?marker=741311
340,234,USD,DTW,ATW,"Appleton, United States",US,2026-09-17,2,https://www.aviasales.com/search/DTW1709ATW1?marker=741311
341,234,USD,SEA,EAT,"Wenatchee, United States",US,2026-09-21,0,https://www.aviasales.com/search/SEA2109EAT1?marker=741311
342,236,USD,JFK,ZRH,"Zurich, Switzerland",CH,2026-09-30,1,https://www.aviasales.com/search/JFK3009ZRH1?marker=741311
343,236,USD,LAS,PGD,"Punta Gorda, United States",US,2027-01-24,1,https://www.aviasales.com/search/LAS2401PGD1?marker=741311
344,236,USD,JFK,OSL,"Oslo, Norway",NO,2026-12-10,1,https://www.aviasales.com/search/JFK1012OSL1?marker=741311
345,236,USD,JFK,TLL,"Tallinn, Estonia",EE,2026-10-13,2,https://www.aviasales.com/search/JFK1310TLL1?marker=741311
346,237,USD,JFK,ACK,"Nantucket, United States",US,2026-09-19,0,https://www.aviasales.com/search/JFK1909ACK1?marker=741311
347,238,USD,ORD,LNK,"Lincoln, United States",US,2026-09-19,0,https://www.aviasales.com/search/ORD1909LNK1?marker=741311
348,239,USD,JFK,SPU,"Split, Croatia",HR,2026-10-04,1,https://www.aviasales.com/search/JFK0410SPU1?marker=741311
349,239,USD,LAX,MGA,"Managua, Nicaragua",NI,2026-12-02,1,https://www.aviasales.com/search/LAX0212MGA1?marker=741311
350,239,USD,DFW,EUG,"Eugene, United States",US,2026-09-18,1,https://www.aviasales.com/search/DFW1809EUG1?marker=741311
351,239,USD,DFW,YUM,"Yuma, United States",US,2026-09-18,0,https://www.aviasales.com/search/DFW1809YUM1?marker=741311
352,239,USD,SFO,RDD,"Redding, United States",US,2026-09-23,0,https://www.aviasales.com/search/SFO2309RDD1?marker=741311
353,240,USD,JFK,CRW,"Charleston, United States",US,2026-11-11,1,https://www.aviasales.com/search/JFK1111CRW1?marker=741311
354,240,USD,BNA,CHO,"Charlottesville, United States",US,2026-09-18,1,https://www.aviasales.com/search/BNA1809CHO1?marker=741311
355,240,USD,MCO,MAD,"Madrid, Spain",ES,2027-01-27,1,https://www.aviasales.com/search/MCO2701MAD1?marker=741311
356,240,USD,ORD,MBS,"Saginaw, United States",US,2026-09-21,0,https://www.aviasales.com/search/ORD2109MBS1?marker=741311
357,240,USD,IAD,ITH,"Ithaca, United States",US,2026-09-23,0,https://www.aviasales.com/search/IAD2309ITH1?marker=741311
358,240,USD,IAD,AVP,"Wilkes-Barre, United States",US,2026-09-20,0,https://www.aviasales.com/search/IAD2009AVP1?marker=741311
359,240,USD,IAH,CRP,"Corpus Christi, United States",US,2026-09-21,0,https://www.aviasales.com/search/IAH2109CRP1?marker=741311
360,240,USD,IAH,SHV,"Shreveport, United States",US,2026-09-21,0,https://www.aviasales.com/search/IAH2109SHV1?marker=741311
361,241,USD,ORD,COU,"Columbia, United States",US,2026-09-20,2,https://www.aviasales.com/search/ORD2009COU1?marker=741311
362,241,USD,JFK,NCE,"Nice, France",FR,2026-10-06,1,https://www.aviasales.com/search/JFK0610NCE1?marker=741311
363,242,USD,MIA,BUE,"Buenos Aires, Argentina",AR,2026-11-14,1,https://www.aviasales.com/search/MIA1411BUE1?marker=741311
364,242,USD,DEN,TEX,"Telluride, United States",US,2026-09-22,0,https://www.aviasales.com/search/DEN2209TEX1?marker=741311
365,244,USD,DFW,CID,"Cedar Rapids, United States",US,2026-09-23,2,https://www.aviasales.com/search/DFW2309CID1?marker=741311
366,244,USD,JFK,AUA,"Oranjestad, Aruba",AW,2026-09-14,1,https://www.aviasales.com/search/JFK1409AUA1?marker=741311
367,245,USD,JFK,BEG,"Belgrade, Serbia",RS,2026-10-14,1,https://www.aviasales.com/search/JFK1410BEG1?marker=741311
368,246,USD,ORD,HAN,"Hanoi, Vietnam",VN,2026-11-02,1,https://www.aviasales.com/search/ORD0211HAN1?marker=741311
369,247,USD,ORD,CPH,"Copenhagen, Denmark",DK,2026-10-28,1,https://www.aviasales.com/search/ORD2810CPH1?marker=741311
370,247,USD,RDU,MAN,"Manchester, United Kingdom",GB,2027-01-19,2,https://www.aviasales.com/search/RDU1901MAN1?marker=741311
371,247,USD,DFW,CUC,"Cucuta, Colombia",CO,2026-10-27,3,https://www.aviasales.com/search/DFW2710CUC1?marker=741311
372,247,USD,JFK,MVY,"Martha's Vineyard, United States",US,2026-09-20,0,https://www.aviasales.com/search/JFK2009MVY1?marker=741311
373,248,USD,ORD,AOO,"Altoona, United States",US,2026-09-18,2,https://www.aviasales.com/search/ORD1809AOO1?marker=741311
374,248,USD,BOS,TIA,"Tirana, Albania",AL,2026-09-17,2,https://www.aviasales.com/search/BOS1709TIA1?marker=741311
375,248,USD,MSP,BIO,"Bilbao, Spain",ES,2026-11-02,2,https://www.aviasales.com/search/MSP0211BIO1?marker=741311
376,248,USD,ORD,GRB,"Green Bay, United States",US,2026-10-23,0,https://www.aviasales.com/search/ORD2310GRB1?marker=741311
377,249,USD,SLC,MOT,"Minot, United States",US,2026-09-22,2,https://www.aviasales.com/search/SLC2209MOT1?marker=741311
378,249,USD,PHX,DGO,"Durango, Mexico",MX,2026-09-23,1,https://www.aviasales.com/search/PHX2309DGO1?marker=741311
379,250,USD,JFK,IST,"Istanbul, Turkiye",TR,2026-10-18,1,https://www.aviasales.com/search/JFK1810IST1?marker=741311
380,251,USD,PHX,YXX,"Abbotsford, Canada",CA,2026-09-21,2,https://www.aviasales.com/search/PHX2109YXX1?marker=741311
381,252,USD,RDU,PEI,"Pereira, Colombia",CO,2026-10-06,2,https://www.aviasales.com/search/RDU0610PEI1?marker=741311
382,254,USD,MIA,GGT,"George Town, Bahamas",BS,2026-09-17,1,https://www.aviasales.com/search/MIA1709GGT1?marker=741311
383,254,USD,MCO,SMR,"Santa Marta, Colombia",CO,2027-01-16,1,https://www.aviasales.com/search/MCO1601SMR1?marker=741311
384,256,USD,MIA,SCL,"Santiago, Chile",CL,2027-01-17,1,https://www.aviasales.com/search/MIA1701SCL1?marker=741311
385,256,USD,PHX,TPQ,"Tepic, Mexico",MX,2026-09-22,2,https://www.aviasales.com/search/PHX2209TPQ1?marker=741311
386,258,USD,LAX,TYO,"Tokyo, Japan",JP,2026-09-18,0,https://www.aviasales.com/search/LAX1809TYO1?marker=741311
387,258,USD,MSP,FWA,"Fort Wayne, United States",US,2026-09-13,1,https://www.aviasales.com/search/MSP1309FWA1?marker=741311
388,260,USD,MSP,GFK,"Grand Forks, United States",US,2026-09-23,1,https://www.aviasales.com/search/MSP2309GFK1?marker=741311
389,261,USD,MIA,ELH,"North Eleuthera, Bahamas",BS,2026-09-13,1,https://www.aviasales.com/search/MIA1309ELH1?marker=741311
390,261,USD,JFK,OWB,"Owensboro, United States",US,2026-09-17,1,https://www.aviasales.com/search/JFK1709OWB1?marker=741311
391,264,USD,MCO,RIO,"Rio de Janeiro, Brazil",BR,2027-01-20,1,https://www.aviasales.com/search/MCO2001RIO1?marker=741311
392,265,USD,ATL,TUP,"Tupelo, United States",US,2026-09-24,2,https://www.aviasales.com/search/ATL2409TUP1?marker=741311
393,266,USD,DFW,HSV,"Huntsville, United States",US,2026-09-21,2,https://www.aviasales.com/search/DFW2109HSV1?marker=741311
394,267,USD,PHL,BFD,"Bradford, United States",US,2026-09-22,2,https://www.aviasales.com/search/PHL2209BFD1?marker=741311
395,268,USD,ORD,ERI,"Erie, United States",US,2026-09-22,1,https://www.aviasales.com/search/ORD2209ERI1?marker=741311
396,268,USD,JFK,BHZ,"Belo Horizonte, Brazil",BR,2026-11-24,1,https://www.aviasales.com/search/JFK2411BHZ1?marker=741311
397,269,USD,SFO,SIN,"Singapore, Singapore",SG,2026-11-27,0,https://www.aviasales.com/search/SFO2711SIN1?marker=741311
398,269,USD,IAH,ICT,"Wichita, United States",US,2026-09-23,1,https://www.aviasales.com/search/IAH2309ICT1?marker=741311
399,269,USD,AUS,MAF,"Midland, United States",US,2026-09-21,1,https://www.aviasales.com/search/AUS2109MAF1?marker=741311
400,269,USD,JFK,BOJ,"Bourgas, Bulgaria",BG,2026-09-22,1,https://www.aviasales.com/search/JFK2209BOJ1?marker=741311
401,269,USD,IAH,LFT,"Lafayette, United States",US,2026-09-18,1,https://www.aviasales.com/search/IAH1809LFT1?marker=741311
402,271,USD,BOS,RTB,"Roatan, Honduras",HN,2026-11-29,1,https://www.aviasales.com/search/BOS2911RTB1?marker=741311
403,271,USD,ORD,TOL,"Toledo, United States",US,2026-09-17,1,https://www.aviasales.com/search/ORD1709TOL1?marker=741311
404,273,USD,SEA,VLC,"Valencia, Spain",ES,2026-10-02,2,https://www.aviasales.com/search/SEA0210VLC1?marker=741311
405,273,USD,PHL,BGR,"Bangor, United States",US,2026-09-23,1,https://www.aviasales.com/search/PHL2309BGR1?marker=741311
406,274,USD,JFK,AMS,"Amsterdam, Netherlands",NL,2026-09-20,1,https://www.aviasales.com/search/JFK2009AMS1?marker=741311
407,274,USD,JFK,CWB,"Curitiba, Brazil",BR,2026-11-05,2,https://www.aviasales.com/search/JFK0511CWB1?marker=741311
408,274,USD,TPA,BZE,"Belize City, Belize",BZ,2026-09-17,2,https://www.aviasales.com/search/TPA1709BZE1?marker=741311
409,276,USD,JFK,ILG,"Wilmington, United States",US,2026-09-22,2,https://www.aviasales.com/search/JFK2209ILG1?marker=741311
410,276,USD,JFK,BRL,"Burlington, United States",US,2026-09-22,1,https://www.aviasales.com/search/JFK2209BRL1?marker=741311
411,277,USD,JFK,MRS,"Marseille, France",FR,2026-09-25,1,https://www.aviasales.com/search/JFK2509MRS1?marker=741311
412,280,USD,IAD,ISB,"Islamabad, Pakistan",PK,2026-09-22,1,https://www.aviasales.com/search/IAD2209ISB1?marker=741311
413,281,USD,ATL,RAK,"Marrakech, Morocco",MA,2026-10-10,2,https://www.aviasales.com/search/ATL1010RAK1?marker=741311
414,281,USD,PHX,CNM,"Carlsbad, United States",US,2026-09-19,2,https://www.aviasales.com/search/PHX1909CNM1?marker=741311
415,282,USD,IAD,NAP,"Naples, Italy",IT,2026-10-10,2,https://www.aviasales.com/search/IAD1010NAP1?marker=741311
416,282,USD,JFK,KTM,"Kathmandu, Nepal",NP,2027-03-08,1,https://www.aviasales.com/search/JFK0803KTM1?marker=741311
417,282,USD,DFW,XPL,"Comayagua, Honduras",HN,2026-10-03,3,https://www.aviasales.com/search/DFW0310XPL1?marker=741311
418,283,USD,ATL,EWN,"New Bern, United States",US,2026-09-20,2,https://www.aviasales.com/search/ATL2009EWN1?marker=741311
419,284,USD,SLC,WYS,"West Yellowstone, United States",US,2026-09-19,1,https://www.aviasales.com/search/SLC1909WYS1?marker=741311
420,285,USD,ORD,BER,"Berlin, Germany",DE,2026-10-19,1,https://www.aviasales.com/search/ORD1910BER1?marker=741311
421,285,USD,FLL,CAP,"Cap Haitien, Haiti",HT,2026-12-19,0,https://www.aviasales.com/search/FLL1912CAP1?marker=741311
422,285,USD,JFK,JMK,"Mikonos, Greece",GR,2026-09-14,1,https://www.aviasales.com/search/JFK1409JMK1?marker=741311
423,286,USD,JFK,KRK,"Krakow, Poland",PL,2026-09-30,2,https://www.aviasales.com/search/JFK3009KRK1?marker=741311
424,288,USD,ORD,STO,"Stockholm, Sweden",SE,2026-12-31,1,https://www.aviasales.com/search/ORD3112STO1?marker=741311
425,288,USD,BOS,SBY,"Salisbury-Ocean City, United States",US,2026-09-19,2,https://www.aviasales.com/search/BOS1909SBY1?marker=741311
426,288,USD,JFK,TIV,"Tivat, Montenegro",ME,2026-10-03,1,https://www.aviasales.com/search/JFK0310TIV1?marker=741311
427,288,USD,JFK,VRN,"Verona, Italy",IT,2026-09-29,1,https://www.aviasales.com/search/JFK2909VRN1?marker=741311
428,288,USD,IAH,IRK,"Kirksville, United States",US,2026-09-21,1,https://www.aviasales.com/search/IAH2109IRK1?marker=741311
429,289,USD,JFK,VNO,"Vilnius, Lithuania",LT,2026-10-02,1,https://www.aviasales.com/search/JFK0210VNO1?marker=741311
430,289,USD,JFK,AYT,"Antalya, Turkiye",TR,2026-09-29,1,https://www.aviasales.com/search/JFK2909AYT1?marker=741311
431,289,USD,LAX,HKG,"Hong Kong, Hong Kong",HK,2026-11-03,1,https://www.aviasales.com/search/LAX0311HKG1?marker=741311
432,289,USD,JFK,VIE,"Vienna, Austria",AT,2026-09-25,2,https://www.aviasales.com/search/JFK2509VIE1?marker=741311
433,289,USD,JFK,SXB,"Strasbourg, France",FR,2027-02-02,1,https://www.aviasales.com/search/JFK0202SXB1?marker=741311
434,291,USD,ATL,RIX,"Riga, Latvia",LV,2026-10-07,3,https://www.aviasales.com/search/ATL0710RIX1?marker=741311
435,291,USD,DEN,PIR,"Pierre, United States",US,2026-09-23,0,https://www.aviasales.com/search/DEN2309PIR1?marker=741311
436,291,USD,PHL,YGK,"Kingston, Canada",CA,2026-09-23,2,https://www.aviasales.com/search/PHL2309YGK1?marker=741311
437,292,USD,JFK,NUE,"Nuremberg, Germany",DE,2026-09-20,2,https://www.aviasales.com/search/JFK2009NUE1?marker=741311
438,292,USD,JFK,TBS,"Tbilisi, Georgia",GE,2026-10-18,1,https://www.aviasales.com/search/JFK1810TBS1?marker=741311
439,292,USD,JFK,IBZ,"Ibiza, Spain",ES,2026-09-19,1,https://www.aviasales.com/search/JFK1909IBZ1?marker=741311
440,293,USD,JFK,GOA,"Genoa, Italy",IT,2026-11-22,1,https://www.aviasales.com/search/JFK2211GOA1?marker=741311
441,293,USD,JFK,HEL,"Helsinki, Finland",FI,2026-10-13,2,https://www.aviasales.com/search/JFK1310HEL1?marker=741311
442,293,USD,LAX,YQG,"Windsor, Canada",CA,2026-09-22,2,https://www.aviasales.com/search/LAX2209YQG1?marker=741311
443,294,USD,JFK,ALC,"Alicante, Spain",ES,2027-01-11,2,https://www.aviasales.com/search/JFK1101ALC1?marker=741311
444,294,USD,DCA,FOC,"Fuzhou, China",CN,2026-09-29,2,https://www.aviasales.com/search/DCA2909FOC1?marker=741311
445,295,USD,PHX,OSA,"Osaka, Japan",JP,2026-11-17,2,https://www.aviasales.com/search/PHX1711OSA1?marker=741311
446,295,USD,DEN,GUC,"Gunnison, United States",US,2026-09-20,0,https://www.aviasales.com/search/DEN2009GUC1?marker=741311
447,296,USD,JFK,BUD,"Budapest, Hungary",HU,2027-01-24,1,https://www.aviasales.com/search/JFK2401BUD1?marker=741311
448,296,USD,LAS,SUN,"Sun Valley, United States",US,2026-09-23,1,https://www.aviasales.com/search/LAS2309SUN1?marker=741311
449,296,USD,JFK,RUT,"Rutland, United States",US,2026-09-19,1,https://www.aviasales.com/search/JFK1909RUT1?marker=741311
450,299,USD,SEA,BKK,"Bangkok, Thailand",TH,2027-01-17,1,https://www.aviasales.com/search/SEA1701BKK1?marker=741311
451,299,USD,LAX,COD,"Cody, United States",US,2026-10-02,1,https://www.aviasales.com/search/LAX0210COD1?marker=741311
452,300,USD,MCO,EIS,"Beef Island, British Virgin Islands",VG,2026-09-25,1,https://www.aviasales.com/search/MCO2509EIS1?marker=741311
453,300,USD,AUS,CYS,"Cheyenne, United States",US,2026-09-20,2,https://www.aviasales.com/search/AUS2009CYS1?marker=741311
454,300,USD,TPA,VER,"Veracruz, Mexico",MX,2026-09-19,3,https://www.aviasales.com/search/TPA1909VER1?marker=741311
455,301,USD,JFK,KUT,"Kutaisi, Georgia",GE,2026-10-22,2,https://www.aviasales.com/search/JFK2210KUT1?marker=741311
456,302,USD,MIA,PTP,"Pointe-a-pitre, Guadeloupe",GP,2026-11-25,1,https://www.aviasales.com/search/MIA2511PTP1?marker=741311
457,302,USD,MCO,MDZ,"Mendoza, Argentina",AR,2026-09-28,2,https://www.aviasales.com/search/MCO2809MDZ1?marker=741311
458,302,USD,DFW,PQM,"Palenque, Mexico",MX,2026-09-21,2,https://www.aviasales.com/search/DFW2109PQM1?marker=741311
459,303,USD,PHL,PKB,"Parkersburg, United States",US,2026-09-23,2,https://www.aviasales.com/search/PHL2309PKB1?marker=741311
460,303,USD,JFK,RMO,"Chisinau, Moldova",MD,2026-10-11,1,https://www.aviasales.com/search/JFK1110RMO1?marker=741311
461,303,USD,DFW,AUG,"Augusta, United States",US,2026-09-18,2,https://www.aviasales.com/search/DFW1809AUG1?marker=741311
462,304,USD,IAH,MSL,"Muscle Shoals, United States",US,2026-09-18,1,https://www.aviasales.com/search/IAH1809MSL1?marker=741311
463,305,USD,ORD,DUS,"Dusseldorf, Germany",DE,2026-12-28,1,https://www.aviasales.com/search/ORD2812DUS1?marker=741311
464,305,USD,ORD,CGN,"Cologne, Germany",DE,2026-12-28,1,https://www.aviasales.com/search/ORD2812CGN1?marker=741311
465,306,USD,IAH,CME,"Ciudad Del Carmen, Mexico",MX,2026-09-22,1,https://www.aviasales.com/search/IAH2209CME1?marker=741311
466,306,USD,AUS,FNT,"Flint, United States",US,2026-09-20,2,https://www.aviasales.com/search/AUS2009FNT1?marker=741311
467,307,USD,ATL,FAY,"Fayetteville, United States",US,2026-09-17,2,https://www.aviasales.com/search/ATL1709FAY1?marker=741311
468,307,USD,JFK,EVN,"Yerevan, Armenia",AM,2026-10-14,1,https://www.aviasales.com/search/JFK1410EVN1?marker=741311
469,308,USD,JFK,SKG,"Thessaloniki, Greece",GR,2026-09-27,1,https://www.aviasales.com/search/JFK2709SKG1?marker=741311
470,309,USD,IAD,AXM,"Armenia, Colombia",CO,2026-10-14,2,https://www.aviasales.com/search/IAD1410AXM1?marker=741311
471,310,USD,SLC,BIS,"Bismarck, United States",US,2026-09-17,2,https://www.aviasales.com/search/SLC1709BIS1?marker=741311
472,310,USD,JFK,DBV,"Dubrovnik, Croatia",HR,2026-10-01,1,https://www.aviasales.com/search/JFK0110DBV1?marker=741311
473,310,USD,SFO,PPT,"Papeete, French Polynesia",PF,2026-12-02,0,https://www.aviasales.com/search/SFO0212PPT1?marker=741311
474,311,USD,SLC,BTM,"Butte, United States",US,2026-09-23,1,https://www.aviasales.com/search/SLC2309BTM1?marker=741311
475,314,USD,JFK,BOM,"Mumbai, India",IN,2026-10-08,1,https://www.aviasales.com/search/JFK0810BOM1?marker=741311
476,314,USD,JFK,LIS,"Lisbon, Portugal",PT,2026-09-27,1,https://www.aviasales.com/search/JFK2709LIS1?marker=741311
477,314,USD,JFK,BTS,"Bratislava, Slovakia",SK,2026-09-27,1,https://www.aviasales.com/search/JFK2709BTS1?marker=741311
478,314,USD,JFK,REX,"Reynosa, Mexico",MX,2026-10-13,2,https://www.aviasales.com/search/JFK1310REX1?marker=741311
479,315,USD,SFO,DEL,"New Delhi, India",IN,2027-02-07,1,https://www.aviasales.com/search/SFO0702DEL1?marker=741311
480,315,USD,ORD,AGP,"Malaga, Spain",ES,2026-10-03,2,https://www.aviasales.com/search/ORD0310AGP1?marker=741311
481,316,USD,JFK,MMA,"Malmo, Sweden",SE,2026-10-03,2,https://www.aviasales.com/search/JFK0310MMA1?marker=741311
482,316,USD,PHX,GDV,"Glendive, United States",US,2026-09-23,2,https://www.aviasales.com/search/PHX2309GDV1?marker=741311
483,316,USD,BNA,BOD,"Bordeaux, France",FR,2026-10-10,3,https://www.aviasales.com/search/BNA1010BOD1?marker=741311
484,317,USD,IAD,RUH,"Riyadh, Saudi Arabia",SA,2026-09-15,1,https://www.aviasales.com/search/IAD1509RUH1?marker=741311
485,318,USD,SFO,XMN,"Xiamen, China",CN,2026-09-30,1,https://www.aviasales.com/search/SFO3009XMN1?marker=741311
486,318,USD,AUS,AIA,"Alliance, United States",US,2026-09-22,2,https://www.aviasales.com/search/AUS2209AIA1?marker=741311
487,319,USD,JFK,HAM,"Hamburg, Germany",DE,2026-10-01,1,https://www.aviasales.com/search/JFK0110HAM1?marker=741311
488,319,USD,PDX,YSJ,"Saint John, Canada",CA,2026-09-20,2,https://www.aviasales.com/search/PDX2009YSJ1?marker=741311
489,321,USD,BOS,POZ,"Poznan, Poland",PL,2026-10-29,2,https://www.aviasales.com/search/BOS2910POZ1?marker=741311
490,321,USD,MIA,VRB,"Vero Beach, United States",US,2026-09-23,2,https://www.aviasales.com/search/MIA2309VRB1?marker=741311
491,326,USD,JFK,FLR,"Florence, Italy",IT,2027-02-17,1,https://www.aviasales.com/search/JFK1702FLR1?marker=741311
492,327,USD,ATL,DAC,"Dhaka, Bangladesh",BD,2026-10-02,1,https://www.aviasales.com/search/ATL0210DAC1?marker=741311
493,328,USD,ORD,EDI,"Edinburgh, United Kingdom",GB,2026-09-21,1,https://www.aviasales.com/search/ORD2109EDI1?marker=741311
494,328,USD,ORD,BRU,"Brussels, Belgium",BE,2026-12-31,2,https://www.aviasales.com/search/ORD3112BRU1?marker=741311
495,329,USD,FLL,GND,"St. George's, Grenada",GD,2026-09-26,3,https://www.aviasales.com/search/FLL2609GND1?marker=741311
496,330,USD,JFK,OPO,"Porto, Portugal",PT,2026-09-20,1,https://www.aviasales.com/search/JFK2009OPO1?marker=741311
497,330,USD,JFK,REU,"Reus, Spain",ES,2026-09-20,1,https://www.aviasales.com/search/JFK2009REU1?marker=741311
498,330,USD,MCO,EAP,"Basel, Switzerland",CH,2026-12-11,2,https://www.aviasales.com/search/MCO1112EAP1?marker=741311
499,331,USD,JFK,PDL,"Ponta Delgada, Portugal",PT,2026-10-23,1,https://www.aviasales.com/search/JFK2310PDL1?marker=741311
500,332,USD,IAD,GTF,"Great Falls, United States",US,2026-09-19,1,https://www.aviasales.com/search/IAD1909GTF1?marker=741311
501,335,USD,JFK,UBS,"Columbus, United States",US,2026-09-23,1,https://www.aviasales.com/search/JFK2309UBS1?marker=741311
502,338,USD,BOS,ITO,"Hilo, United States",US,2026-11-10,2,https://www.aviasales.com/search/BOS1011ITO1?marker=741311
503,338,USD,SFO,SEL,"Seoul, South Korea",KR,2026-09-30,0,https://www.aviasales.com/search/SFO3009SEL1?marker=741311
504,338,USD,ORD,YZR,"Sarnia, Canada",CA,2026-09-18,1,https://www.aviasales.com/search/ORD1809YZR1?marker=741311
505,339,USD,JFK,ANK,"Ankara, Turkiye",TR,2026-09-21,3,https://www.aviasales.com/search/JFK2109ANK1?marker=741311
506,339,USD,JFK,LMP,"Lampedusa, Italy",IT,2026-10-31,2,https://www.aviasales.com/search/JFK3110LMP1?marker=741311
507,341,USD,LAX,GVA,"Geneva, Switzerland",CH,2026-09-29,1,https://www.aviasales.com/search/LAX2909GVA1?marker=741311
508,342,USD,JFK,SSH,"Sharm el Sheikh, Egypt",EG,2026-11-25,2,https://www.aviasales.com/search/JFK2511SSH1?marker=741311
509,343,USD,ORD,SOF,"Sofia, Bulgaria",BG,2026-10-28,2,https://www.aviasales.com/search/ORD2810SOF1?marker=741311
510,343,USD,JFK,LYS,"Lyon, France",FR,2027-01-03,1,https://www.aviasales.com/search/JFK0301LYS1?marker=741311
511,343,USD,MSP,SUX,"Sioux City, United States",US,2026-09-17,1,https://www.aviasales.com/search/MSP1709SUX1?marker=741311
512,343,USD,RDU,HHH,"Hilton Head, United States",US,2026-09-19,1,https://www.aviasales.com/search/RDU1909HHH1?marker=741311
513,345,USD,PDX,LAL,"Lakeland, United States",US,2026-09-22,3,https://www.aviasales.com/search/PDX2209LAL1?marker=741311
514,346,USD,JFK,PMO,"Palermo, Italy",IT,2026-10-08,1,https://www.aviasales.com/search/JFK0810PMO1?marker=741311
515,346,USD,JFK,ALG,"Algiers, Algeria",DZ,2027-02-15,2,https://www.aviasales.com/search/JFK1502ALG1?marker=741311
516,347,USD,DTW,JED,"Jeddah, Saudi Arabia",SA,2026-12-08,1,https://www.aviasales.com/search/DTW0812JED1?marker=741311
517,348,USD,MIA,VLN,"Valencia, Venezuela",VE,2026-11-13,3,https://www.aviasales.com/search/MIA1311VLN1?marker=741311
518,349,USD,BOS,CUZ,"Cusco, Peru",PE,2026-09-28,2,https://www.aviasales.com/search/BOS2809CUZ1?marker=741311
519,349,USD,JFK,TUN,"Tunis, Tunisia",TN,2026-10-17,2,https://www.aviasales.com/search/JFK1710TUN1?marker=741311
520,352,USD,ATL,PHF,"Newport News, United States",US,2026-09-23,1,https://www.aviasales.com/search/ATL2309PHF1?marker=741311
521,352,USD,BOS,ADD,"Addis Ababa, Ethiopia",ET,2026-09-20,1,https://www.aviasales.com/search/BOS2009ADD1?marker=741311
522,352,USD,LAX,DPS,"Denpasar (Bali), Indonesia",ID,2026-11-03,1,https://www.aviasales.com/search/LAX0311DPS1?marker=741311
523,352,USD,ORD,YYF,"Penticton, Canada",CA,2026-09-18,2,https://www.aviasales.com/search/ORD1809YYF1?marker=741311
524,353,USD,FLL,FLN,"Florianopolis, Brazil",BR,2026-10-05,2,https://www.aviasales.com/search/FLL0510FLN1?marker=741311
525,353,USD,JFK,DLM,"Dalaman, Turkiye",TR,2026-09-21,2,https://www.aviasales.com/search/JFK2109DLM1?marker=741311
526,353,USD,JFK,JER,"Jersey, Jersey",JE,2026-10-02,1,https://www.aviasales.com/search/JFK0210JER1?marker=741311
527,355,USD,JFK,AMD,"Ahmedabad, India",IN,2026-09-17,1,https://www.aviasales.com/search/JFK1709AMD1?marker=741311
528,355,USD,MIA,BLA,"Barcelona, Venezuela",VE,2026-10-22,2,https://www.aviasales.com/search/MIA2210BLA1?marker=741311
529,356,USD,ATL,PAH,"Paducah, United States",US,2026-09-21,1,https://www.aviasales.com/search/ATL2109PAH1?marker=741311
530,356,USD,JFK,CPT,"Cape Town, South Africa",ZA,2026-09-30,2,https://www.aviasales.com/search/JFK3009CPT1?marker=741311
531,356,USD,SFO,WUH,"Wuhan, China",CN,2026-09-30,1,https://www.aviasales.com/search/SFO3009WUH1?marker=741311
532,356,USD,TPA,AGA,"Agadir, Morocco",MA,2026-09-26,3,https://www.aviasales.com/search/TPA2609AGA1?marker=741311
533,358,USD,JFK,CMN,"Casablanca, Morocco",MA,2026-09-20,2,https://www.aviasales.com/search/JFK2009CMN1?marker=741311
534,360,USD,MCO,BSB,"Brasilia, Brazil",BR,2027-01-07,0,https://www.aviasales.com/search/MCO0701BSB1?marker=741311
535,361,USD,ORD,WRO,"Wroclaw, Poland",PL,2026-11-13,3,https://www.aviasales.com/search/ORD1311WRO1?marker=741311
536,361,USD,DFW,JLN,"Joplin, United States",US,2026-09-20,1,https://www.aviasales.com/search/DFW2009JLN1?marker=741311
537,361,USD,JFK,RHO,"Rhodes, Greece",GR,2026-11-02,1,https://www.aviasales.com/search/JFK0211RHO1?marker=741311
538,362,USD,JFK,SJJ,"Sarajevo, Bosnia and Herzegovina",BA,2026-09-19,1,https://www.aviasales.com/search/JFK1909SJJ1?marker=741311
539,363,USD,JFK,BAK,"Baku, Azerbaijan",AZ,2026-11-15,1,https://www.aviasales.com/search/JFK1511BAK1?marker=741311
540,364,USD,LAX,HKT,"Phuket, Thailand",TH,2026-09-16,2,https://www.aviasales.com/search/LAX1609HKT1?marker=741311
541,365,USD,JFK,IAS,"Iasi, Romania",RO,2026-09-14,2,https://www.aviasales.com/search/JFK1409IAS1?marker=741311
542,366,USD,MSP,CRK,"City of Angeles, Philippines",PH,2026-10-28,2,https://www.aviasales.com/search/MSP2810CRK1?marker=741311
543,367,USD,LAX,LPB,"La Paz, Bolivia",BO,2027-02-22,2,https://www.aviasales.com/search/LAX2202LPB1?marker=741311
544,368,USD,BOS,SHJ,"Sharjah, United Arab Emirates",AE,2026-09-17,2,https://www.aviasales.com/search/BOS1709SHJ1?marker=741311
545,368,USD,SFO,KHN,"Nanchang, China",CN,2026-09-30,1,https://www.aviasales.com/search/SFO3009KHN1?marker=741311
546,368,USD,MSP,LPA,"Las Palmas, Spain",ES,2026-11-01,2,https://www.aviasales.com/search/MSP0111LPA1?marker=741311
547,368,USD,LAX,JKT,"Jakarta, Indonesia",ID,2026-09-14,1,https://www.aviasales.com/search/LAX1409JKT1?marker=741311
548,369,USD,MSP,NBO,"Nairobi, Kenya",KE,2027-03-01,2,https://www.aviasales.com/search/MSP0103NBO1?marker=741311
549,369,USD,JFK,TAY,"Tartu, Estonia",EE,2027-01-03,1,https://www.aviasales.com/search/JFK0301TAY1?marker=741311
550,369,USD,SFO,CSX,"Changsha, China",CN,2026-09-30,2,https://www.aviasales.com/search/SFO3009CSX1?marker=741311
551,371,USD,FLL,REK,"Reykjavik, Iceland",IS,2027-03-01,2,https://www.aviasales.com/search/FLL0103REK1?marker=741311
552,371,USD,DFW,SLN,"Salina, United States",US,2026-09-22,1,https://www.aviasales.com/search/DFW2209SLN1?marker=741311
553,371,USD,DFW,MEI,"Meridian, United States",US,2026-09-16,1,https://www.aviasales.com/search/DFW1609MEI1?marker=741311
554,371,USD,JFK,TRN,"Turin, Italy",IT,2026-11-13,1,https://www.aviasales.com/search/JFK1311TRN1?marker=741311
555,372,USD,PDX,CEC,"Crescent City, United States",US,2026-09-19,2,https://www.aviasales.com/search/PDX1909CEC1?marker=741311
556,372,USD,LAX,ORK,"Cork, Ireland",IE,2026-12-10,2,https://www.aviasales.com/search/LAX1012ORK1?marker=741311
557,373,USD,JFK,KUL,"Kuala Lumpur, Malaysia",MY,2026-10-12,1,https://www.aviasales.com/search/JFK1210KUL1?marker=741311
558,374,USD,LAX,NHA,"Nha Trang, Vietnam",VN,2026-09-14,2,https://www.aviasales.com/search/LAX1409NHA1?marker=741311
559,374,USD,MCO,MGM,"Montgomery, United States",US,2026-09-18,1,https://www.aviasales.com/search/MCO1809MGM1?marker=741311
560,374,USD,SEA,YCG,"Castlegar, Canada",CA,2026-09-20,1,https://www.aviasales.com/search/SEA2009YCG1?marker=741311
561,375,USD,DFW,FLO,"Florence, United States",US,2026-09-19,1,https://www.aviasales.com/search/DFW1909FLO1?marker=741311
562,375,USD,DTW,STX,"Saint Croix, U.S. Virgin Islands",VI,2026-10-17,2,https://www.aviasales.com/search/DTW1710STX1?marker=741311
563,377,USD,JFK,MCT,"Muscat, Oman",OM,2026-10-12,1,https://www.aviasales.com/search/JFK1210MCT1?marker=741311
564,378,USD,IAH,NQT,"Nottingham, United Kingdom",GB,2026-10-02,3,https://www.aviasales.com/search/IAH0210NQT1?marker=741311
565,379,USD,JFK,DOH,"Doha, Qatar",QA,2026-10-16,2,https://www.aviasales.com/search/JFK1610DOH1?marker=741311
566,379,USD,JFK,SVQ,"Sevilla, Spain",ES,2026-12-30,1,https://www.aviasales.com/search/JFK3012SVQ1?marker=741311
567,379,USD,JFK,DTM,"Dortmund, Germany",DE,2026-10-05,3,https://www.aviasales.com/search/JFK0510DTM1?marker=741311
568,380,USD,JFK,PMF,"Parma, Italy",IT,2026-10-09,1,https://www.aviasales.com/search/JFK0910PMF1?marker=741311
569,380,USD,SEA,PFO,"Paphos, Cyprus",CY,2026-09-25,3,https://www.aviasales.com/search/SEA2509PFO1?marker=741311
570,380,USD,JFK,PMI,"Palma, Spain",ES,2026-09-17,1,https://www.aviasales.com/search/JFK1709PMI1?marker=741311
571,380,USD,PHX,ZLO,"Manzanillo, Mexico",MX,2026-09-20,2,https://www.aviasales.com/search/PHX2009ZLO1?marker=741311
572,380,USD,SLC,BGA,"Bucaramanga, Colombia",CO,2027-01-23,2,https://www.aviasales.com/search/SLC2301BGA1?marker=741311
573,381,USD,ATL,AGB,"Augsburg, Germany",DE,2026-12-27,1,https://www.aviasales.com/search/ATL2712AGB1?marker=741311
574,381,USD,LAX,PNH,"Phnom Penh, Cambodia",KH,2027-02-07,1,https://www.aviasales.com/search/LAX0702PNH1?marker=741311
575,381,USD,LAX,NNG,"Nanning, China",CN,2026-09-15,1,https://www.aviasales.com/search/LAX1509NNG1?marker=741311
576,381,USD,JFK,MWA,"Marion, United States",US,2026-09-15,1,https://www.aviasales.com/search/JFK1509MWA1?marker=741311
577,382,USD,JFK,MAA,"Chennai, India",IN,2026-10-08,2,https://www.aviasales.com/search/JFK0810MAA1?marker=741311
578,382,USD,MCO,CCS,"Caracas, Venezuela",VE,2026-09-16,1,https://www.aviasales.com/search/MCO1609CCS1?marker=741311
579,384,USD,LAX,TXK,"Texarkana, United States",US,2026-09-23,1,https://www.aviasales.com/search/LAX2309TXK1?marker=741311
580,384,USD,DTW,LSE,"La Crosse, United States",US,2026-09-19,3,https://www.aviasales.com/search/DTW1909LSE1?marker=741311
581,384,USD,LAX,GOT,"Gothenburg, Sweden",SE,2026-09-30,3,https://www.aviasales.com/search/LAX3009GOT1?marker=741311
582,384,USD,LAX,AUW,"Wausau, United States",US,2026-11-30,1,https://www.aviasales.com/search/LAX3011AUW1?marker=741311
583,385,USD,JFK,LED,"Saint Petersburg, Russia",RU,2026-09-27,3,https://www.aviasales.com/search/JFK2709LED1?marker=741311
584,385,USD,MCO,PBG,"Plattsburgh, United States",US,2026-09-21,1,https://www.aviasales.com/search/MCO2109PBG1?marker=741311
585,386,USD,LAX,NAN,"Nadi, Fiji",FJ,2026-09-20,0,https://www.aviasales.com/search/LAX2009NAN1?marker=741311
586,386,USD,JFK,POA,"Porto Alegre, Brazil",BR,2026-09-26,1,https://www.aviasales.com/search/JFK2609POA1?marker=741311
587,386,USD,JFK,YFC,"Fredericton, Canada",CA,2026-09-20,2,https://www.aviasales.com/search/JFK2009YFC1?marker=741311
588,388,USD,MIA,DOM,"Dominica, Dominica",DM,2027-02-09,0,https://www.aviasales.com/search/MIA0902DOM1?marker=741311
589,389,USD,JFK,RZE,"Rzeszow, Poland",PL,2026-09-23,2,https://www.aviasales.com/search/JFK2309RZE1?marker=741311
590,389,USD,SEA,PPG,"Pago Pago, American Samoa",AS,2026-10-26,1,https://www.aviasales.com/search/SEA2610PPG1?marker=741311
591,390,USD,ORD,MQT,"Marquette, United States",US,2026-09-22,0,https://www.aviasales.com/search/ORD2209MQT1?marker=741311
592,390,USD,JFK,HAJ,"Hannover, Germany",DE,2026-10-11,1,https://www.aviasales.com/search/JFK1110HAJ1?marker=741311
593,391,USD,PDX,IZM,"Izmir, Turkiye",TR,2026-10-05,3,https://www.aviasales.com/search/PDX0510IZM1?marker=741311
594,391,USD,MIA,HOG,"Holguin, Cuba",CU,2026-12-01,0,https://www.aviasales.com/search/MIA0112HOG1?marker=741311
595,391,USD,SEA,YWL,"Williams Lake, Canada",CA,2026-09-19,1,https://www.aviasales.com/search/SEA1909YWL1?marker=741311
596,392,USD,MIA,CMW,"Camaguey, Cuba",CU,2026-10-16,0,https://www.aviasales.com/search/MIA1610CMW1?marker=741311
597,393,USD,PHL,YYG,"Charlottetown, Canada",CA,2026-09-19,2,https://www.aviasales.com/search/PHL1909YYG1?marker=741311
598,394,USD,PHL,FPO,"Freeport, Bahamas",BS,2026-09-13,2,https://www.aviasales.com/search/PHL1309FPO1?marker=741311
599,395,USD,SEA,BJS,"Beijing, China",CN,2026-09-29,1,https://www.aviasales.com/search/SEA2909BJS1?marker=741311
600,395,USD,ORD,CFU,"Kerkyra, Greece",GR,2026-10-11,2,https://www.aviasales.com/search/ORD1110CFU1?marker=741311
601,396,USD,JFK,LHE,"Lahore, Pakistan",PK,2026-09-18,1,https://www.aviasales.com/search/JFK1809LHE1?marker=741311
602,396,USD,LAS,CVM,"Ciudad Victoria, Mexico",MX,2026-09-21,3,https://www.aviasales.com/search/LAS2109CVM1?marker=741311
603,397,USD,LAX,SHA,"Shanghai, China",CN,2026-10-30,1,https://www.aviasales.com/search/LAX3010SHA1?marker=741311
604,397,USD,LAX,CAN,"Guangzhou, China",CN,2026-10-20,1,https://www.aviasales.com/search/LAX2010CAN1?marker=741311
605,397,USD,SEA,SKP,"Skopje, North Macedonia",MK,2026-09-13,2,https://www.aviasales.com/search/SEA1309SKP1?marker=741311
606,399,USD,SFO,CEB,"Cebu City, Philippines",PH,2026-12-01,1,https://www.aviasales.com/search/SFO0112CEB1?marker=741311
607,399,USD,DEN,OHD,"Ohrid, North Macedonia",MK,2026-09-29,3,https://www.aviasales.com/search/DEN2909OHD1?marker=741311
608,401,USD,LAX,OLB,"Olbia, Italy",IT,2026-12-01,3,https://www.aviasales.com/search/LAX0112OLB1?marker=741311
609,402,USD,ATL,HER,"Heraklion, Greece",GR,2026-11-17,3,https://www.aviasales.com/search/ATL1711HER1?marker=741311
610,402,USD,JFK,ALA,"Almaty, Kazakhstan",KZ,2026-10-18,2,https://www.aviasales.com/search/JFK1810ALA1?marker=741311
611,402,USD,PHX,FNC,"Funchal, Portugal",PT,2026-10-10,3,https://www.aviasales.com/search/PHX1010FNC1?marker=741311
612,404,USD,MIA,MVD,"Montevideo, Uruguay",UY,2026-09-19,1,https://www.aviasales.com/search/MIA1909MVD1?marker=741311
613,404,USD,MIA,TCI,"Tenerife, Spain",ES,2026-10-06,3,https://www.aviasales.com/search/MIA0610TCI1?marker=741311
614,404,USD,LAX,BRI,"Bari, Italy",IT,2026-10-18,3,https://www.aviasales.com/search/LAX1810BRI1?marker=741311
615,404,USD,MCO,NVT,"Navegantes, Brazil",BR,2026-10-13,2,https://www.aviasales.com/search/MCO1310NVT1?marker=741311
616,405,USD,MCO,GZP,"Alanya, Turkiye",TR,2026-09-30,3,https://www.aviasales.com/search/MCO3009GZP1?marker=741311
617,405,USD,SFO,DAD,"Da Nang, Vietnam",VN,2026-10-01,1,https://www.aviasales.com/search/SFO0110DAD1?marker=741311
618,406,USD,PHL,YXE,"Saskatoon, Canada",CA,2026-09-17,3,https://www.aviasales.com/search/PHL1709YXE1?marker=741311
619,407,USD,DFW,YMM,"Fort McMurray, Canada",CA,2026-09-19,4,https://www.aviasales.com/search/DFW1909YMM1?marker=741311
620,407,USD,JFK,LJU,"Ljubljana, Slovenia",SI,2026-09-19,1,https://www.aviasales.com/search/JFK1909LJU1?marker=741311
621,408,USD,JFK,AUH,"Abu Dhabi, United Arab Emirates",AE,2026-11-24,3,https://www.aviasales.com/search/JFK2411AUH1?marker=741311
622,408,USD,JFK,BSZ,"Bishkek, Kyrgyzstan",KG,2027-01-12,2,https://www.aviasales.com/search/JFK1201BSZ1?marker=741311
623,408,USD,JFK,BAH,"Manama, Bahrain",BH,2026-09-30,1,https://www.aviasales.com/search/JFK3009BAH1?marker=741311
624,410,USD,MIA,VRA,"Varadero, Cuba",CU,2026-09-28,0,https://www.aviasales.com/search/MIA2809VRA1?marker=741311
625,412,USD,JFK,DJE,"Djerba, Tunisia",TN,2026-10-12,2,https://www.aviasales.com/search/JFK1210DJE1?marker=741311
626,413,USD,BOS,TLS,"Toulouse, France",FR,2026-10-05,2,https://www.aviasales.com/search/BOS0510TLS1?marker=741311
627,414,USD,DFW,BHX,"Birmingham, United Kingdom",GB,2026-09-28,2,https://www.aviasales.com/search/DFW2809BHX1?marker=741311
628,415,USD,JFK,HYD,"Hyderabad, India",IN,2026-10-08,1,https://www.aviasales.com/search/JFK0810HYD1?marker=741311
629,415,USD,DEN,GCC,"Gillette, United States",US,2026-09-21,0,https://www.aviasales.com/search/DEN2109GCC1?marker=741311
630,415,USD,SEA,TPE,"Taipei, Taiwan",TW,2026-09-28,0,https://www.aviasales.com/search/SEA2809TPE1?marker=741311
631,416,USD,JFK,HRG,"Hurghada, Egypt",EG,2026-09-20,1,https://www.aviasales.com/search/JFK2009HRG1?marker=741311
632,416,USD,SLC,ROW,"Roswell, United States",US,2026-09-23,2,https://www.aviasales.com/search/SLC2309ROW1?marker=741311
633,418,USD,PHL,KWI,"Kuwait City, Kuwait",KW,2026-09-28,1,https://www.aviasales.com/search/PHL2809KWI1?marker=741311
634,418,USD,DFW,FMN,"Farmington, United States",US,2026-09-20,2,https://www.aviasales.com/search/DFW2009FMN1?marker=741311
635,418,USD,DFW,BPT,"Beaumont, United States",US,2026-09-18,0,https://www.aviasales.com/search/DFW1809BPT1?marker=741311
636,418,USD,SEA,YAZ,"Tofino, Canada",CA,2026-09-19,2,https://www.aviasales.com/search/SEA1909YAZ1?marker=741311
637,419,USD,ATL,BLR,"Bengaluru, India",IN,2026-10-08,1,https://www.aviasales.com/search/ATL0810BLR1?marker=741311
638,420,USD,ATL,MAO,"Manaus, Brazil",BR,2026-10-01,3,https://www.aviasales.com/search/ATL0110MAO1?marker=741311
639,420,USD,IAH,BGW,"Baghdad, Iraq",IQ,2026-10-22,1,https://www.aviasales.com/search/IAH2210BGW1?marker=741311
640,420,USD,JFK,ESU,"Essaouira, Morocco",MA,2026-11-12,2,https://www.aviasales.com/search/JFK1211ESU1?marker=741311
641,421,USD,ORD,DVL,"Devils Lake, United States",US,2026-09-23,1,https://www.aviasales.com/search/ORD2309DVL1?marker=741311
642,421,USD,SEA,CNX,"Chiang Mai, Thailand",TH,2026-09-28,1,https://www.aviasales.com/search/SEA2809CNX1?marker=741311
643,421,USD,SEA,RMF,"Marsa Alam, Egypt",EG,2026-09-25,3,https://www.aviasales.com/search/SEA2509RMF1?marker=741311
644,422,USD,IAD,STR,"Stuttgart, Germany",DE,2026-09-27,3,https://www.aviasales.com/search/IAD2709STR1?marker=741311
645,422,USD,LAX,ALW,"Walla Walla, United States",US,2026-09-17,1,https://www.aviasales.com/search/LAX1709ALW1?marker=741311
646,423,USD,JFK,NQZ,"Astana, Kazakhstan",KZ,2026-10-16,2,https://www.aviasales.com/search/JFK1610NQZ1?marker=741311
647,423,USD,JFK,GUW,"Atyrau, Kazakhstan",KZ,2026-12-01,3,https://www.aviasales.com/search/JFK0112GUW1?marker=741311
648,424,USD,LAX,AKL,"Auckland, New Zealand",NZ,2026-09-22,1,https://www.aviasales.com/search/LAX2209AKL1?marker=741311
649,425,USD,JFK,LOS,"Lagos, Nigeria",NG,2027-03-07,1,https://www.aviasales.com/search/JFK0703LOS1?marker=741311
650,426,USD,SFO,FUK,"Fukuoka, Japan",JP,2027-01-31,1,https://www.aviasales.com/search/SFO3101FUK1?marker=741311
651,426,USD,SFO,SPK,"Sapporo, Japan",JP,2027-01-30,1,https://www.aviasales.com/search/SFO3001SPK1?marker=741311
652,427,USD,LAX,HRB,"Harbin, China",CN,2026-09-23,1,https://www.aviasales.com/search/LAX2309HRB1?marker=741311
653,427,USD,SFO,PUS,"Busan, South Korea",KR,2027-01-18,1,https://www.aviasales.com/search/SFO1801PUS1?marker=741311
654,428,USD,DFW,RKS,"Rock Springs, United States",US,2026-09-18,1,https://www.aviasales.com/search/DFW1809RKS1?marker=741311
655,428,USD,SEA,KKN,"Kirkenes, Norway",NO,2026-11-18,2,https://www.aviasales.com/search/SEA1811KKN1?marker=741311
656,429,USD,BOS,MLE,"Male, Maldives",MV,2026-09-14,1,https://www.aviasales.com/search/BOS1409MLE1?marker=741311
657,429,USD,JFK,PRN,"Pristina, Kosovo",XK,2026-09-16,1,https://www.aviasales.com/search/JFK1609PRN1?marker=741311
658,429,USD,LAX,TAO,"Qingdao, China",CN,2026-10-18,1,https://www.aviasales.com/search/LAX1810TAO1?marker=741311
659,429,USD,PHX,BLQ,"Bologna, Italy",IT,2026-09-27,3,https://www.aviasales.com/search/PHX2709BLQ1?marker=741311
660,430,USD,LAX,YPR,"Prince Rupert, Canada",CA,2026-09-21,2,https://www.aviasales.com/search/LAX2109YPR1?marker=741311
661,430,USD,LAS,OTH,"North Bend, United States",US,2026-09-22,1,https://www.aviasales.com/search/LAS2209OTH1?marker=741311
662,431,USD,JFK,LPL,"Liverpool, United Kingdom",GB,2026-09-20,2,https://www.aviasales.com/search/JFK2009LPL1?marker=741311
663,433,USD,ORD,TAS,"Tashkent, Uzbekistan",UZ,2026-09-15,1,https://www.aviasales.com/search/ORD1509TAS1?marker=741311
664,434,USD,LAX,ASU,"Asuncion, Paraguay",PY,2026-09-16,1,https://www.aviasales.com/search/LAX1609ASU1?marker=741311
665,434,USD,LAX,ROS,"Rosario, Argentina",AR,2026-10-22,2,https://www.aviasales.com/search/LAX2210ROS1?marker=741311
666,435,USD,LAX,CTU,"Chengdu, China",CN,2026-09-15,1,https://www.aviasales.com/search/LAX1509CTU1?marker=741311
667,436,USD,JFK,BUS,"Batumi, Georgia",GE,2026-09-19,2,https://www.aviasales.com/search/JFK1909BUS1?marker=741311
668,438,USD,MIA,MOW,"Moscow, Russia",RU,2027-01-20,3,https://www.aviasales.com/search/MIA2001MOW1?marker=741311
669,438,USD,LAX,GLF,"Golfito, Costa Rica",CR,2026-10-08,3,https://www.aviasales.com/search/LAX0810GLF1?marker=741311
670,440,USD,LAS,ACT,"Waco, United States",US,2026-09-22,1,https://www.aviasales.com/search/LAS2209ACT1?marker=741311
671,442,USD,JFK,ACC,"Accra, Ghana",GH,2026-09-16,1,https://www.aviasales.com/search/JFK1609ACC1?marker=741311
672,442,USD,JFK,CMB,"Colombo, Sri Lanka",LK,2026-10-01,1,https://www.aviasales.com/search/JFK0110CMB1?marker=741311
673,442,USD,JFK,LWN,"Gyumri, Armenia",AM,2026-09-21,3,https://www.aviasales.com/search/JFK2109LWN1?marker=741311
674,444,USD,JFK,DKR,"Dakar, Senegal",SN,2026-09-30,1,https://www.aviasales.com/search/JFK3009DKR1?marker=741311
675,444,USD,JFK,IGU,"Foz do Iguaçu, Brazil",BR,2026-10-01,1,https://www.aviasales.com/search/JFK0110IGU1?marker=741311
676,446,USD,LAX,SYD,"Sydney, Australia",AU,2027-02-21,1,https://www.aviasales.com/search/LAX2102SYD1?marker=741311
677,446,USD,ORD,DMM,"Dammam, Saudi Arabia",SA,2026-09-15,2,https://www.aviasales.com/search/ORD1509DMM1?marker=741311
678,448,USD,MIA,BJV,"Bodrum, Turkiye",TR,2026-11-01,2,https://www.aviasales.com/search/MIA0111BJV1?marker=741311
679,450,USD,ORD,MTT,"Minatitlan, Mexico",MX,2026-09-20,1,https://www.aviasales.com/search/ORD2009MTT1?marker=741311
680,450,USD,MIA,GPS,"Galapagos Islands, Ecuador",EC,2027-01-07,2,https://www.aviasales.com/search/MIA0701GPS1?marker=741311
681,451,USD,JFK,AER,"Adler/Sochi, Russia",RU,2026-10-18,2,https://www.aviasales.com/search/JFK1810AER1?marker=741311
682,451,USD,JFK,PVC,"Provincetown, United States",US,2026-09-21,1,https://www.aviasales.com/search/JFK2109PVC1?marker=741311
683,452,USD,JFK,CIT,"Shymkent, Kazakhstan",KZ,2026-09-26,2,https://www.aviasales.com/search/JFK2609CIT1?marker=741311
684,453,USD,LAS,HGH,"Hangzhou, China",CN,2026-10-08,2,https://www.aviasales.com/search/LAS0810HGH1?marker=741311
685,454,USD,JFK,PQC,"Phu Quoc, Vietnam",VN,2026-11-04,1,https://www.aviasales.com/search/JFK0411PQC1?marker=741311
686,456,USD,JFK,FNA,"Freetown, Sierra Leone",SL,2026-11-13,1,https://www.aviasales.com/search/JFK1311FNA1?marker=741311
687,457,USD,ORD,ASR,"Kayseri, Turkiye",TR,2026-09-28,3,https://www.aviasales.com/search/ORD2809ASR1?marker=741311
688,457,USD,DFW,YXY,"Whitehorse, Canada",CA,2026-09-22,2,https://www.aviasales.com/search/DFW2209YXY1?marker=741311
689,457,USD,LAX,EVV,"Evansville, United States",US,2026-09-21,3,https://www.aviasales.com/search/LAX2109EVV1?marker=741311
690,458,USD,LAX,UBN,"Ulaanbaatar, Mongolia",MN,2026-09-26,1,https://www.aviasales.com/search/LAX2609UBN1?marker=741311
691,460,USD,MCO,AZS,"El Catey, Dominican Republic",DO,2026-09-16,1,https://www.aviasales.com/search/MCO1609AZS1?marker=741311
692,462,USD,RDU,YXU,"London, Canada",CA,2026-09-23,2,https://www.aviasales.com/search/RDU2309YXU1?marker=741311
693,465,USD,ORD,LRD,"Laredo, United States",US,2026-09-17,1,https://www.aviasales.com/search/ORD1709LRD1?marker=741311
694,465,USD,JFK,AQP,"Arequipa, Peru",PE,2026-10-17,3,https://www.aviasales.com/search/JFK1710AQP1?marker=741311
695,465,USD,LAX,PSG,"Petersburg, United States",US,2026-10-01,1,https://www.aviasales.com/search/LAX0110PSG1?marker=741311
696,466,USD,JFK,SKD,"Samarkand, Uzbekistan",UZ,2026-10-15,3,https://www.aviasales.com/search/JFK1510SKD1?marker=741311
697,466,USD,ORD,FEG,"Fergana, Uzbekistan",UZ,2026-09-16,2,https://www.aviasales.com/search/ORD1609FEG1?marker=741311
698,468,USD,IAH,CPX,"Culebra, Puerto Rico",PR,2026-11-25,1,https://www.aviasales.com/search/IAH2511CPX1?marker=741311
699,470,USD,JFK,MCX,"Makhachkala, Russia",RU,2026-10-15,2,https://www.aviasales.com/search/JFK1510MCX1?marker=741311
700,470,USD,LAX,KBV,"Krabi, Thailand",TH,2026-11-09,2,https://www.aviasales.com/search/LAX0911KBV1?marker=741311
701,471,USD,LAS,CRA,"Craiova, Romania",RO,2026-11-24,3,https://www.aviasales.com/search/LAS2411CRA1?marker=741311
702,473,USD,ORD,LEJ,"Leipzig/Halle, Germany",DE,2026-10-13,1,https://www.aviasales.com/search/ORD1310LEJ1?marker=741311
703,473,USD,ORD,GOI,"Goa, India",IN,2026-10-08,2,https://www.aviasales.com/search/ORD0810GOI1?marker=741311
704,473,USD,LAS,TYR,"Tyler, United States",US,2026-09-20,1,https://www.aviasales.com/search/LAS2009TYR1?marker=741311
705,474,USD,CLT,ANU,"Saint John's, Antigua and Barbuda",AG,2026-10-15,1,https://www.aviasales.com/search/CLT1510ANU1?marker=741311
706,475,USD,LAS,DIK,"Dickinson, United States",US,2026-09-21,1,https://www.aviasales.com/search/LAS2109DIK1?marker=741311
707,481,USD,IAD,URA,"Oral, Kazakhstan",KZ,2027-01-17,3,https://www.aviasales.com/search/IAD1701URA1?marker=741311
708,483,USD,LAX,SYX,"Sanya, China",CN,2026-10-28,1,https://www.aviasales.com/search/LAX2810SYX1?marker=741311
709,483,USD,SEA,CAG,"Cagliari, Italy",IT,2026-09-16,3,https://www.aviasales.com/search/SEA1609CAG1?marker=741311
710,484,USD,IAD,GCK,"Garden City, United States",US,2026-09-23,1,https://www.aviasales.com/search/IAD2309GCK1?marker=741311
711,484,USD,IAH,CPR,"Casper, United States",US,2026-09-18,1,https://www.aviasales.com/search/IAH1809CPR1?marker=741311
712,488,USD,LAX,BNE,"Brisbane, Australia",AU,2026-09-22,0,https://www.aviasales.com/search/LAX2209BNE1?marker=741311
713,488,USD,JFK,KSN,"Kostanay, Kazakhstan",KZ,2026-12-11,3,https://www.aviasales.com/search/JFK1112KSN1?marker=741311
714,488,USD,JFK,SNU,"Santa Clara, Cuba",CU,2026-10-14,2,https://www.aviasales.com/search/JFK1410SNU1?marker=741311
715,488,USD,AUS,SUF,"Lamezia Terme, Italy",IT,2026-09-18,3,https://www.aviasales.com/search/AUS1809SUF1?marker=741311
716,490,USD,ATL,RZV,"Rize, Turkiye",TR,2026-11-14,3,https://www.aviasales.com/search/ATL1411RZV1?marker=741311
717,490,USD,JFK,ECN,"Ercan, Northern Cyprus",NY,2026-11-01,3,https://www.aviasales.com/search/JFK0111ECN1?marker=741311
718,490,USD,JFK,DLI,"Dalat, Vietnam",VN,2026-11-01,2,https://www.aviasales.com/search/JFK0111DLI1?marker=741311
719,491,USD,JFK,OSS,"Osh, Kyrgyzstan",KG,2026-10-23,2,https://www.aviasales.com/search/JFK2310OSS1?marker=741311
720,492,USD,ATL,RIW,"Riverton, United States",US,2026-09-19,1,https://www.aviasales.com/search/ATL1909RIW1?marker=741311
721,492,USD,MCO,DYU,"Dushanbe, Tajikistan",TJ,2026-09-25,3,https://www.aviasales.com/search/MCO2509DYU1?marker=741311
722,493,USD,LAX,SIA,"Xian, China",CN,2026-11-07,1,https://www.aviasales.com/search/LAX0711SIA1?marker=741311
723,494,USD,JFK,REC,"Recife, Brazil",BR,2026-10-04,3,https://www.aviasales.com/search/JFK0410REC1?marker=741311
724,496,USD,MCO,THE,"Teresina, Brazil",BR,2027-02-16,3,https://www.aviasales.com/search/MCO1602THE1?marker=741311
725,497,USD,JFK,CKY,"Conakry, Guinea",GN,2026-10-23,1,https://www.aviasales.com/search/JFK2310CKY1?marker=741311
726,499,USD,JFK,SBH,"Saint Barthelemy, Guadeloupe",GP,2026-12-29,2,https://www.aviasales.com/search/JFK2912SBH1?marker=741311
727,502,USD,JFK,MRV,"Mineralnye Vody, Russia",RU,2026-10-03,2,https://www.aviasales.com/search/JFK0310MRV1?marker=741311
728,502,USD,SFO,MFM,"Macau, Macau",MO,2026-09-13,2,https://www.aviasales.com/search/SFO1309MFM1?marker=741311
729,502,USD,MSP,OGD,"Ogden, United States",US,2026-09-23,3,https://www.aviasales.com/search/MSP2309OGD1?marker=741311
730,503,USD,TPA,EAS,"San Sebastian, Spain",ES,2026-09-25,3,https://www.aviasales.com/search/TPA2509EAS1?marker=741311
731,503,USD,JFK,TRV,"Thiruvananthapuram, India",IN,2026-10-03,3,https://www.aviasales.com/search/JFK0310TRV1?marker=741311
732,504,USD,ORD,KWL,"Guilin, China",CN,2026-10-10,2,https://www.aviasales.com/search/ORD1010KWL1?marker=741311
733,505,USD,LAX,FDH,"Friedrichshafen, Germany",DE,2026-12-25,2,https://www.aviasales.com/search/LAX2512FDH1?marker=741311
734,506,USD,BOS,YEI,"Bursa, Turkiye",TR,2026-11-16,3,https://www.aviasales.com/search/BOS1611YEI1?marker=741311
735,507,USD,LAX,USM,"Koh Samui, Thailand",TH,2026-09-21,2,https://www.aviasales.com/search/LAX2109USM1?marker=741311
736,507,USD,PHL,YQY,"Sydney, Canada",CA,2026-09-21,2,https://www.aviasales.com/search/PHL2109YQY1?marker=741311
737,508,USD,ATL,KRR,"Krasnodar, Russia",RU,2026-09-28,3,https://www.aviasales.com/search/ATL2809KRR1?marker=741311
738,511,USD,LAX,MEL,"Melbourne, Australia",AU,2026-10-03,1,https://www.aviasales.com/search/LAX0310MEL1?marker=741311
739,512,USD,JFK,AKX,"Aktobe, Kazakhstan",KZ,2026-10-13,3,https://www.aviasales.com/search/JFK1310AKX1?marker=741311
740,516,USD,SEA,SCO,"Aktau, Kazakhstan",KZ,2026-09-28,3,https://www.aviasales.com/search/SEA2809SCO1?marker=741311
741,516,USD,JFK,VIX,"Vitoria, Brazil",BR,2027-02-19,2,https://www.aviasales.com/search/JFK1902VIX1?marker=741311
742,517,USD,ATL,GYN,"Goiania, Brazil",BR,2026-11-13,3,https://www.aviasales.com/search/ATL1311GYN1?marker=741311
743,519,USD,JFK,SAI,"Siem Reap, Cambodia",KH,2026-09-30,2,https://www.aviasales.com/search/JFK3009SAI1?marker=741311
744,522,USD,JFK,TGU,"Tegucigalpa, Honduras",HN,2026-11-17,2,https://www.aviasales.com/search/JFK1711TGU1?marker=741311
745,523,USD,SEA,SLL,"Salalah, Oman",OM,2026-09-25,2,https://www.aviasales.com/search/SEA2509SLL1?marker=741311
746,524,USD,JFK,NMA,"Namangan, Uzbekistan",UZ,2026-09-18,2,https://www.aviasales.com/search/JFK1809NMA1?marker=741311
747,524,USD,IAD,RBA,"Rabat, Morocco",MA,2026-12-23,2,https://www.aviasales.com/search/IAD2312RBA1?marker=741311
748,524,USD,FLL,CYA,"Les Cayes, Haiti",HT,2026-09-30,1,https://www.aviasales.com/search/FLL3009CYA1?marker=741311
749,525,USD,DEN,GLA,"Glasgow, United Kingdom",GB,2026-10-08,3,https://www.aviasales.com/search/DEN0810GLA1?marker=741311
750,526,USD,JFK,SVX,"Yekaterinburg, Russia",RU,2026-11-18,3,https://www.aviasales.com/search/JFK1811SVX1?marker=741311
751,530,USD,PHX,DAV,"David, Panama",PA,2026-09-22,3,https://www.aviasales.com/search/PHX2209DAV1?marker=741311
752,531,USD,JFK,KZN,"Kazan, Russia",RU,2026-10-13,2,https://www.aviasales.com/search/JFK1310KZN1?marker=741311
753,532,USD,JFK,SHE,"Shenyang, China",CN,2026-09-25,2,https://www.aviasales.com/search/JFK2509SHE1?marker=741311
754,533,USD,JFK,CCU,"Kolkata, India",IN,2026-10-15,3,https://www.aviasales.com/search/JFK1510CCU1?marker=741311
755,534,USD,ORD,FAO,"Faro, Portugal",PT,2026-12-25,3,https://www.aviasales.com/search/ORD2512FAO1?marker=741311
756,534,USD,JFK,TAG,"Tagbilaran, Philippines",PH,2026-11-15,2,https://www.aviasales.com/search/JFK1511TAG1?marker=741311
757,535,USD,DFW,KHI,"Karachi, Pakistan",PK,2026-11-06,2,https://www.aviasales.com/search/DFW0611KHI1?marker=741311
758,535,USD,LAX,SLK,"Saranac Lake, United States",US,2026-09-16,2,https://www.aviasales.com/search/LAX1609SLK1?marker=741311
759,536,USD,DCA,LIO,"Limon, Costa Rica",CR,2026-12-15,2,https://www.aviasales.com/search/DCA1512LIO1?marker=741311
760,536,USD,MSP,ENA,"Kenai, United States",US,2026-11-01,2,https://www.aviasales.com/search/MSP0111ENA1?marker=741311
761,542,USD,ATL,ALY,"Alexandria, Egypt",EG,2027-01-05,1,https://www.aviasales.com/search/ATL0501ALY1?marker=741311
762,543,USD,SEA,CHQ,"Chania, Greece",GR,2026-09-22,3,https://www.aviasales.com/search/SEA2209CHQ1?marker=741311
763,545,USD,MIA,TOS,"Tromso, Norway",NO,2026-11-21,3,https://www.aviasales.com/search/MIA2111TOS1?marker=741311
764,547,USD,JFK,KGL,"Kigali, Rwanda",RW,2026-10-07,1,https://www.aviasales.com/search/JFK0710KGL1?marker=741311
765,548,USD,JFK,KBL,"Kabul, Afghanistan",AF,2026-09-29,2,https://www.aviasales.com/search/JFK2909KBL1?marker=741311
766,548,USD,JFK,LEU,"Seo de Urgel, Spain",ES,2026-09-13,3,https://www.aviasales.com/search/JFK1309LEU1?marker=741311
767,549,USD,JFK,ZAG,"Zagreb, Croatia",HR,2026-12-20,1,https://www.aviasales.com/search/JFK2012ZAG1?marker=741311
768,552,USD,ORD,BRE,"Bremen, Germany",DE,2026-12-20,1,https://www.aviasales.com/search/ORD2012BRE1?marker=741311
769,552,USD,ORD,HPH,"Haiphong, Vietnam",VN,2026-11-05,2,https://www.aviasales.com/search/ORD0511HPH1?marker=741311
770,552,USD,MIA,FKB,"Karlsruhe, Germany",DE,2026-09-29,3,https://www.aviasales.com/search/MIA2909FKB1?marker=741311
771,552,USD,LAX,SUV,"Suva, Fiji",FJ,2026-10-01,1,https://www.aviasales.com/search/LAX0110SUV1?marker=741311
772,552,USD,MCO,BRC,"San Carlos de Bariloche, Argentina",AR,2026-10-12,3,https://www.aviasales.com/search/MCO1210BRC1?marker=741311
773,553,USD,LAX,SZX,"Shenzhen, China",CN,2026-10-06,0,https://www.aviasales.com/search/LAX0610SZX1?marker=741311
774,555,USD,JFK,SFG,"Saint Martin, Saint Martin",MF,2026-09-26,2,https://www.aviasales.com/search/JFK2609SFG1?marker=741311
775,556,USD,LAX,VVO,"Vladivostok, Russia",RU,2026-11-17,2,https://www.aviasales.com/search/LAX1711VVO1?marker=741311
776,556,USD,MIA,MCZ,"Maceio, Brazil",BR,2027-01-12,2,https://www.aviasales.com/search/MIA1201MCZ1?marker=741311
777,557,USD,JFK,BJL,"Banjul, Gambia",GM,2026-12-01,2,https://www.aviasales.com/search/JFK0112BJL1?marker=741311
778,558,USD,SFO,COV,"Mersin, Turkiye",TR,2026-10-01,3,https://www.aviasales.com/search/SFO0110COV1?marker=741311
779,559,USD,MIA,COK,"Kochi, India",IN,2026-09-29,2,https://www.aviasales.com/search/MIA2909COK1?marker=741311
780,560,USD,JFK,BHK,"Bukhara, Uzbekistan",UZ,2026-11-02,2,https://www.aviasales.com/search/JFK0211BHK1?marker=741311
781,560,USD,DFW,EBB,"Entebbe, Uganda",UG,2026-09-22,1,https://www.aviasales.com/search/DFW2209EBB1?marker=741311
782,560,USD,IAH,YYD,"Smithers, Canada",CA,2026-09-18,2,https://www.aviasales.com/search/IAH1809YYD1?marker=741311
783,563,USD,JFK,RAI,"Praia, Cape Verde",CV,2026-10-14,1,https://www.aviasales.com/search/JFK1410RAI1?marker=741311
784,567,USD,JFK,OVB,"Novosibirsk, Russia",RU,2026-10-23,2,https://www.aviasales.com/search/JFK2310OVB1?marker=741311
785,570,USD,SFO,PJM,"Puerto Jimenez, Costa Rica",CR,2026-09-22,3,https://www.aviasales.com/search/SFO2209PJM1?marker=741311
786,573,USD,JFK,MRU,"Mauritius, Mauritius",MU,2026-09-14,1,https://www.aviasales.com/search/JFK1409MRU1?marker=741311
787,574,USD,JFK,MSQ,"Minsk, Belarus",BY,2026-09-22,3,https://www.aviasales.com/search/JFK2209MSQ1?marker=741311
788,575,USD,JFK,CGO,"Zhengzhou, China",CN,2026-11-09,1,https://www.aviasales.com/search/JFK0911CGO1?marker=741311
789,576,USD,JFK,CGP,"Chittagong, Bangladesh",BD,2026-11-09,2,https://www.aviasales.com/search/JFK0911CGP1?marker=741311
790,577,USD,ATL,PMV,"Porlamar, Venezuela",VE,2026-10-01,3,https://www.aviasales.com/search/ATL0110PMV1?marker=741311
791,577,USD,DFW,CKG,"Chongqing, China",CN,2026-09-14,1,https://www.aviasales.com/search/DFW1409CKG1?marker=741311
792,579,USD,JFK,ZNZ,"Zanzibar, Tanzania",TZ,2026-09-25,2,https://www.aviasales.com/search/JFK2509ZNZ1?marker=741311
793,580,USD,SEA,IKT,"Irkutsk, Russia",RU,2026-10-27,2,https://www.aviasales.com/search/SEA2710IKT1?marker=741311
794,584,USD,ATL,GVR,"Governador Valadares, Brazil",BR,2026-10-11,3,https://www.aviasales.com/search/ATL1110GVR1?marker=741311
795,585,USD,JFK,KUF,"Samara, Russia",RU,2026-09-20,3,https://www.aviasales.com/search/JFK2009KUF1?marker=741311
796,587,USD,LAX,ADL,"Adelaide, Australia",AU,2026-09-28,2,https://www.aviasales.com/search/LAX2809ADL1?marker=741311
797,589,USD,JFK,PER,"Perth, Australia",AU,2026-09-26,2,https://www.aviasales.com/search/JFK2609PER1?marker=741311
798,589,USD,JFK,ABJ,"Abidjan, Ivory Coast",CI,2026-09-16,0,https://www.aviasales.com/search/JFK1609ABJ1?marker=741311
799,589,USD,MCO,NAT,"Natal, Brazil",BR,2027-01-07,3,https://www.aviasales.com/search/MCO0701NAT1?marker=741311
800,590,USD,SEA,SPN,"Saipan, Northern Mariana Islands",MP,2026-09-23,2,https://www.aviasales.com/search/SEA2309SPN1?marker=741311
801,592,USD,JFK,UFA,"Ufa, Russia",RU,2026-09-14,4,https://www.aviasales.com/search/JFK1409UFA1?marker=741311
802,597,USD,ORD,ZAD,"Zadar, Croatia",HR,2026-11-21,3,https://www.aviasales.com/search/ORD2111ZAD1?marker=741311
803,599,USD,ATL,UTP,"Pattaya, Thailand",TH,2026-09-19,2,https://www.aviasales.com/search/ATL1909UTP1?marker=741311
804,600,USD,JFK,PEE,"Perm, Russia",RU,2026-09-21,2,https://www.aviasales.com/search/JFK2109PEE1?marker=741311
805,602,USD,ORD,KWE,"Guiyang, China",CN,2026-09-30,2,https://www.aviasales.com/search/ORD3009KWE1?marker=741311
806,602,USD,JFK,YNJ,"Yanji, China",CN,2026-09-14,3,https://www.aviasales.com/search/JFK1409YNJ1?marker=741311
807,606,USD,JFK,PAT,"Patna, India",IN,2026-12-02,2,https://www.aviasales.com/search/JFK0212PAT1?marker=741311
808,607,USD,LAS,EBL,"Erbil, Iraq",IQ,2026-10-06,3,https://www.aviasales.com/search/LAS0610EBL1?marker=741311
809,608,USD,JFK,MMK,"Murmansk, Russia",RU,2026-09-22,3,https://www.aviasales.com/search/JFK2209MMK1?marker=741311
810,609,USD,JFK,GOJ,"Nizhniy Novgorod, Russia",RU,2026-10-22,3,https://www.aviasales.com/search/JFK2210GOJ1?marker=741311
811,611,USD,JFK,VOG,"Volgograd, Russia",RU,2026-09-27,3,https://www.aviasales.com/search/JFK2709VOG1?marker=741311
812,615,USD,SFO,BOB,"Bora Bora, French Polynesia",PF,2026-09-23,1,https://www.aviasales.com/search/SFO2309BOB1?marker=741311
813,616,USD,JFK,MLW,"Monrovia, Liberia",LR,2026-12-14,1,https://www.aviasales.com/search/JFK1412MLW1?marker=741311
814,621,USD,JFK,PRA,"Parana, Argentina",AR,2026-09-15,3,https://www.aviasales.com/search/JFK1509PRA1?marker=741311
815,621,USD,LAX,OOL,"Gold Coast, Australia",AU,2026-09-22,1,https://www.aviasales.com/search/LAX2209OOL1?marker=741311
816,625,USD,JFK,TJM,"Tyumen, Russia",RU,2026-10-22,3,https://www.aviasales.com/search/JFK2210TJM1?marker=741311
817,625,USD,SFO,BPN,"Balikpapan, Indonesia",ID,2026-10-10,3,https://www.aviasales.com/search/SFO1010BPN1?marker=741311
818,629,USD,IAH,PLJ,"Placencia, Belize",BZ,2026-09-18,1,https://www.aviasales.com/search/IAH1809PLJ1?marker=741311
819,630,USD,IAD,AZN,"Andijan, Uzbekistan",UZ,2026-09-30,2,https://www.aviasales.com/search/IAD3009AZN1?marker=741311
820,635,USD,JFK,MUX,"Multan, Pakistan",PK,2026-11-20,2,https://www.aviasales.com/search/JFK2011MUX1?marker=741311
821,639,USD,JFK,NOZ,"Novokuznetsk, Russia",RU,2026-10-01,3,https://www.aviasales.com/search/JFK0110NOZ1?marker=741311
822,639,USD,JFK,BDQ,"Vadodara, India",IN,2027-01-04,2,https://www.aviasales.com/search/JFK0401BDQ1?marker=741311
823,640,USD,JFK,OUA,"Ouagadougou, Burkina Faso",BF,2026-09-29,3,https://www.aviasales.com/search/JFK2909OUA1?marker=741311
824,643,USD,DCA,UGC,"Urgench, Uzbekistan",UZ,2026-10-15,3,https://www.aviasales.com/search/DCA1510UGC1?marker=741311
825,647,USD,JFK,CEK,"Chelyabinsk, Russia",RU,2026-11-24,3,https://www.aviasales.com/search/JFK2411CEK1?marker=741311
826,647,USD,MCO,REN,"Orenburg, Russia",RU,2026-09-18,3,https://www.aviasales.com/search/MCO1809REN1?marker=741311
827,647,USD,JFK,CGQ,"Changchun, China",CN,2026-09-25,3,https://www.aviasales.com/search/JFK2509CGQ1?marker=741311
828,647,USD,LAX,CWL,"Cardiff, United Kingdom",GB,2026-09-21,3,https://www.aviasales.com/search/LAX2109CWL1?marker=741311
829,651,USD,JFK,ULY,"Ulyanovsk, Russia",RU,2026-09-15,4,https://www.aviasales.com/search/JFK1509ULY1?marker=741311
830,653,USD,JFK,OMS,"Omsk, Russia",RU,2026-10-13,4,https://www.aviasales.com/search/JFK1310OMS1?marker=741311
831,653,USD,LAX,HIR,"Honiara, Solomon Islands",SB,2026-10-19,1,https://www.aviasales.com/search/LAX1910HIR1?marker=741311
832,654,USD,ORD,IJK,"Izhevsk, Russia",RU,2026-10-01,4,https://www.aviasales.com/search/ORD0110IJK1?marker=741311
833,654,USD,JFK,KHH,"Kaohsiung, Taiwan",TW,2026-10-13,1,https://www.aviasales.com/search/JFK1310KHH1?marker=741311
834,656,USD,LAX,HEK,"Heihe, China",CN,2026-09-16,1,https://www.aviasales.com/search/LAX1609HEK1?marker=741311
835,663,USD,JFK,KGD,"Kaliningrad, Russia",RU,2026-09-15,3,https://www.aviasales.com/search/JFK1509KGD1?marker=741311
836,664,USD,ORD,ASB,"Ashgabat, Turkmenistan",TM,2026-10-20,1,https://www.aviasales.com/search/ORD2010ASB1?marker=741311
837,664,USD,MIA,UKK,"Oskemen, Kazakhstan",KZ,2026-10-01,3,https://www.aviasales.com/search/MIA0110UKK1?marker=741311
838,664,USD,PHL,OLA,"Orland, Norway",NO,2026-09-14,3,https://www.aviasales.com/search/PHL1409OLA1?marker=741311
839,665,USD,LAX,WLG,"Wellington, New Zealand",NZ,2026-09-22,2,https://www.aviasales.com/search/LAX2209WLG1?marker=741311
840,666,USD,ORD,KJA,"Krasnoyarsk, Russia",RU,2026-09-16,2,https://www.aviasales.com/search/ORD1609KJA1?marker=741311
841,666,USD,IAD,TMJ,"Termez, Uzbekistan",UZ,2026-11-02,2,https://www.aviasales.com/search/IAD0211TMJ1?marker=741311
842,667,USD,FLL,GDZ,"Gelendzik, Russia",RU,2026-10-01,4,https://www.aviasales.com/search/FLL0110GDZ1?marker=741311
843,668,USD,IAD,FEZ,"Fez, Morocco",MA,2026-12-23,3,https://www.aviasales.com/search/IAD2312FEZ1?marker=741311
844,669,USD,JFK,NBC,"Naberezhnye Chelny, Russia",RU,2026-09-23,3,https://www.aviasales.com/search/JFK2309NBC1?marker=741311
845,673,USD,JFK,SEZ,"Mahe, Seychelles",SC,2026-11-04,1,https://www.aviasales.com/search/JFK0411SEZ1?marker=741311
846,674,USD,FLL,GRV,"Groznyy, Russia",RU,2026-10-01,3,https://www.aviasales.com/search/FLL0110GRV1?marker=741311
847,680,USD,PDX,URC,"Urumqi, China",CN,2026-10-15,2,https://www.aviasales.com/search/PDX1510URC1?marker=741311
848,681,USD,SEA,YPA,"Prince Albert, Canada",CA,2026-09-20,3,https://www.aviasales.com/search/SEA2009YPA1?marker=741311
849,690,USD,SEA,HNS,"Haines, United States",US,2026-09-23,1,https://www.aviasales.com/search/SEA2309HNS1?marker=741311
850,693,USD,IAD,HRE,"Harare, Zimbabwe",ZW,2026-09-20,1,https://www.aviasales.com/search/IAD2009HRE1?marker=741311
851,697,USD,ORD,FJR,"Fujairah, United Arab Emirates",AE,2026-11-03,3,https://www.aviasales.com/search/ORD0311FJR1?marker=741311
852,699,USD,DFW,MAR,"Maracaibo, Venezuela",VE,2026-09-26,3,https://www.aviasales.com/search/DFW2609MAR1?marker=741311
853,699,USD,JFK,PEZ,"Penza, Russia",RU,2026-10-08,3,https://www.aviasales.com/search/JFK0810PEZ1?marker=741311
854,699,USD,JFK,GNO,"Grenoble, France",FR,2026-12-23,1,https://www.aviasales.com/search/JFK2312GNO1?marker=741311
855,699,USD,PHX,BLB,"Balboa, Panama",PA,2026-09-17,3,https://www.aviasales.com/search/PHX1709BLB1?marker=741311
856,701,USD,MIA,SCW,"Syktyvkar, Russia",RU,2027-02-01,4,https://www.aviasales.com/search/MIA0102SCW1?marker=741311
857,702,USD,LAX,RAR,"Rarotonga, Cook Islands",CK,2026-09-30,2,https://www.aviasales.com/search/LAX3009RAR1?marker=741311
858,706,USD,SFO,ASF,"Astrakhan, Russia",RU,2026-11-02,2,https://www.aviasales.com/search/SFO0211ASF1?marker=741311
859,706,USD,DCA,NAL,"Nalchik, Russia",RU,2027-02-15,4,https://www.aviasales.com/search/DCA1502NAL1?marker=741311
860,708,USD,LAX,DRW,"Darwin, Australia",AU,2026-09-28,2,https://www.aviasales.com/search/LAX2809DRW1?marker=741311
861,708,USD,LAX,VAV,"Vava'u, Tonga",TO,2026-09-19,1,https://www.aviasales.com/search/LAX1909VAV1?marker=741311
862,708,USD,CLT,BRM,"Barquisimeto, Venezuela",VE,2026-09-21,3,https://www.aviasales.com/search/CLT2109BRM1?marker=741311
863,709,USD,JFK,BAX,"Barnaul, Russia",RU,2026-11-08,3,https://www.aviasales.com/search/JFK0811BAX1?marker=741311
864,715,USD,JFK,JNB,"Johannesburg, South Africa",ZA,2026-10-07,2,https://www.aviasales.com/search/JFK0710JNB1?marker=741311
865,716,USD,LAX,GAN,"Gan Island, Maldives",MV,2026-11-12,3,https://www.aviasales.com/search/LAX1211GAN1?marker=741311
866,719,USD,ORD,NCU,"Nukus, Uzbekistan",UZ,2026-09-13,4,https://www.aviasales.com/search/ORD1309NCU1?marker=741311
867,720,USD,LAX,KHV,"Khabarovsk, Russia",RU,2026-10-22,2,https://www.aviasales.com/search/LAX2210KHV1?marker=741311
868,722,USD,DEN,TSN,"Tianjin, China",CN,2026-12-23,2,https://www.aviasales.com/search/DEN2312TSN1?marker=741311
869,723,USD,JFK,NGO,"Nagoya, Japan",JP,2026-11-20,3,https://www.aviasales.com/search/JFK2011NGO1?marker=741311
870,725,USD,ORD,TOF,"Tomsk, Russia",RU,2026-09-22,3,https://www.aviasales.com/search/ORD2209TOF1?marker=741311
871,730,USD,JFK,TOY,"Toyama, Japan",JP,2026-10-15,1,https://www.aviasales.com/search/JFK1510TOY1?marker=741311
872,731,USD,JFK,SGC,"Surgut, Russia",RU,2026-09-16,3,https://www.aviasales.com/search/JFK1609SGC1?marker=741311
873,734,USD,JFK,NDJ,"N'Djamena, Chad",TD,2026-10-01,3,https://www.aviasales.com/search/JFK0110NDJ1?marker=741311
874,735,USD,ATL,MGQ,"Mogadishu, Somalia",SO,2027-02-26,1,https://www.aviasales.com/search/ATL2602MGQ1?marker=741311
875,754,USD,LAX,ZQN,"Queenstown, New Zealand",NZ,2026-09-25,2,https://www.aviasales.com/search/LAX2509ZQN1?marker=741311
876,760,USD,JFK,BKO,"Bamako, Mali",ML,2027-01-22,1,https://www.aviasales.com/search/JFK2201BKO1?marker=741311
877,764,USD,LAX,CNS,"Cairns, Australia",AU,2026-09-28,2,https://www.aviasales.com/search/LAX2809CNS1?marker=741311
878,767,USD,JFK,OGZ,"Vladikavkaz, Russia",RU,2026-09-14,2,https://www.aviasales.com/search/JFK1409OGZ1?marker=741311
879,777,USD,PDX,YIN,"Yining, China",CN,2026-09-13,4,https://www.aviasales.com/search/PDX1309YIN1?marker=741311
880,779,USD,LAX,BJM,"Bujumbura, Burundi",BI,2026-10-04,2,https://www.aviasales.com/search/LAX0410BJM1?marker=741311
881,781,USD,LAX,NJC,"Nizhnevartovsk, Russia",RU,2026-12-29,3,https://www.aviasales.com/search/LAX2912NJC1?marker=741311
882,781,USD,PDX,PDT,"Pendleton, United States",US,2026-09-17,4,https://www.aviasales.com/search/PDX1709PDT1?marker=741311
883,785,USD,SFO,GME,"Gomel, Belarus",BY,2026-09-21,3,https://www.aviasales.com/search/SFO2109GME1?marker=741311
884,792,USD,SLC,MBA,"Mombasa, Kenya",KE,2026-11-10,2,https://www.aviasales.com/search/SLC1011MBA1?marker=741311
885,795,USD,IAD,GNJ,"Ganja, Azerbaijan",AZ,2026-09-18,2,https://www.aviasales.com/search/IAD1809GNJ1?marker=741311
886,795,USD,JFK,UUD,"Ulan-Ude, Russia",RU,2026-09-22,4,https://www.aviasales.com/search/JFK2209UUD1?marker=741311
887,804,USD,DFW,VGD,"Vologda, Russia",RU,2026-09-15,3,https://www.aviasales.com/search/DFW1509VGD1?marker=741311
888,806,USD,JFK,SDZ,"Shetland Islands, United Kingdom",GB,2026-12-20,3,https://www.aviasales.com/search/JFK2012SDZ1?marker=741311
889,809,USD,SFO,CHC,"Christchurch, New Zealand",NZ,2027-02-16,2,https://www.aviasales.com/search/SFO1602CHC1?marker=741311
890,813,USD,IAD,LFW,"Lome, Togo",TG,2026-10-10,0,https://www.aviasales.com/search/IAD1010LFW1?marker=741311
891,814,USD,JFK,LBD,"Khujand, Tajikistan",TJ,2026-10-15,3,https://www.aviasales.com/search/JFK1510LBD1?marker=741311
892,817,USD,MCO,PLX,"Semey, Kazakhstan",KZ,2026-11-01,3,https://www.aviasales.com/search/MCO0111PLX1?marker=741311
893,824,USD,DFW,CZH,"Corozal, Belize",BZ,2026-09-20,3,https://www.aviasales.com/search/DFW2009CZH1?marker=741311
894,825,USD,JFK,PKR,"Pokhara, Nepal",NP,2026-10-08,2,https://www.aviasales.com/search/JFK0810PKR1?marker=741311
895,830,USD,LAX,BIH,"Bishop, United States",US,2026-09-22,2,https://www.aviasales.com/search/LAX2209BIH1?marker=741311
896,845,USD,IAD,BGF,"Bangui, Central African Republic",CF,2026-11-29,1,https://www.aviasales.com/search/IAD2911BGF1?marker=741311
897,853,USD,MIA,VLI,"Port Vila, Vanuatu",VU,2026-12-25,2,https://www.aviasales.com/search/MIA2512VLI1?marker=741311
898,856,USD,IAH,NIM,"Niamey, Niger",NE,2026-10-12,2,https://www.aviasales.com/search/IAH1210NIM1?marker=741311
899,857,USD,SEA,PKC,"Petropavlovsk-Kamchatsky, Russia",RU,2026-10-14,4,https://www.aviasales.com/search/SEA1410PKC1?marker=741311
900,863,USD,ORD,MQF,"Magnitogorsk, Russia",RU,2026-09-15,4,https://www.aviasales.com/search/ORD1509MQF1?marker=741311
901,865,USD,IAH,HSA,"Turkistan, Kazakhstan",KZ,2026-11-19,4,https://www.aviasales.com/search/IAH1911HSA1?marker=741311
902,868,USD,TPA,DLA,"Douala, Cameroon",CM,2026-09-14,2,https://www.aviasales.com/search/TPA1409DLA1?marker=741311
903,885,USD,SEA,VFA,"Victoria Falls, Zimbabwe",ZW,2026-09-28,2,https://www.aviasales.com/search/SEA2809VFA1?marker=741311
904,894,USD,IAH,CBR,"Canberra, Australia",AU,2026-09-16,3,https://www.aviasales.com/search/IAH1609CBR1?marker=741311
905,906,USD,RDU,MVF,"Mossoro, Brazil",BR,2026-09-16,3,https://www.aviasales.com/search/RDU1609MVF1?marker=741311
906,907,USD,SEA,BQS,"Blagoveschensk, Russia",RU,2026-10-11,3,https://www.aviasales.com/search/SEA1110BQS1?marker=741311
907,910,USD,IAD,HTA,"Chita, Russia",RU,2026-09-29,4,https://www.aviasales.com/search/IAD2909HTA1?marker=741311
908,912,USD,LAX,YKS,"Yakutsk, Russia",RU,2026-09-27,3,https://www.aviasales.com/search/LAX2709YKS1?marker=741311
909,928,USD,JFK,GOH,"Nuuk, Greenland",GL,2026-10-01,1,https://www.aviasales.com/search/JFK0110GOH1?marker=741311
910,932,USD,SAN,APW,"Apia, Samoa",WS,2026-09-13,2,https://www.aviasales.com/search/SAN1309APW1?marker=741311
911,940,USD,SEA,ENI,"El Nido, Philippines",PH,2026-12-12,3,https://www.aviasales.com/search/SEA1212ENI1?marker=741311
912,958,USD,PHL,ABX,"Albury, Australia",AU,2026-09-25,3,https://www.aviasales.com/search/PHL2509ABX1?marker=741311
913,987,USD,JFK,IPC,"Easter Island, Chile",CL,2026-09-26,3,https://www.aviasales.com/search/JFK2609IPC1?marker=741311
914,988,USD,DEN,ARK,"Arusha, Tanzania",TZ,2026-12-01,3,https://www.aviasales.com/search/DEN0112ARK1?marker=741311
915,999,USD,LAX,ABV,"Abuja, Nigeria",NG,2026-12-18,1,https://www.aviasales.com/search/LAX1812ABV1?marker=741311
916,1000,USD,ORD,TUF,"Tours, France",FR,2026-12-31,2,https://www.aviasales.com/search/ORD3112TUF1?marker=741311
917,1009,USD,CLT,KRT,"Khartoum, Sudan",SD,2026-09-23,3,https://www.aviasales.com/search/CLT2309KRT1?marker=741311
918,1025,USD,LAX,ABA,"Abakan, Russia",RU,2026-10-01,4,https://www.aviasales.com/search/LAX0110ABA1?marker=741311
919,1043,USD,IAD,LBV,"Libreville, Gabon",GA,2026-12-19,1,https://www.aviasales.com/search/IAD1912LBV1?marker=741311
920,1051,USD,MIA,KEJ,"Kemerovo, Russia",RU,2026-09-17,3,https://www.aviasales.com/search/MIA1709KEJ1?marker=741311
921,1054,USD,SEA,ARH,"Arkhangelsk, Russia",RU,2026-12-29,2,https://www.aviasales.com/search/SEA2912ARH1?marker=741311
922,1074,USD,DFW,BZV,"Brazzaville, Republic of the Congo",CG,2026-09-30,1,https://www.aviasales.com/search/DFW3009BZV1?marker=741311
923,1077,USD,LAX,NLA,"Ndola, Zambia",ZM,2026-10-01,4,https://www.aviasales.com/search/LAX0110NLA1?marker=741311
924,1085,USD,FLL,UCT,"Ukhta, Russia",RU,2026-09-17,4,https://www.aviasales.com/search/FLL1709UCT1?marker=741311
925,1097,USD,MIA,ODB,"Cordoba, Spain",ES,2026-09-28,3,https://www.aviasales.com/search/MIA2809ODB1?marker=741311
926,1110,USD,JFK,MPN,"Mount Pleasant, Falkland Islands",FK,2026-10-12,3,https://www.aviasales.com/search/JFK1210MPN1?marker=741311
927,1126,USD,LAS,GDX,"Magadan, Russia",RU,2026-09-19,4,https://www.aviasales.com/search/LAS1909GDX1?marker=741311
928,1147,USD,JFK,UAQ,"San Juan, Argentina",AR,2026-09-13,1,https://www.aviasales.com/search/JFK1309UAQ1?marker=741311
929,1155,USD,BNA,HGA,"Hargeisa, Somalia",SO,2026-09-30,2,https://www.aviasales.com/search/BNA3009HGA1?marker=741311
930,1186,USD,FLL,LUN,"Lusaka, Zambia",ZM,2026-09-19,2,https://www.aviasales.com/search/FLL1909LUN1?marker=741311
931,1192,USD,JFK,TTE,"Ternate, Indonesia",ID,2026-12-16,3,https://www.aviasales.com/search/JFK1612TTE1?marker=741311
932,1322,USD,DFW,VLD,"Valdosta, United States",US,2026-09-18,3,https://www.aviasales.com/search/DFW1809VLD1?marker=741311
933,1400,USD,ORD,YTH,"Thompson, Canada",CA,2026-09-19,4,https://www.aviasales.com/search/ORD1909YTH1?marker=741311
934,1818,USD,MIA,BRN,"Bern, Switzerland",CH,2026-09-29,2,https://www.aviasales.com/search/MIA2909BRN1?marker=741311
