rank,price,currency,origin,destination_code,destination_name,country_code,depart,stops,booking_link
1,19,USD,LAX,LAS,"Las Vegas, United States",US,2026-10-27,0,https://www.aviasales.com/search/LAX2710LAS1?t=F917931213001793125800000075LAXLAS_56d347d54d07d6da55b2535453773246_1616&search_date=25092026&expected_price_uuid=01a0d98c-b12c-8040-2509-13b0e5cdfb84&static_fare_key=TY%7CP0%7CH0%7CL0%7CCH0%7CR0%7CTBC0&itinerary_key=p--4nS6GtI1QNFQhRLxZ1Q&expected_price_source=share&expected_price_currency=usd&expected_price=19&marker=741311
2,17,USD,LAX,SFO,"San Francisco, United States",US,2026-11-17,0,https://www.aviasales.com/search/LAX1711SFO1?t=F917949421801794947520000089LAXSFO_685bc6c2ece23ab6ba087092afaa1dad_1435&search_date=28092026&expected_price_uuid=01a0e5f1-8c9a-8050-e4d9-02d2a99afcfa&static_fare_key=TY%7CP0%7CH0%7CL0%7CCH0%7CR0%7CTBC0&itinerary_key=ZuGPvRlHSEiboDIxwoaptw&expected_price_source=share&expected_price_currency=usd&expected_price=17&marker=741311
3,18,USD,SFO,LAX,"Los Angeles, United States",US,2026-10-27,0,https://www.aviasales.com/search/SFO2710LAX1?t=F917931291001793134380000088SFOLAX_1c62c316ea839eae5a6afeac4ff9657e_1511&search_date=28092026&expected_price_uuid=01a0e977-9f3e-8050-65d6-a707645f216e&static_fare_key=TY%7CP1%7CH0%7CL0%7CCH0%7CR0%7CTBC0&itinerary_key=0p_pmrC_TjvBt-7kZLHVFQ&expected_price_source=share&expected_price_currency=usd&expected_price=18&marker=741311
4,19,USD,IAH,ATL,"Atlanta, United States",US,2026-10-27,0,https://www.aviasales.com/search/IAH2710ATL1?t=F917931324601793143920000131IAHATL_355a7e6224760007d7e8b0f80d81c0e8_1610&search_date=23092026&expected_price_uuid=01a0cf2d-4965-8040-abbc-ac5554ccbdde&static_fare_key=TY%7CP0%7CH0%7CL0%7CCH0%7CR0%7CTBC0&itinerary_key=g9tzJthiZkyld07QoDnAsQ&origin_airports=0&expected_price_source=share&expected_price_currency=usd&expected_price=19&marker=741311
5,19,USD,SFO,SAN,"San Diego, United States",US,2026-11-07,0,https://www.aviasales.com/search/SFO0711SAN1?t=F917940706201794076680000101SFOSAN_cc4cb69263eb6c00eb5ed2ba4d6d4a3c_1596&search_date=28092026&expected_price_uuid=01a0e5e5-3255-8040-27f1-d7e0c747a8b5&static_fare_key=TY%7CP1%7CH0%7CL0%7CCH0%7CR0%7CTBC0&itinerary_key=4bRqAPFGZu4lUiPE8oqPwQ&expected_price_source=share&expected_price_currency=usd&expected_price=19&marker=741311
6,19,USD,ATL,TPA,"Tampa, United States",US,2026-11-10,0,https://www.aviasales.com/search/ATL1011TPA1?t=F917943054601794311340000098ATLTPA_e6aa62e89758ecbc64e784824c5d483a_1602&search_date=28092026&expected_price_uuid=01a0e663-bb39-8030-ac85-7089ff4793f6&static_fare_key=TY%7CP0%7CH0%7CL0%7CCH0%7CR0%7CTBC0&itinerary_key=gzRBPh5boX0j4djv1GNCBQ&expected_price_source=share&expected_price_currency=usd&expected_price=19&marker=741311
7,19,USD,ATL,ORL,"Orlando, United States",US,2026-10-20,0,https://www.aviasales.com/search/ATL2010ORL1?t=F917925257401792531800000101ATLMCO_d8c62a6b5ba73ffea60447e939efc296_1601&search_date=22092026&expected_price_uuid=01a0c920-3275-8030-a405-a06291c30c3a&static_fare_key=TY%7CP0%7CH0%7CL0%7CCH0%7CR0%7CTBC0&itinerary_key=ixyTBpD7f6iwlsM1_99E_w&expected_price_source=share&expected_price_currency=usd&expected_price=19&marker=741311
9,22,USD,ATL,HOU,"Houston, United States",US,2026-10-28,0,https://www.aviasales.com/search/ATL2810HOU1?t=F917931939001793199000000145ATLIAH_3462d19cb2b18d412e2d5e822e426c69_1833&search_date=28092026&expected_price_uuid=01a0e81e-f447-8030-6515-3308e094ed25&static_fare_key=TY%7CP0%7CH0%7CL0%7CCH1_0%7CR0%7CTBC0&itinerary_key=VCm1_oNsTmmzf6uTVOz-Qw&expected_price_source=share&expected_price_currency=usd&expected_price=22&marker=741311
10,24,USD,LAS,PHX,"Phoenix, United States",US,2026-10-22,0,https://www.aviasales.com/search/LAS2210PHX1?t=F917926663201792671420000085LASPHX_954ee480864df47628af234b06d4ce7a_2028&search_date=27092026&expected_price_uuid=01a0e54b-b44e-8040-24b6-467978b039db&static_fare_key=TY%7CP0%7CH0%7CL0%7CCH0%7CR0%7CTBC0&itinerary_key=wpQmJPFRxr-jjzZZ6dRSrg&expected_price_source=share&expected_price_currency=usd&expected_price=24&marker=741311
11,28,USD,FLL,CHA,"Chattanooga, United States",US,2026-11-05,0,https://www.aviasales.com/search/FLL0511CHA1?t=G417938626001793870340000129FLLCHA_f0a2d484c96b9a42cb991bd02c9be827_2380&search_date=25092026&expected_price_uuid=01a0d718-c7bc-8040-a756-d2bcaf8f6897&static_fare_key=TY%7CP0%7CH0%7CL0%7CCH0%7CR0%7CTBC0&itinerary_key=p1Sm5SqGjuhtM9rQBhkZ_w&expected_price_source=share&expected_price_currency=usd&expected_price=28&marker=741311
12,29,USD,MCO,WAS,"Washington, United States",US,2027-01-21,0,https://www.aviasales.com/search/MCO2101WAS1?t=F918005577001800565860000136MCOIAD_32b57a3ac1d46afda2e83605f9c7d244_2451&search_date=23092026&expected_price_uuid=01a0cec6-cd18-8040-2fef-356342976958&static_fare_key=TY%7CP0%7CH0%7CL0%7CCH0%7CR0%7CTBC0&itinerary_key=xrLUzrigYebkqlReppOstw&origin_airports=0&expected_price_source=share&expected_price_currency=usd&expected_price=29&marker=741311
13,29,USD,DEN,SLC,"Salt Lake City, United States",US,2026-11-04,0,https://www.aviasales.com/search/DEN0411SLC1?t=F917937837001793789460000096DENSLC_ce48251ec29288be2b882c1a4c6abb1d_2444&search_date=22092026&expected_price_uuid=01a0cb7c-72d8-8030-2fde-02b0227b82e9&static_fare_key=TY%7CP0%7CH0%7CL0%7CCH0%7CR0%7CTBC0&itinerary_key=WuX3SA-FGmJTyS1QHOcmAA&expected_price_source=share&expected_price_currency=usd&expected_price=29&marker=741311
14,30,USD,BNA,CHI,"Chicago, United States",US,2026-10-15,0,https://www.aviasales.com/search/BNA1510CHI1?t=G417920615201792066920000090BNARFD_879706faf1979deedf07d856905345ea_2525&search_date=25092026&expected_price_uuid=01a0d9c0-20ac-8040-a079-a2ef80b9adfd&static_fare_key=TY%7CP0%7CH0%7CL0%7CCH0%7CR0%7CTBC0&itinerary_key=4GtLbv89tf5tbmXAy5wpyg&expected_price_source=share&expected_price_currency=usd&expected_price=30&marker=741311
15,34,USD,LAX,DEN,"Denver, United States",US,2026-11-10,0,https://www.aviasales.com/search/LAX1011DEN1?t=F917942913001794303900000150LAXDEN_1da6a2b97f0515a0b432f834d4666c66_2861&search_date=26092026&expected_price_uuid=01a0de54-29ba-8050-60f3-a389f96a92be&static_fare_key=TY%7CP1%7CH0%7CL0%7CCH1_0%7CR0%7CTBC0&itinerary_key=FToVTnMTBHHPDW11FZ1jpw&expected_price_source=share&expected_price_currency=usd&expected_price=34&marker=741311
16,34,USD,MCO,CLE,"Cleveland, United States",US,2026-10-02,0,https://www.aviasales.com/search/MCO0210CLE1?t=F917909779801790987400000157MCOCLE_7eab071e0aa4f91bb4247ea2fcf39f7e_2820&search_date=25092026&expected_price_uuid=01a0da46-ac82-8030-a68c-68fa66654398&static_fare_key=TY%7CP0%7CH0%7CL0%7CCH0%7CR0%7CTBC0&itinerary_key=f_xYT49_aKaUXbOY0SlUkQ&origin_airports=0&expected_price_source=share&expected_price_currency=usd&expected_price=34&marker=741311
17,35,USD,ATL,FLL,"Fort Lauderdale, United States",US,2027-02-08,0,https://www.aviasales.com/search/ATL0802FLL1?t=F918020924401802099640000120ATLFLL_d85f2ebe1ed5dea9235d3e068fe47633_2953&search_date=27092026&expected_price_uuid=01a0e3f0-1893-8040-251b-49ff0fa2f576&static_fare_key=TY%7CP0%7CH0%7CL0%7CCH0%7CR0%7CTBC0&itinerary_key=FqcD3ZV7wgT0kyIQxuAUtw&expected_price_source=share&expected_price_currency=usd&expected_price=35&marker=741311
18,35,USD,ATL,DFW,"Dallas, United States",US,2026-11-04,0,https://www.aviasales.com/search/ATL0411DFW1?t=F917937699601793775840000158ATLDFW_ad26e4b5c866a7483f11478272855acc_2919&search_date=29092026&expected_price_uuid=01a0eb9c-f94c-8050-e11d-ba412758582b&static_fare_key=TY%7CP1%7CH0%7CL0%7CCH0%7CR0%7CTBC0&itinerary_key=b9RPcGYG5wD4DyCbZexpfw&expected_price_source=share&expected_price_currency=usd&expected_price=35&marker=741311
19,35,USD,ATL,GDL,"Guadalajara, Mexico",MX,2026-10-11,0,https://www.aviasales.com/search/ATL1110GDL1?t=Y417917242001791732420000257ATLGDL_2b9bab549fe92713339b27722478ae2e_2969&search_date=24092026&expected_price_uuid=01a0d129-320c-8040-a1cc-df6ce80564b6&static_fare_key=TY%7CP0%7CH0%7CL0%7CCH0%7CR0%7CTBC0&itinerary_key=9Y_ZglLZJxPC1uK5hhYYLQ&expected_price_source=share&expected_price_currency=usd&expected_price=35&marker=741311
20,38,USD,ATL,PHL,"Philadelphia, United States",US,2026-10-24,0,https://www.aviasales.com/search/ATL2410PHL1?t=F917928579601792865700000129ATLPHL_c120280bfae3a6ca522564a7fba0525e_3232&search_date=24092026&expected_price_uuid=01a0d383-fe42-8040-697e-4a9d2ec5b2e1&static_fare_key=TY%7CP0%7CH0%7CL0%7CCH0%7CR0%7CTBC0&itinerary_key=UxBKEJlZ8UIYdr3Xy2uqkw&expected_price_source=share&expected_price_currency=usd&expected_price=38&marker=741311
21,39,USD,DEN,BNA,"Nashville, United States",US,2026-11-12,0,https://www.aviasales.com/search/DEN1211BNA1?t=F917944799401794492960000157DENBNA_c8934389fb0a491944ebc65debadbbff_3296&search_date=29092026&expected_price_uuid=01a0ebbb-e77e-8040-a4e0-8a595fef1d7f&static_fare_key=TY%7CP0%7CH0%7CL0%7CCH0%7CR0%7CTBC0&itinerary_key=g664PwXg5FZWvOmLMpgqVg&expected_price_source=share&expected_price_currency=usd&expected_price=39&marker=741311
22,40,USD,DFW,MSP,"Minneapolis, United States",US,2026-12-02,0,https://www.aviasales.com/search/DFW0212MSP1?t=F917961979201796207160000154DFWMSP_0b632048f75facc5fd9d0d1a17504480_3371&search_date=22092026&expected_price_uuid=01a0ca43-d007-8030-a735-00e3b3bfc9d1&static_fare_key=TY%7CP0%7CH0%7CL0%7CCH0%7CR0%7CTBC0&itinerary_key=Nf47fnlZnbYXO4QDCe83Pw&expected_price_source=share&expected_price_currency=usd&expected_price=40&marker=741311
23,40,USD,IAH,MIA,"Miami, United States",US,2026-11-12,0,https://www.aviasales.com/search/IAH1211MIA1?t=F917944939201794506760000154IAHMIA_d6bd19080b97b6f72ab5980b55aa4cd4_3357&search_date=28092026&expected_price_uuid=01a0e99b-a990-8030-e9f6-9f558ebc320c&static_fare_key=TY%7CP1%7CH0%7CL0%7CCH0%7CR0%7CTBC0&itinerary_key=R7w3Er5z4pGVUttzCCjM3A&origin_airports=0&expected_price_source=share&expected_price_currency=usd&expected_price=40&marker=741311
24,42,USD,ATL,JAX,"Jacksonville, United States",US,2026-10-13,0,https://www.aviasales.com/search/ATL1310JAX1?t=F917919128401791917160000072ATLJAX_e6c8e60bb647e9a82c9d5f09a3aa5d9d_3534&search_date=28092026&expected_price_uuid=01a0e968-848a-8030-207b-d592c60fee09&static_fare_key=TY%7CP0%7CH0%7CL0%7CCH0%7CR0%7CTBC0&itinerary_key=GXZtvFS1f28t2tMXXwYVHA&expected_price_source=share&expected_price_currency=usd&expected_price=42&marker=741311
25,43,USD,MCO,CLT,"Charlotte, United States",US,2026-10-14,0,https://www.aviasales.com/search/MCO1410CLT1?t=F917919600601791967020000116MCOCLT_41d075773e676a6e81dba7b16c685a20_3611&search_date=25092026&expected_price_uuid=01a0d7cd-041d-8040-a950-95de2c4a597c&static_fare_key=TY%7CP0%7CH0%7CL0%7CCH0%7CR0%7CTBC0&itinerary_key=bjavGDfcFbx0HLgtpL8nMQ&origin_airports=0&expected_price_source=share&expected_price_currency=usd&expected_price=43&marker=741311
26,45,USD,ATL,NYC,"New York, United States",US,2026-11-10,0,https://www.aviasales.com/search/ATL1011NYC1?t=F917942915401794299640000135ATLLGA_0e8305759d9b87cba131346f38bde756_3834&search_date=28092026&expected_price_uuid=01a0e836-bbc4-8050-a20d-6a16d88d594a&static_fare_key=TY%7CP1%7CH0%7CL0%7CCH1_0%7CR0%7CTBC0&itinerary_key=ScV_UF6QD_vL2wZaLBeK-w&expected_price_source=share&expected_price_currency=usd&expected_price=45&marker=741311
27,45,USD,MCO,IND,"Indianapolis, United States",US,2026-11-10,1,https://www.aviasales.com/search/MCO1011IND1?t=F917943301801794423420001554MCOATLIND_1abb8258470558df4b3713565958bc87_3798&search_date=26092026&expected_price_uuid=01a0df19-a61e-8040-2568-067637d45ff7&static_fare_key=TY%7CP0%7CH0%7CL0%7CCH0%7CR0%7CTBC0&itinerary_key=3b10LjDUd67PyRC_swDp5A&origin_airports=0&expected_price_source=share&expected_price_currency=usd&expected_price=45&marker=741311
28,41,USD,FLL,SWF,"Newburgh, United States",US,2026-10-29,0,https://www.aviasales.com/search/FLL2910SWF1?t=G417932560001793267280000188FLLSWF_0dbeb8909a4a46929377f4a1f1821c62_3476&search_date=23092026&expected_price_uuid=01a0cf2b-caa6-8040-23c5-50d558da40ad&static_fare_key=TY%7CP0%7CH0%7CL0%7CCH0%7CR0%7CTBC0&itinerary_key=7J08VeNKZjNX9yfT3T3bDQ&expected_price_source=share&expected_price_currency=usd&expected_price=41&marker=741311
30,45,USD,MIA,RDU,"Raleigh, United States",US,2026-10-22,0,https://www.aviasales.com/search/MIA2210RDU1?t=F917926851001792692780000128MIARDU_3e32d18b753f2f0cca05f33b5ba0d6de_3844&search_date=28092026&expected_price_uuid=01a0e95a-8463-8030-6316-c4614f737dc7&static_fare_key=TY%7CP0%7CH0%7CL0%7CCH1_0%7CR0%7CTBC0&itinerary_key=9Se_2o-C2-j7TOPu-y5EEA&expected_price_source=share&expected_price_currency=usd&expected_price=45&marker=741311
31,47,USD,LAX,SEA,"Seattle, United States",US,2026-11-11,0,https://www.aviasales.com/search/LAX1111SEA1?t=F917944116601794423240000193LAXSEA_822e429363caa4f7d63096ca2dd088a6_3983&search_date=25092026&expected_price_uuid=01a0d7b5-cb82-8051-2c5c-ec1926015fa4&static_fare_key=TY%7CP1%7CH0%7CL0%7CCH1_0%7CR0%7CTBC0&itinerary_key=2ZOGeFC8hvNZY9DtA4WN0A&expected_price_source=share&expected_price_currency=usd&expected_price=47&marker=741311
32,43,USD,FLL,CMH,"Columbus, United States",US,2026-11-20,0,https://www.aviasales.com/search/FLL2011CMH1?t=G417951550001795164420000157FLLLCK_a95987408ffdacf49250fc3fc323867e_3623&search_date=22092026&expected_price_uuid=01a0ca9e-43d6-8030-a6ec-1d0d99e6f007&static_fare_key=TY%7CP0%7CH0%7CL0%7CCH0%7CR0%7CTBC0&itinerary_key=ejBTmbFH1oh2qTKSR4JbwA&expected_price_source=share&expected_price_currency=usd&expected_price=43&marker=741311
35,51,USD,TPA,DTT,"Detroit, United States",US,2026-11-05,0,https://www.aviasales.com/search/TPA0511DTT1?t=F917938910401793901180000169TPADTW_6e7a43d83f213ae3bb2788722fc9d7af_4335&search_date=24092026&expected_price_uuid=01a0d4c7-059a-8040-a61c-c0df105cd680&static_fare_key=TY%7CP0%7CH0%7CL0%7CCH0%7CR0%7CTBC0&itinerary_key=NW6TuiSswhHUaa8w51_fCA&expected_price_source=share&expected_price_currency=usd&expected_price=51&marker=741311
36,53,USD,MCO,EYW,"Key West, United States",US,2026-10-04,0,https://www.aviasales.com/search/MCO0410EYW1?t=MX17911041601791109140000083MCOEYW_2639beacef323d2c03f8d291a350b3bd_4506&search_date=24092026&expected_price_uuid=01a0d3d5-b6d2-8030-ed6d-7c3bd05cfa0e&static_fare_key=TY%7CP0%7CH0%7CL0%7CCH0%7CR0%7CTBC0&itinerary_key=K1HDpX5Z6BUJtD9JGOUgLQ&origin_airports=0&expected_price_source=share&expected_price_currency=usd&expected_price=53&marker=741311
37,55,USD,DCA,BOS,"Boston, United States",US,2026-12-08,0,https://www.aviasales.com/search/DCA0812BOS1?t=B617967441001796749860000096DCABOS_12a3264eff7261564df0ebf9ae4f4f37_4615&search_date=23092026&expected_price_uuid=01a0cdca-7a3f-8030-2060-fa3558bc890e&static_fare_key=TY%7CP0%7CH1%7CL0%7CCH0%7CR0%7CTBC0&itinerary_key=u7nnw9GXVxwo0K5RDNo8VA&origin_airports=0&expected_price_source=share&expected_price_currency=usd&expected_price=55&marker=741311
39,57,USD,MCO,MSY,"New Orleans, United States",US,2026-11-04,1,https://www.aviasales.com/search/MCO0411MSY1?t=F917937843001793808780000468MCOATLMSY_054603ce2855023b4a132d59820b518b_4797&search_date=25092026&expected_price_uuid=01a0d999-7b05-8040-27b0-131ae62f58d4&static_fare_key=TY%7CP0%7CH0%7CL0%7CCH0%7CR0%7CTBC0&itinerary_key=nAtJuU5j1TLp2MjHOP3Otg&origin_airports=0&expected_price_source=share&expected_price_currency=usd&expected_price=57&marker=741311
40,57,USD,ATL,AUS,"Austin, United States",US,2026-10-31,0,https://www.aviasales.com/search/ATL3110AUS1?t=F917934458401793451600000156ATLAUS_22bdc1ba439b943eb432ace88062e099_4820&search_date=27092026&expected_price_uuid=01a0e525-5099-8040-ab19-783f6c0178cf&static_fare_key=TY%7CP1%7CH0%7CL0%7CCH0%7CR0%7CTBC0&itinerary_key=PmGyE8OwdUQn0k3o1YXW3w&expected_price_source=share&expected_price_currency=usd&expected_price=57&marker=741311
41,57,USD,LAX,RNO,"Reno, United States",US,2027-01-16,0,https://www.aviasales.com/search/LAX1601RNO1?t=UA18001278001800133440000094LAXRNO_01561468af788880bc9a271db5b770fa_4817&search_date=29092026&expected_price_uuid=01a0ebd5-5127-8040-6384-1d8405365a47&static_fare_key=TY%7CP0%7CH0%7CL0%7CCH0%7CR0%7CTBC0&itinerary_key=pKk5VrkqCpWMSzs-FN2Zeg&expected_price_source=share&expected_price_currency=usd&expected_price=57&marker=741311
42,58,USD,ORD,STL,"St Louis, United States",US,2026-10-29,0,https://www.aviasales.com/search/ORD2910STL1?t=AA17933024401793307420000083ORDSTL_7699a559ee122e51496f4e1fdd036c4a_4918&search_date=28092026&expected_price_uuid=01a0ea49-c46e-8030-adb0-7f360ed98276&static_fare_key=TY%7CP0%7CH0%7CL0%7CCH0%7CR0%7CTBC0&itinerary_key=Ew-oMRMVuoaUe-8HIc97xA&origin_airports=0&expected_price_source=share&expected_price_currency=usd&expected_price=58&marker=741311
43,59,USD,LAS,MFR,"Medford, United States",US,2026-10-16,0,https://www.aviasales.com/search/LAS1610MFR1?t=G417921572201792164600000123LASMFR_9500746d362331c3ab51384fb62992ce_4965&search_date=28092026&expected_price_uuid=01a0e6ba-b617-8040-aab9-9db5e7fe53cb&static_fare_key=TY%7CP0%7CH0%7CL0%7CCH0%7CR0%7CTBC0&itinerary_key=N4mCzMkOQwioDncLhy7FZw&expected_price_source=share&expected_price_currency=usd&expected_price=59&marker=741311
44,59,USD,IAD,TYS,"Knoxville, United States",US,2026-10-04,0,https://www.aviasales.com/search/IAD0410TYS1?t=G417911291801791134460000088IADTYS_bbe0921b879abb2c322d42c688d0d9df_5004&search_date=24092026&expected_price_uuid=01a0d1a4-5d87-8030-2887-5adda095b5cc&static_fare_key=TY%7CP0%7CH0%7CL0%7CCH0%7CR0%7CTBC0&itinerary_key=7yr5Fd5eAPw7ia90F5gdyw&origin_airports=0&expected_price_source=share&expected_price_currency=usd&expected_price=59&marker=741311
45,60,USD,TPA,ILM,"Wilmington, United States",US,2026-10-22,0,https://www.aviasales.com/search/TPA2210ILM1?t=XP17926524001792658640000104TPAILM_b76722885d790af1cfbb6430f7d0c050_5071&search_date=28092026&expected_price_uuid=01a0e849-d08c-8040-6b46-d732a6ee83d8&static_fare_key=TY%7CP0%7CH1%7CL0%7CCH0%7CR0%7CTBC0&itinerary_key=eYmItOvA9BtPHM7gSHxAWQ&expected_price_source=share&expected_price_currency=usd&expected_price=60&marker=741311
47,64,USD,TPA,RIC,"Richmond, United States",US,2026-12-03,0,https://www.aviasales.com/search/TPA0312RIC1?t=MX17962779001796285580000128TPARIC_5b437a460a9dcebb03c11dc3437c9c73_5393&search_date=22092026&expected_price_uuid=01a0ca2e-d500-8040-aa4f-99090b61d7ac&static_fare_key=TY%7CP0%7CH0%7CL0%7CCH0%7CR0%7CTBC0&itinerary_key=fj5R6ToLB5rPhV2DyCSq_g&expected_price_source=share&expected_price_currency=usd&expected_price=64&marker=741311
48,65,USD,TPA,YTO,"Toronto, Canada",CA,2026-11-30,0,https://www.aviasales.com/search/TPA3011YTO1?t=AC17960763001796086320000167TPAYYZ_0b1e846efa47130bfe6d44a936fd857b_5525&search_date=25092026&expected_price_uuid=01a0d70a-96b1-8030-e76f-915c575ec438&static_fare_key=TY%7CP0%7CH0%7CL0%7CCH0%7CR0%7CTBC0&itinerary_key=5VB0L1sXpZ5EAJ-xJQwqeg&expected_price_source=share&expected_price_currency=usd&expected_price=65&marker=741311
49,65,USD,MIA,NAS,"Nassau, Bahamas",BS,2027-02-20,0,https://www.aviasales.com/search/MIA2002NAS1?t=UP18031176001803121200000060MIANAS_c9e3bafada26432171d22914e91817cd_5493&search_date=28092026&expected_price_uuid=01a0e922-f1d9-8030-26d5-de6685c8b943&static_fare_key=TY%7CP0%7CH1%7CL0%7CCH0%7CR0%7CTBC0&itinerary_key=yABGfdezT6z-U8GJx4WMqQ&expected_price_source=share&expected_price_currency=usd&expected_price=65&marker=741311
50,68,USD,FLL,PNS,"Pensacola, United States",US,2026-10-15,0,https://www.aviasales.com/search/FLL1510PNS1?t=MX17920512001792054800000120FLLPNS_fca4ce2321de95f049b1c3dc2159ca2f_5739&search_date=27092026&expected_price_uuid=01a0e098-8aa4-8040-a0d8-6ee745a9142b&static_fare_key=TY%7CP0%7CH0%7CL0%7CCH0%7CR0%7CTBC0&itinerary_key=oaPxOu9NWxz1tpXXfJIPqw&expected_price_source=share&expected_price_currency=usd&expected_price=68&marker=741311
51,68,USD,MCO,CAK,"Akron, United States",US,2026-10-07,0,https://www.aviasales.com/search/MCO0710CAK1?t=MX17914053601791414720000156MCOCAK_0caaaea7bc8b7498192883da01456b02_5736&search_date=27092026&expected_price_uuid=01a0e20d-cca6-8030-ae78-a1cacf0f9efb&static_fare_key=TY%7CP0%7CH0%7CL0%7CCH0%7CR0%7CTBC0&itinerary_key=VWi1fiR6X1bM03SdnUq4Gg&origin_airports=0&expected_price_source=share&expected_price_currency=usd&expected_price=68&marker=741311
52,69,USD,LAX,SAC,"Sacramento, United States",US,2026-10-30,0,https://www.aviasales.com/search/LAX3010SAC1?t=F917933755201793381640000102LAXSMF_90ecd6d31c55095232ab9c4225a4a3af_5831&search_date=29092026&expected_price_uuid=01a0eb4a-cf8f-8040-adaf-e812a99ca4fe&static_fare_key=TY%7CP0%7CH0%7CL0%7CCH0%7CR0%7CTBC0&itinerary_key=sG4_Jy5e5q7Na-O_2Nl9kw&expected_price_source=share&expected_price_currency=usd&expected_price=69&marker=741311
53,69,USD,MIA,CVG,"Cincinnati, United States",US,2026-10-24,1,https://www.aviasales.com/search/MIA2410CVG1?t=F917928183001792838520000337MIAATLCVG_03013e4fe3b32c4b93e10cb0e6975e4e_5831&search_date=29092026&expected_price_uuid=01a0eb19-0323-8040-a889-021cba2428a0&static_fare_key=TY%7CP0%7CH0%7CL0%7CCH0%7CR0%7CTBC0&itinerary_key=EXCY1Dhi9tEmGby8g-MhlQ&expected_price_source=share&expected_price_currency=usd&expected_price=69&marker=741311
54,69,USD,SEA,YYC,"Calgary, Canada",CA,2026-10-06,0,https://www.aviasales.com/search/SEA0610YYC1?t=AS17912737201791283380000101SEAYYC_e97106039a747e17f12ef6cb3edd65cd_5823&search_date=26092026&expected_price_uuid=01a0dbe7-fca9-8030-64d5-eef86634ba4f&static_fare_key=TY%7CP0%7CH1%7CL0%7CCH0%7CR0%7CTBC0&itinerary_key=nlphmWbJYg2ILnUzYGnvdA&expected_price_source=share&expected_price_currency=usd&expected_price=69&marker=741311
55,69,USD,PHX,SOW,"Show Low, United States",US,2026-10-19,0,https://www.aviasales.com/search/PHX1910SOW1?t=VTE17924049001792408500000060PHXSOW_69884a30a4116bd686d2f283ac4288ff_5866&search_date=25092026&expected_price_uuid=01a0d6ac-5429-8040-6a6e-5f49f6c155a8&static_fare_key=TY%7CP0%7CH1%7CL0%7CCH0%7CR0%7CTBC0&itinerary_key=020NeYqjobuASXAY4fAhcA&expected_price_source=share&expected_price_currency=usd&expected_price=69&marker=741311
56,70,USD,IAD,PIT,"Pittsburgh, United States",US,2026-10-03,1,https://www.aviasales.com/search/IAD0310PIT1?t=9X17910159001791033720000297IADDUJPIT_01add35898a02adf1fb7811b3cee86f5_5915&search_date=29092026&expected_price_uuid=01a0eaf0-6936-8040-6628-6c8062213f47&static_fare_key=TY%7CP0%7CH1%7CL0%7CCH0%7CR0%7CTBC0&itinerary_key=sTl3q55Bl_P63I3Ha44IVQ&origin_airports=0&expected_price_source=share&expected_price_currency=usd&expected_price=70&marker=741311
58,70,USD,LAX,STS,"Santa Rosa, United States",US,2026-12-02,0,https://www.aviasales.com/search/LAX0212STS1?t=AS17961948001796201940000119BURSTS_d851f7b2609968f05823f3f822bc3843_5864&search_date=27092026&expected_price_uuid=01a0e3f7-2986-8030-2d57-63c963986893&static_fare_key=TY%7CP0%7CH1%7CL0%7CCH0%7CR0%7CTBC0&itinerary_key=tH2Bo_H66OjcR4fATt-WFw&expected_price_source=share&expected_price_currency=usd&expected_price=70&marker=741311
59,71,USD,LAX,YVR,"Vancouver, Canada",CA,2027-03-02,2,https://www.aviasales.com/search/LAX0203YVR1?t=WS18039708001804007100000545LAXYYCYEGYVR_bebf2a608866297ab4bc4227deeb2a99_5992&search_date=26092026&expected_price_uuid=01a0dd02-e980-8040-2dfa-10174cc997c4&static_fare_key=TY%7CP0%7CH0%7CL0%7CCH0%7CR0%7CTBC0&itinerary_key=FTC4apA4P8kw9mvp84A80Q&expected_price_source=share&expected_price_currency=usd&expected_price=71&marker=741311
60,72,USD,PHL,SJU,"San Juan, Puerto Rico",PR,2026-10-10,0,https://www.aviasales.com/search/PHL1010SJU1?t=F917916354001791649560000236PHLSJU_8dafd4e5459c91864df300004935e396_6085&search_date=28092026&expected_price_uuid=01a0e9c1-5328-8040-670e-d192fa6abcf2&static_fare_key=TY%7CP0%7CH0%7CL0%7CCH0%7CR0%7CTBC0&itinerary_key=sPRO45YReNS8hHhf2P6T6A&expected_price_source=share&expected_price_currency=usd&expected_price=72&marker=741311
61,72,USD,PHX,LSE,"La Crosse, United States",US,2026-11-25,0,https://www.aviasales.com/search/PHX2511LSE1?t=G417955918001795606680000188AZALSE_1eef731c79c594f932dd33eb1c556ad2_6078&search_date=28092026&expected_price_uuid=01a0e5bf-f159-8040-2bfd-64837bd71404&static_fare_key=TY%7CP0%7CH0%7CL0%7CCH0%7CR0%7CTBC0&itinerary_key=C5jDL2aZgyxb47__Q-2F3w&expected_price_source=share&expected_price_currency=usd&expected_price=72&marker=741311
62,73,USD,FLL,SAV,"Savannah, United States",US,2026-10-07,0,https://www.aviasales.com/search/FLL0710SAV1?t=MX17913841201791390000000098FLLSAV_124f92faf08980b3429b3944e43232fc_6158&search_date=27092026&expected_price_uuid=01a0e399-b771-8030-efac-9f22f1d4ee19&static_fare_key=TY%7CP0%7CH0%7CL0%7CCH0%7CR0%7CTBC0&itinerary_key=d98CZTOHtcGlKFotFTIyyw&expected_price_source=share&expected_price_currency=usd&expected_price=73&marker=741311
63,73,USD,PHX,PVU,"Provo, United States",US,2026-10-03,0,https://www.aviasales.com/search/PHX0310PVU1?t=MX17910231601791032640000098PHXPVU_b8f0d46286d9b27fd8644917766edb70_6161&search_date=27092026&expected_price_uuid=01a0e0de-11ba-8040-a42c-5ef9d6f55f9f&static_fare_key=TY%7CP0%7CH0%7CL0%7CCH0%7CR0%7CTBC0&itinerary_key=a5RBvgf-CTiFo3ePxTH_yA&expected_price_source=share&expected_price_currency=usd&expected_price=73&marker=741311
64,74,USD,PHX,GTF,"Great Falls, United States",US,2026-10-01,0,https://www.aviasales.com/search/PHX0110GTF1?t=G417908326001790845260000151AZAGTF_f71125f2215e845e5e16c7c6ba0bfb00_6236&search_date=25092026&expected_price_uuid=01a0d8ab-5763-8030-ae14-9d8f6d3cec0e&static_fare_key=TY%7CP0%7CH0%7CL0%7CCH0%7CR0%7CTBC0&itinerary_key=oEPVKu-oW7ARlPjszPasPw&expected_price_source=share&expected_price_currency=usd&expected_price=74&marker=741311
65,75,USD,IAH,QRO,"Queretaro, Mexico",MX,2026-10-02,0,https://www.aviasales.com/search/IAH0210QRO1?t=Y417909809201790984520000120IAHQRO_1b586eb78269aae5b2ea3eee23a3902c_6363&search_date=23092026&expected_price_uuid=01a0cfe6-0b63-8050-6a85-9523eeaa8510&static_fare_key=TY%7CP1%7CH0%7CL0%7CCH0%7CR0%7CTBC0&itinerary_key=cCc8uRb95LmyIwhkcu87qQ&origin_airports=0&expected_price_source=share&expected_price_currency=usd&expected_price=75&marker=741311
66,78,USD,MCO,CHS,"Charleston, United States",US,2026-10-10,0,https://www.aviasales.com/search/MCO1010CHS1?t=MX17916162001791621480000088MCOCHS_fc1a2b3831f6aff5b081967c360d09d9_6580&search_date=27092026&expected_price_uuid=01a0e360-7624-8040-6f4e-583313a32374&static_fare_key=TY%7CP0%7CH0%7CL0%7CCH0%7CR0%7CTBC0&itinerary_key=93ihWs3c9tIzqhp1YH1pCA&origin_airports=0&expected_price_source=share&expected_price_currency=usd&expected_price=78&marker=741311
67,78,USD,MCO,ABE,"Allentown, United States",US,2026-10-02,0,https://www.aviasales.com/search/MCO0210ABE1?t=G417909707801790980080000155MCOABE_f3f9deb8e48d3caf7f8d350d8f93024e_6572&search_date=22092026&expected_price_uuid=01a0cab7-3c6c-8030-ee2c-29cfb73a8e3b&static_fare_key=TY%7CP0%7CH0%7CL0%7CCH0%7CR0%7CTBC0&itinerary_key=fNL5kfKz3BHe9REXLCvGgA&origin_airports=0&expected_price_source=share&expected_price_currency=usd&expected_price=78&marker=741311
68,79,USD,BOS,LEB,"Lebanon, United States",US,2026-10-05,0,https://www.aviasales.com/search/BOS0510LEB1?t=9K17912092801791213180000065BOSLEB_52aabead03121b6e791f0e97920e5a09_6610&search_date=25092026&expected_price_uuid=01a0da61-5ed8-8030-2971-3957340a3ea9&static_fare_key=TY%7CP0%7CH1%7CL0%7CCH0%7CR0%7CTBC0&itinerary_key=mFqY6LI8Zpqx17E9muN3_Q&expected_price_source=share&expected_price_currency=usd&expected_price=79&marker=741311
70,82,USD,BNA,TUP,"Tupelo, United States",US,2026-10-07,0,https://www.aviasales.com/search/BNA0710TUP1?t=VTE17913711001791375000000065BNATUP_949afecbaece59ffc94cdf340b4abf36_6927&search_date=27092026&expected_price_uuid=01a0e54c-ef89-8030-ae49-abea06260267&static_fare_key=TY%7CP0%7CH1%7CL0%7CCH0%7CR0%7CTBC0&itinerary_key=AeJ19abarzO8Z35KjdCBZw&expected_price_source=share&expected_price_currency=usd&expected_price=82&marker=741311
71,83,USD,TPA,MYR,"Myrtle Beach, United States",US,2026-10-08,0,https://www.aviasales.com/search/TPA0810MYR1?t=MX17914557601791461640000098TPAMYR_0485284d1710b6e984ab04a51d9f8a84_7004&search_date=28092026&expected_price_uuid=01a0e5f0-1de9-8030-62cb-2c28b7921549&static_fare_key=TY%7CP0%7CH0%7CL0%7CCH0%7CR0%7CTBC0&itinerary_key=mmJGL5fIUENlcrYyMlrTKw&expected_price_source=share&expected_price_currency=usd&expected_price=83&marker=741311
72,83,USD,JFK,BDA,"Bermuda, Bermuda",BM,2026-10-27,1,https://www.aviasales.com/search/JFK2710BDA1?t=B617930832001793105400000310JFKBOSBDA_a08dabb7b853f113bc0795606b7981e8_7005&search_date=28092026&expected_price_uuid=01a0e679-54a5-8030-2905-c7df9f02d25b&static_fare_key=TY%7CP0%7CH1%7CL0%7CCH0%7CR0%7CTBC0&itinerary_key=tihr_xJds_wQ7E1BA4XwoA&origin_airports=0&expected_price_source=share&expected_price_currency=usd&expected_price=83&marker=741311
73,84,USD,FLL,MKC,"Kansas City, United States",US,2026-10-05,0,https://www.aviasales.com/search/FLL0510MKC1?marker=741311
74,87,USD,BOS,RUT,"Rutland, United States",US,2026-10-05,0,https://www.aviasales.com/search/BOS0510RUT1?t=9K17912280001791232800000080BOSRUT_f04664eee66185d1f55e988876ac927c_7395&search_date=25092026&expected_price_uuid=01a0d74d-7b30-8030-af91-1845f5cc58fd&static_fare_key=TY%7CP0%7CH0%7CL0%7CCH0%7CR0%7CTBC0&itinerary_key=vQJCJO9GOqwO1Pvku0tFsw&expected_price_source=share&expected_price_currency=usd&expected_price=87&marker=741311
75,90,USD,ATL,PVR,"Puerto Vallarta, Mexico",MX,2026-10-04,1,https://www.aviasales.com/search/ATL0410PVR1?t=Y417911194001791212280001668ATLGDLPVR_f044622c303c374083beb106a09ef331_7632&search_date=24092026&expected_price_uuid=01a0d209-eea9-8030-60f0-22547f3b6f8f&static_fare_key=TY%7CP0%7CH0%7CL0%7CCH0%7CR0%7CTBC0&itinerary_key=YXkJKbVp3_Iv1hZYE7tk4w&expected_price_source=share&expected_price_currency=usd&expected_price=90&marker=741311
76,91,USD,AUS,MEX,"Mexico City, Mexico",MX,2026-11-06,1,https://www.aviasales.com/search/AUS0611MEX1?t=VB17939733001794037260001066AUSMTYNLU_d62016300feec41303c2103fb20084f4_7680&search_date=26092026&expected_price_uuid=01a0de7b-989b-8040-6d33-82fc5da75d89&static_fare_key=TY%7CP0%7CH0%7CL0%7CCH0%7CR0%7CTBC0&itinerary_key=GXsYZtutuSXgSSZ6rdGSuw&expected_price_source=share&expected_price_currency=usd&expected_price=91&marker=741311
77,91,USD,ATL,TUL,"Tulsa, United States",US,2026-10-29,1,https://www.aviasales.com/search/ATL2910TUL1?t=G417932887601793347140001033ATLMCOSFBTUL_8d522b195005a83342ff92f8ff2d3f24_7736&search_date=24092026&expected_price_uuid=01a0d4a8-2863-8040-a603-cb898da6cf4a&static_fare_key=TY%7CP0%7CH0%7CL0%7CCH0%7CR0%7CTBC0&itinerary_key=Js5CeRyPzbYdRIxsjLqdGw&expected_price_source=share&expected_price_currency=usd&expected_price=91&marker=741311
78,91,USD,ORD,UIN,"Quincy, United States",US,2026-10-07,0,https://www.aviasales.com/search/ORD0710UIN1?marker=741311
79,91,USD,FLL,SYR,"Syracuse, United States",US,2026-10-08,0,https://www.aviasales.com/search/FLL0810SYR1?marker=741311
80,92,USD,LAX,PDX,"Portland, United States",US,2026-10-26,1,https://www.aviasales.com/search/LAX2610PDX1?marker=741311
81,94,USD,MCO,BQN,"Aguadilla, Puerto Rico",PR,2026-10-01,0,https://www.aviasales.com/search/MCO0110BQN1?marker=741311
82,97,USD,IAD,BUF,"Buffalo, United States",US,2026-10-22,1,https://www.aviasales.com/search/IAD2210BUF1?marker=741311
83,97,USD,ATL,FYV,"Fayetteville, United States",US,2026-10-29,1,https://www.aviasales.com/search/ATL2910FYV1?marker=741311
84,97,USD,MSP,SRQ,"Sarasota, United States",US,2027-01-17,0,https://www.aviasales.com/search/MSP1701SRQ1?marker=741311
85,97,USD,MCO,ORF,"Norfolk, United States",US,2026-10-02,0,https://www.aviasales.com/search/MCO0210ORF1?marker=741311
86,98,USD,MCO,BDL,"Hartford, United States",US,2026-10-06,1,https://www.aviasales.com/search/MCO0610BDL1?marker=741311
87,99,USD,PDX,PDT,"Pendleton, United States",US,2026-10-05,0,https://www.aviasales.com/search/PDX0510PDT1?marker=741311
88,100,USD,ORD,MBL,"Manistee, United States",US,2026-10-05,0,https://www.aviasales.com/search/ORD0510MBL1?marker=741311
89,100,USD,FLL,DSM,"Des Moines, United States",US,2026-10-01,0,https://www.aviasales.com/search/FLL0110DSM1?marker=741311
90,101,USD,DFW,HOT,"Hot Springs, United States",US,2026-10-07,0,https://www.aviasales.com/search/DFW0710HOT1?marker=741311
91,101,USD,JFK,SXM,"Sint Maarten, Sint Maarten",SX,2026-12-15,1,https://www.aviasales.com/search/JFK1512SXM1?marker=741311
92,103,USD,JFK,OMA,"Omaha, United States",US,2026-12-15,1,https://www.aviasales.com/search/JFK1512OMA1?marker=741311
93,103,USD,TPA,GSP,"Greenville, United States",US,2026-10-04,0,https://www.aviasales.com/search/TPA0410GSP1?marker=741311
94,105,USD,ATL,BHM,"Birmingham, United States",US,2027-02-01,1,https://www.aviasales.com/search/ATL0102BHM1?marker=741311
95,105,USD,BOS,YOW,"Ottawa, Canada",CA,2026-09-30,1,https://www.aviasales.com/search/BOS3009YOW1?marker=741311
96,106,USD,MCO,PVD,"Providence, United States",US,2026-10-10,0,https://www.aviasales.com/search/MCO1010PVD1?marker=741311
97,106,USD,LAX,MCE,"Merced, United States",US,2026-10-03,0,https://www.aviasales.com/search/LAX0310MCE1?marker=741311
98,106,USD,MCO,PSE,"Ponce, Puerto Rico",PR,2026-10-23,0,https://www.aviasales.com/search/MCO2310PSE1?marker=741311
99,106,USD,DEN,CDR,"Chadron, United States",US,2026-10-04,0,https://www.aviasales.com/search/DEN0410CDR1?marker=741311
100,107,USD,TPA,SDF,"Louisville, United States",US,2026-10-24,1,https://www.aviasales.com/search/TPA2410SDF1?marker=741311
101,107,USD,ORD,DLH,"Duluth, United States",US,2026-10-03,0,https://www.aviasales.com/search/ORD0310DLH1?marker=741311
102,107,USD,FLL,HPN,"Westchester County, United States",US,2026-10-02,1,https://www.aviasales.com/search/FLL0210HPN1?marker=741311
103,107,USD,CLT,PKB,"Parkersburg, United States",US,2026-10-06,0,https://www.aviasales.com/search/CLT0610PKB1?marker=741311
104,108,USD,DFW,BJX,"Leon/Guanajuato, Mexico",MX,2026-10-19,0,https://www.aviasales.com/search/DFW1910BJX1?marker=741311
105,110,USD,PHL,FMY,"Fort Myers, United States",US,2026-11-13,0,https://www.aviasales.com/search/PHL1311FMY1?marker=741311
106,110,USD,IAH,MTY,"Monterrey, Mexico",MX,2026-11-01,0,https://www.aviasales.com/search/IAH0111MTY1?marker=741311
107,113,USD,ATL,PBI,"West Palm Beach, United States",US,2026-12-10,1,https://www.aviasales.com/search/ATL1012PBI1?marker=741311
108,113,USD,JFK,ROC,"Rochester, United States",US,2026-10-04,0,https://www.aviasales.com/search/JFK0410ROC1?marker=741311
109,113,USD,FLL,YGK,"Kingston, Canada",CA,2026-12-18,1,https://www.aviasales.com/search/FLL1812YGK1?marker=741311
110,114,USD,PHX,GEG,"Spokane, United States",US,2026-10-26,0,https://www.aviasales.com/search/PHX2610GEG1?marker=741311
111,114,USD,LAX,YEA,"Edmonton, Canada",CA,2026-10-13,1,https://www.aviasales.com/search/LAX1310YEA1?marker=741311
112,114,USD,PHX,GJT,"Grand Junction, United States",US,2026-12-17,1,https://www.aviasales.com/search/PHX1712GJT1?marker=741311
113,115,USD,ORD,ICT,"Wichita, United States",US,2026-10-31,0,https://www.aviasales.com/search/ORD3110ICT1?marker=741311
114,115,USD,MIA,SDQ,"Santo Domingo, Dominican Republic",DO,2027-02-13,0,https://www.aviasales.com/search/MIA1302SDQ1?marker=741311
115,117,USD,LAX,FAT,"Fresno, United States",US,2026-11-06,1,https://www.aviasales.com/search/LAX0611FAT1?marker=741311
116,117,USD,LAX,TUS,"Tucson, United States",US,2026-10-25,0,https://www.aviasales.com/search/LAX2510TUS1?marker=741311
117,119,USD,FLL,AVP,"Wilkes-Barre, United States",US,2026-10-07,0,https://www.aviasales.com/search/FLL0710AVP1?marker=741311
118,120,USD,IAH,VER,"Veracruz, Mexico",MX,2026-11-03,1,https://www.aviasales.com/search/IAH0311VER1?marker=741311
119,121,USD,JFK,CUN,"Cancun, Mexico",MX,2027-01-20,0,https://www.aviasales.com/search/JFK2001CUN1?marker=741311
120,122,USD,LAX,SJD,"San Jose Del Cabo, Mexico",MX,2026-11-08,2,https://www.aviasales.com/search/LAX0811SJD1?marker=741311
121,123,USD,PHX,ELP,"El Paso, United States",US,2026-10-09,0,https://www.aviasales.com/search/PHX0910ELP1?marker=741311
122,123,USD,MCO,MEM,"Memphis, United States",US,2026-10-27,0,https://www.aviasales.com/search/MCO2710MEM1?marker=741311
123,124,USD,LAX,GFK,"Grand Forks, United States",US,2026-11-11,1,https://www.aviasales.com/search/LAX1111GFK1?marker=741311
124,125,USD,ORD,OKC,"Oklahoma City, United States",US,2026-10-20,1,https://www.aviasales.com/search/ORD2010OKC1?marker=741311
125,126,USD,DEN,SAT,"San Antonio, United States",US,2026-12-24,0,https://www.aviasales.com/search/DEN2412SAT1?marker=741311
126,130,USD,IAD,STT,"Saint Thomas, U.S. Virgin Islands",VI,2026-12-28,0,https://www.aviasales.com/search/IAD2812STT1?marker=741311
127,132,USD,IAH,ABQ,"Albuquerque, United States",US,2026-10-10,0,https://www.aviasales.com/search/IAH1010ABQ1?marker=741311
128,132,USD,LAX,GUA,"Guatemala City, Guatemala",GT,2027-01-31,0,https://www.aviasales.com/search/LAX3101GUA1?marker=741311
129,132,USD,PHX,ATW,"Appleton, United States",US,2026-10-16,0,https://www.aviasales.com/search/PHX1610ATW1?marker=741311
130,133,USD,FLL,YMQ,"Montreal, Canada",CA,2026-11-19,1,https://www.aviasales.com/search/FLL1911YMQ1?marker=741311
131,134,USD,MCO,PWM,"Portland, United States",US,2027-02-26,1,https://www.aviasales.com/search/MCO2602PWM1?marker=741311
132,134,USD,MIA,PUJ,"Punta Cana, Dominican Republic",DO,2026-10-30,0,https://www.aviasales.com/search/MIA3010PUJ1?marker=741311
133,135,USD,LAS,PGA,"Page, United States",US,2026-10-02,0,https://www.aviasales.com/search/LAS0210PGA1?marker=741311
134,135,USD,ORD,DEC,"Decatur, United States",US,2026-10-08,0,https://www.aviasales.com/search/ORD0810DEC1?marker=741311
135,135,USD,MCO,ISP,"Islip, United States",US,2026-10-15,0,https://www.aviasales.com/search/MCO1510ISP1?marker=741311
136,135,USD,FLL,GYE,"Guayaquil, Ecuador",EC,2026-10-09,0,https://www.aviasales.com/search/FLL0910GYE1?marker=741311
137,135,USD,DEN,BFF,"Scottsbluff, United States",US,2026-10-05,0,https://www.aviasales.com/search/DEN0510BFF1?marker=741311
138,135,USD,MSP,YXE,"Saskatoon, Canada",CA,2026-11-28,1,https://www.aviasales.com/search/MSP2811YXE1?marker=741311
139,136,USD,MIA,MID,"Merida, Mexico",MX,2026-10-23,1,https://www.aviasales.com/search/MIA2310MID1?marker=741311
140,136,USD,SEA,YLW,"Kelowna, Canada",CA,2026-10-06,1,https://www.aviasales.com/search/SEA0610YLW1?marker=741311
141,137,USD,DEN,CNM,"Carlsbad, United States",US,2026-10-05,0,https://www.aviasales.com/search/DEN0510CNM1?marker=741311
142,139,USD,MIA,LIM,"Lima, Peru",PE,2027-01-19,1,https://www.aviasales.com/search/MIA1901LIM1?marker=741311
143,139,USD,SEA,YWG,"Winnipeg, Canada",CA,2026-10-19,2,https://www.aviasales.com/search/SEA1910YWG1?marker=741311
144,140,USD,MIA,SAL,"San Salvador, El Salvador",SV,2026-10-24,1,https://www.aviasales.com/search/MIA2410SAL1?marker=741311
145,140,USD,SEA,ANC,"Anchorage, United States",US,2026-10-02,0,https://www.aviasales.com/search/SEA0210ANC1?marker=741311
146,140,USD,ATL,AVL,"Asheville, United States",US,2026-10-05,1,https://www.aviasales.com/search/ATL0510AVL1?marker=741311
147,140,USD,IAD,LYH,"Lynchburg, United States",US,2026-10-08,0,https://www.aviasales.com/search/IAD0810LYH1?marker=741311
148,141,USD,FLL,GRR,"Grand Rapids, United States",US,2026-12-29,0,https://www.aviasales.com/search/FLL2912GRR1?marker=741311
149,141,USD,AUS,LAP,"La Paz, Mexico",MX,2026-10-07,2,https://www.aviasales.com/search/AUS0710LAP1?marker=741311
150,143,USD,JFK,STI,"Santiago, Dominican Republic",DO,2026-10-27,1,https://www.aviasales.com/search/JFK2710STI1?marker=741311
151,143,USD,DEN,ALS,"Alamosa, United States",US,2026-10-05,0,https://www.aviasales.com/search/DEN0510ALS1?marker=741311
152,145,USD,SFO,HNL,"Honolulu, United States",US,2026-11-15,0,https://www.aviasales.com/search/SFO1511HNL1?marker=741311
153,145,USD,LAX,LIT,"Little Rock, United States",US,2026-10-23,1,https://www.aviasales.com/search/LAX2310LIT1?marker=741311
154,145,USD,JFK,LON,"London, United Kingdom",GB,2026-10-20,0,https://www.aviasales.com/search/JFK2010LON1?marker=741311
155,146,USD,SEA,BOI,"Boise, United States",US,2026-10-02,2,https://www.aviasales.com/search/SEA0210BOI1?marker=741311
156,147,USD,DFW,SLP,"San Luis Potosi, Mexico",MX,2026-09-30,1,https://www.aviasales.com/search/DFW3009SLP1?marker=741311
157,147,USD,DEN,LIR,"Liberia, Costa Rica",CR,2027-02-01,1,https://www.aviasales.com/search/DEN0102LIR1?marker=741311
158,147,USD,JFK,GEO,"Georgetown, Guyana",GY,2027-02-25,0,https://www.aviasales.com/search/JFK2502GEO1?marker=741311
159,147,USD,TPA,HGR,"Hagerstown, United States",US,2026-10-08,0,https://www.aviasales.com/search/TPA0810HGR1?marker=741311
160,148,USD,MIA,HAV,"Havana, Cuba",CU,2026-12-30,1,https://www.aviasales.com/search/MIA3012HAV1?marker=741311
161,148,USD,MCO,FPO,"Freeport, Bahamas",BS,2026-10-26,1,https://www.aviasales.com/search/MCO2610FPO1?marker=741311
162,149,USD,FLL,MBJ,"Montego Bay, Jamaica",JM,2026-10-30,1,https://www.aviasales.com/search/FLL3010MBJ1?marker=741311
163,150,USD,JFK,ATH,"Athens, Greece",GR,2026-10-18,0,https://www.aviasales.com/search/JFK1810ATH1?marker=741311
164,150,USD,JFK,BAQ,"Barranquilla, Colombia",CO,2027-02-05,1,https://www.aviasales.com/search/JFK0502BAQ1?marker=741311
165,151,USD,FLL,ALB,"Albany, United States",US,2026-10-01,0,https://www.aviasales.com/search/FLL0110ALB1?marker=741311
166,151,USD,ATL,TLH,"Tallahassee, United States",US,2026-10-03,1,https://www.aviasales.com/search/ATL0310TLH1?marker=741311
167,152,USD,DEN,CEZ,"Cortez, United States",US,2026-10-06,0,https://www.aviasales.com/search/DEN0610CEZ1?marker=741311
168,152,USD,PHL,CYS,"Cheyenne, United States",US,2026-10-26,1,https://www.aviasales.com/search/PHL2610CYS1?marker=741311
169,153,USD,ATL,SGF,"Springfield, United States",US,2026-10-29,1,https://www.aviasales.com/search/ATL2910SGF1?marker=741311
170,153,USD,LAS,AEX,"Alexandria, United States",US,2026-11-21,1,https://www.aviasales.com/search/LAS2111AEX1?marker=741311
171,154,USD,MCO,GSO,"Greensboro, United States",US,2026-10-02,0,https://www.aviasales.com/search/MCO0210GSO1?marker=741311
172,154,USD,PDX,GPT,"Gulfport, United States",US,2026-10-02,1,https://www.aviasales.com/search/PDX0210GPT1?marker=741311
173,155,USD,PHX,BZN,"Bozeman, United States",US,2026-10-24,1,https://www.aviasales.com/search/PHX2410BZN1?marker=741311
174,155,USD,JFK,SVD,"St Vincent, Saint Vincent and the Grenadines",VC,2026-10-26,2,https://www.aviasales.com/search/JFK2610SVD1?marker=741311
175,156,USD,MSP,IWD,"Ironwood, United States",US,2026-10-09,0,https://www.aviasales.com/search/MSP0910IWD1?marker=741311
176,156,USD,IAD,MOB,"Mobile, United States",US,2026-10-15,0,https://www.aviasales.com/search/IAD1510MOB1?marker=741311
177,156,USD,PHL,SUX,"Sioux City, United States",US,2026-10-17,1,https://www.aviasales.com/search/PHL1710SUX1?marker=741311
178,157,USD,ATL,MDE,"Medellin, Colombia",CO,2026-10-19,1,https://www.aviasales.com/search/ATL1910MDE1?marker=741311
179,159,USD,JFK,AUA,"Oranjestad, Aruba",AW,2027-02-20,0,https://www.aviasales.com/search/JFK2002AUA1?marker=741311
180,160,USD,SFO,KOA,"Kailua-Kona, United States",US,2026-10-12,0,https://www.aviasales.com/search/SFO1210KOA1?marker=741311
181,162,USD,ORD,MLM,"Morelia, Mexico",MX,2026-10-07,1,https://www.aviasales.com/search/ORD0710MLM1?marker=741311
182,163,USD,IAD,SCE,"State College, United States",US,2026-10-09,0,https://www.aviasales.com/search/IAD0910SCE1?marker=741311
183,164,USD,JFK,ROM,"Rome, Italy",IT,2026-10-18,0,https://www.aviasales.com/search/JFK1810ROM1?marker=741311
184,164,USD,IAD,TRC,"Torreon, Mexico",MX,2026-11-10,3,https://www.aviasales.com/search/IAD1011TRC1?marker=741311
185,165,USD,SEA,JNU,"Juneau, United States",US,2026-11-12,0,https://www.aviasales.com/search/SEA1211JNU1?marker=741311
186,166,USD,BOS,BHB,"Bar Harbor, United States",US,2026-10-06,0,https://www.aviasales.com/search/BOS0610BHB1?marker=741311
187,166,USD,LAS,TIJ,"Tijuana, Mexico",MX,2026-10-16,1,https://www.aviasales.com/search/LAS1610TIJ1?marker=741311
188,167,USD,SEA,LIH,"Kauai Island, United States",US,2026-10-01,0,https://www.aviasales.com/search/SEA0110LIH1?marker=741311
189,167,USD,IAD,YQR,"Regina, Canada",CA,2026-11-22,1,https://www.aviasales.com/search/IAD2211YQR1?marker=741311
190,167,USD,SAN,PSC,"Pasco, United States",US,2026-10-07,1,https://www.aviasales.com/search/SAN0710PSC1?marker=741311
191,168,USD,DCA,GNV,"Gainesville, United States",US,2026-11-13,2,https://www.aviasales.com/search/DCA1311GNV1?marker=741311
192,169,USD,BNA,OWB,"Owensboro, United States",US,2026-10-08,2,https://www.aviasales.com/search/BNA0810OWB1?marker=741311
193,170,USD,PHL,PSP,"Palm Springs, United States",US,2026-11-18,1,https://www.aviasales.com/search/PHL1811PSP1?marker=741311
194,172,USD,LAX,FAR,"Fargo, United States",US,2026-10-04,1,https://www.aviasales.com/search/LAX0410FAR1?marker=741311
195,173,USD,MIA,CTG,"Cartagena, Colombia",CO,2026-11-17,1,https://www.aviasales.com/search/MIA1711CTG1?marker=741311
196,173,USD,MIA,ACA,"Acapulco, Mexico",MX,2026-10-04,1,https://www.aviasales.com/search/MIA0410ACA1?marker=741311
197,174,USD,SEA,YKM,"Yakima, United States",US,2026-10-20,0,https://www.aviasales.com/search/SEA2010YKM1?marker=741311
198,175,USD,BOS,OAX,"Oaxaca, Mexico",MX,2026-10-24,3,https://www.aviasales.com/search/BOS2410OAX1?marker=741311
199,176,USD,LAS,MRY,"Monterey, United States",US,2026-10-05,0,https://www.aviasales.com/search/LAS0510MRY1?marker=741311
200,176,USD,JFK,CLO,"Cali, Colombia",CO,2026-10-24,2,https://www.aviasales.com/search/JFK2410CLO1?marker=741311
201,178,USD,ATL,DAY,"Dayton, United States",US,2026-10-19,1,https://www.aviasales.com/search/ATL1910DAY1?marker=741311
202,178,USD,LAS,LTO,"Loreto, Mexico",MX,2027-01-11,1,https://www.aviasales.com/search/LAS1101LTO1?marker=741311
203,179,USD,CLT,IRK,"Kirksville, United States",US,2026-10-07,2,https://www.aviasales.com/search/CLT0710IRK1?marker=741311
204,180,USD,SAN,MLB,"Melbourne, United States",US,2026-10-29,1,https://www.aviasales.com/search/SAN2910MLB1?marker=741311
205,181,USD,LAX,OGG,"Kahului, United States",US,2026-09-30,0,https://www.aviasales.com/search/LAX3009OGG1?marker=741311
206,181,USD,SFO,YYJ,"Victoria, Canada",CA,2027-02-20,1,https://www.aviasales.com/search/SFO2002YYJ1?marker=741311
207,183,USD,ATL,MKG,"Muskegon, United States",US,2026-10-13,1,https://www.aviasales.com/search/ATL1310MKG1?marker=741311
208,184,USD,LAS,BOG,"Bogota, Colombia",CO,2026-10-12,1,https://www.aviasales.com/search/LAS1210BOG1?marker=741311
209,184,USD,DEN,LAR,"Laramie, United States",US,2026-10-03,0,https://www.aviasales.com/search/DEN0310LAR1?marker=741311
210,185,USD,JFK,MIL,"Milan, Italy",IT,2026-10-20,1,https://www.aviasales.com/search/JFK2010MIL1?marker=741311
211,185,USD,DEN,LBF,"North Platte, United States",US,2026-10-03,0,https://www.aviasales.com/search/DEN0310LBF1?marker=741311
212,185,USD,TPA,HAR,"Harrisburg, United States",US,2026-10-09,0,https://www.aviasales.com/search/TPA0910HAR1?marker=741311
213,186,USD,JFK,BCN,"Barcelona, Spain",ES,2026-10-20,1,https://www.aviasales.com/search/JFK2010BCN1?marker=741311
214,186,USD,JFK,VCE,"Venice, Italy",IT,2026-10-20,1,https://www.aviasales.com/search/JFK2010VCE1?marker=741311
215,186,USD,RDU,CRW,"Charleston, United States",US,2026-10-03,1,https://www.aviasales.com/search/RDU0310CRW1?marker=741311
216,188,USD,BNA,EVV,"Evansville, United States",US,2026-10-06,1,https://www.aviasales.com/search/BNA0610EVV1?marker=741311
217,188,USD,JFK,ALC,"Alicante, Spain",ES,2026-10-18,1,https://www.aviasales.com/search/JFK1810ALC1?marker=741311
218,189,USD,FLL,SAP,"San Pedro Sula, Honduras",HN,2027-01-31,0,https://www.aviasales.com/search/FLL3101SAP1?marker=741311
219,190,USD,JFK,SOF,"Sofia, Bulgaria",BG,2026-10-20,1,https://www.aviasales.com/search/JFK2010SOF1?marker=741311
220,190,USD,SEA,OSL,"Oslo, Norway",NO,2026-10-11,1,https://www.aviasales.com/search/SEA1110OSL1?marker=741311
221,190,USD,CLT,SBY,"Salisbury-Ocean City, United States",US,2026-10-07,1,https://www.aviasales.com/search/CLT0710SBY1?marker=741311
222,191,USD,ORD,LCH,"Lake Charles, United States",US,2026-09-29,1,https://www.aviasales.com/search/ORD2909LCH1?marker=741311
223,191,USD,FLL,IAG,"Niagara Falls, United States",US,2026-12-21,1,https://www.aviasales.com/search/FLL2112IAG1?marker=741311
224,192,USD,BOS,BGI,"Bridgetown, Barbados",BB,2026-10-03,1,https://www.aviasales.com/search/BOS0310BGI1?marker=741311
225,194,USD,BOS,YHZ,"Halifax, Canada",CA,2027-03-17,1,https://www.aviasales.com/search/BOS1703YHZ1?marker=741311
226,194,USD,FLL,PLS,"Providenciales, Turks and Caicos Islands",TC,2027-02-01,1,https://www.aviasales.com/search/FLL0102PLS1?marker=741311
227,194,USD,BOS,PQI,"Presque Isle, United States",US,2026-10-09,0,https://www.aviasales.com/search/BOS0910PQI1?marker=741311
228,194,USD,PHX,SPI,"Springfield, United States",US,2026-10-27,2,https://www.aviasales.com/search/PHX2710SPI1?marker=741311
229,195,USD,JFK,SLK,"Saranac Lake, United States",US,2026-10-05,0,https://www.aviasales.com/search/JFK0510SLK1?marker=741311
230,196,USD,PHL,MKE,"Milwaukee, United States",US,2026-10-29,1,https://www.aviasales.com/search/PHL2910MKE1?marker=741311
231,196,USD,MIA,BUE,"Buenos Aires, Argentina",AR,2026-11-27,1,https://www.aviasales.com/search/MIA2711BUE1?marker=741311
232,196,USD,JFK,KIN,"Kingston, Jamaica",JM,2027-02-15,2,https://www.aviasales.com/search/JFK1502KIN1?marker=741311
233,197,USD,MIA,EIS,"Beef Island, British Virgin Islands",VG,2026-10-22,1,https://www.aviasales.com/search/MIA2210EIS1?marker=741311
234,197,USD,LAX,PRC,"Prescott, United States",US,2026-10-03,0,https://www.aviasales.com/search/LAX0310PRC1?marker=741311
235,199,USD,RDU,BKW,"Beckley, United States",US,2026-10-07,2,https://www.aviasales.com/search/RDU0710BKW1?marker=741311
236,199,USD,SEA,MSO,"Missoula, United States",US,2026-10-02,0,https://www.aviasales.com/search/SEA0210MSO1?marker=741311
237,199,USD,TPA,VRB,"Vero Beach, United States",US,2026-10-08,1,https://www.aviasales.com/search/TPA0810VRB1?marker=741311
238,200,USD,JFK,SJO,"San Jose, Costa Rica",CR,2026-12-15,0,https://www.aviasales.com/search/JFK1512SJO1?marker=741311
239,200,USD,MIA,CAP,"Cap Haitien, Haiti",HT,2026-12-04,0,https://www.aviasales.com/search/MIA0412CAP1?marker=741311
240,200,USD,JFK,BUD,"Budapest, Hungary",HU,2026-10-18,1,https://www.aviasales.com/search/JFK1810BUD1?marker=741311
241,201,USD,JFK,TIV,"Tivat, Montenegro",ME,2026-10-20,1,https://www.aviasales.com/search/JFK2010TIV1?marker=741311
242,202,USD,MIA,PTY,"Panama City, Panama",PA,2026-12-05,1,https://www.aviasales.com/search/MIA0512PTY1?marker=741311
243,202,USD,SFO,ACV,"Arcata, United States",US,2026-10-08,0,https://www.aviasales.com/search/SFO0810ACV1?marker=741311
244,203,USD,SAN,SBA,"Santa Barbara, United States",US,2026-10-08,0,https://www.aviasales.com/search/SAN0810SBA1?marker=741311
245,203,USD,JFK,NCE,"Nice, France",FR,2026-10-18,1,https://www.aviasales.com/search/JFK1810NCE1?marker=741311
246,203,USD,PHL,HVN,"New Haven, United States",US,2026-10-03,1,https://www.aviasales.com/search/PHL0310HVN1?marker=741311
247,203,USD,JFK,PMI,"Palma, Spain",ES,2026-10-21,1,https://www.aviasales.com/search/JFK2110PMI1?marker=741311
248,203,USD,IAH,TGZ,"Tuxtla Gutierrez, Mexico",MX,2026-10-04,1,https://www.aviasales.com/search/IAH0410TGZ1?marker=741311
249,204,USD,IAH,BRO,"Brownsville, United States",US,2026-10-02,0,https://www.aviasales.com/search/IAH0210BRO1?marker=741311
250,204,USD,ORD,CID,"Cedar Rapids, United States",US,2026-10-03,0,https://www.aviasales.com/search/ORD0310CID1?marker=741311
251,204,USD,ORD,FNT,"Flint, United States",US,2026-10-02,0,https://www.aviasales.com/search/ORD0210FNT1?marker=741311
252,205,USD,ORD,TVC,"Traverse City, United States",US,2026-10-04,0,https://www.aviasales.com/search/ORD0410TVC1?marker=741311
253,205,USD,PHL,PGD,"Punta Gorda, United States",US,2026-11-02,3,https://www.aviasales.com/search/PHL0211PGD1?marker=741311
254,206,USD,ORD,ZCL,"Zacatecas, Mexico",MX,2026-10-26,1,https://www.aviasales.com/search/ORD2610ZCL1?marker=741311
255,207,USD,MCO,PAR,"Paris, France",FR,2026-10-07,1,https://www.aviasales.com/search/MCO0710PAR1?marker=741311
256,207,USD,FLL,CHO,"Charlottesville, United States",US,2026-10-17,1,https://www.aviasales.com/search/FLL1710CHO1?marker=741311
257,207,USD,JFK,POS,"Port Of Spain, Trinidad and Tobago",TT,2026-10-12,0,https://www.aviasales.com/search/JFK1210POS1?marker=741311
258,208,USD,IAD,HSV,"Huntsville, United States",US,2026-10-06,0,https://www.aviasales.com/search/IAD0610HSV1?marker=741311
259,208,USD,IAD,CAE,"Columbia, United States",US,2026-10-05,0,https://www.aviasales.com/search/IAD0510CAE1?marker=741311
260,208,USD,DEN,DRO,"Durango, United States",US,2026-10-07,0,https://www.aviasales.com/search/DEN0710DRO1?marker=741311
261,208,USD,DEN,FSD,"Sioux Falls, United States",US,2026-10-08,0,https://www.aviasales.com/search/DEN0810FSD1?marker=741311
262,208,USD,JFK,DAB,"Daytona Beach, United States",US,2026-10-13,1,https://www.aviasales.com/search/JFK1310DAB1?marker=741311
263,208,USD,DEN,ASE,"Aspen, United States",US,2026-10-07,0,https://www.aviasales.com/search/DEN0710ASE1?marker=741311
264,212,USD,DEN,AMA,"Amarillo, United States",US,2026-10-08,1,https://www.aviasales.com/search/DEN0810AMA1?marker=741311
265,213,USD,JFK,VIE,"Vienna, Austria",AT,2026-10-13,1,https://www.aviasales.com/search/JFK1310VIE1?marker=741311
266,215,USD,JFK,DUB,"Dublin, Ireland",IE,2026-11-17,1,https://www.aviasales.com/search/JFK1711DUB1?marker=741311
267,215,USD,JFK,DLM,"Dalaman, Turkiye",TR,2026-10-20,1,https://www.aviasales.com/search/JFK2010DLM1?marker=741311
268,215,USD,JFK,TIA,"Tirana, Albania",AL,2026-10-15,2,https://www.aviasales.com/search/JFK1510TIA1?marker=741311
269,215,USD,DEN,CNY,"Moab, United States",US,2026-10-07,0,https://www.aviasales.com/search/DEN0710CNY1?marker=741311
270,216,USD,MIA,TQO,"Tulum, Mexico",MX,2026-10-09,2,https://www.aviasales.com/search/MIA0910TQO1?marker=741311
271,216,USD,DEN,CPR,"Casper, United States",US,2026-10-04,0,https://www.aviasales.com/search/DEN0410CPR1?marker=741311
272,218,USD,ORD,LEX,"Lexington, United States",US,2026-10-07,0,https://www.aviasales.com/search/ORD0710LEX1?marker=741311
273,218,USD,ORD,PIA,"Peoria, United States",US,2026-10-06,0,https://www.aviasales.com/search/ORD0610PIA1?marker=741311
274,218,USD,MCO,DBV,"Dubrovnik, Croatia",HR,2026-10-09,1,https://www.aviasales.com/search/MCO0910DBV1?marker=741311
275,218,USD,IAD,MHT,"Manchester, United States",US,2026-10-05,0,https://www.aviasales.com/search/IAD0510MHT1?marker=741311
276,218,USD,PHL,FAI,"Fairbanks, United States",US,2026-10-06,1,https://www.aviasales.com/search/PHL0610FAI1?marker=741311
277,218,USD,LAX,BFL,"Bakersfield, United States",US,2026-10-08,0,https://www.aviasales.com/search/LAX0810BFL1?marker=741311
278,219,USD,ORD,PBC,"Puebla, Mexico",MX,2026-10-23,1,https://www.aviasales.com/search/ORD2310PBC1?marker=741311
279,219,USD,MIA,GGT,"George Town, Bahamas",BS,2026-11-15,1,https://www.aviasales.com/search/MIA1511GGT1?marker=741311
280,219,USD,MCO,GVA,"Geneva, Switzerland",CH,2026-10-15,1,https://www.aviasales.com/search/MCO1510GVA1?marker=741311
281,219,USD,IAH,CRP,"Corpus Christi, United States",US,2026-10-04,0,https://www.aviasales.com/search/IAH0410CRP1?marker=741311
282,221,USD,JFK,BTS,"Bratislava, Slovakia",SK,2026-10-04,2,https://www.aviasales.com/search/JFK0410BTS1?marker=741311
283,221,USD,LAX,HMO,"Hermosillo, Mexico",MX,2026-10-09,1,https://www.aviasales.com/search/LAX0910HMO1?marker=741311
284,221,USD,LAX,CEB,"Cebu City, Philippines",PH,2026-11-04,0,https://www.aviasales.com/search/LAX0411CEB1?marker=741311
285,222,USD,LAX,SUN,"Sun Valley, United States",US,2027-01-21,1,https://www.aviasales.com/search/LAX2101SUN1?marker=741311
286,223,USD,AUS,YUM,"Yuma, United States",US,2026-10-20,1,https://www.aviasales.com/search/AUS2010YUM1?marker=741311
287,223,USD,DEN,IDA,"Idaho Falls, United States",US,2026-10-07,0,https://www.aviasales.com/search/DEN0710IDA1?marker=741311
288,224,USD,JFK,ZRH,"Zurich, Switzerland",CH,2026-10-03,1,https://www.aviasales.com/search/JFK0310ZRH1?marker=741311
289,224,USD,JFK,CPH,"Copenhagen, Denmark",DK,2026-10-25,1,https://www.aviasales.com/search/JFK2510CPH1?marker=741311
290,224,USD,JFK,NAP,"Naples, Italy",IT,2026-10-15,1,https://www.aviasales.com/search/JFK1510NAP1?marker=741311
291,224,USD,MCO,PBG,"Plattsburgh, United States",US,2026-10-04,2,https://www.aviasales.com/search/MCO0410PBG1?marker=741311
292,225,USD,ORD,MNL,"Manila, Philippines",PH,2026-10-06,1,https://www.aviasales.com/search/ORD0610MNL1?marker=741311
293,225,USD,JFK,REU,"Reus, Spain",ES,2026-10-20,1,https://www.aviasales.com/search/JFK2010REU1?marker=741311
294,227,USD,ORD,CMX,"Hancock, United States",US,2026-10-05,0,https://www.aviasales.com/search/ORD0510CMX1?marker=741311
295,227,USD,JFK,LIS,"Lisbon, Portugal",PT,2026-10-18,1,https://www.aviasales.com/search/JFK1810LIS1?marker=741311
296,229,USD,MCO,BER,"Berlin, Germany",DE,2026-12-03,1,https://www.aviasales.com/search/MCO0312BER1?marker=741311
297,229,USD,ORD,MFE,"McAllen, United States",US,2026-12-17,1,https://www.aviasales.com/search/ORD1712MFE1?marker=741311
298,229,USD,JFK,ACK,"Nantucket, United States",US,2026-10-02,1,https://www.aviasales.com/search/JFK0210ACK1?marker=741311
299,229,USD,JFK,GCM,"Georgetown, Cayman Islands",KY,2027-02-20,1,https://www.aviasales.com/search/JFK2002GCM1?marker=741311
300,230,USD,JFK,FLR,"Florence, Italy",IT,2026-10-21,2,https://www.aviasales.com/search/JFK2110FLR1?marker=741311
301,231,USD,JFK,EDI,"Edinburgh, United Kingdom",GB,2026-10-14,0,https://www.aviasales.com/search/JFK1410EDI1?marker=741311
302,232,USD,MCO,WAW,"Warsaw, Poland",PL,2026-10-07,2,https://www.aviasales.com/search/MCO0710WAW1?marker=741311
303,232,USD,JFK,RAK,"Marrakech, Morocco",MA,2026-10-12,1,https://www.aviasales.com/search/JFK1210RAK1?marker=741311
304,233,USD,ORD,LNK,"Lincoln, United States",US,2026-10-06,1,https://www.aviasales.com/search/ORD0610LNK1?marker=741311
305,233,USD,IAH,HRL,"Harlingen, United States",US,2026-09-30,1,https://www.aviasales.com/search/IAH3009HRL1?marker=741311
306,234,USD,PHL,MSN,"Madison, United States",US,2026-09-30,0,https://www.aviasales.com/search/PHL3009MSN1?marker=741311
307,234,USD,LAX,AGU,"Aguascalientes, Mexico",MX,2026-10-02,2,https://www.aviasales.com/search/LAX0210AGU1?marker=741311
308,235,USD,DEN,GCC,"Gillette, United States",US,2026-10-07,0,https://www.aviasales.com/search/DEN0710GCC1?marker=741311
309,236,USD,SEA,FRA,"Frankfurt, Germany",DE,2026-10-19,1,https://www.aviasales.com/search/SEA1910FRA1?marker=741311
310,236,USD,LAX,UIO,"Quito, Ecuador",EC,2026-11-10,1,https://www.aviasales.com/search/LAX1011UIO1?marker=741311
311,236,USD,SLC,EUG,"Eugene, United States",US,2026-10-03,1,https://www.aviasales.com/search/SLC0310EUG1?marker=741311
312,237,USD,PHL,LBB,"Lubbock, United States",US,2026-12-24,1,https://www.aviasales.com/search/PHL2412LBB1?marker=741311
313,237,USD,SEA,EAT,"Wenatchee, United States",US,2026-10-08,0,https://www.aviasales.com/search/SEA0810EAT1?marker=741311
314,237,USD,IAH,ABI,"Abilene, United States",US,2026-10-08,1,https://www.aviasales.com/search/IAH0810ABI1?marker=741311
315,238,USD,LAX,SGU,"Saint George, United States",US,2026-10-08,0,https://www.aviasales.com/search/LAX0810SGU1?marker=741311
316,238,USD,IAH,CUL,"Culiacan, Mexico",MX,2026-10-08,2,https://www.aviasales.com/search/IAH0810CUL1?marker=741311
317,239,USD,JFK,PRG,"Prague, Czech Republic",CZ,2026-10-23,1,https://www.aviasales.com/search/JFK2310PRG1?marker=741311
318,239,USD,JFK,BRU,"Brussels, Belgium",BE,2026-10-20,1,https://www.aviasales.com/search/JFK2010BRU1?marker=741311
319,239,USD,JFK,SKP,"Skopje, North Macedonia",MK,2026-10-04,2,https://www.aviasales.com/search/JFK0410SKP1?marker=741311
320,239,USD,LAX,MAM,"Matamoros, Mexico",MX,2026-10-08,2,https://www.aviasales.com/search/LAX0810MAM1?marker=741311
321,240,USD,JFK,IST,"Istanbul, Turkiye",TR,2026-10-13,1,https://www.aviasales.com/search/JFK1310IST1?marker=741311
322,240,USD,JFK,BEG,"Belgrade, Serbia",RS,2026-10-12,1,https://www.aviasales.com/search/JFK1210BEG1?marker=741311
323,240,USD,ORD,ERI,"Erie, United States",US,2026-10-06,1,https://www.aviasales.com/search/ORD0610ERI1?marker=741311
324,240,USD,ORD,ECP,"Panama City, United States",US,2026-11-15,1,https://www.aviasales.com/search/ORD1511ECP1?marker=741311
325,241,USD,IAD,YYT,"St. John's, Canada",CA,2026-10-04,1,https://www.aviasales.com/search/IAD0410YYT1?marker=741311
326,243,USD,JFK,TGD,"Podgorica, Montenegro",ME,2026-10-10,1,https://www.aviasales.com/search/JFK1010TGD1?marker=741311
327,244,USD,SAN,COS,"Colorado Springs, United States",US,2026-10-08,1,https://www.aviasales.com/search/SAN0810COS1?marker=741311
328,244,USD,SFO,SGN,"Ho Chi Minh City, Vietnam",VN,2026-10-13,1,https://www.aviasales.com/search/SFO1310SGN1?marker=741311
329,244,USD,SFO,BLI,"Bellingham, United States",US,2026-10-03,1,https://www.aviasales.com/search/SFO0310BLI1?marker=741311
330,245,USD,JFK,AMS,"Amsterdam, Netherlands",NL,2026-10-13,1,https://www.aviasales.com/search/JFK1310AMS1?marker=741311
331,245,USD,SEA,GDN,"Gdansk, Poland",PL,2026-10-31,2,https://www.aviasales.com/search/SEA3110GDN1?marker=741311
332,246,USD,RDU,MAN,"Manchester, United Kingdom",GB,2027-01-18,2,https://www.aviasales.com/search/RDU1801MAN1?marker=741311
333,246,USD,MIA,SAO,"Sao Paulo, Brazil",BR,2026-11-16,1,https://www.aviasales.com/search/MIA1611SAO1?marker=741311
334,246,USD,BOS,CZM,"Cozumel, Mexico",MX,2026-11-16,2,https://www.aviasales.com/search/BOS1611CZM1?marker=741311
335,247,USD,LAX,CTM,"Chetumal, Mexico",MX,2026-11-27,2,https://www.aviasales.com/search/LAX2711CTM1?marker=741311
336,248,USD,JFK,RMO,"Chisinau, Moldova",MD,2026-10-19,1,https://www.aviasales.com/search/JFK1910RMO1?marker=741311
337,248,USD,JFK,RTB,"Roatan, Honduras",HN,2026-11-24,1,https://www.aviasales.com/search/JFK2411RTB1?marker=741311
338,248,USD,SFO,HAN,"Hanoi, Vietnam",VN,2026-10-01,1,https://www.aviasales.com/search/SFO0110HAN1?marker=741311
339,249,USD,PDX,RDM,"Redmond, United States",US,2026-10-02,0,https://www.aviasales.com/search/PDX0210RDM1?marker=741311
340,250,USD,LAX,FCA,"Kalispell, United States",US,2026-10-08,1,https://www.aviasales.com/search/LAX0810FCA1?marker=741311
341,250,USD,JFK,EVN,"Yerevan, Armenia",AM,2026-10-20,1,https://www.aviasales.com/search/JFK2010EVN1?marker=741311
342,250,USD,BOS,SCL,"Santiago, Chile",CL,2026-10-05,1,https://www.aviasales.com/search/BOS0510SCL1?marker=741311
343,252,USD,JFK,MAD,"Madrid, Spain",ES,2026-10-20,1,https://www.aviasales.com/search/JFK2010MAD1?marker=741311
344,252,USD,FLL,VPS,"Fort Walton Beach, United States",US,2026-10-07,1,https://www.aviasales.com/search/FLL0710VPS1?marker=741311
345,252,USD,JFK,MVY,"Martha's Vineyard, United States",US,2026-10-07,0,https://www.aviasales.com/search/JFK0710MVY1?marker=741311
346,252,USD,PHX,MTJ,"Montrose, United States",US,2026-10-13,1,https://www.aviasales.com/search/PHX1310MTJ1?marker=741311
347,253,USD,MSP,BTV,"Burlington, United States",US,2026-10-03,2,https://www.aviasales.com/search/MSP0310BTV1?marker=741311
348,255,USD,JFK,KUT,"Kutaisi, Georgia",GE,2026-10-15,1,https://www.aviasales.com/search/JFK1510KUT1?marker=741311
349,255,USD,LAX,LRD,"Laredo, United States",US,2026-10-08,1,https://www.aviasales.com/search/LAX0810LRD1?marker=741311
350,256,USD,ORD,GRB,"Green Bay, United States",US,2026-10-03,0,https://www.aviasales.com/search/ORD0310GRB1?marker=741311
351,257,USD,DFW,CUU,"Chihuahua, Mexico",MX,2026-10-08,1,https://www.aviasales.com/search/DFW0810CUU1?marker=741311
352,257,USD,SEA,ALW,"Walla Walla, United States",US,2026-10-05,0,https://www.aviasales.com/search/SEA0510ALW1?marker=741311
353,258,USD,JFK,BGR,"Bangor, United States",US,2026-10-02,2,https://www.aviasales.com/search/JFK0210BGR1?marker=741311
354,260,USD,SFO,HKG,"Hong Kong, Hong Kong",HK,2026-11-15,1,https://www.aviasales.com/search/SFO1511HKG1?marker=741311
355,260,USD,IAD,MED,"Medina, Saudi Arabia",SA,2026-10-12,1,https://www.aviasales.com/search/IAD1210MED1?marker=741311
356,261,USD,MIA,SRZ,"Santa Cruz, Bolivia",BO,2026-11-02,1,https://www.aviasales.com/search/MIA0211SRZ1?marker=741311
357,262,USD,IAH,CVM,"Ciudad Victoria, Mexico",MX,2026-10-04,2,https://www.aviasales.com/search/IAH0410CVM1?marker=741311
358,263,USD,JFK,AGP,"Malaga, Spain",ES,2026-10-10,1,https://www.aviasales.com/search/JFK1010AGP1?marker=741311
359,264,USD,JFK,GND,"St. George's, Grenada",GD,2027-01-03,0,https://www.aviasales.com/search/JFK0301GND1?marker=741311
360,266,USD,DFW,MAF,"Midland, United States",US,2026-10-03,0,https://www.aviasales.com/search/DFW0310MAF1?marker=741311
361,268,USD,JFK,MUC,"Munich, Germany",DE,2026-10-14,1,https://www.aviasales.com/search/JFK1410MUC1?marker=741311
362,271,USD,RDU,HTS,"Huntington, United States",US,2026-10-04,1,https://www.aviasales.com/search/RDU0410HTS1?marker=741311
363,271,USD,IAD,LYS,"Lyon, France",FR,2026-10-20,1,https://www.aviasales.com/search/IAD2010LYS1?marker=741311
364,272,USD,LAX,MGA,"Managua, Nicaragua",NI,2026-12-02,1,https://www.aviasales.com/search/LAX0212MGA1?marker=741311
365,272,USD,JFK,BRI,"Bari, Italy",IT,2027-02-01,2,https://www.aviasales.com/search/JFK0102BRI1?marker=741311
366,272,USD,JFK,ORH,"Worcester, United States",US,2026-10-07,2,https://www.aviasales.com/search/JFK0710ORH1?marker=741311
367,272,USD,LAX,MLA,"Malta, Malta",MT,2026-10-19,1,https://www.aviasales.com/search/LAX1910MLA1?marker=741311
368,273,USD,JFK,VNO,"Vilnius, Lithuania",LT,2026-10-13,1,https://www.aviasales.com/search/JFK1310VNO1?marker=741311
369,273,USD,SEA,PUW,"Pullman, United States",US,2026-10-04,0,https://www.aviasales.com/search/SEA0410PUW1?marker=741311
370,274,USD,JFK,TBS,"Tbilisi, Georgia",GE,2026-10-15,1,https://www.aviasales.com/search/JFK1510TBS1?marker=741311
371,275,USD,BOS,HAM,"Hamburg, Germany",DE,2027-01-09,2,https://www.aviasales.com/search/BOS0901HAM1?marker=741311
372,275,USD,RDU,USA,"Concord, United States",US,2026-10-08,1,https://www.aviasales.com/search/RDU0810USA1?marker=741311
373,276,USD,ORD,KRK,"Krakow, Poland",PL,2026-12-07,2,https://www.aviasales.com/search/ORD0712KRK1?marker=741311
374,277,USD,JFK,DUS,"Dusseldorf, Germany",DE,2026-10-02,2,https://www.aviasales.com/search/JFK0210DUS1?marker=741311
375,277,USD,RDU,MKL,"Jackson, United States",US,2026-10-03,1,https://www.aviasales.com/search/RDU0310MKL1?marker=741311
376,278,USD,DEN,JAC,"Jackson, United States",US,2026-10-05,0,https://www.aviasales.com/search/DEN0510JAC1?marker=741311
377,278,USD,JFK,SJJ,"Sarajevo, Bosnia and Herzegovina",BA,2026-10-20,1,https://www.aviasales.com/search/JFK2010SJJ1?marker=741311
378,279,USD,SEA,AYT,"Antalya, Turkiye",TR,2026-10-30,2,https://www.aviasales.com/search/SEA3010AYT1?marker=741311
379,279,USD,MIA,ROA,"Roanoke, United States",US,2026-10-20,1,https://www.aviasales.com/search/MIA2010ROA1?marker=741311
380,279,USD,BOS,TCI,"Tenerife, Spain",ES,2026-10-29,2,https://www.aviasales.com/search/BOS2910TCI1?marker=741311
381,279,USD,JFK,BFS,"Belfast, United Kingdom",GB,2026-10-14,1,https://www.aviasales.com/search/JFK1410BFS1?marker=741311
382,279,USD,LAX,HUX,"Huatulco, Mexico",MX,2026-10-07,2,https://www.aviasales.com/search/LAX0710HUX1?marker=741311
383,280,USD,SFO,SIN,"Singapore, Singapore",SG,2026-11-27,0,https://www.aviasales.com/search/SFO2711SIN1?marker=741311
384,280,USD,BNA,STC,"Saint Cloud, United States",US,2026-10-06,2,https://www.aviasales.com/search/BNA0610STC1?marker=741311
385,281,USD,JFK,BHZ,"Belo Horizonte, Brazil",BR,2026-11-11,1,https://www.aviasales.com/search/JFK1111BHZ1?marker=741311
386,282,USD,AUS,SHV,"Shreveport, United States",US,2026-10-03,1,https://www.aviasales.com/search/AUS0310SHV1?marker=741311
387,283,USD,JFK,LJU,"Ljubljana, Slovenia",SI,2026-10-11,1,https://www.aviasales.com/search/JFK1110LJU1?marker=741311
388,284,USD,JFK,TRI,"Blountville, United States",US,2027-01-12,1,https://www.aviasales.com/search/JFK1201TRI1?marker=741311
389,284,USD,LAX,YQB,"Quebec, Canada",CA,2026-10-02,1,https://www.aviasales.com/search/LAX0210YQB1?marker=741311
390,284,USD,JFK,BAK,"Baku, Azerbaijan",AZ,2026-10-20,1,https://www.aviasales.com/search/JFK2010BAK1?marker=741311
391,285,USD,JFK,STO,"Stockholm, Sweden",SE,2026-11-18,2,https://www.aviasales.com/search/JFK1811STO1?marker=741311
392,286,USD,IAD,CAI,"Cairo, Egypt",EG,2026-11-03,0,https://www.aviasales.com/search/IAD0311CAI1?marker=741311
393,289,USD,AUS,UBS,"Columbus, United States",US,2026-10-15,1,https://www.aviasales.com/search/AUS1510UBS1?marker=741311
394,289,USD,JFK,ANK,"Ankara, Turkiye",TR,2026-10-05,3,https://www.aviasales.com/search/JFK0510ANK1?marker=741311
395,289,USD,LAX,DAC,"Dhaka, Bangladesh",BD,2026-12-05,1,https://www.aviasales.com/search/LAX0512DAC1?marker=741311
396,290,USD,ORD,EGE,"Vail, United States",US,2026-10-04,1,https://www.aviasales.com/search/ORD0410EGE1?marker=741311
397,290,USD,DEN,PIR,"Pierre, United States",US,2026-10-08,0,https://www.aviasales.com/search/DEN0810PIR1?marker=741311
398,291,USD,JFK,DXB,"Dubai, United Arab Emirates",AE,2026-10-04,1,https://www.aviasales.com/search/JFK0410DXB1?marker=741311
399,291,USD,MIA,SLU,"Castries, Saint Lucia",LC,2026-10-10,1,https://www.aviasales.com/search/MIA1010SLU1?marker=741311
400,291,USD,BOS,PDL,"Ponta Delgada, Portugal",PT,2026-11-12,1,https://www.aviasales.com/search/BOS1211PDL1?marker=741311
401,292,USD,JFK,RIX,"Riga, Latvia",LV,2026-10-15,2,https://www.aviasales.com/search/JFK1510RIX1?marker=741311
402,292,USD,SLC,FOC,"Fuzhou, China",CN,2026-11-09,2,https://www.aviasales.com/search/SLC0911FOC1?marker=741311
403,292,USD,DEN,TEX,"Telluride, United States",US,2026-10-07,0,https://www.aviasales.com/search/DEN0710TEX1?marker=741311
404,294,USD,SLC,WYS,"West Yellowstone, United States",US,2026-10-05,1,https://www.aviasales.com/search/SLC0510WYS1?marker=741311
405,294,USD,IAH,MOT,"Minot, United States",US,2026-10-06,1,https://www.aviasales.com/search/IAH0610MOT1?marker=741311
406,296,USD,IAD,VLC,"Valencia, Spain",ES,2026-10-27,2,https://www.aviasales.com/search/IAD2710VLC1?marker=741311
407,296,USD,RDU,AUW,"Wausau, United States",US,2026-10-26,1,https://www.aviasales.com/search/RDU2610AUW1?marker=741311
408,297,USD,LAX,TYO,"Tokyo, Japan",JP,2026-12-03,0,https://www.aviasales.com/search/LAX0312TYO1?marker=741311
409,298,USD,JFK,ZAG,"Zagreb, Croatia",HR,2026-10-01,2,https://www.aviasales.com/search/JFK0110ZAG1?marker=741311
410,299,USD,JFK,RIO,"Rio de Janeiro, Brazil",BR,2026-11-09,1,https://www.aviasales.com/search/JFK0911RIO1?marker=741311
411,299,USD,MCO,LAN,"Lansing, United States",US,2027-01-02,0,https://www.aviasales.com/search/MCO0201LAN1?marker=741311
412,300,USD,JFK,SSH,"Sharm el Sheikh, Egypt",EG,2026-10-13,1,https://www.aviasales.com/search/JFK1310SSH1?marker=741311
413,300,USD,RDU,EWN,"New Bern, United States",US,2026-10-08,1,https://www.aviasales.com/search/RDU0810EWN1?marker=741311
414,301,USD,ORD,BUH,"Bucharest, Romania",RO,2026-11-15,3,https://www.aviasales.com/search/ORD1511BUH1?marker=741311
415,301,USD,BOS,HYA,"Hyannis, United States",US,2026-10-07,0,https://www.aviasales.com/search/BOS0710HYA1?marker=741311
416,302,USD,MIA,CMN,"Casablanca, Morocco",MA,2027-03-02,1,https://www.aviasales.com/search/MIA0203CMN1?marker=741311
417,304,USD,ATL,STX,"Saint Croix, U.S. Virgin Islands",VI,2026-12-29,2,https://www.aviasales.com/search/ATL2912STX1?marker=741311
418,305,USD,ATL,HHH,"Hilton Head, United States",US,2026-10-05,2,https://www.aviasales.com/search/ATL0510HHH1?marker=741311
419,305,USD,BOS,ITH,"Ithaca, United States",US,2026-10-07,1,https://www.aviasales.com/search/BOS0710ITH1?marker=741311
420,305,USD,JFK,TUN,"Tunis, Tunisia",TN,2026-10-10,1,https://www.aviasales.com/search/JFK1010TUN1?marker=741311
421,305,USD,SLC,PUB,"Pueblo, United States",US,2026-10-02,1,https://www.aviasales.com/search/SLC0210PUB1?marker=741311
422,307,USD,JFK,HAJ,"Hannover, Germany",DE,2027-02-14,1,https://www.aviasales.com/search/JFK1402HAJ1?marker=741311
423,307,USD,JFK,BUS,"Batumi, Georgia",GE,2026-10-04,2,https://www.aviasales.com/search/JFK0410BUS1?marker=741311
424,307,USD,ATL,AGS,"Augusta, United States",US,2026-10-04,1,https://www.aviasales.com/search/ATL0410AGS1?marker=741311
425,307,USD,JFK,BEL,"Belem, Brazil",BR,2026-10-28,2,https://www.aviasales.com/search/JFK2810BEL1?marker=741311
426,307,USD,MCO,BLL,"Billund, Denmark",DK,2026-10-10,1,https://www.aviasales.com/search/MCO1010BLL1?marker=741311
427,310,USD,MIA,FLN,"Florianopolis, Brazil",BR,2026-10-27,2,https://www.aviasales.com/search/MIA2710FLN1?marker=741311
428,312,USD,JFK,ELM,"Elmira, United States",US,2026-10-03,2,https://www.aviasales.com/search/JFK0310ELM1?marker=741311
429,313,USD,IAH,GRI,"Grand Island, United States",US,2026-10-11,1,https://www.aviasales.com/search/IAH1110GRI1?marker=741311
430,314,USD,BNA,CUC,"Cucuta, Colombia",CO,2026-11-28,3,https://www.aviasales.com/search/BNA2811CUC1?marker=741311
431,315,USD,MIA,VRN,"Verona, Italy",IT,2026-10-16,3,https://www.aviasales.com/search/MIA1610VRN1?marker=741311
432,315,USD,JFK,RTM,"Rotterdam, Netherlands",NL,2026-10-05,1,https://www.aviasales.com/search/JFK0510RTM1?marker=741311
433,315,USD,LAX,PXM,"Puerto Escondido, Mexico",MX,2026-12-30,2,https://www.aviasales.com/search/LAX3012PXM1?marker=741311
434,316,USD,LAX,MFM,"Macau, Macau",MO,2026-09-30,1,https://www.aviasales.com/search/LAX3009MFM1?marker=741311
435,316,USD,JFK,BOM,"Mumbai, India",IN,2026-10-03,1,https://www.aviasales.com/search/JFK0310BOM1?marker=741311
436,317,USD,LAX,LNS,"Lancaster, United States",US,2026-10-04,2,https://www.aviasales.com/search/LAX0410LNS1?marker=741311
437,317,USD,PDX,YXX,"Abbotsford, Canada",CA,2026-10-05,2,https://www.aviasales.com/search/PDX0510YXX1?marker=741311
438,318,USD,JFK,DUJ,"Du Bois, United States",US,2026-10-08,2,https://www.aviasales.com/search/JFK0810DUJ1?marker=741311
439,319,USD,JFK,SKB,"Basseterre, Saint Kitts and Nevis",KN,2026-09-29,1,https://www.aviasales.com/search/JFK2909SKB1?marker=741311
440,319,USD,JFK,IZM,"Izmir, Turkiye",TR,2026-10-05,2,https://www.aviasales.com/search/JFK0510IZM1?marker=741311
441,319,USD,SFO,BRL,"Burlington, United States",US,2026-10-07,2,https://www.aviasales.com/search/SFO0710BRL1?marker=741311
442,319,USD,SLC,VEL,"Vernal, United States",US,2026-10-07,1,https://www.aviasales.com/search/SLC0710VEL1?marker=741311
443,321,USD,DCA,RAP,"Rapid City, United States",US,2026-10-06,2,https://www.aviasales.com/search/DCA0610RAP1?marker=741311
444,321,USD,AUS,LPB,"La Paz, Bolivia",BO,2026-11-12,2,https://www.aviasales.com/search/AUS1211LPB1?marker=741311
445,321,USD,MIA,SLA,"Salta, Argentina",AR,2026-11-03,2,https://www.aviasales.com/search/MIA0311SLA1?marker=741311
446,322,USD,JFK,BJV,"Bodrum, Turkiye",TR,2026-10-06,1,https://www.aviasales.com/search/JFK0610BJV1?marker=741311
447,323,USD,JFK,BSB,"Brasilia, Brazil",BR,2026-10-23,1,https://www.aviasales.com/search/JFK2310BSB1?marker=741311
448,323,USD,JFK,LCA,"Larnaca, Cyprus",CY,2026-10-09,1,https://www.aviasales.com/search/JFK0910LCA1?marker=741311
449,324,USD,JFK,ILG,"Wilmington, United States",US,2026-10-02,2,https://www.aviasales.com/search/JFK0210ILG1?marker=741311
450,325,USD,LAX,SEL,"Seoul, South Korea",KR,2026-11-10,1,https://www.aviasales.com/search/LAX1011SEL1?marker=741311
451,325,USD,JFK,OPO,"Porto, Portugal",PT,2026-09-30,1,https://www.aviasales.com/search/JFK3009OPO1?marker=741311
452,325,USD,LAX,TWF,"Twin Falls, United States",US,2026-10-04,2,https://www.aviasales.com/search/LAX0410TWF1?marker=741311
453,325,USD,LAX,PQM,"Palenque, Mexico",MX,2026-10-05,2,https://www.aviasales.com/search/LAX0510PQM1?marker=741311
454,327,USD,SEA,NBO,"Nairobi, Kenya",KE,2027-01-20,2,https://www.aviasales.com/search/SEA2001NBO1?marker=741311
455,328,USD,SEA,SPU,"Split, Croatia",HR,2026-10-18,2,https://www.aviasales.com/search/SEA1810SPU1?marker=741311
456,329,USD,JFK,BOD,"Bordeaux, France",FR,2026-10-01,2,https://www.aviasales.com/search/JFK0110BOD1?marker=741311
457,329,USD,JFK,ALG,"Algiers, Algeria",DZ,2027-01-23,2,https://www.aviasales.com/search/JFK2301ALG1?marker=741311
458,329,USD,PHX,GCN,"Grand Canyon, United States",US,2026-10-02,0,https://www.aviasales.com/search/PHX0210GCN1?marker=741311
459,330,USD,SEA,SIT,"Sitka, United States",US,2026-10-07,1,https://www.aviasales.com/search/SEA0710SIT1?marker=741311
460,330,USD,JFK,JAN,"Jackson, United States",US,2026-10-24,1,https://www.aviasales.com/search/JFK2410JAN1?marker=741311
461,331,USD,JFK,PFO,"Paphos, Cyprus",CY,2026-10-07,2,https://www.aviasales.com/search/JFK0710PFO1?marker=741311
462,331,USD,JFK,LHE,"Lahore, Pakistan",PK,2027-03-24,1,https://www.aviasales.com/search/JFK2403LHE1?marker=741311
463,332,USD,ORD,YKF,"Kitchener, Canada",CA,2026-10-04,1,https://www.aviasales.com/search/ORD0410YKF1?marker=741311
464,332,USD,BOS,TLL,"Tallinn, Estonia",EE,2026-10-29,2,https://www.aviasales.com/search/BOS2910TLL1?marker=741311
465,333,USD,JFK,HYD,"Hyderabad, India",IN,2026-11-23,1,https://www.aviasales.com/search/JFK2311HYD1?marker=741311
466,333,USD,MIA,MDZ,"Mendoza, Argentina",AR,2026-10-10,1,https://www.aviasales.com/search/MIA1010MDZ1?marker=741311
467,334,USD,JFK,BHX,"Birmingham, United Kingdom",GB,2026-11-27,1,https://www.aviasales.com/search/JFK2711BHX1?marker=741311
468,334,USD,JFK,ISB,"Islamabad, Pakistan",PK,2026-11-13,1,https://www.aviasales.com/search/JFK1311ISB1?marker=741311
469,334,USD,BOS,RST,"Rochester, United States",US,2026-11-01,1,https://www.aviasales.com/search/BOS0111RST1?marker=741311
470,335,USD,JFK,DEL,"New Delhi, India",IN,2026-10-12,1,https://www.aviasales.com/search/JFK1210DEL1?marker=741311
471,335,USD,MCO,HEL,"Helsinki, Finland",FI,2026-10-05,2,https://www.aviasales.com/search/MCO0510HEL1?marker=741311
472,336,USD,JFK,RUH,"Riyadh, Saudi Arabia",SA,2026-10-02,1,https://www.aviasales.com/search/JFK0210RUH1?marker=741311
473,336,USD,JFK,LMM,"Los Mochis, Mexico",MX,2026-10-08,2,https://www.aviasales.com/search/JFK0810LMM1?marker=741311
474,337,USD,ORD,AGA,"Agadir, Morocco",MA,2026-10-14,2,https://www.aviasales.com/search/ORD1410AGA1?marker=741311
475,337,USD,IAH,MAO,"Manaus, Brazil",BR,2026-10-24,3,https://www.aviasales.com/search/IAH2410MAO1?marker=741311
476,338,USD,SEA,ITO,"Hilo, United States",US,2026-10-01,1,https://www.aviasales.com/search/SEA0110ITO1?marker=741311
477,338,USD,SEA,YCD,"Nanaimo, Canada",CA,2026-10-02,1,https://www.aviasales.com/search/SEA0210YCD1?marker=741311
478,339,USD,ORD,HKT,"Phuket, Thailand",TH,2026-10-13,1,https://www.aviasales.com/search/ORD1310HKT1?marker=741311
479,340,USD,JFK,JED,"Jeddah, Saudi Arabia",SA,2026-11-11,1,https://www.aviasales.com/search/JFK1111JED1?marker=741311
480,340,USD,ATL,CUZ,"Cusco, Peru",PE,2026-10-24,3,https://www.aviasales.com/search/ATL2410CUZ1?marker=741311
481,340,USD,JFK,PMF,"Parma, Italy",IT,2026-10-16,2,https://www.aviasales.com/search/JFK1610PMF1?marker=741311
482,340,USD,JFK,RCH,"Riohacha, Colombia",CO,2027-02-20,2,https://www.aviasales.com/search/JFK2002RCH1?marker=741311
483,340,USD,JFK,LPL,"Liverpool, United Kingdom",GB,2026-10-01,1,https://www.aviasales.com/search/JFK0110LPL1?marker=741311
484,341,USD,BOS,RAI,"Praia, Cape Verde",CV,2026-10-18,1,https://www.aviasales.com/search/BOS1810RAI1?marker=741311
485,341,USD,PHX,OGD,"Ogden, United States",US,2026-10-07,2,https://www.aviasales.com/search/PHX0710OGD1?marker=741311
486,342,USD,DCA,BIS,"Bismarck, United States",US,2026-10-08,2,https://www.aviasales.com/search/DCA0810BIS1?marker=741311
487,343,USD,MIA,MVD,"Montevideo, Uruguay",UY,2027-01-07,1,https://www.aviasales.com/search/MIA0701MVD1?marker=741311
488,343,USD,JFK,PEI,"Pereira, Colombia",CO,2026-10-02,2,https://www.aviasales.com/search/JFK0210PEI1?marker=741311
489,345,USD,ORD,MBS,"Saginaw, United States",US,2026-10-06,0,https://www.aviasales.com/search/ORD0610MBS1?marker=741311
490,345,USD,ORD,HRG,"Hurghada, Egypt",EG,2026-10-25,3,https://www.aviasales.com/search/ORD2510HRG1?marker=741311
491,345,USD,JFK,EWB,"New Bedford, United States",US,2026-10-07,1,https://www.aviasales.com/search/JFK0710EWB1?marker=741311
492,345,USD,PHX,CVN,"Clovis, United States",US,2026-10-08,1,https://www.aviasales.com/search/PHX0810CVN1?marker=741311
493,345,USD,BNA,PAH,"Paducah, United States",US,2026-10-06,1,https://www.aviasales.com/search/BNA0610PAH1?marker=741311
494,346,USD,ORD,BZE,"Belize City, Belize",BZ,2026-11-16,2,https://www.aviasales.com/search/ORD1611BZE1?marker=741311
495,347,USD,ORD,BMI,"Bloomington, United States",US,2026-10-06,2,https://www.aviasales.com/search/ORD0610BMI1?marker=741311
496,347,USD,MIA,PMO,"Palermo, Italy",IT,2026-10-19,3,https://www.aviasales.com/search/MIA1910PMO1?marker=741311
497,347,USD,JFK,SCY,"San Cristobal, Ecuador",EC,2026-12-08,2,https://www.aviasales.com/search/JFK0812SCY1?marker=741311
498,347,USD,IAH,AOO,"Altoona, United States",US,2026-10-03,2,https://www.aviasales.com/search/IAH0310AOO1?marker=741311
499,347,USD,LAX,BIH,"Bishop, United States",US,2026-10-09,1,https://www.aviasales.com/search/LAX0910BIH1?marker=741311
500,348,USD,DFW,BTR,"Baton Rouge, United States",US,2026-10-16,3,https://www.aviasales.com/search/DFW1610BTR1?marker=741311
501,348,USD,LAX,DPS,"Denpasar (Bali), Indonesia",ID,2026-11-15,1,https://www.aviasales.com/search/LAX1511DPS1?marker=741311
502,348,USD,JFK,OGL,"Georgetown, Guyana",GY,2026-11-18,1,https://www.aviasales.com/search/JFK1811OGL1?marker=741311
503,349,USD,DTW,MGW,"Morgantown, United States",US,2026-10-08,1,https://www.aviasales.com/search/DTW0810MGW1?marker=741311
504,350,USD,PHL,CKB,"Clarksburg, United States",US,2026-10-04,1,https://www.aviasales.com/search/PHL0410CKB1?marker=741311
505,351,USD,MIA,SCU,"Santiago, Cuba",CU,2027-03-15,0,https://www.aviasales.com/search/MIA1503SCU1?marker=741311
506,351,USD,JFK,BKK,"Bangkok, Thailand",TH,2026-10-31,1,https://www.aviasales.com/search/JFK3110BKK1?marker=741311
507,351,USD,JFK,GZP,"Alanya, Turkiye",TR,2026-10-06,2,https://www.aviasales.com/search/JFK0610GZP1?marker=741311
508,352,USD,MIA,PTP,"Pointe-a-pitre, Guadeloupe",GP,2026-12-16,0,https://www.aviasales.com/search/MIA1612PTP1?marker=741311
509,352,USD,JFK,IBZ,"Ibiza, Spain",ES,2026-10-08,1,https://www.aviasales.com/search/JFK0810IBZ1?marker=741311
510,352,USD,LAX,VAR,"Varna, Bulgaria",BG,2026-10-17,2,https://www.aviasales.com/search/LAX1710VAR1?marker=741311
511,352,USD,LAX,PSA,"Pisa, Italy",IT,2026-10-13,2,https://www.aviasales.com/search/LAX1310PSA1?marker=741311
512,352,USD,DTW,FWA,"Fort Wayne, United States",US,2026-10-01,1,https://www.aviasales.com/search/DTW0110FWA1?marker=741311
513,356,USD,ORD,TOL,"Toledo, United States",US,2026-10-09,1,https://www.aviasales.com/search/ORD0910TOL1?marker=741311
514,356,USD,SEA,MXL,"Mexicali, Mexico",MX,2026-10-07,1,https://www.aviasales.com/search/SEA0710MXL1?marker=741311
515,357,USD,DFW,TNG,"Tangier, Morocco",MA,2027-02-22,2,https://www.aviasales.com/search/DFW2202TNG1?marker=741311
516,357,USD,BOS,REK,"Reykjavik, Iceland",IS,2027-03-01,0,https://www.aviasales.com/search/BOS0103REK1?marker=741311
517,357,USD,JFK,ANU,"Saint John's, Antigua and Barbuda",AG,2026-10-09,2,https://www.aviasales.com/search/JFK0910ANU1?marker=741311
518,357,USD,AUS,POP,"Puerto Plata, Dominican Republic",DO,2026-10-14,3,https://www.aviasales.com/search/AUS1410POP1?marker=741311
519,358,USD,AUS,MHK,"Manhattan, United States",US,2026-10-07,1,https://www.aviasales.com/search/AUS0710MHK1?marker=741311
520,359,USD,BNA,LAF,"Lafayette, United States",US,2026-10-07,1,https://www.aviasales.com/search/BNA0710LAF1?marker=741311
521,359,USD,PHL,YZR,"Sarnia, Canada",CA,2026-10-02,1,https://www.aviasales.com/search/PHL0210YZR1?marker=741311
522,360,USD,ORD,DOH,"Doha, Qatar",QA,2027-02-02,1,https://www.aviasales.com/search/ORD0202DOH1?marker=741311
523,361,USD,IAD,ECN,"Ercan, Northern Cyprus",NY,2027-01-04,3,https://www.aviasales.com/search/IAD0401ECN1?marker=741311
524,361,USD,BOS,LAL,"Lakeland, United States",US,2026-10-05,2,https://www.aviasales.com/search/BOS0510LAL1?marker=741311
525,361,USD,LAX,ORK,"Cork, Ireland",IE,2026-12-10,2,https://www.aviasales.com/search/LAX1012ORK1?marker=741311
526,363,USD,LAX,CAN,"Guangzhou, China",CN,2026-10-25,1,https://www.aviasales.com/search/LAX2510CAN1?marker=741311
527,364,USD,MCO,MGF,"Maringa, Brazil",BR,2026-10-15,1,https://www.aviasales.com/search/MCO1510MGF1?marker=741311
528,366,USD,JFK,KUL,"Kuala Lumpur, Malaysia",MY,2026-10-20,1,https://www.aviasales.com/search/JFK2010KUL1?marker=741311
529,369,USD,CLT,EAU,"Eau Claire, United States",US,2026-10-08,2,https://www.aviasales.com/search/CLT0810EAU1?marker=741311
530,370,USD,LAX,XMN,"Xiamen, China",CN,2026-10-27,1,https://www.aviasales.com/search/LAX2710XMN1?marker=741311
531,371,USD,ATL,CUR,"Curacao, Curaçao",CW,2026-10-13,3,https://www.aviasales.com/search/ATL1310CUR1?marker=741311
532,371,USD,FLL,BLQ,"Bologna, Italy",IT,2026-10-21,2,https://www.aviasales.com/search/FLL2110BLQ1?marker=741311
533,372,USD,MIA,CCS,"Caracas, Venezuela",VE,2026-10-20,2,https://www.aviasales.com/search/MIA2010CCS1?marker=741311
534,372,USD,MIA,CTA,"Catania, Italy",IT,2027-03-08,2,https://www.aviasales.com/search/MIA0803CTA1?marker=741311
535,373,USD,ORD,RDD,"Redding, United States",US,2026-10-04,1,https://www.aviasales.com/search/ORD0410RDD1?marker=741311
536,374,USD,DEN,FEZ,"Fez, Morocco",MA,2026-10-16,3,https://www.aviasales.com/search/DEN1610FEZ1?marker=741311
537,375,USD,MSP,DIK,"Dickinson, United States",US,2026-10-06,1,https://www.aviasales.com/search/MSP0610DIK1?marker=741311
538,375,USD,JFK,AER,"Adler/Sochi, Russia",RU,2026-10-18,2,https://www.aviasales.com/search/JFK1810AER1?marker=741311
539,375,USD,SFO,GOT,"Gothenburg, Sweden",SE,2026-09-29,2,https://www.aviasales.com/search/SFO2909GOT1?marker=741311
540,376,USD,JFK,NQZ,"Astana, Kazakhstan",KZ,2026-10-14,2,https://www.aviasales.com/search/JFK1410NQZ1?marker=741311
541,376,USD,SFO,PPT,"Papeete, French Polynesia",PF,2026-11-08,0,https://www.aviasales.com/search/SFO0811PPT1?marker=741311
542,377,USD,JFK,AUH,"Abu Dhabi, United Arab Emirates",AE,2026-10-13,1,https://www.aviasales.com/search/JFK1310AUH1?marker=741311
543,377,USD,ORD,RZE,"Rzeszow, Poland",PL,2026-09-29,2,https://www.aviasales.com/search/ORD2909RZE1?marker=741311
544,377,USD,BOS,PDV,"Plovdiv, Bulgaria",BG,2026-11-12,2,https://www.aviasales.com/search/BOS1211PDV1?marker=741311
545,377,USD,FLL,YXU,"London, Canada",CA,2026-10-08,2,https://www.aviasales.com/search/FLL0810YXU1?marker=741311
546,379,USD,SEA,AGB,"Augsburg, Germany",DE,2027-01-25,1,https://www.aviasales.com/search/SEA2501AGB1?marker=741311
547,379,USD,MIA,SKG,"Thessaloniki, Greece",GR,2026-10-05,3,https://www.aviasales.com/search/MIA0510SKG1?marker=741311
548,380,USD,JFK,KKN,"Kirkenes, Norway",NO,2026-10-06,2,https://www.aviasales.com/search/JFK0610KKN1?marker=741311
549,381,USD,SEA,FAO,"Faro, Portugal",PT,2026-12-07,3,https://www.aviasales.com/search/SEA0712FAO1?marker=741311
550,383,USD,MCO,TXK,"Texarkana, United States",US,2026-10-03,1,https://www.aviasales.com/search/MCO0310TXK1?marker=741311
551,384,USD,SEA,BJS,"Beijing, China",CN,2026-10-02,1,https://www.aviasales.com/search/SEA0210BJS1?marker=741311
552,384,USD,MSP,WRO,"Wroclaw, Poland",PL,2026-10-26,3,https://www.aviasales.com/search/MSP2610WRO1?marker=741311
553,384,USD,JFK,MCT,"Muscat, Oman",OM,2026-09-30,1,https://www.aviasales.com/search/JFK3009MCT1?marker=741311
554,385,USD,ATL,NUE,"Nuremberg, Germany",DE,2026-10-03,2,https://www.aviasales.com/search/ATL0310NUE1?marker=741311
555,387,USD,BOS,YSJ,"Saint John, Canada",CA,2027-03-17,1,https://www.aviasales.com/search/BOS1703YSJ1?marker=741311
556,387,USD,SEA,NHA,"Nha Trang, Vietnam",VN,2026-10-04,1,https://www.aviasales.com/search/SEA0410NHA1?marker=741311
557,387,USD,BOS,ALY,"Alexandria, Egypt",EG,2026-10-19,3,https://www.aviasales.com/search/BOS1910ALY1?marker=741311
558,388,USD,JFK,CMB,"Colombo, Sri Lanka",LK,2026-10-05,1,https://www.aviasales.com/search/JFK0510CMB1?marker=741311
559,391,USD,ORD,TAS,"Tashkent, Uzbekistan",UZ,2026-10-04,1,https://www.aviasales.com/search/ORD0410TAS1?marker=741311
560,391,USD,JFK,TRN,"Turin, Italy",IT,2026-12-27,1,https://www.aviasales.com/search/JFK2712TRN1?marker=741311
561,392,USD,JFK,LED,"Saint Petersburg, Russia",RU,2026-10-13,2,https://www.aviasales.com/search/JFK1310LED1?marker=741311
562,392,USD,JFK,CFU,"Kerkyra, Greece",GR,2026-11-11,2,https://www.aviasales.com/search/JFK1111CFU1?marker=741311
563,392,USD,IAH,XPL,"Comayagua, Honduras",HN,2026-10-01,1,https://www.aviasales.com/search/IAH0110XPL1?marker=741311
564,393,USD,MSP,AZO,"Kalamazoo, United States",US,2026-10-08,1,https://www.aviasales.com/search/MSP0810AZO1?marker=741311
565,393,USD,IAH,GLA,"Glasgow, United Kingdom",GB,2026-10-14,3,https://www.aviasales.com/search/IAH1410GLA1?marker=741311
566,394,USD,LAX,SHA,"Shanghai, China",CN,2026-11-10,1,https://www.aviasales.com/search/LAX1011SHA1?marker=741311
567,394,USD,JFK,VGA,"Vijayawada, India",IN,2026-11-23,2,https://www.aviasales.com/search/JFK2311VGA1?marker=741311
568,395,USD,LAX,WUH,"Wuhan, China",CN,2026-11-01,1,https://www.aviasales.com/search/LAX0111WUH1?marker=741311
569,395,USD,MSP,DGO,"Durango, Mexico",MX,2026-10-07,3,https://www.aviasales.com/search/MSP0710DGO1?marker=741311
570,397,USD,LAX,BPT,"Beaumont, United States",US,2026-10-08,1,https://www.aviasales.com/search/LAX0810BPT1?marker=741311
571,397,USD,PHL,YYG,"Charlottetown, Canada",CA,2026-10-02,2,https://www.aviasales.com/search/PHL0210YYG1?marker=741311
572,398,USD,JFK,BSZ,"Bishkek, Kyrgyzstan",KG,2026-10-14,2,https://www.aviasales.com/search/JFK1410BSZ1?marker=741311
573,398,USD,LAX,CKG,"Chongqing, China",CN,2026-11-17,1,https://www.aviasales.com/search/LAX1711CKG1?marker=741311
574,399,USD,JFK,SNU,"Santa Clara, Cuba",CU,2026-12-21,2,https://www.aviasales.com/search/JFK2112SNU1?marker=741311
575,399,USD,JFK,CWB,"Curitiba, Brazil",BR,2026-11-05,2,https://www.aviasales.com/search/JFK0511CWB1?marker=741311
576,400,USD,JFK,SHJ,"Sharjah, United Arab Emirates",AE,2026-10-02,1,https://www.aviasales.com/search/JFK0210SHJ1?marker=741311
577,400,USD,JFK,KRR,"Krasnodar, Russia",RU,2026-10-04,2,https://www.aviasales.com/search/JFK0410KRR1?marker=741311
578,401,USD,MCO,ALA,"Almaty, Kazakhstan",KZ,2026-12-02,2,https://www.aviasales.com/search/MCO0212ALA1?marker=741311
579,401,USD,FLL,VIX,"Vitoria, Brazil",BR,2026-11-09,2,https://www.aviasales.com/search/FLL0911VIX1?marker=741311
580,401,USD,JFK,OAJ,"Jacksonville, United States",US,2026-10-02,1,https://www.aviasales.com/search/JFK0210OAJ1?marker=741311
581,402,USD,JFK,GNY,"Golgen, Turkiye",TR,2026-10-04,2,https://www.aviasales.com/search/JFK0410GNY1?marker=741311
582,402,USD,CLT,PGV,"Greenville, United States",US,2026-10-03,0,https://www.aviasales.com/search/CLT0310PGV1?marker=741311
583,404,USD,JFK,KUN,"Kaunas, Lithuania",LT,2026-10-24,2,https://www.aviasales.com/search/JFK2410KUN1?marker=741311
584,406,USD,SFO,DAD,"Da Nang, Vietnam",VN,2026-10-01,1,https://www.aviasales.com/search/SFO0110DAD1?marker=741311
585,407,USD,ORD,SVQ,"Sevilla, Spain",ES,2026-10-18,2,https://www.aviasales.com/search/ORD1810SVQ1?marker=741311
586,408,USD,LAX,TPE,"Taipei, Taiwan",TW,2027-01-04,1,https://www.aviasales.com/search/LAX0401TPE1?marker=741311
587,409,USD,ORD,CMI,"Champaign, United States",US,2026-10-07,0,https://www.aviasales.com/search/ORD0710CMI1?marker=741311
588,410,USD,JFK,PVC,"Provincetown, United States",US,2026-10-07,1,https://www.aviasales.com/search/JFK0710PVC1?marker=741311
589,411,USD,LAX,CTU,"Chengdu, China",CN,2026-11-22,0,https://www.aviasales.com/search/LAX2211CTU1?marker=741311
590,412,USD,ATL,PHF,"Newport News, United States",US,2026-10-09,1,https://www.aviasales.com/search/ATL0910PHF1?marker=741311
591,413,USD,DTW,DVL,"Devils Lake, United States",US,2026-10-07,1,https://www.aviasales.com/search/DTW0710DVL1?marker=741311
592,413,USD,SFO,NAN,"Nadi, Fiji",FJ,2026-10-11,0,https://www.aviasales.com/search/SFO1110NAN1?marker=741311
593,414,USD,JFK,MRV,"Mineralnye Vody, Russia",RU,2026-10-04,2,https://www.aviasales.com/search/JFK0410MRV1?marker=741311
594,415,USD,ORD,MOW,"Moscow, Russia",RU,2026-12-05,3,https://www.aviasales.com/search/ORD0512MOW1?marker=741311
595,416,USD,PDX,SVC,"Silver City, United States",US,2026-10-05,2,https://www.aviasales.com/search/PDX0510SVC1?marker=741311
596,418,USD,LAX,SHE,"Shenyang, China",CN,2027-01-11,1,https://www.aviasales.com/search/LAX1101SHE1?marker=741311
597,418,USD,LAS,OTH,"North Bend, United States",US,2026-10-08,1,https://www.aviasales.com/search/LAS0810OTH1?marker=741311
598,420,USD,SFO,OSA,"Osaka, Japan",JP,2026-12-01,2,https://www.aviasales.com/search/SFO0112OSA1?marker=741311
599,421,USD,LAX,HRB,"Harbin, China",CN,2026-10-25,1,https://www.aviasales.com/search/LAX2510HRB1?marker=741311
600,421,USD,IAH,ACT,"Waco, United States",US,2026-10-05,1,https://www.aviasales.com/search/IAH0510ACT1?marker=741311
601,421,USD,MCO,SLN,"Salina, United States",US,2026-10-07,1,https://www.aviasales.com/search/MCO0710SLN1?marker=741311
602,421,USD,AUS,TYR,"Tyler, United States",US,2026-10-04,1,https://www.aviasales.com/search/AUS0410TYR1?marker=741311
603,422,USD,MIA,LUX,"Luxembourg, Luxembourg",LU,2026-10-31,3,https://www.aviasales.com/search/MIA3110LUX1?marker=741311
604,423,USD,LAX,RKS,"Rock Springs, United States",US,2026-10-06,1,https://www.aviasales.com/search/LAX0610RKS1?marker=741311
605,423,USD,MSP,RIW,"Riverton, United States",US,2026-10-05,1,https://www.aviasales.com/search/MSP0510RIW1?marker=741311
606,425,USD,LAX,AKL,"Auckland, New Zealand",NZ,2026-11-05,1,https://www.aviasales.com/search/LAX0511AKL1?marker=741311
607,426,USD,AUS,GGG,"Longview, United States",US,2026-10-08,1,https://www.aviasales.com/search/AUS0810GGG1?marker=741311
608,427,USD,JFK,CUE,"Cuenca, Ecuador",EC,2026-10-02,2,https://www.aviasales.com/search/JFK0210CUE1?marker=741311
609,428,USD,SFO,CEC,"Crescent City, United States",US,2026-10-09,2,https://www.aviasales.com/search/SFO0910CEC1?marker=741311
610,429,USD,ORD,SKD,"Samarkand, Uzbekistan",UZ,2026-10-01,2,https://www.aviasales.com/search/ORD0110SKD1?marker=741311
611,429,USD,JFK,DOM,"Dominica, Dominica",DM,2027-02-05,1,https://www.aviasales.com/search/JFK0502DOM1?marker=741311
612,432,USD,DCA,SCQ,"Santiago De Compostela, Spain",ES,2026-10-04,3,https://www.aviasales.com/search/DCA0410SCQ1?marker=741311
613,433,USD,BOS,SSA,"Salvador, Brazil",BR,2026-10-24,2,https://www.aviasales.com/search/BOS2410SSA1?marker=741311
614,434,USD,ORD,CGN,"Cologne, Germany",DE,2026-11-21,2,https://www.aviasales.com/search/ORD2111CGN1?marker=741311
615,438,USD,ORD,AMD,"Ahmedabad, India",IN,2026-10-09,2,https://www.aviasales.com/search/ORD0910AMD1?marker=741311
616,438,USD,JFK,BAH,"Manama, Bahrain",BH,2026-10-03,1,https://www.aviasales.com/search/JFK0310BAH1?marker=741311
617,439,USD,SEA,LFT,"Lafayette, United States",US,2026-10-17,1,https://www.aviasales.com/search/SEA1710LFT1?marker=741311
618,440,USD,DFW,CLL,"College Station, United States",US,2026-10-08,0,https://www.aviasales.com/search/DFW0810CLL1?marker=741311
619,441,USD,LAX,PQC,"Phu Quoc, Vietnam",VN,2026-10-28,2,https://www.aviasales.com/search/LAX2810PQC1?marker=741311
620,441,USD,PHL,OKA,"Okinawa, Japan",JP,2026-11-23,2,https://www.aviasales.com/search/PHL2311OKA1?marker=741311
621,442,USD,PDX,YZF,"Yellowknife, Canada",CA,2026-10-08,1,https://www.aviasales.com/search/PDX0810YZF1?marker=741311
622,443,USD,DCA,MUX,"Multan, Pakistan",PK,2026-10-04,2,https://www.aviasales.com/search/DCA0410MUX1?marker=741311
623,446,USD,DFW,HOG,"Holguin, Cuba",CU,2026-10-04,1,https://www.aviasales.com/search/DFW0410HOG1?marker=741311
624,446,USD,BNA,SHD,"Staunton, United States",US,2026-10-05,1,https://www.aviasales.com/search/BNA0510SHD1?marker=741311
625,446,USD,JFK,TRV,"Thiruvananthapuram, India",IN,2027-01-10,2,https://www.aviasales.com/search/JFK1001TRV1?marker=741311
626,446,USD,MCO,SUF,"Lamezia Terme, Italy",IT,2026-10-03,3,https://www.aviasales.com/search/MCO0310SUF1?marker=741311
627,448,USD,SEA,YCG,"Castlegar, Canada",CA,2026-10-04,1,https://www.aviasales.com/search/SEA0410YCG1?marker=741311
628,448,USD,JFK,CIT,"Shymkent, Kazakhstan",KZ,2026-10-16,3,https://www.aviasales.com/search/JFK1610CIT1?marker=741311
629,448,USD,LAX,JKT,"Jakarta, Indonesia",ID,2026-10-08,1,https://www.aviasales.com/search/LAX0810JKT1?marker=741311
630,451,USD,LAX,UBN,"Ulaanbaatar, Mongolia",MN,2026-10-27,1,https://www.aviasales.com/search/LAX2710UBN1?marker=741311
631,451,USD,DEN,TGU,"Tegucigalpa, Honduras",HN,2027-02-01,3,https://www.aviasales.com/search/DEN0102TGU1?marker=741311
632,452,USD,IAD,REC,"Recife, Brazil",BR,2026-10-25,2,https://www.aviasales.com/search/IAD2510REC1?marker=741311
633,452,USD,SLC,FAY,"Fayetteville, United States",US,2026-10-07,1,https://www.aviasales.com/search/SLC0710FAY1?marker=741311
634,455,USD,JFK,DYU,"Dushanbe, Tajikistan",TJ,2026-10-14,3,https://www.aviasales.com/search/JFK1410DYU1?marker=741311
635,455,USD,JFK,GOI,"Goa, India",IN,2027-01-19,2,https://www.aviasales.com/search/JFK1901GOI1?marker=741311
636,455,USD,JFK,MSL,"Muscle Shoals, United States",US,2026-10-07,2,https://www.aviasales.com/search/JFK0710MSL1?marker=741311
637,455,USD,SEA,YQG,"Windsor, Canada",CA,2026-10-02,1,https://www.aviasales.com/search/SEA0210YQG1?marker=741311
638,456,USD,IAH,ILE,"Killeen, United States",US,2026-10-07,1,https://www.aviasales.com/search/IAH0710ILE1?marker=741311
639,456,USD,LAX,SWA,"Shantou, China",CN,2027-01-11,1,https://www.aviasales.com/search/LAX1101SWA1?marker=741311
640,461,USD,MIA,VRA,"Varadero, Cuba",CU,2026-10-02,0,https://www.aviasales.com/search/MIA0210VRA1?marker=741311
641,465,USD,DFW,LAW,"Lawton, United States",US,2026-10-07,0,https://www.aviasales.com/search/DFW0710LAW1?marker=741311
642,465,USD,ORD,SPC,"Santa Cruz De La Palma, Spain",ES,2027-01-01,1,https://www.aviasales.com/search/ORD0101SPC1?marker=741311
643,466,USD,SEA,FUK,"Fukuoka, Japan",JP,2026-11-19,1,https://www.aviasales.com/search/SEA1911FUK1?marker=741311
644,466,USD,BOS,VAN,"Van, Turkiye",TR,2026-10-01,3,https://www.aviasales.com/search/BOS0110VAN1?marker=741311
645,466,USD,BOS,LDB,"Londrina, Brazil",BR,2026-10-06,3,https://www.aviasales.com/search/BOS0610LDB1?marker=741311
646,468,USD,JFK,KZN,"Kazan, Russia",RU,2026-10-13,2,https://www.aviasales.com/search/JFK1310KZN1?marker=741311
647,469,USD,JFK,MSQ,"Minsk, Belarus",BY,2026-10-20,3,https://www.aviasales.com/search/JFK2010MSQ1?marker=741311
648,469,USD,SFO,MLE,"Male, Maldives",MV,2027-02-15,1,https://www.aviasales.com/search/SFO1502MLE1?marker=741311
649,469,USD,MIA,SFG,"Saint Martin, Saint Martin",MF,2026-12-07,2,https://www.aviasales.com/search/MIA0712SFG1?marker=741311
650,469,USD,LAX,KBV,"Krabi, Thailand",TH,2026-11-09,2,https://www.aviasales.com/search/LAX0911KBV1?marker=741311
651,471,USD,JFK,OGZ,"Vladikavkaz, Russia",RU,2026-10-03,3,https://www.aviasales.com/search/JFK0310OGZ1?marker=741311
652,474,USD,FLL,FDF,"Fort-de-France, Martinique",MQ,2026-12-27,2,https://www.aviasales.com/search/FLL2712FDF1?marker=741311
653,475,USD,LAX,SYD,"Sydney, Australia",AU,2027-03-01,1,https://www.aviasales.com/search/LAX0103SYD1?marker=741311
654,475,USD,PHL,MEI,"Meridian, United States",US,2026-10-04,1,https://www.aviasales.com/search/PHL0410MEI1?marker=741311
655,475,USD,SEA,LGK,"Langkawi, Malaysia",MY,2026-10-25,3,https://www.aviasales.com/search/SEA2510LGK1?marker=741311
656,477,USD,SEA,VTE,"Vientiane, Laos",LA,2026-09-29,2,https://www.aviasales.com/search/SEA2909VTE1?marker=741311
657,477,USD,BNA,MWA,"Marion, United States",US,2026-10-06,2,https://www.aviasales.com/search/BNA0610MWA1?marker=741311
658,478,USD,BOS,URA,"Oral, Kazakhstan",KZ,2026-11-14,3,https://www.aviasales.com/search/BOS1411URA1?marker=741311
659,480,USD,TPA,COU,"Columbia, United States",US,2026-10-06,1,https://www.aviasales.com/search/TPA0610COU1?marker=741311
660,481,USD,JFK,SVX,"Yekaterinburg, Russia",RU,2026-10-21,2,https://www.aviasales.com/search/JFK2110SVX1?marker=741311
661,481,USD,SLC,MLU,"Monroe, United States",US,2026-10-02,1,https://www.aviasales.com/search/SLC0210MLU1?marker=741311
662,482,USD,ORD,LOS,"Lagos, Nigeria",NG,2027-01-11,1,https://www.aviasales.com/search/ORD1101LOS1?marker=741311
663,483,USD,SFO,GOA,"Genoa, Italy",IT,2026-10-24,3,https://www.aviasales.com/search/SFO2410GOA1?marker=741311
664,485,USD,MSP,YQM,"Moncton, Canada",CA,2026-10-07,3,https://www.aviasales.com/search/MSP0710YQM1?marker=741311
665,489,USD,BOS,ASU,"Asuncion, Paraguay",PY,2026-10-22,1,https://www.aviasales.com/search/BOS2210ASU1?marker=741311
666,490,USD,LAX,JLN,"Joplin, United States",US,2026-10-07,1,https://www.aviasales.com/search/LAX0710JLN1?marker=741311
667,491,USD,RDU,SWO,"Stillwater, United States",US,2026-10-08,1,https://www.aviasales.com/search/RDU0810SWO1?marker=741311
668,491,USD,PDX,MCW,"Mason City, United States",US,2026-10-07,1,https://www.aviasales.com/search/PDX0710MCW1?marker=741311
669,491,USD,MCO,NVT,"Navegantes, Brazil",BR,2026-10-12,2,https://www.aviasales.com/search/MCO1210NVT1?marker=741311
670,492,USD,ATL,KWI,"Kuwait City, Kuwait",KW,2026-10-14,1,https://www.aviasales.com/search/ATL1410KWI1?marker=741311
671,494,USD,JFK,FOR,"Fortaleza, Brazil",BR,2026-10-25,2,https://www.aviasales.com/search/JFK2510FOR1?marker=741311
672,494,USD,JFK,CGO,"Zhengzhou, China",CN,2026-11-23,2,https://www.aviasales.com/search/JFK2311CGO1?marker=741311
673,497,USD,JFK,CLY,"Calvi, France",FR,2026-10-01,2,https://www.aviasales.com/search/JFK0110CLY1?marker=741311
674,499,USD,ORD,BCD,"Bacolod, Philippines",PH,2026-11-30,2,https://www.aviasales.com/search/ORD3011BCD1?marker=741311
675,500,USD,BOS,GUW,"Atyrau, Kazakhstan",KZ,2026-11-14,4,https://www.aviasales.com/search/BOS1411GUW1?marker=741311
676,500,USD,JFK,GDT,"Grand Turk, Turks and Caicos Islands",TC,2026-10-11,1,https://www.aviasales.com/search/JFK1110GDT1?marker=741311
677,501,USD,JFK,CKY,"Conakry, Guinea",GN,2026-10-24,1,https://www.aviasales.com/search/JFK2410CKY1?marker=741311
678,502,USD,JFK,SCO,"Aktau, Kazakhstan",KZ,2027-01-09,3,https://www.aviasales.com/search/JFK0901SCO1?marker=741311
679,503,USD,IAD,MEL,"Melbourne, Australia",AU,2026-10-21,2,https://www.aviasales.com/search/IAD2110MEL1?marker=741311
680,503,USD,SFO,SUV,"Suva, Fiji",FJ,2026-10-11,1,https://www.aviasales.com/search/SFO1110SUV1?marker=741311
681,505,USD,BNA,COD,"Cody, United States",US,2026-10-04,1,https://www.aviasales.com/search/BNA0410COD1?marker=741311
682,506,USD,JFK,XSC,"South Caicos, Turks and Caicos Islands",TC,2026-10-11,1,https://www.aviasales.com/search/JFK1110XSC1?marker=741311
683,509,USD,JFK,MCX,"Makhachkala, Russia",RU,2027-03-01,3,https://www.aviasales.com/search/JFK0103MCX1?marker=741311
684,510,USD,LAX,COV,"Mersin, Turkiye",TR,2027-02-14,4,https://www.aviasales.com/search/LAX1402COV1?marker=741311
685,512,USD,LAS,PNH,"Phnom Penh, Cambodia",KH,2027-02-11,2,https://www.aviasales.com/search/LAS1102PNH1?marker=741311
686,513,USD,ATL,ERF,"Erfurt, Germany",DE,2026-09-29,3,https://www.aviasales.com/search/ATL2909ERF1?marker=741311
687,513,USD,MIA,SBH,"Saint Barthelemy, Guadeloupe",GP,2027-01-05,1,https://www.aviasales.com/search/MIA0501SBH1?marker=741311
688,515,USD,JFK,KTM,"Kathmandu, Nepal",NP,2026-10-22,3,https://www.aviasales.com/search/JFK2210KTM1?marker=741311
689,516,USD,JFK,KUF,"Samara, Russia",RU,2026-10-21,3,https://www.aviasales.com/search/JFK2110KUF1?marker=741311
690,516,USD,IAD,LWB,"Lewisburg, United States",US,2026-10-04,2,https://www.aviasales.com/search/IAD0410LWB1?marker=741311
691,516,USD,SAN,DLC,"Dalian, China",CN,2026-10-26,2,https://www.aviasales.com/search/SAN2610DLC1?marker=741311
692,517,USD,JFK,ULY,"Ulyanovsk, Russia",RU,2026-10-05,3,https://www.aviasales.com/search/JFK0510ULY1?marker=741311
693,517,USD,SEA,YZZ,"Trail, Canada",CA,2026-10-07,1,https://www.aviasales.com/search/SEA0710YZZ1?marker=741311
694,518,USD,SFO,KEM,"Kemi, Finland",FI,2027-02-01,2,https://www.aviasales.com/search/SFO0102KEM1?marker=741311
695,519,USD,MIA,SYX,"Sanya, China",CN,2026-11-10,2,https://www.aviasales.com/search/MIA1011SYX1?marker=741311
696,521,USD,ORD,ART,"Watertown, United States",US,2026-10-09,1,https://www.aviasales.com/search/ORD0910ART1?marker=741311
697,521,USD,JFK,CRK,"City of Angeles, Philippines",PH,2026-10-23,2,https://www.aviasales.com/search/JFK2310CRK1?marker=741311
698,521,USD,JFK,KAO,"Kuusamo, Finland",FI,2027-01-07,3,https://www.aviasales.com/search/JFK0701KAO1?marker=741311
699,523,USD,SFO,IDR,"Indore, India",IN,2026-10-29,1,https://www.aviasales.com/search/SFO2910IDR1?marker=741311
700,525,USD,LAX,SAI,"Siem Reap, Cambodia",KH,2026-10-20,2,https://www.aviasales.com/search/LAX2010SAI1?marker=741311
701,526,USD,JFK,COR,"Cordoba, Argentina",AR,2026-10-13,1,https://www.aviasales.com/search/JFK1310COR1?marker=741311
702,527,USD,JFK,DKR,"Dakar, Senegal",SN,2026-11-20,2,https://www.aviasales.com/search/JFK2011DKR1?marker=741311
703,531,USD,DFW,KHI,"Karachi, Pakistan",PK,2026-09-30,2,https://www.aviasales.com/search/DFW3009KHI1?marker=741311
704,531,USD,LAX,SZX,"Shenzhen, China",CN,2026-10-14,1,https://www.aviasales.com/search/LAX1410SZX1?marker=741311
705,536,USD,JFK,OVB,"Novosibirsk, Russia",RU,2026-10-04,3,https://www.aviasales.com/search/JFK0410OVB1?marker=741311
706,536,USD,JFK,UFA,"Ufa, Russia",RU,2027-02-21,4,https://www.aviasales.com/search/JFK2102UFA1?marker=741311
707,537,USD,JFK,CSY,"Cheboksary, Russia",RU,2026-10-04,3,https://www.aviasales.com/search/JFK0410CSY1?marker=741311
708,537,USD,LAX,MPL,"Montpellier, France",FR,2026-09-29,2,https://www.aviasales.com/search/LAX2909MPL1?marker=741311
709,538,USD,JFK,CPT,"Cape Town, South Africa",ZA,2026-11-24,1,https://www.aviasales.com/search/JFK2411CPT1?marker=741311
710,540,USD,BOS,IJK,"Izhevsk, Russia",RU,2027-01-17,4,https://www.aviasales.com/search/BOS1701IJK1?marker=741311
711,541,USD,JFK,CEK,"Chelyabinsk, Russia",RU,2026-10-03,3,https://www.aviasales.com/search/JFK0310CEK1?marker=741311
712,541,USD,LAX,USM,"Koh Samui, Thailand",TH,2026-12-07,2,https://www.aviasales.com/search/LAX0712USM1?marker=741311
713,541,USD,LAX,CHC,"Christchurch, New Zealand",NZ,2026-11-05,2,https://www.aviasales.com/search/LAX0511CHC1?marker=741311
714,542,USD,JFK,VOG,"Volgograd, Russia",RU,2026-10-04,3,https://www.aviasales.com/search/JFK0410VOG1?marker=741311
715,543,USD,ORD,BGW,"Baghdad, Iraq",IQ,2026-11-12,3,https://www.aviasales.com/search/ORD1211BGW1?marker=741311
716,544,USD,LAX,AKX,"Aktobe, Kazakhstan",KZ,2027-01-15,3,https://www.aviasales.com/search/LAX1501AKX1?marker=741311
717,547,USD,SFO,FAE,"Sorvágur, Faroe Islands",FO,2026-10-24,2,https://www.aviasales.com/search/SFO2410FAE1?marker=741311
718,548,USD,JFK,KUA,"Kuantan, Malaysia",MY,2027-01-10,2,https://www.aviasales.com/search/JFK1001KUA1?marker=741311
719,551,USD,LAX,VVO,"Vladivostok, Russia",RU,2026-10-27,3,https://www.aviasales.com/search/LAX2710VVO1?marker=741311
720,551,USD,JFK,CNX,"Chiang Mai, Thailand",TH,2026-10-16,2,https://www.aviasales.com/search/JFK1610CNX1?marker=741311
721,554,USD,JFK,DGT,"Dumaguete, Philippines",PH,2026-10-19,2,https://www.aviasales.com/search/JFK1910DGT1?marker=741311
722,555,USD,JFK,GOJ,"Nizhniy Novgorod, Russia",RU,2026-10-05,3,https://www.aviasales.com/search/JFK0510GOJ1?marker=741311
723,556,USD,JFK,GRO,"Girona, Spain",ES,2026-10-01,1,https://www.aviasales.com/search/JFK0110GRO1?marker=741311
724,556,USD,LAX,YIW,"Yiwu, China",CN,2027-01-31,1,https://www.aviasales.com/search/LAX3101YIW1?marker=741311
725,557,USD,SFO,HGH,"Hangzhou, China",CN,2026-10-12,1,https://www.aviasales.com/search/SFO1210HGH1?marker=741311
726,559,USD,LAX,BNE,"Brisbane, Australia",AU,2026-10-14,1,https://www.aviasales.com/search/LAX1410BNE1?marker=741311
727,561,USD,JFK,PUQ,"Punta Arenas, Chile",CL,2026-11-30,3,https://www.aviasales.com/search/JFK3011PUQ1?marker=741311
728,563,USD,DFW,EAP,"Basel, Switzerland",CH,2026-10-01,2,https://www.aviasales.com/search/DFW0110EAP1?marker=741311
729,565,USD,LAS,IXE,"Mangalore, India",IN,2027-03-10,3,https://www.aviasales.com/search/LAS1003IXE1?marker=741311
730,569,USD,LAX,IKT,"Irkutsk, Russia",RU,2026-10-26,1,https://www.aviasales.com/search/LAX2610IKT1?marker=741311
731,570,USD,SFO,BOB,"Bora Bora, French Polynesia",PF,2026-10-11,1,https://www.aviasales.com/search/SFO1110BOB1?marker=741311
732,574,USD,LAX,FRS,"Flores, Guatemala",GT,2026-12-16,3,https://www.aviasales.com/search/LAX1612FRS1?marker=741311
733,576,USD,JFK,PEE,"Perm, Russia",RU,2026-10-01,3,https://www.aviasales.com/search/JFK0110PEE1?marker=741311
734,578,USD,JFK,TAG,"Tagbilaran, Philippines",PH,2026-11-15,2,https://www.aviasales.com/search/JFK1511TAG1?marker=741311
735,579,USD,LAX,OSS,"Osh, Kyrgyzstan",KG,2027-01-31,2,https://www.aviasales.com/search/LAX3101OSS1?marker=741311
736,579,USD,ORD,HAK,"Haikou, China",CN,2026-11-29,1,https://www.aviasales.com/search/ORD2911HAK1?marker=741311
737,579,USD,CLT,BLR,"Bengaluru, India",IN,2026-10-31,2,https://www.aviasales.com/search/CLT3110BLR1?marker=741311
738,582,USD,JFK,ASF,"Astrakhan, Russia",RU,2026-10-19,3,https://www.aviasales.com/search/JFK1910ASF1?marker=741311
739,583,USD,MSP,EBL,"Erbil, Iraq",IQ,2026-11-03,4,https://www.aviasales.com/search/MSP0311EBL1?marker=741311
740,584,USD,JFK,KBL,"Kabul, Afghanistan",AF,2026-10-10,2,https://www.aviasales.com/search/JFK1010KBL1?marker=741311
741,585,USD,JFK,FEG,"Fergana, Uzbekistan",UZ,2026-10-02,3,https://www.aviasales.com/search/JFK0210FEG1?marker=741311
742,585,USD,JFK,CMF,"Chambery, France",FR,2027-02-13,2,https://www.aviasales.com/search/JFK1302CMF1?marker=741311
743,585,USD,PDX,DIY,"Diyarbakir, Turkiye",TR,2027-03-24,3,https://www.aviasales.com/search/PDX2403DIY1?marker=741311
744,587,USD,MIA,SBZ,"Sibiu, Romania",RO,2026-10-08,2,https://www.aviasales.com/search/MIA0810SBZ1?marker=741311
745,587,USD,IAD,TZX,"Trabzon, Turkiye",TR,2026-10-08,2,https://www.aviasales.com/search/IAD0810TZX1?marker=741311
746,588,USD,MIA,DUR,"Durban, South Africa",ZA,2026-10-04,2,https://www.aviasales.com/search/MIA0410DUR1?marker=741311
747,589,USD,MIA,BCM,"Bacau, Romania",RO,2026-10-02,3,https://www.aviasales.com/search/MIA0210BCM1?marker=741311
748,589,USD,MIA,LCE,"La Ceiba, Honduras",HN,2026-12-06,3,https://www.aviasales.com/search/MIA0612LCE1?marker=741311
749,589,USD,JFK,GRV,"Groznyy, Russia",RU,2026-09-29,2,https://www.aviasales.com/search/JFK2909GRV1?marker=741311
750,591,USD,LAX,PUS,"Busan, South Korea",KR,2027-01-02,1,https://www.aviasales.com/search/LAX0201PUS1?marker=741311
751,592,USD,JFK,KGL,"Kigali, Rwanda",RW,2026-10-23,1,https://www.aviasales.com/search/JFK2310KGL1?marker=741311
752,592,USD,JFK,REN,"Orenburg, Russia",RU,2026-10-12,3,https://www.aviasales.com/search/JFK1210REN1?marker=741311
753,594,USD,SLC,BTM,"Butte, United States",US,2026-10-03,1,https://www.aviasales.com/search/SLC0310BTM1?marker=741311
754,599,USD,JFK,BJL,"Banjul, Gambia",GM,2026-11-02,3,https://www.aviasales.com/search/JFK0211BJL1?marker=741311
755,600,USD,SFO,GYN,"Goiania, Brazil",BR,2026-12-07,2,https://www.aviasales.com/search/SFO0712GYN1?marker=741311
756,602,USD,ORD,NKG,"Nanjing, China",CN,2026-12-30,1,https://www.aviasales.com/search/ORD3012NKG1?marker=741311
757,604,USD,IAD,IXZ,"Port Blair, India",IN,2026-10-03,2,https://www.aviasales.com/search/IAD0310IXZ1?marker=741311
758,607,USD,JFK,KGD,"Kaliningrad, Russia",RU,2026-10-03,3,https://www.aviasales.com/search/JFK0310KGD1?marker=741311
759,615,USD,IAH,MAA,"Chennai, India",IN,2026-11-01,3,https://www.aviasales.com/search/IAH0111MAA1?marker=741311
760,619,USD,JFK,OMS,"Omsk, Russia",RU,2026-09-29,3,https://www.aviasales.com/search/JFK2909OMS1?marker=741311
761,619,USD,LAX,SPN,"Saipan, Northern Mariana Islands",MP,2026-10-01,2,https://www.aviasales.com/search/LAX0110SPN1?marker=741311
762,619,USD,IAH,TUF,"Tours, France",FR,2026-11-19,3,https://www.aviasales.com/search/IAH1911TUF1?marker=741311
763,623,USD,IAD,NMA,"Namangan, Uzbekistan",UZ,2026-10-10,2,https://www.aviasales.com/search/IAD1010NMA1?marker=741311
764,623,USD,LAS,PAT,"Patna, India",IN,2027-03-10,3,https://www.aviasales.com/search/LAS1003PAT1?marker=741311
765,624,USD,LAX,RAR,"Rarotonga, Cook Islands",CK,2026-10-01,1,https://www.aviasales.com/search/LAX0110RAR1?marker=741311
766,625,USD,JFK,KJA,"Krasnoyarsk, Russia",RU,2026-10-12,3,https://www.aviasales.com/search/JFK1210KJA1?marker=741311
767,629,USD,MIA,PAP,"Port-au-Prince, Haiti",HT,2026-10-04,1,https://www.aviasales.com/search/MIA0410PAP1?marker=741311
768,632,USD,JFK,BWN,"Bandar Seri Begawan, Brunei",BN,2026-10-16,3,https://www.aviasales.com/search/JFK1610BWN1?marker=741311
769,632,USD,MCO,LIO,"Limon, Costa Rica",CR,2027-01-04,3,https://www.aviasales.com/search/MCO0401LIO1?marker=741311
770,636,USD,JFK,ENI,"El Nido, Philippines",PH,2027-01-26,2,https://www.aviasales.com/search/JFK2601ENI1?marker=741311
771,644,USD,LAX,UGC,"Urgench, Uzbekistan",UZ,2026-10-17,3,https://www.aviasales.com/search/LAX1710UGC1?marker=741311
772,645,USD,LAS,UTP,"Pattaya, Thailand",TH,2026-10-20,4,https://www.aviasales.com/search/LAS2010UTP1?marker=741311
773,646,USD,JFK,AXM,"Armenia, Colombia",CO,2026-12-18,1,https://www.aviasales.com/search/JFK1812AXM1?marker=741311
774,649,USD,LAX,TBU,"Nuku'alofa, Tonga",TO,2027-03-24,1,https://www.aviasales.com/search/LAX2403TBU1?marker=741311
775,650,USD,JFK,JNB,"Johannesburg, South Africa",ZA,2026-10-07,3,https://www.aviasales.com/search/JFK0710JNB1?marker=741311
776,650,USD,DTW,DMM,"Dammam, Saudi Arabia",SA,2026-09-30,2,https://www.aviasales.com/search/DTW3009DMM1?marker=741311
777,656,USD,JFK,OUA,"Ouagadougou, Burkina Faso",BF,2026-09-29,3,https://www.aviasales.com/search/JFK2909OUA1?marker=741311
778,656,USD,SFO,IAR,"Yaroslavl, Russia",RU,2027-02-01,4,https://www.aviasales.com/search/SFO0102IAR1?marker=741311
779,657,USD,ATL,SCW,"Syktyvkar, Russia",RU,2026-10-07,4,https://www.aviasales.com/search/ATL0710SCW1?marker=741311
780,658,USD,IAD,ACC,"Accra, Ghana",GH,2027-03-24,1,https://www.aviasales.com/search/IAD2403ACC1?marker=741311
781,658,USD,SLC,IGU,"Foz do Iguaçu, Brazil",BR,2026-11-03,4,https://www.aviasales.com/search/SLC0311IGU1?marker=741311
782,659,USD,LAX,PER,"Perth, Australia",AU,2026-10-14,2,https://www.aviasales.com/search/LAX1410PER1?marker=741311
783,659,USD,LAX,OOL,"Gold Coast, Australia",AU,2026-10-10,2,https://www.aviasales.com/search/LAX1010OOL1?marker=741311
784,663,USD,JFK,SMR,"Santa Marta, Colombia",CO,2026-12-25,1,https://www.aviasales.com/search/JFK2512SMR1?marker=741311
785,664,USD,LAX,EUN,"Laayoune, Western Sahara",EH,2026-10-15,3,https://www.aviasales.com/search/LAX1510EUN1?marker=741311
786,665,USD,SFO,CCU,"Kolkata, India",IN,2026-09-30,2,https://www.aviasales.com/search/SFO3009CCU1?marker=741311
787,668,USD,LAX,HEK,"Heihe, China",CN,2026-10-01,2,https://www.aviasales.com/search/LAX0110HEK1?marker=741311
788,670,USD,DFW,MAR,"Maracaibo, Venezuela",VE,2027-01-20,1,https://www.aviasales.com/search/DFW2001MAR1?marker=741311
789,673,USD,IAD,YAO,"Yaounde, Cameroon",CM,2026-10-28,1,https://www.aviasales.com/search/IAD2810YAO1?marker=741311
790,675,USD,JFK,MLW,"Monrovia, Liberia",LR,2026-10-17,1,https://www.aviasales.com/search/JFK1710MLW1?marker=741311
791,675,USD,JFK,KHN,"Nanchang, China",CN,2026-10-01,2,https://www.aviasales.com/search/JFK0110KHN1?marker=741311
792,675,USD,LAX,URJ,"Uraj, Russia",RU,2026-12-02,4,https://www.aviasales.com/search/LAX0212URJ1?marker=741311
793,676,USD,MIA,RGN,"Yangon, Myanmar",MM,2026-10-01,3,https://www.aviasales.com/search/MIA0110RGN1?marker=741311
794,677,USD,IAH,BAX,"Barnaul, Russia",RU,2027-01-13,4,https://www.aviasales.com/search/IAH1301BAX1?marker=741311
795,677,USD,BOS,TDX,"Trat, Thailand",TH,2026-10-15,2,https://www.aviasales.com/search/BOS1510TDX1?marker=741311
796,678,USD,SEA,BQS,"Blagoveschensk, Russia",RU,2027-03-01,3,https://www.aviasales.com/search/SEA0103BQS1?marker=741311
797,679,USD,JFK,BHK,"Bukhara, Uzbekistan",UZ,2026-10-27,2,https://www.aviasales.com/search/JFK2710BHK1?marker=741311
798,683,USD,JFK,ABV,"Abuja, Nigeria",NG,2026-12-01,1,https://www.aviasales.com/search/JFK0112ABV1?marker=741311
799,684,USD,LAX,PEW,"Peshawar, Pakistan",PK,2026-10-12,3,https://www.aviasales.com/search/LAX1210PEW1?marker=741311
800,685,USD,JFK,TMJ,"Termez, Uzbekistan",UZ,2026-10-12,2,https://www.aviasales.com/search/JFK1210TMJ1?marker=741311
801,685,USD,PDX,YAZ,"Tofino, Canada",CA,2026-10-08,3,https://www.aviasales.com/search/PDX0810YAZ1?marker=741311
802,686,USD,MIA,MPH,"Caticlan, Philippines",PH,2026-10-05,3,https://www.aviasales.com/search/MIA0510MPH1?marker=741311
803,686,USD,TPA,YNT,"Yantai, China",CN,2026-11-05,3,https://www.aviasales.com/search/TPA0511YNT1?marker=741311
804,688,USD,ORD,ADD,"Addis Ababa, Ethiopia",ET,2026-12-27,2,https://www.aviasales.com/search/ORD2712ADD1?marker=741311
805,690,USD,JFK,SEZ,"Mahe, Seychelles",SC,2027-01-22,1,https://www.aviasales.com/search/JFK2201SEZ1?marker=741311
806,691,USD,JFK,VIJ,"Virgin Gorda, British Virgin Islands",VG,2026-12-11,1,https://www.aviasales.com/search/JFK1112VIJ1?marker=741311
807,692,USD,LAX,KHV,"Khabarovsk, Russia",RU,2026-09-29,2,https://www.aviasales.com/search/LAX2909KHV1?marker=741311
808,694,USD,JFK,STW,"Stavropol, Russia",RU,2026-10-04,4,https://www.aviasales.com/search/JFK0410STW1?marker=741311
809,696,USD,SEA,BQT,"Brest, Belarus",BY,2026-10-23,4,https://www.aviasales.com/search/SEA2310BQT1?marker=741311
810,699,USD,JFK,SGC,"Surgut, Russia",RU,2026-11-13,3,https://www.aviasales.com/search/JFK1311SGC1?marker=741311
811,699,USD,DEN,CHX,"Changuinola, Panama",PA,2026-10-03,3,https://www.aviasales.com/search/DEN0310CHX1?marker=741311
812,702,USD,JFK,TJM,"Tyumen, Russia",RU,2027-03-11,3,https://www.aviasales.com/search/JFK1103TJM1?marker=741311
813,702,USD,PDX,URC,"Urumqi, China",CN,2026-10-15,2,https://www.aviasales.com/search/PDX1510URC1?marker=741311
814,707,USD,DFW,KGF,"Karagandy, Kazakhstan",KZ,2026-09-30,2,https://www.aviasales.com/search/DFW3009KGF1?marker=741311
815,707,USD,JFK,NKC,"Nouakchott, Mauritania",MR,2026-11-02,1,https://www.aviasales.com/search/JFK0211NKC1?marker=741311
816,709,USD,IAH,ASW,"Aswan, Egypt",EG,2026-11-24,3,https://www.aviasales.com/search/IAH2411ASW1?marker=741311
817,710,USD,ORD,AZN,"Andijan, Uzbekistan",UZ,2026-10-06,2,https://www.aviasales.com/search/ORD0610AZN1?marker=741311
818,710,USD,LAX,MMA,"Malmo, Sweden",SE,2026-10-02,3,https://www.aviasales.com/search/LAX0210MMA1?marker=741311
819,718,USD,JFK,PKR,"Pokhara, Nepal",NP,2026-10-22,3,https://www.aviasales.com/search/JFK2210PKR1?marker=741311
820,720,USD,MCO,TOF,"Tomsk, Russia",RU,2026-11-08,4,https://www.aviasales.com/search/MCO0811TOF1?marker=741311
821,724,USD,LAX,MOZ,"Moorea, French Polynesia",PF,2026-12-03,1,https://www.aviasales.com/search/LAX0312MOZ1?marker=741311
822,727,USD,SFO,PEZ,"Penza, Russia",RU,2027-02-01,3,https://www.aviasales.com/search/SFO0102PEZ1?marker=741311
823,728,USD,IAH,QSF,"Setif, Algeria",DZ,2026-10-10,3,https://www.aviasales.com/search/IAH1010QSF1?marker=741311
824,731,USD,SEA,YQY,"Sydney, Canada",CA,2026-10-03,2,https://www.aviasales.com/search/SEA0310YQY1?marker=741311
825,732,USD,LAX,ASB,"Ashgabat, Turkmenistan",TM,2026-11-10,2,https://www.aviasales.com/search/LAX1011ASB1?marker=741311
826,735,USD,ORD,ZNZ,"Zanzibar, Tanzania",TZ,2026-10-20,3,https://www.aviasales.com/search/ORD2010ZNZ1?marker=741311
827,736,USD,MIA,HSA,"Turkistan, Kazakhstan",KZ,2027-01-08,3,https://www.aviasales.com/search/MIA0801HSA1?marker=741311
828,736,USD,JFK,BKO,"Bamako, Mali",ML,2026-11-15,1,https://www.aviasales.com/search/JFK1511BKO1?marker=741311
829,739,USD,IAD,LBV,"Libreville, Gabon",GA,2026-11-25,2,https://www.aviasales.com/search/IAD2511LBV1?marker=741311
830,746,USD,JFK,WDH,"Windhoek, Namibia",NA,2026-10-20,3,https://www.aviasales.com/search/JFK2010WDH1?marker=741311
831,752,USD,LAX,UUD,"Ulan-Ude, Russia",RU,2026-10-03,4,https://www.aviasales.com/search/LAX0310UUD1?marker=741311
832,753,USD,MIA,MRU,"Mauritius, Mauritius",MU,2026-11-13,1,https://www.aviasales.com/search/MIA1311MRU1?marker=741311
833,754,USD,LAX,OSD,"Ostersund, Sweden",SE,2026-10-01,3,https://www.aviasales.com/search/LAX0110OSD1?marker=741311
834,758,USD,BOS,GOH,"Nuuk, Greenland",GL,2026-10-29,1,https://www.aviasales.com/search/BOS2910GOH1?marker=741311
835,758,USD,PHX,WNZ,"Wenzhou, China",CN,2026-12-11,2,https://www.aviasales.com/search/PHX1112WNZ1?marker=741311
836,759,USD,DFW,VLN,"Valencia, Venezuela",VE,2027-01-20,2,https://www.aviasales.com/search/DFW2001VLN1?marker=741311
837,759,USD,SFO,RTW,"Saratov, Russia",RU,2026-10-07,2,https://www.aviasales.com/search/SFO0710RTW1?marker=741311
838,765,USD,JFK,BRN,"Bern, Switzerland",CH,2026-10-04,2,https://www.aviasales.com/search/JFK0410BRN1?marker=741311
839,773,USD,JFK,LLW,"Lilongwe, Malawi",MW,2026-10-07,2,https://www.aviasales.com/search/JFK0710LLW1?marker=741311
840,780,USD,JFK,UUS,"Yuzhno-Sakhalinsk, Russia",RU,2026-11-10,4,https://www.aviasales.com/search/JFK1011UUS1?marker=741311
841,781,USD,IAD,ETZ,"Metz/Nancy, France",FR,2027-01-10,3,https://www.aviasales.com/search/IAD1001ETZ1?marker=741311
842,784,USD,JFK,TRG,"Tauranga, New Zealand",NZ,2026-11-10,3,https://www.aviasales.com/search/JFK1011TRG1?marker=741311
843,791,USD,LAX,PKC,"Petropavlovsk-Kamchatsky, Russia",RU,2026-12-02,2,https://www.aviasales.com/search/LAX0212PKC1?marker=741311
844,793,USD,JFK,ABJ,"Abidjan, Ivory Coast",CI,2026-12-17,1,https://www.aviasales.com/search/JFK1712ABJ1?marker=741311
845,793,USD,LAS,NJF,"Al-Najaf, Iraq",IQ,2026-11-04,2,https://www.aviasales.com/search/LAS0411NJF1?marker=741311
846,795,USD,DFW,NTG,"Nantong, China",CN,2027-03-29,2,https://www.aviasales.com/search/DFW2903NTG1?marker=741311
847,796,USD,ORD,NBC,"Naberezhnye Chelny, Russia",RU,2026-10-05,4,https://www.aviasales.com/search/ORD0510NBC1?marker=741311
848,797,USD,MIA,LAD,"Luanda, Angola",AO,2026-10-09,2,https://www.aviasales.com/search/MIA0910LAD1?marker=741311
849,801,USD,JFK,POR,"Pori, Finland",FI,2026-09-30,1,https://www.aviasales.com/search/JFK3009POR1?marker=741311
850,804,USD,ATL,MGQ,"Mogadishu, Somalia",SO,2027-02-05,2,https://www.aviasales.com/search/ATL0502MGQ1?marker=741311
851,805,USD,MCO,GDX,"Magadan, Russia",RU,2026-10-27,3,https://www.aviasales.com/search/MCO2710GDX1?marker=741311
852,808,USD,JFK,CSX,"Changsha, China",CN,2026-10-07,3,https://www.aviasales.com/search/JFK0710CSX1?marker=741311
853,810,USD,JFK,MQF,"Magnitogorsk, Russia",RU,2026-10-08,3,https://www.aviasales.com/search/JFK0810MQF1?marker=741311
854,822,USD,SFO,SUI,"Sukhumi, Abkhazia",AB,2026-10-05,3,https://www.aviasales.com/search/SFO0510SUI1?marker=741311
855,827,USD,IAD,KDH,"Kandahar, Afghanistan",AF,2026-10-30,2,https://www.aviasales.com/search/IAD3010KDH1?marker=741311
856,827,USD,JFK,GME,"Gomel, Belarus",BY,2026-10-30,3,https://www.aviasales.com/search/JFK3010GME1?marker=741311
857,829,USD,LAX,KVX,"Kirov, Russia",RU,2026-10-07,4,https://www.aviasales.com/search/LAX0710KVX1?marker=741311
858,834,USD,PDX,HRE,"Harare, Zimbabwe",ZW,2026-10-14,2,https://www.aviasales.com/search/PDX1410HRE1?marker=741311
859,835,USD,SEA,HNH,"Hoonah, United States",US,2026-10-08,1,https://www.aviasales.com/search/SEA0810HNH1?marker=741311
860,842,USD,JFK,KSQ,"Qarshi, Uzbekistan",UZ,2026-10-03,1,https://www.aviasales.com/search/JFK0310KSQ1?marker=741311
861,853,USD,LAX,OVD,"Asturias, Spain",ES,2026-12-21,3,https://www.aviasales.com/search/LAX2112OVD1?marker=741311
862,855,USD,JFK,LBD,"Khujand, Tajikistan",TJ,2026-10-01,4,https://www.aviasales.com/search/JFK0110LBD1?marker=741311
863,859,USD,SLC,MBA,"Mombasa, Kenya",KE,2026-10-17,3,https://www.aviasales.com/search/SLC1710MBA1?marker=741311
864,863,USD,LAS,KNU,"Kanpur, India",IN,2027-03-10,3,https://www.aviasales.com/search/LAS1003KNU1?marker=741311
865,866,USD,JFK,MMK,"Murmansk, Russia",RU,2026-10-01,3,https://www.aviasales.com/search/JFK0110MMK1?marker=741311
866,877,USD,JFK,KSN,"Kostanay, Kazakhstan",KZ,2026-12-25,3,https://www.aviasales.com/search/JFK2512KSN1?marker=741311
867,889,USD,SEA,ABS,"Abu Simbel, Egypt",EG,2026-10-29,3,https://www.aviasales.com/search/SEA2910ABS1?marker=741311
868,905,USD,LAX,NSK,"Norilsk, Russia",RU,2027-02-01,4,https://www.aviasales.com/search/LAX0102NSK1?marker=741311
869,920,USD,AUS,LFW,"Lome, Togo",TG,2026-10-28,2,https://www.aviasales.com/search/AUS2810LFW1?marker=741311
870,930,USD,SEA,PPG,"Pago Pago, American Samoa",AS,2026-12-21,1,https://www.aviasales.com/search/SEA2112PPG1?marker=741311
871,933,USD,DEN,TNR,"Antananarivo, Madagascar",MG,2026-10-15,4,https://www.aviasales.com/search/DEN1510TNR1?marker=741311
872,941,USD,CLT,LUN,"Lusaka, Zambia",ZM,2026-10-01,2,https://www.aviasales.com/search/CLT0110LUN1?marker=741311
873,967,USD,ATL,KZO,"Kzyl-Orda, Kazakhstan",KZ,2026-12-11,4,https://www.aviasales.com/search/ATL1112KZO1?marker=741311
874,974,USD,SFO,ADL,"Adelaide, Australia",AU,2026-10-09,2,https://www.aviasales.com/search/SFO0910ADL1?marker=741311
875,983,USD,DEN,ARK,"Arusha, Tanzania",TZ,2026-12-01,3,https://www.aviasales.com/search/DEN0112ARK1?marker=741311
876,1000,USD,JFK,MPM,"Maputo, Mozambique",MZ,2026-09-29,3,https://www.aviasales.com/search/JFK2909MPM1?marker=741311
877,1007,USD,LAX,KEJ,"Kemerovo, Russia",RU,2026-10-09,4,https://www.aviasales.com/search/LAX0910KEJ1?marker=741311
878,1017,USD,IAD,DMB,"Taraz, Kazakhstan",KZ,2026-10-23,3,https://www.aviasales.com/search/IAD2310DMB1?marker=741311
879,1038,USD,SFO,BJM,"Bujumbura, Burundi",BI,2026-10-01,2,https://www.aviasales.com/search/SFO0110BJM1?marker=741311
880,1044,USD,JFK,PLX,"Semey, Kazakhstan",KZ,2026-12-19,2,https://www.aviasales.com/search/JFK1912PLX1?marker=741311
881,1045,USD,LAX,DYR,"Anadyr, Russia",RU,2026-12-02,4,https://www.aviasales.com/search/LAX0212DYR1?marker=741311
882,1061,USD,JFK,VLI,"Port Vila, Vanuatu",VU,2026-12-24,2,https://www.aviasales.com/search/JFK2412VLI1?marker=741311
883,1061,USD,IAH,CSG,"Columbus, United States",US,2026-10-08,3,https://www.aviasales.com/search/IAH0810CSG1?marker=741311
884,1071,USD,SFO,JUB,"Juba, South Sudan",SS,2026-10-01,3,https://www.aviasales.com/search/SFO0110JUB1?marker=741311
885,1083,USD,JFK,IPC,"Easter Island, Chile",CL,2027-01-30,1,https://www.aviasales.com/search/JFK3001IPC1?marker=741311
886,1087,USD,IAD,COO,"Cotonou, Benin",BJ,2026-12-15,3,https://www.aviasales.com/search/IAD1512COO1?marker=741311
887,1100,USD,JFK,GVR,"Governador Valadares, Brazil",BR,2026-12-17,2,https://www.aviasales.com/search/JFK1712GVR1?marker=741311
888,1119,USD,LAX,YHI,"Holman, Canada",CA,2026-12-08,2,https://www.aviasales.com/search/LAX0812YHI1?marker=741311
889,1159,USD,MSP,YRL,"Red Lake, Canada",CA,2026-10-05,2,https://www.aviasales.com/search/MSP0510YRL1?marker=741311
890,1175,USD,PHX,HDS,"Hoedspruit, South Africa",ZA,2026-10-06,4,https://www.aviasales.com/search/PHX0610HDS1?marker=741311
891,1176,USD,TPA,BRM,"Barquisimeto, Venezuela",VE,2026-12-18,1,https://www.aviasales.com/search/TPA1812BRM1?marker=741311
892,1206,USD,JFK,GDZ,"Gelendzik, Russia",RU,2026-09-29,3,https://www.aviasales.com/search/JFK2909GDZ1?marker=741311
893,1217,USD,SFO,JRO,"Kilimanjaro, Tanzania",TZ,2026-12-25,4,https://www.aviasales.com/search/SFO2512JRO1?marker=741311
894,1229,USD,LAX,TKK,"Truk, Micronesia",FM,2026-10-28,4,https://www.aviasales.com/search/LAX2810TKK1?marker=741311
895,1342,USD,IAD,GNJ,"Ganja, Azerbaijan",AZ,2026-10-05,2,https://www.aviasales.com/search/IAD0510GNJ1?marker=741311
896,1404,USD,JFK,YYB,"North Bay, Canada",CA,2026-10-03,2,https://www.aviasales.com/search/JFK0310YYB1?marker=741311
897,1510,USD,LAX,AIT,"Aitutaki, Cook Islands",CK,2026-10-06,2,https://www.aviasales.com/search/LAX0610AIT1?marker=741311
898,1957,USD,ORD,KRT,"Khartoum, Sudan",SD,2026-12-01,2,https://www.aviasales.com/search/ORD0112KRT1?marker=741311
899,1976,USD,ORD,RGK,"Gorno-Altaysk, Russia",RU,2026-09-29,3,https://www.aviasales.com/search/ORD2909RGK1?marker=741311
900,2060,USD,JFK,YVP,"Kuujjuaq, Canada",CA,2026-10-03,3,https://www.aviasales.com/search/JFK0310YVP1?marker=741311
