rank,price,currency,origin,destination_code,destination_name,country_code,depart,stops,booking_link
1,23,USD,SAN,PHX,"Phoenix, United States",US,2026-09-26,0,https://www.aviasales.com/search/SAN2609PHX1?marker=741311
2,23,USD,PHX,SAN,"San Diego, United States",US,2026-09-27,0,https://www.aviasales.com/search/PHX2709SAN1?marker=741311
3,23,USD,SAN,SFO,"San Francisco, United States",US,2026-09-09,0,https://www.aviasales.com/search/SAN0909SFO1?marker=741311
4,24,USD,TPA,ATL,"Atlanta, United States",US,2026-09-24,0,https://www.aviasales.com/search/TPA2409ATL1?marker=741311
5,25,USD,ATL,ORL,"Orlando, United States",US,2026-08-25,0,https://www.aviasales.com/search/ATL2508ORL1?marker=741311
6,27,USD,SFO,ONT,"Ontario, United States",US,2026-09-24,0,https://www.aviasales.com/search/SFO2409ONT1?marker=741311
7,27,USD,LAS,LAX,"Los Angeles, United States",US,2026-09-01,0,https://www.aviasales.com/search/LAS0109LAX1?marker=741311
8,29,USD,LAX,LAS,"Las Vegas, United States",US,2026-09-21,0,https://www.aviasales.com/search/LAX2109LAS1?marker=741311
9,29,USD,LAX,SJC,"San Jose, United States",US,2026-09-06,0,https://www.aviasales.com/search/LAX0609SJC1?marker=741311
10,31,USD,MIA,CLE,"Cleveland, United States",US,2026-08-18,0,https://www.aviasales.com/search/MIA1808CLE1?marker=741311
11,33,USD,LAX,DEN,"Denver, United States",US,2026-09-11,0,https://www.aviasales.com/search/LAX1109DEN1?marker=741311
12,34,USD,BNA,CHI,"Chicago, United States",US,2026-09-03,0,https://www.aviasales.com/search/BNA0309CHI1?marker=741311
13,34,USD,ATL,MSY,"New Orleans, United States",US,2026-09-16,0,https://www.aviasales.com/search/ATL1609MSY1?marker=741311
14,35,USD,DEN,MSP,"Minneapolis, United States",US,2026-11-04,0,https://www.aviasales.com/search/DEN0411MSP1?marker=741311
15,36,USD,ATL,FLL,"Fort Lauderdale, United States",US,2026-08-21,0,https://www.aviasales.com/search/ATL2108FLL1?marker=741311
16,36,USD,MCO,RDU,"Raleigh, United States",US,2026-08-29,0,https://www.aviasales.com/search/MCO2908RDU1?marker=741311
17,36,USD,MIA,SJU,"San Juan, Puerto Rico",PR,2026-08-10,0,https://www.aviasales.com/search/MIA1008SJU1?marker=741311
18,37,USD,ATL,MIA,"Miami, United States",US,2026-08-27,0,https://www.aviasales.com/search/ATL2708MIA1?marker=741311
19,37,USD,LAS,OAK,"Oakland, United States",US,2026-09-05,0,https://www.aviasales.com/search/LAS0509OAK1?marker=741311
20,38,USD,MCO,HOU,"Houston, United States",US,2026-08-28,0,https://www.aviasales.com/search/MCO2808HOU1?marker=741311
21,38,USD,FLL,SWF,"Newburgh, United States",US,2026-12-03,0,https://www.aviasales.com/search/FLL0312SWF1?marker=741311
22,42,USD,MCO,WAS,"Washington, United States",US,2026-10-31,0,https://www.aviasales.com/search/MCO3110WAS1?marker=741311
23,42,USD,DEN,SEA,"Seattle, United States",US,2026-08-27,0,https://www.aviasales.com/search/DEN2708SEA1?marker=741311
24,43,USD,AUS,DSM,"Des Moines, United States",US,2026-09-03,0,https://www.aviasales.com/search/AUS0309DSM1?marker=741311
25,44,USD,ATL,BWI,"Baltimore, United States",US,2026-08-31,0,https://www.aviasales.com/search/ATL3108BWI1?marker=741311
26,44,USD,FLL,TPA,"Tampa, United States",US,2026-09-01,0,https://www.aviasales.com/search/FLL0109TPA1?marker=741311
27,44,USD,ATL,JAX,"Jacksonville, United States",US,2026-08-17,0,https://www.aviasales.com/search/ATL1708JAX1?marker=741311
28,45,USD,TPA,GSP,"Greenville, United States",US,2026-08-16,0,https://www.aviasales.com/search/TPA1608GSP1?marker=741311
29,46,USD,TPA,CVG,"Cincinnati, United States",US,2026-10-01,0,https://www.aviasales.com/search/TPA0110CVG1?marker=741311
30,46,USD,LAX,YVR,"Vancouver, Canada",CA,2026-09-27,1,https://www.aviasales.com/search/LAX2709YVR1?marker=741311
31,48,USD,TPA,ROC,"Rochester, United States",US,2026-09-12,0,https://www.aviasales.com/search/TPA1209ROC1?marker=741311
32,49,USD,ATL,PHL,"Philadelphia, United States",US,2026-10-04,0,https://www.aviasales.com/search/ATL0410PHL1?marker=741311
33,51,USD,MCO,NYC,"New York, United States",US,2026-09-16,0,https://www.aviasales.com/search/MCO1609NYC1?marker=741311
34,51,USD,LAS,SLC,"Salt Lake City, United States",US,2026-08-23,0,https://www.aviasales.com/search/LAS2308SLC1?marker=741311
35,51,USD,IAD,AVL,"Asheville, United States",US,2026-11-19,0,https://www.aviasales.com/search/IAD1911AVL1?marker=741311
36,52,USD,MCO,CMH,"Columbus, United States",US,2026-09-08,1,https://www.aviasales.com/search/MCO0809CMH1?marker=741311
37,53,USD,MCO,PNS,"Pensacola, United States",US,2026-08-15,0,https://www.aviasales.com/search/MCO1508PNS1?marker=741311
38,55,USD,BNA,FYV,"Fayetteville, United States",US,2026-08-21,0,https://www.aviasales.com/search/BNA2108FYV1?marker=741311
39,55,USD,PHX,BZN,"Bozeman, United States",US,2026-11-06,0,https://www.aviasales.com/search/PHX0611BZN1?marker=741311
40,56,USD,IAD,SAV,"Savannah, United States",US,2026-08-13,0,https://www.aviasales.com/search/IAD1308SAV1?marker=741311
41,57,USD,MCO,AUS,"Austin, United States",US,2026-09-16,0,https://www.aviasales.com/search/MCO1609AUS1?marker=741311
42,59,USD,DEN,ELP,"El Paso, United States",US,2026-09-23,0,https://www.aviasales.com/search/DEN2309ELP1?marker=741311
43,59,USD,MCO,DFW,"Dallas, United States",US,2026-09-18,0,https://www.aviasales.com/search/MCO1809DFW1?marker=741311
44,59,USD,PHX,SCK,"Stockton, United States",US,2026-09-21,0,https://www.aviasales.com/search/PHX2109SCK1?marker=741311
45,62,USD,MCO,BUF,"Buffalo, United States",US,2026-09-03,0,https://www.aviasales.com/search/MCO0309BUF1?marker=741311
46,62,USD,BNA,FSD,"Sioux Falls, United States",US,2026-08-31,0,https://www.aviasales.com/search/BNA3108FSD1?marker=741311
47,62,USD,LAS,FAT,"Fresno, United States",US,2026-08-17,0,https://www.aviasales.com/search/LAS1708FAT1?marker=741311
48,62,USD,LAX,YEA,"Edmonton, Canada",CA,2026-09-23,2,https://www.aviasales.com/search/LAX2309YEA1?marker=741311
49,63,USD,TPA,BNA,"Nashville, United States",US,2026-08-16,0,https://www.aviasales.com/search/TPA1608BNA1?marker=741311
50,64,USD,ORD,STL,"St Louis, United States",US,2026-09-11,0,https://www.aviasales.com/search/ORD1109STL1?marker=741311
51,65,USD,MCO,BOS,"Boston, United States",US,2026-10-01,0,https://www.aviasales.com/search/MCO0110BOS1?marker=741311
52,66,USD,LAS,MRY,"Monterey, United States",US,2026-08-17,0,https://www.aviasales.com/search/LAS1708MRY1?marker=741311
53,67,USD,TPA,TYS,"Knoxville, United States",US,2026-08-24,0,https://www.aviasales.com/search/TPA2408TYS1?marker=741311
54,67,USD,MCO,DTT,"Detroit, United States",US,2026-10-15,1,https://www.aviasales.com/search/MCO1510DTT1?marker=741311
55,67,USD,ATL,HVN,"New Haven, United States",US,2026-08-27,0,https://www.aviasales.com/search/ATL2708HVN1?marker=741311
56,67,USD,IAD,MGW,"Morgantown, United States",US,2026-09-16,0,https://www.aviasales.com/search/IAD1609MGW1?marker=741311
57,69,USD,FLL,TLH,"Tallahassee, United States",US,2026-09-13,0,https://www.aviasales.com/search/FLL1309TLH1?marker=741311
58,72,USD,LAX,PDX,"Portland, United States",US,2026-09-13,0,https://www.aviasales.com/search/LAX1309PDX1?marker=741311
59,74,USD,FLL,YTO,"Toronto, Canada",CA,2026-10-12,0,https://www.aviasales.com/search/FLL1210YTO1?marker=741311
60,74,USD,LAX,SAC,"Sacramento, United States",US,2026-08-28,0,https://www.aviasales.com/search/LAX2808SAC1?marker=741311
61,76,USD,IAD,PIT,"Pittsburgh, United States",US,2026-09-10,1,https://www.aviasales.com/search/IAD1009PIT1?marker=741311
62,77,USD,LAS,SAT,"San Antonio, United States",US,2026-10-23,0,https://www.aviasales.com/search/LAS2310SAT1?marker=741311
63,77,USD,TPA,SDF,"Louisville, United States",US,2026-08-29,1,https://www.aviasales.com/search/TPA2908SDF1?marker=741311
64,78,USD,RDU,FMY,"Fort Myers, United States",US,2026-08-17,0,https://www.aviasales.com/search/RDU1708FMY1?marker=741311
65,80,USD,BOS,YYC,"Calgary, Canada",CA,2026-10-11,0,https://www.aviasales.com/search/BOS1110YYC1?marker=741311
66,83,USD,DFW,IND,"Indianapolis, United States",US,2026-08-31,1,https://www.aviasales.com/search/DFW3108IND1?marker=741311
67,83,USD,TPA,EYW,"Key West, United States",US,2026-08-13,0,https://www.aviasales.com/search/TPA1308EYW1?marker=741311
68,84,USD,MCO,ISP,"Islip, United States",US,2026-08-26,0,https://www.aviasales.com/search/MCO2608ISP1?marker=741311
69,85,USD,DFW,MEM,"Memphis, United States",US,2026-08-31,1,https://www.aviasales.com/search/DFW3108MEM1?marker=741311
70,85,USD,LAX,RNO,"Reno, United States",US,2026-09-03,0,https://www.aviasales.com/search/LAX0309RNO1?marker=741311
71,86,USD,FLL,CLT,"Charlotte, United States",US,2026-08-18,0,https://www.aviasales.com/search/FLL1808CLT1?marker=741311
72,86,USD,IAH,MLM,"Morelia, Mexico",MX,2026-09-10,0,https://www.aviasales.com/search/IAH1009MLM1?marker=741311
73,88,USD,PHL,MKC,"Kansas City, United States",US,2026-08-28,1,https://www.aviasales.com/search/PHL2808MKC1?marker=741311
74,88,USD,SAN,BOI,"Boise, United States",US,2026-08-24,1,https://www.aviasales.com/search/SAN2408BOI1?marker=741311
75,89,USD,LAS,MEX,"Mexico City, Mexico",MX,2026-11-12,0,https://www.aviasales.com/search/LAS1211MEX1?marker=741311
76,90,USD,PHX,LGB,"Long Beach, United States",US,2026-11-07,0,https://www.aviasales.com/search/PHX0711LGB1?marker=741311
77,92,USD,IAH,BJX,"Leon/Guanajuato, Mexico",MX,2026-08-17,0,https://www.aviasales.com/search/IAH1708BJX1?marker=741311
78,92,USD,LAX,MCE,"Merced, United States",US,2026-08-16,0,https://www.aviasales.com/search/LAX1608MCE1?marker=741311
79,93,USD,BOS,YMQ,"Montreal, Canada",CA,2026-08-28,1,https://www.aviasales.com/search/BOS2808YMQ1?marker=741311
80,93,USD,MIA,NAS,"Nassau, Bahamas",BS,2026-12-01,0,https://www.aviasales.com/search/MIA0112NAS1?marker=741311
81,95,USD,SFO,PAE,"Everett, United States",US,2026-10-28,0,https://www.aviasales.com/search/SFO2810PAE1?marker=741311
82,95,USD,LAX,GDL,"Guadalajara, Mexico",MX,2026-08-22,0,https://www.aviasales.com/search/LAX2208GDL1?marker=741311
83,95,USD,ORD,EAU,"Eau Claire, United States",US,2026-08-24,0,https://www.aviasales.com/search/ORD2408EAU1?marker=741311
84,97,USD,SFO,PSP,"Palm Springs, United States",US,2026-09-12,0,https://www.aviasales.com/search/SFO1209PSP1?marker=741311
85,98,USD,AUS,MID,"Merida, Mexico",MX,2026-11-27,1,https://www.aviasales.com/search/AUS2711MID1?marker=741311
86,99,USD,MCO,MKE,"Milwaukee, United States",US,2026-09-01,0,https://www.aviasales.com/search/MCO0109MKE1?marker=741311
87,99,USD,LAX,TUS,"Tucson, United States",US,2027-01-30,0,https://www.aviasales.com/search/LAX3001TUS1?marker=741311
88,100,USD,ORD,ORF,"Norfolk, United States",US,2026-08-19,1,https://www.aviasales.com/search/ORD1908ORF1?marker=741311
89,101,USD,AUS,CUN,"Cancun, Mexico",MX,2026-10-11,1,https://www.aviasales.com/search/AUS1110CUN1?marker=741311
90,101,USD,LAX,ABQ,"Albuquerque, United States",US,2026-10-27,0,https://www.aviasales.com/search/LAX2710ABQ1?marker=741311
91,102,USD,PHX,SOW,"Show Low, United States",US,2026-08-18,0,https://www.aviasales.com/search/PHX1808SOW1?marker=741311
92,104,USD,IAH,OKC,"Oklahoma City, United States",US,2026-08-17,0,https://www.aviasales.com/search/IAH1708OKC1?marker=741311
93,104,USD,LAX,SBA,"Santa Barbara, United States",US,2026-08-17,0,https://www.aviasales.com/search/LAX1708SBA1?marker=741311
94,104,USD,ORD,TUL,"Tulsa, United States",US,2026-08-11,0,https://www.aviasales.com/search/ORD1108TUL1?marker=741311
95,104,USD,ORD,CAK,"Akron, United States",US,2026-08-17,0,https://www.aviasales.com/search/ORD1708CAK1?marker=741311
96,104,USD,IAH,LFT,"Lafayette, United States",US,2026-08-17,0,https://www.aviasales.com/search/IAH1708LFT1?marker=741311
97,104,USD,IAH,BRO,"Brownsville, United States",US,2026-08-16,0,https://www.aviasales.com/search/IAH1608BRO1?marker=741311
98,104,USD,ORD,TVC,"Traverse City, United States",US,2026-08-16,0,https://www.aviasales.com/search/ORD1608TVC1?marker=741311
99,104,USD,ORD,ICT,"Wichita, United States",US,2026-08-17,0,https://www.aviasales.com/search/ORD1708ICT1?marker=741311
100,104,USD,ORD,LEX,"Lexington, United States",US,2026-08-16,0,https://www.aviasales.com/search/ORD1608LEX1?marker=741311
101,104,USD,DEN,FAR,"Fargo, United States",US,2026-08-21,0,https://www.aviasales.com/search/DEN2108FAR1?marker=741311
102,104,USD,DEN,ASE,"Aspen, United States",US,2026-08-16,0,https://www.aviasales.com/search/DEN1608ASE1?marker=741311
103,104,USD,DEN,GJT,"Grand Junction, United States",US,2026-08-16,0,https://www.aviasales.com/search/DEN1608GJT1?marker=741311
104,105,USD,ORD,ATW,"Appleton, United States",US,2026-08-14,0,https://www.aviasales.com/search/ORD1408ATW1?marker=741311
105,105,USD,DEN,BFF,"Scottsbluff, United States",US,2026-08-18,0,https://www.aviasales.com/search/DEN1808BFF1?marker=741311
106,106,USD,BOS,BDA,"Bermuda, Bermuda",BM,2026-09-26,1,https://www.aviasales.com/search/BOS2609BDA1?marker=741311
107,106,USD,MIA,GCM,"Georgetown, Cayman Islands",KY,2026-08-27,0,https://www.aviasales.com/search/MIA2708GCM1?marker=741311
108,106,USD,FLL,BHM,"Birmingham, United States",US,2026-08-10,0,https://www.aviasales.com/search/FLL1008BHM1?marker=741311
109,108,USD,ORD,PIA,"Peoria, United States",US,2026-08-14,0,https://www.aviasales.com/search/ORD1408PIA1?marker=741311
110,108,USD,LAX,EUG,"Eugene, United States",US,2026-10-21,1,https://www.aviasales.com/search/LAX2110EUG1?marker=741311
111,110,USD,DFW,OAX,"Oaxaca, Mexico",MX,2026-09-27,1,https://www.aviasales.com/search/DFW2709OAX1?marker=741311
112,110,USD,LAX,CHS,"Charleston, United States",US,2026-08-22,0,https://www.aviasales.com/search/LAX2208CHS1?marker=741311
113,110,USD,JFK,HYA,"Hyannis, United States",US,2026-08-15,0,https://www.aviasales.com/search/JFK1508HYA1?marker=741311
114,111,USD,ORD,LIT,"Little Rock, United States",US,2026-09-02,1,https://www.aviasales.com/search/ORD0209LIT1?marker=741311
115,112,USD,IAD,BDL,"Hartford, United States",US,2026-08-18,0,https://www.aviasales.com/search/IAD1808BDL1?marker=741311
116,113,USD,MIA,HSV,"Huntsville, United States",US,2026-09-10,1,https://www.aviasales.com/search/MIA1009HSV1?marker=741311
117,113,USD,JFK,PWM,"Portland, United States",US,2026-10-28,0,https://www.aviasales.com/search/JFK2810PWM1?marker=741311
118,113,USD,MCO,PVD,"Providence, United States",US,2026-09-19,1,https://www.aviasales.com/search/MCO1909PVD1?marker=741311
119,113,USD,IAH,GPT,"Gulfport, United States",US,2026-08-18,0,https://www.aviasales.com/search/IAH1808GPT1?marker=741311
120,113,USD,DEN,CNY,"Moab, United States",US,2026-08-17,0,https://www.aviasales.com/search/DEN1708CNY1?marker=741311
121,115,USD,ATL,PBI,"West Palm Beach, United States",US,2026-08-19,1,https://www.aviasales.com/search/ATL1908PBI1?marker=741311
122,115,USD,IAD,SCE,"State College, United States",US,2026-08-13,0,https://www.aviasales.com/search/IAD1308SCE1?marker=741311
123,115,USD,DEN,MTJ,"Montrose, United States",US,2026-08-13,0,https://www.aviasales.com/search/DEN1308MTJ1?marker=741311
124,116,USD,MIA,RIC,"Richmond, United States",US,2026-08-21,1,https://www.aviasales.com/search/MIA2108RIC1?marker=741311
125,117,USD,JFK,OMA,"Omaha, United States",US,2026-09-11,1,https://www.aviasales.com/search/JFK1109OMA1?marker=741311
126,117,USD,MIA,SDQ,"Santo Domingo, Dominican Republic",DO,2026-09-23,0,https://www.aviasales.com/search/MIA2309SDQ1?marker=741311
127,118,USD,MCO,MYR,"Myrtle Beach, United States",US,2026-08-15,0,https://www.aviasales.com/search/MCO1508MYR1?marker=741311
128,119,USD,IAH,PBC,"Puebla, Mexico",MX,2026-08-23,1,https://www.aviasales.com/search/IAH2308PBC1?marker=741311
129,121,USD,JFK,DAB,"Daytona Beach, United States",US,2026-09-21,1,https://www.aviasales.com/search/JFK2109DAB1?t=AA17899775401790000100000376JFKCLTDAB_8eaf0f6e701faeabd724f7aa4997f8b0_9806&search_date=05082026&expected_price_uuid=019fd38c-c5a2-8040-2d1c-2e6698ab3a63&static_fare_key=TY%7CP0%7CH0%7CL0%7CCH0%7CR0%7CTBC0&itinerary_key=QBPpxwk1CtLkX2rfV_KoxQ&origin_airports=0&expected_price_source=share&expected_price_currency=usd&expected_price=121&marker=741311
130,121,USD,IAH,GRR,"Grand Rapids, United States",US,2026-10-31,1,https://www.aviasales.com/search/IAH3110GRR1?t=F917934647401793526900001036IAHMCOGRR_87a59ead3957c39ccc474c03abc5a45c_9722&search_date=04082026&expected_price_uuid=019fcdc5-6e61-8040-631e-1344b14e9d4d&static_fare_key=TY%7CP0%7CH0%7CL0%7CCH0%7CR0%7CTBC0&itinerary_key=955-RY3-frHZrjd7zaU6bA&origin_airports=0&expected_price_source=share&expected_price_currency=usd&expected_price=121&marker=741311
131,262,USD,JFK,SYR,"Syracuse, United States",US,2026-08-13,0,https://www.aviasales.com/search/JFK1308SYR1?t=B617866601401786665780000094JFKSYR_eb622ef3460932b458b49d86cb86c8e2_21554&search_date=08082026&expected_price_uuid=019fe02d-00b8-8040-6a23-d26bec32eae6&static_fare_key=TY%7CP0%7CH1%7CL0%7CCH0%7CR0%7CTBC0&itinerary_key=kT4YY0RRYIaTocFHuXiErQ&origin_airports=0&expected_price_source=share&expected_price_currency=usd&expected_price=262&marker=741311
132,122,USD,MCO,PUJ,"Punta Cana, Dominican Republic",DO,2026-08-13,1,https://www.aviasales.com/search/MCO1308PUJ1?t=F917866068001786652340000759MCOSJUPUJ_59ccd6e3ce631c318648881824a3c5c6_10019&search_date=08082026&expected_price_uuid=019fe1c6-9186-8040-6732-6ab8bd50cc6e&static_fare_key=TY%7CP0%7CH0%7CL0%7CCH0%7CR0%7CTBC0&itinerary_key=-Zm2WO3TRShChZodaN1Fxg&origin_airports=0&expected_price_source=share&expected_price_currency=usd&expected_price=122&marker=741311
133,122,USD,ORD,AGU,"Aguascalientes, Mexico",MX,2026-11-27,1,https://www.aviasales.com/search/ORD2711AGU1?t=VB17957397001795790520000847ORDMTYAGU_47c96136f71a52963a693790882d14e3_10018&search_date=08082026&expected_price_uuid=019fe255-4d15-8040-a518-330e45f2ecec&static_fare_key=TY%7CP0%7CH0%7CL0%7CCH0%7CR0%7CTBC0&itinerary_key=qayIsTtvk-PSu3f19VOFEA&origin_airports=0&expected_price_source=share&expected_price_currency=usd&expected_price=122&marker=741311
134,122,USD,IAH,VER,"Veracruz, Mexico",MX,2026-08-28,1,https://www.aviasales.com/search/IAH2808VER1?t=Y417879569201787989740000607IAHQROVER_0a3955a24859ab2b1d6ff587536fa316_10037&search_date=08082026&expected_price_uuid=019fe2e5-0a31-8040-630c-3b76caecb24c&static_fare_key=TY%7CP0%7CH0%7CL0%7CCH0%7CR0%7CTBC0&itinerary_key=r8inQFeYRAtBD-5sPhgiNw&origin_airports=0&expected_price_source=share&expected_price_currency=usd&expected_price=122&marker=741311
135,123,USD,IAH,PVR,"Puerto Vallarta, Mexico",MX,2026-09-07,1,https://www.aviasales.com/search/IAH0709PVR1?t=Y417888209201788881160001064IAHQROPVR_c48df41be93ff8f46b6890540f2b0719_10081&search_date=08082026&expected_price_uuid=019fe139-3433-8040-23a8-bdf58eb6fe51&static_fare_key=TY%7CP0%7CH0%7CL0%7CCH0%7CR0%7CTBC0&itinerary_key=qppeejSzUM96JUxb_GSSMw&origin_airports=0&expected_price_source=share&expected_price_currency=usd&expected_price=123&marker=741311
136,123,USD,ORD,MKG,"Muskegon, United States",US,2026-08-12,0,https://www.aviasales.com/search/ORD1208MKG1?t=KG17865441001786550700000050ORDMKG_443378710309bfc42bdf65d6c18b8ec6_9756&search_date=02082026&expected_price_uuid=019fc1d5-2c55-8030-ad73-dbae6d0fe5cd&static_fare_key=TY%7CP0%7CH1%7CL0%7CCH0%7CR0%7CTBC0&itinerary_key=TjUZye7Ylqh7rqSQiRzjMw&origin_airports=0&expected_price_source=share&expected_price_currency=usd&expected_price=123&marker=741311
137,123,USD,MCO,QRO,"Queretaro, Mexico",MX,2026-11-19,1,https://www.aviasales.com/search/MCO1911QRO1?t=VB17951010001795159200001030MCOMTYQRO_539df2d3a17a425eb2d1a2f56a259118_9917&search_date=04082026&expected_price_uuid=019fce8c-e9f6-8040-a056-0519cb807c97&static_fare_key=TY%7CP0%7CH0%7CL0%7CCH0%7CR0%7CTBC0&itinerary_key=lXQQZNT1dOxgFR3g9Q46SA&origin_airports=0&expected_price_source=share&expected_price_currency=usd&expected_price=123&marker=741311
138,123,USD,LAX,GEG,"Spokane, United States",US,2026-09-18,1,https://www.aviasales.com/search/LAX1809GEG1?t=AS17897149801789732080000285LAXPDXGEG_f53dff182fe671ae484c14049999b4b4_9752&search_date=02082026&expected_price_uuid=019fc425-e18d-8050-ec4d-5dca424d75d1&static_fare_key=TY%7CP1%7CH1%7CL0%7CCH0%7CR0%7CTBC0&itinerary_key=FY1ANTsFERskXCnFgEsn5w&expected_price_source=share&expected_price_currency=usd&expected_price=123&marker=741311
139,124,USD,MCO,PSE,"Ponce, Puerto Rico",PR,2026-08-17,0,https://www.aviasales.com/search/MCO1708PSE1?t=F917869488001786959660000181MCOPSE_4734c78e55d5a7f213a89fd4d8f122e9_9970&search_date=04082026&expected_price_uuid=019fca5c-42c4-8040-6901-3c41a4204250&static_fare_key=TY%7CP0%7CH0%7CL0%7CCH0%7CR0%7CTBC0&itinerary_key=5srarFEIIkYFmICNI3ptwA&origin_airports=0&expected_price_source=share&expected_price_currency=usd&expected_price=124&marker=741311
140,125,USD,MIA,MDE,"Medellin, Colombia",CO,2026-09-25,1,https://www.aviasales.com/search/MIA2509MDE1?t=DM17903453401790365200000391MIASDQMDE_de52ed802b4ddef530767c933c78dc0c_10303&search_date=08082026&expected_price_uuid=019fe3ab-5e08-8030-ec81-322ef2a2c3af&static_fare_key=TY%7CP0%7CH0%7CL0%7CCH0%7CR0%7CTBC0&itinerary_key=F7vEupvHd1izQ_pfoCbwAg&expected_price_source=share&expected_price_currency=usd&expected_price=125&marker=741311
141,126,USD,ORD,GUA,"Guatemala City, Guatemala",GT,2026-09-07,1,https://www.aviasales.com/search/ORD0709GUA1?t=Y417887452001788785160000726ORDMEXGUA_26d7d167dc95bcc0b6a923a5ebeb3497_10380&search_date=08082026&expected_price_uuid=019fe12c-d294-8040-669a-6360b69938db&static_fare_key=TY%7CP0%7CH0%7CL0%7CCH0%7CR0%7CTBC0&itinerary_key=8dkLrGuI-d8AWj75DCieKQ&origin_airports=0&expected_price_source=share&expected_price_currency=usd&expected_price=126&marker=741311
142,127,USD,DEN,JAC,"Jackson, United States",US,2026-08-09,0,https://www.aviasales.com/search/DEN0908JAC1?t=UA17862627001786268760000101DENJAC_0b6006f99f87aa567a839e514147f788_10285&search_date=05082026&expected_price_uuid=019fd315-9bda-8030-a4e0-a3bfe1702657&static_fare_key=TY%7CP1%7CH1%7CL0%7CCH0%7CR0%7CTBC0&itinerary_key=jbxgh4UjMA8rBhcjD_Hchw&expected_price_source=share&expected_price_currency=usd&expected_price=127&marker=741311
143,115,USD,IAH,BTR,"Baton Rouge, United States",US,2026-08-13,0,https://www.aviasales.com/search/IAH1308BTR1?t=UA17866152001786619580000073IAHBTR_9f0a088cb7f3554b496026d5186be640_9247&search_date=03082026&expected_price_uuid=019fc896-3915-8030-2f66-c20e76a304b8&static_fare_key=TY%7CP0%7CH0%7CL0%7CCH0%7CR0%7CTBC0&itinerary_key=oJvOExewgKBVgjr6M0WNug&origin_airports=0&expected_price_source=share&expected_price_currency=usd&expected_price=115&marker=741311
144,127,USD,LAX,SJD,"San Jose Del Cabo, Mexico",MX,2026-09-01,1,https://www.aviasales.com/search/LAX0109SJD1?t=Y417882230201788257340000572LAXMEXSJD_6596e051d9448b9e71a4dd314d52e060_10541&search_date=07082026&expected_price_uuid=019fd998-619a-8030-63ef-fe1f7822d152&static_fare_key=TY%7CP0%7CH0%7CL0%7CCH0%7CR0%7CTBC0&itinerary_key=-5kXj0Zafid24yw8V3KHcw&expected_price_source=share&expected_price_currency=usd&expected_price=127&marker=741311
145,128,USD,PHX,COS,"Colorado Springs, United States",US,2026-09-05,1,https://www.aviasales.com/search/PHX0509COS1?t=AA17886156001788648780000493PHXDFWCOS_0f051244736d23e23bb74e951aff9204_10641&search_date=07082026&expected_price_uuid=019fd9e6-d662-8040-6b0f-cf1e9daa2484&static_fare_key=TY%7CP1%7CH0%7CL0%7CCH0%7CR0%7CTBC0&itinerary_key=-A_eNWpo59KTkbcTHSE0eg&expected_price_source=share&expected_price_currency=usd&expected_price=128&marker=741311
146,129,USD,MIA,BOG,"Bogota, Colombia",CO,2026-09-14,1,https://www.aviasales.com/search/MIA1409BOG1?t=DM17893949401789417200000431MIASDQBOG_1469c07451c39caf95766f9963c0d1fc_10557&search_date=07082026&expected_price_uuid=019fdb7a-8eb4-8030-2b3b-f0a3b670899f&static_fare_key=TY%7CP1%7CH0%7CL0%7CCH0%7CR0%7CTBC0&itinerary_key=fl5hfU5iUbSfGduwtu0lSQ&expected_price_source=share&expected_price_currency=usd&expected_price=129&marker=741311
147,130,USD,MIA,POS,"Port Of Spain, Trinidad and Tobago",TT,2026-08-20,0,https://www.aviasales.com/search/MIA2008POS1?t=BW17872386001787252100000225MIAPOS_81f80ff653f4c30e9a33659b9454e7d1_10550&search_date=06082026&expected_price_uuid=019fd73b-1cf4-8030-a6fe-6cfacf15ede5&static_fare_key=TY%7CP1%7CH1%7CL0%7CCH0%7CR0%7CTBC0&itinerary_key=2tFDhbRVp4Q6SgAcZhApbg&expected_price_source=share&expected_price_currency=usd&expected_price=130&marker=741311
148,130,USD,ORD,GRB,"Green Bay, United States",US,2026-08-09,0,https://www.aviasales.com/search/ORD0908GRB1?t=UA17862648001786269660000081ORDGRB_2cbd2aaf831fe2902208801f210e5991_10549&search_date=05082026&expected_price_uuid=019fd383-22f1-8030-601f-c8d98c51e815&static_fare_key=TY%7CP1%7CH1%7CL0%7CCH0%7CR0%7CTBC0&itinerary_key=DupLpH_vbNUuFUGt8VZQJA&origin_airports=0&expected_price_source=share&expected_price_currency=usd&expected_price=130&marker=741311
149,134,USD,IAD,CKB,"Clarksburg, United States",US,2026-08-17,0,https://www.aviasales.com/search/IAD1708CKB1?t=UA17869704001786974060000061IADCKB_d6862c77a86b43c77a75ba9946281b4a_11131&search_date=07082026&expected_price_uuid=019fdabe-3d6d-8030-63cc-b5bd04b4837a&static_fare_key=TY%7CP0%7CH1%7CL0%7CCH0%7CR0%7CTBC0&itinerary_key=TeeZqH-vMXgcBEQ2doCV4Q&origin_airports=0&expected_price_source=share&expected_price_currency=usd&expected_price=134&marker=741311
150,135,USD,DFW,MLB,"Melbourne, United States",US,2026-09-01,2,https://www.aviasales.com/search/DFW0109MLB1?t=F917882793601788424680002362DFWATLCVGMLB_c607fc3fbfbaa34833eda9b6ade73410_10932&search_date=06082026&expected_price_uuid=019fd4cd-497a-8040-a1da-13e4d3aa4018&static_fare_key=TY%7CP0%7CH0%7CL0%7CCH0%7CR0%7CTBC0&itinerary_key=uf-pTuiDWOmW2hZfkPlfkA&expected_price_source=share&expected_price_currency=usd&expected_price=135&marker=741311
151,136,USD,DFW,HOT,"Hot Springs, United States",US,2026-08-16,0,https://www.aviasales.com/search/DFW1608HOT1?t=9X17869122001786918200000100DFWHOT_13f7a807bfcb4ae36d2d2b638af606d6_10993&search_date=06082026&expected_price_uuid=019fd584-50ae-8030-aeae-b9d59b9c0cda&static_fare_key=TY%7CP0%7CH1%7CL1_1_23%7CCH0%7CR0%7CTBC1&itinerary_key=KTSbn-ZNGyOe-fYolvsobA&expected_price_source=share&expected_price_currency=usd&expected_price=136&marker=741311
152,136,USD,LAX,STS,"Santa Rosa, United States",US,2026-12-28,0,https://www.aviasales.com/search/LAX2812STS1?t=AS17984412001798448580000123BURSTS_29c6e04f3b0f5ad0364dd71672de1448_11157&search_date=07082026&expected_price_uuid=019fde85-83cb-8030-e705-a581d554a07c&static_fare_key=TY%7CP0%7CH1%7CL0%7CCH0%7CR0%7CTBC0&itinerary_key=bABVvWBqSkfzI0ZrkQhLHA&expected_price_source=share&expected_price_currency=usd&expected_price=136&marker=741311
153,136,USD,JFK,SXM,"Sint Maarten, Sint Maarten",SX,2026-09-29,1,https://www.aviasales.com/search/JFK2909SXM1?t=AA17906610001790688180000453JFKMIASXM_58d7ddcd443ce543c984e206de0e6dba_11205&search_date=08082026&expected_price_uuid=019fe2cd-fd79-8030-62ec-4e04a266480a&static_fare_key=TY%7CP1%7CH1%7CL0%7CCH1%7CR0%7CTBC0&itinerary_key=0rkffJhN4SOcAMnDS0Kh3w&origin_airports=0&expected_price_source=share&expected_price_currency=usd&expected_price=136&marker=741311
154,136,USD,MCO,SJO,"San Jose, Costa Rica",CR,2026-08-18,0,https://www.aviasales.com/search/MCO1808SJO1?t=Q617870613001787065860000196MCOSJO_913d3c798d3ad6e84d397970f125ea71_11189&search_date=08082026&expected_price_uuid=019fe2e2-be63-8040-2344-c5a1f57ccb2b&static_fare_key=TY%7CP0%7CH0%7CL0%7CCH0%7CR0%7CTBC0&itinerary_key=A7_2xu6NTBXJmBy1yUVe3g&origin_airports=0&expected_price_source=share&expected_price_currency=usd&expected_price=136&marker=741311
155,136,USD,ORD,DAY,"Dayton, United States",US,2026-08-09,0,https://www.aviasales.com/search/ORD0908DAY1?t=AA17863068001786315560000086ORDDAY_b32a8d84f9bcf90feffcb290535ff96e_10986&search_date=05082026&expected_price_uuid=019fd34f-fdd3-8030-28de-f80199ddd75b&static_fare_key=TY%7CP1%7CH1%7CL0%7CCH0%7CR0%7CTBC0&itinerary_key=foUth6zja_KhslhJy1hPZA&origin_airports=0&expected_price_source=share&expected_price_currency=usd&expected_price=136&marker=741311
156,193,USD,PHX,MAF,"Midland, United States",US,2026-09-10,1,https://www.aviasales.com/search/PHX1009MAF1?t=WN17890167001789042500000310PHXDALMAF_3ea7f493a98456dfa4e4ab9372804f25_15562&search_date=05082026&expected_price_uuid=019fd011-7d09-8030-a87a-a79d7d0172a8&static_fare_key=TY%7CP0%7CH1%7CL0%7CCH0%7CR0%7CTBC0&itinerary_key=Id0f8bZ_mi8OhjnuNVIKaA&expected_price_source=share&expected_price_currency=usd&expected_price=193&marker=741311
157,136,USD,SFO,PGA,"Page, United States",US,2026-09-13,1,https://www.aviasales.com/search/SFO1309PGA1?t=F917893382401789392000000896SFOLASPGA_2e0ac0632b177deabb1933a9726a4d9f_11189&search_date=07082026&expected_price_uuid=019fde5c-656b-8040-2bca-93c6d4ed2135&static_fare_key=TY%7CP1%7CH0%7CL0%7CCH0%7CR0%7CTBC0&itinerary_key=2ul-KWdx9WkOgsb2vvxnnQ&expected_price_source=share&expected_price_currency=usd&expected_price=136&marker=741311
158,138,USD,SEA,ALW,"Walla Walla, United States",US,2026-10-01,0,https://www.aviasales.com/search/SEA0110ALW1?t=AS17908951201790898840000062SEAALW_857630266c2531b9eb1c77aadb990f30_11364&search_date=08082026&expected_price_uuid=019fe1df-0465-8030-a473-17d47b227905&static_fare_key=TY%7CP1%7CH0%7CL0%7CCH0%7CR0%7CTBC0&itinerary_key=OrXjix02W8fepPKco2NIEw&expected_price_source=share&expected_price_currency=usd&expected_price=138&marker=741311
159,139,USD,ORD,ALB,"Albany, United States",US,2026-09-01,0,https://www.aviasales.com/search/ORD0109ALB1?t=AA17882632801788275280000140ORDALB_0e19258d9eefbc99919a6384678e55bf_11048&search_date=02082026&expected_price_uuid=019fc181-3fb0-8030-641f-42d32bf8c706&static_fare_key=TY%7CP0%7CH0%7CL0%7CCH0%7CR0%7CTBC0&itinerary_key=koulkhz-pOY8j37eq1Zb_A&origin_airports=0&expected_price_source=share&expected_price_currency=usd&expected_price=139&marker=741311
161,140,USD,MIA,LIM,"Lima, Peru",PE,2026-09-14,1,https://www.aviasales.com/search/MIA1409LIM1?t=Y417894059201789448460000769MIAMEXLIM_e4052ebfa24b95f9ac980f57944030a4_11407&search_date=06082026&expected_price_uuid=019fd832-1d12-8040-a99c-bf4f92399292&static_fare_key=TY%7CP0%7CH0%7CL0%7CCH0%7CR0%7CTBC0&itinerary_key=YCRpdqGD4PRwBnNxcbX4dg&expected_price_source=share&expected_price_currency=usd&expected_price=140&marker=741311
162,140,USD,BNA,VPS,"Fort Walton Beach, United States",US,2026-10-06,1,https://www.aviasales.com/search/BNA0610VPS1?t=AA17912693401791289320000333BNACLTVPS_20e2335bdbbcdf694b9f4dfad8ef3520_11637&search_date=07082026&expected_price_uuid=019fd9ca-09d9-8030-6bda-a34134b65440&static_fare_key=TY%7CP0%7CH0%7CL0%7CCH0%7CR0%7CTBC0&itinerary_key=Cm8G4dKoE1Fe334RpnbuGQ&expected_price_source=share&expected_price_currency=usd&expected_price=140&marker=741311
163,141,USD,MCO,LON,"London, United Kingdom",GB,2026-10-19,0,https://www.aviasales.com/search/MCO1910LON1?t=Z017924418001792490400000510MCOLGW_fea34138adeb99d4f218fbe8c02b05ff_11492&search_date=06082026&expected_price_uuid=019fd8ad-70e4-8040-6b40-bc2e3662cc24&static_fare_key=TY%7CP0%7CH1%7CL0%7CCH0%7CR0%7CTBC0&itinerary_key=92I3pC4XkNGwG7nyDPV_Iw&origin_airports=0&expected_price_source=share&expected_price_currency=usd&expected_price=141&marker=741311
164,142,USD,JFK,KIN,"Kingston, Jamaica",JM,2026-12-02,1,https://www.aviasales.com/search/JFK0212KIN1?t=AA17961930001796215320000372JFKMIAKIN_314b780084162f2ab590d55d693f3140_11335&search_date=03082026&expected_price_uuid=019fc6c1-4d84-8030-ad7c-ffc337fbac84&static_fare_key=TY%7CP0%7CH0%7CL0%7CCH0%7CR0%7CTBC0&itinerary_key=bjT8xBtVQ27gFp-mAq0DHA&origin_airports=0&expected_price_source=share&expected_price_currency=usd&expected_price=142&marker=741311
165,142,USD,TPA,BTV,"Burlington, United States",US,2026-10-07,0,https://www.aviasales.com/search/TPA0710BTV1?t=MX17913528001791364380000193TPABTV_0efc4a90661dcd73fa4eccb04f580ae1_11682&search_date=07082026&expected_price_uuid=019fddae-a770-8040-25a5-87137904565c&static_fare_key=TY%7CP1%7CH0%7CL0%7CCH0%7CR0%7CTBC0&itinerary_key=BqGgfXoy45aCENMHBfcxtg&expected_price_source=share&expected_price_currency=usd&expected_price=142&marker=741311
166,144,USD,ORD,SLP,"San Luis Potosi, Mexico",MX,2026-08-21,1,https://www.aviasales.com/search/ORD2108SLP1?t=Y417873201401787351460000582ORDGDLSLP_fcb1b8a725e42d43db44ba1679c504b3_11661&search_date=05082026&expected_price_uuid=019fd405-2b28-8040-2368-e92153efa40e&static_fare_key=TY%7CP0%7CH0%7CL0%7CCH0%7CR0%7CTBC0&itinerary_key=UexchyiknWq5eOPzVCStag&origin_airports=0&expected_price_source=share&expected_price_currency=usd&expected_price=144&marker=741311
167,145,USD,BOS,STI,"Santiago, Dominican Republic",DO,2026-08-23,1,https://www.aviasales.com/search/BOS2308STI1?t=AA17874984601787605620001786BOSMIASTI_97ac7783c856bb9b377847eaec998570_11771&search_date=06082026&expected_price_uuid=019fd76c-e86b-8040-259d-175723e9447a&static_fare_key=TY%7CP0%7CH1%7CL0%7CCH0%7CR0%7CTBC0&itinerary_key=3aWUno3IpWU5yUzQ-vk18Q&expected_price_source=share&expected_price_currency=usd&expected_price=145&marker=741311
168,145,USD,JFK,MBJ,"Montego Bay, Jamaica",JM,2026-08-26,1,https://www.aviasales.com/search/JFK2608MBJ1?t=B617877234001787742240000374JFKFLLMBJ_f84e23c611f0c165cc0dfdbd270945d1_11960&search_date=09082026&expected_price_uuid=019fe3d2-f4f9-8040-a68f-abfdc92fdd6d&static_fare_key=TY%7CP0%7CH1%7CL0%7CCH0%7CR0%7CTBC0&itinerary_key=_zwD0rzCw8RatZKizBiTcg&origin_airports=0&expected_price_source=share&expected_price_currency=usd&expected_price=145&marker=741311
169,145,USD,IAD,LYH,"Lynchburg, United States",US,2026-08-16,0,https://www.aviasales.com/search/IAD1608LYH1?t=UA17868697801786873800000067IADLYH_53808207b5129b355757b287cda18a26_11806&search_date=06082026&expected_price_uuid=019fd867-bf75-8030-64f5-ebc6b12b1f06&static_fare_key=TY%7CP0%7CH1%7CL0%7CCH0%7CR0%7CTBC0&itinerary_key=PLj3tVysNRuydaRhzfGhAw&origin_airports=0&expected_price_source=share&expected_price_currency=usd&expected_price=145&marker=741311
170,145,USD,ORD,ACA,"Acapulco, Mexico",MX,2026-08-29,1,https://www.aviasales.com/search/ORD2908ACA1?t=AM17879685001788026460001026ORDMEXACA_364aef4b91aa7c3d6079cab3ed20a669_11918&search_date=08082026&expected_price_uuid=019fdecf-3f2f-8040-2b12-10ecba3c9b34&static_fare_key=TY%7CP0%7CH0%7CL0%7CCH0%7CR0%7CTBC0&itinerary_key=WqT1jiGhK4f8a03Byp2Nfg&origin_airports=0&expected_price_source=share&expected_price_currency=usd&expected_price=145&marker=741311
171,146,USD,PDX,LIH,"Kauai Island, United States",US,2026-09-01,1,https://www.aviasales.com/search/PDX0109LIH1?t=AS17882550001788290580000773PDXSEALIH_212198108f70d15b7168bff554596900_11888&search_date=06082026&expected_price_uuid=019fd7e1-9c5d-8040-2401-37b12ea326bb&static_fare_key=TY%7CP0%7CH1%7CL0%7CCH0%7CR0%7CTBC0&itinerary_key=1t6uJQ_YgS4h6aRO0pg0jw&expected_price_source=share&expected_price_currency=usd&expected_price=146&marker=741311
172,146,USD,LAX,HMO,"Hermosillo, Mexico",MX,2026-08-21,1,https://www.aviasales.com/search/LAX2108HMO1?t=Y417873419201787382360000674LAXGDLHMO_33d85d187af60508a7c7140af174c7ad_11797&search_date=04082026&expected_price_uuid=019fcd7e-6d18-8040-6917-7035919a0952&static_fare_key=TY%7CP0%7CH0%7CL0%7CCH0%7CR0%7CTBC0&itinerary_key=7Nt5L3pl4rVtddWrRUqifw&expected_price_source=share&expected_price_currency=usd&expected_price=146&marker=741311
173,148,USD,MCO,ORH,"Worcester, United States",US,2026-09-01,1,https://www.aviasales.com/search/MCO0109ORH1?t=B617882565001788277920000357MCOFLLORH_0b42aeac8915ea7f4a7add3a664766a1_11873&search_date=03082026&expected_price_uuid=019fc834-7ce3-8040-6d38-ab54732ba613&static_fare_key=TY%7CP0%7CH1%7CL0%7CCH0%7CR0%7CTBC0&itinerary_key=yPSlpAQct5-m-vlqU0KyHA&origin_airports=0&expected_price_source=share&expected_price_currency=usd&expected_price=148&marker=741311
174,148,USD,JFK,ATH,"Athens, Greece",GR,2026-10-14,0,https://www.aviasales.com/search/JFK1410ATH1?t=N017919843001792042200000545JFKATH_2b775c48e3b264be9d2e030cfa5116fd_12207&search_date=08082026&expected_price_uuid=019fe3c2-3713-8040-64ae-1890909bc1d5&static_fare_key=TY%7CP0%7CH1%7CL0%7CCH0%7CR0%7CTBC0&itinerary_key=jiix0vD5qcjx8swfXqWXfA&origin_airports=0&expected_price_source=share&expected_price_currency=usd&expected_price=148&marker=741311
175,148,USD,FLL,PGD,"Punta Gorda, United States",US,2026-08-13,1,https://www.aviasales.com/search/FLL1308PGD1?t=G417866224001786722300001665FLLTYSPGD_4e8ea0fd3c2ca3bd304c2f9efdf40c1f_11804&search_date=03082026&expected_price_uuid=019fc758-b640-8030-2770-fa6a30bf1de8&static_fare_key=TY%7CP0%7CH1%7CL0%7CCH0%7CR0%7CTBC0&itinerary_key=jQXwW8x5iJGM6AflGQjayg&expected_price_source=share&expected_price_currency=usd&expected_price=148&marker=741311
176,150,USD,MIA,SCL,"Santiago, Chile",CL,2026-09-30,1,https://www.aviasales.com/search/MIA3009SCL1?t=CM17907930601790886720001501MIAPTYSCL_1db4c023eccba182646e03b5686169b1_12310&search_date=07082026&expected_price_uuid=019fdd3d-beca-8040-6538-fb2d7ec7f350&static_fare_key=TY%7CP0%7CH1%7CL0%7CCH0%7CR0%7CTBC0&itinerary_key=T0NMOhOyDaOYloqN2X_k5w&expected_price_source=share&expected_price_currency=usd&expected_price=150&marker=741311
177,151,USD,IAH,SAL,"San Salvador, El Salvador",SV,2026-09-07,1,https://www.aviasales.com/search/IAH0709SAL1?t=AA17887582801788780540000431IAHMIASAL_f3063734923e738a97b402970456aca6_12419&search_date=08082026&expected_price_uuid=019fe1ad-d5da-8040-ad3a-d73ad5908f5c&static_fare_key=TY%7CP0%7CH1%7CL0%7CCH0%7CR0%7CTBC0&itinerary_key=fI7-wH6cJEUXyvC-igYagw&origin_airports=0&expected_price_source=share&expected_price_currency=usd&expected_price=151&marker=741311
178,151,USD,MCO,BHZ,"Belo Horizonte, Brazil",BR,2026-08-09,1,https://www.aviasales.com/search/MCO0908BHZ1?t=CM17862982201786407000001753MCOPTYCNF_2f8c6aaf789e0fc20bcd42641503c058_12424&search_date=08082026&expected_price_uuid=019fdf67-744b-8040-6290-431cbc768857&static_fare_key=TY%7CP0%7CH1%7CL0%7CCH0%7CR0%7CTBC0&itinerary_key=nLHfu_8TUbKzQ5dps88k7Q&origin_airports=0&expected_price_source=share&expected_price_currency=usd&expected_price=151&marker=741311
179,152,USD,LAX,HNL,"Honolulu, United States",US,2026-08-30,0,https://www.aviasales.com/search/LAX3008HNL1?t=AS17881199401788130560000357LAXHNL_f9b81614ce724d5e24dded6919bddddd_12221&search_date=04082026&expected_price_uuid=019fcabf-3ff9-8040-22f2-edb0d4cd6f3b&static_fare_key=TY%7CP1%7CH1%7CL0%7CCH0%7CR0%7CTBC0&itinerary_key=K7tblh_TBlqAA51som2JlQ&expected_price_source=share&expected_price_currency=usd&expected_price=152&marker=741311
180,152,USD,IAD,CTG,"Cartagena, Colombia",CO,2026-09-07,1,https://www.aviasales.com/search/IAD0709CTG1?t=CM17887737001788822000000865IADPTYCTG_ac823440a653c258be4c8382b8ea75b0_12523&search_date=08082026&expected_price_uuid=019fe118-cbbb-8040-6bcf-4bbfa74b1f24&static_fare_key=TY%7CP0%7CH1%7CL0%7CCH0%7CR0%7CTBC0&itinerary_key=P6T8VMd0A_S8VJgGZIuXZw&origin_airports=0&expected_price_source=share&expected_price_currency=usd&expected_price=152&marker=741311
181,153,USD,DFW,CHA,"Chattanooga, United States",US,2026-08-16,1,https://www.aviasales.com/search/DFW1608CHA1?marker=741311
182,153,USD,PHX,GCN,"Grand Canyon, United States",US,2026-08-17,0,https://www.aviasales.com/search/PHX1708GCN1?marker=741311
183,153,USD,JFK,SRQ,"Sarasota, United States",US,2026-09-14,0,https://www.aviasales.com/search/JFK1409SRQ1?marker=741311
184,153,USD,ORD,MLI,"Moline, United States",US,2026-08-15,0,https://www.aviasales.com/search/ORD1508MLI1?marker=741311
185,153,USD,MCO,MVY,"Martha's Vineyard, United States",US,2026-09-05,1,https://www.aviasales.com/search/MCO0509MVY1?marker=741311
186,155,USD,SEA,YOW,"Ottawa, Canada",CA,2026-09-22,1,https://www.aviasales.com/search/SEA2209YOW1?marker=741311
187,156,USD,MIA,STT,"Saint Thomas, U.S. Virgin Islands",VI,2026-09-22,1,https://www.aviasales.com/search/MIA2209STT1?marker=741311
188,158,USD,MIA,VRA,"Varadero, Cuba",CU,2026-09-07,0,https://www.aviasales.com/search/MIA0709VRA1?marker=741311
189,158,USD,SFO,KOA,"Kailua-Kona, United States",US,2026-09-23,0,https://www.aviasales.com/search/SFO2309KOA1?marker=741311
190,159,USD,PDX,SGU,"Saint George, United States",US,2026-08-14,1,https://www.aviasales.com/search/PDX1408SGU1?marker=741311
191,160,USD,IAH,MTY,"Monterrey, Mexico",MX,2026-08-09,0,https://www.aviasales.com/search/IAH0908MTY1?marker=741311
192,161,USD,LAX,OGG,"Kahului, United States",US,2026-09-01,0,https://www.aviasales.com/search/LAX0109OGG1?marker=741311
193,162,USD,PHL,ILM,"Wilmington, United States",US,2026-08-16,0,https://www.aviasales.com/search/PHL1608ILM1?marker=741311
194,162,USD,PHX,ABE,"Allentown, United States",US,2026-09-24,1,https://www.aviasales.com/search/PHX2409ABE1?marker=741311
195,162,USD,ORD,SGF,"Springfield, United States",US,2026-09-09,0,https://www.aviasales.com/search/ORD0909SGF1?marker=741311
196,163,USD,CLT,AGS,"Augusta, United States",US,2026-08-14,0,https://www.aviasales.com/search/CLT1408AGS1?marker=741311
197,163,USD,PHL,GSO,"Greensboro, United States",US,2026-08-13,0,https://www.aviasales.com/search/PHL1308GSO1?marker=741311
198,163,USD,MIA,GNV,"Gainesville, United States",US,2026-08-12,0,https://www.aviasales.com/search/MIA1208GNV1?marker=741311
199,163,USD,ORD,MHK,"Manhattan, United States",US,2026-08-14,0,https://www.aviasales.com/search/ORD1408MHK1?marker=741311
200,163,USD,CLT,HHH,"Hilton Head, United States",US,2026-08-17,0,https://www.aviasales.com/search/CLT1708HHH1?marker=741311
201,163,USD,JFK,AUA,"Oranjestad, Aruba",AW,2026-12-31,0,https://www.aviasales.com/search/JFK3112AUA1?marker=741311
202,163,USD,CLT,SBY,"Salisbury-Ocean City, United States",US,2026-08-12,0,https://www.aviasales.com/search/CLT1208SBY1?marker=741311
203,164,USD,DFW,AEX,"Alexandria, United States",US,2026-08-14,0,https://www.aviasales.com/search/DFW1408AEX1?marker=741311
204,164,USD,MIA,TAM,"Tampico, Mexico",MX,2026-12-12,1,https://www.aviasales.com/search/MIA1212TAM1?marker=741311
205,164,USD,IAD,CLO,"Cali, Colombia",CO,2026-09-07,1,https://www.aviasales.com/search/IAD0709CLO1?marker=741311
206,164,USD,IAH,HRL,"Harlingen, United States",US,2026-08-18,1,https://www.aviasales.com/search/IAH1808HRL1?marker=741311
207,164,USD,SEA,MSO,"Missoula, United States",US,2026-12-01,0,https://www.aviasales.com/search/SEA0112MSO1?marker=741311
208,165,USD,MIA,LIR,"Liberia, Costa Rica",CR,2026-10-27,0,https://www.aviasales.com/search/MIA2710LIR1?marker=741311
209,167,USD,JFK,BGI,"Bridgetown, Barbados",BB,2026-09-04,0,https://www.aviasales.com/search/JFK0409BGI1?marker=741311
210,167,USD,SEA,YQR,"Regina, Canada",CA,2026-08-28,2,https://www.aviasales.com/search/SEA2808YQR1?marker=741311
211,168,USD,ORD,YXJ,"Fort St John, Canada",CA,2026-09-28,2,https://www.aviasales.com/search/ORD2809YXJ1?marker=741311
212,168,USD,LAX,SHV,"Shreveport, United States",US,2026-08-12,1,https://www.aviasales.com/search/LAX1208SHV1?marker=741311
213,169,USD,BOS,BHB,"Bar Harbor, United States",US,2026-08-17,0,https://www.aviasales.com/search/BOS1708BHB1?marker=741311
214,169,USD,ORD,DUB,"Dublin, Ireland",IE,2027-02-01,1,https://www.aviasales.com/search/ORD0102DUB1?marker=741311
215,170,USD,TPA,YHZ,"Halifax, Canada",CA,2026-11-01,1,https://www.aviasales.com/search/TPA0111YHZ1?marker=741311
216,171,USD,MCO,HAR,"Harrisburg, United States",US,2026-08-20,1,https://www.aviasales.com/search/MCO2008HAR1?marker=741311
217,172,USD,DFW,MIL,"Milan, Italy",IT,2027-01-13,2,https://www.aviasales.com/search/DFW1301MIL1?marker=741311
218,172,USD,DEN,MHT,"Manchester, United States",US,2026-09-05,2,https://www.aviasales.com/search/DEN0509MHT1?marker=741311
219,173,USD,MIA,SAO,"Sao Paulo, Brazil",BR,2026-08-17,1,https://www.aviasales.com/search/MIA1708SAO1?marker=741311
220,174,USD,MIA,GEO,"Georgetown, Guyana",GY,2026-11-03,0,https://www.aviasales.com/search/MIA0311GEO1?marker=741311
221,174,USD,IAH,TQO,"Tulum, Mexico",MX,2026-12-11,1,https://www.aviasales.com/search/IAH1112TQO1?marker=741311
222,174,USD,DEN,PVU,"Provo, United States",US,2026-08-15,1,https://www.aviasales.com/search/DEN1508PVU1?marker=741311
223,175,USD,PHX,CID,"Cedar Rapids, United States",US,2026-08-16,0,https://www.aviasales.com/search/PHX1608CID1?marker=741311
224,176,USD,MCO,SBN,"South Bend, United States",US,2026-08-21,2,https://www.aviasales.com/search/MCO2108SBN1?marker=741311
225,177,USD,JFK,BCN,"Barcelona, Spain",ES,2026-10-20,1,https://www.aviasales.com/search/JFK2010BCN1?marker=741311
226,177,USD,LAX,RDD,"Redding, United States",US,2026-09-04,0,https://www.aviasales.com/search/LAX0409RDD1?marker=741311
227,179,USD,IAH,MZT,"Mazatlan, Mexico",MX,2026-09-03,1,https://www.aviasales.com/search/IAH0309MZT1?marker=741311
228,179,USD,LAX,LAP,"La Paz, Mexico",MX,2026-08-16,1,https://www.aviasales.com/search/LAX1608LAP1?marker=741311
229,180,USD,IAH,DGO,"Durango, Mexico",MX,2026-08-14,1,https://www.aviasales.com/search/IAH1408DGO1?marker=741311
230,181,USD,JFK,TIA,"Tirana, Albania",AL,2026-10-15,1,https://www.aviasales.com/search/JFK1510TIA1?marker=741311
231,183,USD,JFK,AGP,"Malaga, Spain",ES,2026-10-02,1,https://www.aviasales.com/search/JFK0210AGP1?marker=741311
232,183,USD,JFK,PLS,"Providenciales, Turks and Caicos Islands",TC,2026-08-30,0,https://www.aviasales.com/search/JFK3008PLS1?marker=741311
233,185,USD,MIA,PAR,"Paris, France",FR,2026-10-10,0,https://www.aviasales.com/search/MIA1010PAR1?marker=741311
234,186,USD,LAX,TIJ,"Tijuana, Mexico",MX,2026-08-12,1,https://www.aviasales.com/search/LAX1208TIJ1?marker=741311
235,188,USD,MCO,UIO,"Quito, Ecuador",EC,2027-01-20,1,https://www.aviasales.com/search/MCO2001UIO1?marker=741311
236,188,USD,TPA,TOL,"Toledo, United States",US,2026-08-20,0,https://www.aviasales.com/search/TPA2008TOL1?marker=741311
237,188,USD,MCO,BQN,"Aguadilla, Puerto Rico",PR,2026-08-10,0,https://www.aviasales.com/search/MCO1008BQN1?marker=741311
238,189,USD,MIA,SAP,"San Pedro Sula, Honduras",HN,2026-11-12,0,https://www.aviasales.com/search/MIA1211SAP1?marker=741311
239,189,USD,SEA,RDM,"Redmond, United States",US,2026-09-04,0,https://www.aviasales.com/search/SEA0409RDM1?marker=741311
240,190,USD,DFW,CRP,"Corpus Christi, United States",US,2026-08-09,1,https://www.aviasales.com/search/DFW0908CRP1?marker=741311
241,190,USD,MIA,ANC,"Anchorage, United States",US,2026-09-11,1,https://www.aviasales.com/search/MIA1109ANC1?marker=741311
242,190,USD,ATL,TGZ,"Tuxtla Gutierrez, Mexico",MX,2026-10-02,1,https://www.aviasales.com/search/ATL0210TGZ1?marker=741311
243,191,USD,ORD,RAP,"Rapid City, United States",US,2026-08-19,0,https://www.aviasales.com/search/ORD1908RAP1?marker=741311
244,191,USD,IAH,CAE,"Columbia, United States",US,2026-08-09,1,https://www.aviasales.com/search/IAH0908CAE1?marker=741311
245,193,USD,SEA,CPH,"Copenhagen, Denmark",DK,2026-08-30,1,https://www.aviasales.com/search/SEA3008CPH1?marker=741311
246,194,USD,MIA,PTY,"Panama City, Panama",PA,2026-08-19,0,https://www.aviasales.com/search/MIA1908PTY1?marker=741311
247,194,USD,ORD,FWA,"Fort Wayne, United States",US,2026-08-20,1,https://www.aviasales.com/search/ORD2008FWA1?marker=741311
248,194,USD,JFK,FLO,"Florence, United States",US,2026-09-12,1,https://www.aviasales.com/search/JFK1209FLO1?marker=741311
249,194,USD,PHX,PUB,"Pueblo, United States",US,2026-08-18,1,https://www.aviasales.com/search/PHX1808PUB1?marker=741311
250,195,USD,MCO,HPN,"Westchester County, United States",US,2026-08-15,1,https://www.aviasales.com/search/MCO1508HPN1?marker=741311
251,195,USD,ORD,BUE,"Buenos Aires, Argentina",AR,2026-09-07,1,https://www.aviasales.com/search/ORD0709BUE1?marker=741311
252,196,USD,DEN,AMA,"Amarillo, United States",US,2026-08-18,1,https://www.aviasales.com/search/DEN1808AMA1?marker=741311
253,196,USD,MIA,GYE,"Guayaquil, Ecuador",EC,2026-09-01,2,https://www.aviasales.com/search/MIA0109GYE1?marker=741311
254,196,USD,AUS,PEI,"Pereira, Colombia",CO,2026-08-28,2,https://www.aviasales.com/search/AUS2808PEI1?marker=741311
255,196,USD,ORD,DLH,"Duluth, United States",US,2026-09-17,0,https://www.aviasales.com/search/ORD1709DLH1?marker=741311
256,196,USD,LAX,PRC,"Prescott, United States",US,2026-08-21,0,https://www.aviasales.com/search/LAX2108PRC1?marker=741311
257,197,USD,SEA,YQB,"Quebec, Canada",CA,2026-09-22,2,https://www.aviasales.com/search/SEA2209YQB1?marker=741311
258,197,USD,JFK,ROA,"Roanoke, United States",US,2026-09-17,1,https://www.aviasales.com/search/JFK1709ROA1?marker=741311
259,198,USD,IAD,IDA,"Idaho Falls, United States",US,2026-08-27,1,https://www.aviasales.com/search/IAD2708IDA1?marker=741311
260,201,USD,BOS,VEL,"Vernal, United States",US,2026-08-30,2,https://www.aviasales.com/search/BOS3008VEL1?marker=741311
261,201,USD,MIA,IQT,"Iquitos, Peru",PE,2026-11-04,1,https://www.aviasales.com/search/MIA0411IQT1?marker=741311
262,204,USD,IAD,AVP,"Wilkes-Barre, United States",US,2026-08-18,1,https://www.aviasales.com/search/IAD1808AVP1?marker=741311
263,204,USD,LAX,MFR,"Medford, United States",US,2026-08-14,1,https://www.aviasales.com/search/LAX1408MFR1?marker=741311
264,205,USD,DFW,CUU,"Chihuahua, Mexico",MX,2026-09-04,1,https://www.aviasales.com/search/DFW0409CUU1?marker=741311
265,208,USD,MCO,STX,"Saint Croix, U.S. Virgin Islands",VI,2026-08-20,1,https://www.aviasales.com/search/MCO2008STX1?marker=741311
266,209,USD,LAX,BZE,"Belize City, Belize",BZ,2026-09-18,1,https://www.aviasales.com/search/LAX1809BZE1?marker=741311
267,211,USD,JFK,AYT,"Antalya, Turkiye",TR,2026-10-03,1,https://www.aviasales.com/search/JFK0310AYT1?marker=741311
268,214,USD,CLT,FRA,"Frankfurt, Germany",DE,2026-10-19,2,https://www.aviasales.com/search/CLT1910FRA1?marker=741311
269,214,USD,JFK,WAW,"Warsaw, Poland",PL,2026-10-20,1,https://www.aviasales.com/search/JFK2010WAW1?marker=741311
270,214,USD,JFK,BGR,"Bangor, United States",US,2026-11-10,1,https://www.aviasales.com/search/JFK1011BGR1?marker=741311
271,215,USD,SEA,PSC,"Pasco, United States",US,2026-08-29,1,https://www.aviasales.com/search/SEA2908PSC1?marker=741311
272,216,USD,JFK,BEG,"Belgrade, Serbia",RS,2026-10-13,1,https://www.aviasales.com/search/JFK1310BEG1?marker=741311
273,217,USD,PHX,ACV,"Arcata, United States",US,2026-08-18,1,https://www.aviasales.com/search/PHX1808ACV1?marker=741311
274,217,USD,JFK,VLC,"Valencia, Spain",ES,2026-10-17,1,https://www.aviasales.com/search/JFK1710VLC1?marker=741311
275,218,USD,BOS,POP,"Puerto Plata, Dominican Republic",DO,2026-09-06,2,https://www.aviasales.com/search/BOS0609POP1?marker=741311
276,218,USD,MIA,ELH,"North Eleuthera, Bahamas",BS,2026-09-07,1,https://www.aviasales.com/search/MIA0709ELH1?marker=741311
277,221,USD,LAX,TYO,"Tokyo, Japan",JP,2026-08-30,0,https://www.aviasales.com/search/LAX3008TYO1?marker=741311
278,221,USD,JFK,KUT,"Kutaisi, Georgia",GE,2026-09-29,2,https://www.aviasales.com/search/JFK2909KUT1?marker=741311
279,222,USD,DEN,BIL,"Billings, United States",US,2026-09-18,1,https://www.aviasales.com/search/DEN1809BIL1?marker=741311
280,223,USD,IAH,MOB,"Mobile, United States",US,2026-08-24,1,https://www.aviasales.com/search/IAH2408MOB1?marker=741311
281,223,USD,MCO,AXM,"Armenia, Colombia",CO,2026-08-15,2,https://www.aviasales.com/search/MCO1508AXM1?marker=741311
282,224,USD,JFK,HAV,"Havana, Cuba",CU,2026-10-28,2,https://www.aviasales.com/search/JFK2810HAV1?marker=741311
283,224,USD,IAD,ERI,"Erie, United States",US,2026-08-21,1,https://www.aviasales.com/search/IAD2108ERI1?marker=741311
284,224,USD,SFO,YXE,"Saskatoon, Canada",CA,2026-12-01,3,https://www.aviasales.com/search/SFO0112YXE1?marker=741311
285,224,USD,BNA,TRI,"Blountville, United States",US,2026-08-16,2,https://www.aviasales.com/search/BNA1608TRI1?marker=741311
286,225,USD,DEN,MOT,"Minot, United States",US,2026-08-19,1,https://www.aviasales.com/search/DEN1908MOT1?marker=741311
287,226,USD,IAD,CHO,"Charlottesville, United States",US,2026-09-17,0,https://www.aviasales.com/search/IAD1709CHO1?marker=741311
288,226,USD,LAS,BFL,"Bakersfield, United States",US,2026-09-03,1,https://www.aviasales.com/search/LAS0309BFL1?marker=741311
289,228,USD,JFK,GND,"St. George's, Grenada",GD,2026-11-12,1,https://www.aviasales.com/search/JFK1211GND1?marker=741311
290,228,USD,JFK,LCA,"Larnaca, Cyprus",CY,2026-10-14,1,https://www.aviasales.com/search/JFK1410LCA1?marker=741311
291,229,USD,JFK,ANU,"Saint John's, Antigua and Barbuda",AG,2026-09-26,2,https://www.aviasales.com/search/JFK2609ANU1?marker=741311
292,229,USD,JFK,DUS,"Dusseldorf, Germany",DE,2026-10-13,2,https://www.aviasales.com/search/JFK1310DUS1?marker=741311
293,229,USD,LAX,MAM,"Matamoros, Mexico",MX,2026-08-18,2,https://www.aviasales.com/search/LAX1808MAM1?marker=741311
294,229,USD,LAS,TAP,"Tapachula, Mexico",MX,2026-08-17,2,https://www.aviasales.com/search/LAS1708TAP1?marker=741311
295,229,USD,LAX,ZLO,"Manzanillo, Mexico",MX,2026-08-16,2,https://www.aviasales.com/search/LAX1608ZLO1?marker=741311
296,230,USD,JFK,RMO,"Chisinau, Moldova",MD,2026-10-02,1,https://www.aviasales.com/search/JFK0210RMO1?marker=741311
297,232,USD,JFK,BUD,"Budapest, Hungary",HU,2026-09-29,1,https://www.aviasales.com/search/JFK2909BUD1?marker=741311
298,233,USD,SEA,GDN,"Gdansk, Poland",PL,2026-10-21,2,https://www.aviasales.com/search/SEA2110GDN1?marker=741311
299,233,USD,JFK,ECP,"Panama City, United States",US,2026-09-13,1,https://www.aviasales.com/search/JFK1309ECP1?marker=741311
300,235,USD,MIA,MAD,"Madrid, Spain",ES,2026-08-15,1,https://www.aviasales.com/search/MIA1508MAD1?marker=741311
301,235,USD,JFK,LIS,"Lisbon, Portugal",PT,2026-10-20,1,https://www.aviasales.com/search/JFK2010LIS1?marker=741311
302,235,USD,MCO,BGA,"Bucaramanga, Colombia",CO,2026-10-08,1,https://www.aviasales.com/search/MCO0810BGA1?marker=741311
303,236,USD,ATL,HUX,"Huatulco, Mexico",MX,2026-09-25,2,https://www.aviasales.com/search/ATL2509HUX1?marker=741311
304,237,USD,JFK,ALC,"Alicante, Spain",ES,2026-09-06,1,https://www.aviasales.com/search/JFK0609ALC1?marker=741311
305,238,USD,JFK,VCE,"Venice, Italy",IT,2026-09-15,1,https://www.aviasales.com/search/JFK1509VCE1?marker=741311
306,238,USD,DEN,GUC,"Gunnison, United States",US,2026-08-14,0,https://www.aviasales.com/search/DEN1408GUC1?marker=741311
307,238,USD,PHL,LBB,"Lubbock, United States",US,2026-12-24,1,https://www.aviasales.com/search/PHL2412LBB1?marker=741311
308,239,USD,MCO,ALS,"Alamosa, United States",US,2026-09-04,1,https://www.aviasales.com/search/MCO0409ALS1?marker=741311
309,240,USD,JFK,PRG,"Prague, Czech Republic",CZ,2026-09-20,1,https://www.aviasales.com/search/JFK2009PRG1?marker=741311
310,241,USD,MIA,MGA,"Managua, Nicaragua",NI,2026-10-22,0,https://www.aviasales.com/search/MIA2210MGA1?marker=741311
311,241,USD,PHX,EVV,"Evansville, United States",US,2026-08-15,2,https://www.aviasales.com/search/PHX1508EVV1?marker=741311
312,242,USD,JFK,AMS,"Amsterdam, Netherlands",NL,2026-10-03,1,https://www.aviasales.com/search/JFK0310AMS1?marker=741311
313,242,USD,IAH,ZIH,"Ixtapa, Mexico",MX,2026-08-09,1,https://www.aviasales.com/search/IAH0908ZIH1?marker=741311
314,242,USD,JFK,RUT,"Rutland, United States",US,2026-08-15,1,https://www.aviasales.com/search/JFK1508RUT1?marker=741311
315,244,USD,JFK,MUC,"Munich, Germany",DE,2026-10-11,1,https://www.aviasales.com/search/JFK1110MUC1?marker=741311
316,244,USD,ATL,AUG,"Augusta, United States",US,2026-08-16,2,https://www.aviasales.com/search/ATL1608AUG1?marker=741311
317,244,USD,SFO,YWG,"Winnipeg, Canada",CA,2027-02-01,1,https://www.aviasales.com/search/SFO0102YWG1?marker=741311
318,246,USD,JFK,BOJ,"Bourgas, Bulgaria",BG,2026-09-25,1,https://www.aviasales.com/search/JFK2509BOJ1?marker=741311
319,246,USD,JFK,EDI,"Edinburgh, United Kingdom",GB,2026-08-16,1,https://www.aviasales.com/search/JFK1608EDI1?marker=741311
320,247,USD,JFK,IBZ,"Ibiza, Spain",ES,2026-08-17,1,https://www.aviasales.com/search/JFK1708IBZ1?marker=741311
321,248,USD,DFW,SGN,"Ho Chi Minh City, Vietnam",VN,2027-02-01,2,https://www.aviasales.com/search/DFW0102SGN1?marker=741311
322,248,USD,DTW,JAN,"Jackson, United States",US,2026-08-21,1,https://www.aviasales.com/search/DTW2108JAN1?marker=741311
323,250,USD,JFK,IST,"Istanbul, Turkiye",TR,2026-10-02,1,https://www.aviasales.com/search/JFK0210IST1?marker=741311
324,250,USD,SEA,PUW,"Pullman, United States",US,2026-08-18,0,https://www.aviasales.com/search/SEA1808PUW1?marker=741311
325,251,USD,BOS,PDL,"Ponta Delgada, Portugal",PT,2026-08-24,1,https://www.aviasales.com/search/BOS2408PDL1?marker=741311
326,251,USD,SEA,FAI,"Fairbanks, United States",US,2026-08-16,0,https://www.aviasales.com/search/SEA1608FAI1?marker=741311
327,252,USD,MIA,VRB,"Vero Beach, United States",US,2026-08-14,1,https://www.aviasales.com/search/MIA1408VRB1?marker=741311
328,253,USD,MIA,OGL,"Georgetown, Guyana",GY,2026-11-03,1,https://www.aviasales.com/search/MIA0311OGL1?marker=741311
329,254,USD,MIA,FDF,"Fort-de-France, Martinique",MQ,2027-01-07,1,https://www.aviasales.com/search/MIA0701FDF1?marker=741311
330,254,USD,ORD,NVA,"Neiva, Colombia",CO,2026-11-18,2,https://www.aviasales.com/search/ORD1811NVA1?marker=741311
331,254,USD,JFK,CUE,"Cuenca, Ecuador",EC,2027-02-04,2,https://www.aviasales.com/search/JFK0402CUE1?marker=741311
332,254,USD,JFK,MSN,"Madison, United States",US,2026-08-29,2,https://www.aviasales.com/search/JFK2908MSN1?marker=741311
333,255,USD,JFK,OPO,"Porto, Portugal",PT,2026-09-20,1,https://www.aviasales.com/search/JFK2009OPO1?marker=741311
334,255,USD,FLL,CAP,"Cap Haitien, Haiti",HT,2026-08-22,0,https://www.aviasales.com/search/FLL2208CAP1?marker=741311
335,255,USD,JFK,POZ,"Poznan, Poland",PL,2026-09-15,1,https://www.aviasales.com/search/JFK1509POZ1?marker=741311
336,256,USD,BOS,RTB,"Roatan, Honduras",HN,2027-01-30,2,https://www.aviasales.com/search/BOS3001RTB1?marker=741311
337,256,USD,JFK,BUH,"Bucharest, Romania",RO,2026-09-29,1,https://www.aviasales.com/search/JFK2909BUH1?marker=741311
338,256,USD,MIA,SRZ,"Santa Cruz, Bolivia",BO,2026-09-09,2,https://www.aviasales.com/search/MIA0909SRZ1?marker=741311
339,257,USD,PDX,FCA,"Kalispell, United States",US,2026-08-14,0,https://www.aviasales.com/search/PDX1408FCA1?marker=741311
340,259,USD,ATL,OLB,"Olbia, Italy",IT,2026-10-14,2,https://www.aviasales.com/search/ATL1410OLB1?marker=741311
341,262,USD,JFK,KSC,"Kosice, Slovakia",SK,2026-08-24,1,https://www.aviasales.com/search/JFK2408KSC1?marker=741311
342,262,USD,RDU,BKW,"Beckley, United States",US,2026-08-16,2,https://www.aviasales.com/search/RDU1608BKW1?marker=741311
343,263,USD,JFK,BAK,"Baku, Azerbaijan",AZ,2026-10-15,2,https://www.aviasales.com/search/JFK1510BAK1?marker=741311
344,263,USD,JFK,TAB,"Tobago, Trinidad and Tobago",TT,2026-08-18,1,https://www.aviasales.com/search/JFK1808TAB1?marker=741311
345,263,USD,LAX,YMM,"Fort McMurray, Canada",CA,2026-10-01,3,https://www.aviasales.com/search/LAX0110YMM1?marker=741311
346,265,USD,JFK,DBV,"Dubrovnik, Croatia",HR,2026-08-18,1,https://www.aviasales.com/search/JFK1808DBV1?marker=741311
347,266,USD,JFK,TGD,"Podgorica, Montenegro",ME,2026-08-24,1,https://www.aviasales.com/search/JFK2408TGD1?marker=741311
348,267,USD,JFK,EVN,"Yerevan, Armenia",AM,2026-10-15,2,https://www.aviasales.com/search/JFK1510EVN1?marker=741311
349,269,USD,JFK,BRI,"Bari, Italy",IT,2026-09-06,2,https://www.aviasales.com/search/JFK0609BRI1?marker=741311
350,269,USD,LAX,SOF,"Sofia, Bulgaria",BG,2026-11-18,2,https://www.aviasales.com/search/LAX1811SOF1?marker=741311
351,269,USD,JFK,HAM,"Hamburg, Germany",DE,2026-09-27,1,https://www.aviasales.com/search/JFK2709HAM1?marker=741311
352,270,USD,JFK,CUR,"Curacao, Curaçao",CW,2027-01-06,1,https://www.aviasales.com/search/JFK0601CUR1?marker=741311
353,270,USD,SFO,ZCL,"Zacatecas, Mexico",MX,2026-08-18,2,https://www.aviasales.com/search/SFO1808ZCL1?marker=741311
354,270,USD,SEA,YLW,"Kelowna, Canada",CA,2026-08-16,1,https://www.aviasales.com/search/SEA1608YLW1?marker=741311
355,271,USD,SEA,BRU,"Brussels, Belgium",BE,2026-11-03,1,https://www.aviasales.com/search/SEA0311BRU1?marker=741311
356,271,USD,JFK,SSH,"Sharm el Sheikh, Egypt",EG,2026-10-19,1,https://www.aviasales.com/search/JFK1910SSH1?marker=741311
357,272,USD,MIA,RIO,"Rio de Janeiro, Brazil",BR,2026-08-29,1,https://www.aviasales.com/search/MIA2908RIO1?marker=741311
358,272,USD,IAH,LCH,"Lake Charles, United States",US,2026-08-17,0,https://www.aviasales.com/search/IAH1708LCH1?marker=741311
359,273,USD,ORD,CAI,"Cairo, Egypt",EG,2026-12-31,1,https://www.aviasales.com/search/ORD3112CAI1?marker=741311
360,274,USD,JFK,BER,"Berlin, Germany",DE,2026-08-17,1,https://www.aviasales.com/search/JFK1708BER1?marker=741311
361,274,USD,SEA,ZRH,"Zurich, Switzerland",CH,2026-11-10,1,https://www.aviasales.com/search/SEA1011ZRH1?marker=741311
362,274,USD,JFK,PUY,"Pula, Croatia",HR,2026-09-13,1,https://www.aviasales.com/search/JFK1309PUY1?marker=741311
363,274,USD,SFO,ITO,"Hilo, United States",US,2026-08-31,1,https://www.aviasales.com/search/SFO3108ITO1?marker=741311
364,275,USD,SFO,MNL,"Manila, Philippines",PH,2026-11-29,1,https://www.aviasales.com/search/SFO2911MNL1?marker=741311
365,276,USD,FLL,EGE,"Vail, United States",US,2026-08-16,1,https://www.aviasales.com/search/FLL1608EGE1?marker=741311
366,276,USD,JFK,BGO,"Bergen, Norway",NO,2026-08-29,1,https://www.aviasales.com/search/JFK2908BGO1?marker=741311
367,277,USD,SEA,WRO,"Wroclaw, Poland",PL,2026-10-21,3,https://www.aviasales.com/search/SEA2110WRO1?marker=741311
368,278,USD,JFK,TCI,"Tenerife, Spain",ES,2026-09-21,2,https://www.aviasales.com/search/JFK2109TCI1?marker=741311
369,279,USD,BOS,SNN,"Shannon, Ireland",IE,2026-10-15,2,https://www.aviasales.com/search/BOS1510SNN1?marker=741311
370,279,USD,DEN,UIN,"Quincy, United States",US,2026-08-15,1,https://www.aviasales.com/search/DEN1508UIN1?marker=741311
371,279,USD,SEA,YKM,"Yakima, United States",US,2026-08-16,0,https://www.aviasales.com/search/SEA1608YKM1?marker=741311
372,280,USD,JFK,TLL,"Tallinn, Estonia",EE,2026-10-05,3,https://www.aviasales.com/search/JFK0510TLL1?marker=741311
373,282,USD,MIA,XPL,"Comayagua, Honduras",HN,2026-08-31,2,https://www.aviasales.com/search/MIA3108XPL1?marker=741311
374,282,USD,ORD,LNK,"Lincoln, United States",US,2026-08-17,0,https://www.aviasales.com/search/ORD1708LNK1?marker=741311
375,283,USD,PHX,LAR,"Laramie, United States",US,2026-08-18,1,https://www.aviasales.com/search/PHX1808LAR1?marker=741311
376,284,USD,BOS,DXB,"Dubai, United Arab Emirates",AE,2026-09-07,1,https://www.aviasales.com/search/BOS0709DXB1?marker=741311
377,284,USD,MCO,VIE,"Vienna, Austria",AT,2026-10-03,2,https://www.aviasales.com/search/MCO0310VIE1?marker=741311
378,284,USD,JFK,KRK,"Krakow, Poland",PL,2026-09-10,1,https://www.aviasales.com/search/JFK1009KRK1?marker=741311
379,284,USD,SLC,WYS,"West Yellowstone, United States",US,2026-08-13,1,https://www.aviasales.com/search/SLC1308WYS1?marker=741311
380,285,USD,JFK,LHE,"Lahore, Pakistan",PK,2026-08-31,1,https://www.aviasales.com/search/JFK3108LHE1?marker=741311
381,285,USD,IAD,EWN,"New Bern, United States",US,2026-08-17,2,https://www.aviasales.com/search/IAD1708EWN1?marker=741311
382,285,USD,JFK,SPU,"Split, Croatia",HR,2026-08-18,1,https://www.aviasales.com/search/JFK1808SPU1?marker=741311
383,285,USD,LAX,LEB,"Lebanon, United States",US,2026-08-16,1,https://www.aviasales.com/search/LAX1608LEB1?marker=741311
384,286,USD,DFW,NCE,"Nice, France",FR,2026-10-16,3,https://www.aviasales.com/search/DFW1610NCE1?marker=741311
385,287,USD,JFK,IAG,"Niagara Falls, United States",US,2026-09-02,1,https://www.aviasales.com/search/JFK0209IAG1?marker=741311
386,288,USD,JFK,AOI,"Ancona, Italy",IT,2026-09-06,1,https://www.aviasales.com/search/JFK0609AOI1?marker=741311
387,288,USD,DEN,HDN,"Hayden, United States",US,2026-08-12,0,https://www.aviasales.com/search/DEN1208HDN1?marker=741311
388,288,USD,PDX,KUN,"Kaunas, Lithuania",LT,2026-08-26,2,https://www.aviasales.com/search/PDX2608KUN1?marker=741311
389,289,USD,SEA,GLA,"Glasgow, United Kingdom",GB,2026-11-03,1,https://www.aviasales.com/search/SEA0311GLA1?marker=741311
390,289,USD,LAX,SMX,"Santa Maria, United States",US,2026-08-16,1,https://www.aviasales.com/search/LAX1608SMX1?marker=741311
391,292,USD,JFK,OSL,"Oslo, Norway",NO,2026-12-08,1,https://www.aviasales.com/search/JFK0812OSL1?marker=741311
392,293,USD,JFK,REU,"Reus, Spain",ES,2026-08-11,1,https://www.aviasales.com/search/JFK1108REU1?marker=741311
393,293,USD,LAS,CRW,"Charleston, United States",US,2026-08-13,3,https://www.aviasales.com/search/LAS1308CRW1?marker=741311
394,293,USD,PDX,YXX,"Abbotsford, Canada",CA,2026-08-12,2,https://www.aviasales.com/search/PDX1208YXX1?marker=741311
395,296,USD,ATL,FAY,"Fayetteville, United States",US,2026-08-17,2,https://www.aviasales.com/search/ATL1708FAY1?marker=741311
396,296,USD,LAX,CVM,"Ciudad Victoria, Mexico",MX,2026-08-17,2,https://www.aviasales.com/search/LAX1708CVM1?marker=741311
397,298,USD,MIA,MDZ,"Mendoza, Argentina",AR,2026-08-16,1,https://www.aviasales.com/search/MIA1608MDZ1?marker=741311
398,298,USD,ORD,ISB,"Islamabad, Pakistan",PK,2026-08-12,1,https://www.aviasales.com/search/ORD1208ISB1?marker=741311
399,298,USD,DEN,GCC,"Gillette, United States",US,2026-08-17,0,https://www.aviasales.com/search/DEN1708GCC1?marker=741311
400,299,USD,IAH,FPO,"Freeport, Bahamas",BS,2026-08-17,3,https://www.aviasales.com/search/IAH1708FPO1?marker=741311
401,299,USD,SLC,BTM,"Butte, United States",US,2026-08-13,1,https://www.aviasales.com/search/SLC1308BTM1?marker=741311
402,300,USD,DFW,HTS,"Huntington, United States",US,2026-08-18,2,https://www.aviasales.com/search/DFW1808HTS1?marker=741311
403,300,USD,JFK,BJV,"Bodrum, Turkiye",TR,2026-08-25,1,https://www.aviasales.com/search/JFK2508BJV1?marker=741311
404,301,USD,JFK,CMN,"Casablanca, Morocco",MA,2026-10-16,2,https://www.aviasales.com/search/JFK1610CMN1?marker=741311
405,301,USD,SAN,CHQ,"Chania, Greece",GR,2026-08-18,1,https://www.aviasales.com/search/SAN1808CHQ1?marker=741311
406,304,USD,JFK,TBS,"Tbilisi, Georgia",GE,2026-09-29,1,https://www.aviasales.com/search/JFK2909TBS1?marker=741311
407,304,USD,LAX,YXS,"Prince George, Canada",CA,2026-08-20,2,https://www.aviasales.com/search/LAX2008YXS1?marker=741311
408,305,USD,SEA,LYS,"Lyon, France",FR,2026-11-03,2,https://www.aviasales.com/search/SEA0311LYS1?marker=741311
409,305,USD,IAD,CUZ,"Cusco, Peru",PE,2026-09-07,2,https://www.aviasales.com/search/IAD0709CUZ1?marker=741311
410,305,USD,JFK,ALG,"Algiers, Algeria",DZ,2026-08-11,2,https://www.aviasales.com/search/JFK1108ALG1?marker=741311
411,309,USD,JFK,FNC,"Funchal, Portugal",PT,2026-09-26,1,https://www.aviasales.com/search/JFK2609FNC1?marker=741311
412,309,USD,JFK,VNO,"Vilnius, Lithuania",LT,2026-09-11,2,https://www.aviasales.com/search/JFK1109VNO1?marker=741311
413,309,USD,LAX,CNM,"Carlsbad, United States",US,2026-08-18,1,https://www.aviasales.com/search/LAX1808CNM1?marker=741311
414,310,USD,ATL,BOM,"Mumbai, India",IN,2026-09-03,1,https://www.aviasales.com/search/ATL0309BOM1?marker=741311
415,312,USD,IAD,HEL,"Helsinki, Finland",FI,2026-09-07,1,https://www.aviasales.com/search/IAD0709HEL1?marker=741311
416,312,USD,SEA,MRS,"Marseille, France",FR,2026-11-03,2,https://www.aviasales.com/search/SEA0311MRS1?marker=741311
417,312,USD,SEA,SKP,"Skopje, North Macedonia",MK,2026-10-15,3,https://www.aviasales.com/search/SEA1510SKP1?marker=741311
418,313,USD,MIA,BIQ,"Biarritz, France",FR,2026-09-24,2,https://www.aviasales.com/search/MIA2409BIQ1?marker=741311
419,313,USD,MSP,STR,"Stuttgart, Germany",DE,2026-10-15,3,https://www.aviasales.com/search/MSP1510STR1?marker=741311
420,315,USD,JFK,RIX,"Riga, Latvia",LV,2026-08-28,1,https://www.aviasales.com/search/JFK2808RIX1?marker=741311
421,315,USD,LAX,CAN,"Guangzhou, China",CN,2026-09-03,1,https://www.aviasales.com/search/LAX0309CAN1?marker=741311
422,315,USD,SFO,CGN,"Cologne, Germany",DE,2026-11-15,1,https://www.aviasales.com/search/SFO1511CGN1?marker=741311
423,315,USD,SEA,NNG,"Nanning, China",CN,2027-01-17,2,https://www.aviasales.com/search/SEA1701NNG1?marker=741311
424,316,USD,TPA,MBS,"Saginaw, United States",US,2026-12-01,1,https://www.aviasales.com/search/TPA0112MBS1?marker=741311
425,316,USD,JFK,PMF,"Parma, Italy",IT,2026-09-02,1,https://www.aviasales.com/search/JFK0209PMF1?marker=741311
426,317,USD,MIA,VIX,"Vitoria, Brazil",BR,2026-11-09,2,https://www.aviasales.com/search/MIA0911VIX1?marker=741311
427,317,USD,JFK,IZM,"Izmir, Turkiye",TR,2026-08-20,1,https://www.aviasales.com/search/JFK2008IZM1?marker=741311
428,318,USD,MCO,NAT,"Natal, Brazil",BR,2026-12-20,2,https://www.aviasales.com/search/MCO2012NAT1?marker=741311
429,318,USD,MCO,AIA,"Alliance, United States",US,2026-08-13,2,https://www.aviasales.com/search/MCO1308AIA1?marker=741311
430,319,USD,FLL,RKD,"Rockland, United States",US,2026-08-15,2,https://www.aviasales.com/search/FLL1508RKD1?marker=741311
431,320,USD,DFW,MAO,"Manaus, Brazil",BR,2026-10-30,2,https://www.aviasales.com/search/DFW3010MAO1?marker=741311
432,320,USD,IAD,STO,"Stockholm, Sweden",SE,2026-09-07,1,https://www.aviasales.com/search/IAD0709STO1?marker=741311
433,320,USD,IAD,PMI,"Palma, Spain",ES,2026-09-28,2,https://www.aviasales.com/search/IAD2809PMI1?marker=741311
434,320,USD,LAX,BIS,"Bismarck, United States",US,2026-08-17,2,https://www.aviasales.com/search/LAX1708BIS1?marker=741311
435,321,USD,JFK,UBS,"Columbus, United States",US,2026-08-18,2,https://www.aviasales.com/search/JFK1808UBS1?marker=741311
436,321,USD,JFK,ZTH,"Zakinthos, Greece",GR,2026-09-29,2,https://www.aviasales.com/search/JFK2909ZTH1?marker=741311
437,321,USD,JFK,POA,"Porto Alegre, Brazil",BR,2026-09-26,2,https://www.aviasales.com/search/JFK2609POA1?marker=741311
438,324,USD,SEA,REK,"Reykjavik, Iceland",IS,2026-09-12,1,https://www.aviasales.com/search/SEA1209REK1?marker=741311
439,324,USD,IAH,AOO,"Altoona, United States",US,2026-08-18,1,https://www.aviasales.com/search/IAH1808AOO1?marker=741311
440,324,USD,JFK,BTS,"Bratislava, Slovakia",SK,2026-10-08,1,https://www.aviasales.com/search/JFK0810BTS1?marker=741311
441,326,USD,IAD,JED,"Jeddah, Saudi Arabia",SA,2026-09-04,1,https://www.aviasales.com/search/IAD0409JED1?marker=741311
442,326,USD,JFK,DLM,"Dalaman, Turkiye",TR,2026-09-14,2,https://www.aviasales.com/search/JFK1409DLM1?marker=741311
443,326,USD,JFK,SVQ,"Sevilla, Spain",ES,2026-11-10,1,https://www.aviasales.com/search/JFK1011SVQ1?marker=741311
444,327,USD,MIA,ASU,"Asuncion, Paraguay",PY,2026-09-11,1,https://www.aviasales.com/search/MIA1109ASU1?marker=741311
445,327,USD,MIA,SNU,"Santa Clara, Cuba",CU,2026-08-26,0,https://www.aviasales.com/search/MIA2608SNU1?marker=741311
446,327,USD,SEA,LSE,"La Crosse, United States",US,2026-08-12,3,https://www.aviasales.com/search/SEA1208LSE1?marker=741311
447,328,USD,MIA,FLN,"Florianopolis, Brazil",BR,2026-11-22,1,https://www.aviasales.com/search/MIA2211FLN1?marker=741311
448,328,USD,JFK,NAP,"Naples, Italy",IT,2026-08-09,1,https://www.aviasales.com/search/JFK0908NAP1?marker=741311
449,329,USD,ATL,DEC,"Decatur, United States",US,2026-08-16,1,https://www.aviasales.com/search/ATL1608DEC1?marker=741311
450,329,USD,SFO,ZAG,"Zagreb, Croatia",HR,2026-10-12,2,https://www.aviasales.com/search/SFO1210ZAG1?marker=741311
451,329,USD,JFK,TIV,"Tivat, Montenegro",ME,2026-10-01,2,https://www.aviasales.com/search/JFK0110TIV1?marker=741311
452,330,USD,MIA,SKB,"Basseterre, Saint Kitts and Nevis",KN,2026-11-02,2,https://www.aviasales.com/search/MIA0211SKB1?marker=741311
453,330,USD,JFK,JTR,"Thira, Greece",GR,2026-09-22,2,https://www.aviasales.com/search/JFK2209JTR1?marker=741311
454,332,USD,IAD,FNT,"Flint, United States",US,2026-08-14,1,https://www.aviasales.com/search/IAD1408FNT1?marker=741311
455,332,USD,DTW,ELM,"Elmira, United States",US,2026-08-13,2,https://www.aviasales.com/search/DTW1308ELM1?marker=741311
456,333,USD,JFK,JER,"Jersey, Jersey",JE,2026-09-10,1,https://www.aviasales.com/search/JFK1009JER1?marker=741311
457,335,USD,MIA,SCU,"Santiago, Cuba",CU,2026-11-24,2,https://www.aviasales.com/search/MIA2411SCU1?marker=741311
458,335,USD,ORD,RUH,"Riyadh, Saudi Arabia",SA,2026-09-07,1,https://www.aviasales.com/search/ORD0709RUH1?marker=741311
459,335,USD,JFK,ILG,"Wilmington, United States",US,2026-08-12,2,https://www.aviasales.com/search/JFK1208ILG1?marker=741311
460,335,USD,LAS,ALO,"Waterloo, United States",US,2026-09-01,1,https://www.aviasales.com/search/LAS0109ALO1?marker=741311
461,336,USD,MIA,MVD,"Montevideo, Uruguay",UY,2026-08-23,1,https://www.aviasales.com/search/MIA2308MVD1?marker=741311
462,336,USD,ORD,PKB,"Parkersburg, United States",US,2026-08-17,2,https://www.aviasales.com/search/ORD1708PKB1?marker=741311
463,336,USD,JFK,GRO,"Girona, Spain",ES,2026-09-27,1,https://www.aviasales.com/search/JFK2709GRO1?marker=741311
464,337,USD,IAH,MTT,"Minatitlan, Mexico",MX,2026-08-15,1,https://www.aviasales.com/search/IAH1508MTT1?marker=741311
465,337,USD,LAS,EIS,"Beef Island, British Virgin Islands",VG,2026-09-04,2,https://www.aviasales.com/search/LAS0409EIS1?marker=741311
466,337,USD,LAS,MBL,"Manistee, United States",US,2026-08-16,1,https://www.aviasales.com/search/LAS1608MBL1?marker=741311
467,337,USD,AUS,PTP,"Pointe-a-pitre, Guadeloupe",GP,2027-01-23,2,https://www.aviasales.com/search/AUS2301PTP1?marker=741311
468,338,USD,MIA,SLA,"Salta, Argentina",AR,2027-01-14,1,https://www.aviasales.com/search/MIA1401SLA1?marker=741311
469,338,USD,LAX,FLR,"Florence, Italy",IT,2026-08-25,2,https://www.aviasales.com/search/LAX2508FLR1?marker=741311
470,338,USD,JFK,BON,"Kralendijk, Caribbean Netherlands",BQ,2026-08-11,1,https://www.aviasales.com/search/JFK1108BON1?marker=741311
471,339,USD,SFO,DAD,"Da Nang, Vietnam",VN,2026-09-09,1,https://www.aviasales.com/search/SFO0909DAD1?marker=741311
472,339,USD,JFK,SKG,"Thessaloniki, Greece",GR,2026-10-06,2,https://www.aviasales.com/search/JFK0610SKG1?marker=741311
473,339,USD,SEA,GRI,"Grand Island, United States",US,2026-08-15,2,https://www.aviasales.com/search/SEA1508GRI1?marker=741311
474,339,USD,MSP,CMX,"Hancock, United States",US,2026-08-14,1,https://www.aviasales.com/search/MSP1408CMX1?marker=741311
475,340,USD,BOS,RAI,"Praia, Cape Verde",CV,2026-08-29,0,https://www.aviasales.com/search/BOS2908RAI1?marker=741311
476,341,USD,ORD,SIN,"Singapore, Singapore",SG,2026-09-21,1,https://www.aviasales.com/search/ORD2109SIN1?marker=741311
477,341,USD,MIA,ROS,"Rosario, Argentina",AR,2026-09-08,1,https://www.aviasales.com/search/MIA0809ROS1?marker=741311
478,341,USD,ATL,MLU,"Monroe, United States",US,2026-08-15,2,https://www.aviasales.com/search/ATL1508MLU1?marker=741311
479,342,USD,BOS,CWB,"Curitiba, Brazil",BR,2026-08-20,2,https://www.aviasales.com/search/BOS2008CWB1?marker=741311
480,342,USD,PHX,MSL,"Muscle Shoals, United States",US,2026-08-13,2,https://www.aviasales.com/search/PHX1308MSL1?marker=741311
481,343,USD,MIA,EAT,"Wenatchee, United States",US,2026-08-16,1,https://www.aviasales.com/search/MIA1608EAT1?marker=741311
482,347,USD,MCO,YYT,"St. John's, Canada",CA,2026-08-18,2,https://www.aviasales.com/search/MCO1808YYT1?marker=741311
483,348,USD,ORD,SHJ,"Sharjah, United Arab Emirates",AE,2026-08-30,1,https://www.aviasales.com/search/ORD3008SHJ1?marker=741311
484,348,USD,SFO,SEL,"Seoul, South Korea",KR,2026-09-14,0,https://www.aviasales.com/search/SFO1409SEL1?marker=741311
485,348,USD,MIA,IWD,"Ironwood, United States",US,2026-08-17,2,https://www.aviasales.com/search/MIA1708IWD1?marker=741311
486,348,USD,IAD,TLS,"Toulouse, France",FR,2026-09-07,2,https://www.aviasales.com/search/IAD0709TLS1?marker=741311
487,348,USD,JFK,LPA,"Las Palmas, Spain",ES,2026-08-31,2,https://www.aviasales.com/search/JFK3108LPA1?marker=741311
488,348,USD,JFK,LAN,"Lansing, United States",US,2026-08-17,2,https://www.aviasales.com/search/JFK1708LAN1?marker=741311
489,349,USD,LAX,SHA,"Shanghai, China",CN,2026-11-01,1,https://www.aviasales.com/search/LAX0111SHA1?marker=741311
490,349,USD,BOS,MLA,"Malta, Malta",MT,2026-10-03,2,https://www.aviasales.com/search/BOS0310MLA1?marker=741311
491,349,USD,LAX,MKK,"Hoolehua, United States",US,2026-09-05,1,https://www.aviasales.com/search/LAX0509MKK1?marker=741311
492,351,USD,JFK,MCT,"Muscat, Oman",OM,2026-09-01,1,https://www.aviasales.com/search/JFK0109MCT1?marker=741311
493,353,USD,JFK,CFU,"Kerkyra, Greece",GR,2026-08-18,1,https://www.aviasales.com/search/JFK1808CFU1?marker=741311
494,353,USD,IAD,RAK,"Marrakech, Morocco",MA,2026-09-07,2,https://www.aviasales.com/search/IAD0709RAK1?marker=741311
495,353,USD,IAD,KWI,"Kuwait City, Kuwait",KW,2026-09-07,1,https://www.aviasales.com/search/IAD0709KWI1?marker=741311
496,353,USD,LAX,BRW,"Barrow, United States",US,2026-09-01,1,https://www.aviasales.com/search/LAX0109BRW1?marker=741311
497,353,USD,LAS,BLI,"Bellingham, United States",US,2026-08-18,1,https://www.aviasales.com/search/LAS1808BLI1?marker=741311
498,354,USD,BOS,TPE,"Taipei, Taiwan",TW,2027-01-20,1,https://www.aviasales.com/search/BOS2001TPE1?marker=741311
499,354,USD,LAX,LPB,"La Paz, Bolivia",BO,2026-08-28,2,https://www.aviasales.com/search/LAX2808LPB1?marker=741311
500,355,USD,JFK,ABJ,"Abidjan, Ivory Coast",CI,2026-09-30,1,https://www.aviasales.com/search/JFK3009ABJ1?marker=741311
501,355,USD,JFK,JMK,"Mikonos, Greece",GR,2026-09-01,1,https://www.aviasales.com/search/JFK0109JMK1?marker=741311
502,355,USD,FLL,COU,"Columbia, United States",US,2026-08-16,2,https://www.aviasales.com/search/FLL1608COU1?marker=741311
503,355,USD,LAS,CJS,"Ciudad Juarez, Mexico",MX,2026-09-07,3,https://www.aviasales.com/search/LAS0709CJS1?marker=741311
504,355,USD,MSP,AZO,"Kalamazoo, United States",US,2026-08-17,1,https://www.aviasales.com/search/MSP1708AZO1?marker=741311
505,357,USD,IAD,BIO,"Bilbao, Spain",ES,2026-09-07,2,https://www.aviasales.com/search/IAD0709BIO1?marker=741311
506,357,USD,JFK,GGT,"George Town, Bahamas",BS,2026-10-19,2,https://www.aviasales.com/search/JFK1910GGT1?marker=741311
507,357,USD,JFK,RHO,"Rhodes, Greece",GR,2026-08-18,1,https://www.aviasales.com/search/JFK1808RHO1?marker=741311
508,357,USD,PDX,YZF,"Yellowknife, Canada",CA,2026-08-12,1,https://www.aviasales.com/search/PDX1208YZF1?marker=741311
509,358,USD,JFK,EWB,"New Bedford, United States",US,2026-08-17,1,https://www.aviasales.com/search/JFK1708EWB1?marker=741311
510,358,USD,SEA,YYJ,"Victoria, Canada",CA,2026-08-12,1,https://www.aviasales.com/search/SEA1208YYJ1?marker=741311
511,359,USD,LAX,VAR,"Varna, Bulgaria",BG,2026-11-10,3,https://www.aviasales.com/search/LAX1011VAR1?marker=741311
512,360,USD,DFW,JLN,"Joplin, United States",US,2026-08-17,1,https://www.aviasales.com/search/DFW1708JLN1?marker=741311
513,362,USD,BOS,SCV,"Suceava, Romania",RO,2026-09-11,2,https://www.aviasales.com/search/BOS1109SCV1?marker=741311
514,362,USD,MIA,HOG,"Holguin, Cuba",CU,2026-09-08,0,https://www.aviasales.com/search/MIA0809HOG1?marker=741311
515,362,USD,MSP,BMI,"Bloomington, United States",US,2026-08-18,1,https://www.aviasales.com/search/MSP1808BMI1?marker=741311
516,363,USD,IAD,MAN,"Manchester, United Kingdom",GB,2026-09-07,3,https://www.aviasales.com/search/IAD0709MAN1?marker=741311
517,363,USD,JFK,PBM,"Paramaribo, Suriname",SR,2026-10-30,1,https://www.aviasales.com/search/JFK3010PBM1?marker=741311
518,363,USD,JFK,EVE,"Harstad-Narvik, Norway",NO,2026-12-07,2,https://www.aviasales.com/search/JFK0712EVE1?marker=741311
519,363,USD,SFO,JNU,"Juneau, United States",US,2026-09-11,2,https://www.aviasales.com/search/SFO1109JNU1?marker=741311
520,363,USD,LAX,PBG,"Plattsburgh, United States",US,2026-08-16,2,https://www.aviasales.com/search/LAX1608PBG1?marker=741311
521,364,USD,JFK,BKK,"Bangkok, Thailand",TH,2026-11-16,1,https://www.aviasales.com/search/JFK1611BKK1?marker=741311
522,364,USD,BOS,DEL,"New Delhi, India",IN,2026-08-10,1,https://www.aviasales.com/search/BOS1008DEL1?marker=741311
523,365,USD,PHL,MEI,"Meridian, United States",US,2026-08-17,2,https://www.aviasales.com/search/PHL1708MEI1?marker=741311
524,365,USD,SFO,PPT,"Papeete, French Polynesia",PF,2026-09-04,0,https://www.aviasales.com/search/SFO0409PPT1?marker=741311
525,365,USD,PDX,AUW,"Wausau, United States",US,2026-10-17,2,https://www.aviasales.com/search/PDX1710AUW1?marker=741311
526,366,USD,BOS,SZG,"Salzburg, Austria",AT,2026-09-19,2,https://www.aviasales.com/search/BOS1909SZG1?marker=741311
527,366,USD,JFK,LJU,"Ljubljana, Slovenia",SI,2026-11-13,3,https://www.aviasales.com/search/JFK1311LJU1?marker=741311
528,368,USD,JFK,GZP,"Alanya, Turkiye",TR,2026-10-22,3,https://www.aviasales.com/search/JFK2210GZP1?marker=741311
529,368,USD,LAX,HAN,"Hanoi, Vietnam",VN,2026-10-15,1,https://www.aviasales.com/search/LAX1510HAN1?marker=741311
530,368,USD,DEN,BLL,"Billund, Denmark",DK,2026-12-01,1,https://www.aviasales.com/search/DEN0112BLL1?marker=741311
531,369,USD,ORD,FMM,"Memmingen, Germany",DE,2026-09-10,2,https://www.aviasales.com/search/ORD1009FMM1?marker=741311
532,370,USD,JFK,BSB,"Brasilia, Brazil",BR,2027-01-20,1,https://www.aviasales.com/search/JFK2001BSB1?marker=741311
533,370,USD,ORD,SRE,"Sucre, Bolivia",BO,2026-11-02,3,https://www.aviasales.com/search/ORD0211SRE1?marker=741311
534,370,USD,SFO,DLC,"Dalian, China",CN,2026-08-24,1,https://www.aviasales.com/search/SFO2408DLC1?marker=741311
535,371,USD,JFK,SUF,"Lamezia Terme, Italy",IT,2026-09-16,2,https://www.aviasales.com/search/JFK1609SUF1?marker=741311
536,373,USD,DEN,CZM,"Cozumel, Mexico",MX,2027-01-01,1,https://www.aviasales.com/search/DEN0101CZM1?marker=741311
537,375,USD,LAX,HRB,"Harbin, China",CN,2026-09-20,1,https://www.aviasales.com/search/LAX2009HRB1?marker=741311
538,377,USD,JFK,AUH,"Abu Dhabi, United Arab Emirates",AE,2026-10-13,1,https://www.aviasales.com/search/JFK1310AUH1?marker=741311
539,377,USD,JFK,ALA,"Almaty, Kazakhstan",KZ,2026-10-13,2,https://www.aviasales.com/search/JFK1310ALA1?marker=741311
540,377,USD,MCO,ANK,"Ankara, Turkiye",TR,2026-08-17,1,https://www.aviasales.com/search/MCO1708ANK1?marker=741311
541,377,USD,IAD,MAA,"Chennai, India",IN,2026-09-07,1,https://www.aviasales.com/search/IAD0709MAA1?marker=741311
542,377,USD,JFK,BES,"Brest, France",FR,2026-08-10,1,https://www.aviasales.com/search/JFK1008BES1?marker=741311
543,378,USD,LAS,HKG,"Hong Kong, Hong Kong",HK,2027-01-31,1,https://www.aviasales.com/search/LAS3101HKG1?marker=741311
544,378,USD,JFK,KTN,"Ketchikan, United States",US,2026-08-30,2,https://www.aviasales.com/search/JFK3008KTN1?marker=741311
545,379,USD,TPA,CEZ,"Cortez, United States",US,2026-08-18,2,https://www.aviasales.com/search/TPA1808CEZ1?marker=741311
546,380,USD,JFK,HYD,"Hyderabad, India",IN,2026-09-10,1,https://www.aviasales.com/search/JFK1009HYD1?marker=741311
547,380,USD,LAX,SSA,"Salvador, Brazil",BR,2026-09-10,2,https://www.aviasales.com/search/LAX1009SSA1?marker=741311
548,381,USD,LAX,SYX,"Sanya, China",CN,2026-11-08,1,https://www.aviasales.com/search/LAX0811SYX1?marker=741311
549,384,USD,DCA,XSC,"South Caicos, Turks and Caicos Islands",TC,2026-08-17,2,https://www.aviasales.com/search/DCA1708XSC1?marker=741311
550,384,USD,LAX,TSN,"Tianjin, China",CN,2026-09-08,1,https://www.aviasales.com/search/LAX0809TSN1?marker=741311
551,385,USD,RDU,PHF,"Newport News, United States",US,2026-08-15,2,https://www.aviasales.com/search/RDU1508PHF1?marker=741311
552,385,USD,JFK,LWN,"Gyumri, Armenia",AM,2026-09-21,3,https://www.aviasales.com/search/JFK2109LWN1?marker=741311
553,386,USD,LAX,BJS,"Beijing, China",CN,2026-10-01,1,https://www.aviasales.com/search/LAX0110BJS1?marker=741311
554,387,USD,LAX,OSA,"Osaka, Japan",JP,2026-08-23,1,https://www.aviasales.com/search/LAX2308OSA1?marker=741311
555,388,USD,MIA,CUC,"Cucuta, Colombia",CO,2026-12-22,1,https://www.aviasales.com/search/MIA2212CUC1?marker=741311
556,388,USD,LAX,JKT,"Jakarta, Indonesia",ID,2026-08-30,1,https://www.aviasales.com/search/LAX3008JKT1?marker=741311
557,389,USD,ORD,SLN,"Salina, United States",US,2026-08-16,0,https://www.aviasales.com/search/ORD1608SLN1?marker=741311
558,389,USD,DTW,LPL,"Liverpool, United Kingdom",GB,2026-09-27,2,https://www.aviasales.com/search/DTW2709LPL1?marker=741311
559,390,USD,TPA,SJJ,"Sarajevo, Bosnia and Herzegovina",BA,2026-08-24,3,https://www.aviasales.com/search/TPA2408SJJ1?marker=741311
560,390,USD,MIA,CTA,"Catania, Italy",IT,2026-09-08,2,https://www.aviasales.com/search/MIA0809CTA1?marker=741311
561,391,USD,JFK,KHI,"Karachi, Pakistan",PK,2026-08-15,1,https://www.aviasales.com/search/JFK1508KHI1?marker=741311
562,391,USD,IAH,ILE,"Killeen, United States",US,2026-08-18,1,https://www.aviasales.com/search/IAH1808ILE1?marker=741311
563,392,USD,JFK,GVA,"Geneva, Switzerland",CH,2027-01-04,3,https://www.aviasales.com/search/JFK0401GVA1?marker=741311
564,392,USD,LAX,NAN,"Nadi, Fiji",FJ,2026-08-09,0,https://www.aviasales.com/search/LAX0908NAN1?marker=741311
565,392,USD,JFK,ATQ,"Amritsar, India",IN,2026-08-17,2,https://www.aviasales.com/search/JFK1708ATQ1?marker=741311
566,392,USD,LAX,DRO,"Durango, United States",US,2026-08-16,1,https://www.aviasales.com/search/LAX1608DRO1?marker=741311
567,393,USD,BOS,CEC,"Crescent City, United States",US,2026-08-13,2,https://www.aviasales.com/search/BOS1308CEC1?marker=741311
568,395,USD,JFK,DYU,"Dushanbe, Tajikistan",TJ,2026-09-07,2,https://www.aviasales.com/search/JFK0709DYU1?marker=741311
569,396,USD,ORD,HKT,"Phuket, Thailand",TH,2026-09-24,1,https://www.aviasales.com/search/ORD2409HKT1?marker=741311
570,396,USD,TPA,CCS,"Caracas, Venezuela",VE,2026-09-15,3,https://www.aviasales.com/search/TPA1509CCS1?marker=741311
571,397,USD,PHL,SHD,"Staunton, United States",US,2026-08-18,2,https://www.aviasales.com/search/PHL1808SHD1?marker=741311
572,400,USD,JFK,LTO,"Loreto, Mexico",MX,2026-08-18,3,https://www.aviasales.com/search/JFK1808LTO1?marker=741311
573,400,USD,SLC,UPN,"Uruapan, Mexico",MX,2026-08-14,2,https://www.aviasales.com/search/SLC1408UPN1?marker=741311
574,401,USD,JFK,TRN,"Turin, Italy",IT,2026-12-13,2,https://www.aviasales.com/search/JFK1312TRN1?marker=741311
575,401,USD,LAX,CLL,"College Station, United States",US,2026-08-12,1,https://www.aviasales.com/search/LAX1208CLL1?marker=741311
576,402,USD,JFK,BAH,"Manama, Bahrain",BH,2026-08-20,1,https://www.aviasales.com/search/JFK2008BAH1?marker=741311
577,403,USD,IAD,AMD,"Ahmedabad, India",IN,2026-09-07,1,https://www.aviasales.com/search/IAD0709AMD1?marker=741311
578,403,USD,ORD,NBO,"Nairobi, Kenya",KE,2026-09-07,1,https://www.aviasales.com/search/ORD0709NBO1?marker=741311
579,404,USD,LAX,CTU,"Chengdu, China",CN,2026-08-30,1,https://www.aviasales.com/search/LAX3008CTU1?marker=741311
580,406,USD,JFK,ECN,"Ercan, Northern Cyprus",NY,2026-08-22,2,https://www.aviasales.com/search/JFK2208ECN1?marker=741311
581,406,USD,SFO,OKA,"Okinawa, Japan",JP,2026-08-27,2,https://www.aviasales.com/search/SFO2708OKA1?marker=741311
582,406,USD,PHX,YYG,"Charlottetown, Canada",CA,2026-08-17,3,https://www.aviasales.com/search/PHX1708YYG1?marker=741311
583,407,USD,LAS,MFM,"Macau, Macau",MO,2026-09-15,1,https://www.aviasales.com/search/LAS1509MFM1?marker=741311
584,408,USD,JFK,MOW,"Moscow, Russia",RU,2026-09-15,2,https://www.aviasales.com/search/JFK1509MOW1?marker=741311
585,408,USD,JFK,BSZ,"Bishkek, Kyrgyzstan",KG,2026-09-28,2,https://www.aviasales.com/search/JFK2809BSZ1?marker=741311
586,408,USD,JFK,TUN,"Tunis, Tunisia",TN,2026-08-29,1,https://www.aviasales.com/search/JFK2908TUN1?marker=741311
587,409,USD,MIA,FOC,"Fuzhou, China",CN,2026-10-01,2,https://www.aviasales.com/search/MIA0110FOC1?marker=741311
588,409,USD,ORD,BLQ,"Bologna, Italy",IT,2026-08-21,2,https://www.aviasales.com/search/ORD2108BLQ1?marker=741311
589,410,USD,DFW,SWO,"Stillwater, United States",US,2026-08-13,0,https://www.aviasales.com/search/DFW1308SWO1?marker=741311
590,410,USD,BOS,ADD,"Addis Ababa, Ethiopia",ET,2026-09-07,1,https://www.aviasales.com/search/BOS0709ADD1?marker=741311
591,410,USD,IAH,SUX,"Sioux City, United States",US,2026-08-16,1,https://www.aviasales.com/search/IAH1608SUX1?marker=741311
592,410,USD,SLC,LBF,"North Platte, United States",US,2026-08-13,1,https://www.aviasales.com/search/SLC1308LBF1?marker=741311
593,410,USD,PDX,PQI,"Presque Isle, United States",US,2026-08-15,1,https://www.aviasales.com/search/PDX1508PQI1?marker=741311
594,411,USD,PHX,TEX,"Telluride, United States",US,2026-08-12,1,https://www.aviasales.com/search/PHX1208TEX1?marker=741311
595,411,USD,MIA,BHX,"Birmingham, United Kingdom",GB,2026-08-09,2,https://www.aviasales.com/search/MIA0908BHX1?marker=741311
596,411,USD,IAD,LUX,"Luxembourg, Luxembourg",LU,2026-09-18,3,https://www.aviasales.com/search/IAD1809LUX1?marker=741311
597,411,USD,SLC,CCP,"Concepcion, Chile",CL,2026-09-13,3,https://www.aviasales.com/search/SLC1309CCP1?marker=741311
598,412,USD,DFW,LNS,"Lancaster, United States",US,2026-08-09,2,https://www.aviasales.com/search/DFW0908LNS1?marker=741311
599,412,USD,LAX,ITH,"Ithaca, United States",US,2026-08-12,1,https://www.aviasales.com/search/LAX1208ITH1?marker=741311
600,416,USD,BOS,MXL,"Mexicali, Mexico",MX,2026-08-12,3,https://www.aviasales.com/search/BOS1208MXL1?marker=741311
601,417,USD,BOS,LDB,"Londrina, Brazil",BR,2026-09-14,3,https://www.aviasales.com/search/BOS1409LDB1?marker=741311
602,417,USD,IAD,BLR,"Bengaluru, India",IN,2026-09-07,2,https://www.aviasales.com/search/IAD0709BLR1?marker=741311
603,417,USD,ORD,IGU,"Foz do Iguaçu, Brazil",BR,2026-11-02,2,https://www.aviasales.com/search/ORD0211IGU1?marker=741311
604,418,USD,ORD,TAS,"Tashkent, Uzbekistan",UZ,2026-11-17,4,https://www.aviasales.com/search/ORD1711TAS1?marker=741311
605,418,USD,JFK,USA,"Concord, United States",US,2026-08-11,2,https://www.aviasales.com/search/JFK1108USA1?marker=741311
606,420,USD,SEA,KUL,"Kuala Lumpur, Malaysia",MY,2027-01-11,2,https://www.aviasales.com/search/SEA1101KUL1?marker=741311
607,420,USD,SAN,EBL,"Erbil, Iraq",IQ,2026-09-28,2,https://www.aviasales.com/search/SAN2809EBL1?marker=741311
608,421,USD,ORD,AER,"Adler/Sochi, Russia",RU,2026-12-06,4,https://www.aviasales.com/search/ORD0612AER1?marker=741311
609,423,USD,ATL,TXK,"Texarkana, United States",US,2026-08-15,2,https://www.aviasales.com/search/ATL1508TXK1?marker=741311
610,423,USD,ATL,ACC,"Accra, Ghana",GH,2026-08-29,1,https://www.aviasales.com/search/ATL2908ACC1?marker=741311
611,424,USD,JFK,LOS,"Lagos, Nigeria",NG,2026-09-14,1,https://www.aviasales.com/search/JFK1409LOS1?marker=741311
612,424,USD,LAX,BKI,"Kota-Kinabalu, Malaysia",MY,2026-08-19,2,https://www.aviasales.com/search/LAX1908BKI1?marker=741311
613,424,USD,LAX,KCH,"Kuching, Malaysia",MY,2026-08-27,2,https://www.aviasales.com/search/LAX2708KCH1?marker=741311
614,426,USD,LAX,CMI,"Champaign, United States",US,2026-08-15,2,https://www.aviasales.com/search/LAX1508CMI1?marker=741311
615,427,USD,DTW,SSM,"Sault Ste. Marie, United States",US,2026-08-12,1,https://www.aviasales.com/search/DTW1208SSM1?marker=741311
616,430,USD,JFK,GOI,"Goa, India",IN,2026-09-30,1,https://www.aviasales.com/search/JFK3009GOI1?marker=741311
617,430,USD,LAX,CKG,"Chongqing, China",CN,2026-08-31,1,https://www.aviasales.com/search/LAX3108CKG1?marker=741311
618,430,USD,TPA,IPN,"Ipatinga, Brazil",BR,2026-10-01,3,https://www.aviasales.com/search/TPA0110IPN1?marker=741311
619,431,USD,JFK,CMB,"Colombo, Sri Lanka",LK,2026-09-20,1,https://www.aviasales.com/search/JFK2009CMB1?marker=741311
620,431,USD,JFK,BDQ,"Vadodara, India",IN,2026-10-06,2,https://www.aviasales.com/search/JFK0610BDQ1?marker=741311
621,432,USD,JFK,KZN,"Kazan, Russia",RU,2026-10-20,3,https://www.aviasales.com/search/JFK2010KZN1?marker=741311
622,436,USD,SEA,YCD,"Nanaimo, Canada",CA,2026-08-16,1,https://www.aviasales.com/search/SEA1608YCD1?marker=741311
623,438,USD,ORD,HER,"Heraklion, Greece",GR,2026-08-14,1,https://www.aviasales.com/search/ORD1408HER1?marker=741311
624,439,USD,JFK,JAI,"Jaipur, India",IN,2026-08-30,2,https://www.aviasales.com/search/JFK3008JAI1?marker=741311
625,439,USD,RDU,LIO,"Limon, Costa Rica",CR,2026-08-18,2,https://www.aviasales.com/search/RDU1808LIO1?marker=741311
626,440,USD,SFO,HUI,"Hue, Vietnam",VN,2026-09-09,2,https://www.aviasales.com/search/SFO0909HUI1?marker=741311
627,440,USD,PDX,YYF,"Penticton, Canada",CA,2026-08-17,2,https://www.aviasales.com/search/PDX1708YYF1?marker=741311
628,441,USD,LAX,NHA,"Nha Trang, Vietnam",VN,2026-09-10,2,https://www.aviasales.com/search/LAX1009NHA1?marker=741311
629,442,USD,LAX,CGY,"Cagayan De Oro, Philippines",PH,2026-10-14,2,https://www.aviasales.com/search/LAX1410CGY1?marker=741311
630,445,USD,LAX,DPS,"Denpasar (Bali), Indonesia",ID,2026-10-17,1,https://www.aviasales.com/search/LAX1710DPS1?marker=741311
631,446,USD,JFK,HRG,"Hurghada, Egypt",EG,2026-08-22,3,https://www.aviasales.com/search/JFK2208HRG1?marker=741311
632,446,USD,JFK,FRS,"Flores, Guatemala",GT,2026-12-22,1,https://www.aviasales.com/search/JFK2212FRS1?marker=741311
633,447,USD,JFK,SVX,"Yekaterinburg, Russia",RU,2026-12-06,3,https://www.aviasales.com/search/JFK0612SVX1?marker=741311
634,449,USD,ORD,BUS,"Batumi, Georgia",GE,2026-08-24,3,https://www.aviasales.com/search/ORD2408BUS1?marker=741311
635,451,USD,JFK,DOH,"Doha, Qatar",QA,2026-09-17,1,https://www.aviasales.com/search/JFK1709DOH1?marker=741311
636,451,USD,JFK,SKT,"Sialkot, Pakistan",PK,2026-08-23,2,https://www.aviasales.com/search/JFK2308SKT1?marker=741311
637,451,USD,JFK,AXA,"Anguilla, Anguilla",AI,2026-08-10,1,https://www.aviasales.com/search/JFK1008AXA1?marker=741311
638,452,USD,SEA,FEZ,"Fez, Morocco",MA,2026-09-12,3,https://www.aviasales.com/search/SEA1209FEZ1?marker=741311
639,454,USD,LAX,PQC,"Phu Quoc, Vietnam",VN,2026-10-14,2,https://www.aviasales.com/search/LAX1410PQC1?marker=741311
640,454,USD,JFK,SCO,"Aktau, Kazakhstan",KZ,2026-08-23,2,https://www.aviasales.com/search/JFK2308SCO1?marker=741311
641,455,USD,PHX,YUM,"Yuma, United States",US,2026-08-17,0,https://www.aviasales.com/search/PHX1708YUM1?marker=741311
642,456,USD,ORD,OSS,"Osh, Kyrgyzstan",KG,2026-11-29,4,https://www.aviasales.com/search/ORD2911OSS1?marker=741311
643,456,USD,LAX,NUE,"Nuremberg, Germany",DE,2026-08-31,1,https://www.aviasales.com/search/LAX3108NUE1?marker=741311
644,456,USD,JFK,TCO,"Tumaco, Colombia",CO,2026-08-21,3,https://www.aviasales.com/search/JFK2108TCO1?marker=741311
645,456,USD,LAX,OGD,"Ogden, United States",US,2026-08-15,2,https://www.aviasales.com/search/LAX1508OGD1?marker=741311
646,458,USD,JFK,PSG,"Petersburg, United States",US,2026-09-26,1,https://www.aviasales.com/search/JFK2609PSG1?marker=741311
647,458,USD,PDX,LAF,"Lafayette, United States",US,2026-08-18,1,https://www.aviasales.com/search/PDX1808LAF1?marker=741311
648,459,USD,JFK,MED,"Medina, Saudi Arabia",SA,2026-10-24,2,https://www.aviasales.com/search/JFK2410MED1?marker=741311
649,459,USD,DTW,MPL,"Montpellier, France",FR,2026-09-11,3,https://www.aviasales.com/search/DTW1109MPL1?marker=741311
650,460,USD,JFK,LED,"Saint Petersburg, Russia",RU,2026-10-19,3,https://www.aviasales.com/search/JFK1910LED1?marker=741311
651,460,USD,MCO,PLN,"Pellston, United States",US,2026-08-14,1,https://www.aviasales.com/search/MCO1408PLN1?marker=741311
652,462,USD,JFK,KRR,"Krasnodar, Russia",RU,2026-08-24,2,https://www.aviasales.com/search/JFK2408KRR1?marker=741311
653,462,USD,LAX,CAG,"Cagliari, Italy",IT,2026-08-15,1,https://www.aviasales.com/search/LAX1508CAG1?marker=741311
654,463,USD,JFK,URA,"Oral, Kazakhstan",KZ,2026-10-04,3,https://www.aviasales.com/search/JFK0410URA1?marker=741311
655,463,USD,LAX,MLE,"Male, Maldives",MV,2026-09-02,1,https://www.aviasales.com/search/LAX0209MLE1?marker=741311
656,464,USD,SFO,GYN,"Goiania, Brazil",BR,2026-08-13,2,https://www.aviasales.com/search/SFO1308GYN1?marker=741311
657,464,USD,JFK,ACT,"Waco, United States",US,2026-08-16,1,https://www.aviasales.com/search/JFK1608ACT1?marker=741311
658,465,USD,JFK,AQP,"Arequipa, Peru",PE,2026-08-18,3,https://www.aviasales.com/search/JFK1808AQP1?marker=741311
659,465,USD,AUS,CPR,"Casper, United States",US,2026-08-17,1,https://www.aviasales.com/search/AUS1708CPR1?marker=741311
660,470,USD,MIA,DOM,"Dominica, Dominica",DM,2027-01-04,0,https://www.aviasales.com/search/MIA0401DOM1?marker=741311
661,473,USD,JFK,SXV,"Salem, India",IN,2026-09-01,2,https://www.aviasales.com/search/JFK0109SXV1?marker=741311
662,473,USD,PDX,PIR,"Pierre, United States",US,2026-08-16,1,https://www.aviasales.com/search/PDX1608PIR1?marker=741311
663,475,USD,JFK,NQZ,"Astana, Kazakhstan",KZ,2026-10-19,3,https://www.aviasales.com/search/JFK1910NQZ1?marker=741311
664,475,USD,LAX,USM,"Koh Samui, Thailand",TH,2026-09-15,2,https://www.aviasales.com/search/LAX1509USM1?marker=741311
665,477,USD,ORD,RKS,"Rock Springs, United States",US,2026-08-18,1,https://www.aviasales.com/search/ORD1808RKS1?marker=741311
666,477,USD,JFK,UBN,"Ulaanbaatar, Mongolia",MN,2026-09-23,1,https://www.aviasales.com/search/JFK2309UBN1?marker=741311
667,480,USD,ORD,MRV,"Mineralnye Vody, Russia",RU,2026-10-18,3,https://www.aviasales.com/search/ORD1810MRV1?marker=741311
668,481,USD,DFW,CEB,"Cebu City, Philippines",PH,2026-09-12,1,https://www.aviasales.com/search/DFW1209CEB1?marker=741311
669,482,USD,LAX,FOR,"Fortaleza, Brazil",BR,2026-09-06,2,https://www.aviasales.com/search/LAX0609FOR1?marker=741311
670,483,USD,FLL,HAJ,"Hannover, Germany",DE,2026-12-01,2,https://www.aviasales.com/search/FLL0112HAJ1?marker=741311
671,483,USD,ORD,RGN,"Yangon, Myanmar",MM,2027-01-28,2,https://www.aviasales.com/search/ORD2801RGN1?marker=741311
672,483,USD,SEA,LEJ,"Leipzig/Halle, Germany",DE,2026-08-27,3,https://www.aviasales.com/search/SEA2708LEJ1?marker=741311
673,487,USD,JFK,REC,"Recife, Brazil",BR,2026-09-22,1,https://www.aviasales.com/search/JFK2209REC1?marker=741311
674,487,USD,JFK,KTM,"Kathmandu, Nepal",NP,2026-08-26,2,https://www.aviasales.com/search/JFK2608KTM1?marker=741311
675,487,USD,SEA,RZE,"Rzeszow, Poland",PL,2026-08-19,3,https://www.aviasales.com/search/SEA1908RZE1?marker=741311
676,488,USD,LAX,KBV,"Krabi, Thailand",TH,2026-11-09,2,https://www.aviasales.com/search/LAX0911KBV1?marker=741311
677,489,USD,LAX,SYD,"Sydney, Australia",AU,2026-09-01,0,https://www.aviasales.com/search/LAX0109SYD1?marker=741311
678,489,USD,MIA,CND,"Constanta, Romania",RO,2026-09-05,3,https://www.aviasales.com/search/MIA0509CND1?marker=741311
679,489,USD,FLL,GVR,"Governador Valadares, Brazil",BR,2026-08-14,2,https://www.aviasales.com/search/FLL1408GVR1?marker=741311
680,489,USD,IAD,SIA,"Xian, China",CN,2026-09-22,3,https://www.aviasales.com/search/IAD2209SIA1?marker=741311
681,490,USD,CLT,OAJ,"Jacksonville, United States",US,2026-08-17,0,https://www.aviasales.com/search/CLT1708OAJ1?marker=741311
682,491,USD,JFK,TRV,"Thiruvananthapuram, India",IN,2026-09-08,2,https://www.aviasales.com/search/JFK0809TRV1?marker=741311
683,492,USD,JFK,FAE,"Sorvágur, Faroe Islands",FO,2026-08-30,2,https://www.aviasales.com/search/JFK3008FAE1?marker=741311
684,492,USD,SFO,HEK,"Heihe, China",CN,2026-08-24,1,https://www.aviasales.com/search/SFO2408HEK1?marker=741311
685,493,USD,SFO,KHN,"Nanchang, China",CN,2026-08-29,1,https://www.aviasales.com/search/SFO2908KHN1?marker=741311
686,494,USD,JFK,KUF,"Samara, Russia",RU,2026-11-12,3,https://www.aviasales.com/search/JFK1211KUF1?marker=741311
687,494,USD,IAD,DIK,"Dickinson, United States",US,2026-08-18,1,https://www.aviasales.com/search/IAD1808DIK1?marker=741311
688,494,USD,JFK,CKY,"Conakry, Guinea",GN,2026-08-28,1,https://www.aviasales.com/search/JFK2808CKY1?marker=741311
689,498,USD,BOS,YQY,"Sydney, Canada",CA,2026-08-12,2,https://www.aviasales.com/search/BOS1208YQY1?marker=741311
690,498,USD,TPA,COV,"Mersin, Turkiye",TR,2026-09-20,3,https://www.aviasales.com/search/TPA2009COV1?marker=741311
691,499,USD,SEA,YBL,"Campbell River, Canada",CA,2026-08-18,1,https://www.aviasales.com/search/SEA1808YBL1?marker=741311
692,499,USD,SAN,CRK,"City of Angeles, Philippines",PH,2026-09-12,2,https://www.aviasales.com/search/SAN1209CRK1?marker=741311
693,500,USD,IAH,IOA,"Ioannina, Greece",GR,2026-09-01,3,https://www.aviasales.com/search/IAH0109IOA1?marker=741311
694,502,USD,SFO,XAP,"Chapeco, Brazil",BR,2026-08-31,3,https://www.aviasales.com/search/SFO3108XAP1?marker=741311
695,504,USD,LAX,BLA,"Barcelona, Venezuela",VE,2026-08-26,2,https://www.aviasales.com/search/LAX2608BLA1?marker=741311
696,504,USD,JFK,DED,"Dehradun, India",IN,2026-10-05,2,https://www.aviasales.com/search/JFK0510DED1?marker=741311
697,508,USD,BOS,EBB,"Entebbe, Uganda",UG,2026-08-19,1,https://www.aviasales.com/search/BOS1908EBB1?marker=741311
698,513,USD,MIA,HGR,"Hagerstown, United States",US,2026-08-17,3,https://www.aviasales.com/search/MIA1708HGR1?marker=741311
699,513,USD,SFO,DAC,"Dhaka, Bangladesh",BD,2026-08-16,1,https://www.aviasales.com/search/SFO1608DAC1?marker=741311
700,513,USD,LAX,VRN,"Verona, Italy",IT,2026-08-22,2,https://www.aviasales.com/search/LAX2208VRN1?marker=741311
701,518,USD,LAX,OOL,"Gold Coast, Australia",AU,2026-08-18,1,https://www.aviasales.com/search/LAX1808OOL1?marker=741311
702,519,USD,JFK,MCX,"Makhachkala, Russia",RU,2026-09-02,2,https://www.aviasales.com/search/JFK0209MCX1?marker=741311
703,521,USD,MIA,TGU,"Tegucigalpa, Honduras",HN,2026-08-13,2,https://www.aviasales.com/search/MIA1308TGU1?marker=741311
704,521,USD,FLL,SCQ,"Santiago De Compostela, Spain",ES,2026-08-12,1,https://www.aviasales.com/search/FLL1208SCQ1?marker=741311
705,524,USD,MIA,APW,"Apia, Samoa",WS,2026-08-13,2,https://www.aviasales.com/search/MIA1308APW1?marker=741311
706,524,USD,JFK,DKR,"Dakar, Senegal",SN,2026-08-28,1,https://www.aviasales.com/search/JFK2808DKR1?marker=741311
707,525,USD,JFK,TAG,"Tagbilaran, Philippines",PH,2026-09-06,2,https://www.aviasales.com/search/JFK0609TAG1?marker=741311
708,525,USD,TPA,HUY,"Humberside, United Kingdom",GB,2026-11-02,2,https://www.aviasales.com/search/TPA0211HUY1?marker=741311
709,527,USD,JFK,TAO,"Qingdao, China",CN,2026-09-08,1,https://www.aviasales.com/search/JFK0809TAO1?marker=741311
710,528,USD,JFK,SKD,"Samarkand, Uzbekistan",UZ,2026-10-14,3,https://www.aviasales.com/search/JFK1410SKD1?marker=741311
711,533,USD,SEA,MEL,"Melbourne, Australia",AU,2026-08-20,1,https://www.aviasales.com/search/SEA2008MEL1?marker=741311
712,533,USD,JFK,UFA,"Ufa, Russia",RU,2026-11-29,4,https://www.aviasales.com/search/JFK2911UFA1?marker=741311
713,535,USD,ATL,AHO,"Alghero, Italy",IT,2026-08-13,2,https://www.aviasales.com/search/ATL1308AHO1?marker=741311
714,537,USD,JFK,MSQ,"Minsk, Belarus",BY,2026-09-14,4,https://www.aviasales.com/search/JFK1409MSQ1?marker=741311
715,538,USD,AUS,SJW,"Shijiazhuang, China",CN,2026-08-25,2,https://www.aviasales.com/search/AUS2508SJW1?marker=741311
716,539,USD,LAS,NKT,"Cizre, Turkiye",TR,2026-09-29,3,https://www.aviasales.com/search/LAS2909NKT1?marker=741311
717,541,USD,DFW,SAI,"Siem Reap, Cambodia",KH,2026-09-07,2,https://www.aviasales.com/search/DFW0709SAI1?marker=741311
718,541,USD,JFK,GOJ,"Nizhniy Novgorod, Russia",RU,2026-10-02,3,https://www.aviasales.com/search/JFK0210GOJ1?marker=741311
719,541,USD,MIA,DTM,"Dortmund, Germany",DE,2026-08-26,3,https://www.aviasales.com/search/MIA2608DTM1?marker=741311
720,542,USD,BOS,RTM,"Rotterdam, Netherlands",NL,2026-08-21,3,https://www.aviasales.com/search/BOS2108RTM1?marker=741311
721,542,USD,JFK,KGD,"Kaliningrad, Russia",RU,2026-09-13,3,https://www.aviasales.com/search/JFK1309KGD1?marker=741311
722,542,USD,JFK,OGZ,"Vladikavkaz, Russia",RU,2027-02-01,4,https://www.aviasales.com/search/JFK0102OGZ1?marker=741311
723,554,USD,LAX,TOS,"Tromso, Norway",NO,2026-08-28,3,https://www.aviasales.com/search/LAX2808TOS1?marker=741311
724,556,USD,SFO,CJC,"Calama, Chile",CL,2026-09-11,3,https://www.aviasales.com/search/SFO1109CJC1?marker=741311
725,557,USD,LAX,VVO,"Vladivostok, Russia",RU,2026-11-16,2,https://www.aviasales.com/search/LAX1611VVO1?marker=741311
726,557,USD,ORD,ASF,"Astrakhan, Russia",RU,2027-02-01,4,https://www.aviasales.com/search/ORD0102ASF1?marker=741311
727,557,USD,JFK,CIT,"Shymkent, Kazakhstan",KZ,2026-08-20,2,https://www.aviasales.com/search/JFK2008CIT1?marker=741311
728,558,USD,SFO,FUK,"Fukuoka, Japan",JP,2026-10-10,1,https://www.aviasales.com/search/SFO1010FUK1?marker=741311
729,561,USD,SFO,TNA,"Jinan, China",CN,2026-08-13,1,https://www.aviasales.com/search/SFO1308TNA1?marker=741311
730,562,USD,BNA,DAR,"Dar Es Salaam, Tanzania",TZ,2026-08-20,2,https://www.aviasales.com/search/BNA2008DAR1?marker=741311
731,564,USD,MCO,INN,"Innsbruck, Austria",AT,2026-11-20,2,https://www.aviasales.com/search/MCO2011INN1?marker=741311
732,565,USD,IAD,ALY,"Alexandria, Egypt",EG,2026-08-11,1,https://www.aviasales.com/search/IAD1108ALY1?marker=741311
733,566,USD,JFK,FEG,"Fergana, Uzbekistan",UZ,2026-10-07,2,https://www.aviasales.com/search/JFK0710FEG1?marker=741311
734,566,USD,SEA,YAZ,"Tofino, Canada",CA,2026-08-17,1,https://www.aviasales.com/search/SEA1708YAZ1?marker=741311
735,567,USD,IAH,EAP,"Basel, Switzerland",CH,2026-08-09,1,https://www.aviasales.com/search/IAH0908EAP1?marker=741311
736,567,USD,LAX,CGO,"Zhengzhou, China",CN,2026-08-14,1,https://www.aviasales.com/search/LAX1408CGO1?marker=741311
737,568,USD,LAX,UTP,"Pattaya, Thailand",TH,2026-09-01,3,https://www.aviasales.com/search/LAX0109UTP1?marker=741311
738,569,USD,LAX,AGB,"Augsburg, Germany",DE,2026-11-10,1,https://www.aviasales.com/search/LAX1011AGB1?marker=741311
739,569,USD,LAX,VAN,"Van, Turkiye",TR,2026-08-15,3,https://www.aviasales.com/search/LAX1508VAN1?marker=741311
740,570,USD,ATL,SHE,"Shenyang, China",CN,2026-09-27,2,https://www.aviasales.com/search/ATL2709SHE1?marker=741311
741,573,USD,JFK,MDQ,"Mar Del Plata, Argentina",AR,2026-10-02,3,https://www.aviasales.com/search/JFK0210MDQ1?marker=741311
742,574,USD,RDU,OTH,"North Bend, United States",US,2026-08-14,1,https://www.aviasales.com/search/RDU1408OTH1?marker=741311
743,576,USD,JFK,OVB,"Novosibirsk, Russia",RU,2026-10-21,2,https://www.aviasales.com/search/JFK2110OVB1?marker=741311
744,576,USD,ORD,NKC,"Nouakchott, Mauritania",MR,2027-01-04,1,https://www.aviasales.com/search/ORD0401NKC1?marker=741311
745,581,USD,BOS,JHB,"Johor Bahru, Malaysia",MY,2026-10-06,3,https://www.aviasales.com/search/BOS0610JHB1?marker=741311
746,582,USD,IAD,JNB,"Johannesburg, South Africa",ZA,2026-09-07,1,https://www.aviasales.com/search/IAD0709JNB1?marker=741311
747,582,USD,JFK,KLO,"Kalibo, Philippines",PH,2027-01-06,2,https://www.aviasales.com/search/JFK0601KLO1?marker=741311
748,583,USD,IAD,LBV,"Libreville, Gabon",GA,2026-08-15,2,https://www.aviasales.com/search/IAD1508LBV1?marker=741311
749,585,USD,JFK,BGW,"Baghdad, Iraq",IQ,2026-08-27,1,https://www.aviasales.com/search/JFK2708BGW1?marker=741311
750,587,USD,JFK,NYA,"Nyagan, Russia",RU,2027-02-01,4,https://www.aviasales.com/search/JFK0102NYA1?marker=741311
751,588,USD,SFO,BOB,"Bora Bora, French Polynesia",PF,2026-08-24,1,https://www.aviasales.com/search/SFO2408BOB1?marker=741311
752,589,USD,LAX,MMA,"Malmo, Sweden",SE,2026-08-16,3,https://www.aviasales.com/search/LAX1608MMA1?marker=741311
753,594,USD,SFO,PLQ,"Palanga, Lithuania",LT,2026-08-21,3,https://www.aviasales.com/search/SFO2108PLQ1?marker=741311
754,595,USD,JFK,NGO,"Nagoya, Japan",JP,2026-09-27,1,https://www.aviasales.com/search/JFK2709NGO1?marker=741311
755,597,USD,DTW,SXB,"Strasbourg, France",FR,2026-08-22,2,https://www.aviasales.com/search/DTW2208SXB1?marker=741311
756,598,USD,JFK,GUM,"Hagatna, Guam",GU,2026-10-07,2,https://www.aviasales.com/search/JFK0710GUM1?marker=741311
757,601,USD,FLL,PAP,"Port-au-Prince, Haiti",HT,2026-08-12,1,https://www.aviasales.com/search/FLL1208PAP1?marker=741311
758,601,USD,LAS,CAC,"Cascavel, Brazil",BR,2026-10-11,2,https://www.aviasales.com/search/LAS1110CAC1?marker=741311
759,604,USD,JFK,IAO,"Del Carmen, Philippines",PH,2026-09-03,2,https://www.aviasales.com/search/JFK0309IAO1?marker=741311
760,605,USD,IAD,KGL,"Kigali, Rwanda",RW,2026-09-07,1,https://www.aviasales.com/search/IAD0709KGL1?marker=741311
761,606,USD,SLC,GOT,"Gothenburg, Sweden",SE,2026-08-09,1,https://www.aviasales.com/search/SLC0908GOT1?marker=741311
762,609,USD,DFW,LYI,"Linyi, China",CN,2026-08-30,3,https://www.aviasales.com/search/DFW3008LYI1?marker=741311
763,609,USD,JFK,MMK,"Murmansk, Russia",RU,2026-08-31,4,https://www.aviasales.com/search/JFK3108MMK1?marker=741311
764,609,USD,JFK,SIT,"Sitka, United States",US,2026-08-19,2,https://www.aviasales.com/search/JFK1908SIT1?marker=741311
765,611,USD,IAD,ARH,"Arkhangelsk, Russia",RU,2026-12-01,4,https://www.aviasales.com/search/IAD0112ARH1?marker=741311
766,612,USD,JFK,LGK,"Langkawi, Malaysia",MY,2026-11-15,3,https://www.aviasales.com/search/JFK1511LGK1?marker=741311
767,613,USD,DFW,NJF,"Al-Najaf, Iraq",IQ,2026-09-09,1,https://www.aviasales.com/search/DFW0909NJF1?marker=741311
768,618,USD,JFK,PBR,"Puerto Barrios, Guatemala",GT,2026-12-31,3,https://www.aviasales.com/search/JFK3112PBR1?marker=741311
769,618,USD,JFK,BJL,"Banjul, Gambia",GM,2026-12-01,2,https://www.aviasales.com/search/JFK0112BJL1?marker=741311
770,619,USD,IAD,ZNZ,"Zanzibar, Tanzania",TZ,2026-08-23,3,https://www.aviasales.com/search/IAD2308ZNZ1?marker=741311
771,620,USD,PHL,BRN,"Bern, Switzerland",CH,2026-08-09,2,https://www.aviasales.com/search/PHL0908BRN1?marker=741311
772,622,USD,SEA,SPN,"Saipan, Northern Mariana Islands",MP,2026-09-15,2,https://www.aviasales.com/search/SEA1509SPN1?marker=741311
773,624,USD,JFK,BHK,"Bukhara, Uzbekistan",UZ,2026-08-24,2,https://www.aviasales.com/search/JFK2408BHK1?marker=741311
774,625,USD,DEN,CPT,"Cape Town, South Africa",ZA,2026-11-08,1,https://www.aviasales.com/search/DEN0811CPT1?marker=741311
775,626,USD,JFK,BWN,"Bandar Seri Begawan, Brunei",BN,2026-09-08,2,https://www.aviasales.com/search/JFK0809BWN1?marker=741311
776,628,USD,JFK,KJA,"Krasnoyarsk, Russia",RU,2026-09-15,3,https://www.aviasales.com/search/JFK1509KJA1?marker=741311
777,628,USD,ORD,FIH,"Kinshasa, Democratic Republic of the Congo",CD,2026-09-30,1,https://www.aviasales.com/search/ORD3009FIH1?marker=741311
778,629,USD,JFK,CZX,"Changzhou, China",CN,2026-08-25,3,https://www.aviasales.com/search/JFK2508CZX1?marker=741311
779,630,USD,TPA,CEK,"Chelyabinsk, Russia",RU,2026-08-15,4,https://www.aviasales.com/search/TPA1508CEK1?marker=741311
780,634,USD,DFW,OMO,"Mostar, Bosnia and Herzegovina",BA,2026-08-17,4,https://www.aviasales.com/search/DFW1708OMO1?marker=741311
781,635,USD,JFK,PEE,"Perm, Russia",RU,2026-08-31,4,https://www.aviasales.com/search/JFK3108PEE1?marker=741311
782,635,USD,JFK,NBC,"Naberezhnye Chelny, Russia",RU,2026-08-17,3,https://www.aviasales.com/search/JFK1708NBC1?marker=741311
783,635,USD,LAX,KHV,"Khabarovsk, Russia",RU,2026-10-01,2,https://www.aviasales.com/search/LAX0110KHV1?marker=741311
784,636,USD,JFK,MRU,"Mauritius, Mauritius",MU,2026-08-26,3,https://www.aviasales.com/search/JFK2608MRU1?marker=741311
785,636,USD,JFK,GUW,"Atyrau, Kazakhstan",KZ,2026-08-22,3,https://www.aviasales.com/search/JFK2208GUW1?marker=741311
786,639,USD,LAX,NMA,"Namangan, Uzbekistan",UZ,2026-08-18,2,https://www.aviasales.com/search/LAX1808NMA1?marker=741311
787,639,USD,LAX,AKX,"Aktobe, Kazakhstan",KZ,2026-08-23,3,https://www.aviasales.com/search/LAX2308AKX1?marker=741311
788,640,USD,JFK,SZX,"Shenzhen, China",CN,2026-11-03,2,https://www.aviasales.com/search/JFK0311SZX1?marker=741311
789,641,USD,ORD,DRS,"Dresden, Germany",DE,2026-08-10,2,https://www.aviasales.com/search/ORD1008DRS1?marker=741311
790,642,USD,SFO,VLI,"Port Vila, Vanuatu",VU,2026-08-19,2,https://www.aviasales.com/search/SFO1908VLI1?marker=741311
791,645,USD,SFO,AKL,"Auckland, New Zealand",NZ,2026-10-20,2,https://www.aviasales.com/search/SFO2010AKL1?marker=741311
792,646,USD,ORD,JRO,"Kilimanjaro, Tanzania",TZ,2026-09-07,2,https://www.aviasales.com/search/ORD0709JRO1?marker=741311
793,646,USD,SFO,BNE,"Brisbane, Australia",AU,2026-08-19,1,https://www.aviasales.com/search/SFO1908BNE1?marker=741311
794,647,USD,BOS,UYU,"Uyuni, Bolivia",BO,2026-08-23,4,https://www.aviasales.com/search/BOS2308UYU1?marker=741311
795,647,USD,IAD,UKK,"Oskemen, Kazakhstan",KZ,2026-08-24,4,https://www.aviasales.com/search/IAD2408UKK1?marker=741311
796,649,USD,IAD,VOG,"Volgograd, Russia",RU,2026-10-29,4,https://www.aviasales.com/search/IAD2910VOG1?marker=741311
797,650,USD,JFK,SCW,"Syktyvkar, Russia",RU,2026-08-31,4,https://www.aviasales.com/search/JFK3108SCW1?marker=741311
798,656,USD,SFO,KVX,"Kirov, Russia",RU,2027-02-01,4,https://www.aviasales.com/search/SFO0102KVX1?marker=741311
799,659,USD,ORD,UGC,"Urgench, Uzbekistan",UZ,2026-08-16,2,https://www.aviasales.com/search/ORD1608UGC1?marker=741311
800,659,USD,IAD,KOJ,"Kagoshima, Japan",JP,2026-08-25,3,https://www.aviasales.com/search/IAD2508KOJ1?marker=741311
801,659,USD,ORD,KMG,"Kunming, China",CN,2026-09-15,2,https://www.aviasales.com/search/ORD1509KMG1?marker=741311
802,659,USD,JFK,OUA,"Ouagadougou, Burkina Faso",BF,2026-09-30,3,https://www.aviasales.com/search/JFK3009OUA1?marker=741311
803,662,USD,JFK,URC,"Urumqi, China",CN,2026-08-18,3,https://www.aviasales.com/search/JFK1808URC1?marker=741311
804,664,USD,JFK,KBL,"Kabul, Afghanistan",AF,2026-08-27,2,https://www.aviasales.com/search/JFK2708KBL1?marker=741311
805,664,USD,LAS,MMH,"Mammoth Lakes, United States",US,2026-08-12,2,https://www.aviasales.com/search/LAS1208MMH1?marker=741311
806,665,USD,JFK,KSN,"Kostanay, Kazakhstan",KZ,2026-09-04,3,https://www.aviasales.com/search/JFK0409KSN1?marker=741311
807,666,USD,SFO,NAL,"Nalchik, Russia",RU,2026-08-26,4,https://www.aviasales.com/search/SFO2608NAL1?marker=741311
808,667,USD,BOS,JTC,"Bauru, Brazil",BR,2026-10-10,2,https://www.aviasales.com/search/BOS1010JTC1?marker=741311
809,667,USD,IAD,MLW,"Monrovia, Liberia",LR,2027-01-05,2,https://www.aviasales.com/search/IAD0501MLW1?marker=741311
810,669,USD,SEA,LFW,"Lome, Togo",TG,2026-09-30,1,https://www.aviasales.com/search/SEA3009LFW1?marker=741311
811,670,USD,JFK,RTW,"Saratov, Russia",RU,2026-10-01,3,https://www.aviasales.com/search/JFK0110RTW1?marker=741311
812,671,USD,IAH,GRZ,"Graz, Austria",AT,2026-08-26,3,https://www.aviasales.com/search/IAH2608GRZ1?marker=741311
813,679,USD,BOS,GDZ,"Gelendzik, Russia",RU,2027-02-01,4,https://www.aviasales.com/search/BOS0102GDZ1?marker=741311
814,684,USD,JFK,OMS,"Omsk, Russia",RU,2026-09-21,4,https://www.aviasales.com/search/JFK2109OMS1?marker=741311
815,686,USD,ORD,AZN,"Andijan, Uzbekistan",UZ,2026-11-02,2,https://www.aviasales.com/search/ORD0211AZN1?marker=741311
816,686,USD,BNA,LUN,"Lusaka, Zambia",ZM,2026-11-01,2,https://www.aviasales.com/search/BNA0111LUN1?marker=741311
817,689,USD,JFK,NOZ,"Novokuznetsk, Russia",RU,2026-10-01,3,https://www.aviasales.com/search/JFK0110NOZ1?marker=741311
818,696,USD,SFO,PSS,"Posadas, Argentina",AR,2027-02-01,2,https://www.aviasales.com/search/SFO0102PSS1?marker=741311
819,702,USD,ORD,DIG,"Diqing, China",CN,2026-09-30,3,https://www.aviasales.com/search/ORD3009DIG1?marker=741311
820,706,USD,SFO,CCU,"Kolkata, India",IN,2026-10-20,2,https://www.aviasales.com/search/SFO2010CCU1?marker=741311
821,711,USD,ORD,HAK,"Haikou, China",CN,2026-10-13,3,https://www.aviasales.com/search/ORD1310HAK1?marker=741311
822,713,USD,LAX,PER,"Perth, Australia",AU,2027-01-20,2,https://www.aviasales.com/search/LAX2001PER1?marker=741311
823,717,USD,IAD,TOF,"Tomsk, Russia",RU,2026-09-07,4,https://www.aviasales.com/search/IAD0709TOF1?marker=741311
824,719,USD,DCA,ASB,"Ashgabat, Turkmenistan",TM,2026-10-06,3,https://www.aviasales.com/search/DCA0610ASB1?marker=741311
825,723,USD,SEA,IKT,"Irkutsk, Russia",RU,2026-10-03,2,https://www.aviasales.com/search/SEA0310IKT1?marker=741311
826,726,USD,LAX,FUN,"Funafuti Atoll, Tuvalu",TV,2026-10-14,1,https://www.aviasales.com/search/LAX1410FUN1?marker=741311
827,727,USD,LAX,VNS,"Varanasi, India",IN,2026-10-23,3,https://www.aviasales.com/search/LAX2310VNS1?marker=741311
828,731,USD,JFK,DMB,"Taraz, Kazakhstan",KZ,2026-08-27,2,https://www.aviasales.com/search/JFK2708DMB1?marker=741311
829,733,USD,JFK,TJM,"Tyumen, Russia",RU,2026-09-01,3,https://www.aviasales.com/search/JFK0109TJM1?marker=741311
830,744,USD,LAS,MCP,"Macapa, Brazil",BR,2026-12-13,2,https://www.aviasales.com/search/LAS1312MCP1?marker=741311
831,753,USD,JFK,FJR,"Fujairah, United Arab Emirates",AE,2026-12-01,2,https://www.aviasales.com/search/JFK0112FJR1?marker=741311
832,755,USD,JFK,KQT,"Kurgon-Tyube (Bokhtar), Tajikistan",TJ,2026-08-20,3,https://www.aviasales.com/search/JFK2008KQT1?marker=741311
833,767,USD,BOS,ADL,"Adelaide, Australia",AU,2026-08-30,2,https://www.aviasales.com/search/BOS3008ADL1?marker=741311
834,767,USD,JFK,TMJ,"Termez, Uzbekistan",UZ,2026-09-19,4,https://www.aviasales.com/search/JFK1909TMJ1?marker=741311
835,768,USD,IAD,UUD,"Ulan-Ude, Russia",RU,2026-12-01,4,https://www.aviasales.com/search/IAD0112UUD1?marker=741311
836,776,USD,SAN,GNJ,"Ganja, Azerbaijan",AZ,2026-08-23,3,https://www.aviasales.com/search/SAN2308GNJ1?marker=741311
837,777,USD,TPA,ULY,"Ulyanovsk, Russia",RU,2026-09-01,4,https://www.aviasales.com/search/TPA0109ULY1?marker=741311
838,781,USD,JFK,GRV,"Groznyy, Russia",RU,2027-01-01,2,https://www.aviasales.com/search/JFK0101GRV1?marker=741311
839,791,USD,FLL,CSY,"Cheboksary, Russia",RU,2026-10-01,4,https://www.aviasales.com/search/FLL0110CSY1?marker=741311
840,791,USD,JFK,DUR,"Durban, South Africa",ZA,2026-10-14,3,https://www.aviasales.com/search/JFK1410DUR1?marker=741311
841,797,USD,JFK,SUV,"Suva, Fiji",FJ,2026-11-01,2,https://www.aviasales.com/search/JFK0111SUV1?marker=741311
842,800,USD,SAN,HSA,"Turkistan, Kazakhstan",KZ,2026-09-16,3,https://www.aviasales.com/search/SAN1609HSA1?marker=741311
843,802,USD,JFK,SEZ,"Mahe, Seychelles",SC,2026-08-11,2,https://www.aviasales.com/search/JFK1108SEZ1?marker=741311
844,806,USD,ORD,PEZ,"Penza, Russia",RU,2026-09-01,4,https://www.aviasales.com/search/ORD0109PEZ1?marker=741311
845,814,USD,JFK,NOJ,"Noyabrsk, Russia",RU,2026-08-12,4,https://www.aviasales.com/search/JFK1208NOJ1?marker=741311
846,815,USD,LAX,BQS,"Blagoveschensk, Russia",RU,2026-08-16,4,https://www.aviasales.com/search/LAX1608BQS1?marker=741311
847,819,USD,PDX,YKS,"Yakutsk, Russia",RU,2026-08-30,4,https://www.aviasales.com/search/PDX3008YKS1?marker=741311
848,822,USD,JFK,KEJ,"Kemerovo, Russia",RU,2026-08-27,3,https://www.aviasales.com/search/JFK2708KEJ1?marker=741311
849,823,USD,JFK,WLG,"Wellington, New Zealand",NZ,2026-08-17,1,https://www.aviasales.com/search/JFK1708WLG1?marker=741311
850,823,USD,JFK,KZO,"Kzyl-Orda, Kazakhstan",KZ,2027-01-04,3,https://www.aviasales.com/search/JFK0401KZO1?marker=741311
851,825,USD,LAX,IPC,"Easter Island, Chile",CL,2026-11-26,1,https://www.aviasales.com/search/LAX2611IPC1?marker=741311
852,827,USD,LAS,BAX,"Barnaul, Russia",RU,2026-09-25,4,https://www.aviasales.com/search/LAS2509BAX1?marker=741311
853,832,USD,LAX,RGK,"Gorno-Altaysk, Russia",RU,2026-11-01,3,https://www.aviasales.com/search/LAX0111RGK1?marker=741311
854,834,USD,JFK,TNR,"Antananarivo, Madagascar",MG,2026-10-14,1,https://www.aviasales.com/search/JFK1410TNR1?marker=741311
855,835,USD,SLC,MBA,"Mombasa, Kenya",KE,2026-08-25,3,https://www.aviasales.com/search/SLC2508MBA1?marker=741311
856,841,USD,JFK,NJC,"Nizhnevartovsk, Russia",RU,2026-09-01,4,https://www.aviasales.com/search/JFK0109NJC1?marker=741311
857,853,USD,LAX,FNJ,"Pyongyang, North Korea",KP,2026-08-15,2,https://www.aviasales.com/search/LAX1508FNJ1?marker=741311
858,861,USD,JFK,GBE,"Gaborone, Botswana",BW,2026-08-10,2,https://www.aviasales.com/search/JFK1008GBE1?marker=741311
859,873,USD,IAD,GOH,"Nuuk, Greenland",GL,2026-09-07,1,https://www.aviasales.com/search/IAD0709GOH1?marker=741311
860,876,USD,JFK,HTA,"Chita, Russia",RU,2026-08-10,4,https://www.aviasales.com/search/JFK1008HTA1?marker=741311
861,880,USD,SEA,OSW,"Orsk, Russia",RU,2026-08-10,4,https://www.aviasales.com/search/SEA1008OSW1?marker=741311
862,881,USD,ORD,KSQ,"Qarshi, Uzbekistan",UZ,2026-09-15,4,https://www.aviasales.com/search/ORD1509KSQ1?marker=741311
863,882,USD,JFK,PKC,"Petropavlovsk-Kamchatsky, Russia",RU,2026-09-03,4,https://www.aviasales.com/search/JFK0309PKC1?marker=741311
864,884,USD,LAX,REN,"Orenburg, Russia",RU,2026-09-11,4,https://www.aviasales.com/search/LAX1109REN1?marker=741311
865,888,USD,JFK,IPT,"Williamsport, United States",US,2026-08-17,4,https://www.aviasales.com/search/JFK1708IPT1?marker=741311
866,898,USD,LAX,SGC,"Surgut, Russia",RU,2026-09-20,3,https://www.aviasales.com/search/LAX2009SGC1?marker=741311
867,904,USD,MIA,CYA,"Les Cayes, Haiti",HT,2026-08-12,4,https://www.aviasales.com/search/MIA1208CYA1?marker=741311
868,914,USD,DEN,ARK,"Arusha, Tanzania",TZ,2026-12-01,3,https://www.aviasales.com/search/DEN0112ARK1?marker=741311
869,922,USD,JFK,CUK,"Caye Caulker, Belize",BZ,2026-08-18,3,https://www.aviasales.com/search/JFK1808CUK1?marker=741311
870,925,USD,JFK,DRW,"Darwin, Australia",AU,2026-08-17,2,https://www.aviasales.com/search/JFK1708DRW1?marker=741311
871,936,USD,SFO,PBH,"Paro, Bhutan",BT,2026-08-13,3,https://www.aviasales.com/search/SFO1308PBH1?marker=741311
872,948,USD,LAX,ESL,"Elista, Russia",RU,2026-09-01,4,https://www.aviasales.com/search/LAX0109ESL1?marker=741311
873,949,USD,JFK,QXB,"Aix-en-Provence, France",FR,2026-08-21,1,https://www.aviasales.com/search/JFK2108QXB1?marker=741311
874,957,USD,DEN,LBD,"Khujand, Tajikistan",TJ,2026-08-12,4,https://www.aviasales.com/search/DEN1208LBD1?marker=741311
875,995,USD,BNA,BJM,"Bujumbura, Burundi",BI,2026-11-01,3,https://www.aviasales.com/search/BNA0111BJM1?marker=741311
876,1004,USD,DCA,HMA,"Khanty-Mansiysk, Russia",RU,2026-08-10,4,https://www.aviasales.com/search/DCA1008HMA1?marker=741311
877,1020,USD,ORD,KRO,"Kurgan, Russia",RU,2026-08-14,4,https://www.aviasales.com/search/ORD1408KRO1?marker=741311
878,1028,USD,SFO,NSN,"Nelson, New Zealand",NZ,2026-10-12,1,https://www.aviasales.com/search/SFO1210NSN1?marker=741311
879,1036,USD,SFO,GRQ,"Groningen, Netherlands",NL,2026-08-28,3,https://www.aviasales.com/search/SFO2808GRQ1?marker=741311
880,1037,USD,IAD,YAO,"Yaounde, Cameroon",CM,2026-12-21,2,https://www.aviasales.com/search/IAD2112YAO1?marker=741311
881,1041,USD,DFW,TJU,"Kulyab, Tajikistan",TJ,2026-08-10,4,https://www.aviasales.com/search/DFW1008TJU1?marker=741311
882,1048,USD,JFK,PEW,"Peshawar, Pakistan",PK,2026-12-21,1,https://www.aviasales.com/search/JFK2112PEW1?marker=741311
883,1070,USD,ORD,NVI,"Navoi, Uzbekistan",UZ,2026-08-22,4,https://www.aviasales.com/search/ORD2208NVI1?marker=741311
884,1076,USD,LAX,NER,"Neryungri, Russia",RU,2026-08-20,4,https://www.aviasales.com/search/LAX2008NER1?marker=741311
885,1077,USD,PDX,KGP,"Kogalym, Russia",RU,2026-08-25,4,https://www.aviasales.com/search/PDX2508KGP1?marker=741311
886,1128,USD,LAX,WDH,"Windhoek, Namibia",NA,2026-08-27,2,https://www.aviasales.com/search/LAX2708WDH1?marker=741311
887,1175,USD,ORD,GDX,"Magadan, Russia",RU,2026-08-25,4,https://www.aviasales.com/search/ORD2508GDX1?marker=741311
888,1188,USD,PHL,NOS,"Nossi-Be, Madagascar",MG,2026-09-30,4,https://www.aviasales.com/search/PHL3009NOS1?marker=741311
889,1206,USD,JFK,INU,"Nauru Island, Nauru",NR,2026-08-22,2,https://www.aviasales.com/search/JFK2208INU1?marker=741311
890,1264,USD,MSP,HGA,"Hargeisa, Somalia",SO,2026-08-15,3,https://www.aviasales.com/search/MSP1508HGA1?marker=741311
891,1288,USD,SEA,MJZ,"Mirnyj, Russia",RU,2026-08-22,3,https://www.aviasales.com/search/SEA2208MJZ1?marker=741311
892,1339,USD,JFK,ABA,"Abakan, Russia",RU,2026-08-19,2,https://www.aviasales.com/search/JFK1908ABA1?marker=741311
893,1399,USD,JFK,HLE,"Jamestown (Saint Helena), Saint Helena, Ascension and Tristan da Cunha",SH,2026-11-12,2,https://www.aviasales.com/search/JFK1211HLE1?marker=741311
894,1420,USD,PHL,NLK,"Norfolk Island, Norfolk Island",NF,2026-08-20,3,https://www.aviasales.com/search/PHL2008NLK1?marker=741311
895,1631,USD,JFK,ADE,"Aden, Yemen",YE,2026-08-24,3,https://www.aviasales.com/search/JFK2408ADE1?marker=741311
896,2218,USD,JFK,XCH,"Christmas Island, Christmas Island",CX,2026-08-26,3,https://www.aviasales.com/search/JFK2608XCH1?marker=741311
