rank,price,currency,origin,destination_code,destination_name,country_code,depart,stops,booking_link
1,19,USD,ATL,ORL,"Orlando, United States",US,2026-09-09,0,https://www.aviasales.com/search/ATL0909ORL1?t=F917889354001788941340000099ATLMCO_ae9899e025762bd32a14cc733e042e4f_1566&search_date=10082026&expected_price_uuid=019feade-c6d9-8040-ad04-2b56480b262d&static_fare_key=TY%7CP0%7CH0%7CL0%7CCH0%7CR0%7CTBC0&itinerary_key=nqy5pXi4Ol8wJEjKhAPTVw&expected_price_source=share&expected_price_currency=usd&expected_price=19&marker=741311
2,20,USD,DFW,ATL,"Atlanta, United States",US,2026-09-09,0,https://www.aviasales.com/search/DFW0909ATL1?t=F917889832801788995280000140DFWATL_29fcc4598ed24dcf4b7cf442c46e04bf_1649&search_date=11082026&expected_price_uuid=019fef44-c5ac-8040-213c-cd6c63e4e6ae&static_fare_key=TY%7CP0%7CH0%7CL0%7CCH0%7CR0%7CTBC0&itinerary_key=VvkqITb9D0dPiHu-8RvxfQ&expected_price_source=share&expected_price_currency=usd&expected_price=20&marker=741311
3,22,USD,IAD,FLL,"Fort Lauderdale, United States",US,2026-09-16,0,https://www.aviasales.com/search/IAD1609FLL1?t=F917895823801789592340000166IADFLL_bf3fc575b7ebaf054eca7882998c8332_1820&search_date=10082026&expected_price_uuid=019fee09-120e-8030-e61f-e910abc64ce7&static_fare_key=TY%7CP0%7CH1%7CL0%7CCH1_0%7CR0%7CTBC0&itinerary_key=C5URgF5Wqq7e3w16CfXELQ&origin_airports=0&expected_price_source=share&expected_price_currency=usd&expected_price=22&marker=741311
4,23,USD,PHX,SAN,"San Diego, United States",US,2026-09-05,0,https://www.aviasales.com/search/PHX0509SAN1?t=F917886348001788639300000075PHXSAN_224c35f89b9ebb03785f9fe2bf955ff7_1876&search_date=09082026&expected_price_uuid=019fe7d8-6e24-8030-ee67-8ffc859c00fd&static_fare_key=TY%7CP0%7CH0%7CL0%7CCH0%7CR0%7CTBC0&itinerary_key=G-ZYTmFCrb0x9cp6pvB76Q&expected_price_source=share&expected_price_currency=usd&expected_price=23&marker=741311
5,24,USD,SAN,PHX,"Phoenix, United States",US,2026-10-01,0,https://www.aviasales.com/search/SAN0110PHX1?t=F917908814401790886840000090SANPHX_bb6af28c8c2f71fbd56861112d027d56_1940&search_date=04082026&expected_price_uuid=019fceea-e8ad-8030-af41-2a1074114ae4&static_fare_key=TY%7CP0%7CH0%7CL0%7CCH0%7CR0%7CTBC0&itinerary_key=4sufDC2qOX8vuFxYXnLx7A&expected_price_source=share&expected_price_currency=usd&expected_price=24&marker=741311
6,24,USD,SAN,SFO,"San Francisco, United States",US,2026-09-08,0,https://www.aviasales.com/search/SAN0809SFO1?t=F917888616001788868320000112SANSFO_b857cbb3924d08f793bb9e19dfcc4a3e_1955&search_date=09082026&expected_price_uuid=019fe7da-7dbd-8030-2ea3-6260124b726e&static_fare_key=TY%7CP1%7CH0%7CL0%7CCH0%7CR0%7CTBC0&itinerary_key=OPgvxvqixTjn15kvHIjhVA&expected_price_source=share&expected_price_currency=usd&expected_price=24&marker=741311
7,26,USD,PHX,LAX,"Los Angeles, United States",US,2026-09-10,0,https://www.aviasales.com/search/PHX1009LAX1?t=F917890249201789029900000083PHXSNA_0377195c9672151bfd92b579930358f7_2149&search_date=11082026&expected_price_uuid=019fef7b-a492-8030-67a9-443990f003cd&static_fare_key=TY%7CP0%7CH0%7CL0%7CCH0%7CR0%7CTBC0&itinerary_key=Eh9muhZcSOzickz5ez0I0w&expected_price_source=share&expected_price_currency=usd&expected_price=26&marker=741311
8,27,USD,PHX,LAS,"Las Vegas, United States",US,2026-09-19,0,https://www.aviasales.com/search/PHX1909LAS1?t=F917898066001789810800000070PHXLAS_26ee3ab86659c5facf992558a7fb2bc2_2185&search_date=05082026&expected_price_uuid=019fd21f-a57b-8040-61f1-70cafb9a0870&static_fare_key=TY%7CP0%7CH0%7CL0%7CCH0%7CR0%7CTBC0&itinerary_key=Q2MyVRj6SbRu1pZmzoOlWg&expected_price_source=share&expected_price_currency=usd&expected_price=27&marker=741311
10,29,USD,DEN,SLC,"Salt Lake City, United States",US,2026-09-10,0,https://www.aviasales.com/search/DEN1009SLC1?t=F917890479601789053660000095DENSLC_46f494b18b1e223a81796e88e57a3599_2359&search_date=10082026&expected_price_uuid=019fec82-d8d1-8040-644e-1c95baf16573&static_fare_key=TY%7CP0%7CH0%7CL0%7CCH0%7CR0%7CTBC0&itinerary_key=J4Xc2TGijQIOvsWYxxW5ww&expected_price_source=share&expected_price_currency=usd&expected_price=29&marker=741311
11,28,USD,LAX,SEA,"Seattle, United States",US,2026-09-09,0,https://www.aviasales.com/search/LAX0909SEA1?t=F917889665401788977400000181LAXSEA_69186fcba98194b5af0396df5266ae5d_2313&search_date=10082026&expected_price_uuid=019fec71-8ab6-8040-2a86-6e5e3fae806c&static_fare_key=TY%7CP0%7CH0%7CL0%7CCH0%7CR0%7CTBC0&itinerary_key=iJ4O1YRLcUR6dOa6JLDdAw&expected_price_source=share&expected_price_currency=usd&expected_price=28&marker=741311
12,29,USD,LAX,SJC,"San Jose, United States",US,2026-09-06,0,https://www.aviasales.com/search/LAX0609SJC1?t=F917887177201788722340000077LAXSJC_1a58a811df1466dd9dfe4df3cad58588_2405&search_date=07082026&expected_price_uuid=019fdb66-3231-8030-a6f7-f0105f72132e&static_fare_key=TY%7CP0%7CH0%7CL0%7CCH0%7CR0%7CTBC0&itinerary_key=ZpyVMGkZEn-Zd2sEFZ9nDA&expected_price_source=share&expected_price_currency=usd&expected_price=29&marker=741311
13,31,USD,DEN,MSP,"Minneapolis, United States",US,2026-11-04,0,https://www.aviasales.com/search/DEN0411MSP1?t=F917937756001793786280000118DENMSP_72f7e1b991014d00513f6e96bcf19e7c_2514&search_date=07082026&expected_price_uuid=019fdba4-14ca-8030-acd1-4ffb20745d2d&static_fare_key=TY%7CP1%7CH0%7CL0%7CCH0%7CR0%7CTBC0&itinerary_key=Ud4duvM8WJhkdJL9HJpI0w&expected_price_source=share&expected_price_currency=usd&expected_price=31&marker=741311
14,31,USD,MIA,CLE,"Cleveland, United States",US,2026-08-18,0,https://www.aviasales.com/search/MIA1808CLE1?t=F917870598001787070840000184MIACLE_665da0d586ae4d00a305f8f969f72997_2551&search_date=08082026&expected_price_uuid=019fe3b3-8575-8030-6d70-e2018a922cc0&static_fare_key=TY%7CP0%7CH0%7CL0%7CCH0%7CR0%7CTBC0&itinerary_key=CWasiFbeeQbGDqInwOmkDQ&expected_price_source=share&expected_price_currency=usd&expected_price=31&marker=741311
15,32,USD,ATL,HOU,"Houston, United States",US,2026-09-10,0,https://www.aviasales.com/search/ATL1009HOU1?t=F917890200001789024620000137ATLIAH_5e446b9b1996ce7b5b57f88dadcbf6f2_2640&search_date=11082026&expected_price_uuid=019fef8c-c743-8030-27ea-bac7c909e041&static_fare_key=TY%7CP0%7CH0%7CL0%7CCH0%7CR0%7CTBC0&itinerary_key=nwGb4dwLJE01XgOonefMfQ&expected_price_source=share&expected_price_currency=usd&expected_price=32&marker=741311
17,30,USD,LAX,DEN,"Denver, United States",US,2026-09-11,0,https://www.aviasales.com/search/LAX1109DEN1?t=F917891265601789139100000149LAXDEN_fd3bd504ef4e96052aca59959fc4f5d5_2430&search_date=05082026&expected_price_uuid=019fd2e9-d25a-8040-6a0f-25c7af60e8ad&static_fare_key=TY%7CP0%7CH0%7CL0%7CCH0%7CR0%7CTBC0&itinerary_key=hEdIbCAJaIw48AjIFybrYg&expected_price_source=share&expected_price_currency=usd&expected_price=30&marker=741311
18,35,USD,ATL,CVG,"Cincinnati, United States",US,2026-09-09,0,https://www.aviasales.com/search/ATL0909CVG1?t=F917889484201788953880000091ATLCVG_4a33b2f75a98e9783a8985c1c5ca57df_2891&search_date=10082026&expected_price_uuid=019fec5c-320c-8040-20f3-0db8f2472aa0&static_fare_key=TY%7CP0%7CH0%7CL0%7CCH0%7CR0%7CTBC0&itinerary_key=g5DJ-JrQMBQHtAdv4VY5Gw&expected_price_source=share&expected_price_currency=usd&expected_price=35&marker=741311
19,35,USD,DTW,DFW,"Dallas, United States",US,2026-09-09,0,https://www.aviasales.com/search/DTW0909DFW1?t=F917889502201788957480000181DTWDFW_19872904094e2e2507f3fe39eaf10ff8_2891&search_date=10082026&expected_price_uuid=019fec4c-7db2-8040-a86b-390d0aba0e47&static_fare_key=TY%7CP0%7CH0%7CL0%7CCH0%7CR0%7CTBC0&itinerary_key=mvp9Mb8dMV47rRirYa4Pwg&origin_airports=0&expected_price_source=share&expected_price_currency=usd&expected_price=35&marker=741311
20,36,USD,FLL,CHI,"Chicago, United States",US,2026-08-26,0,https://www.aviasales.com/search/FLL2608CHI1?t=F917877394801787748600000212FLLORD_8143f3b080a5c7d30061be3d3c4713f8_2968&search_date=10082026&expected_price_uuid=019fedf9-cc1c-8030-289a-e79f5133e19a&static_fare_key=TY%7CP0%7CH0%7CL0%7CCH0%7CR0%7CTBC0&itinerary_key=pT03HbcljL4k6ncE-Nrlkw&expected_price_source=share&expected_price_currency=usd&expected_price=36&marker=741311
21,36,USD,MCO,RDU,"Raleigh, United States",US,2026-08-29,0,https://www.aviasales.com/search/MCO2908RDU1?t=F917879904001787997120000112MCORDU_b8caaa511a488718b7680e98d2112f15_2906&search_date=05082026&expected_price_uuid=019fd252-11a7-8030-ebfb-8966e813faeb&static_fare_key=TY%7CP1%7CH0%7CL0%7CCH1%7CR0%7CTBC0&itinerary_key=MT74u-KqhkHPoHVUlY6uTg&origin_airports=0&expected_price_source=share&expected_price_currency=usd&expected_price=36&marker=741311
22,37,USD,LAS,OAK,"Oakland, United States",US,2026-09-05,0,https://www.aviasales.com/search/LAS0509OAK1?t=F917886015001788607080000093LASOAK_7cb5edda0031a0d9ce2df1db6e1931e5_3039&search_date=08082026&expected_price_uuid=019fe1e0-e73f-8030-6b07-883ad0625840&static_fare_key=TY%7CP1%7CH0%7CL0%7CCH1%7CR0%7CTBC0&itinerary_key=HI_wPiX7wIWjMNCoq5DIBg&expected_price_source=share&expected_price_currency=usd&expected_price=37&marker=741311
23,38,USD,DFW,DTT,"Detroit, United States",US,2026-09-09,0,https://www.aviasales.com/search/DFW0909DTT1?t=F917889664801788980100000167DFWDTW_a9f9d5f8f706890aa0424845288641f8_3121&search_date=10082026&expected_price_uuid=019fec48-52c4-8040-68b9-878230f72b63&static_fare_key=TY%7CP0%7CH0%7CL0%7CCH0%7CR0%7CTBC0&itinerary_key=_kP4G2VtJR8C0xGRT-R1lA&expected_price_source=share&expected_price_currency=usd&expected_price=38&marker=741311
24,38,USD,FLL,SWF,"Newburgh, United States",US,2026-12-03,0,https://www.aviasales.com/search/FLL0312SWF1?t=G417963094001796320740000189FLLSWF_c1c17519f76caae1747f3d420b8d8f08_3105&search_date=08082026&expected_price_uuid=019fdfdf-a01e-8030-a3c4-6a7dfa8a424b&static_fare_key=TY%7CP0%7CH0%7CL0%7CCH0%7CR0%7CTBC0&itinerary_key=X5az2cyber9akwNkWEKDGg&expected_price_source=share&expected_price_currency=usd&expected_price=38&marker=741311
26,38,USD,LAS,FAT,"Fresno, United States",US,2026-09-10,0,https://www.aviasales.com/search/LAS1009FAT1?t=G417890510801789055820000079LASFAT_9b237fbeeb6a2084fae87a9bd4352cb9_3118&search_date=10082026&expected_price_uuid=019fec78-560c-8040-60f8-77b62213cb23&static_fare_key=TY%7CP0%7CH0%7CL0%7CCH0%7CR0%7CTBC0&itinerary_key=pjhIIEn_36_NdnqX8OqPrQ&expected_price_source=share&expected_price_currency=usd&expected_price=38&marker=741311
27,39,USD,PHL,MIA,"Miami, United States",US,2026-10-04,0,https://www.aviasales.com/search/PHL0410MIA1?t=F917911321201791143100000183PHLMIA_913ed36f7e4e7ced60c49c0d670fefcf_3171&search_date=09082026&expected_price_uuid=019fe64a-f2d8-8051-298b-20b7e84e037e&static_fare_key=TY%7CP1%7CH0%7CL0%7CCH0%7CR0%7CTBC0&itinerary_key=W8WLWghb3tj3M8Asj-aUVg&expected_price_source=share&expected_price_currency=usd&expected_price=39&marker=741311
28,39,USD,TPA,EYW,"Key West, United States",US,2026-08-19,0,https://www.aviasales.com/search/TPA1908EYW1?t=MX17871328801787137560000078TPAEYW_5f33ae67958ca872a3ac269a70d255ee_3209&search_date=09082026&expected_price_uuid=019fe556-04f7-8030-20f0-1353e4b59d27&static_fare_key=TY%7CP0%7CH0%7CL0%7CCH0%7CR0%7CTBC0&itinerary_key=dId9-WfrKqFIJNUlrK1_zw&expected_price_source=share&expected_price_currency=usd&expected_price=39&marker=741311
29,41,USD,TPA,CHA,"Chattanooga, United States",US,2026-09-10,0,https://www.aviasales.com/search/TPA1009CHA1?t=G417890236001789029180000093PIECHA_2be976d92497ebfe14bd6c54249373cb_3387&search_date=10082026&expected_price_uuid=019fec6a-a2e9-8040-ab68-43d6d72af4f8&static_fare_key=TY%7CP0%7CH0%7CL0%7CCH0%7CR0%7CTBC0&itinerary_key=bmpxrGTAmueqcT9s9HLGZg&expected_price_source=share&expected_price_currency=usd&expected_price=41&marker=741311
30,42,USD,BNA,PIT,"Pittsburgh, United States",US,2026-09-10,0,https://www.aviasales.com/search/BNA1009PIT1?t=G417890720201789080780000086BNAPIT_9f3867935f551f648b072199dacb989c_3455&search_date=10082026&expected_price_uuid=019fec7e-fc57-8040-631b-2dc565b41eee&static_fare_key=TY%7CP0%7CH0%7CL0%7CCH0%7CR0%7CTBC0&itinerary_key=4NaGWrvW5YnNu7VINyBxpA&expected_price_source=share&expected_price_currency=usd&expected_price=42&marker=741311
31,42,USD,LAS,MSO,"Missoula, United States",US,2026-09-10,0,https://www.aviasales.com/search/LAS1009MSO1?t=G417890621201789073940000137LASMSO_7732b004cda1746fbab2ab1ded96fd0b_3455&search_date=10082026&expected_price_uuid=019fec6f-5a3e-8040-2366-1d9623f80802&static_fare_key=TY%7CP0%7CH0%7CL0%7CCH0%7CR0%7CTBC0&itinerary_key=wq8s0FTV6Ce0MWcz4KUqdg&expected_price_source=share&expected_price_currency=usd&expected_price=42&marker=741311
32,43,USD,ATL,MSY,"New Orleans, United States",US,2026-08-20,0,https://www.aviasales.com/search/ATL2008MSY1?t=F917872464001787248920000102ATLMSY_f24caadf92022b371612254c5d2d3976_3538&search_date=07082026&expected_price_uuid=019fddf6-a3f5-8040-a1a4-bb0bcdc8e736&static_fare_key=TY%7CP0%7CH0%7CL0%7CCH0%7CR0%7CTBC0&itinerary_key=YeWj8bil9DxX9oG-OV9HMg&expected_price_source=share&expected_price_currency=usd&expected_price=43&marker=741311
33,37,USD,LAX,SAC,"Sacramento, United States",US,2026-09-25,0,https://www.aviasales.com/search/LAX2509SAC1?t=F917903517601790357280000092LAXSMF_9dabcd19d17fabf778c0d0faa5e0fd62_3044&search_date=09082026&expected_price_uuid=019fe446-c501-8040-243f-426049394710&static_fare_key=TY%7CP0%7CH0%7CL0%7CCH0%7CR0%7CTBC0&itinerary_key=4QANtoMJYZRtKXn4ECR9kw&expected_price_source=share&expected_price_currency=usd&expected_price=37&marker=741311
34,42,USD,MCO,BNA,"Nashville, United States",US,2026-08-24,0,https://www.aviasales.com/search/MCO2408BNA1?t=F917875623001787566620000132MCOBNA_17766d579fdb8ed809f5bc418c13dafd_3463&search_date=09082026&expected_price_uuid=019fe5a5-89ea-8030-ae35-dcded54832ef&static_fare_key=TY%7CP0%7CH0%7CL0%7CCH0%7CR0%7CTBC0&itinerary_key=T1quZ4L6dl2KzKdUc8UqIg&origin_airports=0&expected_price_source=share&expected_price_currency=usd&expected_price=42&marker=741311
35,44,USD,FLL,TPA,"Tampa, United States",US,2026-09-01,0,https://www.aviasales.com/search/FLL0109TPA1?t=MX17882460001788250080000068FLLTPA_412e64430f919a42b156f0a0b62fbc88_3631&search_date=08082026&expected_price_uuid=019fe106-981b-8030-abdf-6722e1d42db9&static_fare_key=TY%7CP1%7CH0%7CL0%7CCH0%7CR0%7CTBC0&itinerary_key=ZXmFVIetb69QSq-PE6ZmjA&expected_price_source=share&expected_price_currency=usd&expected_price=44&marker=741311
36,45,USD,TPA,GSP,"Greenville, United States",US,2026-08-16,0,https://www.aviasales.com/search/TPA1608GSP1?t=G417868870601786892580000092PIEGSP_b3ea689c9ddef86e2b3aadb90e62d8f6_3722&search_date=06082026&expected_price_uuid=019fd921-9f79-8040-252a-55b50c479d9f&static_fare_key=TY%7CP0%7CH0%7CL0%7CCH0%7CR0%7CTBC0&itinerary_key=QC7EjXgZkSb4nLdkr3UUyw&expected_price_source=share&expected_price_currency=usd&expected_price=45&marker=741311
37,46,USD,MCO,PHL,"Philadelphia, United States",US,2026-09-04,0,https://www.aviasales.com/search/MCO0409PHL1?t=F917885482201788558000000163MCOPHL_c533441c88bb4b52a5496480926dfc7d_3795&search_date=10082026&expected_price_uuid=019fed21-4069-8040-acd5-fdefe9b08197&static_fare_key=TY%7CP0%7CH0%7CL0%7CCH0%7CR0%7CTBC0&itinerary_key=Ev-IP5wN7hnrkkz-T7uZ8A&origin_airports=0&expected_price_source=share&expected_price_currency=usd&expected_price=46&marker=741311
38,46,USD,LAS,RNO,"Reno, United States",US,2026-09-10,0,https://www.aviasales.com/search/LAS1009RNO1?t=F917890224001789027680000088LASRNO_bfb2057304b837ab28738ca53943ef98_3800&search_date=10082026&expected_price_uuid=019fec81-f30f-8040-2f48-e4bd1b9d1322&static_fare_key=TY%7CP0%7CH0%7CL0%7CCH0%7CR0%7CTBC0&itinerary_key=XJ2-wVA85_zAmxLH0tg1oQ&expected_price_source=share&expected_price_currency=usd&expected_price=46&marker=741311
39,46,USD,LAX,YVR,"Vancouver, Canada",CA,2026-09-27,1,https://www.aviasales.com/search/LAX2709YVR1?t=WS17904942001790524500000505LAXYYCYVR_6a77bc6a104b74423f6830f2ee2407db_3709&search_date=05082026&expected_price_uuid=019fcfcd-8ece-8040-a4e7-de3c5498d2f3&static_fare_key=TY%7CP0%7CH0%7CL0%7CCH0%7CR0%7CTBC0&itinerary_key=jX2BC9AN8M3Jm-4i8ie1rw&expected_price_source=share&expected_price_currency=usd&expected_price=46&marker=741311
40,39,USD,LAS,MRY,"Monterey, United States",US,2026-10-09,0,https://www.aviasales.com/search/LAS0910MRY1?t=G417915535601791559200000094LASMRY_16861f459e36b76a1807b6a67c3326ea_3218&search_date=11082026&expected_price_uuid=019fef31-29f8-8040-6072-59f41ad63677&static_fare_key=TY%7CP0%7CH0%7CL0%7CCH0%7CR0%7CTBC0&itinerary_key=I3cyfsAzg8GXg9mZkSMLog&expected_price_source=share&expected_price_currency=usd&expected_price=39&marker=741311
41,47,USD,ATL,BUF,"Buffalo, United States",US,2026-09-09,0,https://www.aviasales.com/search/ATL0909BUF1?t=F917889508801788958500000127ATLBUF_86181e74f55b6d5a96e98c0bcbd97e46_3876&search_date=10082026&expected_price_uuid=019fec5d-7c5a-8040-2e68-b40484800a48&static_fare_key=TY%7CP0%7CH0%7CL0%7CCH0%7CR0%7CTBC0&itinerary_key=t7bVy6bnAAL7PesyfGzrYA&expected_price_source=share&expected_price_currency=usd&expected_price=47&marker=741311
42,47,USD,ATL,JAX,"Jacksonville, United States",US,2026-08-22,0,https://www.aviasales.com/search/ATL2208JAX1?t=F917874176401787422200000076ATLJAX_6cd5d83d84c8e57553d83c220c039edd_3890&search_date=07082026&expected_price_uuid=019fde22-f186-8030-6759-2f06fa8300d3&static_fare_key=TY%7CP1%7CH0%7CL0%7CCH0%7CR0%7CTBC0&itinerary_key=aBrfD-CwiIX9ptpRF9fWWw&expected_price_source=share&expected_price_currency=usd&expected_price=47&marker=741311
43,48,USD,TPA,ROC,"Rochester, United States",US,2026-09-12,0,https://www.aviasales.com/search/TPA1209ROC1?t=MX17892264001789236900000175TPAROC_8c250566f6087dbeaa2bfae74b9d8a16_3887&search_date=06082026&expected_price_uuid=019fd4ab-aeff-8040-2d3a-4baded91b7ff&static_fare_key=TY%7CP0%7CH0%7CL0%7CCH0%7CR0%7CTBC0&itinerary_key=cgV-EvumeGZx4lnP-_PxxA&expected_price_source=share&expected_price_currency=usd&expected_price=48&marker=741311
44,50,USD,MCO,CMH,"Columbus, United States",US,2026-09-10,1,https://www.aviasales.com/search/MCO1009CMH1?t=F917890326001789066500000565MCOATLCMH_b286814ed6c348fe7be369852b1c49f7_4099&search_date=10082026&expected_price_uuid=019fec78-c13d-8040-29c1-5a92d99afeeb&static_fare_key=TY%7CP0%7CH0%7CL0%7CCH0%7CR0%7CTBC0&itinerary_key=Jk9uqpvXMczkDSfGJfgoCA&origin_airports=0&expected_price_source=share&expected_price_currency=usd&expected_price=50&marker=741311
45,51,USD,MCO,NYC,"New York, United States",US,2026-09-16,0,https://www.aviasales.com/search/MCO1609NYC1?t=F917895970801789606860000163MCOEWR_c6553543871954d976ac966bece5702e_4196&search_date=08082026&expected_price_uuid=019fe22c-eae1-8040-a377-002cfe944d8e&static_fare_key=TY%7CP0%7CH0%7CL0%7CCH0%7CR0%7CTBC0&itinerary_key=wY8fB4jsv_SDR2VyFuiYKw&origin_airports=0&expected_price_source=share&expected_price_currency=usd&expected_price=51&marker=741311
46,51,USD,FLL,TYS,"Knoxville, United States",US,2026-08-30,0,https://www.aviasales.com/search/FLL3008TYS1?t=G417880768001788084240000124FLLTYS_8bf070d49d4c21a2590e16bc3f03aad8_4184&search_date=09082026&expected_price_uuid=019fe819-2601-8040-2321-f61703dbe57a&static_fare_key=TY%7CP1%7CH0%7CL0%7CCH0%7CR0%7CTBC0&itinerary_key=esaLNxLQ4fx-a7kU-idhYA&expected_price_source=share&expected_price_currency=usd&expected_price=51&marker=741311
47,52,USD,MIA,SJU,"San Juan, Puerto Rico",PR,2026-10-06,0,https://www.aviasales.com/search/MIA0610SJU1?t=F917913294001791339180000163MIASJU_986c660654b1e48509b748ee7a2af8ae_4274&search_date=10082026&expected_price_uuid=019fedca-17c3-8030-6c96-e44b8da80b63&static_fare_key=TY%7CP1%7CH0%7CL0%7CCH0%7CR0%7CTBC0&itinerary_key=LxCB4juQoAzTlZGbJEatIA&expected_price_source=share&expected_price_currency=usd&expected_price=52&marker=741311
48,51,USD,IAD,AVL,"Asheville, United States",US,2026-11-19,0,https://www.aviasales.com/search/IAD1911AVL1?t=G417951022001795107240000084IADAVL_6b88cd4a715e7966105a259356e32306_4118&search_date=04082026&expected_price_uuid=019fcbb4-afe4-8050-69cc-ba0a19e6dec7&static_fare_key=TY%7CP1%7CH0%7CL0%7CCH0%7CR0%7CTBC0&itinerary_key=sauMRY8vCuhfVJ_KUhcN2w&origin_airports=0&expected_price_source=share&expected_price_currency=usd&expected_price=51&marker=741311
49,52,USD,LAS,DSM,"Des Moines, United States",US,2026-09-10,0,https://www.aviasales.com/search/LAS1009DSM1?t=G417890566601789074360000175LASDSM_f2fc66a2b85e0b8de75b3c76c19405e2_4297&search_date=10082026&expected_price_uuid=019fec78-ba3d-8040-66df-fffa5a19f9e2&static_fare_key=TY%7CP0%7CH0%7CL0%7CCH0%7CR0%7CTBC0&itinerary_key=V3YH3aLUdrJiq369gFy12Q&expected_price_source=share&expected_price_currency=usd&expected_price=52&marker=741311
50,54,USD,LAS,SAT,"San Antonio, United States",US,2026-10-30,0,https://www.aviasales.com/search/LAS3010SAT1?t=F917933763601793393760000170LASSAT_18de8f26104255bd4db63bbd20c65850_4461&search_date=10082026&expected_price_uuid=019fee19-a37a-8030-a8bd-1a79f584ea72&static_fare_key=TY%7CP0%7CH0%7CL0%7CCH0%7CR0%7CTBC0&itinerary_key=MhtiNpEqEWxJ9-3z9QbFWg&expected_price_source=share&expected_price_currency=usd&expected_price=54&marker=741311
51,56,USD,BNA,FYV,"Fayetteville, United States",US,2026-08-21,0,https://www.aviasales.com/search/BNA2108FYV1?marker=741311
52,56,USD,LAS,FSD,"Sioux Falls, United States",US,2026-09-10,0,https://www.aviasales.com/search/LAS1009FSD1?marker=741311
53,56,USD,PHX,BZN,"Bozeman, United States",US,2026-11-06,0,https://www.aviasales.com/search/PHX0611BZN1?marker=741311
54,57,USD,MCO,AUS,"Austin, United States",US,2026-09-16,0,https://www.aviasales.com/search/MCO1609AUS1?marker=741311
55,63,USD,LAX,MCE,"Merced, United States",US,2026-08-20,0,https://www.aviasales.com/search/LAX2008MCE1?marker=741311
56,64,USD,FLL,IND,"Indianapolis, United States",US,2026-10-13,0,https://www.aviasales.com/search/FLL1310IND1?marker=741311
57,64,USD,ORD,STL,"St Louis, United States",US,2026-09-11,0,https://www.aviasales.com/search/ORD1109STL1?marker=741311
58,65,USD,DEN,OKC,"Oklahoma City, United States",US,2026-09-09,0,https://www.aviasales.com/search/DEN0909OKC1?marker=741311
59,66,USD,MCO,BOS,"Boston, United States",US,2026-10-01,0,https://www.aviasales.com/search/MCO0110BOS1?marker=741311
60,66,USD,FLL,YTO,"Toronto, Canada",CA,2026-09-09,0,https://www.aviasales.com/search/FLL0909YTO1?marker=741311
61,67,USD,DEN,CYS,"Cheyenne, United States",US,2026-09-09,0,https://www.aviasales.com/search/DEN0909CYS1?marker=741311
62,68,USD,LAX,YEA,"Edmonton, Canada",CA,2026-09-22,2,https://www.aviasales.com/search/LAX2209YEA1?marker=741311
63,68,USD,IAD,MGW,"Morgantown, United States",US,2026-09-16,0,https://www.aviasales.com/search/IAD1609MGW1?marker=741311
64,69,USD,FLL,CLT,"Charlotte, United States",US,2026-08-18,0,https://www.aviasales.com/search/FLL1808CLT1?marker=741311
65,69,USD,MCO,PNS,"Pensacola, United States",US,2026-08-19,0,https://www.aviasales.com/search/MCO1908PNS1?marker=741311
66,69,USD,MCO,CAK,"Akron, United States",US,2026-09-09,0,https://www.aviasales.com/search/MCO0909CAK1?marker=741311
67,70,USD,DFW,QRO,"Queretaro, Mexico",MX,2026-09-10,0,https://www.aviasales.com/search/DFW1009QRO1?marker=741311
68,70,USD,FLL,TLH,"Tallahassee, United States",US,2026-09-13,0,https://www.aviasales.com/search/FLL1309TLH1?marker=741311
69,73,USD,BOS,PQI,"Presque Isle, United States",US,2026-08-19,0,https://www.aviasales.com/search/BOS1908PQI1?marker=741311
70,74,USD,RDU,FMY,"Fort Myers, United States",US,2026-08-19,0,https://www.aviasales.com/search/RDU1908FMY1?marker=741311
71,74,USD,IAD,SAV,"Savannah, United States",US,2026-08-13,0,https://www.aviasales.com/search/IAD1308SAV1?marker=741311
72,74,USD,PDX,PDT,"Pendleton, United States",US,2026-09-09,0,https://www.aviasales.com/search/PDX0909PDT1?marker=741311
73,75,USD,LAX,PDX,"Portland, United States",US,2026-09-14,0,https://www.aviasales.com/search/LAX1409PDX1?marker=741311
74,75,USD,LAX,ABQ,"Albuquerque, United States",US,2026-09-10,0,https://www.aviasales.com/search/LAX1009ABQ1?marker=741311
75,76,USD,MCO,BDL,"Hartford, United States",US,2026-09-18,1,https://www.aviasales.com/search/MCO1809BDL1?marker=741311
76,77,USD,ATL,CHS,"Charleston, United States",US,2026-09-09,1,https://www.aviasales.com/search/ATL0909CHS1?marker=741311
77,77,USD,MCO,RIC,"Richmond, United States",US,2026-09-09,1,https://www.aviasales.com/search/MCO0909RIC1?marker=741311
78,77,USD,TPA,SDF,"Louisville, United States",US,2026-08-29,1,https://www.aviasales.com/search/TPA2908SDF1?marker=741311
79,77,USD,BNA,ORF,"Norfolk, United States",US,2026-09-09,1,https://www.aviasales.com/search/BNA0909ORF1?marker=741311
80,77,USD,DEN,VEL,"Vernal, United States",US,2026-09-09,0,https://www.aviasales.com/search/DEN0909VEL1?marker=741311
81,79,USD,LAS,YQR,"Regina, Canada",CA,2026-09-10,1,https://www.aviasales.com/search/LAS1009YQR1?marker=741311
82,80,USD,LAX,YLW,"Kelowna, Canada",CA,2026-10-29,2,https://www.aviasales.com/search/LAX2910YLW1?marker=741311
83,81,USD,AUS,MEM,"Memphis, United States",US,2026-09-10,1,https://www.aviasales.com/search/AUS1009MEM1?marker=741311
84,82,USD,IAH,VCT,"Victoria, United States",US,2026-09-10,0,https://www.aviasales.com/search/IAH1009VCT1?marker=741311
85,83,USD,DEN,ICT,"Wichita, United States",US,2026-09-09,1,https://www.aviasales.com/search/DEN0909ICT1?marker=741311
86,84,USD,BOS,LEB,"Lebanon, United States",US,2026-08-20,0,https://www.aviasales.com/search/BOS2008LEB1?marker=741311
87,85,USD,MCO,ISP,"Islip, United States",US,2026-08-26,0,https://www.aviasales.com/search/MCO2608ISP1?marker=741311
88,87,USD,IAH,MLM,"Morelia, Mexico",MX,2026-09-10,0,https://www.aviasales.com/search/IAH1009MLM1?marker=741311
89,89,USD,BOS,RUT,"Rutland, United States",US,2026-09-10,0,https://www.aviasales.com/search/BOS1009RUT1?marker=741311
90,91,USD,PHX,LGB,"Long Beach, United States",US,2026-11-07,0,https://www.aviasales.com/search/PHX0711LGB1?marker=741311
91,91,USD,BOS,YYC,"Calgary, Canada",CA,2026-10-10,0,https://www.aviasales.com/search/BOS1010YYC1?marker=741311
92,92,USD,PHL,MYR,"Myrtle Beach, United States",US,2026-10-06,1,https://www.aviasales.com/search/PHL0610MYR1?marker=741311
93,93,USD,MCO,MKC,"Kansas City, United States",US,2026-08-27,1,https://www.aviasales.com/search/MCO2708MKC1?marker=741311
94,93,USD,ATL,HSV,"Huntsville, United States",US,2026-09-09,1,https://www.aviasales.com/search/ATL0909HSV1?marker=741311
95,95,USD,ORD,ALB,"Albany, United States",US,2026-09-09,1,https://www.aviasales.com/search/ORD0909ALB1?marker=741311
96,96,USD,IAH,MEX,"Mexico City, Mexico",MX,2026-09-07,0,https://www.aviasales.com/search/IAH0709MEX1?marker=741311
97,96,USD,SFO,PAE,"Everett, United States",US,2026-10-28,0,https://www.aviasales.com/search/SFO2810PAE1?marker=741311
98,96,USD,MIA,NAS,"Nassau, Bahamas",BS,2026-09-07,0,https://www.aviasales.com/search/MIA0709NAS1?marker=741311
99,96,USD,LAX,GDL,"Guadalajara, Mexico",MX,2026-08-30,0,https://www.aviasales.com/search/LAX3008GDL1?marker=741311
100,98,USD,SFO,PSP,"Palm Springs, United States",US,2026-09-12,0,https://www.aviasales.com/search/SFO1209PSP1?marker=741311
101,98,USD,DEN,CDR,"Chadron, United States",US,2026-09-10,0,https://www.aviasales.com/search/DEN1009CDR1?marker=741311
102,99,USD,AUS,MID,"Merida, Mexico",MX,2026-11-27,1,https://www.aviasales.com/search/AUS2711MID1?marker=741311
103,99,USD,IAH,ECP,"Panama City, United States",US,2026-09-09,1,https://www.aviasales.com/search/IAH0909ECP1?marker=741311
104,99,USD,BOS,AUG,"Augusta, United States",US,2026-08-20,0,https://www.aviasales.com/search/BOS2008AUG1?marker=741311
105,99,USD,MCO,BTV,"Burlington, United States",US,2026-09-09,0,https://www.aviasales.com/search/MCO0909BTV1?marker=741311
106,100,USD,MCO,MKE,"Milwaukee, United States",US,2026-09-01,0,https://www.aviasales.com/search/MCO0109MKE1?marker=741311
107,100,USD,MCO,HAR,"Harrisburg, United States",US,2026-09-09,1,https://www.aviasales.com/search/MCO0909HAR1?marker=741311
108,100,USD,MSP,SRQ,"Sarasota, United States",US,2026-11-29,0,https://www.aviasales.com/search/MSP2911SRQ1?marker=741311
109,100,USD,LAX,TUS,"Tucson, United States",US,2027-01-30,0,https://www.aviasales.com/search/LAX3001TUS1?marker=741311
110,102,USD,AUS,CUN,"Cancun, Mexico",MX,2026-10-11,1,https://www.aviasales.com/search/AUS1110CUN1?marker=741311
111,102,USD,SFO,BOI,"Boise, United States",US,2026-09-09,1,https://www.aviasales.com/search/SFO0909BOI1?marker=741311
112,103,USD,PHX,SOW,"Show Low, United States",US,2026-08-18,0,https://www.aviasales.com/search/PHX1808SOW1?marker=741311
113,104,USD,DFW,LIT,"Little Rock, United States",US,2026-09-10,0,https://www.aviasales.com/search/DFW1009LIT1?marker=741311
114,104,USD,FLL,HVN,"New Haven, United States",US,2026-08-19,1,https://www.aviasales.com/search/FLL1908HVN1?marker=741311
115,105,USD,ORD,TUL,"Tulsa, United States",US,2026-08-11,0,https://www.aviasales.com/search/ORD1108TUL1?marker=741311
116,105,USD,ORD,LEX,"Lexington, United States",US,2026-08-16,0,https://www.aviasales.com/search/ORD1608LEX1?marker=741311
117,105,USD,IAH,BRO,"Brownsville, United States",US,2026-08-16,0,https://www.aviasales.com/search/IAH1608BRO1?marker=741311
118,105,USD,IAD,CAE,"Columbia, United States",US,2026-08-19,0,https://www.aviasales.com/search/IAD1908CAE1?marker=741311
119,105,USD,ORD,TVC,"Traverse City, United States",US,2026-08-16,0,https://www.aviasales.com/search/ORD1608TVC1?marker=741311
120,105,USD,DEN,LNK,"Lincoln, United States",US,2026-08-19,0,https://www.aviasales.com/search/DEN1908LNK1?marker=741311
121,105,USD,LAX,SBA,"Santa Barbara, United States",US,2026-08-17,0,https://www.aviasales.com/search/LAX1708SBA1?marker=741311
122,105,USD,IAH,LFT,"Lafayette, United States",US,2026-08-17,0,https://www.aviasales.com/search/IAH1708LFT1?marker=741311
123,105,USD,DEN,MTJ,"Montrose, United States",US,2026-08-19,0,https://www.aviasales.com/search/DEN1908MTJ1?marker=741311
124,105,USD,DEN,ASE,"Aspen, United States",US,2026-08-16,0,https://www.aviasales.com/search/DEN1608ASE1?marker=741311
125,105,USD,DEN,GCC,"Gillette, United States",US,2026-08-19,0,https://www.aviasales.com/search/DEN1908GCC1?marker=741311
126,105,USD,DEN,CPR,"Casper, United States",US,2026-08-19,0,https://www.aviasales.com/search/DEN1908CPR1?marker=741311
127,105,USD,DEN,GJT,"Grand Junction, United States",US,2026-08-16,0,https://www.aviasales.com/search/DEN1608GJT1?marker=741311
128,106,USD,DEN,BFF,"Scottsbluff, United States",US,2026-08-18,0,https://www.aviasales.com/search/DEN1808BFF1?marker=741311
129,107,USD,MIA,GCM,"Georgetown, Cayman Islands",KY,2026-08-27,0,https://www.aviasales.com/search/MIA2708GCM1?marker=741311
130,107,USD,BOS,BDA,"Bermuda, Bermuda",BM,2026-09-26,1,https://www.aviasales.com/search/BOS2609BDA1?marker=741311
131,107,USD,DEN,FAR,"Fargo, United States",US,2026-08-21,0,https://www.aviasales.com/search/DEN2108FAR1?marker=741311
132,108,USD,DFW,ELP,"El Paso, United States",US,2026-09-09,1,https://www.aviasales.com/search/DFW0909ELP1?marker=741311
133,108,USD,IAH,PVR,"Puerto Vallarta, Mexico",MX,2026-11-15,1,https://www.aviasales.com/search/IAH1511PVR1?marker=741311
134,109,USD,ATL,HPN,"Westchester County, United States",US,2026-09-09,1,https://www.aviasales.com/search/ATL0909HPN1?marker=741311
135,109,USD,BOS,RKD,"Rockland, United States",US,2026-09-10,0,https://www.aviasales.com/search/BOS1009RKD1?marker=741311
136,109,USD,ORD,PIA,"Peoria, United States",US,2026-08-14,0,https://www.aviasales.com/search/ORD1408PIA1?marker=741311
137,109,USD,LAX,EUG,"Eugene, United States",US,2026-10-21,1,https://www.aviasales.com/search/LAX2110EUG1?marker=741311
138,110,USD,IAH,OAX,"Oaxaca, Mexico",MX,2026-09-09,1,https://www.aviasales.com/search/IAH0909OAX1?marker=741311
139,110,USD,DEN,OMA,"Omaha, United States",US,2026-09-10,0,https://www.aviasales.com/search/DEN1009OMA1?marker=741311
140,111,USD,DEN,MSN,"Madison, United States",US,2026-09-10,0,https://www.aviasales.com/search/DEN1009MSN1?marker=741311
141,111,USD,JFK,HYA,"Hyannis, United States",US,2026-08-15,0,https://www.aviasales.com/search/JFK1508HYA1?marker=741311
142,112,USD,BNA,BHM,"Birmingham, United States",US,2026-09-10,2,https://www.aviasales.com/search/BNA1009BHM1?marker=741311
143,112,USD,BOS,YMQ,"Montreal, Canada",CA,2026-09-15,1,https://www.aviasales.com/search/BOS1509YMQ1?marker=741311
144,114,USD,DEN,CNY,"Moab, United States",US,2026-08-17,0,https://www.aviasales.com/search/DEN1708CNY1?marker=741311
145,114,USD,MCO,PVD,"Providence, United States",US,2026-09-19,1,https://www.aviasales.com/search/MCO1909PVD1?marker=741311
146,114,USD,IAH,GPT,"Gulfport, United States",US,2026-08-18,0,https://www.aviasales.com/search/IAH1808GPT1?marker=741311
147,114,USD,JFK,PWM,"Portland, United States",US,2026-10-28,0,https://www.aviasales.com/search/JFK2810PWM1?marker=741311
148,115,USD,JFK,SYR,"Syracuse, United States",US,2026-09-09,1,https://www.aviasales.com/search/JFK0909SYR1?marker=741311
149,116,USD,DEN,COS,"Colorado Springs, United States",US,2026-09-09,0,https://www.aviasales.com/search/DEN0909COS1?marker=741311
150,116,USD,SFO,RDM,"Redmond, United States",US,2026-09-22,1,https://www.aviasales.com/search/SFO2209RDM1?marker=741311
151,118,USD,DFW,TRC,"Torreon, Mexico",MX,2026-09-09,1,https://www.aviasales.com/search/DFW0909TRC1?marker=741311
152,118,USD,MIA,SDQ,"Santo Domingo, Dominican Republic",DO,2026-09-23,0,https://www.aviasales.com/search/MIA2309SDQ1?marker=741311
153,119,USD,ATL,DAY,"Dayton, United States",US,2026-09-10,1,https://www.aviasales.com/search/ATL1009DAY1?marker=741311
154,119,USD,MCO,YOW,"Ottawa, Canada",CA,2026-11-18,0,https://www.aviasales.com/search/MCO1811YOW1?marker=741311
155,120,USD,IAH,PBC,"Puebla, Mexico",MX,2026-08-23,1,https://www.aviasales.com/search/IAH2308PBC1?marker=741311
156,120,USD,SFO,GEG,"Spokane, United States",US,2026-09-10,1,https://www.aviasales.com/search/SFO1009GEG1?marker=741311
157,122,USD,JFK,DAB,"Daytona Beach, United States",US,2026-09-21,1,https://www.aviasales.com/search/JFK2109DAB1?marker=741311
158,122,USD,IAH,GRR,"Grand Rapids, United States",US,2026-10-31,1,https://www.aviasales.com/search/IAH3110GRR1?marker=741311
159,122,USD,IAH,BJX,"Leon/Guanajuato, Mexico",MX,2026-09-10,1,https://www.aviasales.com/search/IAH1009BJX1?marker=741311
160,123,USD,ORD,AGU,"Aguascalientes, Mexico",MX,2026-11-27,1,https://www.aviasales.com/search/ORD2711AGU1?marker=741311
161,123,USD,MCO,PUJ,"Punta Cana, Dominican Republic",DO,2026-08-13,1,https://www.aviasales.com/search/MCO1308PUJ1?marker=741311
162,123,USD,IAH,VER,"Veracruz, Mexico",MX,2026-08-28,1,https://www.aviasales.com/search/IAH2808VER1?marker=741311
163,124,USD,ATL,BMI,"Bloomington, United States",US,2026-09-09,1,https://www.aviasales.com/search/ATL0909BMI1?marker=741311
164,124,USD,IAH,TAM,"Tampico, Mexico",MX,2026-09-09,1,https://www.aviasales.com/search/IAH0909TAM1?marker=741311
165,126,USD,IAD,ROA,"Roanoke, United States",US,2026-08-20,0,https://www.aviasales.com/search/IAD2008ROA1?marker=741311
166,127,USD,MSP,TVF,"Thief River Falls, United States",US,2026-09-29,0,https://www.aviasales.com/search/MSP2909TVF1?marker=741311
167,128,USD,ORD,GUA,"Guatemala City, Guatemala",GT,2026-09-07,1,https://www.aviasales.com/search/ORD0709GUA1?marker=741311
168,128,USD,IAH,ACA,"Acapulco, Mexico",MX,2026-09-09,1,https://www.aviasales.com/search/IAH0909ACA1?marker=741311
169,128,USD,IAH,BTR,"Baton Rouge, United States",US,2026-08-13,0,https://www.aviasales.com/search/IAH1308BTR1?marker=741311
170,129,USD,MIA,MDE,"Medellin, Colombia",CO,2026-09-25,1,https://www.aviasales.com/search/MIA2509MDE1?marker=741311
171,129,USD,MIA,BOG,"Bogota, Colombia",CO,2026-11-09,1,https://www.aviasales.com/search/MIA0911BOG1?marker=741311
172,129,USD,ORD,MTY,"Monterrey, Mexico",MX,2026-08-21,1,https://www.aviasales.com/search/ORD2108MTY1?marker=741311
173,130,USD,MCO,JAN,"Jackson, United States",US,2026-09-09,1,https://www.aviasales.com/search/MCO0909JAN1?marker=741311
174,130,USD,LAS,SCK,"Stockton, United States",US,2026-08-16,0,https://www.aviasales.com/search/LAS1608SCK1?marker=741311
175,131,USD,DTW,CID,"Cedar Rapids, United States",US,2026-08-20,1,https://www.aviasales.com/search/DTW2008CID1?marker=741311
176,131,USD,MIA,POS,"Port Of Spain, Trinidad and Tobago",TT,2026-08-20,0,https://www.aviasales.com/search/MIA2008POS1?marker=741311
177,131,USD,FLL,BQN,"Aguadilla, Puerto Rico",PR,2026-09-09,0,https://www.aviasales.com/search/FLL0909BQN1?marker=741311
178,131,USD,SAN,BLI,"Bellingham, United States",US,2026-09-09,2,https://www.aviasales.com/search/SAN0909BLI1?marker=741311
179,132,USD,PDX,BIL,"Billings, United States",US,2026-09-09,1,https://www.aviasales.com/search/PDX0909BIL1?marker=741311
180,132,USD,ATL,TUP,"Tupelo, United States",US,2026-09-10,2,https://www.aviasales.com/search/ATL1009TUP1?marker=741311
181,133,USD,BOS,ACK,"Nantucket, United States",US,2026-09-09,0,https://www.aviasales.com/search/BOS0909ACK1?marker=741311
182,133,USD,LAX,HMO,"Hermosillo, Mexico",MX,2026-09-09,1,https://www.aviasales.com/search/LAX0909HMO1?marker=741311
183,134,USD,ORD,IRK,"Kirksville, United States",US,2026-08-14,0,https://www.aviasales.com/search/ORD1408IRK1?marker=741311
184,134,USD,PDX,MFR,"Medford, United States",US,2026-09-09,1,https://www.aviasales.com/search/PDX0909MFR1?marker=741311
185,134,USD,LAS,YXE,"Saskatoon, Canada",CA,2026-09-10,1,https://www.aviasales.com/search/LAS1009YXE1?marker=741311
186,135,USD,LAX,SJD,"San Jose Del Cabo, Mexico",MX,2026-08-31,1,https://www.aviasales.com/search/LAX3108SJD1?marker=741311
187,135,USD,ORD,ATW,"Appleton, United States",US,2026-08-14,0,https://www.aviasales.com/search/ORD1408ATW1?marker=741311
188,135,USD,IAH,HRL,"Harlingen, United States",US,2026-09-09,1,https://www.aviasales.com/search/IAH0909HRL1?marker=741311
189,136,USD,DFW,MLB,"Melbourne, United States",US,2026-09-01,2,https://www.aviasales.com/search/DFW0109MLB1?marker=741311
190,136,USD,IAD,CKB,"Clarksburg, United States",US,2026-08-17,0,https://www.aviasales.com/search/IAD1708CKB1?marker=741311
191,136,USD,ATL,SBN,"South Bend, United States",US,2026-09-09,1,https://www.aviasales.com/search/ATL0909SBN1?marker=741311
192,137,USD,DFW,HOT,"Hot Springs, United States",US,2026-08-16,0,https://www.aviasales.com/search/DFW1608HOT1?marker=741311
193,137,USD,PHL,PBI,"West Palm Beach, United States",US,2026-09-09,2,https://www.aviasales.com/search/PHL0909PBI1?marker=741311
194,137,USD,LAX,STS,"Santa Rosa, United States",US,2026-12-28,0,https://www.aviasales.com/search/LAX2812STS1?marker=741311
195,137,USD,MCO,SJO,"San Jose, Costa Rica",CR,2026-08-18,0,https://www.aviasales.com/search/MCO1808SJO1?marker=741311
196,137,USD,MSP,IWD,"Ironwood, United States",US,2026-09-09,0,https://www.aviasales.com/search/MSP0909IWD1?marker=741311
197,137,USD,SFO,PGA,"Page, United States",US,2026-09-13,1,https://www.aviasales.com/search/SFO1309PGA1?marker=741311
198,137,USD,PHX,MAF,"Midland, United States",US,2026-09-10,1,https://www.aviasales.com/search/PHX1009MAF1?marker=741311
199,138,USD,JFK,SXM,"Sint Maarten, Sint Maarten",SX,2026-09-29,1,https://www.aviasales.com/search/JFK2909SXM1?marker=741311
200,140,USD,DFW,FWA,"Fort Wayne, United States",US,2026-09-09,2,https://www.aviasales.com/search/DFW0909FWA1?marker=741311
201,140,USD,MCO,PSE,"Ponce, Puerto Rico",PR,2026-09-09,0,https://www.aviasales.com/search/MCO0909PSE1?marker=741311
202,140,USD,SEA,ALW,"Walla Walla, United States",US,2026-10-01,0,https://www.aviasales.com/search/SEA0110ALW1?marker=741311
203,140,USD,SEA,YKM,"Yakima, United States",US,2026-09-09,0,https://www.aviasales.com/search/SEA0909YKM1?marker=741311
204,141,USD,MIA,LIM,"Lima, Peru",PE,2026-09-14,1,https://www.aviasales.com/search/MIA1409LIM1?marker=741311
205,142,USD,RDU,ILM,"Wilmington, United States",US,2026-08-19,1,https://www.aviasales.com/search/RDU1908ILM1?marker=741311
206,142,USD,DEN,ALS,"Alamosa, United States",US,2026-09-09,0,https://www.aviasales.com/search/DEN0909ALS1?marker=741311
207,142,USD,BNA,VPS,"Fort Walton Beach, United States",US,2026-10-06,1,https://www.aviasales.com/search/BNA0610VPS1?marker=741311
208,142,USD,DEN,LBF,"North Platte, United States",US,2026-09-10,0,https://www.aviasales.com/search/DEN1009LBF1?marker=741311
209,143,USD,MCO,LON,"London, United Kingdom",GB,2026-10-19,0,https://www.aviasales.com/search/MCO1910LON1?marker=741311
210,144,USD,CLT,AOO,"Altoona, United States",US,2026-08-20,0,https://www.aviasales.com/search/CLT2008AOO1?marker=741311
211,145,USD,DEN,DDC,"Dodge City, United States",US,2026-09-09,0,https://www.aviasales.com/search/DEN0909DDC1?marker=741311
212,146,USD,BOS,STI,"Santiago, Dominican Republic",DO,2026-08-23,1,https://www.aviasales.com/search/BOS2308STI1?marker=741311
213,146,USD,IAD,LYH,"Lynchburg, United States",US,2026-08-16,0,https://www.aviasales.com/search/IAD1608LYH1?marker=741311
214,147,USD,JFK,MBJ,"Montego Bay, Jamaica",JM,2026-08-26,1,https://www.aviasales.com/search/JFK2608MBJ1?marker=741311
215,148,USD,PHX,DLH,"Duluth, United States",US,2026-09-18,2,https://www.aviasales.com/search/PHX1809DLH1?marker=741311
216,148,USD,ATL,SLU,"Castries, Saint Lucia",LC,2026-09-10,1,https://www.aviasales.com/search/ATL1009SLU1?marker=741311
217,149,USD,DEN,LBL,"Liberal, United States",US,2026-09-10,0,https://www.aviasales.com/search/DEN1009LBL1?marker=741311
218,150,USD,JFK,ROM,"Rome, Italy",IT,2026-10-20,0,https://www.aviasales.com/search/JFK2010ROM1?marker=741311
219,150,USD,JFK,ATH,"Athens, Greece",GR,2026-10-13,0,https://www.aviasales.com/search/JFK1310ATH1?marker=741311
220,151,USD,MIA,SCL,"Santiago, Chile",CL,2026-09-30,1,https://www.aviasales.com/search/MIA3009SCL1?marker=741311
221,153,USD,IAH,SAL,"San Salvador, El Salvador",SV,2026-09-07,1,https://www.aviasales.com/search/IAH0709SAL1?marker=741311
222,153,USD,CLT,CRW,"Charleston, United States",US,2026-09-09,1,https://www.aviasales.com/search/CLT0909CRW1?marker=741311
223,154,USD,LAX,HNL,"Honolulu, United States",US,2026-09-23,0,https://www.aviasales.com/search/LAX2309HNL1?marker=741311
224,154,USD,IAD,CTG,"Cartagena, Colombia",CO,2026-09-07,1,https://www.aviasales.com/search/IAD0709CTG1?marker=741311
225,155,USD,DFW,AMA,"Amarillo, United States",US,2026-08-20,0,https://www.aviasales.com/search/DFW2008AMA1?marker=741311
226,155,USD,DFW,GSO,"Greensboro, United States",US,2026-09-10,2,https://www.aviasales.com/search/DFW1009GSO1?marker=741311
227,155,USD,PHX,GCN,"Grand Canyon, United States",US,2026-08-17,0,https://www.aviasales.com/search/PHX1708GCN1?marker=741311
228,155,USD,PDX,LIH,"Kauai Island, United States",US,2026-10-06,1,https://www.aviasales.com/search/PDX0610LIH1?marker=741311
229,155,USD,ORD,MLI,"Moline, United States",US,2026-08-15,0,https://www.aviasales.com/search/ORD1508MLI1?marker=741311
230,155,USD,DCA,MHT,"Manchester, United States",US,2026-08-19,0,https://www.aviasales.com/search/DCA1908MHT1?marker=741311
231,158,USD,MIA,STT,"Saint Thomas, U.S. Virgin Islands",VI,2026-09-22,1,https://www.aviasales.com/search/MIA2209STT1?marker=741311
232,158,USD,DEN,YWG,"Winnipeg, Canada",CA,2026-09-10,1,https://www.aviasales.com/search/DEN1009YWG1?marker=741311
233,159,USD,MIA,VRA,"Varadero, Cuba",CU,2026-09-07,0,https://www.aviasales.com/search/MIA0709VRA1?marker=741311
234,160,USD,PDX,SGU,"Saint George, United States",US,2026-08-14,1,https://www.aviasales.com/search/PDX1408SGU1?marker=741311
235,160,USD,MCO,OWB,"Owensboro, United States",US,2026-09-10,1,https://www.aviasales.com/search/MCO1009OWB1?marker=741311
236,163,USD,IAD,YHZ,"Halifax, Canada",CA,2026-09-09,2,https://www.aviasales.com/search/IAD0909YHZ1?marker=741311
237,164,USD,ATL,KOA,"Kailua-Kona, United States",US,2026-08-27,1,https://www.aviasales.com/search/ATL2708KOA1?marker=741311
238,164,USD,ORD,SGF,"Springfield, United States",US,2026-09-09,0,https://www.aviasales.com/search/ORD0909SGF1?marker=741311
239,165,USD,DFW,CRP,"Corpus Christi, United States",US,2026-08-19,0,https://www.aviasales.com/search/DFW1908CRP1?marker=741311
240,165,USD,CLT,AGS,"Augusta, United States",US,2026-08-14,0,https://www.aviasales.com/search/CLT1408AGS1?marker=741311
241,165,USD,IAD,CLO,"Cali, Colombia",CO,2026-09-07,1,https://www.aviasales.com/search/IAD0709CLO1?marker=741311
242,165,USD,ORD,MHK,"Manhattan, United States",US,2026-08-20,0,https://www.aviasales.com/search/ORD2008MHK1?marker=741311
243,165,USD,CLT,HHH,"Hilton Head, United States",US,2026-08-17,0,https://www.aviasales.com/search/CLT1708HHH1?marker=741311
244,165,USD,CLT,GNV,"Gainesville, United States",US,2026-08-20,0,https://www.aviasales.com/search/CLT2008GNV1?marker=741311
245,165,USD,JFK,AUA,"Oranjestad, Aruba",AW,2026-12-31,0,https://www.aviasales.com/search/JFK3112AUA1?marker=741311
246,165,USD,CLT,FAY,"Fayetteville, United States",US,2026-08-20,0,https://www.aviasales.com/search/CLT2008FAY1?marker=741311
247,165,USD,IAH,ZIH,"Ixtapa, Mexico",MX,2026-09-09,1,https://www.aviasales.com/search/IAH0909ZIH1?marker=741311
248,165,USD,IAH,DGO,"Durango, Mexico",MX,2026-08-17,2,https://www.aviasales.com/search/IAH1708DGO1?marker=741311
249,166,USD,ORD,CMI,"Champaign, United States",US,2026-08-20,0,https://www.aviasales.com/search/ORD2008CMI1?marker=741311
250,167,USD,ORD,ABE,"Allentown, United States",US,2026-08-20,0,https://www.aviasales.com/search/ORD2008ABE1?marker=741311
251,167,USD,MIA,LIR,"Liberia, Costa Rica",CR,2026-10-27,0,https://www.aviasales.com/search/MIA2710LIR1?marker=741311
252,168,USD,DEN,CEZ,"Cortez, United States",US,2026-08-19,0,https://www.aviasales.com/search/DEN1908CEZ1?marker=741311
253,169,USD,FLL,FPO,"Freeport, Bahamas",BS,2026-09-10,0,https://www.aviasales.com/search/FLL1009FPO1?marker=741311
254,169,USD,JFK,BGI,"Bridgetown, Barbados",BB,2026-09-04,0,https://www.aviasales.com/search/JFK0409BGI1?marker=741311
255,170,USD,JFK,PLS,"Providenciales, Turks and Caicos Islands",TC,2026-09-22,1,https://www.aviasales.com/search/JFK2209PLS1?marker=741311
256,170,USD,LAX,SHV,"Shreveport, United States",US,2026-08-12,1,https://www.aviasales.com/search/LAX1208SHV1?marker=741311
257,171,USD,ORD,DUB,"Dublin, Ireland",IE,2027-02-01,1,https://www.aviasales.com/search/ORD0102DUB1?marker=741311
258,171,USD,BOS,BHB,"Bar Harbor, United States",US,2026-08-17,0,https://www.aviasales.com/search/BOS1708BHB1?marker=741311
259,172,USD,MIA,GYE,"Guayaquil, Ecuador",EC,2026-09-01,1,https://www.aviasales.com/search/MIA0109GYE1?marker=741311
260,172,USD,LAX,TIJ,"Tijuana, Mexico",MX,2026-09-03,1,https://www.aviasales.com/search/LAX0309TIJ1?marker=741311
261,175,USD,MIA,SAO,"Sao Paulo, Brazil",BR,2026-08-17,1,https://www.aviasales.com/search/MIA1708SAO1?marker=741311
262,176,USD,DEN,PVU,"Provo, United States",US,2026-08-15,1,https://www.aviasales.com/search/DEN1508PVU1?marker=741311
263,179,USD,JFK,BCN,"Barcelona, Spain",ES,2026-10-20,1,https://www.aviasales.com/search/JFK2010BCN1?marker=741311
264,179,USD,MIA,KIN,"Kingston, Jamaica",JM,2026-09-11,0,https://www.aviasales.com/search/MIA1109KIN1?marker=741311
265,179,USD,LAX,RDD,"Redding, United States",US,2026-09-04,0,https://www.aviasales.com/search/LAX0409RDD1?marker=741311
266,181,USD,IAH,MZT,"Mazatlan, Mexico",MX,2026-09-10,1,https://www.aviasales.com/search/IAH1009MZT1?marker=741311
267,181,USD,LAX,LAP,"La Paz, Mexico",MX,2026-08-16,1,https://www.aviasales.com/search/LAX1608LAP1?marker=741311
268,183,USD,FLL,PBG,"Plattsburgh, United States",US,2026-09-09,1,https://www.aviasales.com/search/FLL0909PBG1?marker=741311
269,183,USD,JFK,TIA,"Tirana, Albania",AL,2026-10-15,1,https://www.aviasales.com/search/JFK1510TIA1?marker=741311
270,183,USD,ORD,EAU,"Eau Claire, United States",US,2026-08-20,0,https://www.aviasales.com/search/ORD2008EAU1?marker=741311
271,183,USD,ORD,RST,"Rochester, United States",US,2026-08-18,0,https://www.aviasales.com/search/ORD1808RST1?marker=741311
272,184,USD,JFK,OGG,"Kahului, United States",US,2026-10-16,1,https://www.aviasales.com/search/JFK1610OGG1?marker=741311
273,184,USD,SEA,JAC,"Jackson, United States",US,2026-09-21,0,https://www.aviasales.com/search/SEA2109JAC1?marker=741311
274,185,USD,JFK,AGP,"Malaga, Spain",ES,2026-10-02,1,https://www.aviasales.com/search/JFK0210AGP1?marker=741311
275,186,USD,BNA,CGI,"Cape Girardeau, United States",US,2026-08-20,2,https://www.aviasales.com/search/BNA2008CGI1?marker=741311
276,187,USD,MIA,PAR,"Paris, France",FR,2026-10-10,0,https://www.aviasales.com/search/MIA1010PAR1?marker=741311
277,188,USD,JFK,SKB,"Basseterre, Saint Kitts and Nevis",KN,2026-09-09,1,https://www.aviasales.com/search/JFK0909SKB1?marker=741311
278,190,USD,TPA,TOL,"Toledo, United States",US,2026-08-20,0,https://www.aviasales.com/search/TPA2008TOL1?marker=741311
279,190,USD,DEN,FMN,"Farmington, United States",US,2026-09-09,0,https://www.aviasales.com/search/DEN0909FMN1?marker=741311
280,190,USD,LAX,PRC,"Prescott, United States",US,2026-09-09,0,https://www.aviasales.com/search/LAX0909PRC1?marker=741311
281,191,USD,MIA,SAP,"San Pedro Sula, Honduras",HN,2026-11-12,0,https://www.aviasales.com/search/MIA1211SAP1?marker=741311
282,192,USD,MIA,ANC,"Anchorage, United States",US,2026-09-11,1,https://www.aviasales.com/search/MIA1109ANC1?marker=741311
283,192,USD,MCO,BSB,"Brasilia, Brazil",BR,2026-09-25,2,https://www.aviasales.com/search/MCO2509BSB1?marker=741311
284,192,USD,ATL,TGZ,"Tuxtla Gutierrez, Mexico",MX,2026-10-02,1,https://www.aviasales.com/search/ATL0210TGZ1?marker=741311
285,193,USD,ORD,RAP,"Rapid City, United States",US,2026-08-19,0,https://www.aviasales.com/search/ORD1908RAP1?marker=741311
286,193,USD,LAX,SMX,"Santa Maria, United States",US,2026-08-19,2,https://www.aviasales.com/search/LAX1908SMX1?marker=741311
287,194,USD,DEN,PIR,"Pierre, United States",US,2026-09-10,0,https://www.aviasales.com/search/DEN1009PIR1?marker=741311
288,195,USD,SEA,CPH,"Copenhagen, Denmark",DK,2026-08-30,1,https://www.aviasales.com/search/SEA3008CPH1?marker=741311
289,195,USD,ATL,MSL,"Muscle Shoals, United States",US,2026-09-09,2,https://www.aviasales.com/search/ATL0909MSL1?marker=741311
290,196,USD,MIA,PTY,"Panama City, Panama",PA,2026-08-19,0,https://www.aviasales.com/search/MIA1908PTY1?marker=741311
291,196,USD,JFK,PRG,"Prague, Czech Republic",CZ,2026-10-19,1,https://www.aviasales.com/search/JFK1910PRG1?marker=741311
292,196,USD,JFK,MUC,"Munich, Germany",DE,2026-10-19,1,https://www.aviasales.com/search/JFK1910MUC1?marker=741311
293,196,USD,JFK,FLO,"Florence, United States",US,2026-09-12,1,https://www.aviasales.com/search/JFK1209FLO1?marker=741311
294,197,USD,ORD,BUE,"Buenos Aires, Argentina",AR,2026-09-07,1,https://www.aviasales.com/search/ORD0709BUE1?marker=741311
295,198,USD,AUS,PEI,"Pereira, Colombia",CO,2026-08-28,2,https://www.aviasales.com/search/AUS2808PEI1?marker=741311
296,199,USD,SEA,YQB,"Quebec, Canada",CA,2026-09-22,2,https://www.aviasales.com/search/SEA2209YQB1?marker=741311
297,200,USD,IAD,IDA,"Idaho Falls, United States",US,2026-08-27,1,https://www.aviasales.com/search/IAD2708IDA1?marker=741311
298,200,USD,IAD,GEO,"Georgetown, Guyana",GY,2026-09-08,1,https://www.aviasales.com/search/IAD0809GEO1?marker=741311
299,201,USD,SFO,IAG,"Niagara Falls, United States",US,2026-09-09,2,https://www.aviasales.com/search/SFO0909IAG1?marker=741311
300,203,USD,MIA,IQT,"Iquitos, Peru",PE,2026-11-04,1,https://www.aviasales.com/search/MIA0411IQT1?marker=741311
301,203,USD,JFK,PSA,"Pisa, Italy",IT,2026-10-15,2,https://www.aviasales.com/search/JFK1510PSA1?marker=741311
302,205,USD,LAX,BZE,"Belize City, Belize",BZ,2026-09-18,1,https://www.aviasales.com/search/LAX1809BZE1?marker=741311
303,206,USD,IAD,AVP,"Wilkes-Barre, United States",US,2026-08-18,1,https://www.aviasales.com/search/IAD1808AVP1?marker=741311
304,207,USD,IAD,UIO,"Quito, Ecuador",EC,2026-09-07,1,https://www.aviasales.com/search/IAD0709UIO1?marker=741311
305,208,USD,ORD,POP,"Puerto Plata, Dominican Republic",DO,2026-08-31,1,https://www.aviasales.com/search/ORD3108POP1?marker=741311
306,209,USD,ORD,YXU,"London, Canada",CA,2026-09-10,1,https://www.aviasales.com/search/ORD1009YXU1?marker=741311
307,209,USD,JFK,MVY,"Martha's Vineyard, United States",US,2026-08-19,1,https://www.aviasales.com/search/JFK1908MVY1?marker=741311
308,210,USD,MCO,STX,"Saint Croix, U.S. Virgin Islands",VI,2026-08-20,1,https://www.aviasales.com/search/MCO2008STX1?marker=741311
309,210,USD,DTW,GRB,"Green Bay, United States",US,2026-09-09,1,https://www.aviasales.com/search/DTW0909GRB1?marker=741311
310,213,USD,JFK,AYT,"Antalya, Turkiye",TR,2026-10-03,1,https://www.aviasales.com/search/JFK0310AYT1?marker=741311
311,215,USD,SEA,PSC,"Pasco, United States",US,2026-08-29,1,https://www.aviasales.com/search/SEA2908PSC1?marker=741311
312,216,USD,ORD,LAN,"Lansing, United States",US,2026-09-10,2,https://www.aviasales.com/search/ORD1009LAN1?marker=741311
313,217,USD,CLT,FRA,"Frankfurt, Germany",DE,2026-10-19,2,https://www.aviasales.com/search/CLT1910FRA1?marker=741311
314,217,USD,JFK,GND,"St. George's, Grenada",GD,2026-11-12,0,https://www.aviasales.com/search/JFK1211GND1?marker=741311
315,217,USD,FLL,AXM,"Armenia, Colombia",CO,2026-09-10,2,https://www.aviasales.com/search/FLL1009AXM1?marker=741311
316,219,USD,PHX,ACV,"Arcata, United States",US,2026-08-18,1,https://www.aviasales.com/search/PHX1808ACV1?marker=741311
317,219,USD,JFK,VLC,"Valencia, Spain",ES,2026-10-17,1,https://www.aviasales.com/search/JFK1710VLC1?marker=741311
318,219,USD,DEN,BGA,"Bucaramanga, Colombia",CO,2026-11-01,1,https://www.aviasales.com/search/DEN0111BGA1?marker=741311
319,221,USD,JFK,SOF,"Sofia, Bulgaria",BG,2026-10-03,1,https://www.aviasales.com/search/JFK0310SOF1?marker=741311
320,222,USD,SEA,FCA,"Kalispell, United States",US,2026-08-20,0,https://www.aviasales.com/search/SEA2008FCA1?marker=741311
321,223,USD,JFK,MAD,"Madrid, Spain",ES,2026-10-20,1,https://www.aviasales.com/search/JFK2010MAD1?marker=741311
322,223,USD,FLL,GGT,"George Town, Bahamas",BS,2026-09-10,2,https://www.aviasales.com/search/FLL1009GGT1?marker=741311
323,223,USD,JFK,KUT,"Kutaisi, Georgia",GE,2026-09-29,2,https://www.aviasales.com/search/JFK2909KUT1?marker=741311
324,224,USD,LAX,CAI,"Cairo, Egypt",EG,2026-08-25,1,https://www.aviasales.com/search/LAX2508CAI1?marker=741311
325,225,USD,ORD,SLP,"San Luis Potosi, Mexico",MX,2026-08-21,1,https://www.aviasales.com/search/ORD2108SLP1?marker=741311
326,225,USD,DEN,EAR,"Kearney, United States",US,2026-08-19,0,https://www.aviasales.com/search/DEN1908EAR1?marker=741311
327,225,USD,BNA,TRI,"Blountville, United States",US,2026-08-20,2,https://www.aviasales.com/search/BNA2008TRI1?marker=741311
328,226,USD,JFK,HAV,"Havana, Cuba",CU,2026-10-28,2,https://www.aviasales.com/search/JFK2810HAV1?marker=741311
329,226,USD,IAD,ERI,"Erie, United States",US,2026-08-21,1,https://www.aviasales.com/search/IAD2108ERI1?marker=741311
330,226,USD,IAH,MOB,"Mobile, United States",US,2026-08-24,1,https://www.aviasales.com/search/IAH2408MOB1?marker=741311
331,227,USD,JFK,MIL,"Milan, Italy",IT,2026-10-18,2,https://www.aviasales.com/search/JFK1810MIL1?marker=741311
332,228,USD,ATL,MEI,"Meridian, United States",US,2026-09-09,2,https://www.aviasales.com/search/ATL0909MEI1?marker=741311
333,229,USD,IAD,CHO,"Charlottesville, United States",US,2026-09-17,0,https://www.aviasales.com/search/IAD1709CHO1?marker=741311
334,229,USD,BNA,BKW,"Beckley, United States",US,2026-08-21,2,https://www.aviasales.com/search/BNA2108BKW1?marker=741311
335,230,USD,JFK,LCA,"Larnaca, Cyprus",CY,2026-10-14,1,https://www.aviasales.com/search/JFK1410LCA1?marker=741311
336,230,USD,LAX,MAM,"Matamoros, Mexico",MX,2026-08-21,2,https://www.aviasales.com/search/LAX2108MAM1?marker=741311
337,231,USD,JFK,DUS,"Dusseldorf, Germany",DE,2026-10-13,2,https://www.aviasales.com/search/JFK1310DUS1?marker=741311
338,231,USD,JFK,ANU,"Saint John's, Antigua and Barbuda",AG,2026-09-26,2,https://www.aviasales.com/search/JFK2609ANU1?marker=741311
339,231,USD,LAX,ZLO,"Manzanillo, Mexico",MX,2026-08-16,2,https://www.aviasales.com/search/LAX1608ZLO1?marker=741311
340,231,USD,LAS,TAP,"Tapachula, Mexico",MX,2026-08-17,2,https://www.aviasales.com/search/LAS1708TAP1?marker=741311
341,232,USD,JFK,RMO,"Chisinau, Moldova",MD,2026-10-02,1,https://www.aviasales.com/search/JFK0210RMO1?marker=741311
342,232,USD,ORD,YXJ,"Fort St John, Canada",CA,2026-10-15,1,https://www.aviasales.com/search/ORD1510YXJ1?marker=741311
343,233,USD,JFK,BER,"Berlin, Germany",DE,2026-09-15,1,https://www.aviasales.com/search/JFK1509BER1?marker=741311
344,233,USD,MSP,LSE,"La Crosse, United States",US,2026-09-10,2,https://www.aviasales.com/search/MSP1009LSE1?marker=741311
345,234,USD,ATL,LUL,"Laurel, United States",US,2026-09-09,2,https://www.aviasales.com/search/ATL0909LUL1?marker=741311
346,234,USD,LAX,EVV,"Evansville, United States",US,2026-09-04,1,https://www.aviasales.com/search/LAX0409EVV1?marker=741311
347,237,USD,MCO,HTS,"Huntington, United States",US,2026-09-09,3,https://www.aviasales.com/search/MCO0909HTS1?marker=741311
348,238,USD,LAX,TYO,"Tokyo, Japan",JP,2026-08-14,0,https://www.aviasales.com/search/LAX1408TYO1?marker=741311
349,238,USD,JFK,LIS,"Lisbon, Portugal",PT,2026-10-20,1,https://www.aviasales.com/search/JFK2010LIS1?marker=741311
350,238,USD,SFO,TPE,"Taipei, Taiwan",TW,2026-08-31,0,https://www.aviasales.com/search/SFO3108TPE1?marker=741311
351,238,USD,TPA,SNU,"Santa Clara, Cuba",CU,2026-09-30,2,https://www.aviasales.com/search/TPA3009SNU1?marker=741311
352,239,USD,ATL,HUX,"Huatulco, Mexico",MX,2026-09-25,2,https://www.aviasales.com/search/ATL2509HUX1?marker=741311
353,240,USD,JFK,ALC,"Alicante, Spain",ES,2026-09-06,1,https://www.aviasales.com/search/JFK0609ALC1?marker=741311
354,241,USD,ORD,FOD,"Fort Dodge, United States",US,2026-08-14,0,https://www.aviasales.com/search/ORD1408FOD1?marker=741311
355,241,USD,DEN,GUC,"Gunnison, United States",US,2026-08-14,0,https://www.aviasales.com/search/DEN1408GUC1?marker=741311
356,241,USD,PHL,LBB,"Lubbock, United States",US,2026-12-24,1,https://www.aviasales.com/search/PHL2412LBB1?marker=741311
357,242,USD,JFK,VNO,"Vilnius, Lithuania",LT,2026-10-17,1,https://www.aviasales.com/search/JFK1710VNO1?marker=741311
358,243,USD,MIA,MGA,"Managua, Nicaragua",NI,2026-10-22,0,https://www.aviasales.com/search/MIA2210MGA1?marker=741311
359,243,USD,DEN,TEX,"Telluride, United States",US,2026-09-09,0,https://www.aviasales.com/search/DEN0909TEX1?marker=741311
360,243,USD,LAX,SGN,"Ho Chi Minh City, Vietnam",VN,2026-11-22,1,https://www.aviasales.com/search/LAX2211SGN1?marker=741311
361,244,USD,FLL,ZSA,"San Salvador, Bahamas",BS,2026-09-09,1,https://www.aviasales.com/search/FLL0909ZSA1?marker=741311
362,245,USD,DFW,CUU,"Chihuahua, Mexico",MX,2026-08-11,1,https://www.aviasales.com/search/DFW1108CUU1?marker=741311
363,246,USD,RDU,ORH,"Worcester, United States",US,2026-08-20,1,https://www.aviasales.com/search/RDU2008ORH1?marker=741311
364,246,USD,PHX,BLV,"Belleville, United States",US,2026-10-08,3,https://www.aviasales.com/search/PHX0810BLV1?marker=741311
365,248,USD,MIA,ELH,"North Eleuthera, Bahamas",BS,2026-09-07,1,https://www.aviasales.com/search/MIA0709ELH1?marker=741311
366,249,USD,IAH,CZM,"Cozumel, Mexico",MX,2026-09-09,1,https://www.aviasales.com/search/IAH0909CZM1?marker=741311
367,249,USD,JFK,AMS,"Amsterdam, Netherlands",NL,2026-10-11,1,https://www.aviasales.com/search/JFK1110AMS1?marker=741311
368,249,USD,JFK,VCE,"Venice, Italy",IT,2026-09-15,1,https://www.aviasales.com/search/JFK1509VCE1?marker=741311
369,251,USD,IAD,ITO,"Hilo, United States",US,2026-09-01,2,https://www.aviasales.com/search/IAD0109ITO1?marker=741311
370,251,USD,JFK,EDI,"Edinburgh, United Kingdom",GB,2026-09-20,1,https://www.aviasales.com/search/JFK2009EDI1?marker=741311
371,253,USD,LAX,MFE,"McAllen, United States",US,2026-08-21,1,https://www.aviasales.com/search/LAX2108MFE1?marker=741311
372,253,USD,SEA,PUW,"Pullman, United States",US,2026-08-18,0,https://www.aviasales.com/search/SEA1808PUW1?marker=741311
373,254,USD,MIA,CLJ,"Cluj-Napoca, Romania",RO,2026-10-10,1,https://www.aviasales.com/search/MIA1010CLJ1?marker=741311
374,254,USD,BOS,PDL,"Ponta Delgada, Portugal",PT,2026-08-24,1,https://www.aviasales.com/search/BOS2408PDL1?marker=741311
375,254,USD,DEN,MOT,"Minot, United States",US,2026-08-19,1,https://www.aviasales.com/search/DEN1908MOT1?marker=741311
376,254,USD,SEA,FAI,"Fairbanks, United States",US,2026-08-16,0,https://www.aviasales.com/search/SEA1608FAI1?marker=741311
377,255,USD,SEA,STO,"Stockholm, Sweden",SE,2026-10-13,3,https://www.aviasales.com/search/SEA1310STO1?marker=741311
378,255,USD,MIA,VRB,"Vero Beach, United States",US,2026-08-14,1,https://www.aviasales.com/search/MIA1408VRB1?marker=741311
379,256,USD,PHL,PGD,"Punta Gorda, United States",US,2026-08-18,2,https://www.aviasales.com/search/PHL1808PGD1?marker=741311
380,256,USD,ORD,NVA,"Neiva, Colombia",CO,2026-11-18,2,https://www.aviasales.com/search/ORD1811NVA1?marker=741311
381,256,USD,JFK,CUE,"Cuenca, Ecuador",EC,2027-02-04,2,https://www.aviasales.com/search/JFK0402CUE1?marker=741311
382,258,USD,JFK,ZRH,"Zurich, Switzerland",CH,2026-08-26,1,https://www.aviasales.com/search/JFK2608ZRH1?marker=741311
383,258,USD,FLL,CAP,"Cap Haitien, Haiti",HT,2026-08-22,0,https://www.aviasales.com/search/FLL2208CAP1?marker=741311
384,258,USD,JFK,POZ,"Poznan, Poland",PL,2026-09-15,1,https://www.aviasales.com/search/JFK1509POZ1?marker=741311
385,259,USD,JFK,IST,"Istanbul, Turkiye",TR,2026-10-17,1,https://www.aviasales.com/search/JFK1710IST1?marker=741311
386,259,USD,ORD,SRZ,"Santa Cruz, Bolivia",BO,2026-11-02,2,https://www.aviasales.com/search/ORD0211SRZ1?marker=741311
387,259,USD,BOS,RTB,"Roatan, Honduras",HN,2027-01-30,2,https://www.aviasales.com/search/BOS3001RTB1?marker=741311
388,261,USD,MCO,RIO,"Rio de Janeiro, Brazil",BR,2026-09-25,1,https://www.aviasales.com/search/MCO2509RIO1?marker=741311
389,261,USD,JFK,BFS,"Belfast, United Kingdom",GB,2026-09-10,1,https://www.aviasales.com/search/JFK1009BFS1?marker=741311
390,261,USD,MSP,MCW,"Mason City, United States",US,2026-09-10,1,https://www.aviasales.com/search/MSP1009MCW1?marker=741311
391,262,USD,ATL,OLB,"Olbia, Italy",IT,2026-10-14,2,https://www.aviasales.com/search/ATL1410OLB1?marker=741311
392,263,USD,JFK,WAW,"Warsaw, Poland",PL,2026-09-22,1,https://www.aviasales.com/search/JFK2209WAW1?marker=741311
393,263,USD,JFK,BGR,"Bangor, United States",US,2026-10-03,1,https://www.aviasales.com/search/JFK0310BGR1?marker=741311
394,264,USD,JFK,CUL,"Culiacan, Mexico",MX,2026-09-09,1,https://www.aviasales.com/search/JFK0909CUL1?marker=741311
395,265,USD,BNA,BUD,"Budapest, Hungary",HU,2026-10-14,2,https://www.aviasales.com/search/BNA1410BUD1?marker=741311
396,265,USD,JFK,KSC,"Kosice, Slovakia",SK,2026-08-24,1,https://www.aviasales.com/search/JFK2408KSC1?marker=741311
397,266,USD,DFW,GRI,"Grand Island, United States",US,2026-08-19,1,https://www.aviasales.com/search/DFW1908GRI1?marker=741311
398,266,USD,JFK,EVN,"Yerevan, Armenia",AM,2026-10-20,2,https://www.aviasales.com/search/JFK2010EVN1?marker=741311
399,266,USD,LAX,YMM,"Fort McMurray, Canada",CA,2026-10-01,3,https://www.aviasales.com/search/LAX0110YMM1?marker=741311
400,268,USD,JFK,DBV,"Dubrovnik, Croatia",HR,2026-08-18,1,https://www.aviasales.com/search/JFK1808DBV1?marker=741311
401,268,USD,CLT,EWN,"New Bern, United States",US,2026-08-20,1,https://www.aviasales.com/search/CLT2008EWN1?marker=741311
402,269,USD,JFK,TGD,"Podgorica, Montenegro",ME,2026-08-24,1,https://www.aviasales.com/search/JFK2408TGD1?marker=741311
403,269,USD,SFO,OTH,"North Bend, United States",US,2026-09-10,0,https://www.aviasales.com/search/SFO1009OTH1?marker=741311
404,272,USD,JFK,HAM,"Hamburg, Germany",DE,2026-09-27,1,https://www.aviasales.com/search/JFK2709HAM1?marker=741311
405,272,USD,JFK,BRI,"Bari, Italy",IT,2026-09-06,2,https://www.aviasales.com/search/JFK0609BRI1?marker=741311
406,272,USD,JFK,CUR,"Curacao, Curaçao",CW,2027-01-06,1,https://www.aviasales.com/search/JFK0601CUR1?marker=741311
407,273,USD,JFK,BAK,"Baku, Azerbaijan",AZ,2026-10-21,1,https://www.aviasales.com/search/JFK2110BAK1?marker=741311
408,273,USD,DCA,TQO,"Tulum, Mexico",MX,2026-09-08,3,https://www.aviasales.com/search/DCA0809TQO1?marker=741311
409,273,USD,SFO,ZCL,"Zacatecas, Mexico",MX,2026-08-18,2,https://www.aviasales.com/search/SFO1808ZCL1?marker=741311
410,274,USD,FLL,LPB,"La Paz, Bolivia",BO,2026-09-09,2,https://www.aviasales.com/search/FLL0909LPB1?marker=741311
411,274,USD,JFK,SSH,"Sharm el Sheikh, Egypt",EG,2026-10-19,1,https://www.aviasales.com/search/JFK1910SSH1?marker=741311
412,275,USD,JFK,KRK,"Krakow, Poland",PL,2026-09-13,1,https://www.aviasales.com/search/JFK1309KRK1?marker=741311
413,275,USD,SEA,JNU,"Juneau, United States",US,2026-10-09,0,https://www.aviasales.com/search/SEA0910JNU1?marker=741311
414,275,USD,IAH,LCH,"Lake Charles, United States",US,2026-08-17,0,https://www.aviasales.com/search/IAH1708LCH1?marker=741311
415,276,USD,JFK,BEG,"Belgrade, Serbia",RS,2026-10-15,3,https://www.aviasales.com/search/JFK1510BEG1?marker=741311
416,277,USD,JFK,PUY,"Pula, Croatia",HR,2026-09-13,1,https://www.aviasales.com/search/JFK1309PUY1?marker=741311
417,278,USD,SFO,MNL,"Manila, Philippines",PH,2026-11-29,1,https://www.aviasales.com/search/SFO2911MNL1?marker=741311
418,279,USD,FLL,EGE,"Vail, United States",US,2026-08-16,1,https://www.aviasales.com/search/FLL1608EGE1?marker=741311
419,279,USD,JFK,BGO,"Bergen, Norway",NO,2026-08-29,1,https://www.aviasales.com/search/JFK2908BGO1?marker=741311
420,280,USD,ORD,PAH,"Paducah, United States",US,2026-08-20,0,https://www.aviasales.com/search/ORD2008PAH1?marker=741311
421,281,USD,JFK,OPO,"Porto, Portugal",PT,2026-09-20,1,https://www.aviasales.com/search/JFK2009OPO1?marker=741311
422,281,USD,SAN,CEC,"Crescent City, United States",US,2026-08-21,1,https://www.aviasales.com/search/SAN2108CEC1?marker=741311
423,282,USD,BNA,XPL,"Comayagua, Honduras",HN,2026-10-24,2,https://www.aviasales.com/search/BNA2410XPL1?marker=741311
424,282,USD,BOS,SNN,"Shannon, Ireland",IE,2026-10-15,2,https://www.aviasales.com/search/BOS1510SNN1?marker=741311
425,282,USD,DEN,UIN,"Quincy, United States",US,2026-08-15,1,https://www.aviasales.com/search/DEN1508UIN1?marker=741311
426,282,USD,JFK,VRN,"Verona, Italy",IT,2026-10-12,2,https://www.aviasales.com/search/JFK1210VRN1?marker=741311
427,284,USD,JFK,TLL,"Tallinn, Estonia",EE,2026-10-03,1,https://www.aviasales.com/search/JFK0310TLL1?marker=741311
428,285,USD,LAX,SUN,"Sun Valley, United States",US,2026-08-19,1,https://www.aviasales.com/search/LAX1908SUN1?marker=741311
429,286,USD,PHX,LAR,"Laramie, United States",US,2026-08-18,1,https://www.aviasales.com/search/PHX1808LAR1?marker=741311
430,287,USD,BOS,DXB,"Dubai, United Arab Emirates",AE,2026-09-07,1,https://www.aviasales.com/search/BOS0709DXB1?marker=741311
431,287,USD,JFK,BUH,"Bucharest, Romania",RO,2026-09-29,1,https://www.aviasales.com/search/JFK2909BUH1?marker=741311
432,287,USD,MCO,HEL,"Helsinki, Finland",FI,2026-09-29,2,https://www.aviasales.com/search/MCO2909HEL1?marker=741311
433,287,USD,JFK,TAB,"Tobago, Trinidad and Tobago",TT,2026-09-09,1,https://www.aviasales.com/search/JFK0909TAB1?marker=741311
434,288,USD,JFK,LHE,"Lahore, Pakistan",PK,2026-08-31,1,https://www.aviasales.com/search/JFK3108LHE1?marker=741311
435,288,USD,ORD,SCE,"State College, United States",US,2026-08-17,1,https://www.aviasales.com/search/ORD1708SCE1?marker=741311
436,288,USD,JFK,SPU,"Split, Croatia",HR,2026-08-18,1,https://www.aviasales.com/search/JFK1808SPU1?marker=741311
437,290,USD,MIA,BHZ,"Belo Horizonte, Brazil",BR,2026-08-23,1,https://www.aviasales.com/search/MIA2308BHZ1?marker=741311
438,291,USD,JFK,RIX,"Riga, Latvia",LV,2026-09-22,1,https://www.aviasales.com/search/JFK2209RIX1?marker=741311
439,291,USD,JFK,AOI,"Ancona, Italy",IT,2026-09-06,1,https://www.aviasales.com/search/JFK0609AOI1?marker=741311
440,291,USD,PDX,KUN,"Kaunas, Lithuania",LT,2026-08-26,2,https://www.aviasales.com/search/PDX2608KUN1?marker=741311
441,296,USD,IAD,SBY,"Salisbury-Ocean City, United States",US,2026-08-20,1,https://www.aviasales.com/search/IAD2008SBY1?marker=741311
442,298,USD,BNA,ITH,"Ithaca, United States",US,2026-08-19,1,https://www.aviasales.com/search/BNA1908ITH1?marker=741311
443,299,USD,ORD,DEL,"New Delhi, India",IN,2026-09-07,1,https://www.aviasales.com/search/ORD0709DEL1?marker=741311
444,299,USD,JFK,FNC,"Funchal, Portugal",PT,2026-10-06,1,https://www.aviasales.com/search/JFK0610FNC1?marker=741311
445,299,USD,LAX,CVM,"Ciudad Victoria, Mexico",MX,2026-08-17,2,https://www.aviasales.com/search/LAX1708CVM1?marker=741311
446,300,USD,JFK,BJV,"Bodrum, Turkiye",TR,2026-08-25,1,https://www.aviasales.com/search/JFK2508BJV1?marker=741311
447,300,USD,JFK,FLR,"Florence, Italy",IT,2026-10-14,3,https://www.aviasales.com/search/JFK1410FLR1?marker=741311
448,300,USD,JFK,MSS,"Massena, United States",US,2026-08-21,1,https://www.aviasales.com/search/JFK2108MSS1?marker=741311
449,300,USD,LAX,GUP,"Gallup, United States",US,2026-08-19,2,https://www.aviasales.com/search/LAX1908GUP1?marker=741311
450,301,USD,ORD,ISB,"Islamabad, Pakistan",PK,2026-08-12,1,https://www.aviasales.com/search/ORD1208ISB1?marker=741311
451,301,USD,IAH,CME,"Ciudad Del Carmen, Mexico",MX,2026-09-09,1,https://www.aviasales.com/search/IAH0909CME1?marker=741311
452,302,USD,SLC,BTM,"Butte, United States",US,2026-08-18,1,https://www.aviasales.com/search/SLC1808BTM1?marker=741311
453,304,USD,JFK,CMN,"Casablanca, Morocco",MA,2026-10-16,2,https://www.aviasales.com/search/JFK1610CMN1?marker=741311
454,304,USD,DTW,MBL,"Manistee, United States",US,2026-08-21,2,https://www.aviasales.com/search/DTW2108MBL1?marker=741311
455,305,USD,MIA,VIE,"Vienna, Austria",AT,2026-09-22,1,https://www.aviasales.com/search/MIA2209VIE1?marker=741311
456,307,USD,JFK,TBS,"Tbilisi, Georgia",GE,2026-09-29,1,https://www.aviasales.com/search/JFK2909TBS1?marker=741311
457,307,USD,IAD,YFC,"Fredericton, Canada",CA,2026-08-19,2,https://www.aviasales.com/search/IAD1908YFC1?marker=741311
458,307,USD,LAX,YXS,"Prince George, Canada",CA,2026-08-20,2,https://www.aviasales.com/search/LAX2008YXS1?marker=741311
459,308,USD,IAD,CUZ,"Cusco, Peru",PE,2026-09-07,2,https://www.aviasales.com/search/IAD0709CUZ1?marker=741311
460,310,USD,JFK,BRU,"Brussels, Belgium",BE,2026-09-24,1,https://www.aviasales.com/search/JFK2409BRU1?marker=741311
461,311,USD,JFK,DOM,"Dominica, Dominica",DM,2026-09-23,2,https://www.aviasales.com/search/JFK2309DOM1?marker=741311
462,311,USD,IAD,GVA,"Geneva, Switzerland",CH,2026-10-04,2,https://www.aviasales.com/search/IAD0410GVA1?marker=741311
463,311,USD,JFK,DAC,"Dhaka, Bangladesh",BD,2026-09-10,1,https://www.aviasales.com/search/JFK1009DAC1?marker=741311
464,312,USD,JFK,GDN,"Gdansk, Poland",PL,2026-09-17,1,https://www.aviasales.com/search/JFK1709GDN1?marker=741311
465,313,USD,IAD,EAP,"Basel, Switzerland",CH,2026-10-04,2,https://www.aviasales.com/search/IAD0410EAP1?marker=741311
466,313,USD,LAX,CNM,"Carlsbad, United States",US,2026-08-18,1,https://www.aviasales.com/search/LAX1808CNM1?marker=741311
467,314,USD,ATL,BOM,"Mumbai, India",IN,2026-09-03,1,https://www.aviasales.com/search/ATL0309BOM1?marker=741311
468,314,USD,JFK,MAN,"Manchester, United Kingdom",GB,2026-09-09,1,https://www.aviasales.com/search/JFK0909MAN1?marker=741311
469,314,USD,JFK,POA,"Porto Alegre, Brazil",BR,2026-09-25,2,https://www.aviasales.com/search/JFK2509POA1?marker=741311
470,315,USD,SEA,SKP,"Skopje, North Macedonia",MK,2026-10-15,3,https://www.aviasales.com/search/SEA1510SKP1?marker=741311
471,316,USD,MSP,STR,"Stuttgart, Germany",DE,2026-10-15,3,https://www.aviasales.com/search/MSP1510STR1?marker=741311
472,317,USD,JFK,HER,"Heraklion, Greece",GR,2026-09-05,1,https://www.aviasales.com/search/JFK0509HER1?marker=741311
473,318,USD,SFO,CGN,"Cologne, Germany",DE,2026-11-15,1,https://www.aviasales.com/search/SFO1511CGN1?marker=741311
474,318,USD,SEA,NNG,"Nanning, China",CN,2027-01-17,2,https://www.aviasales.com/search/SEA1701NNG1?marker=741311
475,319,USD,DFW,MCK,"McCook, United States",US,2026-08-16,1,https://www.aviasales.com/search/DFW1608MCK1?marker=741311
476,319,USD,JFK,PMF,"Parma, Italy",IT,2026-09-02,1,https://www.aviasales.com/search/JFK0209PMF1?marker=741311
477,319,USD,TPA,MBS,"Saginaw, United States",US,2026-12-01,1,https://www.aviasales.com/search/TPA0112MBS1?marker=741311
478,319,USD,JFK,SLK,"Saranac Lake, United States",US,2026-08-21,1,https://www.aviasales.com/search/JFK2108SLK1?marker=741311
479,320,USD,MIA,VIX,"Vitoria, Brazil",BR,2026-11-09,2,https://www.aviasales.com/search/MIA0911VIX1?marker=741311
480,320,USD,JFK,TUN,"Tunis, Tunisia",TN,2026-09-26,1,https://www.aviasales.com/search/JFK2609TUN1?marker=741311
481,320,USD,JFK,IZM,"Izmir, Turkiye",TR,2026-08-20,1,https://www.aviasales.com/search/JFK2008IZM1?marker=741311
482,322,USD,JFK,OSL,"Oslo, Norway",NO,2026-09-15,1,https://www.aviasales.com/search/JFK1509OSL1?marker=741311
483,322,USD,JFK,LNS,"Lancaster, United States",US,2026-08-20,2,https://www.aviasales.com/search/JFK2008LNS1?marker=741311
484,323,USD,IAD,PMI,"Palma, Spain",ES,2026-09-28,2,https://www.aviasales.com/search/IAD2809PMI1?marker=741311
485,323,USD,LAX,UPN,"Uruapan, Mexico",MX,2026-09-09,3,https://www.aviasales.com/search/LAX0909UPN1?marker=741311
486,323,USD,LAX,BIS,"Bismarck, United States",US,2026-08-17,2,https://www.aviasales.com/search/LAX1708BIS1?marker=741311
487,324,USD,DFW,MAO,"Manaus, Brazil",BR,2026-10-30,2,https://www.aviasales.com/search/DFW3010MAO1?marker=741311
488,324,USD,JFK,UBS,"Columbus, United States",US,2026-08-18,2,https://www.aviasales.com/search/JFK1808UBS1?marker=741311
489,324,USD,JFK,ZTH,"Zakinthos, Greece",GR,2026-09-29,2,https://www.aviasales.com/search/JFK2909ZTH1?marker=741311
490,324,USD,JFK,MPL,"Montpellier, France",FR,2026-09-24,1,https://www.aviasales.com/search/JFK2409MPL1?marker=741311
491,324,USD,JFK,REU,"Reus, Spain",ES,2026-09-27,1,https://www.aviasales.com/search/JFK2709REU1?marker=741311
492,325,USD,JFK,GLA,"Glasgow, United Kingdom",GB,2026-08-21,1,https://www.aviasales.com/search/JFK2108GLA1?marker=741311
493,327,USD,JFK,BTS,"Bratislava, Slovakia",SK,2026-10-08,1,https://www.aviasales.com/search/JFK0810BTS1?marker=741311
494,327,USD,DTW,AZO,"Kalamazoo, United States",US,2026-09-10,1,https://www.aviasales.com/search/DTW1009AZO1?marker=741311
495,327,USD,JFK,TCI,"Tenerife, Spain",ES,2026-12-31,2,https://www.aviasales.com/search/JFK3112TCI1?marker=741311
496,329,USD,SFO,SEL,"Seoul, South Korea",KR,2026-09-09,0,https://www.aviasales.com/search/SFO0909SEL1?marker=741311
497,329,USD,JFK,SVQ,"Sevilla, Spain",ES,2026-11-10,1,https://www.aviasales.com/search/JFK1011SVQ1?marker=741311
498,330,USD,FLL,OGL,"Georgetown, Guyana",GY,2026-08-31,1,https://www.aviasales.com/search/FLL3108OGL1?marker=741311
499,330,USD,LAX,WYS,"West Yellowstone, United States",US,2026-08-17,1,https://www.aviasales.com/search/LAX1708WYS1?marker=741311
500,331,USD,JFK,NCE,"Nice, France",FR,2026-10-10,2,https://www.aviasales.com/search/JFK1010NCE1?marker=741311
501,331,USD,MIA,ASU,"Asuncion, Paraguay",PY,2026-09-11,1,https://www.aviasales.com/search/MIA1109ASU1?marker=741311
502,331,USD,JFK,DLM,"Dalaman, Turkiye",TR,2026-09-14,2,https://www.aviasales.com/search/JFK1409DLM1?marker=741311
503,332,USD,ATL,DEC,"Decatur, United States",US,2026-08-16,1,https://www.aviasales.com/search/ATL1608DEC1?marker=741311
504,333,USD,SEA,REK,"Reykjavik, Iceland",IS,2026-09-12,1,https://www.aviasales.com/search/SEA1209REK1?marker=741311
505,333,USD,SFO,ZAG,"Zagreb, Croatia",HR,2026-10-12,2,https://www.aviasales.com/search/SFO1210ZAG1?marker=741311
506,333,USD,SEA,YYJ,"Victoria, Canada",CA,2026-08-19,1,https://www.aviasales.com/search/SEA1908YYJ1?marker=741311
507,335,USD,MIA,FLN,"Florianopolis, Brazil",BR,2026-10-30,2,https://www.aviasales.com/search/MIA3010FLN1?marker=741311
508,335,USD,JFK,NAP,"Naples, Italy",IT,2026-09-25,1,https://www.aviasales.com/search/JFK2509NAP1?marker=741311
509,336,USD,LAX,BKK,"Bangkok, Thailand",TH,2026-10-04,1,https://www.aviasales.com/search/LAX0410BKK1?marker=741311
510,336,USD,JFK,JER,"Jersey, Jersey",JE,2026-09-10,1,https://www.aviasales.com/search/JFK1009JER1?marker=741311
511,338,USD,LAS,ALO,"Waterloo, United States",US,2026-09-01,1,https://www.aviasales.com/search/LAS0109ALO1?marker=741311
512,339,USD,MIA,MVD,"Montevideo, Uruguay",UY,2026-08-23,1,https://www.aviasales.com/search/MIA2308MVD1?marker=741311
513,339,USD,JFK,GRO,"Girona, Spain",ES,2026-09-27,1,https://www.aviasales.com/search/JFK2709GRO1?marker=741311
514,339,USD,JFK,EIS,"Beef Island, British Virgin Islands",VG,2026-10-16,2,https://www.aviasales.com/search/JFK1610EIS1?marker=741311
515,340,USD,MIA,PTP,"Pointe-a-pitre, Guadeloupe",GP,2026-12-08,1,https://www.aviasales.com/search/MIA0812PTP1?marker=741311
516,340,USD,ORD,PKB,"Parkersburg, United States",US,2026-08-17,2,https://www.aviasales.com/search/ORD1708PKB1?marker=741311
517,341,USD,IAH,MTT,"Minatitlan, Mexico",MX,2026-08-15,1,https://www.aviasales.com/search/IAH1508MTT1?marker=741311
518,342,USD,JFK,SKG,"Thessaloniki, Greece",GR,2026-10-06,2,https://www.aviasales.com/search/JFK0610SKG1?marker=741311
519,342,USD,JFK,BON,"Kralendijk, Caribbean Netherlands",BQ,2026-08-11,1,https://www.aviasales.com/search/JFK1108BON1?marker=741311
520,343,USD,SFO,DAD,"Da Nang, Vietnam",VN,2026-09-09,1,https://www.aviasales.com/search/SFO0909DAD1?marker=741311
521,344,USD,BOS,RAI,"Praia, Cape Verde",CV,2026-08-29,0,https://www.aviasales.com/search/BOS2908RAI1?marker=741311
522,344,USD,ORD,ELD,"El Dorado, United States",US,2026-08-11,1,https://www.aviasales.com/search/ORD1108ELD1?marker=741311
523,344,USD,ATL,MLU,"Monroe, United States",US,2026-08-15,2,https://www.aviasales.com/search/ATL1508MLU1?marker=741311
524,344,USD,JFK,ORK,"Cork, Ireland",IE,2026-08-11,1,https://www.aviasales.com/search/JFK1108ORK1?marker=741311
525,345,USD,ORD,SIN,"Singapore, Singapore",SG,2026-09-21,1,https://www.aviasales.com/search/ORD2109SIN1?marker=741311
526,346,USD,BOS,CWB,"Curitiba, Brazil",BR,2026-08-20,2,https://www.aviasales.com/search/BOS2008CWB1?marker=741311
527,347,USD,MIA,EAT,"Wenatchee, United States",US,2026-08-16,1,https://www.aviasales.com/search/MIA1608EAT1?marker=741311
528,347,USD,JFK,GZP,"Alanya, Turkiye",TR,2026-09-15,3,https://www.aviasales.com/search/JFK1509GZP1?marker=741311
529,347,USD,SLC,COU,"Columbia, United States",US,2026-08-20,2,https://www.aviasales.com/search/SLC2008COU1?marker=741311
530,350,USD,ORD,JED,"Jeddah, Saudi Arabia",SA,2026-12-03,1,https://www.aviasales.com/search/ORD0312JED1?marker=741311
531,350,USD,MIA,SCY,"San Cristobal, Ecuador",EC,2026-10-16,2,https://www.aviasales.com/search/MIA1610SCY1?marker=741311
532,350,USD,JFK,RUH,"Riyadh, Saudi Arabia",SA,2026-09-10,1,https://www.aviasales.com/search/JFK1009RUH1?marker=741311
533,351,USD,MCO,YYT,"St. John's, Canada",CA,2026-08-18,2,https://www.aviasales.com/search/MCO1808YYT1?marker=741311
534,352,USD,LAX,BJS,"Beijing, China",CN,2026-11-10,1,https://www.aviasales.com/search/LAX1011BJS1?marker=741311
535,352,USD,LAX,SHA,"Shanghai, China",CN,2026-11-10,1,https://www.aviasales.com/search/LAX1011SHA1?marker=741311
536,352,USD,BOS,MLA,"Malta, Malta",MT,2026-10-03,2,https://www.aviasales.com/search/BOS0310MLA1?marker=741311
537,352,USD,LAX,RAK,"Marrakech, Morocco",MA,2026-10-18,2,https://www.aviasales.com/search/LAX1810RAK1?marker=741311
538,352,USD,IAD,TLS,"Toulouse, France",FR,2026-09-07,2,https://www.aviasales.com/search/IAD0709TLS1?marker=741311
539,352,USD,JFK,LPA,"Las Palmas, Spain",ES,2026-08-31,2,https://www.aviasales.com/search/JFK3108LPA1?marker=741311
540,352,USD,LAX,HAK,"Haikou, China",CN,2026-12-01,1,https://www.aviasales.com/search/LAX0112HAK1?marker=741311
541,353,USD,JFK,IBZ,"Ibiza, Spain",ES,2026-08-21,1,https://www.aviasales.com/search/JFK2108IBZ1?marker=741311
542,353,USD,IAD,ELM,"Elmira, United States",US,2026-08-16,3,https://www.aviasales.com/search/IAD1608ELM1?marker=741311
543,353,USD,LAX,MKK,"Hoolehua, United States",US,2026-09-05,1,https://www.aviasales.com/search/LAX0509MKK1?marker=741311
544,354,USD,MIA,BIQ,"Biarritz, France",FR,2026-09-24,1,https://www.aviasales.com/search/MIA2409BIQ1?marker=741311
545,355,USD,MIA,ROS,"Rosario, Argentina",AR,2026-09-08,1,https://www.aviasales.com/search/MIA0809ROS1?marker=741311
546,355,USD,JFK,MCT,"Muscat, Oman",OM,2026-09-01,1,https://www.aviasales.com/search/JFK0109MCT1?marker=741311
547,356,USD,JFK,CFU,"Kerkyra, Greece",GR,2026-08-18,1,https://www.aviasales.com/search/JFK1808CFU1?marker=741311
548,357,USD,IAD,KWI,"Kuwait City, Kuwait",KW,2026-09-07,1,https://www.aviasales.com/search/IAD0709KWI1?marker=741311
549,357,USD,SFO,CRK,"City of Angeles, Philippines",PH,2026-10-21,1,https://www.aviasales.com/search/SFO2110CRK1?marker=741311
550,359,USD,LAS,CJS,"Ciudad Juarez, Mexico",MX,2026-09-07,3,https://www.aviasales.com/search/LAS0709CJS1?marker=741311
551,360,USD,LAX,CAN,"Guangzhou, China",CN,2026-11-08,1,https://www.aviasales.com/search/LAX0811CAN1?marker=741311
552,360,USD,SEA,FNT,"Flint, United States",US,2026-08-18,2,https://www.aviasales.com/search/SEA1808FNT1?marker=741311
553,361,USD,JFK,JMK,"Mikonos, Greece",GR,2026-09-01,1,https://www.aviasales.com/search/JFK0109JMK1?marker=741311
554,361,USD,JFK,AUH,"Abu Dhabi, United Arab Emirates",AE,2026-10-14,2,https://www.aviasales.com/search/JFK1410AUH1?marker=741311
555,361,USD,IAD,BIO,"Bilbao, Spain",ES,2026-09-07,2,https://www.aviasales.com/search/IAD0709BIO1?marker=741311
556,361,USD,JFK,RHO,"Rhodes, Greece",GR,2026-08-18,1,https://www.aviasales.com/search/JFK1808RHO1?marker=741311
557,361,USD,PHX,LTO,"Loreto, Mexico",MX,2026-08-21,1,https://www.aviasales.com/search/PHX2108LTO1?marker=741311
558,362,USD,JFK,EWB,"New Bedford, United States",US,2026-08-17,1,https://www.aviasales.com/search/JFK1708EWB1?marker=741311
559,362,USD,LAS,WRO,"Wroclaw, Poland",PL,2026-10-03,2,https://www.aviasales.com/search/LAS0310WRO1?marker=741311
560,363,USD,LAX,VAR,"Varna, Bulgaria",BG,2026-11-10,3,https://www.aviasales.com/search/LAX1011VAR1?marker=741311
561,364,USD,DFW,JLN,"Joplin, United States",US,2026-08-17,1,https://www.aviasales.com/search/DFW1708JLN1?marker=741311
562,364,USD,MSP,YYG,"Charlottetown, Canada",CA,2026-08-20,1,https://www.aviasales.com/search/MSP2008YYG1?marker=741311
563,365,USD,MIA,HOG,"Holguin, Cuba",CU,2026-09-08,0,https://www.aviasales.com/search/MIA0809HOG1?marker=741311
564,367,USD,JFK,PBM,"Paramaribo, Suriname",SR,2026-10-30,1,https://www.aviasales.com/search/JFK3010PBM1?marker=741311
565,367,USD,JFK,EVE,"Harstad-Narvik, Norway",NO,2026-12-07,2,https://www.aviasales.com/search/JFK0712EVE1?marker=741311
566,368,USD,MIA,MDZ,"Mendoza, Argentina",AR,2026-08-16,1,https://www.aviasales.com/search/MIA1608MDZ1?marker=741311
567,369,USD,BOS,SHJ,"Sharjah, United Arab Emirates",AE,2026-09-10,2,https://www.aviasales.com/search/BOS1009SHJ1?marker=741311
568,369,USD,PDX,AUW,"Wausau, United States",US,2026-10-17,2,https://www.aviasales.com/search/PDX1710AUW1?marker=741311
569,370,USD,JFK,LJU,"Ljubljana, Slovenia",SI,2026-11-13,3,https://www.aviasales.com/search/JFK1311LJU1?marker=741311
570,371,USD,IAD,CBB,"Cochabamba, Bolivia",BO,2026-09-09,2,https://www.aviasales.com/search/IAD0909CBB1?marker=741311
571,372,USD,LAX,HAN,"Hanoi, Vietnam",VN,2026-10-15,1,https://www.aviasales.com/search/LAX1510HAN1?marker=741311
572,372,USD,DEN,BLL,"Billund, Denmark",DK,2026-12-01,1,https://www.aviasales.com/search/DEN0112BLL1?marker=741311
573,373,USD,ORD,FMM,"Memmingen, Germany",DE,2026-09-10,2,https://www.aviasales.com/search/ORD1009FMM1?marker=741311
574,374,USD,JFK,LYS,"Lyon, France",FR,2026-08-18,2,https://www.aviasales.com/search/JFK1808LYS1?marker=741311
575,374,USD,ORD,SRE,"Sucre, Bolivia",BO,2026-11-02,3,https://www.aviasales.com/search/ORD0211SRE1?marker=741311
576,375,USD,ORD,ALG,"Algiers, Algeria",DZ,2026-10-20,2,https://www.aviasales.com/search/ORD2010ALG1?marker=741311
577,375,USD,JFK,TIV,"Tivat, Montenegro",ME,2026-09-10,2,https://www.aviasales.com/search/JFK1009TIV1?marker=741311
578,375,USD,JFK,SUF,"Lamezia Terme, Italy",IT,2026-09-16,2,https://www.aviasales.com/search/JFK1609SUF1?marker=741311
579,376,USD,MSP,JMS,"Jamestown, United States",US,2026-09-09,1,https://www.aviasales.com/search/MSP0909JMS1?marker=741311
580,377,USD,PDX,YZF,"Yellowknife, Canada",CA,2026-08-14,1,https://www.aviasales.com/search/PDX1408YZF1?marker=741311
581,379,USD,LAX,EIN,"Eindhoven, Netherlands",NL,2026-11-14,2,https://www.aviasales.com/search/LAX1411EIN1?marker=741311
582,380,USD,LAX,JKT,"Jakarta, Indonesia",ID,2026-08-31,1,https://www.aviasales.com/search/LAX3108JKT1?marker=741311
583,381,USD,SAN,SSA,"Salvador, Brazil",BR,2026-09-01,2,https://www.aviasales.com/search/SAN0109SSA1?marker=741311
584,381,USD,IAD,MAA,"Chennai, India",IN,2026-09-07,1,https://www.aviasales.com/search/IAD0709MAA1?marker=741311
585,382,USD,LAS,HKG,"Hong Kong, Hong Kong",HK,2027-01-31,1,https://www.aviasales.com/search/LAS3101HKG1?marker=741311
586,382,USD,JFK,MED,"Medina, Saudi Arabia",SA,2026-08-30,1,https://www.aviasales.com/search/JFK3008MED1?marker=741311
587,383,USD,LAX,HRB,"Harbin, China",CN,2026-09-27,1,https://www.aviasales.com/search/LAX2709HRB1?marker=741311
588,384,USD,JFK,HYD,"Hyderabad, India",IN,2026-09-10,1,https://www.aviasales.com/search/JFK1009HYD1?marker=741311
589,385,USD,MIA,OAJ,"Jacksonville, United States",US,2026-08-19,1,https://www.aviasales.com/search/MIA1908OAJ1?marker=741311
590,385,USD,LAX,HRG,"Hurghada, Egypt",EG,2026-11-19,3,https://www.aviasales.com/search/LAX1911HRG1?marker=741311
591,385,USD,LAX,SYX,"Sanya, China",CN,2026-11-08,1,https://www.aviasales.com/search/LAX0811SYX1?marker=741311
592,388,USD,DCA,XSC,"South Caicos, Turks and Caicos Islands",TC,2026-08-17,2,https://www.aviasales.com/search/DCA1708XSC1?marker=741311
593,389,USD,RDU,PHF,"Newport News, United States",US,2026-08-15,2,https://www.aviasales.com/search/RDU1508PHF1?marker=741311
594,390,USD,TPA,NUE,"Nuremberg, Germany",DE,2026-11-03,2,https://www.aviasales.com/search/TPA0311NUE1?marker=741311
595,390,USD,LAX,SIA,"Xian, China",CN,2026-09-22,1,https://www.aviasales.com/search/LAX2209SIA1?marker=741311
596,391,USD,LAX,OSA,"Osaka, Japan",JP,2026-08-23,1,https://www.aviasales.com/search/LAX2308OSA1?marker=741311
597,391,USD,SAN,CHQ,"Chania, Greece",GR,2026-08-19,1,https://www.aviasales.com/search/SAN1908CHQ1?marker=741311
598,393,USD,ORD,SLN,"Salina, United States",US,2026-08-16,0,https://www.aviasales.com/search/ORD1608SLN1?marker=741311
599,393,USD,SEA,SIT,"Sitka, United States",US,2026-08-20,0,https://www.aviasales.com/search/SEA2008SIT1?marker=741311
600,393,USD,LAX,TSN,"Tianjin, China",CN,2026-09-08,1,https://www.aviasales.com/search/LAX0809TSN1?marker=741311
601,394,USD,TPA,SJJ,"Sarajevo, Bosnia and Herzegovina",BA,2026-08-24,3,https://www.aviasales.com/search/TPA2408SJJ1?marker=741311
602,394,USD,MIA,CTA,"Catania, Italy",IT,2026-09-08,2,https://www.aviasales.com/search/MIA0809CTA1?marker=741311
603,395,USD,JFK,KHI,"Karachi, Pakistan",PK,2026-08-15,1,https://www.aviasales.com/search/JFK1508KHI1?marker=741311
604,395,USD,IAH,ILE,"Killeen, United States",US,2026-08-18,1,https://www.aviasales.com/search/IAH1808ILE1?marker=741311
605,396,USD,LAX,NAN,"Nadi, Fiji",FJ,2026-08-26,0,https://www.aviasales.com/search/LAX2608NAN1?marker=741311
606,396,USD,JFK,ATQ,"Amritsar, India",IN,2026-08-17,2,https://www.aviasales.com/search/JFK1708ATQ1?marker=741311
607,396,USD,LAX,JTR,"Thira, Greece",GR,2026-09-26,2,https://www.aviasales.com/search/LAX2609JTR1?marker=741311
608,396,USD,LAX,DRO,"Durango, United States",US,2026-08-16,1,https://www.aviasales.com/search/LAX1608DRO1?marker=741311
609,397,USD,JFK,ANK,"Ankara, Turkiye",TR,2026-09-02,1,https://www.aviasales.com/search/JFK0209ANK1?marker=741311
610,398,USD,ATL,NBO,"Nairobi, Kenya",KE,2026-09-10,1,https://www.aviasales.com/search/ATL1009NBO1?marker=741311
611,398,USD,PHX,YUM,"Yuma, United States",US,2026-08-19,0,https://www.aviasales.com/search/PHX1908YUM1?marker=741311
612,399,USD,JFK,ALA,"Almaty, Kazakhstan",KZ,2026-10-19,2,https://www.aviasales.com/search/JFK1910ALA1?marker=741311
613,400,USD,ORD,HKT,"Phuket, Thailand",TH,2026-09-24,1,https://www.aviasales.com/search/ORD2409HKT1?marker=741311
614,400,USD,ORD,MQT,"Marquette, United States",US,2026-08-21,0,https://www.aviasales.com/search/ORD2108MQT1?marker=741311
615,400,USD,SFO,PPT,"Papeete, French Polynesia",PF,2026-08-12,0,https://www.aviasales.com/search/SFO1208PPT1?marker=741311
616,401,USD,JFK,BAH,"Manama, Bahrain",BH,2026-09-22,1,https://www.aviasales.com/search/JFK2209BAH1?marker=741311
617,401,USD,PHL,SHD,"Staunton, United States",US,2026-08-18,2,https://www.aviasales.com/search/PHL1808SHD1?marker=741311
618,402,USD,TPA,CCS,"Caracas, Venezuela",VE,2026-09-15,3,https://www.aviasales.com/search/TPA1509CCS1?marker=741311
619,405,USD,JFK,LWN,"Gyumri, Armenia",AM,2026-09-21,3,https://www.aviasales.com/search/JFK2109LWN1?marker=741311
620,405,USD,JFK,TRN,"Turin, Italy",IT,2026-12-13,2,https://www.aviasales.com/search/JFK1312TRN1?marker=741311
621,406,USD,LAX,KUL,"Kuala Lumpur, Malaysia",MY,2027-02-02,1,https://www.aviasales.com/search/LAX0202KUL1?marker=741311
622,406,USD,JFK,BUS,"Batumi, Georgia",GE,2026-08-24,3,https://www.aviasales.com/search/JFK2408BUS1?marker=741311
623,408,USD,LAX,CTU,"Chengdu, China",CN,2026-08-30,1,https://www.aviasales.com/search/LAX3008CTU1?marker=741311
624,408,USD,IAD,AMD,"Ahmedabad, India",IN,2026-09-07,1,https://www.aviasales.com/search/IAD0709AMD1?marker=741311
625,411,USD,DFW,XQP,"Quepos, Costa Rica",CR,2026-08-19,2,https://www.aviasales.com/search/DFW1908XQP1?marker=741311
626,411,USD,JFK,MOW,"Moscow, Russia",RU,2026-09-15,2,https://www.aviasales.com/search/JFK1509MOW1?marker=741311
627,411,USD,JFK,ECN,"Ercan, Northern Cyprus",NY,2026-08-22,2,https://www.aviasales.com/search/JFK2208ECN1?marker=741311
628,413,USD,DTW,DOH,"Doha, Qatar",QA,2026-08-26,2,https://www.aviasales.com/search/DTW2608DOH1?marker=741311
629,413,USD,MIA,FOC,"Fuzhou, China",CN,2026-10-01,2,https://www.aviasales.com/search/MIA0110FOC1?marker=741311
630,414,USD,IAH,SUX,"Sioux City, United States",US,2026-08-16,1,https://www.aviasales.com/search/IAH1608SUX1?marker=741311
631,415,USD,IAD,LUX,"Luxembourg, Luxembourg",LU,2026-09-18,3,https://www.aviasales.com/search/IAD1809LUX1?marker=741311
632,415,USD,JFK,SBH,"Saint Barthelemy, Guadeloupe",GP,2026-10-03,1,https://www.aviasales.com/search/JFK0310SBH1?marker=741311
633,416,USD,SEA,YYF,"Penticton, Canada",CA,2026-08-20,1,https://www.aviasales.com/search/SEA2008YYF1?marker=741311
634,416,USD,SLC,CCP,"Concepcion, Chile",CL,2026-09-13,3,https://www.aviasales.com/search/SLC1309CCP1?marker=741311
635,418,USD,ORD,BSZ,"Bishkek, Kyrgyzstan",KG,2027-01-12,4,https://www.aviasales.com/search/ORD1201BSZ1?marker=741311
636,420,USD,BOS,MXL,"Mexicali, Mexico",MX,2026-08-12,3,https://www.aviasales.com/search/BOS1208MXL1?marker=741311
637,421,USD,IAD,BLR,"Bengaluru, India",IN,2026-09-07,2,https://www.aviasales.com/search/IAD0709BLR1?marker=741311
638,421,USD,SEA,BIH,"Bishop, United States",US,2026-08-19,1,https://www.aviasales.com/search/SEA1908BIH1?marker=741311
639,422,USD,ORD,IGU,"Foz do Iguaçu, Brazil",BR,2026-11-02,2,https://www.aviasales.com/search/ORD0211IGU1?marker=741311
640,422,USD,JFK,USA,"Concord, United States",US,2026-08-11,2,https://www.aviasales.com/search/JFK1108USA1?marker=741311
641,423,USD,ORD,TAS,"Tashkent, Uzbekistan",UZ,2026-11-17,4,https://www.aviasales.com/search/ORD1711TAS1?marker=741311
642,425,USD,ORD,AER,"Adler/Sochi, Russia",RU,2026-12-06,4,https://www.aviasales.com/search/ORD0612AER1?marker=741311
643,425,USD,BOS,ABI,"Abilene, United States",US,2026-08-11,2,https://www.aviasales.com/search/BOS1108ABI1?marker=741311
644,428,USD,JFK,LOS,"Lagos, Nigeria",NG,2026-09-14,1,https://www.aviasales.com/search/JFK1409LOS1?marker=741311
645,428,USD,ATL,TXK,"Texarkana, United States",US,2026-08-15,2,https://www.aviasales.com/search/ATL1508TXK1?marker=741311
646,428,USD,LAX,BKI,"Kota-Kinabalu, Malaysia",MY,2026-08-19,2,https://www.aviasales.com/search/LAX1908BKI1?marker=741311
647,428,USD,LAX,KCH,"Kuching, Malaysia",MY,2026-08-27,2,https://www.aviasales.com/search/LAX2708KCH1?marker=741311
648,429,USD,MSP,YZR,"Sarnia, Canada",CA,2026-08-20,2,https://www.aviasales.com/search/MSP2008YZR1?marker=741311
649,433,USD,BOS,ADD,"Addis Ababa, Ethiopia",ET,2026-09-04,1,https://www.aviasales.com/search/BOS0409ADD1?marker=741311
650,434,USD,JFK,GOI,"Goa, India",IN,2026-09-30,1,https://www.aviasales.com/search/JFK3009GOI1?marker=741311
651,434,USD,LAX,GGG,"Longview, United States",US,2026-08-15,1,https://www.aviasales.com/search/LAX1508GGG1?marker=741311
652,435,USD,LAX,CKG,"Chongqing, China",CN,2026-08-31,1,https://www.aviasales.com/search/LAX3108CKG1?marker=741311
653,435,USD,JFK,BDQ,"Vadodara, India",IN,2026-10-06,2,https://www.aviasales.com/search/JFK0610BDQ1?marker=741311
654,435,USD,LAX,EBL,"Erbil, Iraq",IQ,2026-08-20,1,https://www.aviasales.com/search/LAX2008EBL1?marker=741311
655,435,USD,TPA,IPN,"Ipatinga, Brazil",BR,2026-10-01,3,https://www.aviasales.com/search/TPA0110IPN1?marker=741311
656,436,USD,JFK,MRV,"Mineralnye Vody, Russia",RU,2026-10-20,3,https://www.aviasales.com/search/JFK2010MRV1?marker=741311
657,437,USD,IAD,KTW,"Katowice, Poland",PL,2026-08-26,3,https://www.aviasales.com/search/IAD2608KTW1?marker=741311
658,437,USD,JFK,CMB,"Colombo, Sri Lanka",LK,2026-09-21,1,https://www.aviasales.com/search/JFK2109CMB1?marker=741311
659,437,USD,SEA,KMG,"Kunming, China",CN,2026-09-17,2,https://www.aviasales.com/search/SEA1709KMG1?marker=741311
660,439,USD,JFK,SCO,"Aktau, Kazakhstan",KZ,2026-09-12,2,https://www.aviasales.com/search/JFK1209SCO1?marker=741311
661,439,USD,JFK,CAG,"Cagliari, Italy",IT,2026-08-14,1,https://www.aviasales.com/search/JFK1408CAG1?marker=741311
662,439,USD,JFK,LRD,"Laredo, United States",US,2026-08-20,2,https://www.aviasales.com/search/JFK2008LRD1?marker=741311
663,440,USD,SEA,YCD,"Nanaimo, Canada",CA,2026-08-16,1,https://www.aviasales.com/search/SEA1608YCD1?marker=741311
664,443,USD,AUS,BPS,"Porto Seguro, Brazil",BR,2026-08-25,2,https://www.aviasales.com/search/AUS2508BPS1?marker=741311
665,444,USD,JFK,DKR,"Dakar, Senegal",SN,2026-09-09,1,https://www.aviasales.com/search/JFK0909DKR1?marker=741311
666,444,USD,JFK,JAI,"Jaipur, India",IN,2026-08-30,2,https://www.aviasales.com/search/JFK3008JAI1?marker=741311
667,444,USD,RDU,LIO,"Limon, Costa Rica",CR,2026-08-18,2,https://www.aviasales.com/search/RDU1808LIO1?marker=741311
668,445,USD,JFK,ACC,"Accra, Ghana",GH,2026-09-28,1,https://www.aviasales.com/search/JFK2809ACC1?marker=741311
669,445,USD,JFK,LPL,"Liverpool, United Kingdom",GB,2026-11-04,3,https://www.aviasales.com/search/JFK0411LPL1?marker=741311
670,446,USD,LAX,NHA,"Nha Trang, Vietnam",VN,2026-09-10,2,https://www.aviasales.com/search/LAX1009NHA1?marker=741311
671,446,USD,LAX,CGY,"Cagayan De Oro, Philippines",PH,2026-10-14,2,https://www.aviasales.com/search/LAX1410CGY1?marker=741311
672,447,USD,MIA,BHX,"Birmingham, United Kingdom",GB,2026-08-11,3,https://www.aviasales.com/search/MIA1108BHX1?marker=741311
673,447,USD,DTW,GOT,"Gothenburg, Sweden",SE,2026-08-19,2,https://www.aviasales.com/search/DTW1908GOT1?marker=741311
674,447,USD,DTW,PLN,"Pellston, United States",US,2026-08-20,2,https://www.aviasales.com/search/DTW2008PLN1?marker=741311
675,449,USD,ORD,LED,"Saint Petersburg, Russia",RU,2026-11-16,3,https://www.aviasales.com/search/ORD1611LED1?marker=741311
676,450,USD,LAX,DPS,"Denpasar (Bali), Indonesia",ID,2026-10-17,1,https://www.aviasales.com/search/LAX1710DPS1?marker=741311
677,451,USD,JFK,ILG,"Wilmington, United States",US,2026-08-12,2,https://www.aviasales.com/search/JFK1208ILG1?marker=741311
678,452,USD,JFK,SVX,"Yekaterinburg, Russia",RU,2026-12-06,3,https://www.aviasales.com/search/JFK0612SVX1?marker=741311
679,453,USD,JFK,ABJ,"Abidjan, Ivory Coast",CI,2026-09-16,1,https://www.aviasales.com/search/JFK1609ABJ1?marker=741311
680,453,USD,LAX,BXU,"Butuan, Philippines",PH,2026-08-20,3,https://www.aviasales.com/search/LAX2008BXU1?marker=741311
681,453,USD,TPA,FSM,"Fort Smith, United States",US,2026-08-20,2,https://www.aviasales.com/search/TPA2008FSM1?marker=741311
682,455,USD,JFK,SKT,"Sialkot, Pakistan",PK,2026-08-23,2,https://www.aviasales.com/search/JFK2308SKT1?marker=741311
683,456,USD,SEA,FEZ,"Fez, Morocco",MA,2026-09-12,3,https://www.aviasales.com/search/SEA1209FEZ1?marker=741311
684,458,USD,LAX,PQC,"Phu Quoc, Vietnam",VN,2026-10-14,2,https://www.aviasales.com/search/LAX1410PQC1?marker=741311
685,459,USD,SEA,KZN,"Kazan, Russia",RU,2026-11-23,4,https://www.aviasales.com/search/SEA2311KZN1?marker=741311
686,461,USD,ORD,OSS,"Osh, Kyrgyzstan",KG,2026-11-29,4,https://www.aviasales.com/search/ORD2911OSS1?marker=741311
687,461,USD,JFK,TCO,"Tumaco, Colombia",CO,2026-08-21,3,https://www.aviasales.com/search/JFK2108TCO1?marker=741311
688,461,USD,LAX,OGD,"Ogden, United States",US,2026-08-15,2,https://www.aviasales.com/search/LAX1508OGD1?marker=741311
689,462,USD,DFW,URA,"Oral, Kazakhstan",KZ,2026-09-15,3,https://www.aviasales.com/search/DFW1509URA1?marker=741311
690,462,USD,PDX,LAF,"Lafayette, United States",US,2026-08-18,1,https://www.aviasales.com/search/PDX1808LAF1?marker=741311
691,463,USD,JFK,PSG,"Petersburg, United States",US,2026-09-26,1,https://www.aviasales.com/search/JFK2609PSG1?marker=741311
692,468,USD,JFK,CNX,"Chiang Mai, Thailand",TH,2026-11-03,1,https://www.aviasales.com/search/JFK0311CNX1?marker=741311
693,468,USD,SFO,GYN,"Goiania, Brazil",BR,2026-08-13,2,https://www.aviasales.com/search/SFO1308GYN1?marker=741311
694,468,USD,SLC,HYS,"Hays, United States",US,2026-08-21,2,https://www.aviasales.com/search/SLC2108HYS1?marker=741311
695,469,USD,JFK,DYU,"Dushanbe, Tajikistan",TJ,2026-09-28,2,https://www.aviasales.com/search/JFK2809DYU1?marker=741311
696,469,USD,BOS,ACT,"Waco, United States",US,2026-08-11,2,https://www.aviasales.com/search/BOS1108ACT1?marker=741311
697,471,USD,ATL,TGU,"Tegucigalpa, Honduras",HN,2026-09-10,2,https://www.aviasales.com/search/ATL1009TGU1?marker=741311
698,472,USD,LAX,KBV,"Krabi, Thailand",TH,2026-11-09,2,https://www.aviasales.com/search/LAX0911KBV1?marker=741311
699,473,USD,SFO,SJW,"Shijiazhuang, China",CN,2026-12-01,1,https://www.aviasales.com/search/SFO0112SJW1?marker=741311
700,475,USD,LAX,PEN,"Penang, Malaysia",MY,2026-09-24,1,https://www.aviasales.com/search/LAX2409PEN1?marker=741311
701,479,USD,DFW,COD,"Cody, United States",US,2026-08-20,1,https://www.aviasales.com/search/DFW2008COD1?marker=741311
702,479,USD,JFK,VIJ,"Virgin Gorda, British Virgin Islands",VG,2026-10-16,2,https://www.aviasales.com/search/JFK1610VIJ1?marker=741311
703,479,USD,JFK,TRV,"Thiruvananthapuram, India",IN,2026-10-03,2,https://www.aviasales.com/search/JFK0310TRV1?marker=741311
704,479,USD,BNA,HOB,"Hobbs, United States",US,2026-08-20,1,https://www.aviasales.com/search/BNA2008HOB1?marker=741311
705,480,USD,JFK,UBN,"Ulaanbaatar, Mongolia",MN,2026-09-23,1,https://www.aviasales.com/search/JFK2309UBN1?marker=741311
706,481,USD,JFK,AXA,"Anguilla, Anguilla",AI,2026-08-19,1,https://www.aviasales.com/search/JFK1908AXA1?marker=741311
707,482,USD,ORD,RKS,"Rock Springs, United States",US,2026-08-18,1,https://www.aviasales.com/search/ORD1808RKS1?marker=741311
708,486,USD,DFW,CEB,"Cebu City, Philippines",PH,2026-09-12,1,https://www.aviasales.com/search/DFW1209CEB1?marker=741311
709,487,USD,SEA,TAO,"Qingdao, China",CN,2026-09-15,1,https://www.aviasales.com/search/SEA1509TAO1?marker=741311
710,488,USD,FLL,HAJ,"Hannover, Germany",DE,2026-12-01,2,https://www.aviasales.com/search/FLL0112HAJ1?marker=741311
711,488,USD,SEA,LEJ,"Leipzig/Halle, Germany",DE,2026-08-27,3,https://www.aviasales.com/search/SEA2708LEJ1?marker=741311
712,492,USD,JFK,REC,"Recife, Brazil",BR,2026-09-22,1,https://www.aviasales.com/search/JFK2209REC1?marker=741311
713,492,USD,SEA,RZE,"Rzeszow, Poland",PL,2026-08-19,3,https://www.aviasales.com/search/SEA1908RZE1?marker=741311
714,494,USD,LAX,SYD,"Sydney, Australia",AU,2026-08-17,0,https://www.aviasales.com/search/LAX1708SYD1?marker=741311
715,494,USD,MIA,CND,"Constanta, Romania",RO,2026-09-05,3,https://www.aviasales.com/search/MIA0509CND1?marker=741311
716,494,USD,FLL,GVR,"Governador Valadares, Brazil",BR,2026-08-14,2,https://www.aviasales.com/search/FLL1408GVR1?marker=741311
717,494,USD,LAX,USM,"Koh Samui, Thailand",TH,2026-09-09,2,https://www.aviasales.com/search/LAX0909USM1?marker=741311
718,496,USD,MCO,NAT,"Natal, Brazil",BR,2027-01-07,3,https://www.aviasales.com/search/MCO0701NAT1?marker=741311
719,499,USD,LAX,MEL,"Melbourne, Australia",AU,2026-09-09,1,https://www.aviasales.com/search/LAX0909MEL1?marker=741311
720,499,USD,JFK,KUF,"Samara, Russia",RU,2026-11-12,3,https://www.aviasales.com/search/JFK1211KUF1?marker=741311
721,500,USD,IAD,DIK,"Dickinson, United States",US,2026-08-18,1,https://www.aviasales.com/search/IAD1808DIK1?marker=741311
722,500,USD,JFK,CKY,"Conakry, Guinea",GN,2026-08-28,1,https://www.aviasales.com/search/JFK2808CKY1?marker=741311
723,501,USD,JFK,NQZ,"Astana, Kazakhstan",KZ,2026-09-25,2,https://www.aviasales.com/search/JFK2509NQZ1?marker=741311
724,502,USD,JFK,EBB,"Entebbe, Uganda",UG,2026-10-12,1,https://www.aviasales.com/search/JFK1210EBB1?marker=741311
725,502,USD,JFK,NAG,"Nagpur, India",IN,2026-08-12,2,https://www.aviasales.com/search/JFK1208NAG1?marker=741311
726,503,USD,JFK,KRR,"Krasnodar, Russia",RU,2026-08-24,2,https://www.aviasales.com/search/JFK2408KRR1?marker=741311
727,503,USD,TPA,COV,"Mersin, Turkiye",TR,2026-09-20,3,https://www.aviasales.com/search/TPA2009COV1?marker=741311
728,504,USD,ORD,BLQ,"Bologna, Italy",IT,2026-08-22,3,https://www.aviasales.com/search/ORD2208BLQ1?marker=741311
729,504,USD,DEN,SVG,"Stavanger, Norway",NO,2026-09-16,3,https://www.aviasales.com/search/DEN1609SVG1?marker=741311
730,504,USD,SEA,YBL,"Campbell River, Canada",CA,2026-08-18,1,https://www.aviasales.com/search/SEA1808YBL1?marker=741311
731,505,USD,IAH,IOA,"Ioannina, Greece",GR,2026-09-01,3,https://www.aviasales.com/search/IAH0109IOA1?marker=741311
732,506,USD,LAX,MLE,"Male, Maldives",MV,2026-08-28,1,https://www.aviasales.com/search/LAX2808MLE1?marker=741311
733,509,USD,JFK,DED,"Dehradun, India",IN,2026-10-05,2,https://www.aviasales.com/search/JFK0510DED1?marker=741311
734,509,USD,LAX,BLA,"Barcelona, Venezuela",VE,2026-08-26,2,https://www.aviasales.com/search/LAX2608BLA1?marker=741311
735,509,USD,LAX,MFM,"Macau, Macau",MO,2026-10-26,2,https://www.aviasales.com/search/LAX2610MFM1?marker=741311
736,512,USD,JFK,FNA,"Freetown, Sierra Leone",SL,2026-10-12,1,https://www.aviasales.com/search/JFK1210FNA1?marker=741311
737,512,USD,PDX,KTN,"Ketchikan, United States",US,2026-08-16,1,https://www.aviasales.com/search/PDX1608KTN1?marker=741311
738,513,USD,JFK,TAG,"Tagbilaran, Philippines",PH,2026-09-20,2,https://www.aviasales.com/search/JFK2009TAG1?marker=741311
739,514,USD,LAX,AKL,"Auckland, New Zealand",NZ,2026-09-10,1,https://www.aviasales.com/search/LAX1009AKL1?marker=741311
740,517,USD,JFK,KGD,"Kaliningrad, Russia",RU,2026-09-28,4,https://www.aviasales.com/search/JFK2809KGD1?marker=741311
741,518,USD,MIA,HGR,"Hagerstown, United States",US,2026-08-17,3,https://www.aviasales.com/search/MIA1708HGR1?marker=741311
742,522,USD,JFK,MCX,"Makhachkala, Russia",RU,2026-09-23,3,https://www.aviasales.com/search/JFK2309MCX1?marker=741311
743,522,USD,DCA,FOR,"Fortaleza, Brazil",BR,2026-09-07,2,https://www.aviasales.com/search/DCA0709FOR1?marker=741311
744,522,USD,JFK,UTP,"Pattaya, Thailand",TH,2026-09-23,2,https://www.aviasales.com/search/JFK2309UTP1?marker=741311
745,526,USD,IAD,KTM,"Kathmandu, Nepal",NP,2026-08-16,3,https://www.aviasales.com/search/IAD1608KTM1?marker=741311
746,526,USD,FLL,SCQ,"Santiago De Compostela, Spain",ES,2026-08-12,1,https://www.aviasales.com/search/FLL1208SCQ1?marker=741311
747,529,USD,MIA,APW,"Apia, Samoa",WS,2026-08-13,2,https://www.aviasales.com/search/MIA1308APW1?marker=741311
748,529,USD,JFK,GUW,"Atyrau, Kazakhstan",KZ,2026-10-17,3,https://www.aviasales.com/search/JFK1710GUW1?marker=741311
749,534,USD,JFK,SKD,"Samarkand, Uzbekistan",UZ,2026-10-14,3,https://www.aviasales.com/search/JFK1410SKD1?marker=741311
750,536,USD,BOS,TZX,"Trabzon, Turkiye",TR,2026-08-21,3,https://www.aviasales.com/search/BOS2108TZX1?marker=741311
751,537,USD,FLL,BIM,"Bimini, Bahamas",BS,2026-09-22,3,https://www.aviasales.com/search/FLL2209BIM1?marker=741311
752,538,USD,FLL,SFG,"Saint Martin, Saint Martin",MF,2026-09-26,3,https://www.aviasales.com/search/FLL2609SFG1?marker=741311
753,539,USD,JFK,UFA,"Ufa, Russia",RU,2026-11-29,4,https://www.aviasales.com/search/JFK2911UFA1?marker=741311
754,539,USD,LAX,SUV,"Suva, Fiji",FJ,2026-12-03,1,https://www.aviasales.com/search/LAX0312SUV1?marker=741311
755,541,USD,ATL,AHO,"Alghero, Italy",IT,2026-08-13,2,https://www.aviasales.com/search/ATL1308AHO1?marker=741311
756,543,USD,JFK,MSQ,"Minsk, Belarus",BY,2026-09-14,4,https://www.aviasales.com/search/JFK1409MSQ1?marker=741311
757,545,USD,IAH,BRW,"Barrow, United States",US,2026-09-14,3,https://www.aviasales.com/search/IAH1409BRW1?marker=741311
758,545,USD,LAS,NKT,"Cizre, Turkiye",TR,2026-09-29,3,https://www.aviasales.com/search/LAS2909NKT1?marker=741311
759,546,USD,DFW,SAI,"Siem Reap, Cambodia",KH,2026-09-07,2,https://www.aviasales.com/search/DFW0709SAI1?marker=741311
760,547,USD,MIA,DTM,"Dortmund, Germany",DE,2026-08-26,3,https://www.aviasales.com/search/MIA2608DTM1?marker=741311
761,548,USD,JFK,OGZ,"Vladikavkaz, Russia",RU,2027-02-01,4,https://www.aviasales.com/search/JFK0102OGZ1?marker=741311
762,549,USD,ATL,PAP,"Port-au-Prince, Haiti",HT,2026-09-09,3,https://www.aviasales.com/search/ATL0909PAP1?marker=741311
763,556,USD,SEA,YAZ,"Tofino, Canada",CA,2026-08-20,1,https://www.aviasales.com/search/SEA2008YAZ1?marker=741311
764,557,USD,ATL,AGB,"Augsburg, Germany",DE,2026-09-10,1,https://www.aviasales.com/search/ATL1009AGB1?marker=741311
765,562,USD,SFO,CJC,"Calama, Chile",CL,2026-09-11,3,https://www.aviasales.com/search/SFO1109CJC1?marker=741311
766,563,USD,LAX,VVO,"Vladivostok, Russia",RU,2026-11-16,2,https://www.aviasales.com/search/LAX1611VVO1?marker=741311
767,563,USD,JFK,CIT,"Shymkent, Kazakhstan",KZ,2026-08-20,2,https://www.aviasales.com/search/JFK2008CIT1?marker=741311
768,563,USD,ORD,ASF,"Astrakhan, Russia",RU,2027-02-01,4,https://www.aviasales.com/search/ORD0102ASF1?marker=741311
769,564,USD,SFO,FUK,"Fukuoka, Japan",JP,2026-10-10,1,https://www.aviasales.com/search/SFO1010FUK1?marker=741311
770,564,USD,LAX,FAE,"Sorvágur, Faroe Islands",FO,2026-08-27,2,https://www.aviasales.com/search/LAX2708FAE1?marker=741311
771,565,USD,BOS,BOJ,"Bourgas, Bulgaria",BG,2026-12-28,3,https://www.aviasales.com/search/BOS2812BOJ1?marker=741311
772,567,USD,SFO,TNA,"Jinan, China",CN,2026-08-13,1,https://www.aviasales.com/search/SFO1308TNA1?marker=741311
773,568,USD,BNA,DAR,"Dar Es Salaam, Tanzania",TZ,2026-08-20,2,https://www.aviasales.com/search/BNA2008DAR1?marker=741311
774,572,USD,SEA,GUM,"Hagatna, Guam",GU,2026-09-09,2,https://www.aviasales.com/search/SEA0909GUM1?marker=741311
775,573,USD,LAX,CGO,"Zhengzhou, China",CN,2026-08-14,1,https://www.aviasales.com/search/LAX1408CGO1?marker=741311
776,574,USD,MIA,EAS,"San Sebastian, Spain",ES,2026-08-17,3,https://www.aviasales.com/search/MIA1708EAS1?marker=741311
777,575,USD,LAX,VAN,"Van, Turkiye",TR,2026-08-15,3,https://www.aviasales.com/search/LAX1508VAN1?marker=741311
778,576,USD,JFK,FEG,"Fergana, Uzbekistan",UZ,2026-10-15,3,https://www.aviasales.com/search/JFK1510FEG1?marker=741311
779,576,USD,ATL,SHE,"Shenyang, China",CN,2026-09-27,2,https://www.aviasales.com/search/ATL2709SHE1?marker=741311
780,577,USD,JFK,CCU,"Kolkata, India",IN,2026-11-14,2,https://www.aviasales.com/search/JFK1411CCU1?marker=741311
781,582,USD,JFK,OVB,"Novosibirsk, Russia",RU,2026-10-21,2,https://www.aviasales.com/search/JFK2110OVB1?marker=741311
782,582,USD,ORD,NKC,"Nouakchott, Mauritania",MR,2027-01-04,1,https://www.aviasales.com/search/ORD0401NKC1?marker=741311
783,584,USD,JFK,BKO,"Bamako, Mali",ML,2026-11-01,2,https://www.aviasales.com/search/JFK0111BKO1?marker=741311
784,587,USD,BOS,JHB,"Johor Bahru, Malaysia",MY,2026-10-06,3,https://www.aviasales.com/search/BOS0610JHB1?marker=741311
785,588,USD,IAD,JNB,"Johannesburg, South Africa",ZA,2026-09-07,1,https://www.aviasales.com/search/IAD0709JNB1?marker=741311
786,588,USD,JFK,KLO,"Kalibo, Philippines",PH,2027-01-06,2,https://www.aviasales.com/search/JFK0601KLO1?marker=741311
787,591,USD,IAD,LBV,"Libreville, Gabon",GA,2026-08-14,2,https://www.aviasales.com/search/IAD1408LBV1?marker=741311
788,592,USD,JFK,BGW,"Baghdad, Iraq",IQ,2026-08-27,1,https://www.aviasales.com/search/JFK2708BGW1?marker=741311
789,593,USD,JFK,GOJ,"Nizhniy Novgorod, Russia",RU,2027-02-02,4,https://www.aviasales.com/search/JFK0202GOJ1?marker=741311
790,593,USD,JFK,NYA,"Nyagan, Russia",RU,2027-02-01,4,https://www.aviasales.com/search/JFK0102NYA1?marker=741311
791,595,USD,LAX,MMA,"Malmo, Sweden",SE,2026-08-16,3,https://www.aviasales.com/search/LAX1608MMA1?marker=741311
792,595,USD,LAX,HEK,"Heihe, China",CN,2026-08-16,1,https://www.aviasales.com/search/LAX1608HEK1?marker=741311
793,598,USD,SFO,BOB,"Bora Bora, French Polynesia",PF,2026-08-24,1,https://www.aviasales.com/search/SFO2408BOB1?marker=741311
794,600,USD,SFO,PLQ,"Palanga, Lithuania",LT,2026-08-21,3,https://www.aviasales.com/search/SFO2108PLQ1?marker=741311
795,600,USD,SFO,MRS,"Marseille, France",FR,2026-08-18,1,https://www.aviasales.com/search/SFO1808MRS1?marker=741311
796,601,USD,JFK,NAL,"Nalchik, Russia",RU,2026-10-01,3,https://www.aviasales.com/search/JFK0110NAL1?marker=741311
797,601,USD,JFK,NGO,"Nagoya, Japan",JP,2026-09-27,1,https://www.aviasales.com/search/JFK2709NGO1?marker=741311
798,603,USD,DTW,SXB,"Strasbourg, France",FR,2026-08-22,2,https://www.aviasales.com/search/DTW2208SXB1?marker=741311
799,605,USD,LAX,RAR,"Rarotonga, Cook Islands",CK,2026-09-10,1,https://www.aviasales.com/search/LAX1009RAR1?marker=741311
800,610,USD,JFK,CEK,"Chelyabinsk, Russia",RU,2026-10-18,3,https://www.aviasales.com/search/JFK1810CEK1?marker=741311
801,611,USD,JFK,KJA,"Krasnoyarsk, Russia",RU,2026-09-15,3,https://www.aviasales.com/search/JFK1509KJA1?marker=741311
802,611,USD,IAD,KGL,"Kigali, Rwanda",RW,2026-09-07,1,https://www.aviasales.com/search/IAD0709KGL1?marker=741311
803,611,USD,JFK,IAO,"Del Carmen, Philippines",PH,2026-09-03,2,https://www.aviasales.com/search/JFK0309IAO1?marker=741311
804,611,USD,AUS,OKA,"Okinawa, Japan",JP,2026-09-01,3,https://www.aviasales.com/search/AUS0109OKA1?marker=741311
805,612,USD,JFK,NKG,"Nanjing, China",CN,2026-08-26,2,https://www.aviasales.com/search/JFK2608NKG1?marker=741311
806,615,USD,DFW,LYI,"Linyi, China",CN,2026-08-30,3,https://www.aviasales.com/search/DFW3008LYI1?marker=741311
807,617,USD,IAD,ARH,"Arkhangelsk, Russia",RU,2026-12-01,4,https://www.aviasales.com/search/IAD0112ARH1?marker=741311
808,618,USD,JFK,BES,"Brest, France",FR,2026-08-11,2,https://www.aviasales.com/search/JFK1108BES1?marker=741311
809,619,USD,DFW,NJF,"Al-Najaf, Iraq",IQ,2026-09-09,1,https://www.aviasales.com/search/DFW0909NJF1?marker=741311
810,619,USD,JFK,LGK,"Langkawi, Malaysia",MY,2026-11-15,3,https://www.aviasales.com/search/JFK1511LGK1?marker=741311
811,622,USD,JFK,KGF,"Karagandy, Kazakhstan",KZ,2026-10-19,3,https://www.aviasales.com/search/JFK1910KGF1?marker=741311
812,625,USD,IAD,ZNZ,"Zanzibar, Tanzania",TZ,2026-08-23,3,https://www.aviasales.com/search/IAD2308ZNZ1?marker=741311
813,625,USD,JFK,PBR,"Puerto Barrios, Guatemala",GT,2026-12-31,3,https://www.aviasales.com/search/JFK3112PBR1?marker=741311
814,625,USD,JFK,BJL,"Banjul, Gambia",GM,2026-12-01,2,https://www.aviasales.com/search/JFK0112BJL1?marker=741311
815,632,USD,SEA,BCM,"Bacau, Romania",RO,2026-08-12,3,https://www.aviasales.com/search/SEA1208BCM1?marker=741311
816,633,USD,JFK,PEE,"Perm, Russia",RU,2026-09-22,4,https://www.aviasales.com/search/JFK2209PEE1?marker=741311
817,633,USD,IAH,MAR,"Maracaibo, Venezuela",VE,2026-12-20,2,https://www.aviasales.com/search/IAH2012MAR1?marker=741311
818,633,USD,JFK,BWN,"Bandar Seri Begawan, Brunei",BN,2026-09-08,2,https://www.aviasales.com/search/JFK0809BWN1?marker=741311
819,637,USD,ORD,FIH,"Kinshasa, Democratic Republic of the Congo",CD,2026-09-02,1,https://www.aviasales.com/search/ORD0209FIH1?marker=741311
820,640,USD,DFW,OMO,"Mostar, Bosnia and Herzegovina",BA,2026-08-17,4,https://www.aviasales.com/search/DFW1708OMO1?marker=741311
821,640,USD,JFK,PER,"Perth, Australia",AU,2026-08-24,2,https://www.aviasales.com/search/JFK2408PER1?marker=741311
822,642,USD,JFK,NBC,"Naberezhnye Chelny, Russia",RU,2026-08-17,3,https://www.aviasales.com/search/JFK1708NBC1?marker=741311
823,642,USD,LAX,KHV,"Khabarovsk, Russia",RU,2026-10-01,2,https://www.aviasales.com/search/LAX0110KHV1?marker=741311
824,646,USD,LAX,NMA,"Namangan, Uzbekistan",UZ,2026-08-18,2,https://www.aviasales.com/search/LAX1808NMA1?marker=741311
825,646,USD,LAX,AKX,"Aktobe, Kazakhstan",KZ,2026-08-23,3,https://www.aviasales.com/search/LAX2308AKX1?marker=741311
826,647,USD,JFK,SZX,"Shenzhen, China",CN,2026-11-03,2,https://www.aviasales.com/search/JFK0311SZX1?marker=741311
827,649,USD,SFO,VLI,"Port Vila, Vanuatu",VU,2026-08-19,2,https://www.aviasales.com/search/SFO1908VLI1?marker=741311
828,653,USD,ORD,JRO,"Kilimanjaro, Tanzania",TZ,2026-09-07,2,https://www.aviasales.com/search/ORD0709JRO1?marker=741311
829,653,USD,ORD,TJM,"Tyumen, Russia",RU,2026-10-01,4,https://www.aviasales.com/search/ORD0110TJM1?marker=741311
830,654,USD,IAD,UKK,"Oskemen, Kazakhstan",KZ,2026-08-24,4,https://www.aviasales.com/search/IAD2408UKK1?marker=741311
831,657,USD,IAD,VOG,"Volgograd, Russia",RU,2026-10-24,4,https://www.aviasales.com/search/IAD2410VOG1?marker=741311
832,657,USD,JFK,SCW,"Syktyvkar, Russia",RU,2026-08-31,4,https://www.aviasales.com/search/JFK3108SCW1?marker=741311
833,659,USD,LAX,IKT,"Irkutsk, Russia",RU,2026-09-28,2,https://www.aviasales.com/search/LAX2809IKT1?marker=741311
834,659,USD,SFO,OOL,"Gold Coast, Australia",AU,2026-08-20,3,https://www.aviasales.com/search/SFO2008OOL1?marker=741311
835,661,USD,SAN,BNE,"Brisbane, Australia",AU,2026-11-10,2,https://www.aviasales.com/search/SAN1011BNE1?marker=741311
836,662,USD,SFO,KVX,"Kirov, Russia",RU,2027-02-01,4,https://www.aviasales.com/search/SFO0102KVX1?marker=741311
837,665,USD,JFK,BHK,"Bukhara, Uzbekistan",UZ,2026-08-26,3,https://www.aviasales.com/search/JFK2608BHK1?marker=741311
838,666,USD,IAD,KOJ,"Kagoshima, Japan",JP,2026-08-25,3,https://www.aviasales.com/search/IAD2508KOJ1?marker=741311
839,666,USD,LAS,CAC,"Cascavel, Brazil",BR,2026-10-11,2,https://www.aviasales.com/search/LAS1110CAC1?marker=741311
840,669,USD,JFK,URC,"Urumqi, China",CN,2026-08-18,3,https://www.aviasales.com/search/JFK1808URC1?marker=741311
841,671,USD,ORD,GRV,"Groznyy, Russia",RU,2026-08-31,4,https://www.aviasales.com/search/ORD3108GRV1?marker=741311
842,671,USD,JFK,KBL,"Kabul, Afghanistan",AF,2026-08-27,2,https://www.aviasales.com/search/JFK2708KBL1?marker=741311
843,672,USD,JFK,DYG,"Dayong, China",CN,2026-09-03,3,https://www.aviasales.com/search/JFK0309DYG1?marker=741311
844,674,USD,BOS,JTC,"Bauru, Brazil",BR,2026-10-10,2,https://www.aviasales.com/search/BOS1010JTC1?marker=741311
845,674,USD,IAD,MLW,"Monrovia, Liberia",LR,2027-01-05,2,https://www.aviasales.com/search/IAD0501MLW1?marker=741311
846,675,USD,JFK,MMK,"Murmansk, Russia",RU,2026-08-31,4,https://www.aviasales.com/search/JFK3108MMK1?marker=741311
847,676,USD,BOS,KZO,"Kzyl-Orda, Kazakhstan",KZ,2026-11-25,4,https://www.aviasales.com/search/BOS2511KZO1?marker=741311
848,677,USD,JFK,RTW,"Saratov, Russia",RU,2026-10-01,3,https://www.aviasales.com/search/JFK0110RTW1?marker=741311
849,678,USD,TPA,CGQ,"Changchun, China",CN,2026-08-14,2,https://www.aviasales.com/search/TPA1408CGQ1?marker=741311
850,683,USD,JFK,TOF,"Tomsk, Russia",RU,2026-09-06,4,https://www.aviasales.com/search/JFK0609TOF1?marker=741311
851,686,USD,BOS,GDZ,"Gelendzik, Russia",RU,2027-02-01,4,https://www.aviasales.com/search/BOS0102GDZ1?marker=741311
852,688,USD,MIA,HGH,"Hangzhou, China",CN,2026-09-05,2,https://www.aviasales.com/search/MIA0509HGH1?marker=741311
853,688,USD,BOS,HSA,"Turkistan, Kazakhstan",KZ,2026-11-25,3,https://www.aviasales.com/search/BOS2511HSA1?marker=741311
854,691,USD,JFK,CPT,"Cape Town, South Africa",ZA,2026-09-15,1,https://www.aviasales.com/search/JFK1509CPT1?marker=741311
855,691,USD,BOS,FTE,"El Calafate, Argentina",AR,2027-01-03,2,https://www.aviasales.com/search/BOS0301FTE1?marker=741311
856,693,USD,JFK,UGC,"Urgench, Uzbekistan",UZ,2026-12-05,3,https://www.aviasales.com/search/JFK0512UGC1?marker=741311
857,693,USD,ORD,AZN,"Andijan, Uzbekistan",UZ,2026-11-02,2,https://www.aviasales.com/search/ORD0211AZN1?marker=741311
858,695,USD,JFK,CSY,"Cheboksary, Russia",RU,2026-09-04,3,https://www.aviasales.com/search/JFK0409CSY1?marker=741311
859,698,USD,LAX,OMS,"Omsk, Russia",RU,2026-11-18,4,https://www.aviasales.com/search/LAX1811OMS1?marker=741311
860,704,USD,SFO,PSS,"Posadas, Argentina",AR,2027-02-01,2,https://www.aviasales.com/search/SFO0102PSS1?marker=741311
861,709,USD,ORD,DIG,"Diqing, China",CN,2026-09-30,3,https://www.aviasales.com/search/ORD3009DIG1?marker=741311
862,712,USD,JFK,MRU,"Mauritius, Mauritius",MU,2026-09-30,3,https://www.aviasales.com/search/JFK3009MRU1?marker=741311
863,713,USD,MIA,INN,"Innsbruck, Austria",AT,2026-08-17,2,https://www.aviasales.com/search/MIA1708INN1?marker=741311
864,717,USD,JFK,SGC,"Surgut, Russia",RU,2026-09-12,4,https://www.aviasales.com/search/JFK1209SGC1?marker=741311
865,722,USD,JFK,HRE,"Harare, Zimbabwe",ZW,2026-10-12,3,https://www.aviasales.com/search/JFK1210HRE1?marker=741311
866,725,USD,ORD,ASB,"Ashgabat, Turkmenistan",TM,2026-10-20,2,https://www.aviasales.com/search/ORD2010ASB1?marker=741311
867,730,USD,JFK,MPM,"Maputo, Mozambique",MZ,2026-10-12,2,https://www.aviasales.com/search/JFK1210MPM1?marker=741311
868,731,USD,MIA,TAY,"Tartu, Estonia",EE,2026-08-13,3,https://www.aviasales.com/search/MIA1308TAY1?marker=741311
869,732,USD,SEA,TBW,"Tambov, Russia",RU,2026-09-01,4,https://www.aviasales.com/search/SEA0109TBW1?marker=741311
870,733,USD,LAX,FUN,"Funafuti Atoll, Tuvalu",TV,2026-10-14,1,https://www.aviasales.com/search/LAX1410FUN1?marker=741311
871,734,USD,JFK,NDJ,"N'Djamena, Chad",TD,2026-12-30,1,https://www.aviasales.com/search/JFK3012NDJ1?marker=741311
872,736,USD,LAX,VNS,"Varanasi, India",IN,2026-10-23,3,https://www.aviasales.com/search/LAX2310VNS1?marker=741311
873,751,USD,LAS,MCP,"Macapa, Brazil",BR,2026-12-13,2,https://www.aviasales.com/search/LAS1312MCP1?marker=741311
874,764,USD,JFK,TNR,"Antananarivo, Madagascar",MG,2026-09-15,3,https://www.aviasales.com/search/JFK1509TNR1?marker=741311
875,767,USD,JFK,SUI,"Sukhumi, Abkhazia",AB,2026-10-05,4,https://www.aviasales.com/search/JFK0510SUI1?marker=741311
876,768,USD,PHL,CYA,"Les Cayes, Haiti",HT,2026-08-21,2,https://www.aviasales.com/search/PHL2108CYA1?marker=741311
877,769,USD,SEA,ASM,"Asmara, Eritrea",ER,2026-08-13,1,https://www.aviasales.com/search/SEA1308ASM1?marker=741311
878,775,USD,BOS,ADL,"Adelaide, Australia",AU,2026-08-30,2,https://www.aviasales.com/search/BOS3008ADL1?marker=741311
879,775,USD,JFK,TMJ,"Termez, Uzbekistan",UZ,2026-09-19,4,https://www.aviasales.com/search/JFK1909TMJ1?marker=741311
880,776,USD,IAD,UUD,"Ulan-Ude, Russia",RU,2026-12-01,4,https://www.aviasales.com/search/IAD0112UUD1?marker=741311
881,781,USD,MIA,CZX,"Changzhou, China",CN,2026-08-20,3,https://www.aviasales.com/search/MIA2008CZX1?marker=741311
882,786,USD,TPA,ULY,"Ulyanovsk, Russia",RU,2026-09-01,4,https://www.aviasales.com/search/TPA0109ULY1?marker=741311
883,795,USD,SFO,DRW,"Darwin, Australia",AU,2026-08-24,2,https://www.aviasales.com/search/SFO2408DRW1?marker=741311
884,799,USD,JFK,DUR,"Durban, South Africa",ZA,2026-10-14,3,https://www.aviasales.com/search/JFK1410DUR1?marker=741311
885,808,USD,JFK,MQF,"Magnitogorsk, Russia",RU,2026-10-07,3,https://www.aviasales.com/search/JFK0710MQF1?marker=741311
886,816,USD,ORD,LXA,"Lhasa, China",CN,2026-10-01,3,https://www.aviasales.com/search/ORD0110LXA1?marker=741311
887,817,USD,JFK,OXB,"Bissau, Guinea-Bissau",GW,2026-10-12,2,https://www.aviasales.com/search/JFK1210OXB1?marker=741311
888,824,USD,JFK,LFW,"Lome, Togo",TG,2026-09-09,1,https://www.aviasales.com/search/JFK0909LFW1?marker=741311
889,824,USD,LAX,BQS,"Blagoveschensk, Russia",RU,2026-08-16,4,https://www.aviasales.com/search/LAX1608BQS1?marker=741311
890,829,USD,JFK,NJC,"Nizhnevartovsk, Russia",RU,2026-09-11,3,https://www.aviasales.com/search/JFK1109NJC1?marker=741311
891,830,USD,JFK,KEJ,"Kemerovo, Russia",RU,2026-08-27,3,https://www.aviasales.com/search/JFK2708KEJ1?marker=741311
892,833,USD,LAX,IPC,"Easter Island, Chile",CL,2026-11-26,1,https://www.aviasales.com/search/LAX2611IPC1?marker=741311
893,836,USD,LAS,BAX,"Barnaul, Russia",RU,2026-09-25,4,https://www.aviasales.com/search/LAS2509BAX1?marker=741311
894,837,USD,LAX,CEE,"Cherepovets, Russia",RU,2026-09-23,4,https://www.aviasales.com/search/LAX2309CEE1?marker=741311
895,841,USD,LAX,RGK,"Gorno-Altaysk, Russia",RU,2026-11-01,3,https://www.aviasales.com/search/LAX0111RGK1?marker=741311
896,861,USD,JFK,NOZ,"Novokuznetsk, Russia",RU,2026-08-15,3,https://www.aviasales.com/search/JFK1508NOZ1?marker=741311
897,862,USD,LAX,FNJ,"Pyongyang, North Korea",KP,2026-08-15,2,https://www.aviasales.com/search/LAX1508FNJ1?marker=741311
898,865,USD,JFK,SEZ,"Mahe, Seychelles",SC,2026-08-11,3,https://www.aviasales.com/search/JFK1108SEZ1?marker=741311
899,869,USD,IAD,YKS,"Yakutsk, Russia",RU,2026-09-22,4,https://www.aviasales.com/search/IAD2209YKS1?marker=741311
900,878,USD,AUS,WLG,"Wellington, New Zealand",NZ,2026-08-15,3,https://www.aviasales.com/search/AUS1508WLG1?marker=741311
901,880,USD,SEA,BJR,"Bahir Dar, Ethiopia",ET,2026-09-08,3,https://www.aviasales.com/search/SEA0809BJR1?marker=741311
902,882,USD,IAD,GOH,"Nuuk, Greenland",GL,2026-09-07,1,https://www.aviasales.com/search/IAD0709GOH1?marker=741311
903,884,USD,SEA,PKC,"Petropavlovsk-Kamchatsky, Russia",RU,2026-09-14,4,https://www.aviasales.com/search/SEA1409PKC1?marker=741311
904,888,USD,JFK,WDH,"Windhoek, Namibia",NA,2027-02-01,3,https://www.aviasales.com/search/JFK0102WDH1?marker=741311
905,890,USD,ORD,KSQ,"Qarshi, Uzbekistan",UZ,2026-09-15,4,https://www.aviasales.com/search/ORD1509KSQ1?marker=741311
906,894,USD,LAX,REN,"Orenburg, Russia",RU,2026-09-11,4,https://www.aviasales.com/search/LAX1109REN1?marker=741311
907,897,USD,JFK,IPT,"Williamsport, United States",US,2026-08-17,4,https://www.aviasales.com/search/JFK1708IPT1?marker=741311
908,912,USD,DEN,ARK,"Arusha, Tanzania",TZ,2026-12-01,3,https://www.aviasales.com/search/DEN0112ARK1?marker=741311
909,916,USD,JFK,CBR,"Canberra, Australia",AU,2026-08-28,2,https://www.aviasales.com/search/JFK2808CBR1?marker=741311
910,923,USD,LAX,HTA,"Chita, Russia",RU,2026-08-20,4,https://www.aviasales.com/search/LAX2008HTA1?marker=741311
911,928,USD,SEA,OSW,"Orsk, Russia",RU,2026-08-11,4,https://www.aviasales.com/search/SEA1108OSW1?marker=741311
912,931,USD,JFK,NOJ,"Noyabrsk, Russia",RU,2026-08-12,3,https://www.aviasales.com/search/JFK1208NOJ1?marker=741311
913,932,USD,JFK,CUK,"Caye Caulker, Belize",BZ,2026-08-18,3,https://www.aviasales.com/search/JFK1808CUK1?marker=741311
914,946,USD,SFO,PBH,"Paro, Bhutan",BT,2026-08-13,3,https://www.aviasales.com/search/SFO1308PBH1?marker=741311
915,949,USD,JFK,GBE,"Gaborone, Botswana",BW,2026-10-12,3,https://www.aviasales.com/search/JFK1210GBE1?marker=741311
916,958,USD,LAX,ESL,"Elista, Russia",RU,2026-09-01,4,https://www.aviasales.com/search/LAX0109ESL1?marker=741311
917,965,USD,DEN,YTH,"Thompson, Canada",CA,2026-08-19,2,https://www.aviasales.com/search/DEN1908YTH1?marker=741311
918,966,USD,LAX,HMA,"Khanty-Mansiysk, Russia",RU,2026-09-01,4,https://www.aviasales.com/search/LAX0109HMA1?marker=741311
919,967,USD,DEN,LBD,"Khujand, Tajikistan",TJ,2026-08-12,4,https://www.aviasales.com/search/DEN1208LBD1?marker=741311
920,973,USD,JFK,UUS,"Yuzhno-Sakhalinsk, Russia",RU,2026-08-26,3,https://www.aviasales.com/search/JFK2608UUS1?marker=741311
921,974,USD,DFW,KQT,"Kurgon-Tyube (Bokhtar), Tajikistan",TJ,2026-08-12,4,https://www.aviasales.com/search/DFW1208KQT1?marker=741311
922,987,USD,ATL,MTS,"Manzini, Eswatini",SZ,2026-08-11,2,https://www.aviasales.com/search/ATL1108MTS1?marker=741311
923,993,USD,BNA,PLJ,"Placencia, Belize",BZ,2026-08-20,3,https://www.aviasales.com/search/BNA2008PLJ1?marker=741311
924,997,USD,SFO,CHC,"Christchurch, New Zealand",NZ,2026-08-24,2,https://www.aviasales.com/search/SFO2408CHC1?marker=741311
925,999,USD,SFO,GDX,"Magadan, Russia",RU,2026-10-01,4,https://www.aviasales.com/search/SFO0110GDX1?marker=741311
926,1027,USD,JFK,NUX,"Novy Urengoy, Russia",RU,2026-08-26,4,https://www.aviasales.com/search/JFK2608NUX1?marker=741311
927,1030,USD,JFK,SPN,"Saipan, Northern Mariana Islands",MP,2026-12-31,3,https://www.aviasales.com/search/JFK3112SPN1?marker=741311
928,1034,USD,ORD,KRO,"Kurgan, Russia",RU,2026-08-14,4,https://www.aviasales.com/search/ORD1408KRO1?marker=741311
929,1039,USD,SFO,NSN,"Nelson, New Zealand",NZ,2026-10-12,1,https://www.aviasales.com/search/SFO1210NSN1?marker=741311
930,1047,USD,SFO,GRQ,"Groningen, Netherlands",NL,2026-08-28,3,https://www.aviasales.com/search/SFO2808GRQ1?marker=741311
931,1048,USD,IAD,YAO,"Yaounde, Cameroon",CM,2026-12-21,2,https://www.aviasales.com/search/IAD2112YAO1?marker=741311
932,1059,USD,JFK,PEW,"Peshawar, Pakistan",PK,2026-12-21,1,https://www.aviasales.com/search/JFK2112PEW1?marker=741311
933,1068,USD,MIA,PEZ,"Penza, Russia",RU,2026-08-29,4,https://www.aviasales.com/search/MIA2908PEZ1?marker=741311
934,1081,USD,ORD,NVI,"Navoi, Uzbekistan",UZ,2026-08-22,4,https://www.aviasales.com/search/ORD2208NVI1?marker=741311
935,1086,USD,JFK,GVN,"Sovetskaya Gavan, Russia",RU,2026-09-30,4,https://www.aviasales.com/search/JFK3009GVN1?marker=741311
936,1088,USD,PDX,KGP,"Kogalym, Russia",RU,2026-08-25,4,https://www.aviasales.com/search/PDX2508KGP1?marker=741311
937,1091,USD,JFK,LRM,"La Romana, Dominican Republic",DO,2026-09-09,2,https://www.aviasales.com/search/JFK0909LRM1?marker=741311
938,1091,USD,JFK,KHN,"Nanchang, China",CN,2026-12-22,3,https://www.aviasales.com/search/JFK2212KHN1?marker=741311
939,1112,USD,SFO,NLK,"Norfolk Island, Norfolk Island",NF,2026-08-25,3,https://www.aviasales.com/search/SFO2508NLK1?marker=741311
940,1150,USD,JFK,TMM,"Toamasina, Madagascar",MG,2026-09-29,3,https://www.aviasales.com/search/JFK2909TMM1?marker=741311
941,1205,USD,FLL,PNR,"Pointe-Noire, Republic of the Congo",CG,2026-08-22,2,https://www.aviasales.com/search/FLL2208PNR1?marker=741311
942,1219,USD,JFK,INU,"Nauru Island, Nauru",NR,2026-08-22,2,https://www.aviasales.com/search/JFK2208INU1?marker=741311
943,1353,USD,JFK,ABA,"Abakan, Russia",RU,2026-08-19,2,https://www.aviasales.com/search/JFK1908ABA1?marker=741311
944,1413,USD,JFK,HLE,"Jamestown (Saint Helena), Saint Helena, Ascension and Tristan da Cunha",SH,2026-11-12,2,https://www.aviasales.com/search/JFK1211HLE1?marker=741311
945,1477,USD,IAD,DEE,"Yuzhno-Kurilsk, Russia",RU,2026-08-15,4,https://www.aviasales.com/search/IAD1508DEE1?marker=741311
946,1648,USD,JFK,ADE,"Aden, Yemen",YE,2026-08-24,3,https://www.aviasales.com/search/JFK2408ADE1?marker=741311
947,1676,USD,MIA,MAJ,"Majuro, Marshall Islands",MH,2026-08-25,2,https://www.aviasales.com/search/MIA2508MAJ1?marker=741311
948,1798,USD,SFO,BQT,"Brest, Belarus",BY,2026-10-06,2,https://www.aviasales.com/search/SFO0610BQT1?marker=741311
949,2253,USD,LAX,GNJ,"Ganja, Azerbaijan",AZ,2026-08-15,2,https://www.aviasales.com/search/LAX1508GNJ1?marker=741311
950,3498,USD,RDU,IJK,"Izhevsk, Russia",RU,2026-08-11,4,https://www.aviasales.com/search/RDU1108IJK1?marker=741311
