rank,price,currency,origin,destination_code,destination_name,country_code,depart,stops,booking_link
1,18,USD,LAX,LAS,"Las Vegas, United States",US,2026-09-15,0,https://www.aviasales.com/search/LAX1509LAS1?t=F917894718001789476780000083LAXLAS_c31661af4a81716049b61fe7078fed22_1493&search_date=25082026&expected_price_uuid=01a038e4-4c64-8030-651b-4a5d8e4c0826&static_fare_key=TY%7CP1%7CH0%7CL0%7CCH1_0%7CR0%7CTBC0&itinerary_key=gnmpLRmImIIW-s_F0XkUqg&expected_price_source=share&expected_price_currency=usd&expected_price=18&marker=741311
2,19,USD,LAS,LAX,"Los Angeles, United States",US,2026-09-15,0,https://www.aviasales.com/search/LAS1509LAX1?t=F917894841001789489380000088LASLAX_0dab7dc67d7e0113385d37fe271a6315_1592&search_date=25082026&expected_price_uuid=01a036c5-1496-8040-2d69-75413510f011&static_fare_key=TY%7CP0%7CH0%7CL0%7CCH0%7CR0%7CTBC0&itinerary_key=agLnJ0nH7KKrqEnaVXlWRw&expected_price_source=share&expected_price_currency=usd&expected_price=19&marker=741311
3,19,USD,LAX,SFO,"San Francisco, United States",US,2026-10-10,0,https://www.aviasales.com/search/LAX1010SFO1?t=F917916589801791664680000095LAXSFO_706b70ed3bce6f5bd02420144ee14973_1570&search_date=21082026&expected_price_uuid=01a02695-193e-8040-2312-4459a10ea953&static_fare_key=TY%7CP0%7CH0%7CL0%7CCH0%7CR0%7CTBC0&itinerary_key=Z6dH9Xz4PLMQj5ARzG9QYw&expected_price_source=share&expected_price_currency=usd&expected_price=19&marker=741311
4,23,USD,MCO,BNA,"Nashville, United States",US,2026-09-24,0,https://www.aviasales.com/search/MCO2409BNA1?t=F917902356001790239680000128MCOBNA_1038ca9a94674a904b842d8ea2072053_1932&search_date=20082026&expected_price_uuid=01a01c7d-e911-8040-ae5d-ad32032ad2c6&static_fare_key=TY%7CP0%7CH0%7CL0%7CCH0%7CR0%7CTBC0&itinerary_key=z_LuE-tE43URmUargs0Y3A&origin_airports=0&expected_price_source=share&expected_price_currency=usd&expected_price=23&marker=741311
5,23,USD,LAS,SAN,"San Diego, United States",US,2026-10-01,0,https://www.aviasales.com/search/LAS0110SAN1?t=F917908809601790885820000081LASSAN_f721e8841a0cbc568e7451b939a81a73_1915&search_date=21082026&expected_price_uuid=01a022ce-b0a5-8050-2165-228e8c61435e&static_fare_key=TY%7CP1%7CH0%7CL0%7CCH0%7CR0%7CTBC0&itinerary_key=EP-u7E4upuQLzsrGeiKg1A&expected_price_source=share&expected_price_currency=usd&expected_price=23&marker=741311
6,24,USD,DFW,MSY,"New Orleans, United States",US,2026-10-27,0,https://www.aviasales.com/search/DFW2710MSY1?t=F917931150001793120880000098DFWMSY_861702cca06f8b2606de498b2e7ad76d_1970&search_date=23082026&expected_price_uuid=01a0309b-2d5d-8051-2c2d-f0cae06cea6c&static_fare_key=TY%7CP1%7CH0%7CL0%7CCH0%7CR0%7CTBC0&itinerary_key=op6FlxkD8zqgSmPMeGjzlA&expected_price_source=share&expected_price_currency=usd&expected_price=24&marker=741311
7,24,USD,ATL,CVG,"Cincinnati, United States",US,2026-09-16,0,https://www.aviasales.com/search/ATL1609CVG1?t=F917895532201789558680000091ATLCVG_a51bbc9dfefe0d6eb940f3eadbe6e9fc_1984&search_date=21082026&expected_price_uuid=01a0252e-c990-8040-a2b7-cc41a25fcb61&static_fare_key=TY%7CP0%7CH0%7CL0%7CCH0%7CR0%7CTBC0&itinerary_key=g5DJ-JrQMBQHtAdv4VY5Gw&expected_price_source=share&expected_price_currency=usd&expected_price=24&marker=741311
9,24,USD,ATL,JAX,"Jacksonville, United States",US,2026-10-08,0,https://www.aviasales.com/search/ATL0810JAX1?t=F917914759801791480300000072ATLJAX_1f4003f84dd5254e03fe8ed58171fc5b_2038&search_date=19082026&expected_price_uuid=01a0179d-4b25-8040-218e-2dd443d8a038&static_fare_key=TY%7CP0%7CH0%7CL0%7CCH0%7CR0%7CTBC0&itinerary_key=c9hpmmPw8LInr2F1xYzhGg&expected_price_source=share&expected_price_currency=usd&expected_price=24&marker=741311
10,24,USD,LAX,SJC,"San Jose, United States",US,2026-10-01,0,https://www.aviasales.com/search/LAX0110SJC1?t=F917908798201790884380000076LAXSJC_000e9d66e73c10743e3899373c77f869_2023&search_date=19082026&expected_price_uuid=01a01a89-3aa2-8030-2622-30495b66a500&static_fare_key=TY%7CP0%7CH0%7CL0%7CCH0%7CR0%7CTBC0&itinerary_key=38nlBzlRSuILzvOkTrecpw&expected_price_source=share&expected_price_currency=usd&expected_price=24&marker=741311
11,25,USD,ATL,ORL,"Orlando, United States",US,2026-09-24,0,https://www.aviasales.com/search/ATL2409ORL1?t=F917902638001790269740000099ATLMCO_3c1f16394564a175d20f3b895d187f82_2091&search_date=24082026&expected_price_uuid=01a0362f-b9d0-8040-6c77-4b676017fca5&static_fare_key=TY%7CP1%7CH0%7CL0%7CCH1%7CR0%7CTBC0&itinerary_key=0Ca8HZ13E9iNhm0eySrAPg&expected_price_source=share&expected_price_currency=usd&expected_price=25&marker=741311
12,28,USD,LAX,PHX,"Phoenix, United States",US,2026-09-17,0,https://www.aviasales.com/search/LAX1709PHX1?t=F917896374001789642440000084SNAPHX_d90f4eb616e7244215cba49beab66c43_2346&search_date=24082026&expected_price_uuid=01a034ff-1e9e-8051-25b6-3024cce50e55&static_fare_key=TY%7CP1%7CH0%7CL0%7CCH0%7CR0%7CTBC0&itinerary_key=5-KMwgrC41UGStjvOVpqjA&expected_price_source=share&expected_price_currency=usd&expected_price=28&marker=741311
13,29,USD,DFW,ATL,"Atlanta, United States",US,2026-10-04,0,https://www.aviasales.com/search/DFW0410ATL1?t=F917911432801791155280000140DFWATL_dd33f000e68351e39cc2b190782ea6b4_2398&search_date=23082026&expected_price_uuid=01a02eba-f6c0-8040-698a-c3275e6481a1&static_fare_key=TY%7CP0%7CH0%7CL0%7CCH0%7CR0%7CTBC0&itinerary_key=VvkqITb9D0dPiHu-8RvxfQ&expected_price_source=share&expected_price_currency=usd&expected_price=29&marker=741311
14,31,USD,LAX,DEN,"Denver, United States",US,2026-09-29,0,https://www.aviasales.com/search/LAX2909DEN1?t=F917906619001790674320000147LAXDEN_a19ee907e98472fcf303843556577da1_2609&search_date=25082026&expected_price_uuid=01a03646-1be4-8040-227b-e5281599e4c8&static_fare_key=TY%7CP1%7CH0%7CL0%7CCH0%7CR0%7CTBC0&itinerary_key=3emxCGRskUnBEcYAL8Yh4g&expected_price_source=share&expected_price_currency=usd&expected_price=31&marker=741311
15,31,USD,MCO,RIC,"Richmond, United States",US,2026-09-03,0,https://www.aviasales.com/search/MCO0309RIC1?t=F917884260001788433560000126MCORIC_ebf16722fcd040ca980f6b50213b17f6_2575&search_date=24082026&expected_price_uuid=01a031fc-e2f4-8030-ad06-3cc9200c3e51&static_fare_key=TY%7CP0%7CH0%7CL0%7CCH0%7CR0%7CTBC0&itinerary_key=RxoI3oNbFMZH1CRGUlbFlw&origin_airports=0&expected_price_source=share&expected_price_currency=usd&expected_price=31&marker=741311
17,33,USD,BNA,CHI,"Chicago, United States",US,2026-09-03,0,https://www.aviasales.com/search/BNA0309CHI1?t=G417884424401788447780000089BNARFD_beb5d6a07d6708bf525cfb19eb0934ac_2767&search_date=24082026&expected_price_uuid=01a035e2-c267-8030-ea6c-b05d6e2e86c7&static_fare_key=TY%7CP0%7CH0%7CL0%7CCH0%7CR0%7CTBC0&itinerary_key=57hDqFc-Tj2Uxy2YhTExxg&expected_price_source=share&expected_price_currency=usd&expected_price=33&marker=741311
18,35,USD,DTW,DFW,"Dallas, United States",US,2026-09-29,0,https://www.aviasales.com/search/DTW2909DFW1?t=F917906782201790685480000181DTWDFW_52fb0b445a2856ad8df11e2d334631bf_2972&search_date=19082026&expected_price_uuid=01a01766-ff05-8040-28ff-c4d02beb8422&static_fare_key=TY%7CP0%7CH0%7CL0%7CCH0%7CR0%7CTBC0&itinerary_key=mvp9Mb8dMV47rRirYa4Pwg&origin_airports=0&expected_price_source=share&expected_price_currency=usd&expected_price=35&marker=741311
19,35,USD,DEN,SLC,"Salt Lake City, United States",US,2026-10-15,0,https://www.aviasales.com/search/DEN1510SLC1?t=F917920552201792061100000098DENSLC_8ad0307243ca0e8ebc237835e8c856c6_2894&search_date=23082026&expected_price_uuid=01a02f76-8503-8040-65a8-a286f664a61e&static_fare_key=TY%7CP0%7CH0%7CL0%7CCH0%7CR0%7CTBC0&itinerary_key=xgVdLq0U-8y2rdClugqWKQ&expected_price_source=share&expected_price_currency=usd&expected_price=35&marker=741311
20,37,USD,FLL,CLE,"Cleveland, United States",US,2026-08-26,0,https://www.aviasales.com/search/FLL2608CLE1?t=F917877759001787786940000184FLLCLE_3fbf16648571bde2127a514ec095bf18_3060&search_date=22082026&expected_price_uuid=01a02bc7-d911-8040-6d25-71b887c4436c&static_fare_key=TY%7CP0%7CH0%7CL0%7CCH0%7CR0%7CTBC0&itinerary_key=tNeJwcsWnjjw2_R6fo03eQ&expected_price_source=share&expected_price_currency=usd&expected_price=37&marker=741311
21,37,USD,FLL,HOU,"Houston, United States",US,2026-09-15,0,https://www.aviasales.com/search/FLL1509HOU1?t=F917894786401789485420000173FLLIAH_9e82088a2ab814d2a1de245b33bf7693_3060&search_date=23082026&expected_price_uuid=01a02d48-8eaf-8040-27fb-b17788fcf3b3&static_fare_key=TY%7CP0%7CH0%7CL0%7CCH0%7CR0%7CTBC0&itinerary_key=JuTmF_FDYcS2DgHoGo8auA&expected_price_source=share&expected_price_currency=usd&expected_price=37&marker=741311
22,36,USD,FLL,SWF,"Newburgh, United States",US,2026-10-01,0,https://www.aviasales.com/search/FLL0110SWF1?t=G417908362001790847480000188FLLSWF_22e9d14ef87dd9dc7e0c986d035c4c3b_3016&search_date=21082026&expected_price_uuid=01a023f9-d986-8030-6d96-0794489cda9a&static_fare_key=TY%7CP1%7CH0%7CL0%7CCH1%7CR1%7CTBC0&itinerary_key=xDsCjsoTUZPI-uhcfnDsAg&expected_price_source=share&expected_price_currency=usd&expected_price=36&marker=741311
23,39,USD,PHL,FLL,"Fort Lauderdale, United States",US,2026-09-27,0,https://www.aviasales.com/search/PHL2709FLL1?t=G417905111801790521800000177TTNFLL_163d8fa585aeb6ddabae73eb30bcb656_3230&search_date=21082026&expected_price_uuid=01a021de-0a8f-8040-afe1-e67ac16ed6c8&static_fare_key=TY%7CP0%7CH0%7CL0%7CCH0%7CR0%7CTBC0&itinerary_key=7YhQ3gPdcgxSnaJHWAmZtQ&expected_price_source=share&expected_price_currency=usd&expected_price=39&marker=741311
24,40,USD,FLL,CMH,"Columbus, United States",US,2026-11-20,0,https://www.aviasales.com/search/FLL2011CMH1?t=G417951550001795164420000157FLLLCK_a95987408ffdacf49250fc3fc323867e_3330&search_date=24082026&expected_price_uuid=01a033d7-91e0-8040-6592-9f184f57b148&static_fare_key=TY%7CP0%7CH0%7CL0%7CCH0%7CR0%7CTBC0&itinerary_key=ejBTmbFH1oh2qTKSR4JbwA&expected_price_source=share&expected_price_currency=usd&expected_price=40&marker=741311
25,41,USD,DTW,TPA,"Tampa, United States",US,2026-09-19,0,https://www.aviasales.com/search/DTW1909TPA1?t=F917898145201789824180000161DTWTPA_88b5da0d8d38f6a530cc3cbd87349364_3391&search_date=21082026&expected_price_uuid=01a025e9-83c3-8040-a451-32b80a5716bf&static_fare_key=TY%7CP0%7CH0%7CL0%7CCH0%7CR0%7CTBC0&itinerary_key=Hckvov8UYpPK68CwNUxQ2w&origin_airports=0&expected_price_source=share&expected_price_currency=usd&expected_price=41&marker=741311
26,41,USD,ATL,MIA,"Miami, United States",US,2026-09-16,0,https://www.aviasales.com/search/ATL1609MIA1?t=F917895477001789554600000115ATLMIA_134d471d643edb78696db5e28fcbcf51_3431&search_date=24082026&expected_price_uuid=01a03559-2a30-8040-2678-9444f4f0d0a1&static_fare_key=TY%7CP1%7CH0%7CL0%7CCH1_0%7CR0%7CTBC0&itinerary_key=DBRQaWuYkIUCGNmWeoChQw&expected_price_source=share&expected_price_currency=usd&expected_price=41&marker=741311
27,42,USD,TPA,EYW,"Key West, United States",US,2026-09-02,0,https://www.aviasales.com/search/TPA0209EYW1?t=MX17883424801788347160000078TPAEYW_bd9e0eeab7817aef333d5dfccdeb5487_3473&search_date=23082026&expected_price_uuid=01a02d22-eb7e-8030-60fc-c1a01f22ba8c&static_fare_key=TY%7CP0%7CH0%7CL0%7CCH0%7CR0%7CTBC0&itinerary_key=dId9-WfrKqFIJNUlrK1_zw&expected_price_source=share&expected_price_currency=usd&expected_price=42&marker=741311
28,44,USD,MCO,CHS,"Charleston, United States",US,2026-09-02,0,https://www.aviasales.com/search/MCO0209CHS1?t=MX17883348001788340080000088MCOCHS_7ef04b53babc130831e4e8bfd9574c6d_3642&search_date=23082026&expected_price_uuid=01a03085-72e4-8030-69c9-ea25c5fc5677&static_fare_key=TY%7CP0%7CH0%7CL0%7CCH0%7CR0%7CTBC0&itinerary_key=ZXo5F1_EAzpQlOKEtM6wgw&origin_airports=0&expected_price_source=share&expected_price_currency=usd&expected_price=44&marker=741311
29,47,USD,DEN,AUS,"Austin, United States",US,2026-10-10,0,https://www.aviasales.com/search/DEN1010AUS1?t=F917916487801791660360000133DENAUS_74af819bcb24f27ae189dafa1e0de5a5_3912&search_date=20082026&expected_price_uuid=01a01f4e-f6c4-8040-6fc4-788749dc617c&static_fare_key=TY%7CP0%7CH0%7CL0%7CCH0%7CR0%7CTBC0&itinerary_key=t6BEPGy50gJDkL-SmlJ5PQ&expected_price_source=share&expected_price_currency=usd&expected_price=47&marker=741311
30,48,USD,MCO,PNS,"Pensacola, United States",US,2026-09-24,0,https://www.aviasales.com/search/MCO2409PNS1?t=F917902536001790255640000094MCOPNS_3d6e09fae635499ff41c031eb021a418_4025&search_date=24082026&expected_price_uuid=01a034a0-f47b-8040-ab84-3c3dd11d15a1&static_fare_key=TY%7CP0%7CH0%7CL0%7CCH0%7CR0%7CTBC0&itinerary_key=R30X6Sab0MtbRQjIEN5DTw&origin_airports=0&expected_price_source=share&expected_price_currency=usd&expected_price=48&marker=741311
31,50,USD,MCO,PHL,"Philadelphia, United States",US,2026-10-23,0,https://www.aviasales.com/search/MCO2310PHL1?t=F917927724001792781640000154MCOTTN_6eaa45d28a15ee4d06887725563e00e3_4136&search_date=21082026&expected_price_uuid=01a025ea-12db-8040-abfa-2e9f5e9041bf&static_fare_key=TY%7CP0%7CH0%7CL0%7CCH0%7CR0%7CTBC0&itinerary_key=pz_rlX64fmFQgm74yZcQkA&origin_airports=0&expected_price_source=share&expected_price_currency=usd&expected_price=50&marker=741311
33,51,USD,MIA,SJU,"San Juan, Puerto Rico",PR,2026-08-30,0,https://www.aviasales.com/search/MIA3008SJU1?t=F917881264801788136980000175MIASJU_3d754cf42d6fea64fb14df17e0e900ca_4285&search_date=24082026&expected_price_uuid=01a0341e-2062-8040-a836-cf1859629721&static_fare_key=TY%7CP0%7CH0%7CL0%7CCH1%7CR0%7CTBC0&itinerary_key=ZApFtLAsQ4IV-fnnsbpiuQ&expected_price_source=share&expected_price_currency=usd&expected_price=51&marker=741311
34,53,USD,MIA,RDU,"Raleigh, United States",US,2026-10-17,0,https://www.aviasales.com/search/MIA1710RDU1?t=F917922531001792260780000128MIARDU_84cc1ec4f24346c18ca40c9cacc5b97b_4474&search_date=18082026&expected_price_uuid=01a016bd-38c5-8030-e0ed-0c33938d8efa&static_fare_key=TY%7CP1%7CH0%7CL0%7CCH0%7CR0%7CTBC0&itinerary_key=9Se_2o-C2-j7TOPu-y5EEA&expected_price_source=share&expected_price_currency=usd&expected_price=53&marker=741311
35,52,USD,DCA,BOS,"Boston, United States",US,2026-11-10,0,https://www.aviasales.com/search/DCA1011BOS1?t=B617943126001794318000000090DCABOS_00679f5d7035612ee7875ef5829c8ce9_4369&search_date=20082026&expected_price_uuid=01a01cdb-3c9c-8040-a010-a666ba0e5bee&static_fare_key=TY%7CP0%7CH1%7CL0%7CCH0%7CR0%7CTBC0&itinerary_key=zyWWWtdT8sbzPMpekon33Q&origin_airports=0&expected_price_source=share&expected_price_currency=usd&expected_price=52&marker=741311
36,52,USD,MCO,AVL,"Asheville, United States",US,2026-08-31,0,https://www.aviasales.com/search/MCO3108AVL1?t=G417881741201788180600000108MCOAVL_81a070fb1b5a7dbeaf453e56323f8c1a_4301&search_date=21082026&expected_price_uuid=01a025ba-2a4a-8030-6ce2-3485391be75d&static_fare_key=TY%7CP0%7CH0%7CL0%7CCH0%7CR0%7CTBC0&itinerary_key=kl2qzcKKp1J5OLLLaS29UA&origin_airports=0&expected_price_source=share&expected_price_currency=usd&expected_price=52&marker=741311
37,47,USD,LAS,MRY,"Monterey, United States",US,2026-10-09,0,https://www.aviasales.com/search/LAS0910MRY1?t=G417915535601791559200000094LASMRY_16861f459e36b76a1807b6a67c3326ea_3991&search_date=19082026&expected_price_uuid=01a017f4-391d-8030-a872-5a4017f0351a&static_fare_key=TY%7CP0%7CH0%7CL0%7CCH0%7CR0%7CTBC0&itinerary_key=I3cyfsAzg8GXg9mZkSMLog&expected_price_source=share&expected_price_currency=usd&expected_price=47&marker=741311
38,55,USD,MCO,CLT,"Charlotte, United States",US,2026-09-14,0,https://www.aviasales.com/search/MCO1409CLT1?t=F917893680001789374900000115MCOCLT_8b6700946783ed8f0945e7513a5ca57f_4542&search_date=23082026&expected_price_uuid=01a03056-1124-8040-a925-756ad452388f&static_fare_key=TY%7CP0%7CH0%7CL0%7CCH0%7CR0%7CTBC0&itinerary_key=u8-s-HnxY-apUprTAjVcow&origin_airports=0&expected_price_source=share&expected_price_currency=usd&expected_price=55&marker=741311
39,56,USD,SAN,SAC,"Sacramento, United States",US,2026-09-24,0,https://www.aviasales.com/search/SAN2409SAC1?t=AS17902866601790293200000109SANSMF_4241f7a9b28347fff6050ee99f4294dd_4733&search_date=19082026&expected_price_uuid=01a01aaf-7c48-8040-6717-c9226ee67815&static_fare_key=TY%7CP0%7CH1%7CL0%7CCH0%7CR0%7CTBC0&itinerary_key=q_js_Re23MUJqzDFdvzOlQ&expected_price_source=share&expected_price_currency=usd&expected_price=56&marker=741311
40,56,USD,ORD,STL,"St Louis, United States",US,2026-10-31,0,https://www.aviasales.com/search/ORD3110STL1?t=UA17934606001793465940000089ORDSTL_fa4c6875bfee686f79dbce4e199ab9fb_4671&search_date=24082026&expected_price_uuid=01a03432-5b1b-8030-2969-b3b73064be3b&static_fare_key=TY%7CP1%7CH0%7CL0%7CCH0%7CR0%7CTBC0&itinerary_key=FaubomCXdbSYxPuh-h5Eig&origin_airports=0&expected_price_source=share&expected_price_currency=usd&expected_price=56&marker=741311
42,56,USD,SFO,PDX,"Portland, United States",US,2026-10-24,0,https://www.aviasales.com/search/SFO2410PDX1?t=AS17928421201792848720000110SFOPDX_fc6c5df267ac19a910d24ee0b97f70c1_4694&search_date=19082026&expected_price_uuid=01a01b4a-7e0b-8030-e398-ed459a058d21&static_fare_key=TY%7CP1%7CH1%7CL0%7CCH0%7CR0%7CTBC0&itinerary_key=bBAOviC64ZvqyPnIUsaTyA&expected_price_source=share&expected_price_currency=usd&expected_price=56&marker=741311
43,58,USD,ATL,IND,"Indianapolis, United States",US,2026-09-09,0,https://www.aviasales.com/search/ATL0909IND1?t=F917889741001788979980000098ATLIND_cef18d8454b925b519fb8e292c4dab2d_4845&search_date=25082026&expected_price_uuid=01a039af-db21-8030-2e20-11800515795b&static_fare_key=TY%7CP0%7CH0%7CL0%7CCH0%7CR0%7CTBC0&itinerary_key=QsZQG62RXsNjjzKmYBj_gg&expected_price_source=share&expected_price_currency=usd&expected_price=58&marker=741311
44,58,USD,MCO,NYC,"New York, United States",US,2026-10-14,0,https://www.aviasales.com/search/MCO1410NYC1?t=F917920161001792026120000167MCOEWR_03f55edba166b7aae3a4a43c5f755a61_4855&search_date=24082026&expected_price_uuid=01a033bc-186b-8050-66e5-8db3059d650a&static_fare_key=TY%7CP1%7CH0%7CL0%7CCH0%7CR0%7CTBC0&itinerary_key=QEGvMxMaR4flNfzT4zAiTw&origin_airports=0&expected_price_source=share&expected_price_currency=usd&expected_price=58&marker=741311
45,59,USD,DFW,MSP,"Minneapolis, United States",US,2026-09-15,0,https://www.aviasales.com/search/DFW1509MSP1?t=F917894862001789495260000151DFWMSP_8c07c7584f223f457e7c94f13f85eead_4842&search_date=22082026&expected_price_uuid=01a02a79-71f7-8030-6618-08cac93b5bd1&static_fare_key=TY%7CP0%7CH0%7CL0%7CCH1%7CR0%7CTBC0&itinerary_key=SWjtN4ljjLj7nf4igwR6Cw&expected_price_source=share&expected_price_currency=usd&expected_price=59&marker=741311
46,60,USD,LAX,YVR,"Vancouver, Canada",CA,2026-10-10,2,https://www.aviasales.com/search/LAX1010YVR1?t=WS17916174001791653400000600LAXYYCYEGYVR_135209ff7b0a305ce88bcb5ea85d9dda_4922&search_date=22082026&expected_price_uuid=01a02b87-3886-8040-6627-7326c369915e&static_fare_key=TY%7CP0%7CH0%7CL0%7CCH0%7CR0%7CTBC0&itinerary_key=NCkfrZQGlwMSGSVOuGeryA&expected_price_source=share&expected_price_currency=usd&expected_price=60&marker=741311
47,60,USD,MCO,GSP,"Greenville, United States",US,2026-09-24,0,https://www.aviasales.com/search/MCO2409GSP1?t=MX17902806001790286600000100MCOGSP_9eb9ae815709f491faf9afbb4c6a6fb2_4929&search_date=23082026&expected_price_uuid=01a03100-4868-8030-e95b-229868eb6f9d&static_fare_key=TY%7CP0%7CH0%7CL0%7CCH0%7CR0%7CTBC0&itinerary_key=-Rwql6_MFmn-fpZh7ADXog&origin_airports=0&expected_price_source=share&expected_price_currency=usd&expected_price=60&marker=741311
48,60,USD,BNA,FSD,"Sioux Falls, United States",US,2026-08-31,0,https://www.aviasales.com/search/BNA3108FSD1?t=G417881668001788174480000128BNAFSD_90822cd1c12ee08918da6e4917702c4a_4968&search_date=21082026&expected_price_uuid=01a023fc-5742-8040-270c-267e7448667a&static_fare_key=TY%7CP0%7CH0%7CL0%7CCH0%7CR0%7CTBC0&itinerary_key=bVE29LlNW-iQEfgpJz_lpw&expected_price_source=share&expected_price_currency=usd&expected_price=60&marker=741311
49,62,USD,LAX,MCE,"Merced, United States",US,2026-09-03,0,https://www.aviasales.com/search/LAX0309MCE1?t=LF17884365001788442500000100LAXMCE_dd820e1e7086ebfa204834cc21ecf8b0_5189&search_date=24082026&expected_price_uuid=01a033dc-1172-8030-eb1b-1f50290847c2&static_fare_key=TY%7CP0%7CH1%7CL0%7CCH0%7CR0%7CTBC0&itinerary_key=JFcuGY4c9YJWCdhUDh3IeA&expected_price_source=share&expected_price_currency=usd&expected_price=62&marker=741311
50,63,USD,DFW,LIT,"Little Rock, United States",US,2026-09-10,0,https://www.aviasales.com/search/DFW1009LIT1?t=WN17890308001789035300000075DALLIT_ad95f0559f9ed442cb80b2e26c6347b0_5334&search_date=19082026&expected_price_uuid=01a017da-5b95-8030-ec93-00df6ee5c1ec&static_fare_key=TY%7CP1%7CH1%7CL0%7CCH0%7CR0%7CTBC0&itinerary_key=peGHTO5dDev8_vTM099-9w&expected_price_source=share&expected_price_currency=usd&expected_price=63&marker=741311
52,65,USD,DEN,MKC,"Kansas City, United States",US,2026-09-29,0,https://www.aviasales.com/search/DEN2909MKC1?t=F917907009601790710620000101DENMCI_a36e9bffcda096b59e51bb08695ee32b_5417&search_date=20082026&expected_price_uuid=01a02062-42ca-8051-289e-0473aa8a40e9&static_fare_key=TY%7CP1%7CH0%7CL0%7CCH0%7CR0%7CTBC0&itinerary_key=bP-m51G5v91FBiMfn6D5pg&expected_price_source=share&expected_price_currency=usd&expected_price=65&marker=741311
53,68,USD,MCO,GSO,"Greensboro, United States",US,2027-02-05,0,https://www.aviasales.com/search/MCO0502GSO1?t=MX18018226801801829280000110MCOGSO_9ee1a2075405f9ded1d1444c6ef99af0_5662&search_date=20082026&expected_price_uuid=01a01fdc-841c-8040-2e0d-6e9565d52241&static_fare_key=TY%7CP0%7CH0%7CL0%7CCH0%7CR0%7CTBC0&itinerary_key=uQs1DLC7YCVkV9ZnXTeRIA&origin_airports=0&expected_price_source=share&expected_price_currency=usd&expected_price=68&marker=741311
54,106,USD,LAS,RNO,"Reno, United States",US,2026-09-10,0,https://www.aviasales.com/search/LAS1009RNO1?t=F917890224001789027680000088LASRNO_bfb2057304b837ab28738ca53943ef98_8774&search_date=24082026&expected_price_uuid=01a03128-7e7a-8030-ed6d-6717ac804198&static_fare_key=TY%7CP0%7CH0%7CL0%7CCH0%7CR0%7CTBC0&itinerary_key=XJ2-wVA85_zAmxLH0tg1oQ&expected_price_source=share&expected_price_currency=usd&expected_price=106&marker=741311
55,69,USD,FLL,YTO,"Toronto, Canada",CA,2026-10-24,0,https://www.aviasales.com/search/FLL2410YTO1?t=F817928390001792850700000195FLLYYZ_8b5f49b6a8c86abd5a9f5160ff51ee4c_5740&search_date=23082026&expected_price_uuid=01a02c0d-cebe-8040-2596-8ac9f030c8c4&static_fare_key=TY%7CP0%7CH1%7CL0%7CCH0%7CR0%7CTBC0&itinerary_key=t5tzjk3MLgoRotgwOhh2Rw&expected_price_source=share&expected_price_currency=usd&expected_price=69&marker=741311
56,69,USD,BNA,HAR,"Harrisburg, United States",US,2026-09-03,0,https://www.aviasales.com/search/BNA0309HAR1?t=G417884371001788446880000103BNAMDT_49ead8c5cf1e73fa2c43f971532ff4e9_5731&search_date=24082026&expected_price_uuid=01a031d9-23bc-8030-a788-977a50f3c07f&static_fare_key=TY%7CP0%7CH0%7CL0%7CCH0%7CR0%7CTBC0&itinerary_key=gKikx6sC3ARA938SEnNb8w&expected_price_source=share&expected_price_currency=usd&expected_price=69&marker=741311
58,73,USD,LAX,SEA,"Seattle, United States",US,2026-10-01,0,https://www.aviasales.com/search/LAX0110SEA1?t=F917908689001790879760000181LAXSEA_901e7d0014debcf94b16518e37cdfb31_6043&search_date=20082026&expected_price_uuid=01a020b6-5812-8030-e690-5b8b92028a12&static_fare_key=TY%7CP0%7CH0%7CL0%7CCH0%7CR0%7CTBC0&itinerary_key=L__X7zcBdsENCGdYv3ItkA&expected_price_source=share&expected_price_currency=usd&expected_price=73&marker=741311
59,73,USD,LAS,TUL,"Tulsa, United States",US,2026-08-31,0,https://www.aviasales.com/search/LAS3108TUL1?t=G417881629001788180000000165LASTUL_7bd7ec6e889638d2e47de62b9f1b6edd_6036&search_date=21082026&expected_price_uuid=01a026b6-9560-8030-eb7c-348ab372800a&static_fare_key=TY%7CP0%7CH0%7CL0%7CCH0%7CR0%7CTBC0&itinerary_key=9kR0ItltTif08N09oGoSYg&expected_price_source=share&expected_price_currency=usd&expected_price=73&marker=741311
60,74,USD,ORD,PIT,"Pittsburgh, United States",US,2026-10-12,0,https://www.aviasales.com/search/ORD1210PIT1?t=AA17918388001791848580000103ORDPIT_577feb246e0b8746c00ae0f1c2d0d1b3_6220&search_date=20082026&expected_price_uuid=01a01cca-3d37-8030-2e74-72f5cbb13eb7&static_fare_key=TY%7CP1%7CH0%7CL0%7CCH0%7CR0%7CTBC0&itinerary_key=1SXZ-EoKG0KroeZ_-5O0AQ&origin_airports=0&expected_price_source=share&expected_price_currency=usd&expected_price=74&marker=741311
61,74,USD,BOS,LEB,"Lebanon, United States",US,2026-09-03,0,https://www.aviasales.com/search/BOS0309LEB1?t=9K17884258201788429720000065BOSLEB_48ca9f6f685c3b619d326cb820e08306_6103&search_date=24082026&expected_price_uuid=01a0314e-13c0-8030-2235-4899d930ada3&static_fare_key=TY%7CP0%7CH1%7CL0%7CCH0%7CR0%7CTBC0&itinerary_key=wgI39c9YqfI3B7b8OA9-tw&expected_price_source=share&expected_price_currency=usd&expected_price=74&marker=741311
62,75,USD,ATL,DTT,"Detroit, United States",US,2026-09-17,1,https://www.aviasales.com/search/ATL1709DTT1?t=F917896434001789732500001485ATLRDUDTW_71d5f6bc51462246469ab8d155a5fa5f_6254&search_date=20082026&expected_price_uuid=01a01f17-c5f8-8030-24bc-d6bd7d80b10b&static_fare_key=TY%7CP0%7CH0%7CL0%7CCH0%7CR0%7CTBC0&itinerary_key=hp5xhfb6yIiBOIv7ukWxew&expected_price_source=share&expected_price_currency=usd&expected_price=75&marker=741311
63,75,USD,FLL,DSM,"Des Moines, United States",US,2027-01-28,0,https://www.aviasales.com/search/FLL2801DSM1?t=G418011634001801172700000215FLLDSM_46e7ceb600a9f998f484f8731293c372_6244&search_date=20082026&expected_price_uuid=01a01fc5-ebc4-8030-696b-b3d9807732d5&static_fare_key=TY%7CP0%7CH0%7CL0%7CCH0%7CR0%7CTBC0&itinerary_key=96wcGg1HHjy72mAfVOwl4A&expected_price_source=share&expected_price_currency=usd&expected_price=75&marker=741311
64,77,USD,LAS,IDA,"Idaho Falls, United States",US,2026-09-04,0,https://www.aviasales.com/search/LAS0409IDA1?t=G417885019001788512040000109LASIDA_4d06671859edc0a85032af1c5598c391_6457&search_date=25082026&expected_price_uuid=01a0370a-72b2-8030-2171-ddcfbaa1c109&static_fare_key=TY%7CP0%7CH0%7CL0%7CCH0%7CR0%7CTBC0&itinerary_key=5BzlWUd3kiiIkrDzcw77hQ&expected_price_source=share&expected_price_currency=usd&expected_price=77&marker=741311
65,78,USD,MCO,MYR,"Myrtle Beach, United States",US,2026-08-29,0,https://www.aviasales.com/search/MCO2908MYR1?t=MX17879886001787994300000095MCOMYR_c0096f9f41f6099d034db61c9a332fe9_6623&search_date=19082026&expected_price_uuid=01a017bc-0bc8-8030-e2aa-f7fd3b0b09a0&static_fare_key=TY%7CP0%7CH0%7CL0%7CCH0%7CR0%7CTBC0&itinerary_key=W3wpJNh9rw5O97D_Z68pTQ&origin_airports=0&expected_price_source=share&expected_price_currency=usd&expected_price=78&marker=741311
66,79,USD,RDU,PVD,"Providence, United States",US,2026-09-01,0,https://www.aviasales.com/search/RDU0109PVD1?t=MX17882992801788305640000106RDUPVD_51fb30b0c36d6ce930764cec4fe9293c_6532&search_date=22082026&expected_price_uuid=01a02a95-0e27-8030-e1e6-30d531dddfb0&static_fare_key=TY%7CP0%7CH0%7CL0%7CCH0%7CR0%7CTBC0&itinerary_key=K4MLHYqkkYev4VyG9MC7HQ&expected_price_source=share&expected_price_currency=usd&expected_price=79&marker=741311
67,83,USD,RDU,BDL,"Hartford, United States",US,2026-09-09,0,https://www.aviasales.com/search/RDU0909BDL1?t=MX17889717001788977880000103RDUBDL_a814818bd797462c7ec436e87f369f16_6873&search_date=21082026&expected_price_uuid=01a021c1-bb69-8040-2848-c723c7a0d713&static_fare_key=TY%7CP0%7CH0%7CL0%7CCH0%7CR0%7CTBC0&itinerary_key=7HqU17v33Jbwe_yBOsFHtA&expected_price_source=share&expected_price_currency=usd&expected_price=83&marker=741311
68,83,USD,AUS,MEX,"Mexico City, Mexico",MX,2026-09-06,1,https://www.aviasales.com/search/AUS0609MEX1?t=VB17887062001788769800001120AUSMTYTLC_48960d66a4436a247763cbf79cd69fae_6873&search_date=20082026&expected_price_uuid=01a02040-08d4-8040-6e42-b5804e1e89e8&static_fare_key=TY%7CP0%7CH0%7CL0%7CCH0%7CR0%7CTBC0&itinerary_key=5rLJzCdlEJ8pwsoUq1idxQ&expected_price_source=share&expected_price_currency=usd&expected_price=83&marker=741311
69,83,USD,BOS,PQI,"Presque Isle, United States",US,2026-08-31,0,https://www.aviasales.com/search/BOS3108PQI1?t=B617882097001788214620000082BOSPQI_124231c12788b0f41ade107130554f04_6865&search_date=21082026&expected_price_uuid=01a025c3-177e-8030-e25b-ffbc6402342f&static_fare_key=TY%7CP0%7CH1%7CL0%7CCH0%7CR0%7CTBC0&itinerary_key=_Z2iryZ6ezIq5cP9W6gWBA&expected_price_source=share&expected_price_currency=usd&expected_price=83&marker=741311
70,86,USD,TPA,SDF,"Louisville, United States",US,2026-09-06,0,https://www.aviasales.com/search/TPA0609SDF1?t=MX17886826801788690720000134TPASDF_aa9e1fb22e8d8861f4c11244a547bffd_7184&search_date=25082026&expected_price_uuid=01a03689-1a7a-8040-6248-f643dc19b156&static_fare_key=TY%7CP0%7CH0%7CL0%7CCH0%7CR0%7CTBC0&itinerary_key=54oTwXzfMotJxlqZ9iGXRA&expected_price_source=share&expected_price_currency=usd&expected_price=86&marker=741311
71,86,USD,DFW,TXK,"Texarkana, United States",US,2026-09-02,0,https://www.aviasales.com/search/DFW0209TXK1?t=AA17883841201788388020000065DFWTXK_fd11abaeb7bc5b831e7c38ba73d329b3_7133&search_date=23082026&expected_price_uuid=01a030e9-f872-8030-e5c6-9f0f4242d86a&static_fare_key=TY%7CP0%7CH1%7CL0%7CCH0%7CR0%7CTBC0&itinerary_key=3yQKp_c0Ijo_5SLmaDgsmg&expected_price_source=share&expected_price_currency=usd&expected_price=86&marker=741311
72,88,USD,SEA,YYC,"Calgary, Canada",CA,2026-09-03,1,https://www.aviasales.com/search/SEA0309YYC1?marker=741311
73,88,USD,DFW,HVN,"New Haven, United States",US,2026-09-10,0,https://www.aviasales.com/search/DFW1009HVN1?marker=741311
74,88,USD,ORD,UIN,"Quincy, United States",US,2026-08-31,0,https://www.aviasales.com/search/ORD3108UIN1?marker=741311
75,88,USD,DFW,SLP,"San Luis Potosi, Mexico",MX,2027-01-03,0,https://www.aviasales.com/search/DFW0301SLP1?marker=741311
76,89,USD,BOS,AUG,"Augusta, United States",US,2026-08-28,0,https://www.aviasales.com/search/BOS2808AUG1?marker=741311
77,89,USD,BOS,RUT,"Rutland, United States",US,2026-09-01,0,https://www.aviasales.com/search/BOS0109RUT1?marker=741311
78,90,USD,IAH,MTY,"Monterrey, Mexico",MX,2026-08-29,0,https://www.aviasales.com/search/IAH2908MTY1?marker=741311
79,90,USD,TPA,GPT,"Gulfport, United States",US,2026-08-28,0,https://www.aviasales.com/search/TPA2808GPT1?marker=741311
80,90,USD,LAS,YYJ,"Victoria, Canada",CA,2026-09-15,2,https://www.aviasales.com/search/LAS1509YYJ1?marker=741311
81,91,USD,BOS,BUF,"Buffalo, United States",US,2026-08-29,0,https://www.aviasales.com/search/BOS2908BUF1?marker=741311
82,91,USD,PHL,SCE,"State College, United States",US,2026-08-29,0,https://www.aviasales.com/search/PHL2908SCE1?marker=741311
83,91,USD,BOS,SYR,"Syracuse, United States",US,2026-08-29,0,https://www.aviasales.com/search/BOS2908SYR1?marker=741311
84,91,USD,DFW,BPT,"Beaumont, United States",US,2026-08-29,0,https://www.aviasales.com/search/DFW2908BPT1?marker=741311
85,91,USD,CLT,EWN,"New Bern, United States",US,2026-08-29,0,https://www.aviasales.com/search/CLT2908EWN1?marker=741311
86,91,USD,ORD,GRR,"Grand Rapids, United States",US,2026-08-29,0,https://www.aviasales.com/search/ORD2908GRR1?marker=741311
87,92,USD,MIA,NAS,"Nassau, Bahamas",BS,2027-01-07,0,https://www.aviasales.com/search/MIA0701NAS1?marker=741311
88,92,USD,LAS,YLW,"Kelowna, Canada",CA,2026-09-15,2,https://www.aviasales.com/search/LAS1509YLW1?marker=741311
89,93,USD,ORD,BRL,"Burlington, United States",US,2026-08-30,0,https://www.aviasales.com/search/ORD3008BRL1?marker=741311
90,94,USD,FLL,YQR,"Regina, Canada",CA,2026-10-02,1,https://www.aviasales.com/search/FLL0210YQR1?marker=741311
91,94,USD,IAD,JST,"Johnstown, United States",US,2026-09-25,0,https://www.aviasales.com/search/IAD2509JST1?marker=741311
92,95,USD,LAX,GDL,"Guadalajara, Mexico",MX,2026-09-29,0,https://www.aviasales.com/search/LAX2909GDL1?marker=741311
93,95,USD,DFW,MLM,"Morelia, Mexico",MX,2026-09-13,0,https://www.aviasales.com/search/DFW1309MLM1?marker=741311
94,96,USD,DFW,SAT,"San Antonio, United States",US,2026-08-29,0,https://www.aviasales.com/search/DFW2908SAT1?marker=741311
95,97,USD,PHX,FCA,"Kalispell, United States",US,2026-10-22,1,https://www.aviasales.com/search/PHX2210FCA1?marker=741311
96,98,USD,MSP,FMY,"Fort Myers, United States",US,2026-10-30,0,https://www.aviasales.com/search/MSP3010FMY1?marker=741311
97,98,USD,PHX,SBA,"Santa Barbara, United States",US,2026-11-12,1,https://www.aviasales.com/search/PHX1211SBA1?marker=741311
98,98,USD,ORD,OMA,"Omaha, United States",US,2026-09-16,1,https://www.aviasales.com/search/ORD1609OMA1?marker=741311
99,99,USD,MCO,CAK,"Akron, United States",US,2026-08-29,0,https://www.aviasales.com/search/MCO2908CAK1?marker=741311
100,100,USD,LAX,IPL,"Imperial, United States",US,2026-09-04,0,https://www.aviasales.com/search/LAX0409IPL1?marker=741311
101,101,USD,FLL,YMQ,"Montreal, Canada",CA,2026-09-30,1,https://www.aviasales.com/search/FLL3009YMQ1?marker=741311
102,101,USD,ORD,ELP,"El Paso, United States",US,2026-10-17,1,https://www.aviasales.com/search/ORD1710ELP1?marker=741311
103,101,USD,LAS,STS,"Santa Rosa, United States",US,2026-08-27,0,https://www.aviasales.com/search/LAS2708STS1?marker=741311
104,101,USD,BOS,MSS,"Massena, United States",US,2026-09-01,0,https://www.aviasales.com/search/BOS0109MSS1?marker=741311
105,101,USD,JFK,BDA,"Bermuda, Bermuda",BM,2026-10-02,0,https://www.aviasales.com/search/JFK0210BDA1?marker=741311
106,103,USD,PHX,SOW,"Show Low, United States",US,2026-09-02,0,https://www.aviasales.com/search/PHX0209SOW1?marker=741311
107,104,USD,MCO,BTV,"Burlington, United States",US,2026-10-03,0,https://www.aviasales.com/search/MCO0310BTV1?marker=741311
108,106,USD,RDU,ILM,"Wilmington, United States",US,2026-08-31,1,https://www.aviasales.com/search/RDU3108ILM1?marker=741311
109,106,USD,ATL,YWG,"Winnipeg, Canada",CA,2026-11-01,1,https://www.aviasales.com/search/ATL0111YWG1?marker=741311
110,106,USD,DEN,CNY,"Moab, United States",US,2026-09-02,0,https://www.aviasales.com/search/DEN0209CNY1?marker=741311
111,108,USD,ATL,ALB,"Albany, United States",US,2026-11-02,1,https://www.aviasales.com/search/ATL0211ALB1?marker=741311
112,108,USD,MCO,BQN,"Aguadilla, Puerto Rico",PR,2026-10-09,0,https://www.aviasales.com/search/MCO0910BQN1?marker=741311
113,109,USD,FLL,YOW,"Ottawa, Canada",CA,2026-09-12,0,https://www.aviasales.com/search/FLL1209YOW1?marker=741311
114,109,USD,PDX,MFR,"Medford, United States",US,2026-09-04,0,https://www.aviasales.com/search/PDX0409MFR1?marker=741311
115,110,USD,RDU,ROC,"Rochester, United States",US,2026-09-02,0,https://www.aviasales.com/search/RDU0209ROC1?marker=741311
116,110,USD,FLL,AVP,"Wilkes-Barre, United States",US,2026-08-29,0,https://www.aviasales.com/search/FLL2908AVP1?marker=741311
117,110,USD,JFK,PWM,"Portland, United States",US,2026-09-12,0,https://www.aviasales.com/search/JFK1209PWM1?marker=741311
118,113,USD,ATL,DAB,"Daytona Beach, United States",US,2026-09-18,1,https://www.aviasales.com/search/ATL1809DAB1?marker=741311
119,113,USD,DCA,TYS,"Knoxville, United States",US,2026-09-22,1,https://www.aviasales.com/search/DCA2209TYS1?marker=741311
120,115,USD,MIA,SDQ,"Santo Domingo, Dominican Republic",DO,2026-10-23,0,https://www.aviasales.com/search/MIA2310SDQ1?marker=741311
121,115,USD,DEN,ABQ,"Albuquerque, United States",US,2026-09-07,1,https://www.aviasales.com/search/DEN0709ABQ1?marker=741311
122,117,USD,SEA,GEG,"Spokane, United States",US,2026-09-04,0,https://www.aviasales.com/search/SEA0409GEG1?marker=741311
123,118,USD,DTW,YHZ,"Halifax, Canada",CA,2026-08-31,0,https://www.aviasales.com/search/DTW3108YHZ1?marker=741311
124,119,USD,MCO,ISP,"Islip, United States",US,2026-08-29,0,https://www.aviasales.com/search/MCO2908ISP1?marker=741311
125,120,USD,DFW,CUN,"Cancun, Mexico",MX,2026-09-07,1,https://www.aviasales.com/search/DFW0709CUN1?marker=741311
126,120,USD,FLL,SRQ,"Sarasota, United States",US,2026-08-29,1,https://www.aviasales.com/search/FLL2908SRQ1?marker=741311
127,121,USD,DFW,GNV,"Gainesville, United States",US,2026-09-02,0,https://www.aviasales.com/search/DFW0209GNV1?marker=741311
128,121,USD,ORD,HSV,"Huntsville, United States",US,2026-09-03,0,https://www.aviasales.com/search/ORD0309HSV1?marker=741311
129,121,USD,ORD,HPN,"Westchester County, United States",US,2026-09-01,0,https://www.aviasales.com/search/ORD0109HPN1?marker=741311
130,122,USD,SFO,BOI,"Boise, United States",US,2026-09-18,1,https://www.aviasales.com/search/SFO1809BOI1?marker=741311
131,123,USD,ORD,MKG,"Muskegon, United States",US,2026-09-03,0,https://www.aviasales.com/search/ORD0309MKG1?marker=741311
132,124,USD,PDX,RDM,"Redmond, United States",US,2026-09-04,0,https://www.aviasales.com/search/PDX0409RDM1?marker=741311
133,124,USD,SEA,YKM,"Yakima, United States",US,2026-09-04,0,https://www.aviasales.com/search/SEA0409YKM1?marker=741311
134,126,USD,ATL,BGR,"Bangor, United States",US,2026-09-14,1,https://www.aviasales.com/search/ATL1409BGR1?marker=741311
135,126,USD,DCA,BHM,"Birmingham, United States",US,2026-08-30,0,https://www.aviasales.com/search/DCA3008BHM1?marker=741311
136,127,USD,JFK,BGI,"Bridgetown, Barbados",BB,2026-10-27,1,https://www.aviasales.com/search/JFK2710BGI1?marker=741311
137,127,USD,SFO,PSP,"Palm Springs, United States",US,2026-09-01,0,https://www.aviasales.com/search/SFO0109PSP1?marker=741311
138,127,USD,JFK,ACK,"Nantucket, United States",US,2026-10-07,0,https://www.aviasales.com/search/JFK0710ACK1?marker=741311
139,127,USD,SEA,EUG,"Eugene, United States",US,2026-09-04,0,https://www.aviasales.com/search/SEA0409EUG1?marker=741311
140,130,USD,MIA,MDE,"Medellin, Colombia",CO,2026-09-25,1,https://www.aviasales.com/search/MIA2509MDE1?marker=741311
141,130,USD,PHX,PAE,"Everett, United States",US,2026-10-14,0,https://www.aviasales.com/search/PHX1410PAE1?marker=741311
142,131,USD,ORD,LEX,"Lexington, United States",US,2026-08-29,0,https://www.aviasales.com/search/ORD2908LEX1?marker=741311
143,132,USD,ORD,MEM,"Memphis, United States",US,2026-09-09,1,https://www.aviasales.com/search/ORD0909MEM1?marker=741311
144,132,USD,DFW,OKC,"Oklahoma City, United States",US,2026-09-08,1,https://www.aviasales.com/search/DFW0809OKC1?marker=741311
145,132,USD,RDU,TRI,"Blountville, United States",US,2026-08-30,1,https://www.aviasales.com/search/RDU3008TRI1?marker=741311
146,134,USD,MIA,MID,"Merida, Mexico",MX,2026-10-23,1,https://www.aviasales.com/search/MIA2310MID1?marker=741311
147,134,USD,DEN,CNM,"Carlsbad, United States",US,2026-08-30,0,https://www.aviasales.com/search/DEN3008CNM1?marker=741311
148,134,USD,MSP,BZN,"Bozeman, United States",US,2026-08-30,0,https://www.aviasales.com/search/MSP3008BZN1?marker=741311
149,135,USD,IAD,CKB,"Clarksburg, United States",US,2026-09-03,0,https://www.aviasales.com/search/IAD0309CKB1?marker=741311
150,135,USD,LAX,SJD,"San Jose Del Cabo, Mexico",MX,2026-09-08,1,https://www.aviasales.com/search/LAX0809SJD1?marker=741311
151,136,USD,SFO,HNL,"Honolulu, United States",US,2026-10-19,0,https://www.aviasales.com/search/SFO1910HNL1?marker=741311
152,136,USD,IAH,VER,"Veracruz, Mexico",MX,2026-08-31,1,https://www.aviasales.com/search/IAH3108VER1?marker=741311
153,136,USD,RDU,FYV,"Fayetteville, United States",US,2026-09-02,1,https://www.aviasales.com/search/RDU0209FYV1?marker=741311
154,136,USD,CLT,MKE,"Milwaukee, United States",US,2026-09-30,1,https://www.aviasales.com/search/CLT3009MKE1?marker=741311
155,136,USD,SAN,STC,"Saint Cloud, United States",US,2026-10-01,2,https://www.aviasales.com/search/SAN0110STC1?marker=741311
156,137,USD,JFK,ATH,"Athens, Greece",GR,2026-10-19,0,https://www.aviasales.com/search/JFK1910ATH1?marker=741311
157,137,USD,DFW,HOT,"Hot Springs, United States",US,2026-08-29,0,https://www.aviasales.com/search/DFW2908HOT1?marker=741311
158,137,USD,MCO,CUU,"Chihuahua, Mexico",MX,2027-01-16,1,https://www.aviasales.com/search/MCO1601CUU1?marker=741311
159,137,USD,LAX,CEN,"Ciudad Obregon, Mexico",MX,2026-08-29,1,https://www.aviasales.com/search/LAX2908CEN1?marker=741311
160,137,USD,SEA,PSC,"Pasco, United States",US,2026-09-03,0,https://www.aviasales.com/search/SEA0309PSC1?marker=741311
161,137,USD,LAS,YZF,"Yellowknife, Canada",CA,2026-09-17,1,https://www.aviasales.com/search/LAS1709YZF1?marker=741311
162,138,USD,PDX,FAT,"Fresno, United States",US,2026-08-25,1,https://www.aviasales.com/search/PDX2508FAT1?marker=741311
163,138,USD,TPA,MLB,"Melbourne, United States",US,2026-08-29,1,https://www.aviasales.com/search/TPA2908MLB1?marker=741311
164,138,USD,SAN,OGG,"Kahului, United States",US,2026-10-12,0,https://www.aviasales.com/search/SAN1210OGG1?marker=741311
165,138,USD,SFO,LIH,"Kauai Island, United States",US,2026-09-22,0,https://www.aviasales.com/search/SFO2209LIH1?marker=741311
166,139,USD,IAD,MGW,"Morgantown, United States",US,2026-09-01,0,https://www.aviasales.com/search/IAD0109MGW1?marker=741311
167,139,USD,PHX,PGA,"Page, United States",US,2026-08-31,0,https://www.aviasales.com/search/PHX3108PGA1?marker=741311
168,140,USD,IAH,SAL,"San Salvador, El Salvador",SV,2026-09-15,0,https://www.aviasales.com/search/IAH1509SAL1?marker=741311
169,140,USD,MSP,HDN,"Hayden, United States",US,2026-09-23,1,https://www.aviasales.com/search/MSP2309HDN1?marker=741311
170,140,USD,IAH,TUS,"Tucson, United States",US,2026-09-24,1,https://www.aviasales.com/search/IAH2409TUS1?marker=741311
171,141,USD,ORD,DEC,"Decatur, United States",US,2026-08-26,0,https://www.aviasales.com/search/ORD2608DEC1?marker=741311
172,142,USD,MCO,LON,"London, United Kingdom",GB,2026-12-09,0,https://www.aviasales.com/search/MCO0912LON1?marker=741311
173,142,USD,DFW,ZCL,"Zacatecas, Mexico",MX,2026-11-27,2,https://www.aviasales.com/search/DFW2711ZCL1?marker=741311
174,142,USD,JFK,HYA,"Hyannis, United States",US,2026-09-02,0,https://www.aviasales.com/search/JFK0209HYA1?marker=741311
175,142,USD,IAH,LUL,"Laurel, United States",US,2026-08-26,0,https://www.aviasales.com/search/IAH2608LUL1?marker=741311
176,143,USD,MCO,FAR,"Fargo, United States",US,2026-08-29,1,https://www.aviasales.com/search/MCO2908FAR1?marker=741311
177,144,USD,MIA,SXM,"Sint Maarten, Sint Maarten",SX,2027-02-14,1,https://www.aviasales.com/search/MIA1402SXM1?marker=741311
178,144,USD,JFK,CTG,"Cartagena, Colombia",CO,2026-09-14,1,https://www.aviasales.com/search/JFK1409CTG1?marker=741311
179,144,USD,FLL,TLH,"Tallahassee, United States",US,2026-08-30,0,https://www.aviasales.com/search/FLL3008TLH1?marker=741311
180,145,USD,LAX,MSN,"Madison, United States",US,2026-10-03,1,https://www.aviasales.com/search/LAX0310MSN1?marker=741311
181,145,USD,DCA,LIR,"Liberia, Costa Rica",CR,2026-09-21,1,https://www.aviasales.com/search/DCA2109LIR1?marker=741311
182,146,USD,BNA,SJO,"San Jose, Costa Rica",CR,2026-11-09,1,https://www.aviasales.com/search/BNA0911SJO1?marker=741311
183,146,USD,SAN,PVU,"Provo, United States",US,2026-08-29,1,https://www.aviasales.com/search/SAN2908PVU1?marker=741311
184,147,USD,MIA,GYE,"Guayaquil, Ecuador",EC,2026-08-26,2,https://www.aviasales.com/search/MIA2608GYE1?marker=741311
185,147,USD,IAD,LYH,"Lynchburg, United States",US,2026-09-03,0,https://www.aviasales.com/search/IAD0309LYH1?marker=741311
186,148,USD,MIA,AUA,"Oranjestad, Aruba",AW,2026-08-30,1,https://www.aviasales.com/search/MIA3008AUA1?marker=741311
187,148,USD,DFW,AMA,"Amarillo, United States",US,2026-08-26,0,https://www.aviasales.com/search/DFW2608AMA1?marker=741311
188,149,USD,JFK,STI,"Santiago, Dominican Republic",DO,2026-11-30,1,https://www.aviasales.com/search/JFK3011STI1?marker=741311
189,149,USD,TPA,SAP,"San Pedro Sula, Honduras",HN,2026-10-20,2,https://www.aviasales.com/search/TPA2010SAP1?marker=741311
190,149,USD,MCO,FPO,"Freeport, Bahamas",BS,2026-08-25,2,https://www.aviasales.com/search/MCO2508FPO1?marker=741311
191,150,USD,MIA,GGT,"George Town, Bahamas",BS,2026-09-01,0,https://www.aviasales.com/search/MIA0109GGT1?marker=741311
192,150,USD,ORD,DAY,"Dayton, United States",US,2026-08-28,0,https://www.aviasales.com/search/ORD2808DAY1?marker=741311
193,150,USD,ORD,ICT,"Wichita, United States",US,2026-09-29,0,https://www.aviasales.com/search/ORD2909ICT1?marker=741311
194,150,USD,MCO,QRO,"Queretaro, Mexico",MX,2026-11-18,1,https://www.aviasales.com/search/MCO1811QRO1?marker=741311
195,150,USD,LAX,BJX,"Leon/Guanajuato, Mexico",MX,2026-10-08,0,https://www.aviasales.com/search/LAX0810BJX1?marker=741311
196,151,USD,IAD,ROA,"Roanoke, United States",US,2026-08-30,0,https://www.aviasales.com/search/IAD3008ROA1?marker=741311
197,151,USD,IAD,CAE,"Columbia, United States",US,2026-08-30,0,https://www.aviasales.com/search/IAD3008CAE1?marker=741311
198,151,USD,DEN,BIL,"Billings, United States",US,2026-08-30,0,https://www.aviasales.com/search/DEN3008BIL1?marker=741311
199,151,USD,DEN,GCC,"Gillette, United States",US,2026-08-31,0,https://www.aviasales.com/search/DEN3108GCC1?marker=741311
200,152,USD,MIA,ATW,"Appleton, United States",US,2027-02-07,1,https://www.aviasales.com/search/MIA0702ATW1?marker=741311
201,152,USD,SEA,EAT,"Wenatchee, United States",US,2026-09-03,0,https://www.aviasales.com/search/SEA0309EAT1?marker=741311
202,152,USD,DEN,CPR,"Casper, United States",US,2026-08-30,0,https://www.aviasales.com/search/DEN3008CPR1?marker=741311
203,152,USD,ORD,CRW,"Charleston, United States",US,2026-08-31,0,https://www.aviasales.com/search/ORD3108CRW1?marker=741311
204,152,USD,LAS,ANC,"Anchorage, United States",US,2026-09-03,0,https://www.aviasales.com/search/LAS0309ANC1?marker=741311
205,152,USD,LAX,RDD,"Redding, United States",US,2026-08-31,0,https://www.aviasales.com/search/LAX3108RDD1?marker=741311
206,153,USD,LAX,GUA,"Guatemala City, Guatemala",GT,2026-08-25,0,https://www.aviasales.com/search/LAX2508GUA1?marker=741311
207,153,USD,JFK,ROM,"Rome, Italy",IT,2026-10-20,0,https://www.aviasales.com/search/JFK2010ROM1?marker=741311
208,153,USD,ORD,LAF,"Lafayette, United States",US,2026-08-29,0,https://www.aviasales.com/search/ORD2908LAF1?marker=741311
209,154,USD,IAD,SBN,"South Bend, United States",US,2026-08-26,0,https://www.aviasales.com/search/IAD2608SBN1?marker=741311
210,155,USD,ORD,CMX,"Hancock, United States",US,2026-08-28,0,https://www.aviasales.com/search/ORD2808CMX1?marker=741311
211,155,USD,DEN,LBF,"North Platte, United States",US,2026-08-29,0,https://www.aviasales.com/search/DEN2908LBF1?marker=741311
212,155,USD,DEN,ALS,"Alamosa, United States",US,2026-08-30,0,https://www.aviasales.com/search/DEN3008ALS1?marker=741311
213,156,USD,LAS,TIJ,"Tijuana, Mexico",MX,2026-09-15,1,https://www.aviasales.com/search/LAS1509TIJ1?marker=741311
214,158,USD,MSP,IWD,"Ironwood, United States",US,2026-08-31,0,https://www.aviasales.com/search/MSP3108IWD1?marker=741311
215,159,USD,DEN,ASE,"Aspen, United States",US,2026-08-30,0,https://www.aviasales.com/search/DEN3008ASE1?marker=741311
216,159,USD,IAH,BRO,"Brownsville, United States",US,2026-08-30,0,https://www.aviasales.com/search/IAH3008BRO1?marker=741311
217,159,USD,DFW,BFL,"Bakersfield, United States",US,2026-09-03,0,https://www.aviasales.com/search/DFW0309BFL1?marker=741311
218,159,USD,ORD,DLH,"Duluth, United States",US,2026-08-31,0,https://www.aviasales.com/search/ORD3108DLH1?marker=741311
219,160,USD,DEN,GJT,"Grand Junction, United States",US,2026-08-30,0,https://www.aviasales.com/search/DEN3008GJT1?marker=741311
220,162,USD,JFK,UIO,"Quito, Ecuador",EC,2026-12-10,1,https://www.aviasales.com/search/JFK1012UIO1?marker=741311
221,163,USD,SEA,LFT,"Lafayette, United States",US,2026-09-18,1,https://www.aviasales.com/search/SEA1809LFT1?marker=741311
222,164,USD,DEN,EAR,"Kearney, United States",US,2026-08-25,0,https://www.aviasales.com/search/DEN2508EAR1?marker=741311
223,165,USD,JFK,PUJ,"Punta Cana, Dominican Republic",DO,2026-10-03,1,https://www.aviasales.com/search/JFK0310PUJ1?marker=741311
224,165,USD,RDU,SBY,"Salisbury-Ocean City, United States",US,2026-08-31,1,https://www.aviasales.com/search/RDU3108SBY1?marker=741311
225,165,USD,MCO,PGD,"Punta Gorda, United States",US,2026-08-29,1,https://www.aviasales.com/search/MCO2908PGD1?marker=741311
226,166,USD,SEA,YEA,"Edmonton, Canada",CA,2026-09-14,1,https://www.aviasales.com/search/SEA1409YEA1?marker=741311
227,166,USD,MCO,CID,"Cedar Rapids, United States",US,2026-08-30,1,https://www.aviasales.com/search/MCO3008CID1?marker=741311
228,166,USD,LAX,TGZ,"Tuxtla Gutierrez, Mexico",MX,2026-09-01,1,https://www.aviasales.com/search/LAX0109TGZ1?marker=741311
229,166,USD,IAH,LCH,"Lake Charles, United States",US,2026-09-03,0,https://www.aviasales.com/search/IAH0309LCH1?marker=741311
230,167,USD,LAX,PVR,"Puerto Vallarta, Mexico",MX,2026-09-07,1,https://www.aviasales.com/search/LAX0709PVR1?marker=741311
231,168,USD,FLL,MBJ,"Montego Bay, Jamaica",JM,2026-09-14,1,https://www.aviasales.com/search/FLL1409MBJ1?marker=741311
232,168,USD,LAX,COS,"Colorado Springs, United States",US,2026-09-15,1,https://www.aviasales.com/search/LAX1509COS1?marker=741311
233,168,USD,SEA,FAI,"Fairbanks, United States",US,2026-08-30,0,https://www.aviasales.com/search/SEA3008FAI1?marker=741311
234,169,USD,LAX,OAX,"Oaxaca, Mexico",MX,2026-08-31,2,https://www.aviasales.com/search/LAX3108OAX1?marker=741311
235,170,USD,JFK,PLS,"Providenciales, Turks and Caicos Islands",TC,2026-09-17,1,https://www.aviasales.com/search/JFK1709PLS1?marker=741311
236,170,USD,IAH,BTR,"Baton Rouge, United States",US,2026-08-29,0,https://www.aviasales.com/search/IAH2908BTR1?marker=741311
237,170,USD,ORD,FWA,"Fort Wayne, United States",US,2026-08-29,0,https://www.aviasales.com/search/ORD2908FWA1?marker=741311
238,170,USD,LAX,CRP,"Corpus Christi, United States",US,2026-09-29,1,https://www.aviasales.com/search/LAX2909CRP1?marker=741311
239,170,USD,DEN,MTJ,"Montrose, United States",US,2026-08-29,0,https://www.aviasales.com/search/DEN2908MTJ1?marker=741311
240,171,USD,DCA,JAN,"Jackson, United States",US,2026-09-01,0,https://www.aviasales.com/search/DCA0109JAN1?marker=741311
241,171,USD,ORD,YQB,"Quebec, Canada",CA,2026-09-02,0,https://www.aviasales.com/search/ORD0209YQB1?marker=741311
242,171,USD,ORD,MWA,"Marion, United States",US,2026-09-01,0,https://www.aviasales.com/search/ORD0109MWA1?marker=741311
243,172,USD,FLL,ABE,"Allentown, United States",US,2026-08-29,1,https://www.aviasales.com/search/FLL2908ABE1?marker=741311
244,173,USD,ATL,LNS,"Lancaster, United States",US,2026-09-03,1,https://www.aviasales.com/search/ATL0309LNS1?marker=741311
245,173,USD,LAX,MFE,"McAllen, United States",US,2026-08-29,2,https://www.aviasales.com/search/LAX2908MFE1?marker=741311
246,175,USD,MIA,MEC,"Manta, Ecuador",EC,2026-08-26,2,https://www.aviasales.com/search/MIA2608MEC1?marker=741311
247,175,USD,JFK,VPS,"Fort Walton Beach, United States",US,2026-12-31,1,https://www.aviasales.com/search/JFK3112VPS1?marker=741311
248,175,USD,DFW,LBB,"Lubbock, United States",US,2026-08-30,0,https://www.aviasales.com/search/DFW3008LBB1?marker=741311
249,175,USD,IAH,LMM,"Los Mochis, Mexico",MX,2026-09-04,1,https://www.aviasales.com/search/IAH0409LMM1?marker=741311
250,176,USD,MIA,IAG,"Niagara Falls, United States",US,2026-09-12,2,https://www.aviasales.com/search/MIA1209IAG1?marker=741311
251,177,USD,ATL,SAV,"Savannah, United States",US,2026-08-30,1,https://www.aviasales.com/search/ATL3008SAV1?marker=741311
252,178,USD,SEA,PUW,"Pullman, United States",US,2026-08-28,0,https://www.aviasales.com/search/SEA2808PUW1?marker=741311
253,178,USD,TPA,STX,"Saint Croix, U.S. Virgin Islands",VI,2026-10-03,1,https://www.aviasales.com/search/TPA0310STX1?marker=741311
254,179,USD,CLT,MHT,"Manchester, United States",US,2026-08-30,0,https://www.aviasales.com/search/CLT3008MHT1?marker=741311
255,179,USD,LAX,KOA,"Kailua-Kona, United States",US,2026-09-07,0,https://www.aviasales.com/search/LAX0709KOA1?marker=741311
256,180,USD,DEN,TRC,"Torreon, Mexico",MX,2026-11-26,1,https://www.aviasales.com/search/DEN2611TRC1?marker=741311
257,181,USD,PHX,GCN,"Grand Canyon, United States",US,2026-08-31,0,https://www.aviasales.com/search/PHX3108GCN1?marker=741311
258,183,USD,JFK,SLU,"Castries, Saint Lucia",LC,2026-10-15,0,https://www.aviasales.com/search/JFK1510SLU1?marker=741311
259,183,USD,ORD,JAC,"Jackson, United States",US,2026-08-30,0,https://www.aviasales.com/search/ORD3008JAC1?marker=741311
260,183,USD,LAX,MXL,"Mexicali, Mexico",MX,2026-08-30,1,https://www.aviasales.com/search/LAX3008MXL1?marker=741311
261,184,USD,JFK,SAO,"Sao Paulo, Brazil",BR,2026-12-04,2,https://www.aviasales.com/search/JFK0412SAO1?marker=741311
262,185,USD,DEN,HLN,"Helena, United States",US,2026-09-02,1,https://www.aviasales.com/search/DEN0209HLN1?marker=741311
263,185,USD,SEA,ALW,"Walla Walla, United States",US,2026-09-02,0,https://www.aviasales.com/search/SEA0209ALW1?marker=741311
264,186,USD,PDX,LSE,"La Crosse, United States",US,2026-09-01,2,https://www.aviasales.com/search/PDX0109LSE1?marker=741311
265,186,USD,JFK,POP,"Puerto Plata, Dominican Republic",DO,2026-10-14,1,https://www.aviasales.com/search/JFK1410POP1?marker=741311
266,187,USD,MIA,BOG,"Bogota, Colombia",CO,2026-10-14,1,https://www.aviasales.com/search/MIA1410BOG1?marker=741311
267,187,USD,JFK,PAR,"Paris, France",FR,2026-10-19,1,https://www.aviasales.com/search/JFK1910PAR1?marker=741311
268,188,USD,PDX,HAV,"Havana, Cuba",CU,2026-09-15,2,https://www.aviasales.com/search/PDX1509HAV1?marker=741311
269,189,USD,DEN,LAR,"Laramie, United States",US,2026-09-02,0,https://www.aviasales.com/search/DEN0209LAR1?marker=741311
270,189,USD,LAX,LAP,"La Paz, Mexico",MX,2026-08-28,1,https://www.aviasales.com/search/LAX2808LAP1?marker=741311
271,190,USD,ORD,COU,"Columbia, United States",US,2026-09-04,0,https://www.aviasales.com/search/ORD0409COU1?marker=741311
272,190,USD,ORD,PIA,"Peoria, United States",US,2026-08-29,0,https://www.aviasales.com/search/ORD2908PIA1?marker=741311
273,190,USD,ORD,TVC,"Traverse City, United States",US,2026-09-01,0,https://www.aviasales.com/search/ORD0109TVC1?marker=741311
274,190,USD,ORD,GRB,"Green Bay, United States",US,2026-09-02,0,https://www.aviasales.com/search/ORD0209GRB1?marker=741311
275,192,USD,LAS,HMO,"Hermosillo, Mexico",MX,2026-09-02,1,https://www.aviasales.com/search/LAS0209HMO1?marker=741311
276,193,USD,MIA,KIN,"Kingston, Jamaica",JM,2026-12-07,0,https://www.aviasales.com/search/MIA0712KIN1?marker=741311
277,194,USD,JFK,VCE,"Venice, Italy",IT,2026-10-25,2,https://www.aviasales.com/search/JFK2510VCE1?marker=741311
278,194,USD,FLL,CHA,"Chattanooga, United States",US,2026-08-30,2,https://www.aviasales.com/search/FLL3008CHA1?marker=741311
279,195,USD,DEN,ACV,"Arcata, United States",US,2026-09-01,1,https://www.aviasales.com/search/DEN0109ACV1?marker=741311
280,196,USD,ORD,MLI,"Moline, United States",US,2026-08-29,0,https://www.aviasales.com/search/ORD2908MLI1?marker=741311
281,196,USD,ORD,AUW,"Wausau, United States",US,2026-08-29,0,https://www.aviasales.com/search/ORD2908AUW1?marker=741311
282,196,USD,SFO,ITO,"Hilo, United States",US,2026-10-28,2,https://www.aviasales.com/search/SFO2810ITO1?marker=741311
283,197,USD,JFK,BRI,"Bari, Italy",IT,2026-10-13,1,https://www.aviasales.com/search/JFK1310BRI1?marker=741311
284,197,USD,LAS,ACA,"Acapulco, Mexico",MX,2027-01-04,1,https://www.aviasales.com/search/LAS0401ACA1?marker=741311
285,198,USD,SEA,CPH,"Copenhagen, Denmark",DK,2026-10-09,1,https://www.aviasales.com/search/SEA0910CPH1?marker=741311
286,198,USD,JFK,MAD,"Madrid, Spain",ES,2026-10-20,1,https://www.aviasales.com/search/JFK2010MAD1?marker=741311
287,198,USD,CLT,FLO,"Florence, United States",US,2026-08-28,0,https://www.aviasales.com/search/CLT2808FLO1?marker=741311
288,198,USD,ORD,SPI,"Springfield, United States",US,2026-09-02,0,https://www.aviasales.com/search/ORD0209SPI1?marker=741311
289,198,USD,ORD,FNT,"Flint, United States",US,2026-09-03,0,https://www.aviasales.com/search/ORD0309FNT1?marker=741311
290,199,USD,MIA,STT,"Saint Thomas, U.S. Virgin Islands",VI,2026-10-24,1,https://www.aviasales.com/search/MIA2410STT1?marker=741311
291,201,USD,ORD,CMI,"Champaign, United States",US,2026-09-04,0,https://www.aviasales.com/search/ORD0409CMI1?marker=741311
292,201,USD,CLT,OAJ,"Jacksonville, United States",US,2026-09-02,0,https://www.aviasales.com/search/CLT0209OAJ1?marker=741311
293,202,USD,MIA,LIM,"Lima, Peru",PE,2026-09-14,1,https://www.aviasales.com/search/MIA1409LIM1?marker=741311
294,202,USD,ORD,LNK,"Lincoln, United States",US,2026-09-01,1,https://www.aviasales.com/search/ORD0109LNK1?marker=741311
295,202,USD,AUS,HRL,"Harlingen, United States",US,2026-08-25,0,https://www.aviasales.com/search/AUS2508HRL1?marker=741311
296,203,USD,DFW,CLL,"College Station, United States",US,2026-08-29,0,https://www.aviasales.com/search/DFW2908CLL1?marker=741311
297,203,USD,DFW,MLU,"Monroe, United States",US,2026-09-01,0,https://www.aviasales.com/search/DFW0109MLU1?marker=741311
298,204,USD,DFW,SWO,"Stillwater, United States",US,2026-08-30,0,https://www.aviasales.com/search/DFW3008SWO1?marker=741311
299,204,USD,ORD,EVV,"Evansville, United States",US,2026-09-01,0,https://www.aviasales.com/search/ORD0109EVV1?marker=741311
300,205,USD,DFW,AEX,"Alexandria, United States",US,2026-08-29,0,https://www.aviasales.com/search/DFW2908AEX1?marker=741311
301,206,USD,ATL,LRD,"Laredo, United States",US,2026-12-21,1,https://www.aviasales.com/search/ATL2112LRD1?marker=741311
302,206,USD,ORD,BMI,"Bloomington, United States",US,2026-09-01,0,https://www.aviasales.com/search/ORD0109BMI1?marker=741311
303,206,USD,ORD,AZO,"Kalamazoo, United States",US,2026-09-03,0,https://www.aviasales.com/search/ORD0309AZO1?marker=741311
304,206,USD,CLT,PGV,"Greenville, United States",US,2026-09-01,0,https://www.aviasales.com/search/CLT0109PGV1?marker=741311
305,207,USD,MIA,GEO,"Georgetown, Guyana",GY,2026-09-03,0,https://www.aviasales.com/search/MIA0309GEO1?marker=741311
306,207,USD,MIA,XPL,"Comayagua, Honduras",HN,2026-09-12,2,https://www.aviasales.com/search/MIA1209XPL1?marker=741311
307,207,USD,JFK,JMK,"Mikonos, Greece",GR,2026-10-19,1,https://www.aviasales.com/search/JFK1910JMK1?marker=741311
308,207,USD,ORD,ERI,"Erie, United States",US,2026-09-01,1,https://www.aviasales.com/search/ORD0109ERI1?marker=741311
309,208,USD,ORD,MHK,"Manhattan, United States",US,2026-08-29,0,https://www.aviasales.com/search/ORD2908MHK1?marker=741311
310,208,USD,MCO,SSA,"Salvador, Brazil",BR,2026-09-26,1,https://www.aviasales.com/search/MCO2609SSA1?marker=741311
311,209,USD,AUS,HOG,"Holguin, Cuba",CU,2026-09-06,1,https://www.aviasales.com/search/AUS0609HOG1?marker=741311
312,209,USD,DFW,SHV,"Shreveport, United States",US,2026-09-01,0,https://www.aviasales.com/search/DFW0109SHV1?marker=741311
313,209,USD,ORD,LAN,"Lansing, United States",US,2026-08-31,0,https://www.aviasales.com/search/ORD3108LAN1?marker=741311
314,210,USD,JFK,WAW,"Warsaw, Poland",PL,2026-10-25,1,https://www.aviasales.com/search/JFK2510WAW1?marker=741311
315,210,USD,BOS,CLO,"Cali, Colombia",CO,2026-11-26,2,https://www.aviasales.com/search/BOS2611CLO1?marker=741311
316,210,USD,SEA,PBC,"Puebla, Mexico",MX,2026-10-03,2,https://www.aviasales.com/search/SEA0310PBC1?marker=741311
317,210,USD,LAS,SCK,"Stockton, United States",US,2026-09-06,0,https://www.aviasales.com/search/LAS0609SCK1?marker=741311
318,211,USD,JFK,FRA,"Frankfurt, Germany",DE,2026-10-25,1,https://www.aviasales.com/search/JFK2510FRA1?marker=741311
319,211,USD,AUS,BIS,"Bismarck, United States",US,2026-09-07,1,https://www.aviasales.com/search/AUS0709BIS1?marker=741311
320,212,USD,JFK,LCA,"Larnaca, Cyprus",CY,2026-10-19,1,https://www.aviasales.com/search/JFK1910LCA1?marker=741311
321,212,USD,JFK,VIX,"Vitoria, Brazil",BR,2026-09-12,2,https://www.aviasales.com/search/JFK1209VIX1?marker=741311
322,214,USD,LAX,TQO,"Tulum, Mexico",MX,2026-09-18,2,https://www.aviasales.com/search/LAX1809TQO1?marker=741311
323,216,USD,CLT,AGS,"Augusta, United States",US,2026-08-31,0,https://www.aviasales.com/search/CLT3108AGS1?marker=741311
324,217,USD,JFK,MIL,"Milan, Italy",IT,2026-10-24,2,https://www.aviasales.com/search/JFK2410MIL1?marker=741311
325,217,USD,JFK,VIE,"Vienna, Austria",AT,2026-10-12,1,https://www.aviasales.com/search/JFK1210VIE1?marker=741311
326,217,USD,JFK,POS,"Port Of Spain, Trinidad and Tobago",TT,2026-10-23,0,https://www.aviasales.com/search/JFK2310POS1?marker=741311
327,219,USD,IAD,PEI,"Pereira, Colombia",CO,2026-10-07,1,https://www.aviasales.com/search/IAD0710PEI1?marker=741311
328,219,USD,JFK,MVY,"Martha's Vineyard, United States",US,2026-08-30,0,https://www.aviasales.com/search/JFK3008MVY1?marker=741311
329,221,USD,RDU,USA,"Concord, United States",US,2026-09-03,1,https://www.aviasales.com/search/RDU0309USA1?marker=741311
330,222,USD,JFK,BFD,"Bradford, United States",US,2026-09-04,1,https://www.aviasales.com/search/JFK0409BFD1?marker=741311
331,223,USD,MIA,GRI,"Grand Island, United States",US,2026-09-15,3,https://www.aviasales.com/search/MIA1509GRI1?marker=741311
332,223,USD,JFK,ANU,"Saint John's, Antigua and Barbuda",AG,2026-09-05,0,https://www.aviasales.com/search/JFK0509ANU1?marker=741311
333,224,USD,ORD,BLV,"Belleville, United States",US,2026-09-02,1,https://www.aviasales.com/search/ORD0209BLV1?marker=741311
334,225,USD,JFK,EVN,"Yerevan, Armenia",AM,2026-10-20,1,https://www.aviasales.com/search/JFK2010EVN1?marker=741311
335,226,USD,JFK,SGF,"Springfield, United States",US,2026-09-01,2,https://www.aviasales.com/search/JFK0109SGF1?marker=741311
336,227,USD,JFK,KUT,"Kutaisi, Georgia",GE,2026-10-15,1,https://www.aviasales.com/search/JFK1510KUT1?marker=741311
337,227,USD,JFK,RZE,"Rzeszow, Poland",PL,2026-10-04,1,https://www.aviasales.com/search/JFK0410RZE1?marker=741311
338,228,USD,MIA,FDF,"Fort-de-France, Martinique",MQ,2027-01-06,1,https://www.aviasales.com/search/MIA0601FDF1?marker=741311
339,228,USD,DEN,DRO,"Durango, United States",US,2026-08-31,0,https://www.aviasales.com/search/DEN3108DRO1?marker=741311
340,228,USD,IAD,ITH,"Ithaca, United States",US,2026-09-01,0,https://www.aviasales.com/search/IAD0109ITH1?marker=741311
341,228,USD,IAH,ECP,"Panama City, United States",US,2026-09-01,0,https://www.aviasales.com/search/IAH0109ECP1?marker=741311
342,229,USD,JFK,PSE,"Ponce, Puerto Rico",PR,2026-09-01,1,https://www.aviasales.com/search/JFK0109PSE1?marker=741311
343,231,USD,JFK,BER,"Berlin, Germany",DE,2026-10-14,2,https://www.aviasales.com/search/JFK1410BER1?marker=741311
344,231,USD,ORD,PLN,"Pellston, United States",US,2026-09-02,0,https://www.aviasales.com/search/ORD0209PLN1?marker=741311
345,232,USD,JFK,PRG,"Prague, Czech Republic",CZ,2026-10-03,1,https://www.aviasales.com/search/JFK0310PRG1?marker=741311
346,232,USD,DEN,PIR,"Pierre, United States",US,2026-08-30,0,https://www.aviasales.com/search/DEN3008PIR1?marker=741311
347,232,USD,DEN,JLN,"Joplin, United States",US,2026-08-30,0,https://www.aviasales.com/search/DEN3008JLN1?marker=741311
348,233,USD,JFK,SPU,"Split, Croatia",HR,2026-09-19,1,https://www.aviasales.com/search/JFK1909SPU1?marker=741311
349,234,USD,JFK,SLK,"Saranac Lake, United States",US,2026-08-30,0,https://www.aviasales.com/search/JFK3008SLK1?marker=741311
350,235,USD,DFW,BZE,"Belize City, Belize",BZ,2026-10-24,1,https://www.aviasales.com/search/DFW2410BZE1?marker=741311
351,236,USD,JFK,DUB,"Dublin, Ireland",IE,2026-12-10,1,https://www.aviasales.com/search/JFK1012DUB1?marker=741311
352,236,USD,IAD,ORH,"Worcester, United States",US,2026-08-29,2,https://www.aviasales.com/search/IAD2908ORH1?marker=741311
353,236,USD,PDX,YXX,"Abbotsford, Canada",CA,2026-09-03,2,https://www.aviasales.com/search/PDX0309YXX1?marker=741311
354,237,USD,LAX,PRC,"Prescott, United States",US,2026-08-30,0,https://www.aviasales.com/search/LAX3008PRC1?marker=741311
355,238,USD,BOS,LIS,"Lisbon, Portugal",PT,2026-11-15,0,https://www.aviasales.com/search/BOS1511LIS1?marker=741311
356,239,USD,SEA,MNL,"Manila, Philippines",PH,2026-11-02,1,https://www.aviasales.com/search/SEA0211MNL1?marker=741311
357,239,USD,JFK,DUJ,"Du Bois, United States",US,2026-09-01,2,https://www.aviasales.com/search/JFK0109DUJ1?marker=741311
358,239,USD,MCO,HGR,"Hagerstown, United States",US,2026-08-29,2,https://www.aviasales.com/search/MCO2908HGR1?marker=741311
359,240,USD,JFK,KRK,"Krakow, Poland",PL,2026-10-09,1,https://www.aviasales.com/search/JFK0910KRK1?marker=741311
360,241,USD,MIA,PTY,"Panama City, Panama",PA,2026-10-24,0,https://www.aviasales.com/search/MIA2410PTY1?marker=741311
361,242,USD,BNA,CHO,"Charlottesville, United States",US,2026-08-27,1,https://www.aviasales.com/search/BNA2708CHO1?marker=741311
362,242,USD,JFK,GDN,"Gdansk, Poland",PL,2026-10-19,1,https://www.aviasales.com/search/JFK1910GDN1?marker=741311
363,242,USD,SFO,TPE,"Taipei, Taiwan",TW,2026-09-24,1,https://www.aviasales.com/search/SFO2409TPE1?marker=741311
364,243,USD,MIA,MGA,"Managua, Nicaragua",NI,2027-01-05,0,https://www.aviasales.com/search/MIA0501MGA1?marker=741311
365,244,USD,JFK,BUD,"Budapest, Hungary",HU,2026-09-19,1,https://www.aviasales.com/search/JFK1909BUD1?marker=741311
366,244,USD,JFK,TLL,"Tallinn, Estonia",EE,2026-10-03,1,https://www.aviasales.com/search/JFK0310TLL1?marker=741311
367,244,USD,SLC,SGU,"Saint George, United States",US,2026-08-31,1,https://www.aviasales.com/search/SLC3108SGU1?marker=741311
368,244,USD,MSP,BFF,"Scottsbluff, United States",US,2026-08-31,1,https://www.aviasales.com/search/MSP3108BFF1?marker=741311
369,244,USD,DEN,TEX,"Telluride, United States",US,2026-08-31,0,https://www.aviasales.com/search/DEN3108TEX1?marker=741311
370,244,USD,SEA,SUN,"Sun Valley, United States",US,2026-09-04,0,https://www.aviasales.com/search/SEA0409SUN1?marker=741311
371,245,USD,BOS,OSL,"Oslo, Norway",NO,2026-10-31,1,https://www.aviasales.com/search/BOS3110OSL1?marker=741311
372,246,USD,IAD,BKW,"Beckley, United States",US,2026-08-31,2,https://www.aviasales.com/search/IAD3108BKW1?marker=741311
373,246,USD,BOS,BCN,"Barcelona, Spain",ES,2026-10-28,1,https://www.aviasales.com/search/BOS2810BCN1?marker=741311
374,246,USD,JFK,VNO,"Vilnius, Lithuania",LT,2026-10-03,1,https://www.aviasales.com/search/JFK0310VNO1?marker=741311
375,246,USD,JFK,EDI,"Edinburgh, United Kingdom",GB,2026-10-05,1,https://www.aviasales.com/search/JFK0510EDI1?marker=741311
376,247,USD,FLL,OGL,"Georgetown, Guyana",GY,2026-09-07,2,https://www.aviasales.com/search/FLL0709OGL1?marker=741311
377,247,USD,JFK,KSC,"Kosice, Slovakia",SK,2026-09-27,1,https://www.aviasales.com/search/JFK2709KSC1?marker=741311
378,249,USD,ORD,TOL,"Toledo, United States",US,2026-08-31,1,https://www.aviasales.com/search/ORD3108TOL1?marker=741311
379,251,USD,ATL,MOB,"Mobile, United States",US,2026-09-22,1,https://www.aviasales.com/search/ATL2209MOB1?marker=741311
380,252,USD,IAD,RAP,"Rapid City, United States",US,2026-09-02,1,https://www.aviasales.com/search/IAD0209RAP1?marker=741311
381,252,USD,MCO,SMR,"Santa Marta, Colombia",CO,2027-01-16,1,https://www.aviasales.com/search/MCO1601SMR1?marker=741311
382,253,USD,RDU,MUC,"Munich, Germany",DE,2026-10-23,1,https://www.aviasales.com/search/RDU2310MUC1?marker=741311
383,253,USD,PHL,YYT,"St. John's, Canada",CA,2026-10-30,2,https://www.aviasales.com/search/PHL3010YYT1?marker=741311
384,254,USD,JFK,MBL,"Manistee, United States",US,2026-09-01,1,https://www.aviasales.com/search/JFK0109MBL1?marker=741311
385,255,USD,JFK,FRS,"Flores, Guatemala",GT,2026-10-03,1,https://www.aviasales.com/search/JFK0310FRS1?marker=741311
386,255,USD,JFK,REU,"Reus, Spain",ES,2026-10-04,1,https://www.aviasales.com/search/JFK0410REU1?marker=741311
387,256,USD,MIA,BUE,"Buenos Aires, Argentina",AR,2026-09-04,1,https://www.aviasales.com/search/MIA0409BUE1?marker=741311
388,259,USD,JFK,BEG,"Belgrade, Serbia",RS,2026-10-23,1,https://www.aviasales.com/search/JFK2310BEG1?marker=741311
389,259,USD,JFK,OLB,"Olbia, Italy",IT,2026-10-13,1,https://www.aviasales.com/search/JFK1310OLB1?marker=741311
390,260,USD,ORD,SUX,"Sioux City, United States",US,2026-08-30,0,https://www.aviasales.com/search/ORD3008SUX1?marker=741311
391,261,USD,DEN,AGU,"Aguascalientes, Mexico",MX,2026-08-30,1,https://www.aviasales.com/search/DEN3008AGU1?marker=741311
392,263,USD,JFK,ILG,"Wilmington, United States",US,2026-09-02,2,https://www.aviasales.com/search/JFK0209ILG1?marker=741311
393,264,USD,DCA,GND,"St. George's, Grenada",GD,2026-09-17,1,https://www.aviasales.com/search/DCA1709GND1?marker=741311
394,264,USD,JFK,TGD,"Podgorica, Montenegro",ME,2026-10-03,1,https://www.aviasales.com/search/JFK0310TGD1?marker=741311
395,264,USD,JFK,AYT,"Antalya, Turkiye",TR,2026-10-19,2,https://www.aviasales.com/search/JFK1910AYT1?marker=741311
396,265,USD,JFK,POZ,"Poznan, Poland",PL,2026-09-13,1,https://www.aviasales.com/search/JFK1309POZ1?marker=741311
397,267,USD,MCO,RIO,"Rio de Janeiro, Brazil",BR,2026-11-20,1,https://www.aviasales.com/search/MCO2011RIO1?marker=741311
398,267,USD,JFK,AMS,"Amsterdam, Netherlands",NL,2026-10-19,2,https://www.aviasales.com/search/JFK1910AMS1?marker=741311
399,267,USD,JFK,BAQ,"Barranquilla, Colombia",CO,2026-10-02,1,https://www.aviasales.com/search/JFK0210BAQ1?marker=741311
400,268,USD,JFK,ZRH,"Zurich, Switzerland",CH,2026-08-26,1,https://www.aviasales.com/search/JFK2608ZRH1?marker=741311
401,269,USD,JFK,IST,"Istanbul, Turkiye",TR,2026-10-19,2,https://www.aviasales.com/search/JFK1910IST1?marker=741311
402,270,USD,MIA,SCL,"Santiago, Chile",CL,2026-11-04,1,https://www.aviasales.com/search/MIA0411SCL1?marker=741311
403,271,USD,IAD,MSO,"Missoula, United States",US,2026-08-29,1,https://www.aviasales.com/search/IAD2908MSO1?marker=741311
404,271,USD,JFK,BTS,"Bratislava, Slovakia",SK,2026-09-27,1,https://www.aviasales.com/search/JFK2709BTS1?marker=741311
405,272,USD,MSP,SSM,"Sault Ste. Marie, United States",US,2026-09-02,1,https://www.aviasales.com/search/MSP0209SSM1?marker=741311
406,274,USD,MIA,CAP,"Cap Haitien, Haiti",HT,2026-08-27,0,https://www.aviasales.com/search/MIA2708CAP1?marker=741311
407,274,USD,DFW,WYS,"West Yellowstone, United States",US,2026-09-29,1,https://www.aviasales.com/search/DFW2909WYS1?marker=741311
408,275,USD,MCO,BRU,"Brussels, Belgium",BE,2026-10-01,1,https://www.aviasales.com/search/MCO0110BRU1?marker=741311
409,275,USD,DCA,HGH,"Hangzhou, China",CN,2026-10-29,2,https://www.aviasales.com/search/DCA2910HGH1?marker=741311
410,275,USD,FLL,PBG,"Plattsburgh, United States",US,2026-09-01,1,https://www.aviasales.com/search/FLL0109PBG1?marker=741311
411,276,USD,SFO,HAN,"Hanoi, Vietnam",VN,2026-08-25,1,https://www.aviasales.com/search/SFO2508HAN1?marker=741311
412,276,USD,LAS,JNU,"Juneau, United States",US,2026-09-12,3,https://www.aviasales.com/search/LAS1209JNU1?marker=741311
413,277,USD,MIA,MDZ,"Mendoza, Argentina",AR,2026-09-11,1,https://www.aviasales.com/search/MIA1109MDZ1?marker=741311
414,277,USD,ORD,NAP,"Naples, Italy",IT,2026-10-06,1,https://www.aviasales.com/search/ORD0610NAP1?marker=741311
415,277,USD,JFK,TIV,"Tivat, Montenegro",ME,2026-10-15,2,https://www.aviasales.com/search/JFK1510TIV1?marker=741311
416,277,USD,IAH,MOT,"Minot, United States",US,2026-08-30,2,https://www.aviasales.com/search/IAH3008MOT1?marker=741311
417,277,USD,ORD,YKF,"Kitchener, Canada",CA,2026-09-01,1,https://www.aviasales.com/search/ORD0109YKF1?marker=741311
418,277,USD,SLC,TWF,"Twin Falls, United States",US,2026-08-30,2,https://www.aviasales.com/search/SLC3008TWF1?marker=741311
419,278,USD,JFK,SOF,"Sofia, Bulgaria",BG,2026-10-06,1,https://www.aviasales.com/search/JFK0610SOF1?marker=741311
420,278,USD,JFK,TBS,"Tbilisi, Georgia",GE,2026-10-16,1,https://www.aviasales.com/search/JFK1610TBS1?marker=741311
421,278,USD,SAN,MAF,"Midland, United States",US,2026-08-28,2,https://www.aviasales.com/search/SAN2808MAF1?marker=741311
422,279,USD,MIA,CUZ,"Cusco, Peru",PE,2026-08-30,1,https://www.aviasales.com/search/MIA3008CUZ1?marker=741311
423,279,USD,JFK,ALC,"Alicante, Spain",ES,2026-09-08,1,https://www.aviasales.com/search/JFK0809ALC1?marker=741311
424,279,USD,ORD,EAU,"Eau Claire, United States",US,2026-08-29,0,https://www.aviasales.com/search/ORD2908EAU1?marker=741311
425,280,USD,DFW,UBS,"Columbus, United States",US,2026-08-29,0,https://www.aviasales.com/search/DFW2908UBS1?marker=741311
426,281,USD,DFW,CZM,"Cozumel, Mexico",MX,2026-08-26,1,https://www.aviasales.com/search/DFW2608CZM1?marker=741311
427,281,USD,JFK,RIX,"Riga, Latvia",LV,2026-09-08,1,https://www.aviasales.com/search/JFK0809RIX1?marker=741311
428,283,USD,MIA,SRZ,"Santa Cruz, Bolivia",BO,2026-09-23,1,https://www.aviasales.com/search/MIA2309SRZ1?marker=741311
429,283,USD,FLL,ELH,"North Eleuthera, Bahamas",BS,2026-10-22,2,https://www.aviasales.com/search/FLL2210ELH1?marker=741311
430,284,USD,SEA,RMO,"Chisinau, Moldova",MD,2026-10-30,2,https://www.aviasales.com/search/SEA3010RMO1?marker=741311
431,284,USD,JFK,DXB,"Dubai, United Arab Emirates",AE,2026-09-30,1,https://www.aviasales.com/search/JFK3009DXB1?marker=741311
432,284,USD,JFK,IRK,"Kirksville, United States",US,2026-08-31,1,https://www.aviasales.com/search/JFK3108IRK1?marker=741311
433,285,USD,JFK,BOD,"Bordeaux, France",FR,2026-09-24,1,https://www.aviasales.com/search/JFK2409BOD1?marker=741311
434,285,USD,SFO,SKG,"Thessaloniki, Greece",GR,2026-08-30,1,https://www.aviasales.com/search/SFO3008SKG1?marker=741311
435,286,USD,JFK,GVA,"Geneva, Switzerland",CH,2026-09-20,2,https://www.aviasales.com/search/JFK2009GVA1?marker=741311
436,286,USD,FLL,VRB,"Vero Beach, United States",US,2026-09-03,1,https://www.aviasales.com/search/FLL0309VRB1?marker=741311
437,287,USD,JFK,DOM,"Dominica, Dominica",DM,2026-09-23,2,https://www.aviasales.com/search/JFK2309DOM1?marker=741311
438,287,USD,IAD,JED,"Jeddah, Saudi Arabia",SA,2026-11-15,1,https://www.aviasales.com/search/IAD1511JED1?marker=741311
439,288,USD,LAX,OWB,"Owensboro, United States",US,2026-08-30,2,https://www.aviasales.com/search/LAX3008OWB1?marker=741311
440,289,USD,JFK,BAK,"Baku, Azerbaijan",AZ,2026-10-24,1,https://www.aviasales.com/search/JFK2410BAK1?marker=741311
441,289,USD,PHL,BHB,"Bar Harbor, United States",US,2026-08-30,1,https://www.aviasales.com/search/PHL3008BHB1?marker=741311
442,289,USD,JFK,PMI,"Palma, Spain",ES,2026-09-21,1,https://www.aviasales.com/search/JFK2109PMI1?marker=741311
443,289,USD,JFK,ISB,"Islamabad, Pakistan",PK,2026-09-24,1,https://www.aviasales.com/search/JFK2409ISB1?marker=741311
444,290,USD,PHX,CVM,"Ciudad Victoria, Mexico",MX,2026-09-01,2,https://www.aviasales.com/search/PHX0109CVM1?marker=741311
445,291,USD,LAS,PDT,"Pendleton, United States",US,2026-08-31,2,https://www.aviasales.com/search/LAS3108PDT1?marker=741311
446,292,USD,JFK,STO,"Stockholm, Sweden",SE,2026-09-19,1,https://www.aviasales.com/search/JFK1909STO1?marker=741311
447,292,USD,LAX,MSL,"Muscle Shoals, United States",US,2026-08-25,2,https://www.aviasales.com/search/LAX2508MSL1?marker=741311
448,292,USD,MSP,RHI,"Rhinelander, United States",US,2026-08-28,1,https://www.aviasales.com/search/MSP2808RHI1?marker=741311
449,294,USD,PHL,DUS,"Dusseldorf, Germany",DE,2026-10-19,2,https://www.aviasales.com/search/PHL1910DUS1?marker=741311
450,295,USD,ORD,NVA,"Neiva, Colombia",CO,2026-11-18,2,https://www.aviasales.com/search/ORD1811NVA1?marker=741311
451,297,USD,DFW,JBR,"Jonesboro, United States",US,2026-09-02,2,https://www.aviasales.com/search/DFW0209JBR1?marker=741311
452,298,USD,PHL,PKB,"Parkersburg, United States",US,2026-09-03,1,https://www.aviasales.com/search/PHL0309PKB1?marker=741311
453,298,USD,DTW,AIA,"Alliance, United States",US,2026-09-01,2,https://www.aviasales.com/search/DTW0109AIA1?marker=741311
454,299,USD,ATL,FAY,"Fayetteville, United States",US,2026-09-02,2,https://www.aviasales.com/search/ATL0209FAY1?marker=741311
455,299,USD,IAH,CME,"Ciudad Del Carmen, Mexico",MX,2026-08-31,1,https://www.aviasales.com/search/IAH3108CME1?marker=741311
456,301,USD,IAH,TYO,"Tokyo, Japan",JP,2026-09-07,0,https://www.aviasales.com/search/IAH0709TYO1?marker=741311
457,301,USD,BOS,MRS,"Marseille, France",FR,2026-10-16,2,https://www.aviasales.com/search/BOS1610MRS1?marker=741311
458,302,USD,JFK,DEL,"New Delhi, India",IN,2026-09-11,1,https://www.aviasales.com/search/JFK1109DEL1?marker=741311
459,302,USD,IAH,SLN,"Salina, United States",US,2026-08-31,0,https://www.aviasales.com/search/IAH3108SLN1?marker=741311
460,303,USD,SLC,BTM,"Butte, United States",US,2026-09-03,1,https://www.aviasales.com/search/SLC0309BTM1?marker=741311
461,305,USD,JFK,NCE,"Nice, France",FR,2026-09-14,1,https://www.aviasales.com/search/JFK1409NCE1?marker=741311
462,305,USD,LAX,BIH,"Bishop, United States",US,2026-09-10,1,https://www.aviasales.com/search/LAX1009BIH1?marker=741311
463,307,USD,JFK,SSH,"Sharm el Sheikh, Egypt",EG,2026-10-11,1,https://www.aviasales.com/search/JFK1110SSH1?marker=741311
464,307,USD,LAX,SIN,"Singapore, Singapore",SG,2026-08-27,2,https://www.aviasales.com/search/LAX2708SIN1?marker=741311
465,308,USD,MIA,BUH,"Bucharest, Romania",RO,2026-11-13,2,https://www.aviasales.com/search/MIA1311BUH1?marker=741311
466,308,USD,JFK,POA,"Porto Alegre, Brazil",BR,2026-09-25,2,https://www.aviasales.com/search/JFK2509POA1?marker=741311
467,310,USD,MIA,BSB,"Brasilia, Brazil",BR,2026-09-30,1,https://www.aviasales.com/search/MIA3009BSB1?marker=741311
468,310,USD,SFO,MAN,"Manchester, United Kingdom",GB,2026-09-21,2,https://www.aviasales.com/search/SFO2109MAN1?marker=741311
469,310,USD,MCO,RKD,"Rockland, United States",US,2026-09-01,2,https://www.aviasales.com/search/MCO0109RKD1?marker=741311
470,311,USD,IAD,SNN,"Shannon, Ireland",IE,2026-10-24,2,https://www.aviasales.com/search/IAD2410SNN1?marker=741311
471,312,USD,BNA,YYG,"Charlottetown, Canada",CA,2026-08-30,1,https://www.aviasales.com/search/BNA3008YYG1?marker=741311
472,315,USD,FLL,AGP,"Malaga, Spain",ES,2026-09-19,2,https://www.aviasales.com/search/FLL1909AGP1?marker=741311
473,315,USD,JFK,MLA,"Malta, Malta",MT,2026-11-28,2,https://www.aviasales.com/search/JFK2811MLA1?marker=741311
474,315,USD,JFK,BHX,"Birmingham, United Kingdom",GB,2026-09-06,2,https://www.aviasales.com/search/JFK0609BHX1?marker=741311
475,317,USD,JFK,OPO,"Porto, Portugal",PT,2026-09-20,1,https://www.aviasales.com/search/JFK2009OPO1?marker=741311
476,317,USD,JFK,HTS,"Huntington, United States",US,2026-12-12,3,https://www.aviasales.com/search/JFK1212HTS1?marker=741311
477,317,USD,LAS,LRM,"La Romana, Dominican Republic",DO,2027-01-01,2,https://www.aviasales.com/search/LAS0101LRM1?marker=741311
478,319,USD,MCO,BLI,"Bellingham, United States",US,2026-08-29,2,https://www.aviasales.com/search/MCO2908BLI1?marker=741311
479,320,USD,JFK,HAM,"Hamburg, Germany",DE,2026-09-26,1,https://www.aviasales.com/search/JFK2609HAM1?marker=741311
480,320,USD,JFK,ANK,"Ankara, Turkiye",TR,2026-09-29,2,https://www.aviasales.com/search/JFK2909ANK1?marker=741311
481,323,USD,SEA,BLQ,"Bologna, Italy",IT,2026-09-10,2,https://www.aviasales.com/search/SEA1009BLQ1?marker=741311
482,323,USD,JFK,LAL,"Lakeland, United States",US,2026-10-01,2,https://www.aviasales.com/search/JFK0110LAL1?marker=741311
483,324,USD,LAS,HKG,"Hong Kong, Hong Kong",HK,2026-10-15,2,https://www.aviasales.com/search/LAS1510HKG1?marker=741311
484,326,USD,JFK,REK,"Reykjavik, Iceland",IS,2026-09-16,0,https://www.aviasales.com/search/JFK1609REK1?marker=741311
485,326,USD,JFK,BSZ,"Bishkek, Kyrgyzstan",KG,2026-10-19,2,https://www.aviasales.com/search/JFK1910BSZ1?marker=741311
486,327,USD,LAX,CTU,"Chengdu, China",CN,2026-08-31,1,https://www.aviasales.com/search/LAX3108CTU1?marker=741311
487,328,USD,SFO,SEL,"Seoul, South Korea",KR,2026-09-05,0,https://www.aviasales.com/search/SFO0509SEL1?marker=741311
488,329,USD,DEN,HEL,"Helsinki, Finland",FI,2026-10-21,2,https://www.aviasales.com/search/DEN2110HEL1?marker=741311
489,330,USD,JFK,CTA,"Catania, Italy",IT,2026-09-13,1,https://www.aviasales.com/search/JFK1309CTA1?marker=741311
490,331,USD,CLT,CUR,"Curacao, Curaçao",CW,2026-09-21,2,https://www.aviasales.com/search/CLT2109CUR1?marker=741311
491,332,USD,MIA,CMN,"Casablanca, Morocco",MA,2026-11-03,2,https://www.aviasales.com/search/MIA0311CMN1?marker=741311
492,332,USD,ATL,CUC,"Cucuta, Colombia",CO,2026-12-14,3,https://www.aviasales.com/search/ATL1412CUC1?marker=741311
493,332,USD,JFK,CAI,"Cairo, Egypt",EG,2026-09-29,1,https://www.aviasales.com/search/JFK2909CAI1?marker=741311
494,332,USD,BOS,VLC,"Valencia, Spain",ES,2026-10-29,2,https://www.aviasales.com/search/BOS2910VLC1?marker=741311
495,332,USD,JFK,PMO,"Palermo, Italy",IT,2026-09-13,1,https://www.aviasales.com/search/JFK1309PMO1?marker=741311
496,332,USD,PHL,AOO,"Altoona, United States",US,2026-08-29,1,https://www.aviasales.com/search/PHL2908AOO1?marker=741311
497,333,USD,SEA,BKK,"Bangkok, Thailand",TH,2026-11-27,1,https://www.aviasales.com/search/SEA2711BKK1?marker=741311
498,333,USD,JFK,GTF,"Great Falls, United States",US,2026-08-29,1,https://www.aviasales.com/search/JFK2908GTF1?marker=741311
499,333,USD,JFK,ZIH,"Ixtapa, Mexico",MX,2026-08-31,2,https://www.aviasales.com/search/JFK3108ZIH1?marker=741311
500,333,USD,SEA,YCD,"Nanaimo, Canada",CA,2026-08-31,3,https://www.aviasales.com/search/SEA3108YCD1?marker=741311
501,334,USD,BOS,ADD,"Addis Ababa, Ethiopia",ET,2026-08-28,1,https://www.aviasales.com/search/BOS2808ADD1?marker=741311
502,334,USD,JFK,KHI,"Karachi, Pakistan",PK,2026-09-01,1,https://www.aviasales.com/search/JFK0109KHI1?marker=741311
503,334,USD,LAX,NCL,"Newcastle, United Kingdom",GB,2026-12-01,1,https://www.aviasales.com/search/LAX0112NCL1?marker=741311
504,335,USD,JFK,BOM,"Mumbai, India",IN,2026-11-14,1,https://www.aviasales.com/search/JFK1411BOM1?marker=741311
505,336,USD,LAS,CEZ,"Cortez, United States",US,2026-09-01,2,https://www.aviasales.com/search/LAS0109CEZ1?marker=741311
506,336,USD,DTW,FLR,"Florence, Italy",IT,2026-10-11,2,https://www.aviasales.com/search/DTW1110FLR1?marker=741311
507,336,USD,JFK,GLA,"Glasgow, United Kingdom",GB,2026-11-19,1,https://www.aviasales.com/search/JFK1911GLA1?marker=741311
508,337,USD,DFW,NBO,"Nairobi, Kenya",KE,2027-01-15,2,https://www.aviasales.com/search/DFW1501NBO1?marker=741311
509,337,USD,SEA,GDV,"Glendive, United States",US,2026-09-01,2,https://www.aviasales.com/search/SEA0109GDV1?marker=741311
510,338,USD,LAS,FOC,"Fuzhou, China",CN,2026-12-30,2,https://www.aviasales.com/search/LAS3012FOC1?marker=741311
511,338,USD,IAD,NTE,"Nantes, France",FR,2026-11-05,3,https://www.aviasales.com/search/IAD0511NTE1?marker=741311
512,340,USD,DFW,PTP,"Pointe-a-pitre, Guadeloupe",GP,2026-12-05,2,https://www.aviasales.com/search/DFW0512PTP1?marker=741311
513,340,USD,BNA,ZLO,"Manzanillo, Mexico",MX,2026-09-06,3,https://www.aviasales.com/search/BNA0609ZLO1?marker=741311
514,341,USD,MIA,FLN,"Florianopolis, Brazil",BR,2026-09-30,2,https://www.aviasales.com/search/MIA3009FLN1?marker=741311
515,341,USD,DEN,CGI,"Cape Girardeau, United States",US,2026-09-02,1,https://www.aviasales.com/search/DEN0209CGI1?marker=741311
516,342,USD,JFK,LPA,"Las Palmas, Spain",ES,2026-09-11,1,https://www.aviasales.com/search/JFK1109LPA1?marker=741311
517,343,USD,JFK,TIA,"Tirana, Albania",AL,2026-09-24,1,https://www.aviasales.com/search/JFK2409TIA1?marker=741311
518,345,USD,RDU,HHH,"Hilton Head, United States",US,2026-09-01,2,https://www.aviasales.com/search/RDU0109HHH1?marker=741311
519,345,USD,IAD,VRN,"Verona, Italy",IT,2026-10-16,3,https://www.aviasales.com/search/IAD1610VRN1?marker=741311
520,345,USD,SEA,YKA,"Kamloops, Canada",CA,2026-09-02,2,https://www.aviasales.com/search/SEA0209YKA1?marker=741311
521,346,USD,LAX,SGN,"Ho Chi Minh City, Vietnam",VN,2026-10-25,1,https://www.aviasales.com/search/LAX2510SGN1?marker=741311
522,346,USD,JFK,IBZ,"Ibiza, Spain",ES,2026-08-26,1,https://www.aviasales.com/search/JFK2608IBZ1?marker=741311
523,346,USD,BOS,PDL,"Ponta Delgada, Portugal",PT,2026-09-07,1,https://www.aviasales.com/search/BOS0709PDL1?marker=741311
524,346,USD,LAS,WRO,"Wroclaw, Poland",PL,2026-09-29,3,https://www.aviasales.com/search/LAS2909WRO1?marker=741311
525,347,USD,MIA,FOR,"Fortaleza, Brazil",BR,2026-10-05,2,https://www.aviasales.com/search/MIA0510FOR1?marker=741311
526,347,USD,JFK,FNC,"Funchal, Portugal",PT,2026-09-07,1,https://www.aviasales.com/search/JFK0709FNC1?marker=741311
527,347,USD,JFK,HAJ,"Hannover, Germany",DE,2027-02-03,1,https://www.aviasales.com/search/JFK0302HAJ1?marker=741311
528,348,USD,ORD,DPS,"Denpasar (Bali), Indonesia",ID,2026-09-07,1,https://www.aviasales.com/search/ORD0709DPS1?marker=741311
529,348,USD,JFK,TUN,"Tunis, Tunisia",TN,2026-09-26,1,https://www.aviasales.com/search/JFK2609TUN1?marker=741311
530,348,USD,SLC,CEC,"Crescent City, United States",US,2026-08-30,2,https://www.aviasales.com/search/SLC3008CEC1?marker=741311
531,349,USD,BOS,GRO,"Girona, Spain",ES,2026-10-28,2,https://www.aviasales.com/search/BOS2810GRO1?marker=741311
532,350,USD,PHL,KTW,"Katowice, Poland",PL,2026-10-10,2,https://www.aviasales.com/search/PHL1010KTW1?marker=741311
533,351,USD,JFK,RUH,"Riyadh, Saudi Arabia",SA,2026-09-27,1,https://www.aviasales.com/search/JFK2709RUH1?marker=741311
534,351,USD,BOS,LYS,"Lyon, France",FR,2026-10-16,1,https://www.aviasales.com/search/BOS1610LYS1?marker=741311
535,352,USD,MCO,MGM,"Montgomery, United States",US,2026-08-31,2,https://www.aviasales.com/search/MCO3108MGM1?marker=741311
536,352,USD,BOS,SCV,"Suceava, Romania",RO,2026-09-14,3,https://www.aviasales.com/search/BOS1409SCV1?marker=741311
537,352,USD,SEA,YMM,"Fort McMurray, Canada",CA,2026-08-30,3,https://www.aviasales.com/search/SEA3008YMM1?marker=741311
538,353,USD,LAX,RAK,"Marrakech, Morocco",MA,2026-09-27,1,https://www.aviasales.com/search/LAX2709RAK1?marker=741311
539,354,USD,MCO,CWB,"Curitiba, Brazil",BR,2026-09-15,2,https://www.aviasales.com/search/MCO1509CWB1?marker=741311
540,358,USD,MCO,CCS,"Caracas, Venezuela",VE,2026-09-01,2,https://www.aviasales.com/search/MCO0109CCS1?marker=741311
541,358,USD,TPA,NVT,"Navegantes, Brazil",BR,2026-10-25,2,https://www.aviasales.com/search/TPA2510NVT1?marker=741311
542,359,USD,JFK,ALA,"Almaty, Kazakhstan",KZ,2026-10-18,2,https://www.aviasales.com/search/JFK1810ALA1?marker=741311
543,359,USD,LAX,JKT,"Jakarta, Indonesia",ID,2026-09-08,1,https://www.aviasales.com/search/LAX0809JKT1?marker=741311
544,359,USD,LAX,SMX,"Santa Maria, United States",US,2026-08-29,1,https://www.aviasales.com/search/LAX2908SMX1?marker=741311
545,360,USD,BOS,TCI,"Tenerife, Spain",ES,2026-09-22,1,https://www.aviasales.com/search/BOS2209TCI1?marker=741311
546,360,USD,PHX,GUC,"Gunnison, United States",US,2026-09-01,1,https://www.aviasales.com/search/PHX0109GUC1?marker=741311
547,361,USD,ATL,LHE,"Lahore, Pakistan",PK,2026-08-25,1,https://www.aviasales.com/search/ATL2508LHE1?marker=741311
548,361,USD,PHL,VAR,"Varna, Bulgaria",BG,2026-10-07,2,https://www.aviasales.com/search/PHL0710VAR1?marker=741311
549,364,USD,DFW,LBL,"Liberal, United States",US,2026-09-01,1,https://www.aviasales.com/search/DFW0109LBL1?marker=741311
550,364,USD,BOS,YSJ,"Saint John, Canada",CA,2026-09-03,1,https://www.aviasales.com/search/BOS0309YSJ1?marker=741311
551,364,USD,JFK,ELM,"Elmira, United States",US,2026-08-29,1,https://www.aviasales.com/search/JFK2908ELM1?marker=741311
552,364,USD,JFK,PJM,"Puerto Jimenez, Costa Rica",CR,2026-09-03,1,https://www.aviasales.com/search/JFK0309PJM1?marker=741311
553,366,USD,JFK,BFS,"Belfast, United Kingdom",GB,2026-08-25,1,https://www.aviasales.com/search/JFK2508BFS1?marker=741311
554,366,USD,PDX,BLL,"Billund, Denmark",DK,2026-09-28,1,https://www.aviasales.com/search/PDX2809BLL1?marker=741311
555,367,USD,MIA,SLA,"Salta, Argentina",AR,2027-01-03,1,https://www.aviasales.com/search/MIA0301SLA1?marker=741311
556,367,USD,LAX,MEL,"Melbourne, Australia",AU,2026-08-27,1,https://www.aviasales.com/search/LAX2708MEL1?marker=741311
557,367,USD,IAH,CPX,"Culebra, Puerto Rico",PR,2026-10-20,2,https://www.aviasales.com/search/IAH2010CPX1?marker=741311
558,368,USD,MIA,VRA,"Varadero, Cuba",CU,2026-11-02,0,https://www.aviasales.com/search/MIA0211VRA1?marker=741311
559,368,USD,JFK,SHJ,"Sharjah, United Arab Emirates",AE,2026-10-25,2,https://www.aviasales.com/search/JFK2510SHJ1?marker=741311
560,368,USD,DEN,DIK,"Dickinson, United States",US,2026-08-29,0,https://www.aviasales.com/search/DEN2908DIK1?marker=741311
561,368,USD,JFK,PVC,"Provincetown, United States",US,2026-08-29,1,https://www.aviasales.com/search/JFK2908PVC1?marker=741311
562,368,USD,JFK,JTR,"Thira, Greece",GR,2026-09-27,1,https://www.aviasales.com/search/JFK2709JTR1?marker=741311
563,369,USD,JFK,DLM,"Dalaman, Turkiye",TR,2026-08-28,1,https://www.aviasales.com/search/JFK2808DLM1?marker=741311
564,369,USD,JFK,ORK,"Cork, Ireland",IE,2026-08-25,2,https://www.aviasales.com/search/JFK2508ORK1?marker=741311
565,369,USD,LAX,AKL,"Auckland, New Zealand",NZ,2027-02-02,1,https://www.aviasales.com/search/LAX0202AKL1?marker=741311
566,371,USD,ORD,HKT,"Phuket, Thailand",TH,2026-09-10,1,https://www.aviasales.com/search/ORD1009HKT1?marker=741311
567,375,USD,LAS,MKL,"Jackson, United States",US,2026-08-30,2,https://www.aviasales.com/search/LAS3008MKL1?marker=741311
568,376,USD,ORD,ALG,"Algiers, Algeria",DZ,2026-10-20,1,https://www.aviasales.com/search/ORD2010ALG1?marker=741311
569,376,USD,LAX,LTO,"Loreto, Mexico",MX,2026-08-31,2,https://www.aviasales.com/search/LAX3108LTO1?marker=741311
570,377,USD,JFK,HRG,"Hurghada, Egypt",EG,2026-09-19,3,https://www.aviasales.com/search/JFK1909HRG1?marker=741311
571,377,USD,JFK,BGO,"Bergen, Norway",NO,2026-08-28,2,https://www.aviasales.com/search/JFK2808BGO1?marker=741311
572,377,USD,BNA,PXM,"Puerto Escondido, Mexico",MX,2026-09-02,3,https://www.aviasales.com/search/BNA0209PXM1?marker=741311
573,377,USD,MCO,BHZ,"Belo Horizonte, Brazil",BR,2026-10-14,2,https://www.aviasales.com/search/MCO1410BHZ1?marker=741311
574,378,USD,LAX,NAN,"Nadi, Fiji",FJ,2027-02-01,0,https://www.aviasales.com/search/LAX0102NAN1?marker=741311
575,378,USD,LAX,SIT,"Sitka, United States",US,2026-12-21,2,https://www.aviasales.com/search/LAX2112SIT1?marker=741311
576,379,USD,LAX,KUL,"Kuala Lumpur, Malaysia",MY,2026-09-03,1,https://www.aviasales.com/search/LAX0309KUL1?marker=741311
577,379,USD,IAD,SHD,"Staunton, United States",US,2026-08-30,2,https://www.aviasales.com/search/IAD3008SHD1?marker=741311
578,379,USD,IAD,MAA,"Chennai, India",IN,2026-09-21,1,https://www.aviasales.com/search/IAD2109MAA1?marker=741311
579,380,USD,TPA,EWB,"New Bedford, United States",US,2026-09-01,2,https://www.aviasales.com/search/TPA0109EWB1?marker=741311
580,380,USD,SEA,CRK,"City of Angeles, Philippines",PH,2026-10-06,1,https://www.aviasales.com/search/SEA0610CRK1?marker=741311
581,381,USD,MIA,GDT,"Grand Turk, Turks and Caicos Islands",TC,2026-11-17,2,https://www.aviasales.com/search/MIA1711GDT1?marker=741311
582,381,USD,JFK,BIO,"Bilbao, Spain",ES,2026-08-25,1,https://www.aviasales.com/search/JFK2508BIO1?marker=741311
583,381,USD,ATL,AUH,"Abu Dhabi, United Arab Emirates",AE,2026-12-06,3,https://www.aviasales.com/search/ATL0612AUH1?marker=741311
584,381,USD,MCO,PFO,"Paphos, Cyprus",CY,2026-09-18,2,https://www.aviasales.com/search/MCO1809PFO1?marker=741311
585,382,USD,ORD,LET,"Leticia, Colombia",CO,2026-09-26,3,https://www.aviasales.com/search/ORD2609LET1?marker=741311
586,386,USD,MIA,MVD,"Montevideo, Uruguay",UY,2026-12-08,1,https://www.aviasales.com/search/MIA0812MVD1?marker=741311
587,386,USD,JFK,OSS,"Osh, Kyrgyzstan",KG,2026-10-15,3,https://www.aviasales.com/search/JFK1510OSS1?marker=741311
588,386,USD,BOS,JER,"Jersey, Jersey",JE,2026-10-11,1,https://www.aviasales.com/search/BOS1110JER1?marker=741311
589,386,USD,JFK,IZM,"Izmir, Turkiye",TR,2026-08-26,1,https://www.aviasales.com/search/JFK2608IZM1?marker=741311
590,386,USD,SEA,HER,"Heraklion, Greece",GR,2026-08-31,3,https://www.aviasales.com/search/SEA3108HER1?marker=741311
591,386,USD,SEA,PPG,"Pago Pago, American Samoa",AS,2026-10-22,1,https://www.aviasales.com/search/SEA2210PPG1?marker=741311
592,388,USD,LAX,SHA,"Shanghai, China",CN,2026-10-25,1,https://www.aviasales.com/search/LAX2510SHA1?marker=741311
593,389,USD,ATL,DOH,"Doha, Qatar",QA,2026-08-31,1,https://www.aviasales.com/search/ATL3108DOH1?marker=741311
594,389,USD,RDU,PHF,"Newport News, United States",US,2026-08-31,2,https://www.aviasales.com/search/RDU3108PHF1?marker=741311
595,389,USD,LAX,SZX,"Shenzhen, China",CN,2026-11-10,1,https://www.aviasales.com/search/LAX1011SZX1?marker=741311
596,390,USD,LAX,SYX,"Sanya, China",CN,2026-10-25,1,https://www.aviasales.com/search/LAX2510SYX1?marker=741311
597,390,USD,LAX,CEB,"Cebu City, Philippines",PH,2026-08-26,1,https://www.aviasales.com/search/LAX2608CEB1?marker=741311
598,390,USD,JFK,KWI,"Kuwait City, Kuwait",KW,2026-10-24,2,https://www.aviasales.com/search/JFK2410KWI1?marker=741311
599,390,USD,JFK,BLR,"Bengaluru, India",IN,2026-09-19,1,https://www.aviasales.com/search/JFK1909BLR1?marker=741311
600,390,USD,LAX,SHE,"Shenyang, China",CN,2026-08-30,1,https://www.aviasales.com/search/LAX3008SHE1?marker=741311
601,390,USD,IAH,SJT,"San Angelo, United States",US,2026-08-29,1,https://www.aviasales.com/search/IAH2908SJT1?marker=741311
602,391,USD,JFK,KRR,"Krasnodar, Russia",RU,2026-10-21,2,https://www.aviasales.com/search/JFK2110KRR1?marker=741311
603,391,USD,JFK,EIN,"Eindhoven, Netherlands",NL,2026-08-25,1,https://www.aviasales.com/search/JFK2508EIN1?marker=741311
604,391,USD,SLC,LUX,"Luxembourg, Luxembourg",LU,2026-10-07,2,https://www.aviasales.com/search/SLC0710LUX1?marker=741311
605,392,USD,SEA,COD,"Cody, United States",US,2026-09-01,1,https://www.aviasales.com/search/SEA0109COD1?marker=741311
606,392,USD,PHL,GOT,"Gothenburg, Sweden",SE,2026-09-14,2,https://www.aviasales.com/search/PHL1409GOT1?marker=741311
607,393,USD,MIA,REC,"Recife, Brazil",BR,2026-12-04,2,https://www.aviasales.com/search/MIA0412REC1?marker=741311
608,393,USD,SFO,CSX,"Changsha, China",CN,2027-01-25,1,https://www.aviasales.com/search/SFO2501CSX1?marker=741311
609,394,USD,ORD,MBS,"Saginaw, United States",US,2026-09-02,0,https://www.aviasales.com/search/ORD0209MBS1?marker=741311
610,394,USD,JFK,MAM,"Matamoros, Mexico",MX,2026-09-04,2,https://www.aviasales.com/search/JFK0409MAM1?marker=741311
611,395,USD,JFK,DAC,"Dhaka, Bangladesh",BD,2027-02-18,1,https://www.aviasales.com/search/JFK1802DAC1?marker=741311
612,398,USD,JFK,GUP,"Gallup, United States",US,2026-09-01,2,https://www.aviasales.com/search/JFK0109GUP1?marker=741311
613,398,USD,TPA,LAW,"Lawton, United States",US,2026-08-31,2,https://www.aviasales.com/search/TPA3108LAW1?marker=741311
614,398,USD,LAX,ZAG,"Zagreb, Croatia",HR,2026-10-02,2,https://www.aviasales.com/search/LAX0210ZAG1?marker=741311
615,399,USD,LAX,CAN,"Guangzhou, China",CN,2026-09-28,1,https://www.aviasales.com/search/LAX2809CAN1?marker=741311
616,399,USD,PHX,YUM,"Yuma, United States",US,2026-09-01,0,https://www.aviasales.com/search/PHX0109YUM1?marker=741311
617,401,USD,BOS,EAP,"Basel, Switzerland",CH,2026-11-13,1,https://www.aviasales.com/search/BOS1311EAP1?marker=741311
618,401,USD,JFK,GPS,"Galapagos Islands, Ecuador",EC,2026-11-16,2,https://www.aviasales.com/search/JFK1611GPS1?marker=741311
619,402,USD,MIA,OCJ,"Ocho Rios, Jamaica",JM,2026-11-30,0,https://www.aviasales.com/search/MIA3011OCJ1?marker=741311
620,403,USD,JFK,TZX,"Trabzon, Turkiye",TR,2026-08-30,3,https://www.aviasales.com/search/JFK3008TZX1?marker=741311
621,403,USD,LAX,LBA,"Leeds, United Kingdom",GB,2026-09-06,3,https://www.aviasales.com/search/LAX0609LBA1?marker=741311
622,404,USD,LAX,CNX,"Chiang Mai, Thailand",TH,2026-09-10,2,https://www.aviasales.com/search/LAX1009CNX1?marker=741311
623,404,USD,DTW,DVL,"Devils Lake, United States",US,2026-08-30,1,https://www.aviasales.com/search/DTW3008DVL1?marker=741311
624,404,USD,PHL,PAH,"Paducah, United States",US,2026-08-28,1,https://www.aviasales.com/search/PHL2808PAH1?marker=741311
625,405,USD,SFO,DAD,"Da Nang, Vietnam",VN,2026-10-01,1,https://www.aviasales.com/search/SFO0110DAD1?marker=741311
626,406,USD,LAX,DBV,"Dubrovnik, Croatia",HR,2026-10-19,2,https://www.aviasales.com/search/LAX1910DBV1?marker=741311
627,406,USD,JFK,GUW,"Atyrau, Kazakhstan",KZ,2026-10-19,2,https://www.aviasales.com/search/JFK1910GUW1?marker=741311
628,406,USD,JFK,REX,"Reynosa, Mexico",MX,2026-08-30,2,https://www.aviasales.com/search/JFK3008REX1?marker=741311
629,406,USD,IAH,MCW,"Mason City, United States",US,2026-09-02,1,https://www.aviasales.com/search/IAH0209MCW1?marker=741311
630,406,USD,TPA,CVN,"Clovis, United States",US,2026-08-30,2,https://www.aviasales.com/search/TPA3008CVN1?marker=741311
631,408,USD,LAX,BJS,"Beijing, China",CN,2026-11-13,1,https://www.aviasales.com/search/LAX1311BJS1?marker=741311
632,408,USD,ORD,PMF,"Parma, Italy",IT,2026-10-21,3,https://www.aviasales.com/search/ORD2110PMF1?marker=741311
633,409,USD,BNA,RST,"Rochester, United States",US,2026-09-04,2,https://www.aviasales.com/search/BNA0409RST1?marker=741311
634,409,USD,BNA,MQT,"Marquette, United States",US,2026-09-03,2,https://www.aviasales.com/search/BNA0309MQT1?marker=741311
635,409,USD,TPA,NUE,"Nuremberg, Germany",DE,2026-11-02,3,https://www.aviasales.com/search/TPA0211NUE1?marker=741311
636,410,USD,MIA,FTE,"El Calafate, Argentina",AR,2026-10-01,1,https://www.aviasales.com/search/MIA0110FTE1?marker=741311
637,410,USD,SEA,OSA,"Osaka, Japan",JP,2026-11-07,1,https://www.aviasales.com/search/SEA0711OSA1?marker=741311
638,410,USD,JFK,BAH,"Manama, Bahrain",BH,2026-08-30,1,https://www.aviasales.com/search/JFK3008BAH1?marker=741311
639,411,USD,ORD,SVG,"Stavanger, Norway",NO,2026-10-15,3,https://www.aviasales.com/search/ORD1510SVG1?marker=741311
640,411,USD,ORD,TYR,"Tyler, United States",US,2026-08-29,1,https://www.aviasales.com/search/ORD2908TYR1?marker=741311
641,411,USD,PDX,YQM,"Moncton, Canada",CA,2026-09-03,3,https://www.aviasales.com/search/PDX0309YQM1?marker=741311
642,412,USD,JFK,TRS,"Trieste, Italy",IT,2027-02-01,2,https://www.aviasales.com/search/JFK0102TRS1?marker=741311
643,415,USD,IAD,COR,"Cordoba, Argentina",AR,2026-10-11,1,https://www.aviasales.com/search/IAD1110COR1?marker=741311
644,416,USD,BOS,RMU,"Murcia, Spain",ES,2026-10-30,3,https://www.aviasales.com/search/BOS3010RMU1?marker=741311
645,417,USD,ATL,AMD,"Ahmedabad, India",IN,2026-11-04,1,https://www.aviasales.com/search/ATL0411AMD1?marker=741311
646,417,USD,LAX,SJJ,"Sarajevo, Bosnia and Herzegovina",BA,2026-09-13,2,https://www.aviasales.com/search/LAX1309SJJ1?marker=741311
647,418,USD,LAX,HRB,"Harbin, China",CN,2026-12-01,1,https://www.aviasales.com/search/LAX0112HRB1?marker=741311
648,419,USD,JFK,CPT,"Cape Town, South Africa",ZA,2026-10-28,1,https://www.aviasales.com/search/JFK2810CPT1?marker=741311
649,420,USD,IAD,ZSA,"San Salvador, Bahamas",BS,2026-12-16,3,https://www.aviasales.com/search/IAD1612ZSA1?marker=741311
650,420,USD,DCA,PLQ,"Palanga, Lithuania",LT,2026-09-05,2,https://www.aviasales.com/search/DCA0509PLQ1?marker=741311
651,421,USD,DFW,RTB,"Roatan, Honduras",HN,2027-02-10,1,https://www.aviasales.com/search/DFW1002RTB1?marker=741311
652,421,USD,LAX,ASU,"Asuncion, Paraguay",PY,2026-09-05,1,https://www.aviasales.com/search/LAX0509ASU1?marker=741311
653,421,USD,DEN,BRS,"Bristol, United Kingdom",GB,2026-09-16,3,https://www.aviasales.com/search/DEN1609BRS1?marker=741311
654,422,USD,SAN,FMN,"Farmington, United States",US,2026-08-30,1,https://www.aviasales.com/search/SAN3008FMN1?marker=741311
655,423,USD,SAN,RKS,"Rock Springs, United States",US,2026-08-30,1,https://www.aviasales.com/search/SAN3008RKS1?marker=741311
656,424,USD,JFK,MED,"Medina, Saudi Arabia",SA,2026-08-25,2,https://www.aviasales.com/search/JFK2508MED1?marker=741311
657,425,USD,JFK,NQZ,"Astana, Kazakhstan",KZ,2026-10-14,2,https://www.aviasales.com/search/JFK1410NQZ1?marker=741311
658,425,USD,BOS,SKP,"Skopje, North Macedonia",MK,2026-09-17,2,https://www.aviasales.com/search/BOS1709SKP1?marker=741311
659,425,USD,LAX,TAO,"Qingdao, China",CN,2026-09-01,1,https://www.aviasales.com/search/LAX0109TAO1?marker=741311
660,425,USD,LAX,LXR,"Luxor, Egypt",EG,2026-09-05,1,https://www.aviasales.com/search/LAX0509LXR1?marker=741311
661,427,USD,JFK,OSR,"Ostrava, Czech Republic",CZ,2026-09-21,3,https://www.aviasales.com/search/JFK2109OSR1?marker=741311
662,427,USD,LAX,RIW,"Riverton, United States",US,2026-09-04,1,https://www.aviasales.com/search/LAX0409RIW1?marker=741311
663,428,USD,SEA,SYD,"Sydney, Australia",AU,2026-08-25,1,https://www.aviasales.com/search/SEA2508SYD1?marker=741311
664,428,USD,LAX,BGW,"Baghdad, Iraq",IQ,2026-09-03,1,https://www.aviasales.com/search/LAX0309BGW1?marker=741311
665,430,USD,JFK,SXB,"Strasbourg, France",FR,2026-09-10,2,https://www.aviasales.com/search/JFK1009SXB1?marker=741311
666,430,USD,SEA,TGM,"Tirgu Mures, Romania",RO,2026-12-07,2,https://www.aviasales.com/search/SEA0712TGM1?marker=741311
667,431,USD,IAD,STR,"Stuttgart, Germany",DE,2026-09-27,3,https://www.aviasales.com/search/IAD2709STR1?marker=741311
668,431,USD,JFK,EBB,"Entebbe, Uganda",UG,2026-09-16,2,https://www.aviasales.com/search/JFK1609EBB1?marker=741311
669,431,USD,JFK,NAV,"Nevsehir, Turkiye",TR,2026-09-27,2,https://www.aviasales.com/search/JFK2709NAV1?marker=741311
670,432,USD,FLL,TGU,"Tegucigalpa, Honduras",HN,2026-09-13,1,https://www.aviasales.com/search/FLL1309TGU1?marker=741311
671,433,USD,SEA,LED,"Saint Petersburg, Russia",RU,2026-09-25,3,https://www.aviasales.com/search/SEA2509LED1?marker=741311
672,433,USD,JFK,AXM,"Armenia, Colombia",CO,2026-11-25,1,https://www.aviasales.com/search/JFK2511AXM1?marker=741311
673,434,USD,LAX,PNH,"Phnom Penh, Cambodia",KH,2026-11-01,1,https://www.aviasales.com/search/LAX0111PNH1?marker=741311
674,434,USD,LAS,OTH,"North Bend, United States",US,2026-09-04,1,https://www.aviasales.com/search/LAS0409OTH1?marker=741311
675,435,USD,SEA,GZP,"Alanya, Turkiye",TR,2026-10-19,3,https://www.aviasales.com/search/SEA1910GZP1?marker=741311
676,436,USD,MIA,CRA,"Craiova, Romania",RO,2026-09-20,3,https://www.aviasales.com/search/MIA2009CRA1?marker=741311
677,437,USD,JFK,KZN,"Kazan, Russia",RU,2026-10-21,2,https://www.aviasales.com/search/JFK2110KZN1?marker=741311
678,438,USD,JFK,CMB,"Colombo, Sri Lanka",LK,2026-09-28,1,https://www.aviasales.com/search/JFK2809CMB1?marker=741311
679,439,USD,MIA,JPA,"Joao Pessoa, Brazil",BR,2026-09-02,1,https://www.aviasales.com/search/MIA0209JPA1?marker=741311
680,439,USD,JFK,DKR,"Dakar, Senegal",SN,2026-08-27,1,https://www.aviasales.com/search/JFK2708DKR1?marker=741311
681,440,USD,JFK,CYS,"Cheyenne, United States",US,2026-08-31,1,https://www.aviasales.com/search/JFK3108CYS1?marker=741311
682,441,USD,DEN,CWL,"Cardiff, United Kingdom",GB,2026-09-16,3,https://www.aviasales.com/search/DEN1609CWL1?marker=741311
683,441,USD,LAS,YXY,"Whitehorse, Canada",CA,2026-09-03,1,https://www.aviasales.com/search/LAS0309YXY1?marker=741311
684,442,USD,ORD,YFC,"Fredericton, Canada",CA,2026-08-28,2,https://www.aviasales.com/search/ORD2808YFC1?marker=741311
685,444,USD,JFK,MCX,"Makhachkala, Russia",RU,2026-09-02,2,https://www.aviasales.com/search/JFK0209MCX1?marker=741311
686,447,USD,BOS,CGN,"Cologne, Germany",DE,2026-10-15,2,https://www.aviasales.com/search/BOS1510CGN1?marker=741311
687,448,USD,MIA,ALY,"Alexandria, Egypt",EG,2026-09-09,1,https://www.aviasales.com/search/MIA0909ALY1?marker=741311
688,448,USD,DCA,HYS,"Hays, United States",US,2026-08-29,1,https://www.aviasales.com/search/DCA2908HYS1?marker=741311
689,448,USD,BOS,RAI,"Praia, Cape Verde",CV,2026-09-29,1,https://www.aviasales.com/search/BOS2909RAI1?marker=741311
690,449,USD,DFW,HVR,"Havre, United States",US,2026-09-04,1,https://www.aviasales.com/search/DFW0409HVR1?marker=741311
691,449,USD,JFK,SKB,"Basseterre, Saint Kitts and Nevis",KN,2026-08-30,1,https://www.aviasales.com/search/JFK3008SKB1?marker=741311
692,453,USD,JFK,ALO,"Waterloo, United States",US,2026-08-28,1,https://www.aviasales.com/search/JFK2808ALO1?marker=741311
693,453,USD,SFO,MAO,"Manaus, Brazil",BR,2026-09-21,3,https://www.aviasales.com/search/SFO2109MAO1?marker=741311
694,454,USD,JFK,AER,"Adler/Sochi, Russia",RU,2026-12-05,3,https://www.aviasales.com/search/JFK0512AER1?marker=741311
695,455,USD,JFK,MCT,"Muscat, Oman",OM,2026-10-24,2,https://www.aviasales.com/search/JFK2410MCT1?marker=741311
696,456,USD,SEA,UBN,"Ulaanbaatar, Mongolia",MN,2026-08-28,1,https://www.aviasales.com/search/SEA2808UBN1?marker=741311
697,458,USD,LAS,NGO,"Nagoya, Japan",JP,2026-09-17,2,https://www.aviasales.com/search/LAS1709NGO1?marker=741311
698,458,USD,SFO,TNA,"Jinan, China",CN,2026-10-29,1,https://www.aviasales.com/search/SFO2910TNA1?marker=741311
699,459,USD,JFK,MOW,"Moscow, Russia",RU,2026-10-19,2,https://www.aviasales.com/search/JFK1910MOW1?marker=741311
700,459,USD,ORD,ART,"Watertown, United States",US,2026-09-02,2,https://www.aviasales.com/search/ORD0209ART1?marker=741311
701,460,USD,ORD,YQG,"Windsor, Canada",CA,2026-09-04,2,https://www.aviasales.com/search/ORD0409YQG1?marker=741311
702,460,USD,LAX,YIW,"Yiwu, China",CN,2026-09-09,1,https://www.aviasales.com/search/LAX0909YIW1?marker=741311
703,461,USD,SEA,YBL,"Campbell River, Canada",CA,2026-08-29,3,https://www.aviasales.com/search/SEA2908YBL1?marker=741311
704,463,USD,SEA,PER,"Perth, Australia",AU,2026-08-25,1,https://www.aviasales.com/search/SEA2508PER1?marker=741311
705,464,USD,JFK,MRV,"Mineralnye Vody, Russia",RU,2027-01-20,3,https://www.aviasales.com/search/JFK2001MRV1?marker=741311
706,465,USD,IAD,TAS,"Tashkent, Uzbekistan",UZ,2026-10-14,1,https://www.aviasales.com/search/IAD1410TAS1?marker=741311
707,465,USD,JFK,CKY,"Conakry, Guinea",GN,2026-08-25,1,https://www.aviasales.com/search/JFK2508CKY1?marker=741311
708,466,USD,BOS,LJU,"Ljubljana, Slovenia",SI,2026-09-17,3,https://www.aviasales.com/search/BOS1709LJU1?marker=741311
709,468,USD,LAX,KBV,"Krabi, Thailand",TH,2026-11-09,2,https://www.aviasales.com/search/LAX0911KBV1?marker=741311
710,468,USD,LAX,ABI,"Abilene, United States",US,2026-08-30,1,https://www.aviasales.com/search/LAX3008ABI1?marker=741311
711,469,USD,JFK,SVX,"Yekaterinburg, Russia",RU,2026-10-19,3,https://www.aviasales.com/search/JFK1910SVX1?marker=741311
712,469,USD,SFO,PQC,"Phu Quoc, Vietnam",VN,2026-09-10,1,https://www.aviasales.com/search/SFO1009PQC1?marker=741311
713,469,USD,LAX,YIN,"Yining, China",CN,2026-11-06,1,https://www.aviasales.com/search/LAX0611YIN1?marker=741311
714,469,USD,SEA,YXS,"Prince George, Canada",CA,2026-08-30,1,https://www.aviasales.com/search/SEA3008YXS1?marker=741311
715,475,USD,JFK,ABJ,"Abidjan, Ivory Coast",CI,2026-12-28,1,https://www.aviasales.com/search/JFK2812ABJ1?marker=741311
716,476,USD,JFK,CIT,"Shymkent, Kazakhstan",KZ,2026-09-19,2,https://www.aviasales.com/search/JFK1909CIT1?marker=741311
717,477,USD,JFK,NHA,"Nha Trang, Vietnam",VN,2026-09-04,2,https://www.aviasales.com/search/JFK0409NHA1?marker=741311
718,477,USD,ATL,HYD,"Hyderabad, India",IN,2026-09-10,2,https://www.aviasales.com/search/ATL1009HYD1?marker=741311
719,477,USD,LAX,YGK,"Kingston, Canada",CA,2026-08-31,2,https://www.aviasales.com/search/LAX3108YGK1?marker=741311
720,481,USD,LAX,AJU,"Aracaju, Brazil",BR,2026-08-25,2,https://www.aviasales.com/search/LAX2508AJU1?marker=741311
721,482,USD,TPA,AGA,"Agadir, Morocco",MA,2026-10-24,3,https://www.aviasales.com/search/TPA2410AGA1?marker=741311
722,489,USD,JFK,SPR,"San Pedro, Belize",BZ,2026-10-01,3,https://www.aviasales.com/search/JFK0110SPR1?marker=741311
723,489,USD,LAX,AOR,"Alor Setar, Malaysia",MY,2026-09-02,2,https://www.aviasales.com/search/LAX0209AOR1?marker=741311
724,494,USD,SFO,HEK,"Heihe, China",CN,2026-09-17,1,https://www.aviasales.com/search/SFO1709HEK1?marker=741311
725,496,USD,IAH,DAV,"David, Panama",PA,2026-08-31,2,https://www.aviasales.com/search/IAH3108DAV1?marker=741311
726,498,USD,JFK,GNJ,"Ganja, Azerbaijan",AZ,2026-10-11,2,https://www.aviasales.com/search/JFK1110GNJ1?marker=741311
727,500,USD,JFK,LWN,"Gyumri, Armenia",AM,2026-09-21,2,https://www.aviasales.com/search/JFK2109LWN1?marker=741311
728,501,USD,SFO,HPH,"Haiphong, Vietnam",VN,2026-10-01,1,https://www.aviasales.com/search/SFO0110HPH1?marker=741311
729,502,USD,JFK,FEZ,"Fez, Morocco",MA,2026-11-25,3,https://www.aviasales.com/search/JFK2511FEZ1?marker=741311
730,502,USD,LAX,BNE,"Brisbane, Australia",AU,2026-09-08,1,https://www.aviasales.com/search/LAX0809BNE1?marker=741311
731,503,USD,LAX,SAI,"Siem Reap, Cambodia",KH,2026-11-03,2,https://www.aviasales.com/search/LAX0311SAI1?marker=741311
732,503,USD,JFK,FMO,"Muenster, Germany",DE,2026-09-19,2,https://www.aviasales.com/search/JFK1909FMO1?marker=741311
733,503,USD,FLL,BIM,"Bimini, Bahamas",BS,2026-10-20,2,https://www.aviasales.com/search/FLL2010BIM1?marker=741311
734,505,USD,SFO,SJW,"Shijiazhuang, China",CN,2026-12-01,1,https://www.aviasales.com/search/SFO0112SJW1?marker=741311
735,509,USD,JFK,BUS,"Batumi, Georgia",GE,2026-09-07,2,https://www.aviasales.com/search/JFK0709BUS1?marker=741311
736,509,USD,JFK,HSA,"Turkistan, Kazakhstan",KZ,2026-09-25,3,https://www.aviasales.com/search/JFK2509HSA1?marker=741311
737,510,USD,JFK,GOI,"Goa, India",IN,2026-10-30,2,https://www.aviasales.com/search/JFK3010GOI1?marker=741311
738,510,USD,SFO,GUM,"Hagatna, Guam",GU,2026-09-15,1,https://www.aviasales.com/search/SFO1509GUM1?marker=741311
739,511,USD,JFK,DYU,"Dushanbe, Tajikistan",TJ,2026-09-29,3,https://www.aviasales.com/search/JFK2909DYU1?marker=741311
740,511,USD,JFK,SKD,"Samarkand, Uzbekistan",UZ,2026-10-20,3,https://www.aviasales.com/search/JFK2010SKD1?marker=741311
741,515,USD,LAX,MLE,"Male, Maldives",MV,2026-10-29,1,https://www.aviasales.com/search/LAX2910MLE1?marker=741311
742,516,USD,BOS,SCO,"Aktau, Kazakhstan",KZ,2026-09-30,3,https://www.aviasales.com/search/BOS3009SCO1?marker=741311
743,516,USD,JFK,YNJ,"Yanji, China",CN,2026-09-10,1,https://www.aviasales.com/search/JFK1009YNJ1?marker=741311
744,518,USD,ORD,BCD,"Bacolod, Philippines",PH,2026-11-30,2,https://www.aviasales.com/search/ORD3011BCD1?marker=741311
745,518,USD,JFK,BOJ,"Bourgas, Bulgaria",BG,2026-08-30,1,https://www.aviasales.com/search/JFK3008BOJ1?marker=741311
746,520,USD,ATL,BJV,"Bodrum, Turkiye",TR,2026-09-19,3,https://www.aviasales.com/search/ATL1909BJV1?marker=741311
747,520,USD,SLC,YXC,"Cranbrook, Canada",CA,2026-09-04,3,https://www.aviasales.com/search/SLC0409YXC1?marker=741311
748,521,USD,LAX,SZG,"Salzburg, Austria",AT,2026-09-20,2,https://www.aviasales.com/search/LAX2009SZG1?marker=741311
749,522,USD,MCO,NAT,"Natal, Brazil",BR,2027-01-07,3,https://www.aviasales.com/search/MCO0701NAT1?marker=741311
750,523,USD,RDU,MMH,"Mammoth Lakes, United States",US,2026-08-29,2,https://www.aviasales.com/search/RDU2908MMH1?marker=741311
751,524,USD,JFK,UFA,"Ufa, Russia",RU,2026-10-12,2,https://www.aviasales.com/search/JFK1210UFA1?marker=741311
752,530,USD,MIA,MCZ,"Maceio, Brazil",BR,2027-01-12,2,https://www.aviasales.com/search/MIA1201MCZ1?marker=741311
753,532,USD,JFK,SJP,"Sao Jose Do Rio Preto, Brazil",BR,2026-08-26,3,https://www.aviasales.com/search/JFK2608SJP1?marker=741311
754,533,USD,SFO,DRS,"Dresden, Germany",DE,2026-10-01,1,https://www.aviasales.com/search/SFO0110DRS1?marker=741311
755,537,USD,ORD,GRZ,"Graz, Austria",AT,2026-10-12,3,https://www.aviasales.com/search/ORD1210GRZ1?marker=741311
756,537,USD,SAN,LGK,"Langkawi, Malaysia",MY,2026-09-30,3,https://www.aviasales.com/search/SAN3009LGK1?marker=741311
757,538,USD,JFK,PPS,"Puerto Princesa, Philippines",PH,2026-09-27,1,https://www.aviasales.com/search/JFK2709PPS1?marker=741311
758,538,USD,SEA,ENA,"Kenai, United States",US,2026-09-09,1,https://www.aviasales.com/search/SEA0909ENA1?marker=741311
759,538,USD,SFO,MFM,"Macau, Macau",MO,2026-10-01,1,https://www.aviasales.com/search/SFO0110MFM1?marker=741311
760,538,USD,SAN,INN,"Innsbruck, Austria",AT,2026-09-20,3,https://www.aviasales.com/search/SAN2009INN1?marker=741311
761,539,USD,ATL,AGB,"Augsburg, Germany",DE,2026-09-30,1,https://www.aviasales.com/search/ATL3009AGB1?marker=741311
762,539,USD,JFK,FUK,"Fukuoka, Japan",JP,2026-09-27,1,https://www.aviasales.com/search/JFK2709FUK1?marker=741311
763,542,USD,BOS,LYC,"Lycksele, Sweden",SE,2026-09-19,3,https://www.aviasales.com/search/BOS1909LYC1?marker=741311
764,542,USD,PHL,INI,"Nis, Serbia",RS,2026-09-26,4,https://www.aviasales.com/search/PHL2609INI1?marker=741311
765,543,USD,LAX,OKA,"Okinawa, Japan",JP,2026-10-17,1,https://www.aviasales.com/search/LAX1710OKA1?marker=741311
766,544,USD,PHX,USM,"Koh Samui, Thailand",TH,2026-09-16,2,https://www.aviasales.com/search/PHX1609USM1?marker=741311
767,546,USD,JFK,URA,"Oral, Kazakhstan",KZ,2026-10-07,2,https://www.aviasales.com/search/JFK0710URA1?marker=741311
768,546,USD,JFK,CHX,"Changuinola, Panama",PA,2026-09-03,3,https://www.aviasales.com/search/JFK0309CHX1?marker=741311
769,547,USD,JFK,CEK,"Chelyabinsk, Russia",RU,2026-10-25,3,https://www.aviasales.com/search/JFK2510CEK1?marker=741311
770,550,USD,JFK,MEI,"Meridian, United States",US,2026-09-01,1,https://www.aviasales.com/search/JFK0109MEI1?marker=741311
771,551,USD,JFK,MSQ,"Minsk, Belarus",BY,2026-10-19,3,https://www.aviasales.com/search/JFK1910MSQ1?marker=741311
772,553,USD,DCA,FEG,"Fergana, Uzbekistan",UZ,2026-10-14,3,https://www.aviasales.com/search/DCA1410FEG1?marker=741311
773,553,USD,LAX,KVO,"Kraljevo, Serbia",RS,2027-02-08,2,https://www.aviasales.com/search/LAX0802KVO1?marker=741311
774,553,USD,LAS,NKT,"Cizre, Turkiye",TR,2026-10-08,3,https://www.aviasales.com/search/LAS0810NKT1?marker=741311
775,555,USD,SEA,YZZ,"Trail, Canada",CA,2026-08-30,2,https://www.aviasales.com/search/SEA3008YZZ1?marker=741311
776,556,USD,JFK,ACC,"Accra, Ghana",GH,2026-11-01,1,https://www.aviasales.com/search/JFK0111ACC1?marker=741311
777,556,USD,LAS,SCY,"San Cristobal, Ecuador",EC,2026-10-02,3,https://www.aviasales.com/search/LAS0210SCY1?marker=741311
778,557,USD,DCA,LCJ,"Lodz, Poland",PL,2026-08-30,2,https://www.aviasales.com/search/DCA3008LCJ1?marker=741311
779,557,USD,JFK,NDJ,"N'Djamena, Chad",TD,2027-01-06,1,https://www.aviasales.com/search/JFK0601NDJ1?marker=741311
780,561,USD,BNA,BLB,"Balboa, Panama",PA,2026-09-02,2,https://www.aviasales.com/search/BNA0209BLB1?marker=741311
781,563,USD,SFO,BRC,"San Carlos de Bariloche, Argentina",AR,2026-09-07,2,https://www.aviasales.com/search/SFO0709BRC1?marker=741311
782,564,USD,JFK,FAE,"Sorvágur, Faroe Islands",FO,2026-09-05,2,https://www.aviasales.com/search/JFK0509FAE1?marker=741311
783,566,USD,ORD,USH,"Ushuaia, Argentina",AR,2026-11-04,3,https://www.aviasales.com/search/ORD0411USH1?marker=741311
784,567,USD,IAD,FNA,"Freetown, Sierra Leone",SL,2027-01-21,1,https://www.aviasales.com/search/IAD2101FNA1?marker=741311
785,569,USD,JFK,OVB,"Novosibirsk, Russia",RU,2026-10-27,2,https://www.aviasales.com/search/JFK2710OVB1?marker=741311
786,569,USD,MCO,PEE,"Perm, Russia",RU,2026-12-08,3,https://www.aviasales.com/search/MCO0812PEE1?marker=741311
787,569,USD,JFK,LOS,"Lagos, Nigeria",NG,2026-08-29,1,https://www.aviasales.com/search/JFK2908LOS1?marker=741311
788,570,USD,DTW,EBL,"Erbil, Iraq",IQ,2026-08-31,1,https://www.aviasales.com/search/DTW3108EBL1?marker=741311
789,574,USD,JFK,KTM,"Kathmandu, Nepal",NP,2026-10-24,3,https://www.aviasales.com/search/JFK2410KTM1?marker=741311
790,580,USD,JFK,TJM,"Tyumen, Russia",RU,2026-10-19,3,https://www.aviasales.com/search/JFK1910TJM1?marker=741311
791,582,USD,JFK,KGD,"Kaliningrad, Russia",RU,2026-10-11,3,https://www.aviasales.com/search/JFK1110KGD1?marker=741311
792,583,USD,JFK,NKC,"Nouakchott, Mauritania",MR,2026-08-27,1,https://www.aviasales.com/search/JFK2708NKC1?marker=741311
793,585,USD,JFK,YZV,"Sept-Iles, Canada",CA,2026-09-01,3,https://www.aviasales.com/search/JFK0109YZV1?marker=741311
794,585,USD,LAX,KOS,"Sihanoukville, Cambodia",KH,2026-09-24,2,https://www.aviasales.com/search/LAX2409KOS1?marker=741311
795,585,USD,LAX,HIR,"Honiara, Solomon Islands",SB,2026-10-19,1,https://www.aviasales.com/search/LAX1910HIR1?marker=741311
796,585,USD,PDX,YCG,"Castlegar, Canada",CA,2026-08-31,2,https://www.aviasales.com/search/PDX3108YCG1?marker=741311
797,586,USD,LAX,PPT,"Papeete, French Polynesia",PF,2026-11-13,1,https://www.aviasales.com/search/LAX1311PPT1?marker=741311
798,589,USD,MIA,GOJ,"Nizhniy Novgorod, Russia",RU,2026-11-15,4,https://www.aviasales.com/search/MIA1511GOJ1?marker=741311
799,593,USD,LAX,OOL,"Gold Coast, Australia",AU,2026-09-09,1,https://www.aviasales.com/search/LAX0909OOL1?marker=741311
800,594,USD,JFK,KUF,"Samara, Russia",RU,2026-10-22,3,https://www.aviasales.com/search/JFK2210KUF1?marker=741311
801,594,USD,LAX,BAL,"Batman, Turkiye",TR,2026-09-06,3,https://www.aviasales.com/search/LAX0609BAL1?marker=741311
802,595,USD,SEA,ADQ,"Kodiak, United States",US,2026-08-31,1,https://www.aviasales.com/search/SEA3108ADQ1?marker=741311
803,597,USD,IAD,FIH,"Kinshasa, Democratic Republic of the Congo",CD,2026-09-22,1,https://www.aviasales.com/search/IAD2209FIH1?marker=741311
804,601,USD,LAX,WLG,"Wellington, New Zealand",NZ,2026-09-09,1,https://www.aviasales.com/search/LAX0909WLG1?marker=741311
805,603,USD,SEA,KLO,"Kalibo, Philippines",PH,2027-01-11,2,https://www.aviasales.com/search/SEA1101KLO1?marker=741311
806,606,USD,ORD,XMN,"Xiamen, China",CN,2027-01-03,2,https://www.aviasales.com/search/ORD0301XMN1?marker=741311
807,607,USD,IAD,KBL,"Kabul, Afghanistan",AF,2026-08-29,2,https://www.aviasales.com/search/IAD2908KBL1?marker=741311
808,607,USD,JFK,BKO,"Bamako, Mali",ML,2026-09-14,1,https://www.aviasales.com/search/JFK1409BKO1?marker=741311
809,609,USD,JFK,KGL,"Kigali, Rwanda",RW,2026-09-21,2,https://www.aviasales.com/search/JFK2109KGL1?marker=741311
810,609,USD,LAX,PNT,"Puerto Natales, Chile",CL,2026-10-01,3,https://www.aviasales.com/search/LAX0110PNT1?marker=741311
811,611,USD,LAX,ADL,"Adelaide, Australia",AU,2026-09-02,2,https://www.aviasales.com/search/LAX0209ADL1?marker=741311
812,612,USD,BOS,CGO,"Zhengzhou, China",CN,2026-09-08,3,https://www.aviasales.com/search/BOS0809CGO1?marker=741311
813,614,USD,MIA,SLL,"Salalah, Oman",OM,2026-09-01,3,https://www.aviasales.com/search/MIA0109SLL1?marker=741311
814,614,USD,JFK,CKG,"Chongqing, China",CN,2026-09-16,3,https://www.aviasales.com/search/JFK1609CKG1?marker=741311
815,615,USD,MIA,PEG,"Perugia, Italy",IT,2027-01-03,3,https://www.aviasales.com/search/MIA0301PEG1?marker=741311
816,616,USD,LAX,VVO,"Vladivostok, Russia",RU,2026-11-03,2,https://www.aviasales.com/search/LAX0311VVO1?marker=741311
817,617,USD,JFK,BHK,"Bukhara, Uzbekistan",UZ,2026-09-30,2,https://www.aviasales.com/search/JFK3009BHK1?marker=741311
818,617,USD,JFK,UTP,"Pattaya, Thailand",TH,2027-01-10,2,https://www.aviasales.com/search/JFK1001UTP1?marker=741311
819,619,USD,DFW,KWE,"Guiyang, China",CN,2026-08-28,4,https://www.aviasales.com/search/DFW2808KWE1?marker=741311
820,621,USD,PHX,OGZ,"Vladikavkaz, Russia",RU,2026-10-23,3,https://www.aviasales.com/search/PHX2310OGZ1?marker=741311
821,621,USD,ORD,UKK,"Oskemen, Kazakhstan",KZ,2026-11-13,4,https://www.aviasales.com/search/ORD1311UKK1?marker=741311
822,624,USD,SFO,BOB,"Bora Bora, French Polynesia",PF,2026-09-02,1,https://www.aviasales.com/search/SFO0209BOB1?marker=741311
823,627,USD,ORD,COK,"Kochi, India",IN,2026-10-27,4,https://www.aviasales.com/search/ORD2710COK1?marker=741311
824,627,USD,IAD,PLX,"Semey, Kazakhstan",KZ,2026-11-13,4,https://www.aviasales.com/search/IAD1311PLX1?marker=741311
825,631,USD,JFK,LJG,"Lijiang, China",CN,2026-10-18,3,https://www.aviasales.com/search/JFK1810LJG1?marker=741311
826,633,USD,JFK,NMA,"Namangan, Uzbekistan",UZ,2026-09-20,3,https://www.aviasales.com/search/JFK2009NMA1?marker=741311
827,636,USD,LAX,ZQN,"Queenstown, New Zealand",NZ,2026-09-09,1,https://www.aviasales.com/search/LAX0909ZQN1?marker=741311
828,636,USD,LAX,CNS,"Cairns, Australia",AU,2026-09-07,1,https://www.aviasales.com/search/LAX0709CNS1?marker=741311
829,637,USD,JFK,IKT,"Irkutsk, Russia",RU,2026-09-13,2,https://www.aviasales.com/search/JFK1309IKT1?marker=741311
830,637,USD,JFK,AXA,"Anguilla, Anguilla",AI,2026-08-25,1,https://www.aviasales.com/search/JFK2508AXA1?marker=741311
831,640,USD,IAD,CCU,"Kolkata, India",IN,2026-10-26,2,https://www.aviasales.com/search/IAD2610CCU1?marker=741311
832,640,USD,IAD,SKX,"Saransk, Russia",RU,2026-09-08,4,https://www.aviasales.com/search/IAD0809SKX1?marker=741311
833,640,USD,SFO,XQP,"Quepos, Costa Rica",CR,2026-09-03,4,https://www.aviasales.com/search/SFO0309XQP1?marker=741311
834,642,USD,JFK,OUA,"Ouagadougou, Burkina Faso",BF,2026-09-30,1,https://www.aviasales.com/search/JFK3009OUA1?marker=741311
835,642,USD,SEA,HNH,"Hoonah, United States",US,2026-09-01,1,https://www.aviasales.com/search/SEA0109HNH1?marker=741311
836,646,USD,JFK,YSB,"Sudbury, Canada",CA,2026-08-31,2,https://www.aviasales.com/search/JFK3108YSB1?marker=741311
837,648,USD,LAX,DRW,"Darwin, Australia",AU,2026-09-09,1,https://www.aviasales.com/search/LAX0909DRW1?marker=741311
838,654,USD,SFO,RGN,"Yangon, Myanmar",MM,2027-01-02,2,https://www.aviasales.com/search/SFO0201RGN1?marker=741311
839,657,USD,MIA,OMS,"Omsk, Russia",RU,2026-10-08,3,https://www.aviasales.com/search/MIA0810OMS1?marker=741311
840,657,USD,JFK,CGQ,"Changchun, China",CN,2026-09-27,2,https://www.aviasales.com/search/JFK2709CGQ1?marker=741311
841,659,USD,ORD,ASB,"Ashgabat, Turkmenistan",TM,2026-10-20,3,https://www.aviasales.com/search/ORD2010ASB1?marker=741311
842,659,USD,ORD,URC,"Urumqi, China",CN,2026-09-14,3,https://www.aviasales.com/search/ORD1409URC1?marker=741311
843,664,USD,AUS,PSA,"Pisa, Italy",IT,2026-09-07,3,https://www.aviasales.com/search/AUS0709PSA1?marker=741311
844,665,USD,DFW,DYG,"Dayong, China",CN,2026-09-17,4,https://www.aviasales.com/search/DFW1709DYG1?marker=741311
845,666,USD,LAX,ISG,"Ishigaki, Japan",JP,2026-10-10,2,https://www.aviasales.com/search/LAX1010ISG1?marker=741311
846,667,USD,JFK,SGC,"Surgut, Russia",RU,2026-10-14,4,https://www.aviasales.com/search/JFK1410SGC1?marker=741311
847,667,USD,SAN,LIO,"Limon, Costa Rica",CR,2026-08-28,4,https://www.aviasales.com/search/SAN2808LIO1?marker=741311
848,671,USD,SFO,PWQ,"Pavlodar, Kazakhstan",KZ,2026-10-15,3,https://www.aviasales.com/search/SFO1510PWQ1?marker=741311
849,671,USD,MSP,OGU,"Ordu, Turkiye",TR,2026-09-18,2,https://www.aviasales.com/search/MSP1809OGU1?marker=741311
850,674,USD,MIA,SXV,"Salem, India",IN,2026-08-25,3,https://www.aviasales.com/search/MIA2508SXV1?marker=741311
851,675,USD,MIA,LAD,"Luanda, Angola",AO,2026-09-23,1,https://www.aviasales.com/search/MIA2309LAD1?marker=741311
852,675,USD,LAX,JNB,"Johannesburg, South Africa",ZA,2026-08-26,1,https://www.aviasales.com/search/LAX2608JNB1?marker=741311
853,677,USD,IAH,MAR,"Maracaibo, Venezuela",VE,2026-12-20,2,https://www.aviasales.com/search/IAH2012MAR1?marker=741311
854,680,USD,JFK,SEZ,"Mahe, Seychelles",SC,2026-11-15,1,https://www.aviasales.com/search/JFK1511SEZ1?marker=741311
855,684,USD,MCO,OME,"Nome, United States",US,2026-08-25,2,https://www.aviasales.com/search/MCO2508OME1?marker=741311
856,687,USD,JFK,RTW,"Saratov, Russia",RU,2026-09-13,3,https://www.aviasales.com/search/JFK1309RTW1?marker=741311
857,689,USD,JFK,ZNZ,"Zanzibar, Tanzania",TZ,2026-11-30,3,https://www.aviasales.com/search/JFK3011ZNZ1?marker=741311
858,689,USD,LAX,UGC,"Urgench, Uzbekistan",UZ,2026-09-01,2,https://www.aviasales.com/search/LAX0109UGC1?marker=741311
859,693,USD,JFK,DMB,"Taraz, Kazakhstan",KZ,2026-09-16,3,https://www.aviasales.com/search/JFK1609DMB1?marker=741311
860,695,USD,SFO,CJC,"Calama, Chile",CL,2026-09-20,3,https://www.aviasales.com/search/SFO2009CJC1?marker=741311
861,696,USD,SEA,MRU,"Mauritius, Mauritius",MU,2026-10-26,3,https://www.aviasales.com/search/SEA2610MRU1?marker=741311
862,696,USD,IAD,YAO,"Yaounde, Cameroon",CM,2026-11-05,1,https://www.aviasales.com/search/IAD0511YAO1?marker=741311
863,697,USD,MIA,TRV,"Thiruvananthapuram, India",IN,2026-11-02,2,https://www.aviasales.com/search/MIA0211TRV1?marker=741311
864,702,USD,DFW,ABV,"Abuja, Nigeria",NG,2026-11-28,1,https://www.aviasales.com/search/DFW2811ABV1?marker=741311
865,702,USD,JFK,REN,"Orenburg, Russia",RU,2026-09-05,3,https://www.aviasales.com/search/JFK0509REN1?marker=741311
866,702,USD,SEA,BSR,"Basra, Iraq",IQ,2027-01-06,1,https://www.aviasales.com/search/SEA0601BSR1?marker=741311
867,707,USD,LAX,GAN,"Gan Island, Maldives",MV,2026-09-03,4,https://www.aviasales.com/search/LAX0309GAN1?marker=741311
868,708,USD,JFK,SCW,"Syktyvkar, Russia",RU,2026-09-05,3,https://www.aviasales.com/search/JFK0509SCW1?marker=741311
869,709,USD,LAX,AEY,"Akureyri, Iceland",IS,2026-09-10,3,https://www.aviasales.com/search/LAX1009AEY1?marker=741311
870,710,USD,JFK,KJA,"Krasnoyarsk, Russia",RU,2026-10-13,3,https://www.aviasales.com/search/JFK1310KJA1?marker=741311
871,711,USD,MIA,GOA,"Genoa, Italy",IT,2026-08-26,2,https://www.aviasales.com/search/MIA2608GOA1?marker=741311
872,711,USD,FLL,ODB,"Cordoba, Spain",ES,2026-09-04,3,https://www.aviasales.com/search/FLL0409ODB1?marker=741311
873,711,USD,LAX,PAP,"Port-au-Prince, Haiti",HT,2026-08-26,3,https://www.aviasales.com/search/LAX2608PAP1?marker=741311
874,715,USD,ORD,MMK,"Murmansk, Russia",RU,2026-09-24,4,https://www.aviasales.com/search/ORD2409MMK1?marker=741311
875,717,USD,JFK,ASF,"Astrakhan, Russia",RU,2026-09-05,3,https://www.aviasales.com/search/JFK0509ASF1?marker=741311
876,717,USD,LAX,BRR,"Barra, United Kingdom",GB,2026-09-30,2,https://www.aviasales.com/search/LAX3009BRR1?marker=741311
877,717,USD,PHX,DAR,"Dar Es Salaam, Tanzania",TZ,2027-01-30,2,https://www.aviasales.com/search/PHX3001DAR1?marker=741311
878,718,USD,MIA,TOF,"Tomsk, Russia",RU,2026-09-24,4,https://www.aviasales.com/search/MIA2409TOF1?marker=741311
879,719,USD,BOS,SFG,"Saint Martin, Saint Martin",MF,2026-08-31,2,https://www.aviasales.com/search/BOS3108SFG1?marker=741311
880,722,USD,SEA,YDA,"Dawson City, Canada",CA,2026-08-28,2,https://www.aviasales.com/search/SEA2808YDA1?marker=741311
881,724,USD,LAX,MMY,"Miyakojima, Japan",JP,2026-10-10,3,https://www.aviasales.com/search/LAX1010MMY1?marker=741311
882,727,USD,JFK,PDP,"Punta Del Este, Uruguay",UY,2026-09-09,3,https://www.aviasales.com/search/JFK0909PDP1?marker=741311
883,730,USD,MSP,NCU,"Nukus, Uzbekistan",UZ,2026-11-01,4,https://www.aviasales.com/search/MSP0111NCU1?marker=741311
884,732,USD,JFK,BAX,"Barnaul, Russia",RU,2026-10-15,3,https://www.aviasales.com/search/JFK1510BAX1?marker=741311
885,746,USD,JFK,IKU,"Tamchy, Kyrgyzstan",KG,2026-08-28,3,https://www.aviasales.com/search/JFK2808IKU1?marker=741311
886,748,USD,DFW,STW,"Stavropol, Russia",RU,2026-12-08,4,https://www.aviasales.com/search/DFW0812STW1?marker=741311
887,748,USD,JFK,LBD,"Khujand, Tajikistan",TJ,2027-01-24,4,https://www.aviasales.com/search/JFK2401LBD1?marker=741311
888,753,USD,MIA,GDZ,"Gelendzik, Russia",RU,2026-10-01,3,https://www.aviasales.com/search/MIA0110GDZ1?marker=741311
889,763,USD,JFK,KVX,"Kirov, Russia",RU,2026-12-10,4,https://www.aviasales.com/search/JFK1012KVX1?marker=741311
890,774,USD,JFK,SUI,"Sukhumi, Abkhazia",AB,2026-09-18,4,https://www.aviasales.com/search/JFK1809SUI1?marker=741311
891,778,USD,JFK,VOG,"Volgograd, Russia",RU,2026-09-30,3,https://www.aviasales.com/search/JFK3009VOG1?marker=741311
892,786,USD,DEN,KGF,"Karagandy, Kazakhstan",KZ,2026-09-05,3,https://www.aviasales.com/search/DEN0509KGF1?marker=741311
893,788,USD,MIA,NJC,"Nizhnevartovsk, Russia",RU,2026-09-19,3,https://www.aviasales.com/search/MIA1909NJC1?marker=741311
894,789,USD,JFK,VGD,"Vologda, Russia",RU,2026-08-31,3,https://www.aviasales.com/search/JFK3108VGD1?marker=741311
895,790,USD,JFK,VTE,"Vientiane, Laos",LA,2026-12-11,2,https://www.aviasales.com/search/JFK1112VTE1?marker=741311
896,791,USD,DEN,NGS,"Nagasaki, Japan",JP,2027-01-08,3,https://www.aviasales.com/search/DEN0801NGS1?marker=741311
897,796,USD,MIA,UUD,"Ulan-Ude, Russia",RU,2026-08-28,4,https://www.aviasales.com/search/MIA2808UUD1?marker=741311
898,800,USD,ORD,GRV,"Groznyy, Russia",RU,2026-08-30,4,https://www.aviasales.com/search/ORD3008GRV1?marker=741311
899,804,USD,IAH,LLW,"Lilongwe, Malawi",MW,2026-09-19,2,https://www.aviasales.com/search/IAH1909LLW1?marker=741311
900,807,USD,ATL,PUS,"Busan, South Korea",KR,2026-12-10,3,https://www.aviasales.com/search/ATL1012PUS1?marker=741311
901,809,USD,IAH,NJF,"Al-Najaf, Iraq",IQ,2026-09-01,2,https://www.aviasales.com/search/IAH0109NJF1?marker=741311
902,811,USD,DTW,YXU,"London, Canada",CA,2026-08-25,1,https://www.aviasales.com/search/DTW2508YXU1?marker=741311
903,820,USD,JFK,LFW,"Lome, Togo",TG,2026-09-19,1,https://www.aviasales.com/search/JFK1909LFW1?marker=741311
904,823,USD,JFK,YYY,"Mont Joli, Canada",CA,2026-08-30,3,https://www.aviasales.com/search/JFK3008YYY1?marker=741311
905,825,USD,JFK,CYA,"Les Cayes, Haiti",HT,2026-09-08,2,https://www.aviasales.com/search/JFK0809CYA1?marker=741311
906,827,USD,ORD,LXA,"Lhasa, China",CN,2026-09-24,3,https://www.aviasales.com/search/ORD2409LXA1?marker=741311
907,828,USD,DCA,HOM,"Homer, United States",US,2026-08-30,2,https://www.aviasales.com/search/DCA3008HOM1?marker=741311
908,828,USD,JFK,KHV,"Khabarovsk, Russia",RU,2026-09-22,3,https://www.aviasales.com/search/JFK2209KHV1?marker=741311
909,828,USD,LAX,FRE,"Fera Island, Solomon Islands",SB,2026-10-02,2,https://www.aviasales.com/search/LAX0210FRE1?marker=741311
910,834,USD,JFK,PRI,"Praslin Island, Seychelles",SC,2026-09-17,4,https://www.aviasales.com/search/JFK1709PRI1?marker=741311
911,837,USD,JFK,JRO,"Kilimanjaro, Tanzania",TZ,2026-11-24,1,https://www.aviasales.com/search/JFK2411JRO1?marker=741311
912,841,USD,LAX,KEJ,"Kemerovo, Russia",RU,2026-10-28,4,https://www.aviasales.com/search/LAX2810KEJ1?marker=741311
913,843,USD,CLT,CZH,"Corozal, Belize",BZ,2026-09-02,4,https://www.aviasales.com/search/CLT0209CZH1?marker=741311
914,846,USD,MIA,NZH,"Manzhouli, China",CN,2026-08-26,4,https://www.aviasales.com/search/MIA2608NZH1?marker=741311
915,851,USD,LAX,NSN,"Nelson, New Zealand",NZ,2026-09-01,2,https://www.aviasales.com/search/LAX0109NSN1?marker=741311
916,856,USD,SEA,VFA,"Victoria Falls, Zimbabwe",ZW,2026-09-08,2,https://www.aviasales.com/search/SEA0809VFA1?marker=741311
917,860,USD,ORD,RUN,"Saint-Denis, Réunion",RE,2026-11-20,2,https://www.aviasales.com/search/ORD2011RUN1?marker=741311
918,862,USD,JFK,LBS,"Labasa, Fiji",FJ,2026-10-06,2,https://www.aviasales.com/search/JFK0610LBS1?marker=741311
919,864,USD,JFK,MJZ,"Mirnyj, Russia",RU,2026-09-27,4,https://www.aviasales.com/search/JFK2709MJZ1?marker=741311
920,870,USD,LAX,UUA,"Bugulma, Russia",RU,2026-09-30,4,https://www.aviasales.com/search/LAX3009UUA1?marker=741311
921,872,USD,DFW,IPC,"Easter Island, Chile",CL,2026-09-01,3,https://www.aviasales.com/search/DFW0109IPC1?marker=741311
922,881,USD,JFK,RES,"Resistencia, Argentina",AR,2026-12-22,3,https://www.aviasales.com/search/JFK2212RES1?marker=741311
923,884,USD,JFK,PKV,"Pskov, Russia",RU,2026-08-27,3,https://www.aviasales.com/search/JFK2708PKV1?marker=741311
924,885,USD,BOS,HAK,"Haikou, China",CN,2026-10-09,2,https://www.aviasales.com/search/BOS0910HAK1?marker=741311
925,905,USD,ORD,YKS,"Yakutsk, Russia",RU,2026-09-13,4,https://www.aviasales.com/search/ORD1309YKS1?marker=741311
926,907,USD,LAX,KRT,"Khartoum, Sudan",SD,2026-09-17,2,https://www.aviasales.com/search/LAX1709KRT1?marker=741311
927,910,USD,ATL,NSK,"Norilsk, Russia",RU,2026-10-01,4,https://www.aviasales.com/search/ATL0110NSK1?marker=741311
928,913,USD,IAD,LBV,"Libreville, Gabon",GA,2026-12-19,1,https://www.aviasales.com/search/IAD1912LBV1?marker=741311
929,921,USD,JFK,GVR,"Governador Valadares, Brazil",BR,2026-12-17,2,https://www.aviasales.com/search/JFK1712GVR1?marker=741311
930,925,USD,JFK,GBE,"Gaborone, Botswana",BW,2026-08-26,2,https://www.aviasales.com/search/JFK2608GBE1?marker=741311
931,937,USD,JFK,GOH,"Nuuk, Greenland",GL,2026-08-30,1,https://www.aviasales.com/search/JFK3008GOH1?marker=741311
932,939,USD,DEN,ARK,"Arusha, Tanzania",TZ,2026-12-01,3,https://www.aviasales.com/search/DEN0112ARK1?marker=741311
933,940,USD,SAN,AZN,"Andijan, Uzbekistan",UZ,2026-09-30,3,https://www.aviasales.com/search/SAN3009AZN1?marker=741311
934,945,USD,DFW,KYZ,"Kyzyl, Russia",RU,2026-09-18,4,https://www.aviasales.com/search/DFW1809KYZ1?marker=741311
935,960,USD,IAD,CBR,"Canberra, Australia",AU,2026-09-17,3,https://www.aviasales.com/search/IAD1709CBR1?marker=741311
936,960,USD,LAX,PKC,"Petropavlovsk-Kamchatsky, Russia",RU,2026-11-04,4,https://www.aviasales.com/search/LAX0411PKC1?marker=741311
937,963,USD,ORD,BQS,"Blagoveschensk, Russia",RU,2026-08-29,4,https://www.aviasales.com/search/ORD2908BQS1?marker=741311
938,970,USD,LAX,NBC,"Naberezhnye Chelny, Russia",RU,2026-09-13,3,https://www.aviasales.com/search/LAX1309NBC1?marker=741311
939,975,USD,JFK,PKR,"Pokhara, Nepal",NP,2026-10-08,3,https://www.aviasales.com/search/JFK0810PKR1?marker=741311
940,975,USD,JFK,WDH,"Windhoek, Namibia",NA,2026-08-31,2,https://www.aviasales.com/search/JFK3108WDH1?marker=741311
941,978,USD,DFW,PES,"Petrozavodsk, Russia",RU,2026-09-09,4,https://www.aviasales.com/search/DFW0909PES1?marker=741311
942,982,USD,ORD,UUS,"Yuzhno-Sakhalinsk, Russia",RU,2026-09-03,3,https://www.aviasales.com/search/ORD0309UUS1?marker=741311
943,987,USD,SEA,RAR,"Rarotonga, Cook Islands",CK,2026-12-28,2,https://www.aviasales.com/search/SEA2812RAR1?marker=741311
944,996,USD,JFK,PEZ,"Penza, Russia",RU,2026-08-25,3,https://www.aviasales.com/search/JFK2508PEZ1?marker=741311
945,997,USD,IAD,OSW,"Orsk, Russia",RU,2026-09-01,3,https://www.aviasales.com/search/IAD0109OSW1?marker=741311
946,1025,USD,MCO,JIB,"Djibouti, Djibouti",DJ,2026-08-25,2,https://www.aviasales.com/search/MCO2508JIB1?marker=741311
947,1035,USD,JFK,CSY,"Cheboksary, Russia",RU,2026-12-21,3,https://www.aviasales.com/search/JFK2112CSY1?marker=741311
948,1061,USD,LAX,KRO,"Kurgan, Russia",RU,2026-09-02,4,https://www.aviasales.com/search/LAX0209KRO1?marker=741311
949,1127,USD,MSP,RGK,"Gorno-Altaysk, Russia",RU,2026-09-01,4,https://www.aviasales.com/search/MSP0109RGK1?marker=741311
950,1146,USD,DEN,KGI,"Kalgoorlie, Australia",AU,2027-01-19,4,https://www.aviasales.com/search/DEN1901KGI1?marker=741311
951,1154,USD,DEN,KSQ,"Qarshi, Uzbekistan",UZ,2026-08-26,4,https://www.aviasales.com/search/DEN2608KSQ1?marker=741311
952,1195,USD,SFO,VAV,"Vava'u, Tonga",TO,2026-09-24,2,https://www.aviasales.com/search/SFO2409VAV1?marker=741311
953,1281,USD,IAD,DEE,"Yuzhno-Kurilsk, Russia",RU,2026-09-03,4,https://www.aviasales.com/search/IAD0309DEE1?marker=741311
954,1338,USD,ORD,YFS,"Fort Simpson, Canada",CA,2026-09-03,3,https://www.aviasales.com/search/ORD0309YFS1?marker=741311
955,1415,USD,SLC,TLK,"Talakan, Russia",RU,2026-08-26,4,https://www.aviasales.com/search/SLC2608TLK1?marker=741311
956,1433,USD,IAD,PNI,"Pohnpei, Micronesia",FM,2026-10-10,2,https://www.aviasales.com/search/IAD1010PNI1?marker=741311
957,1438,USD,JFK,INU,"Nauru Island, Nauru",NR,2026-09-09,3,https://www.aviasales.com/search/JFK0909INU1?marker=741311
958,1478,USD,JFK,CCK,"Cocos Islands, Cocos (Keeling) Islands",CC,2026-09-05,4,https://www.aviasales.com/search/JFK0509CCK1?marker=741311
959,1916,USD,IAD,XCH,"Christmas Island, Christmas Island",CX,2026-09-09,4,https://www.aviasales.com/search/IAD0909XCH1?marker=741311
960,1984,USD,ORD,FSP,"St Pierre, Saint Pierre and Miquelon",PM,2026-08-25,3,https://www.aviasales.com/search/ORD2508FSP1?marker=741311
961,2462,USD,LAS,MNC,"Nacala, Mozambique",MZ,2026-09-08,3,https://www.aviasales.com/search/LAS0809MNC1?marker=741311
962,4549,USD,LAS,BGM,"Binghamton, United States",US,2026-09-04,2,https://www.aviasales.com/search/LAS0409BGM1?marker=741311
