rank,price,currency,origin,destination_code,destination_name,country_code,depart,stops,booking_link
1,19,USD,ATL,ORL,"Orlando, United States",US,2026-09-09,0,https://www.aviasales.com/search/ATL0909ORL1?marker=741311
2,20,USD,DFW,ATL,"Atlanta, United States",US,2026-09-09,0,https://www.aviasales.com/search/DFW0909ATL1?marker=741311
3,22,USD,IAD,FLL,"Fort Lauderdale, United States",US,2026-09-02,0,https://www.aviasales.com/search/IAD0209FLL1?marker=741311
4,23,USD,PHX,SAN,"San Diego, United States",US,2026-09-05,0,https://www.aviasales.com/search/PHX0509SAN1?marker=741311
5,24,USD,SAN,SFO,"San Francisco, United States",US,2026-09-08,0,https://www.aviasales.com/search/SAN0809SFO1?marker=741311
6,26,USD,PHX,LAX,"Los Angeles, United States",US,2026-09-10,0,https://www.aviasales.com/search/PHX1009LAX1?marker=741311
7,27,USD,PHX,LAS,"Las Vegas, United States",US,2026-09-19,0,https://www.aviasales.com/search/PHX1909LAS1?marker=741311
8,28,USD,SFO,ONT,"Ontario, United States",US,2026-08-29,0,https://www.aviasales.com/search/SFO2908ONT1?marker=741311
9,28,USD,DEN,SLC,"Salt Lake City, United States",US,2026-09-10,0,https://www.aviasales.com/search/DEN1009SLC1?marker=741311
10,28,USD,LAX,SEA,"Seattle, United States",US,2026-09-09,0,https://www.aviasales.com/search/LAX0909SEA1?marker=741311
11,29,USD,LAX,SJC,"San Jose, United States",US,2026-09-06,0,https://www.aviasales.com/search/LAX0609SJC1?marker=741311
12,31,USD,DEN,MSP,"Minneapolis, United States",US,2026-11-04,0,https://www.aviasales.com/search/DEN0411MSP1?marker=741311
13,31,USD,MIA,CLE,"Cleveland, United States",US,2026-08-18,0,https://www.aviasales.com/search/MIA1808CLE1?marker=741311
14,32,USD,MIA,BWI,"Baltimore, United States",US,2026-09-03,0,https://www.aviasales.com/search/MIA0309BWI1?marker=741311
15,32,USD,DEN,HOU,"Houston, United States",US,2026-09-03,0,https://www.aviasales.com/search/DEN0309HOU1?marker=741311
16,34,USD,DEN,CHI,"Chicago, United States",US,2026-09-09,0,https://www.aviasales.com/search/DEN0909CHI1?marker=741311
17,34,USD,LAX,DEN,"Denver, United States",US,2026-09-11,0,https://www.aviasales.com/search/LAX1109DEN1?marker=741311
18,35,USD,ATL,CVG,"Cincinnati, United States",US,2026-09-09,0,https://www.aviasales.com/search/ATL0909CVG1?marker=741311
19,35,USD,DTW,DFW,"Dallas, United States",US,2026-09-09,0,https://www.aviasales.com/search/DTW0909DFW1?marker=741311
20,36,USD,LAX,PHX,"Phoenix, United States",US,2026-10-01,0,https://www.aviasales.com/search/LAX0110PHX1?marker=741311
21,36,USD,MCO,RDU,"Raleigh, United States",US,2026-08-29,0,https://www.aviasales.com/search/MCO2908RDU1?marker=741311
22,37,USD,LAS,OAK,"Oakland, United States",US,2026-09-05,0,https://www.aviasales.com/search/LAS0509OAK1?marker=741311
23,38,USD,DFW,DTT,"Detroit, United States",US,2026-09-09,0,https://www.aviasales.com/search/DFW0909DTT1?marker=741311
24,38,USD,FLL,WAS,"Washington, United States",US,2026-09-03,0,https://www.aviasales.com/search/FLL0309WAS1?marker=741311
25,38,USD,FLL,SWF,"Newburgh, United States",US,2026-12-03,0,https://www.aviasales.com/search/FLL0312SWF1?marker=741311
26,38,USD,LAS,FAT,"Fresno, United States",US,2026-09-10,0,https://www.aviasales.com/search/LAS1009FAT1?marker=741311
27,39,USD,TPA,EYW,"Key West, United States",US,2026-08-19,0,https://www.aviasales.com/search/TPA1908EYW1?marker=741311
28,40,USD,ATL,MIA,"Miami, United States",US,2026-09-06,0,https://www.aviasales.com/search/ATL0609MIA1?marker=741311
29,40,USD,LAS,MRY,"Monterey, United States",US,2026-10-09,0,https://www.aviasales.com/search/LAS0910MRY1?marker=741311
30,41,USD,TPA,CHA,"Chattanooga, United States",US,2026-09-10,0,https://www.aviasales.com/search/TPA1009CHA1?marker=741311
31,42,USD,LAX,SAC,"Sacramento, United States",US,2026-09-25,0,https://www.aviasales.com/search/LAX2509SAC1?marker=741311
32,42,USD,BNA,PIT,"Pittsburgh, United States",US,2026-09-10,0,https://www.aviasales.com/search/BNA1009PIT1?marker=741311
33,42,USD,LAS,MSO,"Missoula, United States",US,2026-09-10,0,https://www.aviasales.com/search/LAS1009MSO1?marker=741311
34,43,USD,ATL,MSY,"New Orleans, United States",US,2026-08-20,0,https://www.aviasales.com/search/ATL2008MSY1?marker=741311
35,44,USD,FLL,TPA,"Tampa, United States",US,2026-09-01,0,https://www.aviasales.com/search/FLL0109TPA1?marker=741311
36,44,USD,MCO,BNA,"Nashville, United States",US,2026-08-24,0,https://www.aviasales.com/search/MCO2408BNA1?marker=741311
37,45,USD,TPA,GSP,"Greenville, United States",US,2026-08-16,0,https://www.aviasales.com/search/TPA1608GSP1?marker=741311
38,46,USD,LAS,RNO,"Reno, United States",US,2026-09-10,0,https://www.aviasales.com/search/LAS1009RNO1?marker=741311
39,46,USD,MCO,PHL,"Philadelphia, United States",US,2026-09-04,0,https://www.aviasales.com/search/MCO0409PHL1?marker=741311
40,47,USD,ATL,JAX,"Jacksonville, United States",US,2026-08-27,0,https://www.aviasales.com/search/ATL2708JAX1?marker=741311
41,47,USD,ATL,BUF,"Buffalo, United States",US,2026-09-09,0,https://www.aviasales.com/search/ATL0909BUF1?marker=741311
42,48,USD,TPA,ROC,"Rochester, United States",US,2026-09-12,0,https://www.aviasales.com/search/TPA1209ROC1?marker=741311
43,50,USD,MCO,CMH,"Columbus, United States",US,2026-09-10,1,https://www.aviasales.com/search/MCO1009CMH1?marker=741311
44,51,USD,MCO,NYC,"New York, United States",US,2026-10-05,0,https://www.aviasales.com/search/MCO0510NYC1?marker=741311
45,51,USD,FLL,TYS,"Knoxville, United States",US,2026-08-30,0,https://www.aviasales.com/search/FLL3008TYS1?marker=741311
46,52,USD,MIA,SJU,"San Juan, Puerto Rico",PR,2026-10-06,0,https://www.aviasales.com/search/MIA0610SJU1?marker=741311
47,52,USD,TPA,AVL,"Asheville, United States",US,2026-08-24,0,https://www.aviasales.com/search/TPA2408AVL1?marker=741311
48,52,USD,LAS,DSM,"Des Moines, United States",US,2026-09-10,0,https://www.aviasales.com/search/LAS1009DSM1?marker=741311
49,54,USD,LAS,SAT,"San Antonio, United States",US,2026-10-30,0,https://www.aviasales.com/search/LAS3010SAT1?marker=741311
50,55,USD,LAS,FSD,"Sioux Falls, United States",US,2026-09-10,0,https://www.aviasales.com/search/LAS1009FSD1?marker=741311
51,55,USD,BNA,FYV,"Fayetteville, United States",US,2026-08-21,0,https://www.aviasales.com/search/BNA2108FYV1?marker=741311
52,55,USD,PHX,BZN,"Bozeman, United States",US,2026-11-06,0,https://www.aviasales.com/search/PHX0611BZN1?marker=741311
53,57,USD,MCO,AUS,"Austin, United States",US,2026-09-16,0,https://www.aviasales.com/search/MCO1609AUS1?marker=741311
54,62,USD,LAX,MCE,"Merced, United States",US,2026-08-20,0,https://www.aviasales.com/search/LAX2008MCE1?marker=741311
55,63,USD,ORD,STL,"St Louis, United States",US,2026-09-11,0,https://www.aviasales.com/search/ORD1109STL1?marker=741311
56,63,USD,FLL,BHM,"Birmingham, United States",US,2026-08-21,0,https://www.aviasales.com/search/FLL2108BHM1?marker=741311
57,64,USD,FLL,IND,"Indianapolis, United States",US,2026-10-13,0,https://www.aviasales.com/search/FLL1310IND1?marker=741311
58,64,USD,DEN,OKC,"Oklahoma City, United States",US,2026-09-09,0,https://www.aviasales.com/search/DEN0909OKC1?marker=741311
59,64,USD,LAX,YVR,"Vancouver, Canada",CA,2026-09-17,2,https://www.aviasales.com/search/LAX1709YVR1?marker=741311
60,65,USD,MCO,BOS,"Boston, United States",US,2026-10-01,0,https://www.aviasales.com/search/MCO0110BOS1?marker=741311
61,65,USD,DEN,CLT,"Charlotte, United States",US,2026-08-15,0,https://www.aviasales.com/search/DEN1508CLT1?marker=741311
62,65,USD,FLL,YTO,"Toronto, Canada",CA,2026-09-09,0,https://www.aviasales.com/search/FLL0909YTO1?marker=741311
63,66,USD,DEN,CYS,"Cheyenne, United States",US,2026-09-09,0,https://www.aviasales.com/search/DEN0909CYS1?marker=741311
64,67,USD,IAD,MGW,"Morgantown, United States",US,2026-09-16,0,https://www.aviasales.com/search/IAD1609MGW1?marker=741311
65,67,USD,LAX,YEA,"Edmonton, Canada",CA,2026-09-22,2,https://www.aviasales.com/search/LAX2209YEA1?marker=741311
66,68,USD,MCO,PNS,"Pensacola, United States",US,2026-08-19,0,https://www.aviasales.com/search/MCO1908PNS1?marker=741311
67,68,USD,MCO,CAK,"Akron, United States",US,2026-09-09,0,https://www.aviasales.com/search/MCO0909CAK1?marker=741311
68,69,USD,DFW,QRO,"Queretaro, Mexico",MX,2026-09-10,0,https://www.aviasales.com/search/DFW1009QRO1?marker=741311
69,69,USD,FLL,TLH,"Tallahassee, United States",US,2026-09-13,0,https://www.aviasales.com/search/FLL1309TLH1?marker=741311
70,72,USD,BOS,PQI,"Presque Isle, United States",US,2026-08-19,0,https://www.aviasales.com/search/BOS1908PQI1?marker=741311
71,73,USD,RDU,FMY,"Fort Myers, United States",US,2026-08-19,0,https://www.aviasales.com/search/RDU1908FMY1?marker=741311
72,73,USD,PDX,PDT,"Pendleton, United States",US,2026-09-09,0,https://www.aviasales.com/search/PDX0909PDT1?marker=741311
73,74,USD,LAX,PDX,"Portland, United States",US,2026-09-14,0,https://www.aviasales.com/search/LAX1409PDX1?marker=741311
74,74,USD,LAX,ABQ,"Albuquerque, United States",US,2026-09-10,0,https://www.aviasales.com/search/LAX1009ABQ1?marker=741311
75,74,USD,IAD,SAV,"Savannah, United States",US,2026-08-13,0,https://www.aviasales.com/search/IAD1308SAV1?marker=741311
76,75,USD,MCO,BDL,"Hartford, United States",US,2026-09-18,1,https://www.aviasales.com/search/MCO1809BDL1?marker=741311
77,76,USD,ATL,CHS,"Charleston, United States",US,2026-09-09,1,https://www.aviasales.com/search/ATL0909CHS1?marker=741311
78,76,USD,MCO,RIC,"Richmond, United States",US,2026-09-09,1,https://www.aviasales.com/search/MCO0909RIC1?marker=741311
79,76,USD,BNA,ORF,"Norfolk, United States",US,2026-09-09,1,https://www.aviasales.com/search/BNA0909ORF1?marker=741311
80,76,USD,DEN,VEL,"Vernal, United States",US,2026-09-09,0,https://www.aviasales.com/search/DEN0909VEL1?marker=741311
81,78,USD,PHX,OMA,"Omaha, United States",US,2026-09-11,1,https://www.aviasales.com/search/PHX1109OMA1?marker=741311
82,78,USD,LAS,YQR,"Regina, Canada",CA,2026-09-10,1,https://www.aviasales.com/search/LAS1009YQR1?marker=741311
83,79,USD,LAX,YLW,"Kelowna, Canada",CA,2026-10-29,2,https://www.aviasales.com/search/LAX2910YLW1?marker=741311
84,80,USD,AUS,MEM,"Memphis, United States",US,2026-09-10,1,https://www.aviasales.com/search/AUS1009MEM1?marker=741311
85,81,USD,IAH,VCT,"Victoria, United States",US,2026-09-10,0,https://www.aviasales.com/search/IAH1009VCT1?marker=741311
86,82,USD,DEN,ICT,"Wichita, United States",US,2026-09-09,1,https://www.aviasales.com/search/DEN0909ICT1?marker=741311
87,82,USD,IAH,MLM,"Morelia, Mexico",MX,2027-01-30,0,https://www.aviasales.com/search/IAH3001MLM1?marker=741311
88,83,USD,BOS,LEB,"Lebanon, United States",US,2026-08-20,0,https://www.aviasales.com/search/BOS2008LEB1?marker=741311
89,83,USD,LAX,GDL,"Guadalajara, Mexico",MX,2026-08-29,0,https://www.aviasales.com/search/LAX2908GDL1?marker=741311
90,84,USD,LAX,MEX,"Mexico City, Mexico",MX,2026-09-15,1,https://www.aviasales.com/search/LAX1509MEX1?marker=741311
91,84,USD,MCO,ISP,"Islip, United States",US,2026-08-26,0,https://www.aviasales.com/search/MCO2608ISP1?marker=741311
92,88,USD,BOS,RUT,"Rutland, United States",US,2026-09-10,0,https://www.aviasales.com/search/BOS1009RUT1?marker=741311
93,90,USD,PHX,LGB,"Long Beach, United States",US,2026-11-07,0,https://www.aviasales.com/search/PHX0711LGB1?marker=741311
94,90,USD,BOS,YYC,"Calgary, Canada",CA,2026-10-10,0,https://www.aviasales.com/search/BOS1010YYC1?marker=741311
95,91,USD,PHL,MYR,"Myrtle Beach, United States",US,2026-10-06,1,https://www.aviasales.com/search/PHL0610MYR1?marker=741311
96,91,USD,ORD,SDF,"Louisville, United States",US,2026-09-10,0,https://www.aviasales.com/search/ORD1009SDF1?marker=741311
97,92,USD,MCO,MKC,"Kansas City, United States",US,2026-08-27,1,https://www.aviasales.com/search/MCO2708MKC1?marker=741311
98,92,USD,ATL,HSV,"Huntsville, United States",US,2026-09-09,1,https://www.aviasales.com/search/ATL0909HSV1?marker=741311
99,93,USD,LAX,SJD,"San Jose Del Cabo, Mexico",MX,2026-09-01,1,https://www.aviasales.com/search/LAX0109SJD1?marker=741311
100,94,USD,ORD,ALB,"Albany, United States",US,2026-09-09,1,https://www.aviasales.com/search/ORD0909ALB1?marker=741311
101,95,USD,SFO,PAE,"Everett, United States",US,2026-10-28,0,https://www.aviasales.com/search/SFO2810PAE1?marker=741311
102,95,USD,MIA,NAS,"Nassau, Bahamas",BS,2026-09-07,0,https://www.aviasales.com/search/MIA0709NAS1?marker=741311
103,97,USD,SFO,PSP,"Palm Springs, United States",US,2026-09-12,0,https://www.aviasales.com/search/SFO1209PSP1?marker=741311
104,97,USD,DEN,CDR,"Chadron, United States",US,2026-09-10,0,https://www.aviasales.com/search/DEN1009CDR1?marker=741311
105,98,USD,BOS,AUG,"Augusta, United States",US,2026-08-20,0,https://www.aviasales.com/search/BOS2008AUG1?marker=741311
106,98,USD,MCO,BTV,"Burlington, United States",US,2026-09-09,0,https://www.aviasales.com/search/MCO0909BTV1?marker=741311
107,98,USD,IAH,ECP,"Panama City, United States",US,2026-09-09,1,https://www.aviasales.com/search/IAH0909ECP1?marker=741311
108,98,USD,AUS,MID,"Merida, Mexico",MX,2026-11-27,1,https://www.aviasales.com/search/AUS2711MID1?marker=741311
109,99,USD,MCO,MKE,"Milwaukee, United States",US,2026-09-01,0,https://www.aviasales.com/search/MCO0109MKE1?marker=741311
110,99,USD,MCO,HAR,"Harrisburg, United States",US,2026-09-09,1,https://www.aviasales.com/search/MCO0909HAR1?marker=741311
111,99,USD,MSP,SRQ,"Sarasota, United States",US,2026-11-29,0,https://www.aviasales.com/search/MSP2911SRQ1?marker=741311
112,101,USD,AUS,CUN,"Cancun, Mexico",MX,2026-10-11,1,https://www.aviasales.com/search/AUS1110CUN1?marker=741311
113,101,USD,SFO,BOI,"Boise, United States",US,2026-09-09,1,https://www.aviasales.com/search/SFO0909BOI1?marker=741311
114,102,USD,FLL,HVN,"New Haven, United States",US,2026-08-19,1,https://www.aviasales.com/search/FLL1908HVN1?marker=741311
115,102,USD,PHX,SOW,"Show Low, United States",US,2026-08-18,0,https://www.aviasales.com/search/PHX1808SOW1?marker=741311
116,103,USD,DFW,LIT,"Little Rock, United States",US,2026-09-10,0,https://www.aviasales.com/search/DFW1009LIT1?marker=741311
117,104,USD,IAH,LFT,"Lafayette, United States",US,2026-08-17,0,https://www.aviasales.com/search/IAH1708LFT1?marker=741311
118,104,USD,ORD,LEX,"Lexington, United States",US,2026-08-16,0,https://www.aviasales.com/search/ORD1608LEX1?marker=741311
119,104,USD,IAH,BRO,"Brownsville, United States",US,2026-08-16,0,https://www.aviasales.com/search/IAH1608BRO1?marker=741311
120,104,USD,IAD,CAE,"Columbia, United States",US,2026-08-19,0,https://www.aviasales.com/search/IAD1908CAE1?marker=741311
121,104,USD,DEN,ASE,"Aspen, United States",US,2026-08-16,0,https://www.aviasales.com/search/DEN1608ASE1?marker=741311
122,104,USD,DEN,CPR,"Casper, United States",US,2026-08-19,0,https://www.aviasales.com/search/DEN1908CPR1?marker=741311
123,104,USD,DEN,GCC,"Gillette, United States",US,2026-08-19,0,https://www.aviasales.com/search/DEN1908GCC1?marker=741311
124,104,USD,DEN,MTJ,"Montrose, United States",US,2026-08-19,0,https://www.aviasales.com/search/DEN1908MTJ1?marker=741311
125,104,USD,DEN,LNK,"Lincoln, United States",US,2026-08-19,0,https://www.aviasales.com/search/DEN1908LNK1?marker=741311
126,104,USD,DEN,GJT,"Grand Junction, United States",US,2026-08-16,0,https://www.aviasales.com/search/DEN1608GJT1?marker=741311
127,104,USD,ORD,TVC,"Traverse City, United States",US,2026-08-16,0,https://www.aviasales.com/search/ORD1608TVC1?marker=741311
128,104,USD,LAX,SBA,"Santa Barbara, United States",US,2026-08-17,0,https://www.aviasales.com/search/LAX1708SBA1?marker=741311
129,105,USD,DEN,BFF,"Scottsbluff, United States",US,2026-08-18,0,https://www.aviasales.com/search/DEN1808BFF1?marker=741311
130,106,USD,BOS,BDA,"Bermuda, Bermuda",BM,2026-09-26,1,https://www.aviasales.com/search/BOS2609BDA1?marker=741311
131,106,USD,DEN,FAR,"Fargo, United States",US,2026-08-21,0,https://www.aviasales.com/search/DEN2108FAR1?marker=741311
132,106,USD,MIA,GCM,"Georgetown, Cayman Islands",KY,2026-08-27,0,https://www.aviasales.com/search/MIA2708GCM1?marker=741311
133,107,USD,DFW,ELP,"El Paso, United States",US,2026-09-09,1,https://www.aviasales.com/search/DFW0909ELP1?marker=741311
134,107,USD,IAH,PVR,"Puerto Vallarta, Mexico",MX,2026-11-15,1,https://www.aviasales.com/search/IAH1511PVR1?marker=741311
135,108,USD,ATL,HPN,"Westchester County, United States",US,2026-09-09,1,https://www.aviasales.com/search/ATL0909HPN1?marker=741311
136,108,USD,BOS,RKD,"Rockland, United States",US,2026-09-10,0,https://www.aviasales.com/search/BOS1009RKD1?marker=741311
137,108,USD,LAX,EUG,"Eugene, United States",US,2026-10-21,1,https://www.aviasales.com/search/LAX2110EUG1?marker=741311
138,108,USD,ORD,PIA,"Peoria, United States",US,2026-08-14,0,https://www.aviasales.com/search/ORD1408PIA1?marker=741311
139,109,USD,IAH,OAX,"Oaxaca, Mexico",MX,2026-09-09,1,https://www.aviasales.com/search/IAH0909OAX1?marker=741311
140,110,USD,DEN,MSN,"Madison, United States",US,2026-09-10,0,https://www.aviasales.com/search/DEN1009MSN1?marker=741311
141,110,USD,JFK,HYA,"Hyannis, United States",US,2026-08-15,0,https://www.aviasales.com/search/JFK1508HYA1?marker=741311
142,111,USD,BOS,YMQ,"Montreal, Canada",CA,2026-09-15,1,https://www.aviasales.com/search/BOS1509YMQ1?marker=741311
143,112,USD,LAS,TUS,"Tucson, United States",US,2026-09-10,0,https://www.aviasales.com/search/LAS1009TUS1?marker=741311
144,113,USD,MCO,PVD,"Providence, United States",US,2026-09-19,1,https://www.aviasales.com/search/MCO1909PVD1?marker=741311
145,113,USD,IAH,GPT,"Gulfport, United States",US,2026-08-18,0,https://www.aviasales.com/search/IAH1808GPT1?marker=741311
146,113,USD,JFK,PWM,"Portland, United States",US,2026-10-28,0,https://www.aviasales.com/search/JFK2810PWM1?marker=741311
147,113,USD,DEN,CNY,"Moab, United States",US,2026-08-17,0,https://www.aviasales.com/search/DEN1708CNY1?marker=741311
148,114,USD,JFK,SYR,"Syracuse, United States",US,2026-09-09,1,https://www.aviasales.com/search/JFK0909SYR1?marker=741311
149,115,USD,IAH,CUU,"Chihuahua, Mexico",MX,2027-01-30,1,https://www.aviasales.com/search/IAH3001CUU1?marker=741311
150,115,USD,DEN,COS,"Colorado Springs, United States",US,2026-09-09,0,https://www.aviasales.com/search/DEN0909COS1?marker=741311
151,115,USD,SFO,RDM,"Redmond, United States",US,2026-09-22,1,https://www.aviasales.com/search/SFO2209RDM1?marker=741311
152,117,USD,DFW,TRC,"Torreon, Mexico",MX,2026-09-09,1,https://www.aviasales.com/search/DFW0909TRC1?marker=741311
153,117,USD,ATL,DAY,"Dayton, United States",US,2026-09-10,1,https://www.aviasales.com/search/ATL1009DAY1?marker=741311
154,117,USD,JFK,SXM,"Sint Maarten, Sint Maarten",SX,2026-09-08,1,https://www.aviasales.com/search/JFK0809SXM1?marker=741311
155,118,USD,IAH,BJX,"Leon/Guanajuato, Mexico",MX,2026-08-17,0,https://www.aviasales.com/search/IAH1708BJX1?marker=741311
156,118,USD,MIA,SDQ,"Santo Domingo, Dominican Republic",DO,2026-11-03,0,https://www.aviasales.com/search/MIA0311SDQ1?marker=741311
157,118,USD,MCO,YOW,"Ottawa, Canada",CA,2026-11-18,0,https://www.aviasales.com/search/MCO1811YOW1?t=PD17950089001795020240000189MCOYOW_18d705cc206a9d2cb231a9baabc909b6_9736&search_date=10082026&expected_price_uuid=019feccc-c461-8040-6ad4-30851bc1e23d&static_fare_key=TY%7CP0%7CH0%7CL0%7CCH0%7CR0%7CTBC0&itinerary_key=4cHEgDIw4u7sXLJpi2cSnA&origin_airports=0&expected_price_source=share&expected_price_currency=usd&expected_price=118&marker=741311
158,119,USD,IAH,PBC,"Puebla, Mexico",MX,2026-08-23,1,https://www.aviasales.com/search/IAH2308PBC1?t=VB17875266001787556900000565IAHMTYPBC_ebf3509bd8fa4e580eb843bf4b0fae13_9624&search_date=05082026&expected_price_uuid=019fd395-2cf7-8040-ae83-c18976dc149a&static_fare_key=TY%7CP0%7CH0%7CL0%7CCH0%7CR0%7CTBC0&itinerary_key=f97I5u80NEAjKLyuyhw8gw&origin_airports=0&expected_price_source=share&expected_price_currency=usd&expected_price=119&marker=741311
160,121,USD,JFK,DAB,"Daytona Beach, United States",US,2026-09-21,1,https://www.aviasales.com/search/JFK2109DAB1?t=AA17899775401790000100000376JFKCLTDAB_8eaf0f6e701faeabd724f7aa4997f8b0_9806&search_date=05082026&expected_price_uuid=019fd38c-c5a2-8040-2d1c-2e6698ab3a63&static_fare_key=TY%7CP0%7CH0%7CL0%7CCH0%7CR0%7CTBC0&itinerary_key=QBPpxwk1CtLkX2rfV_KoxQ&origin_airports=0&expected_price_source=share&expected_price_currency=usd&expected_price=121&marker=741311
161,121,USD,IAH,GRR,"Grand Rapids, United States",US,2026-09-10,1,https://www.aviasales.com/search/IAH1009GRR1?t=F917890719001789144860001156IAHMCOGRR_abf8d22dd53e8d55f6601cb8a505c1f3_9979&search_date=10082026&expected_price_uuid=019fec72-acba-8040-2315-4e912c252bf9&static_fare_key=TY%7CP0%7CH0%7CL0%7CCH0%7CR0%7CTBC0&itinerary_key=fIRv2wb3lNo0Cl9A2YoGQQ&origin_airports=0&expected_price_source=share&expected_price_currency=usd&expected_price=121&marker=741311
162,122,USD,ORD,AGU,"Aguascalientes, Mexico",MX,2026-11-27,1,https://www.aviasales.com/search/ORD2711AGU1?t=VB17957397001795790520000847ORDMTYAGU_47c96136f71a52963a693790882d14e3_10018&search_date=08082026&expected_price_uuid=019fe255-4d15-8040-a518-330e45f2ecec&static_fare_key=TY%7CP0%7CH0%7CL0%7CCH0%7CR0%7CTBC0&itinerary_key=qayIsTtvk-PSu3f19VOFEA&origin_airports=0&expected_price_source=share&expected_price_currency=usd&expected_price=122&marker=741311
163,122,USD,MCO,PUJ,"Punta Cana, Dominican Republic",DO,2026-08-13,1,https://www.aviasales.com/search/MCO1308PUJ1?t=F917866068001786652340000759MCOSJUPUJ_59ccd6e3ce631c318648881824a3c5c6_10019&search_date=08082026&expected_price_uuid=019fe1c6-9186-8040-6732-6ab8bd50cc6e&static_fare_key=TY%7CP0%7CH0%7CL0%7CCH0%7CR0%7CTBC0&itinerary_key=-Zm2WO3TRShChZodaN1Fxg&origin_airports=0&expected_price_source=share&expected_price_currency=usd&expected_price=122&marker=741311
164,122,USD,IAH,VER,"Veracruz, Mexico",MX,2026-08-28,1,https://www.aviasales.com/search/IAH2808VER1?t=Y417879569201787989740000607IAHQROVER_0a3955a24859ab2b1d6ff587536fa316_10037&search_date=08082026&expected_price_uuid=019fe2e5-0a31-8040-630c-3b76caecb24c&static_fare_key=TY%7CP0%7CH0%7CL0%7CCH0%7CR0%7CTBC0&itinerary_key=r8inQFeYRAtBD-5sPhgiNw&origin_airports=0&expected_price_source=share&expected_price_currency=usd&expected_price=122&marker=741311
165,123,USD,ATL,BMI,"Bloomington, United States",US,2026-09-09,1,https://www.aviasales.com/search/ATL0909BMI1?t=G417889678001789054440001504ATLMCOSFBBMI_4f72740ebf96dcd71489699e6e4d469d_10145&search_date=10082026&expected_price_uuid=019feaeb-7005-8040-aafd-5d6f6f6efc09&static_fare_key=TY%7CP0%7CH0%7CL0%7CCH0%7CR0%7CTBC0&itinerary_key=0Hj-_yRVGZ_ZYqs-FKXNkQ&expected_price_source=share&expected_price_currency=usd&expected_price=123&marker=741311
166,123,USD,ORD,MKG,"Muskegon, United States",US,2026-08-21,0,https://www.aviasales.com/search/ORD2108MKG1?t=KG17873217001787328300000050ORDMKG_db0ffd15938927fdb651bf7434fd0a58_10099&search_date=11082026&expected_price_uuid=019ff05b-4ed6-8030-e605-6413ab769071&static_fare_key=TY%7CP0%7CH1%7CL0%7CCH0%7CR0%7CTBC0&itinerary_key=TjUZye7Ylqh7rqSQiRzjMw&origin_airports=0&expected_price_source=share&expected_price_currency=usd&expected_price=123&marker=741311
167,123,USD,IAH,TAM,"Tampico, Mexico",MX,2026-09-09,1,https://www.aviasales.com/search/IAH0909TAM1?t=VB17889954001789077300001425IAHMTYTAM_3de2c48f73c91dc4708320d5ef09aa26_10141&search_date=10082026&expected_price_uuid=019fec3a-d274-8040-26b8-bca53726e154&static_fare_key=TY%7CP0%7CH0%7CL0%7CCH0%7CR0%7CTBC0&itinerary_key=iP3aSYJ1Ng_DkxLy44M22g&origin_airports=0&expected_price_source=share&expected_price_currency=usd&expected_price=123&marker=741311
168,128,USD,MIA,MDE,"Medellin, Colombia",CO,2026-09-25,1,https://www.aviasales.com/search/MIA2509MDE1?t=DM17903453401790365200000391MIASDQMDE_de52ed802b4ddef530767c933c78dc0c_10560&search_date=10082026&expected_price_uuid=019fed67-c006-8040-ab5a-7042cf71383e&static_fare_key=TY%7CP0%7CH0%7CL0%7CCH0%7CR0%7CTBC0&itinerary_key=F7vEupvHd1izQ_pfoCbwAg&expected_price_source=share&expected_price_currency=usd&expected_price=128&marker=741311
169,125,USD,IAD,ROA,"Roanoke, United States",US,2026-08-20,0,https://www.aviasales.com/search/IAD2008ROA1?t=UA17872650001787269440000074IADROA_96f1a1b7e03df43d774b44ff07577a8b_10325&search_date=10082026&expected_price_uuid=019fec57-de21-8030-ed89-33c6b0329455&static_fare_key=TY%7CP0%7CH0%7CL0%7CCH0%7CR0%7CTBC0&itinerary_key=4Qw6nCZ4cmJfGOLCaj2qnQ&origin_airports=0&expected_price_source=share&expected_price_currency=usd&expected_price=125&marker=741311
170,125,USD,IAH,BTR,"Baton Rouge, United States",US,2026-08-21,0,https://www.aviasales.com/search/IAH2108BTR1?t=UA17872977001787301720000067IAHBTR_e1a240102572b8ef370df4480d009c0c_10310&search_date=11082026&expected_price_uuid=019ff2df-dda0-8030-e459-9376f955e313&static_fare_key=TY%7CP0%7CH0%7CL0%7CCH0%7CR0%7CTBC0&itinerary_key=0HWV5X9wP1Mx5ZHQ6hACAQ&origin_airports=0&expected_price_source=share&expected_price_currency=usd&expected_price=125&marker=741311
171,126,USD,ORD,GUA,"Guatemala City, Guatemala",GT,2026-09-07,1,https://www.aviasales.com/search/ORD0709GUA1?t=Y417887452001788785160000726ORDMEXGUA_26d7d167dc95bcc0b6a923a5ebeb3497_10380&search_date=08082026&expected_price_uuid=019fe12c-d294-8040-669a-6360b69938db&static_fare_key=TY%7CP0%7CH0%7CL0%7CCH0%7CR0%7CTBC0&itinerary_key=8dkLrGuI-d8AWj75DCieKQ&origin_airports=0&expected_price_source=share&expected_price_currency=usd&expected_price=126&marker=741311
172,126,USD,IAH,ACA,"Acapulco, Mexico",MX,2026-09-09,1,https://www.aviasales.com/search/IAH0909ACA1?t=Y417889937201789039200000818IAHQROACA_a0365d34320c0104952fc28b9f36470d_10456&search_date=10082026&expected_price_uuid=019fec29-7737-8040-6746-ff663b4e9b23&static_fare_key=TY%7CP0%7CH0%7CL0%7CCH0%7CR0%7CTBC0&itinerary_key=tOtI8U-bV5L-IV10vSKKjg&origin_airports=0&expected_price_source=share&expected_price_currency=usd&expected_price=126&marker=741311
173,126,USD,MSP,TVF,"Thief River Falls, United States",US,2026-09-29,0,https://www.aviasales.com/search/MSP2909TVF1?t=KG17906898001790694300000075MSPTVF_0c9668d9f75cd82439be8a1e882cfc27_10369&search_date=10082026&expected_price_uuid=019fed07-8e10-8050-a8b4-c91d3ba0522e&static_fare_key=TY%7CP1%7CH1%7CL0%7CCH0%7CR0%7CTBC0&itinerary_key=2XykCBm-N_geEBy1o80F6g&expected_price_source=share&expected_price_currency=usd&expected_price=126&marker=741311
174,128,USD,ORD,MTY,"Monterrey, Mexico",MX,2026-08-21,1,https://www.aviasales.com/search/ORD2108MTY1?t=Y417872807801787320260000718ORDGDLMTY_d15f261eb703f07f31565711c476a6a0_10560&search_date=11082026&expected_price_uuid=019fee67-bf56-8030-e78d-a3f1b4afa35c&static_fare_key=TY%7CP0%7CH0%7CL0%7CCH0%7CR0%7CTBC0&itinerary_key=qe9Ul4Rg-FP2VW8INYHxpA&origin_airports=0&expected_price_source=share&expected_price_currency=usd&expected_price=128&marker=741311
175,128,USD,MIA,BOG,"Bogota, Colombia",CO,2026-11-09,1,https://www.aviasales.com/search/MIA0911BOG1?t=DM17942319601794255600000394MIASDQBOG_7e573f13f9ca86f5b3a467d53eea871c_10452&search_date=10082026&expected_price_uuid=019fe996-3844-8030-6301-ab4f265643b0&static_fare_key=TY%7CP1%7CH0%7CL0%7CCH0%7CR0%7CTBC0&itinerary_key=bdZdAr1PCH1jehwilSPlRA&expected_price_source=share&expected_price_currency=usd&expected_price=128&marker=741311
176,128,USD,SEA,RDD,"Redding, United States",US,2026-08-16,0,https://www.aviasales.com/search/SEA1608RDD1?t=AS17868850801786891200000102SEARDD_29587c4da11535328be27f226044d7aa_10553&search_date=12082026&expected_price_uuid=019ff409-d17f-8040-2d88-21445daae719&static_fare_key=TY%7CP0%7CH1%7CL0%7CCH0%7CR0%7CTBC0&itinerary_key=_SAIx1BkGiNsljc8381skQ&expected_price_source=share&expected_price_currency=usd&expected_price=128&marker=741311
177,129,USD,MCO,JAN,"Jackson, United States",US,2026-09-09,1,https://www.aviasales.com/search/MCO0909JAN1?t=AA17889409801788954540000286MCOCLTJAN_f272b36409795693807eb912839e6061_10642&search_date=10082026&expected_price_uuid=019fec5d-57d2-8040-2602-2a380b8a618c&static_fare_key=TY%7CP0%7CH0%7CL0%7CCH0%7CR0%7CTBC0&itinerary_key=IumwiPe49pPrucM83NBnhg&origin_airports=0&expected_price_source=share&expected_price_currency=usd&expected_price=129&marker=741311
178,130,USD,FLL,BQN,"Aguadilla, Puerto Rico",PR,2026-09-09,0,https://www.aviasales.com/search/FLL0909BQN1?t=B617889531001788962160000151FLLBQN_095ccf871020c82fab58af43abd4ac5f_10704&search_date=10082026&expected_price_uuid=019fec07-c310-8040-26d3-843209240942&static_fare_key=TY%7CP0%7CH1%7CL0%7CCH0%7CR0%7CTBC0&itinerary_key=bptQ-t0mq_G1yvjbmqv8Ww&expected_price_source=share&expected_price_currency=usd&expected_price=130&marker=741311
180,130,USD,LAX,TUL,"Tulsa, United States",US,2026-08-18,1,https://www.aviasales.com/search/LAX1808TUL1?t=WN17870610001787087100000315LAXLASTUL_1370138c5df934f0a5d796d693cb6f08_10725&search_date=10082026&expected_price_uuid=019fed6f-f047-8040-68b2-4f0013831750&static_fare_key=TY%7CP0%7CH1%7CL0%7CCH0%7CR0%7CTBC0&itinerary_key=3YANZZumd_ndThxjOouGYA&expected_price_source=share&expected_price_currency=usd&expected_price=130&marker=741311
181,130,USD,DTW,CID,"Cedar Rapids, United States",US,2026-08-20,1,https://www.aviasales.com/search/DTW2008CID1?marker=741311
182,130,USD,ATL,TUP,"Tupelo, United States",US,2026-09-10,2,https://www.aviasales.com/search/ATL1009TUP1?marker=741311
183,130,USD,MIA,POS,"Port Of Spain, Trinidad and Tobago",TT,2026-08-20,0,https://www.aviasales.com/search/MIA2008POS1?marker=741311
184,130,USD,SAN,BLI,"Bellingham, United States",US,2026-09-09,2,https://www.aviasales.com/search/SAN0909BLI1?marker=741311
185,131,USD,PDX,BIL,"Billings, United States",US,2026-09-09,1,https://www.aviasales.com/search/PDX0909BIL1?marker=741311
186,132,USD,BOS,ACK,"Nantucket, United States",US,2026-09-09,0,https://www.aviasales.com/search/BOS0909ACK1?marker=741311
187,132,USD,LAX,HMO,"Hermosillo, Mexico",MX,2026-09-09,1,https://www.aviasales.com/search/LAX0909HMO1?marker=741311
188,132,USD,PDX,MFR,"Medford, United States",US,2026-09-09,1,https://www.aviasales.com/search/PDX0909MFR1?marker=741311
189,133,USD,ORD,IRK,"Kirksville, United States",US,2026-08-14,0,https://www.aviasales.com/search/ORD1408IRK1?marker=741311
190,133,USD,LAS,YXE,"Saskatoon, Canada",CA,2026-09-10,1,https://www.aviasales.com/search/LAS1009YXE1?marker=741311
191,134,USD,IAD,CKB,"Clarksburg, United States",US,2026-08-17,0,https://www.aviasales.com/search/IAD1708CKB1?marker=741311
192,134,USD,IAH,HRL,"Harlingen, United States",US,2026-09-09,1,https://www.aviasales.com/search/IAH0909HRL1?marker=741311
193,134,USD,ORD,ATW,"Appleton, United States",US,2026-08-14,0,https://www.aviasales.com/search/ORD1408ATW1?marker=741311
194,135,USD,DFW,MLB,"Melbourne, United States",US,2026-09-01,2,https://www.aviasales.com/search/DFW0109MLB1?marker=741311
195,135,USD,ATL,SBN,"South Bend, United States",US,2026-09-09,1,https://www.aviasales.com/search/ATL0909SBN1?marker=741311
196,136,USD,DFW,HOT,"Hot Springs, United States",US,2026-08-16,0,https://www.aviasales.com/search/DFW1608HOT1?marker=741311
197,136,USD,PHL,PBI,"West Palm Beach, United States",US,2026-09-09,2,https://www.aviasales.com/search/PHL0909PBI1?marker=741311
198,136,USD,LAX,STS,"Santa Rosa, United States",US,2026-12-28,0,https://www.aviasales.com/search/LAX2812STS1?marker=741311
199,136,USD,MCO,SJO,"San Jose, Costa Rica",CR,2026-08-18,0,https://www.aviasales.com/search/MCO1808SJO1?marker=741311
200,136,USD,SFO,PGA,"Page, United States",US,2026-09-13,1,https://www.aviasales.com/search/SFO1309PGA1?marker=741311
201,136,USD,MSP,IWD,"Ironwood, United States",US,2026-09-09,0,https://www.aviasales.com/search/MSP0909IWD1?marker=741311
202,136,USD,PHX,MAF,"Midland, United States",US,2026-09-10,1,https://www.aviasales.com/search/PHX1009MAF1?marker=741311
203,138,USD,SEA,YKM,"Yakima, United States",US,2026-09-09,0,https://www.aviasales.com/search/SEA0909YKM1?marker=741311
204,138,USD,SEA,ALW,"Walla Walla, United States",US,2026-10-01,0,https://www.aviasales.com/search/SEA0110ALW1?marker=741311
205,139,USD,DFW,FWA,"Fort Wayne, United States",US,2026-09-09,2,https://www.aviasales.com/search/DFW0909FWA1?marker=741311
206,139,USD,MCO,PSE,"Ponce, Puerto Rico",PR,2026-09-09,0,https://www.aviasales.com/search/MCO0909PSE1?marker=741311
207,140,USD,MIA,LIM,"Lima, Peru",PE,2026-09-14,1,https://www.aviasales.com/search/MIA1409LIM1?marker=741311
208,140,USD,DEN,LBF,"North Platte, United States",US,2026-09-10,0,https://www.aviasales.com/search/DEN1009LBF1?marker=741311
209,140,USD,BNA,VPS,"Fort Walton Beach, United States",US,2026-10-06,1,https://www.aviasales.com/search/BNA0610VPS1?marker=741311
210,141,USD,RDU,ILM,"Wilmington, United States",US,2026-08-19,1,https://www.aviasales.com/search/RDU1908ILM1?marker=741311
211,141,USD,MCO,LON,"London, United Kingdom",GB,2026-10-19,0,https://www.aviasales.com/search/MCO1910LON1?marker=741311
212,141,USD,DEN,ALS,"Alamosa, United States",US,2026-09-09,0,https://www.aviasales.com/search/DEN0909ALS1?marker=741311
213,142,USD,CLT,AOO,"Altoona, United States",US,2026-08-20,0,https://www.aviasales.com/search/CLT2008AOO1?marker=741311
214,143,USD,DEN,DDC,"Dodge City, United States",US,2026-09-09,0,https://www.aviasales.com/search/DEN0909DDC1?marker=741311
215,145,USD,JFK,MBJ,"Montego Bay, Jamaica",JM,2026-08-26,1,https://www.aviasales.com/search/JFK2608MBJ1?marker=741311
216,145,USD,BOS,STI,"Santiago, Dominican Republic",DO,2026-08-23,1,https://www.aviasales.com/search/BOS2308STI1?marker=741311
217,145,USD,IAD,LYH,"Lynchburg, United States",US,2026-08-16,0,https://www.aviasales.com/search/IAD1608LYH1?marker=741311
218,146,USD,ATL,SLU,"Castries, Saint Lucia",LC,2026-09-10,1,https://www.aviasales.com/search/ATL1009SLU1?marker=741311
219,146,USD,PHX,DLH,"Duluth, United States",US,2026-09-18,2,https://www.aviasales.com/search/PHX1809DLH1?marker=741311
220,147,USD,DEN,LBL,"Liberal, United States",US,2026-09-10,0,https://www.aviasales.com/search/DEN1009LBL1?marker=741311
221,148,USD,JFK,ROM,"Rome, Italy",IT,2026-10-20,0,https://www.aviasales.com/search/JFK2010ROM1?marker=741311
222,148,USD,JFK,ATH,"Athens, Greece",GR,2026-10-13,0,https://www.aviasales.com/search/JFK1310ATH1?marker=741311
223,148,USD,MIA,GGT,"George Town, Bahamas",BS,2026-08-12,1,https://www.aviasales.com/search/MIA1208GGT1?marker=741311
224,149,USD,LAX,HNL,"Honolulu, United States",US,2026-08-14,0,https://www.aviasales.com/search/LAX1408HNL1?marker=741311
225,150,USD,MIA,SCL,"Santiago, Chile",CL,2026-09-30,1,https://www.aviasales.com/search/MIA3009SCL1?marker=741311
226,151,USD,IAH,SAL,"San Salvador, El Salvador",SV,2026-09-07,1,https://www.aviasales.com/search/IAH0709SAL1?marker=741311
227,151,USD,CLT,CRW,"Charleston, United States",US,2026-09-09,1,https://www.aviasales.com/search/CLT0909CRW1?marker=741311
228,152,USD,IAD,CTG,"Cartagena, Colombia",CO,2026-09-07,1,https://www.aviasales.com/search/IAD0709CTG1?marker=741311
229,152,USD,ORD,COU,"Columbia, United States",US,2026-08-22,0,https://www.aviasales.com/search/ORD2208COU1?marker=741311
230,153,USD,DFW,AMA,"Amarillo, United States",US,2026-08-20,0,https://www.aviasales.com/search/DFW2008AMA1?marker=741311
231,153,USD,DFW,GSO,"Greensboro, United States",US,2026-09-10,2,https://www.aviasales.com/search/DFW1009GSO1?marker=741311
232,153,USD,PHX,GCN,"Grand Canyon, United States",US,2026-08-17,0,https://www.aviasales.com/search/PHX1708GCN1?marker=741311
233,153,USD,DCA,MHT,"Manchester, United States",US,2026-08-19,0,https://www.aviasales.com/search/DCA1908MHT1?marker=741311
234,154,USD,PDX,LIH,"Kauai Island, United States",US,2026-10-06,1,https://www.aviasales.com/search/PDX0610LIH1?marker=741311
235,156,USD,MIA,STT,"Saint Thomas, U.S. Virgin Islands",VI,2026-09-22,1,https://www.aviasales.com/search/MIA2209STT1?marker=741311
236,156,USD,DEN,YWG,"Winnipeg, Canada",CA,2026-09-10,1,https://www.aviasales.com/search/DEN1009YWG1?marker=741311
237,158,USD,MIA,VRA,"Varadero, Cuba",CU,2026-09-07,0,https://www.aviasales.com/search/MIA0709VRA1?marker=741311
238,158,USD,MCO,OWB,"Owensboro, United States",US,2026-09-10,1,https://www.aviasales.com/search/MCO1009OWB1?marker=741311
239,159,USD,PDX,SGU,"Saint George, United States",US,2026-08-14,1,https://www.aviasales.com/search/PDX1408SGU1?marker=741311
240,161,USD,IAD,YHZ,"Halifax, Canada",CA,2026-09-09,2,https://www.aviasales.com/search/IAD0909YHZ1?marker=741311
241,162,USD,ORD,SGF,"Springfield, United States",US,2026-09-09,0,https://www.aviasales.com/search/ORD0909SGF1?marker=741311
242,162,USD,ORD,MHK,"Manhattan, United States",US,2026-08-21,0,https://www.aviasales.com/search/ORD2108MHK1?marker=741311
243,163,USD,DFW,CRP,"Corpus Christi, United States",US,2026-08-19,0,https://www.aviasales.com/search/DFW1908CRP1?marker=741311
244,163,USD,CLT,GNV,"Gainesville, United States",US,2026-08-20,0,https://www.aviasales.com/search/CLT2008GNV1?marker=741311
245,163,USD,CLT,FAY,"Fayetteville, United States",US,2026-08-20,0,https://www.aviasales.com/search/CLT2008FAY1?marker=741311
246,163,USD,JFK,AUA,"Oranjestad, Aruba",AW,2026-12-31,0,https://www.aviasales.com/search/JFK3112AUA1?marker=741311
247,163,USD,CLT,OAJ,"Jacksonville, United States",US,2026-08-21,0,https://www.aviasales.com/search/CLT2108OAJ1?marker=741311
248,163,USD,CLT,HHH,"Hilton Head, United States",US,2026-08-17,0,https://www.aviasales.com/search/CLT1708HHH1?marker=741311
249,163,USD,IAH,ZIH,"Ixtapa, Mexico",MX,2026-09-09,1,https://www.aviasales.com/search/IAH0909ZIH1?marker=741311
250,163,USD,IAH,DGO,"Durango, Mexico",MX,2026-08-17,2,https://www.aviasales.com/search/IAH1708DGO1?marker=741311
251,164,USD,IAD,CLO,"Cali, Colombia",CO,2026-09-07,1,https://www.aviasales.com/search/IAD0709CLO1?marker=741311
252,164,USD,ORD,CMI,"Champaign, United States",US,2026-08-20,0,https://www.aviasales.com/search/ORD2008CMI1?marker=741311
253,165,USD,ORD,ABE,"Allentown, United States",US,2026-08-20,0,https://www.aviasales.com/search/ORD2008ABE1?marker=741311
254,166,USD,DEN,CEZ,"Cortez, United States",US,2026-08-19,0,https://www.aviasales.com/search/DEN1908CEZ1?marker=741311
255,167,USD,FLL,FPO,"Freeport, Bahamas",BS,2026-09-10,0,https://www.aviasales.com/search/FLL1009FPO1?marker=741311
256,167,USD,JFK,BGI,"Bridgetown, Barbados",BB,2026-09-04,0,https://www.aviasales.com/search/JFK0409BGI1?marker=741311
257,168,USD,JFK,PLS,"Providenciales, Turks and Caicos Islands",TC,2026-09-22,1,https://www.aviasales.com/search/JFK2209PLS1?marker=741311
258,168,USD,IAD,LIR,"Liberia, Costa Rica",CR,2026-09-07,1,https://www.aviasales.com/search/IAD0709LIR1?marker=741311
259,168,USD,LAX,SHV,"Shreveport, United States",US,2026-08-12,1,https://www.aviasales.com/search/LAX1208SHV1?marker=741311
260,169,USD,BOS,BHB,"Bar Harbor, United States",US,2026-08-17,0,https://www.aviasales.com/search/BOS1708BHB1?marker=741311
261,169,USD,ORD,DUB,"Dublin, Ireland",IE,2027-02-01,1,https://www.aviasales.com/search/ORD0102DUB1?marker=741311
262,170,USD,MIA,GYE,"Guayaquil, Ecuador",EC,2026-09-01,1,https://www.aviasales.com/search/MIA0109GYE1?marker=741311
263,170,USD,LAX,TIJ,"Tijuana, Mexico",MX,2026-09-03,1,https://www.aviasales.com/search/LAX0309TIJ1?marker=741311
264,173,USD,MIA,SAO,"Sao Paulo, Brazil",BR,2026-08-17,1,https://www.aviasales.com/search/MIA1708SAO1?marker=741311
265,174,USD,DEN,PVU,"Provo, United States",US,2026-08-15,1,https://www.aviasales.com/search/DEN1508PVU1?marker=741311
266,177,USD,JFK,BCN,"Barcelona, Spain",ES,2026-10-20,1,https://www.aviasales.com/search/JFK2010BCN1?marker=741311
267,177,USD,MIA,KIN,"Kingston, Jamaica",JM,2026-09-11,0,https://www.aviasales.com/search/MIA1109KIN1?marker=741311
268,179,USD,LAX,LAP,"La Paz, Mexico",MX,2026-08-16,1,https://www.aviasales.com/search/LAX1608LAP1?marker=741311
269,181,USD,FLL,PBG,"Plattsburgh, United States",US,2026-09-09,1,https://www.aviasales.com/search/FLL0909PBG1?marker=741311
270,181,USD,LAX,KOA,"Kailua-Kona, United States",US,2026-09-08,0,https://www.aviasales.com/search/LAX0809KOA1?marker=741311
271,181,USD,ORD,EAU,"Eau Claire, United States",US,2026-08-20,0,https://www.aviasales.com/search/ORD2008EAU1?marker=741311
272,181,USD,ORD,RST,"Rochester, United States",US,2026-08-18,0,https://www.aviasales.com/search/ORD1808RST1?marker=741311
273,182,USD,JFK,OGG,"Kahului, United States",US,2026-10-16,1,https://www.aviasales.com/search/JFK1610OGG1?marker=741311
274,182,USD,SEA,JAC,"Jackson, United States",US,2026-09-21,0,https://www.aviasales.com/search/SEA2109JAC1?marker=741311
275,182,USD,IAD,MLI,"Moline, United States",US,2026-08-17,1,https://www.aviasales.com/search/IAD1708MLI1?marker=741311
276,183,USD,JFK,AGP,"Malaga, Spain",ES,2026-10-02,1,https://www.aviasales.com/search/JFK0210AGP1?marker=741311
277,184,USD,BNA,CGI,"Cape Girardeau, United States",US,2026-08-20,2,https://www.aviasales.com/search/BNA2008CGI1?marker=741311
278,186,USD,JFK,SKB,"Basseterre, Saint Kitts and Nevis",KN,2026-09-09,1,https://www.aviasales.com/search/JFK0909SKB1?marker=741311
279,187,USD,DEN,FMN,"Farmington, United States",US,2026-09-09,0,https://www.aviasales.com/search/DEN0909FMN1?marker=741311
280,188,USD,TPA,TOL,"Toledo, United States",US,2026-08-20,0,https://www.aviasales.com/search/TPA2008TOL1?marker=741311
281,188,USD,LAX,PRC,"Prescott, United States",US,2026-09-09,0,https://www.aviasales.com/search/LAX0909PRC1?marker=741311
282,189,USD,MIA,SAP,"San Pedro Sula, Honduras",HN,2026-11-12,0,https://www.aviasales.com/search/MIA1211SAP1?marker=741311
283,189,USD,MCO,FCA,"Kalispell, United States",US,2027-02-10,1,https://www.aviasales.com/search/MCO1002FCA1?marker=741311
284,190,USD,MIA,ANC,"Anchorage, United States",US,2026-09-11,1,https://www.aviasales.com/search/MIA1109ANC1?marker=741311
285,190,USD,MCO,BSB,"Brasilia, Brazil",BR,2026-09-25,2,https://www.aviasales.com/search/MCO2509BSB1?marker=741311
286,190,USD,ATL,TGZ,"Tuxtla Gutierrez, Mexico",MX,2026-10-02,1,https://www.aviasales.com/search/ATL0210TGZ1?marker=741311
287,191,USD,LAX,SMX,"Santa Maria, United States",US,2026-08-19,2,https://www.aviasales.com/search/LAX1908SMX1?marker=741311
288,192,USD,DEN,PIR,"Pierre, United States",US,2026-09-10,0,https://www.aviasales.com/search/DEN1009PIR1?marker=741311
289,193,USD,ATL,MSL,"Muscle Shoals, United States",US,2026-09-09,2,https://www.aviasales.com/search/ATL0909MSL1?marker=741311
290,194,USD,MIA,PTY,"Panama City, Panama",PA,2026-08-19,0,https://www.aviasales.com/search/MIA1908PTY1?marker=741311
291,194,USD,MIA,PAR,"Paris, France",FR,2026-10-06,0,https://www.aviasales.com/search/MIA0610PAR1?marker=741311
292,194,USD,JFK,MUC,"Munich, Germany",DE,2026-10-19,1,https://www.aviasales.com/search/JFK1910MUC1?marker=741311
293,195,USD,ORD,BUE,"Buenos Aires, Argentina",AR,2026-09-07,1,https://www.aviasales.com/search/ORD0709BUE1?marker=741311
294,196,USD,LAX,ILG,"Wilmington, United States",US,2026-09-12,3,https://www.aviasales.com/search/LAX1209ILG1?marker=741311
295,196,USD,AUS,PEI,"Pereira, Colombia",CO,2026-08-28,2,https://www.aviasales.com/search/AUS2808PEI1?marker=741311
296,197,USD,SEA,YQB,"Quebec, Canada",CA,2026-09-22,2,https://www.aviasales.com/search/SEA2209YQB1?marker=741311
297,198,USD,IAD,IDA,"Idaho Falls, United States",US,2026-08-27,1,https://www.aviasales.com/search/IAD2708IDA1?marker=741311
298,198,USD,SEA,CPH,"Copenhagen, Denmark",DK,2026-08-27,1,https://www.aviasales.com/search/SEA2708CPH1?marker=741311
299,198,USD,JFK,PRG,"Prague, Czech Republic",CZ,2026-10-19,1,https://www.aviasales.com/search/JFK1910PRG1?marker=741311
300,199,USD,MSP,MFE,"McAllen, United States",US,2026-08-15,2,https://www.aviasales.com/search/MSP1508MFE1?marker=741311
301,199,USD,SFO,IAG,"Niagara Falls, United States",US,2026-09-09,2,https://www.aviasales.com/search/SFO0909IAG1?marker=741311
302,200,USD,CLT,RAP,"Rapid City, United States",US,2026-08-15,0,https://www.aviasales.com/search/CLT1508RAP1?marker=741311
303,201,USD,JFK,TIA,"Tirana, Albania",AL,2026-09-29,1,https://www.aviasales.com/search/JFK2909TIA1?marker=741311
304,201,USD,MIA,IQT,"Iquitos, Peru",PE,2026-11-04,1,https://www.aviasales.com/search/MIA0411IQT1?marker=741311
305,201,USD,JFK,PSA,"Pisa, Italy",IT,2026-10-15,2,https://www.aviasales.com/search/JFK1510PSA1?marker=741311
306,203,USD,LAX,BZE,"Belize City, Belize",BZ,2026-09-18,1,https://www.aviasales.com/search/LAX1809BZE1?marker=741311
307,204,USD,IAD,AVP,"Wilkes-Barre, United States",US,2026-08-18,1,https://www.aviasales.com/search/IAD1808AVP1?marker=741311
308,204,USD,IAD,UIO,"Quito, Ecuador",EC,2026-09-07,1,https://www.aviasales.com/search/IAD0709UIO1?marker=741311
309,205,USD,ORD,POP,"Puerto Plata, Dominican Republic",DO,2026-08-31,1,https://www.aviasales.com/search/ORD3108POP1?marker=741311
310,205,USD,MIA,GEO,"Georgetown, Guyana",GY,2026-11-02,0,https://www.aviasales.com/search/MIA0211GEO1?marker=741311
311,206,USD,JFK,TLL,"Tallinn, Estonia",EE,2026-10-03,1,https://www.aviasales.com/search/JFK0310TLL1?marker=741311
312,207,USD,MCO,RIO,"Rio de Janeiro, Brazil",BR,2026-09-25,1,https://www.aviasales.com/search/MCO2509RIO1?marker=741311
313,207,USD,ORD,YXU,"London, Canada",CA,2026-09-10,1,https://www.aviasales.com/search/ORD1009YXU1?marker=741311
314,207,USD,DTW,GRB,"Green Bay, United States",US,2026-09-09,1,https://www.aviasales.com/search/DTW0909GRB1?marker=741311
315,207,USD,JFK,MVY,"Martha's Vineyard, United States",US,2026-08-19,1,https://www.aviasales.com/search/JFK1908MVY1?marker=741311
316,208,USD,JFK,MIL,"Milan, Italy",IT,2026-09-15,1,https://www.aviasales.com/search/JFK1509MIL1?marker=741311
317,208,USD,MCO,STX,"Saint Croix, U.S. Virgin Islands",VI,2026-08-20,1,https://www.aviasales.com/search/MCO2008STX1?marker=741311
318,209,USD,ORD,PKB,"Parkersburg, United States",US,2026-08-21,2,https://www.aviasales.com/search/ORD2108PKB1?marker=741311
319,209,USD,IAH,MZT,"Mazatlan, Mexico",MX,2026-09-10,2,https://www.aviasales.com/search/IAH1009MZT1?marker=741311
320,211,USD,JFK,AYT,"Antalya, Turkiye",TR,2026-10-03,1,https://www.aviasales.com/search/JFK0310AYT1?marker=741311
321,212,USD,JFK,FRA,"Frankfurt, Germany",DE,2026-10-12,1,https://www.aviasales.com/search/JFK1210FRA1?marker=741311
322,212,USD,SEA,PSC,"Pasco, United States",US,2026-08-29,1,https://www.aviasales.com/search/SEA2908PSC1?marker=741311
323,213,USD,JFK,WAW,"Warsaw, Poland",PL,2026-10-04,1,https://www.aviasales.com/search/JFK0410WAW1?marker=741311
324,214,USD,ORD,LAN,"Lansing, United States",US,2026-09-10,2,https://www.aviasales.com/search/ORD1009LAN1?marker=741311
325,215,USD,FLL,AXM,"Armenia, Colombia",CO,2026-09-10,2,https://www.aviasales.com/search/FLL1009AXM1?marker=741311
326,215,USD,JFK,GND,"St. George's, Grenada",GD,2026-11-12,0,https://www.aviasales.com/search/JFK1211GND1?marker=741311
327,217,USD,PHX,ACV,"Arcata, United States",US,2026-08-18,1,https://www.aviasales.com/search/PHX1808ACV1?marker=741311
328,217,USD,DEN,BGA,"Bucaramanga, Colombia",CO,2026-11-01,1,https://www.aviasales.com/search/DEN0111BGA1?marker=741311
329,219,USD,JFK,SOF,"Sofia, Bulgaria",BG,2026-10-03,1,https://www.aviasales.com/search/JFK0310SOF1?marker=741311
330,220,USD,LAX,YMM,"Fort McMurray, Canada",CA,2026-11-26,2,https://www.aviasales.com/search/LAX2611YMM1?marker=741311
331,221,USD,JFK,MAD,"Madrid, Spain",ES,2026-10-20,1,https://www.aviasales.com/search/JFK2010MAD1?marker=741311
332,222,USD,LAX,CAI,"Cairo, Egypt",EG,2026-08-25,1,https://www.aviasales.com/search/LAX2508CAI1?marker=741311
333,223,USD,DEN,EAR,"Kearney, United States",US,2026-08-19,0,https://www.aviasales.com/search/DEN1908EAR1?marker=741311
334,223,USD,ORD,SLP,"San Luis Potosi, Mexico",MX,2026-08-21,1,https://www.aviasales.com/search/ORD2108SLP1?marker=741311
335,223,USD,IAH,MOB,"Mobile, United States",US,2026-08-24,1,https://www.aviasales.com/search/IAH2408MOB1?marker=741311
336,223,USD,BNA,TRI,"Blountville, United States",US,2026-08-20,2,https://www.aviasales.com/search/BNA2008TRI1?marker=741311
337,224,USD,JFK,HAV,"Havana, Cuba",CU,2026-10-28,2,https://www.aviasales.com/search/JFK2810HAV1?marker=741311
338,224,USD,IAD,ERI,"Erie, United States",US,2026-08-21,1,https://www.aviasales.com/search/IAD2108ERI1?marker=741311
339,225,USD,ATL,MEI,"Meridian, United States",US,2026-09-09,2,https://www.aviasales.com/search/ATL0909MEI1?marker=741311
340,226,USD,JFK,GOA,"Genoa, Italy",IT,2026-09-15,1,https://www.aviasales.com/search/JFK1509GOA1?marker=741311
341,227,USD,LAX,MAM,"Matamoros, Mexico",MX,2026-08-21,2,https://www.aviasales.com/search/LAX2108MAM1?marker=741311
342,227,USD,BNA,BKW,"Beckley, United States",US,2026-08-21,2,https://www.aviasales.com/search/BNA2108BKW1?marker=741311
343,228,USD,JFK,LCA,"Larnaca, Cyprus",CY,2026-10-14,1,https://www.aviasales.com/search/JFK1410LCA1?marker=741311
344,229,USD,JFK,RMO,"Chisinau, Moldova",MD,2026-10-02,1,https://www.aviasales.com/search/JFK0210RMO1?marker=741311
345,229,USD,JFK,VLC,"Valencia, Spain",ES,2026-10-19,1,https://www.aviasales.com/search/JFK1910VLC1?marker=741311
346,229,USD,JFK,DUS,"Dusseldorf, Germany",DE,2026-10-13,2,https://www.aviasales.com/search/JFK1310DUS1?marker=741311
347,229,USD,JFK,ANU,"Saint John's, Antigua and Barbuda",AG,2026-09-26,2,https://www.aviasales.com/search/JFK2609ANU1?marker=741311
348,229,USD,LAX,ZLO,"Manzanillo, Mexico",MX,2026-08-16,2,https://www.aviasales.com/search/LAX1608ZLO1?marker=741311
349,229,USD,LAS,TAP,"Tapachula, Mexico",MX,2026-08-17,2,https://www.aviasales.com/search/LAS1708TAP1?marker=741311
350,230,USD,ORD,YXJ,"Fort St John, Canada",CA,2026-10-15,1,https://www.aviasales.com/search/ORD1510YXJ1?marker=741311
351,231,USD,JFK,BER,"Berlin, Germany",DE,2026-09-15,1,https://www.aviasales.com/search/JFK1509BER1?marker=741311
352,231,USD,MSP,LSE,"La Crosse, United States",US,2026-09-10,2,https://www.aviasales.com/search/MSP1009LSE1?marker=741311
353,232,USD,LAX,EVV,"Evansville, United States",US,2026-09-04,1,https://www.aviasales.com/search/LAX0409EVV1?marker=741311
354,232,USD,ATL,LUL,"Laurel, United States",US,2026-09-09,2,https://www.aviasales.com/search/ATL0909LUL1?marker=741311
355,234,USD,MCO,HTS,"Huntington, United States",US,2026-09-09,3,https://www.aviasales.com/search/MCO0909HTS1?marker=741311
356,235,USD,LAX,TYO,"Tokyo, Japan",JP,2026-08-13,0,https://www.aviasales.com/search/LAX1308TYO1?marker=741311
357,235,USD,JFK,LIS,"Lisbon, Portugal",PT,2026-10-20,1,https://www.aviasales.com/search/JFK2010LIS1?marker=741311
358,236,USD,SFO,TPE,"Taipei, Taiwan",TW,2026-08-31,0,https://www.aviasales.com/search/SFO3108TPE1?marker=741311
359,236,USD,TPA,SNU,"Santa Clara, Cuba",CU,2026-09-30,2,https://www.aviasales.com/search/TPA3009SNU1?marker=741311
360,237,USD,JFK,ALC,"Alicante, Spain",ES,2026-09-06,1,https://www.aviasales.com/search/JFK0609ALC1?marker=741311
361,238,USD,ORD,CHO,"Charlottesville, United States",US,2026-08-15,0,https://www.aviasales.com/search/ORD1508CHO1?marker=741311
362,238,USD,MCO,ELM,"Elmira, United States",US,2026-08-21,2,https://www.aviasales.com/search/MCO2108ELM1?marker=741311
363,238,USD,ORD,FOD,"Fort Dodge, United States",US,2026-08-14,0,https://www.aviasales.com/search/ORD1408FOD1?marker=741311
364,238,USD,PHL,LBB,"Lubbock, United States",US,2026-12-24,1,https://www.aviasales.com/search/PHL2412LBB1?marker=741311
365,239,USD,JFK,UIN,"Quincy, United States",US,2026-08-22,2,https://www.aviasales.com/search/JFK2208UIN1?marker=741311
366,240,USD,MIA,MGA,"Managua, Nicaragua",NI,2026-10-22,0,https://www.aviasales.com/search/MIA2210MGA1?marker=741311
367,240,USD,JFK,VNO,"Vilnius, Lithuania",LT,2026-10-17,1,https://www.aviasales.com/search/JFK1710VNO1?marker=741311
368,241,USD,DEN,TEX,"Telluride, United States",US,2026-09-09,0,https://www.aviasales.com/search/DEN0909TEX1?marker=741311
369,241,USD,LAX,SGN,"Ho Chi Minh City, Vietnam",VN,2026-11-22,1,https://www.aviasales.com/search/LAX2211SGN1?marker=741311
370,241,USD,FLL,ZSA,"San Salvador, Bahamas",BS,2026-09-09,1,https://www.aviasales.com/search/FLL0909ZSA1?marker=741311
371,242,USD,JFK,KRK,"Krakow, Poland",PL,2026-09-13,1,https://www.aviasales.com/search/JFK1309KRK1?marker=741311
372,243,USD,RDU,ORH,"Worcester, United States",US,2026-08-20,1,https://www.aviasales.com/search/RDU2008ORH1?marker=741311
373,243,USD,PHX,BLV,"Belleville, United States",US,2026-10-08,3,https://www.aviasales.com/search/PHX0810BLV1?marker=741311
374,245,USD,JFK,EVN,"Yerevan, Armenia",AM,2026-10-20,1,https://www.aviasales.com/search/JFK2010EVN1?marker=741311
375,245,USD,MIA,ELH,"North Eleuthera, Bahamas",BS,2026-09-07,1,https://www.aviasales.com/search/MIA0709ELH1?marker=741311
376,246,USD,IAH,CZM,"Cozumel, Mexico",MX,2026-09-09,1,https://www.aviasales.com/search/IAH0909CZM1?marker=741311
377,247,USD,JFK,VCE,"Venice, Italy",IT,2026-09-15,1,https://www.aviasales.com/search/JFK1509VCE1?marker=741311
378,247,USD,FLL,FDF,"Fort-de-France, Martinique",MQ,2026-12-01,1,https://www.aviasales.com/search/FLL0112FDF1?marker=741311
379,248,USD,LAX,BKK,"Bangkok, Thailand",TH,2027-01-31,1,https://www.aviasales.com/search/LAX3101BKK1?marker=741311
380,248,USD,JFK,EDI,"Edinburgh, United Kingdom",GB,2026-09-20,1,https://www.aviasales.com/search/JFK2009EDI1?marker=741311
381,249,USD,IAD,ITO,"Hilo, United States",US,2026-09-01,2,https://www.aviasales.com/search/IAD0109ITO1?marker=741311
382,250,USD,JFK,IST,"Istanbul, Turkiye",TR,2026-10-19,1,https://www.aviasales.com/search/JFK1910IST1?marker=741311
383,250,USD,SEA,PUW,"Pullman, United States",US,2026-08-18,0,https://www.aviasales.com/search/SEA1808PUW1?marker=741311
384,251,USD,BOS,PDL,"Ponta Delgada, Portugal",PT,2026-08-24,1,https://www.aviasales.com/search/BOS2408PDL1?marker=741311
385,251,USD,DEN,MOT,"Minot, United States",US,2026-08-19,1,https://www.aviasales.com/search/DEN1908MOT1?marker=741311
386,251,USD,MIA,CLJ,"Cluj-Napoca, Romania",RO,2026-10-10,1,https://www.aviasales.com/search/MIA1010CLJ1?marker=741311
387,251,USD,SEA,FAI,"Fairbanks, United States",US,2026-08-16,0,https://www.aviasales.com/search/SEA1608FAI1?marker=741311
388,252,USD,SEA,STO,"Stockholm, Sweden",SE,2026-10-13,3,https://www.aviasales.com/search/SEA1310STO1?marker=741311
389,253,USD,ORD,NVA,"Neiva, Colombia",CO,2026-11-18,2,https://www.aviasales.com/search/ORD1811NVA1?marker=741311
390,253,USD,PHL,PGD,"Punta Gorda, United States",US,2026-08-18,2,https://www.aviasales.com/search/PHL1808PGD1?marker=741311
391,254,USD,JFK,CUE,"Cuenca, Ecuador",EC,2027-02-04,2,https://www.aviasales.com/search/JFK0402CUE1?marker=741311
392,255,USD,FLL,CAP,"Cap Haitien, Haiti",HT,2026-08-22,0,https://www.aviasales.com/search/FLL2208CAP1?marker=741311
393,255,USD,JFK,ZRH,"Zurich, Switzerland",CH,2026-08-26,1,https://www.aviasales.com/search/JFK2608ZRH1?marker=741311
394,255,USD,ORD,SUX,"Sioux City, United States",US,2026-08-21,0,https://www.aviasales.com/search/ORD2108SUX1?marker=741311
395,255,USD,JFK,POZ,"Poznan, Poland",PL,2026-09-15,1,https://www.aviasales.com/search/JFK1509POZ1?marker=741311
396,256,USD,JFK,JED,"Jeddah, Saudi Arabia",SA,2026-08-17,1,https://www.aviasales.com/search/JFK1708JED1?marker=741311
397,256,USD,BOS,RTB,"Roatan, Honduras",HN,2027-01-30,2,https://www.aviasales.com/search/BOS3001RTB1?marker=741311
398,258,USD,ORD,EWN,"New Bern, United States",US,2026-08-21,1,https://www.aviasales.com/search/ORD2108EWN1?marker=741311
399,258,USD,JFK,BFS,"Belfast, United Kingdom",GB,2026-09-10,1,https://www.aviasales.com/search/JFK1009BFS1?marker=741311
400,258,USD,MSP,MCW,"Mason City, United States",US,2026-09-10,1,https://www.aviasales.com/search/MSP1009MCW1?marker=741311
401,259,USD,ATL,OLB,"Olbia, Italy",IT,2026-10-14,2,https://www.aviasales.com/search/ATL1410OLB1?marker=741311
402,260,USD,SEA,EAT,"Wenatchee, United States",US,2026-08-21,0,https://www.aviasales.com/search/SEA2108EAT1?marker=741311
403,260,USD,JFK,BGR,"Bangor, United States",US,2026-10-03,1,https://www.aviasales.com/search/JFK0310BGR1?marker=741311
404,261,USD,JFK,CUL,"Culiacan, Mexico",MX,2026-09-09,1,https://www.aviasales.com/search/JFK0909CUL1?marker=741311
405,263,USD,DFW,GRI,"Grand Island, United States",US,2026-08-19,1,https://www.aviasales.com/search/DFW1908GRI1?marker=741311
406,265,USD,JFK,AMS,"Amsterdam, Netherlands",NL,2026-10-21,1,https://www.aviasales.com/search/JFK2110AMS1?marker=741311
407,265,USD,JFK,BUD,"Budapest, Hungary",HU,2026-08-25,1,https://www.aviasales.com/search/JFK2508BUD1?marker=741311
408,266,USD,JFK,TGD,"Podgorica, Montenegro",ME,2026-08-24,1,https://www.aviasales.com/search/JFK2408TGD1?marker=741311
409,266,USD,MIA,SRZ,"Santa Cruz, Bolivia",BO,2026-09-09,2,https://www.aviasales.com/search/MIA0909SRZ1?marker=741311
410,266,USD,SFO,OTH,"North Bend, United States",US,2026-09-10,0,https://www.aviasales.com/search/SFO1009OTH1?marker=741311
411,269,USD,JFK,BRI,"Bari, Italy",IT,2026-09-06,2,https://www.aviasales.com/search/JFK0609BRI1?marker=741311
412,269,USD,JFK,CUR,"Curacao, Curaçao",CW,2027-01-06,1,https://www.aviasales.com/search/JFK0601CUR1?marker=741311
413,270,USD,DCA,TQO,"Tulum, Mexico",MX,2026-09-08,3,https://www.aviasales.com/search/DCA0809TQO1?marker=741311
414,270,USD,JFK,KSC,"Kosice, Slovakia",SK,2026-09-10,1,https://www.aviasales.com/search/JFK1009KSC1?marker=741311
415,270,USD,SFO,ZCL,"Zacatecas, Mexico",MX,2026-08-18,2,https://www.aviasales.com/search/SFO1808ZCL1?marker=741311
416,271,USD,JFK,SSH,"Sharm el Sheikh, Egypt",EG,2026-10-19,1,https://www.aviasales.com/search/JFK1910SSH1?marker=741311
417,271,USD,FLL,LPB,"La Paz, Bolivia",BO,2026-09-09,2,https://www.aviasales.com/search/FLL0909LPB1?marker=741311
418,272,USD,SEA,JNU,"Juneau, United States",US,2026-10-09,0,https://www.aviasales.com/search/SEA0910JNU1?marker=741311
419,272,USD,IAH,LCH,"Lake Charles, United States",US,2026-08-17,0,https://www.aviasales.com/search/IAH1708LCH1?marker=741311
420,273,USD,JFK,BEG,"Belgrade, Serbia",RS,2026-10-15,3,https://www.aviasales.com/search/JFK1510BEG1?marker=741311
421,273,USD,MIA,BTS,"Bratislava, Slovakia",SK,2026-10-06,2,https://www.aviasales.com/search/MIA0610BTS1?marker=741311
422,274,USD,JFK,ECN,"Ercan, Northern Cyprus",NY,2026-09-15,2,https://www.aviasales.com/search/JFK1509ECN1?marker=741311
423,274,USD,JFK,PUY,"Pula, Croatia",HR,2026-09-13,1,https://www.aviasales.com/search/JFK1309PUY1?marker=741311
424,275,USD,SFO,MNL,"Manila, Philippines",PH,2026-11-29,1,https://www.aviasales.com/search/SFO2911MNL1?marker=741311
425,275,USD,MIA,ZAG,"Zagreb, Croatia",HR,2026-10-15,2,https://www.aviasales.com/search/MIA1510ZAG1?marker=741311
426,276,USD,FLL,EGE,"Vail, United States",US,2026-08-16,1,https://www.aviasales.com/search/FLL1608EGE1?marker=741311
427,276,USD,JFK,BGO,"Bergen, Norway",NO,2026-08-29,1,https://www.aviasales.com/search/JFK2908BGO1?marker=741311
428,277,USD,ORD,PAH,"Paducah, United States",US,2026-08-20,0,https://www.aviasales.com/search/ORD2008PAH1?marker=741311
429,278,USD,JFK,OPO,"Porto, Portugal",PT,2026-09-20,1,https://www.aviasales.com/search/JFK2009OPO1?marker=741311
430,278,USD,JFK,VRN,"Verona, Italy",IT,2026-10-12,2,https://www.aviasales.com/search/JFK1210VRN1?marker=741311
431,278,USD,SAN,CEC,"Crescent City, United States",US,2026-08-21,1,https://www.aviasales.com/search/SAN2108CEC1?marker=741311
432,279,USD,BNA,XPL,"Comayagua, Honduras",HN,2026-10-24,2,https://www.aviasales.com/search/BNA2410XPL1?marker=741311
433,280,USD,ORD,BAK,"Baku, Azerbaijan",AZ,2026-11-17,3,https://www.aviasales.com/search/ORD1711BAK1?marker=741311
434,281,USD,IAD,BRL,"Burlington, United States",US,2026-08-21,2,https://www.aviasales.com/search/IAD2108BRL1?marker=741311
435,282,USD,LAX,SUN,"Sun Valley, United States",US,2026-08-19,1,https://www.aviasales.com/search/LAX1908SUN1?marker=741311
436,283,USD,JFK,BIO,"Bilbao, Spain",ES,2026-08-15,1,https://www.aviasales.com/search/JFK1508BIO1?marker=741311
437,283,USD,PHX,LAR,"Laramie, United States",US,2026-08-18,1,https://www.aviasales.com/search/PHX1808LAR1?marker=741311
438,284,USD,BOS,DXB,"Dubai, United Arab Emirates",AE,2026-09-07,1,https://www.aviasales.com/search/BOS0709DXB1?marker=741311
439,284,USD,MCO,HEL,"Helsinki, Finland",FI,2026-09-29,2,https://www.aviasales.com/search/MCO2909HEL1?marker=741311
440,284,USD,JFK,BUH,"Bucharest, Romania",RO,2026-09-29,1,https://www.aviasales.com/search/JFK2909BUH1?marker=741311
441,284,USD,JFK,TAB,"Tobago, Trinidad and Tobago",TT,2026-09-09,1,https://www.aviasales.com/search/JFK0909TAB1?marker=741311
442,285,USD,LAX,NCE,"Nice, France",FR,2026-10-19,1,https://www.aviasales.com/search/LAX1910NCE1?marker=741311
443,285,USD,JFK,LHE,"Lahore, Pakistan",PK,2026-08-31,1,https://www.aviasales.com/search/JFK3108LHE1?marker=741311
444,285,USD,JFK,SPU,"Split, Croatia",HR,2026-08-18,1,https://www.aviasales.com/search/JFK1808SPU1?marker=741311
445,285,USD,ORD,SCE,"State College, United States",US,2026-08-17,1,https://www.aviasales.com/search/ORD1708SCE1?marker=741311
446,286,USD,JFK,SPI,"Springfield, United States",US,2026-08-21,2,https://www.aviasales.com/search/JFK2108SPI1?marker=741311
447,287,USD,MIA,BHZ,"Belo Horizonte, Brazil",BR,2026-08-23,1,https://www.aviasales.com/search/MIA2308BHZ1?marker=741311
448,288,USD,JFK,AOI,"Ancona, Italy",IT,2026-09-06,1,https://www.aviasales.com/search/JFK0609AOI1?marker=741311
449,288,USD,PDX,KUN,"Kaunas, Lithuania",LT,2026-08-26,2,https://www.aviasales.com/search/PDX2608KUN1?marker=741311
450,289,USD,JFK,PMI,"Palma, Spain",ES,2026-08-19,1,https://www.aviasales.com/search/JFK1908PMI1?marker=741311
451,291,USD,TPA,SMR,"Santa Marta, Colombia",CO,2026-09-02,3,https://www.aviasales.com/search/TPA0209SMR1?marker=741311
452,293,USD,IAD,SBY,"Salisbury-Ocean City, United States",US,2026-08-20,1,https://www.aviasales.com/search/IAD2008SBY1?marker=741311
453,293,USD,JFK,SKP,"Skopje, North Macedonia",MK,2026-08-25,1,https://www.aviasales.com/search/JFK2508SKP1?marker=741311
454,295,USD,BNA,ITH,"Ithaca, United States",US,2026-08-19,1,https://www.aviasales.com/search/BNA1908ITH1?marker=741311
455,295,USD,PDX,YXX,"Abbotsford, Canada",CA,2026-08-22,2,https://www.aviasales.com/search/PDX2208YXX1?marker=741311
456,296,USD,ORD,DEL,"New Delhi, India",IN,2026-09-07,1,https://www.aviasales.com/search/ORD0709DEL1?marker=741311
457,296,USD,JFK,FNC,"Funchal, Portugal",PT,2026-10-06,1,https://www.aviasales.com/search/JFK0610FNC1?marker=741311
458,296,USD,JFK,BJV,"Bodrum, Turkiye",TR,2026-08-25,1,https://www.aviasales.com/search/JFK2508BJV1?marker=741311
459,296,USD,JFK,FLR,"Florence, Italy",IT,2026-10-14,3,https://www.aviasales.com/search/JFK1410FLR1?marker=741311
460,296,USD,LAX,CVM,"Ciudad Victoria, Mexico",MX,2026-08-17,2,https://www.aviasales.com/search/LAX1708CVM1?marker=741311
461,296,USD,LAX,GUP,"Gallup, United States",US,2026-08-19,2,https://www.aviasales.com/search/LAX1908GUP1?marker=741311
462,297,USD,JFK,MSS,"Massena, United States",US,2026-08-21,1,https://www.aviasales.com/search/JFK2108MSS1?marker=741311
463,298,USD,ORD,ISB,"Islamabad, Pakistan",PK,2026-08-12,1,https://www.aviasales.com/search/ORD1208ISB1?marker=741311
464,298,USD,IAH,CME,"Ciudad Del Carmen, Mexico",MX,2026-09-09,1,https://www.aviasales.com/search/IAH0909CME1?marker=741311
465,299,USD,SLC,BTM,"Butte, United States",US,2026-08-18,1,https://www.aviasales.com/search/SLC1808BTM1?marker=741311
466,301,USD,JFK,CMN,"Casablanca, Morocco",MA,2026-10-16,2,https://www.aviasales.com/search/JFK1610CMN1?marker=741311
467,301,USD,DTW,MBL,"Manistee, United States",US,2026-08-21,2,https://www.aviasales.com/search/DTW2108MBL1?marker=741311
468,302,USD,MIA,VIE,"Vienna, Austria",AT,2026-09-22,1,https://www.aviasales.com/search/MIA2209VIE1?marker=741311
469,303,USD,IAD,YFC,"Fredericton, Canada",CA,2026-08-19,2,https://www.aviasales.com/search/IAD1908YFC1?marker=741311
470,303,USD,LAX,YXS,"Prince George, Canada",CA,2026-08-20,2,https://www.aviasales.com/search/LAX2008YXS1?marker=741311
471,305,USD,IAD,CUZ,"Cusco, Peru",PE,2026-09-07,2,https://www.aviasales.com/search/IAD0709CUZ1?marker=741311
472,307,USD,IAD,GVA,"Geneva, Switzerland",CH,2026-10-04,2,https://www.aviasales.com/search/IAD0410GVA1?marker=741311
473,307,USD,JFK,BRU,"Brussels, Belgium",BE,2026-09-24,1,https://www.aviasales.com/search/JFK2409BRU1?marker=741311
474,308,USD,JFK,GDN,"Gdansk, Poland",PL,2026-09-17,1,https://www.aviasales.com/search/JFK1709GDN1?marker=741311
475,308,USD,JFK,HAM,"Hamburg, Germany",DE,2026-10-24,3,https://www.aviasales.com/search/JFK2410HAM1?marker=741311
476,308,USD,JFK,DOM,"Dominica, Dominica",DM,2026-09-23,2,https://www.aviasales.com/search/JFK2309DOM1?marker=741311
477,309,USD,JFK,TBS,"Tbilisi, Georgia",GE,2026-10-15,1,https://www.aviasales.com/search/JFK1510TBS1?marker=741311
478,309,USD,IAD,EAP,"Basel, Switzerland",CH,2026-10-04,2,https://www.aviasales.com/search/IAD0410EAP1?marker=741311
479,309,USD,DCA,DBV,"Dubrovnik, Croatia",HR,2026-09-07,2,https://www.aviasales.com/search/DCA0709DBV1?marker=741311
480,309,USD,LAX,CNM,"Carlsbad, United States",US,2026-08-18,1,https://www.aviasales.com/search/LAX1808CNM1?marker=741311
481,310,USD,ATL,BOM,"Mumbai, India",IN,2026-09-03,1,https://www.aviasales.com/search/ATL0309BOM1?marker=741311
482,311,USD,JFK,MAN,"Manchester, United Kingdom",GB,2026-09-09,1,https://www.aviasales.com/search/JFK0909MAN1?marker=741311
483,311,USD,JFK,POA,"Porto Alegre, Brazil",BR,2026-09-25,2,https://www.aviasales.com/search/JFK2509POA1?marker=741311
484,312,USD,MIA,RIX,"Riga, Latvia",LV,2026-10-17,2,https://www.aviasales.com/search/MIA1710RIX1?marker=741311
485,313,USD,MSP,STR,"Stuttgart, Germany",DE,2026-10-15,3,https://www.aviasales.com/search/MSP1510STR1?marker=741311
486,313,USD,JFK,HER,"Heraklion, Greece",GR,2026-09-05,1,https://www.aviasales.com/search/JFK0509HER1?marker=741311
487,315,USD,DFW,MCK,"McCook, United States",US,2026-08-16,1,https://www.aviasales.com/search/DFW1608MCK1?marker=741311
488,315,USD,SFO,CGN,"Cologne, Germany",DE,2026-11-15,1,https://www.aviasales.com/search/SFO1511CGN1?marker=741311
489,315,USD,SEA,NNG,"Nanning, China",CN,2027-01-17,2,https://www.aviasales.com/search/SEA1701NNG1?marker=741311
490,316,USD,JFK,PMF,"Parma, Italy",IT,2026-09-02,1,https://www.aviasales.com/search/JFK0209PMF1?marker=741311
491,316,USD,JFK,SLK,"Saranac Lake, United States",US,2026-08-21,1,https://www.aviasales.com/search/JFK2108SLK1?marker=741311
492,316,USD,MCO,FNT,"Flint, United States",US,2026-08-21,2,https://www.aviasales.com/search/MCO2108FNT1?marker=741311
493,317,USD,MIA,VIX,"Vitoria, Brazil",BR,2026-11-09,2,https://www.aviasales.com/search/MIA0911VIX1?marker=741311
494,317,USD,JFK,IZM,"Izmir, Turkiye",TR,2026-08-20,1,https://www.aviasales.com/search/JFK2008IZM1?marker=741311
495,317,USD,JFK,TUN,"Tunis, Tunisia",TN,2026-09-26,1,https://www.aviasales.com/search/JFK2609TUN1?marker=741311
496,319,USD,JFK,OSL,"Oslo, Norway",NO,2026-09-15,1,https://www.aviasales.com/search/JFK1509OSL1?marker=741311
497,319,USD,JFK,LNS,"Lancaster, United States",US,2026-08-20,2,https://www.aviasales.com/search/JFK2008LNS1?marker=741311
498,320,USD,DFW,MAO,"Manaus, Brazil",BR,2026-10-30,2,https://www.aviasales.com/search/DFW3010MAO1?marker=741311
499,320,USD,LAX,UPN,"Uruapan, Mexico",MX,2026-09-09,3,https://www.aviasales.com/search/LAX0909UPN1?marker=741311
500,320,USD,LAX,BIS,"Bismarck, United States",US,2026-08-17,2,https://www.aviasales.com/search/LAX1708BIS1?marker=741311
501,321,USD,JFK,UBS,"Columbus, United States",US,2026-08-18,2,https://www.aviasales.com/search/JFK1808UBS1?marker=741311
502,321,USD,JFK,GLA,"Glasgow, United Kingdom",GB,2026-08-21,1,https://www.aviasales.com/search/JFK2108GLA1?marker=741311
503,321,USD,JFK,ZTH,"Zakinthos, Greece",GR,2026-09-29,2,https://www.aviasales.com/search/JFK2909ZTH1?marker=741311
504,321,USD,JFK,MPL,"Montpellier, France",FR,2026-09-24,1,https://www.aviasales.com/search/JFK2409MPL1?marker=741311
505,321,USD,JFK,REU,"Reus, Spain",ES,2026-09-27,1,https://www.aviasales.com/search/JFK2709REU1?marker=741311
506,323,USD,DTW,AZO,"Kalamazoo, United States",US,2026-09-10,1,https://www.aviasales.com/search/DTW1009AZO1?marker=741311
507,323,USD,JFK,TCI,"Tenerife, Spain",ES,2026-12-31,2,https://www.aviasales.com/search/JFK3112TCI1?marker=741311
508,323,USD,SEA,PXM,"Puerto Escondido, Mexico",MX,2026-08-21,1,https://www.aviasales.com/search/SEA2108PXM1?marker=741311
509,325,USD,SFO,SEL,"Seoul, South Korea",KR,2026-09-05,0,https://www.aviasales.com/search/SFO0509SEL1?marker=741311
510,326,USD,MIA,FLN,"Florianopolis, Brazil",BR,2026-11-04,1,https://www.aviasales.com/search/MIA0411FLN1?marker=741311
511,326,USD,JFK,SVQ,"Sevilla, Spain",ES,2026-11-10,1,https://www.aviasales.com/search/JFK1011SVQ1?marker=741311
512,327,USD,LAX,WYS,"West Yellowstone, United States",US,2026-08-17,1,https://www.aviasales.com/search/LAX1708WYS1?marker=741311
513,327,USD,JFK,DLM,"Dalaman, Turkiye",TR,2026-09-14,2,https://www.aviasales.com/search/JFK1409DLM1?marker=741311
514,327,USD,MIA,ASU,"Asuncion, Paraguay",PY,2026-09-11,1,https://www.aviasales.com/search/MIA1109ASU1?marker=741311
515,329,USD,ATL,DEC,"Decatur, United States",US,2026-08-16,1,https://www.aviasales.com/search/ATL1608DEC1?marker=741311
516,330,USD,SEA,REK,"Reykjavik, Iceland",IS,2026-09-12,1,https://www.aviasales.com/search/SEA1209REK1?marker=741311
517,330,USD,SEA,YYJ,"Victoria, Canada",CA,2026-08-19,1,https://www.aviasales.com/search/SEA1908YYJ1?marker=741311
518,331,USD,JFK,NAP,"Naples, Italy",IT,2026-09-25,1,https://www.aviasales.com/search/JFK2509NAP1?marker=741311
519,332,USD,SFO,SHA,"Shanghai, China",CN,2026-09-23,1,https://www.aviasales.com/search/SFO2309SHA1?marker=741311
520,332,USD,FLL,OGL,"Georgetown, Guyana",GY,2026-09-03,1,https://www.aviasales.com/search/FLL0309OGL1?marker=741311
521,332,USD,JFK,JER,"Jersey, Jersey",JE,2026-09-10,1,https://www.aviasales.com/search/JFK1009JER1?marker=741311
522,334,USD,LAS,ALO,"Waterloo, United States",US,2026-09-01,1,https://www.aviasales.com/search/LAS0109ALO1?marker=741311
523,335,USD,JFK,GRO,"Girona, Spain",ES,2026-09-27,1,https://www.aviasales.com/search/JFK2709GRO1?marker=741311
524,336,USD,MIA,PTP,"Pointe-a-pitre, Guadeloupe",GP,2026-12-08,1,https://www.aviasales.com/search/MIA0812PTP1?marker=741311
525,336,USD,MIA,MVD,"Montevideo, Uruguay",UY,2026-08-23,1,https://www.aviasales.com/search/MIA2308MVD1?marker=741311
526,336,USD,JFK,EIS,"Beef Island, British Virgin Islands",VG,2026-10-16,2,https://www.aviasales.com/search/JFK1610EIS1?marker=741311
527,337,USD,IAH,MTT,"Minatitlan, Mexico",MX,2026-08-15,1,https://www.aviasales.com/search/IAH1508MTT1?marker=741311
528,339,USD,SFO,DAD,"Da Nang, Vietnam",VN,2026-09-09,1,https://www.aviasales.com/search/SFO0909DAD1?marker=741311
529,339,USD,JFK,SKG,"Thessaloniki, Greece",GR,2026-10-06,2,https://www.aviasales.com/search/JFK0610SKG1?marker=741311
530,340,USD,BOS,RAI,"Praia, Cape Verde",CV,2026-08-29,0,https://www.aviasales.com/search/BOS2908RAI1?marker=741311
531,342,USD,BOS,CWB,"Curitiba, Brazil",BR,2026-08-20,2,https://www.aviasales.com/search/BOS2008CWB1?marker=741311
532,346,USD,JFK,RUH,"Riyadh, Saudi Arabia",SA,2026-09-10,1,https://www.aviasales.com/search/JFK1009RUH1?marker=741311
533,346,USD,MIA,SCY,"San Cristobal, Ecuador",EC,2026-10-16,2,https://www.aviasales.com/search/MIA1610SCY1?marker=741311
534,347,USD,MCO,YYT,"St. John's, Canada",CA,2026-08-18,2,https://www.aviasales.com/search/MCO1808YYT1?marker=741311
535,348,USD,LAX,BJS,"Beijing, China",CN,2026-11-10,1,https://www.aviasales.com/search/LAX1011BJS1?marker=741311
536,348,USD,BOS,MLA,"Malta, Malta",MT,2026-10-03,2,https://www.aviasales.com/search/BOS0310MLA1?marker=741311
537,348,USD,IAD,TLS,"Toulouse, France",FR,2026-09-07,2,https://www.aviasales.com/search/IAD0709TLS1?marker=741311
538,348,USD,LAX,RAK,"Marrakech, Morocco",MA,2026-10-18,2,https://www.aviasales.com/search/LAX1810RAK1?marker=741311
539,348,USD,JFK,LPA,"Las Palmas, Spain",ES,2026-08-31,2,https://www.aviasales.com/search/JFK3108LPA1?marker=741311
540,349,USD,JFK,IBZ,"Ibiza, Spain",ES,2026-08-21,1,https://www.aviasales.com/search/JFK2108IBZ1?marker=741311
541,349,USD,LAX,HAK,"Haikou, China",CN,2026-12-01,1,https://www.aviasales.com/search/LAX0112HAK1?marker=741311
542,349,USD,LAX,MKK,"Hoolehua, United States",US,2026-09-05,1,https://www.aviasales.com/search/LAX0509MKK1?marker=741311
543,350,USD,ATL,PHF,"Newport News, United States",US,2026-08-21,2,https://www.aviasales.com/search/ATL2108PHF1?marker=741311
544,350,USD,MIA,BIQ,"Biarritz, France",FR,2026-09-24,1,https://www.aviasales.com/search/MIA2409BIQ1?marker=741311
545,351,USD,MIA,ROS,"Rosario, Argentina",AR,2026-09-08,1,https://www.aviasales.com/search/MIA0809ROS1?marker=741311
546,352,USD,JFK,CFU,"Kerkyra, Greece",GR,2026-08-18,1,https://www.aviasales.com/search/JFK1808CFU1?marker=741311
547,352,USD,PHX,OGD,"Ogden, United States",US,2026-08-21,2,https://www.aviasales.com/search/PHX2108OGD1?marker=741311
548,353,USD,IAD,KWI,"Kuwait City, Kuwait",KW,2026-09-07,1,https://www.aviasales.com/search/IAD0709KWI1?marker=741311
549,353,USD,SFO,CRK,"City of Angeles, Philippines",PH,2026-10-21,1,https://www.aviasales.com/search/SFO2110CRK1?marker=741311
550,355,USD,JFK,GZP,"Alanya, Turkiye",TR,2026-09-15,3,https://www.aviasales.com/search/JFK1509GZP1?marker=741311
551,355,USD,LAS,CJS,"Ciudad Juarez, Mexico",MX,2026-09-07,3,https://www.aviasales.com/search/LAS0709CJS1?marker=741311
552,355,USD,MCO,LAF,"Lafayette, United States",US,2026-08-21,1,https://www.aviasales.com/search/MCO2108LAF1?marker=741311
553,356,USD,LAX,CAN,"Guangzhou, China",CN,2026-11-08,1,https://www.aviasales.com/search/LAX0811CAN1?marker=741311
554,357,USD,JFK,AUH,"Abu Dhabi, United Arab Emirates",AE,2026-10-14,2,https://www.aviasales.com/search/JFK1410AUH1?marker=741311
555,357,USD,JFK,JMK,"Mikonos, Greece",GR,2026-09-01,1,https://www.aviasales.com/search/JFK0109JMK1?marker=741311
556,357,USD,JFK,RHO,"Rhodes, Greece",GR,2026-08-18,1,https://www.aviasales.com/search/JFK1808RHO1?marker=741311
557,357,USD,PHX,LTO,"Loreto, Mexico",MX,2026-08-21,1,https://www.aviasales.com/search/PHX2108LTO1?marker=741311
558,358,USD,JFK,EWB,"New Bedford, United States",US,2026-08-17,1,https://www.aviasales.com/search/JFK1708EWB1?marker=741311
559,358,USD,JFK,PNA,"Pamplona, Spain",ES,2026-10-15,2,https://www.aviasales.com/search/JFK1510PNA1?marker=741311
560,358,USD,LAS,WRO,"Wroclaw, Poland",PL,2026-10-03,2,https://www.aviasales.com/search/LAS0310WRO1?marker=741311
561,359,USD,DFW,SLN,"Salina, United States",US,2026-08-21,1,https://www.aviasales.com/search/DFW2108SLN1?marker=741311
562,359,USD,LAX,VAR,"Varna, Bulgaria",BG,2026-11-10,3,https://www.aviasales.com/search/LAX1011VAR1?marker=741311
563,359,USD,ORD,SVC,"Silver City, United States",US,2026-08-21,2,https://www.aviasales.com/search/ORD2108SVC1?marker=741311
564,360,USD,DFW,JLN,"Joplin, United States",US,2026-08-17,1,https://www.aviasales.com/search/DFW1708JLN1?marker=741311
565,360,USD,MSP,YYG,"Charlottetown, Canada",CA,2026-08-20,1,https://www.aviasales.com/search/MSP2008YYG1?marker=741311
566,361,USD,MIA,HOG,"Holguin, Cuba",CU,2026-09-08,0,https://www.aviasales.com/search/MIA0809HOG1?marker=741311
567,361,USD,LAX,MRS,"Marseille, France",FR,2026-09-22,1,https://www.aviasales.com/search/LAX2209MRS1?marker=741311
568,363,USD,JFK,PBM,"Paramaribo, Suriname",SR,2026-10-30,1,https://www.aviasales.com/search/JFK3010PBM1?marker=741311
569,364,USD,MSP,DIK,"Dickinson, United States",US,2026-08-22,1,https://www.aviasales.com/search/MSP2208DIK1?marker=741311
570,364,USD,JFK,MCT,"Muscat, Oman",OM,2026-09-09,1,https://www.aviasales.com/search/JFK0909MCT1?marker=741311
571,364,USD,JFK,TIV,"Tivat, Montenegro",ME,2026-09-13,1,https://www.aviasales.com/search/JFK1309TIV1?marker=741311
572,364,USD,MIA,MDZ,"Mendoza, Argentina",AR,2026-08-16,1,https://www.aviasales.com/search/MIA1608MDZ1?marker=741311
573,365,USD,BOS,SHJ,"Sharjah, United Arab Emirates",AE,2026-09-10,2,https://www.aviasales.com/search/BOS1009SHJ1?marker=741311
574,365,USD,PDX,AUW,"Wausau, United States",US,2026-10-17,2,https://www.aviasales.com/search/PDX1710AUW1?marker=741311
575,366,USD,JFK,LJU,"Ljubljana, Slovenia",SI,2026-11-13,3,https://www.aviasales.com/search/JFK1311LJU1?marker=741311
576,367,USD,IAD,CBB,"Cochabamba, Bolivia",BO,2026-09-09,2,https://www.aviasales.com/search/IAD0909CBB1?marker=741311
577,367,USD,LAX,JKT,"Jakarta, Indonesia",ID,2026-09-03,1,https://www.aviasales.com/search/LAX0309JKT1?marker=741311
578,368,USD,LAX,HAN,"Hanoi, Vietnam",VN,2026-10-13,1,https://www.aviasales.com/search/LAX1310HAN1?marker=741311
579,369,USD,ORD,FMM,"Memmingen, Germany",DE,2026-09-10,2,https://www.aviasales.com/search/ORD1009FMM1?marker=741311
580,370,USD,JFK,LYS,"Lyon, France",FR,2026-08-18,2,https://www.aviasales.com/search/JFK1808LYS1?marker=741311
581,371,USD,ORD,ALG,"Algiers, Algeria",DZ,2026-10-20,2,https://www.aviasales.com/search/ORD2010ALG1?marker=741311
582,372,USD,MSP,JMS,"Jamestown, United States",US,2026-09-09,1,https://www.aviasales.com/search/MSP0909JMS1?marker=741311
583,373,USD,MIA,CCS,"Caracas, Venezuela",VE,2026-09-01,1,https://www.aviasales.com/search/MIA0109CCS1?marker=741311
584,375,USD,LAX,EIN,"Eindhoven, Netherlands",NL,2026-11-14,2,https://www.aviasales.com/search/LAX1411EIN1?marker=741311
585,376,USD,SAN,SSA,"Salvador, Brazil",BR,2026-09-01,2,https://www.aviasales.com/search/SAN0109SSA1?marker=741311
586,377,USD,IAD,MAA,"Chennai, India",IN,2026-09-07,1,https://www.aviasales.com/search/IAD0709MAA1?marker=741311
587,378,USD,LAS,HKG,"Hong Kong, Hong Kong",HK,2027-01-31,1,https://www.aviasales.com/search/LAS3101HKG1?marker=741311
588,378,USD,LAX,HRB,"Harbin, China",CN,2026-09-27,1,https://www.aviasales.com/search/LAX2709HRB1?marker=741311
589,378,USD,JFK,MED,"Medina, Saudi Arabia",SA,2026-08-30,1,https://www.aviasales.com/search/JFK3008MED1?marker=741311
590,380,USD,IAD,SJJ,"Sarajevo, Bosnia and Herzegovina",BA,2026-10-13,3,https://www.aviasales.com/search/IAD1310SJJ1?marker=741311
591,380,USD,JFK,HYD,"Hyderabad, India",IN,2026-09-10,1,https://www.aviasales.com/search/JFK1009HYD1?marker=741311
592,380,USD,LAX,BFL,"Bakersfield, United States",US,2026-08-21,2,https://www.aviasales.com/search/LAX2108BFL1?marker=741311
593,381,USD,LAX,SYX,"Sanya, China",CN,2026-11-08,1,https://www.aviasales.com/search/LAX0811SYX1?marker=741311
594,381,USD,LAX,HRG,"Hurghada, Egypt",EG,2026-11-19,3,https://www.aviasales.com/search/LAX1911HRG1?marker=741311
595,383,USD,IAD,DOH,"Doha, Qatar",QA,2026-09-23,1,https://www.aviasales.com/search/IAD2309DOH1?marker=741311
596,386,USD,LAX,SIA,"Xian, China",CN,2026-09-22,1,https://www.aviasales.com/search/LAX2209SIA1?marker=741311
597,386,USD,TPA,NUE,"Nuremberg, Germany",DE,2026-11-03,2,https://www.aviasales.com/search/TPA0311NUE1?marker=741311
598,387,USD,LAX,OSA,"Osaka, Japan",JP,2026-08-23,1,https://www.aviasales.com/search/LAX2308OSA1?marker=741311
599,387,USD,SAN,CHQ,"Chania, Greece",GR,2026-08-19,1,https://www.aviasales.com/search/SAN1908CHQ1?marker=741311
600,388,USD,SEA,SIT,"Sitka, United States",US,2026-08-20,0,https://www.aviasales.com/search/SEA2008SIT1?marker=741311
601,388,USD,LAX,TSN,"Tianjin, China",CN,2026-09-08,1,https://www.aviasales.com/search/LAX0809TSN1?marker=741311
602,390,USD,LAX,KUL,"Kuala Lumpur, Malaysia",MY,2026-08-26,1,https://www.aviasales.com/search/LAX2608KUL1?marker=741311
603,390,USD,DEN,GUC,"Gunnison, United States",US,2026-08-20,0,https://www.aviasales.com/search/DEN2008GUC1?marker=741311
604,390,USD,IAH,ILE,"Killeen, United States",US,2026-08-18,1,https://www.aviasales.com/search/IAH1808ILE1?marker=741311
605,390,USD,SFO,PPT,"Papeete, French Polynesia",PF,2026-08-28,1,https://www.aviasales.com/search/SFO2808PPT1?marker=741311
606,391,USD,JFK,KHI,"Karachi, Pakistan",PK,2026-08-15,1,https://www.aviasales.com/search/JFK1508KHI1?marker=741311
607,391,USD,IAD,DRO,"Durango, United States",US,2026-08-29,1,https://www.aviasales.com/search/IAD2908DRO1?marker=741311
608,391,USD,SEA,BLQ,"Bologna, Italy",IT,2026-09-12,2,https://www.aviasales.com/search/SEA1209BLQ1?marker=741311
609,392,USD,JFK,DAC,"Dhaka, Bangladesh",BD,2026-08-31,1,https://www.aviasales.com/search/JFK3108DAC1?marker=741311
610,392,USD,JFK,ATQ,"Amritsar, India",IN,2026-08-17,2,https://www.aviasales.com/search/JFK1708ATQ1?marker=741311
611,392,USD,LAX,JTR,"Thira, Greece",GR,2026-09-26,2,https://www.aviasales.com/search/LAX2609JTR1?marker=741311
612,393,USD,ATL,NBO,"Nairobi, Kenya",KE,2026-09-10,1,https://www.aviasales.com/search/ATL1009NBO1?marker=741311
613,393,USD,JFK,ANK,"Ankara, Turkiye",TR,2026-09-02,1,https://www.aviasales.com/search/JFK0209ANK1?marker=741311
614,394,USD,PHX,YUM,"Yuma, United States",US,2026-08-19,0,https://www.aviasales.com/search/PHX1908YUM1?marker=741311
615,395,USD,AUS,NAN,"Nadi, Fiji",FJ,2026-12-10,1,https://www.aviasales.com/search/AUS1012NAN1?marker=741311
616,395,USD,ORD,MQT,"Marquette, United States",US,2026-08-21,0,https://www.aviasales.com/search/ORD2108MQT1?marker=741311
617,396,USD,ORD,HKT,"Phuket, Thailand",TH,2026-09-24,1,https://www.aviasales.com/search/ORD2409HKT1?marker=741311
618,396,USD,PHL,SHD,"Staunton, United States",US,2026-08-18,2,https://www.aviasales.com/search/PHL1808SHD1?marker=741311
619,397,USD,JFK,BAH,"Manama, Bahrain",BH,2026-09-22,1,https://www.aviasales.com/search/JFK2209BAH1?marker=741311
620,398,USD,JFK,MOW,"Moscow, Russia",RU,2026-09-13,2,https://www.aviasales.com/search/JFK1309MOW1?marker=741311
621,401,USD,JFK,BOJ,"Bourgas, Bulgaria",BG,2026-08-15,3,https://www.aviasales.com/search/JFK1508BOJ1?marker=741311
622,401,USD,JFK,LWN,"Gyumri, Armenia",AM,2026-09-21,3,https://www.aviasales.com/search/JFK2109LWN1?marker=741311
623,401,USD,JFK,TRN,"Turin, Italy",IT,2026-12-13,2,https://www.aviasales.com/search/JFK1312TRN1?marker=741311
624,402,USD,JFK,BUS,"Batumi, Georgia",GE,2026-08-24,3,https://www.aviasales.com/search/JFK2408BUS1?marker=741311
625,403,USD,IAD,AMD,"Ahmedabad, India",IN,2026-09-07,1,https://www.aviasales.com/search/IAD0709AMD1?marker=741311
626,404,USD,LAX,CTU,"Chengdu, China",CN,2026-08-30,1,https://www.aviasales.com/search/LAX3008CTU1?marker=741311
627,407,USD,DFW,XQP,"Quepos, Costa Rica",CR,2026-08-19,2,https://www.aviasales.com/search/DFW1908XQP1?marker=741311
628,407,USD,LAX,SIN,"Singapore, Singapore",SG,2026-08-25,1,https://www.aviasales.com/search/LAX2508SIN1?marker=741311
629,407,USD,CLT,FLO,"Florence, United States",US,2026-10-01,0,https://www.aviasales.com/search/CLT0110FLO1?marker=741311
630,409,USD,JFK,CTA,"Catania, Italy",IT,2026-08-16,1,https://www.aviasales.com/search/JFK1608CTA1?marker=741311
631,409,USD,BNA,CMX,"Hancock, United States",US,2026-08-22,1,https://www.aviasales.com/search/BNA2208CMX1?marker=741311
632,410,USD,JFK,SBH,"Saint Barthelemy, Guadeloupe",GP,2026-10-03,1,https://www.aviasales.com/search/JFK0310SBH1?marker=741311
633,411,USD,SEA,YYF,"Penticton, Canada",CA,2026-08-20,1,https://www.aviasales.com/search/SEA2008YYF1?marker=741311
634,411,USD,SLC,CCP,"Concepcion, Chile",CL,2026-09-13,3,https://www.aviasales.com/search/SLC1309CCP1?marker=741311
635,413,USD,ORD,BSZ,"Bishkek, Kyrgyzstan",KG,2027-01-12,4,https://www.aviasales.com/search/ORD1201BSZ1?marker=741311
636,413,USD,BOS,MBS,"Saginaw, United States",US,2026-08-17,1,https://www.aviasales.com/search/BOS1708MBS1?marker=741311
637,413,USD,JFK,CMB,"Colombo, Sri Lanka",LK,2026-09-20,1,https://www.aviasales.com/search/JFK2009CMB1?marker=741311
638,415,USD,BOS,MXL,"Mexicali, Mexico",MX,2026-08-12,3,https://www.aviasales.com/search/BOS1208MXL1?marker=741311
639,416,USD,IAD,BLR,"Bengaluru, India",IN,2026-09-07,2,https://www.aviasales.com/search/IAD0709BLR1?marker=741311
640,417,USD,SEA,BIH,"Bishop, United States",US,2026-08-19,1,https://www.aviasales.com/search/SEA1908BIH1?marker=741311
641,418,USD,JFK,ALA,"Almaty, Kazakhstan",KZ,2026-10-13,2,https://www.aviasales.com/search/JFK1310ALA1?marker=741311
642,418,USD,ORD,TAS,"Tashkent, Uzbekistan",UZ,2026-11-17,4,https://www.aviasales.com/search/ORD1711TAS1?marker=741311
643,420,USD,IAD,PRN,"Pristina, Kosovo",XK,2026-08-13,1,https://www.aviasales.com/search/IAD1308PRN1?marker=741311
644,420,USD,LAX,ORK,"Cork, Ireland",IE,2026-12-10,1,https://www.aviasales.com/search/LAX1012ORK1?marker=741311
645,421,USD,ORD,AER,"Adler/Sochi, Russia",RU,2026-12-06,4,https://www.aviasales.com/search/ORD0612AER1?marker=741311
646,423,USD,JFK,LOS,"Lagos, Nigeria",NG,2026-09-14,1,https://www.aviasales.com/search/JFK1409LOS1?marker=741311
647,423,USD,ATL,TXK,"Texarkana, United States",US,2026-08-15,2,https://www.aviasales.com/search/ATL1508TXK1?marker=741311
648,423,USD,LAX,BKI,"Kota-Kinabalu, Malaysia",MY,2026-08-19,2,https://www.aviasales.com/search/LAX1908BKI1?marker=741311
649,423,USD,LAX,KCH,"Kuching, Malaysia",MY,2026-08-27,2,https://www.aviasales.com/search/LAX2708KCH1?marker=741311
650,424,USD,MSP,YZR,"Sarnia, Canada",CA,2026-08-20,2,https://www.aviasales.com/search/MSP2008YZR1?marker=741311
651,427,USD,IAD,CKY,"Conakry, Guinea",GN,2026-11-25,1,https://www.aviasales.com/search/IAD2511CKY1?marker=741311
652,428,USD,BOS,ADD,"Addis Ababa, Ethiopia",ET,2026-09-04,1,https://www.aviasales.com/search/BOS0409ADD1?marker=741311
653,429,USD,ORD,YQT,"Thunder Bay, Canada",CA,2026-08-21,2,https://www.aviasales.com/search/ORD2108YQT1?marker=741311
654,429,USD,LAX,GGG,"Longview, United States",US,2026-08-15,1,https://www.aviasales.com/search/LAX1508GGG1?marker=741311
655,430,USD,LAX,CKG,"Chongqing, China",CN,2026-08-31,1,https://www.aviasales.com/search/LAX3108CKG1?marker=741311
656,430,USD,LAX,EBL,"Erbil, Iraq",IQ,2026-08-20,1,https://www.aviasales.com/search/LAX2008EBL1?marker=741311
657,431,USD,JFK,MRV,"Mineralnye Vody, Russia",RU,2026-10-20,3,https://www.aviasales.com/search/JFK2010MRV1?marker=741311
658,431,USD,JFK,KUT,"Kutaisi, Georgia",GE,2026-08-25,2,https://www.aviasales.com/search/JFK2508KUT1?marker=741311
659,431,USD,JFK,BDQ,"Vadodara, India",IN,2026-10-06,2,https://www.aviasales.com/search/JFK0610BDQ1?marker=741311
660,432,USD,IAD,KTW,"Katowice, Poland",PL,2026-08-26,3,https://www.aviasales.com/search/IAD2608KTW1?marker=741311
661,433,USD,SEA,KMG,"Kunming, China",CN,2026-09-17,2,https://www.aviasales.com/search/SEA1709KMG1?marker=741311
662,433,USD,JFK,LRD,"Laredo, United States",US,2026-08-21,2,https://www.aviasales.com/search/JFK2108LRD1?marker=741311
663,434,USD,JFK,SCO,"Aktau, Kazakhstan",KZ,2026-09-12,2,https://www.aviasales.com/search/JFK1209SCO1?marker=741311
664,434,USD,JFK,CAG,"Cagliari, Italy",IT,2026-08-14,1,https://www.aviasales.com/search/JFK1408CAG1?marker=741311
665,436,USD,JFK,UFA,"Ufa, Russia",RU,2027-01-28,3,https://www.aviasales.com/search/JFK2801UFA1?marker=741311
666,436,USD,SEA,YCD,"Nanaimo, Canada",CA,2026-08-16,1,https://www.aviasales.com/search/SEA1608YCD1?marker=741311
667,438,USD,AUS,BPS,"Porto Seguro, Brazil",BR,2026-08-25,2,https://www.aviasales.com/search/AUS2508BPS1?marker=741311
668,439,USD,JFK,DKR,"Dakar, Senegal",SN,2026-09-09,1,https://www.aviasales.com/search/JFK0909DKR1?marker=741311
669,439,USD,JFK,JAI,"Jaipur, India",IN,2026-08-30,2,https://www.aviasales.com/search/JFK3008JAI1?marker=741311
670,439,USD,RDU,LIO,"Limon, Costa Rica",CR,2026-08-18,2,https://www.aviasales.com/search/RDU1808LIO1?marker=741311
671,440,USD,JFK,ACC,"Accra, Ghana",GH,2026-09-28,1,https://www.aviasales.com/search/JFK2809ACC1?marker=741311
672,440,USD,JFK,GOI,"Goa, India",IN,2026-09-30,1,https://www.aviasales.com/search/JFK3009GOI1?marker=741311
673,440,USD,JFK,LPL,"Liverpool, United Kingdom",GB,2026-11-04,3,https://www.aviasales.com/search/JFK0411LPL1?marker=741311
674,441,USD,LAX,NHA,"Nha Trang, Vietnam",VN,2026-09-10,2,https://www.aviasales.com/search/LAX1009NHA1?marker=741311
675,442,USD,DTW,GOT,"Gothenburg, Sweden",SE,2026-08-19,2,https://www.aviasales.com/search/DTW1908GOT1?marker=741311
676,442,USD,DTW,PLN,"Pellston, United States",US,2026-08-20,2,https://www.aviasales.com/search/DTW2008PLN1?marker=741311
677,443,USD,LAX,PEN,"Penang, Malaysia",MY,2026-09-24,1,https://www.aviasales.com/search/LAX2409PEN1?marker=741311
678,444,USD,ORD,LED,"Saint Petersburg, Russia",RU,2026-11-16,3,https://www.aviasales.com/search/ORD1611LED1?marker=741311
679,444,USD,LAX,MEL,"Melbourne, Australia",AU,2026-08-14,0,https://www.aviasales.com/search/LAX1408MEL1?marker=741311
680,445,USD,LAX,DPS,"Denpasar (Bali), Indonesia",ID,2026-10-17,1,https://www.aviasales.com/search/LAX1710DPS1?marker=741311
681,447,USD,JFK,SVX,"Yekaterinburg, Russia",RU,2026-12-06,3,https://www.aviasales.com/search/JFK0612SVX1?marker=741311
682,448,USD,SEA,PQC,"Phu Quoc, Vietnam",VN,2026-09-07,1,https://www.aviasales.com/search/SEA0709PQC1?marker=741311
683,448,USD,JFK,ABJ,"Abidjan, Ivory Coast",CI,2026-09-16,1,https://www.aviasales.com/search/JFK1609ABJ1?marker=741311
684,448,USD,LAX,BXU,"Butuan, Philippines",PH,2026-08-20,3,https://www.aviasales.com/search/LAX2008BXU1?marker=741311
685,448,USD,TPA,FSM,"Fort Smith, United States",US,2026-08-20,2,https://www.aviasales.com/search/TPA2008FSM1?marker=741311
686,449,USD,JFK,YGK,"Kingston, Canada",CA,2026-08-21,3,https://www.aviasales.com/search/JFK2108YGK1?marker=741311
687,450,USD,ATL,MGM,"Montgomery, United States",US,2026-08-22,2,https://www.aviasales.com/search/ATL2208MGM1?marker=741311
688,450,USD,JFK,SKT,"Sialkot, Pakistan",PK,2026-08-23,2,https://www.aviasales.com/search/JFK2308SKT1?marker=741311
689,451,USD,SEA,FEZ,"Fez, Morocco",MA,2026-09-12,3,https://www.aviasales.com/search/SEA1209FEZ1?marker=741311
690,452,USD,JFK,ART,"Watertown, United States",US,2026-08-21,2,https://www.aviasales.com/search/JFK2108ART1?marker=741311
691,452,USD,LAX,XMN,"Xiamen, China",CN,2026-09-24,1,https://www.aviasales.com/search/LAX2409XMN1?marker=741311
692,454,USD,SEA,KZN,"Kazan, Russia",RU,2026-11-23,4,https://www.aviasales.com/search/SEA2311KZN1?marker=741311
693,455,USD,JFK,NQZ,"Astana, Kazakhstan",KZ,2026-10-17,2,https://www.aviasales.com/search/JFK1710NQZ1?marker=741311
694,456,USD,JFK,TCO,"Tumaco, Colombia",CO,2026-08-21,3,https://www.aviasales.com/search/JFK2108TCO1?marker=741311
695,457,USD,LAX,CGY,"Cagayan De Oro, Philippines",PH,2026-10-14,2,https://www.aviasales.com/search/LAX1410CGY1?marker=741311
696,458,USD,JFK,PSG,"Petersburg, United States",US,2026-09-26,1,https://www.aviasales.com/search/JFK2609PSG1?marker=741311
697,463,USD,JFK,CNX,"Chiang Mai, Thailand",TH,2026-11-03,1,https://www.aviasales.com/search/JFK0311CNX1?marker=741311
698,463,USD,SFO,GYN,"Goiania, Brazil",BR,2026-08-13,2,https://www.aviasales.com/search/SFO1308GYN1?marker=741311
699,463,USD,SLC,HYS,"Hays, United States",US,2026-08-21,2,https://www.aviasales.com/search/SLC2108HYS1?marker=741311
700,464,USD,JFK,DYU,"Dushanbe, Tajikistan",TJ,2026-09-28,2,https://www.aviasales.com/search/JFK2809DYU1?marker=741311
701,464,USD,JFK,ACT,"Waco, United States",US,2026-08-16,1,https://www.aviasales.com/search/JFK1608ACT1?marker=741311
702,465,USD,LAX,AKL,"Auckland, New Zealand",NZ,2026-12-01,1,https://www.aviasales.com/search/LAX0112AKL1?marker=741311
703,466,USD,ATL,TGU,"Tegucigalpa, Honduras",HN,2026-09-10,2,https://www.aviasales.com/search/ATL1009TGU1?marker=741311
704,466,USD,JFK,SFG,"Saint Martin, Saint Martin",MF,2026-09-08,3,https://www.aviasales.com/search/JFK0809SFG1?marker=741311
705,467,USD,LAX,KBV,"Krabi, Thailand",TH,2026-11-09,2,https://www.aviasales.com/search/LAX0911KBV1?marker=741311
706,468,USD,SFO,SJW,"Shijiazhuang, China",CN,2026-12-01,1,https://www.aviasales.com/search/SFO0112SJW1?marker=741311
707,472,USD,DFW,DVL,"Devils Lake, United States",US,2026-08-21,1,https://www.aviasales.com/search/DFW2108DVL1?marker=741311
708,473,USD,ORD,COD,"Cody, United States",US,2026-08-20,1,https://www.aviasales.com/search/ORD2008COD1?marker=741311
709,474,USD,JFK,VIJ,"Virgin Gorda, British Virgin Islands",VG,2026-10-16,2,https://www.aviasales.com/search/JFK1610VIJ1?marker=741311
710,474,USD,JFK,FUK,"Fukuoka, Japan",JP,2026-09-01,1,https://www.aviasales.com/search/JFK0109FUK1?marker=741311
711,474,USD,JFK,TRV,"Thiruvananthapuram, India",IN,2026-10-03,2,https://www.aviasales.com/search/JFK0310TRV1?marker=741311
712,474,USD,BNA,HOB,"Hobbs, United States",US,2026-08-20,1,https://www.aviasales.com/search/BNA2008HOB1?marker=741311
713,475,USD,JFK,UBN,"Ulaanbaatar, Mongolia",MN,2026-09-23,1,https://www.aviasales.com/search/JFK2309UBN1?marker=741311
714,477,USD,ORD,RKS,"Rock Springs, United States",US,2026-08-18,1,https://www.aviasales.com/search/ORD1808RKS1?marker=741311
715,480,USD,BOS,GCK,"Garden City, United States",US,2026-08-12,2,https://www.aviasales.com/search/BOS1208GCK1?marker=741311
716,481,USD,DFW,CEB,"Cebu City, Philippines",PH,2026-09-12,1,https://www.aviasales.com/search/DFW1209CEB1?marker=741311
717,482,USD,FLL,HAJ,"Hannover, Germany",DE,2026-12-01,2,https://www.aviasales.com/search/FLL0112HAJ1?marker=741311
718,482,USD,SEA,TAO,"Qingdao, China",CN,2026-09-15,1,https://www.aviasales.com/search/SEA1509TAO1?marker=741311
719,482,USD,SEA,LEJ,"Leipzig/Halle, Germany",DE,2026-08-27,3,https://www.aviasales.com/search/SEA2708LEJ1?marker=741311
720,487,USD,JFK,REC,"Recife, Brazil",BR,2026-09-22,1,https://www.aviasales.com/search/JFK2209REC1?marker=741311
721,487,USD,LAX,LLA,"Lulea, Sweden",SE,2026-09-09,3,https://www.aviasales.com/search/LAX0909LLA1?marker=741311
722,488,USD,LAX,SYD,"Sydney, Australia",AU,2026-09-01,0,https://www.aviasales.com/search/LAX0109SYD1?marker=741311
723,488,USD,LAX,USM,"Koh Samui, Thailand",TH,2026-09-09,2,https://www.aviasales.com/search/LAX0909USM1?marker=741311
724,489,USD,FLL,GVR,"Governador Valadares, Brazil",BR,2026-08-14,2,https://www.aviasales.com/search/FLL1408GVR1?marker=741311
725,490,USD,MCO,NAT,"Natal, Brazil",BR,2027-01-07,3,https://www.aviasales.com/search/MCO0701NAT1?marker=741311
726,496,USD,JFK,NAG,"Nagpur, India",IN,2026-08-12,2,https://www.aviasales.com/search/JFK1208NAG1?marker=741311
727,497,USD,DFW,URA,"Oral, Kazakhstan",KZ,2026-09-15,3,https://www.aviasales.com/search/DFW1509URA1?marker=741311
728,497,USD,JFK,EBB,"Entebbe, Uganda",UG,2026-10-12,1,https://www.aviasales.com/search/JFK1210EBB1?marker=741311
729,498,USD,TPA,COV,"Mersin, Turkiye",TR,2026-09-20,3,https://www.aviasales.com/search/TPA2009COV1?marker=741311
730,499,USD,DEN,SVG,"Stavanger, Norway",NO,2026-09-16,3,https://www.aviasales.com/search/DEN1609SVG1?marker=741311
731,499,USD,SEA,YBL,"Campbell River, Canada",CA,2026-08-18,1,https://www.aviasales.com/search/SEA1808YBL1?marker=741311
732,500,USD,LAX,MLE,"Male, Maldives",MV,2026-08-28,1,https://www.aviasales.com/search/LAX2808MLE1?marker=741311
733,500,USD,MIA,BHX,"Birmingham, United Kingdom",GB,2026-08-12,3,https://www.aviasales.com/search/MIA1208BHX1?marker=741311
734,503,USD,JFK,DED,"Dehradun, India",IN,2026-10-05,2,https://www.aviasales.com/search/JFK0510DED1?marker=741311
735,504,USD,LAX,BLA,"Barcelona, Venezuela",VE,2026-08-26,2,https://www.aviasales.com/search/LAX2608BLA1?marker=741311
736,504,USD,LAX,MFM,"Macau, Macau",MO,2026-10-26,2,https://www.aviasales.com/search/LAX2610MFM1?marker=741311
737,507,USD,JFK,FNA,"Freetown, Sierra Leone",SL,2026-10-12,1,https://www.aviasales.com/search/JFK1210FNA1?marker=741311
738,507,USD,JFK,TAG,"Tagbilaran, Philippines",PH,2026-09-20,2,https://www.aviasales.com/search/JFK2009TAG1?marker=741311
739,507,USD,PDX,KTN,"Ketchikan, United States",US,2026-08-16,1,https://www.aviasales.com/search/PDX1608KTN1?marker=741311
740,511,USD,JFK,KGD,"Kaliningrad, Russia",RU,2026-09-28,4,https://www.aviasales.com/search/JFK2809KGD1?marker=741311
741,513,USD,MIA,HGR,"Hagerstown, United States",US,2026-08-17,3,https://www.aviasales.com/search/MIA1708HGR1?marker=741311
742,516,USD,JFK,MSQ,"Minsk, Belarus",BY,2026-09-13,3,https://www.aviasales.com/search/JFK1309MSQ1?marker=741311
743,516,USD,JFK,KRR,"Krasnodar, Russia",RU,2026-11-24,3,https://www.aviasales.com/search/JFK2411KRR1?marker=741311
744,516,USD,DCA,FOR,"Fortaleza, Brazil",BR,2026-09-07,2,https://www.aviasales.com/search/DCA0709FOR1?marker=741311
745,516,USD,JFK,UTP,"Pattaya, Thailand",TH,2026-09-23,2,https://www.aviasales.com/search/JFK2309UTP1?marker=741311
746,519,USD,JFK,MCX,"Makhachkala, Russia",RU,2026-09-02,2,https://www.aviasales.com/search/JFK0209MCX1?marker=741311
747,520,USD,IAD,KTM,"Kathmandu, Nepal",NP,2026-08-16,3,https://www.aviasales.com/search/IAD1608KTM1?marker=741311
748,520,USD,JFK,AXA,"Anguilla, Anguilla",AI,2026-08-19,1,https://www.aviasales.com/search/JFK1908AXA1?marker=741311
749,521,USD,FLL,SCQ,"Santiago De Compostela, Spain",ES,2026-08-12,1,https://www.aviasales.com/search/FLL1208SCQ1?marker=741311
750,523,USD,JFK,GUW,"Atyrau, Kazakhstan",KZ,2026-10-17,3,https://www.aviasales.com/search/JFK1710GUW1?marker=741311
751,523,USD,IAH,LUX,"Luxembourg, Luxembourg",LU,2027-01-01,2,https://www.aviasales.com/search/IAH0101LUX1?marker=741311
752,525,USD,JFK,FOC,"Fuzhou, China",CN,2027-01-24,1,https://www.aviasales.com/search/JFK2401FOC1?marker=741311
753,528,USD,JFK,SKD,"Samarkand, Uzbekistan",UZ,2026-10-14,3,https://www.aviasales.com/search/JFK1410SKD1?marker=741311
754,530,USD,BOS,TZX,"Trabzon, Turkiye",TR,2026-08-21,3,https://www.aviasales.com/search/BOS2108TZX1?marker=741311
755,531,USD,FLL,BIM,"Bimini, Bahamas",BS,2026-09-22,3,https://www.aviasales.com/search/FLL2209BIM1?marker=741311
756,533,USD,JFK,NGO,"Nagoya, Japan",JP,2026-09-27,1,https://www.aviasales.com/search/JFK2709NGO1?marker=741311
757,533,USD,LAX,SUV,"Suva, Fiji",FJ,2026-12-03,1,https://www.aviasales.com/search/LAX0312SUV1?marker=741311
758,535,USD,ATL,AHO,"Alghero, Italy",IT,2026-08-13,2,https://www.aviasales.com/search/ATL1308AHO1?marker=741311
759,535,USD,SFO,SUF,"Lamezia Terme, Italy",IT,2026-09-06,2,https://www.aviasales.com/search/SFO0609SUF1?marker=741311
760,536,USD,JFK,SNN,"Shannon, Ireland",IE,2026-12-20,0,https://www.aviasales.com/search/JFK2012SNN1?marker=741311
761,539,USD,IAH,BRW,"Barrow, United States",US,2026-09-14,3,https://www.aviasales.com/search/IAH1409BRW1?marker=741311
762,539,USD,LAS,NKT,"Cizre, Turkiye",TR,2026-09-29,3,https://www.aviasales.com/search/LAS2909NKT1?marker=741311
763,540,USD,DFW,SAI,"Siem Reap, Cambodia",KH,2026-09-07,2,https://www.aviasales.com/search/DFW0709SAI1?marker=741311
764,541,USD,MIA,DTM,"Dortmund, Germany",DE,2026-08-26,3,https://www.aviasales.com/search/MIA2608DTM1?marker=741311
765,542,USD,JFK,OGZ,"Vladikavkaz, Russia",RU,2027-02-01,4,https://www.aviasales.com/search/JFK0102OGZ1?marker=741311
766,542,USD,TPA,KHH,"Kaohsiung, Taiwan",TW,2026-10-21,2,https://www.aviasales.com/search/TPA2110KHH1?marker=741311
767,543,USD,ATL,PAP,"Port-au-Prince, Haiti",HT,2026-09-09,3,https://www.aviasales.com/search/ATL0909PAP1?marker=741311
768,550,USD,SEA,YAZ,"Tofino, Canada",CA,2026-08-20,1,https://www.aviasales.com/search/SEA2008YAZ1?marker=741311
769,551,USD,ATL,AGB,"Augsburg, Germany",DE,2026-09-10,1,https://www.aviasales.com/search/ATL1009AGB1?marker=741311
770,556,USD,ORD,ASF,"Astrakhan, Russia",RU,2027-02-01,4,https://www.aviasales.com/search/ORD0102ASF1?marker=741311
771,556,USD,SFO,CJC,"Calama, Chile",CL,2026-09-11,3,https://www.aviasales.com/search/SFO1109CJC1?marker=741311
772,557,USD,LAX,VVO,"Vladivostok, Russia",RU,2026-11-16,2,https://www.aviasales.com/search/LAX1611VVO1?marker=741311
773,557,USD,JFK,CIT,"Shymkent, Kazakhstan",KZ,2026-08-20,2,https://www.aviasales.com/search/JFK2008CIT1?marker=741311
774,558,USD,LAX,FAE,"Sorvágur, Faroe Islands",FO,2026-08-27,2,https://www.aviasales.com/search/LAX2708FAE1?marker=741311
775,559,USD,ORD,PNH,"Phnom Penh, Cambodia",KH,2026-12-01,1,https://www.aviasales.com/search/ORD0112PNH1?marker=741311
776,561,USD,SFO,TNA,"Jinan, China",CN,2026-08-13,1,https://www.aviasales.com/search/SFO1308TNA1?marker=741311
777,565,USD,JFK,KJA,"Krasnoyarsk, Russia",RU,2026-09-15,3,https://www.aviasales.com/search/JFK1509KJA1?marker=741311
778,566,USD,SEA,GUM,"Hagatna, Guam",GU,2026-09-09,2,https://www.aviasales.com/search/SEA0909GUM1?marker=741311
779,567,USD,LAX,CGO,"Zhengzhou, China",CN,2026-08-14,1,https://www.aviasales.com/search/LAX1408CGO1?marker=741311
780,568,USD,MIA,EAS,"San Sebastian, Spain",ES,2026-08-17,3,https://www.aviasales.com/search/MIA1708EAS1?marker=741311
781,568,USD,JFK,MLU,"Monroe, United States",US,2026-08-13,2,https://www.aviasales.com/search/JFK1308MLU1?marker=741311
782,569,USD,JFK,RTW,"Saratov, Russia",RU,2026-09-13,3,https://www.aviasales.com/search/JFK1309RTW1?marker=741311
783,569,USD,JFK,KUF,"Samara, Russia",RU,2026-10-03,3,https://www.aviasales.com/search/JFK0310KUF1?marker=741311
784,569,USD,LAX,VAN,"Van, Turkiye",TR,2026-08-15,3,https://www.aviasales.com/search/LAX1508VAN1?marker=741311
785,570,USD,ATL,SHE,"Shenyang, China",CN,2026-09-27,2,https://www.aviasales.com/search/ATL2709SHE1?marker=741311
786,570,USD,JFK,FEG,"Fergana, Uzbekistan",UZ,2026-10-15,3,https://www.aviasales.com/search/JFK1510FEG1?marker=741311
787,571,USD,JFK,CCU,"Kolkata, India",IN,2026-11-14,2,https://www.aviasales.com/search/JFK1411CCU1?marker=741311
788,576,USD,JFK,OVB,"Novosibirsk, Russia",RU,2026-10-21,2,https://www.aviasales.com/search/JFK2110OVB1?marker=741311
789,576,USD,IAD,FIH,"Kinshasa, Democratic Republic of the Congo",CD,2026-09-22,1,https://www.aviasales.com/search/IAD2209FIH1?marker=741311
790,576,USD,ORD,NKC,"Nouakchott, Mauritania",MR,2027-01-04,1,https://www.aviasales.com/search/ORD0401NKC1?marker=741311
791,577,USD,JFK,BKO,"Bamako, Mali",ML,2026-11-01,2,https://www.aviasales.com/search/JFK0111BKO1?marker=741311
792,579,USD,SFO,IDR,"Indore, India",IN,2026-10-21,1,https://www.aviasales.com/search/SFO2110IDR1?marker=741311
793,582,USD,IAD,JNB,"Johannesburg, South Africa",ZA,2026-09-07,1,https://www.aviasales.com/search/IAD0709JNB1?marker=741311
794,582,USD,JFK,KLO,"Kalibo, Philippines",PH,2027-01-06,2,https://www.aviasales.com/search/JFK0601KLO1?marker=741311
795,585,USD,IAD,LBV,"Libreville, Gabon",GA,2026-08-14,2,https://www.aviasales.com/search/IAD1408LBV1?marker=741311
796,585,USD,JFK,BGW,"Baghdad, Iraq",IQ,2026-08-27,1,https://www.aviasales.com/search/JFK2708BGW1?marker=741311
797,586,USD,JFK,GOJ,"Nizhniy Novgorod, Russia",RU,2027-02-02,4,https://www.aviasales.com/search/JFK0202GOJ1?marker=741311
798,587,USD,JFK,NYA,"Nyagan, Russia",RU,2027-02-01,4,https://www.aviasales.com/search/JFK0102NYA1?marker=741311
799,589,USD,LAX,MMA,"Malmo, Sweden",SE,2026-08-16,3,https://www.aviasales.com/search/LAX1608MMA1?marker=741311
800,589,USD,LAX,HEK,"Heihe, China",CN,2026-08-16,1,https://www.aviasales.com/search/LAX1608HEK1?marker=741311
801,589,USD,FLL,ADF,"Adiyaman, Turkiye",TR,2026-08-26,3,https://www.aviasales.com/search/FLL2608ADF1?marker=741311
802,593,USD,SFO,PLQ,"Palanga, Lithuania",LT,2026-08-21,3,https://www.aviasales.com/search/SFO2108PLQ1?marker=741311
803,594,USD,JFK,NAL,"Nalchik, Russia",RU,2026-10-01,3,https://www.aviasales.com/search/JFK0110NAL1?marker=741311
804,596,USD,DTW,SXB,"Strasbourg, France",FR,2026-08-22,2,https://www.aviasales.com/search/DTW2208SXB1?marker=741311
805,598,USD,LAX,RAR,"Rarotonga, Cook Islands",CK,2026-09-10,1,https://www.aviasales.com/search/LAX1009RAR1?marker=741311
806,600,USD,JFK,PEE,"Perm, Russia",RU,2026-09-22,3,https://www.aviasales.com/search/JFK2209PEE1?marker=741311
807,604,USD,JFK,CEK,"Chelyabinsk, Russia",RU,2026-10-18,3,https://www.aviasales.com/search/JFK1810CEK1?marker=741311
808,604,USD,IAD,KGL,"Kigali, Rwanda",RW,2026-09-07,1,https://www.aviasales.com/search/IAD0709KGL1?marker=741311
809,604,USD,JFK,IAO,"Del Carmen, Philippines",PH,2026-09-03,2,https://www.aviasales.com/search/JFK0309IAO1?marker=741311
810,605,USD,JFK,NKG,"Nanjing, China",CN,2026-08-26,2,https://www.aviasales.com/search/JFK2608NKG1?marker=741311
811,605,USD,AUS,OKA,"Okinawa, Japan",JP,2026-09-01,3,https://www.aviasales.com/search/AUS0109OKA1?marker=741311
812,608,USD,DFW,LYI,"Linyi, China",CN,2026-08-30,3,https://www.aviasales.com/search/DFW3008LYI1?marker=741311
813,611,USD,SEA,TWF,"Twin Falls, United States",US,2026-08-21,3,https://www.aviasales.com/search/SEA2108TWF1?marker=741311
814,612,USD,JFK,LGK,"Langkawi, Malaysia",MY,2026-11-15,3,https://www.aviasales.com/search/JFK1511LGK1?marker=741311
815,613,USD,DFW,NJF,"Al-Najaf, Iraq",IQ,2026-09-09,1,https://www.aviasales.com/search/DFW0909NJF1?marker=741311
816,613,USD,SEA,YZZ,"Trail, Canada",CA,2026-08-21,1,https://www.aviasales.com/search/SEA2108YZZ1?marker=741311
817,615,USD,JFK,KGF,"Karagandy, Kazakhstan",KZ,2026-10-19,3,https://www.aviasales.com/search/JFK1910KGF1?marker=741311
818,618,USD,IAD,ZNZ,"Zanzibar, Tanzania",TZ,2026-08-23,3,https://www.aviasales.com/search/IAD2308ZNZ1?marker=741311
819,618,USD,JFK,BJL,"Banjul, Gambia",GM,2026-12-01,2,https://www.aviasales.com/search/JFK0112BJL1?marker=741311
820,625,USD,SEA,BCM,"Bacau, Romania",RO,2026-08-12,3,https://www.aviasales.com/search/SEA1208BCM1?marker=741311
821,626,USD,IAH,MAR,"Maracaibo, Venezuela",VE,2026-12-20,2,https://www.aviasales.com/search/IAH2012MAR1?marker=741311
822,626,USD,JFK,BWN,"Bandar Seri Begawan, Brunei",BN,2026-09-08,2,https://www.aviasales.com/search/JFK0809BWN1?marker=741311
823,629,USD,JFK,BAX,"Barnaul, Russia",RU,2026-09-13,3,https://www.aviasales.com/search/JFK1309BAX1?marker=741311
824,632,USD,JFK,PER,"Perth, Australia",AU,2026-08-24,2,https://www.aviasales.com/search/JFK2408PER1?marker=741311
825,633,USD,DFW,OMO,"Mostar, Bosnia and Herzegovina",BA,2026-08-17,4,https://www.aviasales.com/search/DFW1708OMO1?marker=741311
826,633,USD,JFK,GRV,"Groznyy, Russia",RU,2026-09-01,3,https://www.aviasales.com/search/JFK0109GRV1?marker=741311
827,635,USD,JFK,NBC,"Naberezhnye Chelny, Russia",RU,2026-08-17,3,https://www.aviasales.com/search/JFK1708NBC1?marker=741311
828,635,USD,LAX,KHV,"Khabarovsk, Russia",RU,2026-10-01,2,https://www.aviasales.com/search/LAX0110KHV1?marker=741311
829,636,USD,LAS,CAC,"Cascavel, Brazil",BR,2026-10-11,2,https://www.aviasales.com/search/LAS1110CAC1?marker=741311
830,639,USD,LAX,NMA,"Namangan, Uzbekistan",UZ,2026-08-18,2,https://www.aviasales.com/search/LAX1808NMA1?marker=741311
831,640,USD,JFK,BHK,"Bukhara, Uzbekistan",UZ,2026-09-05,2,https://www.aviasales.com/search/JFK0509BHK1?marker=741311
832,640,USD,JFK,SZX,"Shenzhen, China",CN,2026-11-03,2,https://www.aviasales.com/search/JFK0311SZX1?marker=741311
833,641,USD,JFK,AKX,"Aktobe, Kazakhstan",KZ,2026-08-17,4,https://www.aviasales.com/search/JFK1708AKX1?marker=741311
834,642,USD,SFO,VLI,"Port Vila, Vanuatu",VU,2026-08-19,2,https://www.aviasales.com/search/SFO1908VLI1?marker=741311
835,642,USD,DCA,UAQ,"San Juan, Argentina",AR,2026-08-27,3,https://www.aviasales.com/search/DCA2708UAQ1?marker=741311
836,644,USD,DEN,YCG,"Castlegar, Canada",CA,2026-08-21,2,https://www.aviasales.com/search/DEN2108YCG1?marker=741311
837,645,USD,ORD,JRO,"Kilimanjaro, Tanzania",TZ,2026-09-07,2,https://www.aviasales.com/search/ORD0709JRO1?marker=741311
838,646,USD,IAD,UKK,"Oskemen, Kazakhstan",KZ,2026-08-24,4,https://www.aviasales.com/search/IAD2408UKK1?marker=741311
839,646,USD,ORD,TJM,"Tyumen, Russia",RU,2026-10-01,4,https://www.aviasales.com/search/ORD0110TJM1?marker=741311
840,650,USD,IAD,VOG,"Volgograd, Russia",RU,2026-10-24,4,https://www.aviasales.com/search/IAD2410VOG1?marker=741311
841,650,USD,JFK,SCW,"Syktyvkar, Russia",RU,2026-08-31,4,https://www.aviasales.com/search/JFK3108SCW1?marker=741311
842,651,USD,IAD,DAR,"Dar Es Salaam, Tanzania",TZ,2026-09-03,1,https://www.aviasales.com/search/IAD0309DAR1?marker=741311
843,651,USD,LAX,IKT,"Irkutsk, Russia",RU,2026-09-28,2,https://www.aviasales.com/search/LAX2809IKT1?marker=741311
844,654,USD,SAN,BNE,"Brisbane, Australia",AU,2026-11-10,2,https://www.aviasales.com/search/SAN1011BNE1?marker=741311
845,655,USD,SFO,KVX,"Kirov, Russia",RU,2027-02-01,4,https://www.aviasales.com/search/SFO0102KVX1?marker=741311
846,656,USD,ORD,OSS,"Osh, Kyrgyzstan",KG,2026-09-30,3,https://www.aviasales.com/search/ORD3009OSS1?marker=741311
847,659,USD,IAD,KOJ,"Kagoshima, Japan",JP,2026-08-25,3,https://www.aviasales.com/search/IAD2508KOJ1?marker=741311
848,662,USD,JFK,URG,"Uruguaiana, Brazil",BR,2026-08-25,2,https://www.aviasales.com/search/JFK2508URG1?marker=741311
849,662,USD,JFK,URC,"Urumqi, China",CN,2026-08-18,3,https://www.aviasales.com/search/JFK1808URC1?marker=741311
850,664,USD,LAX,BOB,"Bora Bora, French Polynesia",PF,2026-09-12,2,https://www.aviasales.com/search/LAX1209BOB1?marker=741311
851,664,USD,JFK,KBL,"Kabul, Afghanistan",AF,2026-08-27,2,https://www.aviasales.com/search/JFK2708KBL1?marker=741311
852,664,USD,JFK,DYG,"Dayong, China",CN,2026-09-03,3,https://www.aviasales.com/search/JFK0309DYG1?marker=741311
853,666,USD,BOS,JTC,"Bauru, Brazil",BR,2026-10-10,2,https://www.aviasales.com/search/BOS1010JTC1?marker=741311
854,666,USD,IAD,MLW,"Monrovia, Liberia",LR,2027-01-05,2,https://www.aviasales.com/search/IAD0501MLW1?marker=741311
855,667,USD,JFK,MMK,"Murmansk, Russia",RU,2026-08-31,4,https://www.aviasales.com/search/JFK3108MMK1?marker=741311
856,669,USD,BOS,KZO,"Kzyl-Orda, Kazakhstan",KZ,2026-11-25,4,https://www.aviasales.com/search/BOS2511KZO1?marker=741311
857,671,USD,TPA,CGQ,"Changchun, China",CN,2026-08-14,2,https://www.aviasales.com/search/TPA1408CGQ1?marker=741311
858,675,USD,JFK,TOF,"Tomsk, Russia",RU,2026-09-06,4,https://www.aviasales.com/search/JFK0609TOF1?marker=741311
859,678,USD,BOS,GDZ,"Gelendzik, Russia",RU,2027-02-01,4,https://www.aviasales.com/search/BOS0102GDZ1?marker=741311
860,680,USD,BOS,HSA,"Turkistan, Kazakhstan",KZ,2026-11-25,3,https://www.aviasales.com/search/BOS2511HSA1?marker=741311
861,681,USD,MIA,HGH,"Hangzhou, China",CN,2026-09-05,2,https://www.aviasales.com/search/MIA0509HGH1?marker=741311
862,683,USD,BOS,FTE,"El Calafate, Argentina",AR,2027-01-03,2,https://www.aviasales.com/search/BOS0301FTE1?marker=741311
863,683,USD,JFK,CPT,"Cape Town, South Africa",ZA,2026-09-15,1,https://www.aviasales.com/search/JFK1509CPT1?marker=741311
864,685,USD,JFK,UGC,"Urgench, Uzbekistan",UZ,2026-12-05,3,https://www.aviasales.com/search/JFK0512UGC1?marker=741311
865,685,USD,ORD,AZN,"Andijan, Uzbekistan",UZ,2026-11-02,2,https://www.aviasales.com/search/ORD0211AZN1?marker=741311
866,687,USD,JFK,CSY,"Cheboksary, Russia",RU,2026-09-04,3,https://www.aviasales.com/search/JFK0409CSY1?marker=741311
867,689,USD,JFK,OMS,"Omsk, Russia",RU,2026-08-25,4,https://www.aviasales.com/search/JFK2508OMS1?marker=741311
868,696,USD,SFO,PSS,"Posadas, Argentina",AR,2027-02-01,2,https://www.aviasales.com/search/SFO0102PSS1?marker=741311
869,701,USD,ORD,DIG,"Diqing, China",CN,2026-09-30,3,https://www.aviasales.com/search/ORD3009DIG1?marker=741311
870,704,USD,IAD,YAO,"Yaounde, Cameroon",CM,2026-11-16,1,https://www.aviasales.com/search/IAD1611YAO1?marker=741311
871,705,USD,MIA,INN,"Innsbruck, Austria",AT,2026-08-17,2,https://www.aviasales.com/search/MIA1708INN1?marker=741311
872,709,USD,JFK,SGC,"Surgut, Russia",RU,2026-09-12,4,https://www.aviasales.com/search/JFK1209SGC1?marker=741311
873,710,USD,IAD,BJM,"Bujumbura, Burundi",BI,2026-09-22,2,https://www.aviasales.com/search/IAD2209BJM1?marker=741311
874,712,USD,JFK,ASM,"Asmara, Eritrea",ER,2026-10-27,1,https://www.aviasales.com/search/JFK2710ASM1?marker=741311
875,714,USD,JFK,HRE,"Harare, Zimbabwe",ZW,2026-10-12,3,https://www.aviasales.com/search/JFK1210HRE1?marker=741311
876,717,USD,ORD,ASB,"Ashgabat, Turkmenistan",TM,2026-10-20,2,https://www.aviasales.com/search/ORD2010ASB1?marker=741311
877,721,USD,JFK,MPM,"Maputo, Mozambique",MZ,2026-10-12,2,https://www.aviasales.com/search/JFK1210MPM1?marker=741311
878,723,USD,MIA,TAY,"Tartu, Estonia",EE,2026-08-13,3,https://www.aviasales.com/search/MIA1308TAY1?marker=741311
879,723,USD,LAX,HMA,"Khanty-Mansiysk, Russia",RU,2026-12-01,4,https://www.aviasales.com/search/LAX0112HMA1?marker=741311
880,724,USD,SEA,TBW,"Tambov, Russia",RU,2026-09-01,4,https://www.aviasales.com/search/SEA0109TBW1?marker=741311
881,725,USD,LAX,FUN,"Funafuti Atoll, Tuvalu",TV,2026-10-14,1,https://www.aviasales.com/search/LAX1410FUN1?marker=741311
882,726,USD,JFK,NDJ,"N'Djamena, Chad",TD,2026-12-30,1,https://www.aviasales.com/search/JFK3012NDJ1?marker=741311
883,726,USD,LAX,VNS,"Varanasi, India",IN,2026-10-23,2,https://www.aviasales.com/search/LAX2310VNS1?marker=741311
884,731,USD,AUS,ABV,"Abuja, Nigeria",NG,2026-10-02,2,https://www.aviasales.com/search/AUS0210ABV1?marker=741311
885,734,USD,SFO,OOL,"Gold Coast, Australia",AU,2026-08-25,3,https://www.aviasales.com/search/SFO2508OOL1?marker=741311
886,734,USD,PHL,CYA,"Les Cayes, Haiti",HT,2026-09-11,3,https://www.aviasales.com/search/PHL1109CYA1?marker=741311
887,737,USD,ORD,PPK,"Petropavl, Kazakhstan",KZ,2026-09-08,4,https://www.aviasales.com/search/ORD0809PPK1?marker=741311
888,743,USD,LAS,MCP,"Macapa, Brazil",BR,2026-12-13,2,https://www.aviasales.com/search/LAS1312MCP1?marker=741311
889,756,USD,JFK,TNR,"Antananarivo, Madagascar",MG,2026-09-15,3,https://www.aviasales.com/search/JFK1509TNR1?marker=741311
890,758,USD,JFK,SUI,"Sukhumi, Abkhazia",AB,2026-10-05,4,https://www.aviasales.com/search/JFK0510SUI1?marker=741311
891,766,USD,BOS,ADL,"Adelaide, Australia",AU,2026-08-30,2,https://www.aviasales.com/search/BOS3008ADL1?marker=741311
892,767,USD,IAD,UUD,"Ulan-Ude, Russia",RU,2026-12-01,4,https://www.aviasales.com/search/IAD0112UUD1?marker=741311
893,772,USD,MIA,CZX,"Changzhou, China",CN,2026-08-20,3,https://www.aviasales.com/search/MIA2008CZX1?marker=741311
894,777,USD,TPA,ULY,"Ulyanovsk, Russia",RU,2026-09-01,4,https://www.aviasales.com/search/TPA0109ULY1?marker=741311
895,786,USD,SFO,DRW,"Darwin, Australia",AU,2026-08-24,2,https://www.aviasales.com/search/SFO2408DRW1?marker=741311
896,789,USD,JFK,ABA,"Abakan, Russia",RU,2026-08-25,4,https://www.aviasales.com/search/JFK2508ABA1?marker=741311
897,790,USD,JFK,DUR,"Durban, South Africa",ZA,2026-10-14,3,https://www.aviasales.com/search/JFK1410DUR1?marker=741311
898,797,USD,JFK,MRU,"Mauritius, Mauritius",MU,2026-10-24,3,https://www.aviasales.com/search/JFK2410MRU1?marker=741311
899,799,USD,JFK,MQF,"Magnitogorsk, Russia",RU,2026-10-07,3,https://www.aviasales.com/search/JFK0710MQF1?marker=741311
900,800,USD,BOS,KSN,"Kostanay, Kazakhstan",KZ,2026-08-29,4,https://www.aviasales.com/search/BOS2908KSN1?marker=741311
901,807,USD,ORD,LXA,"Lhasa, China",CN,2026-10-01,3,https://www.aviasales.com/search/ORD0110LXA1?marker=741311
902,808,USD,JFK,OXB,"Bissau, Guinea-Bissau",GW,2026-10-12,2,https://www.aviasales.com/search/JFK1210OXB1?marker=741311
903,811,USD,JFK,ARH,"Arkhangelsk, Russia",RU,2026-08-22,3,https://www.aviasales.com/search/JFK2208ARH1?marker=741311
904,815,USD,JFK,LFW,"Lome, Togo",TG,2026-09-09,1,https://www.aviasales.com/search/JFK0909LFW1?marker=741311
905,815,USD,LAX,BQS,"Blagoveschensk, Russia",RU,2026-08-16,4,https://www.aviasales.com/search/LAX1608BQS1?marker=741311
906,820,USD,JFK,NJC,"Nizhnevartovsk, Russia",RU,2026-09-11,3,https://www.aviasales.com/search/JFK1109NJC1?marker=741311
907,824,USD,LAX,IPC,"Easter Island, Chile",CL,2026-11-26,1,https://www.aviasales.com/search/LAX2611IPC1?marker=741311
908,825,USD,BOS,YQY,"Sydney, Canada",CA,2026-08-12,1,https://www.aviasales.com/search/BOS1208YQY1?marker=741311
909,828,USD,LAX,CEE,"Cherepovets, Russia",RU,2026-09-23,4,https://www.aviasales.com/search/LAX2309CEE1?marker=741311
910,832,USD,LAX,RGK,"Gorno-Altaysk, Russia",RU,2026-11-01,3,https://www.aviasales.com/search/LAX0111RGK1?marker=741311
911,852,USD,JFK,NOZ,"Novokuznetsk, Russia",RU,2026-08-15,3,https://www.aviasales.com/search/JFK1508NOZ1?marker=741311
912,852,USD,LAX,FNJ,"Pyongyang, North Korea",KP,2026-08-15,2,https://www.aviasales.com/search/LAX1508FNJ1?marker=741311
913,860,USD,IAD,YKS,"Yakutsk, Russia",RU,2026-09-22,4,https://www.aviasales.com/search/IAD2209YKS1?marker=741311
914,860,USD,SFO,HTA,"Chita, Russia",RU,2026-08-17,3,https://www.aviasales.com/search/SFO1708HTA1?marker=741311
915,861,USD,LAX,SEZ,"Mahe, Seychelles",SC,2026-08-23,2,https://www.aviasales.com/search/LAX2308SEZ1?marker=741311
916,870,USD,SEA,BJR,"Bahir Dar, Ethiopia",ET,2026-09-08,3,https://www.aviasales.com/search/SEA0809BJR1?marker=741311
917,872,USD,IAD,GOH,"Nuuk, Greenland",GL,2026-09-07,1,https://www.aviasales.com/search/IAD0709GOH1?marker=741311
918,873,USD,SFO,WLG,"Wellington, New Zealand",NZ,2026-08-24,2,https://www.aviasales.com/search/SFO2408WLG1?marker=741311
919,874,USD,SEA,PKC,"Petropavlovsk-Kamchatsky, Russia",RU,2026-09-14,4,https://www.aviasales.com/search/SEA1409PKC1?marker=741311
920,878,USD,JFK,WDH,"Windhoek, Namibia",NA,2027-02-01,3,https://www.aviasales.com/search/JFK0102WDH1?marker=741311
921,880,USD,ORD,KSQ,"Qarshi, Uzbekistan",UZ,2026-09-15,4,https://www.aviasales.com/search/ORD1509KSQ1?marker=741311
922,884,USD,LAX,REN,"Orenburg, Russia",RU,2026-09-11,4,https://www.aviasales.com/search/LAX1109REN1?marker=741311
923,887,USD,FLL,KEJ,"Kemerovo, Russia",RU,2026-09-01,4,https://www.aviasales.com/search/FLL0109KEJ1?marker=741311
924,887,USD,JFK,IPT,"Williamsport, United States",US,2026-08-17,4,https://www.aviasales.com/search/JFK1708IPT1?marker=741311
925,902,USD,DEN,ARK,"Arusha, Tanzania",TZ,2026-12-01,3,https://www.aviasales.com/search/DEN0112ARK1?marker=741311
926,906,USD,JFK,CBR,"Canberra, Australia",AU,2026-08-28,2,https://www.aviasales.com/search/JFK2808CBR1?marker=741311
927,921,USD,JFK,NOJ,"Noyabrsk, Russia",RU,2026-08-12,3,https://www.aviasales.com/search/JFK1208NOJ1?marker=741311
928,921,USD,JFK,CUK,"Caye Caulker, Belize",BZ,2026-08-18,3,https://www.aviasales.com/search/JFK1808CUK1?marker=741311
929,929,USD,SFO,IWA,"Ivanovo, Russia",RU,2026-09-01,4,https://www.aviasales.com/search/SFO0109IWA1?marker=741311
930,936,USD,SFO,PBH,"Paro, Bhutan",BT,2026-08-13,3,https://www.aviasales.com/search/SFO1308PBH1?marker=741311
931,938,USD,JFK,GBE,"Gaborone, Botswana",BW,2026-10-12,3,https://www.aviasales.com/search/JFK1210GBE1?marker=741311
932,947,USD,LAX,AIT,"Aitutaki, Cook Islands",CK,2026-12-30,2,https://www.aviasales.com/search/LAX3012AIT1?marker=741311
933,954,USD,DEN,YTH,"Thompson, Canada",CA,2026-08-19,2,https://www.aviasales.com/search/DEN1908YTH1?marker=741311
934,956,USD,DEN,LBD,"Khujand, Tajikistan",TJ,2026-08-12,4,https://www.aviasales.com/search/DEN1208LBD1?marker=741311
935,962,USD,JFK,UUS,"Yuzhno-Sakhalinsk, Russia",RU,2026-08-26,3,https://www.aviasales.com/search/JFK2608UUS1?marker=741311
936,964,USD,DFW,KQT,"Kurgon-Tyube (Bokhtar), Tajikistan",TJ,2026-08-12,4,https://www.aviasales.com/search/DFW1208KQT1?marker=741311
937,982,USD,BNA,PLJ,"Placencia, Belize",BZ,2026-08-20,3,https://www.aviasales.com/search/BNA2008PLJ1?marker=741311
938,986,USD,SFO,CHC,"Christchurch, New Zealand",NZ,2026-08-24,2,https://www.aviasales.com/search/SFO2408CHC1?marker=741311
939,988,USD,SFO,GDX,"Magadan, Russia",RU,2026-10-01,4,https://www.aviasales.com/search/SFO0110GDX1?marker=741311
940,1007,USD,MIA,WVB,"Walvis Bay, Namibia",NA,2026-10-01,2,https://www.aviasales.com/search/MIA0110WVB1?marker=741311
941,1016,USD,JFK,NUX,"Novy Urengoy, Russia",RU,2026-08-26,4,https://www.aviasales.com/search/JFK2608NUX1?marker=741311
942,1022,USD,ORD,KRO,"Kurgan, Russia",RU,2026-08-14,4,https://www.aviasales.com/search/ORD1408KRO1?marker=741311
943,1027,USD,SFO,NSN,"Nelson, New Zealand",NZ,2026-10-12,1,https://www.aviasales.com/search/SFO1210NSN1?marker=741311
944,1035,USD,SFO,GRQ,"Groningen, Netherlands",NL,2026-08-28,3,https://www.aviasales.com/search/SFO2808GRQ1?marker=741311
945,1044,USD,IAD,NSK,"Norilsk, Russia",RU,2026-08-27,4,https://www.aviasales.com/search/IAD2708NSK1?marker=741311
946,1047,USD,JFK,PEW,"Peshawar, Pakistan",PK,2026-12-21,1,https://www.aviasales.com/search/JFK2112PEW1?marker=741311
947,1056,USD,MIA,PEZ,"Penza, Russia",RU,2026-08-29,4,https://www.aviasales.com/search/MIA2908PEZ1?marker=741311
948,1069,USD,ORD,NVI,"Navoi, Uzbekistan",UZ,2026-08-22,4,https://www.aviasales.com/search/ORD2208NVI1?marker=741311
949,1074,USD,JFK,GVN,"Sovetskaya Gavan, Russia",RU,2026-09-30,4,https://www.aviasales.com/search/JFK3009GVN1?marker=741311
950,1099,USD,SFO,NLK,"Norfolk Island, Norfolk Island",NF,2026-08-25,3,https://www.aviasales.com/search/SFO2508NLK1?marker=741311
951,1138,USD,JFK,TMM,"Toamasina, Madagascar",MG,2026-09-29,3,https://www.aviasales.com/search/JFK2909TMM1?marker=741311
952,1192,USD,FLL,PNR,"Pointe-Noire, Republic of the Congo",CG,2026-08-22,2,https://www.aviasales.com/search/FLL2208PNR1?marker=741311
953,1205,USD,JFK,INU,"Nauru Island, Nauru",NR,2026-08-22,2,https://www.aviasales.com/search/JFK2208INU1?marker=741311
954,1322,USD,MIA,LRM,"La Romana, Dominican Republic",DO,2026-09-09,2,https://www.aviasales.com/search/MIA0909LRM1?marker=741311
955,1393,USD,LAX,NOS,"Nossi-Be, Madagascar",MG,2026-09-04,2,https://www.aviasales.com/search/LAX0409NOS1?marker=741311
956,1398,USD,JFK,HLE,"Jamestown (Saint Helena), Saint Helena, Ascension and Tristan da Cunha",SH,2026-11-12,2,https://www.aviasales.com/search/JFK1211HLE1?marker=741311
957,1460,USD,IAD,DEE,"Yuzhno-Kurilsk, Russia",RU,2026-08-15,4,https://www.aviasales.com/search/IAD1508DEE1?marker=741311
958,1630,USD,JFK,ADE,"Aden, Yemen",YE,2026-08-24,3,https://www.aviasales.com/search/JFK2408ADE1?marker=741311
959,1658,USD,MIA,MAJ,"Majuro, Marshall Islands",MH,2026-08-25,2,https://www.aviasales.com/search/MIA2508MAJ1?marker=741311
960,1778,USD,SFO,BQT,"Brest, Belarus",BY,2026-10-06,2,https://www.aviasales.com/search/SFO0610BQT1?marker=741311
961,2228,USD,LAX,GNJ,"Ganja, Azerbaijan",AZ,2026-08-15,2,https://www.aviasales.com/search/LAX1508GNJ1?marker=741311
