rank,price,currency,origin,destination_code,destination_name,country_code,depart,stops,booking_link
1,17,USD,LAS,LAX,"Los Angeles, United States",US,2026-12-22,0,https://www.aviasales.com/search/LAS2212LAX1?marker=741311
2,19,USD,IAH,ATL,"Atlanta, United States",US,2026-11-17,0,https://www.aviasales.com/search/IAH1711ATL1?marker=741311
3,19,USD,ATL,PHL,"Philadelphia, United States",US,2026-11-17,0,https://www.aviasales.com/search/ATL1711PHL1?marker=741311
4,19,USD,SFO,SAN,"San Diego, United States",US,2026-12-01,0,https://www.aviasales.com/search/SFO0112SAN1?marker=741311
5,19,USD,LAX,SFO,"San Francisco, United States",US,2026-11-07,0,https://www.aviasales.com/search/LAX0711SFO1?marker=741311
6,19,USD,LAX,SEA,"Seattle, United States",US,2026-11-07,0,https://www.aviasales.com/search/LAX0711SEA1?marker=741311
7,20,USD,DEN,DFW,"Dallas, United States",US,2026-12-08,0,https://www.aviasales.com/search/DEN0812DFW1?marker=741311
8,20,USD,SFO,ONT,"Ontario, United States",US,2026-12-08,0,https://www.aviasales.com/search/SFO0812ONT1?marker=741311
9,22,USD,SFO,LAS,"Las Vegas, United States",US,2026-12-09,0,https://www.aviasales.com/search/SFO0912LAS1?marker=741311
10,23,USD,ATL,ORL,"Orlando, United States",US,2026-10-26,0,https://www.aviasales.com/search/ATL2610ORL1?marker=741311
11,24,USD,SFO,PHX,"Phoenix, United States",US,2026-11-03,0,https://www.aviasales.com/search/SFO0311PHX1?marker=741311
12,25,USD,ATL,TPA,"Tampa, United States",US,2026-11-10,0,https://www.aviasales.com/search/ATL1011TPA1?marker=741311
13,25,USD,ATL,HOU,"Houston, United States",US,2026-10-28,0,https://www.aviasales.com/search/ATL2810HOU1?marker=741311
14,25,USD,DFW,DTT,"Detroit, United States",US,2026-11-12,0,https://www.aviasales.com/search/DFW1211DTT1?marker=741311
15,27,USD,DEN,MSP,"Minneapolis, United States",US,2026-10-31,0,https://www.aviasales.com/search/DEN3110MSP1?marker=741311
16,29,USD,MCO,CLE,"Cleveland, United States",US,2026-10-15,0,https://www.aviasales.com/search/MCO1510CLE1?marker=741311
17,29,USD,FLL,CHA,"Chattanooga, United States",US,2026-11-05,0,https://www.aviasales.com/search/FLL0511CHA1?marker=741311
18,30,USD,ATL,WAS,"Washington, United States",US,2027-01-29,0,https://www.aviasales.com/search/ATL2901WAS1?marker=741311
19,31,USD,SEA,DEN,"Denver, United States",US,2026-11-04,0,https://www.aviasales.com/search/SEA0411DEN1?marker=741311
20,33,USD,IAH,FLL,"Fort Lauderdale, United States",US,2026-11-10,0,https://www.aviasales.com/search/IAH1011FLL1?marker=741311
21,34,USD,DEN,SLC,"Salt Lake City, United States",US,2026-11-04,0,https://www.aviasales.com/search/DEN0411SLC1?marker=741311
22,35,USD,ATL,MSY,"New Orleans, United States",US,2026-12-01,0,https://www.aviasales.com/search/ATL0112MSY1?marker=741311
23,35,USD,FLL,CHI,"Chicago, United States",US,2026-11-01,0,https://www.aviasales.com/search/FLL0111CHI1?marker=741311
24,37,USD,ATL,MIA,"Miami, United States",US,2026-11-03,0,https://www.aviasales.com/search/ATL0311MIA1?marker=741311
25,38,USD,IAD,TYS,"Knoxville, United States",US,2026-10-25,0,https://www.aviasales.com/search/IAD2510TYS1?marker=741311
26,40,USD,FLL,CMH,"Columbus, United States",US,2026-11-20,0,https://www.aviasales.com/search/FLL2011CMH1?marker=741311
27,40,USD,ATL,RDU,"Raleigh, United States",US,2026-10-21,0,https://www.aviasales.com/search/ATL2110RDU1?marker=741311
28,42,USD,FLL,BWI,"Baltimore, United States",US,2026-10-21,0,https://www.aviasales.com/search/FLL2110BWI1?marker=741311
29,43,USD,LAS,MSO,"Missoula, United States",US,2026-10-29,0,https://www.aviasales.com/search/LAS2910MSO1?marker=741311
30,45,USD,TPA,EYW,"Key West, United States",US,2026-11-12,0,https://www.aviasales.com/search/TPA1211EYW1?marker=741311
31,46,USD,ATL,NYC,"New York, United States",US,2026-12-05,0,https://www.aviasales.com/search/ATL0512NYC1?marker=741311
32,46,USD,MCO,CLT,"Charlotte, United States",US,2026-10-15,0,https://www.aviasales.com/search/MCO1510CLT1?marker=741311
33,47,USD,FLL,SWF,"Newburgh, United States",US,2026-11-01,0,https://www.aviasales.com/search/FLL0111SWF1?marker=741311
34,49,USD,SAN,SJC,"San Jose, United States",US,2026-11-10,0,https://www.aviasales.com/search/SAN1011SJC1?marker=741311
35,49,USD,SAN,OAK,"Oakland, United States",US,2026-11-10,0,https://www.aviasales.com/search/SAN1011OAK1?marker=741311
36,49,USD,TPA,RIC,"Richmond, United States",US,2026-12-03,0,https://www.aviasales.com/search/TPA0312RIC1?marker=741311
37,50,USD,TPA,ILM,"Wilmington, United States",US,2026-10-22,0,https://www.aviasales.com/search/TPA2210ILM1?marker=741311
38,52,USD,DEN,BNA,"Nashville, United States",US,2026-11-12,1,https://www.aviasales.com/search/DEN1211BNA1?marker=741311
39,53,USD,MCO,CHS,"Charleston, United States",US,2026-10-29,0,https://www.aviasales.com/search/MCO2910CHS1?marker=741311
40,54,USD,FLL,JAX,"Jacksonville, United States",US,2026-10-31,0,https://www.aviasales.com/search/FLL3110JAX1?marker=741311
41,59,USD,PHL,SJU,"San Juan, Puerto Rico",PR,2026-11-17,0,https://www.aviasales.com/search/PHL1711SJU1?marker=741311
42,59,USD,DFW,SLP,"San Luis Potosi, Mexico",MX,2027-01-01,0,https://www.aviasales.com/search/DFW0101SLP1?marker=741311
43,59,USD,MIA,IND,"Indianapolis, United States",US,2026-11-14,1,https://www.aviasales.com/search/MIA1411IND1?marker=741311
44,60,USD,LAX,RNO,"Reno, United States",US,2027-02-01,0,https://www.aviasales.com/search/LAX0102RNO1?marker=741311
45,63,USD,BOS,GDL,"Guadalajara, Mexico",MX,2026-11-26,0,https://www.aviasales.com/search/BOS2611GDL1?marker=741311
46,64,USD,SEA,LGB,"Long Beach, United States",US,2026-11-04,0,https://www.aviasales.com/search/SEA0411LGB1?marker=741311
47,65,USD,SAN,SAC,"Sacramento, United States",US,2026-10-27,1,https://www.aviasales.com/search/SAN2710SAC1?marker=741311
48,65,USD,LAX,PDX,"Portland, United States",US,2026-10-27,0,https://www.aviasales.com/search/LAX2710PDX1?marker=741311
49,68,USD,PHL,FMY,"Fort Myers, United States",US,2026-12-14,0,https://www.aviasales.com/search/PHL1412FMY1?marker=741311
50,68,USD,MIA,NAS,"Nassau, Bahamas",BS,2027-02-20,0,https://www.aviasales.com/search/MIA2002NAS1?marker=741311
51,69,USD,LAX,BOI,"Boise, United States",US,2026-11-11,1,https://www.aviasales.com/search/LAX1111BOI1?marker=741311
52,69,USD,LAS,BZN,"Bozeman, United States",US,2026-10-11,0,https://www.aviasales.com/search/LAS1110BZN1?marker=741311
53,70,USD,MIA,CVG,"Cincinnati, United States",US,2026-10-24,1,https://www.aviasales.com/search/MIA2410CVG1?marker=741311
54,71,USD,LAS,AUS,"Austin, United States",US,2026-11-14,0,https://www.aviasales.com/search/LAS1411AUS1?marker=741311
55,71,USD,FLL,BOS,"Boston, United States",US,2026-10-24,0,https://www.aviasales.com/search/FLL2410BOS1?marker=741311
56,71,USD,BNA,CID,"Cedar Rapids, United States",US,2026-10-16,0,https://www.aviasales.com/search/BNA1610CID1?marker=741311
57,72,USD,IAD,PIT,"Pittsburgh, United States",US,2026-10-11,1,https://www.aviasales.com/search/IAD1110PIT1?marker=741311
58,73,USD,BNA,STL,"St Louis, United States",US,2026-10-12,1,https://www.aviasales.com/search/BNA1210STL1?marker=741311
59,73,USD,CLT,BKW,"Beckley, United States",US,2026-10-14,0,https://www.aviasales.com/search/CLT1410BKW1?marker=741311
60,75,USD,PHX,PVU,"Provo, United States",US,2026-10-22,0,https://www.aviasales.com/search/PHX2210PVU1?marker=741311
61,78,USD,BOS,LEB,"Lebanon, United States",US,2026-10-17,0,https://www.aviasales.com/search/BOS1710LEB1?marker=741311
62,78,USD,PHX,LSE,"La Crosse, United States",US,2026-10-16,0,https://www.aviasales.com/search/PHX1610LSE1?marker=741311
63,79,USD,SEA,MKE,"Milwaukee, United States",US,2026-11-10,1,https://www.aviasales.com/search/SEA1011MKE1?marker=741311
64,80,USD,FLL,MKC,"Kansas City, United States",US,2026-10-16,0,https://www.aviasales.com/search/FLL1610MKC1?marker=741311
65,80,USD,LAX,STS,"Santa Rosa, United States",US,2026-12-28,0,https://www.aviasales.com/search/LAX2812STS1?marker=741311
66,81,USD,MCO,BUF,"Buffalo, United States",US,2026-11-02,1,https://www.aviasales.com/search/MCO0211BUF1?marker=741311
67,81,USD,SAN,PAE,"Everett, United States",US,2026-11-10,0,https://www.aviasales.com/search/SAN1011PAE1?marker=741311
68,84,USD,MCO,BDL,"Hartford, United States",US,2026-10-28,1,https://www.aviasales.com/search/MCO2810BDL1?marker=741311
69,84,USD,TPA,MYR,"Myrtle Beach, United States",US,2026-10-22,0,https://www.aviasales.com/search/TPA2210MYR1?marker=741311
70,84,USD,IAD,TRI,"Blountville, United States",US,2026-10-12,0,https://www.aviasales.com/search/IAD1210TRI1?marker=741311
71,85,USD,BOS,SYR,"Syracuse, United States",US,2026-10-15,0,https://www.aviasales.com/search/BOS1510SYR1?marker=741311
72,86,USD,AUS,MEX,"Mexico City, Mexico",MX,2026-10-14,1,https://www.aviasales.com/search/AUS1410MEX1?marker=741311
73,88,USD,PHX,ELP,"El Paso, United States",US,2026-11-24,1,https://www.aviasales.com/search/PHX2411ELP1?marker=741311
74,89,USD,FLL,YTO,"Toronto, Canada",CA,2026-12-25,0,https://www.aviasales.com/search/FLL2512YTO1?marker=741311
75,89,USD,SFO,YVR,"Vancouver, Canada",CA,2026-11-02,0,https://www.aviasales.com/search/SFO0211YVR1?marker=741311
76,91,USD,PHX,GUP,"Gallup, United States",US,2026-10-11,0,https://www.aviasales.com/search/PHX1110GUP1?marker=741311
77,93,USD,LAS,FAT,"Fresno, United States",US,2026-10-27,1,https://www.aviasales.com/search/LAS2710FAT1?marker=741311
78,93,USD,MIA,SAV,"Savannah, United States",US,2026-11-10,1,https://www.aviasales.com/search/MIA1011SAV1?marker=741311
79,93,USD,IAH,MTY,"Monterrey, Mexico",MX,2026-10-13,0,https://www.aviasales.com/search/IAH1310MTY1?marker=741311
80,94,USD,LAS,GEG,"Spokane, United States",US,2026-11-09,1,https://www.aviasales.com/search/LAS0911GEG1?marker=741311
81,96,USD,ATL,DSM,"Des Moines, United States",US,2026-10-29,1,https://www.aviasales.com/search/ATL2910DSM1?marker=741311
82,96,USD,MSP,VPS,"Fort Walton Beach, United States",US,2026-11-08,0,https://www.aviasales.com/search/MSP0811VPS1?marker=741311
83,97,USD,ORD,UIN,"Quincy, United States",US,2026-10-15,0,https://www.aviasales.com/search/ORD1510UIN1?marker=741311
84,100,USD,ORD,MBL,"Manistee, United States",US,2026-10-17,0,https://www.aviasales.com/search/ORD1710MBL1?marker=741311
85,102,USD,ATL,ORF,"Norfolk, United States",US,2026-10-18,0,https://www.aviasales.com/search/ATL1810ORF1?marker=741311
86,102,USD,ATL,TLH,"Tallahassee, United States",US,2026-10-24,1,https://www.aviasales.com/search/ATL2410TLH1?marker=741311
87,102,USD,LAX,BLI,"Bellingham, United States",US,2026-11-12,1,https://www.aviasales.com/search/LAX1211BLI1?marker=741311
88,104,USD,DTW,SAT,"San Antonio, United States",US,2026-10-31,1,https://www.aviasales.com/search/DTW3110SAT1?marker=741311
89,104,USD,IAD,SBN,"South Bend, United States",US,2026-10-12,0,https://www.aviasales.com/search/IAD1210SBN1?marker=741311
90,104,USD,LAX,IDA,"Idaho Falls, United States",US,2026-11-11,1,https://www.aviasales.com/search/LAX1111IDA1?marker=741311
91,105,USD,BOS,ACK,"Nantucket, United States",US,2026-10-11,0,https://www.aviasales.com/search/BOS1110ACK1?marker=741311
92,108,USD,SLC,GRR,"Grand Rapids, United States",US,2026-10-28,1,https://www.aviasales.com/search/SLC2810GRR1?marker=741311
93,108,USD,MCO,ISP,"Islip, United States",US,2026-10-17,0,https://www.aviasales.com/search/MCO1710ISP1?marker=741311
94,108,USD,JFK,ROC,"Rochester, United States",US,2026-10-14,0,https://www.aviasales.com/search/JFK1410ROC1?marker=741311
95,108,USD,MCO,BQN,"Aguadilla, Puerto Rico",PR,2026-10-13,0,https://www.aviasales.com/search/MCO1310BQN1?marker=741311
96,108,USD,DFW,HOT,"Hot Springs, United States",US,2026-10-17,0,https://www.aviasales.com/search/DFW1710HOT1?marker=741311
97,108,USD,LAX,MCE,"Merced, United States",US,2026-10-14,0,https://www.aviasales.com/search/LAX1410MCE1?marker=741311
98,109,USD,ORD,LAF,"Lafayette, United States",US,2026-10-12,0,https://www.aviasales.com/search/ORD1210LAF1?marker=741311
99,111,USD,LAS,ICT,"Wichita, United States",US,2026-11-30,0,https://www.aviasales.com/search/LAS3011ICT1?marker=741311
100,112,USD,IAH,QRO,"Queretaro, Mexico",MX,2026-12-08,1,https://www.aviasales.com/search/IAH0812QRO1?marker=741311
101,112,USD,DEN,EUG,"Eugene, United States",US,2026-10-17,0,https://www.aviasales.com/search/DEN1710EUG1?marker=741311
102,113,USD,JFK,BDA,"Bermuda, Bermuda",BM,2026-10-27,1,https://www.aviasales.com/search/JFK2710BDA1?marker=741311
103,116,USD,IAH,CUN,"Cancun, Mexico",MX,2026-11-01,1,https://www.aviasales.com/search/IAH0111CUN1?marker=741311
104,116,USD,MCO,HPN,"Westchester County, United States",US,2026-10-15,1,https://www.aviasales.com/search/MCO1510HPN1?marker=741311
105,116,USD,BNA,SRQ,"Sarasota, United States",US,2026-11-10,1,https://www.aviasales.com/search/BNA1011SRQ1?marker=741311
106,117,USD,ORD,HVN,"New Haven, United States",US,2026-10-19,0,https://www.aviasales.com/search/ORD1910HVN1?marker=741311
107,117,USD,DFW,HSV,"Huntsville, United States",US,2026-11-16,1,https://www.aviasales.com/search/DFW1611HSV1?marker=741311
108,117,USD,BOS,SLK,"Saranac Lake, United States",US,2026-10-17,0,https://www.aviasales.com/search/BOS1710SLK1?marker=741311
109,117,USD,PHX,SOW,"Show Low, United States",US,2026-10-12,0,https://www.aviasales.com/search/PHX1210SOW1?marker=741311
110,118,USD,JFK,OMA,"Omaha, United States",US,2027-01-20,1,https://www.aviasales.com/search/JFK2001OMA1?marker=741311
111,118,USD,PHX,SCK,"Stockton, United States",US,2026-10-12,0,https://www.aviasales.com/search/PHX1210SCK1?marker=741311
112,118,USD,PHX,PGA,"Page, United States",US,2026-11-22,0,https://www.aviasales.com/search/PHX2211PGA1?marker=741311
113,119,USD,ORD,MSN,"Madison, United States",US,2026-10-13,0,https://www.aviasales.com/search/ORD1310MSN1?marker=741311
114,119,USD,JFK,PBI,"West Palm Beach, United States",US,2026-11-07,1,https://www.aviasales.com/search/JFK0711PBI1?marker=741311
115,121,USD,LAX,GUA,"Guatemala City, Guatemala",GT,2027-02-28,0,https://www.aviasales.com/search/LAX2802GUA1?marker=741311
116,122,USD,ORD,MKG,"Muskegon, United States",US,2026-10-13,0,https://www.aviasales.com/search/ORD1310MKG1?marker=741311
117,122,USD,IAH,BJX,"Leon/Guanajuato, Mexico",MX,2026-10-11,0,https://www.aviasales.com/search/IAH1110BJX1?marker=741311
118,124,USD,BOS,PQI,"Presque Isle, United States",US,2026-10-21,0,https://www.aviasales.com/search/BOS2110PQI1?marker=741311
119,125,USD,RDU,SJO,"San Jose, Costa Rica",CR,2026-10-26,1,https://www.aviasales.com/search/RDU2610SJO1?marker=741311
120,126,USD,MCO,GSP,"Greenville, United States",US,2026-11-13,0,https://www.aviasales.com/search/MCO1311GSP1?marker=741311
121,126,USD,FLL,FSD,"Sioux Falls, United States",US,2026-11-06,1,https://www.aviasales.com/search/FLL0611FSD1?marker=741311
122,128,USD,DCA,SDF,"Louisville, United States",US,2026-10-13,0,https://www.aviasales.com/search/DCA1310SDF1?marker=741311
123,128,USD,DFW,MEM,"Memphis, United States",US,2026-10-17,0,https://www.aviasales.com/search/DFW1710MEM1?marker=741311
124,128,USD,CLT,ABE,"Allentown, United States",US,2026-10-17,0,https://www.aviasales.com/search/CLT1710ABE1?marker=741311
125,128,USD,JFK,AUA,"Oranjestad, Aruba",AW,2026-11-16,0,https://www.aviasales.com/search/JFK1611AUA1?marker=741311
126,129,USD,FLL,SDQ,"Santo Domingo, Dominican Republic",DO,2026-10-23,1,https://www.aviasales.com/search/FLL2310SDQ1?marker=741311
127,130,USD,MIA,PUJ,"Punta Cana, Dominican Republic",DO,2026-10-10,1,https://www.aviasales.com/search/MIA1010PUJ1?marker=741311
128,130,USD,MCO,HAR,"Harrisburg, United States",US,2026-12-05,2,https://www.aviasales.com/search/MCO0512HAR1?marker=741311
129,130,USD,IAH,PNS,"Pensacola, United States",US,2026-11-16,1,https://www.aviasales.com/search/IAH1611PNS1?marker=741311
130,131,USD,DFW,OKC,"Oklahoma City, United States",US,2026-11-04,1,https://www.aviasales.com/search/DFW0411OKC1?marker=741311
131,131,USD,MCO,PWM,"Portland, United States",US,2027-02-26,1,https://www.aviasales.com/search/MCO2602PWM1?marker=741311
132,132,USD,CLT,OAJ,"Jacksonville, United States",US,2026-10-17,0,https://www.aviasales.com/search/CLT1710OAJ1?marker=741311
133,133,USD,LAX,YYC,"Calgary, Canada",CA,2026-10-21,1,https://www.aviasales.com/search/LAX2110YYC1?marker=741311
134,134,USD,PHX,ATW,"Appleton, United States",US,2026-10-16,0,https://www.aviasales.com/search/PHX1610ATW1?marker=741311
135,135,USD,FLL,GYE,"Guayaquil, Ecuador",EC,2027-01-27,0,https://www.aviasales.com/search/FLL2701GYE1?marker=741311
136,136,USD,JFK,BGI,"Bridgetown, Barbados",BB,2026-10-10,2,https://www.aviasales.com/search/JFK1010BGI1?marker=741311
137,137,USD,BOS,YMQ,"Montreal, Canada",CA,2026-10-17,0,https://www.aviasales.com/search/BOS1710YMQ1?marker=741311
138,137,USD,MIA,LIM,"Lima, Peru",PE,2027-01-19,1,https://www.aviasales.com/search/MIA1901LIM1?marker=741311
139,137,USD,DFW,VRB,"Vero Beach, United States",US,2027-01-11,1,https://www.aviasales.com/search/DFW1101VRB1?marker=741311
140,137,USD,MCO,ABQ,"Albuquerque, United States",US,2026-11-14,1,https://www.aviasales.com/search/MCO1411ABQ1?marker=741311
141,138,USD,ORD,DEC,"Decatur, United States",US,2026-10-17,0,https://www.aviasales.com/search/ORD1710DEC1?marker=741311
142,138,USD,LAX,HNL,"Honolulu, United States",US,2026-12-08,0,https://www.aviasales.com/search/LAX0812HNL1?marker=741311
143,140,USD,JFK,SXM,"Sint Maarten, Sint Maarten",SX,2026-12-15,1,https://www.aviasales.com/search/JFK1512SXM1?marker=741311
144,141,USD,PHL,BTV,"Burlington, United States",US,2026-10-17,0,https://www.aviasales.com/search/PHL1710BTV1?marker=741311
145,143,USD,JFK,STI,"Santiago, Dominican Republic",DO,2026-11-19,1,https://www.aviasales.com/search/JFK1911STI1?marker=741311
146,143,USD,TPA,ELD,"El Dorado, United States",US,2026-11-19,1,https://www.aviasales.com/search/TPA1911ELD1?marker=741311
147,145,USD,ATL,LAP,"La Paz, Mexico",MX,2026-10-19,1,https://www.aviasales.com/search/ATL1910LAP1?marker=741311
148,146,USD,JFK,LON,"London, United Kingdom",GB,2026-10-20,0,https://www.aviasales.com/search/JFK2010LON1?marker=741311
149,146,USD,BNA,LIT,"Little Rock, United States",US,2026-11-06,1,https://www.aviasales.com/search/BNA0611LIT1?marker=741311
150,146,USD,DEN,JAC,"Jackson, United States",US,2026-10-09,0,https://www.aviasales.com/search/DEN0910JAC1?marker=741311
151,147,USD,SFO,CLO,"Cali, Colombia",CO,2027-01-17,2,https://www.aviasales.com/search/SFO1701CLO1?marker=741311
152,147,USD,IAD,OAX,"Oaxaca, Mexico",MX,2026-11-15,1,https://www.aviasales.com/search/IAD1511OAX1?marker=741311
153,147,USD,JFK,POP,"Puerto Plata, Dominican Republic",DO,2027-01-07,1,https://www.aviasales.com/search/JFK0701POP1?marker=741311
154,147,USD,IAD,MOB,"Mobile, United States",US,2026-10-10,1,https://www.aviasales.com/search/IAD1010MOB1?marker=741311
155,148,USD,DCA,YOW,"Ottawa, Canada",CA,2026-10-13,0,https://www.aviasales.com/search/DCA1310YOW1?marker=741311
156,149,USD,MIA,FPO,"Freeport, Bahamas",BS,2027-01-17,1,https://www.aviasales.com/search/MIA1701FPO1?marker=741311
157,149,USD,DCA,GNV,"Gainesville, United States",US,2026-11-17,2,https://www.aviasales.com/search/DCA1711GNV1?marker=741311
158,152,USD,LAX,AGU,"Aguascalientes, Mexico",MX,2026-10-11,0,https://www.aviasales.com/search/LAX1110AGU1?marker=741311
159,153,USD,MIA,BOG,"Bogota, Colombia",CO,2026-10-09,0,https://www.aviasales.com/search/MIA0910BOG1?marker=741311
160,153,USD,SLC,TUS,"Tucson, United States",US,2026-11-14,1,https://www.aviasales.com/search/SLC1411TUS1?marker=741311
161,153,USD,DEN,CEZ,"Cortez, United States",US,2026-10-13,0,https://www.aviasales.com/search/DEN1310CEZ1?marker=741311
162,154,USD,LAX,SAL,"San Salvador, El Salvador",SV,2027-01-08,2,https://www.aviasales.com/search/LAX0801SAL1?marker=741311
163,154,USD,JFK,SVD,"St Vincent, Saint Vincent and the Grenadines",VC,2026-10-26,1,https://www.aviasales.com/search/JFK2610SVD1?marker=741311
164,155,USD,LAX,SJD,"San Jose Del Cabo, Mexico",MX,2026-10-27,0,https://www.aviasales.com/search/LAX2710SJD1?marker=741311
165,155,USD,CLT,PVD,"Providence, United States",US,2026-10-16,0,https://www.aviasales.com/search/CLT1610PVD1?marker=741311
166,155,USD,JFK,ATH,"Athens, Greece",GR,2026-10-18,0,https://www.aviasales.com/search/JFK1810ATH1?marker=741311
167,156,USD,FLL,KIN,"Kingston, Jamaica",JM,2026-12-12,0,https://www.aviasales.com/search/FLL1212KIN1?marker=741311
168,157,USD,MSP,IWD,"Ironwood, United States",US,2026-10-12,0,https://www.aviasales.com/search/MSP1210IWD1?marker=741311
169,157,USD,FLL,PSE,"Ponce, Puerto Rico",PR,2026-11-26,0,https://www.aviasales.com/search/FLL2611PSE1?marker=741311
170,158,USD,MSP,ECP,"Panama City, United States",US,2026-10-27,2,https://www.aviasales.com/search/MSP2710ECP1?marker=741311
171,159,USD,LAS,PVR,"Puerto Vallarta, Mexico",MX,2026-12-02,1,https://www.aviasales.com/search/LAS0212PVR1?marker=741311
172,159,USD,MCO,CAK,"Akron, United States",US,2026-11-20,1,https://www.aviasales.com/search/MCO2011CAK1?marker=741311
173,159,USD,DCA,STX,"Saint Croix, U.S. Virgin Islands",VI,2027-01-04,1,https://www.aviasales.com/search/DCA0401STX1?marker=741311
174,160,USD,ORD,CAE,"Columbia, United States",US,2026-10-16,0,https://www.aviasales.com/search/ORD1610CAE1?marker=741311
175,160,USD,BNA,TUP,"Tupelo, United States",US,2026-10-12,0,https://www.aviasales.com/search/BNA1210TUP1?marker=741311
176,160,USD,LAX,ANC,"Anchorage, United States",US,2026-10-16,1,https://www.aviasales.com/search/LAX1610ANC1?marker=741311
177,161,USD,ATL,LRD,"Laredo, United States",US,2026-12-21,1,https://www.aviasales.com/search/ATL2112LRD1?marker=741311
178,162,USD,JFK,UIO,"Quito, Ecuador",EC,2026-12-15,1,https://www.aviasales.com/search/JFK1512UIO1?marker=741311
179,163,USD,AUS,MDE,"Medellin, Colombia",CO,2026-12-30,1,https://www.aviasales.com/search/AUS3012MDE1?marker=741311
180,163,USD,SLC,EAT,"Wenatchee, United States",US,2027-01-03,1,https://www.aviasales.com/search/SLC0301EAT1?marker=741311
181,164,USD,JFK,ROM,"Rome, Italy",IT,2026-10-20,0,https://www.aviasales.com/search/JFK2010ROM1?marker=741311
182,164,USD,ATL,TUL,"Tulsa, United States",US,2026-10-11,1,https://www.aviasales.com/search/ATL1110TUL1?marker=741311
183,164,USD,IAD,PLS,"Providenciales, Turks and Caicos Islands",TC,2026-11-01,1,https://www.aviasales.com/search/IAD0111PLS1?marker=741311
184,165,USD,JFK,CTG,"Cartagena, Colombia",CO,2026-10-26,1,https://www.aviasales.com/search/JFK2610CTG1?marker=741311
185,165,USD,FLL,BAQ,"Barranquilla, Colombia",CO,2026-11-18,0,https://www.aviasales.com/search/FLL1811BAQ1?marker=741311
186,165,USD,BOS,BHB,"Bar Harbor, United States",US,2026-10-13,0,https://www.aviasales.com/search/BOS1310BHB1?marker=741311
187,165,USD,SFO,OGG,"Kahului, United States",US,2026-11-08,0,https://www.aviasales.com/search/SFO0811OGG1?marker=741311
188,165,USD,SFO,LIH,"Kauai Island, United States",US,2026-11-08,0,https://www.aviasales.com/search/SFO0811LIH1?marker=741311
189,165,USD,IAH,TRC,"Torreon, Mexico",MX,2026-10-12,3,https://www.aviasales.com/search/IAH1210TRC1?marker=741311
190,166,USD,LAX,GFK,"Grand Forks, United States",US,2026-11-11,1,https://www.aviasales.com/search/LAX1111GFK1?marker=741311
191,168,USD,IAH,COS,"Colorado Springs, United States",US,2027-01-05,0,https://www.aviasales.com/search/IAH0501COS1?marker=741311
192,168,USD,FLL,ALB,"Albany, United States",US,2026-12-19,2,https://www.aviasales.com/search/FLL1912ALB1?marker=741311
193,170,USD,DFW,HRL,"Harlingen, United States",US,2026-12-15,0,https://www.aviasales.com/search/DFW1512HRL1?marker=741311
194,171,USD,DTW,YHZ,"Halifax, Canada",CA,2026-10-14,1,https://www.aviasales.com/search/DTW1410YHZ1?marker=741311
195,173,USD,MIA,LIR,"Liberia, Costa Rica",CR,2026-10-23,0,https://www.aviasales.com/search/MIA2310LIR1?marker=741311
196,174,USD,SEA,MFR,"Medford, United States",US,2026-12-25,1,https://www.aviasales.com/search/SEA2512MFR1?marker=741311
197,174,USD,TPA,KOA,"Kailua-Kona, United States",US,2026-12-04,1,https://www.aviasales.com/search/TPA0412KOA1?marker=741311
198,174,USD,CLT,LEX,"Lexington, United States",US,2026-10-16,1,https://www.aviasales.com/search/CLT1610LEX1?marker=741311
199,174,USD,SAN,PSC,"Pasco, United States",US,2026-10-21,1,https://www.aviasales.com/search/SAN2110PSC1?marker=741311
200,175,USD,CLT,MHT,"Manchester, United States",US,2026-10-17,0,https://www.aviasales.com/search/CLT1710MHT1?marker=741311
201,175,USD,MCO,MAF,"Midland, United States",US,2026-11-11,1,https://www.aviasales.com/search/MCO1111MAF1?marker=741311
202,177,USD,LAX,TIJ,"Tijuana, Mexico",MX,2026-10-12,1,https://www.aviasales.com/search/LAX1210TIJ1?marker=741311
203,179,USD,SFO,FYV,"Fayetteville, United States",US,2026-10-18,1,https://www.aviasales.com/search/SFO1810FYV1?marker=741311
204,180,USD,IAH,AGS,"Augusta, United States",US,2026-10-29,1,https://www.aviasales.com/search/IAH2910AGS1?marker=741311
205,181,USD,ATL,AVL,"Asheville, United States",US,2026-10-11,1,https://www.aviasales.com/search/ATL1110AVL1?marker=741311
206,182,USD,ORD,MHK,"Manhattan, United States",US,2026-10-13,0,https://www.aviasales.com/search/ORD1310MHK1?marker=741311
207,182,USD,TPA,AZO,"Kalamazoo, United States",US,2026-10-10,1,https://www.aviasales.com/search/TPA1010AZO1?marker=741311
208,182,USD,JFK,PSP,"Palm Springs, United States",US,2027-01-16,1,https://www.aviasales.com/search/JFK1601PSP1?marker=741311
209,183,USD,LAX,CZM,"Cozumel, Mexico",MX,2026-11-11,1,https://www.aviasales.com/search/LAX1111CZM1?marker=741311
210,186,USD,PHX,ZIH,"Ixtapa, Mexico",MX,2026-11-08,1,https://www.aviasales.com/search/PHX0811ZIH1?marker=741311
211,187,USD,JFK,STT,"Saint Thomas, U.S. Virgin Islands",VI,2026-11-23,1,https://www.aviasales.com/search/JFK2311STT1?marker=741311
212,188,USD,LAS,SHV,"Shreveport, United States",US,2026-10-09,0,https://www.aviasales.com/search/LAS0910SHV1?marker=741311
213,190,USD,BOS,OSL,"Oslo, Norway",NO,2026-10-12,1,https://www.aviasales.com/search/BOS1210OSL1?marker=741311
214,190,USD,LAX,RDD,"Redding, United States",US,2026-10-31,1,https://www.aviasales.com/search/LAX3110RDD1?marker=741311
215,191,USD,MIA,CUC,"Cucuta, Colombia",CO,2026-10-31,2,https://www.aviasales.com/search/MIA3110CUC1?marker=741311
216,192,USD,FLL,GPT,"Gulfport, United States",US,2026-10-16,1,https://www.aviasales.com/search/FLL1610GPT1?marker=741311
217,192,USD,SAN,BIL,"Billings, United States",US,2026-12-19,1,https://www.aviasales.com/search/SAN1912BIL1?marker=741311
218,193,USD,PHL,GSO,"Greensboro, United States",US,2026-10-28,0,https://www.aviasales.com/search/PHL2810GSO1?marker=741311
219,194,USD,MCO,MBJ,"Montego Bay, Jamaica",JM,2026-12-17,0,https://www.aviasales.com/search/MCO1712MBJ1?marker=741311
220,194,USD,DCA,JAN,"Jackson, United States",US,2026-10-13,0,https://www.aviasales.com/search/DCA1310JAN1?marker=741311
221,194,USD,LAX,ZCL,"Zacatecas, Mexico",MX,2026-10-17,2,https://www.aviasales.com/search/LAX1710ZCL1?marker=741311
222,196,USD,MCO,HGR,"Hagerstown, United States",US,2026-10-16,1,https://www.aviasales.com/search/MCO1610HGR1?marker=741311
223,196,USD,FLL,SAP,"San Pedro Sula, Honduras",HN,2027-01-31,0,https://www.aviasales.com/search/FLL3101SAP1?marker=741311
224,198,USD,IAH,TAP,"Tapachula, Mexico",MX,2026-10-11,2,https://www.aviasales.com/search/IAH1110TAP1?marker=741311
225,200,USD,BOS,BCN,"Barcelona, Spain",ES,2026-10-18,0,https://www.aviasales.com/search/BOS1810BCN1?marker=741311
226,202,USD,SEA,FRA,"Frankfurt, Germany",DE,2026-10-24,1,https://www.aviasales.com/search/SEA2410FRA1?marker=741311
227,203,USD,JFK,VCE,"Venice, Italy",IT,2026-10-20,1,https://www.aviasales.com/search/JFK2010VCE1?marker=741311
228,206,USD,MIA,BUE,"Buenos Aires, Argentina",AR,2026-11-17,1,https://www.aviasales.com/search/MIA1711BUE1?marker=741311
229,206,USD,JFK,LCA,"Larnaca, Cyprus",CY,2026-10-19,1,https://www.aviasales.com/search/JFK1910LCA1?marker=741311
230,206,USD,DTW,MID,"Merida, Mexico",MX,2026-12-10,1,https://www.aviasales.com/search/DTW1012MID1?marker=741311
231,206,USD,BNA,ACA,"Acapulco, Mexico",MX,2026-11-30,1,https://www.aviasales.com/search/BNA3011ACA1?marker=741311
232,206,USD,PHL,LBB,"Lubbock, United States",US,2026-12-24,2,https://www.aviasales.com/search/PHL2412LBB1?marker=741311
233,207,USD,MIA,TQO,"Tulum, Mexico",MX,2027-01-04,0,https://www.aviasales.com/search/MIA0401TQO1?marker=741311
234,209,USD,JFK,SOF,"Sofia, Bulgaria",BG,2026-10-20,1,https://www.aviasales.com/search/JFK2010SOF1?marker=741311
235,211,USD,MSP,YEA,"Edmonton, Canada",CA,2026-10-21,1,https://www.aviasales.com/search/MSP2110YEA1?marker=741311
236,212,USD,JFK,BJV,"Bodrum, Turkiye",TR,2026-10-20,1,https://www.aviasales.com/search/JFK2010BJV1?marker=741311
237,212,USD,JFK,CAP,"Cap Haitien, Haiti",HT,2026-12-23,1,https://www.aviasales.com/search/JFK2312CAP1?marker=741311
238,213,USD,MIA,SCL,"Santiago, Chile",CL,2027-01-19,1,https://www.aviasales.com/search/MIA1901SCL1?marker=741311
239,214,USD,DEN,AMA,"Amarillo, United States",US,2026-10-14,1,https://www.aviasales.com/search/DEN1410AMA1?marker=741311
240,215,USD,DCA,COU,"Columbia, United States",US,2026-10-17,2,https://www.aviasales.com/search/DCA1710COU1?marker=741311
241,218,USD,DEN,CNY,"Moab, United States",US,2026-10-14,0,https://www.aviasales.com/search/DEN1410CNY1?marker=741311
242,218,USD,LAX,MLM,"Morelia, Mexico",MX,2026-10-31,1,https://www.aviasales.com/search/LAX3110MLM1?marker=741311
243,218,USD,JFK,BUH,"Bucharest, Romania",RO,2026-10-19,1,https://www.aviasales.com/search/JFK1910BUH1?marker=741311
244,218,USD,DEN,EAR,"Kearney, United States",US,2026-10-11,0,https://www.aviasales.com/search/DEN1110EAR1?marker=741311
245,219,USD,RDU,USA,"Concord, United States",US,2026-10-11,1,https://www.aviasales.com/search/RDU1110USA1?marker=741311
246,221,USD,FLL,GGT,"George Town, Bahamas",BS,2026-12-21,1,https://www.aviasales.com/search/FLL2112GGT1?marker=741311
247,222,USD,RDU,ELM,"Elmira, United States",US,2026-10-17,2,https://www.aviasales.com/search/RDU1710ELM1?marker=741311
248,223,USD,JFK,ANU,"Saint John's, Antigua and Barbuda",AG,2027-01-08,1,https://www.aviasales.com/search/JFK0801ANU1?marker=741311
249,223,USD,DTW,BMI,"Bloomington, United States",US,2026-10-13,1,https://www.aviasales.com/search/DTW1310BMI1?marker=741311
250,224,USD,JFK,MIL,"Milan, Italy",IT,2026-10-20,1,https://www.aviasales.com/search/JFK2010MIL1?marker=741311
251,224,USD,LAX,MNL,"Manila, Philippines",PH,2027-03-01,1,https://www.aviasales.com/search/LAX0103MNL1?marker=741311
252,224,USD,JFK,MLA,"Malta, Malta",MT,2026-10-17,1,https://www.aviasales.com/search/JFK1710MLA1?marker=741311
253,224,USD,JFK,SJJ,"Sarajevo, Bosnia and Herzegovina",BA,2026-10-20,2,https://www.aviasales.com/search/JFK2010SJJ1?marker=741311
254,225,USD,MIA,HAV,"Havana, Cuba",CU,2026-10-26,2,https://www.aviasales.com/search/MIA2610HAV1?marker=741311
255,225,USD,JFK,DLM,"Dalaman, Turkiye",TR,2026-10-20,1,https://www.aviasales.com/search/JFK2010DLM1?marker=741311
256,226,USD,ORD,PIA,"Peoria, United States",US,2026-10-13,1,https://www.aviasales.com/search/ORD1310PIA1?marker=741311
257,226,USD,JFK,RMO,"Chisinau, Moldova",MD,2026-10-19,1,https://www.aviasales.com/search/JFK1910RMO1?marker=741311
258,226,USD,BOS,STO,"Stockholm, Sweden",SE,2026-11-18,1,https://www.aviasales.com/search/BOS1811STO1?marker=741311
259,226,USD,SFO,HKG,"Hong Kong, Hong Kong",HK,2027-03-22,1,https://www.aviasales.com/search/SFO2203HKG1?marker=741311
260,227,USD,JFK,NCE,"Nice, France",FR,2026-10-23,1,https://www.aviasales.com/search/JFK2310NCE1?marker=741311
261,227,USD,LAX,TYO,"Tokyo, Japan",JP,2027-03-01,1,https://www.aviasales.com/search/LAX0103TYO1?marker=741311
262,228,USD,SFO,SEL,"Seoul, South Korea",KR,2027-03-22,1,https://www.aviasales.com/search/SFO2203SEL1?marker=741311
263,228,USD,SAN,YXE,"Saskatoon, Canada",CA,2026-11-20,1,https://www.aviasales.com/search/SAN2011YXE1?marker=741311
264,230,USD,ORD,MLB,"Melbourne, United States",US,2026-12-22,1,https://www.aviasales.com/search/ORD2212MLB1?marker=741311
265,230,USD,LAX,CEB,"Cebu City, Philippines",PH,2027-03-01,1,https://www.aviasales.com/search/LAX0103CEB1?marker=741311
266,231,USD,ORD,PEI,"Pereira, Colombia",CO,2026-11-17,2,https://www.aviasales.com/search/ORD1711PEI1?marker=741311
267,231,USD,CLT,CKB,"Clarksburg, United States",US,2026-10-17,1,https://www.aviasales.com/search/CLT1710CKB1?marker=741311
268,234,USD,DEN,FMN,"Farmington, United States",US,2026-10-17,0,https://www.aviasales.com/search/DEN1710FMN1?marker=741311
269,235,USD,LAX,RAP,"Rapid City, United States",US,2026-10-13,1,https://www.aviasales.com/search/LAX1310RAP1?marker=741311
270,235,USD,MCO,POS,"Port Of Spain, Trinidad and Tobago",TT,2026-10-12,0,https://www.aviasales.com/search/MCO1210POS1?marker=741311
271,236,USD,DFW,MFE,"McAllen, United States",US,2026-12-15,0,https://www.aviasales.com/search/DFW1512MFE1?marker=741311
272,236,USD,BNA,AVP,"Wilkes-Barre, United States",US,2026-10-14,1,https://www.aviasales.com/search/BNA1410AVP1?marker=741311
273,237,USD,MIA,PTY,"Panama City, Panama",PA,2026-12-10,1,https://www.aviasales.com/search/MIA1012PTY1?marker=741311
274,237,USD,LAX,BKK,"Bangkok, Thailand",TH,2027-03-21,0,https://www.aviasales.com/search/LAX2103BKK1?marker=741311
275,238,USD,IAD,YQR,"Regina, Canada",CA,2026-11-21,1,https://www.aviasales.com/search/IAD2111YQR1?marker=741311
276,240,USD,LAX,MRY,"Monterey, United States",US,2026-10-16,0,https://www.aviasales.com/search/LAX1610MRY1?marker=741311
277,241,USD,DFW,BRO,"Brownsville, United States",US,2026-12-15,0,https://www.aviasales.com/search/DFW1512BRO1?marker=741311
278,241,USD,SLC,TWF,"Twin Falls, United States",US,2026-10-11,1,https://www.aviasales.com/search/SLC1110TWF1?marker=741311
279,242,USD,SFO,SGN,"Ho Chi Minh City, Vietnam",VN,2026-10-21,1,https://www.aviasales.com/search/SFO2110SGN1?marker=741311
280,242,USD,JFK,TAB,"Tobago, Trinidad and Tobago",TT,2026-10-16,1,https://www.aviasales.com/search/JFK1610TAB1?marker=741311
281,242,USD,SEA,YYJ,"Victoria, Canada",CA,2026-10-11,2,https://www.aviasales.com/search/SEA1110YYJ1?marker=741311
282,243,USD,ORD,GRI,"Grand Island, United States",US,2026-10-14,2,https://www.aviasales.com/search/ORD1410GRI1?marker=741311
283,243,USD,DEN,TEX,"Telluride, United States",US,2026-10-11,0,https://www.aviasales.com/search/DEN1110TEX1?marker=741311
284,243,USD,DFW,BFL,"Bakersfield, United States",US,2026-11-03,0,https://www.aviasales.com/search/DFW0311BFL1?marker=741311
285,245,USD,LAX,FCA,"Kalispell, United States",US,2026-10-15,1,https://www.aviasales.com/search/LAX1510FCA1?marker=741311
286,246,USD,JFK,IST,"Istanbul, Turkiye",TR,2026-10-11,1,https://www.aviasales.com/search/JFK1110IST1?marker=741311
287,246,USD,LAX,ITO,"Hilo, United States",US,2026-11-08,1,https://www.aviasales.com/search/LAX0811ITO1?marker=741311
288,247,USD,JFK,VNO,"Vilnius, Lithuania",LT,2026-10-13,2,https://www.aviasales.com/search/JFK1310VNO1?marker=741311
289,248,USD,JFK,BER,"Berlin, Germany",DE,2026-10-10,1,https://www.aviasales.com/search/JFK1010BER1?marker=741311
290,248,USD,JFK,VIE,"Vienna, Austria",AT,2026-10-12,1,https://www.aviasales.com/search/JFK1210VIE1?marker=741311
291,248,USD,LAX,CRK,"City of Angeles, Philippines",PH,2026-11-22,1,https://www.aviasales.com/search/LAX2211CRK1?marker=741311
292,249,USD,ORD,DAD,"Da Nang, Vietnam",VN,2027-02-01,1,https://www.aviasales.com/search/ORD0102DAD1?marker=741311
293,249,USD,JFK,BUD,"Budapest, Hungary",HU,2026-10-17,1,https://www.aviasales.com/search/JFK1710BUD1?marker=741311
294,249,USD,JFK,PRG,"Prague, Czech Republic",CZ,2026-10-23,1,https://www.aviasales.com/search/JFK2310PRG1?marker=741311
295,249,USD,JFK,MAN,"Manchester, United Kingdom",GB,2026-10-14,1,https://www.aviasales.com/search/JFK1410MAN1?marker=741311
296,249,USD,CLT,TAM,"Tampico, Mexico",MX,2026-12-09,1,https://www.aviasales.com/search/CLT0912TAM1?marker=741311
297,250,USD,MIA,PAR,"Paris, France",FR,2026-11-28,0,https://www.aviasales.com/search/MIA2811PAR1?marker=741311
298,250,USD,JFK,BRU,"Brussels, Belgium",BE,2026-10-16,1,https://www.aviasales.com/search/JFK1610BRU1?marker=741311
299,250,USD,SFO,TPE,"Taipei, Taiwan",TW,2027-03-23,1,https://www.aviasales.com/search/SFO2303TPE1?marker=741311
300,250,USD,JFK,ALG,"Algiers, Algeria",DZ,2026-10-18,2,https://www.aviasales.com/search/JFK1810ALG1?marker=741311
301,251,USD,JFK,MAD,"Madrid, Spain",ES,2026-10-10,2,https://www.aviasales.com/search/JFK1010MAD1?marker=741311
302,251,USD,JFK,WAW,"Warsaw, Poland",PL,2026-10-14,1,https://www.aviasales.com/search/JFK1410WAW1?marker=741311
303,252,USD,PHL,BGR,"Bangor, United States",US,2026-10-11,1,https://www.aviasales.com/search/PHL1110BGR1?marker=741311
304,252,USD,JFK,MVY,"Martha's Vineyard, United States",US,2026-10-11,0,https://www.aviasales.com/search/JFK1110MVY1?marker=741311
305,252,USD,SLC,SGU,"Saint George, United States",US,2026-10-17,1,https://www.aviasales.com/search/SLC1710SGU1?marker=741311
306,254,USD,JFK,LYS,"Lyon, France",FR,2026-10-19,2,https://www.aviasales.com/search/JFK1910LYS1?marker=741311
307,254,USD,ATL,BTR,"Baton Rouge, United States",US,2026-10-08,1,https://www.aviasales.com/search/ATL0810BTR1?marker=741311
308,254,USD,SEA,RDM,"Redmond, United States",US,2026-10-11,0,https://www.aviasales.com/search/SEA1110RDM1?marker=741311
309,256,USD,SEA,YKM,"Yakima, United States",US,2026-10-16,0,https://www.aviasales.com/search/SEA1610YKM1?marker=741311
310,256,USD,SEA,ALW,"Walla Walla, United States",US,2026-10-16,0,https://www.aviasales.com/search/SEA1610ALW1?marker=741311
311,257,USD,ORD,TOL,"Toledo, United States",US,2026-10-15,1,https://www.aviasales.com/search/ORD1510TOL1?marker=741311
312,257,USD,JFK,LJU,"Ljubljana, Slovenia",SI,2026-10-11,1,https://www.aviasales.com/search/JFK1110LJU1?marker=741311
313,257,USD,SFO,BZE,"Belize City, Belize",BZ,2026-11-15,1,https://www.aviasales.com/search/SFO1511BZE1?marker=741311
314,257,USD,DFW,SBA,"Santa Barbara, United States",US,2026-10-17,1,https://www.aviasales.com/search/DFW1710SBA1?marker=741311
315,257,USD,FLL,BGA,"Bucaramanga, Colombia",CO,2027-01-18,1,https://www.aviasales.com/search/FLL1801BGA1?marker=741311
316,258,USD,ORD,SCE,"State College, United States",US,2026-10-18,0,https://www.aviasales.com/search/ORD1810SCE1?marker=741311
317,258,USD,DEN,GUC,"Gunnison, United States",US,2026-10-13,0,https://www.aviasales.com/search/DEN1310GUC1?marker=741311
318,259,USD,MIA,SAO,"Sao Paulo, Brazil",BR,2027-02-25,1,https://www.aviasales.com/search/MIA2502SAO1?marker=741311
319,260,USD,ORD,GRB,"Green Bay, United States",US,2026-10-12,0,https://www.aviasales.com/search/ORD1210GRB1?marker=741311
320,260,USD,SFO,HAN,"Hanoi, Vietnam",VN,2026-10-13,1,https://www.aviasales.com/search/SFO1310HAN1?marker=741311
321,260,USD,JFK,BEG,"Belgrade, Serbia",RS,2026-10-13,1,https://www.aviasales.com/search/JFK1310BEG1?marker=741311
322,261,USD,ORD,BLV,"Belleville, United States",US,2026-10-15,1,https://www.aviasales.com/search/ORD1510BLV1?marker=741311
323,261,USD,JFK,MUC,"Munich, Germany",DE,2026-10-14,1,https://www.aviasales.com/search/JFK1410MUC1?marker=741311
324,261,USD,JFK,TGD,"Podgorica, Montenegro",ME,2026-10-21,1,https://www.aviasales.com/search/JFK2110TGD1?marker=741311
325,261,USD,JFK,MSS,"Massena, United States",US,2026-10-12,1,https://www.aviasales.com/search/JFK1210MSS1?marker=741311
326,262,USD,CLT,SPI,"Springfield, United States",US,2026-10-16,1,https://www.aviasales.com/search/CLT1610SPI1?marker=741311
327,263,USD,JFK,KRK,"Krakow, Poland",PL,2026-10-23,1,https://www.aviasales.com/search/JFK2310KRK1?marker=741311
328,263,USD,SAN,EWN,"New Bern, United States",US,2027-04-07,1,https://www.aviasales.com/search/SAN0704EWN1?marker=741311
329,263,USD,SLC,LAN,"Lansing, United States",US,2026-10-28,2,https://www.aviasales.com/search/SLC2810LAN1?marker=741311
330,265,USD,JFK,CPH,"Copenhagen, Denmark",DK,2026-10-25,1,https://www.aviasales.com/search/JFK2510CPH1?marker=741311
331,265,USD,JFK,AMS,"Amsterdam, Netherlands",NL,2026-11-17,1,https://www.aviasales.com/search/JFK1711AMS1?marker=741311
332,265,USD,JFK,RZE,"Rzeszow, Poland",PL,2026-10-18,2,https://www.aviasales.com/search/JFK1810RZE1?marker=741311
333,266,USD,PHX,WUH,"Wuhan, China",CN,2026-12-01,2,https://www.aviasales.com/search/PHX0112WUH1?marker=741311
334,267,USD,MIA,XPL,"Comayagua, Honduras",HN,2026-11-27,0,https://www.aviasales.com/search/MIA2711XPL1?marker=741311
335,268,USD,BOS,EDI,"Edinburgh, United Kingdom",GB,2026-11-15,1,https://www.aviasales.com/search/BOS1511EDI1?marker=741311
336,268,USD,MIA,GEO,"Georgetown, Guyana",GY,2026-10-16,2,https://www.aviasales.com/search/MIA1610GEO1?marker=741311
337,268,USD,JFK,KUT,"Kutaisi, Georgia",GE,2026-10-15,1,https://www.aviasales.com/search/JFK1510KUT1?marker=741311
338,268,USD,IAH,ALS,"Alamosa, United States",US,2026-10-12,1,https://www.aviasales.com/search/IAH1210ALS1?marker=741311
339,270,USD,JFK,DUB,"Dublin, Ireland",IE,2027-02-01,1,https://www.aviasales.com/search/JFK0102DUB1?marker=741311
340,270,USD,JFK,TCI,"Tenerife, Spain",ES,2026-10-11,1,https://www.aviasales.com/search/JFK1110TCI1?marker=741311
341,271,USD,ORD,EVV,"Evansville, United States",US,2026-10-13,2,https://www.aviasales.com/search/ORD1310EVV1?marker=741311
342,271,USD,JFK,RUT,"Rutland, United States",US,2026-10-13,1,https://www.aviasales.com/search/JFK1310RUT1?marker=741311
343,273,USD,ORD,SGF,"Springfield, United States",US,2027-01-14,0,https://www.aviasales.com/search/ORD1401SGF1?marker=741311
344,273,USD,BOS,GDN,"Gdansk, Poland",PL,2026-10-30,1,https://www.aviasales.com/search/BOS3010GDN1?marker=741311
345,273,USD,RDU,AUW,"Wausau, United States",US,2026-12-04,2,https://www.aviasales.com/search/RDU0412AUW1?marker=741311
346,273,USD,SAN,JNU,"Juneau, United States",US,2026-11-03,1,https://www.aviasales.com/search/SAN0311JNU1?marker=741311
347,274,USD,JFK,ORH,"Worcester, United States",US,2026-10-16,2,https://www.aviasales.com/search/JFK1610ORH1?marker=741311
348,275,USD,DFW,AIA,"Alliance, United States",US,2026-10-16,1,https://www.aviasales.com/search/DFW1610AIA1?marker=741311
349,275,USD,LAX,DPS,"Denpasar (Bali), Indonesia",ID,2027-03-01,2,https://www.aviasales.com/search/LAX0103DPS1?marker=741311
350,275,USD,LAX,DGO,"Durango, Mexico",MX,2026-10-08,1,https://www.aviasales.com/search/LAX0810DGO1?marker=741311
351,278,USD,CLT,FOC,"Fuzhou, China",CN,2027-02-07,2,https://www.aviasales.com/search/CLT0702FOC1?marker=741311
352,278,USD,PHX,MTJ,"Montrose, United States",US,2026-10-13,1,https://www.aviasales.com/search/PHX1310MTJ1?marker=741311
353,278,USD,PHL,DAC,"Dhaka, Bangladesh",BD,2027-01-31,2,https://www.aviasales.com/search/PHL3101DAC1?marker=741311
354,279,USD,JFK,AYT,"Antalya, Turkiye",TR,2026-10-11,1,https://www.aviasales.com/search/JFK1110AYT1?marker=741311
355,279,USD,JFK,RAK,"Marrakech, Morocco",MA,2026-10-10,1,https://www.aviasales.com/search/JFK1010RAK1?marker=741311
356,281,USD,FLL,DAB,"Daytona Beach, United States",US,2026-10-18,2,https://www.aviasales.com/search/FLL1810DAB1?marker=741311
357,281,USD,MIA,PTP,"Pointe-a-pitre, Guadeloupe",GP,2026-12-16,0,https://www.aviasales.com/search/MIA1612PTP1?marker=741311
358,281,USD,JFK,SSH,"Sharm el Sheikh, Egypt",EG,2026-10-12,1,https://www.aviasales.com/search/JFK1210SSH1?marker=741311
359,282,USD,BOS,IBZ,"Ibiza, Spain",ES,2026-10-14,2,https://www.aviasales.com/search/BOS1410IBZ1?marker=741311
360,282,USD,MCO,BRL,"Burlington, United States",US,2026-10-10,1,https://www.aviasales.com/search/MCO1010BRL1?marker=741311
361,283,USD,JFK,OPO,"Porto, Portugal",PT,2026-10-11,1,https://www.aviasales.com/search/JFK1110OPO1?marker=741311
362,283,USD,MIA,JUL,"Juliaca, Peru",PE,2026-11-29,2,https://www.aviasales.com/search/MIA2911JUL1?marker=741311
363,283,USD,JFK,BHZ,"Belo Horizonte, Brazil",BR,2026-11-11,1,https://www.aviasales.com/search/JFK1111BHZ1?marker=741311
364,284,USD,MSP,FAR,"Fargo, United States",US,2026-10-13,2,https://www.aviasales.com/search/MSP1310FAR1?marker=741311
365,285,USD,SEA,PUW,"Pullman, United States",US,2026-10-17,0,https://www.aviasales.com/search/SEA1710PUW1?marker=741311
366,285,USD,MIA,MDZ,"Mendoza, Argentina",AR,2026-10-20,1,https://www.aviasales.com/search/MIA2010MDZ1?marker=741311
367,286,USD,ORD,FAI,"Fairbanks, United States",US,2026-12-30,1,https://www.aviasales.com/search/ORD3012FAI1?marker=741311
368,287,USD,SEA,YLW,"Kelowna, Canada",CA,2026-10-13,2,https://www.aviasales.com/search/SEA1310YLW1?marker=741311
369,288,USD,IAD,ITH,"Ithaca, United States",US,2026-11-01,0,https://www.aviasales.com/search/IAD0111ITH1?marker=741311
370,288,USD,JFK,BJS,"Beijing, China",CN,2027-01-17,1,https://www.aviasales.com/search/JFK1701BJS1?marker=741311
371,288,USD,JFK,GTF,"Great Falls, United States",US,2027-03-21,1,https://www.aviasales.com/search/JFK2103GTF1?marker=741311
372,288,USD,IAD,FNT,"Flint, United States",US,2026-11-24,2,https://www.aviasales.com/search/IAD2411FNT1?marker=741311
373,288,USD,BNA,IPT,"Williamsport, United States",US,2026-10-22,2,https://www.aviasales.com/search/BNA2210IPT1?marker=741311
374,290,USD,ATL,ASE,"Aspen, United States",US,2026-11-15,2,https://www.aviasales.com/search/ATL1511ASE1?marker=741311
375,291,USD,JFK,CAI,"Cairo, Egypt",EG,2026-10-20,1,https://www.aviasales.com/search/JFK2010CAI1?marker=741311
376,292,USD,ORD,DAY,"Dayton, United States",US,2026-10-14,1,https://www.aviasales.com/search/ORD1410DAY1?marker=741311
377,292,USD,IAD,HEL,"Helsinki, Finland",FI,2026-11-03,1,https://www.aviasales.com/search/IAD0311HEL1?marker=741311
378,292,USD,LAX,SUN,"Sun Valley, United States",US,2026-10-13,1,https://www.aviasales.com/search/LAX1310SUN1?marker=741311
379,295,USD,LAS,LTO,"Loreto, Mexico",MX,2026-10-31,2,https://www.aviasales.com/search/LAS3110LTO1?marker=741311
380,297,USD,JFK,LIS,"Lisbon, Portugal",PT,2026-10-23,1,https://www.aviasales.com/search/JFK2310LIS1?marker=741311
381,297,USD,DEN,PRC,"Prescott, United States",US,2026-10-17,0,https://www.aviasales.com/search/DEN1710PRC1?marker=741311
382,298,USD,ORD,MGA,"Managua, Nicaragua",NI,2027-01-20,2,https://www.aviasales.com/search/ORD2001MGA1?marker=741311
383,299,USD,JFK,EVN,"Yerevan, Armenia",AM,2026-10-18,1,https://www.aviasales.com/search/JFK1810EVN1?marker=741311
384,299,USD,JFK,DUS,"Dusseldorf, Germany",DE,2026-10-16,1,https://www.aviasales.com/search/JFK1610DUS1?marker=741311
385,299,USD,DTW,TVC,"Traverse City, United States",US,2026-10-13,2,https://www.aviasales.com/search/DTW1310TVC1?marker=741311
386,300,USD,JFK,CHO,"Charlottesville, United States",US,2026-10-14,1,https://www.aviasales.com/search/JFK1410CHO1?marker=741311
387,300,USD,JFK,NAP,"Naples, Italy",IT,2026-10-13,2,https://www.aviasales.com/search/JFK1310NAP1?marker=741311
388,301,USD,JFK,DXB,"Dubai, United Arab Emirates",AE,2026-11-26,1,https://www.aviasales.com/search/JFK2611DXB1?marker=741311
389,301,USD,SLC,CUL,"Culiacan, Mexico",MX,2026-11-15,2,https://www.aviasales.com/search/SLC1511CUL1?marker=741311
390,302,USD,JFK,REU,"Reus, Spain",ES,2026-10-20,1,https://www.aviasales.com/search/JFK2010REU1?marker=741311
391,303,USD,DEN,MLI,"Moline, United States",US,2026-10-12,2,https://www.aviasales.com/search/DEN1210MLI1?marker=741311
392,303,USD,JFK,BAK,"Baku, Azerbaijan",AZ,2026-10-23,1,https://www.aviasales.com/search/JFK2310BAK1?marker=741311
393,304,USD,DCA,CRW,"Charleston, United States",US,2026-10-15,1,https://www.aviasales.com/search/DCA1510CRW1?marker=741311
394,305,USD,ORD,BHM,"Birmingham, United States",US,2026-10-09,0,https://www.aviasales.com/search/ORD0910BHM1?marker=741311
395,305,USD,MIA,CMN,"Casablanca, Morocco",MA,2027-03-02,1,https://www.aviasales.com/search/MIA0203CMN1?marker=741311
396,305,USD,PHL,PKB,"Parkersburg, United States",US,2026-10-16,1,https://www.aviasales.com/search/PHL1610PKB1?marker=741311
397,306,USD,JFK,RIO,"Rio de Janeiro, Brazil",BR,2026-10-26,1,https://www.aviasales.com/search/JFK2610RIO1?marker=741311
398,306,USD,DEN,LNK,"Lincoln, United States",US,2026-10-16,2,https://www.aviasales.com/search/DEN1610LNK1?marker=741311
399,306,USD,LAX,CTM,"Chetumal, Mexico",MX,2026-10-22,1,https://www.aviasales.com/search/LAX2210CTM1?marker=741311
400,307,USD,PHX,GCN,"Grand Canyon, United States",US,2026-10-13,0,https://www.aviasales.com/search/PHX1310GCN1?marker=741311
401,308,USD,JFK,KUN,"Kaunas, Lithuania",LT,2026-10-17,1,https://www.aviasales.com/search/JFK1710KUN1?marker=741311
402,309,USD,JFK,TUN,"Tunis, Tunisia",TN,2026-10-16,1,https://www.aviasales.com/search/JFK1610TUN1?marker=741311
403,310,USD,ATL,FAY,"Fayetteville, United States",US,2026-10-11,1,https://www.aviasales.com/search/ATL1110FAY1?marker=741311
404,310,USD,SLC,MZT,"Mazatlan, Mexico",MX,2026-11-15,2,https://www.aviasales.com/search/SLC1511MZT1?marker=741311
405,311,USD,CLT,EGE,"Vail, United States",US,2026-10-15,1,https://www.aviasales.com/search/CLT1510EGE1?marker=741311
406,312,USD,LAX,GJT,"Grand Junction, United States",US,2026-10-13,1,https://www.aviasales.com/search/LAX1310GJT1?marker=741311
407,313,USD,MIA,NVT,"Navegantes, Brazil",BR,2027-03-15,2,https://www.aviasales.com/search/MIA1503NVT1?marker=741311
408,313,USD,IAD,IRK,"Kirksville, United States",US,2026-10-16,3,https://www.aviasales.com/search/IAD1610IRK1?marker=741311
409,315,USD,JFK,BFD,"Bradford, United States",US,2026-10-11,1,https://www.aviasales.com/search/JFK1110BFD1?marker=741311
410,315,USD,FLL,IAG,"Niagara Falls, United States",US,2026-12-21,2,https://www.aviasales.com/search/FLL2112IAG1?marker=741311
411,316,USD,ORD,KTM,"Kathmandu, Nepal",NP,2027-02-05,1,https://www.aviasales.com/search/ORD0502KTM1?marker=741311
412,316,USD,MIA,DOM,"Dominica, Dominica",DM,2026-10-24,1,https://www.aviasales.com/search/MIA2410DOM1?marker=741311
413,316,USD,PHL,AOO,"Altoona, United States",US,2026-10-17,1,https://www.aviasales.com/search/PHL1710AOO1?marker=741311
414,316,USD,MSP,PUB,"Pueblo, United States",US,2026-10-12,1,https://www.aviasales.com/search/MSP1210PUB1?marker=741311
415,319,USD,SFO,SIN,"Singapore, Singapore",SG,2027-03-16,0,https://www.aviasales.com/search/SFO1603SIN1?marker=741311
416,319,USD,DFW,LAR,"Laramie, United States",US,2026-10-14,1,https://www.aviasales.com/search/DFW1410LAR1?marker=741311
417,319,USD,SEA,CYS,"Cheyenne, United States",US,2026-10-14,2,https://www.aviasales.com/search/SEA1410CYS1?marker=741311
418,321,USD,IAD,GVA,"Geneva, Switzerland",CH,2026-11-11,2,https://www.aviasales.com/search/IAD1111GVA1?marker=741311
419,324,USD,MIA,OGL,"Georgetown, Guyana",GY,2026-10-16,1,https://www.aviasales.com/search/MIA1610OGL1?marker=741311
420,326,USD,JFK,BSB,"Brasilia, Brazil",BR,2026-10-23,1,https://www.aviasales.com/search/JFK2310BSB1?marker=741311
421,326,USD,MIA,TLL,"Tallinn, Estonia",EE,2027-04-07,1,https://www.aviasales.com/search/MIA0704TLL1?marker=741311
422,326,USD,BOS,FDF,"Fort-de-France, Martinique",MQ,2026-10-15,1,https://www.aviasales.com/search/BOS1510FDF1?marker=741311
423,328,USD,DCA,RIX,"Riga, Latvia",LV,2027-02-16,2,https://www.aviasales.com/search/DCA1602RIX1?marker=741311
424,330,USD,JFK,TBS,"Tbilisi, Georgia",GE,2026-10-19,1,https://www.aviasales.com/search/JFK1910TBS1?marker=741311
425,330,USD,DFW,CNM,"Carlsbad, United States",US,2026-10-12,1,https://www.aviasales.com/search/DFW1210CNM1?marker=741311
426,331,USD,JFK,PDL,"Ponta Delgada, Portugal",PT,2026-10-23,1,https://www.aviasales.com/search/JFK2310PDL1?marker=741311
427,332,USD,JFK,FAO,"Faro, Portugal",PT,2026-10-22,1,https://www.aviasales.com/search/JFK2210FAO1?marker=741311
428,332,USD,SFO,CRP,"Corpus Christi, United States",US,2026-10-18,1,https://www.aviasales.com/search/SFO1810CRP1?marker=741311
429,333,USD,MIA,PGD,"Punta Gorda, United States",US,2026-10-10,3,https://www.aviasales.com/search/MIA1010PGD1?marker=741311
430,333,USD,JFK,MED,"Medina, Saudi Arabia",SA,2027-02-22,1,https://www.aviasales.com/search/JFK2202MED1?marker=741311
431,333,USD,JFK,BIM,"Bimini, Bahamas",BS,2026-11-10,1,https://www.aviasales.com/search/JFK1011BIM1?marker=741311
432,334,USD,SFO,BLR,"Bengaluru, India",IN,2027-02-23,1,https://www.aviasales.com/search/SFO2302BLR1?marker=741311
433,334,USD,JFK,SZG,"Salzburg, Austria",AT,2026-10-18,2,https://www.aviasales.com/search/JFK1810SZG1?marker=741311
434,334,USD,JFK,UBS,"Columbus, United States",US,2026-10-14,1,https://www.aviasales.com/search/JFK1410UBS1?marker=741311
435,334,USD,SFO,PPT,"Papeete, French Polynesia",PF,2027-01-13,0,https://www.aviasales.com/search/SFO1301PPT1?marker=741311
436,336,USD,JFK,HYD,"Hyderabad, India",IN,2026-10-19,1,https://www.aviasales.com/search/JFK1910HYD1?marker=741311
437,336,USD,JFK,SKG,"Thessaloniki, Greece",GR,2026-10-23,1,https://www.aviasales.com/search/JFK2310SKG1?marker=741311
438,336,USD,JFK,CFU,"Kerkyra, Greece",GR,2026-10-08,1,https://www.aviasales.com/search/JFK0810CFU1?marker=741311
439,337,USD,MIA,GND,"St. George's, Grenada",GD,2026-12-10,1,https://www.aviasales.com/search/MIA1012GND1?marker=741311
440,338,USD,IAD,EAP,"Basel, Switzerland",CH,2026-11-10,3,https://www.aviasales.com/search/IAD1011EAP1?marker=741311
441,338,USD,RDU,OWB,"Owensboro, United States",US,2026-10-11,2,https://www.aviasales.com/search/RDU1110OWB1?marker=741311
442,339,USD,JFK,ZRH,"Zurich, Switzerland",CH,2026-12-02,1,https://www.aviasales.com/search/JFK0212ZRH1?marker=741311
443,339,USD,MCO,ALC,"Alicante, Spain",ES,2026-12-09,1,https://www.aviasales.com/search/MCO0912ALC1?marker=741311
444,339,USD,MIA,PMV,"Porlamar, Venezuela",VE,2027-01-18,1,https://www.aviasales.com/search/MIA1801PMV1?marker=741311
445,340,USD,JFK,JED,"Jeddah, Saudi Arabia",SA,2027-02-16,1,https://www.aviasales.com/search/JFK1602JED1?marker=741311
446,342,USD,JFK,IZM,"Izmir, Turkiye",TR,2026-10-15,1,https://www.aviasales.com/search/JFK1510IZM1?marker=741311
447,342,USD,JFK,WRO,"Wroclaw, Poland",PL,2026-11-09,1,https://www.aviasales.com/search/JFK0911WRO1?marker=741311
448,343,USD,MIA,BRC,"San Carlos de Bariloche, Argentina",AR,2027-03-01,2,https://www.aviasales.com/search/MIA0103BRC1?marker=741311
449,344,USD,JFK,BAY,"Baia Mare, Romania",RO,2026-10-11,2,https://www.aviasales.com/search/JFK1110BAY1?marker=741311
450,344,USD,LAX,BRI,"Bari, Italy",IT,2026-12-01,2,https://www.aviasales.com/search/LAX0112BRI1?marker=741311
451,345,USD,JFK,FWA,"Fort Wayne, United States",US,2027-01-01,1,https://www.aviasales.com/search/JFK0101FWA1?marker=741311
452,346,USD,JFK,RUH,"Riyadh, Saudi Arabia",SA,2027-02-15,1,https://www.aviasales.com/search/JFK1502RUH1?marker=741311
453,346,USD,JFK,DOH,"Doha, Qatar",QA,2027-02-09,1,https://www.aviasales.com/search/JFK0902DOH1?marker=741311
454,346,USD,MIA,IQT,"Iquitos, Peru",PE,2026-12-13,2,https://www.aviasales.com/search/MIA1312IQT1?marker=741311
455,346,USD,LAX,LNS,"Lancaster, United States",US,2026-10-16,2,https://www.aviasales.com/search/LAX1610LNS1?marker=741311
456,347,USD,ORD,MBS,"Saginaw, United States",US,2026-10-16,0,https://www.aviasales.com/search/ORD1610MBS1?marker=741311
457,347,USD,BOS,RAI,"Praia, Cape Verde",CV,2026-11-12,0,https://www.aviasales.com/search/BOS1211RAI1?marker=741311
458,348,USD,JFK,AGP,"Malaga, Spain",ES,2026-11-10,1,https://www.aviasales.com/search/JFK1011AGP1?marker=741311
459,348,USD,BOS,SCV,"Suceava, Romania",RO,2026-11-24,2,https://www.aviasales.com/search/BOS2411SCV1?marker=741311
460,348,USD,IAH,LCH,"Lake Charles, United States",US,2026-10-17,0,https://www.aviasales.com/search/IAH1710LCH1?marker=741311
461,348,USD,BNA,PAH,"Paducah, United States",US,2026-10-15,1,https://www.aviasales.com/search/BNA1510PAH1?marker=741311
462,349,USD,MCO,DBV,"Dubrovnik, Croatia",HR,2026-10-09,1,https://www.aviasales.com/search/MCO0910DBV1?marker=741311
463,349,USD,SEA,YXX,"Abbotsford, Canada",CA,2026-10-17,1,https://www.aviasales.com/search/SEA1710YXX1?marker=741311
464,349,USD,CLT,SVC,"Silver City, United States",US,2026-10-17,2,https://www.aviasales.com/search/CLT1710SVC1?marker=741311
465,350,USD,DFW,DLH,"Duluth, United States",US,2026-11-05,1,https://www.aviasales.com/search/DFW0511DLH1?marker=741311
466,351,USD,PHL,MGW,"Morgantown, United States",US,2026-10-12,1,https://www.aviasales.com/search/PHL1210MGW1?marker=741311
467,353,USD,MCO,VLC,"Valencia, Spain",ES,2026-10-24,1,https://www.aviasales.com/search/MCO2410VLC1?marker=741311
468,354,USD,MIA,CUR,"Curacao, Curaçao",CW,2027-02-04,0,https://www.aviasales.com/search/MIA0402CUR1?marker=741311
469,355,USD,MIA,CCS,"Caracas, Venezuela",VE,2026-10-30,3,https://www.aviasales.com/search/MIA3010CCS1?marker=741311
470,356,USD,JFK,BIO,"Bilbao, Spain",ES,2027-02-02,2,https://www.aviasales.com/search/JFK0202BIO1?marker=741311
471,357,USD,PHL,YQB,"Quebec, Canada",CA,2026-11-26,2,https://www.aviasales.com/search/PHL2611YQB1?marker=741311
472,358,USD,JFK,CLJ,"Cluj-Napoca, Romania",RO,2026-11-08,2,https://www.aviasales.com/search/JFK0811CLJ1?marker=741311
473,359,USD,ORD,JBR,"Jonesboro, United States",US,2026-10-12,2,https://www.aviasales.com/search/ORD1210JBR1?marker=741311
474,360,USD,LAS,BIH,"Bishop, United States",US,2026-10-12,1,https://www.aviasales.com/search/LAS1210BIH1?marker=741311
475,360,USD,LAX,ORK,"Cork, Ireland",IE,2026-12-10,2,https://www.aviasales.com/search/LAX1012ORK1?marker=741311
476,361,USD,BOS,REK,"Reykjavik, Iceland",IS,2026-12-16,0,https://www.aviasales.com/search/BOS1612REK1?marker=741311
477,361,USD,MCO,BLQ,"Bologna, Italy",IT,2026-10-24,2,https://www.aviasales.com/search/MCO2410BLQ1?marker=741311
478,362,USD,SFO,LPB,"La Paz, Bolivia",BO,2026-11-14,2,https://www.aviasales.com/search/SFO1411LPB1?marker=741311
479,363,USD,ORD,WYS,"West Yellowstone, United States",US,2026-10-11,1,https://www.aviasales.com/search/ORD1110WYS1?marker=741311
480,363,USD,ORD,BTM,"Butte, United States",US,2026-10-13,1,https://www.aviasales.com/search/ORD1310BTM1?marker=741311
481,363,USD,SFO,DEL,"New Delhi, India",IN,2027-04-07,1,https://www.aviasales.com/search/SFO0704DEL1?marker=741311
482,363,USD,JFK,PMI,"Palma, Spain",ES,2027-02-01,2,https://www.aviasales.com/search/JFK0102PMI1?marker=741311
483,363,USD,MCO,COR,"Cordoba, Argentina",AR,2026-10-28,3,https://www.aviasales.com/search/MCO2810COR1?marker=741311
484,365,USD,SEA,HKT,"Phuket, Thailand",TH,2026-11-29,1,https://www.aviasales.com/search/SEA2911HKT1?marker=741311
485,366,USD,LAX,NKG,"Nanjing, China",CN,2026-11-01,1,https://www.aviasales.com/search/LAX0111NKG1?marker=741311
486,369,USD,LAX,SHA,"Shanghai, China",CN,2026-10-27,1,https://www.aviasales.com/search/LAX2710SHA1?marker=741311
487,370,USD,ORD,YKF,"Kitchener, Canada",CA,2026-10-11,1,https://www.aviasales.com/search/ORD1110YKF1?marker=741311
488,370,USD,LAX,SJW,"Shijiazhuang, China",CN,2026-11-17,2,https://www.aviasales.com/search/LAX1711SJW1?marker=741311
489,370,USD,MCO,AHO,"Alghero, Italy",IT,2026-10-21,2,https://www.aviasales.com/search/MCO2110AHO1?marker=741311
490,371,USD,JFK,GZP,"Alanya, Turkiye",TR,2026-10-21,3,https://www.aviasales.com/search/JFK2110GZP1?marker=741311
491,373,USD,FLL,GLA,"Glasgow, United Kingdom",GB,2027-01-14,2,https://www.aviasales.com/search/FLL1401GLA1?marker=741311
492,373,USD,DFW,HYS,"Hays, United States",US,2026-10-16,1,https://www.aviasales.com/search/DFW1610HYS1?marker=741311
493,375,USD,LAX,HAM,"Hamburg, Germany",DE,2026-12-12,2,https://www.aviasales.com/search/LAX1212HAM1?marker=741311
494,375,USD,JFK,ORN,"Oran, Algeria",DZ,2027-01-12,2,https://www.aviasales.com/search/JFK1201ORN1?marker=741311
495,376,USD,LAX,KUL,"Kuala Lumpur, Malaysia",MY,2027-01-06,2,https://www.aviasales.com/search/LAX0601KUL1?marker=741311
496,376,USD,JFK,BOM,"Mumbai, India",IN,2026-10-08,1,https://www.aviasales.com/search/JFK0810BOM1?marker=741311
497,376,USD,MIA,SCU,"Santiago, Cuba",CU,2027-03-15,0,https://www.aviasales.com/search/MIA1503SCU1?marker=741311
498,376,USD,JFK,PMO,"Palermo, Italy",IT,2026-10-28,2,https://www.aviasales.com/search/JFK2810PMO1?marker=741311
499,378,USD,IAH,SLN,"Salina, United States",US,2026-10-11,0,https://www.aviasales.com/search/IAH1110SLN1?marker=741311
500,379,USD,ATL,TIA,"Tirana, Albania",AL,2026-11-04,3,https://www.aviasales.com/search/ATL0411TIA1?marker=741311
501,381,USD,ORD,MRS,"Marseille, France",FR,2026-10-10,2,https://www.aviasales.com/search/ORD1010MRS1?marker=741311
502,381,USD,BOS,VRN,"Verona, Italy",IT,2026-12-04,2,https://www.aviasales.com/search/BOS0412VRN1?marker=741311
503,381,USD,DFW,LUL,"Laurel, United States",US,2026-10-10,1,https://www.aviasales.com/search/DFW1010LUL1?marker=741311
504,381,USD,CLT,JST,"Johnstown, United States",US,2026-10-15,1,https://www.aviasales.com/search/CLT1510JST1?marker=741311
505,382,USD,JFK,BTS,"Bratislava, Slovakia",SK,2026-12-08,1,https://www.aviasales.com/search/JFK0812BTS1?marker=741311
506,382,USD,BNA,ACT,"Waco, United States",US,2026-10-13,1,https://www.aviasales.com/search/BNA1310ACT1?marker=741311
507,384,USD,JFK,COV,"Mersin, Turkiye",TR,2026-10-17,2,https://www.aviasales.com/search/JFK1710COV1?marker=741311
508,386,USD,JFK,FUE,"Puerto del Rosario, Spain",ES,2026-11-16,1,https://www.aviasales.com/search/JFK1611FUE1?marker=741311
509,387,USD,JFK,LED,"Saint Petersburg, Russia",RU,2026-10-20,2,https://www.aviasales.com/search/JFK2010LED1?marker=741311
510,388,USD,DFW,SIA,"Xian, China",CN,2027-02-05,1,https://www.aviasales.com/search/DFW0502SIA1?marker=741311
511,388,USD,MIA,AXA,"Anguilla, Anguilla",AI,2027-01-07,0,https://www.aviasales.com/search/MIA0701AXA1?marker=741311
512,388,USD,BOS,YQM,"Moncton, Canada",CA,2026-10-15,1,https://www.aviasales.com/search/BOS1510YQM1?marker=741311
513,388,USD,LAS,CVN,"Clovis, United States",US,2026-10-16,2,https://www.aviasales.com/search/LAS1610CVN1?marker=741311
514,391,USD,LAX,OSA,"Osaka, Japan",JP,2026-10-28,1,https://www.aviasales.com/search/LAX2810OSA1?marker=741311
515,391,USD,IAD,NBO,"Nairobi, Kenya",KE,2026-11-10,1,https://www.aviasales.com/search/IAD1011NBO1?marker=741311
516,391,USD,JFK,YWG,"Winnipeg, Canada",CA,2026-11-15,3,https://www.aviasales.com/search/JFK1511YWG1?marker=741311
517,392,USD,LAX,LPA,"Las Palmas, Spain",ES,2027-02-10,2,https://www.aviasales.com/search/LAX1002LPA1?marker=741311
518,392,USD,JFK,SNN,"Shannon, Ireland",IE,2026-12-29,2,https://www.aviasales.com/search/JFK2912SNN1?marker=741311
519,393,USD,MIA,SNU,"Santa Clara, Cuba",CU,2026-12-07,0,https://www.aviasales.com/search/MIA0712SNU1?marker=741311
520,393,USD,LAX,SYX,"Sanya, China",CN,2026-10-27,1,https://www.aviasales.com/search/LAX2710SYX1?marker=741311
521,394,USD,JFK,GNJ,"Ganja, Azerbaijan",AZ,2026-10-18,2,https://www.aviasales.com/search/JFK1810GNJ1?marker=741311
522,394,USD,JFK,TIV,"Tivat, Montenegro",ME,2026-10-16,2,https://www.aviasales.com/search/JFK1610TIV1?marker=741311
523,395,USD,LAX,CAN,"Guangzhou, China",CN,2026-11-17,1,https://www.aviasales.com/search/LAX1711CAN1?marker=741311
524,395,USD,DEN,HHH,"Hilton Head, United States",US,2026-10-17,1,https://www.aviasales.com/search/DEN1710HHH1?marker=741311
525,397,USD,ORD,TAS,"Tashkent, Uzbekistan",UZ,2026-11-10,1,https://www.aviasales.com/search/ORD1011TAS1?marker=741311
526,397,USD,MIA,MGM,"Montgomery, United States",US,2026-10-17,1,https://www.aviasales.com/search/MIA1710MGM1?marker=741311
527,399,USD,JFK,ISB,"Islamabad, Pakistan",PK,2026-10-31,1,https://www.aviasales.com/search/JFK3110ISB1?marker=741311
528,399,USD,LAX,NOB,"Nosara Beach, Costa Rica",CR,2026-11-02,2,https://www.aviasales.com/search/LAX0211NOB1?marker=741311
529,400,USD,LAX,JKT,"Jakarta, Indonesia",ID,2026-11-30,1,https://www.aviasales.com/search/LAX3011JKT1?marker=741311
530,400,USD,MCO,FLN,"Florianopolis, Brazil",BR,2026-10-30,2,https://www.aviasales.com/search/MCO3010FLN1?marker=741311
531,401,USD,MCO,FLR,"Florence, Italy",IT,2026-10-23,1,https://www.aviasales.com/search/MCO2310FLR1?marker=741311
532,401,USD,MIA,PMF,"Parma, Italy",IT,2026-11-25,3,https://www.aviasales.com/search/MIA2511PMF1?marker=741311
533,401,USD,DCA,ALY,"Alexandria, Egypt",EG,2026-10-22,2,https://www.aviasales.com/search/DCA2210ALY1?marker=741311
534,402,USD,ORD,VAR,"Varna, Bulgaria",BG,2026-10-22,2,https://www.aviasales.com/search/ORD2210VAR1?marker=741311
535,402,USD,JFK,BSZ,"Bishkek, Kyrgyzstan",KG,2026-10-20,3,https://www.aviasales.com/search/JFK2010BSZ1?marker=741311
536,402,USD,MIA,ASU,"Asuncion, Paraguay",PY,2026-11-09,1,https://www.aviasales.com/search/MIA0911ASU1?marker=741311
537,403,USD,MIA,BON,"Kralendijk, Caribbean Netherlands",BQ,2027-01-18,0,https://www.aviasales.com/search/MIA1801BON1?marker=741311
538,405,USD,LAX,LUX,"Luxembourg, Luxembourg",LU,2027-03-25,1,https://www.aviasales.com/search/LAX2503LUX1?marker=741311
539,405,USD,SFO,CNX,"Chiang Mai, Thailand",TH,2026-12-07,1,https://www.aviasales.com/search/SFO0712CNX1?marker=741311
540,406,USD,SFO,MAA,"Chennai, India",IN,2027-04-03,1,https://www.aviasales.com/search/SFO0304MAA1?marker=741311
541,406,USD,DEN,LYH,"Lynchburg, United States",US,2026-10-17,1,https://www.aviasales.com/search/DEN1710LYH1?marker=741311
542,407,USD,ORD,CMI,"Champaign, United States",US,2026-10-13,0,https://www.aviasales.com/search/ORD1310CMI1?marker=741311
543,409,USD,JFK,BHX,"Birmingham, United Kingdom",GB,2027-03-13,1,https://www.aviasales.com/search/JFK1303BHX1?marker=741311
544,410,USD,JFK,BAH,"Manama, Bahrain",BH,2026-10-14,1,https://www.aviasales.com/search/JFK1410BAH1?marker=741311
545,410,USD,PHL,YGK,"Kingston, Canada",CA,2026-10-16,1,https://www.aviasales.com/search/PHL1610YGK1?marker=741311
546,411,USD,LAX,CTU,"Chengdu, China",CN,2026-11-22,0,https://www.aviasales.com/search/LAX2211CTU1?marker=741311
547,411,USD,BOS,ANK,"Ankara, Turkiye",TR,2026-12-13,2,https://www.aviasales.com/search/BOS1312ANK1?marker=741311
548,413,USD,RDU,ART,"Watertown, United States",US,2026-10-13,2,https://www.aviasales.com/search/RDU1310ART1?marker=741311
549,413,USD,LAX,AKL,"Auckland, New Zealand",NZ,2026-10-20,1,https://www.aviasales.com/search/LAX2010AKL1?marker=741311
550,413,USD,JFK,PNH,"Phnom Penh, Cambodia",KH,2026-11-08,2,https://www.aviasales.com/search/JFK0811PNH1?marker=741311
551,414,USD,JFK,AUH,"Abu Dhabi, United Arab Emirates",AE,2026-10-14,2,https://www.aviasales.com/search/JFK1410AUH1?marker=741311
552,414,USD,ATL,PHF,"Newport News, United States",US,2026-10-15,1,https://www.aviasales.com/search/ATL1510PHF1?marker=741311
553,414,USD,CLT,CMW,"Camaguey, Cuba",CU,2026-12-01,1,https://www.aviasales.com/search/CLT0112CMW1?marker=741311
554,416,USD,JFK,BUS,"Batumi, Georgia",GE,2026-10-10,2,https://www.aviasales.com/search/JFK1010BUS1?marker=741311
555,417,USD,LAX,NAN,"Nadi, Fiji",FJ,2027-03-27,0,https://www.aviasales.com/search/LAX2703NAN1?marker=741311
556,417,USD,JFK,CIX,"Chiclayo, Peru",PE,2026-10-29,2,https://www.aviasales.com/search/JFK2910CIX1?marker=741311
557,418,USD,LAX,KMI,"Miyazaki, Japan",JP,2026-12-03,2,https://www.aviasales.com/search/LAX0312KMI1?marker=741311
558,419,USD,IAD,CMX,"Hancock, United States",US,2026-10-17,1,https://www.aviasales.com/search/IAD1710CMX1?marker=741311
559,422,USD,JFK,SPC,"Santa Cruz De La Palma, Spain",ES,2027-01-06,2,https://www.aviasales.com/search/JFK0601SPC1?marker=741311
560,422,USD,LAX,YUM,"Yuma, United States",US,2026-10-17,1,https://www.aviasales.com/search/LAX1710YUM1?marker=741311
561,424,USD,JFK,PSG,"Petersburg, United States",US,2026-11-01,1,https://www.aviasales.com/search/JFK0111PSG1?marker=741311
562,424,USD,ATL,ILE,"Killeen, United States",US,2026-10-11,2,https://www.aviasales.com/search/ATL1110ILE1?marker=741311
563,424,USD,IAH,SJT,"San Angelo, United States",US,2026-10-12,1,https://www.aviasales.com/search/IAH1210SJT1?marker=741311
564,424,USD,LAX,HRB,"Harbin, China",CN,2026-10-25,1,https://www.aviasales.com/search/LAX2510HRB1?marker=741311
565,425,USD,AUS,TYR,"Tyler, United States",US,2026-10-12,1,https://www.aviasales.com/search/AUS1210TYR1?marker=741311
566,426,USD,JFK,ESU,"Essaouira, Morocco",MA,2026-10-15,2,https://www.aviasales.com/search/JFK1510ESU1?marker=741311
567,430,USD,IAH,LAW,"Lawton, United States",US,2026-10-08,1,https://www.aviasales.com/search/IAH0810LAW1?marker=741311
568,432,USD,LAX,NHA,"Nha Trang, Vietnam",VN,2026-11-29,2,https://www.aviasales.com/search/LAX2911NHA1?marker=741311
569,433,USD,ORD,MVD,"Montevideo, Uruguay",UY,2026-12-30,2,https://www.aviasales.com/search/ORD3012MVD1?marker=741311
570,433,USD,FLL,MPL,"Montpellier, France",FR,2026-12-02,2,https://www.aviasales.com/search/FLL0212MPL1?marker=741311
571,434,USD,JFK,LHE,"Lahore, Pakistan",PK,2027-03-25,1,https://www.aviasales.com/search/JFK2503LHE1?marker=741311
572,435,USD,ATL,RST,"Rochester, United States",US,2026-10-08,1,https://www.aviasales.com/search/ATL0810RST1?marker=741311
573,435,USD,PDX,ACV,"Arcata, United States",US,2026-10-14,1,https://www.aviasales.com/search/PDX1410ACV1?marker=741311
574,438,USD,BNA,TXK,"Texarkana, United States",US,2026-10-14,1,https://www.aviasales.com/search/BNA1410TXK1?marker=741311
575,439,USD,JFK,MOW,"Moscow, Russia",RU,2026-10-11,2,https://www.aviasales.com/search/JFK1110MOW1?marker=741311
576,439,USD,JFK,NQZ,"Astana, Kazakhstan",KZ,2026-10-15,2,https://www.aviasales.com/search/JFK1510NQZ1?marker=741311
577,439,USD,MIA,SLU,"Castries, Saint Lucia",LC,2027-01-02,0,https://www.aviasales.com/search/MIA0201SLU1?marker=741311
578,439,USD,DFW,CLL,"College Station, United States",US,2026-10-17,0,https://www.aviasales.com/search/DFW1710CLL1?marker=741311
579,441,USD,IAD,FNC,"Funchal, Portugal",PT,2026-11-02,3,https://www.aviasales.com/search/IAD0211FNC1?marker=741311
580,441,USD,JFK,MUX,"Multan, Pakistan",PK,2027-03-10,1,https://www.aviasales.com/search/JFK1003MUX1?marker=741311
581,442,USD,JFK,SHJ,"Sharjah, United Arab Emirates",AE,2026-10-25,2,https://www.aviasales.com/search/JFK2510SHJ1?marker=741311
582,442,USD,ATL,TLS,"Toulouse, France",FR,2026-12-05,2,https://www.aviasales.com/search/ATL0512TLS1?marker=741311
583,442,USD,SEA,YKA,"Kamloops, Canada",CA,2026-10-15,1,https://www.aviasales.com/search/SEA1510YKA1?marker=741311
584,443,USD,JFK,AER,"Adler/Sochi, Russia",RU,2026-10-13,2,https://www.aviasales.com/search/JFK1310AER1?marker=741311
585,445,USD,JFK,ILG,"Wilmington, United States",US,2026-10-14,1,https://www.aviasales.com/search/JFK1410ILG1?marker=741311
586,446,USD,PHX,TCO,"Tumaco, Colombia",CO,2026-10-30,3,https://www.aviasales.com/search/PHX3010TCO1?marker=741311
587,446,USD,SEA,YXC,"Cranbrook, Canada",CA,2026-10-12,1,https://www.aviasales.com/search/SEA1210YXC1?marker=741311
588,449,USD,JFK,KRR,"Krasnodar, Russia",RU,2026-10-11,2,https://www.aviasales.com/search/JFK1110KRR1?marker=741311
589,449,USD,MIA,HAJ,"Hannover, Germany",DE,2026-10-26,1,https://www.aviasales.com/search/MIA2610HAJ1?marker=741311
590,451,USD,ORD,SXB,"Strasbourg, France",FR,2026-12-24,1,https://www.aviasales.com/search/ORD2412SXB1?marker=741311
591,453,USD,MIA,RBA,"Rabat, Morocco",MA,2026-11-22,2,https://www.aviasales.com/search/MIA2211RBA1?marker=741311
592,453,USD,SEA,PQC,"Phu Quoc, Vietnam",VN,2027-03-08,1,https://www.aviasales.com/search/SEA0803PQC1?marker=741311
593,453,USD,PDX,RKD,"Rockland, United States",US,2026-10-12,2,https://www.aviasales.com/search/PDX1210RKD1?marker=741311
594,455,USD,JFK,ERI,"Erie, United States",US,2026-10-16,1,https://www.aviasales.com/search/JFK1610ERI1?marker=741311
595,456,USD,SEA,OGZ,"Vladikavkaz, Russia",RU,2026-10-26,3,https://www.aviasales.com/search/SEA2610OGZ1?marker=741311
596,456,USD,JFK,VIX,"Vitoria, Brazil",BR,2026-11-03,2,https://www.aviasales.com/search/JFK0311VIX1?marker=741311
597,457,USD,JFK,PGV,"Greenville, United States",US,2026-10-13,1,https://www.aviasales.com/search/JFK1310PGV1?marker=741311
598,457,USD,MCO,BOD,"Bordeaux, France",FR,2026-10-21,2,https://www.aviasales.com/search/MCO2110BOD1?marker=741311
599,458,USD,JFK,ABJ,"Abidjan, Ivory Coast",CI,2027-01-31,1,https://www.aviasales.com/search/JFK3101ABJ1?marker=741311
600,458,USD,DEN,CUZ,"Cusco, Peru",PE,2026-12-15,2,https://www.aviasales.com/search/DEN1512CUZ1?marker=741311
601,458,USD,SFO,CSX,"Changsha, China",CN,2026-11-10,3,https://www.aviasales.com/search/SFO1011CSX1?marker=741311
602,458,USD,FLL,JLN,"Joplin, United States",US,2026-10-17,1,https://www.aviasales.com/search/FLL1710JLN1?marker=741311
603,459,USD,DFW,ABI,"Abilene, United States",US,2026-10-11,0,https://www.aviasales.com/search/DFW1110ABI1?marker=741311
604,459,USD,LAX,UBN,"Ulaanbaatar, Mongolia",MN,2026-10-27,1,https://www.aviasales.com/search/LAX2710UBN1?marker=741311
605,459,USD,LAX,CJU,"Jeju, South Korea",KR,2026-11-23,1,https://www.aviasales.com/search/LAX2311CJU1?marker=741311
606,461,USD,ORD,GOT,"Gothenburg, Sweden",SE,2026-10-10,1,https://www.aviasales.com/search/ORD1010GOT1?marker=741311
607,461,USD,JFK,SDR,"Santander, Spain",ES,2026-12-15,2,https://www.aviasales.com/search/JFK1512SDR1?marker=741311
608,462,USD,LAX,YZZ,"Trail, Canada",CA,2026-10-15,2,https://www.aviasales.com/search/LAX1510YZZ1?marker=741311
609,463,USD,IAD,BGW,"Baghdad, Iraq",IQ,2027-02-27,3,https://www.aviasales.com/search/IAD2702BGW1?marker=741311
610,464,USD,LAX,ALA,"Almaty, Kazakhstan",KZ,2026-11-30,1,https://www.aviasales.com/search/LAX3011ALA1?marker=741311
611,465,USD,BOS,SID,"Sal, Cape Verde",CV,2027-01-18,1,https://www.aviasales.com/search/BOS1801SID1?marker=741311
612,465,USD,MCO,RMI,"Rimini, Italy",IT,2026-10-21,3,https://www.aviasales.com/search/MCO2110RMI1?marker=741311
613,465,USD,SFO,DRS,"Dresden, Germany",DE,2026-11-05,1,https://www.aviasales.com/search/SFO0511DRS1?marker=741311
614,466,USD,LAX,SYD,"Sydney, Australia",AU,2026-10-15,1,https://www.aviasales.com/search/LAX1510SYD1?marker=741311
615,466,USD,BOS,MFM,"Macau, Macau",MO,2027-01-19,2,https://www.aviasales.com/search/BOS1901MFM1?marker=741311
616,467,USD,SEA,PPG,"Pago Pago, American Samoa",AS,2026-11-05,1,https://www.aviasales.com/search/SEA0511PPG1?marker=741311
617,468,USD,JFK,HRG,"Hurghada, Egypt",EG,2027-01-06,2,https://www.aviasales.com/search/JFK0601HRG1?marker=741311
618,470,USD,SEA,YBL,"Campbell River, Canada",CA,2026-10-11,1,https://www.aviasales.com/search/SEA1110YBL1?marker=741311
619,470,USD,PHL,HYA,"Hyannis, United States",US,2026-10-16,3,https://www.aviasales.com/search/PHL1610HYA1?marker=741311
620,472,USD,JFK,DTM,"Dortmund, Germany",DE,2026-10-27,2,https://www.aviasales.com/search/JFK2710DTM1?marker=741311
621,474,USD,LAS,PLJ,"Placencia, Belize",BZ,2026-10-11,2,https://www.aviasales.com/search/LAS1110PLJ1?marker=741311
622,475,USD,ATL,PRN,"Pristina, Kosovo",XK,2026-12-30,3,https://www.aviasales.com/search/ATL3012PRN1?marker=741311
623,475,USD,JFK,URA,"Oral, Kazakhstan",KZ,2026-10-15,2,https://www.aviasales.com/search/JFK1510URA1?marker=741311
624,476,USD,MIA,ZAG,"Zagreb, Croatia",HR,2026-10-13,1,https://www.aviasales.com/search/MIA1310ZAG1?marker=741311
625,476,USD,JFK,DLI,"Dalat, Vietnam",VN,2026-11-11,2,https://www.aviasales.com/search/JFK1111DLI1?marker=741311
626,476,USD,JFK,CGO,"Zhengzhou, China",CN,2026-11-23,1,https://www.aviasales.com/search/JFK2311CGO1?marker=741311
627,477,USD,SEA,LFT,"Lafayette, United States",US,2026-10-17,1,https://www.aviasales.com/search/SEA1710LFT1?marker=741311
628,478,USD,LAX,KUA,"Kuantan, Malaysia",MY,2027-01-06,3,https://www.aviasales.com/search/LAX0601KUA1?marker=741311
629,478,USD,CLT,ROA,"Roanoke, United States",US,2026-10-12,0,https://www.aviasales.com/search/CLT1210ROA1?marker=741311
630,479,USD,JFK,MRV,"Mineralnye Vody, Russia",RU,2026-10-20,3,https://www.aviasales.com/search/JFK2010MRV1?marker=741311
631,479,USD,IAD,OKA,"Okinawa, Japan",JP,2026-11-13,2,https://www.aviasales.com/search/IAD1311OKA1?marker=741311
632,480,USD,LAS,BRN,"Bern, Switzerland",CH,2026-11-02,2,https://www.aviasales.com/search/LAS0211BRN1?marker=741311
633,481,USD,PDX,YXS,"Prince George, Canada",CA,2026-10-13,2,https://www.aviasales.com/search/PDX1310YXS1?marker=741311
634,482,USD,MIA,USH,"Ushuaia, Argentina",AR,2026-12-24,1,https://www.aviasales.com/search/MIA2412USH1?marker=741311
635,482,USD,JFK,AXM,"Armenia, Colombia",CO,2026-12-15,2,https://www.aviasales.com/search/JFK1512AXM1?marker=741311
636,483,USD,MIA,CYA,"Les Cayes, Haiti",HT,2026-11-01,1,https://www.aviasales.com/search/MIA0111CYA1?marker=741311
637,485,USD,JFK,KZN,"Kazan, Russia",RU,2026-10-24,4,https://www.aviasales.com/search/JFK2410KZN1?marker=741311
638,485,USD,DTW,FLO,"Florence, United States",US,2026-10-15,1,https://www.aviasales.com/search/DTW1510FLO1?marker=741311
639,488,USD,MIA,SKB,"Basseterre, Saint Kitts and Nevis",KN,2027-01-07,0,https://www.aviasales.com/search/MIA0701SKB1?marker=741311
640,488,USD,JFK,FSM,"Fort Smith, United States",US,2026-11-06,1,https://www.aviasales.com/search/JFK0611FSM1?marker=741311
641,491,USD,LAX,KBV,"Krabi, Thailand",TH,2026-11-09,2,https://www.aviasales.com/search/LAX0911KBV1?marker=741311
642,494,USD,MIA,FOR,"Fortaleza, Brazil",BR,2026-10-23,1,https://www.aviasales.com/search/MIA2310FOR1?marker=741311
643,494,USD,MSP,YBR,"Brandon, Canada",CA,2026-10-15,2,https://www.aviasales.com/search/MSP1510YBR1?marker=741311
644,495,USD,JFK,MCX,"Makhachkala, Russia",RU,2026-10-22,2,https://www.aviasales.com/search/JFK2210MCX1?marker=741311
645,496,USD,FLL,NEV,"Nevis, Saint Kitts and Nevis",KN,2027-01-07,2,https://www.aviasales.com/search/FLL0701NEV1?marker=741311
646,497,USD,LAX,SZX,"Shenzhen, China",CN,2027-01-10,1,https://www.aviasales.com/search/LAX1001SZX1?marker=741311
647,497,USD,MCO,GRX,"Granada, Spain",ES,2026-10-21,2,https://www.aviasales.com/search/MCO2110GRX1?marker=741311
648,498,USD,MCO,SOU,"Southampton, United Kingdom",GB,2027-03-21,2,https://www.aviasales.com/search/MCO2103SOU1?marker=741311
649,499,USD,JFK,GOJ,"Nizhniy Novgorod, Russia",RU,2026-10-20,3,https://www.aviasales.com/search/JFK2010GOJ1?marker=741311
650,506,USD,FLL,PAP,"Port-au-Prince, Haiti",HT,2026-10-22,1,https://www.aviasales.com/search/FLL2210PAP1?marker=741311
651,507,USD,SEA,MES,"Medan, Indonesia",ID,2027-04-08,1,https://www.aviasales.com/search/SEA0804MES1?marker=741311
652,507,USD,CLT,AOI,"Ancona, Italy",IT,2026-10-12,2,https://www.aviasales.com/search/CLT1210AOI1?marker=741311
653,510,USD,JFK,MCT,"Muscat, Oman",OM,2026-12-02,1,https://www.aviasales.com/search/JFK0212MCT1?marker=741311
654,510,USD,JFK,VRA,"Varadero, Cuba",CU,2027-02-06,1,https://www.aviasales.com/search/JFK0602VRA1?marker=741311
655,513,USD,BOS,GUW,"Atyrau, Kazakhstan",KZ,2027-01-24,3,https://www.aviasales.com/search/BOS2401GUW1?marker=741311
656,515,USD,ORD,TRN,"Turin, Italy",IT,2026-10-10,2,https://www.aviasales.com/search/ORD1010TRN1?marker=741311
657,516,USD,BOS,AKX,"Aktobe, Kazakhstan",KZ,2026-10-25,3,https://www.aviasales.com/search/BOS2510AKX1?marker=741311
658,516,USD,JFK,ASF,"Astrakhan, Russia",RU,2026-10-19,2,https://www.aviasales.com/search/JFK1910ASF1?marker=741311
659,518,USD,FLL,SBH,"Saint Barthelemy, Guadeloupe",GP,2027-01-07,2,https://www.aviasales.com/search/FLL0701SBH1?marker=741311
660,520,USD,DFW,CKG,"Chongqing, China",CN,2026-11-30,1,https://www.aviasales.com/search/DFW3011CKG1?marker=741311
661,520,USD,JFK,CHQ,"Chania, Greece",GR,2026-11-03,2,https://www.aviasales.com/search/JFK0311CHQ1?marker=741311
662,522,USD,MSP,ADD,"Addis Ababa, Ethiopia",ET,2027-01-05,1,https://www.aviasales.com/search/MSP0501ADD1?marker=741311
663,522,USD,LAX,MEL,"Melbourne, Australia",AU,2026-10-26,1,https://www.aviasales.com/search/LAX2610MEL1?marker=741311
664,525,USD,BNA,CIT,"Shymkent, Kazakhstan",KZ,2027-01-20,3,https://www.aviasales.com/search/BNA2001CIT1?marker=741311
665,525,USD,LAX,PPS,"Puerto Princesa, Philippines",PH,2026-11-11,2,https://www.aviasales.com/search/LAX1111PPS1?marker=741311
666,529,USD,LAX,VVO,"Vladivostok, Russia",RU,2026-11-06,2,https://www.aviasales.com/search/LAX0611VVO1?marker=741311
667,530,USD,JFK,KUF,"Samara, Russia",RU,2026-10-17,3,https://www.aviasales.com/search/JFK1710KUF1?marker=741311
668,530,USD,JFK,GOI,"Goa, India",IN,2026-10-17,3,https://www.aviasales.com/search/JFK1710GOI1?marker=741311
669,530,USD,LAX,LGG,"Liege, Belgium",BE,2026-10-29,2,https://www.aviasales.com/search/LAX2910LGG1?marker=741311
670,531,USD,JFK,SVX,"Yekaterinburg, Russia",RU,2026-10-20,3,https://www.aviasales.com/search/JFK2010SVX1?marker=741311
671,531,USD,ATL,AGB,"Augsburg, Germany",DE,2026-11-04,1,https://www.aviasales.com/search/ATL0411AGB1?marker=741311
672,531,USD,SFO,MTT,"Minatitlan, Mexico",MX,2026-10-16,3,https://www.aviasales.com/search/SFO1610MTT1?marker=741311
673,535,USD,JFK,MSQ,"Minsk, Belarus",BY,2026-10-18,3,https://www.aviasales.com/search/JFK1810MSQ1?marker=741311
674,536,USD,ORD,YQT,"Thunder Bay, Canada",CA,2026-10-13,1,https://www.aviasales.com/search/ORD1310YQT1?marker=741311
675,536,USD,BNA,STR,"Stuttgart, Germany",DE,2026-12-24,3,https://www.aviasales.com/search/BNA2412STR1?marker=741311
676,537,USD,JFK,CEK,"Chelyabinsk, Russia",RU,2026-10-20,3,https://www.aviasales.com/search/JFK2010CEK1?marker=741311
677,538,USD,JFK,JAI,"Jaipur, India",IN,2026-11-06,1,https://www.aviasales.com/search/JFK0611JAI1?marker=741311
678,538,USD,LAX,KWI,"Kuwait City, Kuwait",KW,2026-11-06,2,https://www.aviasales.com/search/LAX0611KWI1?marker=741311
679,541,USD,SFO,GGG,"Longview, United States",US,2026-10-09,1,https://www.aviasales.com/search/SFO0910GGG1?marker=741311
680,544,USD,JFK,SKD,"Samarkand, Uzbekistan",UZ,2026-10-11,3,https://www.aviasales.com/search/JFK1110SKD1?marker=741311
681,544,USD,JFK,DRO,"Durango, United States",US,2026-10-12,2,https://www.aviasales.com/search/JFK1210DRO1?marker=741311
682,544,USD,LAX,PER,"Perth, Australia",AU,2026-10-20,2,https://www.aviasales.com/search/LAX2010PER1?marker=741311
683,546,USD,JFK,DYU,"Dushanbe, Tajikistan",TJ,2026-10-15,3,https://www.aviasales.com/search/JFK1510DYU1?marker=741311
684,546,USD,DFW,REC,"Recife, Brazil",BR,2026-11-30,2,https://www.aviasales.com/search/DFW3011REC1?marker=741311
685,546,USD,JFK,NST,"Nakhon Si Thammarat, Thailand",TH,2026-12-05,2,https://www.aviasales.com/search/JFK0512NST1?marker=741311
686,546,USD,JFK,BJL,"Banjul, Gambia",GM,2026-11-30,2,https://www.aviasales.com/search/JFK3011BJL1?marker=741311
687,547,USD,LAX,ACE,"Arrecife, Spain",ES,2027-03-26,2,https://www.aviasales.com/search/LAX2603ACE1?marker=741311
688,548,USD,JFK,TAG,"Tagbilaran, Philippines",PH,2026-11-22,1,https://www.aviasales.com/search/JFK2211TAG1?marker=741311
689,549,USD,SFO,HGH,"Hangzhou, China",CN,2027-02-22,1,https://www.aviasales.com/search/SFO2202HGH1?marker=741311
690,552,USD,BOS,PIR,"Pierre, United States",US,2026-10-18,2,https://www.aviasales.com/search/BOS1810PIR1?marker=741311
691,552,USD,DEN,DMM,"Dammam, Saudi Arabia",SA,2027-01-22,3,https://www.aviasales.com/search/DEN2201DMM1?marker=741311
692,553,USD,JFK,USM,"Koh Samui, Thailand",TH,2026-12-01,2,https://www.aviasales.com/search/JFK0112USM1?marker=741311
693,553,USD,DEN,KWE,"Guiyang, China",CN,2026-11-02,2,https://www.aviasales.com/search/DEN0211KWE1?marker=741311
694,555,USD,LAX,BNE,"Brisbane, Australia",AU,2027-01-11,1,https://www.aviasales.com/search/LAX1101BNE1?marker=741311
695,560,USD,JFK,CPT,"Cape Town, South Africa",ZA,2026-11-02,2,https://www.aviasales.com/search/JFK0211CPT1?marker=741311
696,561,USD,SFO,LKO,"Lucknow, India",IN,2026-10-22,2,https://www.aviasales.com/search/SFO2210LKO1?marker=741311
697,562,USD,LAS,FMM,"Memmingen, Germany",DE,2026-12-14,2,https://www.aviasales.com/search/LAS1412FMM1?marker=741311
698,562,USD,MCO,AJA,"Ajaccio, France",FR,2026-10-21,2,https://www.aviasales.com/search/MCO2110AJA1?marker=741311
699,564,USD,JFK,MMK,"Murmansk, Russia",RU,2026-10-20,3,https://www.aviasales.com/search/JFK2010MMK1?marker=741311
700,564,USD,SFO,GYN,"Goiania, Brazil",BR,2026-12-07,3,https://www.aviasales.com/search/SFO0712GYN1?marker=741311
701,568,USD,MIA,BRM,"Barquisimeto, Venezuela",VE,2026-10-31,2,https://www.aviasales.com/search/MIA3110BRM1?marker=741311
702,569,USD,ORD,GRO,"Girona, Spain",ES,2026-10-10,2,https://www.aviasales.com/search/ORD1010GRO1?marker=741311
703,569,USD,ATL,AMD,"Ahmedabad, India",IN,2026-11-02,2,https://www.aviasales.com/search/ATL0211AMD1?marker=741311
704,569,USD,JFK,LOS,"Lagos, Nigeria",NG,2026-10-11,1,https://www.aviasales.com/search/JFK1110LOS1?marker=741311
705,570,USD,JFK,OSS,"Osh, Kyrgyzstan",KG,2026-10-14,3,https://www.aviasales.com/search/JFK1410OSS1?marker=741311
706,571,USD,ORD,ATQ,"Amritsar, India",IN,2027-01-26,2,https://www.aviasales.com/search/ORD2601ATQ1?marker=741311
707,571,USD,LAX,NGB,"Ningbo, China",CN,2026-10-13,2,https://www.aviasales.com/search/LAX1310NGB1?marker=741311
708,573,USD,IAD,FEG,"Fergana, Uzbekistan",UZ,2026-10-10,2,https://www.aviasales.com/search/IAD1010FEG1?marker=741311
709,573,USD,JFK,VOG,"Volgograd, Russia",RU,2026-10-14,3,https://www.aviasales.com/search/JFK1410VOG1?marker=741311
710,575,USD,DFW,KHI,"Karachi, Pakistan",PK,2026-11-10,4,https://www.aviasales.com/search/DFW1011KHI1?marker=741311
711,576,USD,ORD,SCO,"Aktau, Kazakhstan",KZ,2027-01-02,3,https://www.aviasales.com/search/ORD0201SCO1?marker=741311
712,577,USD,ORD,CGN,"Cologne, Germany",DE,2026-11-20,2,https://www.aviasales.com/search/ORD2011CGN1?marker=741311
713,579,USD,JFK,UFA,"Ufa, Russia",RU,2026-10-28,2,https://www.aviasales.com/search/JFK2810UFA1?marker=741311
714,581,USD,IAH,TUF,"Tours, France",FR,2026-11-19,3,https://www.aviasales.com/search/IAH1911TUF1?marker=741311
715,582,USD,ORD,PLQ,"Palanga, Lithuania",LT,2026-11-20,2,https://www.aviasales.com/search/ORD2011PLQ1?marker=741311
716,583,USD,SFO,CHC,"Christchurch, New Zealand",NZ,2027-03-05,1,https://www.aviasales.com/search/SFO0503CHC1?marker=741311
717,583,USD,MCO,FRL,"Forli, Italy",IT,2026-10-21,2,https://www.aviasales.com/search/MCO2110FRL1?marker=741311
718,584,USD,MSP,DVL,"Devils Lake, United States",US,2026-10-16,1,https://www.aviasales.com/search/MSP1610DVL1?marker=741311
719,585,USD,IAD,INV,"Inverness, United Kingdom",GB,2026-10-10,1,https://www.aviasales.com/search/IAD1010INV1?marker=741311
720,585,USD,JFK,DVO,"Davao City, Philippines",PH,2026-11-30,2,https://www.aviasales.com/search/JFK3011DVO1?marker=741311
721,586,USD,JFK,JER,"Jersey, Jersey",JE,2026-12-20,2,https://www.aviasales.com/search/JFK2012JER1?marker=741311
722,587,USD,SFO,BOB,"Bora Bora, French Polynesia",PF,2026-10-30,1,https://www.aviasales.com/search/SFO3010BOB1?marker=741311
723,587,USD,SFO,IDR,"Indore, India",IN,2026-10-21,1,https://www.aviasales.com/search/SFO2110IDR1?marker=741311
724,587,USD,LAX,TAO,"Qingdao, China",CN,2026-10-13,2,https://www.aviasales.com/search/LAX1310TAO1?marker=741311
725,588,USD,JFK,KGD,"Kaliningrad, Russia",RU,2026-10-11,3,https://www.aviasales.com/search/JFK1110KGD1?marker=741311
726,588,USD,BOS,RTW,"Saratov, Russia",RU,2026-10-26,4,https://www.aviasales.com/search/BOS2610RTW1?marker=741311
727,588,USD,JFK,YSJ,"Saint John, Canada",CA,2026-10-15,3,https://www.aviasales.com/search/JFK1510YSJ1?marker=741311
728,589,USD,MIA,OMS,"Omsk, Russia",RU,2026-11-12,3,https://www.aviasales.com/search/MIA1211OMS1?marker=741311
729,593,USD,JFK,OVB,"Novosibirsk, Russia",RU,2026-10-18,3,https://www.aviasales.com/search/JFK1810OVB1?marker=741311
730,595,USD,LAX,RTM,"Rotterdam, Netherlands",NL,2026-10-09,2,https://www.aviasales.com/search/LAX0910RTM1?marker=741311
731,598,USD,LAX,YNT,"Yantai, China",CN,2026-10-13,2,https://www.aviasales.com/search/LAX1310YNT1?marker=741311
732,601,USD,SFO,MLE,"Male, Maldives",MV,2026-10-09,1,https://www.aviasales.com/search/SFO0910MLE1?marker=741311
733,611,USD,JFK,KVX,"Kirov, Russia",RU,2026-10-19,4,https://www.aviasales.com/search/JFK1910KVX1?marker=741311
734,613,USD,SFO,XMN,"Xiamen, China",CN,2026-10-17,1,https://www.aviasales.com/search/SFO1710XMN1?marker=741311
735,614,USD,JFK,TJM,"Tyumen, Russia",RU,2027-02-26,4,https://www.aviasales.com/search/JFK2602TJM1?marker=741311
736,614,USD,JFK,IKT,"Irkutsk, Russia",RU,2026-10-30,2,https://www.aviasales.com/search/JFK3010IKT1?marker=741311
737,618,USD,JFK,KJA,"Krasnoyarsk, Russia",RU,2026-10-20,3,https://www.aviasales.com/search/JFK2010KJA1?marker=741311
738,618,USD,PHX,OGD,"Ogden, United States",US,2026-10-17,2,https://www.aviasales.com/search/PHX1710OGD1?marker=741311
739,618,USD,SFO,CCU,"Kolkata, India",IN,2026-11-01,2,https://www.aviasales.com/search/SFO0111CCU1?marker=741311
740,620,USD,JFK,UGC,"Urgench, Uzbekistan",UZ,2026-10-15,2,https://www.aviasales.com/search/JFK1510UGC1?marker=741311
741,621,USD,ORD,WEH,"Weihai, China",CN,2026-11-19,2,https://www.aviasales.com/search/ORD1911WEH1?marker=741311
742,623,USD,JFK,MEI,"Meridian, United States",US,2026-10-11,2,https://www.aviasales.com/search/JFK1110MEI1?marker=741311
743,623,USD,JFK,ARH,"Arkhangelsk, Russia",RU,2026-10-14,3,https://www.aviasales.com/search/JFK1410ARH1?marker=741311
744,623,USD,SFO,FTE,"El Calafate, Argentina",AR,2026-11-11,2,https://www.aviasales.com/search/SFO1111FTE1?marker=741311
745,626,USD,FLL,BEL,"Belem, Brazil",BR,2026-10-15,2,https://www.aviasales.com/search/FLL1510BEL1?marker=741311
746,627,USD,JFK,KBL,"Kabul, Afghanistan",AF,2026-10-12,2,https://www.aviasales.com/search/JFK1210KBL1?marker=741311
747,629,USD,JFK,GRV,"Groznyy, Russia",RU,2026-10-24,3,https://www.aviasales.com/search/JFK2410GRV1?marker=741311
748,630,USD,PDX,YZT,"Port Hardy, Canada",CA,2026-10-12,1,https://www.aviasales.com/search/PDX1210YZT1?marker=741311
749,631,USD,JFK,COO,"Cotonou, Benin",BJ,2027-02-03,2,https://www.aviasales.com/search/JFK0302COO1?marker=741311
750,635,USD,LAX,UTP,"Pattaya, Thailand",TH,2026-12-10,3,https://www.aviasales.com/search/LAX1012UTP1?marker=741311
751,639,USD,BOS,ULY,"Ulyanovsk, Russia",RU,2026-10-20,4,https://www.aviasales.com/search/BOS2010ULY1?marker=741311
752,640,USD,JFK,DKR,"Dakar, Senegal",SN,2026-11-20,2,https://www.aviasales.com/search/JFK2011DKR1?marker=741311
753,642,USD,DFW,CMB,"Colombo, Sri Lanka",LK,2026-11-12,2,https://www.aviasales.com/search/DFW1211CMB1?marker=741311
754,644,USD,JFK,URJ,"Uraj, Russia",RU,2026-12-01,4,https://www.aviasales.com/search/JFK0112URJ1?marker=741311
755,644,USD,LAX,ADL,"Adelaide, Australia",AU,2026-10-17,2,https://www.aviasales.com/search/LAX1710ADL1?marker=741311
756,645,USD,ORD,EBB,"Entebbe, Uganda",UG,2026-12-02,1,https://www.aviasales.com/search/ORD0212EBB1?marker=741311
757,648,USD,IAD,BHK,"Bukhara, Uzbekistan",UZ,2026-10-15,2,https://www.aviasales.com/search/IAD1510BHK1?marker=741311
758,650,USD,JFK,BDQ,"Vadodara, India",IN,2027-01-04,2,https://www.aviasales.com/search/JFK0401BDQ1?marker=741311
759,650,USD,JFK,DLA,"Douala, Cameroon",CM,2027-01-29,1,https://www.aviasales.com/search/JFK2901DLA1?marker=741311
760,652,USD,JFK,PEE,"Perm, Russia",RU,2027-03-01,4,https://www.aviasales.com/search/JFK0103PEE1?marker=741311
761,654,USD,JFK,JNB,"Johannesburg, South Africa",ZA,2026-11-06,1,https://www.aviasales.com/search/JFK0611JNB1?marker=741311
762,660,USD,LAX,ANR,"Antwerp, Belgium",BE,2026-10-31,2,https://www.aviasales.com/search/LAX3110ANR1?marker=741311
763,664,USD,IAD,NMA,"Namangan, Uzbekistan",UZ,2026-10-20,2,https://www.aviasales.com/search/IAD2010NMA1?marker=741311
764,666,USD,SFO,IAR,"Yaroslavl, Russia",RU,2027-02-01,3,https://www.aviasales.com/search/SFO0102IAR1?marker=741311
765,670,USD,IAD,CKY,"Conakry, Guinea",GN,2026-10-15,2,https://www.aviasales.com/search/IAD1510CKY1?marker=741311
766,679,USD,MIA,SCW,"Syktyvkar, Russia",RU,2027-03-01,4,https://www.aviasales.com/search/MIA0103SCW1?marker=741311
767,679,USD,JFK,PZU,"Port Sudan, Sudan",SD,2026-10-14,2,https://www.aviasales.com/search/JFK1410PZU1?marker=741311
768,679,USD,PDX,GUM,"Hagatna, Guam",GU,2026-10-14,2,https://www.aviasales.com/search/PDX1410GUM1?marker=741311
769,682,USD,JFK,MLW,"Monrovia, Liberia",LR,2026-10-17,1,https://www.aviasales.com/search/JFK1710MLW1?marker=741311
770,685,USD,IAD,KVK,"Kirovsk, Russia",RU,2026-10-25,4,https://www.aviasales.com/search/IAD2510KVK1?marker=741311
771,686,USD,IAD,NCU,"Nukus, Uzbekistan",UZ,2026-10-20,2,https://www.aviasales.com/search/IAD2010NCU1?marker=741311
772,686,USD,LAX,MQM,"Mardin, Turkiye",TR,2026-10-08,3,https://www.aviasales.com/search/LAX0810MQM1?marker=741311
773,691,USD,SFO,PEW,"Peshawar, Pakistan",PK,2026-10-22,2,https://www.aviasales.com/search/SFO2210PEW1?marker=741311
774,692,USD,SEA,CNS,"Cairns, Australia",AU,2026-11-26,3,https://www.aviasales.com/search/SEA2611CNS1?marker=741311
775,693,USD,JFK,TOF,"Tomsk, Russia",RU,2026-10-24,4,https://www.aviasales.com/search/JFK2410TOF1?marker=741311
776,694,USD,JFK,PNT,"Puerto Natales, Chile",CL,2027-03-05,2,https://www.aviasales.com/search/JFK0503PNT1?marker=741311
777,698,USD,JFK,SGC,"Surgut, Russia",RU,2026-11-13,3,https://www.aviasales.com/search/JFK1311SGC1?marker=741311
778,702,USD,IAD,SEZ,"Mahe, Seychelles",SC,2026-10-08,1,https://www.aviasales.com/search/IAD0810SEZ1?marker=741311
779,702,USD,JFK,LGK,"Langkawi, Malaysia",MY,2026-12-27,2,https://www.aviasales.com/search/JFK2712LGK1?marker=741311
780,704,USD,IAH,MAR,"Maracaibo, Venezuela",VE,2026-10-12,2,https://www.aviasales.com/search/IAH1210MAR1?marker=741311
781,706,USD,LAS,BDS,"Brindisi, Italy",IT,2026-10-08,2,https://www.aviasales.com/search/LAS0810BDS1?marker=741311
782,708,USD,SLC,TCQ,"Tacna, Peru",PE,2026-12-15,3,https://www.aviasales.com/search/SLC1512TCQ1?marker=741311
783,712,USD,BOS,CSY,"Cheboksary, Russia",RU,2026-11-05,3,https://www.aviasales.com/search/BOS0511CSY1?marker=741311
784,713,USD,IAD,KEJ,"Kemerovo, Russia",RU,2027-01-29,4,https://www.aviasales.com/search/IAD2901KEJ1?marker=741311
785,721,USD,JFK,CHH,"Chachapoyas, Peru",PE,2026-10-13,3,https://www.aviasales.com/search/JFK1310CHH1?marker=741311
786,721,USD,LAX,KGF,"Karagandy, Kazakhstan",KZ,2026-11-13,3,https://www.aviasales.com/search/LAX1311KGF1?marker=741311
787,722,USD,LAX,INN,"Innsbruck, Austria",AT,2026-10-09,3,https://www.aviasales.com/search/LAX0910INN1?marker=741311
788,724,USD,PDX,URC,"Urumqi, China",CN,2026-10-15,2,https://www.aviasales.com/search/PDX1510URC1?marker=741311
789,725,USD,LAX,KHV,"Khabarovsk, Russia",RU,2026-10-22,2,https://www.aviasales.com/search/LAX2210KHV1?marker=741311
790,727,USD,MIA,IPC,"Easter Island, Chile",CL,2026-12-07,2,https://www.aviasales.com/search/MIA0712IPC1?marker=741311
791,728,USD,MIA,SRE,"Sucre, Bolivia",BO,2026-12-18,4,https://www.aviasales.com/search/MIA1812SRE1?marker=741311
792,729,USD,TPA,GDZ,"Gelendzik, Russia",RU,2027-02-01,4,https://www.aviasales.com/search/TPA0102GDZ1?marker=741311
793,733,USD,JFK,MRU,"Mauritius, Mauritius",MU,2027-03-24,2,https://www.aviasales.com/search/JFK2403MRU1?marker=741311
794,735,USD,LAX,ZQN,"Queenstown, New Zealand",NZ,2026-10-19,1,https://www.aviasales.com/search/LAX1910ZQN1?marker=741311
795,735,USD,TPA,SRZ,"Santa Cruz, Bolivia",BO,2026-12-18,3,https://www.aviasales.com/search/TPA1812SRZ1?marker=741311
796,736,USD,IAD,OUA,"Ouagadougou, Burkina Faso",BF,2026-10-28,1,https://www.aviasales.com/search/IAD2810OUA1?marker=741311
797,736,USD,JFK,NOZ,"Novokuznetsk, Russia",RU,2027-02-01,4,https://www.aviasales.com/search/JFK0102NOZ1?marker=741311
798,738,USD,JFK,KSQ,"Qarshi, Uzbekistan",UZ,2026-10-23,2,https://www.aviasales.com/search/JFK2310KSQ1?marker=741311
799,741,USD,ORD,NOJ,"Noyabrsk, Russia",RU,2026-11-26,4,https://www.aviasales.com/search/ORD2611NOJ1?marker=741311
800,741,USD,JFK,SFN,"Santa Fe, Argentina",AR,2026-10-13,3,https://www.aviasales.com/search/JFK1310SFN1?marker=741311
801,747,USD,JFK,CBR,"Canberra, Australia",AU,2026-10-22,2,https://www.aviasales.com/search/JFK2210CBR1?marker=741311
802,748,USD,JFK,NDJ,"N'Djamena, Chad",TD,2026-10-22,1,https://www.aviasales.com/search/JFK2210NDJ1?marker=741311
803,749,USD,ORD,ASB,"Ashgabat, Turkmenistan",TM,2026-12-28,1,https://www.aviasales.com/search/ORD2812ASB1?marker=741311
804,749,USD,JFK,TMJ,"Termez, Uzbekistan",UZ,2026-10-23,2,https://www.aviasales.com/search/JFK2310TMJ1?marker=741311
805,753,USD,DFW,ACC,"Accra, Ghana",GH,2027-02-09,2,https://www.aviasales.com/search/DFW0902ACC1?marker=741311
806,755,USD,IAD,LBD,"Khujand, Tajikistan",TJ,2026-10-18,4,https://www.aviasales.com/search/IAD1810LBD1?marker=741311
807,759,USD,PDX,HRE,"Harare, Zimbabwe",ZW,2026-10-19,2,https://www.aviasales.com/search/PDX1910HRE1?marker=741311
808,762,USD,MIA,NJC,"Nizhnevartovsk, Russia",RU,2026-11-04,4,https://www.aviasales.com/search/MIA0411NJC1?marker=741311
809,770,USD,JFK,UUD,"Ulan-Ude, Russia",RU,2026-10-19,4,https://www.aviasales.com/search/JFK1910UUD1?marker=741311
810,770,USD,SEA,APW,"Apia, Samoa",WS,2026-12-30,3,https://www.aviasales.com/search/SEA3012APW1?marker=741311
811,773,USD,CLT,PUS,"Busan, South Korea",KR,2026-10-13,3,https://www.aviasales.com/search/CLT1310PUS1?marker=741311
812,774,USD,DTW,SSA,"Salvador, Brazil",BR,2026-10-15,3,https://www.aviasales.com/search/DTW1510SSA1?marker=741311
813,775,USD,SEA,ZNZ,"Zanzibar, Tanzania",TZ,2026-11-12,3,https://www.aviasales.com/search/SEA1211ZNZ1?marker=741311
814,775,USD,BOS,LAD,"Luanda, Angola",AO,2026-10-30,2,https://www.aviasales.com/search/BOS3010LAD1?marker=741311
815,781,USD,ATL,UKK,"Oskemen, Kazakhstan",KZ,2026-10-21,2,https://www.aviasales.com/search/ATL2110UKK1?marker=741311
816,783,USD,IAH,HOG,"Holguin, Cuba",CU,2026-12-14,1,https://www.aviasales.com/search/IAH1412HOG1?marker=741311
817,786,USD,JFK,BQS,"Blagoveschensk, Russia",RU,2026-10-15,3,https://www.aviasales.com/search/JFK1510BQS1?marker=741311
818,792,USD,LAX,EUN,"Laayoune, Western Sahara",EH,2026-10-15,2,https://www.aviasales.com/search/LAX1510EUN1?marker=741311
819,795,USD,JFK,KMG,"Kunming, China",CN,2026-12-27,3,https://www.aviasales.com/search/JFK2712KMG1?marker=741311
820,795,USD,JFK,SUI,"Sukhumi, Abkhazia",AB,2026-11-12,3,https://www.aviasales.com/search/JFK1211SUI1?marker=741311
821,798,USD,LAX,AIT,"Aitutaki, Cook Islands",CK,2026-11-13,2,https://www.aviasales.com/search/LAX1311AIT1?marker=741311
822,800,USD,JFK,GDT,"Grand Turk, Turks and Caicos Islands",TC,2026-10-11,3,https://www.aviasales.com/search/JFK1110GDT1?marker=741311
823,802,USD,LAX,BAX,"Barnaul, Russia",RU,2026-10-20,4,https://www.aviasales.com/search/LAX2010BAX1?marker=741311
824,802,USD,LAX,OVD,"Asturias, Spain",ES,2026-12-21,3,https://www.aviasales.com/search/LAX2112OVD1?marker=741311
825,803,USD,JFK,LFW,"Lome, Togo",TG,2026-10-12,3,https://www.aviasales.com/search/JFK1210LFW1?marker=741311
826,807,USD,DTW,BSR,"Basra, Iraq",IQ,2026-12-30,2,https://www.aviasales.com/search/DTW3012BSR1?marker=741311
827,814,USD,IAH,MEC,"Manta, Ecuador",EC,2026-12-21,3,https://www.aviasales.com/search/IAH2112MEC1?marker=741311
828,819,USD,SLC,MBA,"Mombasa, Kenya",KE,2026-10-27,2,https://www.aviasales.com/search/SLC2710MBA1?marker=741311
829,823,USD,JFK,YXU,"London, Canada",CA,2026-10-13,1,https://www.aviasales.com/search/JFK1310YXU1?marker=741311
830,824,USD,ORD,INI,"Nis, Serbia",RS,2026-12-20,2,https://www.aviasales.com/search/ORD2012INI1?marker=741311
831,828,USD,JFK,JRO,"Kilimanjaro, Tanzania",TZ,2027-02-12,1,https://www.aviasales.com/search/JFK1202JRO1?marker=741311
832,830,USD,JFK,KSN,"Kostanay, Kazakhstan",KZ,2027-01-12,2,https://www.aviasales.com/search/JFK1201KSN1?marker=741311
833,836,USD,ORD,YKS,"Yakutsk, Russia",RU,2026-12-01,4,https://www.aviasales.com/search/ORD0112YKS1?marker=741311
834,836,USD,ORD,IJK,"Izhevsk, Russia",RU,2026-10-13,3,https://www.aviasales.com/search/ORD1310IJK1?marker=741311
835,840,USD,JFK,KYZ,"Kyzyl, Russia",RU,2026-12-04,4,https://www.aviasales.com/search/JFK0412KYZ1?marker=741311
836,842,USD,IAD,FNA,"Freetown, Sierra Leone",SL,2026-11-30,1,https://www.aviasales.com/search/IAD3011FNA1?marker=741311
837,842,USD,SEA,TBU,"Nuku'alofa, Tonga",TO,2026-10-30,2,https://www.aviasales.com/search/SEA3010TBU1?marker=741311
838,844,USD,JFK,YIH,"Yichang, China",CN,2026-10-15,4,https://www.aviasales.com/search/JFK1510YIH1?marker=741311
839,845,USD,JFK,HTA,"Chita, Russia",RU,2026-10-24,4,https://www.aviasales.com/search/JFK2410HTA1?marker=741311
840,846,USD,ATL,REN,"Orenburg, Russia",RU,2026-10-24,4,https://www.aviasales.com/search/ATL2410REN1?marker=741311
841,848,USD,JFK,MJZ,"Mirnyj, Russia",RU,2026-10-10,4,https://www.aviasales.com/search/JFK1010MJZ1?marker=741311
842,852,USD,SEA,HNH,"Hoonah, United States",US,2026-10-17,1,https://www.aviasales.com/search/SEA1710HNH1?marker=741311
843,859,USD,JFK,GOH,"Nuuk, Greenland",GL,2026-11-12,1,https://www.aviasales.com/search/JFK1211GOH1?marker=741311
844,860,USD,ORD,MGQ,"Mogadishu, Somalia",SO,2026-12-30,1,https://www.aviasales.com/search/ORD3012MGQ1?marker=741311
845,867,USD,JFK,RUN,"Saint-Denis, Réunion",RE,2026-10-23,2,https://www.aviasales.com/search/JFK2310RUN1?marker=741311
846,869,USD,LAS,KNU,"Kanpur, India",IN,2027-03-10,3,https://www.aviasales.com/search/LAS1003KNU1?marker=741311
847,870,USD,TPA,BPN,"Balikpapan, Indonesia",ID,2026-10-13,3,https://www.aviasales.com/search/TPA1310BPN1?marker=741311
848,873,USD,JFK,RGN,"Yangon, Myanmar",MM,2026-12-28,2,https://www.aviasales.com/search/JFK2812RGN1?marker=741311
849,877,USD,DTW,ABV,"Abuja, Nigeria",NG,2027-03-22,3,https://www.aviasales.com/search/DTW2203ABV1?marker=741311
850,882,USD,LAX,NSK,"Norilsk, Russia",RU,2026-12-01,4,https://www.aviasales.com/search/LAX0112NSK1?marker=741311
851,885,USD,JFK,KLO,"Kalibo, Philippines",PH,2026-12-30,2,https://www.aviasales.com/search/JFK3012KLO1?marker=741311
852,891,USD,PHX,BLB,"Balboa, Panama",PA,2026-10-11,2,https://www.aviasales.com/search/PHX1110BLB1?marker=741311
853,910,USD,LAX,NBC,"Naberezhnye Chelny, Russia",RU,2026-10-11,4,https://www.aviasales.com/search/LAX1110NBC1?marker=741311
854,919,USD,ORD,TNR,"Antananarivo, Madagascar",MG,2027-01-14,1,https://www.aviasales.com/search/ORD1401TNR1?marker=741311
855,928,USD,ORD,NAL,"Nalchik, Russia",RU,2026-10-12,4,https://www.aviasales.com/search/ORD1210NAL1?marker=741311
856,931,USD,DFW,FIH,"Kinshasa, Democratic Republic of the Congo",CD,2027-01-26,2,https://www.aviasales.com/search/DFW2601FIH1?marker=741311
857,931,USD,PHX,BJM,"Bujumbura, Burundi",BI,2026-11-03,3,https://www.aviasales.com/search/PHX0311BJM1?marker=741311
858,936,USD,SFO,PHC,"Port Harcourt, Nigeria",NG,2026-10-08,1,https://www.aviasales.com/search/SFO0810PHC1?marker=741311
859,938,USD,MCO,GDX,"Magadan, Russia",RU,2026-10-27,4,https://www.aviasales.com/search/MCO2710GDX1?marker=741311
860,939,USD,DEN,ARK,"Arusha, Tanzania",TZ,2026-12-01,3,https://www.aviasales.com/search/DEN0112ARK1?marker=741311
861,940,USD,LAX,RAR,"Rarotonga, Cook Islands",CK,2026-11-06,1,https://www.aviasales.com/search/LAX0611RAR1?marker=741311
862,945,USD,JFK,GVR,"Governador Valadares, Brazil",BR,2026-12-17,3,https://www.aviasales.com/search/JFK1712GVR1?marker=741311
863,953,USD,JFK,PYJ,"Udachnyj, Russia",RU,2026-12-10,4,https://www.aviasales.com/search/JFK1012PYJ1?marker=741311
864,977,USD,IAD,SPN,"Saipan, Northern Mariana Islands",MP,2026-11-01,2,https://www.aviasales.com/search/IAD0111SPN1?marker=741311
865,985,USD,PHL,STW,"Stavropol, Russia",RU,2026-10-13,4,https://www.aviasales.com/search/PHL1310STW1?marker=741311
866,986,USD,ORD,PKV,"Pskov, Russia",RU,2026-10-08,4,https://www.aviasales.com/search/ORD0810PKV1?marker=741311
867,986,USD,ATL,DMB,"Taraz, Kazakhstan",KZ,2026-10-15,4,https://www.aviasales.com/search/ATL1510DMB1?marker=741311
868,996,USD,SEA,PKC,"Petropavlovsk-Kamchatsky, Russia",RU,2026-12-24,4,https://www.aviasales.com/search/SEA2412PKC1?marker=741311
869,1008,USD,PHL,UCT,"Ukhta, Russia",RU,2026-10-20,4,https://www.aviasales.com/search/PHL2010UCT1?marker=741311
870,1020,USD,JFK,OLZ,"Olyokminsk, Russia",RU,2026-12-10,4,https://www.aviasales.com/search/JFK1012OLZ1?marker=741311
871,1032,USD,MIA,UUS,"Yuzhno-Sakhalinsk, Russia",RU,2027-01-09,3,https://www.aviasales.com/search/MIA0901UUS1?marker=741311
872,1032,USD,SFO,SUV,"Suva, Fiji",FJ,2026-10-11,3,https://www.aviasales.com/search/SFO1110SUV1?marker=741311
873,1041,USD,ORD,NUX,"Novy Urengoy, Russia",RU,2026-10-12,4,https://www.aviasales.com/search/ORD1210NUX1?marker=741311
874,1057,USD,JFK,BKO,"Bamako, Mali",ML,2026-12-25,2,https://www.aviasales.com/search/JFK2512BKO1?marker=741311
875,1082,USD,TPA,ENI,"El Nido, Philippines",PH,2026-10-11,4,https://www.aviasales.com/search/TPA1110ENI1?marker=741311
876,1094,USD,ORD,KGL,"Kigali, Rwanda",RW,2026-12-21,1,https://www.aviasales.com/search/ORD2112KGL1?marker=741311
877,1138,USD,JFK,ROR,"Koror, Palau",PW,2026-12-29,1,https://www.aviasales.com/search/JFK2912ROR1?marker=741311
878,1158,USD,JFK,RFP,"Raiatea, French Polynesia",PF,2026-11-09,4,https://www.aviasales.com/search/JFK0911RFP1?marker=741311
879,1160,USD,TPA,RGK,"Gorno-Altaysk, Russia",RU,2026-10-16,4,https://www.aviasales.com/search/TPA1610RGK1?marker=741311
880,1166,USD,IAH,RRG,"Rodrigues Island, Mauritius",MU,2026-11-01,4,https://www.aviasales.com/search/IAH0111RRG1?marker=741311
881,1180,USD,DFW,AZN,"Andijan, Uzbekistan",UZ,2026-12-24,2,https://www.aviasales.com/search/DFW2412AZN1?marker=741311
882,1185,USD,JFK,FUN,"Funafuti Atoll, Tuvalu",TV,2026-12-01,2,https://www.aviasales.com/search/JFK0112FUN1?marker=741311
883,1187,USD,SFO,POA,"Porto Alegre, Brazil",BR,2026-12-18,2,https://www.aviasales.com/search/SFO1812POA1?marker=741311
884,1242,USD,SFO,BUQ,"Bulawayo, Zimbabwe",ZW,2027-02-12,2,https://www.aviasales.com/search/SFO1202BUQ1?marker=741311
885,1332,USD,JFK,KRW,"Turkmenbashi, Turkmenistan",TM,2026-10-31,3,https://www.aviasales.com/search/JFK3110KRW1?marker=741311
886,1365,USD,MIA,BZO,"Bolzano, Italy",IT,2027-01-03,2,https://www.aviasales.com/search/MIA0301BZO1?marker=741311
887,1370,USD,JFK,FKQ,"Fak Fak, Indonesia",ID,2026-10-10,4,https://www.aviasales.com/search/JFK1010FKQ1?marker=741311
888,1528,USD,BOS,JAV,"Ilulissat, Greenland",GL,2026-12-08,4,https://www.aviasales.com/search/BOS0812JAV1?marker=741311
889,1706,USD,BNA,HEH,"Heho, Myanmar",MM,2026-11-15,3,https://www.aviasales.com/search/BNA1511HEH1?marker=741311
890,1726,USD,SFO,CWL,"Cardiff, United Kingdom",GB,2026-12-17,2,https://www.aviasales.com/search/SFO1712CWL1?marker=741311
891,1794,USD,IAD,MJM,"Mbuji-Mayi, Democratic Republic of the Congo",CD,2026-10-20,3,https://www.aviasales.com/search/IAD2010MJM1?marker=741311
892,1993,USD,JFK,RNA,"Arona, Solomon Islands",SB,2026-10-14,4,https://www.aviasales.com/search/JFK1410RNA1?marker=741311
893,2671,USD,JFK,FUK,"Fukuoka, Japan",JP,2026-10-08,3,https://www.aviasales.com/search/JFK0810FUK1?marker=741311
