rank,price,currency,origin,destination_code,destination_name,country_code,depart,stops,booking_link
1,23,USD,PHX,SAN,"San Diego, United States",US,2026-09-27,0,https://www.aviasales.com/search/PHX2709SAN1?marker=741311
2,23,USD,SAN,PHX,"Phoenix, United States",US,2026-09-26,0,https://www.aviasales.com/search/SAN2609PHX1?marker=741311
3,24,USD,SAN,SFO,"San Francisco, United States",US,2026-09-09,0,https://www.aviasales.com/search/SAN0909SFO1?marker=741311
4,24,USD,TPA,ATL,"Atlanta, United States",US,2026-09-24,0,https://www.aviasales.com/search/TPA2409ATL1?marker=741311
5,25,USD,ATL,ORL,"Orlando, United States",US,2026-08-25,0,https://www.aviasales.com/search/ATL2508ORL1?marker=741311
6,27,USD,LAS,LAX,"Los Angeles, United States",US,2026-09-01,0,https://www.aviasales.com/search/LAS0109LAX1?marker=741311
7,27,USD,SFO,ONT,"Ontario, United States",US,2026-09-24,0,https://www.aviasales.com/search/SFO2409ONT1?marker=741311
8,29,USD,LAX,LAS,"Las Vegas, United States",US,2026-10-26,0,https://www.aviasales.com/search/LAX2610LAS1?marker=741311
9,29,USD,LAX,SJC,"San Jose, United States",US,2026-09-06,0,https://www.aviasales.com/search/LAX0609SJC1?marker=741311
10,33,USD,LAX,DEN,"Denver, United States",US,2026-09-11,0,https://www.aviasales.com/search/LAX1109DEN1?marker=741311
11,34,USD,BNA,CHI,"Chicago, United States",US,2026-09-03,0,https://www.aviasales.com/search/BNA0309CHI1?marker=741311
12,34,USD,DEN,MSP,"Minneapolis, United States",US,2026-11-04,0,https://www.aviasales.com/search/DEN0411MSP1?marker=741311
13,34,USD,ATL,MSY,"New Orleans, United States",US,2026-09-16,0,https://www.aviasales.com/search/ATL1609MSY1?marker=741311
14,36,USD,ATL,FLL,"Fort Lauderdale, United States",US,2026-08-21,0,https://www.aviasales.com/search/ATL2108FLL1?marker=741311
15,36,USD,MCO,RDU,"Raleigh, United States",US,2026-08-29,0,https://www.aviasales.com/search/MCO2908RDU1?marker=741311
16,37,USD,ATL,MIA,"Miami, United States",US,2026-08-27,0,https://www.aviasales.com/search/ATL2708MIA1?marker=741311
17,37,USD,FLL,SWF,"Newburgh, United States",US,2026-12-03,0,https://www.aviasales.com/search/FLL0312SWF1?marker=741311
18,37,USD,LAS,OAK,"Oakland, United States",US,2026-09-05,0,https://www.aviasales.com/search/LAS0509OAK1?marker=741311
19,38,USD,ATL,HOU,"Houston, United States",US,2026-09-05,0,https://www.aviasales.com/search/ATL0509HOU1?marker=741311
20,38,USD,LAS,SLC,"Salt Lake City, United States",US,2026-10-23,0,https://www.aviasales.com/search/LAS2310SLC1?marker=741311
21,40,USD,ATL,CLE,"Cleveland, United States",US,2026-08-18,0,https://www.aviasales.com/search/ATL1808CLE1?marker=741311
22,41,USD,DEN,SEA,"Seattle, United States",US,2026-08-27,0,https://www.aviasales.com/search/DEN2708SEA1?marker=741311
23,42,USD,MCO,WAS,"Washington, United States",US,2026-10-31,0,https://www.aviasales.com/search/MCO3110WAS1?marker=741311
24,43,USD,AUS,DSM,"Des Moines, United States",US,2026-09-03,0,https://www.aviasales.com/search/AUS0309DSM1?marker=741311
25,44,USD,ATL,BWI,"Baltimore, United States",US,2026-08-31,0,https://www.aviasales.com/search/ATL3108BWI1?marker=741311
26,44,USD,FLL,TPA,"Tampa, United States",US,2026-09-01,0,https://www.aviasales.com/search/FLL0109TPA1?marker=741311
27,44,USD,ATL,JAX,"Jacksonville, United States",US,2026-08-17,0,https://www.aviasales.com/search/ATL1708JAX1?marker=741311
28,45,USD,TPA,GSP,"Greenville, United States",US,2026-08-16,0,https://www.aviasales.com/search/TPA1608GSP1?marker=741311
29,46,USD,LAX,YVR,"Vancouver, Canada",CA,2026-09-27,1,https://www.aviasales.com/search/LAX2709YVR1?marker=741311
30,46,USD,TPA,CVG,"Cincinnati, United States",US,2026-10-01,0,https://www.aviasales.com/search/TPA0110CVG1?marker=741311
31,48,USD,TPA,ROC,"Rochester, United States",US,2026-09-12,0,https://www.aviasales.com/search/TPA1209ROC1?marker=741311
32,49,USD,ATL,PHL,"Philadelphia, United States",US,2026-10-04,0,https://www.aviasales.com/search/ATL0410PHL1?marker=741311
33,51,USD,IAD,AVL,"Asheville, United States",US,2026-11-19,0,https://www.aviasales.com/search/IAD1911AVL1?marker=741311
34,51,USD,MCO,NYC,"New York, United States",US,2026-10-05,0,https://www.aviasales.com/search/MCO0510NYC1?marker=741311
35,52,USD,MCO,CMH,"Columbus, United States",US,2026-09-08,1,https://www.aviasales.com/search/MCO0809CMH1?marker=741311
36,53,USD,MCO,PNS,"Pensacola, United States",US,2026-08-15,0,https://www.aviasales.com/search/MCO1508PNS1?marker=741311
37,55,USD,BNA,FYV,"Fayetteville, United States",US,2026-08-21,0,https://www.aviasales.com/search/BNA2108FYV1?marker=741311
38,55,USD,PHX,BZN,"Bozeman, United States",US,2026-11-06,0,https://www.aviasales.com/search/PHX0611BZN1?marker=741311
39,56,USD,MCO,AUS,"Austin, United States",US,2026-09-16,0,https://www.aviasales.com/search/MCO1609AUS1?marker=741311
40,56,USD,IAD,SAV,"Savannah, United States",US,2026-08-13,0,https://www.aviasales.com/search/IAD1308SAV1?marker=741311
41,58,USD,DEN,ELP,"El Paso, United States",US,2026-09-23,0,https://www.aviasales.com/search/DEN2309ELP1?marker=741311
42,58,USD,PHX,SCK,"Stockton, United States",US,2026-09-21,0,https://www.aviasales.com/search/PHX2109SCK1?marker=741311
43,61,USD,MCO,BUF,"Buffalo, United States",US,2026-09-03,0,https://www.aviasales.com/search/MCO0309BUF1?marker=741311
44,61,USD,MCO,DFW,"Dallas, United States",US,2026-09-18,0,https://www.aviasales.com/search/MCO1809DFW1?marker=741311
45,61,USD,LAS,FAT,"Fresno, United States",US,2026-08-17,0,https://www.aviasales.com/search/LAS1708FAT1?marker=741311
46,61,USD,BNA,FSD,"Sioux Falls, United States",US,2026-08-31,0,https://www.aviasales.com/search/BNA3108FSD1?marker=741311
47,62,USD,MIA,SJU,"San Juan, Puerto Rico",PR,2026-09-28,0,https://www.aviasales.com/search/MIA2809SJU1?marker=741311
48,62,USD,TPA,BNA,"Nashville, United States",US,2026-08-16,0,https://www.aviasales.com/search/TPA1608BNA1?marker=741311
49,62,USD,LAX,YEA,"Edmonton, Canada",CA,2026-09-23,2,https://www.aviasales.com/search/LAX2309YEA1?marker=741311
50,63,USD,ORD,STL,"St Louis, United States",US,2026-09-11,0,https://www.aviasales.com/search/ORD1109STL1?marker=741311
51,64,USD,MCO,BOS,"Boston, United States",US,2026-10-01,0,https://www.aviasales.com/search/MCO0110BOS1?marker=741311
52,65,USD,LAS,MRY,"Monterey, United States",US,2026-08-17,0,https://www.aviasales.com/search/LAS1708MRY1?marker=741311
53,66,USD,MCO,DTT,"Detroit, United States",US,2026-10-15,1,https://www.aviasales.com/search/MCO1510DTT1?marker=741311
54,66,USD,ATL,HVN,"New Haven, United States",US,2026-08-27,0,https://www.aviasales.com/search/ATL2708HVN1?marker=741311
55,66,USD,IAD,MGW,"Morgantown, United States",US,2026-09-16,0,https://www.aviasales.com/search/IAD1609MGW1?marker=741311
56,66,USD,TPA,TYS,"Knoxville, United States",US,2026-08-24,0,https://www.aviasales.com/search/TPA2408TYS1?marker=741311
57,69,USD,FLL,TLH,"Tallahassee, United States",US,2026-09-13,0,https://www.aviasales.com/search/FLL1309TLH1?marker=741311
58,71,USD,LAX,PDX,"Portland, United States",US,2026-09-13,0,https://www.aviasales.com/search/LAX1309PDX1?marker=741311
59,73,USD,FLL,YTO,"Toronto, Canada",CA,2026-10-12,0,https://www.aviasales.com/search/FLL1210YTO1?marker=741311
60,73,USD,LAX,SAC,"Sacramento, United States",US,2026-08-28,0,https://www.aviasales.com/search/LAX2808SAC1?marker=741311
61,73,USD,FLL,CLT,"Charlotte, United States",US,2026-08-24,0,https://www.aviasales.com/search/FLL2408CLT1?marker=741311
62,75,USD,IAD,PIT,"Pittsburgh, United States",US,2026-09-10,1,https://www.aviasales.com/search/IAD1009PIT1?marker=741311
63,75,USD,LAX,RNO,"Reno, United States",US,2026-08-29,1,https://www.aviasales.com/search/LAX2908RNO1?marker=741311
64,76,USD,TPA,SDF,"Louisville, United States",US,2026-08-29,1,https://www.aviasales.com/search/TPA2908SDF1?marker=741311
65,76,USD,LAS,SAT,"San Antonio, United States",US,2026-10-23,0,https://www.aviasales.com/search/LAS2310SAT1?marker=741311
66,77,USD,RDU,FMY,"Fort Myers, United States",US,2026-08-17,0,https://www.aviasales.com/search/RDU1708FMY1?marker=741311
67,79,USD,AUS,MTY,"Monterrey, Mexico",MX,2026-09-02,0,https://www.aviasales.com/search/AUS0209MTY1?marker=741311
68,80,USD,BOS,YYC,"Calgary, Canada",CA,2026-10-11,0,https://www.aviasales.com/search/BOS1110YYC1?marker=741311
69,82,USD,DFW,IND,"Indianapolis, United States",US,2026-08-31,1,https://www.aviasales.com/search/DFW3108IND1?marker=741311
70,82,USD,TPA,EYW,"Key West, United States",US,2026-08-13,0,https://www.aviasales.com/search/TPA1308EYW1?marker=741311
71,83,USD,MCO,ISP,"Islip, United States",US,2026-08-26,0,https://www.aviasales.com/search/MCO2608ISP1?marker=741311
72,84,USD,DFW,MEM,"Memphis, United States",US,2026-08-31,1,https://www.aviasales.com/search/DFW3108MEM1?marker=741311
73,85,USD,IAH,MLM,"Morelia, Mexico",MX,2026-09-10,0,https://www.aviasales.com/search/IAH1009MLM1?marker=741311
74,87,USD,BOS,RUT,"Rutland, United States",US,2026-08-11,0,https://www.aviasales.com/search/BOS1108RUT1?marker=741311
75,87,USD,PHL,MKC,"Kansas City, United States",US,2026-08-28,1,https://www.aviasales.com/search/PHL2808MKC1?marker=741311
76,87,USD,SAN,BOI,"Boise, United States",US,2026-08-24,1,https://www.aviasales.com/search/SAN2408BOI1?marker=741311
77,88,USD,LAS,MEX,"Mexico City, Mexico",MX,2026-11-12,0,https://www.aviasales.com/search/LAS1211MEX1?marker=741311
78,89,USD,PHX,LGB,"Long Beach, United States",US,2026-11-07,0,https://www.aviasales.com/search/PHX0711LGB1?marker=741311
79,91,USD,IAH,BJX,"Leon/Guanajuato, Mexico",MX,2026-08-17,0,https://www.aviasales.com/search/IAH1708BJX1?marker=741311
80,91,USD,LAX,MCE,"Merced, United States",US,2026-08-16,0,https://www.aviasales.com/search/LAX1608MCE1?marker=741311
81,92,USD,BOS,YMQ,"Montreal, Canada",CA,2026-08-28,1,https://www.aviasales.com/search/BOS2808YMQ1?marker=741311
82,93,USD,MIA,NAS,"Nassau, Bahamas",BS,2026-12-01,0,https://www.aviasales.com/search/MIA0112NAS1?marker=741311
83,94,USD,SFO,PAE,"Everett, United States",US,2026-10-28,0,https://www.aviasales.com/search/SFO2810PAE1?marker=741311
84,94,USD,LAX,GDL,"Guadalajara, Mexico",MX,2026-08-22,0,https://www.aviasales.com/search/LAX2208GDL1?marker=741311
85,94,USD,ORD,EAU,"Eau Claire, United States",US,2026-08-24,0,https://www.aviasales.com/search/ORD2408EAU1?marker=741311
86,96,USD,SFO,PSP,"Palm Springs, United States",US,2026-09-12,0,https://www.aviasales.com/search/SFO1209PSP1?marker=741311
87,97,USD,AUS,MID,"Merida, Mexico",MX,2026-11-27,1,https://www.aviasales.com/search/AUS2711MID1?marker=741311
88,98,USD,MCO,MKE,"Milwaukee, United States",US,2026-09-01,0,https://www.aviasales.com/search/MCO0109MKE1?marker=741311
89,98,USD,LAX,TUS,"Tucson, United States",US,2027-01-30,0,https://www.aviasales.com/search/LAX3001TUS1?marker=741311
90,99,USD,ATL,ORF,"Norfolk, United States",US,2026-08-16,0,https://www.aviasales.com/search/ATL1608ORF1?marker=741311
91,100,USD,AUS,CUN,"Cancun, Mexico",MX,2026-10-11,1,https://www.aviasales.com/search/AUS1110CUN1?marker=741311
92,100,USD,LAX,ABQ,"Albuquerque, United States",US,2026-10-27,0,https://www.aviasales.com/search/LAX2710ABQ1?marker=741311
93,101,USD,PHX,SOW,"Show Low, United States",US,2026-08-13,0,https://www.aviasales.com/search/PHX1308SOW1?marker=741311
94,103,USD,IAH,OKC,"Oklahoma City, United States",US,2026-08-17,0,https://www.aviasales.com/search/IAH1708OKC1?marker=741311
95,103,USD,ORD,TUL,"Tulsa, United States",US,2026-08-11,0,https://www.aviasales.com/search/ORD1108TUL1?marker=741311
96,103,USD,ORD,CAK,"Akron, United States",US,2026-08-17,0,https://www.aviasales.com/search/ORD1708CAK1?marker=741311
97,103,USD,LAX,SBA,"Santa Barbara, United States",US,2026-08-17,0,https://www.aviasales.com/search/LAX1708SBA1?marker=741311
98,103,USD,IAH,LFT,"Lafayette, United States",US,2026-08-17,0,https://www.aviasales.com/search/IAH1708LFT1?marker=741311
99,103,USD,IAH,BRO,"Brownsville, United States",US,2026-08-16,0,https://www.aviasales.com/search/IAH1608BRO1?marker=741311
100,103,USD,ORD,TVC,"Traverse City, United States",US,2026-08-16,0,https://www.aviasales.com/search/ORD1608TVC1?marker=741311
101,103,USD,ORD,ICT,"Wichita, United States",US,2026-08-17,0,https://www.aviasales.com/search/ORD1708ICT1?marker=741311
102,103,USD,ORD,LEX,"Lexington, United States",US,2026-08-16,0,https://www.aviasales.com/search/ORD1608LEX1?marker=741311
103,103,USD,DEN,FAR,"Fargo, United States",US,2026-08-21,0,https://www.aviasales.com/search/DEN2108FAR1?marker=741311
104,103,USD,DEN,ASE,"Aspen, United States",US,2026-08-16,0,https://www.aviasales.com/search/DEN1608ASE1?marker=741311
105,103,USD,DEN,GJT,"Grand Junction, United States",US,2026-08-16,0,https://www.aviasales.com/search/DEN1608GJT1?marker=741311
106,104,USD,ORD,ATW,"Appleton, United States",US,2026-08-14,0,https://www.aviasales.com/search/ORD1408ATW1?marker=741311
107,104,USD,DEN,BFF,"Scottsbluff, United States",US,2026-08-18,0,https://www.aviasales.com/search/DEN1808BFF1?marker=741311
108,105,USD,BOS,BDA,"Bermuda, Bermuda",BM,2026-09-26,1,https://www.aviasales.com/search/BOS2609BDA1?marker=741311
109,105,USD,FLL,BHM,"Birmingham, United States",US,2026-08-10,0,https://www.aviasales.com/search/FLL1008BHM1?marker=741311
110,105,USD,MIA,GCM,"Georgetown, Cayman Islands",KY,2026-08-27,0,https://www.aviasales.com/search/MIA2708GCM1?marker=741311
111,107,USD,ORD,PIA,"Peoria, United States",US,2026-08-14,0,https://www.aviasales.com/search/ORD1408PIA1?marker=741311
112,107,USD,LAX,EUG,"Eugene, United States",US,2026-10-21,1,https://www.aviasales.com/search/LAX2110EUG1?marker=741311
113,108,USD,MIA,SDQ,"Santo Domingo, Dominican Republic",DO,2026-10-01,0,https://www.aviasales.com/search/MIA0110SDQ1?marker=741311
114,109,USD,DFW,OAX,"Oaxaca, Mexico",MX,2026-09-27,1,https://www.aviasales.com/search/DFW2709OAX1?marker=741311
115,109,USD,LAX,CHS,"Charleston, United States",US,2026-08-22,0,https://www.aviasales.com/search/LAX2208CHS1?marker=741311
116,109,USD,JFK,HYA,"Hyannis, United States",US,2026-08-15,0,https://www.aviasales.com/search/JFK1508HYA1?marker=741311
117,110,USD,ORD,LIT,"Little Rock, United States",US,2026-09-02,1,https://www.aviasales.com/search/ORD0209LIT1?marker=741311
118,111,USD,IAD,BDL,"Hartford, United States",US,2026-08-18,0,https://www.aviasales.com/search/IAD1808BDL1?marker=741311
119,112,USD,JFK,PWM,"Portland, United States",US,2026-10-28,0,https://www.aviasales.com/search/JFK2810PWM1?marker=741311
120,112,USD,MCO,PVD,"Providence, United States",US,2026-09-19,1,https://www.aviasales.com/search/MCO1909PVD1?marker=741311
121,112,USD,MIA,HSV,"Huntsville, United States",US,2026-09-10,1,https://www.aviasales.com/search/MIA1009HSV1?marker=741311
122,112,USD,IAH,GPT,"Gulfport, United States",US,2026-08-18,0,https://www.aviasales.com/search/IAH1808GPT1?marker=741311
123,112,USD,DEN,CNY,"Moab, United States",US,2026-08-17,0,https://www.aviasales.com/search/DEN1708CNY1?marker=741311
124,114,USD,ATL,PBI,"West Palm Beach, United States",US,2026-08-19,1,https://www.aviasales.com/search/ATL1908PBI1?marker=741311
125,114,USD,IAD,SCE,"State College, United States",US,2026-08-13,0,https://www.aviasales.com/search/IAD1308SCE1?marker=741311
126,114,USD,DEN,MTJ,"Montrose, United States",US,2026-08-13,0,https://www.aviasales.com/search/DEN1308MTJ1?marker=741311
127,115,USD,IAD,PLS,"Providenciales, Turks and Caicos Islands",TC,2026-10-22,1,https://www.aviasales.com/search/IAD2210PLS1?marker=741311
128,115,USD,MIA,RIC,"Richmond, United States",US,2026-08-21,1,https://www.aviasales.com/search/MIA2108RIC1?marker=741311
129,116,USD,JFK,OMA,"Omaha, United States",US,2026-09-11,1,https://www.aviasales.com/search/JFK1109OMA1?marker=741311
130,117,USD,MCO,MYR,"Myrtle Beach, United States",US,2026-08-15,0,https://www.aviasales.com/search/MCO1508MYR1?marker=741311
131,118,USD,IAH,PBC,"Puebla, Mexico",MX,2026-08-23,1,https://www.aviasales.com/search/IAH2308PBC1?marker=741311
132,119,USD,ORD,SRQ,"Sarasota, United States",US,2026-08-24,0,https://www.aviasales.com/search/ORD2408SRQ1?marker=741311
133,120,USD,JFK,DAB,"Daytona Beach, United States",US,2026-09-21,1,https://www.aviasales.com/search/JFK2109DAB1?marker=741311
134,120,USD,IAH,GRR,"Grand Rapids, United States",US,2026-10-31,1,https://www.aviasales.com/search/IAH3110GRR1?marker=741311
135,121,USD,JFK,SYR,"Syracuse, United States",US,2026-08-13,0,https://www.aviasales.com/search/JFK1308SYR1?marker=741311
136,121,USD,MCO,PUJ,"Punta Cana, Dominican Republic",DO,2026-08-13,1,https://www.aviasales.com/search/MCO1308PUJ1?marker=741311
137,121,USD,IAH,PVR,"Puerto Vallarta, Mexico",MX,2026-09-07,1,https://www.aviasales.com/search/IAH0709PVR1?marker=741311
138,122,USD,ORD,MKG,"Muskegon, United States",US,2026-08-12,0,https://www.aviasales.com/search/ORD1208MKG1?marker=741311
139,122,USD,MCO,QRO,"Queretaro, Mexico",MX,2026-11-19,1,https://www.aviasales.com/search/MCO1911QRO1?marker=741311
140,122,USD,LAX,GEG,"Spokane, United States",US,2026-09-18,1,https://www.aviasales.com/search/LAX1809GEG1?marker=741311
141,123,USD,MCO,PSE,"Ponce, Puerto Rico",PR,2026-08-17,0,https://www.aviasales.com/search/MCO1708PSE1?marker=741311
142,123,USD,SEA,YWG,"Winnipeg, Canada",CA,2026-08-22,2,https://www.aviasales.com/search/SEA2208YWG1?marker=741311
143,124,USD,IAH,ZIH,"Ixtapa, Mexico",MX,2026-10-07,1,https://www.aviasales.com/search/IAH0710ZIH1?marker=741311
144,125,USD,ORD,GUA,"Guatemala City, Guatemala",GT,2026-09-07,1,https://www.aviasales.com/search/ORD0709GUA1?marker=741311
145,125,USD,IAH,VER,"Veracruz, Mexico",MX,2026-09-10,1,https://www.aviasales.com/search/IAH1009VER1?marker=741311
146,126,USD,MIA,MDE,"Medellin, Colombia",CO,2026-09-25,1,https://www.aviasales.com/search/MIA2509MDE1?marker=741311
147,126,USD,DEN,JAC,"Jackson, United States",US,2026-08-08,0,https://www.aviasales.com/search/DEN0808JAC1?marker=741311
148,126,USD,IAH,BTR,"Baton Rouge, United States",US,2026-08-13,0,https://www.aviasales.com/search/IAH1308BTR1?marker=741311
149,126,USD,LAX,SJD,"San Jose Del Cabo, Mexico",MX,2026-09-01,1,https://www.aviasales.com/search/LAX0109SJD1?marker=741311
150,127,USD,PHX,COS,"Colorado Springs, United States",US,2026-09-05,1,https://www.aviasales.com/search/PHX0509COS1?marker=741311
151,128,USD,MIA,BOG,"Bogota, Colombia",CO,2026-09-14,1,https://www.aviasales.com/search/MIA1409BOG1?marker=741311
152,129,USD,IAD,ROA,"Roanoke, United States",US,2026-08-11,0,https://www.aviasales.com/search/IAD1108ROA1?marker=741311
153,129,USD,MIA,POS,"Port Of Spain, Trinidad and Tobago",TT,2026-08-20,0,https://www.aviasales.com/search/MIA2008POS1?marker=741311
154,129,USD,ORD,MSN,"Madison, United States",US,2026-08-11,0,https://www.aviasales.com/search/ORD1108MSN1?marker=741311
155,129,USD,ORD,GRB,"Green Bay, United States",US,2026-08-09,0,https://www.aviasales.com/search/ORD0908GRB1?marker=741311
156,133,USD,IAD,CKB,"Clarksburg, United States",US,2026-08-17,0,https://www.aviasales.com/search/IAD1708CKB1?marker=741311
157,134,USD,DFW,MLB,"Melbourne, United States",US,2026-09-01,2,https://www.aviasales.com/search/DFW0109MLB1?marker=741311
158,134,USD,LAX,STS,"Santa Rosa, United States",US,2026-12-28,0,https://www.aviasales.com/search/LAX2812STS1?marker=741311
159,134,USD,ORD,DAY,"Dayton, United States",US,2026-08-09,0,https://www.aviasales.com/search/ORD0908DAY1?marker=741311
160,135,USD,DFW,HOT,"Hot Springs, United States",US,2026-08-16,0,https://www.aviasales.com/search/DFW1608HOT1?marker=741311
161,135,USD,PHX,MAF,"Midland, United States",US,2026-09-10,1,https://www.aviasales.com/search/PHX1009MAF1?marker=741311
162,135,USD,SFO,PGA,"Page, United States",US,2026-09-13,1,https://www.aviasales.com/search/SFO1309PGA1?marker=741311
163,136,USD,MIA,GGT,"George Town, Bahamas",BS,2026-08-08,1,https://www.aviasales.com/search/MIA0808GGT1?marker=741311
164,137,USD,SEA,ALW,"Walla Walla, United States",US,2026-10-01,0,https://www.aviasales.com/search/SEA0110ALW1?marker=741311
165,138,USD,FLL,SXM,"Sint Maarten, Sint Maarten",SX,2026-09-18,0,https://www.aviasales.com/search/FLL1809SXM1?marker=741311
166,138,USD,ORD,ALB,"Albany, United States",US,2026-09-01,0,https://www.aviasales.com/search/ORD0109ALB1?marker=741311
167,139,USD,JFK,ROM,"Rome, Italy",IT,2026-10-20,0,https://www.aviasales.com/search/JFK2010ROM1?marker=741311
168,139,USD,JFK,ATH,"Athens, Greece",GR,2026-10-18,0,https://www.aviasales.com/search/JFK1810ATH1?marker=741311
169,139,USD,MIA,LIM,"Lima, Peru",PE,2026-09-14,1,https://www.aviasales.com/search/MIA1409LIM1?marker=741311
170,139,USD,BNA,VPS,"Fort Walton Beach, United States",US,2026-10-06,1,https://www.aviasales.com/search/BNA0610VPS1?marker=741311
171,140,USD,MCO,LON,"London, United Kingdom",GB,2026-10-19,0,https://www.aviasales.com/search/MCO1910LON1?marker=741311
172,141,USD,JFK,KIN,"Kingston, Jamaica",JM,2026-12-02,1,https://www.aviasales.com/search/JFK0212KIN1?marker=741311
173,141,USD,TPA,BTV,"Burlington, United States",US,2026-10-07,0,https://www.aviasales.com/search/TPA0710BTV1?marker=741311
174,143,USD,BOS,STI,"Santiago, Dominican Republic",DO,2026-08-23,1,https://www.aviasales.com/search/BOS2308STI1?marker=741311
175,143,USD,ORD,SLP,"San Luis Potosi, Mexico",MX,2026-08-21,1,https://www.aviasales.com/search/ORD2108SLP1?marker=741311
176,144,USD,DCA,MBJ,"Montego Bay, Jamaica",JM,2026-08-28,2,https://www.aviasales.com/search/DCA2808MBJ1?marker=741311
177,144,USD,MIA,HAV,"Havana, Cuba",CU,2026-09-06,1,https://www.aviasales.com/search/MIA0609HAV1?marker=741311
178,144,USD,IAD,LYH,"Lynchburg, United States",US,2026-08-16,0,https://www.aviasales.com/search/IAD1608LYH1?marker=741311
179,144,USD,ORD,ACA,"Acapulco, Mexico",MX,2026-08-29,1,https://www.aviasales.com/search/ORD2908ACA1?marker=741311
180,145,USD,PDX,LIH,"Kauai Island, United States",US,2026-09-01,1,https://www.aviasales.com/search/PDX0109LIH1?marker=741311
181,145,USD,LAX,HMO,"Hermosillo, Mexico",MX,2026-08-21,1,https://www.aviasales.com/search/LAX2108HMO1?marker=741311
182,147,USD,MCO,ORH,"Worcester, United States",US,2026-09-01,1,https://www.aviasales.com/search/MCO0109ORH1?marker=741311
183,147,USD,FLL,PGD,"Punta Gorda, United States",US,2026-08-13,1,https://www.aviasales.com/search/FLL1308PGD1?marker=741311
184,148,USD,MIA,SCL,"Santiago, Chile",CL,2026-09-30,1,https://www.aviasales.com/search/MIA3009SCL1?marker=741311
185,150,USD,LAX,HNL,"Honolulu, United States",US,2026-10-27,0,https://www.aviasales.com/search/LAX2710HNL1?marker=741311
186,150,USD,IAH,SAL,"San Salvador, El Salvador",SV,2026-09-07,1,https://www.aviasales.com/search/IAH0709SAL1?marker=741311
187,150,USD,MCO,BHZ,"Belo Horizonte, Brazil",BR,2026-08-09,1,https://www.aviasales.com/search/MCO0908BHZ1?marker=741311
188,151,USD,IAD,CTG,"Cartagena, Colombia",CO,2026-09-07,1,https://www.aviasales.com/search/IAD0709CTG1?marker=741311
189,151,USD,LAX,TIJ,"Tijuana, Mexico",MX,2026-08-08,1,https://www.aviasales.com/search/LAX0808TIJ1?marker=741311
190,152,USD,ORD,MLI,"Moline, United States",US,2026-08-15,0,https://www.aviasales.com/search/ORD1508MLI1?marker=741311
191,152,USD,DFW,CHA,"Chattanooga, United States",US,2026-08-16,1,https://www.aviasales.com/search/DFW1608CHA1?marker=741311
192,152,USD,PHX,GCN,"Grand Canyon, United States",US,2026-08-17,0,https://www.aviasales.com/search/PHX1708GCN1?marker=741311
193,152,USD,MCO,FPO,"Freeport, Bahamas",BS,2026-08-08,2,https://www.aviasales.com/search/MCO0808FPO1?marker=741311
194,152,USD,MCO,MVY,"Martha's Vineyard, United States",US,2026-09-05,1,https://www.aviasales.com/search/MCO0509MVY1?marker=741311
195,154,USD,SEA,YOW,"Ottawa, Canada",CA,2026-09-22,1,https://www.aviasales.com/search/SEA2209YOW1?marker=741311
196,155,USD,MIA,STT,"Saint Thomas, U.S. Virgin Islands",VI,2026-09-22,1,https://www.aviasales.com/search/MIA2209STT1?marker=741311
197,156,USD,MIA,VRA,"Varadero, Cuba",CU,2026-09-07,0,https://www.aviasales.com/search/MIA0709VRA1?marker=741311
198,157,USD,SFO,KOA,"Kailua-Kona, United States",US,2026-09-23,0,https://www.aviasales.com/search/SFO2309KOA1?marker=741311
199,157,USD,PDX,SGU,"Saint George, United States",US,2026-08-14,1,https://www.aviasales.com/search/PDX1408SGU1?marker=741311
200,159,USD,LAX,OGG,"Kahului, United States",US,2026-09-01,0,https://www.aviasales.com/search/LAX0109OGG1?marker=741311
201,161,USD,PHX,ABE,"Allentown, United States",US,2026-09-24,1,https://www.aviasales.com/search/PHX2409ABE1?marker=741311
202,161,USD,IAD,SJO,"San Jose, Costa Rica",CR,2026-10-28,1,https://www.aviasales.com/search/IAD2810SJO1?marker=741311
203,161,USD,ORD,SGF,"Springfield, United States",US,2026-09-09,0,https://www.aviasales.com/search/ORD0909SGF1?marker=741311
204,161,USD,PHL,ILM,"Wilmington, United States",US,2026-08-16,0,https://www.aviasales.com/search/PHL1608ILM1?marker=741311
205,162,USD,MIA,GNV,"Gainesville, United States",US,2026-08-12,0,https://www.aviasales.com/search/MIA1208GNV1?marker=741311
206,162,USD,CLT,AGS,"Augusta, United States",US,2026-08-14,0,https://www.aviasales.com/search/CLT1408AGS1?marker=741311
207,162,USD,IAD,CLO,"Cali, Colombia",CO,2026-09-07,1,https://www.aviasales.com/search/IAD0709CLO1?marker=741311
208,162,USD,PHL,GSO,"Greensboro, United States",US,2026-08-13,0,https://www.aviasales.com/search/PHL1308GSO1?marker=741311
209,162,USD,MIA,TAM,"Tampico, Mexico",MX,2026-12-12,1,https://www.aviasales.com/search/MIA1212TAM1?marker=741311
210,162,USD,ORD,MHK,"Manhattan, United States",US,2026-08-11,0,https://www.aviasales.com/search/ORD1108MHK1?marker=741311
211,162,USD,CLT,HHH,"Hilton Head, United States",US,2026-08-17,0,https://www.aviasales.com/search/CLT1708HHH1?marker=741311
212,162,USD,JFK,AUA,"Oranjestad, Aruba",AW,2026-12-31,0,https://www.aviasales.com/search/JFK3112AUA1?marker=741311
213,162,USD,CLT,SBY,"Salisbury-Ocean City, United States",US,2026-08-12,0,https://www.aviasales.com/search/CLT1208SBY1?marker=741311
214,163,USD,DFW,AEX,"Alexandria, United States",US,2026-08-14,0,https://www.aviasales.com/search/DFW1408AEX1?marker=741311
215,163,USD,IAH,HRL,"Harlingen, United States",US,2026-08-18,1,https://www.aviasales.com/search/IAH1808HRL1?marker=741311
216,163,USD,SEA,MSO,"Missoula, United States",US,2026-12-01,0,https://www.aviasales.com/search/SEA0112MSO1?marker=741311
217,164,USD,MIA,LIR,"Liberia, Costa Rica",CR,2026-10-27,0,https://www.aviasales.com/search/MIA2710LIR1?marker=741311
218,166,USD,JFK,BGI,"Bridgetown, Barbados",BB,2026-09-04,0,https://www.aviasales.com/search/JFK0409BGI1?marker=741311
219,166,USD,LAX,SHV,"Shreveport, United States",US,2026-08-12,1,https://www.aviasales.com/search/LAX1208SHV1?marker=741311
220,166,USD,SEA,YQR,"Regina, Canada",CA,2026-08-28,2,https://www.aviasales.com/search/SEA2808YQR1?marker=741311
221,167,USD,ORD,DUB,"Dublin, Ireland",IE,2027-02-01,1,https://www.aviasales.com/search/ORD0102DUB1?marker=741311
222,167,USD,ORD,YXJ,"Fort St John, Canada",CA,2026-09-28,2,https://www.aviasales.com/search/ORD2809YXJ1?marker=741311
223,168,USD,BOS,BHB,"Bar Harbor, United States",US,2026-08-17,0,https://www.aviasales.com/search/BOS1708BHB1?marker=741311
224,168,USD,TPA,YHZ,"Halifax, Canada",CA,2026-11-01,1,https://www.aviasales.com/search/TPA0111YHZ1?marker=741311
225,169,USD,MCO,HAR,"Harrisburg, United States",US,2026-08-20,1,https://www.aviasales.com/search/MCO2008HAR1?marker=741311
226,170,USD,DEN,MHT,"Manchester, United States",US,2026-09-05,2,https://www.aviasales.com/search/DEN0509MHT1?marker=741311
227,171,USD,DFW,MIL,"Milan, Italy",IT,2027-01-13,2,https://www.aviasales.com/search/DFW1301MIL1?marker=741311
228,171,USD,MIA,SAO,"Sao Paulo, Brazil",BR,2026-08-17,1,https://www.aviasales.com/search/MIA1708SAO1?marker=741311
229,172,USD,IAH,TQO,"Tulum, Mexico",MX,2026-12-11,1,https://www.aviasales.com/search/IAH1112TQO1?marker=741311
230,173,USD,MIA,GEO,"Georgetown, Guyana",GY,2026-11-03,0,https://www.aviasales.com/search/MIA0311GEO1?marker=741311
231,173,USD,DEN,PVU,"Provo, United States",US,2026-08-15,1,https://www.aviasales.com/search/DEN1508PVU1?marker=741311
232,173,USD,PHX,CID,"Cedar Rapids, United States",US,2026-08-16,0,https://www.aviasales.com/search/PHX1608CID1?marker=741311
233,174,USD,MCO,SBN,"South Bend, United States",US,2026-08-21,2,https://www.aviasales.com/search/MCO2108SBN1?marker=741311
234,175,USD,JFK,BCN,"Barcelona, Spain",ES,2026-10-20,1,https://www.aviasales.com/search/JFK2010BCN1?marker=741311
235,175,USD,LAX,RDD,"Redding, United States",US,2026-09-04,0,https://www.aviasales.com/search/LAX0409RDD1?marker=741311
236,177,USD,IAH,MZT,"Mazatlan, Mexico",MX,2026-09-03,1,https://www.aviasales.com/search/IAH0309MZT1?marker=741311
237,177,USD,LAX,LAP,"La Paz, Mexico",MX,2026-08-16,1,https://www.aviasales.com/search/LAX1608LAP1?marker=741311
238,178,USD,LAS,BFL,"Bakersfield, United States",US,2026-09-02,1,https://www.aviasales.com/search/LAS0209BFL1?marker=741311
239,179,USD,JFK,TIA,"Tirana, Albania",AL,2026-10-15,1,https://www.aviasales.com/search/JFK1510TIA1?marker=741311
240,182,USD,JFK,AGP,"Malaga, Spain",ES,2026-10-02,1,https://www.aviasales.com/search/JFK0210AGP1?marker=741311
241,182,USD,ATL,TGZ,"Tuxtla Gutierrez, Mexico",MX,2026-10-02,1,https://www.aviasales.com/search/ATL0210TGZ1?marker=741311
242,183,USD,MIA,PAR,"Paris, France",FR,2026-10-10,0,https://www.aviasales.com/search/MIA1010PAR1?marker=741311
243,186,USD,MCO,UIO,"Quito, Ecuador",EC,2027-01-20,1,https://www.aviasales.com/search/MCO2001UIO1?marker=741311
244,186,USD,TPA,TOL,"Toledo, United States",US,2026-08-20,0,https://www.aviasales.com/search/TPA2008TOL1?marker=741311
245,187,USD,MIA,SAP,"San Pedro Sula, Honduras",HN,2026-11-12,0,https://www.aviasales.com/search/MIA1211SAP1?marker=741311
246,187,USD,SEA,RDM,"Redmond, United States",US,2026-09-04,0,https://www.aviasales.com/search/SEA0409RDM1?marker=741311
247,187,USD,MCO,BQN,"Aguadilla, Puerto Rico",PR,2026-08-10,0,https://www.aviasales.com/search/MCO1008BQN1?marker=741311
248,188,USD,DFW,CRP,"Corpus Christi, United States",US,2026-08-09,1,https://www.aviasales.com/search/DFW0908CRP1?marker=741311
249,189,USD,MIA,ANC,"Anchorage, United States",US,2026-09-11,1,https://www.aviasales.com/search/MIA1109ANC1?marker=741311
250,189,USD,ORD,RAP,"Rapid City, United States",US,2026-08-19,0,https://www.aviasales.com/search/ORD1908RAP1?marker=741311
251,192,USD,ORD,FWA,"Fort Wayne, United States",US,2026-08-20,1,https://www.aviasales.com/search/ORD2008FWA1?marker=741311
252,192,USD,JFK,FLO,"Florence, United States",US,2026-09-12,1,https://www.aviasales.com/search/JFK1209FLO1?marker=741311
253,193,USD,MCO,HPN,"Westchester County, United States",US,2026-08-15,1,https://www.aviasales.com/search/MCO1508HPN1?marker=741311
254,193,USD,PHX,PUB,"Pueblo, United States",US,2026-08-18,1,https://www.aviasales.com/search/PHX1808PUB1?marker=741311
255,194,USD,ORD,BUE,"Buenos Aires, Argentina",AR,2026-09-07,1,https://www.aviasales.com/search/ORD0709BUE1?marker=741311
256,194,USD,MIA,GYE,"Guayaquil, Ecuador",EC,2026-09-01,2,https://www.aviasales.com/search/MIA0109GYE1?marker=741311
257,194,USD,DEN,AMA,"Amarillo, United States",US,2026-08-17,1,https://www.aviasales.com/search/DEN1708AMA1?marker=741311
258,194,USD,ORD,DLH,"Duluth, United States",US,2026-09-17,0,https://www.aviasales.com/search/ORD1709DLH1?marker=741311
259,194,USD,LAX,PRC,"Prescott, United States",US,2026-08-21,0,https://www.aviasales.com/search/LAX2108PRC1?marker=741311
260,195,USD,IAD,CAE,"Columbia, United States",US,2026-11-01,0,https://www.aviasales.com/search/IAD0111CAE1?marker=741311
261,195,USD,AUS,PEI,"Pereira, Colombia",CO,2026-08-28,2,https://www.aviasales.com/search/AUS2808PEI1?marker=741311
262,196,USD,IAD,IDA,"Idaho Falls, United States",US,2026-08-27,1,https://www.aviasales.com/search/IAD2708IDA1?marker=741311
263,198,USD,JFK,LCA,"Larnaca, Cyprus",CY,2026-10-15,1,https://www.aviasales.com/search/JFK1510LCA1?marker=741311
264,199,USD,BOS,VEL,"Vernal, United States",US,2026-08-30,2,https://www.aviasales.com/search/BOS3008VEL1?marker=741311
265,199,USD,MIA,IQT,"Iquitos, Peru",PE,2026-11-04,1,https://www.aviasales.com/search/MIA0411IQT1?marker=741311
266,201,USD,JFK,CPH,"Copenhagen, Denmark",DK,2026-10-28,1,https://www.aviasales.com/search/JFK2810CPH1?marker=741311
267,202,USD,IAD,AVP,"Wilkes-Barre, United States",US,2026-08-18,1,https://www.aviasales.com/search/IAD1808AVP1?marker=741311
268,202,USD,LAX,MFR,"Medford, United States",US,2026-08-14,1,https://www.aviasales.com/search/LAX1408MFR1?marker=741311
269,203,USD,JFK,AGU,"Aguascalientes, Mexico",MX,2026-10-20,1,https://www.aviasales.com/search/JFK2010AGU1?marker=741311
270,203,USD,DFW,CUU,"Chihuahua, Mexico",MX,2026-09-04,1,https://www.aviasales.com/search/DFW0409CUU1?marker=741311
271,206,USD,MCO,STX,"Saint Croix, U.S. Virgin Islands",VI,2026-08-20,1,https://www.aviasales.com/search/MCO2008STX1?marker=741311
272,207,USD,LAX,BZE,"Belize City, Belize",BZ,2026-09-18,1,https://www.aviasales.com/search/LAX1809BZE1?marker=741311
273,207,USD,DFW,ZCL,"Zacatecas, Mexico",MX,2026-09-04,2,https://www.aviasales.com/search/DFW0409ZCL1?marker=741311
274,208,USD,MIA,PTY,"Panama City, Panama",PA,2026-10-14,1,https://www.aviasales.com/search/MIA1410PTY1?marker=741311
275,209,USD,JFK,AYT,"Antalya, Turkiye",TR,2026-10-03,1,https://www.aviasales.com/search/JFK0310AYT1?marker=741311
276,212,USD,JFK,BGR,"Bangor, United States",US,2026-11-10,1,https://www.aviasales.com/search/JFK1011BGR1?marker=741311
277,212,USD,JFK,WAW,"Warsaw, Poland",PL,2026-10-20,1,https://www.aviasales.com/search/JFK2010WAW1?marker=741311
278,212,USD,CLT,FRA,"Frankfurt, Germany",DE,2026-10-19,2,https://www.aviasales.com/search/CLT1910FRA1?marker=741311
279,213,USD,SEA,PSC,"Pasco, United States",US,2026-08-29,1,https://www.aviasales.com/search/SEA2908PSC1?marker=741311
280,214,USD,JFK,BEG,"Belgrade, Serbia",RS,2026-10-13,1,https://www.aviasales.com/search/JFK1310BEG1?marker=741311
281,215,USD,JFK,VLC,"Valencia, Spain",ES,2026-10-17,1,https://www.aviasales.com/search/JFK1710VLC1?marker=741311
282,215,USD,PHX,ACV,"Arcata, United States",US,2026-08-18,1,https://www.aviasales.com/search/PHX1808ACV1?marker=741311
283,216,USD,BOS,POP,"Puerto Plata, Dominican Republic",DO,2026-09-06,2,https://www.aviasales.com/search/BOS0609POP1?marker=741311
284,216,USD,MIA,ELH,"North Eleuthera, Bahamas",BS,2026-09-07,1,https://www.aviasales.com/search/MIA0709ELH1?marker=741311
285,219,USD,LAX,TYO,"Tokyo, Japan",JP,2026-08-30,0,https://www.aviasales.com/search/LAX3008TYO1?marker=741311
286,219,USD,JFK,KUT,"Kutaisi, Georgia",GE,2026-09-29,2,https://www.aviasales.com/search/JFK2909KUT1?marker=741311
287,221,USD,IAH,MOB,"Mobile, United States",US,2026-08-24,1,https://www.aviasales.com/search/IAH2408MOB1?marker=741311
288,222,USD,IAD,ERI,"Erie, United States",US,2026-08-21,1,https://www.aviasales.com/search/IAD2108ERI1?marker=741311
289,222,USD,BNA,TRI,"Blountville, United States",US,2026-08-16,2,https://www.aviasales.com/search/BNA1608TRI1?marker=741311
290,222,USD,SFO,YXE,"Saskatoon, Canada",CA,2026-12-01,3,https://www.aviasales.com/search/SFO0112YXE1?marker=741311
291,223,USD,MCO,RIO,"Rio de Janeiro, Brazil",BR,2027-01-20,1,https://www.aviasales.com/search/MCO2001RIO1?marker=741311
292,223,USD,DEN,MOT,"Minot, United States",US,2026-08-19,1,https://www.aviasales.com/search/DEN1908MOT1?marker=741311
293,224,USD,IAD,CHO,"Charlottesville, United States",US,2026-09-17,0,https://www.aviasales.com/search/IAD1709CHO1?marker=741311
294,224,USD,SEA,FCA,"Kalispell, United States",US,2026-08-08,0,https://www.aviasales.com/search/SEA0808FCA1?marker=741311
295,226,USD,JFK,GND,"St. George's, Grenada",GD,2026-11-12,1,https://www.aviasales.com/search/JFK1211GND1?marker=741311
296,226,USD,DEN,FAI,"Fairbanks, United States",US,2026-10-05,1,https://www.aviasales.com/search/DEN0510FAI1?marker=741311
297,226,USD,JFK,LEB,"Lebanon, United States",US,2026-08-11,1,https://www.aviasales.com/search/JFK1108LEB1?marker=741311
298,227,USD,JFK,ANU,"Saint John's, Antigua and Barbuda",AG,2026-09-26,2,https://www.aviasales.com/search/JFK2609ANU1?marker=741311
299,227,USD,JFK,DUS,"Dusseldorf, Germany",DE,2026-10-13,2,https://www.aviasales.com/search/JFK1310DUS1?marker=741311
300,227,USD,LAX,MAM,"Matamoros, Mexico",MX,2026-08-18,2,https://www.aviasales.com/search/LAX1808MAM1?marker=741311
301,227,USD,LAX,ZLO,"Manzanillo, Mexico",MX,2026-08-16,2,https://www.aviasales.com/search/LAX1608ZLO1?marker=741311
302,227,USD,LAS,TAP,"Tapachula, Mexico",MX,2026-08-17,2,https://www.aviasales.com/search/LAS1708TAP1?marker=741311
303,228,USD,JFK,RMO,"Chisinau, Moldova",MD,2026-10-02,1,https://www.aviasales.com/search/JFK0210RMO1?marker=741311
304,230,USD,JFK,BUD,"Budapest, Hungary",HU,2026-09-29,1,https://www.aviasales.com/search/JFK2909BUD1?marker=741311
305,231,USD,SEA,GDN,"Gdansk, Poland",PL,2026-10-21,2,https://www.aviasales.com/search/SEA2110GDN1?marker=741311
306,231,USD,JFK,ECP,"Panama City, United States",US,2026-09-13,1,https://www.aviasales.com/search/JFK1309ECP1?marker=741311
307,233,USD,JFK,LIS,"Lisbon, Portugal",PT,2026-10-20,1,https://www.aviasales.com/search/JFK2010LIS1?marker=741311
308,233,USD,MCO,BGA,"Bucaramanga, Colombia",CO,2026-10-08,1,https://www.aviasales.com/search/MCO0810BGA1?marker=741311
309,234,USD,ATL,HUX,"Huatulco, Mexico",MX,2026-09-25,2,https://www.aviasales.com/search/ATL2509HUX1?marker=741311
310,235,USD,JFK,ALC,"Alicante, Spain",ES,2026-09-06,1,https://www.aviasales.com/search/JFK0609ALC1?marker=741311
311,236,USD,JFK,VCE,"Venice, Italy",IT,2026-09-15,1,https://www.aviasales.com/search/JFK1509VCE1?marker=741311
312,236,USD,DEN,GUC,"Gunnison, United States",US,2026-08-14,0,https://www.aviasales.com/search/DEN1408GUC1?marker=741311
313,236,USD,PHL,LBB,"Lubbock, United States",US,2026-12-24,1,https://www.aviasales.com/search/PHL2412LBB1?marker=741311
314,237,USD,MCO,ALS,"Alamosa, United States",US,2026-09-04,1,https://www.aviasales.com/search/MCO0409ALS1?marker=741311
315,238,USD,JFK,PRG,"Prague, Czech Republic",CZ,2026-09-20,1,https://www.aviasales.com/search/JFK2009PRG1?marker=741311
316,238,USD,MIA,MGA,"Managua, Nicaragua",NI,2026-10-22,0,https://www.aviasales.com/search/MIA2210MGA1?marker=741311
317,239,USD,PHX,EVV,"Evansville, United States",US,2026-08-15,2,https://www.aviasales.com/search/PHX1508EVV1?marker=741311
318,240,USD,JFK,MAD,"Madrid, Spain",ES,2026-10-17,1,https://www.aviasales.com/search/JFK1710MAD1?marker=741311
319,240,USD,JFK,AMS,"Amsterdam, Netherlands",NL,2026-10-03,1,https://www.aviasales.com/search/JFK0310AMS1?marker=741311
320,242,USD,ATL,AUG,"Augusta, United States",US,2026-08-16,2,https://www.aviasales.com/search/ATL1608AUG1?marker=741311
321,242,USD,JFK,EDI,"Edinburgh, United Kingdom",GB,2026-09-20,1,https://www.aviasales.com/search/JFK2009EDI1?marker=741311
322,242,USD,JFK,MUC,"Munich, Germany",DE,2026-10-11,1,https://www.aviasales.com/search/JFK1110MUC1?marker=741311
323,242,USD,MCO,AXM,"Armenia, Colombia",CO,2026-08-15,2,https://www.aviasales.com/search/MCO1508AXM1?marker=741311
324,243,USD,BNA,BIL,"Billings, United States",US,2026-08-15,1,https://www.aviasales.com/search/BNA1508BIL1?marker=741311
325,244,USD,JFK,BER,"Berlin, Germany",DE,2026-10-20,2,https://www.aviasales.com/search/JFK2010BER1?marker=741311
326,244,USD,JFK,BOJ,"Bourgas, Bulgaria",BG,2026-09-25,1,https://www.aviasales.com/search/JFK2509BOJ1?marker=741311
327,245,USD,DFW,SGN,"Ho Chi Minh City, Vietnam",VN,2027-02-01,2,https://www.aviasales.com/search/DFW0102SGN1?marker=741311
328,245,USD,JFK,IBZ,"Ibiza, Spain",ES,2026-08-17,1,https://www.aviasales.com/search/JFK1708IBZ1?marker=741311
329,245,USD,DTW,JAN,"Jackson, United States",US,2026-08-21,1,https://www.aviasales.com/search/DTW2108JAN1?marker=741311
330,248,USD,JFK,IST,"Istanbul, Turkiye",TR,2026-10-02,1,https://www.aviasales.com/search/JFK0210IST1?marker=741311
331,248,USD,SEA,PUW,"Pullman, United States",US,2026-08-18,0,https://www.aviasales.com/search/SEA1808PUW1?marker=741311
332,249,USD,BOS,PDL,"Ponta Delgada, Portugal",PT,2026-08-24,1,https://www.aviasales.com/search/BOS2408PDL1?marker=741311
333,250,USD,MIA,OGL,"Georgetown, Guyana",GY,2026-11-03,1,https://www.aviasales.com/search/MIA0311OGL1?marker=741311
334,250,USD,MIA,VRB,"Vero Beach, United States",US,2026-08-14,1,https://www.aviasales.com/search/MIA1408VRB1?marker=741311
335,251,USD,ORD,NVA,"Neiva, Colombia",CO,2026-11-18,2,https://www.aviasales.com/search/ORD1811NVA1?marker=741311
336,251,USD,JFK,CUE,"Cuenca, Ecuador",EC,2027-02-04,2,https://www.aviasales.com/search/JFK0402CUE1?marker=741311
337,252,USD,MIA,FDF,"Fort-de-France, Martinique",MQ,2027-01-07,1,https://www.aviasales.com/search/MIA0701FDF1?marker=741311
338,253,USD,JFK,BUH,"Bucharest, Romania",RO,2026-09-29,1,https://www.aviasales.com/search/JFK2909BUH1?marker=741311
339,253,USD,JFK,OPO,"Porto, Portugal",PT,2026-09-20,1,https://www.aviasales.com/search/JFK2009OPO1?marker=741311
340,253,USD,FLL,CAP,"Cap Haitien, Haiti",HT,2026-08-15,0,https://www.aviasales.com/search/FLL1508CAP1?marker=741311
341,253,USD,JFK,POZ,"Poznan, Poland",PL,2026-09-15,1,https://www.aviasales.com/search/JFK1509POZ1?marker=741311
342,254,USD,BOS,RTB,"Roatan, Honduras",HN,2027-01-30,2,https://www.aviasales.com/search/BOS3001RTB1?marker=741311
343,254,USD,MIA,SRZ,"Santa Cruz, Bolivia",BO,2026-09-09,2,https://www.aviasales.com/search/MIA0909SRZ1?marker=741311
344,256,USD,DFW,MGM,"Montgomery, United States",US,2026-08-08,0,https://www.aviasales.com/search/DFW0808MGM1?marker=741311
345,257,USD,ATL,OLB,"Olbia, Italy",IT,2026-10-14,2,https://www.aviasales.com/search/ATL1410OLB1?marker=741311
346,258,USD,JFK,CAI,"Cairo, Egypt",EG,2026-10-14,1,https://www.aviasales.com/search/JFK1410CAI1?marker=741311
347,260,USD,JFK,KSC,"Kosice, Slovakia",SK,2026-08-24,1,https://www.aviasales.com/search/JFK2408KSC1?marker=741311
348,260,USD,RDU,BKW,"Beckley, United States",US,2026-08-16,2,https://www.aviasales.com/search/RDU1608BKW1?marker=741311
349,261,USD,JFK,BAK,"Baku, Azerbaijan",AZ,2026-10-15,2,https://www.aviasales.com/search/JFK1510BAK1?marker=741311
350,261,USD,JFK,TAB,"Tobago, Trinidad and Tobago",TT,2026-08-18,1,https://www.aviasales.com/search/JFK1808TAB1?marker=741311
351,261,USD,LAX,YMM,"Fort McMurray, Canada",CA,2026-10-01,3,https://www.aviasales.com/search/LAX0110YMM1?marker=741311
352,263,USD,JFK,DBV,"Dubrovnik, Croatia",HR,2026-08-18,1,https://www.aviasales.com/search/JFK1808DBV1?marker=741311
353,263,USD,JFK,BIO,"Bilbao, Spain",ES,2026-08-23,1,https://www.aviasales.com/search/JFK2308BIO1?marker=741311
354,265,USD,JFK,EVN,"Yerevan, Armenia",AM,2026-10-15,2,https://www.aviasales.com/search/JFK1510EVN1?marker=741311
355,265,USD,PHL,YQB,"Quebec, Canada",CA,2026-10-02,1,https://www.aviasales.com/search/PHL0210YQB1?marker=741311
356,267,USD,JFK,BRI,"Bari, Italy",IT,2026-09-06,2,https://www.aviasales.com/search/JFK0609BRI1?marker=741311
357,267,USD,LAX,SOF,"Sofia, Bulgaria",BG,2026-11-18,2,https://www.aviasales.com/search/LAX1811SOF1?marker=741311
358,267,USD,JFK,HAM,"Hamburg, Germany",DE,2026-09-27,1,https://www.aviasales.com/search/JFK2709HAM1?marker=741311
359,267,USD,JFK,CUR,"Curacao, Curaçao",CW,2027-01-06,1,https://www.aviasales.com/search/JFK0601CUR1?marker=741311
360,267,USD,SEA,YLW,"Kelowna, Canada",CA,2026-08-16,1,https://www.aviasales.com/search/SEA1608YLW1?marker=741311
361,269,USD,JFK,SSH,"Sharm el Sheikh, Egypt",EG,2026-10-19,1,https://www.aviasales.com/search/JFK1910SSH1?marker=741311
362,269,USD,SEA,BRU,"Brussels, Belgium",BE,2026-11-03,1,https://www.aviasales.com/search/SEA0311BRU1?marker=741311
363,270,USD,IAH,LCH,"Lake Charles, United States",US,2026-08-17,0,https://www.aviasales.com/search/IAH1708LCH1?marker=741311
364,271,USD,SFO,ITO,"Hilo, United States",US,2026-08-31,1,https://www.aviasales.com/search/SFO3108ITO1?marker=741311
365,272,USD,SEA,ZRH,"Zurich, Switzerland",CH,2026-11-10,1,https://www.aviasales.com/search/SEA1011ZRH1?marker=741311
366,272,USD,JFK,PUY,"Pula, Croatia",HR,2026-09-13,1,https://www.aviasales.com/search/JFK1309PUY1?marker=741311
367,274,USD,FLL,EGE,"Vail, United States",US,2026-08-16,1,https://www.aviasales.com/search/FLL1608EGE1?marker=741311
368,275,USD,SEA,WRO,"Wroclaw, Poland",PL,2026-10-21,3,https://www.aviasales.com/search/SEA2110WRO1?marker=741311
369,276,USD,BOS,SNN,"Shannon, Ireland",IE,2026-10-15,2,https://www.aviasales.com/search/BOS1510SNN1?marker=741311
370,276,USD,JFK,TCI,"Tenerife, Spain",ES,2026-09-21,2,https://www.aviasales.com/search/JFK2109TCI1?marker=741311
371,277,USD,DEN,UIN,"Quincy, United States",US,2026-08-15,1,https://www.aviasales.com/search/DEN1508UIN1?marker=741311
372,277,USD,SEA,YKM,"Yakima, United States",US,2026-08-16,0,https://www.aviasales.com/search/SEA1608YKM1?marker=741311
373,278,USD,JFK,TLL,"Tallinn, Estonia",EE,2026-10-05,3,https://www.aviasales.com/search/JFK0510TLL1?marker=741311
374,280,USD,MIA,XPL,"Comayagua, Honduras",HN,2026-08-31,2,https://www.aviasales.com/search/MIA3108XPL1?marker=741311
375,280,USD,ORD,LNK,"Lincoln, United States",US,2026-08-17,0,https://www.aviasales.com/search/ORD1708LNK1?marker=741311
376,281,USD,JFK,KRK,"Krakow, Poland",PL,2026-09-10,1,https://www.aviasales.com/search/JFK1009KRK1?marker=741311
377,281,USD,SLC,WYS,"West Yellowstone, United States",US,2026-08-13,1,https://www.aviasales.com/search/SLC1308WYS1?marker=741311
378,282,USD,BOS,DXB,"Dubai, United Arab Emirates",AE,2026-09-07,1,https://www.aviasales.com/search/BOS0709DXB1?marker=741311
379,282,USD,MCO,VIE,"Vienna, Austria",AT,2026-10-03,2,https://www.aviasales.com/search/MCO0310VIE1?marker=741311
380,282,USD,IAD,EWN,"New Bern, United States",US,2026-08-17,2,https://www.aviasales.com/search/IAD1708EWN1?marker=741311
381,282,USD,JFK,SPU,"Split, Croatia",HR,2026-08-18,1,https://www.aviasales.com/search/JFK1808SPU1?marker=741311
382,283,USD,JFK,LHE,"Lahore, Pakistan",PK,2026-08-31,1,https://www.aviasales.com/search/JFK3108LHE1?marker=741311
383,283,USD,DFW,NCE,"Nice, France",FR,2026-10-16,3,https://www.aviasales.com/search/DFW1610NCE1?marker=741311
384,284,USD,LAX,MNL,"Manila, Philippines",PH,2026-10-15,1,https://www.aviasales.com/search/LAX1510MNL1?marker=741311
385,284,USD,JFK,IAG,"Niagara Falls, United States",US,2026-09-02,1,https://www.aviasales.com/search/JFK0209IAG1?marker=741311
386,285,USD,JFK,AOI,"Ancona, Italy",IT,2026-09-06,1,https://www.aviasales.com/search/JFK0609AOI1?marker=741311
387,285,USD,DEN,HDN,"Hayden, United States",US,2026-08-12,0,https://www.aviasales.com/search/DEN1208HDN1?marker=741311
388,285,USD,PDX,KUN,"Kaunas, Lithuania",LT,2026-08-26,2,https://www.aviasales.com/search/PDX2608KUN1?marker=741311
389,286,USD,SEA,GLA,"Glasgow, United Kingdom",GB,2026-11-03,1,https://www.aviasales.com/search/SEA0311GLA1?marker=741311
390,286,USD,LAX,SMX,"Santa Maria, United States",US,2026-08-16,1,https://www.aviasales.com/search/LAX1608SMX1?marker=741311
391,287,USD,JFK,VNO,"Vilnius, Lithuania",LT,2026-09-02,2,https://www.aviasales.com/search/JFK0209VNO1?marker=741311
392,289,USD,JFK,OSL,"Oslo, Norway",NO,2026-12-08,1,https://www.aviasales.com/search/JFK0812OSL1?marker=741311
393,290,USD,JFK,REU,"Reus, Spain",ES,2026-08-11,1,https://www.aviasales.com/search/JFK1108REU1?marker=741311
394,290,USD,LAS,CRW,"Charleston, United States",US,2026-08-13,3,https://www.aviasales.com/search/LAS1308CRW1?marker=741311
395,290,USD,PDX,YXX,"Abbotsford, Canada",CA,2026-08-12,2,https://www.aviasales.com/search/PDX1208YXX1?marker=741311
396,293,USD,ATL,FAY,"Fayetteville, United States",US,2026-08-17,2,https://www.aviasales.com/search/ATL1708FAY1?marker=741311
397,294,USD,LAX,CVM,"Ciudad Victoria, Mexico",MX,2026-08-17,2,https://www.aviasales.com/search/LAX1708CVM1?marker=741311
398,295,USD,ORD,ISB,"Islamabad, Pakistan",PK,2026-08-10,1,https://www.aviasales.com/search/ORD1008ISB1?marker=741311
399,295,USD,DEN,GCC,"Gillette, United States",US,2026-08-17,0,https://www.aviasales.com/search/DEN1708GCC1?marker=741311
400,296,USD,MIA,MDZ,"Mendoza, Argentina",AR,2026-08-16,1,https://www.aviasales.com/search/MIA1608MDZ1?marker=741311
401,297,USD,JFK,BJV,"Bodrum, Turkiye",TR,2026-08-25,1,https://www.aviasales.com/search/JFK2508BJV1?marker=741311
402,297,USD,SLC,BTM,"Butte, United States",US,2026-08-13,1,https://www.aviasales.com/search/SLC1308BTM1?marker=741311
403,298,USD,JFK,CMN,"Casablanca, Morocco",MA,2026-10-16,2,https://www.aviasales.com/search/JFK1610CMN1?marker=741311
404,299,USD,SAN,CHQ,"Chania, Greece",GR,2026-08-18,1,https://www.aviasales.com/search/SAN1808CHQ1?marker=741311
405,301,USD,LAX,YXS,"Prince George, Canada",CA,2026-08-20,2,https://www.aviasales.com/search/LAX2008YXS1?marker=741311
406,302,USD,JFK,TGD,"Podgorica, Montenegro",ME,2026-08-26,2,https://www.aviasales.com/search/JFK2608TGD1?marker=741311
407,302,USD,IAD,CUZ,"Cusco, Peru",PE,2026-09-07,2,https://www.aviasales.com/search/IAD0709CUZ1?marker=741311
408,302,USD,SEA,LYS,"Lyon, France",FR,2026-11-03,2,https://www.aviasales.com/search/SEA0311LYS1?marker=741311
409,302,USD,JFK,ALG,"Algiers, Algeria",DZ,2026-08-11,2,https://www.aviasales.com/search/JFK1108ALG1?marker=741311
410,306,USD,JFK,FNC,"Funchal, Portugal",PT,2026-09-26,1,https://www.aviasales.com/search/JFK2609FNC1?marker=741311
411,307,USD,LAX,CNM,"Carlsbad, United States",US,2026-08-18,1,https://www.aviasales.com/search/LAX1808CNM1?marker=741311
412,308,USD,ATL,BOM,"Mumbai, India",IN,2026-09-03,1,https://www.aviasales.com/search/ATL0309BOM1?marker=741311
413,309,USD,IAD,HEL,"Helsinki, Finland",FI,2026-09-07,1,https://www.aviasales.com/search/IAD0709HEL1?marker=741311
414,309,USD,SEA,SKP,"Skopje, North Macedonia",MK,2026-10-15,3,https://www.aviasales.com/search/SEA1510SKP1?marker=741311
415,310,USD,MSP,STR,"Stuttgart, Germany",DE,2026-10-15,3,https://www.aviasales.com/search/MSP1510STR1?marker=741311
416,310,USD,MIA,BIQ,"Biarritz, France",FR,2026-09-24,2,https://www.aviasales.com/search/MIA2409BIQ1?marker=741311
417,310,USD,SEA,MRS,"Marseille, France",FR,2026-11-03,2,https://www.aviasales.com/search/SEA0311MRS1?marker=741311
418,312,USD,LAX,CAN,"Guangzhou, China",CN,2026-09-03,1,https://www.aviasales.com/search/LAX0309CAN1?marker=741311
419,312,USD,SFO,CGN,"Cologne, Germany",DE,2026-11-15,1,https://www.aviasales.com/search/SFO1511CGN1?marker=741311
420,312,USD,SEA,NNG,"Nanning, China",CN,2027-01-17,2,https://www.aviasales.com/search/SEA1701NNG1?marker=741311
421,313,USD,JFK,RIX,"Riga, Latvia",LV,2026-08-28,1,https://www.aviasales.com/search/JFK2808RIX1?marker=741311
422,313,USD,TPA,MBS,"Saginaw, United States",US,2026-12-01,1,https://www.aviasales.com/search/TPA0112MBS1?marker=741311
423,313,USD,JFK,PMF,"Parma, Italy",IT,2026-09-02,1,https://www.aviasales.com/search/JFK0209PMF1?marker=741311
424,314,USD,MIA,VIX,"Vitoria, Brazil",BR,2026-11-09,2,https://www.aviasales.com/search/MIA0911VIX1?marker=741311
425,314,USD,JFK,IZM,"Izmir, Turkiye",TR,2026-08-20,1,https://www.aviasales.com/search/JFK2008IZM1?marker=741311
426,315,USD,MCO,NAT,"Natal, Brazil",BR,2026-12-20,2,https://www.aviasales.com/search/MCO2012NAT1?marker=741311
427,315,USD,MCO,AIA,"Alliance, United States",US,2026-08-13,2,https://www.aviasales.com/search/MCO1308AIA1?marker=741311
428,316,USD,FLL,RKD,"Rockland, United States",US,2026-08-15,2,https://www.aviasales.com/search/FLL1508RKD1?marker=741311
429,317,USD,JFK,TBS,"Tbilisi, Georgia",GE,2026-09-29,1,https://www.aviasales.com/search/JFK2909TBS1?marker=741311
430,317,USD,IAD,STO,"Stockholm, Sweden",SE,2026-09-07,1,https://www.aviasales.com/search/IAD0709STO1?marker=741311
431,317,USD,JFK,PMI,"Palma, Spain",ES,2026-08-23,1,https://www.aviasales.com/search/JFK2308PMI1?marker=741311
432,317,USD,DFW,MAO,"Manaus, Brazil",BR,2026-10-30,2,https://www.aviasales.com/search/DFW3010MAO1?marker=741311
433,317,USD,FLL,HTS,"Huntington, United States",US,2026-08-12,1,https://www.aviasales.com/search/FLL1208HTS1?marker=741311
434,317,USD,LAX,BIS,"Bismarck, United States",US,2026-08-17,2,https://www.aviasales.com/search/LAX1708BIS1?marker=741311
435,318,USD,JFK,ZTH,"Zakinthos, Greece",GR,2026-09-29,2,https://www.aviasales.com/search/JFK2909ZTH1?marker=741311
436,318,USD,JFK,POA,"Porto Alegre, Brazil",BR,2026-09-26,2,https://www.aviasales.com/search/JFK2609POA1?marker=741311
437,321,USD,SEA,REK,"Reykjavik, Iceland",IS,2026-09-12,1,https://www.aviasales.com/search/SEA1209REK1?marker=741311
438,321,USD,JFK,BTS,"Bratislava, Slovakia",SK,2026-10-08,1,https://www.aviasales.com/search/JFK0810BTS1?marker=741311
439,323,USD,JFK,DLM,"Dalaman, Turkiye",TR,2026-09-14,2,https://www.aviasales.com/search/JFK1409DLM1?marker=741311
440,323,USD,IAD,JED,"Jeddah, Saudi Arabia",SA,2026-09-04,1,https://www.aviasales.com/search/IAD0409JED1?marker=741311
441,323,USD,JFK,SVQ,"Sevilla, Spain",ES,2026-11-10,1,https://www.aviasales.com/search/JFK1011SVQ1?marker=741311
442,324,USD,MIA,ASU,"Asuncion, Paraguay",PY,2026-09-11,1,https://www.aviasales.com/search/MIA1109ASU1?marker=741311
443,324,USD,MIA,SNU,"Santa Clara, Cuba",CU,2026-08-26,0,https://www.aviasales.com/search/MIA2608SNU1?marker=741311
444,324,USD,PHL,AOO,"Altoona, United States",US,2026-08-18,1,https://www.aviasales.com/search/PHL1808AOO1?marker=741311
445,324,USD,SEA,LSE,"La Crosse, United States",US,2026-08-12,3,https://www.aviasales.com/search/SEA1208LSE1?marker=741311
446,325,USD,JFK,NAP,"Naples, Italy",IT,2026-08-09,1,https://www.aviasales.com/search/JFK0908NAP1?marker=741311
447,325,USD,MIA,FLN,"Florianopolis, Brazil",BR,2026-11-22,1,https://www.aviasales.com/search/MIA2211FLN1?marker=741311
448,326,USD,ATL,DEC,"Decatur, United States",US,2026-08-16,1,https://www.aviasales.com/search/ATL1608DEC1?marker=741311
449,326,USD,JFK,TIV,"Tivat, Montenegro",ME,2026-10-01,2,https://www.aviasales.com/search/JFK0110TIV1?marker=741311
450,327,USD,SFO,ZAG,"Zagreb, Croatia",HR,2026-10-12,2,https://www.aviasales.com/search/SFO1210ZAG1?marker=741311
451,327,USD,MIA,SKB,"Basseterre, Saint Kitts and Nevis",KN,2026-11-02,2,https://www.aviasales.com/search/MIA0211SKB1?marker=741311
452,327,USD,JFK,JTR,"Thira, Greece",GR,2026-09-22,2,https://www.aviasales.com/search/JFK2209JTR1?marker=741311
453,329,USD,JFK,TUN,"Tunis, Tunisia",TN,2026-09-12,1,https://www.aviasales.com/search/JFK1209TUN1?marker=741311
454,329,USD,IAD,FNT,"Flint, United States",US,2026-08-14,1,https://www.aviasales.com/search/IAD1408FNT1?marker=741311
455,329,USD,DTW,ELM,"Elmira, United States",US,2026-08-13,2,https://www.aviasales.com/search/DTW1308ELM1?marker=741311
456,330,USD,JFK,JER,"Jersey, Jersey",JE,2026-09-10,1,https://www.aviasales.com/search/JFK1009JER1?marker=741311
457,332,USD,ORD,RUH,"Riyadh, Saudi Arabia",SA,2026-09-07,1,https://www.aviasales.com/search/ORD0709RUH1?marker=741311
458,332,USD,MIA,SCU,"Santiago, Cuba",CU,2026-11-24,2,https://www.aviasales.com/search/MIA2411SCU1?marker=741311
459,332,USD,JFK,ILG,"Wilmington, United States",US,2026-08-12,2,https://www.aviasales.com/search/JFK1208ILG1?marker=741311
460,332,USD,LAS,ALO,"Waterloo, United States",US,2026-09-01,1,https://www.aviasales.com/search/LAS0109ALO1?marker=741311
461,333,USD,MIA,MVD,"Montevideo, Uruguay",UY,2026-08-23,1,https://www.aviasales.com/search/MIA2308MVD1?marker=741311
462,333,USD,ORD,PKB,"Parkersburg, United States",US,2026-08-17,2,https://www.aviasales.com/search/ORD1708PKB1?marker=741311
463,333,USD,JFK,GRO,"Girona, Spain",ES,2026-09-27,1,https://www.aviasales.com/search/JFK2709GRO1?marker=741311
464,334,USD,IAH,MTT,"Minatitlan, Mexico",MX,2026-08-15,1,https://www.aviasales.com/search/IAH1508MTT1?marker=741311
465,334,USD,LAS,EIS,"Beef Island, British Virgin Islands",VG,2026-09-04,2,https://www.aviasales.com/search/LAS0409EIS1?marker=741311
466,334,USD,LAS,MBL,"Manistee, United States",US,2026-08-16,1,https://www.aviasales.com/search/LAS1608MBL1?marker=741311
467,334,USD,AUS,PTP,"Pointe-a-pitre, Guadeloupe",GP,2027-01-23,2,https://www.aviasales.com/search/AUS2301PTP1?marker=741311
468,335,USD,LAX,FLR,"Florence, Italy",IT,2026-08-25,2,https://www.aviasales.com/search/LAX2508FLR1?marker=741311
469,335,USD,MIA,SLA,"Salta, Argentina",AR,2027-01-14,1,https://www.aviasales.com/search/MIA1401SLA1?marker=741311
470,335,USD,JFK,BON,"Kralendijk, Caribbean Netherlands",BQ,2026-08-11,1,https://www.aviasales.com/search/JFK1108BON1?marker=741311
471,336,USD,SFO,DAD,"Da Nang, Vietnam",VN,2026-09-09,1,https://www.aviasales.com/search/SFO0909DAD1?marker=741311
472,336,USD,JFK,SKG,"Thessaloniki, Greece",GR,2026-10-06,2,https://www.aviasales.com/search/JFK0610SKG1?marker=741311
473,336,USD,SEA,GRI,"Grand Island, United States",US,2026-08-15,2,https://www.aviasales.com/search/SEA1508GRI1?marker=741311
474,336,USD,MSP,CMX,"Hancock, United States",US,2026-08-14,1,https://www.aviasales.com/search/MSP1408CMX1?marker=741311
475,337,USD,BOS,RAI,"Praia, Cape Verde",CV,2026-08-29,0,https://www.aviasales.com/search/BOS2908RAI1?marker=741311
476,338,USD,BOS,XRY,"Jerez de la Frontera, Spain",ES,2026-09-20,3,https://www.aviasales.com/search/BOS2009XRY1?marker=741311
477,338,USD,ORD,SIN,"Singapore, Singapore",SG,2026-09-21,1,https://www.aviasales.com/search/ORD2109SIN1?marker=741311
478,338,USD,ATL,MLU,"Monroe, United States",US,2026-08-15,2,https://www.aviasales.com/search/ATL1508MLU1?marker=741311
479,339,USD,BOS,CWB,"Curitiba, Brazil",BR,2026-08-20,2,https://www.aviasales.com/search/BOS2008CWB1?marker=741311
480,339,USD,PHX,MSL,"Muscle Shoals, United States",US,2026-08-13,2,https://www.aviasales.com/search/PHX1308MSL1?marker=741311
481,340,USD,MIA,EAT,"Wenatchee, United States",US,2026-08-16,1,https://www.aviasales.com/search/MIA1608EAT1?marker=741311
482,344,USD,MIA,IWD,"Ironwood, United States",US,2026-08-17,2,https://www.aviasales.com/search/MIA1708IWD1?marker=741311
483,344,USD,MCO,YYT,"St. John's, Canada",CA,2026-08-18,2,https://www.aviasales.com/search/MCO1808YYT1?marker=741311
484,345,USD,SFO,SEL,"Seoul, South Korea",KR,2026-09-14,0,https://www.aviasales.com/search/SFO1409SEL1?marker=741311
485,345,USD,IAD,TLS,"Toulouse, France",FR,2026-09-07,2,https://www.aviasales.com/search/IAD0709TLS1?marker=741311
486,345,USD,ORD,SHJ,"Sharjah, United Arab Emirates",AE,2026-08-30,1,https://www.aviasales.com/search/ORD3008SHJ1?marker=741311
487,345,USD,JFK,LPA,"Las Palmas, Spain",ES,2026-08-31,2,https://www.aviasales.com/search/JFK3108LPA1?marker=741311
488,345,USD,JFK,LAN,"Lansing, United States",US,2026-08-17,2,https://www.aviasales.com/search/JFK1708LAN1?marker=741311
489,346,USD,BOS,MLA,"Malta, Malta",MT,2026-10-03,2,https://www.aviasales.com/search/BOS0310MLA1?marker=741311
490,346,USD,LAX,SHA,"Shanghai, China",CN,2026-11-01,1,https://www.aviasales.com/search/LAX0111SHA1?marker=741311
491,346,USD,JFK,RZE,"Rzeszow, Poland",PL,2026-08-10,2,https://www.aviasales.com/search/JFK1008RZE1?marker=741311
492,348,USD,JFK,MCT,"Muscat, Oman",OM,2026-09-01,1,https://www.aviasales.com/search/JFK0109MCT1?marker=741311
493,348,USD,LAX,VRN,"Verona, Italy",IT,2026-10-20,3,https://www.aviasales.com/search/LAX2010VRN1?marker=741311
494,350,USD,JFK,CFU,"Kerkyra, Greece",GR,2026-08-18,1,https://www.aviasales.com/search/JFK1808CFU1?marker=741311
495,350,USD,IAD,RAK,"Marrakech, Morocco",MA,2026-09-07,2,https://www.aviasales.com/search/IAD0709RAK1?marker=741311
496,350,USD,IAD,KWI,"Kuwait City, Kuwait",KW,2026-09-07,1,https://www.aviasales.com/search/IAD0709KWI1?marker=741311
497,350,USD,LAX,BRW,"Barrow, United States",US,2026-09-01,1,https://www.aviasales.com/search/LAX0109BRW1?marker=741311
498,350,USD,LAS,BLI,"Bellingham, United States",US,2026-08-18,1,https://www.aviasales.com/search/LAS1808BLI1?marker=741311
499,351,USD,BOS,TPE,"Taipei, Taiwan",TW,2027-01-20,1,https://www.aviasales.com/search/BOS2001TPE1?marker=741311
500,351,USD,JFK,ABJ,"Abidjan, Ivory Coast",CI,2026-09-30,1,https://www.aviasales.com/search/JFK3009ABJ1?marker=741311
501,351,USD,LAX,LPB,"La Paz, Bolivia",BO,2026-08-28,2,https://www.aviasales.com/search/LAX2808LPB1?marker=741311
502,352,USD,FLL,COU,"Columbia, United States",US,2026-08-16,2,https://www.aviasales.com/search/FLL1608COU1?marker=741311
503,352,USD,JFK,JMK,"Mikonos, Greece",GR,2026-09-01,1,https://www.aviasales.com/search/JFK0109JMK1?marker=741311
504,352,USD,MSP,AZO,"Kalamazoo, United States",US,2026-08-17,1,https://www.aviasales.com/search/MSP1708AZO1?marker=741311
505,354,USD,JFK,RHO,"Rhodes, Greece",GR,2026-08-18,1,https://www.aviasales.com/search/JFK1808RHO1?marker=741311
506,354,USD,PDX,YZF,"Yellowknife, Canada",CA,2026-08-12,1,https://www.aviasales.com/search/PDX1208YZF1?marker=741311
507,355,USD,JFK,EWB,"New Bedford, United States",US,2026-08-17,1,https://www.aviasales.com/search/JFK1708EWB1?marker=741311
508,355,USD,SEA,YYJ,"Victoria, Canada",CA,2026-08-12,1,https://www.aviasales.com/search/SEA1208YYJ1?marker=741311
509,357,USD,DFW,JLN,"Joplin, United States",US,2026-08-17,1,https://www.aviasales.com/search/DFW1708JLN1?marker=741311
510,358,USD,MIA,HOG,"Holguin, Cuba",CU,2026-09-08,0,https://www.aviasales.com/search/MIA0809HOG1?marker=741311
511,358,USD,MSP,BMI,"Bloomington, United States",US,2026-08-18,1,https://www.aviasales.com/search/MSP1808BMI1?marker=741311
512,359,USD,BOS,SCV,"Suceava, Romania",RO,2026-09-11,2,https://www.aviasales.com/search/BOS1109SCV1?marker=741311
513,359,USD,JFK,CTA,"Catania, Italy",IT,2026-09-03,1,https://www.aviasales.com/search/JFK0309CTA1?marker=741311
514,360,USD,IAD,MAN,"Manchester, United Kingdom",GB,2026-09-07,3,https://www.aviasales.com/search/IAD0709MAN1?marker=741311
515,360,USD,JFK,PBM,"Paramaribo, Suriname",SR,2026-10-30,1,https://www.aviasales.com/search/JFK3010PBM1?marker=741311
516,360,USD,JFK,EVE,"Harstad-Narvik, Norway",NO,2026-12-07,2,https://www.aviasales.com/search/JFK0712EVE1?marker=741311
517,360,USD,SFO,JNU,"Juneau, United States",US,2026-09-11,2,https://www.aviasales.com/search/SFO1109JNU1?marker=741311
518,360,USD,LAX,PBG,"Plattsburgh, United States",US,2026-08-16,2,https://www.aviasales.com/search/LAX1608PBG1?marker=741311
519,361,USD,BOS,DEL,"New Delhi, India",IN,2026-08-10,1,https://www.aviasales.com/search/BOS1008DEL1?marker=741311
520,361,USD,JFK,BKK,"Bangkok, Thailand",TH,2026-11-16,1,https://www.aviasales.com/search/JFK1611BKK1?marker=741311
521,361,USD,ORD,ACK,"Nantucket, United States",US,2026-08-08,2,https://www.aviasales.com/search/ORD0808ACK1?marker=741311
522,362,USD,PDX,AUW,"Wausau, United States",US,2026-10-17,2,https://www.aviasales.com/search/PDX1710AUW1?marker=741311
523,362,USD,PHL,MEI,"Meridian, United States",US,2026-08-17,2,https://www.aviasales.com/search/PHL1708MEI1?marker=741311
524,362,USD,SFO,PPT,"Papeete, French Polynesia",PF,2026-09-04,0,https://www.aviasales.com/search/SFO0409PPT1?marker=741311
525,363,USD,BOS,SZG,"Salzburg, Austria",AT,2026-09-19,2,https://www.aviasales.com/search/BOS1909SZG1?marker=741311
526,363,USD,JFK,LJU,"Ljubljana, Slovenia",SI,2026-11-13,3,https://www.aviasales.com/search/JFK1311LJU1?marker=741311
527,365,USD,JFK,GZP,"Alanya, Turkiye",TR,2026-10-22,3,https://www.aviasales.com/search/JFK2210GZP1?marker=741311
528,365,USD,LAX,HAN,"Hanoi, Vietnam",VN,2026-10-15,1,https://www.aviasales.com/search/LAX1510HAN1?marker=741311
529,365,USD,DEN,BLL,"Billund, Denmark",DK,2026-12-01,1,https://www.aviasales.com/search/DEN0112BLL1?marker=741311
530,366,USD,ORD,FMM,"Memmingen, Germany",DE,2026-09-10,2,https://www.aviasales.com/search/ORD1009FMM1?marker=741311
531,366,USD,SFO,DLC,"Dalian, China",CN,2026-08-24,1,https://www.aviasales.com/search/SFO2408DLC1?marker=741311
532,367,USD,JFK,BSB,"Brasilia, Brazil",BR,2027-01-20,1,https://www.aviasales.com/search/JFK2001BSB1?marker=741311
533,367,USD,ORD,SRE,"Sucre, Bolivia",BO,2026-11-02,3,https://www.aviasales.com/search/ORD0211SRE1?marker=741311
534,368,USD,JFK,SUF,"Lamezia Terme, Italy",IT,2026-09-16,2,https://www.aviasales.com/search/JFK1609SUF1?marker=741311
535,370,USD,DEN,CZM,"Cozumel, Mexico",MX,2027-01-01,1,https://www.aviasales.com/search/DEN0101CZM1?marker=741311
536,372,USD,TPA,VAR,"Varna, Bulgaria",BG,2026-11-23,1,https://www.aviasales.com/search/TPA2311VAR1?marker=741311
537,372,USD,LAX,HRB,"Harbin, China",CN,2026-09-20,1,https://www.aviasales.com/search/LAX2009HRB1?marker=741311
538,373,USD,JFK,ALA,"Almaty, Kazakhstan",KZ,2026-10-13,2,https://www.aviasales.com/search/JFK1310ALA1?marker=741311
539,374,USD,JFK,AUH,"Abu Dhabi, United Arab Emirates",AE,2026-10-13,1,https://www.aviasales.com/search/JFK1310AUH1?marker=741311
540,374,USD,IAD,MAA,"Chennai, India",IN,2026-09-07,1,https://www.aviasales.com/search/IAD0709MAA1?marker=741311
541,374,USD,JFK,HYD,"Hyderabad, India",IN,2026-09-10,1,https://www.aviasales.com/search/JFK1009HYD1?marker=741311
542,374,USD,MCO,ANK,"Ankara, Turkiye",TR,2026-08-17,1,https://www.aviasales.com/search/MCO1708ANK1?marker=741311
543,374,USD,JFK,BES,"Brest, France",FR,2026-08-10,1,https://www.aviasales.com/search/JFK1008BES1?marker=741311
544,375,USD,LAS,HKG,"Hong Kong, Hong Kong",HK,2027-01-31,1,https://www.aviasales.com/search/LAS3101HKG1?marker=741311
545,375,USD,JFK,KTN,"Ketchikan, United States",US,2026-08-30,2,https://www.aviasales.com/search/JFK3008KTN1?marker=741311
546,377,USD,JFK,HKT,"Phuket, Thailand",TH,2026-09-06,1,https://www.aviasales.com/search/JFK0609HKT1?marker=741311
547,377,USD,FLL,GPS,"Galapagos Islands, Ecuador",EC,2027-01-08,2,https://www.aviasales.com/search/FLL0801GPS1?marker=741311
548,378,USD,LAX,SYX,"Sanya, China",CN,2026-11-08,1,https://www.aviasales.com/search/LAX0811SYX1?marker=741311
549,380,USD,ORD,CMI,"Champaign, United States",US,2026-08-11,0,https://www.aviasales.com/search/ORD1108CMI1?marker=741311
550,380,USD,LAX,TSN,"Tianjin, China",CN,2026-09-11,1,https://www.aviasales.com/search/LAX1109TSN1?marker=741311
551,381,USD,DCA,XSC,"South Caicos, Turks and Caicos Islands",TC,2026-08-17,2,https://www.aviasales.com/search/DCA1708XSC1?marker=741311
552,382,USD,LAX,BJS,"Beijing, China",CN,2026-09-24,1,https://www.aviasales.com/search/LAX2409BJS1?marker=741311
553,382,USD,RDU,PHF,"Newport News, United States",US,2026-08-15,2,https://www.aviasales.com/search/RDU1508PHF1?marker=741311
554,382,USD,JFK,LWN,"Gyumri, Armenia",AM,2026-09-21,3,https://www.aviasales.com/search/JFK2109LWN1?marker=741311
555,384,USD,LAX,OSA,"Osaka, Japan",JP,2026-08-23,1,https://www.aviasales.com/search/LAX2308OSA1?marker=741311
556,385,USD,ATL,DOH,"Doha, Qatar",QA,2026-08-16,1,https://www.aviasales.com/search/ATL1608DOH1?marker=741311
557,385,USD,MIA,CUC,"Cucuta, Colombia",CO,2026-12-22,1,https://www.aviasales.com/search/MIA2212CUC1?marker=741311
558,385,USD,LAX,JKT,"Jakarta, Indonesia",ID,2026-08-30,1,https://www.aviasales.com/search/LAX3008JKT1?marker=741311
559,386,USD,ORD,SLN,"Salina, United States",US,2026-08-16,0,https://www.aviasales.com/search/ORD1608SLN1?marker=741311
560,386,USD,DTW,LPL,"Liverpool, United Kingdom",GB,2026-09-27,2,https://www.aviasales.com/search/DTW2709LPL1?marker=741311
561,387,USD,TPA,SJJ,"Sarajevo, Bosnia and Herzegovina",BA,2026-08-24,3,https://www.aviasales.com/search/TPA2408SJJ1?marker=741311
562,387,USD,IAH,ILE,"Killeen, United States",US,2026-08-18,1,https://www.aviasales.com/search/IAH1808ILE1?marker=741311
563,387,USD,PHX,LTO,"Loreto, Mexico",MX,2026-08-08,0,https://www.aviasales.com/search/PHX0808LTO1?marker=741311
564,388,USD,JFK,GVA,"Geneva, Switzerland",CH,2027-01-04,3,https://www.aviasales.com/search/JFK0401GVA1?marker=741311
565,388,USD,LAX,NAN,"Nadi, Fiji",FJ,2026-08-09,0,https://www.aviasales.com/search/LAX0908NAN1?marker=741311
566,388,USD,JFK,KHI,"Karachi, Pakistan",PK,2026-08-15,1,https://www.aviasales.com/search/JFK1508KHI1?marker=741311
567,389,USD,BOS,CEC,"Crescent City, United States",US,2026-08-13,2,https://www.aviasales.com/search/BOS1308CEC1?marker=741311
568,389,USD,PHX,TEX,"Telluride, United States",US,2026-08-11,2,https://www.aviasales.com/search/PHX1108TEX1?marker=741311
569,389,USD,JFK,ATQ,"Amritsar, India",IN,2026-08-17,2,https://www.aviasales.com/search/JFK1708ATQ1?marker=741311
570,389,USD,LAX,DRO,"Durango, United States",US,2026-08-16,1,https://www.aviasales.com/search/LAX1608DRO1?marker=741311
571,391,USD,DFW,MFE,"McAllen, United States",US,2026-08-08,2,https://www.aviasales.com/search/DFW0808MFE1?marker=741311
572,392,USD,JFK,DYU,"Dushanbe, Tajikistan",TJ,2026-09-07,2,https://www.aviasales.com/search/JFK0709DYU1?marker=741311
573,392,USD,TPA,CCS,"Caracas, Venezuela",VE,2026-09-15,3,https://www.aviasales.com/search/TPA1509CCS1?marker=741311
574,393,USD,PHL,SHD,"Staunton, United States",US,2026-08-18,2,https://www.aviasales.com/search/PHL1808SHD1?marker=741311
575,396,USD,IAH,SSA,"Salvador, Brazil",BR,2026-09-07,2,https://www.aviasales.com/search/IAH0709SSA1?marker=741311
576,396,USD,SLC,UPN,"Uruapan, Mexico",MX,2026-08-14,2,https://www.aviasales.com/search/SLC1408UPN1?marker=741311
577,397,USD,JFK,TRN,"Turin, Italy",IT,2026-12-13,2,https://www.aviasales.com/search/JFK1312TRN1?marker=741311
578,397,USD,LAX,CLL,"College Station, United States",US,2026-08-12,1,https://www.aviasales.com/search/LAX1208CLL1?marker=741311
579,398,USD,JFK,BAH,"Manama, Bahrain",BH,2026-08-20,1,https://www.aviasales.com/search/JFK2008BAH1?marker=741311
580,400,USD,IAH,AHO,"Alghero, Italy",IT,2026-08-25,3,https://www.aviasales.com/search/IAH2508AHO1?marker=741311
581,400,USD,IAD,AMD,"Ahmedabad, India",IN,2026-09-07,1,https://www.aviasales.com/search/IAD0709AMD1?marker=741311
582,400,USD,ORD,NBO,"Nairobi, Kenya",KE,2026-09-07,1,https://www.aviasales.com/search/ORD0709NBO1?marker=741311
583,400,USD,LAX,CTU,"Chengdu, China",CN,2026-08-30,1,https://www.aviasales.com/search/LAX3008CTU1?marker=741311
584,400,USD,DEN,COD,"Cody, United States",US,2026-08-08,0,https://www.aviasales.com/search/DEN0808COD1?marker=741311
585,401,USD,MSP,LAR,"Laramie, United States",US,2026-08-18,1,https://www.aviasales.com/search/MSP1808LAR1?marker=741311
586,402,USD,SFO,OKA,"Okinawa, Japan",JP,2026-08-27,2,https://www.aviasales.com/search/SFO2708OKA1?marker=741311
587,402,USD,PHX,YYG,"Charlottetown, Canada",CA,2026-08-17,3,https://www.aviasales.com/search/PHX1708YYG1?marker=741311
588,403,USD,ORD,RST,"Rochester, United States",US,2026-08-16,0,https://www.aviasales.com/search/ORD1608RST1?marker=741311
589,404,USD,JFK,BSZ,"Bishkek, Kyrgyzstan",KG,2026-09-28,2,https://www.aviasales.com/search/JFK2809BSZ1?marker=741311
590,404,USD,LAS,MFM,"Macau, Macau",MO,2026-09-15,1,https://www.aviasales.com/search/LAS1509MFM1?marker=741311
591,405,USD,MIA,FOC,"Fuzhou, China",CN,2026-10-01,2,https://www.aviasales.com/search/MIA0110FOC1?marker=741311
592,406,USD,BOS,ADD,"Addis Ababa, Ethiopia",ET,2026-09-07,1,https://www.aviasales.com/search/BOS0709ADD1?marker=741311
593,406,USD,ORD,BLQ,"Bologna, Italy",IT,2026-08-21,2,https://www.aviasales.com/search/ORD2108BLQ1?marker=741311
594,406,USD,DFW,SWO,"Stillwater, United States",US,2026-08-13,0,https://www.aviasales.com/search/DFW1308SWO1?marker=741311
595,406,USD,IAH,SUX,"Sioux City, United States",US,2026-08-16,1,https://www.aviasales.com/search/IAH1608SUX1?marker=741311
596,406,USD,SLC,LBF,"North Platte, United States",US,2026-08-13,1,https://www.aviasales.com/search/SLC1308LBF1?marker=741311
597,406,USD,PDX,PQI,"Presque Isle, United States",US,2026-08-15,1,https://www.aviasales.com/search/PDX1508PQI1?marker=741311
598,407,USD,IAD,LUX,"Luxembourg, Luxembourg",LU,2026-09-18,3,https://www.aviasales.com/search/IAD1809LUX1?marker=741311
599,407,USD,MIA,BHX,"Birmingham, United Kingdom",GB,2026-08-09,2,https://www.aviasales.com/search/MIA0908BHX1?marker=741311
600,408,USD,LAX,ITH,"Ithaca, United States",US,2026-08-12,1,https://www.aviasales.com/search/LAX1208ITH1?marker=741311
601,408,USD,DFW,LNS,"Lancaster, United States",US,2026-08-09,2,https://www.aviasales.com/search/DFW0908LNS1?marker=741311
602,408,USD,SLC,CCP,"Concepcion, Chile",CL,2026-09-13,3,https://www.aviasales.com/search/SLC1309CCP1?marker=741311
603,411,USD,JFK,KZN,"Kazan, Russia",RU,2026-10-20,3,https://www.aviasales.com/search/JFK2010KZN1?marker=741311
604,412,USD,BOS,MXL,"Mexicali, Mexico",MX,2026-08-12,3,https://www.aviasales.com/search/BOS1208MXL1?marker=741311
605,412,USD,PHL,MOW,"Moscow, Russia",RU,2027-01-18,4,https://www.aviasales.com/search/PHL1801MOW1?marker=741311
606,413,USD,BOS,LDB,"Londrina, Brazil",BR,2026-09-14,3,https://www.aviasales.com/search/BOS1409LDB1?marker=741311
607,413,USD,IAD,BLR,"Bengaluru, India",IN,2026-09-07,2,https://www.aviasales.com/search/IAD0709BLR1?marker=741311
608,413,USD,LAX,KUL,"Kuala Lumpur, Malaysia",MY,2026-08-08,2,https://www.aviasales.com/search/LAX0808KUL1?marker=741311
609,414,USD,ORD,IGU,"Foz do Iguaçu, Brazil",BR,2026-11-02,2,https://www.aviasales.com/search/ORD0211IGU1?marker=741311
610,414,USD,JFK,USA,"Concord, United States",US,2026-08-11,2,https://www.aviasales.com/search/JFK1108USA1?marker=741311
611,415,USD,ORD,TAS,"Tashkent, Uzbekistan",UZ,2026-11-17,4,https://www.aviasales.com/search/ORD1711TAS1?marker=741311
612,417,USD,ORD,AER,"Adler/Sochi, Russia",RU,2026-12-06,4,https://www.aviasales.com/search/ORD0612AER1?marker=741311
613,417,USD,SAN,EBL,"Erbil, Iraq",IQ,2026-09-28,2,https://www.aviasales.com/search/SAN2809EBL1?marker=741311
614,419,USD,ATL,TXK,"Texarkana, United States",US,2026-08-15,2,https://www.aviasales.com/search/ATL1508TXK1?marker=741311
615,419,USD,ATL,ACC,"Accra, Ghana",GH,2026-08-29,1,https://www.aviasales.com/search/ATL2908ACC1?marker=741311
616,420,USD,JFK,LOS,"Lagos, Nigeria",NG,2026-09-14,1,https://www.aviasales.com/search/JFK1409LOS1?marker=741311
617,420,USD,LAX,BKI,"Kota-Kinabalu, Malaysia",MY,2026-08-19,2,https://www.aviasales.com/search/LAX1908BKI1?marker=741311
618,420,USD,LAX,KCH,"Kuching, Malaysia",MY,2026-08-27,2,https://www.aviasales.com/search/LAX2708KCH1?marker=741311
619,421,USD,LAS,UBS,"Columbus, United States",US,2026-08-12,1,https://www.aviasales.com/search/LAS1208UBS1?marker=741311
620,423,USD,DTW,SSM,"Sault Ste. Marie, United States",US,2026-08-12,1,https://www.aviasales.com/search/DTW1208SSM1?marker=741311
621,426,USD,JFK,GOI,"Goa, India",IN,2026-09-30,1,https://www.aviasales.com/search/JFK3009GOI1?marker=741311
622,426,USD,LAX,CKG,"Chongqing, China",CN,2026-08-31,1,https://www.aviasales.com/search/LAX3108CKG1?marker=741311
623,427,USD,JFK,CMB,"Colombo, Sri Lanka",LK,2026-09-20,1,https://www.aviasales.com/search/JFK2009CMB1?marker=741311
624,427,USD,JFK,BDQ,"Vadodara, India",IN,2026-10-06,2,https://www.aviasales.com/search/JFK0610BDQ1?marker=741311
625,427,USD,TPA,IPN,"Ipatinga, Brazil",BR,2026-10-01,3,https://www.aviasales.com/search/TPA0110IPN1?marker=741311
626,432,USD,ORD,ECN,"Ercan, Northern Cyprus",NY,2026-10-23,3,https://www.aviasales.com/search/ORD2310ECN1?marker=741311
627,432,USD,SEA,YCD,"Nanaimo, Canada",CA,2026-08-16,1,https://www.aviasales.com/search/SEA1608YCD1?marker=741311
628,433,USD,JFK,LED,"Saint Petersburg, Russia",RU,2026-10-19,3,https://www.aviasales.com/search/JFK1910LED1?marker=741311
629,434,USD,ORD,HER,"Heraklion, Greece",GR,2026-08-14,1,https://www.aviasales.com/search/ORD1408HER1?marker=741311
630,435,USD,JFK,JAI,"Jaipur, India",IN,2026-08-30,2,https://www.aviasales.com/search/JFK3008JAI1?marker=741311
631,435,USD,RDU,LIO,"Limon, Costa Rica",CR,2026-08-18,2,https://www.aviasales.com/search/RDU1808LIO1?marker=741311
632,436,USD,SFO,HUI,"Hue, Vietnam",VN,2026-09-09,2,https://www.aviasales.com/search/SFO0909HUI1?marker=741311
633,436,USD,PDX,YYF,"Penticton, Canada",CA,2026-08-17,2,https://www.aviasales.com/search/PDX1708YYF1?marker=741311
634,437,USD,LAX,NHA,"Nha Trang, Vietnam",VN,2026-09-10,2,https://www.aviasales.com/search/LAX1009NHA1?marker=741311
635,438,USD,IAH,CAG,"Cagliari, Italy",IT,2026-08-25,2,https://www.aviasales.com/search/IAH2508CAG1?marker=741311
636,438,USD,LAX,CGY,"Cagayan De Oro, Philippines",PH,2026-10-14,2,https://www.aviasales.com/search/LAX1410CGY1?marker=741311
637,441,USD,LAX,DPS,"Denpasar (Bali), Indonesia",ID,2026-10-17,1,https://www.aviasales.com/search/LAX1710DPS1?marker=741311
638,442,USD,JFK,HRG,"Hurghada, Egypt",EG,2026-08-22,3,https://www.aviasales.com/search/JFK2208HRG1?marker=741311
639,442,USD,JFK,FRS,"Flores, Guatemala",GT,2026-12-22,1,https://www.aviasales.com/search/JFK2212FRS1?marker=741311
640,443,USD,JFK,SVX,"Yekaterinburg, Russia",RU,2026-12-06,3,https://www.aviasales.com/search/JFK0612SVX1?marker=741311
641,445,USD,ORD,BUS,"Batumi, Georgia",GE,2026-08-24,3,https://www.aviasales.com/search/ORD2408BUS1?marker=741311
642,447,USD,JFK,SKT,"Sialkot, Pakistan",PK,2026-08-23,2,https://www.aviasales.com/search/JFK2308SKT1?marker=741311
643,447,USD,JFK,AXA,"Anguilla, Anguilla",AI,2026-08-10,1,https://www.aviasales.com/search/JFK1008AXA1?marker=741311
644,449,USD,LAX,PQC,"Phu Quoc, Vietnam",VN,2026-10-14,2,https://www.aviasales.com/search/LAX1410PQC1?marker=741311
645,451,USD,PHX,YUM,"Yuma, United States",US,2026-08-17,0,https://www.aviasales.com/search/PHX1708YUM1?marker=741311
646,451,USD,LAX,NUE,"Nuremberg, Germany",DE,2026-08-31,1,https://www.aviasales.com/search/LAX3108NUE1?marker=741311
647,452,USD,ORD,OSS,"Osh, Kyrgyzstan",KG,2026-11-29,4,https://www.aviasales.com/search/ORD2911OSS1?marker=741311
648,452,USD,JFK,TCO,"Tumaco, Colombia",CO,2026-08-21,3,https://www.aviasales.com/search/JFK2108TCO1?marker=741311
649,452,USD,JFK,SCO,"Aktau, Kazakhstan",KZ,2026-09-11,2,https://www.aviasales.com/search/JFK1109SCO1?marker=741311
650,452,USD,LAX,OGD,"Ogden, United States",US,2026-08-15,2,https://www.aviasales.com/search/LAX1508OGD1?marker=741311
651,454,USD,JFK,PSG,"Petersburg, United States",US,2026-09-26,1,https://www.aviasales.com/search/JFK2609PSG1?marker=741311
652,455,USD,DTW,MPL,"Montpellier, France",FR,2026-09-11,3,https://www.aviasales.com/search/DTW1109MPL1?marker=741311
653,456,USD,MCO,PLN,"Pellston, United States",US,2026-08-14,1,https://www.aviasales.com/search/MCO1408PLN1?marker=741311
654,458,USD,JFK,KRR,"Krasnodar, Russia",RU,2026-08-24,2,https://www.aviasales.com/search/JFK2408KRR1?marker=741311
655,459,USD,SFO,GYN,"Goiania, Brazil",BR,2026-08-13,2,https://www.aviasales.com/search/SFO1308GYN1?marker=741311
656,459,USD,LAX,MLE,"Male, Maldives",MV,2026-09-02,1,https://www.aviasales.com/search/LAX0209MLE1?marker=741311
657,459,USD,JFK,URA,"Oral, Kazakhstan",KZ,2026-10-04,3,https://www.aviasales.com/search/JFK0410URA1?marker=741311
658,460,USD,JFK,ACT,"Waco, United States",US,2026-08-16,1,https://www.aviasales.com/search/JFK1608ACT1?marker=741311
659,461,USD,JFK,AQP,"Arequipa, Peru",PE,2026-08-18,3,https://www.aviasales.com/search/JFK1808AQP1?marker=741311
660,461,USD,AUS,CPR,"Casper, United States",US,2026-08-17,1,https://www.aviasales.com/search/AUS1708CPR1?marker=741311
661,463,USD,ORD,MED,"Medina, Saudi Arabia",SA,2026-08-30,2,https://www.aviasales.com/search/ORD3008MED1?marker=741311
662,466,USD,MIA,DOM,"Dominica, Dominica",DM,2027-01-04,0,https://www.aviasales.com/search/MIA0401DOM1?marker=741311
663,468,USD,JFK,SXV,"Salem, India",IN,2026-09-01,2,https://www.aviasales.com/search/JFK0109SXV1?marker=741311
664,469,USD,PDX,PIR,"Pierre, United States",US,2026-08-16,1,https://www.aviasales.com/search/PDX1608PIR1?marker=741311
665,471,USD,JFK,NQZ,"Astana, Kazakhstan",KZ,2026-10-19,3,https://www.aviasales.com/search/JFK1910NQZ1?marker=741311
666,471,USD,LAX,USM,"Koh Samui, Thailand",TH,2026-09-15,2,https://www.aviasales.com/search/LAX1509USM1?marker=741311
667,472,USD,JFK,UBN,"Ulaanbaatar, Mongolia",MN,2026-09-23,1,https://www.aviasales.com/search/JFK2309UBN1?marker=741311
668,473,USD,ORD,RKS,"Rock Springs, United States",US,2026-08-18,1,https://www.aviasales.com/search/ORD1808RKS1?marker=741311
669,475,USD,ORD,MRV,"Mineralnye Vody, Russia",RU,2026-10-18,3,https://www.aviasales.com/search/ORD1810MRV1?marker=741311
670,477,USD,DFW,CEB,"Cebu City, Philippines",PH,2026-09-12,1,https://www.aviasales.com/search/DFW1209CEB1?marker=741311
671,478,USD,LAX,FOR,"Fortaleza, Brazil",BR,2026-09-06,2,https://www.aviasales.com/search/LAX0609FOR1?marker=741311
672,478,USD,ORD,RGN,"Yangon, Myanmar",MM,2027-01-28,2,https://www.aviasales.com/search/ORD2801RGN1?marker=741311
673,478,USD,LAS,NKT,"Cizre, Turkiye",TR,2026-09-24,3,https://www.aviasales.com/search/LAS2409NKT1?marker=741311
674,478,USD,SEA,LEJ,"Leipzig/Halle, Germany",DE,2026-08-27,3,https://www.aviasales.com/search/SEA2708LEJ1?marker=741311
675,479,USD,FLL,HAJ,"Hannover, Germany",DE,2026-12-01,2,https://www.aviasales.com/search/FLL0112HAJ1?marker=741311
676,483,USD,JFK,REC,"Recife, Brazil",BR,2026-09-22,1,https://www.aviasales.com/search/JFK2209REC1?marker=741311
677,483,USD,JFK,KTM,"Kathmandu, Nepal",NP,2026-08-26,2,https://www.aviasales.com/search/JFK2608KTM1?marker=741311
678,484,USD,LAX,KBV,"Krabi, Thailand",TH,2026-11-09,2,https://www.aviasales.com/search/LAX0911KBV1?marker=741311
679,485,USD,IAD,SIA,"Xian, China",CN,2026-09-22,3,https://www.aviasales.com/search/IAD2209SIA1?marker=741311
680,485,USD,MIA,CND,"Constanta, Romania",RO,2026-09-05,3,https://www.aviasales.com/search/MIA0509CND1?marker=741311
681,485,USD,FLL,GVR,"Governador Valadares, Brazil",BR,2026-08-14,2,https://www.aviasales.com/search/FLL1408GVR1?marker=741311
682,485,USD,JFK,TRV,"Thiruvananthapuram, India",IN,2026-09-08,2,https://www.aviasales.com/search/JFK0809TRV1?marker=741311
683,486,USD,CLT,OAJ,"Jacksonville, United States",US,2026-08-17,0,https://www.aviasales.com/search/CLT1708OAJ1?marker=741311
684,487,USD,DFW,FIH,"Kinshasa, Democratic Republic of the Congo",CD,2027-01-11,2,https://www.aviasales.com/search/DFW1101FIH1?marker=741311
685,487,USD,ORD,DRS,"Dresden, Germany",DE,2026-09-21,2,https://www.aviasales.com/search/ORD2109DRS1?marker=741311
686,488,USD,ATL,BFS,"Belfast, United Kingdom",GB,2026-08-08,2,https://www.aviasales.com/search/ATL0808BFS1?marker=741311
687,488,USD,JFK,FAE,"Sorvágur, Faroe Islands",FO,2026-08-30,2,https://www.aviasales.com/search/JFK3008FAE1?marker=741311
688,488,USD,SFO,KHN,"Nanchang, China",CN,2026-08-29,1,https://www.aviasales.com/search/SFO2908KHN1?marker=741311
689,488,USD,SFO,HEK,"Heihe, China",CN,2026-08-24,1,https://www.aviasales.com/search/SFO2408HEK1?marker=741311
690,489,USD,TPA,AGB,"Augsburg, Germany",DE,2026-09-12,1,https://www.aviasales.com/search/TPA1209AGB1?marker=741311
691,490,USD,JFK,KUF,"Samara, Russia",RU,2026-11-12,3,https://www.aviasales.com/search/JFK1211KUF1?marker=741311
692,490,USD,IAD,DIK,"Dickinson, United States",US,2026-08-18,1,https://www.aviasales.com/search/IAD1808DIK1?marker=741311
693,490,USD,JFK,CKY,"Conakry, Guinea",GN,2026-08-28,1,https://www.aviasales.com/search/JFK2808CKY1?marker=741311
694,494,USD,BOS,YQY,"Sydney, Canada",CA,2026-08-12,2,https://www.aviasales.com/search/BOS1208YQY1?marker=741311
695,494,USD,TPA,COV,"Mersin, Turkiye",TR,2026-09-20,3,https://www.aviasales.com/search/TPA2009COV1?marker=741311
696,494,USD,SAN,CRK,"City of Angeles, Philippines",PH,2026-09-12,2,https://www.aviasales.com/search/SAN1209CRK1?marker=741311
697,495,USD,SEA,YBL,"Campbell River, Canada",CA,2026-08-18,1,https://www.aviasales.com/search/SEA1808YBL1?marker=741311
698,496,USD,LAX,SYD,"Sydney, Australia",AU,2026-09-16,1,https://www.aviasales.com/search/LAX1609SYD1?marker=741311
699,496,USD,IAH,IOA,"Ioannina, Greece",GR,2026-09-01,3,https://www.aviasales.com/search/IAH0109IOA1?marker=741311
700,498,USD,SFO,XAP,"Chapeco, Brazil",BR,2026-08-31,3,https://www.aviasales.com/search/SFO3108XAP1?marker=741311
701,499,USD,JFK,DED,"Dehradun, India",IN,2026-10-05,2,https://www.aviasales.com/search/JFK0510DED1?marker=741311
702,500,USD,LAX,BLA,"Barcelona, Venezuela",VE,2026-08-26,2,https://www.aviasales.com/search/LAX2608BLA1?marker=741311
703,504,USD,BOS,EBB,"Entebbe, Uganda",UG,2026-08-19,1,https://www.aviasales.com/search/BOS1908EBB1?marker=741311
704,508,USD,MIA,HGR,"Hagerstown, United States",US,2026-08-17,3,https://www.aviasales.com/search/MIA1708HGR1?marker=741311
705,509,USD,SFO,DAC,"Dhaka, Bangladesh",BD,2026-08-16,1,https://www.aviasales.com/search/SFO1608DAC1?marker=741311
706,513,USD,LAX,OOL,"Gold Coast, Australia",AU,2026-08-18,1,https://www.aviasales.com/search/LAX1808OOL1?marker=741311
707,515,USD,JFK,MCX,"Makhachkala, Russia",RU,2026-09-02,2,https://www.aviasales.com/search/JFK0209MCX1?marker=741311
708,516,USD,MIA,TGU,"Tegucigalpa, Honduras",HN,2026-08-13,2,https://www.aviasales.com/search/MIA1308TGU1?marker=741311
709,516,USD,FLL,SCQ,"Santiago De Compostela, Spain",ES,2026-08-12,1,https://www.aviasales.com/search/FLL1208SCQ1?marker=741311
710,519,USD,JFK,DKR,"Dakar, Senegal",SN,2026-08-28,1,https://www.aviasales.com/search/JFK2808DKR1?marker=741311
711,519,USD,MIA,APW,"Apia, Samoa",WS,2026-08-13,2,https://www.aviasales.com/search/MIA1308APW1?marker=741311
712,521,USD,JFK,TAG,"Tagbilaran, Philippines",PH,2026-09-06,2,https://www.aviasales.com/search/JFK0609TAG1?marker=741311
713,521,USD,TPA,HUY,"Humberside, United Kingdom",GB,2026-11-02,2,https://www.aviasales.com/search/TPA0211HUY1?marker=741311
714,523,USD,JFK,SKD,"Samarkand, Uzbekistan",UZ,2026-10-14,3,https://www.aviasales.com/search/JFK1410SKD1?marker=741311
715,523,USD,JFK,TAO,"Qingdao, China",CN,2026-09-08,1,https://www.aviasales.com/search/JFK0809TAO1?marker=741311
716,528,USD,JFK,UFA,"Ufa, Russia",RU,2026-11-29,4,https://www.aviasales.com/search/JFK2911UFA1?marker=741311
717,529,USD,SEA,MEL,"Melbourne, Australia",AU,2026-08-20,1,https://www.aviasales.com/search/SEA2008MEL1?marker=741311
718,532,USD,JFK,MSQ,"Minsk, Belarus",BY,2026-09-14,4,https://www.aviasales.com/search/JFK1409MSQ1?marker=741311
719,533,USD,AUS,SJW,"Shijiazhuang, China",CN,2026-08-25,2,https://www.aviasales.com/search/AUS2508SJW1?marker=741311
720,536,USD,JFK,GOJ,"Nizhniy Novgorod, Russia",RU,2026-10-02,3,https://www.aviasales.com/search/JFK0210GOJ1?marker=741311
721,536,USD,MIA,DTM,"Dortmund, Germany",DE,2026-08-26,3,https://www.aviasales.com/search/MIA2608DTM1?marker=741311
722,536,USD,DFW,SAI,"Siem Reap, Cambodia",KH,2026-09-07,2,https://www.aviasales.com/search/DFW0709SAI1?marker=741311
723,537,USD,BOS,RTM,"Rotterdam, Netherlands",NL,2026-08-21,3,https://www.aviasales.com/search/BOS2108RTM1?marker=741311
724,537,USD,JFK,KGD,"Kaliningrad, Russia",RU,2026-09-13,3,https://www.aviasales.com/search/JFK1309KGD1?marker=741311
725,540,USD,IAD,KBL,"Kabul, Afghanistan",AF,2026-09-04,1,https://www.aviasales.com/search/IAD0409KBL1?marker=741311
726,549,USD,LAX,TOS,"Tromso, Norway",NO,2026-08-28,3,https://www.aviasales.com/search/LAX2808TOS1?marker=741311
727,552,USD,LAX,VVO,"Vladivostok, Russia",RU,2026-11-16,2,https://www.aviasales.com/search/LAX1611VVO1?marker=741311
728,552,USD,JFK,CIT,"Shymkent, Kazakhstan",KZ,2026-08-20,2,https://www.aviasales.com/search/JFK2008CIT1?marker=741311
729,552,USD,ORD,ASF,"Astrakhan, Russia",RU,2027-02-01,4,https://www.aviasales.com/search/ORD0102ASF1?marker=741311
730,553,USD,SFO,FUK,"Fukuoka, Japan",JP,2026-10-10,1,https://www.aviasales.com/search/SFO1010FUK1?marker=741311
731,555,USD,LAX,UTP,"Pattaya, Thailand",TH,2026-09-12,3,https://www.aviasales.com/search/LAX1209UTP1?marker=741311
732,556,USD,SFO,TNA,"Jinan, China",CN,2026-08-13,1,https://www.aviasales.com/search/SFO1308TNA1?marker=741311
733,557,USD,BNA,DAR,"Dar Es Salaam, Tanzania",TZ,2026-08-20,2,https://www.aviasales.com/search/BNA2008DAR1?marker=741311
734,559,USD,MCO,INN,"Innsbruck, Austria",AT,2026-11-20,2,https://www.aviasales.com/search/MCO2011INN1?marker=741311
735,560,USD,IAD,ALY,"Alexandria, Egypt",EG,2026-08-11,1,https://www.aviasales.com/search/IAD1108ALY1?marker=741311
736,561,USD,IAH,EAP,"Basel, Switzerland",CH,2026-08-09,1,https://www.aviasales.com/search/IAH0908EAP1?marker=741311
737,561,USD,JFK,FEG,"Fergana, Uzbekistan",UZ,2026-10-07,2,https://www.aviasales.com/search/JFK0710FEG1?marker=741311
738,561,USD,SEA,YAZ,"Tofino, Canada",CA,2026-08-17,1,https://www.aviasales.com/search/SEA1708YAZ1?marker=741311
739,562,USD,LAX,CGO,"Zhengzhou, China",CN,2026-08-14,1,https://www.aviasales.com/search/LAX1408CGO1?marker=741311
740,564,USD,LAX,VAN,"Van, Turkiye",TR,2026-08-15,3,https://www.aviasales.com/search/LAX1508VAN1?marker=741311
741,565,USD,ATL,SHE,"Shenyang, China",CN,2026-09-27,2,https://www.aviasales.com/search/ATL2709SHE1?marker=741311
742,568,USD,JFK,MDQ,"Mar Del Plata, Argentina",AR,2026-10-02,3,https://www.aviasales.com/search/JFK0210MDQ1?marker=741311
743,568,USD,RDU,OTH,"North Bend, United States",US,2026-08-14,1,https://www.aviasales.com/search/RDU1408OTH1?marker=741311
744,571,USD,JFK,OVB,"Novosibirsk, Russia",RU,2026-10-21,2,https://www.aviasales.com/search/JFK2110OVB1?marker=741311
745,571,USD,JFK,PEE,"Perm, Russia",RU,2026-09-25,2,https://www.aviasales.com/search/JFK2509PEE1?marker=741311
746,571,USD,ORD,NKC,"Nouakchott, Mauritania",MR,2027-01-04,1,https://www.aviasales.com/search/ORD0401NKC1?marker=741311
747,576,USD,BOS,JHB,"Johor Bahru, Malaysia",MY,2026-10-06,3,https://www.aviasales.com/search/BOS0610JHB1?marker=741311
748,577,USD,IAD,JNB,"Johannesburg, South Africa",ZA,2026-09-07,1,https://www.aviasales.com/search/IAD0709JNB1?marker=741311
749,577,USD,JFK,KLO,"Kalibo, Philippines",PH,2027-01-06,2,https://www.aviasales.com/search/JFK0601KLO1?marker=741311
750,578,USD,IAD,LBV,"Libreville, Gabon",GA,2026-08-15,2,https://www.aviasales.com/search/IAD1508LBV1?marker=741311
751,579,USD,LAX,CNS,"Cairns, Australia",AU,2026-08-16,2,https://www.aviasales.com/search/LAX1608CNS1?marker=741311
752,580,USD,JFK,BGW,"Baghdad, Iraq",IQ,2026-08-27,1,https://www.aviasales.com/search/JFK2708BGW1?marker=741311
753,583,USD,SFO,BOB,"Bora Bora, French Polynesia",PF,2026-08-24,1,https://www.aviasales.com/search/SFO2408BOB1?marker=741311
754,583,USD,JFK,OGZ,"Vladikavkaz, Russia",RU,2026-09-25,2,https://www.aviasales.com/search/JFK2509OGZ1?marker=741311
755,584,USD,LAX,MMA,"Malmo, Sweden",SE,2026-08-16,3,https://www.aviasales.com/search/LAX1608MMA1?marker=741311
756,588,USD,SFO,PLQ,"Palanga, Lithuania",LT,2026-08-21,3,https://www.aviasales.com/search/SFO2108PLQ1?marker=741311
757,589,USD,LAX,BPN,"Balikpapan, Indonesia",ID,2026-11-19,2,https://www.aviasales.com/search/LAX1911BPN1?marker=741311
758,590,USD,JFK,NGO,"Nagoya, Japan",JP,2026-09-27,1,https://www.aviasales.com/search/JFK2709NGO1?marker=741311
759,590,USD,JFK,PMO,"Palermo, Italy",IT,2026-08-08,1,https://www.aviasales.com/search/JFK0808PMO1?marker=741311
760,592,USD,DTW,SXB,"Strasbourg, France",FR,2026-08-22,2,https://www.aviasales.com/search/DTW2208SXB1?marker=741311
761,593,USD,JFK,GUM,"Hagatna, Guam",GU,2026-10-07,2,https://www.aviasales.com/search/JFK0710GUM1?marker=741311
762,595,USD,LAS,CAC,"Cascavel, Brazil",BR,2026-10-11,2,https://www.aviasales.com/search/LAS1110CAC1?marker=741311
763,596,USD,FLL,PAP,"Port-au-Prince, Haiti",HT,2026-08-12,1,https://www.aviasales.com/search/FLL1208PAP1?marker=741311
764,597,USD,JFK,NMA,"Namangan, Uzbekistan",UZ,2026-08-10,2,https://www.aviasales.com/search/JFK1008NMA1?marker=741311
765,599,USD,IAD,KGL,"Kigali, Rwanda",RW,2026-09-07,1,https://www.aviasales.com/search/IAD0709KGL1?marker=741311
766,599,USD,JFK,IAO,"Del Carmen, Philippines",PH,2026-09-03,2,https://www.aviasales.com/search/JFK0309IAO1?marker=741311
767,601,USD,SLC,GOT,"Gothenburg, Sweden",SE,2026-08-09,1,https://www.aviasales.com/search/SLC0908GOT1?marker=741311
768,603,USD,JFK,SIT,"Sitka, United States",US,2026-08-19,2,https://www.aviasales.com/search/JFK1908SIT1?marker=741311
769,604,USD,JFK,MMK,"Murmansk, Russia",RU,2026-08-31,4,https://www.aviasales.com/search/JFK3108MMK1?marker=741311
770,605,USD,IAD,ARH,"Arkhangelsk, Russia",RU,2026-12-01,4,https://www.aviasales.com/search/IAD0112ARH1?marker=741311
771,607,USD,JFK,LGK,"Langkawi, Malaysia",MY,2026-11-15,3,https://www.aviasales.com/search/JFK1511LGK1?marker=741311
772,608,USD,DFW,NJF,"Al-Najaf, Iraq",IQ,2026-09-09,1,https://www.aviasales.com/search/DFW0909NJF1?marker=741311
773,613,USD,IAD,ZNZ,"Zanzibar, Tanzania",TZ,2026-08-23,3,https://www.aviasales.com/search/IAD2308ZNZ1?marker=741311
774,613,USD,JFK,PBR,"Puerto Barrios, Guatemala",GT,2026-12-31,3,https://www.aviasales.com/search/JFK3112PBR1?marker=741311
775,613,USD,JFK,BJL,"Banjul, Gambia",GM,2026-12-01,2,https://www.aviasales.com/search/JFK0112BJL1?marker=741311
776,617,USD,SEA,SPN,"Saipan, Northern Mariana Islands",MP,2026-09-15,2,https://www.aviasales.com/search/SEA1509SPN1?marker=741311
777,619,USD,JFK,BHK,"Bukhara, Uzbekistan",UZ,2026-08-24,2,https://www.aviasales.com/search/JFK2408BHK1?marker=741311
778,619,USD,JFK,OUA,"Ouagadougou, Burkina Faso",BF,2026-09-15,3,https://www.aviasales.com/search/JFK1509OUA1?marker=741311
779,620,USD,DEN,CPT,"Cape Town, South Africa",ZA,2026-11-08,1,https://www.aviasales.com/search/DEN0811CPT1?marker=741311
780,621,USD,JFK,BWN,"Bandar Seri Begawan, Brunei",BN,2026-09-08,2,https://www.aviasales.com/search/JFK0809BWN1?marker=741311
781,622,USD,JFK,KJA,"Krasnoyarsk, Russia",RU,2026-09-15,3,https://www.aviasales.com/search/JFK1509KJA1?marker=741311
782,623,USD,JFK,CZX,"Changzhou, China",CN,2026-08-25,3,https://www.aviasales.com/search/JFK2508CZX1?marker=741311
783,624,USD,TPA,CEK,"Chelyabinsk, Russia",RU,2026-08-15,4,https://www.aviasales.com/search/TPA1508CEK1?marker=741311
784,628,USD,DFW,OMO,"Mostar, Bosnia and Herzegovina",BA,2026-08-17,4,https://www.aviasales.com/search/DFW1708OMO1?marker=741311
785,629,USD,LAX,KHV,"Khabarovsk, Russia",RU,2026-10-01,2,https://www.aviasales.com/search/LAX0110KHV1?marker=741311
786,630,USD,JFK,NBC,"Naberezhnye Chelny, Russia",RU,2026-08-17,3,https://www.aviasales.com/search/JFK1708NBC1?marker=741311
787,630,USD,JFK,MRU,"Mauritius, Mauritius",MU,2026-08-26,3,https://www.aviasales.com/search/JFK2608MRU1?marker=741311
788,633,USD,LAX,AKX,"Aktobe, Kazakhstan",KZ,2026-08-23,3,https://www.aviasales.com/search/LAX2308AKX1?marker=741311
789,636,USD,SFO,VLI,"Port Vila, Vanuatu",VU,2026-08-19,2,https://www.aviasales.com/search/SFO1908VLI1?marker=741311
790,636,USD,SFO,CFR,"Caen, France",FR,2026-08-10,3,https://www.aviasales.com/search/SFO1008CFR1?marker=741311
791,639,USD,SFO,AKL,"Auckland, New Zealand",NZ,2026-10-20,2,https://www.aviasales.com/search/SFO2010AKL1?marker=741311
792,640,USD,ORD,JRO,"Kilimanjaro, Tanzania",TZ,2026-09-07,2,https://www.aviasales.com/search/ORD0709JRO1?marker=741311
793,640,USD,SFO,BNE,"Brisbane, Australia",AU,2026-08-19,1,https://www.aviasales.com/search/SFO1908BNE1?marker=741311
794,641,USD,IAD,UKK,"Oskemen, Kazakhstan",KZ,2026-08-24,4,https://www.aviasales.com/search/IAD2408UKK1?marker=741311
795,642,USD,BOS,UYU,"Uyuni, Bolivia",BO,2026-08-23,4,https://www.aviasales.com/search/BOS2308UYU1?marker=741311
796,643,USD,IAD,VOG,"Volgograd, Russia",RU,2026-10-29,4,https://www.aviasales.com/search/IAD2910VOG1?marker=741311
797,644,USD,JFK,SCW,"Syktyvkar, Russia",RU,2026-08-31,4,https://www.aviasales.com/search/JFK3108SCW1?marker=741311
798,653,USD,IAD,KOJ,"Kagoshima, Japan",JP,2026-08-25,3,https://www.aviasales.com/search/IAD2508KOJ1?marker=741311
799,653,USD,ORD,UGC,"Urgench, Uzbekistan",UZ,2026-08-16,2,https://www.aviasales.com/search/ORD1608UGC1?marker=741311
800,653,USD,ORD,KMG,"Kunming, China",CN,2026-09-15,2,https://www.aviasales.com/search/ORD1509KMG1?marker=741311
801,656,USD,JFK,URC,"Urumqi, China",CN,2026-08-18,3,https://www.aviasales.com/search/JFK1808URC1?marker=741311
802,658,USD,LAS,MMH,"Mammoth Lakes, United States",US,2026-08-12,2,https://www.aviasales.com/search/LAS1208MMH1?marker=741311
803,659,USD,JFK,KSN,"Kostanay, Kazakhstan",KZ,2026-09-04,3,https://www.aviasales.com/search/JFK0409KSN1?marker=741311
804,660,USD,SFO,NAL,"Nalchik, Russia",RU,2026-08-26,4,https://www.aviasales.com/search/SFO2608NAL1?marker=741311
805,661,USD,BOS,JTC,"Bauru, Brazil",BR,2026-10-10,2,https://www.aviasales.com/search/BOS1010JTC1?marker=741311
806,661,USD,IAD,MLW,"Monrovia, Liberia",LR,2027-01-05,2,https://www.aviasales.com/search/IAD0501MLW1?marker=741311
807,663,USD,SEA,LFW,"Lome, Togo",TG,2026-09-30,1,https://www.aviasales.com/search/SEA3009LFW1?marker=741311
808,664,USD,JFK,RTW,"Saratov, Russia",RU,2026-10-01,3,https://www.aviasales.com/search/JFK0110RTW1?marker=741311
809,665,USD,IAH,GRZ,"Graz, Austria",AT,2026-08-26,3,https://www.aviasales.com/search/IAH2608GRZ1?marker=741311
810,666,USD,SFO,COK,"Kochi, India",IN,2026-08-08,2,https://www.aviasales.com/search/SFO0808COK1?marker=741311
811,678,USD,JFK,OMS,"Omsk, Russia",RU,2026-09-21,4,https://www.aviasales.com/search/JFK2109OMS1?marker=741311
812,680,USD,ORD,AZN,"Andijan, Uzbekistan",UZ,2026-11-02,2,https://www.aviasales.com/search/ORD0211AZN1?marker=741311
813,680,USD,BNA,LUN,"Lusaka, Zambia",ZM,2026-11-01,2,https://www.aviasales.com/search/BNA0111LUN1?marker=741311
814,683,USD,JFK,NOZ,"Novokuznetsk, Russia",RU,2026-10-01,3,https://www.aviasales.com/search/JFK0110NOZ1?marker=741311
815,690,USD,SFO,PSS,"Posadas, Argentina",AR,2027-02-01,2,https://www.aviasales.com/search/SFO0102PSS1?marker=741311
816,696,USD,ORD,DIG,"Diqing, China",CN,2026-09-30,3,https://www.aviasales.com/search/ORD3009DIG1?marker=741311
817,700,USD,SFO,CCU,"Kolkata, India",IN,2026-10-20,2,https://www.aviasales.com/search/SFO2010CCU1?marker=741311
818,705,USD,ORD,HAK,"Haikou, China",CN,2026-10-13,3,https://www.aviasales.com/search/ORD1310HAK1?marker=741311
819,707,USD,LAX,PER,"Perth, Australia",AU,2027-01-20,2,https://www.aviasales.com/search/LAX2001PER1?marker=741311
820,710,USD,IAD,TOF,"Tomsk, Russia",RU,2026-09-07,4,https://www.aviasales.com/search/IAD0709TOF1?marker=741311
821,713,USD,DCA,ASB,"Ashgabat, Turkmenistan",TM,2026-10-06,3,https://www.aviasales.com/search/DCA0610ASB1?marker=741311
822,716,USD,SEA,IKT,"Irkutsk, Russia",RU,2026-10-03,2,https://www.aviasales.com/search/SEA0310IKT1?marker=741311
823,719,USD,LAX,FUN,"Funafuti Atoll, Tuvalu",TV,2026-10-14,1,https://www.aviasales.com/search/LAX1410FUN1?marker=741311
824,720,USD,LAX,VNS,"Varanasi, India",IN,2026-10-23,3,https://www.aviasales.com/search/LAX2310VNS1?marker=741311
825,725,USD,JFK,DMB,"Taraz, Kazakhstan",KZ,2026-08-27,2,https://www.aviasales.com/search/JFK2708DMB1?marker=741311
826,727,USD,JFK,TJM,"Tyumen, Russia",RU,2026-09-01,3,https://www.aviasales.com/search/JFK0109TJM1?marker=741311
827,737,USD,LAS,MCP,"Macapa, Brazil",BR,2026-12-13,2,https://www.aviasales.com/search/LAS1312MCP1?marker=741311
828,743,USD,MIA,SZX,"Shenzhen, China",CN,2026-08-11,3,https://www.aviasales.com/search/MIA1108SZX1?marker=741311
829,746,USD,JFK,FJR,"Fujairah, United Arab Emirates",AE,2026-12-01,2,https://www.aviasales.com/search/JFK0112FJR1?marker=741311
830,748,USD,JFK,KQT,"Kurgon-Tyube (Bokhtar), Tajikistan",TJ,2026-08-20,3,https://www.aviasales.com/search/JFK2008KQT1?marker=741311
831,760,USD,BOS,ADL,"Adelaide, Australia",AU,2026-08-30,2,https://www.aviasales.com/search/BOS3008ADL1?marker=741311
832,760,USD,JFK,TMJ,"Termez, Uzbekistan",UZ,2026-09-19,4,https://www.aviasales.com/search/JFK1909TMJ1?marker=741311
833,761,USD,IAD,UUD,"Ulan-Ude, Russia",RU,2026-12-01,4,https://www.aviasales.com/search/IAD0112UUD1?marker=741311
834,769,USD,SAN,GNJ,"Ganja, Azerbaijan",AZ,2026-08-23,3,https://www.aviasales.com/search/SAN2308GNJ1?marker=741311
835,770,USD,TPA,ULY,"Ulyanovsk, Russia",RU,2026-09-01,4,https://www.aviasales.com/search/TPA0109ULY1?marker=741311
836,774,USD,JFK,GRV,"Groznyy, Russia",RU,2027-01-01,2,https://www.aviasales.com/search/JFK0101GRV1?marker=741311
837,784,USD,FLL,CSY,"Cheboksary, Russia",RU,2026-10-01,4,https://www.aviasales.com/search/FLL0110CSY1?marker=741311
838,788,USD,PHL,OME,"Nome, United States",US,2026-08-08,2,https://www.aviasales.com/search/PHL0808OME1?marker=741311
839,790,USD,JFK,SUV,"Suva, Fiji",FJ,2026-11-01,2,https://www.aviasales.com/search/JFK0111SUV1?marker=741311
840,792,USD,SAN,HSA,"Turkistan, Kazakhstan",KZ,2026-09-16,3,https://www.aviasales.com/search/SAN1609HSA1?marker=741311
841,793,USD,IAH,WNZ,"Wenzhou, China",CN,2026-08-08,2,https://www.aviasales.com/search/IAH0808WNZ1?marker=741311
842,795,USD,JFK,SEZ,"Mahe, Seychelles",SC,2026-08-11,2,https://www.aviasales.com/search/JFK1108SEZ1?marker=741311
843,798,USD,ORD,PEZ,"Penza, Russia",RU,2026-09-01,4,https://www.aviasales.com/search/ORD0109PEZ1?marker=741311
844,806,USD,JFK,NOJ,"Noyabrsk, Russia",RU,2026-08-12,4,https://www.aviasales.com/search/JFK1208NOJ1?marker=741311
845,812,USD,PDX,YKS,"Yakutsk, Russia",RU,2026-08-30,4,https://www.aviasales.com/search/PDX3008YKS1?marker=741311
846,814,USD,JFK,KEJ,"Kemerovo, Russia",RU,2026-08-27,3,https://www.aviasales.com/search/JFK2708KEJ1?marker=741311
847,815,USD,JFK,WLG,"Wellington, New Zealand",NZ,2026-08-17,1,https://www.aviasales.com/search/JFK1708WLG1?marker=741311
848,816,USD,JFK,KZO,"Kzyl-Orda, Kazakhstan",KZ,2027-01-04,3,https://www.aviasales.com/search/JFK0401KZO1?marker=741311
849,817,USD,LAX,IPC,"Easter Island, Chile",CL,2026-11-26,1,https://www.aviasales.com/search/LAX2611IPC1?marker=741311
850,820,USD,LAS,BAX,"Barnaul, Russia",RU,2026-09-25,4,https://www.aviasales.com/search/LAS2509BAX1?marker=741311
851,825,USD,LAX,RGK,"Gorno-Altaysk, Russia",RU,2026-11-01,3,https://www.aviasales.com/search/LAX0111RGK1?marker=741311
852,827,USD,JFK,TNR,"Antananarivo, Madagascar",MG,2026-10-14,1,https://www.aviasales.com/search/JFK1410TNR1?marker=741311
853,828,USD,SLC,MBA,"Mombasa, Kenya",KE,2026-08-25,3,https://www.aviasales.com/search/SLC2508MBA1?marker=741311
854,832,USD,JFK,BQS,"Blagoveschensk, Russia",RU,2026-08-11,4,https://www.aviasales.com/search/JFK1108BQS1?marker=741311
855,834,USD,JFK,NJC,"Nizhnevartovsk, Russia",RU,2026-09-01,4,https://www.aviasales.com/search/JFK0109NJC1?marker=741311
856,838,USD,JFK,GOH,"Nuuk, Greenland",GL,2026-11-01,1,https://www.aviasales.com/search/JFK0111GOH1?marker=741311
857,845,USD,LAX,FNJ,"Pyongyang, North Korea",KP,2026-08-15,2,https://www.aviasales.com/search/LAX1508FNJ1?marker=741311
858,854,USD,JFK,GBE,"Gaborone, Botswana",BW,2026-08-10,2,https://www.aviasales.com/search/JFK1008GBE1?marker=741311
859,854,USD,PHX,HTA,"Chita, Russia",RU,2026-08-08,4,https://www.aviasales.com/search/PHX0808HTA1?marker=741311
860,872,USD,SEA,OSW,"Orsk, Russia",RU,2026-08-10,4,https://www.aviasales.com/search/SEA1008OSW1?marker=741311
861,873,USD,ORD,KSQ,"Qarshi, Uzbekistan",UZ,2026-09-15,4,https://www.aviasales.com/search/ORD1509KSQ1?marker=741311
862,875,USD,JFK,PKC,"Petropavlovsk-Kamchatsky, Russia",RU,2026-09-03,4,https://www.aviasales.com/search/JFK0309PKC1?marker=741311
863,876,USD,LAX,REN,"Orenburg, Russia",RU,2026-09-11,4,https://www.aviasales.com/search/LAX1109REN1?marker=741311
864,880,USD,JFK,IPT,"Williamsport, United States",US,2026-08-17,4,https://www.aviasales.com/search/JFK1708IPT1?marker=741311
865,890,USD,LAX,SGC,"Surgut, Russia",RU,2026-09-20,3,https://www.aviasales.com/search/LAX2009SGC1?marker=741311
866,896,USD,MIA,CYA,"Les Cayes, Haiti",HT,2026-08-12,4,https://www.aviasales.com/search/MIA1208CYA1?marker=741311
867,906,USD,DEN,ARK,"Arusha, Tanzania",TZ,2026-12-01,3,https://www.aviasales.com/search/DEN0112ARK1?marker=741311
868,914,USD,JFK,CUK,"Caye Caulker, Belize",BZ,2026-08-18,3,https://www.aviasales.com/search/JFK1808CUK1?marker=741311
869,916,USD,JFK,DRW,"Darwin, Australia",AU,2026-08-17,2,https://www.aviasales.com/search/JFK1708DRW1?marker=741311
870,928,USD,SFO,PBH,"Paro, Bhutan",BT,2026-08-13,3,https://www.aviasales.com/search/SFO1308PBH1?marker=741311
871,935,USD,LAX,HIR,"Honiara, Solomon Islands",SB,2026-08-16,2,https://www.aviasales.com/search/LAX1608HIR1?marker=741311
872,939,USD,LAX,ESL,"Elista, Russia",RU,2026-09-01,4,https://www.aviasales.com/search/LAX0109ESL1?marker=741311
873,941,USD,JFK,QXB,"Aix-en-Provence, France",FR,2026-08-21,1,https://www.aviasales.com/search/JFK2108QXB1?marker=741311
874,949,USD,DEN,LBD,"Khujand, Tajikistan",TJ,2026-08-12,4,https://www.aviasales.com/search/DEN1208LBD1?marker=741311
875,959,USD,ORD,KVK,"Kirovsk, Russia",RU,2026-08-08,4,https://www.aviasales.com/search/ORD0808KVK1?marker=741311
876,986,USD,BNA,BJM,"Bujumbura, Burundi",BI,2026-11-01,3,https://www.aviasales.com/search/BNA0111BJM1?marker=741311
877,995,USD,DCA,HMA,"Khanty-Mansiysk, Russia",RU,2026-08-10,4,https://www.aviasales.com/search/DCA1008HMA1?marker=741311
878,1011,USD,ORD,KRO,"Kurgan, Russia",RU,2026-08-14,4,https://www.aviasales.com/search/ORD1408KRO1?marker=741311
879,1019,USD,SFO,NSN,"Nelson, New Zealand",NZ,2026-10-12,1,https://www.aviasales.com/search/SFO1210NSN1?marker=741311
880,1027,USD,SFO,GRQ,"Groningen, Netherlands",NL,2026-08-28,3,https://www.aviasales.com/search/SFO2808GRQ1?marker=741311
881,1028,USD,IAD,YAO,"Yaounde, Cameroon",CM,2026-12-21,2,https://www.aviasales.com/search/IAD2112YAO1?marker=741311
882,1032,USD,DFW,TJU,"Kulyab, Tajikistan",TJ,2026-08-10,4,https://www.aviasales.com/search/DFW1008TJU1?marker=741311
883,1039,USD,JFK,PEW,"Peshawar, Pakistan",PK,2026-12-21,1,https://www.aviasales.com/search/JFK2112PEW1?marker=741311
884,1060,USD,ORD,NVI,"Navoi, Uzbekistan",UZ,2026-08-22,4,https://www.aviasales.com/search/ORD2208NVI1?marker=741311
885,1066,USD,LAX,NER,"Neryungri, Russia",RU,2026-08-20,4,https://www.aviasales.com/search/LAX2008NER1?marker=741311
886,1067,USD,PDX,KGP,"Kogalym, Russia",RU,2026-08-25,4,https://www.aviasales.com/search/PDX2508KGP1?marker=741311
887,1118,USD,LAX,WDH,"Windhoek, Namibia",NA,2026-08-27,2,https://www.aviasales.com/search/LAX2708WDH1?marker=741311
888,1144,USD,MIA,NSK,"Norilsk, Russia",RU,2026-08-13,4,https://www.aviasales.com/search/MIA1308NSK1?marker=741311
889,1145,USD,SEA,VFA,"Victoria Falls, Zimbabwe",ZW,2026-08-09,3,https://www.aviasales.com/search/SEA0908VFA1?marker=741311
890,1164,USD,ORD,GDX,"Magadan, Russia",RU,2026-08-25,4,https://www.aviasales.com/search/ORD2508GDX1?marker=741311
891,1178,USD,PHL,NOS,"Nossi-Be, Madagascar",MG,2026-09-30,4,https://www.aviasales.com/search/PHL3009NOS1?marker=741311
892,1195,USD,JFK,INU,"Nauru Island, Nauru",NR,2026-08-22,2,https://www.aviasales.com/search/JFK2208INU1?marker=741311
893,1253,USD,MSP,HGA,"Hargeisa, Somalia",SO,2026-08-15,3,https://www.aviasales.com/search/MSP1508HGA1?marker=741311
894,1277,USD,SEA,MJZ,"Mirnyj, Russia",RU,2026-08-22,3,https://www.aviasales.com/search/SEA2208MJZ1?marker=741311
895,1327,USD,JFK,ABA,"Abakan, Russia",RU,2026-08-19,2,https://www.aviasales.com/search/JFK1908ABA1?marker=741311
896,1386,USD,JFK,HLE,"Jamestown (Saint Helena), Saint Helena, Ascension and Tristan da Cunha",SH,2026-11-12,2,https://www.aviasales.com/search/JFK1211HLE1?marker=741311
897,1408,USD,PHL,NLK,"Norfolk Island, Norfolk Island",NF,2026-08-20,3,https://www.aviasales.com/search/PHL2008NLK1?marker=741311
898,1616,USD,JFK,ADE,"Aden, Yemen",YE,2026-08-24,3,https://www.aviasales.com/search/JFK2408ADE1?marker=741311
899,2198,USD,JFK,XCH,"Christmas Island, Christmas Island",CX,2026-08-26,3,https://www.aviasales.com/search/JFK2608XCH1?marker=741311
