rank,price,currency,origin,destination_code,destination_name,country_code,depart,stops,booking_link
1,17,USD,LAX,LAS,"Las Vegas, United States",US,2026-11-04,0,https://www.aviasales.com/search/LAX0411LAS1?t=F917938125001793817000000075LAXLAS_6996acd0426064b3c11f7e12aeabb3de_1435&search_date=19092026&expected_price_uuid=01a0b7f0-a1ed-8040-289f-976de701707b&static_fare_key=TY%7CP0%7CH0%7CL0%7CCH0%7CR0%7CTBC0&itinerary_key=p--4nS6GtI1QNFQhRLxZ1Q&expected_price_source=share&expected_price_currency=usd&expected_price=17&marker=741311
2,17,USD,LAX,SFO,"San Francisco, United States",US,2026-10-28,0,https://www.aviasales.com/search/LAX2810SFO1?t=F917932141801793219520000089LAXSFO_93f3c36699e3a384f664dd1fa95cf73b_1469&search_date=15092026&expected_price_uuid=01a0a65b-cb3d-8040-6bc4-859d1840252c&static_fare_key=TY%7CP1%7CH0%7CL0%7CCH1_0%7CR0%7CTBC0&itinerary_key=ZuGPvRlHSEiboDIxwoaptw&expected_price_source=share&expected_price_currency=usd&expected_price=17&marker=741311
3,18,USD,LAS,LAX,"Los Angeles, United States",US,2026-11-11,0,https://www.aviasales.com/search/LAS1111LAX1?t=F917943840001794388740000079LASLAX_734f70af7b305acd275e9a6d807ac6a3_1520&search_date=19092026&expected_price_uuid=01a0b891-8512-8040-23d1-e6ab4e267533&static_fare_key=TY%7CP0%7CH0%7CL0%7CCH0%7CR0%7CTBC0&itinerary_key=gbQRS0eLl79j6sc5rZi5gA&expected_price_source=share&expected_price_currency=usd&expected_price=18&marker=741311
4,19,USD,ATL,ORL,"Orlando, United States",US,2026-10-20,0,https://www.aviasales.com/search/ATL2010ORL1?t=F917925257401792531800000101ATLMCO_d8c62a6b5ba73ffea60447e939efc296_1601&search_date=14092026&expected_price_uuid=01a0a01b-035d-8040-27a8-6eb2d84871f9&static_fare_key=TY%7CP0%7CH0%7CL0%7CCH0%7CR0%7CTBC0&itinerary_key=ixyTBpD7f6iwlsM1_99E_w&expected_price_source=share&expected_price_currency=usd&expected_price=19&marker=741311
5,19,USD,ATL,TPA,"Tampa, United States",US,2026-10-21,0,https://www.aviasales.com/search/ATL2110TPA1?t=F917926163401792622040000095ATLTPA_5cb8f3e0f247a267cdd737eca77085c0_1582&search_date=19092026&expected_price_uuid=01a0b922-b7fd-8030-a473-a12455cd7497&static_fare_key=TY%7CP0%7CH0%7CL0%7CCH1%7CR0%7CTBC0&itinerary_key=KH7CQ8QIFV4rYB67mf6bqg&expected_price_source=share&expected_price_currency=usd&expected_price=19&marker=741311
6,19,USD,SFO,SAN,"San Diego, United States",US,2026-10-21,0,https://www.aviasales.com/search/SFO2110SAN1?t=F917925817201792588560000114SFOSAN_bbfe84cbb8b2526d8c3591f864c63c44_1601&search_date=16092026&expected_price_uuid=01a0aae8-8b46-8030-a723-6da777399b59&static_fare_key=TY%7CP0%7CH0%7CL0%7CCH0%7CR0%7CTBC0&itinerary_key=pQhpDpl3zsfm4TWJsk8Byw&expected_price_source=share&expected_price_currency=usd&expected_price=19&marker=741311
7,19,USD,IAH,ATL,"Atlanta, United States",US,2026-10-27,0,https://www.aviasales.com/search/IAH2710ATL1?t=F917931324601793143920000131IAHATL_355a7e6224760007d7e8b0f80d81c0e8_1602&search_date=19092026&expected_price_uuid=01a0b71e-4065-8040-2bc3-e319275a88da&static_fare_key=TY%7CP0%7CH0%7CL0%7CCH0%7CR0%7CTBC0&itinerary_key=g9tzJthiZkyld07QoDnAsQ&origin_airports=0&expected_price_source=share&expected_price_currency=usd&expected_price=19&marker=741311
8,20,USD,IAD,FLL,"Fort Lauderdale, United States",US,2026-10-20,0,https://www.aviasales.com/search/IAD2010FLL1?t=F917925196801792530180000175IADFLL_a5bb02cd32adb65f5d1030886161528b_1651&search_date=19092026&expected_price_uuid=01a0b721-cd7b-8030-6d75-03d29c829a20&static_fare_key=TY%7CP0%7CH0%7CL0%7CCH0%7CR0%7CTBC0&itinerary_key=44I_LUWQRU4ucYH1NxLUyg&origin_airports=0&expected_price_source=share&expected_price_currency=usd&expected_price=20&marker=741311
9,24,USD,ATL,HOU,"Houston, United States",US,2026-10-27,0,https://www.aviasales.com/search/ATL2710HOU1?t=F917930808001793085780000143ATLIAH_c543044cc255dfe3bba8b78483354a9f_2063&search_date=17092026&expected_price_uuid=01a0afdb-a352-8030-abd2-b3e1b4b9a3d7&static_fare_key=TY%7CP1%7CH0%7CL0%7CCH0%7CR0%7CTBC0&itinerary_key=73aP3OkAZwhVwaQ3KKETdQ&expected_price_source=share&expected_price_currency=usd&expected_price=24&marker=741311
11,27,USD,ATL,DFW,"Dallas, United States",US,2026-10-20,0,https://www.aviasales.com/search/ATL2010DFW1?t=F917924922001792498380000163ATLDFW_97ef59100a45c0ca38e2a0cb2f8e9f57_2235&search_date=17092026&expected_price_uuid=01a0acd5-7497-8030-2742-51e03a578e87&static_fare_key=TY%7CP0%7CH0%7CL0%7CCH0%7CR0%7CTBC0&itinerary_key=PPpawHcZlLTIkC7oaC71Mg&expected_price_source=share&expected_price_currency=usd&expected_price=27&marker=741311
12,26,USD,ORD,PHL,"Philadelphia, United States",US,2026-10-10,0,https://www.aviasales.com/search/ORD1010PHL1?t=F917916504601791662640000143ORDPHL_63c8ce349199dc16b31b753a40b6fed6_2188&search_date=18092026&expected_price_uuid=01a0b473-b51c-8040-243c-39ca5310f953&static_fare_key=TY%7CP0%7CH0%7CL0%7CCH0%7CR0%7CTBC0&itinerary_key=3wwx9k2GgPcTUon-Dsm3VA&origin_airports=0&expected_price_source=share&expected_price_currency=usd&expected_price=26&marker=741311
13,29,USD,MCO,BWI,"Baltimore, United States",US,2026-10-05,0,https://www.aviasales.com/search/MCO0510BWI1?t=F917911807201791189060000139MCOBWI_9269a2a95f9a5ebab914b405b4cba5a1_2401&search_date=15092026&expected_price_uuid=01a0a4c4-1285-8040-2b29-32384f92ce4a&static_fare_key=TY%7CP1%7CH0%7CL0%7CCH0%7CR0%7CTBC0&itinerary_key=S22XEigsAJfOWJK696BY8w&origin_airports=0&expected_price_source=share&expected_price_currency=usd&expected_price=29&marker=741311
14,29,USD,MCO,CLE,"Cleveland, United States",US,2026-10-02,0,https://www.aviasales.com/search/MCO0210CLE1?t=F917909779801790987400000157MCOCLE_7eab071e0aa4f91bb4247ea2fcf39f7e_2414&search_date=17092026&expected_price_uuid=01a0b1bc-8e68-8030-e535-10ea1ebc74cb&static_fare_key=TY%7CP0%7CH0%7CL0%7CCH0%7CR0%7CTBC0&itinerary_key=f_xYT49_aKaUXbOY0SlUkQ&origin_airports=0&expected_price_source=share&expected_price_currency=usd&expected_price=29&marker=741311
15,27,USD,MCO,WAS,"Washington, United States",US,2026-10-17,0,https://www.aviasales.com/search/MCO1710WAS1?t=F917922240001792232220000137MCOIAD_57abf357d538d2600e33fe31a3faf6df_2272&search_date=18092026&expected_price_uuid=01a0b616-26ab-8040-a0b1-f9323a51b2bf&static_fare_key=TY%7CP0%7CH0%7CL0%7CCH0%7CR0%7CTBC0&itinerary_key=tGBD6_hw0kXNdGQIeQ0-Jw&origin_airports=0&expected_price_source=share&expected_price_currency=usd&expected_price=27&marker=741311
16,30,USD,FLL,CHA,"Chattanooga, United States",US,2026-11-05,0,https://www.aviasales.com/search/FLL0511CHA1?t=G417938626001793870340000129FLLCHA_f0a2d484c96b9a42cb991bd02c9be827_2528&search_date=16092026&expected_price_uuid=01a0abae-c973-8030-63b7-a814dbb2e893&static_fare_key=TY%7CP0%7CH0%7CL0%7CCH0%7CR0%7CTBC0&itinerary_key=p1Sm5SqGjuhtM9rQBhkZ_w&expected_price_source=share&expected_price_currency=usd&expected_price=30&marker=741311
17,27,USD,FLL,CHI,"Chicago, United States",US,2026-10-15,0,https://www.aviasales.com/search/FLL1510CHI1?t=G417920458001792054200000200FLLRFD_293ee3b0151a47e2cb3160493e03320f_2279&search_date=19092026&expected_price_uuid=01a0b71f-9dbf-8040-259c-50a3076aa6a7&static_fare_key=TY%7CP0%7CH0%7CL0%7CCH0%7CR0%7CTBC0&itinerary_key=tqcUJ2bbdAxR_RtClGOFIA&expected_price_source=share&expected_price_currency=usd&expected_price=27&marker=741311
18,33,USD,MCO,RDU,"Raleigh, United States",US,2026-12-04,0,https://www.aviasales.com/search/MCO0412RDU1?t=F917964213001796427780000108MCORDU_dc2bf4f578ccffb791ed936af1e75f6f_2789&search_date=18092026&expected_price_uuid=01a0b29c-4402-8040-2fa3-7475b402fcd6&static_fare_key=TY%7CP0%7CH0%7CL0%7CCH0%7CR0%7CTBC0&itinerary_key=ehvhs2Eqas-w58-8p6yFjQ&origin_airports=0&expected_price_source=share&expected_price_currency=usd&expected_price=33&marker=741311
19,30,USD,ATL,MSY,"New Orleans, United States",US,2026-10-27,0,https://www.aviasales.com/search/ATL2710MSY1?t=F917931150001793117580000103ATLMSY_9f9baaf97fba1418d3484dd55c2ae2e4_2526&search_date=15092026&expected_price_uuid=01a0a6ee-1660-8040-2f6a-ef5c626b128d&static_fare_key=TY%7CP0%7CH0%7CL0%7CCH0%7CR0%7CTBC0&itinerary_key=rL3QEL7T5SK_S9oZGWFhjg&expected_price_source=share&expected_price_currency=usd&expected_price=30&marker=741311
20,34,USD,DEN,SLC,"Salt Lake City, United States",US,2026-11-04,0,https://www.aviasales.com/search/DEN0411SLC1?t=F917938322401793837820000093DENSLC_9988cb36f22e3e48499d7c2f15d5af36_2864&search_date=15092026&expected_price_uuid=01a0a5c2-22ca-8040-6748-3c087d307353&static_fare_key=TY%7CP0%7CH0%7CL0%7CCH0%7CR0%7CTBC0&itinerary_key=3-ZV_MyvFuu3pr06FTmnvg&expected_price_source=share&expected_price_currency=usd&expected_price=34&marker=741311
21,35,USD,LAS,OAK,"Oakland, United States",US,2026-10-05,0,https://www.aviasales.com/search/LAS0510OAK1?t=F917911863601791192120000096LASOAK_7e0b95a6480961eebc49091594e5cbbf_2984&search_date=19092026&expected_price_uuid=01a0bb14-1915-8040-6a55-d8b98e7e9cfe&static_fare_key=TY%7CP0%7CH0%7CL0%7CCH0%7CR0%7CTBC0&itinerary_key=MyNjww-VnDFaInGHTOoQyQ&expected_price_source=share&expected_price_currency=usd&expected_price=35&marker=741311
22,36,USD,MCO,CLT,"Charlotte, United States",US,2026-10-14,0,https://www.aviasales.com/search/MCO1410CLT1?t=F917919600601791967020000116MCOCLT_41d075773e676a6e81dba7b16c685a20_3074&search_date=17092026&expected_price_uuid=01a0ae2e-eeec-8040-21dd-70ec3a04a647&static_fare_key=TY%7CP0%7CH0%7CL0%7CCH0%7CR0%7CTBC0&itinerary_key=bjavGDfcFbx0HLgtpL8nMQ&origin_airports=0&expected_price_source=share&expected_price_currency=usd&expected_price=36&marker=741311
23,38,USD,ATL,MSP,"Minneapolis, United States",US,2026-11-10,0,https://www.aviasales.com/search/ATL1011MSP1?t=F917943132001794319560000166ATLMSP_483c59eee7cec77c855eb9900831d78d_3202&search_date=17092026&expected_price_uuid=01a0acc5-cf29-8040-296b-9ba3c84cd727&static_fare_key=TY%7CP0%7CH0%7CL0%7CCH0%7CR0%7CTBC0&itinerary_key=fhaqjdAK5FgY8kJfeN_sng&expected_price_source=share&expected_price_currency=usd&expected_price=38&marker=741311
26,40,USD,FLL,CMH,"Columbus, United States",US,2026-11-20,0,https://www.aviasales.com/search/FLL2011CMH1?t=G417951550001795164420000157FLLLCK_a95987408ffdacf49250fc3fc323867e_3380&search_date=14092026&expected_price_uuid=01a0a10f-319b-8030-ecff-03db8450e74c&static_fare_key=TY%7CP0%7CH0%7CL0%7CCH0%7CR0%7CTBC0&itinerary_key=ejBTmbFH1oh2qTKSR4JbwA&expected_price_source=share&expected_price_currency=usd&expected_price=40&marker=741311
27,41,USD,IAD,MIA,"Miami, United States",US,2026-12-01,0,https://www.aviasales.com/search/IAD0112MIA1?t=F917961228001796134020000187IADMIA_d350162a42018fbdc76ea8f575f79f35_3457&search_date=17092026&expected_price_uuid=01a0af85-f4bd-8030-af92-9c56de7c030b&static_fare_key=TY%7CP1%7CH0%7CL0%7CCH0%7CR0%7CTBC0&itinerary_key=ptlQys8nWJ6o8DANX0DLgQ&origin_airports=0&expected_price_source=share&expected_price_currency=usd&expected_price=41&marker=741311
28,41,USD,TPA,EYW,"Key West, United States",US,2026-09-27,0,https://www.aviasales.com/search/TPA2709EYW1?t=MX17905036201790508060000074TPAEYW_d5cb29a83cb1b0108eece99d8f88b58b_3461&search_date=19092026&expected_price_uuid=01a0b87e-5440-8040-6fea-4b132dbfec06&static_fare_key=TY%7CP0%7CH0%7CL0%7CCH0%7CR0%7CTBC0&itinerary_key=_ff0rehrWYhrgoQBIv0RkA&expected_price_source=share&expected_price_currency=usd&expected_price=41&marker=741311
29,41,USD,ATL,JAX,"Jacksonville, United States",US,2026-10-05,0,https://www.aviasales.com/search/ATL0510JAX1?t=F917912225401791226860000072ATLJAX_1946d9b31346e3de300a06261d0496c0_3465&search_date=17092026&expected_price_uuid=01a0b005-cf78-8030-29a8-c7d7f9ed34a3&static_fare_key=TY%7CP0%7CH0%7CL0%7CCH0%7CR0%7CTBC0&itinerary_key=t0rJKisXEQL4A5J7VyH4Fg&expected_price_source=share&expected_price_currency=usd&expected_price=41&marker=741311
30,42,USD,LAS,FAT,"Fresno, United States",US,2026-09-26,0,https://www.aviasales.com/search/LAS2609FAT1?t=G417904132001790417940000079LASFAT_05b6df415dc9e75ff571fb17388bab0f_3532&search_date=16092026&expected_price_uuid=01a0a98e-4b3f-8030-a914-265b9e02a84e&static_fare_key=TY%7CP0%7CH0%7CL0%7CCH0%7CR0%7CTBC0&itinerary_key=syvLcSiehOawMq8-8GLl9w&expected_price_source=share&expected_price_currency=usd&expected_price=42&marker=741311
31,46,USD,ORD,DEN,"Denver, United States",US,2026-10-07,0,https://www.aviasales.com/search/ORD0710DEN1?t=F917913546001791360900000165ORDDEN_bd0693030052e08032611cb2e54ffe6b_3897&search_date=17092026&expected_price_uuid=01a0af51-244f-8030-2828-82e07563f2f9&static_fare_key=TY%7CP0%7CH0%7CL0%7CCH0%7CR0%7CTBC0&itinerary_key=sCibATsTiJ5BQ3ydzuxsnw&origin_airports=0&expected_price_source=share&expected_price_currency=usd&expected_price=46&marker=741311
32,47,USD,FLL,LEX,"Lexington, United States",US,2026-09-26,0,https://www.aviasales.com/search/FLL2609LEX1?t=G417904240001790432400000140FLLLEX_471fc9714c77112653cdafb1f3487cd7_3960&search_date=16092026&expected_price_uuid=01a0ac72-6546-8030-61fb-dc6a1bec2c19&static_fare_key=TY%7CP0%7CH0%7CL0%7CCH0%7CR0%7CTBC0&itinerary_key=QTAcuRXfTGhk-L8OkGx91w&expected_price_source=share&expected_price_currency=usd&expected_price=47&marker=741311
33,49,USD,MCO,AVL,"Asheville, United States",US,2026-09-25,0,https://www.aviasales.com/search/MCO2509AVL1?t=G417903721001790378400000105MCOAVL_1702d1475e6017eb3157cdd6a2b9b59d_4126&search_date=15092026&expected_price_uuid=01a0a70e-4a47-8030-6ad8-52f81f6c785c&static_fare_key=TY%7CP0%7CH0%7CL0%7CCH0%7CR0%7CTBC0&itinerary_key=t16PDFQlLxcoJKXuLqUrDw&origin_airports=0&expected_price_source=share&expected_price_currency=usd&expected_price=49&marker=741311
34,50,USD,MCO,CVG,"Cincinnati, United States",US,2026-10-06,1,https://www.aviasales.com/search/MCO0610CVG1?t=F917913071401791373080001099MCOATLCVG_c8bedfb67c6a0d43c2985cd34fe63273_4231&search_date=13092026&expected_price_uuid=01a0986a-5909-8040-a88c-5bf11346db45&static_fare_key=TY%7CP1%7CH0%7CL0%7CCH0%7CR0%7CTBC0&itinerary_key=kjzm2Dml6sZpAuZ-3bg2ug&origin_airports=0&expected_price_source=share&expected_price_currency=usd&expected_price=50&marker=741311
35,53,USD,ATL,NYC,"New York, United States",US,2026-10-27,0,https://www.aviasales.com/search/ATL2710NYC1?t=F917931256801793133960000138ATLLGA_d09041ed66e9083b75e98fa70506eaa4_4474&search_date=17092026&expected_price_uuid=01a0b0a7-abef-8030-a426-56ad4c28ecab&static_fare_key=TY%7CP1%7CH0%7CL0%7CCH0%7CR0%7CTBC0&itinerary_key=tyyQ7FREhmVB0nmcbmxXhw&expected_price_source=share&expected_price_currency=usd&expected_price=53&marker=741311
36,54,USD,LAS,PHX,"Phoenix, United States",US,2026-11-19,0,https://www.aviasales.com/search/LAS1911PHX1?t=AA17950914601795099500000074LASPHX_4fc6bee38d2376745768a19c80fcc82a_4544&search_date=18092026&expected_price_uuid=01a0b478-ffde-8030-e095-4ae8e73a38ab&static_fare_key=TY%7CP0%7CH1%7CL0%7CCH0%7CR0%7CTBC0&itinerary_key=zh0OvK70Vz8GvkNqJIFqew&expected_price_source=share&expected_price_currency=usd&expected_price=54&marker=741311
37,54,USD,ORD,BRL,"Burlington, United States",US,2026-10-15,0,https://www.aviasales.com/search/ORD1510BRL1?t=LF17920668001792071900000085ORDBRL_35ad58c1398513f98a8b4a1e17649c8d_4526&search_date=19092026&expected_price_uuid=01a0ba22-4995-8030-a282-4b5691670c96&static_fare_key=TY%7CP1%7CH0%7CL0%7CCH0%7CR0%7CTBC0&itinerary_key=8usAWT7xKoIaeKPuDd8dEA&origin_airports=0&expected_price_source=share&expected_price_currency=usd&expected_price=54&marker=741311
39,55,USD,PHX,YYC,"Calgary, Canada",CA,2026-09-29,1,https://www.aviasales.com/search/PHX2909YYC1?t=WS17906769001790703000000375PHXYEGYYC_608f7cb05496addcf18670f3821e0229_4634&search_date=14092026&expected_price_uuid=01a09ed6-de5d-8030-e244-0d6b7371af95&static_fare_key=TY%7CP0%7CH0%7CL0%7CCH0%7CR0%7CTBC0&itinerary_key=uKdHyUwIPjD3yH3EP1Uzcw&expected_price_source=share&expected_price_currency=usd&expected_price=55&marker=741311
40,57,USD,LAX,SAC,"Sacramento, United States",US,2026-10-08,0,https://www.aviasales.com/search/LAX0810SAC1?t=F917914749001791480840000099LAXSMF_4e1b405c3f31ac0fb912cab01455ce45_4800&search_date=16092026&expected_price_uuid=01a0a89c-9559-8040-25fd-b08fe43f250e&static_fare_key=TY%7CP0%7CH0%7CL0%7CCH0%7CR0%7CTBC0&itinerary_key=O4XrvS5vC_T4OK9Xoca8fg&expected_price_source=share&expected_price_currency=usd&expected_price=57&marker=741311
41,58,USD,MIA,SJU,"San Juan, Puerto Rico",PR,2026-10-22,0,https://www.aviasales.com/search/MIA2210SJU1?t=F917926566001792666140000159MIASJU_f6bb20ead33ca261412336b646e45401_4884&search_date=18092026&expected_price_uuid=01a0b621-2f8b-8040-a8f9-fd43cdce1254&static_fare_key=TY%7CP0%7CH0%7CL0%7CCH0%7CR0%7CTBC0&itinerary_key=c9yRpUIIQ-u2YkxL6j_R-Q&expected_price_source=share&expected_price_currency=usd&expected_price=58&marker=741311
42,58,USD,ORD,STL,"St Louis, United States",US,2026-10-29,0,https://www.aviasales.com/search/ORD2910STL1?t=AA17932734001793278800000090ORDSTL_035dc41b41e2e9c265085e46e5daa7df_4912&search_date=18092026&expected_price_uuid=01a0b6cb-a683-8030-2a78-576aa794d041&static_fare_key=TY%7CP0%7CH0%7CL0%7CCH0%7CR0%7CTBC0&itinerary_key=-m0EmnzUQmoTX8Gvtuubgg&origin_airports=0&expected_price_source=share&expected_price_currency=usd&expected_price=58&marker=741311
43,58,USD,RDU,HVN,"New Haven, United States",US,2026-09-25,0,https://www.aviasales.com/search/RDU2509HVN1?t=XP17903684401790374140000095RDUHVN_9b48733217e743ee267168b85e263f4f_4884&search_date=15092026&expected_price_uuid=01a0a6ed-ae88-8030-aed2-5d2b0bd684b0&static_fare_key=TY%7CP0%7CH1%7CL0%7CCH0%7CR0%7CTBC0&itinerary_key=xyvxPbr6HUcL70kSmI0JPQ&expected_price_source=share&expected_price_currency=usd&expected_price=58&marker=741311
44,58,USD,TPA,ILG,"Wilmington, United States",US,2027-03-04,0,https://www.aviasales.com/search/TPA0403ILG1?t=XP18041823601804191660000155TPAILG_b2121c97978a5f6d775e098e3d924266_4863&search_date=17092026&expected_price_uuid=01a0aec3-041d-8050-63a9-e4ee92a99545&static_fare_key=TY%7CP1%7CH0%7CL0%7CCH0%7CR0%7CTBC0&itinerary_key=r2-b6WsCRNXL-A_twut-mg&expected_price_source=share&expected_price_currency=usd&expected_price=58&marker=741311
45,60,USD,SFO,PDX,"Portland, United States",US,2026-12-31,0,https://www.aviasales.com/search/SFO3112PDX1?t=UA17987500201798756560000109SFOPDX_2f68c35396772adbf5f937b54164de43_5054&search_date=15092026&expected_price_uuid=01a0a62e-db8a-8030-e43d-10593297f733&static_fare_key=TY%7CP1%7CH0%7CL0%7CCH0%7CR0%7CTBC0&itinerary_key=vvhJlxIoLaD47D4k5rBgeg&expected_price_source=share&expected_price_currency=usd&expected_price=60&marker=741311
47,62,USD,TPA,CAK,"Akron, United States",US,2026-12-03,0,https://www.aviasales.com/search/TPA0312CAK1?t=G417962791001796287860000146PIECAK_3721a4b7b8710a620d4705f660dbe814_5237&search_date=16092026&expected_price_uuid=01a0aaba-7759-8040-6a08-0ca608673e7f&static_fare_key=TY%7CP0%7CH1%7CL0%7CCH0%7CR0%7CTBC0&itinerary_key=B3M28RoipsO6fU-jMHnW_w&expected_price_source=share&expected_price_currency=usd&expected_price=62&marker=741311
49,63,USD,LAX,YVR,"Vancouver, Canada",CA,2026-10-17,2,https://www.aviasales.com/search/LAX1710YVR1?t=WS17922429001792275000000535LAXYYCYEGYVR_0e17b0fd472a925bbeace44183a82524_5324&search_date=17092026&expected_price_uuid=01a0b15a-ee59-8040-a56f-f040f630e1aa&static_fare_key=TY%7CP0%7CH0%7CL0%7CCH0%7CR0%7CTBC0&itinerary_key=P-1Bl5C_TEoUM6tQ8B81Ng&expected_price_source=share&expected_price_currency=usd&expected_price=63&marker=741311
50,63,USD,ATL,GDL,"Guadalajara, Mexico",MX,2026-10-05,0,https://www.aviasales.com/search/ATL0510GDL1?t=Y417912058001791214020000257ATLGDL_102a887dc7caaa4f56c15a6e97e1f539_5324&search_date=14092026&expected_price_uuid=01a0a236-0b07-8040-a68a-1bb909d361bf&static_fare_key=TY%7CP0%7CH0%7CL0%7CCH0%7CR0%7CTBC0&itinerary_key=9Y_ZglLZJxPC1uK5hhYYLQ&expected_price_source=share&expected_price_currency=usd&expected_price=63&marker=741311
51,63,USD,MCO,SBN,"South Bend, United States",US,2026-09-24,0,https://www.aviasales.com/search/MCO2409SBN1?t=MX17902698601790280360000175MCOSBN_726bc8a6dbb77f5ce227ae92efb6fe31_5324&search_date=14092026&expected_price_uuid=01a0a11b-afff-8030-ed5a-6e32eca8310e&static_fare_key=TY%7CP0%7CH0%7CL0%7CCH0%7CR0%7CTBC0&itinerary_key=272iP7IkqXZFk00UMCBEFA&origin_airports=0&expected_price_source=share&expected_price_currency=usd&expected_price=63&marker=741311
52,66,USD,TPA,YTO,"Toronto, Canada",CA,2026-11-30,0,https://www.aviasales.com/search/TPA3011YTO1?t=PD17960631001796073900000180TPAYYZ_daafc85bcea11f266141ff682b7ec09a_5561&search_date=16092026&expected_price_uuid=01a0abc7-570a-8030-e634-4e0a258d5f10&static_fare_key=TY%7CP0%7CH0%7CL0%7CCH0%7CR0%7CTBC0&itinerary_key=Oro2Gcy3sRRyZJSq89dpRA&expected_price_source=share&expected_price_currency=usd&expected_price=66&marker=741311
53,68,USD,PHX,YEA,"Edmonton, Canada",CA,2026-09-28,1,https://www.aviasales.com/search/PHX2809YEA1?t=WS17906013001790631600000445PHXYYCYEG_33fc792aac79ae89b1b17c3292828974_5746&search_date=14092026&expected_price_uuid=01a0a126-0086-8030-e41b-ba7f71bf8a0c&static_fare_key=TY%7CP0%7CH0%7CL0%7CCH0%7CR0%7CTBC0&itinerary_key=sgT8K5ghvPIvm_izaA8Snw&expected_price_source=share&expected_price_currency=usd&expected_price=68&marker=741311
54,68,USD,MCO,PNS,"Pensacola, United States",US,2026-10-06,0,https://www.aviasales.com/search/MCO0610PNS1?t=MX17912881801791290400000097MCOPNS_cf51c945e5e43019f4d8fa6642d54e9f_5760&search_date=17092026&expected_price_uuid=01a0af46-d405-8040-a0b0-15af6432ece5&static_fare_key=TY%7CP0%7CH0%7CL0%7CCH0%7CR0%7CTBC0&itinerary_key=7tbnP8vYIty2I78OgGlY8A&origin_airports=0&expected_price_source=share&expected_price_currency=usd&expected_price=68&marker=741311
55,70,USD,IAD,PIT,"Pittsburgh, United States",US,2026-09-26,1,https://www.aviasales.com/search/IAD2609PIT1?t=9X17904111001790432520000357IADDUJPIT_f0641826f9115b8ef1045370bc0420a5_5897&search_date=16092026&expected_price_uuid=01a0ac9f-2ade-8030-e1ce-1106560b120a&static_fare_key=TY%7CP0%7CH0%7CL1_1_20%7CCH0%7CR0%7CTBC1&itinerary_key=KDbPMFoiB2J9JGNpjLnZLQ&origin_airports=0&expected_price_source=share&expected_price_currency=usd&expected_price=70&marker=741311
56,72,USD,LAX,SEA,"Seattle, United States",US,2026-12-11,0,https://www.aviasales.com/search/LAX1112SEA1?t=F917970112201797022080000181LAXSEA_653a4ca57e8c034160541ad5f1c14ee2_6041&search_date=17092026&expected_price_uuid=01a0aeae-cd83-8030-e706-7608a5ea53ea&static_fare_key=TY%7CP1%7CH0%7CL0%7CCH1_0%7CR0%7CTBC0&itinerary_key=X4-t3kMu_Un8GGasbNbiHA&expected_price_source=share&expected_price_currency=usd&expected_price=72&marker=741311
57,74,USD,BOS,LEB,"Lebanon, United States",US,2026-09-26,0,https://www.aviasales.com/search/BOS2609LEB1?t=9K17904258601790429760000065BOSLEB_5762f841a1fff4a2c91fb8bf9a4701b7_6283&search_date=16092026&expected_price_uuid=01a0a94b-f2bc-8030-ec98-8775ca86be8a&static_fare_key=TY%7CP0%7CH1%7CL0%7CCH0%7CR0%7CTBC0&itinerary_key=6Dr0bBJ_eNlfK75I7dlEmQ&expected_price_source=share&expected_price_currency=usd&expected_price=74&marker=741311
58,68,USD,LAS,AUS,"Austin, United States",US,2026-11-14,0,https://www.aviasales.com/search/LAS1411AUS1?t=F917946414001794658920000172LASAUS_668430221680994c7f1648af88c07be5_5726&search_date=15092026&expected_price_uuid=01a0a6de-a124-8040-60e1-5197a27dabf5&static_fare_key=TY%7CP0%7CH0%7CL0%7CCH0%7CR0%7CTBC0&itinerary_key=YfIh2Qv-QDKqz1pJXjvgkw&expected_price_source=share&expected_price_currency=usd&expected_price=68&marker=741311
59,75,USD,MCO,TYS,"Knoxville, United States",US,2026-10-19,0,https://www.aviasales.com/search/MCO1910TYS1?t=G417924022601792408440000103MCOTYS_0d29ee70961b12128b46860f87caed45_6330&search_date=18092026&expected_price_uuid=01a0b6b0-e18d-8040-2fce-70afa607ef84&static_fare_key=TY%7CP0%7CH0%7CL0%7CCH0%7CR0%7CTBC0&itinerary_key=j1kF2OfTmeZaqaBnlcd6bg&origin_airports=0&expected_price_source=share&expected_price_currency=usd&expected_price=75&marker=741311
60,75,USD,CLT,BKW,"Beckley, United States",US,2026-09-28,0,https://www.aviasales.com/search/CLT2809BKW1?t=LF17905965001790601300000080CLTBKW_82caef7ac9c442303af2a698b63f66a6_6316&search_date=18092026&expected_price_uuid=01a0b65e-88c3-8030-202f-030cc68341bb&static_fare_key=TY%7CP0%7CH1%7CL0%7CCH0%7CR0%7CTBC0&itinerary_key=0QifAcfLQgCZOu2frb0geg&expected_price_source=share&expected_price_currency=usd&expected_price=75&marker=741311
61,77,USD,MCO,IND,"Indianapolis, United States",US,2026-10-02,0,https://www.aviasales.com/search/MCO0210IND1?t=F917909638201790973060000154MCOIND_f20674e13936e3826bbc165f0bb9c711_6465&search_date=17092026&expected_price_uuid=01a0b15d-51d3-8030-2e45-6e92faf589b3&static_fare_key=TY%7CP0%7CH0%7CL0%7CCH0%7CR0%7CTBC0&itinerary_key=zrshWBLUUUNOyPCVExppIg&origin_airports=0&expected_price_source=share&expected_price_currency=usd&expected_price=77&marker=741311
62,77,USD,PHX,GEG,"Spokane, United States",US,2026-10-26,0,https://www.aviasales.com/search/PHX2610GEG1?t=G417930301001793039940000164AZAGEG_efd54a8ee63900100868a5497f10add8_6488&search_date=16092026&expected_price_uuid=01a0ab20-0098-8040-2975-8d19a688f643&static_fare_key=TY%7CP0%7CH0%7CL0%7CCH0%7CR0%7CTBC0&itinerary_key=7biJVLRxmElGOa32C2TmIw&expected_price_source=share&expected_price_currency=usd&expected_price=77&marker=741311
63,79,USD,MIA,BOS,"Boston, United States",US,2026-10-31,0,https://www.aviasales.com/search/MIA3110BOS1?t=AA17934828001793494740000199MIABOS_9fe74558335d9dc0cd7173be23b146e3_6648&search_date=18092026&expected_price_uuid=01a0b475-756c-8030-e2c4-1fca5d9d6cfd&static_fare_key=TY%7CP0%7CH0%7CL0%7CCH0%7CR0%7CTBC0&itinerary_key=7Zj9GIDAWpjVzfgqcGDJJw&expected_price_source=share&expected_price_currency=usd&expected_price=79&marker=741311
65,81,USD,FLL,RIC,"Richmond, United States",US,2026-10-31,1,https://www.aviasales.com/search/FLL3110RIC1?t=MX17934264001793472060000761FLLTPARIC_ef49c58b9ecebefbbe832c0f73ef0652_6836&search_date=19092026&expected_price_uuid=01a0b700-c1a6-8040-6e08-d344fbc94e56&static_fare_key=TY%7CP0%7CH0%7CL0%7CCH0%7CR0%7CTBC0&itinerary_key=g8HxftpuJh4NCW-RLWCCpA&expected_price_source=share&expected_price_currency=usd&expected_price=81&marker=741311
66,82,USD,ATL,BUF,"Buffalo, United States",US,2026-10-15,1,https://www.aviasales.com/search/ATL1510BUF1?t=WN17920560001792073400000290ATLBWIBUF_e4ca5152c7c4cf32066b19aa3f5720cb_6883&search_date=15092026&expected_price_uuid=01a0a5bc-bd14-8040-2154-0d252daa69a7&static_fare_key=TY%7CP0%7CH1%7CL0%7CCH0%7CR0%7CTBC0&itinerary_key=5yVfIrdnjvgV4PUxckdBlg&expected_price_source=share&expected_price_currency=usd&expected_price=82&marker=741311
67,82,USD,LAX,MKC,"Kansas City, United States",US,2026-10-22,1,https://www.aviasales.com/search/LAX2210MKC1?t=F917926692001792698480000368LAXDENMCI_b45033e9993180fcbb07ed8c291cbf59_6921&search_date=19092026&expected_price_uuid=01a0b73f-7117-8040-601e-a63e3642e9d8&static_fare_key=TY%7CP1%7CH0%7CL0%7CCH0%7CR0%7CTBC0&itinerary_key=T3IDvSF9tmwxQS4fPUjYQQ&expected_price_source=share&expected_price_currency=usd&expected_price=82&marker=741311
68,82,USD,DFW,QRO,"Queretaro, Mexico",MX,2026-11-19,0,https://www.aviasales.com/search/DFW1911QRO1?t=Y417951109001795119300000140DFWQRO_0ee9bedda0c61c57a774c212d4750086_6897&search_date=18092026&expected_price_uuid=01a0b306-0804-8040-af1d-19cc8f81df77&static_fare_key=TY%7CP0%7CH0%7CL0%7CCH0%7CR0%7CTBC0&itinerary_key=Czr3hTQcrGVXgqGlDwOVcg&expected_price_source=share&expected_price_currency=usd&expected_price=82&marker=741311
69,84,USD,AUS,MEX,"Mexico City, Mexico",MX,2026-10-14,1,https://www.aviasales.com/search/AUS1410MEX1?t=VB17919894001792007400000360AUSMTYNLU_4096af714e8290ba3eda3cf5d8ef8d66_7089&search_date=19092026&expected_price_uuid=01a0bade-e360-8040-24c9-c317dad79209&static_fare_key=TY%7CP0%7CH0%7CL0%7CCH0%7CR0%7CTBC0&itinerary_key=oGa4xum6kIcqr24iGHx-Qw&expected_price_source=share&expected_price_currency=usd&expected_price=84&marker=741311
70,86,USD,MCO,GSP,"Greenville, United States",US,2026-09-24,0,https://www.aviasales.com/search/MCO2409GSP1?t=MX17902806001790286600000100MCOGSP_9eb9ae815709f491faf9afbb4c6a6fb2_7220&search_date=18092026&expected_price_uuid=01a0b6dc-1a63-8030-a208-48d515e2ef25&static_fare_key=TY%7CP0%7CH0%7CL0%7CCH0%7CR0%7CTBC0&itinerary_key=-Rwql6_MFmn-fpZh7ADXog&origin_airports=0&expected_price_source=share&expected_price_currency=usd&expected_price=86&marker=741311
71,85,USD,LAS,YWG,"Winnipeg, Canada",CA,2026-09-29,2,https://www.aviasales.com/search/LAS2909YWG1?t=WS17906880001790729700000575LASYVRYYCYWG_dc8b1a9253e9e179451ed20b65c17858_7142&search_date=14092026&expected_price_uuid=01a09d61-c464-8030-6296-7bf8ec3ae55a&static_fare_key=TY%7CP0%7CH0%7CL0%7CCH0%7CR0%7CTBC0&itinerary_key=DvZh2p_ZkqUhYMWa36oKCQ&expected_price_source=share&expected_price_currency=usd&expected_price=85&marker=741311
72,86,USD,MCO,CHS,"Charleston, United States",US,2026-09-24,0,https://www.aviasales.com/search/MCO2409CHS1?t=MX17902338001790239080000088MCOCHS_54f25ccc449224d63223540a92de0dcb_7268&search_date=14092026&expected_price_uuid=01a0a1af-0e2e-8030-a079-d2c744a219a0&static_fare_key=TY%7CP0%7CH0%7CL0%7CCH0%7CR0%7CTBC0&itinerary_key=93ihWs3c9tIzqhp1YH1pCA&origin_airports=0&expected_price_source=share&expected_price_currency=usd&expected_price=86&marker=741311
73,86,USD,TPA,IAG,"Niagara Falls, United States",US,2026-09-27,0,https://www.aviasales.com/search/TPA2709IAG1?t=G417904927001790502180000158PIEIAG_6fa440a14fa6e9039e6258627b53705b_7261&search_date=17092026&expected_price_uuid=01a0aedf-a309-8030-abee-edf76470c473&static_fare_key=TY%7CP0%7CH0%7CL0%7CCH0%7CR0%7CTBC0&itinerary_key=W1avNPP1iqg0ZrBtVm4fPg&expected_price_source=share&expected_price_currency=usd&expected_price=86&marker=741311
74,86,USD,MSP,HRL,"Harlingen, United States",US,2026-12-15,2,https://www.aviasales.com/search/MSP1512HRL1?t=WN17973210001797349800000480MSPSTLHOUHRL_cc66c4e471fe915f77b3967651fe5e13_7268&search_date=14092026&expected_price_uuid=01a0a20c-6236-8040-ac7d-074a3c3b7f60&static_fare_key=TY%7CP0%7CH1%7CL0%7CCH0%7CR0%7CTBC0&itinerary_key=um_2LEZXemIQqXfd_6duDA&expected_price_source=share&expected_price_currency=usd&expected_price=86&marker=741311
75,87,USD,MCO,BQN,"Aguadilla, Puerto Rico",PR,2026-10-13,0,https://www.aviasales.com/search/MCO1310BQN1?t=F917918748001791885420000177MCOBQN_22316dea54dd8cb8a814bccb4169292d_7352&search_date=17092026&expected_price_uuid=01a0b19f-9aa7-8040-2ec8-ac7c76dd82fd&static_fare_key=TY%7CP0%7CH0%7CL0%7CCH0%7CR0%7CTBC0&itinerary_key=eoJz0otu52_xPv0RwHxvTQ&origin_airports=0&expected_price_source=share&expected_price_currency=usd&expected_price=87&marker=741311
76,88,USD,RDU,FMY,"Fort Myers, United States",US,2026-09-19,0,https://www.aviasales.com/search/RDU1909FMY1?t=MX17898483001789855980000128RDURSW_2ca6a4c9f90fec052c277be7ef35140e_7414&search_date=13092026&expected_price_uuid=01a09b2e-3ae7-8030-6eab-45640c093d68&static_fare_key=TY%7CP0%7CH0%7CL0%7CCH0%7CR0%7CTBC0&itinerary_key=zyVEq7MnFahwmapvig6jwQ&expected_price_source=share&expected_price_currency=usd&expected_price=88&marker=741311
77,88,USD,LAS,ACV,"Arcata, United States",US,2026-09-26,0,https://www.aviasales.com/search/LAS2609ACV1?t=MX17904174601790424660000120LASACV_61e744efb9142d99fa393acc664b83a7_7432&search_date=16092026&expected_price_uuid=01a0aab6-a598-8030-603a-079c4fc006ce&static_fare_key=TY%7CP0%7CH0%7CL0%7CCH0%7CR0%7CTBC0&itinerary_key=dXobOF3V9K3xUc9cOhL4SQ&expected_price_source=share&expected_price_currency=usd&expected_price=88&marker=741311
78,373,USD,TPA,YKF,"Kitchener, Canada",CA,2026-12-15,1,https://www.aviasales.com/search/TPA1512YKF1?t=PD17973535201797531300002963TPAFLLYYZYHZYKF_c5ca3842197f5a1cc43adecb96dd09d4_31511&search_date=14092026&expected_price_uuid=01a09da9-19c0-8040-67bf-583f791686fa&static_fare_key=TY%7CP0%7CH0%7CL0%7CCH0%7CR0%7CTBC0&itinerary_key=xyQ8gOUEHBPX6JMyzf4f8w&expected_price_source=share&expected_price_currency=usd&expected_price=373&marker=741311
79,90,USD,ORD,UIN,"Quincy, United States",US,2026-09-26,0,https://www.aviasales.com/search/ORD2609UIN1?t=LF17904258001790430900000085ORDUIN_605a917fa1b13d29643ae9b9f06a7566_7621&search_date=16092026&expected_price_uuid=01a0abaa-d303-8030-a0f6-93810da23053&static_fare_key=TY%7CP0%7CH0%7CL0%7CCH0%7CR0%7CTBC0&itinerary_key=jy7SsqOoURheEMEiq8WxPA&origin_airports=0&expected_price_source=share&expected_price_currency=usd&expected_price=90&marker=741311
80,90,USD,MCO,BDL,"Hartford, United States",US,2026-10-09,0,https://www.aviasales.com/search/MCO0910BDL1?t=F917915454001791555660000171MCOBDL_59880a3f6acef2c38936d1ca3dcb9163_7576&search_date=18092026&expected_price_uuid=01a0b6dc-908a-8030-ac32-d7e83367ad28&static_fare_key=TY%7CP0%7CH0%7CL0%7CCH0%7CR0%7CTBC0&itinerary_key=1CxVYjNnwscWOmOS0YzbnQ&origin_airports=0&expected_price_source=share&expected_price_currency=usd&expected_price=90&marker=741311
81,93,USD,BOS,RUT,"Rutland, United States",US,2026-09-29,0,https://www.aviasales.com/search/BOS2909RUT1?t=9K17907096001790714400000080BOSRUT_de2ee0aaafffe40ad014d27fcdee05d2_7870&search_date=19092026&expected_price_uuid=01a0b9ea-aa39-8030-a269-6c62e331c5b8&static_fare_key=TY%7CP0%7CH1%7CL0%7CCH0%7CR0%7CTBC0&itinerary_key=vQJCJO9GOqwO1Pvku0tFsw&expected_price_source=share&expected_price_currency=usd&expected_price=93&marker=741311
82,93,USD,MIA,ORF,"Norfolk, United States",US,2026-10-09,1,https://www.aviasales.com/search/MIA0910ORF1?t=F917915865001791644100000960MIAATLORF_34eae061e01c1648bf0393f1af5a204c_7843&search_date=15092026&expected_price_uuid=01a0a606-7932-8040-2f73-f9ade78c363e&static_fare_key=TY%7CP0%7CH0%7CL0%7CCH0%7CR0%7CTBC0&itinerary_key=GczOKIE64ydrM6tTnX8xEg&expected_price_source=share&expected_price_currency=usd&expected_price=93&marker=741311
83,93,USD,MCO,HSV,"Huntsville, United States",US,2026-09-21,0,https://www.aviasales.com/search/MCO2109HSV1?t=MX17900134201790017020000120MCOHSV_ec401d46d149742795cdd9d23c7a4276_7824&search_date=14092026&expected_price_uuid=01a09eb2-7bc9-8030-22dc-9c98df7c4499&static_fare_key=TY%7CP0%7CH0%7CL0%7CCH0%7CR0%7CTBC0&itinerary_key=zbuaOPqdZehaX7c5aaiFlA&origin_airports=0&expected_price_source=share&expected_price_currency=usd&expected_price=93&marker=741311
84,94,USD,LAX,TUS,"Tucson, United States",US,2026-10-19,0,https://www.aviasales.com/search/LAX1910TUS1?t=WN17924433001792448700000090LAXTUS_b2f5e3d63f8e9091c19f658788006140_7980&search_date=17092026&expected_price_uuid=01a0b09d-5677-8040-a22e-50bd716d1db6&static_fare_key=TY%7CP1%7CH1%7CL0%7CCH0%7CR0%7CTBC0&itinerary_key=_jnYsEoKM8I7F5DTszcC0A&expected_price_source=share&expected_price_currency=usd&expected_price=94&marker=741311
85,96,USD,MIA,NAS,"Nassau, Bahamas",BS,2026-11-06,0,https://www.aviasales.com/search/MIA0611NAS1?t=UP17939943001793997900000060MIANAS_c5777302f8d7bb323b5608132a42b279_8138&search_date=19092026&expected_price_uuid=01a0ba5e-28df-8030-e9d9-4e85f3bb711b&static_fare_key=TY%7CP1%7CH1%7CL0%7CCH0%7CR0%7CTBC0&itinerary_key=2i8WM2ZFtcdkdVTMPopFLg&expected_price_source=share&expected_price_currency=usd&expected_price=96&marker=741311
86,96,USD,MCO,SDF,"Louisville, United States",US,2026-10-22,0,https://www.aviasales.com/search/MCO2210SDF1?t=WN17926971001792705200000135MCOSDF_0ecf1026bbc9b702278f39c9698b4181_8102&search_date=19092026&expected_price_uuid=01a0baeb-e00d-8040-af95-00157918c681&static_fare_key=TY%7CP0%7CH0%7CL0%7CCH0%7CR0%7CTBC0&itinerary_key=qz3Y_rAlqYT_5aPY3zroew&origin_airports=0&expected_price_source=share&expected_price_currency=usd&expected_price=96&marker=741311
87,99,USD,MSP,SRQ,"Sarasota, United States",US,2026-11-15,0,https://www.aviasales.com/search/MSP1511SRQ1?t=SY17947239001794739440000199MSPSRQ_b4a345d42eaaa5a25c56224a4b1d44e6_8365&search_date=17092026&expected_price_uuid=01a0b1a1-4e12-8040-6b0d-1db4e513dbea&static_fare_key=TY%7CP0%7CH0%7CL0%7CCH0%7CR0%7CTBC0&itinerary_key=KXf7S-9FE_Xlo63qY4Sbig&expected_price_source=share&expected_price_currency=usd&expected_price=99&marker=741311
88,100,USD,FLL,YOW,"Ottawa, Canada",CA,2026-10-01,1,https://www.aviasales.com/search/FLL0110YOW1?t=WS17908761001790900400000405FLLYYZYOW_2a1db6720019239b790203d16b8b6ec7_8422&search_date=16092026&expected_price_uuid=01a0ab10-73f5-8030-eff9-4b7f1f509d24&static_fare_key=TY%7CP0%7CH0%7CL0%7CCH0%7CR0%7CTBC0&itinerary_key=menPOiHV4Fi9IiJ0aeXMHQ&expected_price_source=share&expected_price_currency=usd&expected_price=100&marker=741311
89,88,USD,SFO,ABQ,"Albuquerque, United States",US,2027-01-09,1,https://www.aviasales.com/search/SFO0901ABQ1?t=UA17994897001799502000000145SFOABQ_5dc6d625d33a51099f709d6c69c3d4c1_7437&search_date=18092026&expected_price_uuid=01a0b386-bbbf-8040-653c-b07c4257256d&static_fare_key=TY%7CP0%7CH0%7CL0%7CCH0%7CR0%7CTBC0&itinerary_key=en5HKOTB6vGFS472tRipGw&expected_price_source=share&expected_price_currency=usd&expected_price=88&marker=741311
91,101,USD,FLL,YHZ,"Halifax, Canada",CA,2026-10-01,1,https://www.aviasales.com/search/FLL0110YHZ1?t=PD17908620001790896320000512FLLYYZYHZ_b5d11ba010bdb4e2b96a9747042962e3_8538&search_date=16092026&expected_price_uuid=01a0aa0d-5460-8030-2ce6-ee3300817281&static_fare_key=TY%7CP0%7CH0%7CL0%7CCH0%7CR0%7CTBC0&itinerary_key=yvFQfljtR8_rDIWLsPygvQ&expected_price_source=share&expected_price_currency=usd&expected_price=101&marker=741311
92,101,USD,LAX,RNO,"Reno, United States",US,2027-01-11,1,https://www.aviasales.com/search/LAX1101RNO1?t=WN17996808001799696400000260SNALASRNO_2416f383d96e865f0fd7a48719ff739d_8511&search_date=16092026&expected_price_uuid=01a0a793-c33a-8030-2d6c-9b5463f21e96&static_fare_key=TY%7CP1%7CH1%7CL0%7CCH0%7CR0%7CTBC0&itinerary_key=NHrKI-49uiA5B6aCDec0Cg&expected_price_source=share&expected_price_currency=usd&expected_price=101&marker=741311
93,119,USD,LAX,BZN,"Bozeman, United States",US,2026-10-07,1,https://www.aviasales.com/search/LAX0710BZN1?t=G417913726001791450360001236LAXLASBZN_783fe5320d280af2d237eda128dbe6d3_10056&search_date=15092026&expected_price_uuid=01a0a270-d8a3-8040-282e-88fe2237d69b&static_fare_key=TY%7CP0%7CH0%7CL0%7CCH0%7CR0%7CTBC0&itinerary_key=1cs9aP4FNtRTg0SYWipGNA&expected_price_source=share&expected_price_currency=usd&expected_price=119&marker=741311
94,103,USD,MIA,SDQ,"Santo Domingo, Dominican Republic",DO,2026-11-05,0,https://www.aviasales.com/search/MIA0511SDQ1?t=DM17939083201793920320000140MIASDQ_6a0b26d27d908eed9d523b1fab24d179_8716&search_date=19092026&expected_price_uuid=01a0b6f7-1d9c-8040-618f-310b1e1e4e0b&static_fare_key=TY%7CP1%7CH0%7CL0%7CCH0%7CR0%7CTBC0&itinerary_key=PeHw4aUSCeAIW2WYcZO8BA&expected_price_source=share&expected_price_currency=usd&expected_price=103&marker=741311
95,103,USD,SFO,HNL,"Honolulu, United States",US,2026-12-01,0,https://www.aviasales.com/search/SFO0112HNL1?marker=741311
96,103,USD,ATL,BHM,"Birmingham, United States",US,2026-11-12,1,https://www.aviasales.com/search/ATL1211BHM1?marker=741311
97,103,USD,JFK,SXM,"Sint Maarten, Sint Maarten",SX,2027-02-04,1,https://www.aviasales.com/search/JFK0402SXM1?marker=741311
98,104,USD,MCO,ABE,"Allentown, United States",US,2026-09-24,0,https://www.aviasales.com/search/MCO2409ABE1?marker=741311
99,104,USD,SEA,YCD,"Nanaimo, Canada",CA,2026-09-26,1,https://www.aviasales.com/search/SEA2609YCD1?marker=741311
100,105,USD,BOS,BDA,"Bermuda, Bermuda",BM,2027-02-21,1,https://www.aviasales.com/search/BOS2102BDA1?marker=741311
101,106,USD,SAN,DTT,"Detroit, United States",US,2026-12-01,1,https://www.aviasales.com/search/SAN0112DTT1?marker=741311
102,106,USD,LAX,ELP,"El Paso, United States",US,2026-11-04,1,https://www.aviasales.com/search/LAX0411ELP1?marker=741311
103,107,USD,LAX,MCE,"Merced, United States",US,2026-09-26,0,https://www.aviasales.com/search/LAX2609MCE1?marker=741311
104,108,USD,DFW,HOT,"Hot Springs, United States",US,2026-09-23,0,https://www.aviasales.com/search/DFW2309HOT1?marker=741311
105,108,USD,PHX,SOW,"Show Low, United States",US,2026-09-24,0,https://www.aviasales.com/search/PHX2409SOW1?marker=741311
106,109,USD,MIA,MID,"Merida, Mexico",MX,2026-10-23,1,https://www.aviasales.com/search/MIA2310MID1?marker=741311
107,109,USD,JFK,OMA,"Omaha, United States",US,2026-10-13,1,https://www.aviasales.com/search/JFK1310OMA1?marker=741311
108,109,USD,LAS,SHV,"Shreveport, United States",US,2026-09-25,0,https://www.aviasales.com/search/LAS2509SHV1?marker=741311
109,111,USD,BOS,YMQ,"Montreal, Canada",CA,2026-10-03,0,https://www.aviasales.com/search/BOS0310YMQ1?marker=741311
110,111,USD,SLC,PVU,"Provo, United States",US,2026-10-31,1,https://www.aviasales.com/search/SLC3110PVU1?marker=741311
111,112,USD,DEN,SAT,"San Antonio, United States",US,2026-12-24,0,https://www.aviasales.com/search/DEN2412SAT1?marker=741311
112,112,USD,DEN,AMA,"Amarillo, United States",US,2026-09-25,0,https://www.aviasales.com/search/DEN2509AMA1?marker=741311
113,113,USD,LAX,DSM,"Des Moines, United States",US,2026-11-18,1,https://www.aviasales.com/search/LAX1811DSM1?marker=741311
114,113,USD,DEN,VEL,"Vernal, United States",US,2026-09-23,0,https://www.aviasales.com/search/DEN2309VEL1?marker=741311
115,114,USD,MCO,PSE,"Ponce, Puerto Rico",PR,2026-09-25,0,https://www.aviasales.com/search/MCO2509PSE1?marker=741311
116,116,USD,LAX,MFR,"Medford, United States",US,2026-10-31,1,https://www.aviasales.com/search/LAX3110MFR1?marker=741311
117,117,USD,RDU,ISP,"Islip, United States",US,2026-09-26,0,https://www.aviasales.com/search/RDU2609ISP1?marker=741311
118,117,USD,MCO,ALB,"Albany, United States",US,2026-11-10,1,https://www.aviasales.com/search/MCO1011ALB1?marker=741311
119,117,USD,PHX,EUG,"Eugene, United States",US,2026-09-28,0,https://www.aviasales.com/search/PHX2809EUG1?marker=741311
120,118,USD,DEN,PIA,"Peoria, United States",US,2026-10-15,0,https://www.aviasales.com/search/DEN1510PIA1?marker=741311
121,118,USD,IAH,VER,"Veracruz, Mexico",MX,2026-11-03,1,https://www.aviasales.com/search/IAH0311VER1?marker=741311
122,119,USD,DFW,SAV,"Savannah, United States",US,2026-11-14,0,https://www.aviasales.com/search/DFW1411SAV1?marker=741311
123,119,USD,MIA,PUJ,"Punta Cana, Dominican Republic",DO,2027-01-15,0,https://www.aviasales.com/search/MIA1501PUJ1?marker=741311
124,119,USD,ATL,TLH,"Tallahassee, United States",US,2026-11-06,1,https://www.aviasales.com/search/ATL0611TLH1?marker=741311
125,119,USD,IAH,CUL,"Culiacan, Mexico",MX,2026-09-26,1,https://www.aviasales.com/search/IAH2609CUL1?marker=741311
126,119,USD,LAX,MRY,"Monterey, United States",US,2026-09-19,0,https://www.aviasales.com/search/LAX1909MRY1?marker=741311
127,122,USD,JFK,CUN,"Cancun, Mexico",MX,2026-11-25,1,https://www.aviasales.com/search/JFK2511CUN1?marker=741311
128,122,USD,MCO,AUA,"Oranjestad, Aruba",AW,2026-10-28,1,https://www.aviasales.com/search/MCO2810AUA1?marker=741311
129,122,USD,IAH,BJX,"Leon/Guanajuato, Mexico",MX,2026-09-25,0,https://www.aviasales.com/search/IAH2509BJX1?marker=741311
130,123,USD,PHX,COS,"Colorado Springs, United States",US,2026-10-19,0,https://www.aviasales.com/search/PHX1910COS1?marker=741311
131,123,USD,ATL,MYR,"Myrtle Beach, United States",US,2027-01-08,1,https://www.aviasales.com/search/ATL0801MYR1?marker=741311
132,123,USD,FLL,FPO,"Freeport, Bahamas",BS,2026-10-25,0,https://www.aviasales.com/search/FLL2510FPO1?marker=741311
133,123,USD,SFO,BIL,"Billings, United States",US,2026-09-24,1,https://www.aviasales.com/search/SFO2409BIL1?marker=741311
134,125,USD,SEA,FAI,"Fairbanks, United States",US,2026-09-25,0,https://www.aviasales.com/search/SEA2509FAI1?marker=741311
135,125,USD,LAX,STS,"Santa Rosa, United States",US,2026-12-28,0,https://www.aviasales.com/search/LAX2812STS1?marker=741311
136,126,USD,BOS,MTY,"Monterrey, Mexico",MX,2026-11-02,1,https://www.aviasales.com/search/BOS0211MTY1?marker=741311
137,126,USD,DEN,ICT,"Wichita, United States",US,2026-09-22,0,https://www.aviasales.com/search/DEN2209ICT1?marker=741311
138,126,USD,ORD,GRR,"Grand Rapids, United States",US,2026-09-20,0,https://www.aviasales.com/search/ORD2009GRR1?marker=741311
139,126,USD,MSP,TVF,"Thief River Falls, United States",US,2026-10-15,0,https://www.aviasales.com/search/MSP1510TVF1?marker=741311
140,127,USD,LAX,GUA,"Guatemala City, Guatemala",GT,2027-01-31,0,https://www.aviasales.com/search/LAX3101GUA1?marker=741311
141,127,USD,ORD,MLM,"Morelia, Mexico",MX,2026-10-07,0,https://www.aviasales.com/search/ORD0710MLM1?marker=741311
142,129,USD,MIA,CLO,"Cali, Colombia",CO,2026-12-05,1,https://www.aviasales.com/search/MIA0512CLO1?marker=741311
143,131,USD,TPA,YLW,"Kelowna, Canada",CA,2026-10-23,2,https://www.aviasales.com/search/TPA2310YLW1?marker=741311
144,131,USD,MCO,PWM,"Portland, United States",US,2027-02-26,0,https://www.aviasales.com/search/MCO2602PWM1?marker=741311
145,131,USD,JFK,ROC,"Rochester, United States",US,2026-09-28,0,https://www.aviasales.com/search/JFK2809ROC1?marker=741311
146,132,USD,BOS,BGI,"Bridgetown, Barbados",BB,2026-10-02,1,https://www.aviasales.com/search/BOS0210BGI1?marker=741311
147,132,USD,SEA,YYJ,"Victoria, Canada",CA,2026-09-25,2,https://www.aviasales.com/search/SEA2509YYJ1?marker=741311
148,134,USD,FLL,LAL,"Lakeland, United States",US,2026-09-24,1,https://www.aviasales.com/search/FLL2409LAL1?marker=741311
149,134,USD,FLL,MEM,"Memphis, United States",US,2027-01-09,1,https://www.aviasales.com/search/FLL0901MEM1?marker=741311
150,134,USD,FLL,MKE,"Milwaukee, United States",US,2026-10-24,1,https://www.aviasales.com/search/FLL2410MKE1?marker=741311
151,134,USD,DEN,BFF,"Scottsbluff, United States",US,2026-09-23,0,https://www.aviasales.com/search/DEN2309BFF1?marker=741311
152,135,USD,BOS,HYA,"Hyannis, United States",US,2026-09-27,0,https://www.aviasales.com/search/BOS2709HYA1?marker=741311
153,135,USD,LAX,SJD,"San Jose Del Cabo, Mexico",MX,2026-09-29,1,https://www.aviasales.com/search/LAX2909SJD1?marker=741311
154,135,USD,ORD,DEC,"Decatur, United States",US,2026-09-25,0,https://www.aviasales.com/search/ORD2509DEC1?marker=741311
155,135,USD,ORD,JST,"Johnstown, United States",US,2027-01-03,0,https://www.aviasales.com/search/ORD0301JST1?marker=741311
156,136,USD,LAX,LIH,"Kauai Island, United States",US,2026-11-03,1,https://www.aviasales.com/search/LAX0311LIH1?marker=741311
157,137,USD,DEN,ALS,"Alamosa, United States",US,2026-09-28,0,https://www.aviasales.com/search/DEN2809ALS1?marker=741311
158,137,USD,PDX,YXX,"Abbotsford, Canada",CA,2026-09-25,1,https://www.aviasales.com/search/PDX2509YXX1?marker=741311
159,138,USD,MSP,IWD,"Ironwood, United States",US,2026-09-22,0,https://www.aviasales.com/search/MSP2209IWD1?marker=741311
160,139,USD,MCO,BOG,"Bogota, Colombia",CO,2026-11-27,0,https://www.aviasales.com/search/MCO2711BOG1?marker=741311
161,139,USD,SAN,OGG,"Kahului, United States",US,2026-09-22,0,https://www.aviasales.com/search/SAN2209OGG1?marker=741311
162,140,USD,ORD,ZCL,"Zacatecas, Mexico",MX,2026-10-03,2,https://www.aviasales.com/search/ORD0310ZCL1?marker=741311
163,141,USD,IAD,MGW,"Morgantown, United States",US,2026-09-25,0,https://www.aviasales.com/search/IAD2509MGW1?marker=741311
164,141,USD,MIA,LIM,"Lima, Peru",PE,2027-01-19,1,https://www.aviasales.com/search/MIA1901LIM1?marker=741311
165,143,USD,ORD,PVR,"Puerto Vallarta, Mexico",MX,2026-10-13,2,https://www.aviasales.com/search/ORD1310PVR1?marker=741311
166,143,USD,ORD,LAF,"Lafayette, United States",US,2026-09-23,0,https://www.aviasales.com/search/ORD2309LAF1?marker=741311
167,144,USD,BOS,RKD,"Rockland, United States",US,2026-09-24,0,https://www.aviasales.com/search/BOS2409RKD1?marker=741311
168,144,USD,JFK,STI,"Santiago, Dominican Republic",DO,2026-11-25,1,https://www.aviasales.com/search/JFK2511STI1?marker=741311
169,144,USD,ATL,ATW,"Appleton, United States",US,2026-11-12,1,https://www.aviasales.com/search/ATL1211ATW1?marker=741311
170,145,USD,JFK,LON,"London, United Kingdom",GB,2026-10-13,0,https://www.aviasales.com/search/JFK1310LON1?marker=741311
171,145,USD,MSP,OKC,"Oklahoma City, United States",US,2026-10-04,1,https://www.aviasales.com/search/MSP0410OKC1?marker=741311
172,145,USD,LAS,SGF,"Springfield, United States",US,2026-09-25,0,https://www.aviasales.com/search/LAS2509SGF1?marker=741311
173,145,USD,LAS,DGO,"Durango, Mexico",MX,2026-09-29,1,https://www.aviasales.com/search/LAS2909DGO1?marker=741311
174,146,USD,BOS,CRW,"Charleston, United States",US,2026-10-12,1,https://www.aviasales.com/search/BOS1210CRW1?marker=741311
175,146,USD,LAS,PGA,"Page, United States",US,2026-09-28,0,https://www.aviasales.com/search/LAS2809PGA1?marker=741311
176,146,USD,DCA,LIR,"Liberia, Costa Rica",CR,2026-10-18,1,https://www.aviasales.com/search/DCA1810LIR1?marker=741311
177,147,USD,RDU,ILM,"Wilmington, United States",US,2026-09-25,1,https://www.aviasales.com/search/RDU2509ILM1?marker=741311
178,148,USD,BOS,YXE,"Saskatoon, Canada",CA,2026-10-31,1,https://www.aviasales.com/search/BOS3110YXE1?marker=741311
179,148,USD,PHL,PBI,"West Palm Beach, United States",US,2026-09-24,2,https://www.aviasales.com/search/PHL2409PBI1?marker=741311
180,148,USD,RDU,PVD,"Providence, United States",US,2026-09-24,1,https://www.aviasales.com/search/RDU2409PVD1?marker=741311
181,148,USD,LAX,JAN,"Jackson, United States",US,2026-10-06,1,https://www.aviasales.com/search/LAX0610JAN1?marker=741311
182,148,USD,PHX,TUL,"Tulsa, United States",US,2026-09-29,1,https://www.aviasales.com/search/PHX2909TUL1?marker=741311
183,148,USD,PHL,ELM,"Elmira, United States",US,2026-09-27,1,https://www.aviasales.com/search/PHL2709ELM1?marker=741311
184,149,USD,MIA,SAL,"San Salvador, El Salvador",SV,2027-01-18,1,https://www.aviasales.com/search/MIA1801SAL1?marker=741311
185,149,USD,LAX,LAP,"La Paz, Mexico",MX,2026-10-11,1,https://www.aviasales.com/search/LAX1110LAP1?marker=741311
186,150,USD,JFK,SJO,"San Jose, Costa Rica",CR,2027-02-05,1,https://www.aviasales.com/search/JFK0502SJO1?marker=741311
187,150,USD,MIA,CUR,"Curacao, Curaçao",CW,2027-02-03,1,https://www.aviasales.com/search/MIA0302CUR1?marker=741311
188,151,USD,JFK,ATH,"Athens, Greece",GR,2026-10-15,0,https://www.aviasales.com/search/JFK1510ATH1?marker=741311
189,151,USD,MIA,HAV,"Havana, Cuba",CU,2026-12-30,1,https://www.aviasales.com/search/MIA3012HAV1?marker=741311
190,152,USD,BOS,MDE,"Medellin, Colombia",CO,2026-10-02,1,https://www.aviasales.com/search/BOS0210MDE1?marker=741311
191,152,USD,LAS,BLI,"Bellingham, United States",US,2026-09-20,0,https://www.aviasales.com/search/LAS2009BLI1?marker=741311
192,153,USD,DEN,CNY,"Moab, United States",US,2026-09-26,0,https://www.aviasales.com/search/DEN2609CNY1?marker=741311
193,156,USD,DEN,ANC,"Anchorage, United States",US,2026-10-15,2,https://www.aviasales.com/search/DEN1510ANC1?marker=741311
194,157,USD,BOS,SYR,"Syracuse, United States",US,2026-10-26,0,https://www.aviasales.com/search/BOS2610SYR1?marker=741311
195,157,USD,JFK,KIN,"Kingston, Jamaica",JM,2027-01-06,2,https://www.aviasales.com/search/JFK0601KIN1?marker=741311
196,157,USD,LAS,TAM,"Tampico, Mexico",MX,2026-10-03,1,https://www.aviasales.com/search/LAS0310TAM1?marker=741311
197,158,USD,MIA,CTG,"Cartagena, Colombia",CO,2026-11-17,1,https://www.aviasales.com/search/MIA1711CTG1?marker=741311
198,158,USD,JFK,MBJ,"Montego Bay, Jamaica",JM,2026-11-28,0,https://www.aviasales.com/search/JFK2811MBJ1?marker=741311
199,159,USD,SAN,SBA,"Santa Barbara, United States",US,2026-09-25,0,https://www.aviasales.com/search/SAN2509SBA1?marker=741311
200,159,USD,RDU,TRI,"Blountville, United States",US,2026-09-26,1,https://www.aviasales.com/search/RDU2609TRI1?marker=741311
201,160,USD,MCO,HPN,"Westchester County, United States",US,2026-09-28,1,https://www.aviasales.com/search/MCO2809HPN1?marker=741311
202,160,USD,FLL,POS,"Port Of Spain, Trinidad and Tobago",TT,2026-10-18,0,https://www.aviasales.com/search/FLL1810POS1?marker=741311
203,160,USD,LAX,PBC,"Puebla, Mexico",MX,2026-10-03,1,https://www.aviasales.com/search/LAX0310PBC1?marker=741311
204,161,USD,LAX,KOA,"Kailua-Kona, United States",US,2026-09-24,0,https://www.aviasales.com/search/LAX2409KOA1?marker=741311
205,161,USD,PHX,GCN,"Grand Canyon, United States",US,2026-09-23,0,https://www.aviasales.com/search/PHX2309GCN1?marker=741311
206,161,USD,SEA,PSC,"Pasco, United States",US,2026-09-29,0,https://www.aviasales.com/search/SEA2909PSC1?marker=741311
207,163,USD,JFK,POP,"Puerto Plata, Dominican Republic",DO,2026-12-13,1,https://www.aviasales.com/search/JFK1312POP1?marker=741311
208,164,USD,LAS,MAF,"Midland, United States",US,2026-11-28,1,https://www.aviasales.com/search/LAS2811MAF1?marker=741311
209,165,USD,ORD,GSO,"Greensboro, United States",US,2026-09-23,0,https://www.aviasales.com/search/ORD2309GSO1?marker=741311
210,165,USD,DEN,CEZ,"Cortez, United States",US,2026-09-29,0,https://www.aviasales.com/search/DEN2909CEZ1?marker=741311
211,166,USD,JFK,MIL,"Milan, Italy",IT,2026-10-17,1,https://www.aviasales.com/search/JFK1710MIL1?marker=741311
212,166,USD,IAH,HMO,"Hermosillo, Mexico",MX,2026-09-24,1,https://www.aviasales.com/search/IAH2409HMO1?marker=741311
213,167,USD,BNA,SAP,"San Pedro Sula, Honduras",HN,2026-11-11,2,https://www.aviasales.com/search/BNA1111SAP1?marker=741311
214,167,USD,SFO,IDA,"Idaho Falls, United States",US,2026-10-03,1,https://www.aviasales.com/search/SFO0310IDA1?marker=741311
215,167,USD,LAS,LMM,"Los Mochis, Mexico",MX,2026-09-26,1,https://www.aviasales.com/search/LAS2609LMM1?marker=741311
216,168,USD,BOS,CID,"Cedar Rapids, United States",US,2026-10-02,1,https://www.aviasales.com/search/BOS0210CID1?marker=741311
217,168,USD,ORD,MSN,"Madison, United States",US,2026-09-23,0,https://www.aviasales.com/search/ORD2309MSN1?marker=741311
218,168,USD,CLT,PTY,"Panama City, Panama",PA,2027-02-04,1,https://www.aviasales.com/search/CLT0402PTY1?marker=741311
219,169,USD,IAD,YQR,"Regina, Canada",CA,2026-11-21,1,https://www.aviasales.com/search/IAD2111YQR1?marker=741311
220,169,USD,ATL,EVV,"Evansville, United States",US,2026-09-25,1,https://www.aviasales.com/search/ATL2509EVV1?marker=741311
221,169,USD,DFW,TUP,"Tupelo, United States",US,2026-09-26,0,https://www.aviasales.com/search/DFW2609TUP1?marker=741311
222,170,USD,DTW,LIT,"Little Rock, United States",US,2026-09-24,1,https://www.aviasales.com/search/DTW2409LIT1?marker=741311
223,170,USD,PHL,PSP,"Palm Springs, United States",US,2026-11-18,1,https://www.aviasales.com/search/PHL1811PSP1?marker=741311
224,171,USD,JFK,DAB,"Daytona Beach, United States",US,2026-11-22,1,https://www.aviasales.com/search/JFK2211DAB1?marker=741311
225,171,USD,DCA,BTV,"Burlington, United States",US,2026-09-23,0,https://www.aviasales.com/search/DCA2309BTV1?marker=741311
226,171,USD,ORD,CGI,"Cape Girardeau, United States",US,2026-09-25,0,https://www.aviasales.com/search/ORD2509CGI1?marker=741311
227,172,USD,JFK,TQO,"Tulum, Mexico",MX,2026-12-05,2,https://www.aviasales.com/search/JFK0512TQO1?marker=741311
228,173,USD,DFW,FYV,"Fayetteville, United States",US,2026-09-24,1,https://www.aviasales.com/search/DFW2409FYV1?marker=741311
229,174,USD,DEN,BOI,"Boise, United States",US,2026-09-24,1,https://www.aviasales.com/search/DEN2409BOI1?marker=741311
230,174,USD,MSP,MZT,"Mazatlan, Mexico",MX,2027-01-20,1,https://www.aviasales.com/search/MSP2001MZT1?marker=741311
231,176,USD,MCO,CPH,"Copenhagen, Denmark",DK,2026-10-15,1,https://www.aviasales.com/search/MCO1510CPH1?marker=741311
232,177,USD,PHL,SCE,"State College, United States",US,2026-09-23,0,https://www.aviasales.com/search/PHL2309SCE1?marker=741311
233,178,USD,DEN,FSD,"Sioux Falls, United States",US,2026-10-16,1,https://www.aviasales.com/search/DEN1610FSD1?marker=741311
234,179,USD,MIA,GCM,"Georgetown, Cayman Islands",KY,2026-10-03,0,https://www.aviasales.com/search/MIA0310GCM1?marker=741311
235,180,USD,DFW,ABI,"Abilene, United States",US,2026-09-23,0,https://www.aviasales.com/search/DFW2309ABI1?marker=741311
236,180,USD,DFW,MLU,"Monroe, United States",US,2026-09-23,0,https://www.aviasales.com/search/DFW2309MLU1?marker=741311
237,181,USD,JFK,ROM,"Rome, Italy",IT,2026-10-19,0,https://www.aviasales.com/search/JFK1910ROM1?marker=741311
238,181,USD,DFW,CLL,"College Station, United States",US,2026-09-23,0,https://www.aviasales.com/search/DFW2309CLL1?marker=741311
239,181,USD,DFW,ILE,"Killeen, United States",US,2026-09-23,0,https://www.aviasales.com/search/DFW2309ILE1?marker=741311
240,181,USD,DEN,LBF,"North Platte, United States",US,2026-09-26,0,https://www.aviasales.com/search/DEN2609LBF1?marker=741311
241,182,USD,JFK,ALC,"Alicante, Spain",ES,2026-10-13,1,https://www.aviasales.com/search/JFK1310ALC1?marker=741311
242,183,USD,DEN,LAR,"Laramie, United States",US,2026-09-27,0,https://www.aviasales.com/search/DEN2709LAR1?marker=741311
243,184,USD,ORD,ORH,"Worcester, United States",US,2026-09-29,1,https://www.aviasales.com/search/ORD2909ORH1?marker=741311
244,184,USD,MCO,MLB,"Melbourne, United States",US,2026-10-22,3,https://www.aviasales.com/search/MCO2210MLB1?marker=741311
245,184,USD,TPA,USA,"Concord, United States",US,2026-09-21,0,https://www.aviasales.com/search/TPA2109USA1?marker=741311
246,185,USD,DFW,BTR,"Baton Rouge, United States",US,2026-09-22,0,https://www.aviasales.com/search/DFW2209BTR1?marker=741311
247,186,USD,DFW,IRK,"Kirksville, United States",US,2026-09-26,0,https://www.aviasales.com/search/DFW2609IRK1?marker=741311
248,187,USD,DFW,ACA,"Acapulco, Mexico",MX,2026-10-20,2,https://www.aviasales.com/search/DFW2010ACA1?marker=741311
249,188,USD,TPA,VRB,"Vero Beach, United States",US,2026-09-25,2,https://www.aviasales.com/search/TPA2509VRB1?marker=741311
250,189,USD,ORD,MCW,"Mason City, United States",US,2026-09-29,0,https://www.aviasales.com/search/ORD2909MCW1?marker=741311
251,191,USD,BOS,RAK,"Marrakech, Morocco",MA,2027-02-01,1,https://www.aviasales.com/search/BOS0102RAK1?marker=741311
252,192,USD,BOS,BHB,"Bar Harbor, United States",US,2026-10-03,0,https://www.aviasales.com/search/BOS0310BHB1?marker=741311
253,193,USD,PDX,GPT,"Gulfport, United States",US,2026-10-02,1,https://www.aviasales.com/search/PDX0210GPT1?marker=741311
254,195,USD,BOS,PQI,"Presque Isle, United States",US,2026-09-24,0,https://www.aviasales.com/search/BOS2409PQI1?marker=741311
255,195,USD,MCO,RCH,"Riohacha, Colombia",CO,2026-09-21,1,https://www.aviasales.com/search/MCO2109RCH1?marker=741311
256,195,USD,LAX,ZLO,"Manzanillo, Mexico",MX,2026-09-19,1,https://www.aviasales.com/search/LAX1909ZLO1?marker=741311
257,195,USD,PHX,MTJ,"Montrose, United States",US,2026-12-14,1,https://www.aviasales.com/search/PHX1412MTJ1?marker=741311
258,196,USD,PDX,OAX,"Oaxaca, Mexico",MX,2026-11-10,1,https://www.aviasales.com/search/PDX1011OAX1?marker=741311
259,196,USD,PHL,FRS,"Flores, Guatemala",GT,2027-01-14,2,https://www.aviasales.com/search/PHL1401FRS1?marker=741311
260,197,USD,SEA,YXT,"Terrace, Canada",CA,2026-09-23,2,https://www.aviasales.com/search/SEA2309YXT1?marker=741311
261,198,USD,JFK,PAR,"Paris, France",FR,2026-10-13,1,https://www.aviasales.com/search/JFK1310PAR1?marker=741311
262,198,USD,PDX,RDM,"Redmond, United States",US,2026-09-23,0,https://www.aviasales.com/search/PDX2309RDM1?marker=741311
263,199,USD,JFK,NAP,"Naples, Italy",IT,2026-10-14,1,https://www.aviasales.com/search/JFK1410NAP1?marker=741311
264,200,USD,BNA,ART,"Watertown, United States",US,2026-09-30,2,https://www.aviasales.com/search/BNA3009ART1?marker=741311
265,200,USD,DTW,FWA,"Fort Wayne, United States",US,2027-02-14,1,https://www.aviasales.com/search/DTW1402FWA1?marker=741311
266,200,USD,IAH,ZIH,"Ixtapa, Mexico",MX,2026-09-24,1,https://www.aviasales.com/search/IAH2409ZIH1?marker=741311
267,201,USD,JFK,SLU,"Castries, Saint Lucia",LC,2026-10-05,0,https://www.aviasales.com/search/JFK0510SLU1?marker=741311
268,201,USD,LAX,TIJ,"Tijuana, Mexico",MX,2026-09-29,1,https://www.aviasales.com/search/LAX2909TIJ1?marker=741311
269,204,USD,RDU,SBY,"Salisbury-Ocean City, United States",US,2026-09-28,1,https://www.aviasales.com/search/RDU2809SBY1?marker=741311
270,206,USD,MIA,STT,"Saint Thomas, U.S. Virgin Islands",VI,2027-01-25,0,https://www.aviasales.com/search/MIA2501STT1?marker=741311
271,206,USD,MCO,YZR,"Sarnia, Canada",CA,2026-09-24,1,https://www.aviasales.com/search/MCO2409YZR1?marker=741311
272,209,USD,JFK,OPO,"Porto, Portugal",PT,2026-10-17,1,https://www.aviasales.com/search/JFK1710OPO1?marker=741311
273,209,USD,SEA,EAT,"Wenatchee, United States",US,2026-09-26,0,https://www.aviasales.com/search/SEA2609EAT1?marker=741311
274,210,USD,ORD,LCH,"Lake Charles, United States",US,2026-09-22,1,https://www.aviasales.com/search/ORD2209LCH1?marker=741311
275,210,USD,LAX,PRC,"Prescott, United States",US,2026-09-23,0,https://www.aviasales.com/search/LAX2309PRC1?marker=741311
276,211,USD,ORD,VPS,"Fort Walton Beach, United States",US,2026-11-12,2,https://www.aviasales.com/search/ORD1211VPS1?marker=741311
277,211,USD,BNA,YQT,"Thunder Bay, Canada",CA,2026-09-23,1,https://www.aviasales.com/search/BNA2309YQT1?marker=741311
278,212,USD,LAS,BFL,"Bakersfield, United States",US,2026-10-04,1,https://www.aviasales.com/search/LAS0410BFL1?marker=741311
279,212,USD,IAH,LFT,"Lafayette, United States",US,2026-10-10,1,https://www.aviasales.com/search/IAH1010LFT1?marker=741311
280,212,USD,ORD,CMX,"Hancock, United States",US,2026-09-27,0,https://www.aviasales.com/search/ORD2709CMX1?marker=741311
281,214,USD,ORD,MOT,"Minot, United States",US,2026-09-23,1,https://www.aviasales.com/search/ORD2309MOT1?marker=741311
282,214,USD,ORD,TVC,"Traverse City, United States",US,2026-09-28,0,https://www.aviasales.com/search/ORD2809TVC1?marker=741311
283,214,USD,LAX,RDD,"Redding, United States",US,2026-09-28,0,https://www.aviasales.com/search/LAX2809RDD1?marker=741311
284,215,USD,JFK,GND,"St. George's, Grenada",GD,2026-10-02,0,https://www.aviasales.com/search/JFK0210GND1?marker=741311
285,218,USD,JFK,FRA,"Frankfurt, Germany",DE,2026-10-13,1,https://www.aviasales.com/search/JFK1310FRA1?marker=741311
286,218,USD,MIA,SMR,"Santa Marta, Colombia",CO,2026-10-05,1,https://www.aviasales.com/search/MIA0510SMR1?marker=741311
287,218,USD,SEA,YKM,"Yakima, United States",US,2026-09-26,0,https://www.aviasales.com/search/SEA2609YKM1?marker=741311
288,219,USD,DEN,DRO,"Durango, United States",US,2026-09-23,0,https://www.aviasales.com/search/DEN2309DRO1?marker=741311
289,219,USD,ATL,CTM,"Chetumal, Mexico",MX,2026-10-13,2,https://www.aviasales.com/search/ATL1310CTM1?marker=741311
290,219,USD,ORD,BLV,"Belleville, United States",US,2026-09-25,1,https://www.aviasales.com/search/ORD2509BLV1?marker=741311
291,219,USD,IAH,HOB,"Hobbs, United States",US,2026-09-24,0,https://www.aviasales.com/search/IAH2409HOB1?marker=741311
292,219,USD,DEN,EGE,"Vail, United States",US,2026-09-23,0,https://www.aviasales.com/search/DEN2309EGE1?marker=741311
293,220,USD,ORD,TRC,"Torreon, Mexico",MX,2026-09-23,1,https://www.aviasales.com/search/ORD2309TRC1?marker=741311
294,221,USD,IAD,ROA,"Roanoke, United States",US,2026-09-24,0,https://www.aviasales.com/search/IAD2409ROA1?marker=741311
295,221,USD,IAH,MOB,"Mobile, United States",US,2026-09-25,0,https://www.aviasales.com/search/IAH2509MOB1?marker=741311
296,221,USD,DEN,JAC,"Jackson, United States",US,2026-09-25,0,https://www.aviasales.com/search/DEN2509JAC1?marker=741311
297,221,USD,DEN,ASE,"Aspen, United States",US,2026-09-24,0,https://www.aviasales.com/search/DEN2409ASE1?marker=741311
298,221,USD,DEN,BIS,"Bismarck, United States",US,2026-09-26,0,https://www.aviasales.com/search/DEN2609BIS1?marker=741311
299,224,USD,DFW,CUU,"Chihuahua, Mexico",MX,2026-09-24,2,https://www.aviasales.com/search/DFW2409CUU1?marker=741311
300,225,USD,JFK,BCN,"Barcelona, Spain",ES,2026-10-19,1,https://www.aviasales.com/search/JFK1910BCN1?marker=741311
301,225,USD,JFK,FLR,"Florence, Italy",IT,2026-10-18,2,https://www.aviasales.com/search/JFK1810FLR1?marker=741311
302,225,USD,JFK,NCE,"Nice, France",FR,2026-10-18,1,https://www.aviasales.com/search/JFK1810NCE1?marker=741311
303,226,USD,IAD,CAE,"Columbia, United States",US,2026-09-27,0,https://www.aviasales.com/search/IAD2709CAE1?marker=741311
304,226,USD,PDX,YQB,"Quebec, Canada",CA,2026-09-27,2,https://www.aviasales.com/search/PDX2709YQB1?marker=741311
305,226,USD,ORD,GRB,"Green Bay, United States",US,2026-09-27,0,https://www.aviasales.com/search/ORD2709GRB1?marker=741311
306,226,USD,DEN,COD,"Cody, United States",US,2026-09-27,0,https://www.aviasales.com/search/DEN2709COD1?marker=741311
307,226,USD,DEN,GJT,"Grand Junction, United States",US,2026-09-27,0,https://www.aviasales.com/search/DEN2709GJT1?marker=741311
308,227,USD,SFO,MNL,"Manila, Philippines",PH,2026-09-30,1,https://www.aviasales.com/search/SFO3009MNL1?marker=741311
309,227,USD,SLC,AGS,"Augusta, United States",US,2026-10-16,1,https://www.aviasales.com/search/SLC1610AGS1?marker=741311
310,228,USD,RDU,EWN,"New Bern, United States",US,2026-09-24,1,https://www.aviasales.com/search/RDU2409EWN1?marker=741311
311,229,USD,ORD,MFE,"McAllen, United States",US,2026-12-17,1,https://www.aviasales.com/search/ORD1712MFE1?marker=741311
312,230,USD,MIA,BER,"Berlin, Germany",DE,2027-01-06,1,https://www.aviasales.com/search/MIA0601BER1?marker=741311
313,231,USD,LAX,FCA,"Kalispell, United States",US,2026-09-29,1,https://www.aviasales.com/search/LAX2909FCA1?marker=741311
314,232,USD,JFK,TIA,"Tirana, Albania",AL,2026-10-15,1,https://www.aviasales.com/search/JFK1510TIA1?marker=741311
315,232,USD,DEN,MHT,"Manchester, United States",US,2026-11-13,1,https://www.aviasales.com/search/DEN1311MHT1?marker=741311
316,233,USD,MIA,BUE,"Buenos Aires, Argentina",AR,2026-11-27,1,https://www.aviasales.com/search/MIA2711BUE1?marker=741311
317,234,USD,PHL,BGR,"Bangor, United States",US,2026-09-26,1,https://www.aviasales.com/search/PHL2609BGR1?marker=741311
318,234,USD,JFK,MUC,"Munich, Germany",DE,2026-10-14,1,https://www.aviasales.com/search/JFK1410MUC1?marker=741311
319,234,USD,SFO,SGN,"Ho Chi Minh City, Vietnam",VN,2026-10-12,2,https://www.aviasales.com/search/SFO1210SGN1?marker=741311
320,234,USD,LAX,TGZ,"Tuxtla Gutierrez, Mexico",MX,2026-09-28,2,https://www.aviasales.com/search/LAX2809TGZ1?marker=741311
321,234,USD,LAX,SPK,"Sapporo, Japan",JP,2027-02-16,1,https://www.aviasales.com/search/LAX1602SPK1?marker=741311
322,235,USD,MCO,PKB,"Parkersburg, United States",US,2026-09-24,1,https://www.aviasales.com/search/MCO2409PKB1?marker=741311
323,235,USD,AUS,UIO,"Quito, Ecuador",EC,2026-09-22,2,https://www.aviasales.com/search/AUS2209UIO1?marker=741311
324,235,USD,LAX,GUP,"Gallup, United States",US,2026-09-27,1,https://www.aviasales.com/search/LAX2709GUP1?marker=741311
325,236,USD,BOS,ZRH,"Zurich, Switzerland",CH,2026-10-15,1,https://www.aviasales.com/search/BOS1510ZRH1?marker=741311
326,236,USD,SAN,LTO,"Loreto, Mexico",MX,2026-10-31,2,https://www.aviasales.com/search/SAN3110LTO1?marker=741311
327,236,USD,JFK,LAN,"Lansing, United States",US,2027-01-25,1,https://www.aviasales.com/search/JFK2501LAN1?marker=741311
328,236,USD,JFK,SCV,"Suceava, Romania",RO,2026-09-28,2,https://www.aviasales.com/search/JFK2809SCV1?marker=741311
329,236,USD,MCO,LYH,"Lynchburg, United States",US,2026-10-01,1,https://www.aviasales.com/search/MCO0110LYH1?marker=741311
330,237,USD,JFK,IST,"Istanbul, Turkiye",TR,2026-10-13,1,https://www.aviasales.com/search/JFK1310IST1?marker=741311
331,237,USD,SFO,HAN,"Hanoi, Vietnam",VN,2026-10-01,1,https://www.aviasales.com/search/SFO0110HAN1?marker=741311
332,237,USD,LAX,BKK,"Bangkok, Thailand",TH,2026-10-29,1,https://www.aviasales.com/search/LAX2910BKK1?marker=741311
333,238,USD,PHL,LBB,"Lubbock, United States",US,2026-12-24,1,https://www.aviasales.com/search/PHL2412LBB1?marker=741311
334,238,USD,ORD,LNK,"Lincoln, United States",US,2026-09-23,0,https://www.aviasales.com/search/ORD2309LNK1?marker=741311
335,239,USD,BOS,FDF,"Fort-de-France, Martinique",MQ,2026-10-03,1,https://www.aviasales.com/search/BOS0310FDF1?marker=741311
336,239,USD,JFK,SAO,"Sao Paulo, Brazil",BR,2026-12-04,2,https://www.aviasales.com/search/JFK0412SAO1?marker=741311
337,239,USD,IAD,ITH,"Ithaca, United States",US,2026-09-23,0,https://www.aviasales.com/search/IAD2309ITH1?marker=741311
338,239,USD,ORD,ALO,"Waterloo, United States",US,2026-09-27,0,https://www.aviasales.com/search/ORD2709ALO1?marker=741311
339,239,USD,ORD,ECP,"Panama City, United States",US,2026-09-30,1,https://www.aviasales.com/search/ORD3009ECP1?marker=741311
340,239,USD,JFK,TAB,"Tobago, Trinidad and Tobago",TT,2026-11-05,0,https://www.aviasales.com/search/JFK0511TAB1?marker=741311
341,240,USD,JFK,WAW,"Warsaw, Poland",PL,2026-12-06,1,https://www.aviasales.com/search/JFK0612WAW1?marker=741311
342,240,USD,SFO,DPS,"Denpasar (Bali), Indonesia",ID,2026-11-11,1,https://www.aviasales.com/search/SFO1111DPS1?marker=741311
343,240,USD,JFK,TLS,"Toulouse, France",FR,2026-10-18,1,https://www.aviasales.com/search/JFK1810TLS1?marker=741311
344,240,USD,JFK,AZO,"Kalamazoo, United States",US,2026-10-08,2,https://www.aviasales.com/search/JFK0810AZO1?marker=741311
345,240,USD,JFK,GEO,"Georgetown, Guyana",GY,2026-10-28,1,https://www.aviasales.com/search/JFK2810GEO1?marker=741311
346,240,USD,JFK,ACK,"Nantucket, United States",US,2026-09-21,0,https://www.aviasales.com/search/JFK2109ACK1?marker=741311
347,240,USD,LAX,SGU,"Saint George, United States",US,2026-09-24,0,https://www.aviasales.com/search/LAX2409SGU1?marker=741311
348,241,USD,PHX,BJS,"Beijing, China",CN,2026-09-30,1,https://www.aviasales.com/search/PHX3009BJS1?marker=741311
349,241,USD,JFK,BUD,"Budapest, Hungary",HU,2026-10-11,1,https://www.aviasales.com/search/JFK1110BUD1?marker=741311
350,241,USD,JFK,SKG,"Thessaloniki, Greece",GR,2026-10-15,1,https://www.aviasales.com/search/JFK1510SKG1?marker=741311
351,241,USD,DEN,TEX,"Telluride, United States",US,2026-09-26,0,https://www.aviasales.com/search/DEN2609TEX1?marker=741311
352,241,USD,JFK,CFU,"Kerkyra, Greece",GR,2026-09-29,1,https://www.aviasales.com/search/JFK2909CFU1?marker=741311
353,242,USD,DTW,MAD,"Madrid, Spain",ES,2027-01-11,1,https://www.aviasales.com/search/DTW1101MAD1?marker=741311
354,242,USD,JFK,EVN,"Yerevan, Armenia",AM,2026-10-18,1,https://www.aviasales.com/search/JFK1810EVN1?marker=741311
355,242,USD,CLT,DUJ,"Du Bois, United States",US,2026-09-25,1,https://www.aviasales.com/search/CLT2509DUJ1?marker=741311
356,243,USD,JFK,PRG,"Prague, Czech Republic",CZ,2026-10-15,1,https://www.aviasales.com/search/JFK1510PRG1?marker=741311
357,243,USD,JFK,AYT,"Antalya, Turkiye",TR,2026-10-11,1,https://www.aviasales.com/search/JFK1110AYT1?marker=741311
358,243,USD,JFK,GVA,"Geneva, Switzerland",CH,2027-02-09,1,https://www.aviasales.com/search/JFK0902GVA1?marker=741311
359,243,USD,IAH,BRO,"Brownsville, United States",US,2026-09-27,1,https://www.aviasales.com/search/IAH2709BRO1?marker=741311
360,244,USD,JFK,TRN,"Turin, Italy",IT,2026-09-29,1,https://www.aviasales.com/search/JFK2909TRN1?marker=741311
361,247,USD,RDU,MAN,"Manchester, United Kingdom",GB,2027-01-19,2,https://www.aviasales.com/search/RDU1901MAN1?marker=741311
362,249,USD,ORD,SHD,"Staunton, United States",US,2026-09-25,0,https://www.aviasales.com/search/ORD2509SHD1?marker=741311
363,249,USD,LAX,MGA,"Managua, Nicaragua",NI,2026-11-15,2,https://www.aviasales.com/search/LAX1511MGA1?marker=741311
364,253,USD,MIA,GGT,"George Town, Bahamas",BS,2026-09-25,1,https://www.aviasales.com/search/MIA2509GGT1?marker=741311
365,253,USD,ORD,OLF,"Wolf Point, United States",US,2026-09-27,2,https://www.aviasales.com/search/ORD2709OLF1?marker=741311
366,254,USD,JFK,RMO,"Chisinau, Moldova",MD,2026-10-11,1,https://www.aviasales.com/search/JFK1110RMO1?marker=741311
367,254,USD,JFK,BRU,"Brussels, Belgium",BE,2026-10-15,2,https://www.aviasales.com/search/JFK1510BRU1?marker=741311
368,255,USD,JFK,AUG,"Augusta, United States",US,2026-10-07,1,https://www.aviasales.com/search/JFK0710AUG1?marker=741311
369,256,USD,JFK,ZAG,"Zagreb, Croatia",HR,2026-09-29,1,https://www.aviasales.com/search/JFK2909ZAG1?marker=741311
370,256,USD,ORD,DAY,"Dayton, United States",US,2026-09-29,0,https://www.aviasales.com/search/ORD2909DAY1?marker=741311
371,257,USD,JFK,SPU,"Split, Croatia",HR,2026-10-19,2,https://www.aviasales.com/search/JFK1910SPU1?marker=741311
372,258,USD,MIA,BEG,"Belgrade, Serbia",RS,2026-11-03,1,https://www.aviasales.com/search/MIA0311BEG1?marker=741311
373,258,USD,MIA,GYN,"Goiania, Brazil",BR,2026-11-13,2,https://www.aviasales.com/search/MIA1311GYN1?marker=741311
374,259,USD,MSP,GFK,"Grand Forks, United States",US,2026-09-23,1,https://www.aviasales.com/search/MSP2309GFK1?marker=741311
375,259,USD,MCO,DAV,"David, Panama",PA,2026-09-24,2,https://www.aviasales.com/search/MCO2409DAV1?marker=741311
376,259,USD,PDX,YXC,"Cranbrook, Canada",CA,2026-09-24,2,https://www.aviasales.com/search/PDX2409YXC1?marker=741311
377,260,USD,JFK,BUH,"Bucharest, Romania",RO,2026-10-16,2,https://www.aviasales.com/search/JFK1610BUH1?marker=741311
378,261,USD,DFW,MSO,"Missoula, United States",US,2026-09-22,1,https://www.aviasales.com/search/DFW2209MSO1?marker=741311
379,262,USD,BOS,DUB,"Dublin, Ireland",IE,2026-10-16,1,https://www.aviasales.com/search/BOS1610DUB1?marker=741311
380,262,USD,SEA,SEL,"Seoul, South Korea",KR,2026-09-24,0,https://www.aviasales.com/search/SEA2409SEL1?marker=741311
381,262,USD,SEA,GDN,"Gdansk, Poland",PL,2026-12-04,1,https://www.aviasales.com/search/SEA0412GDN1?marker=741311
382,262,USD,JFK,MLA,"Malta, Malta",MT,2026-09-30,1,https://www.aviasales.com/search/JFK3009MLA1?marker=741311
383,262,USD,JFK,GLA,"Glasgow, United Kingdom",GB,2026-09-24,1,https://www.aviasales.com/search/JFK2409GLA1?marker=741311
384,263,USD,MCO,RIO,"Rio de Janeiro, Brazil",BR,2027-01-20,1,https://www.aviasales.com/search/MCO2001RIO1?marker=741311
385,263,USD,JFK,BHZ,"Belo Horizonte, Brazil",BR,2026-11-24,1,https://www.aviasales.com/search/JFK2411BHZ1?marker=741311
386,263,USD,SEA,SUN,"Sun Valley, United States",US,2026-09-24,0,https://www.aviasales.com/search/SEA2409SUN1?marker=741311
387,264,USD,ORD,PTP,"Pointe-a-pitre, Guadeloupe",GP,2026-12-14,1,https://www.aviasales.com/search/ORD1412PTP1?marker=741311
388,264,USD,MCO,FNT,"Flint, United States",US,2026-09-24,2,https://www.aviasales.com/search/MCO2409FNT1?marker=741311
389,264,USD,JFK,BLQ,"Bologna, Italy",IT,2026-10-13,2,https://www.aviasales.com/search/JFK1310BLQ1?marker=741311
390,265,USD,BOS,VNO,"Vilnius, Lithuania",LT,2026-11-08,2,https://www.aviasales.com/search/BOS0811VNO1?marker=741311
391,265,USD,PHX,MXL,"Mexicali, Mexico",MX,2026-09-24,1,https://www.aviasales.com/search/PHX2409MXL1?marker=741311
392,266,USD,MCO,PBG,"Plattsburgh, United States",US,2026-09-29,3,https://www.aviasales.com/search/MCO2909PBG1?marker=741311
393,266,USD,MSP,RAP,"Rapid City, United States",US,2026-09-25,1,https://www.aviasales.com/search/MSP2509RAP1?marker=741311
394,266,USD,MIA,CWB,"Curitiba, Brazil",BR,2027-01-06,2,https://www.aviasales.com/search/MIA0601CWB1?marker=741311
395,266,USD,JFK,LCA,"Larnaca, Cyprus",CY,2026-09-20,1,https://www.aviasales.com/search/JFK2009LCA1?marker=741311
396,266,USD,PHL,BFD,"Bradford, United States",US,2026-09-22,2,https://www.aviasales.com/search/PHL2209BFD1?marker=741311
397,267,USD,FLL,ELH,"North Eleuthera, Bahamas",BS,2026-10-22,1,https://www.aviasales.com/search/FLL2210ELH1?marker=741311
398,268,USD,JFK,OLB,"Olbia, Italy",IT,2026-09-25,1,https://www.aviasales.com/search/JFK2509OLB1?marker=741311
399,268,USD,BNA,YZF,"Yellowknife, Canada",CA,2026-09-23,1,https://www.aviasales.com/search/BNA2309YZF1?marker=741311
400,270,USD,ORD,MBS,"Saginaw, United States",US,2026-09-26,0,https://www.aviasales.com/search/ORD2609MBS1?marker=741311
401,270,USD,JFK,SNU,"Santa Clara, Cuba",CU,2026-10-15,2,https://www.aviasales.com/search/JFK1510SNU1?marker=741311
402,271,USD,ORD,SOF,"Sofia, Bulgaria",BG,2026-12-27,1,https://www.aviasales.com/search/ORD2712SOF1?marker=741311
403,272,USD,SEA,VLC,"Valencia, Spain",ES,2026-10-02,2,https://www.aviasales.com/search/SEA0210VLC1?marker=741311
404,273,USD,JFK,BHX,"Birmingham, United Kingdom",GB,2026-09-24,1,https://www.aviasales.com/search/JFK2409BHX1?marker=741311
405,273,USD,MSP,BMI,"Bloomington, United States",US,2027-03-09,1,https://www.aviasales.com/search/MSP0903BMI1?marker=741311
406,274,USD,IAD,DBV,"Dubrovnik, Croatia",HR,2026-10-18,3,https://www.aviasales.com/search/IAD1810DBV1?marker=741311
407,274,USD,MCO,REK,"Reykjavik, Iceland",IS,2027-01-20,1,https://www.aviasales.com/search/MCO2001REK1?marker=741311
408,275,USD,BOS,EDI,"Edinburgh, United Kingdom",GB,2026-10-11,1,https://www.aviasales.com/search/BOS1110EDI1?marker=741311
409,275,USD,MCO,PGD,"Punta Gorda, United States",US,2026-09-24,2,https://www.aviasales.com/search/MCO2409PGD1?marker=741311
410,276,USD,SFO,SIN,"Singapore, Singapore",SG,2026-11-27,0,https://www.aviasales.com/search/SFO2711SIN1?marker=741311
411,276,USD,DFW,AGU,"Aguascalientes, Mexico",MX,2026-09-25,1,https://www.aviasales.com/search/DFW2509AGU1?marker=741311
412,277,USD,SFO,HKG,"Hong Kong, Hong Kong",HK,2026-11-15,1,https://www.aviasales.com/search/SFO1511HKG1?marker=741311
413,277,USD,JFK,BAK,"Baku, Azerbaijan",AZ,2026-10-15,2,https://www.aviasales.com/search/JFK1510BAK1?marker=741311
414,277,USD,ORD,PAH,"Paducah, United States",US,2026-09-27,0,https://www.aviasales.com/search/ORD2709PAH1?marker=741311
415,278,USD,JFK,TGD,"Podgorica, Montenegro",ME,2026-10-13,3,https://www.aviasales.com/search/JFK1310TGD1?marker=741311
416,278,USD,DFW,CRP,"Corpus Christi, United States",US,2026-09-29,0,https://www.aviasales.com/search/DFW2909CRP1?marker=741311
417,279,USD,IAD,POA,"Porto Alegre, Brazil",BR,2026-09-26,2,https://www.aviasales.com/search/IAD2609POA1?marker=741311
418,280,USD,IAD,ISB,"Islamabad, Pakistan",PK,2026-09-22,1,https://www.aviasales.com/search/IAD2209ISB1?marker=741311
419,280,USD,JFK,BTS,"Bratislava, Slovakia",SK,2026-10-20,2,https://www.aviasales.com/search/JFK2010BTS1?marker=741311
420,280,USD,SLC,HLN,"Helena, United States",US,2026-09-21,1,https://www.aviasales.com/search/SLC2109HLN1?marker=741311
421,281,USD,JFK,CGN,"Cologne, Germany",DE,2026-10-14,2,https://www.aviasales.com/search/JFK1410CGN1?marker=741311
422,282,USD,JFK,TBS,"Tbilisi, Georgia",GE,2026-10-13,1,https://www.aviasales.com/search/JFK1310TBS1?marker=741311
423,282,USD,MIA,IGA,"Inagua, Bahamas",BS,2027-01-03,1,https://www.aviasales.com/search/MIA0301IGA1?marker=741311
424,282,USD,ORD,OSL,"Oslo, Norway",NO,2026-10-25,3,https://www.aviasales.com/search/ORD2510OSL1?marker=741311
425,282,USD,DFW,PQM,"Palenque, Mexico",MX,2026-09-27,2,https://www.aviasales.com/search/DFW2709PQM1?marker=741311
426,283,USD,JFK,KRK,"Krakow, Poland",PL,2026-10-16,1,https://www.aviasales.com/search/JFK1610KRK1?marker=741311
427,284,USD,BOS,CAI,"Cairo, Egypt",EG,2026-11-04,1,https://www.aviasales.com/search/BOS0411CAI1?marker=741311
428,284,USD,IAD,GOT,"Gothenburg, Sweden",SE,2026-10-05,3,https://www.aviasales.com/search/IAD0510GOT1?marker=741311
429,284,USD,JFK,RIX,"Riga, Latvia",LV,2026-09-28,2,https://www.aviasales.com/search/JFK2809RIX1?marker=741311
430,284,USD,FLL,CAP,"Cap Haitien, Haiti",HT,2026-12-19,0,https://www.aviasales.com/search/FLL1912CAP1?marker=741311
431,285,USD,DFW,JED,"Jeddah, Saudi Arabia",SA,2027-02-28,2,https://www.aviasales.com/search/DFW2802JED1?marker=741311
432,285,USD,IAD,STO,"Stockholm, Sweden",SE,2026-10-04,3,https://www.aviasales.com/search/IAD0410STO1?marker=741311
433,285,USD,JFK,OGS,"Ogdensburg, United States",US,2026-09-28,2,https://www.aviasales.com/search/JFK2809OGS1?marker=741311
434,286,USD,JFK,SSH,"Sharm el Sheikh, Egypt",EG,2026-10-04,1,https://www.aviasales.com/search/JFK0410SSH1?marker=741311
435,287,USD,JFK,TLL,"Tallinn, Estonia",EE,2026-10-03,2,https://www.aviasales.com/search/JFK0310TLL1?marker=741311
436,287,USD,MIA,XPL,"Comayagua, Honduras",HN,2026-09-23,3,https://www.aviasales.com/search/MIA2309XPL1?marker=741311
437,288,USD,PDX,CMN,"Casablanca, Morocco",MA,2026-12-06,3,https://www.aviasales.com/search/PDX0612CMN1?marker=741311
438,288,USD,JFK,DXB,"Dubai, United Arab Emirates",AE,2026-10-22,1,https://www.aviasales.com/search/JFK2210DXB1?marker=741311
439,288,USD,SFO,TYO,"Tokyo, Japan",JP,2026-11-25,1,https://www.aviasales.com/search/SFO2511TYO1?marker=741311
440,290,USD,DEN,PIR,"Pierre, United States",US,2026-09-23,0,https://www.aviasales.com/search/DEN2309PIR1?marker=741311
441,291,USD,DEN,MLI,"Moline, United States",US,2026-09-28,1,https://www.aviasales.com/search/DEN2809MLI1?marker=741311
442,291,USD,JFK,CZM,"Cozumel, Mexico",MX,2026-10-28,1,https://www.aviasales.com/search/JFK2810CZM1?marker=741311
443,293,USD,SFO,BZE,"Belize City, Belize",BZ,2027-01-02,1,https://www.aviasales.com/search/SFO0201BZE1?marker=741311
444,295,USD,DFW,COU,"Columbia, United States",US,2026-09-27,2,https://www.aviasales.com/search/DFW2709COU1?marker=741311
445,296,USD,JFK,AMS,"Amsterdam, Netherlands",NL,2026-11-15,2,https://www.aviasales.com/search/JFK1511AMS1?marker=741311
446,296,USD,LAX,BIO,"Bilbao, Spain",ES,2026-10-17,2,https://www.aviasales.com/search/LAX1710BIO1?marker=741311
447,297,USD,JFK,VIE,"Vienna, Austria",AT,2026-09-28,2,https://www.aviasales.com/search/JFK2809VIE1?marker=741311
448,297,USD,ORD,LIS,"Lisbon, Portugal",PT,2026-12-11,2,https://www.aviasales.com/search/ORD1112LIS1?marker=741311
449,297,USD,LAX,DAC,"Dhaka, Bangladesh",BD,2026-12-05,2,https://www.aviasales.com/search/LAX0512DAC1?marker=741311
450,298,USD,JFK,DEL,"New Delhi, India",IN,2026-10-09,1,https://www.aviasales.com/search/JFK0910DEL1?marker=741311
451,298,USD,ORD,AVP,"Wilkes-Barre, United States",US,2026-09-26,1,https://www.aviasales.com/search/ORD2609AVP1?marker=741311
452,299,USD,JFK,FNC,"Funchal, Portugal",PT,2026-09-24,1,https://www.aviasales.com/search/JFK2409FNC1?marker=741311
453,300,USD,JFK,IZM,"Izmir, Turkiye",TR,2026-09-25,1,https://www.aviasales.com/search/JFK2509IZM1?marker=741311
454,301,USD,MCO,DUS,"Dusseldorf, Germany",DE,2027-01-12,2,https://www.aviasales.com/search/MCO1201DUS1?marker=741311
455,301,USD,MCO,MDZ,"Mendoza, Argentina",AR,2026-09-28,2,https://www.aviasales.com/search/MCO2809MDZ1?marker=741311
456,301,USD,ORD,LPL,"Liverpool, United Kingdom",GB,2026-10-10,2,https://www.aviasales.com/search/ORD1010LPL1?marker=741311
457,302,USD,JFK,BOM,"Mumbai, India",IN,2026-11-03,1,https://www.aviasales.com/search/JFK0311BOM1?marker=741311
458,303,USD,LAX,HGH,"Hangzhou, China",CN,2026-09-22,1,https://www.aviasales.com/search/LAX2209HGH1?marker=741311
459,304,USD,JFK,HAM,"Hamburg, Germany",DE,2026-10-09,2,https://www.aviasales.com/search/JFK0910HAM1?marker=741311
460,304,USD,JFK,TUN,"Tunis, Tunisia",TN,2026-10-12,2,https://www.aviasales.com/search/JFK1210TUN1?marker=741311
461,306,USD,ATL,HHH,"Hilton Head, United States",US,2026-09-24,2,https://www.aviasales.com/search/ATL2409HHH1?marker=741311
462,306,USD,ATL,FAY,"Fayetteville, United States",US,2026-09-24,2,https://www.aviasales.com/search/ATL2409FAY1?marker=741311
463,306,USD,LAS,CKG,"Chongqing, China",CN,2026-09-21,2,https://www.aviasales.com/search/LAS2109CKG1?marker=741311
464,307,USD,RDU,AEX,"Alexandria, United States",US,2027-01-01,1,https://www.aviasales.com/search/RDU0101AEX1?marker=741311
465,308,USD,DTW,LNS,"Lancaster, United States",US,2026-09-23,1,https://www.aviasales.com/search/DTW2309LNS1?marker=741311
466,309,USD,JFK,CHO,"Charlottesville, United States",US,2026-09-26,1,https://www.aviasales.com/search/JFK2609CHO1?marker=741311
467,309,USD,JFK,ALG,"Algiers, Algeria",DZ,2026-10-03,2,https://www.aviasales.com/search/JFK0310ALG1?marker=741311
468,310,USD,JFK,MSS,"Massena, United States",US,2026-09-24,1,https://www.aviasales.com/search/JFK2409MSS1?marker=741311
469,310,USD,ORD,TOL,"Toledo, United States",US,2026-09-23,2,https://www.aviasales.com/search/ORD2309TOL1?marker=741311
470,310,USD,SLC,BTM,"Butte, United States",US,2026-09-23,1,https://www.aviasales.com/search/SLC2309BTM1?marker=741311
471,312,USD,BOS,HOR,"Horta, Portugal",PT,2027-01-15,2,https://www.aviasales.com/search/BOS1501HOR1?marker=741311
472,312,USD,SFO,FAR,"Fargo, United States",US,2026-09-24,1,https://www.aviasales.com/search/SFO2409FAR1?marker=741311
473,315,USD,MSP,CRK,"City of Angeles, Philippines",PH,2026-10-28,2,https://www.aviasales.com/search/MSP2810CRK1?marker=741311
474,315,USD,PHX,GDV,"Glendive, United States",US,2026-09-23,2,https://www.aviasales.com/search/PHX2309GDV1?marker=741311
475,316,USD,BOS,HEL,"Helsinki, Finland",FI,2026-10-03,2,https://www.aviasales.com/search/BOS0310HEL1?marker=741311
476,316,USD,ATL,GNV,"Gainesville, United States",US,2026-09-23,2,https://www.aviasales.com/search/ATL2309GNV1?marker=741311
477,318,USD,LAX,SMX,"Santa Maria, United States",US,2026-09-26,1,https://www.aviasales.com/search/LAX2609SMX1?marker=741311
478,322,USD,IAH,HAR,"Harrisburg, United States",US,2026-09-23,2,https://www.aviasales.com/search/IAH2309HAR1?marker=741311
479,324,USD,BOS,RTB,"Roatan, Honduras",HN,2027-01-30,1,https://www.aviasales.com/search/BOS3001RTB1?marker=741311
480,324,USD,JFK,RUH,"Riyadh, Saudi Arabia",SA,2026-09-30,1,https://www.aviasales.com/search/JFK3009RUH1?marker=741311
481,328,USD,SLC,MBL,"Manistee, United States",US,2026-09-23,2,https://www.aviasales.com/search/SLC2309MBL1?marker=741311
482,330,USD,ATL,LWB,"Lewisburg, United States",US,2026-09-27,2,https://www.aviasales.com/search/ATL2709LWB1?marker=741311
483,330,USD,RDU,STX,"Saint Croix, U.S. Virgin Islands",VI,2026-12-29,1,https://www.aviasales.com/search/RDU2912STX1?marker=741311
484,330,USD,PHL,AOO,"Altoona, United States",US,2026-09-24,1,https://www.aviasales.com/search/PHL2409AOO1?marker=741311
485,330,USD,JFK,PDL,"Ponta Delgada, Portugal",PT,2026-10-23,1,https://www.aviasales.com/search/JFK2310PDL1?marker=741311
486,330,USD,JFK,LUX,"Luxembourg, Luxembourg",LU,2026-11-12,2,https://www.aviasales.com/search/JFK1211LUX1?marker=741311
487,331,USD,JFK,UBS,"Columbus, United States",US,2026-09-26,1,https://www.aviasales.com/search/JFK2609UBS1?marker=741311
488,331,USD,JFK,REU,"Reus, Spain",ES,2026-09-27,1,https://www.aviasales.com/search/JFK2709REU1?marker=741311
489,332,USD,BOS,RAI,"Praia, Cape Verde",CV,2026-11-08,0,https://www.aviasales.com/search/BOS0811RAI1?marker=741311
490,332,USD,RDU,DLM,"Dalaman, Turkiye",TR,2026-10-13,2,https://www.aviasales.com/search/RDU1310DLM1?marker=741311
491,332,USD,JFK,PMF,"Parma, Italy",IT,2026-10-17,1,https://www.aviasales.com/search/JFK1710PMF1?marker=741311
492,332,USD,LAX,BPT,"Beaumont, United States",US,2026-09-28,1,https://www.aviasales.com/search/LAX2809BPT1?marker=741311
493,333,USD,DCA,SCL,"Santiago, Chile",CL,2026-10-19,3,https://www.aviasales.com/search/DCA1910SCL1?marker=741311
494,333,USD,IAD,AGP,"Malaga, Spain",ES,2027-01-12,3,https://www.aviasales.com/search/IAD1201AGP1?marker=741311
495,334,USD,JFK,PUW,"Pullman, United States",US,2026-09-29,1,https://www.aviasales.com/search/JFK2909PUW1?marker=741311
496,334,USD,SFO,PPT,"Papeete, French Polynesia",PF,2026-09-23,0,https://www.aviasales.com/search/SFO2309PPT1?marker=741311
497,334,USD,JFK,ANU,"Saint John's, Antigua and Barbuda",AG,2026-10-24,1,https://www.aviasales.com/search/JFK2410ANU1?marker=741311
498,335,USD,MIA,MVD,"Montevideo, Uruguay",UY,2026-12-10,1,https://www.aviasales.com/search/MIA1012MVD1?marker=741311
499,337,USD,JFK,FKB,"Karlsruhe, Germany",DE,2026-09-30,3,https://www.aviasales.com/search/JFK3009FKB1?marker=741311
500,337,USD,JFK,SPI,"Springfield, United States",US,2026-09-25,3,https://www.aviasales.com/search/JFK2509SPI1?marker=741311
501,340,USD,JFK,FAO,"Faro, Portugal",PT,2026-10-11,1,https://www.aviasales.com/search/JFK1110FAO1?marker=741311
502,340,USD,JFK,LYS,"Lyon, France",FR,2026-12-02,2,https://www.aviasales.com/search/JFK0212LYS1?marker=741311
503,340,USD,LAS,CVN,"Clovis, United States",US,2026-09-25,2,https://www.aviasales.com/search/LAS2509CVN1?marker=741311
504,342,USD,ORD,HKT,"Phuket, Thailand",TH,2026-09-24,1,https://www.aviasales.com/search/ORD2409HKT1?marker=741311
505,342,USD,JFK,TCI,"Tenerife, Spain",ES,2026-11-11,2,https://www.aviasales.com/search/JFK1111TCI1?marker=741311
506,345,USD,BOS,VCE,"Venice, Italy",IT,2026-11-02,2,https://www.aviasales.com/search/BOS0211VCE1?marker=741311
507,345,USD,JFK,PMO,"Palermo, Italy",IT,2026-10-08,1,https://www.aviasales.com/search/JFK0810PMO1?marker=741311
508,346,USD,BOS,ITO,"Hilo, United States",US,2026-11-10,3,https://www.aviasales.com/search/BOS1011ITO1?marker=741311
509,347,USD,ATL,XMN,"Xiamen, China",CN,2026-09-25,2,https://www.aviasales.com/search/ATL2509XMN1?marker=741311
510,348,USD,JFK,IAS,"Iasi, Romania",RO,2026-11-25,2,https://www.aviasales.com/search/JFK2511IAS1?marker=741311
511,349,USD,MCO,CKB,"Clarksburg, United States",US,2026-09-24,2,https://www.aviasales.com/search/MCO2409CKB1?marker=741311
512,350,USD,MCO,ALA,"Almaty, Kazakhstan",KZ,2027-02-09,2,https://www.aviasales.com/search/MCO0902ALA1?marker=741311
513,350,USD,MIA,GDT,"Grand Turk, Turks and Caicos Islands",TC,2026-11-10,2,https://www.aviasales.com/search/MIA1011GDT1?marker=741311
514,350,USD,LAX,ORK,"Cork, Ireland",IE,2026-12-10,2,https://www.aviasales.com/search/LAX1012ORK1?marker=741311
515,351,USD,ATL,PHF,"Newport News, United States",US,2026-09-23,1,https://www.aviasales.com/search/ATL2309PHF1?marker=741311
516,351,USD,JFK,SVQ,"Sevilla, Spain",ES,2026-12-29,1,https://www.aviasales.com/search/JFK2912SVQ1?marker=741311
517,351,USD,AUS,LRD,"Laredo, United States",US,2026-09-29,1,https://www.aviasales.com/search/AUS2909LRD1?marker=741311
518,352,USD,FLL,FLN,"Florianopolis, Brazil",BR,2026-10-05,2,https://www.aviasales.com/search/FLL0510FLN1?marker=741311
519,352,USD,JFK,GZT,"Gaziantep, Turkiye",TR,2026-09-29,3,https://www.aviasales.com/search/JFK2909GZT1?marker=741311
520,353,USD,MIA,EIS,"Beef Island, British Virgin Islands",VG,2027-01-03,1,https://www.aviasales.com/search/MIA0301EIS1?marker=741311
521,354,USD,MIA,BLA,"Barcelona, Venezuela",VE,2026-10-22,2,https://www.aviasales.com/search/MIA2210BLA1?marker=741311
522,354,USD,MSP,YYG,"Charlottetown, Canada",CA,2026-09-23,2,https://www.aviasales.com/search/MSP2309YYG1?marker=741311
523,355,USD,TPA,AGA,"Agadir, Morocco",MA,2026-09-26,3,https://www.aviasales.com/search/TPA2609AGA1?marker=741311
524,356,USD,LAX,WYS,"West Yellowstone, United States",US,2026-09-25,1,https://www.aviasales.com/search/LAX2509WYS1?marker=741311
525,356,USD,DEN,NBO,"Nairobi, Kenya",KE,2026-10-05,2,https://www.aviasales.com/search/DEN0510NBO1?marker=741311
526,357,USD,MCO,BSB,"Brasilia, Brazil",BR,2027-01-07,0,https://www.aviasales.com/search/MCO0701BSB1?marker=741311
527,357,USD,LAX,BIH,"Bishop, United States",US,2026-09-25,1,https://www.aviasales.com/search/LAX2509BIH1?marker=741311
528,357,USD,BNA,HTS,"Huntington, United States",US,2026-09-23,2,https://www.aviasales.com/search/BNA2309HTS1?marker=741311
529,357,USD,MSP,SUX,"Sioux City, United States",US,2026-09-27,1,https://www.aviasales.com/search/MSP2709SUX1?marker=741311
530,358,USD,PHX,OGD,"Ogden, United States",US,2026-09-29,3,https://www.aviasales.com/search/PHX2909OGD1?marker=741311
531,358,USD,LAS,MKL,"Jackson, United States",US,2026-09-23,1,https://www.aviasales.com/search/LAS2309MKL1?marker=741311
532,359,USD,BOS,CLJ,"Cluj-Napoca, Romania",RO,2026-10-02,3,https://www.aviasales.com/search/BOS0210CLJ1?marker=741311
533,359,USD,JFK,BOJ,"Bourgas, Bulgaria",BG,2026-09-23,2,https://www.aviasales.com/search/JFK2309BOJ1?marker=741311
534,360,USD,ORD,WRO,"Wroclaw, Poland",PL,2026-11-13,3,https://www.aviasales.com/search/ORD1311WRO1?marker=741311
535,361,USD,LAX,SHA,"Shanghai, China",CN,2026-12-01,1,https://www.aviasales.com/search/LAX0112SHA1?marker=741311
536,361,USD,JFK,CTA,"Catania, Italy",IT,2026-09-24,2,https://www.aviasales.com/search/JFK2409CTA1?marker=741311
537,362,USD,JFK,KUL,"Kuala Lumpur, Malaysia",MY,2026-10-20,1,https://www.aviasales.com/search/JFK2010KUL1?marker=741311
538,362,USD,MIA,SCU,"Santiago, Cuba",CU,2027-03-15,0,https://www.aviasales.com/search/MIA1503SCU1?marker=741311
539,362,USD,JFK,RZE,"Rzeszow, Poland",PL,2026-10-27,2,https://www.aviasales.com/search/JFK2710RZE1?marker=741311
540,364,USD,SEA,YYF,"Penticton, Canada",CA,2026-09-26,2,https://www.aviasales.com/search/SEA2609YYF1?marker=741311
541,365,USD,JFK,SHJ,"Sharjah, United Arab Emirates",AE,2026-09-21,1,https://www.aviasales.com/search/JFK2109SHJ1?marker=741311
542,365,USD,JFK,BRE,"Bremen, Germany",DE,2026-09-24,1,https://www.aviasales.com/search/JFK2409BRE1?marker=741311
543,366,USD,LAX,OWB,"Owensboro, United States",US,2026-09-23,2,https://www.aviasales.com/search/LAX2309OWB1?marker=741311
544,366,USD,PHX,ROW,"Roswell, United States",US,2026-09-25,1,https://www.aviasales.com/search/PHX2509ROW1?marker=741311
545,367,USD,JFK,TIV,"Tivat, Montenegro",ME,2026-09-26,1,https://www.aviasales.com/search/JFK2609TIV1?marker=741311
546,367,USD,JFK,MHK,"Manhattan, United States",US,2026-09-29,1,https://www.aviasales.com/search/JFK2909MHK1?marker=741311
547,368,USD,FLL,BLL,"Billund, Denmark",DK,2026-12-23,2,https://www.aviasales.com/search/FLL2312BLL1?marker=741311
548,368,USD,ORD,CVM,"Ciudad Victoria, Mexico",MX,2026-09-27,2,https://www.aviasales.com/search/ORD2709CVM1?marker=741311
549,368,USD,JFK,TAY,"Tartu, Estonia",EE,2027-01-03,1,https://www.aviasales.com/search/JFK0301TAY1?marker=741311
550,369,USD,SEA,YXS,"Prince George, Canada",CA,2026-09-27,1,https://www.aviasales.com/search/SEA2709YXS1?marker=741311
551,370,USD,JFK,AUH,"Abu Dhabi, United Arab Emirates",AE,2026-10-17,3,https://www.aviasales.com/search/JFK1710AUH1?marker=741311
552,370,USD,SEA,CEC,"Crescent City, United States",US,2026-09-23,2,https://www.aviasales.com/search/SEA2309CEC1?marker=741311
553,371,USD,DFW,GYE,"Guayaquil, Ecuador",EC,2026-09-22,3,https://www.aviasales.com/search/DFW2209GYE1?marker=741311
554,371,USD,IAH,ALW,"Walla Walla, United States",US,2026-09-24,1,https://www.aviasales.com/search/IAH2409ALW1?marker=741311
555,372,USD,LAX,PMI,"Palma, Spain",ES,2026-10-05,2,https://www.aviasales.com/search/LAX0510PMI1?marker=741311
556,373,USD,MIA,ASU,"Asuncion, Paraguay",PY,2026-11-04,2,https://www.aviasales.com/search/MIA0411ASU1?marker=741311
557,374,USD,MCO,MGM,"Montgomery, United States",US,2026-09-24,1,https://www.aviasales.com/search/MCO2409MGM1?marker=741311
558,374,USD,JFK,GZP,"Alanya, Turkiye",TR,2026-10-05,3,https://www.aviasales.com/search/JFK0510GZP1?marker=741311
559,374,USD,MSP,DIK,"Dickinson, United States",US,2026-09-24,1,https://www.aviasales.com/search/MSP2409DIK1?marker=741311
560,374,USD,SEA,VAR,"Varna, Bulgaria",BG,2026-10-07,2,https://www.aviasales.com/search/SEA0710VAR1?marker=741311
561,374,USD,SEA,HRO,"Harrison, United States",US,2026-09-26,2,https://www.aviasales.com/search/SEA2609HRO1?marker=741311
562,375,USD,PHX,FMN,"Farmington, United States",US,2026-09-23,1,https://www.aviasales.com/search/PHX2309FMN1?marker=741311
563,375,USD,AUS,CMW,"Camaguey, Cuba",CU,2026-12-20,2,https://www.aviasales.com/search/AUS2012CMW1?marker=741311
564,377,USD,LAX,CAN,"Guangzhou, China",CN,2026-10-27,1,https://www.aviasales.com/search/LAX2710CAN1?marker=741311
565,377,USD,MCO,HGR,"Hagerstown, United States",US,2026-09-24,3,https://www.aviasales.com/search/MCO2409HGR1?marker=741311
566,378,USD,JFK,AER,"Adler/Sochi, Russia",RU,2026-10-18,2,https://www.aviasales.com/search/JFK1810AER1?marker=741311
567,378,USD,SFO,TXK,"Texarkana, United States",US,2026-09-26,1,https://www.aviasales.com/search/SFO2609TXK1?marker=741311
568,378,USD,JFK,EAP,"Basel, Switzerland",CH,2026-10-27,2,https://www.aviasales.com/search/JFK2710EAP1?marker=741311
569,379,USD,DTW,YXU,"London, Canada",CA,2026-09-26,2,https://www.aviasales.com/search/DTW2609YXU1?marker=741311
570,379,USD,ATL,AGB,"Augsburg, Germany",DE,2026-12-27,1,https://www.aviasales.com/search/ATL2712AGB1?marker=741311
571,380,USD,LAX,PNH,"Phnom Penh, Cambodia",KH,2027-02-07,1,https://www.aviasales.com/search/LAX0702PNH1?marker=741311
572,381,USD,FLL,VIX,"Vitoria, Brazil",BR,2026-11-09,2,https://www.aviasales.com/search/FLL0911VIX1?marker=741311
573,382,USD,ORD,ERI,"Erie, United States",US,2026-09-27,0,https://www.aviasales.com/search/ORD2709ERI1?marker=741311
574,383,USD,SEA,VAN,"Van, Turkiye",TR,2026-10-27,3,https://www.aviasales.com/search/SEA2710VAN1?marker=741311
575,383,USD,SAN,MAM,"Matamoros, Mexico",MX,2026-09-26,3,https://www.aviasales.com/search/SAN2609MAM1?marker=741311
576,384,USD,JFK,MRV,"Mineralnye Vody, Russia",RU,2026-10-17,2,https://www.aviasales.com/search/JFK1710MRV1?marker=741311
577,384,USD,BNA,MWA,"Marion, United States",US,2026-09-24,1,https://www.aviasales.com/search/BNA2409MWA1?marker=741311
578,384,USD,JFK,LHE,"Lahore, Pakistan",PK,2026-10-14,1,https://www.aviasales.com/search/JFK1410LHE1?marker=741311
579,384,USD,MCO,CNM,"Carlsbad, United States",US,2026-09-24,2,https://www.aviasales.com/search/MCO2409CNM1?marker=741311
580,387,USD,LAX,NAN,"Nadi, Fiji",FJ,2026-09-19,0,https://www.aviasales.com/search/LAX1909NAN1?marker=741311
581,387,USD,LAX,CTU,"Chengdu, China",CN,2026-11-10,1,https://www.aviasales.com/search/LAX1011CTU1?marker=741311
582,387,USD,JFK,HRG,"Hurghada, Egypt",EG,2026-10-12,1,https://www.aviasales.com/search/JFK1210HRG1?marker=741311
583,388,USD,JFK,BUS,"Batumi, Georgia",GE,2026-10-20,2,https://www.aviasales.com/search/JFK2010BUS1?marker=741311
584,388,USD,DFW,KTM,"Kathmandu, Nepal",NP,2027-02-16,1,https://www.aviasales.com/search/DFW1602KTM1?marker=741311
585,388,USD,ORD,LSE,"La Crosse, United States",US,2026-09-27,3,https://www.aviasales.com/search/ORD2709LSE1?marker=741311
586,388,USD,JFK,HAJ,"Hannover, Germany",DE,2026-10-11,1,https://www.aviasales.com/search/JFK1110HAJ1?marker=741311
587,390,USD,ORD,DOH,"Doha, Qatar",QA,2026-09-28,1,https://www.aviasales.com/search/ORD2809DOH1?marker=741311
588,390,USD,MIA,REC,"Recife, Brazil",BR,2026-10-12,2,https://www.aviasales.com/search/MIA1210REC1?marker=741311
589,390,USD,JFK,FLO,"Florence, United States",US,2026-09-26,1,https://www.aviasales.com/search/JFK2609FLO1?marker=741311
590,391,USD,ORD,GOA,"Genoa, Italy",IT,2026-10-04,3,https://www.aviasales.com/search/ORD0410GOA1?marker=741311
591,393,USD,LAX,AUW,"Wausau, United States",US,2026-10-10,1,https://www.aviasales.com/search/LAX1010AUW1?marker=741311
592,394,USD,JFK,KUT,"Kutaisi, Georgia",GE,2026-10-20,2,https://www.aviasales.com/search/JFK2010KUT1?marker=741311
593,394,USD,JFK,LPA,"Las Palmas, Spain",ES,2026-09-23,1,https://www.aviasales.com/search/JFK2309LPA1?marker=741311
594,395,USD,LAX,REX,"Reynosa, Mexico",MX,2026-09-25,2,https://www.aviasales.com/search/LAX2509REX1?marker=741311
595,396,USD,ORD,TAS,"Tashkent, Uzbekistan",UZ,2026-09-23,1,https://www.aviasales.com/search/ORD2309TAS1?marker=741311
596,397,USD,SFO,OSA,"Osaka, Japan",JP,2026-12-01,1,https://www.aviasales.com/search/SFO0112OSA1?marker=741311
597,398,USD,IAD,SJJ,"Sarajevo, Bosnia and Herzegovina",BA,2026-10-15,1,https://www.aviasales.com/search/IAD1510SJJ1?marker=741311
598,400,USD,DCA,MKG,"Muskegon, United States",US,2026-09-24,1,https://www.aviasales.com/search/DCA2409MKG1?marker=741311
599,400,USD,LAX,DAD,"Da Nang, Vietnam",VN,2026-11-02,1,https://www.aviasales.com/search/LAX0211DAD1?marker=741311
600,401,USD,ORD,IBZ,"Ibiza, Spain",ES,2026-10-01,3,https://www.aviasales.com/search/ORD0110IBZ1?marker=741311
601,401,USD,ORD,CMI,"Champaign, United States",US,2026-09-26,0,https://www.aviasales.com/search/ORD2609CMI1?marker=741311
602,402,USD,MIA,COR,"Cordoba, Argentina",AR,2026-12-13,1,https://www.aviasales.com/search/MIA1312COR1?marker=741311
603,402,USD,DFW,YNT,"Yantai, China",CN,2026-10-21,2,https://www.aviasales.com/search/DFW2110YNT1?marker=741311
604,402,USD,JFK,MRS,"Marseille, France",FR,2026-10-03,1,https://www.aviasales.com/search/JFK0310MRS1?marker=741311
605,403,USD,JFK,ANK,"Ankara, Turkiye",TR,2026-09-29,3,https://www.aviasales.com/search/JFK2909ANK1?marker=741311
606,405,USD,JFK,SBH,"Saint Barthelemy, Guadeloupe",GP,2026-09-27,2,https://www.aviasales.com/search/JFK2709SBH1?marker=741311
607,406,USD,JFK,MED,"Medina, Saudi Arabia",SA,2026-10-01,1,https://www.aviasales.com/search/JFK0110MED1?marker=741311
608,407,USD,BOS,ADD,"Addis Ababa, Ethiopia",ET,2026-09-20,1,https://www.aviasales.com/search/BOS2009ADD1?marker=741311
609,410,USD,LAX,PBR,"Puerto Barrios, Guatemala",GT,2026-09-24,1,https://www.aviasales.com/search/LAX2409PBR1?marker=741311
610,412,USD,JFK,QSR,"Salerno, Italy",IT,2026-12-28,2,https://www.aviasales.com/search/JFK2812QSR1?marker=741311
611,412,USD,SEA,RKS,"Rock Springs, United States",US,2026-09-27,1,https://www.aviasales.com/search/SEA2709RKS1?marker=741311
612,412,USD,SEA,RIW,"Riverton, United States",US,2026-09-27,1,https://www.aviasales.com/search/SEA2709RIW1?marker=741311
613,413,USD,JFK,PVC,"Provincetown, United States",US,2026-09-29,2,https://www.aviasales.com/search/JFK2909PVC1?marker=741311
614,413,USD,IAH,RHO,"Rhodes, Greece",GR,2026-10-23,2,https://www.aviasales.com/search/IAH2310RHO1?marker=741311
615,414,USD,JFK,JTR,"Thira, Greece",GR,2026-11-25,2,https://www.aviasales.com/search/JFK2511JTR1?marker=741311
616,415,USD,LAX,CSX,"Changsha, China",CN,2027-01-27,1,https://www.aviasales.com/search/LAX2701CSX1?marker=741311
617,417,USD,PHL,KWI,"Kuwait City, Kuwait",KW,2026-09-28,1,https://www.aviasales.com/search/PHL2809KWI1?marker=741311
618,418,USD,IAH,BGW,"Baghdad, Iraq",IQ,2026-10-22,1,https://www.aviasales.com/search/IAH2210BGW1?marker=741311
619,418,USD,JFK,CCS,"Caracas, Venezuela",VE,2026-10-27,3,https://www.aviasales.com/search/JFK2710CCS1?marker=741311
620,419,USD,ATL,MAO,"Manaus, Brazil",BR,2026-10-01,3,https://www.aviasales.com/search/ATL0110MAO1?marker=741311
621,419,USD,IAH,SJT,"San Angelo, United States",US,2026-09-25,1,https://www.aviasales.com/search/IAH2509SJT1?marker=741311
622,419,USD,ORD,DVL,"Devils Lake, United States",US,2026-09-23,1,https://www.aviasales.com/search/ORD2309DVL1?marker=741311
623,419,USD,AUS,TYR,"Tyler, United States",US,2026-09-24,1,https://www.aviasales.com/search/AUS2409TYR1?marker=741311
624,419,USD,MCO,MEI,"Meridian, United States",US,2026-09-26,1,https://www.aviasales.com/search/MCO2609MEI1?marker=741311
625,419,USD,PHX,SLN,"Salina, United States",US,2026-09-27,1,https://www.aviasales.com/search/PHX2709SLN1?marker=741311
626,420,USD,LAX,NHA,"Nha Trang, Vietnam",VN,2026-11-29,2,https://www.aviasales.com/search/LAX2911NHA1?marker=741311
627,420,USD,DEN,TPE,"Taipei, Taiwan",TW,2026-12-01,1,https://www.aviasales.com/search/DEN0112TPE1?marker=741311
628,420,USD,PDX,CYS,"Cheyenne, United States",US,2026-09-26,1,https://www.aviasales.com/search/PDX2609CYS1?marker=741311
629,421,USD,MIA,VRA,"Varadero, Cuba",CU,2026-09-28,0,https://www.aviasales.com/search/MIA2809VRA1?marker=741311
630,422,USD,IAD,CMB,"Colombo, Sri Lanka",LK,2026-10-15,1,https://www.aviasales.com/search/IAD1510CMB1?marker=741311
631,422,USD,JFK,PEI,"Pereira, Colombia",CO,2026-09-30,2,https://www.aviasales.com/search/JFK3009PEI1?marker=741311
632,424,USD,MIA,NQZ,"Astana, Kazakhstan",KZ,2026-11-03,2,https://www.aviasales.com/search/MIA0311NQZ1?marker=741311
633,424,USD,SFO,FUK,"Fukuoka, Japan",JP,2027-01-31,1,https://www.aviasales.com/search/SFO3101FUK1?marker=741311
634,424,USD,RDU,JLN,"Joplin, United States",US,2026-09-23,1,https://www.aviasales.com/search/RDU2309JLN1?marker=741311
635,426,USD,JFK,LWN,"Gyumri, Armenia",AM,2026-09-21,2,https://www.aviasales.com/search/JFK2109LWN1?marker=741311
636,426,USD,SFO,PUS,"Busan, South Korea",KR,2027-01-18,1,https://www.aviasales.com/search/SFO1801PUS1?marker=741311
637,428,USD,IAD,MOW,"Moscow, Russia",RU,2026-12-10,3,https://www.aviasales.com/search/IAD1012MOW1?marker=741311
638,430,USD,LAX,HRB,"Harbin, China",CN,2026-09-22,1,https://www.aviasales.com/search/LAX2209HRB1?marker=741311
639,430,USD,SFO,SOU,"Southampton, United Kingdom",GB,2026-10-18,3,https://www.aviasales.com/search/SFO1810SOU1?marker=741311
640,431,USD,JFK,SKD,"Samarkand, Uzbekistan",UZ,2026-10-13,2,https://www.aviasales.com/search/JFK1310SKD1?marker=741311
641,431,USD,SFO,PEN,"Penang, Malaysia",MY,2026-11-28,1,https://www.aviasales.com/search/SFO2811PEN1?marker=741311
642,431,USD,MSP,YQG,"Windsor, Canada",CA,2026-09-25,3,https://www.aviasales.com/search/MSP2509YQG1?marker=741311
643,432,USD,JFK,HYD,"Hyderabad, India",IN,2026-10-15,1,https://www.aviasales.com/search/JFK1510HYD1?marker=741311
644,433,USD,SLC,BGA,"Bucaramanga, Colombia",CO,2026-09-22,3,https://www.aviasales.com/search/SLC2209BGA1?marker=741311
645,434,USD,MIA,BSZ,"Bishkek, Kyrgyzstan",KG,2027-01-18,3,https://www.aviasales.com/search/MIA1801BSZ1?marker=741311
646,434,USD,JFK,MLE,"Male, Maldives",MV,2026-10-17,3,https://www.aviasales.com/search/JFK1710MLE1?marker=741311
647,434,USD,IAH,CND,"Constanta, Romania",RO,2026-09-23,3,https://www.aviasales.com/search/IAH2309CND1?marker=741311
648,434,USD,MCO,NVT,"Navegantes, Brazil",BR,2026-10-13,2,https://www.aviasales.com/search/MCO1310NVT1?marker=741311
649,435,USD,JFK,KZN,"Kazan, Russia",RU,2026-10-13,2,https://www.aviasales.com/search/JFK1310KZN1?marker=741311
650,435,USD,JFK,OGL,"Georgetown, Guyana",GY,2026-10-28,1,https://www.aviasales.com/search/JFK2810OGL1?marker=741311
651,437,USD,LAX,ILO,"Iloilo, Philippines",PH,2026-09-26,2,https://www.aviasales.com/search/LAX2609ILO1?marker=741311
652,437,USD,SEA,RGN,"Yangon, Myanmar",MM,2026-11-03,2,https://www.aviasales.com/search/SEA0311RGN1?marker=741311
653,438,USD,ORD,MAA,"Chennai, India",IN,2026-10-15,1,https://www.aviasales.com/search/ORD1510MAA1?marker=741311
654,438,USD,SFO,KHN,"Nanchang, China",CN,2026-09-30,1,https://www.aviasales.com/search/SFO3009KHN1?marker=741311
655,438,USD,SEA,YPW,"Powell River, Canada",CA,2026-09-27,1,https://www.aviasales.com/search/SEA2709YPW1?marker=741311
656,440,USD,JFK,MCX,"Makhachkala, Russia",RU,2026-09-24,2,https://www.aviasales.com/search/JFK2409MCX1?marker=741311
657,441,USD,ORD,SKP,"Skopje, North Macedonia",MK,2026-09-21,2,https://www.aviasales.com/search/ORD2109SKP1?marker=741311
658,441,USD,JFK,CGP,"Chittagong, Bangladesh",BD,2026-11-09,2,https://www.aviasales.com/search/JFK0911CGP1?marker=741311
659,442,USD,SEA,STR,"Stuttgart, Germany",DE,2026-09-26,3,https://www.aviasales.com/search/SEA2609STR1?marker=741311
660,442,USD,LAX,SHE,"Shenyang, China",CN,2027-01-28,1,https://www.aviasales.com/search/LAX2801SHE1?marker=741311
661,442,USD,SFO,JKT,"Jakarta, Indonesia",ID,2026-09-28,1,https://www.aviasales.com/search/SFO2809JKT1?marker=741311
662,443,USD,LAX,AKL,"Auckland, New Zealand",NZ,2026-10-22,1,https://www.aviasales.com/search/LAX2210AKL1?marker=741311
663,443,USD,JFK,IGU,"Foz do Iguaçu, Brazil",BR,2026-10-01,1,https://www.aviasales.com/search/JFK0110IGU1?marker=741311
664,444,USD,CLT,PGV,"Greenville, United States",US,2026-09-27,0,https://www.aviasales.com/search/CLT2709PGV1?marker=741311
665,445,USD,DFW,FSM,"Fort Smith, United States",US,2026-09-23,0,https://www.aviasales.com/search/DFW2309FSM1?marker=741311
666,445,USD,JFK,MSL,"Muscle Shoals, United States",US,2026-09-26,3,https://www.aviasales.com/search/JFK2609MSL1?marker=741311
667,446,USD,MIA,ACE,"Arrecife, Spain",ES,2026-11-20,3,https://www.aviasales.com/search/MIA2011ACE1?marker=741311
668,446,USD,JFK,GGG,"Longview, United States",US,2026-10-15,2,https://www.aviasales.com/search/JFK1510GGG1?marker=741311
669,447,USD,SFO,MFM,"Macau, Macau",MO,2026-10-09,1,https://www.aviasales.com/search/SFO0910MFM1?marker=741311
670,448,USD,MIA,GPS,"Galapagos Islands, Ecuador",EC,2026-11-11,2,https://www.aviasales.com/search/MIA1111GPS1?marker=741311
671,449,USD,JFK,LED,"Saint Petersburg, Russia",RU,2026-10-13,2,https://www.aviasales.com/search/JFK1310LED1?marker=741311
672,449,USD,LAX,SZX,"Shenzhen, China",CN,2026-10-13,0,https://www.aviasales.com/search/LAX1310SZX1?marker=741311
673,449,USD,LAX,BLR,"Bengaluru, India",IN,2026-11-03,1,https://www.aviasales.com/search/LAX0311BLR1?marker=741311
674,450,USD,SEA,CEB,"Cebu City, Philippines",PH,2027-01-04,1,https://www.aviasales.com/search/SEA0401CEB1?marker=741311
675,451,USD,JFK,DYU,"Dushanbe, Tajikistan",TJ,2026-10-13,3,https://www.aviasales.com/search/JFK1310DYU1?marker=741311
676,452,USD,IAD,BFS,"Belfast, United Kingdom",GB,2026-09-22,3,https://www.aviasales.com/search/IAD2209BFS1?marker=741311
677,452,USD,MSP,ATY,"Watertown, United States",US,2026-09-26,1,https://www.aviasales.com/search/MSP2609ATY1?marker=741311
678,453,USD,LAX,UBN,"Ulaanbaatar, Mongolia",MN,2026-10-28,1,https://www.aviasales.com/search/LAX2810UBN1?marker=741311
679,456,USD,JFK,AMD,"Ahmedabad, India",IN,2027-01-19,2,https://www.aviasales.com/search/JFK1901AMD1?marker=741311
680,458,USD,LAX,PQC,"Phu Quoc, Vietnam",VN,2027-03-09,1,https://www.aviasales.com/search/LAX0903PQC1?marker=741311
681,458,USD,PHL,HOG,"Holguin, Cuba",CU,2026-10-12,2,https://www.aviasales.com/search/PHL1210HOG1?marker=741311
682,459,USD,LAX,BPN,"Balikpapan, Indonesia",ID,2026-11-27,2,https://www.aviasales.com/search/LAX2711BPN1?marker=741311
683,460,USD,SEA,EAU,"Eau Claire, United States",US,2026-09-23,1,https://www.aviasales.com/search/SEA2309EAU1?marker=741311
684,460,USD,SEA,YBL,"Campbell River, Canada",CA,2026-09-26,2,https://www.aviasales.com/search/SEA2609YBL1?marker=741311
685,462,USD,JFK,BJV,"Bodrum, Turkiye",TR,2026-09-24,1,https://www.aviasales.com/search/JFK2409BJV1?marker=741311
686,462,USD,LAS,CRA,"Craiova, Romania",RO,2026-11-24,3,https://www.aviasales.com/search/LAS2411CRA1?marker=741311
687,463,USD,AUS,PLS,"Providenciales, Turks and Caicos Islands",TC,2026-10-08,2,https://www.aviasales.com/search/AUS0810PLS1?marker=741311
688,466,USD,JFK,DKR,"Dakar, Senegal",SN,2026-09-30,1,https://www.aviasales.com/search/JFK3009DKR1?marker=741311
689,467,USD,JFK,KRR,"Krasnodar, Russia",RU,2026-10-05,2,https://www.aviasales.com/search/JFK0510KRR1?marker=741311
690,469,USD,PHX,LAW,"Lawton, United States",US,2026-09-27,1,https://www.aviasales.com/search/PHX2709LAW1?marker=741311
691,469,USD,JFK,LOS,"Lagos, Nigeria",NG,2026-09-29,1,https://www.aviasales.com/search/JFK2909LOS1?marker=741311
692,470,USD,JFK,GOI,"Goa, India",IN,2026-11-26,2,https://www.aviasales.com/search/JFK2611GOI1?marker=741311
693,470,USD,JFK,EWB,"New Bedford, United States",US,2026-09-26,1,https://www.aviasales.com/search/JFK2609EWB1?marker=741311
694,472,USD,LAX,PUU,"Puerto Asis, Colombia",CO,2026-12-05,3,https://www.aviasales.com/search/LAX0512PUU1?marker=741311
695,472,USD,DTW,MVY,"Martha's Vineyard, United States",US,2026-09-29,2,https://www.aviasales.com/search/DTW2909MVY1?marker=741311
696,474,USD,PHX,YUM,"Yuma, United States",US,2026-09-24,0,https://www.aviasales.com/search/PHX2409YUM1?marker=741311
697,476,USD,SEA,RST,"Rochester, United States",US,2026-09-27,2,https://www.aviasales.com/search/SEA2709RST1?marker=741311
698,476,USD,LAX,HIJ,"Hiroshima, Japan",JP,2026-11-29,2,https://www.aviasales.com/search/LAX2911HIJ1?marker=741311
699,478,USD,MCO,YQY,"Sydney, Canada",CA,2026-09-24,1,https://www.aviasales.com/search/MCO2409YQY1?marker=741311
700,479,USD,JFK,KUF,"Samara, Russia",RU,2026-10-20,2,https://www.aviasales.com/search/JFK2010KUF1?marker=741311
701,479,USD,IAD,OAJ,"Jacksonville, United States",US,2026-09-27,1,https://www.aviasales.com/search/IAD2709OAJ1?marker=741311
702,479,USD,IAD,URA,"Oral, Kazakhstan",KZ,2027-01-17,3,https://www.aviasales.com/search/IAD1701URA1?marker=741311
703,479,USD,SEA,JMS,"Jamestown, United States",US,2026-09-26,1,https://www.aviasales.com/search/SEA2609JMS1?marker=741311
704,481,USD,JFK,GTF,"Great Falls, United States",US,2026-09-28,1,https://www.aviasales.com/search/JFK2809GTF1?marker=741311
705,481,USD,LAX,MMA,"Malmo, Sweden",SE,2026-10-02,2,https://www.aviasales.com/search/LAX0210MMA1?marker=741311
706,481,USD,CLT,YFC,"Fredericton, Canada",CA,2026-09-24,1,https://www.aviasales.com/search/CLT2409YFC1?marker=741311
707,482,USD,IAD,GCK,"Garden City, United States",US,2026-09-23,1,https://www.aviasales.com/search/IAD2309GCK1?marker=741311
708,482,USD,SEA,HAK,"Haikou, China",CN,2026-11-19,2,https://www.aviasales.com/search/SEA1911HAK1?marker=741311
709,483,USD,SAN,ABY,"Albany, United States",US,2026-10-15,3,https://www.aviasales.com/search/SAN1510ABY1?marker=741311
710,483,USD,DFW,GCC,"Gillette, United States",US,2026-09-25,1,https://www.aviasales.com/search/DFW2509GCC1?marker=741311
711,484,USD,ORD,CPR,"Casper, United States",US,2026-09-27,1,https://www.aviasales.com/search/ORD2709CPR1?marker=741311
712,485,USD,AUS,OME,"Nome, United States",US,2026-10-21,2,https://www.aviasales.com/search/AUS2110OME1?marker=741311
713,486,USD,ORD,SIT,"Sitka, United States",US,2026-09-25,2,https://www.aviasales.com/search/ORD2509SIT1?marker=741311
714,486,USD,MSP,DLH,"Duluth, United States",US,2026-09-26,2,https://www.aviasales.com/search/MSP2609DLH1?marker=741311
715,487,USD,MIA,MIR,"Monastir, Tunisia",TN,2026-10-29,1,https://www.aviasales.com/search/MIA2910MIR1?marker=741311
716,489,USD,JFK,DLI,"Dalat, Vietnam",VN,2026-11-01,2,https://www.aviasales.com/search/JFK0111DLI1?marker=741311
717,493,USD,LAX,KBV,"Krabi, Thailand",TH,2026-11-09,2,https://www.aviasales.com/search/LAX0911KBV1?marker=741311
718,494,USD,IAD,FOR,"Fortaleza, Brazil",BR,2026-10-14,2,https://www.aviasales.com/search/IAD1410FOR1?marker=741311
719,494,USD,JFK,ZSA,"San Salvador, Bahamas",BS,2027-03-08,2,https://www.aviasales.com/search/JFK0803ZSA1?marker=741311
720,495,USD,JFK,MSQ,"Minsk, Belarus",BY,2026-10-13,3,https://www.aviasales.com/search/JFK1310MSQ1?marker=741311
721,496,USD,PDX,OTH,"North Bend, United States",US,2026-09-25,1,https://www.aviasales.com/search/PDX2509OTH1?marker=741311
722,498,USD,LAX,UME,"Umea, Sweden",SE,2026-10-01,4,https://www.aviasales.com/search/LAX0110UME1?marker=741311
723,499,USD,MIA,TOS,"Tromso, Norway",NO,2026-11-20,3,https://www.aviasales.com/search/MIA2011TOS1?marker=741311
724,499,USD,ORD,KWL,"Guilin, China",CN,2026-10-11,2,https://www.aviasales.com/search/ORD1110KWL1?marker=741311
725,499,USD,JFK,PEW,"Peshawar, Pakistan",PK,2026-09-21,2,https://www.aviasales.com/search/JFK2109PEW1?marker=741311
726,500,USD,JFK,FEG,"Fergana, Uzbekistan",UZ,2026-09-20,2,https://www.aviasales.com/search/JFK2009FEG1?marker=741311
727,500,USD,FLL,PAP,"Port-au-Prince, Haiti",HT,2026-10-02,1,https://www.aviasales.com/search/FLL0210PAP1?marker=741311
728,500,USD,TPA,PFO,"Paphos, Cyprus",CY,2027-01-25,3,https://www.aviasales.com/search/TPA2501PFO1?marker=741311
729,503,USD,JFK,GUW,"Atyrau, Kazakhstan",KZ,2026-10-08,2,https://www.aviasales.com/search/JFK0810GUW1?marker=741311
730,505,USD,DTW,DJE,"Djerba, Tunisia",TN,2027-03-06,3,https://www.aviasales.com/search/DTW0603DJE1?marker=741311
731,508,USD,MIA,VRN,"Verona, Italy",IT,2026-09-29,2,https://www.aviasales.com/search/MIA2909VRN1?marker=741311
732,510,USD,JFK,SVX,"Yekaterinburg, Russia",RU,2026-10-12,3,https://www.aviasales.com/search/JFK1210SVX1?marker=741311
733,510,USD,JFK,AKX,"Aktobe, Kazakhstan",KZ,2026-10-13,3,https://www.aviasales.com/search/JFK1310AKX1?marker=741311
734,511,USD,ORD,SYX,"Sanya, China",CN,2026-10-29,2,https://www.aviasales.com/search/ORD2910SYX1?marker=741311
735,511,USD,JFK,BDQ,"Vadodara, India",IN,2027-01-04,2,https://www.aviasales.com/search/JFK0401BDQ1?marker=741311
736,515,USD,LAS,EBL,"Erbil, Iraq",IQ,2026-10-06,3,https://www.aviasales.com/search/LAS0610EBL1?marker=741311
737,516,USD,JFK,UFA,"Ufa, Russia",RU,2026-10-13,3,https://www.aviasales.com/search/JFK1310UFA1?marker=741311
738,519,USD,CLT,FOC,"Fuzhou, China",CN,2026-12-03,2,https://www.aviasales.com/search/CLT0312FOC1?marker=741311
739,520,USD,JFK,NMA,"Namangan, Uzbekistan",UZ,2026-09-25,2,https://www.aviasales.com/search/JFK2509NMA1?marker=741311
740,521,USD,SFO,SYD,"Sydney, Australia",AU,2026-12-30,1,https://www.aviasales.com/search/SFO3012SYD1?marker=741311
741,522,USD,ORD,ACT,"Waco, United States",US,2026-09-24,1,https://www.aviasales.com/search/ORD2409ACT1?marker=741311
742,524,USD,SFO,NAV,"Nevsehir, Turkiye",TR,2026-10-24,4,https://www.aviasales.com/search/SFO2410NAV1?marker=741311
743,525,USD,SFO,COV,"Mersin, Turkiye",TR,2026-10-05,3,https://www.aviasales.com/search/SFO0510COV1?marker=741311
744,526,USD,JFK,COO,"Cotonou, Benin",BJ,2027-01-21,2,https://www.aviasales.com/search/JFK2101COO1?marker=741311
745,527,USD,LAX,VVO,"Vladivostok, Russia",RU,2026-10-27,2,https://www.aviasales.com/search/LAX2710VVO1?marker=741311
746,530,USD,ORD,MTT,"Minatitlan, Mexico",MX,2026-09-20,3,https://www.aviasales.com/search/ORD2009MTT1?marker=741311
747,530,USD,JFK,VGA,"Vijayawada, India",IN,2026-11-23,2,https://www.aviasales.com/search/JFK2311VGA1?marker=741311
748,532,USD,IAD,CIT,"Shymkent, Kazakhstan",KZ,2026-12-04,3,https://www.aviasales.com/search/IAD0412CIT1?marker=741311
749,532,USD,LAX,RBA,"Rabat, Morocco",MA,2026-10-01,3,https://www.aviasales.com/search/LAX0110RBA1?marker=741311
750,534,USD,JFK,SSA,"Salvador, Brazil",BR,2026-09-28,1,https://www.aviasales.com/search/JFK2809SSA1?marker=741311
751,535,USD,IAD,MEL,"Melbourne, Australia",AU,2026-10-09,2,https://www.aviasales.com/search/IAD0910MEL1?marker=741311
752,535,USD,MIA,SCO,"Aktau, Kazakhstan",KZ,2027-01-07,3,https://www.aviasales.com/search/MIA0701SCO1?marker=741311
753,536,USD,LAX,HER,"Heraklion, Greece",GR,2026-09-22,2,https://www.aviasales.com/search/LAX2209HER1?marker=741311
754,541,USD,DCA,LPB,"La Paz, Bolivia",BO,2026-09-25,2,https://www.aviasales.com/search/DCA2509LPB1?marker=741311
755,541,USD,LAX,SXB,"Strasbourg, France",FR,2026-12-25,2,https://www.aviasales.com/search/LAX2512SXB1?marker=741311
756,542,USD,JFK,DOM,"Dominica, Dominica",DM,2027-02-05,2,https://www.aviasales.com/search/JFK0502DOM1?marker=741311
757,543,USD,ORD,AZN,"Andijan, Uzbekistan",UZ,2026-09-20,2,https://www.aviasales.com/search/ORD2009AZN1?marker=741311
758,544,USD,BOS,LDB,"Londrina, Brazil",BR,2026-09-27,3,https://www.aviasales.com/search/BOS2709LDB1?marker=741311
759,544,USD,LAX,SAI,"Siem Reap, Cambodia",KH,2026-10-21,2,https://www.aviasales.com/search/LAX2110SAI1?marker=741311
760,545,USD,LAX,UTP,"Pattaya, Thailand",TH,2026-11-05,2,https://www.aviasales.com/search/LAX0511UTP1?marker=741311
761,546,USD,LAX,XRY,"Jerez de la Frontera, Spain",ES,2026-09-30,3,https://www.aviasales.com/search/LAX3009XRY1?marker=741311
762,551,USD,SEA,ATQ,"Amritsar, India",IN,2026-10-13,2,https://www.aviasales.com/search/SEA1310ATQ1?marker=741311
763,552,USD,MIA,MCZ,"Maceio, Brazil",BR,2027-01-12,2,https://www.aviasales.com/search/MIA1201MCZ1?marker=741311
764,552,USD,LAX,NNG,"Nanning, China",CN,2026-10-11,3,https://www.aviasales.com/search/LAX1110NNG1?marker=741311
765,552,USD,SAN,YSB,"Sudbury, Canada",CA,2026-09-27,2,https://www.aviasales.com/search/SAN2709YSB1?marker=741311
766,553,USD,ORD,OGZ,"Vladikavkaz, Russia",RU,2026-12-01,4,https://www.aviasales.com/search/ORD0112OGZ1?marker=741311
767,554,USD,IAD,IJK,"Izhevsk, Russia",RU,2026-09-28,4,https://www.aviasales.com/search/IAD2809IJK1?marker=741311
768,555,USD,SFO,CCU,"Kolkata, India",IN,2026-09-23,3,https://www.aviasales.com/search/SFO2309CCU1?marker=741311
769,557,USD,JFK,CEK,"Chelyabinsk, Russia",RU,2026-09-21,3,https://www.aviasales.com/search/JFK2109CEK1?marker=741311
770,559,USD,JFK,GAN,"Gan Island, Maldives",MV,2026-10-01,3,https://www.aviasales.com/search/JFK0110GAN1?marker=741311
771,560,USD,MIA,KGD,"Kaliningrad, Russia",RU,2027-02-17,4,https://www.aviasales.com/search/MIA1702KGD1?marker=741311
772,563,USD,JFK,SFG,"Saint Martin, Saint Martin",MF,2026-10-12,2,https://www.aviasales.com/search/JFK1210SFG1?marker=741311
773,564,USD,LAX,LLA,"Lulea, Sweden",SE,2026-10-01,4,https://www.aviasales.com/search/LAX0110LLA1?marker=741311
774,565,USD,ATL,GNJ,"Ganja, Azerbaijan",AZ,2026-12-29,2,https://www.aviasales.com/search/ATL2912GNJ1?marker=741311
775,565,USD,JFK,SID,"Sal, Cape Verde",CV,2026-11-04,2,https://www.aviasales.com/search/JFK0411SID1?marker=741311
776,566,USD,JFK,UGC,"Urgench, Uzbekistan",UZ,2026-09-22,2,https://www.aviasales.com/search/JFK2209UGC1?marker=741311
777,572,USD,ORD,GRV,"Groznyy, Russia",RU,2026-09-21,2,https://www.aviasales.com/search/ORD2109GRV1?marker=741311
778,572,USD,JFK,HFE,"Hefei, China",CN,2026-09-22,3,https://www.aviasales.com/search/JFK2209HFE1?marker=741311
779,575,USD,ATL,PMV,"Porlamar, Venezuela",VE,2026-10-01,3,https://www.aviasales.com/search/ATL0110PMV1?marker=741311
780,576,USD,SEA,RJL,"Logrono, Spain",ES,2026-09-26,3,https://www.aviasales.com/search/SEA2609RJL1?marker=741311
781,577,USD,JFK,BKO,"Bamako, Mali",ML,2026-10-05,2,https://www.aviasales.com/search/JFK0510BKO1?marker=741311
782,577,USD,JFK,ZNZ,"Zanzibar, Tanzania",TZ,2026-09-25,2,https://www.aviasales.com/search/JFK2509ZNZ1?marker=741311
783,578,USD,SEA,IKT,"Irkutsk, Russia",RU,2026-10-27,2,https://www.aviasales.com/search/SEA2710IKT1?marker=741311
784,578,USD,LAS,OKA,"Okinawa, Japan",JP,2027-02-11,1,https://www.aviasales.com/search/LAS1102OKA1?marker=741311
785,579,USD,JFK,CGO,"Zhengzhou, China",CN,2026-10-11,2,https://www.aviasales.com/search/JFK1110CGO1?marker=741311
786,579,USD,LAX,ABJ,"Abidjan, Ivory Coast",CI,2026-09-27,1,https://www.aviasales.com/search/LAX2709ABJ1?marker=741311
787,580,USD,JFK,CPT,"Cape Town, South Africa",ZA,2026-11-13,1,https://www.aviasales.com/search/JFK1311CPT1?marker=741311
788,580,USD,IAH,TGU,"Tegucigalpa, Honduras",HN,2026-12-23,3,https://www.aviasales.com/search/IAH2312TGU1?marker=741311
789,581,USD,JFK,USH,"Ushuaia, Argentina",AR,2026-10-24,4,https://www.aviasales.com/search/JFK2410USH1?marker=741311
790,582,USD,IAD,BHK,"Bukhara, Uzbekistan",UZ,2026-09-27,2,https://www.aviasales.com/search/IAD2709BHK1?marker=741311
791,582,USD,JFK,CKY,"Conakry, Guinea",GN,2026-09-25,1,https://www.aviasales.com/search/JFK2509CKY1?marker=741311
792,583,USD,IAD,LBV,"Libreville, Gabon",GA,2026-11-30,2,https://www.aviasales.com/search/IAD3011LBV1?marker=741311
793,585,USD,LAX,ADL,"Adelaide, Australia",AU,2026-09-28,2,https://www.aviasales.com/search/LAX2809ADL1?marker=741311
794,586,USD,JFK,ECN,"Ercan, Northern Cyprus",NY,2027-01-01,3,https://www.aviasales.com/search/JFK0101ECN1?marker=741311
795,586,USD,ORD,KHI,"Karachi, Pakistan",PK,2026-10-22,1,https://www.aviasales.com/search/ORD2210KHI1?marker=741311
796,586,USD,JFK,DLA,"Douala, Cameroon",CM,2026-12-03,1,https://www.aviasales.com/search/JFK0312DLA1?marker=741311
797,587,USD,MCO,NAT,"Natal, Brazil",BR,2027-01-07,3,https://www.aviasales.com/search/MCO0701NAT1?marker=741311
798,588,USD,JFK,KJA,"Krasnoyarsk, Russia",RU,2026-10-13,3,https://www.aviasales.com/search/JFK1310KJA1?marker=741311
799,590,USD,MIA,PLQ,"Palanga, Lithuania",LT,2026-12-20,3,https://www.aviasales.com/search/MIA2012PLQ1?marker=741311
800,591,USD,JFK,ACC,"Accra, Ghana",GH,2026-10-29,1,https://www.aviasales.com/search/JFK2910ACC1?marker=741311
801,595,USD,ORD,ZAD,"Zadar, Croatia",HR,2026-11-21,3,https://www.aviasales.com/search/ORD2111ZAD1?marker=741311
802,597,USD,LAX,ELQ,"Buraydah, Saudi Arabia",SA,2026-09-26,1,https://www.aviasales.com/search/LAX2609ELQ1?marker=741311
803,598,USD,JFK,PEE,"Perm, Russia",RU,2026-10-01,3,https://www.aviasales.com/search/JFK0110PEE1?marker=741311
804,600,USD,IAD,IGT,"Magas, Russia",RU,2026-10-20,4,https://www.aviasales.com/search/IAD2010IGT1?marker=741311
805,603,USD,MCO,ULY,"Ulyanovsk, Russia",RU,2027-01-18,4,https://www.aviasales.com/search/MCO1801ULY1?marker=741311
806,606,USD,JFK,PER,"Perth, Australia",AU,2026-09-20,2,https://www.aviasales.com/search/JFK2009PER1?marker=741311
807,607,USD,PDX,BNE,"Brisbane, Australia",AU,2026-10-30,2,https://www.aviasales.com/search/PDX3010BNE1?marker=741311
808,608,USD,LAX,OVB,"Novosibirsk, Russia",RU,2026-11-13,1,https://www.aviasales.com/search/LAX1311OVB1?marker=741311
809,609,USD,JFK,OUA,"Ouagadougou, Burkina Faso",BF,2026-10-07,3,https://www.aviasales.com/search/JFK0710OUA1?marker=741311
810,612,USD,JFK,YZZ,"Trail, Canada",CA,2026-09-28,3,https://www.aviasales.com/search/JFK2809YZZ1?marker=741311
811,612,USD,LAX,HAS,"Hail, Saudi Arabia",SA,2026-09-19,1,https://www.aviasales.com/search/LAX1909HAS1?marker=741311
812,613,USD,JFK,KZO,"Kzyl-Orda, Kazakhstan",KZ,2026-11-25,3,https://www.aviasales.com/search/JFK2511KZO1?marker=741311
813,618,USD,JFK,NBC,"Naberezhnye Chelny, Russia",RU,2026-11-23,3,https://www.aviasales.com/search/JFK2311NBC1?marker=741311
814,625,USD,JFK,OMS,"Omsk, Russia",RU,2026-09-22,3,https://www.aviasales.com/search/JFK2209OMS1?marker=741311
815,625,USD,SFO,KYA,"Konya, Turkiye",TR,2026-09-20,3,https://www.aviasales.com/search/SFO2009KYA1?marker=741311
816,633,USD,SFO,BOB,"Bora Bora, French Polynesia",PF,2026-11-11,1,https://www.aviasales.com/search/SFO1111BOB1?marker=741311
817,636,USD,PHL,LUL,"Laurel, United States",US,2026-09-26,2,https://www.aviasales.com/search/PHL2609LUL1?marker=741311
818,639,USD,JFK,GOJ,"Nizhniy Novgorod, Russia",RU,2027-01-31,3,https://www.aviasales.com/search/JFK3101GOJ1?marker=741311
819,642,USD,ORD,ASB,"Ashgabat, Turkmenistan",TM,2026-10-20,1,https://www.aviasales.com/search/ORD2010ASB1?marker=741311
820,645,USD,JFK,CGQ,"Changchun, China",CN,2026-09-25,3,https://www.aviasales.com/search/JFK2509CGQ1?marker=741311
821,649,USD,DCA,VOG,"Volgograd, Russia",RU,2026-09-24,4,https://www.aviasales.com/search/DCA2409VOG1?marker=741311
822,649,USD,LAX,HIR,"Honiara, Solomon Islands",SB,2026-10-19,1,https://www.aviasales.com/search/LAX1910HIR1?marker=741311
823,650,USD,JFK,GRO,"Girona, Spain",ES,2026-10-02,1,https://www.aviasales.com/search/JFK0210GRO1?marker=741311
824,655,USD,JFK,TOF,"Tomsk, Russia",RU,2026-09-21,3,https://www.aviasales.com/search/JFK2109TOF1?marker=741311
825,655,USD,PDX,PWQ,"Pavlodar, Kazakhstan",KZ,2026-10-15,4,https://www.aviasales.com/search/PDX1510PWQ1?marker=741311
826,666,USD,SEA,SPN,"Saipan, Northern Mariana Islands",MP,2026-10-05,4,https://www.aviasales.com/search/SEA0510SPN1?marker=741311
827,668,USD,JFK,TBW,"Tambov, Russia",RU,2026-09-22,4,https://www.aviasales.com/search/JFK2209TBW1?marker=741311
828,668,USD,JFK,PAG,"Pagadian, Philippines",PH,2026-10-09,2,https://www.aviasales.com/search/JFK0910PAG1?marker=741311
829,670,USD,ORD,SGC,"Surgut, Russia",RU,2026-10-05,4,https://www.aviasales.com/search/ORD0510SGC1?marker=741311
830,670,USD,MSP,DJG,"Djanet, Algeria",DZ,2026-11-19,4,https://www.aviasales.com/search/MSP1911DJG1?marker=741311
831,671,USD,DFW,BJM,"Bujumbura, Burundi",BI,2026-12-29,2,https://www.aviasales.com/search/DFW2912BJM1?marker=741311
832,671,USD,JFK,SEZ,"Mahe, Seychelles",SC,2026-11-04,1,https://www.aviasales.com/search/JFK0411SEZ1?marker=741311
833,672,USD,ORD,KGL,"Kigali, Rwanda",RW,2026-10-22,1,https://www.aviasales.com/search/ORD2210KGL1?marker=741311
834,675,USD,JFK,OSS,"Osh, Kyrgyzstan",KG,2026-10-23,2,https://www.aviasales.com/search/JFK2310OSS1?marker=741311
835,676,USD,IAD,KBL,"Kabul, Afghanistan",AF,2026-10-10,2,https://www.aviasales.com/search/IAD1010KBL1?marker=741311
836,676,USD,JFK,VGD,"Vologda, Russia",RU,2026-10-01,3,https://www.aviasales.com/search/JFK0110VGD1?marker=741311
837,677,USD,JFK,JNB,"Johannesburg, South Africa",ZA,2026-10-16,1,https://www.aviasales.com/search/JFK1610JNB1?marker=741311
838,677,USD,DFW,MCT,"Muscat, Oman",OM,2026-10-30,2,https://www.aviasales.com/search/DFW3010MCT1?marker=741311
839,678,USD,JFK,RTW,"Saratov, Russia",RU,2026-09-22,3,https://www.aviasales.com/search/JFK2209RTW1?marker=741311
840,678,USD,IAH,JOG,"Yogyakarta, Indonesia",ID,2026-10-10,3,https://www.aviasales.com/search/IAH1010JOG1?marker=741311
841,678,USD,LAX,UPN,"Uruapan, Mexico",MX,2026-12-16,2,https://www.aviasales.com/search/LAX1612UPN1?marker=741311
842,680,USD,DFW,WEH,"Weihai, China",CN,2026-10-29,3,https://www.aviasales.com/search/DFW2910WEH1?marker=741311
843,683,USD,JFK,KEJ,"Kemerovo, Russia",RU,2026-10-14,4,https://www.aviasales.com/search/JFK1410KEJ1?marker=741311
844,685,USD,MCO,DLC,"Dalian, China",CN,2026-09-20,2,https://www.aviasales.com/search/MCO2009DLC1?marker=741311
845,687,USD,JFK,TJM,"Tyumen, Russia",RU,2027-03-18,3,https://www.aviasales.com/search/JFK1803TJM1?marker=741311
846,687,USD,SEA,HNS,"Haines, United States",US,2026-09-23,1,https://www.aviasales.com/search/SEA2309HNS1?marker=741311
847,688,USD,PDX,URC,"Urumqi, China",CN,2026-10-15,2,https://www.aviasales.com/search/PDX1510URC1?marker=741311
848,689,USD,JFK,DMB,"Taraz, Kazakhstan",KZ,2026-10-09,3,https://www.aviasales.com/search/JFK0910DMB1?marker=741311
849,690,USD,JFK,BAX,"Barnaul, Russia",RU,2026-11-08,3,https://www.aviasales.com/search/JFK0811BAX1?marker=741311
850,691,USD,ORD,VNS,"Varanasi, India",IN,2026-11-01,3,https://www.aviasales.com/search/ORD0111VNS1?marker=741311
851,692,USD,LAX,KRN,"Kiruna, Sweden",SE,2026-10-01,3,https://www.aviasales.com/search/LAX0110KRN1?marker=741311
852,696,USD,ORD,JRO,"Kilimanjaro, Tanzania",TZ,2026-10-19,2,https://www.aviasales.com/search/ORD1910JRO1?marker=741311
853,697,USD,JFK,MRU,"Mauritius, Mauritius",MU,2026-10-01,3,https://www.aviasales.com/search/JFK0110MRU1?marker=741311
854,697,USD,JFK,NDJ,"N'Djamena, Chad",TD,2026-10-29,1,https://www.aviasales.com/search/JFK2910NDJ1?marker=741311
855,698,USD,JFK,REN,"Orenburg, Russia",RU,2026-09-21,3,https://www.aviasales.com/search/JFK2109REN1?marker=741311
856,701,USD,JFK,IWA,"Ivanovo, Russia",RU,2026-09-24,3,https://www.aviasales.com/search/JFK2409IWA1?marker=741311
857,703,USD,JFK,ROS,"Rosario, Argentina",AR,2026-12-17,2,https://www.aviasales.com/search/JFK1712ROS1?marker=741311
858,704,USD,LAS,MOZ,"Moorea, French Polynesia",PF,2026-12-01,3,https://www.aviasales.com/search/LAS0112MOZ1?marker=741311
859,706,USD,LAX,DRW,"Darwin, Australia",AU,2026-09-28,2,https://www.aviasales.com/search/LAX2809DRW1?marker=741311
860,712,USD,DFW,ARH,"Arkhangelsk, Russia",RU,2026-09-22,4,https://www.aviasales.com/search/DFW2209ARH1?marker=741311
861,712,USD,LAX,OSD,"Ostersund, Sweden",SE,2026-10-01,3,https://www.aviasales.com/search/LAX0110OSD1?marker=741311
862,713,USD,SEA,ROT,"Rotorua, New Zealand",NZ,2026-10-24,3,https://www.aviasales.com/search/SEA2410ROT1?marker=741311
863,714,USD,ATL,TMJ,"Termez, Uzbekistan",UZ,2026-11-02,4,https://www.aviasales.com/search/ATL0211TMJ1?marker=741311
864,716,USD,SFO,OSW,"Orsk, Russia",RU,2027-02-01,3,https://www.aviasales.com/search/SFO0102OSW1?marker=741311
865,719,USD,IAD,NOZ,"Novokuznetsk, Russia",RU,2026-12-03,4,https://www.aviasales.com/search/IAD0312NOZ1?marker=741311
866,719,USD,SFO,PEZ,"Penza, Russia",RU,2027-02-01,4,https://www.aviasales.com/search/SFO0102PEZ1?marker=741311
867,720,USD,JFK,FTE,"El Calafate, Argentina",AR,2026-10-24,3,https://www.aviasales.com/search/JFK2410FTE1?marker=741311
868,722,USD,LAX,VBY,"Visby, Sweden",SE,2026-10-01,3,https://www.aviasales.com/search/LAX0110VBY1?marker=741311
869,723,USD,SFO,ALF,"Alta, Norway",NO,2026-10-01,3,https://www.aviasales.com/search/SFO0110ALF1?marker=741311
870,728,USD,LAX,VAV,"Vava'u, Tonga",TO,2026-09-19,1,https://www.aviasales.com/search/LAX1909VAV1?marker=741311
871,732,USD,LAX,KHV,"Khabarovsk, Russia",RU,2026-10-22,2,https://www.aviasales.com/search/LAX2210KHV1?marker=741311
872,732,USD,ATL,MGQ,"Mogadishu, Somalia",SO,2027-02-26,1,https://www.aviasales.com/search/ATL2602MGQ1?marker=741311
873,734,USD,MIA,UYU,"Uyuni, Bolivia",BO,2026-12-13,3,https://www.aviasales.com/search/MIA1312UYU1?marker=741311
874,737,USD,LAX,OOL,"Gold Coast, Australia",AU,2026-09-29,2,https://www.aviasales.com/search/LAX2909OOL1?marker=741311
875,741,USD,IAD,ADQ,"Kodiak, United States",US,2026-09-28,3,https://www.aviasales.com/search/IAD2809ADQ1?marker=741311
876,746,USD,LAX,CNS,"Cairns, Australia",AU,2026-10-03,1,https://www.aviasales.com/search/LAX0310CNS1?marker=741311
877,748,USD,LAX,WLG,"Wellington, New Zealand",NZ,2026-09-28,1,https://www.aviasales.com/search/LAX2809WLG1?marker=741311
878,750,USD,JFK,SUV,"Suva, Fiji",FJ,2026-12-10,3,https://www.aviasales.com/search/JFK1012SUV1?marker=741311
879,754,USD,LAS,GOQ,"Golmud, China",CN,2026-10-14,3,https://www.aviasales.com/search/LAS1410GOQ1?marker=741311
880,764,USD,ATL,ENI,"El Nido, Philippines",PH,2026-10-15,4,https://www.aviasales.com/search/ATL1510ENI1?marker=741311
881,769,USD,DFW,AOG,"Anshan, China",CN,2026-09-24,2,https://www.aviasales.com/search/DFW2409AOG1?marker=741311
882,769,USD,JFK,YBG,"La Baie, Canada",CA,2026-09-26,2,https://www.aviasales.com/search/JFK2609YBG1?marker=741311
883,773,USD,JFK,YSJ,"Saint John, Canada",CA,2026-09-28,3,https://www.aviasales.com/search/JFK2809YSJ1?marker=741311
884,778,USD,IAD,MLW,"Monrovia, Liberia",LR,2026-12-04,2,https://www.aviasales.com/search/IAD0412MLW1?marker=741311
885,782,USD,JFK,GUM,"Hagatna, Guam",GU,2026-10-11,2,https://www.aviasales.com/search/JFK1110GUM1?marker=741311
886,782,USD,LAX,CHC,"Christchurch, New Zealand",NZ,2026-10-04,1,https://www.aviasales.com/search/LAX0410CHC1?marker=741311
887,783,USD,SFO,GME,"Gomel, Belarus",BY,2026-09-21,3,https://www.aviasales.com/search/SFO2109GME1?marker=741311
888,787,USD,BOS,POM,"Port Moresby, Papua New Guinea",PG,2026-11-04,2,https://www.aviasales.com/search/BOS0411POM1?marker=741311
889,791,USD,SEA,BQS,"Blagoveschensk, Russia",RU,2026-09-22,2,https://www.aviasales.com/search/SEA2209BQS1?marker=741311
890,792,USD,LAX,ZQN,"Queenstown, New Zealand",NZ,2026-09-29,1,https://www.aviasales.com/search/LAX2909ZQN1?marker=741311
891,796,USD,LAX,UUD,"Ulan-Ude, Russia",RU,2026-10-01,3,https://www.aviasales.com/search/LAX0110UUD1?marker=741311
892,799,USD,IAH,DAR,"Dar Es Salaam, Tanzania",TZ,2026-09-20,2,https://www.aviasales.com/search/IAH2009DAR1?marker=741311
893,802,USD,IAD,HMA,"Khanty-Mansiysk, Russia",RU,2026-11-04,4,https://www.aviasales.com/search/IAD0411HMA1?marker=741311
894,804,USD,DFW,HRE,"Harare, Zimbabwe",ZW,2026-09-20,3,https://www.aviasales.com/search/DFW2009HRE1?marker=741311
895,807,USD,JFK,GVR,"Governador Valadares, Brazil",BR,2026-12-17,2,https://www.aviasales.com/search/JFK1712GVR1?marker=741311
896,808,USD,LAX,UUS,"Yuzhno-Sakhalinsk, Russia",RU,2027-01-25,3,https://www.aviasales.com/search/LAX2501UUS1?marker=741311
897,813,USD,IAH,CHX,"Changuinola, Panama",PA,2026-09-25,3,https://www.aviasales.com/search/IAH2509CHX1?marker=741311
898,814,USD,LAX,OVD,"Asturias, Spain",ES,2026-12-21,3,https://www.aviasales.com/search/LAX2112OVD1?marker=741311
899,816,USD,JFK,MPN,"Mount Pleasant, Falkland Islands",FK,2026-10-12,3,https://www.aviasales.com/search/JFK1210MPN1?marker=741311
900,819,USD,DCA,ALY,"Alexandria, Egypt",EG,2026-11-03,3,https://www.aviasales.com/search/DCA0311ALY1?marker=741311
901,822,USD,JFK,TAE,"Daegu, South Korea",KR,2026-12-31,3,https://www.aviasales.com/search/JFK3112TAE1?marker=741311
902,831,USD,DFW,NCU,"Nukus, Uzbekistan",UZ,2026-10-20,2,https://www.aviasales.com/search/DFW2010NCU1?marker=741311
903,836,USD,LAX,NSK,"Norilsk, Russia",RU,2027-03-01,4,https://www.aviasales.com/search/LAX0103NSK1?marker=741311
904,836,USD,RDU,BJL,"Banjul, Gambia",GM,2026-09-19,2,https://www.aviasales.com/search/RDU1909BJL1?marker=741311
905,843,USD,LAX,GYU,"Guyuan, China",CN,2026-10-24,2,https://www.aviasales.com/search/LAX2410GYU1?marker=741311
906,849,USD,IAH,NIM,"Niamey, Niger",NE,2026-10-12,2,https://www.aviasales.com/search/IAH1210NIM1?marker=741311
907,850,USD,MIA,VLI,"Port Vila, Vanuatu",VU,2026-12-25,2,https://www.aviasales.com/search/MIA2512VLI1?marker=741311
908,852,USD,SAN,YKS,"Yakutsk, Russia",RU,2027-02-01,4,https://www.aviasales.com/search/SAN0102YKS1?marker=741311
909,856,USD,IAD,ASF,"Astrakhan, Russia",RU,2026-10-21,2,https://www.aviasales.com/search/IAD2110ASF1?marker=741311
910,868,USD,SEA,PPG,"Pago Pago, American Samoa",AS,2026-12-21,1,https://www.aviasales.com/search/SEA2112PPG1?marker=741311
911,878,USD,JFK,RGK,"Gorno-Altaysk, Russia",RU,2026-10-08,4,https://www.aviasales.com/search/JFK0810RGK1?marker=741311
912,878,USD,SLC,MBA,"Mombasa, Kenya",KE,2026-09-29,4,https://www.aviasales.com/search/SLC2909MBA1?marker=741311
913,882,USD,JFK,PKR,"Pokhara, Nepal",NP,2026-10-08,3,https://www.aviasales.com/search/JFK0810PKR1?marker=741311
914,882,USD,SEA,VFA,"Victoria Falls, Zimbabwe",ZW,2026-09-28,2,https://www.aviasales.com/search/SEA2809VFA1?marker=741311
915,887,USD,FLL,STW,"Stavropol, Russia",RU,2026-09-30,4,https://www.aviasales.com/search/FLL3009STW1?marker=741311
916,887,USD,ORD,ABA,"Abakan, Russia",RU,2026-10-23,3,https://www.aviasales.com/search/ORD2310ABA1?marker=741311
917,888,USD,SFO,LBD,"Khujand, Tajikistan",TJ,2026-09-28,3,https://www.aviasales.com/search/SFO2809LBD1?marker=741311
918,899,USD,IAD,FBM,"Lubumbashi, Democratic Republic of the Congo",CD,2026-10-25,1,https://www.aviasales.com/search/IAD2510FBM1?marker=741311
919,901,USD,MIA,NJC,"Nizhnevartovsk, Russia",RU,2026-11-07,3,https://www.aviasales.com/search/MIA0711NJC1?marker=741311
920,909,USD,JFK,GOH,"Nuuk, Greenland",GL,2026-10-01,1,https://www.aviasales.com/search/JFK0110GOH1?marker=741311
921,916,USD,JFK,NUX,"Novy Urengoy, Russia",RU,2026-10-02,3,https://www.aviasales.com/search/JFK0210NUX1?marker=741311
922,917,USD,PHL,FNA,"Freetown, Sierra Leone",SL,2027-02-02,2,https://www.aviasales.com/search/PHL0202FNA1?marker=741311
923,920,USD,JFK,PKC,"Petropavlovsk-Kamchatsky, Russia",RU,2026-09-24,3,https://www.aviasales.com/search/JFK2409PKC1?marker=741311
924,927,USD,LAX,CSG,"Columbus, United States",US,2026-09-25,3,https://www.aviasales.com/search/LAX2509CSG1?marker=741311
925,959,USD,DCA,KSN,"Kostanay, Kazakhstan",KZ,2026-10-09,4,https://www.aviasales.com/search/DCA0910KSN1?marker=741311
926,964,USD,ORD,RUN,"Saint-Denis, Réunion",RE,2026-10-18,2,https://www.aviasales.com/search/ORD1810RUN1?marker=741311
927,977,USD,MCO,GDX,"Magadan, Russia",RU,2026-12-24,4,https://www.aviasales.com/search/MCO2412GDX1?marker=741311
928,996,USD,DEN,ARK,"Arusha, Tanzania",TZ,2026-12-01,3,https://www.aviasales.com/search/DEN0112ARK1?marker=741311
929,996,USD,PDX,BJR,"Bahir Dar, Ethiopia",ET,2026-11-16,3,https://www.aviasales.com/search/PDX1611BJR1?marker=741311
930,1010,USD,JFK,BZV,"Brazzaville, Republic of the Congo",CG,2026-11-05,3,https://www.aviasales.com/search/JFK0511BZV1?marker=741311
931,1017,USD,LAX,KRV,"Severo-Kurilsk, Russia",RU,2026-09-25,4,https://www.aviasales.com/search/LAX2509KRV1?marker=741311
932,1093,USD,MIA,ODB,"Cordoba, Spain",ES,2026-09-28,3,https://www.aviasales.com/search/MIA2809ODB1?marker=741311
933,1094,USD,MSP,MQF,"Magnitogorsk, Russia",RU,2026-10-01,4,https://www.aviasales.com/search/MSP0110MQF1?marker=741311
934,1167,USD,SEA,SDP,"Sand Point, United States",US,2026-09-26,1,https://www.aviasales.com/search/SEA2609SDP1?marker=741311
935,1173,USD,JFK,HTA,"Chita, Russia",RU,2026-10-29,2,https://www.aviasales.com/search/JFK2910HTA1?marker=741311
936,1187,USD,JFK,TTE,"Ternate, Indonesia",ID,2026-12-16,3,https://www.aviasales.com/search/JFK1612TTE1?marker=741311
937,1198,USD,LAX,RMA,"Roma, Australia",AU,2026-10-02,3,https://www.aviasales.com/search/LAX0210RMA1?marker=741311
938,1289,USD,MIA,DRS,"Dresden, Germany",DE,2026-10-18,2,https://www.aviasales.com/search/MIA1810DRS1?marker=741311
939,1351,USD,ORD,PLZ,"Port Elizabeth, South Africa",ZA,2026-12-15,2,https://www.aviasales.com/search/ORD1512PLZ1?marker=741311
940,1514,USD,LAX,NAL,"Nalchik, Russia",RU,2026-09-24,2,https://www.aviasales.com/search/LAX2409NAL1?marker=741311
941,1637,USD,SEA,LJU,"Ljubljana, Slovenia",SI,2026-09-20,2,https://www.aviasales.com/search/SEA2009LJU1?marker=741311
942,1811,USD,MIA,BRN,"Bern, Switzerland",CH,2026-09-29,2,https://www.aviasales.com/search/MIA2909BRN1?marker=741311
943,2386,USD,IAD,KSQ,"Qarshi, Uzbekistan",UZ,2026-09-27,2,https://www.aviasales.com/search/IAD2709KSQ1?marker=741311
944,3044,USD,ATL,FUN,"Funafuti Atoll, Tuvalu",TV,2026-10-08,3,https://www.aviasales.com/search/ATL0810FUN1?marker=741311
