rank,price,currency,origin,destination_code,destination_name,country_code,depart,stops,booking_link
1,19,USD,LAX,LAS,"Las Vegas, United States",US,2026-09-21,0,https://www.aviasales.com/search/LAX2109LAS1?marker=741311
2,23,USD,LAX,SFO,"San Francisco, United States",US,2026-09-14,0,https://www.aviasales.com/search/ONT1409SFO1?t=F917893876201789393380000096ONTSFO_d3365540ebab4c0c02538ec30facdfd4_1786&search_date=25072026&expected_price_uuid=019f982c-ecc7-8040-2b75-fdc3c5da635d&static_fare_key=TY%7CP0%7CH0%7CL0%7CCH0%7CR0%7CTBC0&itinerary_key=DzgxN1MZIrw1xekue4AWhg&expected_price_source=share&expected_price_currency=usd&expected_price=23&marker=741311
3,19,USD,LAS,LAX,"Los Angeles, United States",US,2026-10-24,0,https://www.aviasales.com/search/LAS2410LAX1?marker=741311
4,22,USD,SFO,ONT,"Ontario, United States",US,2026-08-18,0,https://www.aviasales.com/search/SFO1808ONT1?marker=741311
5,22,USD,SFO,SAN,"San Diego, United States",US,2026-08-22,0,https://www.aviasales.com/search/SFO2208SAN1?t=F917874040201787410200000103SFOSAN_ca6c187179d662f90f7d51908cd0aeb7_1723&search_date=23072026&expected_price_uuid=019f910f-aebf-8050-6c50-f92156659c7a&static_fare_key=TY%7CP1%7CH0%7CL0%7CCH1_0%7CR1%7CTBC0&itinerary_key=ceCpnOLkM33aXMz0F5ofxA&expected_price_source=share&expected_price_currency=usd&expected_price=22&marker=741311
6,24,USD,ATL,JAX,"Jacksonville, United States",US,2026-08-22,0,https://www.aviasales.com/search/ATL2208JAX1?marker=741311
7,24,USD,ATL,DFW,"Dallas, United States",US,2026-10-17,0,https://www.aviasales.com/search/ATL1710DFW1?marker=741311
8,24,USD,DFW,MSY,"New Orleans, United States",US,2026-08-17,0,https://www.aviasales.com/search/DFW1708MSY1?marker=741311
9,25,USD,CLT,BWI,"Baltimore, United States",US,2026-08-15,0,https://www.aviasales.com/search/CLT1508BWI1?marker=741311
10,27,USD,DFW,ATL,"Atlanta, United States",US,2026-08-19,0,https://www.aviasales.com/search/DFW1908ATL1?marker=741311
11,28,USD,AUS,DEN,"Denver, United States",US,2026-08-19,0,https://www.aviasales.com/search/AUS1908DEN1?marker=741311
12,28,USD,ATL,ORL,"Orlando, United States",US,2026-08-17,0,https://www.aviasales.com/search/ATL1708ORL1?marker=741311
13,28,USD,ATL,IND,"Indianapolis, United States",US,2026-08-19,0,https://www.aviasales.com/search/ATL1908IND1?marker=741311
14,29,USD,LAS,SLC,"Salt Lake City, United States",US,2026-08-31,0,https://www.aviasales.com/search/LAS3108SLC1?marker=741311
15,30,USD,ATL,TPA,"Tampa, United States",US,2026-08-18,0,https://www.aviasales.com/search/ATL1808TPA1?marker=741311
16,30,USD,IAD,SAV,"Savannah, United States",US,2026-08-02,0,https://www.aviasales.com/search/IAD0208SAV1?marker=741311
17,31,USD,ATL,CVG,"Cincinnati, United States",US,2026-08-12,0,https://www.aviasales.com/search/ATL1208CVG1?marker=741311
18,31,USD,LAX,SJC,"San Jose, United States",US,2026-08-24,0,https://www.aviasales.com/search/LAX2408SJC1?marker=741311
19,32,USD,ATL,MKC,"Kansas City, United States",US,2026-08-24,0,https://www.aviasales.com/search/ATL2408MKC1?marker=741311
20,33,USD,MCO,RIC,"Richmond, United States",US,2026-07-30,0,https://www.aviasales.com/search/MCO3007RIC1?marker=741311
21,36,USD,SAN,PHX,"Phoenix, United States",US,2026-09-25,0,https://www.aviasales.com/search/SAN2509PHX1?marker=741311
22,36,USD,FLL,AVL,"Asheville, United States",US,2026-09-25,0,https://www.aviasales.com/search/FLL2509AVL1?marker=741311
23,37,USD,FLL,CHI,"Chicago, United States",US,2026-09-01,0,https://www.aviasales.com/search/FLL0109CHI1?marker=741311
24,38,USD,ATL,DTT,"Detroit, United States",US,2026-08-20,0,https://www.aviasales.com/search/ATL2008DTT1?marker=741311
25,39,USD,ATL,WAS,"Washington, United States",US,2026-08-31,0,https://www.aviasales.com/search/ATL3108WAS1?marker=741311
26,39,USD,IAH,FLL,"Fort Lauderdale, United States",US,2026-08-31,0,https://www.aviasales.com/search/IAH3108FLL1?marker=741311
27,39,USD,IAD,TYS,"Knoxville, United States",US,2026-08-03,0,https://www.aviasales.com/search/IAD0308TYS1?marker=741311
28,40,USD,ATL,HOU,"Houston, United States",US,2026-08-17,0,https://www.aviasales.com/search/ATL1708HOU1?marker=741311
29,40,USD,FLL,SWF,"Newburgh, United States",US,2026-08-06,0,https://www.aviasales.com/search/FLL0608SWF1?marker=741311
30,40,USD,MCO,MIA,"Miami, United States",US,2026-09-10,0,https://www.aviasales.com/search/MCO1009MIA1?marker=741311
31,42,USD,LAX,YVR,"Vancouver, Canada",CA,2026-10-02,2,https://www.aviasales.com/search/LAX0210YVR1?marker=741311
32,44,USD,ORD,CLE,"Cleveland, United States",US,2026-10-22,0,https://www.aviasales.com/search/ORD2210CLE1?marker=741311
33,44,USD,ATL,RDU,"Raleigh, United States",US,2026-08-24,0,https://www.aviasales.com/search/ATL2408RDU1?marker=741311
34,46,USD,ATL,AUS,"Austin, United States",US,2026-08-13,0,https://www.aviasales.com/search/ATL1308AUS1?marker=741311
35,46,USD,LAX,RNO,"Reno, United States",US,2026-08-18,0,https://www.aviasales.com/search/LAX1808RNO1?marker=741311
36,47,USD,LAS,SEA,"Seattle, United States",US,2026-09-12,0,https://www.aviasales.com/search/LAS1209SEA1?marker=741311
37,47,USD,TPA,GSP,"Greenville, United States",US,2026-08-06,0,https://www.aviasales.com/search/TPA0608GSP1?marker=741311
38,48,USD,MCO,NYC,"New York, United States",US,2026-11-03,0,https://www.aviasales.com/search/MCO0311NYC1?marker=741311
39,49,USD,DCA,BOS,"Boston, United States",US,2026-09-26,0,https://www.aviasales.com/search/DCA2609BOS1?marker=741311
40,50,USD,MIA,SJU,"San Juan, Puerto Rico",PR,2026-10-05,0,https://www.aviasales.com/search/MIA0510SJU1?marker=741311
41,50,USD,ORD,STL,"St Louis, United States",US,2026-08-19,0,https://www.aviasales.com/search/ORD1908STL1?marker=741311
42,51,USD,ATL,PHL,"Philadelphia, United States",US,2026-08-25,0,https://www.aviasales.com/search/ATL2508PHL1?marker=741311
43,51,USD,LAS,OAK,"Oakland, United States",US,2026-08-21,0,https://www.aviasales.com/search/LAS2108OAK1?marker=741311
44,53,USD,TPA,EYW,"Key West, United States",US,2026-08-04,0,https://www.aviasales.com/search/TPA0408EYW1?marker=741311
45,54,USD,ORD,MSP,"Minneapolis, United States",US,2026-08-19,0,https://www.aviasales.com/search/ORD1908MSP1?marker=741311
46,56,USD,BOS,PQI,"Presque Isle, United States",US,2026-08-20,0,https://www.aviasales.com/search/BOS2008PQI1?marker=741311
47,58,USD,TPA,MEM,"Memphis, United States",US,2026-08-14,0,https://www.aviasales.com/search/TPA1408MEM1?marker=741311
48,58,USD,TPA,CHA,"Chattanooga, United States",US,2026-08-20,0,https://www.aviasales.com/search/TPA2008CHA1?marker=741311
49,62,USD,PHX,LGB,"Long Beach, United States",US,2026-09-02,0,https://www.aviasales.com/search/PHX0209LGB1?marker=741311
50,63,USD,LAX,SAC,"Sacramento, United States",US,2026-09-11,0,https://www.aviasales.com/search/LAX1109SAC1?marker=741311
51,63,USD,TPA,MYR,"Myrtle Beach, United States",US,2026-08-14,0,https://www.aviasales.com/search/TPA1408MYR1?marker=741311
52,63,USD,DFW,ELD,"El Dorado, United States",US,2026-08-21,0,https://www.aviasales.com/search/DFW2108ELD1?marker=741311
53,63,USD,PHX,SOW,"Show Low, United States",US,2026-08-19,0,https://www.aviasales.com/search/PHX1908SOW1?marker=741311
54,64,USD,DEN,ELP,"El Paso, United States",US,2026-09-23,0,https://www.aviasales.com/search/DEN2309ELP1?marker=741311
55,65,USD,ATL,ORF,"Norfolk, United States",US,2026-08-03,0,https://www.aviasales.com/search/ATL0308ORF1?marker=741311
56,65,USD,LAS,SCK,"Stockton, United States",US,2026-08-21,0,https://www.aviasales.com/search/LAS2108SCK1?marker=741311
57,65,USD,DFW,QRO,"Queretaro, Mexico",MX,2026-09-12,0,https://www.aviasales.com/search/DFW1209QRO1?marker=741311
58,66,USD,ORD,PIT,"Pittsburgh, United States",US,2026-10-12,0,https://www.aviasales.com/search/ORD1210PIT1?marker=741311
59,66,USD,SFO,PDX,"Portland, United States",US,2026-09-14,0,https://www.aviasales.com/search/SFO1409PDX1?marker=741311
60,67,USD,LAS,STS,"Santa Rosa, United States",US,2026-09-17,0,https://www.aviasales.com/search/LAS1709STS1?marker=741311
61,67,USD,ORD,IRK,"Kirksville, United States",US,2026-08-14,0,https://www.aviasales.com/search/ORD1408IRK1?marker=741311
62,70,USD,JFK,BNA,"Nashville, United States",US,2026-08-29,0,https://www.aviasales.com/search/JFK2908BNA1?marker=741311
63,73,USD,PDX,PDT,"Pendleton, United States",US,2026-08-21,0,https://www.aviasales.com/search/PDX2108PDT1?marker=741311
64,74,USD,ORD,GRR,"Grand Rapids, United States",US,2026-08-19,0,https://www.aviasales.com/search/ORD1908GRR1?marker=741311
65,75,USD,MIA,CMH,"Columbus, United States",US,2026-08-20,1,https://www.aviasales.com/search/MIA2008CMH1?marker=741311
66,77,USD,LAS,EUG,"Eugene, United States",US,2026-08-20,0,https://www.aviasales.com/search/LAS2008EUG1?marker=741311
67,77,USD,PHX,BIL,"Billings, United States",US,2026-08-02,0,https://www.aviasales.com/search/PHX0208BIL1?marker=741311
68,78,USD,DEN,OMA,"Omaha, United States",US,2026-08-21,0,https://www.aviasales.com/search/DEN2108OMA1?marker=741311
69,78,USD,SFO,PSP,"Palm Springs, United States",US,2026-08-29,0,https://www.aviasales.com/search/SFO2908PSP1?marker=741311
70,79,USD,FLL,YTO,"Toronto, Canada",CA,2026-08-07,0,https://www.aviasales.com/search/FLL0708YTO1?marker=741311
71,79,USD,SAN,FAT,"Fresno, United States",US,2026-08-21,0,https://www.aviasales.com/search/SAN2108FAT1?marker=741311
72,80,USD,SAN,GEG,"Spokane, United States",US,2026-10-01,2,https://www.aviasales.com/search/SAN0110GEG1?marker=741311
73,81,USD,LAS,SAT,"San Antonio, United States",US,2026-10-22,0,https://www.aviasales.com/search/LAS2210SAT1?marker=741311
74,82,USD,TPA,GPT,"Gulfport, United States",US,2026-07-31,0,https://www.aviasales.com/search/TPA3107GPT1?marker=741311
75,83,USD,IAH,MEX,"Mexico City, Mexico",MX,2026-08-19,0,https://www.aviasales.com/search/IAH1908MEX1?marker=741311
76,84,USD,DFW,CLT,"Charlotte, United States",US,2026-08-20,0,https://www.aviasales.com/search/DFW2008CLT1?marker=741311
77,84,USD,MCO,SBY,"Salisbury-Ocean City, United States",US,2026-07-31,0,https://www.aviasales.com/search/MCO3107SBY1?marker=741311
78,84,USD,BOS,LEB,"Lebanon, United States",US,2026-07-30,0,https://www.aviasales.com/search/BOS3007LEB1?marker=741311
79,84,USD,IAH,MLM,"Morelia, Mexico",MX,2026-12-26,0,https://www.aviasales.com/search/IAH2612MLM1?marker=741311
80,85,USD,SAN,YYC,"Calgary, Canada",CA,2026-10-02,1,https://www.aviasales.com/search/SAN0210YYC1?marker=741311
81,85,USD,MCO,ISP,"Islip, United States",US,2026-09-11,0,https://www.aviasales.com/search/MCO1109ISP1?marker=741311
82,86,USD,DEN,OKC,"Oklahoma City, United States",US,2026-08-21,0,https://www.aviasales.com/search/DEN2108OKC1?marker=741311
83,87,USD,ATL,BUF,"Buffalo, United States",US,2026-08-05,0,https://www.aviasales.com/search/ATL0508BUF1?marker=741311
84,87,USD,IAH,PBC,"Puebla, Mexico",MX,2026-08-08,0,https://www.aviasales.com/search/IAH0808PBC1?marker=741311
85,88,USD,MIA,NAS,"Nassau, Bahamas",BS,2026-09-28,0,https://www.aviasales.com/search/MIA2809NAS1?marker=741311
86,88,USD,ATL,BMI,"Bloomington, United States",US,2026-08-22,1,https://www.aviasales.com/search/ATL2208BMI1?marker=741311
87,89,USD,LAX,ABQ,"Albuquerque, United States",US,2026-08-18,0,https://www.aviasales.com/search/LAX1808ABQ1?marker=741311
88,89,USD,MCO,FYV,"Fayetteville, United States",US,2026-08-10,0,https://www.aviasales.com/search/MCO1008FYV1?marker=741311
89,89,USD,DEN,FAR,"Fargo, United States",US,2026-08-21,0,https://www.aviasales.com/search/DEN2108FAR1?marker=741311
90,91,USD,ORD,DEC,"Decatur, United States",US,2026-08-21,0,https://www.aviasales.com/search/ORD2108DEC1?marker=741311
91,92,USD,MCO,HVN,"New Haven, United States",US,2026-08-05,0,https://www.aviasales.com/search/MCO0508HVN1?marker=741311
92,93,USD,LAX,MCE,"Merced, United States",US,2026-08-04,0,https://www.aviasales.com/search/LAX0408MCE1?marker=741311
93,93,USD,IAH,BJX,"Leon/Guanajuato, Mexico",MX,2026-08-17,0,https://www.aviasales.com/search/IAH1708BJX1?marker=741311
94,95,USD,LAX,GDL,"Guadalajara, Mexico",MX,2026-08-22,0,https://www.aviasales.com/search/LAX2208GDL1?marker=741311
95,96,USD,DFW,HOT,"Hot Springs, United States",US,2026-08-22,0,https://www.aviasales.com/search/DFW2208HOT1?marker=741311
96,97,USD,MIA,FMY,"Fort Myers, United States",US,2026-08-20,1,https://www.aviasales.com/search/MIA2008FMY1?marker=741311
97,100,USD,PHX,PSC,"Pasco, United States",US,2026-07-30,0,https://www.aviasales.com/search/PHX3007PSC1?marker=741311
98,101,USD,TPA,CAK,"Akron, United States",US,2026-08-18,1,https://www.aviasales.com/search/TPA1808CAK1?marker=741311
99,101,USD,ORD,FSD,"Sioux Falls, United States",US,2026-07-29,0,https://www.aviasales.com/search/ORD2907FSD1?marker=741311
100,101,USD,DEN,ICT,"Wichita, United States",US,2026-07-29,0,https://www.aviasales.com/search/DEN2907ICT1?marker=741311
101,102,USD,IAD,SDF,"Louisville, United States",US,2026-07-29,0,https://www.aviasales.com/search/IAD2907SDF1?marker=741311
102,102,USD,LAX,MRY,"Monterey, United States",US,2026-07-29,0,https://www.aviasales.com/search/LAX2907MRY1?marker=741311
103,102,USD,DFW,MTY,"Monterrey, Mexico",MX,2026-08-21,0,https://www.aviasales.com/search/DFW2108MTY1?marker=741311
104,102,USD,DEN,AIA,"Alliance, United States",US,2026-08-21,0,https://www.aviasales.com/search/DEN2108AIA1?marker=741311
105,104,USD,AUS,MID,"Merida, Mexico",MX,2026-11-27,1,https://www.aviasales.com/search/AUS2711MID1?marker=741311
106,104,USD,ATL,CHS,"Charleston, United States",US,2026-08-21,1,https://www.aviasales.com/search/ATL2108CHS1?marker=741311
107,104,USD,DEN,CNY,"Moab, United States",US,2026-08-21,0,https://www.aviasales.com/search/DEN2108CNY1?marker=741311
108,106,USD,LAS,YEA,"Edmonton, Canada",CA,2026-08-22,2,https://www.aviasales.com/search/LAS2208YEA1?marker=741311
109,106,USD,PHX,COS,"Colorado Springs, United States",US,2026-08-19,0,https://www.aviasales.com/search/PHX1908COS1?marker=741311
110,107,USD,BOS,SYR,"Syracuse, United States",US,2026-10-03,0,https://www.aviasales.com/search/BOS0310SYR1?marker=741311
111,107,USD,ATL,LEX,"Lexington, United States",US,2026-08-19,1,https://www.aviasales.com/search/ATL1908LEX1?marker=741311
112,107,USD,ORD,LAF,"Lafayette, United States",US,2026-10-01,0,https://www.aviasales.com/search/ORD0110LAF1?marker=741311
113,108,USD,DFW,AMA,"Amarillo, United States",US,2026-08-22,0,https://www.aviasales.com/search/DFW2208AMA1?marker=741311
114,110,USD,SFO,PAE,"Everett, United States",US,2026-08-11,0,https://www.aviasales.com/search/SFO1108PAE1?marker=741311
115,110,USD,LAX,BZN,"Bozeman, United States",US,2026-08-27,1,https://www.aviasales.com/search/LAX2708BZN1?marker=741311
116,110,USD,SFO,BOI,"Boise, United States",US,2026-08-19,1,https://www.aviasales.com/search/SFO1908BOI1?marker=741311
117,112,USD,MIA,GCM,"Georgetown, Cayman Islands",KY,2026-08-01,0,https://www.aviasales.com/search/MIA0108GCM1?marker=741311
118,112,USD,ATL,BHM,"Birmingham, United States",US,2026-08-21,1,https://www.aviasales.com/search/ATL2108BHM1?marker=741311
119,113,USD,DEN,MOT,"Minot, United States",US,2026-08-19,1,https://www.aviasales.com/search/DEN1908MOT1?marker=741311
120,114,USD,TPA,PVD,"Providence, United States",US,2026-10-27,1,https://www.aviasales.com/search/TPA2710PVD1?marker=741311
121,114,USD,IAD,BTV,"Burlington, United States",US,2026-07-31,0,https://www.aviasales.com/search/IAD3107BTV1?marker=741311
122,114,USD,ORD,DAY,"Dayton, United States",US,2026-07-31,0,https://www.aviasales.com/search/ORD3107DAY1?marker=741311
123,114,USD,ORD,FWA,"Fort Wayne, United States",US,2026-07-31,0,https://www.aviasales.com/search/ORD3107FWA1?marker=741311
124,114,USD,DEN,GCC,"Gillette, United States",US,2026-07-31,0,https://www.aviasales.com/search/DEN3107GCC1?marker=741311
125,115,USD,ORD,DSM,"Des Moines, United States",US,2026-09-01,0,https://www.aviasales.com/search/ORD0109DSM1?marker=741311
126,115,USD,ORD,CMX,"Hancock, United States",US,2026-08-02,0,https://www.aviasales.com/search/ORD0208CMX1?marker=741311
127,116,USD,ORD,PWM,"Portland, United States",US,2026-09-01,1,https://www.aviasales.com/search/ORD0109PWM1?marker=741311
128,116,USD,SEA,RDM,"Redmond, United States",US,2026-08-28,1,https://www.aviasales.com/search/SEA2808RDM1?marker=741311
129,116,USD,DTW,LIT,"Little Rock, United States",US,2026-08-22,1,https://www.aviasales.com/search/DTW2208LIT1?marker=741311
130,117,USD,DCA,ROC,"Rochester, United States",US,2026-08-19,1,https://www.aviasales.com/search/DCA1908ROC1?marker=741311
131,117,USD,MSP,ILM,"Wilmington, United States",US,2026-08-06,0,https://www.aviasales.com/search/MSP0608ILM1?marker=741311
132,118,USD,DFW,CUN,"Cancun, Mexico",MX,2026-11-18,1,https://www.aviasales.com/search/DFW1811CUN1?marker=741311
133,118,USD,DCA,PBI,"West Palm Beach, United States",US,2026-08-21,0,https://www.aviasales.com/search/DCA2108PBI1?marker=741311
134,119,USD,IAH,AEX,"Alexandria, United States",US,2026-08-21,0,https://www.aviasales.com/search/IAH2108AEX1?marker=741311
135,120,USD,MCO,BDL,"Hartford, United States",US,2026-08-07,0,https://www.aviasales.com/search/MCO0708BDL1?marker=741311
136,120,USD,SAN,TUS,"Tucson, United States",US,2026-08-20,0,https://www.aviasales.com/search/SAN2008TUS1?marker=741311
137,121,USD,MCO,VPS,"Fort Walton Beach, United States",US,2026-08-19,2,https://www.aviasales.com/search/MCO1908VPS1?marker=741311
138,121,USD,ORD,MKG,"Muskegon, United States",US,2026-08-03,0,https://www.aviasales.com/search/ORD0308MKG1?marker=741311
139,122,USD,PHL,MBJ,"Montego Bay, Jamaica",JM,2026-08-31,1,https://www.aviasales.com/search/PHL3108MBJ1?marker=741311
140,122,USD,ORD,MSN,"Madison, United States",US,2026-08-03,0,https://www.aviasales.com/search/ORD0308MSN1?marker=741311
141,122,USD,LAX,SBA,"Santa Barbara, United States",US,2026-08-03,0,https://www.aviasales.com/search/LAX0308SBA1?marker=741311
142,122,USD,DFW,TRC,"Torreon, Mexico",MX,2026-08-21,1,https://www.aviasales.com/search/DFW2108TRC1?marker=741311
143,122,USD,IAH,BTR,"Baton Rouge, United States",US,2026-07-26,0,https://www.aviasales.com/search/IAH2607BTR1?marker=741311
144,123,USD,MIA,MDE,"Medellin, Colombia",CO,2026-08-21,1,https://www.aviasales.com/search/MIA2108MDE1?marker=741311
145,123,USD,MIA,SDQ,"Santo Domingo, Dominican Republic",DO,2026-09-24,0,https://www.aviasales.com/search/MIA2409SDQ1?marker=741311
146,123,USD,LAX,GUA,"Guatemala City, Guatemala",GT,2026-08-22,0,https://www.aviasales.com/search/LAX2208GUA1?marker=741311
147,123,USD,BNA,PGD,"Punta Gorda, United States",US,2026-08-03,0,https://www.aviasales.com/search/BNA0308PGD1?marker=741311
148,123,USD,PHX,PGA,"Page, United States",US,2026-08-20,0,https://www.aviasales.com/search/PHX2008PGA1?marker=741311
149,123,USD,DEN,LAR,"Laramie, United States",US,2026-07-27,0,https://www.aviasales.com/search/DEN2707LAR1?marker=741311
150,124,USD,BOS,YMQ,"Montreal, Canada",CA,2026-09-03,0,https://www.aviasales.com/search/BOS0309YMQ1?marker=741311
151,125,USD,MCO,TLH,"Tallahassee, United States",US,2026-08-19,1,https://www.aviasales.com/search/MCO1908TLH1?marker=741311
152,126,USD,LAX,PVR,"Puerto Vallarta, Mexico",MX,2026-08-22,1,https://www.aviasales.com/search/LAX2208PVR1?marker=741311
153,126,USD,SFO,HNL,"Honolulu, United States",US,2026-08-07,0,https://www.aviasales.com/search/SFO0708HNL1?marker=741311
154,127,USD,MIA,BOG,"Bogota, Colombia",CO,2026-08-21,0,https://www.aviasales.com/search/MIA2108BOG1?marker=741311
155,127,USD,MSP,YQR,"Regina, Canada",CA,2026-08-21,0,https://www.aviasales.com/search/MSP2108YQR1?marker=741311
156,128,USD,BOS,SRQ,"Sarasota, United States",US,2026-09-15,1,https://www.aviasales.com/search/BOS1509SRQ1?marker=741311
157,129,USD,FLL,PNS,"Pensacola, United States",US,2026-08-02,0,https://www.aviasales.com/search/FLL0208PNS1?marker=741311
158,129,USD,LAX,ZIH,"Ixtapa, Mexico",MX,2026-08-22,1,https://www.aviasales.com/search/LAX2208ZIH1?marker=741311
159,129,USD,SEA,YLW,"Kelowna, Canada",CA,2026-08-20,2,https://www.aviasales.com/search/SEA2008YLW1?marker=741311
160,130,USD,ATL,JAN,"Jackson, United States",US,2026-09-22,1,https://www.aviasales.com/search/ATL2209JAN1?marker=741311
161,131,USD,MCO,LON,"London, United Kingdom",GB,2027-01-08,0,https://www.aviasales.com/search/MCO0801LON1?marker=741311
162,133,USD,IAH,SAL,"San Salvador, El Salvador",SV,2026-10-29,0,https://www.aviasales.com/search/IAH2910SAL1?marker=741311
163,133,USD,ORD,SCE,"State College, United States",US,2026-07-29,0,https://www.aviasales.com/search/ORD2907SCE1?marker=741311
164,134,USD,JFK,ACK,"Nantucket, United States",US,2026-08-21,0,https://www.aviasales.com/search/JFK2108ACK1?marker=741311
165,134,USD,LAX,MZT,"Mazatlan, Mexico",MX,2026-08-20,1,https://www.aviasales.com/search/LAX2008MZT1?marker=741311
166,134,USD,BNA,HRL,"Harlingen, United States",US,2026-11-02,2,https://www.aviasales.com/search/BNA0211HRL1?marker=741311
167,135,USD,ATL,DAB,"Daytona Beach, United States",US,2026-08-15,1,https://www.aviasales.com/search/ATL1508DAB1?marker=741311
168,135,USD,SEA,MFR,"Medford, United States",US,2026-08-21,1,https://www.aviasales.com/search/SEA2108MFR1?marker=741311
169,136,USD,MIA,PUJ,"Punta Cana, Dominican Republic",DO,2026-08-21,0,https://www.aviasales.com/search/MIA2108PUJ1?marker=741311
170,137,USD,PHL,CID,"Cedar Rapids, United States",US,2026-09-05,1,https://www.aviasales.com/search/PHL0509CID1?marker=741311
171,137,USD,LAS,SGF,"Springfield, United States",US,2026-08-21,0,https://www.aviasales.com/search/LAS2108SGF1?marker=741311
172,137,USD,ORD,MHT,"Manchester, United States",US,2026-07-30,1,https://www.aviasales.com/search/ORD3007MHT1?marker=741311
173,137,USD,IAH,TGZ,"Tuxtla Gutierrez, Mexico",MX,2026-08-21,1,https://www.aviasales.com/search/IAH2108TGZ1?marker=741311
174,137,USD,MSP,IWD,"Ironwood, United States",US,2026-08-21,0,https://www.aviasales.com/search/MSP2108IWD1?marker=741311
175,138,USD,IAD,MGW,"Morgantown, United States",US,2026-07-29,0,https://www.aviasales.com/search/IAD2907MGW1?marker=741311
176,139,USD,FLL,ALB,"Albany, United States",US,2026-08-22,1,https://www.aviasales.com/search/FLL2208ALB1?marker=741311
177,139,USD,PHX,BLI,"Bellingham, United States",US,2026-08-22,1,https://www.aviasales.com/search/PHX2208BLI1?marker=741311
178,140,USD,MIA,SXM,"Sint Maarten, Sint Maarten",SX,2026-08-22,1,https://www.aviasales.com/search/MIA2208SXM1?marker=741311
179,141,USD,MIA,LIM,"Lima, Peru",PE,2026-08-27,1,https://www.aviasales.com/search/MIA2708LIM1?marker=741311
180,141,USD,TPA,SAP,"San Pedro Sula, Honduras",HN,2026-12-03,2,https://www.aviasales.com/search/TPA0312SAP1?marker=741311
181,141,USD,LAX,RDD,"Redding, United States",US,2026-08-04,0,https://www.aviasales.com/search/LAX0408RDD1?marker=741311
182,141,USD,ORD,ATW,"Appleton, United States",US,2026-08-04,0,https://www.aviasales.com/search/ORD0408ATW1?marker=741311
183,141,USD,DEN,LNK,"Lincoln, United States",US,2026-08-04,0,https://www.aviasales.com/search/DEN0408LNK1?marker=741311
184,141,USD,DEN,ALS,"Alamosa, United States",US,2026-08-20,0,https://www.aviasales.com/search/DEN2008ALS1?marker=741311
185,142,USD,SFO,GYE,"Guayaquil, Ecuador",EC,2027-01-12,1,https://www.aviasales.com/search/SFO1201GYE1?marker=741311
186,142,USD,DEN,DDC,"Dodge City, United States",US,2026-08-19,0,https://www.aviasales.com/search/DEN1908DDC1?marker=741311
187,142,USD,FLL,BQN,"Aguadilla, Puerto Rico",PR,2026-08-09,0,https://www.aviasales.com/search/FLL0908BQN1?marker=741311
188,143,USD,ORD,TVC,"Traverse City, United States",US,2026-07-28,0,https://www.aviasales.com/search/ORD2807TVC1?marker=741311
189,143,USD,IAH,VER,"Veracruz, Mexico",MX,2026-08-13,1,https://www.aviasales.com/search/IAH1308VER1?marker=741311
190,144,USD,FLL,HPN,"Westchester County, United States",US,2026-08-21,0,https://www.aviasales.com/search/FLL2108HPN1?marker=741311
191,145,USD,MIA,CTG,"Cartagena, Colombia",CO,2026-08-22,1,https://www.aviasales.com/search/MIA2208CTG1?marker=741311
192,145,USD,SEA,ANC,"Anchorage, United States",US,2026-07-27,1,https://www.aviasales.com/search/SEA2707ANC1?marker=741311
193,146,USD,BNA,SJO,"San Jose, Costa Rica",CR,2027-01-13,1,https://www.aviasales.com/search/BNA1301SJO1?marker=741311
194,146,USD,JFK,STI,"Santiago, Dominican Republic",DO,2026-10-14,0,https://www.aviasales.com/search/JFK1410STI1?marker=741311
195,146,USD,SFO,MKE,"Milwaukee, United States",US,2026-10-21,1,https://www.aviasales.com/search/SFO2110MKE1?marker=741311
196,146,USD,BNA,BRO,"Brownsville, United States",US,2026-10-18,1,https://www.aviasales.com/search/BNA1810BRO1?marker=741311
197,147,USD,FLL,CLO,"Cali, Colombia",CO,2026-09-01,1,https://www.aviasales.com/search/FLL0109CLO1?marker=741311
198,147,USD,IAH,DGO,"Durango, Mexico",MX,2026-08-21,1,https://www.aviasales.com/search/IAH2108DGO1?marker=741311
199,147,USD,MCO,PSE,"Ponce, Puerto Rico",PR,2026-07-31,0,https://www.aviasales.com/search/MCO3107PSE1?marker=741311
200,148,USD,ORD,RAP,"Rapid City, United States",US,2026-08-26,0,https://www.aviasales.com/search/ORD2608RAP1?marker=741311
201,148,USD,SEA,ACA,"Acapulco, Mexico",MX,2026-07-28,2,https://www.aviasales.com/search/SEA2807ACA1?marker=741311
202,149,USD,JFK,ROM,"Rome, Italy",IT,2026-10-20,0,https://www.aviasales.com/search/JFK2010ROM1?marker=741311
203,149,USD,IAH,LBB,"Lubbock, United States",US,2026-08-02,1,https://www.aviasales.com/search/IAH0208LBB1?marker=741311
204,150,USD,FLL,YWG,"Winnipeg, Canada",CA,2026-08-29,1,https://www.aviasales.com/search/FLL2908YWG1?marker=741311
205,150,USD,SEA,FCA,"Kalispell, United States",US,2026-08-04,0,https://www.aviasales.com/search/SEA0408FCA1?marker=741311
206,151,USD,JFK,FAY,"Fayetteville, United States",US,2026-08-03,1,https://www.aviasales.com/search/JFK0308FAY1?marker=741311
207,152,USD,JFK,KIN,"Kingston, Jamaica",JM,2026-12-02,1,https://www.aviasales.com/search/JFK0212KIN1?marker=741311
208,152,USD,DEN,ASE,"Aspen, United States",US,2026-07-26,0,https://www.aviasales.com/search/DEN2607ASE1?marker=741311
209,153,USD,JFK,BDA,"Bermuda, Bermuda",BM,2026-08-17,0,https://www.aviasales.com/search/JFK1708BDA1?marker=741311
210,153,USD,PHX,GCN,"Grand Canyon, United States",US,2026-08-02,0,https://www.aviasales.com/search/PHX0208GCN1?marker=741311
211,154,USD,SEA,MSO,"Missoula, United States",US,2026-08-21,0,https://www.aviasales.com/search/SEA2108MSO1?marker=741311
212,154,USD,LAX,KOA,"Kailua-Kona, United States",US,2026-10-12,0,https://www.aviasales.com/search/LAX1210KOA1?marker=741311
213,154,USD,ORD,CMI,"Champaign, United States",US,2026-08-01,0,https://www.aviasales.com/search/ORD0108CMI1?marker=741311
214,154,USD,ORD,YKF,"Kitchener, Canada",CA,2026-08-21,1,https://www.aviasales.com/search/ORD2108YKF1?marker=741311
215,155,USD,LAX,UIO,"Quito, Ecuador",EC,2026-08-24,1,https://www.aviasales.com/search/LAX2408UIO1?marker=741311
216,155,USD,DFW,SLP,"San Luis Potosi, Mexico",MX,2026-08-20,2,https://www.aviasales.com/search/DFW2008SLP1?marker=741311
217,156,USD,LAX,OGG,"Kahului, United States",US,2026-08-25,0,https://www.aviasales.com/search/LAX2508OGG1?marker=741311
218,156,USD,IAD,YOW,"Ottawa, Canada",CA,2026-08-22,1,https://www.aviasales.com/search/IAD2208YOW1?marker=741311
219,157,USD,BOS,HAR,"Harrisburg, United States",US,2026-07-28,0,https://www.aviasales.com/search/BOS2807HAR1?marker=741311
220,159,USD,BNA,CHO,"Charlottesville, United States",US,2026-08-12,1,https://www.aviasales.com/search/BNA1208CHO1?marker=741311
221,160,USD,MIA,BUE,"Buenos Aires, Argentina",AR,2026-09-15,1,https://www.aviasales.com/search/MIA1509BUE1?marker=741311
222,160,USD,JFK,ATH,"Athens, Greece",GR,2026-09-28,0,https://www.aviasales.com/search/JFK2809ATH1?marker=741311
223,160,USD,LAS,ITO,"Hilo, United States",US,2026-07-28,1,https://www.aviasales.com/search/LAS2807ITO1?marker=741311
224,163,USD,ORD,MLI,"Moline, United States",US,2026-08-02,0,https://www.aviasales.com/search/ORD0208MLI1?marker=741311
225,163,USD,IAH,CUU,"Chihuahua, Mexico",MX,2026-08-21,1,https://www.aviasales.com/search/IAH2108CUU1?marker=741311
226,164,USD,ORD,OAX,"Oaxaca, Mexico",MX,2026-08-22,1,https://www.aviasales.com/search/ORD2208OAX1?marker=741311
227,164,USD,DCA,GSO,"Greensboro, United States",US,2026-08-04,0,https://www.aviasales.com/search/DCA0408GSO1?marker=741311
228,164,USD,ATL,FNT,"Flint, United States",US,2026-08-19,1,https://www.aviasales.com/search/ATL1908FNT1?marker=741311
229,164,USD,DFW,CRP,"Corpus Christi, United States",US,2026-08-04,0,https://www.aviasales.com/search/DFW0408CRP1?marker=741311
230,164,USD,ORD,LAN,"Lansing, United States",US,2026-08-04,0,https://www.aviasales.com/search/ORD0408LAN1?marker=741311
231,165,USD,MIA,MFE,"McAllen, United States",US,2026-07-28,1,https://www.aviasales.com/search/MIA2807MFE1?marker=741311
232,165,USD,SEA,PUW,"Pullman, United States",US,2026-08-17,0,https://www.aviasales.com/search/SEA1708PUW1?marker=741311
233,166,USD,LAX,HAV,"Havana, Cuba",CU,2026-08-20,2,https://www.aviasales.com/search/LAX2008HAV1?marker=741311
234,166,USD,LAS,SJD,"San Jose Del Cabo, Mexico",MX,2026-08-01,1,https://www.aviasales.com/search/LAS0108SJD1?marker=741311
235,166,USD,LAX,GJT,"Grand Junction, United States",US,2026-08-04,0,https://www.aviasales.com/search/LAX0408GJT1?marker=741311
236,167,USD,ATL,SBN,"South Bend, United States",US,2026-08-03,1,https://www.aviasales.com/search/ATL0308SBN1?marker=741311
237,168,USD,TPA,ROA,"Roanoke, United States",US,2026-10-03,2,https://www.aviasales.com/search/TPA0310ROA1?marker=741311
238,168,USD,DEN,EAR,"Kearney, United States",US,2026-08-20,0,https://www.aviasales.com/search/DEN2008EAR1?marker=741311
239,168,USD,ORD,YXJ,"Fort St John, Canada",CA,2026-10-01,2,https://www.aviasales.com/search/ORD0110YXJ1?marker=741311
240,168,USD,ORD,ZCL,"Zacatecas, Mexico",MX,2026-08-20,1,https://www.aviasales.com/search/ORD2008ZCL1?marker=741311
241,168,USD,SEA,YXE,"Saskatoon, Canada",CA,2026-12-01,1,https://www.aviasales.com/search/SEA0112YXE1?marker=741311
242,168,USD,FLL,AXM,"Armenia, Colombia",CO,2026-08-20,2,https://www.aviasales.com/search/FLL2008AXM1?marker=741311
243,169,USD,PHX,CUL,"Culiacan, Mexico",MX,2026-08-02,0,https://www.aviasales.com/search/PHX0208CUL1?marker=741311
244,170,USD,MIA,FPO,"Freeport, Bahamas",BS,2026-08-22,1,https://www.aviasales.com/search/MIA2208FPO1?marker=741311
245,173,USD,PHX,MAF,"Midland, United States",US,2026-09-10,1,https://www.aviasales.com/search/PHX1009MAF1?marker=741311
246,174,USD,JFK,CAE,"Columbia, United States",US,2026-07-31,1,https://www.aviasales.com/search/JFK3107CAE1?marker=741311
247,174,USD,PDX,LIH,"Kauai Island, United States",US,2026-08-25,1,https://www.aviasales.com/search/PDX2508LIH1?marker=741311
248,174,USD,IAD,JBR,"Jonesboro, United States",US,2026-08-20,2,https://www.aviasales.com/search/IAD2008JBR1?marker=741311
249,174,USD,SEA,YYJ,"Victoria, Canada",CA,2026-08-20,1,https://www.aviasales.com/search/SEA2008YYJ1?marker=741311
250,176,USD,DTW,HSV,"Huntsville, United States",US,2026-08-05,1,https://www.aviasales.com/search/DTW0508HSV1?marker=741311
251,178,USD,MIA,GEO,"Georgetown, Guyana",GY,2026-08-05,1,https://www.aviasales.com/search/MIA0508GEO1?marker=741311
252,178,USD,BOS,BCN,"Barcelona, Spain",ES,2026-10-22,0,https://www.aviasales.com/search/BOS2210BCN1?marker=741311
253,179,USD,JFK,BGI,"Bridgetown, Barbados",BB,2026-09-04,0,https://www.aviasales.com/search/JFK0409BGI1?marker=741311
254,181,USD,MCO,AUA,"Oranjestad, Aruba",AW,2026-09-21,1,https://www.aviasales.com/search/MCO2109AUA1?marker=741311
255,181,USD,MCO,OWB,"Owensboro, United States",US,2026-08-19,1,https://www.aviasales.com/search/MCO1908OWB1?marker=741311
256,182,USD,JFK,TIA,"Tirana, Albania",AL,2026-10-15,1,https://www.aviasales.com/search/JFK1510TIA1?marker=741311
257,182,USD,LAX,LIR,"Liberia, Costa Rica",CR,2026-08-22,1,https://www.aviasales.com/search/LAX2208LIR1?marker=741311
258,184,USD,MIA,PTY,"Panama City, Panama",PA,2026-08-20,0,https://www.aviasales.com/search/MIA2008PTY1?marker=741311
259,184,USD,ORD,MAD,"Madrid, Spain",ES,2026-09-22,2,https://www.aviasales.com/search/ORD2209MAD1?marker=741311
260,184,USD,ORD,GRB,"Green Bay, United States",US,2026-08-20,0,https://www.aviasales.com/search/ORD2008GRB1?marker=741311
261,185,USD,JFK,STT,"Saint Thomas, U.S. Virgin Islands",VI,2027-01-06,0,https://www.aviasales.com/search/JFK0601STT1?marker=741311
262,185,USD,SEA,JAC,"Jackson, United States",US,2026-07-30,0,https://www.aviasales.com/search/SEA3007JAC1?marker=741311
263,185,USD,LAX,AGU,"Aguascalientes, Mexico",MX,2026-08-03,2,https://www.aviasales.com/search/LAX0308AGU1?marker=741311
264,186,USD,LAX,BZE,"Belize City, Belize",BZ,2026-09-18,1,https://www.aviasales.com/search/LAX1809BZE1?marker=741311
265,186,USD,IAH,SLW,"Saltillo, Mexico",MX,2026-08-21,2,https://www.aviasales.com/search/IAH2108SLW1?marker=741311
266,187,USD,JFK,MIL,"Milan, Italy",IT,2026-10-13,2,https://www.aviasales.com/search/JFK1310MIL1?marker=741311
267,187,USD,ORD,SPI,"Springfield, United States",US,2026-08-21,2,https://www.aviasales.com/search/ORD2108SPI1?marker=741311
268,188,USD,MIA,PAR,"Paris, France",FR,2026-10-01,0,https://www.aviasales.com/search/MIA0110PAR1?marker=741311
269,189,USD,TPA,PBG,"Plattsburgh, United States",US,2026-08-20,2,https://www.aviasales.com/search/TPA2008PBG1?marker=741311
270,190,USD,JFK,VCE,"Venice, Italy",IT,2026-09-28,1,https://www.aviasales.com/search/JFK2809VCE1?marker=741311
271,190,USD,MCO,ECP,"Panama City, United States",US,2026-08-19,1,https://www.aviasales.com/search/MCO1908ECP1?marker=741311
272,190,USD,SLC,WYS,"West Yellowstone, United States",US,2026-08-15,1,https://www.aviasales.com/search/SLC1508WYS1?marker=741311
273,191,USD,JFK,CPH,"Copenhagen, Denmark",DK,2026-10-01,1,https://www.aviasales.com/search/JFK0110CPH1?marker=741311
274,191,USD,ORD,MBS,"Saginaw, United States",US,2026-08-20,0,https://www.aviasales.com/search/ORD2008MBS1?marker=741311
275,191,USD,MCO,FAI,"Fairbanks, United States",US,2026-08-25,1,https://www.aviasales.com/search/MCO2508FAI1?marker=741311
276,191,USD,MCO,HTS,"Huntington, United States",US,2026-08-20,2,https://www.aviasales.com/search/MCO2008HTS1?marker=741311
277,193,USD,BOS,YHZ,"Halifax, Canada",CA,2026-08-16,1,https://www.aviasales.com/search/BOS1608YHZ1?marker=741311
278,195,USD,IAD,TRI,"Blountville, United States",US,2026-07-29,1,https://www.aviasales.com/search/IAD2907TRI1?marker=741311
279,197,USD,JFK,BGR,"Bangor, United States",US,2026-10-15,1,https://www.aviasales.com/search/JFK1510BGR1?marker=741311
280,197,USD,ORD,YQB,"Quebec, Canada",CA,2026-08-20,0,https://www.aviasales.com/search/ORD2008YQB1?marker=741311
281,198,USD,JFK,PMI,"Palma, Spain",ES,2026-08-19,1,https://www.aviasales.com/search/JFK1908PMI1?marker=741311
282,199,USD,SEA,EAT,"Wenatchee, United States",US,2026-08-04,0,https://www.aviasales.com/search/SEA0408EAT1?marker=741311
283,199,USD,IAH,LUL,"Laurel, United States",US,2026-08-10,0,https://www.aviasales.com/search/IAH1008LUL1?marker=741311
284,199,USD,SEA,IDA,"Idaho Falls, United States",US,2026-09-07,1,https://www.aviasales.com/search/SEA0709IDA1?marker=741311
285,199,USD,SEA,ALW,"Walla Walla, United States",US,2026-08-03,0,https://www.aviasales.com/search/SEA0308ALW1?marker=741311
286,200,USD,JFK,FRA,"Frankfurt, Germany",DE,2026-10-18,1,https://www.aviasales.com/search/JFK1810FRA1?marker=741311
287,201,USD,PHX,TIJ,"Tijuana, Mexico",MX,2026-08-04,1,https://www.aviasales.com/search/PHX0408TIJ1?marker=741311
288,201,USD,DEN,PVU,"Provo, United States",US,2026-08-04,1,https://www.aviasales.com/search/DEN0408PVU1?marker=741311
289,202,USD,JFK,WAW,"Warsaw, Poland",PL,2026-10-21,1,https://www.aviasales.com/search/JFK2110WAW1?marker=741311
290,202,USD,LAX,TQO,"Tulum, Mexico",MX,2026-09-05,1,https://www.aviasales.com/search/LAX0509TQO1?marker=741311
291,202,USD,LAX,TAM,"Tampico, Mexico",MX,2026-08-04,2,https://www.aviasales.com/search/LAX0408TAM1?marker=741311
292,202,USD,FLL,ORH,"Worcester, United States",US,2026-11-23,1,https://www.aviasales.com/search/FLL2311ORH1?marker=741311
293,205,USD,JFK,POS,"Port Of Spain, Trinidad and Tobago",TT,2026-09-15,0,https://www.aviasales.com/search/JFK1509POS1?marker=741311
294,205,USD,LAX,MAM,"Matamoros, Mexico",MX,2026-08-22,2,https://www.aviasales.com/search/LAX2208MAM1?marker=741311
295,207,USD,JFK,PLS,"Providenciales, Turks and Caicos Islands",TC,2026-08-12,0,https://www.aviasales.com/search/JFK1208PLS1?marker=741311
296,208,USD,ORD,TOL,"Toledo, United States",US,2026-08-21,2,https://www.aviasales.com/search/ORD2108TOL1?marker=741311
297,208,USD,DFW,ILE,"Killeen, United States",US,2026-08-04,0,https://www.aviasales.com/search/DFW0408ILE1?marker=741311
298,209,USD,DFW,SWO,"Stillwater, United States",US,2026-08-03,0,https://www.aviasales.com/search/DFW0308SWO1?marker=741311
299,209,USD,MSP,ATY,"Watertown, United States",US,2026-08-20,1,https://www.aviasales.com/search/MSP2008ATY1?marker=741311
300,212,USD,LAX,MXL,"Mexicali, Mexico",MX,2026-08-03,1,https://www.aviasales.com/search/LAX0308MXL1?marker=741311
301,215,USD,MCO,AGP,"Malaga, Spain",ES,2026-08-09,1,https://www.aviasales.com/search/MCO0908AGP1?marker=741311
302,215,USD,LAX,TWF,"Twin Falls, United States",US,2026-08-03,0,https://www.aviasales.com/search/LAX0308TWF1?marker=741311
303,217,USD,SEA,OSL,"Oslo, Norway",NO,2026-12-01,1,https://www.aviasales.com/search/SEA0112OSL1?marker=741311
304,217,USD,IAH,ABI,"Abilene, United States",US,2026-08-02,0,https://www.aviasales.com/search/IAH0208ABI1?marker=741311
305,217,USD,PHX,LMM,"Los Mochis, Mexico",MX,2026-07-30,1,https://www.aviasales.com/search/PHX3007LMM1?marker=741311
306,218,USD,JFK,BUD,"Budapest, Hungary",HU,2026-10-12,1,https://www.aviasales.com/search/JFK1210BUD1?marker=741311
307,219,USD,MCO,RIO,"Rio de Janeiro, Brazil",BR,2026-09-08,1,https://www.aviasales.com/search/MCO0809RIO1?marker=741311
308,220,USD,LAS,EGE,"Vail, United States",US,2026-08-01,1,https://www.aviasales.com/search/LAS0108EGE1?marker=741311
309,221,USD,JFK,GND,"St. George's, Grenada",GD,2026-08-20,1,https://www.aviasales.com/search/JFK2008GND1?marker=741311
310,221,USD,LAS,LAP,"La Paz, Mexico",MX,2026-09-24,2,https://www.aviasales.com/search/LAS2409LAP1?marker=741311
311,222,USD,JFK,LUX,"Luxembourg, Luxembourg",LU,2026-09-13,1,https://www.aviasales.com/search/JFK1309LUX1?marker=741311
312,222,USD,LAX,ACV,"Arcata, United States",US,2026-08-02,0,https://www.aviasales.com/search/LAX0208ACV1?marker=741311
313,224,USD,MIA,SCL,"Santiago, Chile",CL,2026-09-15,1,https://www.aviasales.com/search/MIA1509SCL1?marker=741311
314,224,USD,IAH,MGM,"Montgomery, United States",US,2026-08-03,1,https://www.aviasales.com/search/IAH0308MGM1?marker=741311
315,225,USD,JFK,DUB,"Dublin, Ireland",IE,2026-08-17,1,https://www.aviasales.com/search/JFK1708DUB1?marker=741311
316,226,USD,DEN,BGA,"Bucaramanga, Colombia",CO,2026-09-03,1,https://www.aviasales.com/search/DEN0309BGA1?marker=741311
317,227,USD,MCO,IST,"Istanbul, Turkiye",TR,2027-01-15,1,https://www.aviasales.com/search/MCO1501IST1?marker=741311
318,227,USD,IAD,PEI,"Pereira, Colombia",CO,2026-08-29,1,https://www.aviasales.com/search/IAD2908PEI1?marker=741311
319,228,USD,TPA,AVP,"Wilkes-Barre, United States",US,2026-07-31,1,https://www.aviasales.com/search/TPA3107AVP1?marker=741311
320,228,USD,ORD,COU,"Columbia, United States",US,2026-07-31,0,https://www.aviasales.com/search/ORD3107COU1?marker=741311
321,229,USD,JFK,EDI,"Edinburgh, United Kingdom",GB,2026-08-17,1,https://www.aviasales.com/search/JFK1708EDI1?marker=741311
322,230,USD,LAX,TYO,"Tokyo, Japan",JP,2026-07-29,0,https://www.aviasales.com/search/LAX2907TYO1?marker=741311
323,230,USD,SFO,PRC,"Prescott, United States",US,2026-08-05,1,https://www.aviasales.com/search/SFO0508PRC1?marker=741311
324,232,USD,MIA,CUZ,"Cusco, Peru",PE,2026-08-22,2,https://www.aviasales.com/search/MIA2208CUZ1?marker=741311
325,235,USD,JFK,BRU,"Brussels, Belgium",BE,2026-08-30,1,https://www.aviasales.com/search/JFK3008BRU1?marker=741311
326,235,USD,JFK,IAG,"Niagara Falls, United States",US,2026-09-02,2,https://www.aviasales.com/search/JFK0209IAG1?marker=741311
327,235,USD,ORD,LSE,"La Crosse, United States",US,2026-08-21,0,https://www.aviasales.com/search/ORD2108LSE1?marker=741311
328,236,USD,MIA,FDF,"Fort-de-France, Martinique",MQ,2027-01-17,1,https://www.aviasales.com/search/MIA1701FDF1?marker=741311
329,236,USD,LAX,YYT,"St. John's, Canada",CA,2026-08-31,1,https://www.aviasales.com/search/LAX3108YYT1?marker=741311
330,236,USD,SEA,KTN,"Ketchikan, United States",US,2026-07-29,0,https://www.aviasales.com/search/SEA2907KTN1?marker=741311
331,236,USD,LAS,YZF,"Yellowknife, Canada",CA,2026-08-11,2,https://www.aviasales.com/search/LAS1108YZF1?marker=741311
332,238,USD,JFK,GVA,"Geneva, Switzerland",CH,2026-10-14,2,https://www.aviasales.com/search/JFK1410GVA1?marker=741311
333,238,USD,JFK,DLM,"Dalaman, Turkiye",TR,2026-08-17,1,https://www.aviasales.com/search/JFK1708DLM1?marker=741311
334,238,USD,ATL,LWB,"Lewisburg, United States",US,2026-08-22,2,https://www.aviasales.com/search/ATL2208LWB1?marker=741311
335,239,USD,JFK,AMS,"Amsterdam, Netherlands",NL,2026-10-17,1,https://www.aviasales.com/search/JFK1710AMS1?marker=741311
336,240,USD,AUS,YUM,"Yuma, United States",US,2026-08-17,1,https://www.aviasales.com/search/AUS1708YUM1?marker=741311
337,241,USD,ORD,HHH,"Hilton Head, United States",US,2026-09-12,1,https://www.aviasales.com/search/ORD1209HHH1?marker=741311
338,242,USD,JFK,SKB,"Basseterre, Saint Kitts and Nevis",KN,2026-08-19,1,https://www.aviasales.com/search/JFK1908SKB1?marker=741311
339,242,USD,JFK,MAN,"Manchester, United Kingdom",GB,2026-08-18,2,https://www.aviasales.com/search/JFK1808MAN1?marker=741311
340,242,USD,ATL,CZM,"Cozumel, Mexico",MX,2026-08-21,2,https://www.aviasales.com/search/ATL2108CZM1?marker=741311
341,243,USD,JFK,TUL,"Tulsa, United States",US,2026-10-11,1,https://www.aviasales.com/search/JFK1110TUL1?marker=741311
342,243,USD,JFK,SLU,"Castries, Saint Lucia",LC,2026-11-27,1,https://www.aviasales.com/search/JFK2711SLU1?marker=741311
343,244,USD,JFK,VLC,"Valencia, Spain",ES,2026-08-04,1,https://www.aviasales.com/search/JFK0408VLC1?marker=741311
344,244,USD,JFK,BEG,"Belgrade, Serbia",RS,2026-09-29,2,https://www.aviasales.com/search/JFK2909BEG1?marker=741311
345,244,USD,JFK,AYT,"Antalya, Turkiye",TR,2026-08-21,1,https://www.aviasales.com/search/JFK2108AYT1?marker=741311
346,244,USD,JFK,KUT,"Kutaisi, Georgia",GE,2026-10-24,1,https://www.aviasales.com/search/JFK2410KUT1?marker=741311
347,244,USD,JFK,RMI,"Rimini, Italy",IT,2026-09-20,1,https://www.aviasales.com/search/JFK2009RMI1?marker=741311
348,244,USD,PDX,YKA,"Kamloops, Canada",CA,2026-08-05,1,https://www.aviasales.com/search/PDX0508YKA1?marker=741311
349,245,USD,JFK,KRK,"Krakow, Poland",PL,2026-10-01,1,https://www.aviasales.com/search/JFK0110KRK1?marker=741311
350,245,USD,BOS,HYA,"Hyannis, United States",US,2026-08-22,1,https://www.aviasales.com/search/BOS2208HYA1?marker=741311
351,245,USD,PDX,BGO,"Bergen, Norway",NO,2026-10-01,1,https://www.aviasales.com/search/PDX0110BGO1?marker=741311
352,246,USD,JFK,RAK,"Marrakech, Morocco",MA,2026-08-08,2,https://www.aviasales.com/search/JFK0808RAK1?marker=741311
353,247,USD,JFK,RIX,"Riga, Latvia",LV,2026-08-17,2,https://www.aviasales.com/search/JFK1708RIX1?marker=741311
354,247,USD,BOS,BER,"Berlin, Germany",DE,2026-08-31,1,https://www.aviasales.com/search/BOS3108BER1?marker=741311
355,247,USD,DEN,TEX,"Telluride, United States",US,2026-08-19,0,https://www.aviasales.com/search/DEN1908TEX1?marker=741311
356,250,USD,JFK,REU,"Reus, Spain",ES,2026-08-04,1,https://www.aviasales.com/search/JFK0408REU1?marker=741311
357,250,USD,JFK,SVQ,"Sevilla, Spain",ES,2026-09-11,1,https://www.aviasales.com/search/JFK1109SVQ1?marker=741311
358,250,USD,MCO,BRI,"Bari, Italy",IT,2026-08-09,2,https://www.aviasales.com/search/MCO0908BRI1?marker=741311
359,251,USD,MCO,CWB,"Curitiba, Brazil",BR,2026-08-12,2,https://www.aviasales.com/search/MCO1208CWB1?marker=741311
360,254,USD,SFO,REK,"Reykjavik, Iceland",IS,2026-10-14,1,https://www.aviasales.com/search/SFO1410REK1?marker=741311
361,255,USD,MIA,EVN,"Yerevan, Armenia",AM,2026-10-01,1,https://www.aviasales.com/search/MIA0110EVN1?marker=741311
362,255,USD,JFK,FRS,"Flores, Guatemala",GT,2027-01-09,1,https://www.aviasales.com/search/JFK0901FRS1?marker=741311
363,255,USD,SAN,GUP,"Gallup, United States",US,2026-07-31,1,https://www.aviasales.com/search/SAN3107GUP1?marker=741311
364,256,USD,MCO,SAO,"Sao Paulo, Brazil",BR,2026-08-26,1,https://www.aviasales.com/search/MCO2608SAO1?marker=741311
365,256,USD,JFK,PRG,"Prague, Czech Republic",CZ,2026-09-28,2,https://www.aviasales.com/search/JFK2809PRG1?marker=741311
366,256,USD,JFK,IBZ,"Ibiza, Spain",ES,2026-08-17,2,https://www.aviasales.com/search/JFK1708IBZ1?marker=741311
367,256,USD,SLC,LAL,"Lakeland, United States",US,2026-08-04,2,https://www.aviasales.com/search/SLC0408LAL1?marker=741311
368,256,USD,SFO,YBR,"Brandon, Canada",CA,2026-10-01,1,https://www.aviasales.com/search/SFO0110YBR1?marker=741311
369,257,USD,SEA,LIS,"Lisbon, Portugal",PT,2026-10-06,3,https://www.aviasales.com/search/SEA0610LIS1?marker=741311
370,257,USD,JFK,POP,"Puerto Plata, Dominican Republic",DO,2026-08-22,0,https://www.aviasales.com/search/JFK2208POP1?marker=741311
371,258,USD,ATL,GNV,"Gainesville, United States",US,2026-08-14,1,https://www.aviasales.com/search/ATL1408GNV1?marker=741311
372,259,USD,FLL,ZSA,"San Salvador, Bahamas",BS,2026-08-22,1,https://www.aviasales.com/search/FLL2208ZSA1?marker=741311
373,260,USD,MIA,MHH,"Marsh Harbour, Bahamas",BS,2026-08-22,1,https://www.aviasales.com/search/MIA2208MHH1?marker=741311
374,260,USD,MCO,NAP,"Naples, Italy",IT,2026-08-09,1,https://www.aviasales.com/search/MCO0908NAP1?marker=741311
375,261,USD,BNA,MKL,"Jackson, United States",US,2026-08-22,1,https://www.aviasales.com/search/BNA2208MKL1?marker=741311
376,262,USD,BOS,RTB,"Roatan, Honduras",HN,2026-08-14,1,https://www.aviasales.com/search/BOS1408RTB1?marker=741311
377,262,USD,JFK,BUH,"Bucharest, Romania",RO,2026-10-06,2,https://www.aviasales.com/search/JFK0610BUH1?marker=741311
378,262,USD,JFK,FNC,"Funchal, Portugal",PT,2026-08-21,1,https://www.aviasales.com/search/JFK2108FNC1?marker=741311
379,262,USD,BOS,PDL,"Ponta Delgada, Portugal",PT,2026-08-20,1,https://www.aviasales.com/search/BOS2008PDL1?marker=741311
380,262,USD,SFO,CNM,"Carlsbad, United States",US,2026-08-21,1,https://www.aviasales.com/search/SFO2108CNM1?marker=741311
381,263,USD,MIA,MGA,"Managua, Nicaragua",NI,2026-09-10,0,https://www.aviasales.com/search/MIA1009MGA1?marker=741311
382,263,USD,JFK,BIO,"Bilbao, Spain",ES,2026-08-19,1,https://www.aviasales.com/search/JFK1908BIO1?marker=741311
383,263,USD,JFK,BRE,"Bremen, Germany",DE,2026-09-02,1,https://www.aviasales.com/search/JFK0209BRE1?marker=741311
384,263,USD,JFK,CRW,"Charleston, United States",US,2026-08-21,3,https://www.aviasales.com/search/JFK2108CRW1?marker=741311
385,265,USD,JFK,DAC,"Dhaka, Bangladesh",BD,2026-08-25,1,https://www.aviasales.com/search/JFK2508DAC1?marker=741311
386,265,USD,CLT,PHF,"Newport News, United States",US,2026-08-23,0,https://www.aviasales.com/search/CLT2308PHF1?marker=741311
387,265,USD,SAN,UIN,"Quincy, United States",US,2026-08-05,2,https://www.aviasales.com/search/SAN0508UIN1?marker=741311
388,265,USD,CLT,ERI,"Erie, United States",US,2026-07-31,0,https://www.aviasales.com/search/CLT3107ERI1?marker=741311
389,266,USD,JFK,HAM,"Hamburg, Germany",DE,2026-09-02,1,https://www.aviasales.com/search/JFK0209HAM1?marker=741311
390,267,USD,ORD,XPL,"Comayagua, Honduras",HN,2026-12-04,1,https://www.aviasales.com/search/ORD0412XPL1?marker=741311
391,267,USD,JFK,RMO,"Chisinau, Moldova",MD,2026-09-13,1,https://www.aviasales.com/search/JFK1309RMO1?marker=741311
392,267,USD,JFK,ISB,"Islamabad, Pakistan",PK,2026-08-10,1,https://www.aviasales.com/search/JFK1008ISB1?marker=741311
393,267,USD,JFK,LHE,"Lahore, Pakistan",PK,2026-10-16,1,https://www.aviasales.com/search/JFK1610LHE1?marker=741311
394,267,USD,JFK,BOJ,"Bourgas, Bulgaria",BG,2026-08-31,1,https://www.aviasales.com/search/JFK3108BOJ1?marker=741311
395,268,USD,JFK,BLQ,"Bologna, Italy",IT,2026-08-19,1,https://www.aviasales.com/search/JFK1908BLQ1?marker=741311
396,268,USD,JFK,PMO,"Palermo, Italy",IT,2026-08-07,1,https://www.aviasales.com/search/JFK0708PMO1?marker=741311
397,269,USD,MIA,BHZ,"Belo Horizonte, Brazil",BR,2026-08-19,1,https://www.aviasales.com/search/MIA1908BHZ1?marker=741311
398,269,USD,MIA,MOB,"Mobile, United States",US,2026-09-18,1,https://www.aviasales.com/search/MIA1809MOB1?marker=741311
399,269,USD,JFK,OPO,"Porto, Portugal",PT,2026-08-21,1,https://www.aviasales.com/search/JFK2108OPO1?marker=741311
400,270,USD,JFK,TLL,"Tallinn, Estonia",EE,2026-09-02,2,https://www.aviasales.com/search/JFK0209TLL1?marker=741311
401,270,USD,JFK,VNO,"Vilnius, Lithuania",LT,2026-09-29,2,https://www.aviasales.com/search/JFK2909VNO1?marker=741311
402,271,USD,JFK,VAR,"Varna, Bulgaria",BG,2026-08-25,1,https://www.aviasales.com/search/JFK2508VAR1?marker=741311
403,271,USD,LAX,SMX,"Santa Maria, United States",US,2026-08-05,2,https://www.aviasales.com/search/LAX0508SMX1?marker=741311
404,272,USD,JFK,HEL,"Helsinki, Finland",FI,2026-09-19,1,https://www.aviasales.com/search/JFK1909HEL1?marker=741311
405,272,USD,FLL,CKB,"Clarksburg, United States",US,2026-08-03,1,https://www.aviasales.com/search/FLL0308CKB1?marker=741311
406,272,USD,JFK,SPU,"Split, Croatia",HR,2026-08-20,1,https://www.aviasales.com/search/JFK2008SPU1?marker=741311
407,272,USD,LAX,CDR,"Chadron, United States",US,2026-08-04,1,https://www.aviasales.com/search/LAX0408CDR1?marker=741311
408,272,USD,SLC,COD,"Cody, United States",US,2026-08-24,1,https://www.aviasales.com/search/SLC2408COD1?marker=741311
409,273,USD,ORD,ALC,"Alicante, Spain",ES,2026-09-22,3,https://www.aviasales.com/search/ORD2209ALC1?marker=741311
410,273,USD,JFK,RZE,"Rzeszow, Poland",PL,2026-09-13,2,https://www.aviasales.com/search/JFK1309RZE1?marker=741311
411,273,USD,LAX,PIA,"Peoria, United States",US,2026-07-30,2,https://www.aviasales.com/search/LAX3007PIA1?marker=741311
412,273,USD,DEN,ABE,"Allentown, United States",US,2026-08-04,2,https://www.aviasales.com/search/DEN0408ABE1?marker=741311
413,274,USD,JFK,MRS,"Marseille, France",FR,2026-09-17,2,https://www.aviasales.com/search/JFK1709MRS1?marker=741311
414,275,USD,FLL,ILG,"Wilmington, United States",US,2026-08-01,1,https://www.aviasales.com/search/FLL0108ILG1?marker=741311
415,275,USD,JFK,TGD,"Podgorica, Montenegro",ME,2026-08-20,1,https://www.aviasales.com/search/JFK2008TGD1?marker=741311
416,275,USD,JFK,PMF,"Parma, Italy",IT,2026-09-20,2,https://www.aviasales.com/search/JFK2009PMF1?marker=741311
417,276,USD,SAN,SUN,"Sun Valley, United States",US,2026-08-03,1,https://www.aviasales.com/search/SAN0308SUN1?marker=741311
418,276,USD,JFK,LYS,"Lyon, France",FR,2026-10-25,1,https://www.aviasales.com/search/JFK2510LYS1?marker=741311
419,277,USD,SLC,DRO,"Durango, United States",US,2026-08-24,1,https://www.aviasales.com/search/SLC2408DRO1?marker=741311
420,278,USD,MIA,ZRH,"Zurich, Switzerland",CH,2026-09-17,2,https://www.aviasales.com/search/MIA1709ZRH1?marker=741311
421,278,USD,JFK,SOF,"Sofia, Bulgaria",BG,2026-09-18,2,https://www.aviasales.com/search/JFK1809SOF1?marker=741311
422,278,USD,JFK,SMR,"Santa Marta, Colombia",CO,2026-09-04,2,https://www.aviasales.com/search/JFK0409SMR1?marker=741311
423,279,USD,JFK,DUS,"Dusseldorf, Germany",DE,2026-08-17,1,https://www.aviasales.com/search/JFK1708DUS1?marker=741311
424,279,USD,BOS,CLJ,"Cluj-Napoca, Romania",RO,2026-09-27,2,https://www.aviasales.com/search/BOS2709CLJ1?marker=741311
425,281,USD,IAH,CME,"Ciudad Del Carmen, Mexico",MX,2026-08-22,2,https://www.aviasales.com/search/IAH2208CME1?marker=741311
426,283,USD,IAD,CAI,"Cairo, Egypt",EG,2026-08-25,1,https://www.aviasales.com/search/IAD2508CAI1?marker=741311
427,284,USD,ORD,ALG,"Algiers, Algeria",DZ,2026-10-20,1,https://www.aviasales.com/search/ORD2010ALG1?marker=741311
428,284,USD,SAN,BHB,"Bar Harbor, United States",US,2026-11-01,2,https://www.aviasales.com/search/SAN0111BHB1?marker=741311
429,285,USD,JFK,VIE,"Vienna, Austria",AT,2026-08-29,2,https://www.aviasales.com/search/JFK2908VIE1?marker=741311
430,285,USD,DEN,DIK,"Dickinson, United States",US,2026-08-18,0,https://www.aviasales.com/search/DEN1808DIK1?marker=741311
431,286,USD,IAH,SNU,"Santa Clara, Cuba",CU,2026-09-14,1,https://www.aviasales.com/search/IAH1409SNU1?marker=741311
432,286,USD,JFK,GDN,"Gdansk, Poland",PL,2026-09-06,2,https://www.aviasales.com/search/JFK0609GDN1?marker=741311
433,288,USD,MCO,GLA,"Glasgow, United Kingdom",GB,2026-11-05,1,https://www.aviasales.com/search/MCO0511GLA1?marker=741311
434,289,USD,MIA,BIQ,"Biarritz, France",FR,2026-09-24,2,https://www.aviasales.com/search/MIA2409BIQ1?marker=741311
435,289,USD,JFK,SKG,"Thessaloniki, Greece",GR,2026-09-19,1,https://www.aviasales.com/search/JFK1909SKG1?marker=741311
436,292,USD,JFK,NCE,"Nice, France",FR,2026-09-28,2,https://www.aviasales.com/search/JFK2809NCE1?marker=741311
437,292,USD,JFK,LCA,"Larnaca, Cyprus",CY,2026-09-08,1,https://www.aviasales.com/search/JFK0809LCA1?marker=741311
438,292,USD,JFK,TCI,"Tenerife, Spain",ES,2026-09-01,1,https://www.aviasales.com/search/JFK0109TCI1?marker=741311
439,292,USD,JFK,FLR,"Florence, Italy",IT,2026-09-20,2,https://www.aviasales.com/search/JFK2009FLR1?marker=741311
440,293,USD,JFK,EIN,"Eindhoven, Netherlands",NL,2026-08-30,1,https://www.aviasales.com/search/JFK3008EIN1?marker=741311
441,293,USD,JFK,SVD,"St Vincent, Saint Vincent and the Grenadines",VC,2026-08-14,1,https://www.aviasales.com/search/JFK1408SVD1?marker=741311
442,295,USD,SEA,HKG,"Hong Kong, Hong Kong",HK,2026-08-03,1,https://www.aviasales.com/search/SEA0308HKG1?marker=741311
443,295,USD,MCO,BRL,"Burlington, United States",US,2026-08-03,1,https://www.aviasales.com/search/MCO0308BRL1?marker=741311
444,296,USD,JFK,MSS,"Massena, United States",US,2026-08-02,1,https://www.aviasales.com/search/JFK0208MSS1?marker=741311
445,296,USD,LAS,MSL,"Muscle Shoals, United States",US,2026-08-04,2,https://www.aviasales.com/search/LAS0408MSL1?marker=741311
446,296,USD,LAS,CEZ,"Cortez, United States",US,2026-08-03,1,https://www.aviasales.com/search/LAS0308CEZ1?marker=741311
447,298,USD,MCO,CUE,"Cuenca, Ecuador",EC,2026-09-09,2,https://www.aviasales.com/search/MCO0909CUE1?marker=741311
448,299,USD,DTW,AZO,"Kalamazoo, United States",US,2026-08-20,3,https://www.aviasales.com/search/DTW2008AZO1?marker=741311
449,300,USD,MIA,VRA,"Varadero, Cuba",CU,2026-08-27,0,https://www.aviasales.com/search/MIA2708VRA1?marker=741311
450,300,USD,ATL,BJV,"Bodrum, Turkiye",TR,2026-08-13,2,https://www.aviasales.com/search/ATL1308BJV1?marker=741311
451,300,USD,JFK,SNN,"Shannon, Ireland",IE,2026-09-16,2,https://www.aviasales.com/search/JFK1609SNN1?marker=741311
452,300,USD,JFK,GRO,"Girona, Spain",ES,2026-10-01,2,https://www.aviasales.com/search/JFK0110GRO1?marker=741311
453,300,USD,DEN,CUR,"Curacao, Curaçao",CW,2026-08-20,1,https://www.aviasales.com/search/DEN2008CUR1?marker=741311
454,300,USD,LAX,HAN,"Hanoi, Vietnam",VN,2026-09-08,1,https://www.aviasales.com/search/LAX0809HAN1?marker=741311
455,300,USD,SLC,BTM,"Butte, United States",US,2026-08-02,1,https://www.aviasales.com/search/SLC0208BTM1?marker=741311
456,304,USD,FLL,FLN,"Florianopolis, Brazil",BR,2026-09-10,1,https://www.aviasales.com/search/FLL1009FLN1?marker=741311
457,304,USD,JFK,TBS,"Tbilisi, Georgia",GE,2026-10-19,2,https://www.aviasales.com/search/JFK1910TBS1?marker=741311
458,304,USD,JFK,ANK,"Ankara, Turkiye",TR,2026-10-10,2,https://www.aviasales.com/search/JFK1010ANK1?marker=741311
459,305,USD,TPA,NUE,"Nuremberg, Germany",DE,2026-11-01,1,https://www.aviasales.com/search/TPA0111NUE1?marker=741311
460,306,USD,DFW,EAU,"Eau Claire, United States",US,2026-08-02,1,https://www.aviasales.com/search/DFW0208EAU1?marker=741311
461,306,USD,DTW,OAJ,"Jacksonville, United States",US,2026-08-13,2,https://www.aviasales.com/search/DTW1308OAJ1?marker=741311
462,308,USD,LAX,CTU,"Chengdu, China",CN,2026-09-02,1,https://www.aviasales.com/search/LAX0209CTU1?marker=741311
463,308,USD,LAX,LTO,"Loreto, Mexico",MX,2026-08-04,0,https://www.aviasales.com/search/LAX0408LTO1?marker=741311
464,309,USD,ORD,CYS,"Cheyenne, United States",US,2026-08-02,1,https://www.aviasales.com/search/ORD0208CYS1?marker=741311
465,311,USD,JFK,FAO,"Faro, Portugal",PT,2026-10-01,2,https://www.aviasales.com/search/JFK0110FAO1?marker=741311
466,311,USD,ORD,HYD,"Hyderabad, India",IN,2026-09-04,1,https://www.aviasales.com/search/ORD0409HYD1?marker=741311
467,311,USD,LAX,OGD,"Ogden, United States",US,2026-12-01,2,https://www.aviasales.com/search/LAX0112OGD1?marker=741311
468,313,USD,MCO,DXB,"Dubai, United Arab Emirates",AE,2027-01-15,2,https://www.aviasales.com/search/MCO1501DXB1?marker=741311
469,313,USD,ORD,BKK,"Bangkok, Thailand",TH,2026-09-14,1,https://www.aviasales.com/search/ORD1409BKK1?marker=741311
470,313,USD,JFK,HAJ,"Hannover, Germany",DE,2026-11-19,2,https://www.aviasales.com/search/JFK1911HAJ1?marker=741311
471,314,USD,JFK,TIV,"Tivat, Montenegro",ME,2026-10-03,1,https://www.aviasales.com/search/JFK0310TIV1?marker=741311
472,314,USD,LAX,MNL,"Manila, Philippines",PH,2026-08-29,1,https://www.aviasales.com/search/LAX2908MNL1?marker=741311
473,315,USD,DFW,NAN,"Nadi, Fiji",FJ,2026-08-13,0,https://www.aviasales.com/search/DFW1308NAN1?marker=741311
474,316,USD,SFO,SEL,"Seoul, South Korea",KR,2026-08-12,0,https://www.aviasales.com/search/SFO1208SEL1?marker=741311
475,316,USD,DEN,MTJ,"Montrose, United States",US,2026-08-05,0,https://www.aviasales.com/search/DEN0508MTJ1?marker=741311
476,318,USD,MCO,RBA,"Rabat, Morocco",MA,2026-08-03,2,https://www.aviasales.com/search/MCO0308RBA1?marker=741311
477,319,USD,MIA,OGL,"Georgetown, Guyana",GY,2026-08-20,1,https://www.aviasales.com/search/MIA2008OGL1?marker=741311
478,320,USD,MIA,VIX,"Vitoria, Brazil",BR,2026-11-09,2,https://www.aviasales.com/search/MIA0911VIX1?marker=741311
479,320,USD,MCO,MVD,"Montevideo, Uruguay",UY,2026-09-04,2,https://www.aviasales.com/search/MCO0409MVD1?marker=741311
480,320,USD,JFK,TLS,"Toulouse, France",FR,2026-08-19,1,https://www.aviasales.com/search/JFK1908TLS1?marker=741311
481,320,USD,LAX,SHA,"Shanghai, China",CN,2026-11-08,1,https://www.aviasales.com/search/LAX0811SHA1?marker=741311
482,320,USD,PHL,ELM,"Elmira, United States",US,2026-08-03,2,https://www.aviasales.com/search/PHL0308ELM1?marker=741311
483,320,USD,LAX,DUJ,"Du Bois, United States",US,2026-08-03,2,https://www.aviasales.com/search/LAX0308DUJ1?marker=741311
484,321,USD,LAX,TPE,"Taipei, Taiwan",TW,2026-08-29,0,https://www.aviasales.com/search/LAX2908TPE1?marker=741311
485,321,USD,ATL,NCL,"Newcastle, United Kingdom",GB,2026-08-09,3,https://www.aviasales.com/search/ATL0908NCL1?marker=741311
486,323,USD,MIA,CTA,"Catania, Italy",IT,2026-09-08,2,https://www.aviasales.com/search/MIA0809CTA1?marker=741311
487,323,USD,JFK,HER,"Heraklion, Greece",GR,2026-08-31,1,https://www.aviasales.com/search/JFK3108HER1?marker=741311
488,324,USD,JFK,PSA,"Pisa, Italy",IT,2026-09-06,2,https://www.aviasales.com/search/JFK0609PSA1?marker=741311
489,324,USD,IAH,NVA,"Neiva, Colombia",CO,2026-08-21,3,https://www.aviasales.com/search/IAH2108NVA1?marker=741311
490,324,USD,IAH,IBE,"Ibague, Colombia",CO,2026-08-21,3,https://www.aviasales.com/search/IAH2108IBE1?marker=741311
491,324,USD,SAN,TUP,"Tupelo, United States",US,2026-08-04,2,https://www.aviasales.com/search/SAN0408TUP1?marker=741311
492,328,USD,JFK,POA,"Porto Alegre, Brazil",BR,2026-09-25,2,https://www.aviasales.com/search/JFK2509POA1?marker=741311
493,328,USD,JFK,DBV,"Dubrovnik, Croatia",HR,2026-08-20,1,https://www.aviasales.com/search/JFK2008DBV1?marker=741311
494,328,USD,IAD,MAO,"Manaus, Brazil",BR,2026-08-22,1,https://www.aviasales.com/search/IAD2208MAO1?marker=741311
495,328,USD,SEA,CEB,"Cebu City, Philippines",PH,2026-10-14,1,https://www.aviasales.com/search/SEA1410CEB1?marker=741311
496,329,USD,ORD,BOM,"Mumbai, India",IN,2026-08-26,1,https://www.aviasales.com/search/ORD2608BOM1?marker=741311
497,329,USD,TPA,GGT,"George Town, Bahamas",BS,2026-07-26,1,https://www.aviasales.com/search/TPA2607GGT1?marker=741311
498,330,USD,JFK,DEL,"New Delhi, India",IN,2026-08-14,1,https://www.aviasales.com/search/JFK1408DEL1?marker=741311
499,331,USD,JFK,RUH,"Riyadh, Saudi Arabia",SA,2026-10-30,1,https://www.aviasales.com/search/JFK3010RUH1?marker=741311
500,331,USD,JFK,DOM,"Dominica, Dominica",DM,2026-08-22,1,https://www.aviasales.com/search/JFK2208DOM1?marker=741311
501,332,USD,LAX,KUL,"Kuala Lumpur, Malaysia",MY,2026-08-29,1,https://www.aviasales.com/search/LAX2908KUL1?marker=741311
502,332,USD,MSP,RHI,"Rhinelander, United States",US,2026-08-28,1,https://www.aviasales.com/search/MSP2808RHI1?marker=741311
503,333,USD,MSP,SUX,"Sioux City, United States",US,2026-07-30,1,https://www.aviasales.com/search/MSP3007SUX1?marker=741311
504,334,USD,JFK,ZAD,"Zadar, Croatia",HR,2026-07-28,2,https://www.aviasales.com/search/JFK2807ZAD1?marker=741311
505,334,USD,JFK,JNU,"Juneau, United States",US,2026-09-18,2,https://www.aviasales.com/search/JFK1809JNU1?marker=741311
506,334,USD,JFK,JED,"Jeddah, Saudi Arabia",SA,2026-09-19,1,https://www.aviasales.com/search/JFK1909JED1?marker=741311
507,335,USD,FLL,GHB,"Governor's Harbour, Bahamas",BS,2026-08-21,2,https://www.aviasales.com/search/FLL2108GHB1?marker=741311
508,336,USD,MIA,SSA,"Salvador, Brazil",BR,2026-08-23,1,https://www.aviasales.com/search/MIA2308SSA1?marker=741311
509,336,USD,DFW,TRN,"Turin, Italy",IT,2026-08-13,2,https://www.aviasales.com/search/DFW1308TRN1?marker=741311
510,336,USD,BOS,PKB,"Parkersburg, United States",US,2026-07-31,2,https://www.aviasales.com/search/BOS3107PKB1?marker=741311
511,336,USD,RDU,LYH,"Lynchburg, United States",US,2026-08-01,1,https://www.aviasales.com/search/RDU0108LYH1?marker=741311
512,338,USD,SFO,KHN,"Nanchang, China",CN,2026-09-30,1,https://www.aviasales.com/search/SFO3009KHN1?marker=741311
513,339,USD,JFK,SSH,"Sharm el Sheikh, Egypt",EG,2026-08-18,2,https://www.aviasales.com/search/JFK1808SSH1?marker=741311
514,340,USD,JFK,BAK,"Baku, Azerbaijan",AZ,2026-09-26,2,https://www.aviasales.com/search/JFK2609BAK1?marker=741311
515,340,USD,JFK,NBO,"Nairobi, Kenya",KE,2026-08-23,1,https://www.aviasales.com/search/JFK2308NBO1?marker=741311
516,340,USD,DFW,NLD,"Nuevo Laredo, Mexico",MX,2026-07-31,2,https://www.aviasales.com/search/DFW3107NLD1?marker=741311
517,341,USD,SFO,DPS,"Denpasar (Bali), Indonesia",ID,2026-09-14,1,https://www.aviasales.com/search/SFO1409DPS1?marker=741311
518,341,USD,JFK,COV,"Mersin, Turkiye",TR,2026-08-18,1,https://www.aviasales.com/search/JFK1808COV1?marker=741311
519,341,USD,IAD,STO,"Stockholm, Sweden",SE,2026-08-19,1,https://www.aviasales.com/search/IAD1908STO1?marker=741311
520,341,USD,DTW,STR,"Stuttgart, Germany",DE,2026-09-01,1,https://www.aviasales.com/search/DTW0109STR1?marker=741311
521,341,USD,IAH,PSO,"Pasto, Colombia",CO,2026-08-21,3,https://www.aviasales.com/search/IAH2108PSO1?marker=741311
522,341,USD,SAN,PUB,"Pueblo, United States",US,2026-07-31,1,https://www.aviasales.com/search/SAN3107PUB1?marker=741311
523,341,USD,RDU,SCV,"Suceava, Romania",RO,2026-09-19,3,https://www.aviasales.com/search/RDU1909SCV1?marker=741311
524,343,USD,FLL,PTP,"Pointe-a-pitre, Guadeloupe",GP,2026-09-22,2,https://www.aviasales.com/search/FLL2209PTP1?marker=741311
525,343,USD,PHX,CPE,"Campeche, Mexico",MX,2026-08-04,2,https://www.aviasales.com/search/PHX0408CPE1?marker=741311
526,343,USD,AUS,HMO,"Hermosillo, Mexico",MX,2026-08-02,2,https://www.aviasales.com/search/AUS0208HMO1?marker=741311
527,345,USD,PHL,ITH,"Ithaca, United States",US,2026-07-31,1,https://www.aviasales.com/search/PHL3107ITH1?marker=741311
528,345,USD,SAN,BFL,"Bakersfield, United States",US,2026-08-03,1,https://www.aviasales.com/search/SAN0308BFL1?marker=741311
529,346,USD,MIA,BSB,"Brasilia, Brazil",BR,2026-08-18,1,https://www.aviasales.com/search/MIA1808BSB1?marker=741311
530,346,USD,FLL,MHK,"Manhattan, United States",US,2026-08-15,2,https://www.aviasales.com/search/FLL1508MHK1?marker=741311
531,347,USD,ORD,ART,"Watertown, United States",US,2026-08-20,2,https://www.aviasales.com/search/ORD2008ART1?marker=741311
532,347,USD,ORD,RST,"Rochester, United States",US,2026-08-04,0,https://www.aviasales.com/search/ORD0408RST1?marker=741311
533,348,USD,LAX,VCT,"Victoria, United States",US,2026-08-03,2,https://www.aviasales.com/search/LAX0308VCT1?marker=741311
534,349,USD,SLC,SSM,"Sault Ste. Marie, United States",US,2026-08-25,2,https://www.aviasales.com/search/SLC2508SSM1?marker=741311
535,349,USD,SEA,BTS,"Bratislava, Slovakia",SK,2026-08-26,3,https://www.aviasales.com/search/SEA2608BTS1?marker=741311
536,349,USD,BOS,YYG,"Charlottetown, Canada",CA,2026-08-02,1,https://www.aviasales.com/search/BOS0208YYG1?marker=741311
537,349,USD,SAN,HRO,"Harrison, United States",US,2026-07-31,2,https://www.aviasales.com/search/SAN3107HRO1?marker=741311
538,350,USD,LAS,BJS,"Beijing, China",CN,2026-08-17,2,https://www.aviasales.com/search/LAS1708BJS1?marker=741311
539,352,USD,MIA,VLN,"Valencia, Venezuela",VE,2026-08-13,2,https://www.aviasales.com/search/MIA1308VLN1?marker=741311
540,352,USD,JFK,LJU,"Ljubljana, Slovenia",SI,2026-09-19,2,https://www.aviasales.com/search/JFK1909LJU1?marker=741311
541,353,USD,JFK,TUN,"Tunis, Tunisia",TN,2026-08-22,1,https://www.aviasales.com/search/JFK2208TUN1?marker=741311
542,353,USD,SAN,CEC,"Crescent City, United States",US,2026-08-04,1,https://www.aviasales.com/search/SAN0408CEC1?marker=741311
543,354,USD,ORD,HKT,"Phuket, Thailand",TH,2026-09-24,1,https://www.aviasales.com/search/ORD2409HKT1?marker=741311
544,354,USD,MCO,GCK,"Garden City, United States",US,2026-08-01,2,https://www.aviasales.com/search/MCO0108GCK1?marker=741311
545,355,USD,MIA,BRC,"San Carlos de Bariloche, Argentina",AR,2026-09-30,3,https://www.aviasales.com/search/MIA3009BRC1?marker=741311
546,355,USD,LAX,SGN,"Ho Chi Minh City, Vietnam",VN,2026-09-13,1,https://www.aviasales.com/search/LAX1309SGN1?marker=741311
547,355,USD,JFK,DKR,"Dakar, Senegal",SN,2026-11-15,1,https://www.aviasales.com/search/JFK1511DKR1?marker=741311
548,356,USD,JFK,CMN,"Casablanca, Morocco",MA,2026-08-08,2,https://www.aviasales.com/search/JFK0808CMN1?marker=741311
549,356,USD,LAX,SYX,"Sanya, China",CN,2026-11-24,1,https://www.aviasales.com/search/LAX2411SYX1?marker=741311
550,356,USD,LAX,YQT,"Thunder Bay, Canada",CA,2026-08-05,2,https://www.aviasales.com/search/LAX0508YQT1?marker=741311
551,357,USD,TPA,MUC,"Munich, Germany",DE,2026-09-12,2,https://www.aviasales.com/search/TPA1209MUC1?marker=741311
552,357,USD,IAD,PVK,"Preveza, Greece",GR,2026-08-18,2,https://www.aviasales.com/search/IAD1808PVK1?marker=741311
553,357,USD,LAX,BHY,"Beihai, China",CN,2026-12-01,1,https://www.aviasales.com/search/LAX0112BHY1?marker=741311
554,358,USD,DFW,JLN,"Joplin, United States",US,2026-07-31,1,https://www.aviasales.com/search/DFW3107JLN1?marker=741311
555,360,USD,SFO,SGU,"Saint George, United States",US,2026-08-02,1,https://www.aviasales.com/search/SFO0208SGU1?marker=741311
556,362,USD,MIA,CAP,"Cap Haitien, Haiti",HT,2026-07-30,0,https://www.aviasales.com/search/MIA3007CAP1?marker=741311
557,363,USD,AUS,SJW,"Shijiazhuang, China",CN,2026-08-25,2,https://www.aviasales.com/search/AUS2508SJW1?marker=741311
558,367,USD,JFK,BAH,"Manama, Bahrain",BH,2026-08-20,1,https://www.aviasales.com/search/JFK2008BAH1?marker=741311
559,367,USD,JFK,TER,"Terceira, Portugal",PT,2026-09-01,1,https://www.aviasales.com/search/JFK0109TER1?marker=741311
560,367,USD,LAX,PBR,"Puerto Barrios, Guatemala",GT,2026-08-04,1,https://www.aviasales.com/search/LAX0408PBR1?marker=741311
561,367,USD,DFW,SLN,"Salina, United States",US,2026-08-02,1,https://www.aviasales.com/search/DFW0208SLN1?marker=741311
562,367,USD,LAS,FMN,"Farmington, United States",US,2026-08-04,1,https://www.aviasales.com/search/LAS0408FMN1?marker=741311
563,368,USD,JFK,CHQ,"Chania, Greece",GR,2026-07-29,1,https://www.aviasales.com/search/JFK2907CHQ1?marker=741311
564,368,USD,SLC,BIM,"Bimini, Bahamas",BS,2026-08-25,3,https://www.aviasales.com/search/SLC2508BIM1?marker=741311
565,369,USD,MIA,CUC,"Cucuta, Colombia",CO,2026-12-22,1,https://www.aviasales.com/search/MIA2212CUC1?marker=741311
566,369,USD,JFK,HRG,"Hurghada, Egypt",EG,2026-09-28,1,https://www.aviasales.com/search/JFK2809HRG1?marker=741311
567,370,USD,JFK,KSC,"Kosice, Slovakia",SK,2026-08-03,1,https://www.aviasales.com/search/JFK0308KSC1?marker=741311
568,372,USD,MCO,MOW,"Moscow, Russia",RU,2026-08-09,2,https://www.aviasales.com/search/MCO0908MOW1?marker=741311
569,372,USD,LAX,DAD,"Da Nang, Vietnam",VN,2026-09-03,1,https://www.aviasales.com/search/LAX0309DAD1?marker=741311
570,372,USD,JFK,OLB,"Olbia, Italy",IT,2026-07-27,1,https://www.aviasales.com/search/JFK2707OLB1?marker=741311
571,372,USD,ORD,KHI,"Karachi, Pakistan",PK,2026-08-10,1,https://www.aviasales.com/search/ORD1008KHI1?marker=741311
572,373,USD,JFK,MED,"Medina, Saudi Arabia",SA,2026-09-01,1,https://www.aviasales.com/search/JFK0109MED1?marker=741311
573,373,USD,DFW,CCS,"Caracas, Venezuela",VE,2026-10-20,3,https://www.aviasales.com/search/DFW2010CCS1?marker=741311
574,374,USD,SAN,HUX,"Huatulco, Mexico",MX,2026-08-04,3,https://www.aviasales.com/search/SAN0408HUX1?marker=741311
575,376,USD,JFK,LWN,"Gyumri, Armenia",AM,2026-09-21,3,https://www.aviasales.com/search/JFK2109LWN1?marker=741311
576,376,USD,FLL,GYN,"Goiania, Brazil",BR,2026-08-27,2,https://www.aviasales.com/search/FLL2708GYN1?marker=741311
577,377,USD,MIA,COR,"Cordoba, Argentina",AR,2026-08-01,1,https://www.aviasales.com/search/MIA0108COR1?marker=741311
578,377,USD,SFO,SIN,"Singapore, Singapore",SG,2026-08-03,0,https://www.aviasales.com/search/SFO0308SIN1?marker=741311
579,377,USD,DCA,SDY,"Sidney, United States",US,2026-08-07,2,https://www.aviasales.com/search/DCA0708SDY1?marker=741311
580,378,USD,SFO,FOC,"Fuzhou, China",CN,2026-10-20,2,https://www.aviasales.com/search/SFO2010FOC1?marker=741311
581,379,USD,MIA,MDZ,"Mendoza, Argentina",AR,2026-08-04,1,https://www.aviasales.com/search/MIA0408MDZ1?marker=741311
582,379,USD,JFK,AER,"Adler/Sochi, Russia",RU,2026-10-20,3,https://www.aviasales.com/search/JFK2010AER1?marker=741311
583,381,USD,ORD,AMD,"Ahmedabad, India",IN,2026-08-14,2,https://www.aviasales.com/search/ORD1408AMD1?marker=741311
584,381,USD,IAD,SRZ,"Santa Cruz, Bolivia",BO,2027-01-01,1,https://www.aviasales.com/search/IAD0101SRZ1?marker=741311
585,382,USD,LAX,JKT,"Jakarta, Indonesia",ID,2026-09-06,1,https://www.aviasales.com/search/LAX0609JKT1?marker=741311
586,382,USD,ORD,MAR,"Maracaibo, Venezuela",VE,2026-09-11,2,https://www.aviasales.com/search/ORD1109MAR1?marker=741311
587,383,USD,LAX,CAN,"Guangzhou, China",CN,2026-09-10,1,https://www.aviasales.com/search/LAX1009CAN1?marker=741311
588,383,USD,LAX,XMN,"Xiamen, China",CN,2026-07-28,1,https://www.aviasales.com/search/LAX2807XMN1?marker=741311
589,383,USD,BNA,UBS,"Columbus, United States",US,2026-08-03,1,https://www.aviasales.com/search/BNA0308UBS1?marker=741311
590,384,USD,MIA,BRM,"Barquisimeto, Venezuela",VE,2026-09-30,2,https://www.aviasales.com/search/MIA3009BRM1?marker=741311
591,384,USD,JFK,CKY,"Conakry, Guinea",GN,2026-10-01,1,https://www.aviasales.com/search/JFK0110CKY1?marker=741311
592,384,USD,DFW,ORN,"Oran, Algeria",DZ,2026-08-17,3,https://www.aviasales.com/search/DFW1708ORN1?marker=741311
593,385,USD,MIA,FOR,"Fortaleza, Brazil",BR,2026-08-23,1,https://www.aviasales.com/search/MIA2308FOR1?marker=741311
594,385,USD,LAX,TSN,"Tianjin, China",CN,2026-09-13,1,https://www.aviasales.com/search/LAX1309TSN1?marker=741311
595,386,USD,LAX,CNX,"Chiang Mai, Thailand",TH,2026-08-31,1,https://www.aviasales.com/search/LAX3108CNX1?marker=741311
596,387,USD,FLL,LPB,"La Paz, Bolivia",BO,2026-08-03,1,https://www.aviasales.com/search/FLL0308LPB1?marker=741311
597,387,USD,LAX,NKG,"Nanjing, China",CN,2026-08-19,1,https://www.aviasales.com/search/LAX1908NKG1?marker=741311
598,387,USD,PHX,LRD,"Laredo, United States",US,2026-07-28,2,https://www.aviasales.com/search/PHX2807LRD1?marker=741311
599,387,USD,DEN,GUC,"Gunnison, United States",US,2026-07-31,0,https://www.aviasales.com/search/DEN3107GUC1?marker=741311
600,387,USD,CLT,FLO,"Florence, United States",US,2026-08-20,0,https://www.aviasales.com/search/CLT2008FLO1?marker=741311
601,388,USD,DCA,CBB,"Cochabamba, Bolivia",BO,2026-12-31,2,https://www.aviasales.com/search/DCA3112CBB1?marker=741311
602,389,USD,JFK,DAR,"Dar Es Salaam, Tanzania",TZ,2026-09-30,1,https://www.aviasales.com/search/JFK3009DAR1?marker=741311
603,390,USD,JFK,GOI,"Goa, India",IN,2026-08-20,2,https://www.aviasales.com/search/JFK2008GOI1?marker=741311
604,391,USD,ORD,MQT,"Marquette, United States",US,2026-09-22,0,https://www.aviasales.com/search/ORD2209MQT1?marker=741311
605,391,USD,ATL,BHX,"Birmingham, United Kingdom",GB,2026-08-02,3,https://www.aviasales.com/search/ATL0208BHX1?marker=741311
606,392,USD,JFK,GZP,"Alanya, Turkiye",TR,2026-10-31,2,https://www.aviasales.com/search/JFK3110GZP1?marker=741311
607,392,USD,JFK,REG,"Reggio Calabria, Italy",IT,2026-08-14,2,https://www.aviasales.com/search/JFK1408REG1?marker=741311
608,393,USD,AUS,FSM,"Fort Smith, United States",US,2026-08-01,1,https://www.aviasales.com/search/AUS0108FSM1?marker=741311
609,394,USD,JFK,SJJ,"Sarajevo, Bosnia and Herzegovina",BA,2026-08-04,2,https://www.aviasales.com/search/JFK0408SJJ1?marker=741311
610,394,USD,LAX,ZAG,"Zagreb, Croatia",HR,2026-08-04,2,https://www.aviasales.com/search/LAX0408ZAG1?marker=741311
611,395,USD,JFK,JTR,"Thira, Greece",GR,2026-07-29,1,https://www.aviasales.com/search/JFK2907JTR1?marker=741311
612,397,USD,LAX,EBL,"Erbil, Iraq",IQ,2026-08-20,1,https://www.aviasales.com/search/LAX2008EBL1?marker=741311
613,398,USD,JFK,GDT,"Grand Turk, Turks and Caicos Islands",TC,2026-08-04,1,https://www.aviasales.com/search/JFK0408GDT1?marker=741311
614,398,USD,TPA,AGB,"Augsburg, Germany",DE,2026-09-12,1,https://www.aviasales.com/search/TPA1209AGB1?marker=741311
615,399,USD,JFK,NEV,"Nevis, Saint Kitts and Nevis",KN,2026-08-20,1,https://www.aviasales.com/search/JFK2008NEV1?marker=741311
616,399,USD,SEA,PFO,"Paphos, Cyprus",CY,2026-08-11,1,https://www.aviasales.com/search/SEA1108PFO1?marker=741311
617,400,USD,JFK,ALA,"Almaty, Kazakhstan",KZ,2026-08-21,2,https://www.aviasales.com/search/JFK2108ALA1?marker=741311
618,401,USD,SFO,PPT,"Papeete, French Polynesia",PF,2026-09-13,0,https://www.aviasales.com/search/SFO1309PPT1?marker=741311
619,402,USD,LAS,GGG,"Longview, United States",US,2026-08-04,1,https://www.aviasales.com/search/LAS0408GGG1?marker=741311
620,403,USD,IAH,LPA,"Las Palmas, Spain",ES,2026-08-17,2,https://www.aviasales.com/search/IAH1708LPA1?marker=741311
621,405,USD,JFK,IZM,"Izmir, Turkiye",TR,2026-11-24,2,https://www.aviasales.com/search/JFK2411IZM1?marker=741311
622,405,USD,SAN,CGI,"Cape Girardeau, United States",US,2026-08-04,2,https://www.aviasales.com/search/SAN0408CGI1?marker=741311
623,407,USD,JFK,GOA,"Genoa, Italy",IT,2026-08-22,2,https://www.aviasales.com/search/JFK2208GOA1?marker=741311
624,408,USD,MIA,NVT,"Navegantes, Brazil",BR,2026-08-04,2,https://www.aviasales.com/search/MIA0408NVT1?marker=741311
625,408,USD,ORD,LED,"Saint Petersburg, Russia",RU,2026-09-22,4,https://www.aviasales.com/search/ORD2209LED1?marker=741311
626,408,USD,LAX,AKL,"Auckland, New Zealand",NZ,2026-08-23,1,https://www.aviasales.com/search/LAX2308AKL1?marker=741311
627,409,USD,MCO,TAS,"Tashkent, Uzbekistan",UZ,2027-01-15,3,https://www.aviasales.com/search/MCO1501TAS1?marker=741311
628,409,USD,JFK,MCT,"Muscat, Oman",OM,2026-07-30,1,https://www.aviasales.com/search/JFK3007MCT1?marker=741311
629,409,USD,PHX,CVM,"Ciudad Victoria, Mexico",MX,2026-08-05,3,https://www.aviasales.com/search/PHX0508CVM1?marker=741311
630,410,USD,JFK,DOH,"Doha, Qatar",QA,2026-09-03,1,https://www.aviasales.com/search/JFK0309DOH1?marker=741311
631,411,USD,JFK,AUH,"Abu Dhabi, United Arab Emirates",AE,2026-09-16,0,https://www.aviasales.com/search/JFK1609AUH1?marker=741311
632,412,USD,IAH,CLL,"College Station, United States",US,2026-08-14,1,https://www.aviasales.com/search/IAH1408CLL1?marker=741311
633,412,USD,IAH,WRO,"Wroclaw, Poland",PL,2026-08-29,2,https://www.aviasales.com/search/IAH2908WRO1?marker=741311
634,413,USD,LAX,PIR,"Pierre, United States",US,2026-08-02,2,https://www.aviasales.com/search/LAX0208PIR1?marker=741311
635,413,USD,PHX,CPR,"Casper, United States",US,2026-08-02,1,https://www.aviasales.com/search/PHX0208CPR1?marker=741311
636,413,USD,FLL,LCH,"Lake Charles, United States",US,2026-08-04,2,https://www.aviasales.com/search/FLL0408LCH1?marker=741311
637,415,USD,IAD,BGW,"Baghdad, Iraq",IQ,2026-08-09,1,https://www.aviasales.com/search/IAD0908BGW1?marker=741311
638,416,USD,JFK,CGN,"Cologne, Germany",DE,2026-07-30,1,https://www.aviasales.com/search/JFK3007CGN1?marker=741311
639,417,USD,DEN,CFU,"Kerkyra, Greece",GR,2026-09-23,3,https://www.aviasales.com/search/DEN2309CFU1?marker=741311
640,419,USD,SAN,MMH,"Mammoth Lakes, United States",US,2026-07-30,0,https://www.aviasales.com/search/SAN3007MMH1?marker=741311
641,420,USD,SLC,MWA,"Marion, United States",US,2026-08-02,1,https://www.aviasales.com/search/SLC0208MWA1?marker=741311
642,421,USD,IAD,CAG,"Cagliari, Italy",IT,2026-12-01,3,https://www.aviasales.com/search/IAD0112CAG1?marker=741311
643,421,USD,LAX,ASU,"Asuncion, Paraguay",PY,2026-10-06,1,https://www.aviasales.com/search/LAX0610ASU1?marker=741311
644,422,USD,ATL,REC,"Recife, Brazil",BR,2026-08-21,3,https://www.aviasales.com/search/ATL2108REC1?marker=741311
645,422,USD,LAX,CSX,"Changsha, China",CN,2026-08-09,1,https://www.aviasales.com/search/LAX0908CSX1?marker=741311
646,422,USD,SAN,OTH,"North Bend, United States",US,2026-08-05,1,https://www.aviasales.com/search/SAN0508OTH1?marker=741311
647,423,USD,ORD,BSZ,"Bishkek, Kyrgyzstan",KG,2027-01-12,4,https://www.aviasales.com/search/ORD1201BSZ1?marker=741311
648,423,USD,IAH,BON,"Kralendijk, Caribbean Netherlands",BQ,2026-08-19,2,https://www.aviasales.com/search/IAH1908BON1?marker=741311
649,424,USD,SAN,ACT,"Waco, United States",US,2026-07-30,2,https://www.aviasales.com/search/SAN3007ACT1?marker=741311
650,424,USD,PDX,HLN,"Helena, United States",US,2026-08-01,1,https://www.aviasales.com/search/PDX0108HLN1?marker=741311
651,425,USD,IAD,MAA,"Chennai, India",IN,2026-08-10,1,https://www.aviasales.com/search/IAD1008MAA1?marker=741311
652,426,USD,JFK,URA,"Oral, Kazakhstan",KZ,2026-09-11,2,https://www.aviasales.com/search/JFK1109URA1?marker=741311
653,427,USD,LAX,YIW,"Yiwu, China",CN,2026-09-15,1,https://www.aviasales.com/search/LAX1509YIW1?marker=741311
654,428,USD,JFK,TZX,"Trabzon, Turkiye",TR,2026-08-07,2,https://www.aviasales.com/search/JFK0708TZX1?marker=741311
655,432,USD,JFK,SID,"Sal, Cape Verde",CV,2026-09-08,1,https://www.aviasales.com/search/JFK0809SID1?marker=741311
656,432,USD,PHL,YQM,"Moncton, Canada",CA,2026-08-04,2,https://www.aviasales.com/search/PHL0408YQM1?marker=741311
657,436,USD,SEA,CKG,"Chongqing, China",CN,2026-08-17,1,https://www.aviasales.com/search/SEA1708CKG1?marker=741311
658,437,USD,JFK,MUX,"Multan, Pakistan",PK,2026-08-19,2,https://www.aviasales.com/search/JFK1908MUX1?marker=741311
659,437,USD,JFK,SCO,"Aktau, Kazakhstan",KZ,2026-11-27,3,https://www.aviasales.com/search/JFK2711SCO1?marker=741311
660,437,USD,JFK,BLR,"Bengaluru, India",IN,2026-07-28,2,https://www.aviasales.com/search/JFK2807BLR1?marker=741311
661,437,USD,LAX,VRN,"Verona, Italy",IT,2026-09-23,3,https://www.aviasales.com/search/LAX2309VRN1?marker=741311
662,437,USD,LAX,LPL,"Liverpool, United Kingdom",GB,2026-09-16,3,https://www.aviasales.com/search/LAX1609LPL1?marker=741311
663,437,USD,BOS,PBM,"Paramaribo, Suriname",SR,2026-09-01,2,https://www.aviasales.com/search/BOS0109PBM1?marker=741311
664,437,USD,TPA,IPN,"Ipatinga, Brazil",BR,2026-09-29,3,https://www.aviasales.com/search/TPA2909IPN1?marker=741311
665,437,USD,BNA,TXK,"Texarkana, United States",US,2026-07-31,3,https://www.aviasales.com/search/BNA3107TXK1?marker=741311
666,439,USD,JFK,TNG,"Tangier, Morocco",MA,2026-07-27,2,https://www.aviasales.com/search/JFK2707TNG1?marker=741311
667,439,USD,LAX,PGV,"Greenville, United States",US,2026-09-01,3,https://www.aviasales.com/search/LAX0109PGV1?marker=741311
668,439,USD,TPA,AGA,"Agadir, Morocco",MA,2026-09-03,2,https://www.aviasales.com/search/TPA0309AGA1?marker=741311
669,440,USD,JFK,ACC,"Accra, Ghana",GH,2026-09-08,1,https://www.aviasales.com/search/JFK0809ACC1?marker=741311
670,442,USD,JFK,SHJ,"Sharjah, United Arab Emirates",AE,2026-08-10,1,https://www.aviasales.com/search/JFK1008SHJ1?marker=741311
671,442,USD,JFK,TIN,"Tindouf, Algeria",DZ,2026-08-22,3,https://www.aviasales.com/search/JFK2208TIN1?marker=741311
672,442,USD,BOS,RAI,"Praia, Cape Verde",CV,2026-09-30,1,https://www.aviasales.com/search/BOS3009RAI1?marker=741311
673,442,USD,BOS,YQX,"Gander, Canada",CA,2026-08-05,2,https://www.aviasales.com/search/BOS0508YQX1?marker=741311
674,443,USD,JFK,KRR,"Krasnodar, Russia",RU,2026-10-11,3,https://www.aviasales.com/search/JFK1110KRR1?marker=741311
675,444,USD,JFK,FSC,"Figari, France",FR,2026-08-22,1,https://www.aviasales.com/search/JFK2208FSC1?marker=741311
676,444,USD,MSP,GOT,"Gothenburg, Sweden",SE,2026-08-18,2,https://www.aviasales.com/search/MSP1808GOT1?marker=741311
677,445,USD,MIA,HOG,"Holguin, Cuba",CU,2026-07-26,0,https://www.aviasales.com/search/MIA2607HOG1?marker=741311
678,445,USD,PDX,YCG,"Castlegar, Canada",CA,2026-08-03,2,https://www.aviasales.com/search/PDX0308YCG1?marker=741311
679,448,USD,LAX,JMK,"Mikonos, Greece",GR,2026-09-06,3,https://www.aviasales.com/search/LAX0609JMK1?marker=741311
680,449,USD,LAX,BPN,"Balikpapan, Indonesia",ID,2026-09-03,2,https://www.aviasales.com/search/LAX0309BPN1?marker=741311
681,451,USD,JFK,NQZ,"Astana, Kazakhstan",KZ,2026-09-30,2,https://www.aviasales.com/search/JFK3009NQZ1?marker=741311
682,452,USD,IAD,LOS,"Lagos, Nigeria",NG,2026-10-02,1,https://www.aviasales.com/search/IAD0210LOS1?marker=741311
683,453,USD,JFK,AQP,"Arequipa, Peru",PE,2026-11-01,3,https://www.aviasales.com/search/JFK0111AQP1?marker=741311
684,453,USD,DFW,FUK,"Fukuoka, Japan",JP,2026-08-16,2,https://www.aviasales.com/search/DFW1608FUK1?marker=741311
685,453,USD,ORD,PRN,"Pristina, Kosovo",XK,2026-08-08,1,https://www.aviasales.com/search/ORD0808PRN1?marker=741311
686,454,USD,PHX,AGS,"Augusta, United States",US,2026-07-31,2,https://www.aviasales.com/search/PHX3107AGS1?marker=741311
687,454,USD,FLL,TGU,"Tegucigalpa, Honduras",HN,2026-09-18,1,https://www.aviasales.com/search/FLL1809TGU1?marker=741311
688,455,USD,ORD,OSA,"Osaka, Japan",JP,2026-08-30,2,https://www.aviasales.com/search/ORD3008OSA1?marker=741311
689,457,USD,LAX,NHA,"Nha Trang, Vietnam",VN,2026-09-15,2,https://www.aviasales.com/search/LAX1509NHA1?marker=741311
690,457,USD,JFK,BUS,"Batumi, Georgia",GE,2026-08-30,3,https://www.aviasales.com/search/JFK3008BUS1?marker=741311
691,460,USD,BOS,IGU,"Foz do Iguaçu, Brazil",BR,2026-08-13,2,https://www.aviasales.com/search/BOS1308IGU1?marker=741311
692,464,USD,LAX,DTM,"Dortmund, Germany",DE,2026-08-30,3,https://www.aviasales.com/search/LAX3008DTM1?marker=741311
693,469,USD,SEA,GST,"Gustavus, United States",US,2026-08-03,1,https://www.aviasales.com/search/SEA0308GST1?marker=741311
694,474,USD,MIA,UFA,"Ufa, Russia",RU,2026-10-08,2,https://www.aviasales.com/search/MIA0810UFA1?marker=741311
695,476,USD,BOS,SYD,"Sydney, Australia",AU,2026-07-28,1,https://www.aviasales.com/search/BOS2807SYD1?marker=741311
696,476,USD,JFK,SKD,"Samarkand, Uzbekistan",UZ,2026-10-11,3,https://www.aviasales.com/search/JFK1110SKD1?marker=741311
697,478,USD,LAX,CGY,"Cagayan De Oro, Philippines",PH,2026-10-14,1,https://www.aviasales.com/search/LAX1410CGY1?marker=741311
698,479,USD,ORD,BCD,"Bacolod, Philippines",PH,2026-11-30,1,https://www.aviasales.com/search/ORD3011BCD1?marker=741311
699,479,USD,IAD,KBL,"Kabul, Afghanistan",AF,2026-08-31,2,https://www.aviasales.com/search/IAD3108KBL1?marker=741311
700,481,USD,SFO,MQM,"Mardin, Turkiye",TR,2027-01-05,2,https://www.aviasales.com/search/SFO0501MQM1?marker=741311
701,482,USD,JFK,DYU,"Dushanbe, Tajikistan",TJ,2026-08-24,3,https://www.aviasales.com/search/JFK2408DYU1?marker=741311
702,482,USD,JFK,GIB,"Gibraltar, Gibraltar",GI,2026-07-27,2,https://www.aviasales.com/search/JFK2707GIB1?marker=741311
703,484,USD,JFK,KGL,"Kigali, Rwanda",RW,2026-08-21,1,https://www.aviasales.com/search/JFK2108KGL1?marker=741311
704,484,USD,LAX,KBV,"Krabi, Thailand",TH,2026-11-09,2,https://www.aviasales.com/search/LAX0911KBV1?marker=741311
705,486,USD,JFK,MRV,"Mineralnye Vody, Russia",RU,2026-09-20,3,https://www.aviasales.com/search/JFK2009MRV1?marker=741311
706,486,USD,LAX,NGO,"Nagoya, Japan",JP,2026-10-28,1,https://www.aviasales.com/search/LAX2810NGO1?marker=741311
707,487,USD,JFK,MEI,"Meridian, United States",US,2026-08-01,3,https://www.aviasales.com/search/JFK0108MEI1?marker=741311
708,487,USD,JFK,UBN,"Ulaanbaatar, Mongolia",MN,2026-10-28,1,https://www.aviasales.com/search/JFK2810UBN1?marker=741311
709,487,USD,LAX,CMB,"Colombo, Sri Lanka",LK,2027-01-11,1,https://www.aviasales.com/search/LAX1101CMB1?marker=741311
710,489,USD,JFK,RJA,"Rajahmundry, India",IN,2026-09-01,3,https://www.aviasales.com/search/JFK0109RJA1?marker=741311
711,492,USD,LAX,RTM,"Rotterdam, Netherlands",NL,2026-08-09,3,https://www.aviasales.com/search/LAX0908RTM1?marker=741311
712,492,USD,ORD,MLA,"Malta, Malta",MT,2026-07-27,2,https://www.aviasales.com/search/ORD2707MLA1?marker=741311
713,493,USD,LAX,MEL,"Melbourne, Australia",AU,2026-08-23,1,https://www.aviasales.com/search/LAX2308MEL1?marker=741311
714,493,USD,IAD,MPL,"Montpellier, France",FR,2026-08-09,3,https://www.aviasales.com/search/IAD0908MPL1?marker=741311
715,495,USD,JFK,KZN,"Kazan, Russia",RU,2026-10-20,3,https://www.aviasales.com/search/JFK2010KZN1?marker=741311
716,496,USD,ATL,JAI,"Jaipur, India",IN,2026-08-01,1,https://www.aviasales.com/search/ATL0108JAI1?marker=741311
717,498,USD,ORD,MLE,"Male, Maldives",MV,2026-08-16,3,https://www.aviasales.com/search/ORD1608MLE1?marker=741311
718,498,USD,JFK,PQC,"Phu Quoc, Vietnam",VN,2026-11-22,2,https://www.aviasales.com/search/JFK2211PQC1?marker=741311
719,500,USD,LAX,PUS,"Busan, South Korea",KR,2026-08-01,2,https://www.aviasales.com/search/LAX0108PUS1?marker=741311
720,502,USD,JFK,ADD,"Addis Ababa, Ethiopia",ET,2026-08-29,1,https://www.aviasales.com/search/JFK2908ADD1?marker=741311
721,502,USD,JFK,FLW,"Flores Island (Azores), Portugal",PT,2026-09-01,3,https://www.aviasales.com/search/JFK0109FLW1?marker=741311
722,503,USD,CLT,FON,"Fortuna, Costa Rica",CR,2026-08-04,3,https://www.aviasales.com/search/CLT0408FON1?marker=741311
723,504,USD,JFK,CJU,"Jeju, South Korea",KR,2026-09-09,1,https://www.aviasales.com/search/JFK0909CJU1?marker=741311
724,504,USD,ORD,SPC,"Santa Cruz De La Palma, Spain",ES,2026-08-20,3,https://www.aviasales.com/search/ORD2008SPC1?marker=741311
725,505,USD,JFK,PSG,"Petersburg, United States",US,2026-08-19,2,https://www.aviasales.com/search/JFK1908PSG1?marker=741311
726,505,USD,FLL,CMW,"Camaguey, Cuba",CU,2026-08-03,2,https://www.aviasales.com/search/FLL0308CMW1?marker=741311
727,506,USD,SFO,USM,"Koh Samui, Thailand",TH,2026-12-01,2,https://www.aviasales.com/search/SFO0112USM1?marker=741311
728,507,USD,JFK,GAU,"Guwahati, India",IN,2026-08-28,3,https://www.aviasales.com/search/JFK2808GAU1?marker=741311
729,508,USD,JFK,SLZ,"São Luis, Brazil",BR,2026-09-01,3,https://www.aviasales.com/search/JFK0109SLZ1?marker=741311
730,508,USD,LAX,SCQ,"Santiago De Compostela, Spain",ES,2026-08-02,2,https://www.aviasales.com/search/LAX0208SCQ1?marker=741311
731,508,USD,ORD,SUF,"Lamezia Terme, Italy",IT,2026-08-07,3,https://www.aviasales.com/search/ORD0708SUF1?marker=741311
732,509,USD,BOS,KWI,"Kuwait City, Kuwait",KW,2026-08-10,3,https://www.aviasales.com/search/BOS1008KWI1?marker=741311
733,510,USD,JFK,CIT,"Shymkent, Kazakhstan",KZ,2026-08-11,2,https://www.aviasales.com/search/JFK1108CIT1?marker=741311
734,513,USD,JFK,SNO,"Sakon Nakhon, Thailand",TH,2026-08-17,2,https://www.aviasales.com/search/JFK1708SNO1?marker=741311
735,513,USD,SLC,CCP,"Concepcion, Chile",CL,2026-08-03,2,https://www.aviasales.com/search/SLC0308CCP1?marker=741311
736,514,USD,JFK,EIS,"Beef Island, British Virgin Islands",VG,2026-07-30,1,https://www.aviasales.com/search/JFK3007EIS1?marker=741311
737,514,USD,ATL,KUF,"Samara, Russia",RU,2026-10-01,3,https://www.aviasales.com/search/ATL0110KUF1?marker=741311
738,516,USD,JFK,SIA,"Xian, China",CN,2026-11-12,2,https://www.aviasales.com/search/JFK1211SIA1?marker=741311
739,518,USD,SFO,MYJ,"Matsuyama, Japan",JP,2026-10-14,1,https://www.aviasales.com/search/SFO1410MYJ1?marker=741311
740,521,USD,SEA,RKD,"Rockland, United States",US,2026-07-31,3,https://www.aviasales.com/search/SEA3107RKD1?marker=741311
741,522,USD,LAX,BNE,"Brisbane, Australia",AU,2026-10-18,1,https://www.aviasales.com/search/LAX1810BNE1?marker=741311
742,524,USD,JFK,SVX,"Yekaterinburg, Russia",RU,2026-10-14,2,https://www.aviasales.com/search/JFK1410SVX1?marker=741311
743,525,USD,MCO,GRI,"Grand Island, United States",US,2026-08-03,1,https://www.aviasales.com/search/MCO0308GRI1?marker=741311
744,527,USD,JFK,OSS,"Osh, Kyrgyzstan",KG,2026-08-18,2,https://www.aviasales.com/search/JFK1808OSS1?marker=741311
745,527,USD,DFW,DLC,"Dalian, China",CN,2026-09-01,2,https://www.aviasales.com/search/DFW0109DLC1?marker=741311
746,528,USD,JFK,ANR,"Antwerp, Belgium",BE,2026-08-30,2,https://www.aviasales.com/search/JFK3008ANR1?marker=741311
747,528,USD,SAN,MTT,"Minatitlan, Mexico",MX,2026-07-31,3,https://www.aviasales.com/search/SAN3107MTT1?marker=741311
748,531,USD,MIA,ODB,"Cordoba, Spain",ES,2026-08-04,2,https://www.aviasales.com/search/MIA0408ODB1?marker=741311
749,533,USD,JFK,SJZ,"Sao Jorge, Portugal",PT,2026-08-10,2,https://www.aviasales.com/search/JFK1008SJZ1?marker=741311
750,538,USD,JFK,MSQ,"Minsk, Belarus",BY,2026-09-07,4,https://www.aviasales.com/search/JFK0709MSQ1?marker=741311
751,539,USD,ORD,EBB,"Entebbe, Uganda",UG,2026-10-30,1,https://www.aviasales.com/search/ORD3010EBB1?marker=741311
752,539,USD,SFO,OKA,"Okinawa, Japan",JP,2026-10-14,1,https://www.aviasales.com/search/SFO1410OKA1?marker=741311
753,539,USD,SFO,BDS,"Brindisi, Italy",IT,2026-09-03,3,https://www.aviasales.com/search/SFO0309BDS1?marker=741311
754,540,USD,IAH,UDR,"Udaipur, India",IN,2026-09-01,3,https://www.aviasales.com/search/IAH0109UDR1?marker=741311
755,541,USD,JFK,JRO,"Kilimanjaro, Tanzania",TZ,2026-08-21,3,https://www.aviasales.com/search/JFK2108JRO1?marker=741311
756,542,USD,JFK,PPS,"Puerto Princesa, Philippines",PH,2026-09-27,1,https://www.aviasales.com/search/JFK2709PPS1?marker=741311
757,544,USD,ATL,PAP,"Port-au-Prince, Haiti",HT,2026-08-21,2,https://www.aviasales.com/search/ATL2108PAP1?marker=741311
758,549,USD,SFO,ATQ,"Amritsar, India",IN,2026-12-30,2,https://www.aviasales.com/search/SFO3012ATQ1?marker=741311
759,550,USD,JFK,SZX,"Shenzhen, China",CN,2026-09-01,2,https://www.aviasales.com/search/JFK0109SZX1?marker=741311
760,550,USD,MSP,DLH,"Duluth, United States",US,2026-08-03,2,https://www.aviasales.com/search/MSP0308DLH1?marker=741311
761,550,USD,LAS,NKT,"Cizre, Turkiye",TR,2026-09-18,3,https://www.aviasales.com/search/LAS1809NKT1?marker=741311
762,552,USD,JFK,MCX,"Makhachkala, Russia",RU,2026-09-24,2,https://www.aviasales.com/search/JFK2409MCX1?marker=741311
763,552,USD,LAX,HRB,"Harbin, China",CN,2026-08-06,1,https://www.aviasales.com/search/LAX0608HRB1?marker=741311
764,553,USD,ORD,RGN,"Yangon, Myanmar",MM,2026-07-29,2,https://www.aviasales.com/search/ORD2907RGN1?marker=741311
765,557,USD,IAD,FNA,"Freetown, Sierra Leone",SL,2027-01-21,1,https://www.aviasales.com/search/IAD2101FNA1?marker=741311
766,557,USD,FLL,DVL,"Devils Lake, United States",US,2026-07-31,1,https://www.aviasales.com/search/FLL3107DVL1?marker=741311
767,558,USD,JFK,UTP,"Pattaya, Thailand",TH,2026-08-24,2,https://www.aviasales.com/search/JFK2408UTP1?marker=741311
768,558,USD,LAX,VVO,"Vladivostok, Russia",RU,2026-08-18,2,https://www.aviasales.com/search/LAX1808VVO1?marker=741311
769,558,USD,ATL,HAK,"Haikou, China",CN,2026-09-10,2,https://www.aviasales.com/search/ATL1009HAK1?marker=741311
770,562,USD,MIA,PVH,"Porto Velho, Brazil",BR,2026-12-01,2,https://www.aviasales.com/search/MIA0112PVH1?marker=741311
771,562,USD,JFK,BZO,"Bolzano, Italy",IT,2026-11-23,2,https://www.aviasales.com/search/JFK2311BZO1?marker=741311
772,565,USD,JFK,SFG,"Saint Martin, Saint Martin",MF,2026-09-20,2,https://www.aviasales.com/search/JFK2009SFG1?marker=741311
773,566,USD,BOS,SCY,"San Cristobal, Ecuador",EC,2026-07-30,2,https://www.aviasales.com/search/BOS3007SCY1?marker=741311
774,567,USD,MIA,KGD,"Kaliningrad, Russia",RU,2026-09-17,3,https://www.aviasales.com/search/MIA1709KGD1?marker=741311
775,568,USD,MIA,CPT,"Cape Town, South Africa",ZA,2026-11-25,1,https://www.aviasales.com/search/MIA2511CPT1?marker=741311
776,568,USD,DFW,CIX,"Chiclayo, Peru",PE,2026-07-28,3,https://www.aviasales.com/search/DFW2807CIX1?marker=741311
777,569,USD,SLC,IOM,"Isle Of Man, Isle of Man",IM,2026-08-24,3,https://www.aviasales.com/search/SLC2408IOM1?marker=741311
778,572,USD,SEA,PPG,"Pago Pago, American Samoa",AS,2026-10-05,1,https://www.aviasales.com/search/SEA0510PPG1?marker=741311
779,575,USD,RDU,ANU,"Saint John's, Antigua and Barbuda",AG,2026-07-30,2,https://www.aviasales.com/search/RDU3007ANU1?marker=741311
780,577,USD,JFK,VOG,"Volgograd, Russia",RU,2026-09-14,3,https://www.aviasales.com/search/JFK1409VOG1?marker=741311
781,577,USD,SAN,SPK,"Sapporo, Japan",JP,2026-10-15,2,https://www.aviasales.com/search/SAN1510SPK1?marker=741311
782,578,USD,LAX,WLG,"Wellington, New Zealand",NZ,2026-08-04,1,https://www.aviasales.com/search/LAX0408WLG1?marker=741311
783,578,USD,LAX,CHC,"Christchurch, New Zealand",NZ,2026-08-03,1,https://www.aviasales.com/search/LAX0308CHC1?marker=741311
784,580,USD,SLC,SKP,"Skopje, North Macedonia",MK,2026-09-18,2,https://www.aviasales.com/search/SLC1809SKP1?marker=741311
785,581,USD,JFK,GOJ,"Nizhniy Novgorod, Russia",RU,2026-09-02,3,https://www.aviasales.com/search/JFK0209GOJ1?marker=741311
786,583,USD,JFK,TRV,"Thiruvananthapuram, India",IN,2027-01-16,2,https://www.aviasales.com/search/JFK1601TRV1?marker=741311
787,584,USD,MIA,MFM,"Macau, Macau",MO,2026-09-10,3,https://www.aviasales.com/search/MIA1009MFM1?marker=741311
788,587,USD,SFO,GAY,"Gaya, India",IN,2026-08-31,3,https://www.aviasales.com/search/SFO3108GAY1?marker=741311
789,590,USD,SAN,PQM,"Palenque, Mexico",MX,2026-08-03,3,https://www.aviasales.com/search/SAN0308PQM1?marker=741311
790,591,USD,LAX,KTM,"Kathmandu, Nepal",NP,2026-08-17,2,https://www.aviasales.com/search/LAX1708KTM1?marker=741311
791,592,USD,LAX,PUY,"Pula, Croatia",HR,2026-08-16,3,https://www.aviasales.com/search/LAX1608PUY1?marker=741311
792,597,USD,IAD,BHK,"Bukhara, Uzbekistan",UZ,2026-08-18,2,https://www.aviasales.com/search/IAD1808BHK1?marker=741311
793,598,USD,IAD,URT,"Surat Thani, Thailand",TH,2026-08-10,2,https://www.aviasales.com/search/IAD1008URT1?marker=741311
794,598,USD,SFO,CFR,"Caen, France",FR,2026-08-09,2,https://www.aviasales.com/search/SFO0908CFR1?marker=741311
795,599,USD,PHL,PHS,"Phitsanulok, Thailand",TH,2026-08-21,2,https://www.aviasales.com/search/PHL2108PHS1?marker=741311
796,600,USD,JFK,PEE,"Perm, Russia",RU,2026-08-31,2,https://www.aviasales.com/search/JFK3108PEE1?marker=741311
797,600,USD,SAN,DAV,"David, Panama",PA,2026-08-03,3,https://www.aviasales.com/search/SAN0308DAV1?marker=741311
798,604,USD,ORD,FEG,"Fergana, Uzbekistan",UZ,2026-08-01,3,https://www.aviasales.com/search/ORD0108FEG1?marker=741311
799,604,USD,DCA,ABJ,"Abidjan, Ivory Coast",CI,2026-09-19,2,https://www.aviasales.com/search/DCA1909ABJ1?marker=741311
800,609,USD,LAX,PER,"Perth, Australia",AU,2026-08-02,2,https://www.aviasales.com/search/LAX0208PER1?marker=741311
801,614,USD,ORD,LFW,"Lome, Togo",TG,2026-08-15,1,https://www.aviasales.com/search/ORD1508LFW1?marker=741311
802,617,USD,TPA,RMF,"Marsa Alam, Egypt",EG,2026-09-14,2,https://www.aviasales.com/search/TPA1409RMF1?marker=741311
803,618,USD,JFK,DMB,"Taraz, Kazakhstan",KZ,2026-08-13,3,https://www.aviasales.com/search/JFK1308DMB1?marker=741311
804,618,USD,DFW,BRN,"Bern, Switzerland",CH,2026-08-06,2,https://www.aviasales.com/search/DFW0608BRN1?marker=741311
805,619,USD,IAD,TDX,"Trat, Thailand",TH,2026-08-10,2,https://www.aviasales.com/search/IAD1008TDX1?marker=741311
806,619,USD,IAH,SAI,"Siem Reap, Cambodia",KH,2026-09-01,3,https://www.aviasales.com/search/IAH0109SAI1?marker=741311
807,620,USD,IAH,COK,"Kochi, India",IN,2026-08-08,2,https://www.aviasales.com/search/IAH0808COK1?marker=741311
808,624,USD,SFO,PCL,"Pucallpa, Peru",PE,2026-08-04,3,https://www.aviasales.com/search/SFO0408PCL1?marker=741311
809,627,USD,IAD,ROS,"Rosario, Argentina",AR,2026-08-01,1,https://www.aviasales.com/search/IAD0108ROS1?marker=741311
810,630,USD,DEN,HIJ,"Hiroshima, Japan",JP,2026-11-14,2,https://www.aviasales.com/search/DEN1411HIJ1?marker=741311
811,631,USD,SFO,BOB,"Bora Bora, French Polynesia",PF,2026-11-01,1,https://www.aviasales.com/search/SFO0111BOB1?marker=741311
812,634,USD,JFK,UGC,"Urgench, Uzbekistan",UZ,2026-08-09,3,https://www.aviasales.com/search/JFK0908UGC1?marker=741311
813,635,USD,JFK,CEK,"Chelyabinsk, Russia",RU,2026-09-06,2,https://www.aviasales.com/search/JFK0609CEK1?marker=741311
814,635,USD,ATL,URC,"Urumqi, China",CN,2026-08-13,2,https://www.aviasales.com/search/ATL1308URC1?marker=741311
815,638,USD,LAS,GUW,"Atyrau, Kazakhstan",KZ,2026-09-20,3,https://www.aviasales.com/search/LAS2009GUW1?marker=741311
816,639,USD,JFK,HGH,"Hangzhou, China",CN,2026-07-29,2,https://www.aviasales.com/search/JFK2907HGH1?marker=741311
817,640,USD,JFK,SKT,"Sialkot, Pakistan",PK,2026-11-11,2,https://www.aviasales.com/search/JFK1111SKT1?marker=741311
818,642,USD,JFK,GRV,"Groznyy, Russia",RU,2026-09-02,3,https://www.aviasales.com/search/JFK0209GRV1?marker=741311
819,642,USD,JFK,ZNZ,"Zanzibar, Tanzania",TZ,2026-09-04,2,https://www.aviasales.com/search/JFK0409ZNZ1?marker=741311
820,642,USD,SFO,RAR,"Rarotonga, Cook Islands",CK,2026-09-10,1,https://www.aviasales.com/search/SFO1009RAR1?marker=741311
821,643,USD,JFK,KSN,"Kostanay, Kazakhstan",KZ,2026-08-11,3,https://www.aviasales.com/search/JFK1108KSN1?marker=741311
822,644,USD,JFK,ASB,"Ashgabat, Turkmenistan",TM,2026-08-21,1,https://www.aviasales.com/search/JFK2108ASB1?marker=741311
823,644,USD,IAH,IXL,"Leh, India",IN,2026-09-19,3,https://www.aviasales.com/search/IAH1909IXL1?marker=741311
824,645,USD,JFK,OMS,"Omsk, Russia",RU,2026-08-26,3,https://www.aviasales.com/search/JFK2608OMS1?marker=741311
825,645,USD,JFK,OVB,"Novosibirsk, Russia",RU,2026-09-19,4,https://www.aviasales.com/search/JFK1909OVB1?marker=741311
826,646,USD,DFW,BJL,"Banjul, Gambia",GM,2026-08-06,2,https://www.aviasales.com/search/DFW0608BJL1?marker=741311
827,646,USD,PHX,HNS,"Haines, United States",US,2026-07-29,2,https://www.aviasales.com/search/PHX2907HNS1?marker=741311
828,650,USD,SFO,OOL,"Gold Coast, Australia",AU,2026-08-03,3,https://www.aviasales.com/search/SFO0308OOL1?marker=741311
829,652,USD,JFK,SCW,"Syktyvkar, Russia",RU,2026-09-14,4,https://www.aviasales.com/search/JFK1409SCW1?marker=741311
830,656,USD,BOS,RKT,"Ras Al Khaimah, United Arab Emirates",AE,2026-08-07,2,https://www.aviasales.com/search/BOS0708RKT1?marker=741311
831,657,USD,SLC,PNQ,"Pune, India",IN,2026-08-19,4,https://www.aviasales.com/search/SLC1908PNQ1?marker=741311
832,659,USD,JFK,KJA,"Krasnoyarsk, Russia",RU,2026-09-19,4,https://www.aviasales.com/search/JFK1909KJA1?marker=741311
833,663,USD,JFK,NMA,"Namangan, Uzbekistan",UZ,2026-08-09,2,https://www.aviasales.com/search/JFK0908NMA1?marker=741311
834,663,USD,JFK,LOP,"Praya, Indonesia",ID,2026-11-13,2,https://www.aviasales.com/search/JFK1311LOP1?marker=741311
835,667,USD,IAH,HDF,"Heringsdorf, Germany",DE,2026-07-31,2,https://www.aviasales.com/search/IAH3107HDF1?marker=741311
836,670,USD,LAX,ADL,"Adelaide, Australia",AU,2026-08-07,2,https://www.aviasales.com/search/LAX0708ADL1?marker=741311
837,670,USD,BOS,YYR,"Happy Valley-Goose Bay, Canada",CA,2026-07-29,2,https://www.aviasales.com/search/BOS2907YYR1?marker=741311
838,675,USD,ORD,BAR,"Qionghai, China",CN,2026-09-16,4,https://www.aviasales.com/search/ORD1609BAR1?marker=741311
839,676,USD,IAH,GNJ,"Ganja, Azerbaijan",AZ,2026-08-04,3,https://www.aviasales.com/search/IAH0408GNJ1?marker=741311
840,677,USD,IAD,UKK,"Oskemen, Kazakhstan",KZ,2026-11-19,4,https://www.aviasales.com/search/IAD1911UKK1?marker=741311
841,678,USD,JFK,GVR,"Governador Valadares, Brazil",BR,2026-08-14,3,https://www.aviasales.com/search/JFK1408GVR1?marker=741311
842,679,USD,JFK,JNB,"Johannesburg, South Africa",ZA,2026-11-05,3,https://www.aviasales.com/search/JFK0511JNB1?marker=741311
843,679,USD,DEN,SWQ,"Sumbawa Besar, Indonesia",ID,2026-10-06,3,https://www.aviasales.com/search/DEN0610SWQ1?marker=741311
844,682,USD,JFK,IKT,"Irkutsk, Russia",RU,2026-10-30,2,https://www.aviasales.com/search/JFK3010IKT1?marker=741311
845,685,USD,JFK,ASF,"Astrakhan, Russia",RU,2026-09-08,3,https://www.aviasales.com/search/JFK0809ASF1?marker=741311
846,688,USD,JFK,KGP,"Kogalym, Russia",RU,2026-08-13,3,https://www.aviasales.com/search/JFK1308KGP1?marker=741311
847,688,USD,LAX,CNS,"Cairns, Australia",AU,2026-08-07,1,https://www.aviasales.com/search/LAX0708CNS1?marker=741311
848,690,USD,JFK,AKX,"Aktobe, Kazakhstan",KZ,2026-08-13,2,https://www.aviasales.com/search/JFK1308AKX1?marker=741311
849,696,USD,SFO,KHV,"Khabarovsk, Russia",RU,2026-08-20,2,https://www.aviasales.com/search/SFO2008KHV1?marker=741311
850,698,USD,JFK,HGR,"Hagerstown, United States",US,2026-08-03,2,https://www.aviasales.com/search/JFK0308HGR1?marker=741311
851,701,USD,JFK,STV,"Surat, India",IN,2026-10-31,2,https://www.aviasales.com/search/JFK3110STV1?marker=741311
852,702,USD,JFK,NCU,"Nukus, Uzbekistan",UZ,2026-08-08,3,https://www.aviasales.com/search/JFK0808NCU1?marker=741311
853,711,USD,ORD,KSQ,"Qarshi, Uzbekistan",UZ,2026-08-22,2,https://www.aviasales.com/search/ORD2208KSQ1?marker=741311
854,714,USD,JFK,CSY,"Cheboksary, Russia",RU,2026-07-27,3,https://www.aviasales.com/search/JFK2707CSY1?marker=741311
855,715,USD,MIA,CYA,"Les Cayes, Haiti",HT,2026-08-12,3,https://www.aviasales.com/search/MIA1208CYA1?marker=741311
856,715,USD,LAX,DRW,"Darwin, Australia",AU,2026-08-07,3,https://www.aviasales.com/search/LAX0708DRW1?marker=741311
857,715,USD,LAX,TRZ,"Tiruchirappalli, India",IN,2026-12-01,4,https://www.aviasales.com/search/LAX0112TRZ1?marker=741311
858,719,USD,BOS,OGZ,"Vladikavkaz, Russia",RU,2026-08-04,3,https://www.aviasales.com/search/BOS0408OGZ1?marker=741311
859,722,USD,JFK,LXA,"Lhasa, China",CN,2026-09-18,3,https://www.aviasales.com/search/JFK1809LXA1?marker=741311
860,723,USD,IAD,OUA,"Ouagadougou, Burkina Faso",BF,2026-10-14,1,https://www.aviasales.com/search/IAD1410OUA1?marker=741311
861,724,USD,SEA,NBC,"Naberezhnye Chelny, Russia",RU,2026-08-16,4,https://www.aviasales.com/search/SEA1608NBC1?marker=741311
862,731,USD,SFO,RUR,"Rurutu, French Polynesia",PF,2026-09-20,1,https://www.aviasales.com/search/SFO2009RUR1?marker=741311
863,733,USD,JFK,BMU,"Bima, Indonesia",ID,2026-11-15,2,https://www.aviasales.com/search/JFK1511BMU1?marker=741311
864,734,USD,JFK,TNR,"Antananarivo, Madagascar",MG,2026-10-15,3,https://www.aviasales.com/search/JFK1510TNR1?marker=741311
865,734,USD,SAN,ENA,"Kenai, United States",US,2026-08-03,3,https://www.aviasales.com/search/SAN0308ENA1?marker=741311
866,738,USD,JFK,VIJ,"Virgin Gorda, British Virgin Islands",VG,2026-07-30,1,https://www.aviasales.com/search/JFK3007VIJ1?marker=741311
867,739,USD,IAD,LBV,"Libreville, Gabon",GA,2026-08-02,1,https://www.aviasales.com/search/IAD0208LBV1?marker=741311
868,739,USD,LAX,IPC,"Easter Island, Chile",CL,2026-10-19,3,https://www.aviasales.com/search/LAX1910IPC1?marker=741311
869,740,USD,JFK,GDZ,"Gelendzik, Russia",RU,2026-08-21,3,https://www.aviasales.com/search/JFK2108GDZ1?marker=741311
870,744,USD,IAD,YAO,"Yaounde, Cameroon",CM,2026-09-01,2,https://www.aviasales.com/search/IAD0109YAO1?marker=741311
871,746,USD,BOS,GOH,"Nuuk, Greenland",GL,2026-08-23,1,https://www.aviasales.com/search/BOS2308GOH1?marker=741311
872,746,USD,SEA,BKO,"Bamako, Mali",ML,2026-07-30,2,https://www.aviasales.com/search/SEA3007BKO1?marker=741311
873,755,USD,IAH,WUH,"Wuhan, China",CN,2026-10-07,2,https://www.aviasales.com/search/IAH0710WUH1?marker=741311
874,765,USD,JFK,MRU,"Mauritius, Mauritius",MU,2026-08-22,1,https://www.aviasales.com/search/JFK2208MRU1?marker=741311
875,765,USD,DFW,DMM,"Dammam, Saudi Arabia",SA,2026-08-01,2,https://www.aviasales.com/search/DFW0108DMM1?marker=741311
876,774,USD,LAX,RTW,"Saratov, Russia",RU,2026-08-01,4,https://www.aviasales.com/search/LAX0108RTW1?marker=741311
877,776,USD,FLL,SEZ,"Mahe, Seychelles",SC,2026-08-31,4,https://www.aviasales.com/search/FLL3108SEZ1?marker=741311
878,777,USD,SAN,HSA,"Turkistan, Kazakhstan",KZ,2026-09-16,4,https://www.aviasales.com/search/SAN1609HSA1?marker=741311
879,787,USD,ORD,LBD,"Khujand, Tajikistan",TJ,2026-08-10,3,https://www.aviasales.com/search/ORD1008LBD1?marker=741311
880,811,USD,LAX,TJM,"Tyumen, Russia",RU,2026-08-03,4,https://www.aviasales.com/search/LAX0308TJM1?marker=741311
881,812,USD,JFK,YKS,"Yakutsk, Russia",RU,2026-08-09,3,https://www.aviasales.com/search/JFK0908YKS1?marker=741311
882,814,USD,BOS,TOF,"Tomsk, Russia",RU,2026-08-09,3,https://www.aviasales.com/search/BOS0908TOF1?marker=741311
883,815,USD,JFK,KOW,"Ganzhou, China",CN,2026-08-05,3,https://www.aviasales.com/search/JFK0508KOW1?marker=741311
884,823,USD,ORD,NYM,"Nadym, Russia",RU,2026-08-03,4,https://www.aviasales.com/search/ORD0308NYM1?marker=741311
885,824,USD,IAH,BSR,"Basra, Iraq",IQ,2026-07-27,2,https://www.aviasales.com/search/IAH2707BSR1?marker=741311
886,830,USD,JFK,KRO,"Kurgan, Russia",RU,2026-08-05,3,https://www.aviasales.com/search/JFK0508KRO1?marker=741311
887,832,USD,LAX,AZN,"Andijan, Uzbekistan",UZ,2026-08-21,3,https://www.aviasales.com/search/LAX2108AZN1?marker=741311
888,844,USD,DTW,SPN,"Saipan, Northern Mariana Islands",MP,2027-01-12,3,https://www.aviasales.com/search/DTW1201SPN1?marker=741311
889,851,USD,SFO,ZQN,"Queenstown, New Zealand",NZ,2026-08-07,3,https://www.aviasales.com/search/SFO0708ZQN1?marker=741311
890,851,USD,SEA,CHX,"Changuinola, Panama",PA,2026-08-01,3,https://www.aviasales.com/search/SEA0108CHX1?marker=741311
891,858,USD,JFK,IJK,"Izhevsk, Russia",RU,2026-07-28,4,https://www.aviasales.com/search/JFK2807IJK1?marker=741311
892,862,USD,LAX,ARH,"Arkhangelsk, Russia",RU,2026-08-28,3,https://www.aviasales.com/search/LAX2808ARH1?marker=741311
893,863,USD,BNA,JBK,"Qitai County, China",CN,2026-08-03,3,https://www.aviasales.com/search/BNA0308JBK1?marker=741311
894,867,USD,JFK,PTG,"Polokwane, South Africa",ZA,2026-09-26,4,https://www.aviasales.com/search/JFK2609PTG1?marker=741311
895,867,USD,BNA,DLA,"Douala, Cameroon",CM,2026-08-03,2,https://www.aviasales.com/search/BNA0308DLA1?marker=741311
896,869,USD,JFK,WDH,"Windhoek, Namibia",NA,2026-08-23,2,https://www.aviasales.com/search/JFK2308WDH1?marker=741311
897,869,USD,JFK,UUD,"Ulan-Ude, Russia",RU,2026-10-28,4,https://www.aviasales.com/search/JFK2810UUD1?marker=741311
898,875,USD,ATL,SGC,"Surgut, Russia",RU,2026-08-20,4,https://www.aviasales.com/search/ATL2008SGC1?marker=741311
899,879,USD,JFK,IKU,"Tamchy, Kyrgyzstan",KG,2026-08-10,3,https://www.aviasales.com/search/JFK1008IKU1?marker=741311
900,879,USD,TPA,JIB,"Djibouti, Djibouti",DJ,2026-08-09,2,https://www.aviasales.com/search/TPA0908JIB1?marker=741311
901,893,USD,LAX,BAX,"Barnaul, Russia",RU,2026-08-03,4,https://www.aviasales.com/search/LAX0308BAX1?marker=741311
902,904,USD,ORD,PKC,"Petropavlovsk-Kamchatsky, Russia",RU,2026-09-23,4,https://www.aviasales.com/search/ORD2309PKC1?marker=741311
903,908,USD,RDU,FIH,"Kinshasa, Democratic Republic of the Congo",CD,2026-07-27,2,https://www.aviasales.com/search/RDU2707FIH1?marker=741311
904,914,USD,JFK,UUS,"Yuzhno-Sakhalinsk, Russia",RU,2026-08-03,3,https://www.aviasales.com/search/JFK0308UUS1?marker=741311
905,931,USD,PHL,PPK,"Petropavl, Kazakhstan",KZ,2026-08-19,3,https://www.aviasales.com/search/PHL1908PPK1?marker=741311
906,941,USD,DEN,ARK,"Arusha, Tanzania",TZ,2026-12-01,3,https://www.aviasales.com/search/DEN0112ARK1?marker=741311
907,960,USD,ATL,KEJ,"Kemerovo, Russia",RU,2026-07-31,3,https://www.aviasales.com/search/ATL3107KEJ1?marker=741311
908,970,USD,JFK,NAJ,"Nakhichevan, Azerbaijan",AZ,2026-08-20,3,https://www.aviasales.com/search/JFK2008NAJ1?marker=741311
909,979,USD,JFK,BQS,"Blagoveschensk, Russia",RU,2026-08-14,4,https://www.aviasales.com/search/JFK1408BQS1?marker=741311
910,981,USD,SAN,LAD,"Luanda, Angola",AO,2026-08-20,2,https://www.aviasales.com/search/SAN2008LAD1?marker=741311
911,994,USD,SFO,KVX,"Kirov, Russia",RU,2026-08-01,4,https://www.aviasales.com/search/SFO0108KVX1?marker=741311
912,1025,USD,DEN,HGA,"Hargeisa, Somalia",SO,2026-07-29,2,https://www.aviasales.com/search/DEN2907HGA1?marker=741311
913,1031,USD,PHL,MLW,"Monrovia, Liberia",LR,2026-09-01,2,https://www.aviasales.com/search/PHL0109MLW1?marker=741311
914,1032,USD,IAH,HAQ,"Hanimaadhoo, Maldives",MV,2026-09-13,2,https://www.aviasales.com/search/IAH1309HAQ1?marker=741311
915,1043,USD,LAX,DYR,"Anadyr, Russia",RU,2026-08-03,4,https://www.aviasales.com/search/LAX0308DYR1?marker=741311
916,1043,USD,DFW,TMJ,"Termez, Uzbekistan",UZ,2026-08-01,4,https://www.aviasales.com/search/DFW0108TMJ1?marker=741311
917,1059,USD,JFK,USH,"Ushuaia, Argentina",AR,2026-07-31,3,https://www.aviasales.com/search/JFK3107USH1?marker=741311
918,1059,USD,BOS,CAC,"Cascavel, Brazil",BR,2026-12-19,3,https://www.aviasales.com/search/BOS1912CAC1?marker=741311
919,1126,USD,SEA,VFA,"Victoria Falls, Zimbabwe",ZW,2026-08-09,2,https://www.aviasales.com/search/SEA0908VFA1?marker=741311
920,1132,USD,MCO,GDX,"Magadan, Russia",RU,2026-08-19,4,https://www.aviasales.com/search/MCO1908GDX1?marker=741311
921,1145,USD,JFK,CAY,"Cayenne, French Guiana",GF,2027-01-01,3,https://www.aviasales.com/search/JFK0101CAY1?marker=741311
922,1179,USD,JFK,MOQ,"Morondava, Madagascar",MG,2026-09-07,2,https://www.aviasales.com/search/JFK0709MOQ1?marker=741311
923,1214,USD,JFK,HTA,"Chita, Russia",RU,2026-07-28,3,https://www.aviasales.com/search/JFK2807HTA1?marker=741311
924,1225,USD,LAX,PHC,"Port Harcourt, Nigeria",NG,2026-12-10,2,https://www.aviasales.com/search/LAX1012PHC1?marker=741311
925,1238,USD,ORD,REN,"Orenburg, Russia",RU,2026-08-01,2,https://www.aviasales.com/search/ORD0108REN1?marker=741311
926,1298,USD,LAX,ULY,"Ulyanovsk, Russia",RU,2026-08-17,2,https://www.aviasales.com/search/LAX1708ULY1?marker=741311
927,1307,USD,JFK,NLK,"Norfolk Island, Norfolk Island",NF,2026-08-06,3,https://www.aviasales.com/search/JFK0608NLK1?marker=741311
928,1351,USD,JFK,PNI,"Pohnpei, Micronesia",FM,2026-08-19,3,https://www.aviasales.com/search/JFK1908PNI1?marker=741311
929,1358,USD,LAX,WLS,"Wallis Island, Wallis and Futuna",WF,2026-12-17,2,https://www.aviasales.com/search/LAX1712WLS1?marker=741311
930,1360,USD,DFW,RRG,"Rodrigues Island, Mauritius",MU,2026-12-27,3,https://www.aviasales.com/search/DFW2712RRG1?marker=741311
931,1622,USD,ORD,ULK,"Lensk, Russia",RU,2026-08-03,4,https://www.aviasales.com/search/ORD0308ULK1?marker=741311
932,1755,USD,ORD,JAV,"Ilulissat, Greenland",GL,2027-01-01,2,https://www.aviasales.com/search/ORD0101JAV1?marker=741311
