rank,price,currency,origin,destination_code,destination_name,country_code,depart,stops,booking_link
1,23,USD,LAX,LAS,"Las Vegas, United States",US,2026-09-21,0,https://www.aviasales.com/search/LAX2109LAS1?t=F917900282401790033280000084LAXLAS_a314cb14dbff5b07650dc8165a9a6d36_1795&search_date=26072026&expected_price_uuid=019fa0d7-0709-8040-a256-e08068419d0b&static_fare_key=TY%7CP0%7CH0%7CL0%7CCH0%7CR0%7CTBC0&itinerary_key=Zx8coXvE8io7oKQheKgx0Q&expected_price_source=share&expected_price_currency=usd&expected_price=23&marker=741311
2,23,USD,LAX,SFO,"San Francisco, United States",US,2026-09-14,0,https://www.aviasales.com/search/ONT1409SFO1?t=F917893876201789393380000096ONTSFO_d3365540ebab4c0c02538ec30facdfd4_1786&search_date=25072026&expected_price_uuid=019f982c-ecc7-8040-2b75-fdc3c5da635d&static_fare_key=TY%7CP0%7CH0%7CL0%7CCH0%7CR0%7CTBC0&itinerary_key=DzgxN1MZIrw1xekue4AWhg&expected_price_source=share&expected_price_currency=usd&expected_price=23&marker=741311
3,19,USD,SFO,LAX,"Los Angeles, United States",US,2026-09-24,0,https://www.aviasales.com/search/SFO2409LAX1?t=F917902414801790247120000094SFOLAX_0af34379ef6e614dad8f0d217ff5bd8f_1521&search_date=22072026&expected_price_uuid=019f8946-e9eb-8030-a0b0-34f8277bffb2&static_fare_key=TY%7CP0%7CH0%7CL0%7CCH0%7CR0%7CTBC0&itinerary_key=DjJaFtCd_9n4te3U3Kvyvg&expected_price_source=share&expected_price_currency=usd&expected_price=19&marker=741311
4,22,USD,SFO,SAN,"San Diego, United States",US,2026-08-22,0,https://www.aviasales.com/search/SFO2208SAN1?t=F917874040201787410200000103SFOSAN_ca6c187179d662f90f7d51908cd0aeb7_1723&search_date=23072026&expected_price_uuid=019f910f-aebf-8050-6c50-f92156659c7a&static_fare_key=TY%7CP1%7CH0%7CL0%7CCH1_0%7CR1%7CTBC0&itinerary_key=ceCpnOLkM33aXMz0F5ofxA&expected_price_source=share&expected_price_currency=usd&expected_price=22&marker=741311
5,41,USD,SFO,ONT,"Ontario, United States",US,2026-08-18,0,https://www.aviasales.com/search/SFO1808ONT1?t=F917870563801787061780000090SFOONT_4fe511ccc4fadbb3a62a2645710d26f2_3190&search_date=26072026&expected_price_uuid=019f9faa-510e-8030-2fc0-df1f5958cc61&static_fare_key=TY%7CP0%7CH0%7CL0%7CCH0%7CR0%7CTBC0&itinerary_key=-t3vrMmhXCoBlMgr--owdQ&expected_price_source=share&expected_price_currency=usd&expected_price=41&marker=741311
6,23,USD,ATL,DFW,"Dallas, United States",US,2026-10-17,0,https://www.aviasales.com/search/ATL1710DFW1?t=F917922168001792222440000154ATLDFW_ce6c36153baa8fe898ce0df8ff438f68_1844&search_date=22072026&expected_price_uuid=019f8ad6-03fb-8030-6a4e-ab3b19803a27&static_fare_key=TY%7CP0%7CH0%7CL0%7CCH0%7CR0%7CTBC0&itinerary_key=s9RKm8ix4N11mdjG651CKw&expected_price_source=share&expected_price_currency=usd&expected_price=23&marker=741311
7,24,USD,ATL,JAX,"Jacksonville, United States",US,2026-08-22,0,https://www.aviasales.com/search/ATL2208JAX1?t=F917874176401787422200000076ATLJAX_6cd5d83d84c8e57553d83c220c039edd_1872&search_date=22072026&expected_price_uuid=019f8c20-8bdd-8040-6ead-4c309da149e8&static_fare_key=TY%7CP0%7CH0%7CL0%7CCH0%7CR0%7CTBC0&itinerary_key=aBrfD-CwiIX9ptpRF9fWWw&expected_price_source=share&expected_price_currency=usd&expected_price=24&marker=741311
8,24,USD,DFW,MSY,"New Orleans, United States",US,2026-08-17,0,https://www.aviasales.com/search/DFW1708MSY1?t=F917869672801786973340000101DFWMSY_6edc41d43a48d92a46fe0b3ee01375fa_1865&search_date=25072026&expected_price_uuid=019f99ae-de24-8040-2b96-6be2474abf3b&static_fare_key=TY%7CP0%7CH0%7CL0%7CCH0%7CR0%7CTBC0&itinerary_key=FOQalzF5M9FMdeQD4gI8vQ&expected_price_source=share&expected_price_currency=usd&expected_price=24&marker=741311
9,27,USD,ATL,ORL,"Orlando, United States",US,2026-08-24,0,https://www.aviasales.com/search/ATL2408ORL1?t=F917875755001787581560000101ATLMCO_feec5f25acbf559729f3464f262a9ba1_2107&search_date=27072026&expected_price_uuid=019fa409-1c2a-8040-a818-b65a91a26be1&static_fare_key=TY%7CP0%7CH0%7CL0%7CCH0%7CR0%7CTBC0&itinerary_key=SlHAaYbupI0qgKrRM_mPUA&expected_price_source=share&expected_price_currency=usd&expected_price=27&marker=741311
10,27,USD,DFW,ATL,"Atlanta, United States",US,2026-08-19,0,https://www.aviasales.com/search/DFW1908ATL1?t=F917871336001787146020000147DFWATL_d057582275533700fa547a38f82a8dbc_2083&search_date=23072026&expected_price_uuid=019f8f82-205d-8050-a9ac-6cd468423119&static_fare_key=TY%7CP0%7CH0%7CL0%7CCH1_0%7CR1%7CTBC0&itinerary_key=KwI6zQVWtHzXzbQJ_yn8RQ&expected_price_source=share&expected_price_currency=usd&expected_price=27&marker=741311
11,28,USD,CLT,BWI,"Baltimore, United States",US,2026-08-15,0,https://www.aviasales.com/search/CLT1508BWI1?t=F917868010801786807020000099CLTBWI_ccf51e7b9dec8e33f262277565f8a733_2188&search_date=26072026&expected_price_uuid=019f9f40-9cc8-8040-a122-971ada2d6336&static_fare_key=TY%7CP0%7CH0%7CL0%7CCH0%7CR0%7CTBC0&itinerary_key=L9DGNj7TX3TBFtvMqcyUxA&expected_price_source=share&expected_price_currency=usd&expected_price=28&marker=741311
12,28,USD,AUS,DEN,"Denver, United States",US,2026-09-02,0,https://www.aviasales.com/search/AUS0209DEN1?t=F917883801001788385440000149AUSDEN_b594d43f72189b4a99a663f4fe8b0637_2197&search_date=21072026&expected_price_uuid=019f8222-ec21-8040-2f8c-3e7ba4f4705f&static_fare_key=TY%7CP0%7CH0%7CL0%7CCH0%7CR0%7CTBC0&itinerary_key=t2ECRPJSagpZ2GMHbV1b9g&expected_price_source=share&expected_price_currency=usd&expected_price=28&marker=741311
13,28,USD,LAX,PHX,"Phoenix, United States",US,2026-10-17,0,https://www.aviasales.com/search/LAX1710PHX1?t=F917922664201792272060000094LAXPHX_9402ca278a5ee60cdb6452dd77b2f7bf_2186&search_date=26072026&expected_price_uuid=019fa07f-7774-8040-6e6c-a6491bbe988a&static_fare_key=TY%7CP0%7CH0%7CL0%7CCH0%7CR0%7CTBC0&itinerary_key=mKXmaoE4WRarBO-YrBSlQQ&expected_price_source=share&expected_price_currency=usd&expected_price=28&marker=741311
14,30,USD,IAD,SAV,"Savannah, United States",US,2026-08-02,0,https://www.aviasales.com/search/IAD0208SAV1?t=G417857044601785711000000109IADSAV_c488b6e0f28d6b1fae4e1ffca7c841b5_2355&search_date=23072026&expected_price_uuid=019f8d89-3051-8030-eccf-3c05188914e8&static_fare_key=TY%7CP0%7CH0%7CL0%7CCH0%7CR0%7CTBC0&itinerary_key=B1sNDRlLTCaQGTRZPf9miQ&origin_airports=0&expected_price_source=share&expected_price_currency=usd&expected_price=30&marker=741311
15,30,USD,LAS,SEA,"Seattle, United States",US,2026-09-01,0,https://www.aviasales.com/search/LAS0109SEA1?t=F917882487001788259140000174LASSEA_88218deb426456433da4102fad7e9d69_2302&search_date=27072026&expected_price_uuid=019fa24c-bd62-8040-6f22-212271a26738&static_fare_key=TY%7CP0%7CH0%7CL0%7CCH0%7CR0%7CTBC0&itinerary_key=LKmmOjPOEprabJ5v2eDBRw&expected_price_source=share&expected_price_currency=usd&expected_price=30&marker=741311
17,32,USD,ATL,MKC,"Kansas City, United States",US,2026-08-24,0,https://www.aviasales.com/search/ATL2408MKC1?t=F917875637401787568060000132ATLMCI_341011939872527ecf291d6cec2e3935_2486&search_date=25072026&expected_price_uuid=019f96cd-cbb5-8030-ede0-3751be912b18&static_fare_key=TY%7CP0%7CH0%7CL0%7CCH0%7CR0%7CTBC0&itinerary_key=SySjUoMJ8fVCubEuqqOxYg&expected_price_source=share&expected_price_currency=usd&expected_price=32&marker=741311
18,35,USD,DEN,SLC,"Salt Lake City, United States",US,2026-08-22,0,https://www.aviasales.com/search/DEN2208SLC1?t=F917873784001787383860000091DENSLC_96f0920a7c6f34b509ab548f10a32a25_2730&search_date=22072026&expected_price_uuid=019f8c17-47bb-8040-2ae4-b84117a5a2fd&static_fare_key=TY%7CP0%7CH0%7CL0%7CCH0%7CR0%7CTBC0&itinerary_key=V3ecbmwNvCkVw1Su8uyxwA&expected_price_source=share&expected_price_currency=usd&expected_price=35&marker=741311
19,37,USD,FLL,CHI,"Chicago, United States",US,2026-09-01,0,https://www.aviasales.com/search/FLL0109CHI1?t=F917882578801788267000000212FLLORD_0e04317d08418e1d52698ce97ba42488_2890&search_date=24072026&expected_price_uuid=019f9425-1512-8040-acc4-03bc3cc18e8d&static_fare_key=TY%7CP0%7CH0%7CL0%7CCH0%7CR0%7CTBC0&itinerary_key=pT03HbcljL4k6ncE-Nrlkw&expected_price_source=share&expected_price_currency=usd&expected_price=37&marker=741311
20,38,USD,ATL,WAS,"Washington, United States",US,2026-08-22,0,https://www.aviasales.com/search/ATL2208WAS1?t=F917874115801787418840000121ATLIAD_29b1e719411c2da7483acbd4405015b0_2928&search_date=27072026&expected_price_uuid=019fa3d2-65bc-8030-64cf-2b5e9b9aac03&static_fare_key=TY%7CP0%7CH0%7CL0%7CCH0%7CR0%7CTBC0&itinerary_key=HwDqGU-DSNmqTY1qlmbbFw&expected_price_source=share&expected_price_currency=usd&expected_price=38&marker=741311
21,38,USD,TPA,FLL,"Fort Lauderdale, United States",US,2026-08-19,0,https://www.aviasales.com/search/TPA1908FLL1?t=MX17871730201787177040000067TPAFLL_35db2e9352fd061ecd46a6ef57602246_2971&search_date=26072026&expected_price_uuid=019f9e03-0347-8040-2c06-49a4f7be3e7d&static_fare_key=TY%7CP0%7CH0%7CL0%7CCH0%7CR0%7CTBC0&itinerary_key=TBythrkY3pWoyOPzbFx0-g&expected_price_source=share&expected_price_currency=usd&expected_price=38&marker=741311
22,38,USD,ATL,MIA,"Miami, United States",US,2026-08-24,0,https://www.aviasales.com/search/ATL2408MIA1?t=F917875810201787588460000124ATLMIA_d8299554613f59719e727b7c6f4b303a_2971&search_date=26072026&expected_price_uuid=019f9f45-ef43-8040-65a8-2dba12e9efb0&static_fare_key=TY%7CP0%7CH0%7CL0%7CCH0%7CR0%7CTBC0&itinerary_key=BSViCqdDC89QF_Qm3w6CVw&expected_price_source=share&expected_price_currency=usd&expected_price=38&marker=741311
23,39,USD,LAS,HOU,"Houston, United States",US,2026-09-09,0,https://www.aviasales.com/search/LAS0909HOU1?t=F917889587401788978300000206LASIAH_3ecde08f790f7ef167df49ffad59cd14_3049&search_date=26072026&expected_price_uuid=019f9ff7-d2e0-8030-af93-e4b6ca214086&static_fare_key=TY%7CP0%7CH0%7CL0%7CCH0%7CR0%7CTBC0&itinerary_key=3ueFBc6IqwRgtzW4Zlh6UQ&expected_price_source=share&expected_price_currency=usd&expected_price=39&marker=741311
24,39,USD,FLL,TPA,"Tampa, United States",US,2026-09-01,0,https://www.aviasales.com/search/FLL0109TPA1?t=MX17882460001788250080000068FLLTPA_412e64430f919a42b156f0a0b62fbc88_3029&search_date=24072026&expected_price_uuid=019f95cd-71b2-8040-2193-7b6f0e4d1529&static_fare_key=TY%7CP0%7CH0%7CL0%7CCH0%7CR0%7CTBC0&itinerary_key=ZXmFVIetb69QSq-PE6ZmjA&expected_price_source=share&expected_price_currency=usd&expected_price=39&marker=741311
25,39,USD,IAD,TYS,"Knoxville, United States",US,2026-08-03,0,https://www.aviasales.com/search/IAD0308TYS1?t=G417857701601785775320000086IADTYS_1c453e8e313aa2d07f57f3c3b8a1f410_3030&search_date=24072026&expected_price_uuid=019f9668-30fe-8030-654a-4e9490d2fb94&static_fare_key=TY%7CP0%7CH0%7CL0%7CCH0%7CR0%7CTBC0&itinerary_key=HbP2mHHOez-hxom229wroQ&origin_airports=0&expected_price_source=share&expected_price_currency=usd&expected_price=39&marker=741311
26,36,USD,FLL,SWF,"Newburgh, United States",US,2026-08-06,0,https://www.aviasales.com/search/FLL0608SWF1?t=G417859978001786009080000188FLLSWF_5b367359f159bd17e48245c1c938e4ef_2796&search_date=24072026&expected_price_uuid=019f959f-4245-8040-2002-0367d5af49fd&static_fare_key=TY%7CP0%7CH0%7CL0%7CCH0%7CR0%7CTBC0&itinerary_key=8yTX9cVvfwwoQ7XKM2Ce3A&expected_price_source=share&expected_price_currency=usd&expected_price=36&marker=741311
27,42,USD,LAX,YVR,"Vancouver, Canada",CA,2026-10-02,2,https://www.aviasales.com/search/LAX0210YVR1?t=WS17909262001790962200000600LAXYYCYEGYVR_d862403301d61ad6011389030c026dae_3261&search_date=24072026&expected_price_uuid=019f9507-5286-8030-6d7e-a054f853ab21&static_fare_key=TY%7CP0%7CH0%7CL0%7CCH0%7CR0%7CTBC0&itinerary_key=NCkfrZQGlwMSGSVOuGeryA&expected_price_source=share&expected_price_currency=usd&expected_price=42&marker=741311
29,44,USD,ORD,CLE,"Cleveland, United States",US,2026-10-22,0,https://www.aviasales.com/search/ORD2210CLE1?t=AA17926523401792661700000096ORDCLE_d9d297275440e92f66ef658fb12e0bbf_3449&search_date=23072026&expected_price_uuid=019f8ef9-3dbf-8030-a654-07474402679d&static_fare_key=TY%7CP0%7CH0%7CL0%7CCH0%7CR0%7CTBC0&itinerary_key=jlSKnARQmp884aEIjJVM4Q&origin_airports=0&expected_price_source=share&expected_price_currency=usd&expected_price=44&marker=741311
30,46,USD,ATL,AUS,"Austin, United States",US,2026-08-13,0,https://www.aviasales.com/search/ATL1308AUS1?t=F917866338001786639140000149ATLAUS_7d531689d9f3a57ec9a15bc713f443ed_3602&search_date=22072026&expected_price_uuid=019f882e-1f43-8040-22b6-c6833d1d7c9b&static_fare_key=TY%7CP0%7CH0%7CL0%7CCH0%7CR0%7CTBC0&itinerary_key=dNs9-LodH4leSiLOFZfYhA&expected_price_source=share&expected_price_currency=usd&expected_price=46&marker=741311
31,46,USD,LAX,RNO,"Reno, United States",US,2026-08-18,0,https://www.aviasales.com/search/LAX1808RNO1?t=WN17870517001787057100000090LAXRNO_1d5935aa3a893c0b638fa393c005ae6d_3606&search_date=23072026&expected_price_uuid=019f8f21-9a95-8030-2ebc-6900c7168a52&static_fare_key=TY%7CP0%7CH0%7CL0%7CCH0%7CR0%7CTBC0&itinerary_key=em3G53Rg-u_teNbuq2TzOA&expected_price_source=share&expected_price_currency=usd&expected_price=46&marker=741311
32,47,USD,TPA,GSP,"Greenville, United States",US,2026-08-06,0,https://www.aviasales.com/search/TPA0608GSP1?t=G417860230601786028580000092PIEGSP_7cdfa04b66e912bdd98e06fbcf9b17a6_3652&search_date=25072026&expected_price_uuid=019f9999-21f6-8040-6d4e-530a39d267d7&static_fare_key=TY%7CP0%7CH0%7CL0%7CCH0%7CR0%7CTBC0&itinerary_key=PmrNojiUso8a78zFTkgjCg&expected_price_source=share&expected_price_currency=usd&expected_price=47&marker=741311
33,48,USD,MCO,NYC,"New York, United States",US,2026-11-03,0,https://www.aviasales.com/search/MCO0311NYC1?t=F917937117601793721540000163MCOLGA_2d45ac11ffd9185178776bb4ead383a3_3729&search_date=24072026&expected_price_uuid=019f9683-f4a2-8030-635c-cc94f575bf4d&static_fare_key=TY%7CP0%7CH0%7CL0%7CCH0%7CR0%7CTBC0&itinerary_key=RV7_Is2pb2RFDSuPfR0tlA&origin_airports=0&expected_price_source=share&expected_price_currency=usd&expected_price=48&marker=741311
34,49,USD,DCA,BOS,"Boston, United States",US,2026-09-26,0,https://www.aviasales.com/search/DCA2609BOS1?t=B617904507001790458620000132DCABOS_8ea7b5958a5ba9867185b2a6c14530ab_3807&search_date=25072026&expected_price_uuid=019f98cc-7c9e-8030-2204-5f6fc170e893&static_fare_key=TY%7CP0%7CH1%7CL0%7CCH0%7CR0%7CTBC0&itinerary_key=OQPLaFAULjshuZsX_bJjNw&origin_airports=0&expected_price_source=share&expected_price_currency=usd&expected_price=49&marker=741311
35,49,USD,MCO,AVL,"Asheville, United States",US,2026-08-03,0,https://www.aviasales.com/search/MCO0308AVL1?t=G417857547401785761040000105MCOAVL_e84ab084091a8bfce7419ea8a080ffce_3824&search_date=24072026&expected_price_uuid=019f93ba-22b5-8030-af7f-668a2b85b581&static_fare_key=TY%7CP0%7CH0%7CL0%7CCH0%7CR0%7CTBC0&itinerary_key=K062QLua874Jlbv3wa5FTA&origin_airports=0&expected_price_source=share&expected_price_currency=usd&expected_price=49&marker=741311
36,53,USD,MIA,SJU,"San Juan, Puerto Rico",PR,2026-10-05,0,https://www.aviasales.com/search/MIA0510SJU1?t=F917911878001791197580000163MIASJU_da13bd3c1be42a88655b273a4a2f001e_4121&search_date=25072026&expected_price_uuid=019f99c8-5afd-8040-a731-bb2f91d54088&static_fare_key=TY%7CP0%7CH0%7CL0%7CCH0%7CR0%7CTBC0&itinerary_key=y2Vsy04P-eneXuJ3ok2pkA&expected_price_source=share&expected_price_currency=usd&expected_price=53&marker=741311
37,50,USD,ORD,STL,"St Louis, United States",US,2026-08-19,0,https://www.aviasales.com/search/ORD1908STL1?t=UA17871713401787176800000091ORDSTL_d77b42dec1b250d5e19707a3012d13b9_3927&search_date=21072026&expected_price_uuid=019f84e3-89b2-8030-640d-04b88cc388f7&static_fare_key=TY%7CP0%7CH0%7CL0%7CCH0%7CR0%7CTBC0&itinerary_key=XK3oDY02wXhN878HtVwSYQ&origin_airports=0&expected_price_source=share&expected_price_currency=usd&expected_price=50&marker=741311
38,51,USD,ATL,PHL,"Philadelphia, United States",US,2026-08-22,0,https://www.aviasales.com/search/ATL2208PHL1?t=F917873751001787382900000130ATLPHL_afc9d8db4cb4083c11ed2adaecfdc812_3944&search_date=24072026&expected_price_uuid=019f9461-57a7-8030-a694-d266d5482291&static_fare_key=TY%7CP0%7CH0%7CL0%7CCH0%7CR0%7CTBC0&itinerary_key=1-mYilYoOqOMn2zd_AHQdQ&expected_price_source=share&expected_price_currency=usd&expected_price=51&marker=741311
39,51,USD,LAS,OAK,"Oakland, United States",US,2026-08-21,0,https://www.aviasales.com/search/LAS2108OAK1?t=F917873357401787341320000093LASOAK_5d3ba8f7467b787bbdda3d7cd275c064_3998&search_date=21072026&expected_price_uuid=019f85e4-87c2-8040-2719-cbd83ce08eae&static_fare_key=TY%7CP0%7CH0%7CL0%7CCH0%7CR0%7CTBC0&itinerary_key=mw1wNxqVl2qAbLmb5PVnVw&expected_price_source=share&expected_price_currency=usd&expected_price=51&marker=741311
40,53,USD,TPA,EYW,"Key West, United States",US,2026-08-04,0,https://www.aviasales.com/search/TPA0408EYW1?t=MX17858421601785846840000078TPAEYW_cc8156fbd1b5e3c038fe310f2690f075_4118&search_date=25072026&expected_price_uuid=019f9906-b885-8030-639a-96c643c89992&static_fare_key=TY%7CP0%7CH0%7CL0%7CCH0%7CR0%7CTBC0&itinerary_key=DnG93_Oz7P7UBrGm42T9NQ&expected_price_source=share&expected_price_currency=usd&expected_price=53&marker=741311
41,55,USD,LAS,MEM,"Memphis, United States",US,2026-08-14,0,https://www.aviasales.com/search/LAS1408MEM1?t=G417867205001786740060000206LASMEM_1dee6d31c0f542db442437825b61bfc3_4269&search_date=27072026&expected_price_uuid=019fa499-4bca-8030-ea67-60b46efdd418&static_fare_key=TY%7CP0%7CH0%7CL0%7CCH0%7CR0%7CTBC0&itinerary_key=Y8kpIwzxzAM2D0WAf8b8lw&expected_price_source=share&expected_price_currency=usd&expected_price=55&marker=741311
42,56,USD,BOS,PQI,"Presque Isle, United States",US,2026-08-20,0,https://www.aviasales.com/search/BOS2008PQI1?t=B617872593001787264220000082BOSPQI_19cada981487e5693a75039e64b18a7a_4398&search_date=21072026&expected_price_uuid=019f8549-1bb1-8040-6c86-8dcee2fc113a&static_fare_key=TY%7CP0%7CH1%7CL0%7CCH0%7CR0%7CTBC0&itinerary_key=_Z2iryZ6ezIq5cP9W6gWBA&expected_price_source=share&expected_price_currency=usd&expected_price=56&marker=741311
43,57,USD,MIA,RDU,"Raleigh, United States",US,2026-10-17,0,https://www.aviasales.com/search/MIA1710RDU1?t=F917922312001792239420000137MIARDU_91d0a30ff5daa7ca6d4a5598799208e7_4470&search_date=26072026&expected_price_uuid=019f9f90-feea-8040-a5a6-7ba6c4dcbae6&static_fare_key=TY%7CP1%7CH0%7CL0%7CCH1%7CR0%7CTBC0&itinerary_key=_E4ALnOCkyRHdwaw3i8JMg&expected_price_source=share&expected_price_currency=usd&expected_price=57&marker=741311
44,60,USD,PHL,CVG,"Cincinnati, United States",US,2026-08-21,1,https://www.aviasales.com/search/PHL2108CVG1?t=F917873307001787397660001116PHLATLCVG_ccdc64f696d96975204ca0ce2b8fce52_4703&search_date=21072026&expected_price_uuid=019f8568-86bb-8040-a5af-b574b7a5c863&static_fare_key=TY%7CP0%7CH0%7CL0%7CCH0%7CR0%7CTBC0&itinerary_key=50esgtARJ4Yv3XfOoBzS9w&expected_price_source=share&expected_price_currency=usd&expected_price=60&marker=741311
45,60,USD,ORD,MSP,"Minneapolis, United States",US,2026-10-20,0,https://www.aviasales.com/search/ORD2010MSP1?t=UA17925054001792511580000103ORDMSP_cd2e76ee50497a7376fa388496570b15_4719&search_date=27072026&expected_price_uuid=019fa125-f25c-8040-ab19-cccc6d9a216d&static_fare_key=TY%7CP0%7CH0%7CL0%7CCH0%7CR0%7CTBC0&itinerary_key=zJvq_uYDyQyyZX-b382Pww&origin_airports=0&expected_price_source=share&expected_price_currency=usd&expected_price=60&marker=741311
46,62,USD,LAX,SAC,"Sacramento, United States",US,2026-09-11,0,https://www.aviasales.com/search/LAX1109SAC1?t=F917891421601789147680000092LAXSMF_733eac04c3dab321ac8105292099d135_4826&search_date=24072026&expected_price_uuid=019f9537-d1d1-8030-ae6c-ef6b2e279b1e&static_fare_key=TY%7CP1%7CH0%7CL0%7CCH1_0%7CR1%7CTBC0&itinerary_key=4QANtoMJYZRtKXn4ECR9kw&expected_price_source=share&expected_price_currency=usd&expected_price=62&marker=741311
47,59,USD,PHX,LGB,"Long Beach, United States",US,2026-09-02,0,https://www.aviasales.com/search/PHX0209LAX1?t=F917883578401788423300001091PHXLASBUR_1b4869105407f1b29034878331792ff9_4550&search_date=26072026&expected_price_uuid=019f9cc5-b4ed-8030-a514-401ec5369f5d&static_fare_key=TY%7CP0%7CH0%7CL0%7CCH0%7CR0%7CTBC0&itinerary_key=6Y2yCCBqjXzCh7sdfZynFA&expected_price_source=share&expected_price_currency=usd&expected_price=59&marker=741311
48,63,USD,TPA,MYR,"Myrtle Beach, United States",US,2026-08-14,0,https://www.aviasales.com/search/TPA1408MYR1?t=MX17867103001786716360000101TPAMYR_090b62e24e6f922a923007558356f6e8_4938&search_date=21072026&expected_price_uuid=019f85a0-a1c9-8040-2fbd-78f101e5de39&static_fare_key=TY%7CP0%7CH0%7CL0%7CCH0%7CR0%7CTBC0&itinerary_key=iYIqFjy_xLzHwHkFf28igQ&expected_price_source=share&expected_price_currency=usd&expected_price=63&marker=741311
49,62,USD,DFW,ELD,"El Dorado, United States",US,2026-08-21,0,https://www.aviasales.com/search/DFW2108ELD1?t=LF17873088001787313300000075DFWELD_4108bb218d4d4821be0aa345d08c2f4b_4896&search_date=22072026&expected_price_uuid=019f8a21-b77f-8040-6bbe-6f1be03908f0&static_fare_key=TY%7CP0%7CH1%7CL0%7CCH0%7CR0%7CTBC0&itinerary_key=AIqApR2NPGPDJyHCDXQf7A&expected_price_source=share&expected_price_currency=usd&expected_price=62&marker=741311
50,64,USD,TPA,CHA,"Chattanooga, United States",US,2026-08-20,0,https://www.aviasales.com/search/TPA2008CHA1?t=G417872164001787222040000094PIECHA_06f01ad841fa545f88074a9347de9c9f_5004&search_date=26072026&expected_price_uuid=019f9ff6-eeac-8040-2793-7de0236087de&static_fare_key=TY%7CP0%7CH0%7CL0%7CCH0%7CR0%7CTBC0&itinerary_key=0oav98XvvY7lNGJHW44Amw&expected_price_source=share&expected_price_currency=usd&expected_price=64&marker=741311
51,64,USD,PHX,SOW,"Show Low, United States",US,2026-08-21,0,https://www.aviasales.com/search/PHX2108SOW1?t=LF17873388001787342400000060PHXSOW_6d71501300a9f9ec0a05ed382db27c87_5006&search_date=22072026&expected_price_uuid=019f88f1-ddb3-8040-2c70-3b9db8aa7d43&static_fare_key=TY%7CP0%7CH1%7CL0%7CCH0%7CR0%7CTBC0&itinerary_key=SktTbGtqfQ5-crcBVHSmCA&expected_price_source=share&expected_price_currency=usd&expected_price=64&marker=741311
52,65,USD,DEN,ELP,"El Paso, United States",US,2026-08-19,0,https://www.aviasales.com/search/DEN1908ELP1?t=F917871396001787146440000114DENELP_d652bde8cf88454b33acbdfe27e8c672_5049&search_date=25072026&expected_price_uuid=019f9ba9-cea7-8040-6707-49df7170e428&static_fare_key=TY%7CP0%7CH0%7CL0%7CCH0%7CR0%7CTBC0&itinerary_key=GfjZu1QHjAhEtsGnk0c04w&expected_price_source=share&expected_price_currency=usd&expected_price=65&marker=741311
53,65,USD,DFW,QRO,"Queretaro, Mexico",MX,2026-09-12,0,https://www.aviasales.com/search/DFW1209QRO1?t=VB17892471001789251720000137DFWQRO_004227f26161bfe805abee0df83a12b7_5095&search_date=22072026&expected_price_uuid=019f89bb-7692-8040-a318-7847815e882a&static_fare_key=TY%7CP0%7CH0%7CL0%7CCH0%7CR0%7CTBC0&itinerary_key=Z8LeX6A8WX9CpDJ3PGxNkg&expected_price_source=share&expected_price_currency=usd&expected_price=65&marker=741311
54,66,USD,DFW,IND,"Indianapolis, United States",US,2026-08-21,1,https://www.aviasales.com/search/DFW2108IND1?t=F917873064001787333160000386DFWATLIND_ea0fdc63dda3491c450ea0bc0b96e8ae_5155&search_date=22072026&expected_price_uuid=019f8792-f4a7-8040-aec1-0f4fb3e31178&static_fare_key=TY%7CP0%7CH0%7CL0%7CCH0%7CR0%7CTBC0&itinerary_key=b8-q0IHinG4BC-2zPiZwkg&expected_price_source=share&expected_price_currency=usd&expected_price=66&marker=741311
55,65,USD,SFO,PDX,"Portland, United States",US,2026-09-14,0,https://www.aviasales.com/search/SFO1409PDX1?t=UA17894253001789432620000122SFOPDX_3e03c818985e5e46406b6dc5f6c5965f_5068&search_date=24072026&expected_price_uuid=019f9676-3933-8030-6f23-11fc427aae3b&static_fare_key=TY%7CP0%7CH0%7CL0%7CCH0%7CR0%7CTBC0&itinerary_key=oTZZg0oq2WIqU2ANNyFxqA&expected_price_source=share&expected_price_currency=usd&expected_price=65&marker=741311
56,66,USD,DFW,CMH,"Columbus, United States",US,2026-08-25,1,https://www.aviasales.com/search/DFW2508CMH1?t=F917876520001787678700000385DFWATLCMH_8499b51abab641276c8e0d9715312dac_5150&search_date=27072026&expected_price_uuid=019fa153-8d4b-8040-2ac7-d9d6f673ada7&static_fare_key=TY%7CP0%7CH0%7CL0%7CCH0%7CR0%7CTBC0&itinerary_key=5vRQkC7OeaekPU9uZUngTA&expected_price_source=share&expected_price_currency=usd&expected_price=66&marker=741311
57,67,USD,ORD,IRK,"Kirksville, United States",US,2026-08-14,0,https://www.aviasales.com/search/ORD1408IRK1?t=LF17867184001786723800000090ORDIRK_51064b115b8de005a15de0b1549252cb_5262&search_date=22072026&expected_price_uuid=019f8993-0f42-8030-27b0-2c97bcc12858&static_fare_key=TY%7CP0%7CH1%7CL0%7CCH0%7CR0%7CTBC0&itinerary_key=4WYgsmS3-_gnnyoQ0rk-Og&origin_airports=0&expected_price_source=share&expected_price_currency=usd&expected_price=67&marker=741311
58,67,USD,LAS,STS,"Santa Rosa, United States",US,2026-09-17,0,https://www.aviasales.com/search/LAS1709STS1?t=AS17896563001789663140000114LASSTS_7d224a0a2b3a8446137e3fa778a683ed_5206&search_date=25072026&expected_price_uuid=019f9a10-9ab6-8040-aba8-020a4a55a8a6&static_fare_key=TY%7CP0%7CH1%7CL0%7CCH0%7CR0%7CTBC0&itinerary_key=bMdfVDxafnuaCKd_xWhbuw&expected_price_source=share&expected_price_currency=usd&expected_price=67&marker=741311
59,67,USD,ORD,PIT,"Pittsburgh, United States",US,2026-10-12,0,https://www.aviasales.com/search/ORD1210PIT1?t=AA17918388001791848580000103ORDPIT_577feb246e0b8746c00ae0f1c2d0d1b3_5263&search_date=26072026&expected_price_uuid=019fa0c6-b99d-8030-af88-083f8ca8fe9e&static_fare_key=TY%7CP0%7CH1%7CL0%7CCH0%7CR0%7CTBC0&itinerary_key=1SXZ-EoKG0KroeZ_-5O0AQ&origin_airports=0&expected_price_source=share&expected_price_currency=usd&expected_price=67&marker=741311
60,70,USD,ATL,ORF,"Norfolk, United States",US,2026-08-07,0,https://www.aviasales.com/search/ATL0708ORF1?t=F917860948801786101300000107ATLORF_a7bf2cd489db944f4e49645755931a33_5487&search_date=23072026&expected_price_uuid=019f8d32-30e6-8030-af85-05195d16a32b&static_fare_key=TY%7CP0%7CH0%7CL0%7CCH0%7CR0%7CTBC0&itinerary_key=9NRvzQW0td4e6WxUEFz83Q&expected_price_source=share&expected_price_currency=usd&expected_price=70&marker=741311
61,70,USD,JFK,BNA,"Nashville, United States",US,2026-08-29,0,https://www.aviasales.com/search/JFK2908BNA1?marker=741311
62,72,USD,SFO,PAE,"Everett, United States",US,2026-09-12,0,https://www.aviasales.com/search/SFO1209PAE1?marker=741311
63,72,USD,PDX,PDT,"Pendleton, United States",US,2026-08-26,0,https://www.aviasales.com/search/PDX2608PDT1?marker=741311
64,74,USD,ORD,GRR,"Grand Rapids, United States",US,2026-08-19,0,https://www.aviasales.com/search/ORD1908GRR1?marker=741311
65,74,USD,BNA,YTO,"Toronto, Canada",CA,2026-08-27,0,https://www.aviasales.com/search/BNA2708YTO1?marker=741311
66,77,USD,PHX,BIL,"Billings, United States",US,2026-08-02,0,https://www.aviasales.com/search/PHX0208BIL1?marker=741311
67,77,USD,LAS,EUG,"Eugene, United States",US,2026-08-20,0,https://www.aviasales.com/search/LAS2008EUG1?marker=741311
68,78,USD,DEN,OMA,"Omaha, United States",US,2026-08-21,0,https://www.aviasales.com/search/DEN2108OMA1?marker=741311
69,78,USD,SAN,FAT,"Fresno, United States",US,2026-08-21,0,https://www.aviasales.com/search/SAN2108FAT1?marker=741311
70,78,USD,SFO,PSP,"Palm Springs, United States",US,2026-08-29,0,https://www.aviasales.com/search/SFO2908PSP1?marker=741311
71,80,USD,SAN,GEG,"Spokane, United States",US,2026-10-01,2,https://www.aviasales.com/search/SAN0110GEG1?marker=741311
72,81,USD,LAS,SAT,"San Antonio, United States",US,2026-10-22,0,https://www.aviasales.com/search/LAS2210SAT1?marker=741311
73,81,USD,TPA,GPT,"Gulfport, United States",US,2026-07-31,0,https://www.aviasales.com/search/TPA3107GPT1?marker=741311
74,83,USD,DFW,CLT,"Charlotte, United States",US,2026-08-20,0,https://www.aviasales.com/search/DFW2008CLT1?marker=741311
75,83,USD,IAH,MLM,"Morelia, Mexico",MX,2026-12-26,0,https://www.aviasales.com/search/IAH2612MLM1?marker=741311
76,83,USD,MCO,SBY,"Salisbury-Ocean City, United States",US,2026-07-31,0,https://www.aviasales.com/search/MCO3107SBY1?marker=741311
77,84,USD,SAN,YYC,"Calgary, Canada",CA,2026-10-02,1,https://www.aviasales.com/search/SAN0210YYC1?marker=741311
78,84,USD,BOS,LEB,"Lebanon, United States",US,2026-07-31,0,https://www.aviasales.com/search/BOS3107LEB1?marker=741311
79,85,USD,DEN,OKC,"Oklahoma City, United States",US,2026-08-21,0,https://www.aviasales.com/search/DEN2108OKC1?marker=741311
80,87,USD,ATL,BUF,"Buffalo, United States",US,2026-08-05,0,https://www.aviasales.com/search/ATL0508BUF1?marker=741311
81,87,USD,ATL,BMI,"Bloomington, United States",US,2026-08-22,1,https://www.aviasales.com/search/ATL2208BMI1?marker=741311
82,87,USD,IAH,PBC,"Puebla, Mexico",MX,2026-08-08,0,https://www.aviasales.com/search/IAH0808PBC1?marker=741311
83,88,USD,MIA,NAS,"Nassau, Bahamas",BS,2026-09-28,0,https://www.aviasales.com/search/MIA2809NAS1?marker=741311
84,88,USD,LAX,ABQ,"Albuquerque, United States",US,2026-08-18,0,https://www.aviasales.com/search/LAX1808ABQ1?marker=741311
85,88,USD,MCO,FYV,"Fayetteville, United States",US,2026-08-10,0,https://www.aviasales.com/search/MCO1008FYV1?marker=741311
86,89,USD,IAH,MEX,"Mexico City, Mexico",MX,2026-08-17,0,https://www.aviasales.com/search/IAH1708MEX1?marker=741311
87,90,USD,MCO,PNS,"Pensacola, United States",US,2026-09-04,0,https://www.aviasales.com/search/MCO0409PNS1?marker=741311
88,91,USD,TPA,DTT,"Detroit, United States",US,2026-08-18,1,https://www.aviasales.com/search/TPA1808DTT1?marker=741311
89,91,USD,MCO,HVN,"New Haven, United States",US,2026-08-05,0,https://www.aviasales.com/search/MCO0508HVN1?marker=741311
90,91,USD,ORD,DEC,"Decatur, United States",US,2026-08-21,0,https://www.aviasales.com/search/ORD2108DEC1?marker=741311
91,93,USD,DEN,FAR,"Fargo, United States",US,2026-08-21,0,https://www.aviasales.com/search/DEN2108FAR1?marker=741311
92,93,USD,FLL,RIC,"Richmond, United States",US,2026-08-19,1,https://www.aviasales.com/search/FLL1908RIC1?marker=741311
93,93,USD,IAH,BJX,"Leon/Guanajuato, Mexico",MX,2026-08-17,0,https://www.aviasales.com/search/IAH1708BJX1?marker=741311
94,93,USD,LAX,MCE,"Merced, United States",US,2026-08-05,0,https://www.aviasales.com/search/LAX0508MCE1?marker=741311
95,95,USD,LAX,GDL,"Guadalajara, Mexico",MX,2026-08-22,0,https://www.aviasales.com/search/LAX2208GDL1?marker=741311
96,96,USD,DFW,HOT,"Hot Springs, United States",US,2026-08-22,0,https://www.aviasales.com/search/DFW2208HOT1?marker=741311
97,97,USD,MIA,FMY,"Fort Myers, United States",US,2026-08-20,1,https://www.aviasales.com/search/MIA2008FMY1?marker=741311
98,101,USD,FLL,YGK,"Kingston, Canada",CA,2026-10-01,1,https://www.aviasales.com/search/FLL0110YGK1?marker=741311
99,102,USD,DFW,MTY,"Monterrey, Mexico",MX,2026-08-21,0,https://www.aviasales.com/search/DFW2108MTY1?marker=741311
100,102,USD,DEN,AIA,"Alliance, United States",US,2026-08-21,0,https://www.aviasales.com/search/DEN2108AIA1?marker=741311
101,103,USD,ATL,CHS,"Charleston, United States",US,2026-08-21,1,https://www.aviasales.com/search/ATL2108CHS1?marker=741311
102,104,USD,DEN,CID,"Cedar Rapids, United States",US,2026-08-06,0,https://www.aviasales.com/search/DEN0608CID1?marker=741311
103,104,USD,DEN,CNY,"Moab, United States",US,2026-08-21,0,https://www.aviasales.com/search/DEN2108CNY1?marker=741311
104,105,USD,AUS,MID,"Merida, Mexico",MX,2026-11-27,1,https://www.aviasales.com/search/AUS2711MID1?marker=741311
105,105,USD,LAS,YEA,"Edmonton, Canada",CA,2026-08-22,2,https://www.aviasales.com/search/LAS2208YEA1?marker=741311
106,106,USD,BOS,SYR,"Syracuse, United States",US,2026-10-03,0,https://www.aviasales.com/search/BOS0310SYR1?marker=741311
107,107,USD,ORD,LAF,"Lafayette, United States",US,2026-10-01,0,https://www.aviasales.com/search/ORD0110LAF1?marker=741311
108,108,USD,DFW,AMA,"Amarillo, United States",US,2026-08-22,0,https://www.aviasales.com/search/DFW2208AMA1?marker=741311
109,109,USD,TPA,ALB,"Albany, United States",US,2026-08-05,0,https://www.aviasales.com/search/TPA0508ALB1?marker=741311
110,109,USD,RDU,DAB,"Daytona Beach, United States",US,2026-12-04,0,https://www.aviasales.com/search/RDU0412DAB1?marker=741311
111,109,USD,PHX,PSC,"Pasco, United States",US,2026-08-06,0,https://www.aviasales.com/search/PHX0608PSC1?marker=741311
112,111,USD,TPA,CAK,"Akron, United States",US,2026-08-20,0,https://www.aviasales.com/search/TPA2008CAK1?marker=741311
113,112,USD,ATL,BHM,"Birmingham, United States",US,2026-08-21,1,https://www.aviasales.com/search/ATL2108BHM1?marker=741311
114,112,USD,MIA,GCM,"Georgetown, Cayman Islands",KY,2026-08-01,0,https://www.aviasales.com/search/MIA0108GCM1?marker=741311
115,113,USD,ORD,FWA,"Fort Wayne, United States",US,2026-07-31,0,https://www.aviasales.com/search/ORD3107FWA1?marker=741311
116,113,USD,LAX,MRY,"Monterey, United States",US,2026-07-31,0,https://www.aviasales.com/search/LAX3107MRY1?marker=741311
117,113,USD,TPA,PVD,"Providence, United States",US,2026-10-27,1,https://www.aviasales.com/search/TPA2710PVD1?marker=741311
118,113,USD,DEN,MOT,"Minot, United States",US,2026-08-19,1,https://www.aviasales.com/search/DEN1908MOT1?marker=741311
119,114,USD,FLL,TLH,"Tallahassee, United States",US,2026-08-06,0,https://www.aviasales.com/search/FLL0608TLH1?marker=741311
120,114,USD,ORD,DAY,"Dayton, United States",US,2026-07-31,0,https://www.aviasales.com/search/ORD3107DAY1?marker=741311
121,114,USD,DEN,ICT,"Wichita, United States",US,2026-07-31,0,https://www.aviasales.com/search/DEN3107ICT1?marker=741311
122,114,USD,ORD,CMX,"Hancock, United States",US,2026-08-02,0,https://www.aviasales.com/search/ORD0208CMX1?marker=741311
123,114,USD,IAD,BTV,"Burlington, United States",US,2026-07-31,0,https://www.aviasales.com/search/IAD3107BTV1?marker=741311
124,114,USD,DEN,GCC,"Gillette, United States",US,2026-07-31,0,https://www.aviasales.com/search/DEN3107GCC1?marker=741311
125,115,USD,ORD,DSM,"Des Moines, United States",US,2026-09-01,0,https://www.aviasales.com/search/ORD0109DSM1?marker=741311
126,115,USD,ORD,PWM,"Portland, United States",US,2026-09-01,1,https://www.aviasales.com/search/ORD0109PWM1?marker=741311
127,116,USD,DTW,LIT,"Little Rock, United States",US,2026-08-22,1,https://www.aviasales.com/search/DTW2208LIT1?marker=741311
128,116,USD,SEA,RDM,"Redmond, United States",US,2026-08-28,1,https://www.aviasales.com/search/SEA2808RDM1?marker=741311
129,117,USD,DCA,ROC,"Rochester, United States",US,2026-08-19,1,https://www.aviasales.com/search/DCA1908ROC1?marker=741311
130,118,USD,DFW,CUN,"Cancun, Mexico",MX,2026-11-18,1,https://www.aviasales.com/search/DFW1811CUN1?marker=741311
131,118,USD,DCA,PBI,"West Palm Beach, United States",US,2026-08-21,0,https://www.aviasales.com/search/DCA2108PBI1?marker=741311
132,119,USD,IAH,COS,"Colorado Springs, United States",US,2026-08-22,0,https://www.aviasales.com/search/IAH2208COS1?marker=741311
133,119,USD,IAH,AEX,"Alexandria, United States",US,2026-08-21,0,https://www.aviasales.com/search/IAH2108AEX1?marker=741311
134,120,USD,MCO,BDL,"Hartford, United States",US,2026-08-07,0,https://www.aviasales.com/search/MCO0708BDL1?marker=741311
135,120,USD,MCO,ISP,"Islip, United States",US,2026-08-30,0,https://www.aviasales.com/search/MCO3008ISP1?marker=741311
136,120,USD,SEA,BZN,"Bozeman, United States",US,2026-10-05,1,https://www.aviasales.com/search/SEA0510BZN1?marker=741311
137,120,USD,SAN,TUS,"Tucson, United States",US,2026-08-20,0,https://www.aviasales.com/search/SAN2008TUS1?marker=741311
138,121,USD,ORD,MKG,"Muskegon, United States",US,2026-08-03,0,https://www.aviasales.com/search/ORD0308MKG1?marker=741311
139,121,USD,MCO,VPS,"Fort Walton Beach, United States",US,2026-08-19,2,https://www.aviasales.com/search/MCO1908VPS1?marker=741311
140,122,USD,ORD,MSN,"Madison, United States",US,2026-08-03,0,https://www.aviasales.com/search/ORD0308MSN1?marker=741311
141,122,USD,LAX,SBA,"Santa Barbara, United States",US,2026-08-03,0,https://www.aviasales.com/search/LAX0308SBA1?marker=741311
142,122,USD,DFW,TRC,"Torreon, Mexico",MX,2026-08-21,1,https://www.aviasales.com/search/DFW2108TRC1?marker=741311
143,122,USD,PHX,PGA,"Page, United States",US,2026-08-20,0,https://www.aviasales.com/search/PHX2008PGA1?marker=741311
144,123,USD,ATL,ILM,"Wilmington, United States",US,2026-08-20,1,https://www.aviasales.com/search/ATL2008ILM1?marker=741311
145,123,USD,MIA,MDE,"Medellin, Colombia",CO,2026-08-21,1,https://www.aviasales.com/search/MIA2108MDE1?marker=741311
146,123,USD,JFK,GUA,"Guatemala City, Guatemala",GT,2027-01-10,1,https://www.aviasales.com/search/JFK1001GUA1?marker=741311
147,123,USD,MIA,SDQ,"Santo Domingo, Dominican Republic",DO,2026-09-24,0,https://www.aviasales.com/search/MIA2409SDQ1?marker=741311
148,123,USD,BNA,PGD,"Punta Gorda, United States",US,2026-08-03,0,https://www.aviasales.com/search/BNA0308PGD1?marker=741311
149,123,USD,DEN,LAR,"Laramie, United States",US,2026-07-27,0,https://www.aviasales.com/search/DEN2707LAR1?marker=741311
150,123,USD,PHX,SVC,"Silver City, United States",US,2026-08-06,0,https://www.aviasales.com/search/PHX0608SVC1?marker=741311
151,124,USD,BOS,YMQ,"Montreal, Canada",CA,2026-09-03,0,https://www.aviasales.com/search/BOS0309YMQ1?marker=741311
152,125,USD,SFO,HNL,"Honolulu, United States",US,2026-08-07,0,https://www.aviasales.com/search/SFO0708HNL1?marker=741311
153,126,USD,LAX,PVR,"Puerto Vallarta, Mexico",MX,2026-08-22,1,https://www.aviasales.com/search/LAX2208PVR1?marker=741311
154,126,USD,IAD,CAE,"Columbia, United States",US,2026-08-05,0,https://www.aviasales.com/search/IAD0508CAE1?marker=741311
155,127,USD,BOS,SRQ,"Sarasota, United States",US,2026-09-15,1,https://www.aviasales.com/search/BOS1509SRQ1?marker=741311
156,127,USD,MIA,BOG,"Bogota, Colombia",CO,2026-08-21,0,https://www.aviasales.com/search/MIA2108BOG1?marker=741311
157,127,USD,MSP,YQR,"Regina, Canada",CA,2026-08-21,0,https://www.aviasales.com/search/MSP2108YQR1?marker=741311
158,129,USD,LAX,ZIH,"Ixtapa, Mexico",MX,2026-08-22,1,https://www.aviasales.com/search/LAX2208ZIH1?marker=741311
159,129,USD,SEA,YLW,"Kelowna, Canada",CA,2026-08-20,2,https://www.aviasales.com/search/SEA2008YLW1?marker=741311
160,130,USD,ATL,JAN,"Jackson, United States",US,2026-09-22,1,https://www.aviasales.com/search/ATL2209JAN1?marker=741311
161,130,USD,PDX,BOI,"Boise, United States",US,2026-08-21,1,https://www.aviasales.com/search/PDX2108BOI1?marker=741311
162,131,USD,MCO,LON,"London, United Kingdom",GB,2027-01-08,0,https://www.aviasales.com/search/MCO0801LON1?marker=741311
163,133,USD,IAH,SAL,"San Salvador, El Salvador",SV,2026-10-29,0,https://www.aviasales.com/search/IAH2910SAL1?marker=741311
164,133,USD,ORD,MBL,"Manistee, United States",US,2026-07-27,0,https://www.aviasales.com/search/ORD2707MBL1?marker=741311
165,134,USD,JFK,ACK,"Nantucket, United States",US,2026-08-21,0,https://www.aviasales.com/search/JFK2108ACK1?marker=741311
166,134,USD,LAX,MZT,"Mazatlan, Mexico",MX,2026-08-20,1,https://www.aviasales.com/search/LAX2008MZT1?marker=741311
167,134,USD,BNA,HRL,"Harlingen, United States",US,2026-11-02,2,https://www.aviasales.com/search/BNA0211HRL1?marker=741311
168,135,USD,SEA,MFR,"Medford, United States",US,2026-08-21,1,https://www.aviasales.com/search/SEA2108MFR1?marker=741311
169,136,USD,MIA,PUJ,"Punta Cana, Dominican Republic",DO,2026-08-21,0,https://www.aviasales.com/search/MIA2108PUJ1?marker=741311
170,136,USD,ORD,MHT,"Manchester, United States",US,2026-08-03,1,https://www.aviasales.com/search/ORD0308MHT1?marker=741311
171,137,USD,LAS,SGF,"Springfield, United States",US,2026-08-21,0,https://www.aviasales.com/search/LAS2108SGF1?marker=741311
172,137,USD,IAH,TGZ,"Tuxtla Gutierrez, Mexico",MX,2026-08-21,1,https://www.aviasales.com/search/IAH2108TGZ1?marker=741311
173,137,USD,MSP,IWD,"Ironwood, United States",US,2026-08-21,0,https://www.aviasales.com/search/MSP2108IWD1?marker=741311
174,138,USD,FLL,LEX,"Lexington, United States",US,2026-08-05,1,https://www.aviasales.com/search/FLL0508LEX1?marker=741311
175,138,USD,IAH,TUL,"Tulsa, United States",US,2026-07-29,0,https://www.aviasales.com/search/IAH2907TUL1?marker=741311
176,138,USD,PHX,BLI,"Bellingham, United States",US,2026-08-22,1,https://www.aviasales.com/search/PHX2208BLI1?marker=741311
177,140,USD,MIA,SXM,"Sint Maarten, Sint Maarten",SX,2026-08-22,1,https://www.aviasales.com/search/MIA2208SXM1?marker=741311
178,141,USD,IAD,SDF,"Louisville, United States",US,2026-08-04,0,https://www.aviasales.com/search/IAD0408SDF1?marker=741311
179,141,USD,TPA,SAP,"San Pedro Sula, Honduras",HN,2026-12-03,2,https://www.aviasales.com/search/TPA0312SAP1?marker=741311
180,141,USD,ORD,ATW,"Appleton, United States",US,2026-08-04,0,https://www.aviasales.com/search/ORD0408ATW1?marker=741311
181,141,USD,MIA,LIM,"Lima, Peru",PE,2026-10-12,1,https://www.aviasales.com/search/MIA1210LIM1?marker=741311
182,141,USD,SFO,GYE,"Guayaquil, Ecuador",EC,2027-01-12,1,https://www.aviasales.com/search/SFO1201GYE1?marker=741311
183,141,USD,DEN,LNK,"Lincoln, United States",US,2026-08-04,0,https://www.aviasales.com/search/DEN0408LNK1?marker=741311
184,141,USD,IAD,SCE,"State College, United States",US,2026-08-04,0,https://www.aviasales.com/search/IAD0408SCE1?marker=741311
185,141,USD,DEN,ALS,"Alamosa, United States",US,2026-08-20,0,https://www.aviasales.com/search/DEN2008ALS1?marker=741311
186,141,USD,LAX,RDD,"Redding, United States",US,2026-08-04,0,https://www.aviasales.com/search/LAX0408RDD1?marker=741311
187,142,USD,FLL,BQN,"Aguadilla, Puerto Rico",PR,2026-08-09,0,https://www.aviasales.com/search/FLL0908BQN1?marker=741311
188,143,USD,FLL,HPN,"Westchester County, United States",US,2026-08-21,0,https://www.aviasales.com/search/FLL2108HPN1?marker=741311
189,143,USD,ORD,TVC,"Traverse City, United States",US,2026-07-28,0,https://www.aviasales.com/search/ORD2807TVC1?marker=741311
190,143,USD,IAH,VER,"Veracruz, Mexico",MX,2026-08-13,1,https://www.aviasales.com/search/IAH1308VER1?marker=741311
191,143,USD,MCO,PSE,"Ponce, Puerto Rico",PR,2026-10-08,0,https://www.aviasales.com/search/MCO0810PSE1?marker=741311
192,144,USD,JFK,MBJ,"Montego Bay, Jamaica",JM,2026-08-18,1,https://www.aviasales.com/search/JFK1808MBJ1?marker=741311
193,144,USD,MIA,CTG,"Cartagena, Colombia",CO,2026-08-22,1,https://www.aviasales.com/search/MIA2208CTG1?marker=741311
194,144,USD,MIA,GGT,"George Town, Bahamas",BS,2026-07-27,1,https://www.aviasales.com/search/MIA2707GGT1?marker=741311
195,146,USD,SFO,MKE,"Milwaukee, United States",US,2026-10-21,1,https://www.aviasales.com/search/SFO2110MKE1?marker=741311
196,146,USD,JFK,STI,"Santiago, Dominican Republic",DO,2026-10-14,0,https://www.aviasales.com/search/JFK1410STI1?marker=741311
197,146,USD,JFK,KIN,"Kingston, Jamaica",JM,2026-09-30,1,https://www.aviasales.com/search/JFK3009KIN1?marker=741311
198,146,USD,BNA,BRO,"Brownsville, United States",US,2026-10-18,1,https://www.aviasales.com/search/BNA1810BRO1?marker=741311
199,147,USD,FLL,CLO,"Cali, Colombia",CO,2026-09-01,1,https://www.aviasales.com/search/FLL0109CLO1?marker=741311
200,147,USD,IAH,DGO,"Durango, Mexico",MX,2026-08-21,1,https://www.aviasales.com/search/IAH2108DGO1?marker=741311
201,147,USD,SEA,ACA,"Acapulco, Mexico",MX,2026-07-28,2,https://www.aviasales.com/search/SEA2807ACA1?marker=741311
202,148,USD,ORD,RAP,"Rapid City, United States",US,2026-08-26,0,https://www.aviasales.com/search/ORD2608RAP1?marker=741311
203,149,USD,JFK,ROM,"Rome, Italy",IT,2026-10-20,0,https://www.aviasales.com/search/JFK2010ROM1?marker=741311
204,149,USD,IAH,LBB,"Lubbock, United States",US,2026-08-02,1,https://www.aviasales.com/search/IAH0208LBB1?marker=741311
205,150,USD,FLL,YWG,"Winnipeg, Canada",CA,2026-08-29,1,https://www.aviasales.com/search/FLL2908YWG1?marker=741311
206,150,USD,SEA,FCA,"Kalispell, United States",US,2026-08-04,0,https://www.aviasales.com/search/SEA0408FCA1?marker=741311
207,151,USD,JFK,FAY,"Fayetteville, United States",US,2026-08-03,1,https://www.aviasales.com/search/JFK0308FAY1?marker=741311
208,152,USD,LAS,SJD,"San Jose Del Cabo, Mexico",MX,2026-09-24,2,https://www.aviasales.com/search/LAS2409SJD1?marker=741311
209,153,USD,PHX,GCN,"Grand Canyon, United States",US,2026-08-02,0,https://www.aviasales.com/search/PHX0208GCN1?marker=741311
210,153,USD,LAX,KOA,"Kailua-Kona, United States",US,2026-10-12,0,https://www.aviasales.com/search/LAX1210KOA1?marker=741311
211,154,USD,LAX,UIO,"Quito, Ecuador",EC,2026-08-24,1,https://www.aviasales.com/search/LAX2408UIO1?marker=741311
212,154,USD,ORD,CMI,"Champaign, United States",US,2026-08-01,0,https://www.aviasales.com/search/ORD0108CMI1?marker=741311
213,154,USD,ORD,YKF,"Kitchener, Canada",CA,2026-08-21,1,https://www.aviasales.com/search/ORD2108YKF1?marker=741311
214,154,USD,SEA,MSO,"Missoula, United States",US,2026-08-21,0,https://www.aviasales.com/search/SEA2108MSO1?marker=741311
215,155,USD,DFW,SLP,"San Luis Potosi, Mexico",MX,2026-08-20,2,https://www.aviasales.com/search/DFW2008SLP1?marker=741311
216,156,USD,JFK,BDA,"Bermuda, Bermuda",BM,2026-08-17,1,https://www.aviasales.com/search/JFK1708BDA1?marker=741311
217,156,USD,IAD,YOW,"Ottawa, Canada",CA,2026-08-22,1,https://www.aviasales.com/search/IAD2208YOW1?marker=741311
218,156,USD,DFW,FSD,"Sioux Falls, United States",US,2026-08-21,1,https://www.aviasales.com/search/DFW2108FSD1?marker=741311
219,157,USD,BOS,HAR,"Harrisburg, United States",US,2026-07-28,0,https://www.aviasales.com/search/BOS2807HAR1?marker=741311
220,157,USD,SFO,LIH,"Kauai Island, United States",US,2026-09-01,0,https://www.aviasales.com/search/SFO0109LIH1?marker=741311
221,159,USD,BNA,CHO,"Charlottesville, United States",US,2026-08-12,1,https://www.aviasales.com/search/BNA1208CHO1?marker=741311
222,160,USD,MIA,BUE,"Buenos Aires, Argentina",AR,2026-09-15,1,https://www.aviasales.com/search/MIA1509BUE1?marker=741311
223,160,USD,JFK,ATH,"Athens, Greece",GR,2026-09-28,0,https://www.aviasales.com/search/JFK2809ATH1?marker=741311
224,161,USD,FLL,SJO,"San Jose, Costa Rica",CR,2026-08-24,0,https://www.aviasales.com/search/FLL2408SJO1?marker=741311
225,161,USD,LAX,OGG,"Kahului, United States",US,2026-08-25,0,https://www.aviasales.com/search/LAX2508OGG1?marker=741311
226,161,USD,LAS,ITO,"Hilo, United States",US,2026-09-15,1,https://www.aviasales.com/search/LAS1509ITO1?marker=741311
227,162,USD,LAX,SAO,"Sao Paulo, Brazil",BR,2026-08-12,1,https://www.aviasales.com/search/LAX1208SAO1?marker=741311
228,163,USD,DFW,BTR,"Baton Rouge, United States",US,2026-08-01,0,https://www.aviasales.com/search/DFW0108BTR1?marker=741311
229,163,USD,IAH,CUU,"Chihuahua, Mexico",MX,2026-08-21,1,https://www.aviasales.com/search/IAH2108CUU1?marker=741311
230,164,USD,ORD,OAX,"Oaxaca, Mexico",MX,2026-08-22,1,https://www.aviasales.com/search/ORD2208OAX1?marker=741311
231,164,USD,ORD,LAN,"Lansing, United States",US,2026-08-04,0,https://www.aviasales.com/search/ORD0408LAN1?marker=741311
232,164,USD,ORD,ORH,"Worcester, United States",US,2026-07-30,1,https://www.aviasales.com/search/ORD3007ORH1?marker=741311
233,164,USD,DCA,GSO,"Greensboro, United States",US,2026-08-04,0,https://www.aviasales.com/search/DCA0408GSO1?marker=741311
234,164,USD,DFW,CRP,"Corpus Christi, United States",US,2026-08-05,1,https://www.aviasales.com/search/DFW0508CRP1?marker=741311
235,164,USD,PHX,BFL,"Bakersfield, United States",US,2026-08-05,0,https://www.aviasales.com/search/PHX0508BFL1?marker=741311
236,164,USD,SEA,PUW,"Pullman, United States",US,2026-08-17,0,https://www.aviasales.com/search/SEA1708PUW1?marker=741311
237,165,USD,MIA,MFE,"McAllen, United States",US,2026-07-28,1,https://www.aviasales.com/search/MIA2807MFE1?marker=741311
238,166,USD,LAX,HAV,"Havana, Cuba",CU,2026-08-20,2,https://www.aviasales.com/search/LAX2008HAV1?marker=741311
239,166,USD,LAX,GJT,"Grand Junction, United States",US,2026-08-04,0,https://www.aviasales.com/search/LAX0408GJT1?marker=741311
240,167,USD,ATL,SBN,"South Bend, United States",US,2026-08-03,1,https://www.aviasales.com/search/ATL0308SBN1?marker=741311
241,167,USD,LAS,LMM,"Los Mochis, Mexico",MX,2026-08-05,1,https://www.aviasales.com/search/LAS0508LMM1?marker=741311
242,167,USD,FLL,AXM,"Armenia, Colombia",CO,2026-08-20,2,https://www.aviasales.com/search/FLL2008AXM1?marker=741311
243,168,USD,DEN,EAR,"Kearney, United States",US,2026-08-20,0,https://www.aviasales.com/search/DEN2008EAR1?marker=741311
244,168,USD,TPA,ROA,"Roanoke, United States",US,2026-10-03,2,https://www.aviasales.com/search/TPA0310ROA1?marker=741311
245,168,USD,ORD,YXJ,"Fort St John, Canada",CA,2026-10-01,2,https://www.aviasales.com/search/ORD0110YXJ1?marker=741311
246,168,USD,ORD,ZCL,"Zacatecas, Mexico",MX,2026-08-20,1,https://www.aviasales.com/search/ORD2008ZCL1?marker=741311
247,168,USD,SEA,YXE,"Saskatoon, Canada",CA,2026-12-01,1,https://www.aviasales.com/search/SEA0112YXE1?marker=741311
248,169,USD,PHX,CUL,"Culiacan, Mexico",MX,2026-08-02,0,https://www.aviasales.com/search/PHX0208CUL1?marker=741311
249,170,USD,MIA,FPO,"Freeport, Bahamas",BS,2026-08-22,1,https://www.aviasales.com/search/MIA2208FPO1?marker=741311
250,173,USD,PHX,MAF,"Midland, United States",US,2026-09-10,1,https://www.aviasales.com/search/PHX1009MAF1?marker=741311
251,174,USD,IAD,JBR,"Jonesboro, United States",US,2026-08-20,2,https://www.aviasales.com/search/IAD2008JBR1?marker=741311
252,174,USD,SEA,YYJ,"Victoria, Canada",CA,2026-08-20,1,https://www.aviasales.com/search/SEA2008YYJ1?marker=741311
253,175,USD,PDX,FAI,"Fairbanks, United States",US,2026-08-01,0,https://www.aviasales.com/search/PDX0108FAI1?marker=741311
254,176,USD,JFK,TIA,"Tirana, Albania",AL,2026-08-21,1,https://www.aviasales.com/search/JFK2108TIA1?marker=741311
255,176,USD,DTW,HSV,"Huntsville, United States",US,2026-08-05,1,https://www.aviasales.com/search/DTW0508HSV1?marker=741311
256,177,USD,MIA,GEO,"Georgetown, Guyana",GY,2026-08-05,1,https://www.aviasales.com/search/MIA0508GEO1?marker=741311
257,178,USD,BOS,BCN,"Barcelona, Spain",ES,2026-10-22,0,https://www.aviasales.com/search/BOS2210BCN1?marker=741311
258,179,USD,LAS,ANC,"Anchorage, United States",US,2026-09-01,0,https://www.aviasales.com/search/LAS0109ANC1?marker=741311
259,179,USD,JFK,BGI,"Bridgetown, Barbados",BB,2026-09-04,0,https://www.aviasales.com/search/JFK0409BGI1?marker=741311
260,181,USD,MCO,AUA,"Oranjestad, Aruba",AW,2026-09-21,1,https://www.aviasales.com/search/MCO2109AUA1?marker=741311
261,182,USD,JFK,MIL,"Milan, Italy",IT,2026-10-13,2,https://www.aviasales.com/search/JFK1310MIL1?marker=741311
262,182,USD,LAX,LIR,"Liberia, Costa Rica",CR,2026-08-22,1,https://www.aviasales.com/search/LAX2208LIR1?marker=741311
263,183,USD,ORD,GRB,"Green Bay, United States",US,2026-08-20,0,https://www.aviasales.com/search/ORD2008GRB1?marker=741311
264,184,USD,MIA,PTY,"Panama City, Panama",PA,2026-08-20,0,https://www.aviasales.com/search/MIA2008PTY1?marker=741311
265,185,USD,JFK,STT,"Saint Thomas, U.S. Virgin Islands",VI,2027-01-06,0,https://www.aviasales.com/search/JFK0601STT1?marker=741311
266,185,USD,LAX,AGU,"Aguascalientes, Mexico",MX,2026-08-03,2,https://www.aviasales.com/search/LAX0308AGU1?marker=741311
267,186,USD,ORD,MAD,"Madrid, Spain",ES,2026-09-28,2,https://www.aviasales.com/search/ORD2809MAD1?marker=741311
268,186,USD,JFK,SKB,"Basseterre, Saint Kitts and Nevis",KN,2026-08-20,0,https://www.aviasales.com/search/JFK2008SKB1?marker=741311
269,186,USD,IAH,SLW,"Saltillo, Mexico",MX,2026-08-21,2,https://www.aviasales.com/search/IAH2108SLW1?marker=741311
270,186,USD,LAX,LAP,"La Paz, Mexico",MX,2026-08-14,2,https://www.aviasales.com/search/LAX1408LAP1?marker=741311
271,187,USD,ORD,SPI,"Springfield, United States",US,2026-08-21,2,https://www.aviasales.com/search/ORD2108SPI1?marker=741311
272,188,USD,JFK,PAR,"Paris, France",FR,2026-10-14,1,https://www.aviasales.com/search/JFK1410PAR1?marker=741311
273,189,USD,TPA,PBG,"Plattsburgh, United States",US,2026-08-20,2,https://www.aviasales.com/search/TPA2008PBG1?marker=741311
274,190,USD,MCO,ECP,"Panama City, United States",US,2026-08-19,1,https://www.aviasales.com/search/MCO1908ECP1?marker=741311
275,191,USD,JFK,CPH,"Copenhagen, Denmark",DK,2026-10-01,1,https://www.aviasales.com/search/JFK0110CPH1?marker=741311
276,191,USD,SLC,WYS,"West Yellowstone, United States",US,2026-08-24,1,https://www.aviasales.com/search/SLC2408WYS1?marker=741311
277,191,USD,ORD,MLI,"Moline, United States",US,2026-08-02,0,https://www.aviasales.com/search/ORD0208MLI1?marker=741311
278,191,USD,ORD,MBS,"Saginaw, United States",US,2026-08-20,0,https://www.aviasales.com/search/ORD2008MBS1?marker=741311
279,191,USD,MCO,HTS,"Huntington, United States",US,2026-08-20,2,https://www.aviasales.com/search/MCO2008HTS1?marker=741311
280,192,USD,BOS,YHZ,"Halifax, Canada",CA,2026-08-16,1,https://www.aviasales.com/search/BOS1608YHZ1?marker=741311
281,197,USD,JFK,BGR,"Bangor, United States",US,2026-10-15,1,https://www.aviasales.com/search/JFK1510BGR1?marker=741311
282,197,USD,ORD,YQB,"Quebec, Canada",CA,2026-08-20,0,https://www.aviasales.com/search/ORD2008YQB1?marker=741311
283,199,USD,SEA,EAT,"Wenatchee, United States",US,2026-08-04,0,https://www.aviasales.com/search/SEA0408EAT1?marker=741311
284,199,USD,IAH,LUL,"Laurel, United States",US,2026-08-10,0,https://www.aviasales.com/search/IAH1008LUL1?marker=741311
285,199,USD,SEA,IDA,"Idaho Falls, United States",US,2026-09-07,1,https://www.aviasales.com/search/SEA0709IDA1?marker=741311
286,199,USD,SEA,ALW,"Walla Walla, United States",US,2026-08-03,0,https://www.aviasales.com/search/SEA0308ALW1?marker=741311
287,200,USD,JFK,FRA,"Frankfurt, Germany",DE,2026-10-18,1,https://www.aviasales.com/search/JFK1810FRA1?marker=741311
288,201,USD,PHX,TIJ,"Tijuana, Mexico",MX,2026-08-04,1,https://www.aviasales.com/search/PHX0408TIJ1?marker=741311
289,201,USD,DEN,PVU,"Provo, United States",US,2026-08-04,1,https://www.aviasales.com/search/DEN0408PVU1?marker=741311
290,202,USD,JFK,WAW,"Warsaw, Poland",PL,2026-10-21,1,https://www.aviasales.com/search/JFK2110WAW1?marker=741311
291,202,USD,LAX,JAC,"Jackson, United States",US,2026-08-02,0,https://www.aviasales.com/search/LAX0208JAC1?marker=741311
292,202,USD,LAX,TAM,"Tampico, Mexico",MX,2026-08-04,2,https://www.aviasales.com/search/LAX0408TAM1?marker=741311
293,204,USD,MCO,OWB,"Owensboro, United States",US,2026-08-22,2,https://www.aviasales.com/search/MCO2208OWB1?marker=741311
294,205,USD,JFK,POS,"Port Of Spain, Trinidad and Tobago",TT,2026-09-15,0,https://www.aviasales.com/search/JFK1509POS1?marker=741311
295,205,USD,SEA,JNU,"Juneau, United States",US,2026-08-15,0,https://www.aviasales.com/search/SEA1508JNU1?marker=741311
296,205,USD,LAX,MAM,"Matamoros, Mexico",MX,2026-08-22,2,https://www.aviasales.com/search/LAX2208MAM1?marker=741311
297,206,USD,ATL,TQO,"Tulum, Mexico",MX,2026-11-25,2,https://www.aviasales.com/search/ATL2511TQO1?marker=741311
298,208,USD,ORD,TOL,"Toledo, United States",US,2026-08-21,2,https://www.aviasales.com/search/ORD2108TOL1?marker=741311
299,208,USD,DFW,ILE,"Killeen, United States",US,2026-08-04,0,https://www.aviasales.com/search/DFW0408ILE1?marker=741311
300,208,USD,DFW,SWO,"Stillwater, United States",US,2026-08-03,0,https://www.aviasales.com/search/DFW0308SWO1?marker=741311
301,208,USD,MSP,ATY,"Watertown, United States",US,2026-08-20,1,https://www.aviasales.com/search/MSP2008ATY1?marker=741311
302,209,USD,PHL,MLB,"Melbourne, United States",US,2026-11-12,1,https://www.aviasales.com/search/PHL1211MLB1?marker=741311
303,212,USD,LAX,MXL,"Mexicali, Mexico",MX,2026-08-03,1,https://www.aviasales.com/search/LAX0308MXL1?marker=741311
304,215,USD,MCO,AGP,"Malaga, Spain",ES,2026-08-09,1,https://www.aviasales.com/search/MCO0908AGP1?marker=741311
305,215,USD,LAX,TWF,"Twin Falls, United States",US,2026-08-03,0,https://www.aviasales.com/search/LAX0308TWF1?marker=741311
306,217,USD,IAH,ABI,"Abilene, United States",US,2026-08-02,0,https://www.aviasales.com/search/IAH0208ABI1?marker=741311
307,217,USD,SEA,OSL,"Oslo, Norway",NO,2026-12-01,1,https://www.aviasales.com/search/SEA0112OSL1?marker=741311
308,218,USD,MCO,SVQ,"Sevilla, Spain",ES,2026-08-09,1,https://www.aviasales.com/search/MCO0908SVQ1?marker=741311
309,218,USD,JFK,BUD,"Budapest, Hungary",HU,2026-10-12,1,https://www.aviasales.com/search/JFK1210BUD1?marker=741311
310,219,USD,MCO,RIO,"Rio de Janeiro, Brazil",BR,2026-09-08,1,https://www.aviasales.com/search/MCO0809RIO1?marker=741311
311,219,USD,JFK,BRU,"Brussels, Belgium",BE,2026-08-30,1,https://www.aviasales.com/search/JFK3008BRU1?marker=741311
312,220,USD,JFK,GND,"St. George's, Grenada",GD,2026-08-20,1,https://www.aviasales.com/search/JFK2008GND1?marker=741311
313,220,USD,JFK,PLS,"Providenciales, Turks and Caicos Islands",TC,2026-12-06,1,https://www.aviasales.com/search/JFK0612PLS1?marker=741311
314,220,USD,LAS,EGE,"Vail, United States",US,2026-08-01,1,https://www.aviasales.com/search/LAS0108EGE1?marker=741311
315,221,USD,IAH,BZE,"Belize City, Belize",BZ,2026-08-20,1,https://www.aviasales.com/search/IAH2008BZE1?marker=741311
316,221,USD,JFK,LUX,"Luxembourg, Luxembourg",LU,2026-09-13,1,https://www.aviasales.com/search/JFK1309LUX1?marker=741311
317,222,USD,LAX,ACV,"Arcata, United States",US,2026-08-02,0,https://www.aviasales.com/search/LAX0208ACV1?marker=741311
318,223,USD,IAH,MGM,"Montgomery, United States",US,2026-08-03,1,https://www.aviasales.com/search/IAH0308MGM1?marker=741311
319,224,USD,MIA,SCL,"Santiago, Chile",CL,2026-09-15,1,https://www.aviasales.com/search/MIA1509SCL1?marker=741311
320,225,USD,JFK,DUB,"Dublin, Ireland",IE,2026-08-17,1,https://www.aviasales.com/search/JFK1708DUB1?marker=741311
321,226,USD,LAX,ASE,"Aspen, United States",US,2026-08-03,0,https://www.aviasales.com/search/LAX0308ASE1?marker=741311
322,226,USD,DEN,BGA,"Bucaramanga, Colombia",CO,2026-09-03,1,https://www.aviasales.com/search/DEN0309BGA1?marker=741311
323,227,USD,IAD,PEI,"Pereira, Colombia",CO,2026-08-29,1,https://www.aviasales.com/search/IAD2908PEI1?marker=741311
324,227,USD,MCO,IST,"Istanbul, Turkiye",TR,2027-01-15,1,https://www.aviasales.com/search/MCO1501IST1?marker=741311
325,228,USD,TPA,AVP,"Wilkes-Barre, United States",US,2026-07-31,1,https://www.aviasales.com/search/TPA3107AVP1?marker=741311
326,228,USD,ORD,COU,"Columbia, United States",US,2026-07-31,0,https://www.aviasales.com/search/ORD3107COU1?marker=741311
327,229,USD,JFK,EDI,"Edinburgh, United Kingdom",GB,2026-08-17,1,https://www.aviasales.com/search/JFK1708EDI1?marker=741311
328,230,USD,SFO,PRC,"Prescott, United States",US,2026-08-05,1,https://www.aviasales.com/search/SFO0508PRC1?marker=741311
329,231,USD,MIA,CUZ,"Cusco, Peru",PE,2026-08-22,2,https://www.aviasales.com/search/MIA2208CUZ1?marker=741311
330,231,USD,JFK,VNO,"Vilnius, Lithuania",LT,2026-09-29,2,https://www.aviasales.com/search/JFK2909VNO1?marker=741311
331,232,USD,JFK,KUT,"Kutaisi, Georgia",GE,2026-10-24,1,https://www.aviasales.com/search/JFK2410KUT1?marker=741311
332,233,USD,LAX,TYO,"Tokyo, Japan",JP,2026-08-04,0,https://www.aviasales.com/search/LAX0408TYO1?marker=741311
333,234,USD,ORD,LSE,"La Crosse, United States",US,2026-08-21,0,https://www.aviasales.com/search/ORD2108LSE1?marker=741311
334,235,USD,JFK,IAG,"Niagara Falls, United States",US,2026-09-02,2,https://www.aviasales.com/search/JFK0209IAG1?marker=741311
335,235,USD,SEA,YKM,"Yakima, United States",US,2026-08-06,0,https://www.aviasales.com/search/SEA0608YKM1?marker=741311
336,236,USD,MIA,FDF,"Fort-de-France, Martinique",MQ,2027-01-17,1,https://www.aviasales.com/search/MIA1701FDF1?marker=741311
337,236,USD,SEA,KTN,"Ketchikan, United States",US,2026-07-29,0,https://www.aviasales.com/search/SEA2907KTN1?marker=741311
338,236,USD,LAS,YZF,"Yellowknife, Canada",CA,2026-08-11,2,https://www.aviasales.com/search/LAS1108YZF1?marker=741311
339,237,USD,JFK,DLM,"Dalaman, Turkiye",TR,2026-08-17,1,https://www.aviasales.com/search/JFK1708DLM1?marker=741311
340,238,USD,ATL,LWB,"Lewisburg, United States",US,2026-08-22,2,https://www.aviasales.com/search/ATL2208LWB1?marker=741311
341,238,USD,JFK,GVA,"Geneva, Switzerland",CH,2026-10-14,2,https://www.aviasales.com/search/JFK1410GVA1?marker=741311
342,239,USD,JFK,AMS,"Amsterdam, Netherlands",NL,2026-10-17,1,https://www.aviasales.com/search/JFK1710AMS1?marker=741311
343,239,USD,JFK,BOJ,"Bourgas, Bulgaria",BG,2026-08-24,1,https://www.aviasales.com/search/JFK2408BOJ1?marker=741311
344,239,USD,AUS,YUM,"Yuma, United States",US,2026-08-17,1,https://www.aviasales.com/search/AUS1708YUM1?marker=741311
345,240,USD,ORD,HHH,"Hilton Head, United States",US,2026-09-12,1,https://www.aviasales.com/search/ORD1209HHH1?marker=741311
346,241,USD,ATL,FNT,"Flint, United States",US,2026-08-05,2,https://www.aviasales.com/search/ATL0508FNT1?marker=741311
347,241,USD,ATL,CZM,"Cozumel, Mexico",MX,2026-08-21,2,https://www.aviasales.com/search/ATL2108CZM1?marker=741311
348,242,USD,BOS,BHB,"Bar Harbor, United States",US,2026-08-06,0,https://www.aviasales.com/search/BOS0608BHB1?marker=741311
349,242,USD,JFK,SLU,"Castries, Saint Lucia",LC,2026-11-27,1,https://www.aviasales.com/search/JFK2711SLU1?marker=741311
350,242,USD,JFK,BUH,"Bucharest, Romania",RO,2026-09-14,1,https://www.aviasales.com/search/JFK1409BUH1?marker=741311
351,242,USD,JFK,MAN,"Manchester, United Kingdom",GB,2026-08-18,2,https://www.aviasales.com/search/JFK1808MAN1?marker=741311
352,243,USD,JFK,BEG,"Belgrade, Serbia",RS,2026-09-29,2,https://www.aviasales.com/search/JFK2909BEG1?marker=741311
353,243,USD,JFK,AYT,"Antalya, Turkiye",TR,2026-08-21,1,https://www.aviasales.com/search/JFK2108AYT1?marker=741311
354,243,USD,JFK,VLC,"Valencia, Spain",ES,2026-08-04,1,https://www.aviasales.com/search/JFK0408VLC1?marker=741311
355,243,USD,MIA,LNS,"Lancaster, United States",US,2026-08-06,2,https://www.aviasales.com/search/MIA0608LNS1?marker=741311
356,244,USD,BOS,HYA,"Hyannis, United States",US,2026-08-22,1,https://www.aviasales.com/search/BOS2208HYA1?marker=741311
357,244,USD,PDX,YKA,"Kamloops, Canada",CA,2026-08-05,1,https://www.aviasales.com/search/PDX0508YKA1?marker=741311
358,244,USD,PDX,BGO,"Bergen, Norway",NO,2026-10-01,1,https://www.aviasales.com/search/PDX0110BGO1?marker=741311
359,245,USD,JFK,RAK,"Marrakech, Morocco",MA,2026-08-08,2,https://www.aviasales.com/search/JFK0808RAK1?marker=741311
360,249,USD,JFK,REU,"Reus, Spain",ES,2026-08-04,1,https://www.aviasales.com/search/JFK0408REU1?marker=741311
361,249,USD,MCO,BRI,"Bari, Italy",IT,2026-08-09,2,https://www.aviasales.com/search/MCO0908BRI1?marker=741311
362,250,USD,MIA,BOD,"Bordeaux, France",FR,2026-09-17,1,https://www.aviasales.com/search/MIA1709BOD1?marker=741311
363,251,USD,MCO,CWB,"Curitiba, Brazil",BR,2026-08-12,2,https://www.aviasales.com/search/MCO1208CWB1?marker=741311
364,253,USD,SFO,REK,"Reykjavik, Iceland",IS,2026-10-14,1,https://www.aviasales.com/search/SFO1410REK1?marker=741311
365,253,USD,JFK,PMI,"Palma, Spain",ES,2026-07-27,2,https://www.aviasales.com/search/JFK2707PMI1?marker=741311
366,254,USD,MIA,VRB,"Vero Beach, United States",US,2026-09-07,2,https://www.aviasales.com/search/MIA0709VRB1?marker=741311
367,254,USD,JFK,FRS,"Flores, Guatemala",GT,2027-01-09,1,https://www.aviasales.com/search/JFK0901FRS1?marker=741311
368,255,USD,JFK,PRG,"Prague, Czech Republic",CZ,2026-09-28,2,https://www.aviasales.com/search/JFK2809PRG1?marker=741311
369,255,USD,JFK,IBZ,"Ibiza, Spain",ES,2026-08-17,2,https://www.aviasales.com/search/JFK1708IBZ1?marker=741311
370,255,USD,LAX,BAQ,"Barranquilla, Colombia",CO,2026-10-01,2,https://www.aviasales.com/search/LAX0110BAQ1?marker=741311
371,255,USD,SAN,GUP,"Gallup, United States",US,2026-07-31,1,https://www.aviasales.com/search/SAN3107GUP1?marker=741311
372,256,USD,SEA,LIS,"Lisbon, Portugal",PT,2026-10-06,3,https://www.aviasales.com/search/SEA0610LIS1?marker=741311
373,256,USD,JFK,MUC,"Munich, Germany",DE,2026-08-27,1,https://www.aviasales.com/search/JFK2708MUC1?marker=741311
374,256,USD,JFK,POP,"Puerto Plata, Dominican Republic",DO,2026-08-22,0,https://www.aviasales.com/search/JFK2208POP1?marker=741311
375,256,USD,SFO,YBR,"Brandon, Canada",CA,2026-10-01,1,https://www.aviasales.com/search/SFO0110YBR1?marker=741311
376,257,USD,MCO,GNV,"Gainesville, United States",US,2026-08-21,2,https://www.aviasales.com/search/MCO2108GNV1?marker=741311
377,257,USD,JFK,CUR,"Curacao, Curaçao",CW,2026-10-15,2,https://www.aviasales.com/search/JFK1510CUR1?marker=741311
378,258,USD,FLL,ZSA,"San Salvador, Bahamas",BS,2026-08-22,1,https://www.aviasales.com/search/FLL2208ZSA1?marker=741311
379,258,USD,PDX,FSM,"Fort Smith, United States",US,2026-08-09,1,https://www.aviasales.com/search/PDX0908FSM1?marker=741311
380,259,USD,MCO,NAP,"Naples, Italy",IT,2026-08-09,1,https://www.aviasales.com/search/MCO0908NAP1?marker=741311
381,259,USD,MIA,MHH,"Marsh Harbour, Bahamas",BS,2026-08-22,1,https://www.aviasales.com/search/MIA2208MHH1?marker=741311
382,259,USD,DFW,LCH,"Lake Charles, United States",US,2026-08-05,0,https://www.aviasales.com/search/DFW0508LCH1?marker=741311
383,260,USD,JFK,TGD,"Podgorica, Montenegro",ME,2026-09-12,1,https://www.aviasales.com/search/JFK1209TGD1?marker=741311
384,261,USD,BOS,PDL,"Ponta Delgada, Portugal",PT,2026-08-20,1,https://www.aviasales.com/search/BOS2008PDL1?marker=741311
385,261,USD,BNA,MKL,"Jackson, United States",US,2026-08-22,1,https://www.aviasales.com/search/BNA2208MKL1?marker=741311
386,262,USD,BOS,RTB,"Roatan, Honduras",HN,2026-08-14,1,https://www.aviasales.com/search/BOS1408RTB1?marker=741311
387,262,USD,MCO,NCE,"Nice, France",FR,2026-08-09,1,https://www.aviasales.com/search/MCO0908NCE1?marker=741311
388,262,USD,JFK,FNC,"Funchal, Portugal",PT,2026-08-21,1,https://www.aviasales.com/search/JFK2108FNC1?marker=741311
389,262,USD,JFK,BRE,"Bremen, Germany",DE,2026-09-02,1,https://www.aviasales.com/search/JFK0209BRE1?marker=741311
390,262,USD,JFK,CRW,"Charleston, United States",US,2026-08-21,3,https://www.aviasales.com/search/JFK2108CRW1?marker=741311
391,264,USD,JFK,DAC,"Dhaka, Bangladesh",BD,2026-08-25,1,https://www.aviasales.com/search/JFK2508DAC1?marker=741311
392,264,USD,CLT,ERI,"Erie, United States",US,2026-07-31,0,https://www.aviasales.com/search/CLT3107ERI1?marker=741311
393,264,USD,SAN,UIN,"Quincy, United States",US,2026-08-05,2,https://www.aviasales.com/search/SAN0508UIN1?marker=741311
394,265,USD,ATL,MGA,"Managua, Nicaragua",NI,2026-12-30,1,https://www.aviasales.com/search/ATL3012MGA1?marker=741311
395,265,USD,CLT,PHF,"Newport News, United States",US,2026-08-23,0,https://www.aviasales.com/search/CLT2308PHF1?marker=741311
396,265,USD,JFK,RIX,"Riga, Latvia",LV,2026-09-01,1,https://www.aviasales.com/search/JFK0109RIX1?marker=741311
397,265,USD,JFK,HAM,"Hamburg, Germany",DE,2026-09-02,1,https://www.aviasales.com/search/JFK0209HAM1?marker=741311
398,266,USD,JFK,RMO,"Chisinau, Moldova",MD,2026-09-13,1,https://www.aviasales.com/search/JFK1309RMO1?marker=741311
399,266,USD,JFK,BTS,"Bratislava, Slovakia",SK,2026-09-10,2,https://www.aviasales.com/search/JFK1009BTS1?marker=741311
400,267,USD,ORD,XPL,"Comayagua, Honduras",HN,2026-12-04,1,https://www.aviasales.com/search/ORD0412XPL1?marker=741311
401,267,USD,JFK,PMO,"Palermo, Italy",IT,2026-08-07,1,https://www.aviasales.com/search/JFK0708PMO1?marker=741311
402,267,USD,JFK,LHE,"Lahore, Pakistan",PK,2026-10-16,1,https://www.aviasales.com/search/JFK1610LHE1?marker=741311
403,269,USD,JFK,OPO,"Porto, Portugal",PT,2026-08-21,1,https://www.aviasales.com/search/JFK2108OPO1?marker=741311
404,269,USD,MIA,MOB,"Mobile, United States",US,2026-09-18,1,https://www.aviasales.com/search/MIA1809MOB1?marker=741311
405,270,USD,JFK,VAR,"Varna, Bulgaria",BG,2026-08-25,1,https://www.aviasales.com/search/JFK2508VAR1?marker=741311
406,270,USD,LAX,SMX,"Santa Maria, United States",US,2026-08-05,2,https://www.aviasales.com/search/LAX0508SMX1?marker=741311
407,271,USD,JFK,VIE,"Vienna, Austria",AT,2026-08-31,2,https://www.aviasales.com/search/JFK3108VIE1?marker=741311
408,271,USD,FLL,CKB,"Clarksburg, United States",US,2026-08-03,1,https://www.aviasales.com/search/FLL0308CKB1?marker=741311
409,271,USD,LAX,CDR,"Chadron, United States",US,2026-08-04,1,https://www.aviasales.com/search/LAX0408CDR1?marker=741311
410,271,USD,SLC,COD,"Cody, United States",US,2026-08-24,1,https://www.aviasales.com/search/SLC2408COD1?marker=741311
411,272,USD,JFK,SPU,"Split, Croatia",HR,2026-08-20,1,https://www.aviasales.com/search/JFK2008SPU1?marker=741311
412,272,USD,LAX,PIA,"Peoria, United States",US,2026-07-30,2,https://www.aviasales.com/search/LAX3007PIA1?marker=741311
413,272,USD,JFK,RZE,"Rzeszow, Poland",PL,2026-09-13,2,https://www.aviasales.com/search/JFK1309RZE1?marker=741311
414,272,USD,DEN,ABE,"Allentown, United States",US,2026-08-04,2,https://www.aviasales.com/search/DEN0408ABE1?marker=741311
415,273,USD,JFK,MRS,"Marseille, France",FR,2026-09-17,2,https://www.aviasales.com/search/JFK1709MRS1?marker=741311
416,274,USD,JFK,HEL,"Helsinki, Finland",FI,2026-09-19,1,https://www.aviasales.com/search/JFK1909HEL1?marker=741311
417,274,USD,JFK,PMF,"Parma, Italy",IT,2026-09-20,2,https://www.aviasales.com/search/JFK2009PMF1?marker=741311
418,275,USD,JFK,LYS,"Lyon, France",FR,2026-10-25,1,https://www.aviasales.com/search/JFK2510LYS1?marker=741311
419,275,USD,LAX,VEL,"Vernal, United States",US,2026-07-29,1,https://www.aviasales.com/search/LAX2907VEL1?marker=741311
420,276,USD,SAN,SUN,"Sun Valley, United States",US,2026-08-03,1,https://www.aviasales.com/search/SAN0308SUN1?marker=741311
421,277,USD,MIA,ZRH,"Zurich, Switzerland",CH,2026-09-17,2,https://www.aviasales.com/search/MIA1709ZRH1?marker=741311
422,277,USD,SLC,DRO,"Durango, United States",US,2026-08-24,1,https://www.aviasales.com/search/SLC2408DRO1?marker=741311
423,277,USD,JFK,SMR,"Santa Marta, Colombia",CO,2026-09-04,2,https://www.aviasales.com/search/JFK0409SMR1?marker=741311
424,278,USD,JFK,DUS,"Dusseldorf, Germany",DE,2026-08-17,1,https://www.aviasales.com/search/JFK1708DUS1?marker=741311
425,278,USD,JFK,BER,"Berlin, Germany",DE,2026-09-28,2,https://www.aviasales.com/search/JFK2809BER1?marker=741311
426,279,USD,BOS,CLJ,"Cluj-Napoca, Romania",RO,2026-09-27,2,https://www.aviasales.com/search/BOS2709CLJ1?marker=741311
427,281,USD,IAH,CME,"Ciudad Del Carmen, Mexico",MX,2026-08-22,2,https://www.aviasales.com/search/IAH2208CME1?marker=741311
428,282,USD,IAD,CAI,"Cairo, Egypt",EG,2026-08-25,1,https://www.aviasales.com/search/IAD2508CAI1?marker=741311
429,282,USD,MIA,EVN,"Yerevan, Armenia",AM,2026-10-01,1,https://www.aviasales.com/search/MIA0110EVN1?marker=741311
430,283,USD,ORD,ALG,"Algiers, Algeria",DZ,2026-10-20,1,https://www.aviasales.com/search/ORD2010ALG1?marker=741311
431,283,USD,JFK,YYT,"St. John's, Canada",CA,2026-08-22,2,https://www.aviasales.com/search/JFK2208YYT1?marker=741311
432,284,USD,DEN,DIK,"Dickinson, United States",US,2026-08-18,0,https://www.aviasales.com/search/DEN1808DIK1?marker=741311
433,285,USD,IAH,SNU,"Santa Clara, Cuba",CU,2026-09-14,1,https://www.aviasales.com/search/IAH1409SNU1?marker=741311
434,286,USD,JFK,ISB,"Islamabad, Pakistan",PK,2026-08-11,1,https://www.aviasales.com/search/JFK1108ISB1?marker=741311
435,287,USD,MCO,GLA,"Glasgow, United Kingdom",GB,2026-11-05,1,https://www.aviasales.com/search/MCO0511GLA1?marker=741311
436,288,USD,SEA,KRK,"Krakow, Poland",PL,2026-08-26,2,https://www.aviasales.com/search/SEA2608KRK1?marker=741311
437,288,USD,FLL,IPT,"Williamsport, United States",US,2026-08-10,1,https://www.aviasales.com/search/FLL1008IPT1?marker=741311
438,289,USD,BOS,VCE,"Venice, Italy",IT,2026-09-08,2,https://www.aviasales.com/search/BOS0809VCE1?marker=741311
439,291,USD,MIA,BIQ,"Biarritz, France",FR,2026-09-24,2,https://www.aviasales.com/search/MIA2409BIQ1?marker=741311
440,291,USD,ORD,ALC,"Alicante, Spain",ES,2026-09-22,3,https://www.aviasales.com/search/ORD2209ALC1?marker=741311
441,291,USD,JFK,FLR,"Florence, Italy",IT,2026-09-20,2,https://www.aviasales.com/search/JFK2009FLR1?marker=741311
442,292,USD,JFK,EIN,"Eindhoven, Netherlands",NL,2026-08-30,1,https://www.aviasales.com/search/JFK3008EIN1?marker=741311
443,293,USD,JFK,SVD,"St Vincent, Saint Vincent and the Grenadines",VC,2026-08-14,1,https://www.aviasales.com/search/JFK1408SVD1?marker=741311
444,294,USD,SEA,HKG,"Hong Kong, Hong Kong",HK,2026-08-03,1,https://www.aviasales.com/search/SEA0308HKG1?marker=741311
445,294,USD,MCO,BRL,"Burlington, United States",US,2026-08-03,1,https://www.aviasales.com/search/MCO0308BRL1?marker=741311
446,295,USD,LAS,MSL,"Muscle Shoals, United States",US,2026-08-04,2,https://www.aviasales.com/search/LAS0408MSL1?marker=741311
447,296,USD,JFK,MSS,"Massena, United States",US,2026-08-02,1,https://www.aviasales.com/search/JFK0208MSS1?marker=741311
448,296,USD,LAS,CEZ,"Cortez, United States",US,2026-08-03,1,https://www.aviasales.com/search/LAS0308CEZ1?marker=741311
449,297,USD,MCO,CUE,"Cuenca, Ecuador",EC,2026-09-09,2,https://www.aviasales.com/search/MCO0909CUE1?marker=741311
450,297,USD,MCO,HER,"Heraklion, Greece",GR,2026-08-09,1,https://www.aviasales.com/search/MCO0908HER1?marker=741311
451,299,USD,SEA,BKK,"Bangkok, Thailand",TH,2026-08-06,2,https://www.aviasales.com/search/SEA0608BKK1?marker=741311
452,299,USD,JFK,SNN,"Shannon, Ireland",IE,2026-09-16,2,https://www.aviasales.com/search/JFK1609SNN1?marker=741311
453,299,USD,IAD,TRI,"Blountville, United States",US,2026-08-04,3,https://www.aviasales.com/search/IAD0408TRI1?marker=741311
454,299,USD,SLC,BTM,"Butte, United States",US,2026-08-02,1,https://www.aviasales.com/search/SLC0208BTM1?marker=741311
455,299,USD,DTW,AZO,"Kalamazoo, United States",US,2026-08-20,3,https://www.aviasales.com/search/DTW2008AZO1?marker=741311
456,300,USD,JFK,SOF,"Sofia, Bulgaria",BG,2026-09-13,2,https://www.aviasales.com/search/JFK1309SOF1?marker=741311
457,300,USD,JFK,TBS,"Tbilisi, Georgia",GE,2026-09-28,1,https://www.aviasales.com/search/JFK2809TBS1?marker=741311
458,300,USD,LAX,HAN,"Hanoi, Vietnam",VN,2026-09-08,1,https://www.aviasales.com/search/LAX0809HAN1?marker=741311
459,300,USD,MIA,VRA,"Varadero, Cuba",CU,2026-08-27,0,https://www.aviasales.com/search/MIA2708VRA1?marker=741311
460,300,USD,JFK,GRO,"Girona, Spain",ES,2026-10-01,2,https://www.aviasales.com/search/JFK0110GRO1?marker=741311
461,301,USD,JFK,BJV,"Bodrum, Turkiye",TR,2026-09-06,2,https://www.aviasales.com/search/JFK0609BJV1?marker=741311
462,303,USD,ATL,AGS,"Augusta, United States",US,2026-08-05,2,https://www.aviasales.com/search/ATL0508AGS1?marker=741311
463,304,USD,JFK,ANU,"Saint John's, Antigua and Barbuda",AG,2026-10-30,0,https://www.aviasales.com/search/JFK3010ANU1?marker=741311
464,305,USD,DFW,EAU,"Eau Claire, United States",US,2026-08-02,1,https://www.aviasales.com/search/DFW0208EAU1?marker=741311
465,305,USD,DTW,OAJ,"Jacksonville, United States",US,2026-08-13,2,https://www.aviasales.com/search/DTW1308OAJ1?marker=741311
466,307,USD,JFK,TLL,"Tallinn, Estonia",EE,2026-09-02,1,https://www.aviasales.com/search/JFK0209TLL1?marker=741311
467,307,USD,LAX,CTU,"Chengdu, China",CN,2026-09-02,1,https://www.aviasales.com/search/LAX0209CTU1?marker=741311
468,307,USD,LAX,LTO,"Loreto, Mexico",MX,2026-08-04,0,https://www.aviasales.com/search/LAX0408LTO1?marker=741311
469,308,USD,ORD,CYS,"Cheyenne, United States",US,2026-08-02,1,https://www.aviasales.com/search/ORD0208CYS1?marker=741311
470,309,USD,JFK,TCI,"Tenerife, Spain",ES,2026-09-17,1,https://www.aviasales.com/search/JFK1709TCI1?marker=741311
471,310,USD,MIA,BHZ,"Belo Horizonte, Brazil",BR,2026-08-20,1,https://www.aviasales.com/search/MIA2008BHZ1?marker=741311
472,310,USD,JFK,FAO,"Faro, Portugal",PT,2026-10-01,2,https://www.aviasales.com/search/JFK0110FAO1?marker=741311
473,310,USD,TPA,NUE,"Nuremberg, Germany",DE,2026-11-02,2,https://www.aviasales.com/search/TPA0211NUE1?marker=741311
474,310,USD,LAX,OGD,"Ogden, United States",US,2026-12-01,2,https://www.aviasales.com/search/LAX0112OGD1?marker=741311
475,311,USD,ORD,HYD,"Hyderabad, India",IN,2026-09-04,1,https://www.aviasales.com/search/ORD0409HYD1?marker=741311
476,313,USD,LAX,MNL,"Manila, Philippines",PH,2026-08-29,1,https://www.aviasales.com/search/LAX2908MNL1?marker=741311
477,313,USD,JFK,TIV,"Tivat, Montenegro",ME,2026-10-03,1,https://www.aviasales.com/search/JFK0310TIV1?marker=741311
478,313,USD,LAS,CNM,"Carlsbad, United States",US,2026-08-06,1,https://www.aviasales.com/search/LAS0608CNM1?marker=741311
479,314,USD,MCO,DXB,"Dubai, United Arab Emirates",AE,2027-01-15,2,https://www.aviasales.com/search/MCO1501DXB1?marker=741311
480,314,USD,DFW,NAN,"Nadi, Fiji",FJ,2026-08-13,0,https://www.aviasales.com/search/DFW1308NAN1?marker=741311
481,315,USD,SFO,SEL,"Seoul, South Korea",KR,2026-08-12,0,https://www.aviasales.com/search/SFO1208SEL1?marker=741311
482,315,USD,IAD,ILG,"Wilmington, United States",US,2026-08-06,1,https://www.aviasales.com/search/IAD0608ILG1?marker=741311
483,315,USD,DEN,MTJ,"Montrose, United States",US,2026-08-05,0,https://www.aviasales.com/search/DEN0508MTJ1?marker=741311
484,316,USD,JFK,ANK,"Ankara, Turkiye",TR,2026-10-10,2,https://www.aviasales.com/search/JFK1010ANK1?marker=741311
485,317,USD,MCO,RBA,"Rabat, Morocco",MA,2026-08-03,2,https://www.aviasales.com/search/MCO0308RBA1?marker=741311
486,318,USD,MIA,OGL,"Georgetown, Guyana",GY,2026-08-20,1,https://www.aviasales.com/search/MIA2008OGL1?marker=741311
487,319,USD,MIA,VIX,"Vitoria, Brazil",BR,2026-11-09,2,https://www.aviasales.com/search/MIA0911VIX1?marker=741311
488,319,USD,LAX,SHA,"Shanghai, China",CN,2026-11-08,1,https://www.aviasales.com/search/LAX0811SHA1?marker=741311
489,319,USD,MCO,MVD,"Montevideo, Uruguay",UY,2026-09-04,2,https://www.aviasales.com/search/MCO0409MVD1?marker=741311
490,319,USD,PHL,ELM,"Elmira, United States",US,2026-08-03,2,https://www.aviasales.com/search/PHL0308ELM1?marker=741311
491,319,USD,LAX,DUJ,"Du Bois, United States",US,2026-08-03,2,https://www.aviasales.com/search/LAX0308DUJ1?marker=741311
492,320,USD,JFK,LCA,"Larnaca, Cyprus",CY,2026-08-02,1,https://www.aviasales.com/search/JFK0208LCA1?marker=741311
493,320,USD,LAX,TPE,"Taipei, Taiwan",TW,2026-08-29,0,https://www.aviasales.com/search/LAX2908TPE1?marker=741311
494,321,USD,JFK,GDN,"Gdansk, Poland",PL,2026-08-12,1,https://www.aviasales.com/search/JFK1208GDN1?marker=741311
495,322,USD,MIA,CTA,"Catania, Italy",IT,2026-09-08,2,https://www.aviasales.com/search/MIA0809CTA1?marker=741311
496,323,USD,ORD,SKG,"Thessaloniki, Greece",GR,2026-08-22,2,https://www.aviasales.com/search/ORD2208SKG1?marker=741311
497,323,USD,JFK,PSA,"Pisa, Italy",IT,2026-09-06,2,https://www.aviasales.com/search/JFK0609PSA1?marker=741311
498,323,USD,IAH,NVA,"Neiva, Colombia",CO,2026-08-21,3,https://www.aviasales.com/search/IAH2108NVA1?marker=741311
499,323,USD,IAH,IBE,"Ibague, Colombia",CO,2026-08-21,3,https://www.aviasales.com/search/IAH2108IBE1?marker=741311
500,323,USD,SAN,TUP,"Tupelo, United States",US,2026-08-04,2,https://www.aviasales.com/search/SAN0408TUP1?marker=741311
501,324,USD,LAX,BPT,"Beaumont, United States",US,2026-08-05,1,https://www.aviasales.com/search/LAX0508BPT1?marker=741311
502,327,USD,IAD,MAO,"Manaus, Brazil",BR,2026-08-22,1,https://www.aviasales.com/search/IAD2208MAO1?marker=741311
503,327,USD,MIA,FLN,"Florianopolis, Brazil",BR,2026-09-09,1,https://www.aviasales.com/search/MIA0909FLN1?marker=741311
504,327,USD,JFK,POA,"Porto Alegre, Brazil",BR,2026-09-25,2,https://www.aviasales.com/search/JFK2509POA1?marker=741311
505,328,USD,JFK,DBV,"Dubrovnik, Croatia",HR,2026-08-20,1,https://www.aviasales.com/search/JFK2008DBV1?marker=741311
506,328,USD,SEA,CEB,"Cebu City, Philippines",PH,2026-10-14,1,https://www.aviasales.com/search/SEA1410CEB1?marker=741311
507,329,USD,JFK,DEL,"New Delhi, India",IN,2026-08-14,1,https://www.aviasales.com/search/JFK1408DEL1?marker=741311
508,330,USD,JFK,RUH,"Riyadh, Saudi Arabia",SA,2026-10-30,1,https://www.aviasales.com/search/JFK3010RUH1?marker=741311
509,331,USD,LAX,KUL,"Kuala Lumpur, Malaysia",MY,2026-08-29,1,https://www.aviasales.com/search/LAX2908KUL1?marker=741311
510,332,USD,MSP,SUX,"Sioux City, United States",US,2026-07-30,1,https://www.aviasales.com/search/MSP3007SUX1?marker=741311
511,333,USD,JFK,ZAD,"Zadar, Croatia",HR,2026-07-28,2,https://www.aviasales.com/search/JFK2807ZAD1?marker=741311
512,335,USD,MIA,SSA,"Salvador, Brazil",BR,2026-08-23,1,https://www.aviasales.com/search/MIA2308SSA1?marker=741311
513,335,USD,BOS,PKB,"Parkersburg, United States",US,2026-07-31,2,https://www.aviasales.com/search/BOS3107PKB1?marker=741311
514,335,USD,JFK,BOM,"Mumbai, India",IN,2026-08-10,1,https://www.aviasales.com/search/JFK1008BOM1?marker=741311
515,335,USD,FLL,GHB,"Governor's Harbour, Bahamas",BS,2026-08-21,2,https://www.aviasales.com/search/FLL2108GHB1?marker=741311
516,336,USD,DFW,TRN,"Turin, Italy",IT,2026-08-13,2,https://www.aviasales.com/search/DFW1308TRN1?marker=741311
517,336,USD,RDU,LYH,"Lynchburg, United States",US,2026-08-01,1,https://www.aviasales.com/search/RDU0108LYH1?marker=741311
518,337,USD,SFO,KHN,"Nanchang, China",CN,2026-09-30,1,https://www.aviasales.com/search/SFO3009KHN1?marker=741311
519,338,USD,JFK,CMN,"Casablanca, Morocco",MA,2026-10-06,2,https://www.aviasales.com/search/JFK0610CMN1?marker=741311
520,339,USD,JFK,SSH,"Sharm el Sheikh, Egypt",EG,2026-08-18,2,https://www.aviasales.com/search/JFK1808SSH1?marker=741311
521,339,USD,JFK,BAK,"Baku, Azerbaijan",AZ,2026-09-26,2,https://www.aviasales.com/search/JFK2609BAK1?marker=741311
522,339,USD,DFW,NLD,"Nuevo Laredo, Mexico",MX,2026-07-31,2,https://www.aviasales.com/search/DFW3107NLD1?marker=741311
523,340,USD,SFO,DPS,"Denpasar (Bali), Indonesia",ID,2026-09-14,1,https://www.aviasales.com/search/SFO1409DPS1?marker=741311
524,340,USD,JFK,COV,"Mersin, Turkiye",TR,2026-08-18,1,https://www.aviasales.com/search/JFK1808COV1?marker=741311
525,340,USD,JFK,KHI,"Karachi, Pakistan",PK,2026-09-09,1,https://www.aviasales.com/search/JFK0909KHI1?marker=741311
526,340,USD,IAD,STO,"Stockholm, Sweden",SE,2026-08-19,1,https://www.aviasales.com/search/IAD1908STO1?marker=741311
527,340,USD,DTW,STR,"Stuttgart, Germany",DE,2026-09-01,1,https://www.aviasales.com/search/DTW0109STR1?marker=741311
528,340,USD,IAH,PSO,"Pasto, Colombia",CO,2026-08-21,3,https://www.aviasales.com/search/IAH2108PSO1?marker=741311
529,340,USD,SAN,PUB,"Pueblo, United States",US,2026-07-31,1,https://www.aviasales.com/search/SAN3107PUB1?marker=741311
530,340,USD,RDU,SCV,"Suceava, Romania",RO,2026-09-19,3,https://www.aviasales.com/search/RDU1909SCV1?marker=741311
531,342,USD,PHX,CPE,"Campeche, Mexico",MX,2026-08-04,2,https://www.aviasales.com/search/PHX0408CPE1?marker=741311
532,342,USD,AUS,HMO,"Hermosillo, Mexico",MX,2026-08-02,2,https://www.aviasales.com/search/AUS0208HMO1?marker=741311
533,343,USD,JFK,JED,"Jeddah, Saudi Arabia",SA,2026-10-10,1,https://www.aviasales.com/search/JFK1010JED1?marker=741311
534,344,USD,ORD,BLQ,"Bologna, Italy",IT,2026-08-22,2,https://www.aviasales.com/search/ORD2208BLQ1?marker=741311
535,345,USD,JFK,NBO,"Nairobi, Kenya",KE,2026-08-20,1,https://www.aviasales.com/search/JFK2008NBO1?marker=741311
536,345,USD,PHL,ITH,"Ithaca, United States",US,2026-07-31,1,https://www.aviasales.com/search/PHL3107ITH1?marker=741311
537,346,USD,ORD,ART,"Watertown, United States",US,2026-08-20,2,https://www.aviasales.com/search/ORD2008ART1?marker=741311
538,346,USD,SFO,DLC,"Dalian, China",CN,2026-08-24,1,https://www.aviasales.com/search/SFO2408DLC1?marker=741311
539,347,USD,ORD,RST,"Rochester, United States",US,2026-08-04,0,https://www.aviasales.com/search/ORD0408RST1?marker=741311
540,348,USD,LAX,VCT,"Victoria, United States",US,2026-08-03,2,https://www.aviasales.com/search/LAX0308VCT1?marker=741311
541,349,USD,LAS,BJS,"Beijing, China",CN,2026-08-17,2,https://www.aviasales.com/search/LAS1708BJS1?marker=741311
542,349,USD,BOS,YYG,"Charlottetown, Canada",CA,2026-08-02,1,https://www.aviasales.com/search/BOS0208YYG1?marker=741311
543,349,USD,SLC,SSM,"Sault Ste. Marie, United States",US,2026-08-25,2,https://www.aviasales.com/search/SLC2508SSM1?marker=741311
544,349,USD,SAN,HRO,"Harrison, United States",US,2026-07-31,2,https://www.aviasales.com/search/SAN3107HRO1?marker=741311
545,352,USD,JFK,TUN,"Tunis, Tunisia",TN,2026-08-22,1,https://www.aviasales.com/search/JFK2208TUN1?marker=741311
546,352,USD,MIA,VLN,"Valencia, Venezuela",VE,2026-08-13,2,https://www.aviasales.com/search/MIA1308VLN1?marker=741311
547,353,USD,JFK,BSB,"Brasilia, Brazil",BR,2026-09-03,2,https://www.aviasales.com/search/JFK0309BSB1?marker=741311
548,353,USD,SAN,CEC,"Crescent City, United States",US,2026-08-04,1,https://www.aviasales.com/search/SAN0408CEC1?marker=741311
549,354,USD,JFK,DKR,"Dakar, Senegal",SN,2026-11-15,1,https://www.aviasales.com/search/JFK1511DKR1?marker=741311
550,354,USD,MIA,BRC,"San Carlos de Bariloche, Argentina",AR,2026-09-30,3,https://www.aviasales.com/search/MIA3009BRC1?marker=741311
551,356,USD,LAX,SYX,"Sanya, China",CN,2026-11-24,1,https://www.aviasales.com/search/LAX2411SYX1?marker=741311
552,356,USD,LAX,YQT,"Thunder Bay, Canada",CA,2026-08-05,2,https://www.aviasales.com/search/LAX0508YQT1?marker=741311
553,356,USD,LAX,BHY,"Beihai, China",CN,2026-12-01,1,https://www.aviasales.com/search/LAX0112BHY1?marker=741311
554,357,USD,IAD,PVK,"Preveza, Greece",GR,2026-08-18,2,https://www.aviasales.com/search/IAD1808PVK1?marker=741311
555,358,USD,IAD,SGN,"Ho Chi Minh City, Vietnam",VN,2026-08-25,1,https://www.aviasales.com/search/IAD2508SGN1?marker=741311
556,358,USD,DFW,JLN,"Joplin, United States",US,2026-07-31,1,https://www.aviasales.com/search/DFW3107JLN1?marker=741311
557,359,USD,JFK,OLB,"Olbia, Italy",IT,2026-09-25,2,https://www.aviasales.com/search/JFK2509OLB1?marker=741311
558,359,USD,SFO,SGU,"Saint George, United States",US,2026-08-02,1,https://www.aviasales.com/search/SFO0208SGU1?marker=741311
559,360,USD,IAH,AGA,"Agadir, Morocco",MA,2026-10-03,2,https://www.aviasales.com/search/IAH0310AGA1?marker=741311
560,361,USD,MIA,CAP,"Cap Haitien, Haiti",HT,2026-07-30,0,https://www.aviasales.com/search/MIA3007CAP1?marker=741311
561,361,USD,JFK,MCT,"Muscat, Oman",OM,2026-08-20,1,https://www.aviasales.com/search/JFK2008MCT1?marker=741311
562,361,USD,DFW,DDC,"Dodge City, United States",US,2026-08-03,1,https://www.aviasales.com/search/DFW0308DDC1?marker=741311
563,362,USD,JFK,AER,"Adler/Sochi, Russia",RU,2026-10-21,3,https://www.aviasales.com/search/JFK2110AER1?marker=741311
564,363,USD,AUS,SJW,"Shijiazhuang, China",CN,2026-08-25,2,https://www.aviasales.com/search/AUS2508SJW1?marker=741311
565,365,USD,DCA,FOC,"Fuzhou, China",CN,2026-09-29,2,https://www.aviasales.com/search/DCA2909FOC1?marker=741311
566,366,USD,DFW,SLN,"Salina, United States",US,2026-08-02,1,https://www.aviasales.com/search/DFW0208SLN1?marker=741311
567,366,USD,JFK,BAH,"Manama, Bahrain",BH,2026-08-20,1,https://www.aviasales.com/search/JFK2008BAH1?marker=741311
568,366,USD,LAX,PBR,"Puerto Barrios, Guatemala",GT,2026-08-04,1,https://www.aviasales.com/search/LAX0408PBR1?marker=741311
569,366,USD,LAS,FMN,"Farmington, United States",US,2026-08-04,1,https://www.aviasales.com/search/LAS0408FMN1?marker=741311
570,367,USD,JFK,TER,"Terceira, Portugal",PT,2026-09-01,1,https://www.aviasales.com/search/JFK0109TER1?marker=741311
571,367,USD,SLC,BIM,"Bimini, Bahamas",BS,2026-08-25,3,https://www.aviasales.com/search/SLC2508BIM1?marker=741311
572,368,USD,JFK,HKT,"Phuket, Thailand",TH,2026-10-28,1,https://www.aviasales.com/search/JFK2810HKT1?marker=741311
573,368,USD,JFK,HRG,"Hurghada, Egypt",EG,2026-09-28,1,https://www.aviasales.com/search/JFK2809HRG1?marker=741311
574,368,USD,JFK,CHQ,"Chania, Greece",GR,2026-07-29,1,https://www.aviasales.com/search/JFK2907CHQ1?marker=741311
575,368,USD,LAX,YQG,"Windsor, Canada",CA,2026-08-06,2,https://www.aviasales.com/search/LAX0608YQG1?marker=741311
576,369,USD,MIA,CUC,"Cucuta, Colombia",CO,2026-12-22,1,https://www.aviasales.com/search/MIA2212CUC1?marker=741311
577,369,USD,JFK,KSC,"Kosice, Slovakia",SK,2026-08-03,1,https://www.aviasales.com/search/JFK0308KSC1?marker=741311
578,370,USD,TPA,HAJ,"Hannover, Germany",DE,2026-12-01,2,https://www.aviasales.com/search/TPA0112HAJ1?marker=741311
579,371,USD,JFK,LWN,"Gyumri, Armenia",AM,2026-09-21,3,https://www.aviasales.com/search/JFK2109LWN1?marker=741311
580,372,USD,DFW,CCS,"Caracas, Venezuela",VE,2026-10-20,3,https://www.aviasales.com/search/DFW2010CCS1?marker=741311
581,372,USD,MCO,MOW,"Moscow, Russia",RU,2026-08-09,2,https://www.aviasales.com/search/MCO0908MOW1?marker=741311
582,372,USD,MIA,MHK,"Manhattan, United States",US,2026-08-08,1,https://www.aviasales.com/search/MIA0808MHK1?marker=741311
583,372,USD,JFK,MED,"Medina, Saudi Arabia",SA,2026-09-01,1,https://www.aviasales.com/search/JFK0109MED1?marker=741311
584,374,USD,SAN,HUX,"Huatulco, Mexico",MX,2026-08-04,3,https://www.aviasales.com/search/SAN0408HUX1?marker=741311
585,376,USD,MIA,COR,"Cordoba, Argentina",AR,2026-08-01,1,https://www.aviasales.com/search/MIA0108COR1?marker=741311
586,377,USD,SFO,SIN,"Singapore, Singapore",SG,2026-08-04,0,https://www.aviasales.com/search/SFO0408SIN1?marker=741311
587,378,USD,LAX,ALO,"Waterloo, United States",US,2026-08-05,1,https://www.aviasales.com/search/LAX0508ALO1?marker=741311
588,380,USD,LAX,UBS,"Columbus, United States",US,2026-08-05,1,https://www.aviasales.com/search/LAX0508UBS1?marker=741311
589,381,USD,LAX,JKT,"Jakarta, Indonesia",ID,2026-09-06,1,https://www.aviasales.com/search/LAX0609JKT1?marker=741311
590,381,USD,ORD,MAR,"Maracaibo, Venezuela",VE,2026-09-11,2,https://www.aviasales.com/search/ORD1109MAR1?marker=741311
591,382,USD,LAX,CAN,"Guangzhou, China",CN,2026-09-10,1,https://www.aviasales.com/search/LAX1009CAN1?marker=741311
592,383,USD,DFW,ORN,"Oran, Algeria",DZ,2026-08-17,3,https://www.aviasales.com/search/DFW1708ORN1?marker=741311
593,383,USD,LAX,XMN,"Xiamen, China",CN,2026-07-28,1,https://www.aviasales.com/search/LAX2807XMN1?marker=741311
594,384,USD,MIA,MDZ,"Mendoza, Argentina",AR,2026-08-05,1,https://www.aviasales.com/search/MIA0508MDZ1?marker=741311
595,384,USD,MIA,BRM,"Barquisimeto, Venezuela",VE,2026-09-30,2,https://www.aviasales.com/search/MIA3009BRM1?marker=741311
596,384,USD,MIA,FOR,"Fortaleza, Brazil",BR,2026-08-23,1,https://www.aviasales.com/search/MIA2308FOR1?marker=741311
597,384,USD,JFK,CKY,"Conakry, Guinea",GN,2026-10-01,1,https://www.aviasales.com/search/JFK0110CKY1?marker=741311
598,384,USD,LAX,HGH,"Hangzhou, China",CN,2026-09-08,1,https://www.aviasales.com/search/LAX0809HGH1?marker=741311
599,385,USD,JFK,REG,"Reggio Calabria, Italy",IT,2026-08-14,2,https://www.aviasales.com/search/JFK1408REG1?marker=741311
600,385,USD,LAX,TSN,"Tianjin, China",CN,2026-09-13,1,https://www.aviasales.com/search/LAX1309TSN1?marker=741311
601,386,USD,LAX,CNX,"Chiang Mai, Thailand",TH,2026-08-31,1,https://www.aviasales.com/search/LAX3108CNX1?marker=741311
602,386,USD,PHX,LRD,"Laredo, United States",US,2026-07-28,2,https://www.aviasales.com/search/PHX2807LRD1?marker=741311
603,386,USD,DEN,GUC,"Gunnison, United States",US,2026-07-31,0,https://www.aviasales.com/search/DEN3107GUC1?marker=741311
604,386,USD,CLT,FLO,"Florence, United States",US,2026-08-20,0,https://www.aviasales.com/search/CLT2008FLO1?marker=741311
605,387,USD,FLL,LPB,"La Paz, Bolivia",BO,2026-08-03,1,https://www.aviasales.com/search/FLL0308LPB1?marker=741311
606,387,USD,LAX,NKG,"Nanjing, China",CN,2026-08-19,1,https://www.aviasales.com/search/LAX1908NKG1?marker=741311
607,388,USD,JFK,DAR,"Dar Es Salaam, Tanzania",TZ,2026-09-30,1,https://www.aviasales.com/search/JFK3009DAR1?marker=741311
608,389,USD,JFK,GOI,"Goa, India",IN,2026-08-20,2,https://www.aviasales.com/search/JFK2008GOI1?marker=741311
609,391,USD,ATL,BHX,"Birmingham, United Kingdom",GB,2026-08-02,3,https://www.aviasales.com/search/ATL0208BHX1?marker=741311
610,391,USD,JFK,GZP,"Alanya, Turkiye",TR,2026-10-31,2,https://www.aviasales.com/search/JFK3110GZP1?marker=741311
611,391,USD,ORD,MQT,"Marquette, United States",US,2026-09-22,0,https://www.aviasales.com/search/ORD2209MQT1?marker=741311
612,393,USD,JFK,SJJ,"Sarajevo, Bosnia and Herzegovina",BA,2026-08-04,2,https://www.aviasales.com/search/JFK0408SJJ1?marker=741311
613,393,USD,IAH,TXK,"Texarkana, United States",US,2026-08-05,1,https://www.aviasales.com/search/IAH0508TXK1?marker=741311
614,394,USD,JFK,JTR,"Thira, Greece",GR,2026-07-29,1,https://www.aviasales.com/search/JFK2907JTR1?marker=741311
615,394,USD,LAX,ZAG,"Zagreb, Croatia",HR,2026-08-04,2,https://www.aviasales.com/search/LAX0408ZAG1?marker=741311
616,396,USD,ATL,SRZ,"Santa Cruz, Bolivia",BO,2026-08-05,2,https://www.aviasales.com/search/ATL0508SRZ1?marker=741311
617,396,USD,LAX,EBL,"Erbil, Iraq",IQ,2026-08-20,1,https://www.aviasales.com/search/LAX2008EBL1?marker=741311
618,397,USD,JFK,DOM,"Dominica, Dominica",DM,2026-08-24,1,https://www.aviasales.com/search/JFK2408DOM1?marker=741311
619,397,USD,TPA,AGB,"Augsburg, Germany",DE,2026-09-12,1,https://www.aviasales.com/search/TPA1209AGB1?marker=741311
620,397,USD,JFK,GDT,"Grand Turk, Turks and Caicos Islands",TC,2026-08-04,1,https://www.aviasales.com/search/JFK0408GDT1?marker=741311
621,398,USD,SEA,PFO,"Paphos, Cyprus",CY,2026-08-11,1,https://www.aviasales.com/search/SEA1108PFO1?marker=741311
622,399,USD,MIA,HOG,"Holguin, Cuba",CU,2026-11-17,0,https://www.aviasales.com/search/MIA1711HOG1?marker=741311
623,400,USD,ORD,JSI,"Skiathos, Greece",GR,2026-09-24,3,https://www.aviasales.com/search/ORD2409JSI1?marker=741311
624,400,USD,SFO,PPT,"Papeete, French Polynesia",PF,2026-09-13,0,https://www.aviasales.com/search/SFO1309PPT1?marker=741311
625,400,USD,LAX,SHV,"Shreveport, United States",US,2026-08-11,1,https://www.aviasales.com/search/LAX1108SHV1?marker=741311
626,401,USD,IAD,YFC,"Fredericton, Canada",CA,2026-08-05,2,https://www.aviasales.com/search/IAD0508YFC1?marker=741311
627,401,USD,LAS,GGG,"Longview, United States",US,2026-08-05,1,https://www.aviasales.com/search/LAS0508GGG1?marker=741311
628,401,USD,SAN,EWN,"New Bern, United States",US,2026-08-05,2,https://www.aviasales.com/search/SAN0508EWN1?marker=741311
629,402,USD,IAH,LPA,"Las Palmas, Spain",ES,2026-08-17,2,https://www.aviasales.com/search/IAH1708LPA1?marker=741311
630,402,USD,SEA,NNG,"Nanning, China",CN,2027-01-17,2,https://www.aviasales.com/search/SEA1701NNG1?marker=741311
631,404,USD,JFK,ALA,"Almaty, Kazakhstan",KZ,2027-01-23,3,https://www.aviasales.com/search/JFK2301ALA1?marker=741311
632,404,USD,JFK,IZM,"Izmir, Turkiye",TR,2026-08-09,1,https://www.aviasales.com/search/JFK0908IZM1?marker=741311
633,404,USD,SAN,CGI,"Cape Girardeau, United States",US,2026-08-04,2,https://www.aviasales.com/search/SAN0408CGI1?marker=741311
634,406,USD,JFK,GOA,"Genoa, Italy",IT,2026-08-22,2,https://www.aviasales.com/search/JFK2208GOA1?marker=741311
635,407,USD,LAX,AKL,"Auckland, New Zealand",NZ,2026-08-23,1,https://www.aviasales.com/search/LAX2308AKL1?marker=741311
636,407,USD,MIA,NVT,"Navegantes, Brazil",BR,2026-08-04,2,https://www.aviasales.com/search/MIA0408NVT1?marker=741311
637,408,USD,MCO,TAS,"Tashkent, Uzbekistan",UZ,2027-01-15,3,https://www.aviasales.com/search/MCO1501TAS1?marker=741311
638,408,USD,PHX,CVM,"Ciudad Victoria, Mexico",MX,2026-08-05,3,https://www.aviasales.com/search/PHX0508CVM1?marker=741311
639,409,USD,JFK,DOH,"Doha, Qatar",QA,2026-09-03,1,https://www.aviasales.com/search/JFK0309DOH1?marker=741311
640,411,USD,JFK,AUH,"Abu Dhabi, United Arab Emirates",AE,2026-09-16,0,https://www.aviasales.com/search/JFK1609AUH1?marker=741311
641,411,USD,ORD,OSA,"Osaka, Japan",JP,2026-08-08,1,https://www.aviasales.com/search/ORD0808OSA1?marker=741311
642,411,USD,IAH,CLL,"College Station, United States",US,2026-08-14,1,https://www.aviasales.com/search/IAH1408CLL1?marker=741311
643,412,USD,PHX,CPR,"Casper, United States",US,2026-08-02,1,https://www.aviasales.com/search/PHX0208CPR1?marker=741311
644,412,USD,IAH,WRO,"Wroclaw, Poland",PL,2026-08-29,2,https://www.aviasales.com/search/IAH2908WRO1?marker=741311
645,412,USD,LAX,TEX,"Telluride, United States",US,2026-08-04,1,https://www.aviasales.com/search/LAX0408TEX1?marker=741311
646,412,USD,LAX,PIR,"Pierre, United States",US,2026-08-02,2,https://www.aviasales.com/search/LAX0208PIR1?marker=741311
647,413,USD,JFK,LED,"Saint Petersburg, Russia",RU,2026-08-21,2,https://www.aviasales.com/search/JFK2108LED1?marker=741311
648,413,USD,JFK,SDY,"Sidney, United States",US,2026-07-28,2,https://www.aviasales.com/search/JFK2807SDY1?marker=741311
649,415,USD,IAD,BGW,"Baghdad, Iraq",IQ,2026-08-09,1,https://www.aviasales.com/search/IAD0908BGW1?marker=741311
650,416,USD,LAX,HOB,"Hobbs, United States",US,2026-08-06,1,https://www.aviasales.com/search/LAX0608HOB1?marker=741311
651,418,USD,BOS,IOM,"Isle Of Man, Isle of Man",IM,2026-08-17,2,https://www.aviasales.com/search/BOS1708IOM1?marker=741311
652,419,USD,SEA,LJU,"Ljubljana, Slovenia",SI,2026-08-31,3,https://www.aviasales.com/search/SEA3108LJU1?marker=741311
653,420,USD,LAX,ASU,"Asuncion, Paraguay",PY,2026-10-06,1,https://www.aviasales.com/search/LAX0610ASU1?marker=741311
654,420,USD,IAD,CAG,"Cagliari, Italy",IT,2026-12-01,3,https://www.aviasales.com/search/IAD0112CAG1?marker=741311
655,420,USD,JFK,JER,"Jersey, Jersey",JE,2026-08-01,1,https://www.aviasales.com/search/JFK0108JER1?marker=741311
656,420,USD,SLC,MWA,"Marion, United States",US,2026-08-02,1,https://www.aviasales.com/search/SLC0208MWA1?marker=741311
657,421,USD,LAX,CSX,"Changsha, China",CN,2026-08-09,1,https://www.aviasales.com/search/LAX0908CSX1?marker=741311
658,421,USD,SAN,OTH,"North Bend, United States",US,2026-08-05,1,https://www.aviasales.com/search/SAN0508OTH1?marker=741311
659,422,USD,ATL,REC,"Recife, Brazil",BR,2026-08-21,3,https://www.aviasales.com/search/ATL2108REC1?marker=741311
660,422,USD,JFK,NQZ,"Astana, Kazakhstan",KZ,2026-08-24,2,https://www.aviasales.com/search/JFK2408NQZ1?marker=741311
661,423,USD,SAN,ACT,"Waco, United States",US,2026-07-30,2,https://www.aviasales.com/search/SAN3007ACT1?marker=741311
662,423,USD,PDX,HLN,"Helena, United States",US,2026-08-01,1,https://www.aviasales.com/search/PDX0108HLN1?marker=741311
663,424,USD,IAD,MAA,"Chennai, India",IN,2026-08-10,1,https://www.aviasales.com/search/IAD1008MAA1?marker=741311
664,425,USD,JFK,URA,"Oral, Kazakhstan",KZ,2026-09-11,2,https://www.aviasales.com/search/JFK1109URA1?marker=741311
665,426,USD,LAX,YIW,"Yiwu, China",CN,2026-09-15,1,https://www.aviasales.com/search/LAX1509YIW1?marker=741311
666,427,USD,LAX,DAD,"Da Nang, Vietnam",VN,2026-11-03,1,https://www.aviasales.com/search/LAX0311DAD1?marker=741311
667,427,USD,JFK,TZX,"Trabzon, Turkiye",TR,2026-08-07,2,https://www.aviasales.com/search/JFK0708TZX1?marker=741311
668,428,USD,JFK,CGN,"Cologne, Germany",DE,2026-07-30,1,https://www.aviasales.com/search/JFK3007CGN1?marker=741311
669,429,USD,ORD,BSZ,"Bishkek, Kyrgyzstan",KG,2027-01-12,4,https://www.aviasales.com/search/ORD1201BSZ1?marker=741311
670,430,USD,ATL,AAR,"Aarhus, Denmark",DK,2026-08-11,3,https://www.aviasales.com/search/ATL1108AAR1?marker=741311
671,431,USD,PHL,YQM,"Moncton, Canada",CA,2026-08-04,2,https://www.aviasales.com/search/PHL0408YQM1?marker=741311
672,432,USD,JFK,DYU,"Dushanbe, Tajikistan",TJ,2026-08-27,3,https://www.aviasales.com/search/JFK2708DYU1?marker=741311
673,432,USD,JFK,SID,"Sal, Cape Verde",CV,2026-09-08,1,https://www.aviasales.com/search/JFK0809SID1?marker=741311
674,433,USD,ORD,PLQ,"Palanga, Lithuania",LT,2026-09-02,2,https://www.aviasales.com/search/ORD0209PLQ1?marker=741311
675,435,USD,SEA,CKG,"Chongqing, China",CN,2026-08-17,1,https://www.aviasales.com/search/SEA1708CKG1?marker=741311
676,436,USD,BOS,PBM,"Paramaribo, Suriname",SR,2026-09-01,2,https://www.aviasales.com/search/BOS0109PBM1?marker=741311
677,436,USD,JFK,MUX,"Multan, Pakistan",PK,2026-08-19,2,https://www.aviasales.com/search/JFK1908MUX1?marker=741311
678,436,USD,JFK,SCO,"Aktau, Kazakhstan",KZ,2026-11-27,3,https://www.aviasales.com/search/JFK2711SCO1?marker=741311
679,436,USD,LAX,VRN,"Verona, Italy",IT,2026-09-23,3,https://www.aviasales.com/search/LAX2309VRN1?marker=741311
680,436,USD,TPA,IPN,"Ipatinga, Brazil",BR,2026-09-29,3,https://www.aviasales.com/search/TPA2909IPN1?marker=741311
681,438,USD,JFK,TNG,"Tangier, Morocco",MA,2026-07-27,2,https://www.aviasales.com/search/JFK2707TNG1?marker=741311
682,439,USD,JFK,ACC,"Accra, Ghana",GH,2026-09-08,1,https://www.aviasales.com/search/JFK0809ACC1?marker=741311
683,439,USD,LAX,PGV,"Greenville, United States",US,2026-09-01,3,https://www.aviasales.com/search/LAX0109PGV1?marker=741311
684,441,USD,BOS,RAI,"Praia, Cape Verde",CV,2026-09-30,1,https://www.aviasales.com/search/BOS3009RAI1?marker=741311
685,441,USD,BOS,YQX,"Gander, Canada",CA,2026-08-05,2,https://www.aviasales.com/search/BOS0508YQX1?marker=741311
686,441,USD,JFK,TIN,"Tindouf, Algeria",DZ,2026-08-22,3,https://www.aviasales.com/search/JFK2208TIN1?marker=741311
687,442,USD,JFK,KRR,"Krasnodar, Russia",RU,2026-10-11,3,https://www.aviasales.com/search/JFK1110KRR1?marker=741311
688,443,USD,MSP,GOT,"Gothenburg, Sweden",SE,2026-08-18,2,https://www.aviasales.com/search/MSP1808GOT1?marker=741311
689,443,USD,JFK,FSC,"Figari, France",FR,2026-08-22,1,https://www.aviasales.com/search/JFK2208FSC1?marker=741311
690,444,USD,PDX,YCG,"Castlegar, Canada",CA,2026-08-03,2,https://www.aviasales.com/search/PDX0308YCG1?marker=741311
691,446,USD,SFO,FUK,"Fukuoka, Japan",JP,2026-08-05,1,https://www.aviasales.com/search/SFO0508FUK1?marker=741311
692,447,USD,LAX,JMK,"Mikonos, Greece",GR,2026-09-06,3,https://www.aviasales.com/search/LAX0609JMK1?marker=741311
693,448,USD,LAX,BPN,"Balikpapan, Indonesia",ID,2026-09-03,2,https://www.aviasales.com/search/LAX0309BPN1?marker=741311
694,450,USD,JFK,SHJ,"Sharjah, United Arab Emirates",AE,2026-08-21,2,https://www.aviasales.com/search/JFK2108SHJ1?marker=741311
695,452,USD,IAD,LOS,"Lagos, Nigeria",NG,2026-10-02,1,https://www.aviasales.com/search/IAD0210LOS1?marker=741311
696,452,USD,JFK,AQP,"Arequipa, Peru",PE,2026-11-01,3,https://www.aviasales.com/search/JFK0111AQP1?marker=741311
697,453,USD,ORD,PRN,"Pristina, Kosovo",XK,2026-08-08,1,https://www.aviasales.com/search/ORD0808PRN1?marker=741311
698,454,USD,MIA,ELH,"North Eleuthera, Bahamas",BS,2026-07-27,1,https://www.aviasales.com/search/MIA2707ELH1?marker=741311
699,454,USD,LAX,NHA,"Nha Trang, Vietnam",VN,2026-09-15,2,https://www.aviasales.com/search/LAX1509NHA1?marker=741311
700,456,USD,DTW,MLA,"Malta, Malta",MT,2026-08-09,2,https://www.aviasales.com/search/DTW0908MLA1?marker=741311
701,460,USD,JFK,MLE,"Male, Maldives",MV,2026-11-14,3,https://www.aviasales.com/search/JFK1411MLE1?marker=741311
702,464,USD,LAX,DTM,"Dortmund, Germany",DE,2026-08-30,3,https://www.aviasales.com/search/LAX3008DTM1?marker=741311
703,466,USD,JFK,BUS,"Batumi, Georgia",GE,2026-08-21,2,https://www.aviasales.com/search/JFK2108BUS1?marker=741311
704,467,USD,IAD,TLS,"Toulouse, France",FR,2026-08-09,3,https://www.aviasales.com/search/IAD0908TLS1?marker=741311
705,468,USD,SEA,GST,"Gustavus, United States",US,2026-08-03,1,https://www.aviasales.com/search/SEA0308GST1?marker=741311
706,473,USD,MIA,UFA,"Ufa, Russia",RU,2026-10-08,2,https://www.aviasales.com/search/MIA0810UFA1?marker=741311
707,474,USD,JFK,MRV,"Mineralnye Vody, Russia",RU,2026-10-23,3,https://www.aviasales.com/search/JFK2310MRV1?marker=741311
708,475,USD,BOS,SYD,"Sydney, Australia",AU,2026-07-28,1,https://www.aviasales.com/search/BOS2807SYD1?marker=741311
709,477,USD,LAX,CGY,"Cagayan De Oro, Philippines",PH,2026-10-14,1,https://www.aviasales.com/search/LAX1410CGY1?marker=741311
710,478,USD,ORD,BCD,"Bacolod, Philippines",PH,2026-11-30,1,https://www.aviasales.com/search/ORD3011BCD1?marker=741311
711,478,USD,CLT,TGU,"Tegucigalpa, Honduras",HN,2026-08-07,2,https://www.aviasales.com/search/CLT0708TGU1?marker=741311
712,479,USD,IAD,AMD,"Ahmedabad, India",IN,2026-12-08,2,https://www.aviasales.com/search/IAD0812AMD1?marker=741311
713,480,USD,SFO,MQM,"Mardin, Turkiye",TR,2027-01-05,2,https://www.aviasales.com/search/SFO0501MQM1?marker=741311
714,481,USD,IAD,IGU,"Foz do Iguaçu, Brazil",BR,2026-08-03,2,https://www.aviasales.com/search/IAD0308IGU1?marker=741311
715,481,USD,JFK,GIB,"Gibraltar, Gibraltar",GI,2026-07-27,2,https://www.aviasales.com/search/JFK2707GIB1?marker=741311
716,483,USD,JFK,KGL,"Kigali, Rwanda",RW,2026-08-21,1,https://www.aviasales.com/search/JFK2108KGL1?marker=741311
717,484,USD,JFK,NGO,"Nagoya, Japan",JP,2026-09-27,1,https://www.aviasales.com/search/JFK2709NGO1?marker=741311
718,484,USD,JFK,SKD,"Samarkand, Uzbekistan",UZ,2026-10-11,2,https://www.aviasales.com/search/JFK1110SKD1?marker=741311
719,486,USD,JFK,UBN,"Ulaanbaatar, Mongolia",MN,2026-10-28,1,https://www.aviasales.com/search/JFK2810UBN1?marker=741311
720,486,USD,LAX,CMB,"Colombo, Sri Lanka",LK,2027-01-11,1,https://www.aviasales.com/search/LAX1101CMB1?marker=741311
721,486,USD,JFK,MEI,"Meridian, United States",US,2026-08-01,3,https://www.aviasales.com/search/JFK0108MEI1?marker=741311
722,488,USD,JFK,RJA,"Rajahmundry, India",IN,2026-09-01,3,https://www.aviasales.com/search/JFK0109RJA1?marker=741311
723,490,USD,LAX,KBV,"Krabi, Thailand",TH,2026-11-09,2,https://www.aviasales.com/search/LAX0911KBV1?marker=741311
724,491,USD,JFK,KZN,"Kazan, Russia",RU,2026-09-11,3,https://www.aviasales.com/search/JFK1109KZN1?marker=741311
725,491,USD,LAX,RTM,"Rotterdam, Netherlands",NL,2026-08-09,3,https://www.aviasales.com/search/LAX0908RTM1?marker=741311
726,492,USD,IAD,MPL,"Montpellier, France",FR,2026-08-09,3,https://www.aviasales.com/search/IAD0908MPL1?marker=741311
727,494,USD,IAD,FNA,"Freetown, Sierra Leone",SL,2026-08-26,1,https://www.aviasales.com/search/IAD2608FNA1?marker=741311
728,495,USD,ATL,JAI,"Jaipur, India",IN,2026-08-01,1,https://www.aviasales.com/search/ATL0108JAI1?marker=741311
729,497,USD,JFK,PQC,"Phu Quoc, Vietnam",VN,2026-11-22,2,https://www.aviasales.com/search/JFK2211PQC1?marker=741311
730,499,USD,LAX,PUS,"Busan, South Korea",KR,2026-08-01,2,https://www.aviasales.com/search/LAX0108PUS1?marker=741311
731,501,USD,JFK,MSQ,"Minsk, Belarus",BY,2026-09-11,3,https://www.aviasales.com/search/JFK1109MSQ1?marker=741311
732,501,USD,JFK,ADD,"Addis Ababa, Ethiopia",ET,2026-08-29,1,https://www.aviasales.com/search/JFK2908ADD1?marker=741311
733,501,USD,JFK,FLW,"Flores Island (Azores), Portugal",PT,2026-09-01,3,https://www.aviasales.com/search/JFK0109FLW1?marker=741311
734,502,USD,CLT,FON,"Fortuna, Costa Rica",CR,2026-08-04,3,https://www.aviasales.com/search/CLT0408FON1?marker=741311
735,503,USD,ORD,SPC,"Santa Cruz De La Palma, Spain",ES,2026-08-20,3,https://www.aviasales.com/search/ORD2008SPC1?marker=741311
736,503,USD,JFK,CJU,"Jeju, South Korea",KR,2026-09-09,1,https://www.aviasales.com/search/JFK0909CJU1?marker=741311
737,504,USD,JFK,PSG,"Petersburg, United States",US,2026-08-19,2,https://www.aviasales.com/search/JFK1908PSG1?marker=741311
738,504,USD,FLL,CMW,"Camaguey, Cuba",CU,2026-08-03,2,https://www.aviasales.com/search/FLL0308CMW1?marker=741311
739,505,USD,SFO,USM,"Koh Samui, Thailand",TH,2026-12-01,2,https://www.aviasales.com/search/SFO0112USM1?marker=741311
740,507,USD,ORD,SUF,"Lamezia Terme, Italy",IT,2026-08-07,3,https://www.aviasales.com/search/ORD0708SUF1?marker=741311
741,507,USD,JFK,SLZ,"São Luis, Brazil",BR,2026-09-01,3,https://www.aviasales.com/search/JFK0109SLZ1?marker=741311
742,507,USD,LAX,SCQ,"Santiago De Compostela, Spain",ES,2026-08-02,2,https://www.aviasales.com/search/LAX0208SCQ1?marker=741311
743,508,USD,BOS,KWI,"Kuwait City, Kuwait",KW,2026-08-10,3,https://www.aviasales.com/search/BOS1008KWI1?marker=741311
744,509,USD,JFK,CIT,"Shymkent, Kazakhstan",KZ,2026-08-11,2,https://www.aviasales.com/search/JFK1108CIT1?marker=741311
745,512,USD,SLC,CCP,"Concepcion, Chile",CL,2026-08-03,2,https://www.aviasales.com/search/SLC0308CCP1?marker=741311
746,513,USD,ATL,KUF,"Samara, Russia",RU,2026-10-01,3,https://www.aviasales.com/search/ATL0110KUF1?marker=741311
747,513,USD,JFK,EIS,"Beef Island, British Virgin Islands",VG,2026-07-30,1,https://www.aviasales.com/search/JFK3007EIS1?marker=741311
748,515,USD,JFK,SIA,"Xian, China",CN,2026-11-12,2,https://www.aviasales.com/search/JFK1211SIA1?marker=741311
749,515,USD,JFK,ANR,"Antwerp, Belgium",BE,2026-08-01,2,https://www.aviasales.com/search/JFK0108ANR1?marker=741311
750,517,USD,SFO,MYJ,"Matsuyama, Japan",JP,2026-10-14,1,https://www.aviasales.com/search/SFO1410MYJ1?marker=741311
751,519,USD,SFO,MEL,"Melbourne, Australia",AU,2026-09-12,2,https://www.aviasales.com/search/SFO1209MEL1?marker=741311
752,520,USD,SEA,RKD,"Rockland, United States",US,2026-07-31,3,https://www.aviasales.com/search/SEA3107RKD1?marker=741311
753,521,USD,LAX,BNE,"Brisbane, Australia",AU,2026-10-18,1,https://www.aviasales.com/search/LAX1810BNE1?marker=741311
754,522,USD,JFK,PPS,"Puerto Princesa, Philippines",PH,2026-09-27,1,https://www.aviasales.com/search/JFK2709PPS1?marker=741311
755,523,USD,JFK,SVX,"Yekaterinburg, Russia",RU,2026-10-14,2,https://www.aviasales.com/search/JFK1410SVX1?marker=741311
756,524,USD,MCO,GRI,"Grand Island, United States",US,2026-08-03,1,https://www.aviasales.com/search/MCO0308GRI1?marker=741311
757,526,USD,JFK,OSS,"Osh, Kyrgyzstan",KG,2026-08-18,2,https://www.aviasales.com/search/JFK1808OSS1?marker=741311
758,527,USD,SAN,MTT,"Minatitlan, Mexico",MX,2026-07-31,3,https://www.aviasales.com/search/SAN3107MTT1?marker=741311
759,530,USD,MIA,PAP,"Port-au-Prince, Haiti",HT,2026-10-01,1,https://www.aviasales.com/search/MIA0110PAP1?marker=741311
760,530,USD,BOS,BLR,"Bengaluru, India",IN,2026-11-22,1,https://www.aviasales.com/search/BOS2211BLR1?marker=741311
761,532,USD,JFK,SJZ,"Sao Jorge, Portugal",PT,2026-08-10,2,https://www.aviasales.com/search/JFK1008SJZ1?marker=741311
762,534,USD,JFK,DMM,"Dammam, Saudi Arabia",SA,2026-07-28,1,https://www.aviasales.com/search/JFK2807DMM1?marker=741311
763,538,USD,ORD,EBB,"Entebbe, Uganda",UG,2026-10-30,1,https://www.aviasales.com/search/ORD3010EBB1?marker=741311
764,538,USD,SFO,OKA,"Okinawa, Japan",JP,2026-10-14,1,https://www.aviasales.com/search/SFO1410OKA1?marker=741311
765,538,USD,SFO,BDS,"Brindisi, Italy",IT,2026-09-03,3,https://www.aviasales.com/search/SFO0309BDS1?marker=741311
766,539,USD,IAH,UDR,"Udaipur, India",IN,2026-09-01,3,https://www.aviasales.com/search/IAH0109UDR1?marker=741311
767,540,USD,JFK,FEG,"Fergana, Uzbekistan",UZ,2026-08-24,2,https://www.aviasales.com/search/JFK2408FEG1?marker=741311
768,540,USD,JFK,JRO,"Kilimanjaro, Tanzania",TZ,2026-08-21,3,https://www.aviasales.com/search/JFK2108JRO1?marker=741311
769,548,USD,SFO,ATQ,"Amritsar, India",IN,2026-12-30,2,https://www.aviasales.com/search/SFO3012ATQ1?marker=741311
770,549,USD,JFK,SZX,"Shenzhen, China",CN,2026-09-01,2,https://www.aviasales.com/search/JFK0109SZX1?marker=741311
771,549,USD,LAS,NKT,"Cizre, Turkiye",TR,2026-09-18,3,https://www.aviasales.com/search/LAS1809NKT1?marker=741311
772,549,USD,MSP,DLH,"Duluth, United States",US,2026-08-03,2,https://www.aviasales.com/search/MSP0308DLH1?marker=741311
773,551,USD,LAX,HRB,"Harbin, China",CN,2026-08-06,1,https://www.aviasales.com/search/LAX0608HRB1?marker=741311
774,552,USD,ORD,RGN,"Yangon, Myanmar",MM,2026-07-29,2,https://www.aviasales.com/search/ORD2907RGN1?marker=741311
775,552,USD,JFK,CGO,"Zhengzhou, China",CN,2026-08-27,3,https://www.aviasales.com/search/JFK2708CGO1?marker=741311
776,556,USD,FLL,DVL,"Devils Lake, United States",US,2026-07-31,1,https://www.aviasales.com/search/FLL3107DVL1?marker=741311
777,557,USD,ATL,HAK,"Haikou, China",CN,2026-09-10,2,https://www.aviasales.com/search/ATL1009HAK1?marker=741311
778,557,USD,LAX,VVO,"Vladivostok, Russia",RU,2026-08-18,2,https://www.aviasales.com/search/LAX1808VVO1?marker=741311
779,557,USD,JFK,UTP,"Pattaya, Thailand",TH,2026-08-24,2,https://www.aviasales.com/search/JFK2408UTP1?marker=741311
780,558,USD,ORD,KBL,"Kabul, Afghanistan",AF,2026-08-15,2,https://www.aviasales.com/search/ORD1508KBL1?marker=741311
781,560,USD,JFK,BZO,"Bolzano, Italy",IT,2026-11-23,2,https://www.aviasales.com/search/JFK2311BZO1?marker=741311
782,561,USD,MIA,PVH,"Porto Velho, Brazil",BR,2026-12-01,2,https://www.aviasales.com/search/MIA0112PVH1?marker=741311
783,564,USD,JFK,SFG,"Saint Martin, Saint Martin",MF,2026-09-20,2,https://www.aviasales.com/search/JFK2009SFG1?marker=741311
784,565,USD,BOS,SCY,"San Cristobal, Ecuador",EC,2026-07-30,2,https://www.aviasales.com/search/BOS3007SCY1?marker=741311
785,566,USD,MIA,KGD,"Kaliningrad, Russia",RU,2026-09-17,3,https://www.aviasales.com/search/MIA1709KGD1?marker=741311
786,567,USD,MIA,CPT,"Cape Town, South Africa",ZA,2026-11-25,1,https://www.aviasales.com/search/MIA2511CPT1?marker=741311
787,571,USD,JFK,CEK,"Chelyabinsk, Russia",RU,2026-09-06,2,https://www.aviasales.com/search/JFK0609CEK1?marker=741311
788,571,USD,SEA,PPG,"Pago Pago, American Samoa",AS,2026-10-05,1,https://www.aviasales.com/search/SEA0510PPG1?marker=741311
789,572,USD,LAX,CFU,"Kerkyra, Greece",GR,2026-07-31,2,https://www.aviasales.com/search/LAX3107CFU1?marker=741311
790,572,USD,PDX,GYN,"Goiania, Brazil",BR,2026-12-07,3,https://www.aviasales.com/search/PDX0712GYN1?marker=741311
791,574,USD,MIA,ODB,"Cordoba, Spain",ES,2026-08-05,2,https://www.aviasales.com/search/MIA0508ODB1?marker=741311
792,576,USD,JFK,VOG,"Volgograd, Russia",RU,2026-09-14,3,https://www.aviasales.com/search/JFK1409VOG1?marker=741311
793,576,USD,SAN,SPK,"Sapporo, Japan",JP,2026-10-15,2,https://www.aviasales.com/search/SAN1510SPK1?marker=741311
794,579,USD,SLC,SKP,"Skopje, North Macedonia",MK,2026-09-18,2,https://www.aviasales.com/search/SLC1809SKP1?marker=741311
795,580,USD,JFK,GOJ,"Nizhniy Novgorod, Russia",RU,2026-09-02,3,https://www.aviasales.com/search/JFK0209GOJ1?marker=741311
796,582,USD,JFK,TRV,"Thiruvananthapuram, India",IN,2027-01-16,2,https://www.aviasales.com/search/JFK1601TRV1?marker=741311
797,583,USD,MIA,MFM,"Macau, Macau",MO,2026-09-10,3,https://www.aviasales.com/search/MIA1009MFM1?marker=741311
798,586,USD,SFO,GAY,"Gaya, India",IN,2026-08-31,3,https://www.aviasales.com/search/SFO3108GAY1?marker=741311
799,589,USD,SAN,PQM,"Palenque, Mexico",MX,2026-08-03,3,https://www.aviasales.com/search/SAN0308PQM1?marker=741311
800,590,USD,LAX,KTM,"Kathmandu, Nepal",NP,2026-08-17,2,https://www.aviasales.com/search/LAX1708KTM1?marker=741311
801,591,USD,LAX,PUY,"Pula, Croatia",HR,2026-08-16,3,https://www.aviasales.com/search/LAX1608PUY1?marker=741311
802,594,USD,JFK,OVB,"Novosibirsk, Russia",RU,2026-09-19,3,https://www.aviasales.com/search/JFK1909OVB1?marker=741311
803,595,USD,IAD,BHK,"Bukhara, Uzbekistan",UZ,2026-08-18,2,https://www.aviasales.com/search/IAD1808BHK1?marker=741311
804,597,USD,IAD,URT,"Surat Thani, Thailand",TH,2026-08-10,2,https://www.aviasales.com/search/IAD1008URT1?marker=741311
805,597,USD,SFO,CFR,"Caen, France",FR,2026-08-09,2,https://www.aviasales.com/search/SFO0908CFR1?marker=741311
806,598,USD,PHL,PHS,"Phitsanulok, Thailand",TH,2026-08-21,2,https://www.aviasales.com/search/PHL2108PHS1?marker=741311
807,599,USD,JFK,COK,"Kochi, India",IN,2026-07-27,2,https://www.aviasales.com/search/JFK2707COK1?marker=741311
808,599,USD,SAN,DAV,"David, Panama",PA,2026-08-03,3,https://www.aviasales.com/search/SAN0308DAV1?marker=741311
809,601,USD,ATL,NCL,"Newcastle, United Kingdom",GB,2026-07-27,1,https://www.aviasales.com/search/ATL2707NCL1?marker=741311
810,603,USD,JFK,PEE,"Perm, Russia",RU,2026-08-31,2,https://www.aviasales.com/search/JFK3108PEE1?marker=741311
811,603,USD,DCA,ABJ,"Abidjan, Ivory Coast",CI,2026-09-19,2,https://www.aviasales.com/search/DCA1909ABJ1?marker=741311
812,607,USD,JFK,OOL,"Gold Coast, Australia",AU,2026-08-11,2,https://www.aviasales.com/search/JFK1108OOL1?marker=741311
813,609,USD,LAX,CHC,"Christchurch, New Zealand",NZ,2026-08-08,1,https://www.aviasales.com/search/LAX0808CHC1?marker=741311
814,613,USD,ORD,LFW,"Lome, Togo",TG,2026-08-15,1,https://www.aviasales.com/search/ORD1508LFW1?marker=741311
815,614,USD,DCA,SZG,"Salzburg, Austria",AT,2026-07-29,2,https://www.aviasales.com/search/DCA2907SZG1?marker=741311
816,615,USD,JFK,GAN,"Gan Island, Maldives",MV,2026-08-08,3,https://www.aviasales.com/search/JFK0808GAN1?marker=741311
817,617,USD,JFK,DMB,"Taraz, Kazakhstan",KZ,2026-08-13,3,https://www.aviasales.com/search/JFK1308DMB1?marker=741311
818,617,USD,DFW,BRN,"Bern, Switzerland",CH,2026-08-06,2,https://www.aviasales.com/search/DFW0608BRN1?marker=741311
819,618,USD,IAD,TDX,"Trat, Thailand",TH,2026-08-10,2,https://www.aviasales.com/search/IAD1008TDX1?marker=741311
820,623,USD,SFO,PCL,"Pucallpa, Peru",PE,2026-08-04,3,https://www.aviasales.com/search/SFO0408PCL1?marker=741311
821,625,USD,LAX,MCX,"Makhachkala, Russia",RU,2026-08-25,3,https://www.aviasales.com/search/LAX2508MCX1?marker=741311
822,625,USD,JFK,PXO,"Porto Santo, Portugal",PT,2026-07-30,2,https://www.aviasales.com/search/JFK3007PXO1?marker=741311
823,629,USD,DEN,HIJ,"Hiroshima, Japan",JP,2026-11-14,2,https://www.aviasales.com/search/DEN1411HIJ1?marker=741311
824,630,USD,SFO,PER,"Perth, Australia",AU,2026-08-08,1,https://www.aviasales.com/search/SFO0808PER1?marker=741311
825,630,USD,SFO,BOB,"Bora Bora, French Polynesia",PF,2026-11-01,1,https://www.aviasales.com/search/SFO0111BOB1?marker=741311
826,633,USD,JFK,UGC,"Urgench, Uzbekistan",UZ,2026-08-09,3,https://www.aviasales.com/search/JFK0908UGC1?marker=741311
827,637,USD,LAS,GUW,"Atyrau, Kazakhstan",KZ,2026-09-20,3,https://www.aviasales.com/search/LAS2009GUW1?marker=741311
828,638,USD,JFK,SKT,"Sialkot, Pakistan",PK,2026-11-11,2,https://www.aviasales.com/search/JFK1111SKT1?marker=741311
829,641,USD,JFK,GRV,"Groznyy, Russia",RU,2026-09-02,3,https://www.aviasales.com/search/JFK0209GRV1?marker=741311
830,641,USD,JFK,ZNZ,"Zanzibar, Tanzania",TZ,2026-09-04,2,https://www.aviasales.com/search/JFK0409ZNZ1?marker=741311
831,641,USD,SFO,RAR,"Rarotonga, Cook Islands",CK,2026-09-10,1,https://www.aviasales.com/search/SFO1009RAR1?marker=741311
832,642,USD,JFK,RTW,"Saratov, Russia",RU,2026-10-11,4,https://www.aviasales.com/search/JFK1110RTW1?marker=741311
833,642,USD,JFK,KSN,"Kostanay, Kazakhstan",KZ,2026-08-11,3,https://www.aviasales.com/search/JFK1108KSN1?marker=741311
834,643,USD,JFK,TJM,"Tyumen, Russia",RU,2026-08-31,4,https://www.aviasales.com/search/JFK3108TJM1?marker=741311
835,643,USD,JFK,ASB,"Ashgabat, Turkmenistan",TM,2026-08-21,1,https://www.aviasales.com/search/JFK2108ASB1?marker=741311
836,643,USD,IAH,IXL,"Leh, India",IN,2026-09-19,3,https://www.aviasales.com/search/IAH1909IXL1?marker=741311
837,645,USD,SLC,LAL,"Lakeland, United States",US,2026-08-04,2,https://www.aviasales.com/search/SLC0408LAL1?marker=741311
838,647,USD,JFK,KJA,"Krasnoyarsk, Russia",RU,2026-09-15,4,https://www.aviasales.com/search/JFK1509KJA1?marker=741311
839,651,USD,JFK,SCW,"Syktyvkar, Russia",RU,2026-09-14,4,https://www.aviasales.com/search/JFK1409SCW1?marker=741311
840,653,USD,DFW,CIX,"Chiclayo, Peru",PE,2026-07-28,2,https://www.aviasales.com/search/DFW2807CIX1?marker=741311
841,656,USD,SLC,PNQ,"Pune, India",IN,2026-08-19,4,https://www.aviasales.com/search/SLC1908PNQ1?marker=741311
842,663,USD,DFW,BJL,"Banjul, Gambia",GM,2026-07-30,1,https://www.aviasales.com/search/DFW3007BJL1?marker=741311
843,666,USD,IAH,HDF,"Heringsdorf, Germany",DE,2026-07-31,2,https://www.aviasales.com/search/IAH3107HDF1?marker=741311
844,668,USD,JFK,OMS,"Omsk, Russia",RU,2026-08-17,3,https://www.aviasales.com/search/JFK1708OMS1?marker=741311
845,669,USD,LAX,ADL,"Adelaide, Australia",AU,2026-08-07,2,https://www.aviasales.com/search/LAX0708ADL1?marker=741311
846,674,USD,ORD,BAR,"Qionghai, China",CN,2026-09-16,4,https://www.aviasales.com/search/ORD1609BAR1?marker=741311
847,674,USD,IAH,GNJ,"Ganja, Azerbaijan",AZ,2026-08-04,3,https://www.aviasales.com/search/IAH0408GNJ1?marker=741311
848,676,USD,LAS,VIL,"Dakhla, Morocco",MA,2026-08-28,2,https://www.aviasales.com/search/LAS2808VIL1?marker=741311
849,678,USD,JFK,JNB,"Johannesburg, South Africa",ZA,2026-11-05,3,https://www.aviasales.com/search/JFK0511JNB1?marker=741311
850,678,USD,DEN,SWQ,"Sumbawa Besar, Indonesia",ID,2026-10-06,3,https://www.aviasales.com/search/DEN0610SWQ1?marker=741311
851,681,USD,JFK,IKT,"Irkutsk, Russia",RU,2026-10-30,2,https://www.aviasales.com/search/JFK3010IKT1?marker=741311
852,684,USD,JFK,ASF,"Astrakhan, Russia",RU,2026-09-08,3,https://www.aviasales.com/search/JFK0809ASF1?marker=741311
853,684,USD,JFK,URC,"Urumqi, China",CN,2026-08-22,3,https://www.aviasales.com/search/JFK2208URC1?marker=741311
854,687,USD,JFK,KGP,"Kogalym, Russia",RU,2026-08-13,3,https://www.aviasales.com/search/JFK1308KGP1?marker=741311
855,687,USD,LAX,CNS,"Cairns, Australia",AU,2026-08-07,1,https://www.aviasales.com/search/LAX0708CNS1?marker=741311
856,689,USD,JFK,AKX,"Aktobe, Kazakhstan",KZ,2026-08-13,2,https://www.aviasales.com/search/JFK1308AKX1?marker=741311
857,694,USD,SFO,KHV,"Khabarovsk, Russia",RU,2026-08-20,2,https://www.aviasales.com/search/SFO2008KHV1?marker=741311
858,697,USD,JFK,NMA,"Namangan, Uzbekistan",UZ,2026-08-09,2,https://www.aviasales.com/search/JFK0908NMA1?marker=741311
859,697,USD,JFK,HGR,"Hagerstown, United States",US,2026-08-03,2,https://www.aviasales.com/search/JFK0308HGR1?marker=741311
860,700,USD,JFK,STV,"Surat, India",IN,2026-10-31,2,https://www.aviasales.com/search/JFK3110STV1?marker=741311
861,701,USD,LAX,ENI,"El Nido, Philippines",PH,2026-12-26,2,https://www.aviasales.com/search/LAX2612ENI1?marker=741311
862,710,USD,ORD,KSQ,"Qarshi, Uzbekistan",UZ,2026-08-22,2,https://www.aviasales.com/search/ORD2208KSQ1?marker=741311
863,712,USD,JFK,CSY,"Cheboksary, Russia",RU,2026-07-27,3,https://www.aviasales.com/search/JFK2707CSY1?marker=741311
864,712,USD,DTW,BSR,"Basra, Iraq",IQ,2026-12-25,1,https://www.aviasales.com/search/DTW2512BSR1?marker=741311
865,714,USD,MIA,CYA,"Les Cayes, Haiti",HT,2026-08-12,3,https://www.aviasales.com/search/MIA1208CYA1?marker=741311
866,714,USD,LAX,DRW,"Darwin, Australia",AU,2026-08-07,3,https://www.aviasales.com/search/LAX0708DRW1?marker=741311
867,714,USD,LAX,TRZ,"Tiruchirappalli, India",IN,2026-12-01,4,https://www.aviasales.com/search/LAX0112TRZ1?marker=741311
868,718,USD,BOS,OGZ,"Vladikavkaz, Russia",RU,2026-08-04,3,https://www.aviasales.com/search/BOS0408OGZ1?marker=741311
869,720,USD,JFK,LXA,"Lhasa, China",CN,2026-09-18,3,https://www.aviasales.com/search/JFK1809LXA1?marker=741311
870,721,USD,IAD,OUA,"Ouagadougou, Burkina Faso",BF,2026-10-14,1,https://www.aviasales.com/search/IAD1410OUA1?marker=741311
871,723,USD,SEA,NBC,"Naberezhnye Chelny, Russia",RU,2026-08-16,4,https://www.aviasales.com/search/SEA1608NBC1?marker=741311
872,726,USD,JFK,TNR,"Antananarivo, Madagascar",MG,2026-08-21,3,https://www.aviasales.com/search/JFK2108TNR1?marker=741311
873,729,USD,JFK,TBW,"Tambov, Russia",RU,2026-07-31,3,https://www.aviasales.com/search/JFK3107TBW1?marker=741311
874,729,USD,SFO,RUR,"Rurutu, French Polynesia",PF,2026-09-20,1,https://www.aviasales.com/search/SFO2009RUR1?marker=741311
875,733,USD,SAN,ENA,"Kenai, United States",US,2026-08-03,3,https://www.aviasales.com/search/SAN0308ENA1?marker=741311
876,734,USD,ORD,RGK,"Gorno-Altaysk, Russia",RU,2026-08-24,4,https://www.aviasales.com/search/ORD2408RGK1?marker=741311
877,737,USD,JFK,VIJ,"Virgin Gorda, British Virgin Islands",VG,2026-07-30,1,https://www.aviasales.com/search/JFK3007VIJ1?marker=741311
878,737,USD,LAX,IPC,"Easter Island, Chile",CL,2026-10-19,3,https://www.aviasales.com/search/LAX1910IPC1?marker=741311
879,739,USD,JFK,GDZ,"Gelendzik, Russia",RU,2026-08-21,3,https://www.aviasales.com/search/JFK2108GDZ1?marker=741311
880,741,USD,ORD,TMJ,"Termez, Uzbekistan",UZ,2026-08-14,2,https://www.aviasales.com/search/ORD1408TMJ1?marker=741311
881,742,USD,SFO,KVX,"Kirov, Russia",RU,2026-12-01,4,https://www.aviasales.com/search/SFO0112KVX1?marker=741311
882,743,USD,IAD,LBV,"Libreville, Gabon",GA,2026-08-02,2,https://www.aviasales.com/search/IAD0208LBV1?marker=741311
883,743,USD,IAD,YAO,"Yaounde, Cameroon",CM,2026-09-01,2,https://www.aviasales.com/search/IAD0109YAO1?marker=741311
884,744,USD,BOS,GOH,"Nuuk, Greenland",GL,2026-08-23,1,https://www.aviasales.com/search/BOS2308GOH1?marker=741311
885,744,USD,SEA,BKO,"Bamako, Mali",ML,2026-07-30,2,https://www.aviasales.com/search/SEA3007BKO1?marker=741311
886,754,USD,IAH,WUH,"Wuhan, China",CN,2026-10-07,2,https://www.aviasales.com/search/IAH0710WUH1?marker=741311
887,755,USD,ATL,SGC,"Surgut, Russia",RU,2026-09-13,4,https://www.aviasales.com/search/ATL1309SGC1?marker=741311
888,763,USD,JFK,MRU,"Mauritius, Mauritius",MU,2026-08-22,1,https://www.aviasales.com/search/JFK2208MRU1?marker=741311
889,771,USD,LAX,UKK,"Oskemen, Kazakhstan",KZ,2026-09-10,3,https://www.aviasales.com/search/LAX1009UKK1?marker=741311
890,775,USD,SAN,HSA,"Turkistan, Kazakhstan",KZ,2026-09-16,4,https://www.aviasales.com/search/SAN1609HSA1?marker=741311
891,776,USD,BOS,UUD,"Ulan-Ude, Russia",RU,2026-09-07,4,https://www.aviasales.com/search/BOS0709UUD1?marker=741311
892,777,USD,BOS,OME,"Nome, United States",US,2026-08-05,2,https://www.aviasales.com/search/BOS0508OME1?marker=741311
893,780,USD,LAS,MMH,"Mammoth Lakes, United States",US,2026-08-04,2,https://www.aviasales.com/search/LAS0408MMH1?marker=741311
894,786,USD,ORD,LBD,"Khujand, Tajikistan",TJ,2026-08-10,3,https://www.aviasales.com/search/ORD1008LBD1?marker=741311
895,789,USD,JFK,SEZ,"Mahe, Seychelles",SC,2026-08-02,2,https://www.aviasales.com/search/JFK0208SEZ1?marker=741311
896,792,USD,SFO,WLG,"Wellington, New Zealand",NZ,2026-08-08,3,https://www.aviasales.com/search/SFO0808WLG1?marker=741311
897,809,USD,ORD,IKU,"Tamchy, Kyrgyzstan",KG,2026-08-03,3,https://www.aviasales.com/search/ORD0308IKU1?marker=741311
898,810,USD,JFK,YKS,"Yakutsk, Russia",RU,2026-08-09,3,https://www.aviasales.com/search/JFK0908YKS1?marker=741311
899,812,USD,BOS,TOF,"Tomsk, Russia",RU,2026-08-09,3,https://www.aviasales.com/search/BOS0908TOF1?marker=741311
900,813,USD,JFK,KOW,"Ganzhou, China",CN,2026-08-05,3,https://www.aviasales.com/search/JFK0508KOW1?marker=741311
901,822,USD,ORD,NYM,"Nadym, Russia",RU,2026-08-03,4,https://www.aviasales.com/search/ORD0308NYM1?marker=741311
902,826,USD,SFO,AIT,"Aitutaki, Cook Islands",CK,2026-08-20,2,https://www.aviasales.com/search/SFO2008AIT1?marker=741311
903,829,USD,JFK,KRO,"Kurgan, Russia",RU,2026-08-05,3,https://www.aviasales.com/search/JFK0508KRO1?marker=741311
904,831,USD,LAX,AZN,"Andijan, Uzbekistan",UZ,2026-08-21,3,https://www.aviasales.com/search/LAX2108AZN1?marker=741311
905,842,USD,DTW,SPN,"Saipan, Northern Mariana Islands",MP,2027-01-12,3,https://www.aviasales.com/search/DTW1201SPN1?marker=741311
906,849,USD,SFO,ZQN,"Queenstown, New Zealand",NZ,2026-08-07,3,https://www.aviasales.com/search/SFO0708ZQN1?marker=741311
907,850,USD,SEA,CHX,"Changuinola, Panama",PA,2026-08-01,3,https://www.aviasales.com/search/SEA0108CHX1?marker=741311
908,856,USD,JFK,IJK,"Izhevsk, Russia",RU,2026-07-28,4,https://www.aviasales.com/search/JFK2807IJK1?marker=741311
909,860,USD,LAX,ARH,"Arkhangelsk, Russia",RU,2026-08-28,3,https://www.aviasales.com/search/LAX2808ARH1?marker=741311
910,861,USD,BNA,JBK,"Qitai County, China",CN,2026-08-03,3,https://www.aviasales.com/search/BNA0308JBK1?marker=741311
911,865,USD,JFK,PTG,"Polokwane, South Africa",ZA,2026-09-26,4,https://www.aviasales.com/search/JFK2609PTG1?marker=741311
912,865,USD,BNA,DLA,"Douala, Cameroon",CM,2026-08-03,2,https://www.aviasales.com/search/BNA0308DLA1?marker=741311
913,866,USD,JFK,UUS,"Yuzhno-Sakhalinsk, Russia",RU,2026-08-03,4,https://www.aviasales.com/search/JFK0308UUS1?marker=741311
914,890,USD,SFO,HTA,"Chita, Russia",RU,2026-11-01,2,https://www.aviasales.com/search/SFO0111HTA1?marker=741311
915,928,USD,DEN,ARK,"Arusha, Tanzania",TZ,2026-12-01,3,https://www.aviasales.com/search/DEN0112ARK1?marker=741311
916,934,USD,FLL,NJC,"Nizhnevartovsk, Russia",RU,2026-09-07,4,https://www.aviasales.com/search/FLL0709NJC1?marker=741311
917,937,USD,RDU,FIH,"Kinshasa, Democratic Republic of the Congo",CD,2026-07-27,2,https://www.aviasales.com/search/RDU2707FIH1?marker=741311
918,942,USD,SFO,SUI,"Sukhumi, Abkhazia",AB,2026-08-15,3,https://www.aviasales.com/search/SFO1508SUI1?marker=741311
919,953,USD,ORD,PKC,"Petropavlovsk-Kamchatsky, Russia",RU,2026-09-23,4,https://www.aviasales.com/search/ORD2309PKC1?marker=741311
920,959,USD,ATL,KEJ,"Kemerovo, Russia",RU,2026-07-31,3,https://www.aviasales.com/search/ATL3107KEJ1?marker=741311
921,968,USD,JFK,NAJ,"Nakhichevan, Azerbaijan",AZ,2026-08-20,3,https://www.aviasales.com/search/JFK2008NAJ1?marker=741311
922,977,USD,JFK,BQS,"Blagoveschensk, Russia",RU,2026-08-14,4,https://www.aviasales.com/search/JFK1408BQS1?marker=741311
923,979,USD,SAN,LAD,"Luanda, Angola",AO,2026-08-20,2,https://www.aviasales.com/search/SAN2008LAD1?marker=741311
924,984,USD,JFK,GVR,"Governador Valadares, Brazil",BR,2026-12-17,2,https://www.aviasales.com/search/JFK1712GVR1?marker=741311
925,993,USD,MIA,WDH,"Windhoek, Namibia",NA,2026-08-10,2,https://www.aviasales.com/search/MIA1008WDH1?marker=741311
926,1012,USD,JFK,CXI,"Christmas Island, Kiribati",KI,2026-08-15,2,https://www.aviasales.com/search/JFK1508CXI1?marker=741311
927,1017,USD,LAX,KGF,"Karagandy, Kazakhstan",KZ,2026-09-05,2,https://www.aviasales.com/search/LAX0509KGF1?marker=741311
928,1023,USD,DEN,HGA,"Hargeisa, Somalia",SO,2026-07-29,2,https://www.aviasales.com/search/DEN2907HGA1?marker=741311
929,1029,USD,PHL,MLW,"Monrovia, Liberia",LR,2026-09-01,2,https://www.aviasales.com/search/PHL0109MLW1?marker=741311
930,1041,USD,LAX,DYR,"Anadyr, Russia",RU,2026-08-03,4,https://www.aviasales.com/search/LAX0308DYR1?marker=741311
931,1057,USD,BOS,CAC,"Cascavel, Brazil",BR,2026-12-19,3,https://www.aviasales.com/search/BOS1912CAC1?marker=741311
932,1120,USD,JFK,USH,"Ushuaia, Argentina",AR,2026-07-31,3,https://www.aviasales.com/search/JFK3107USH1?marker=741311
933,1123,USD,SEA,VFA,"Victoria Falls, Zimbabwe",ZW,2026-08-09,2,https://www.aviasales.com/search/SEA0908VFA1?marker=741311
934,1143,USD,JFK,CAY,"Cayenne, French Guiana",GF,2027-01-01,3,https://www.aviasales.com/search/JFK0101CAY1?marker=741311
935,1177,USD,JFK,MOQ,"Morondava, Madagascar",MG,2026-09-07,2,https://www.aviasales.com/search/JFK0709MOQ1?marker=741311
936,1222,USD,LAX,PHC,"Port Harcourt, Nigeria",NG,2026-12-10,2,https://www.aviasales.com/search/LAX1012PHC1?marker=741311
937,1235,USD,ORD,REN,"Orenburg, Russia",RU,2026-08-01,2,https://www.aviasales.com/search/ORD0108REN1?marker=741311
938,1295,USD,LAX,ULY,"Ulyanovsk, Russia",RU,2026-08-17,2,https://www.aviasales.com/search/LAX1708ULY1?marker=741311
939,1349,USD,JFK,PNI,"Pohnpei, Micronesia",FM,2026-08-19,3,https://www.aviasales.com/search/JFK1908PNI1?marker=741311
940,1355,USD,LAX,WLS,"Wallis Island, Wallis and Futuna",WF,2026-12-17,2,https://www.aviasales.com/search/LAX1712WLS1?marker=741311
941,1357,USD,DFW,RRG,"Rodrigues Island, Mauritius",MU,2026-12-27,3,https://www.aviasales.com/search/DFW2712RRG1?marker=741311
942,1418,USD,MIA,BRA,"Barreiras, Brazil",BR,2026-08-01,3,https://www.aviasales.com/search/MIA0108BRA1?marker=741311
943,1619,USD,ORD,ULK,"Lensk, Russia",RU,2026-08-03,4,https://www.aviasales.com/search/ORD0308ULK1?marker=741311
944,1752,USD,ORD,JAV,"Ilulissat, Greenland",GL,2027-01-01,2,https://www.aviasales.com/search/ORD0101JAV1?marker=741311
