rank,price,currency,origin,destination_code,destination_name,country_code,depart,stops,booking_link
1,18,USD,LAX,LAS,"Las Vegas, United States",US,2026-11-11,0,https://www.aviasales.com/search/LAX1111LAS1?t=F917943915001794395880000073LAXLAS_b8c22c28855bd34f320196a95b20c18a_1543&search_date=03092026&expected_price_uuid=01a0670f-bc38-8040-a657-9dd1c45c4117&static_fare_key=TY%7CP0%7CH0%7CL0%7CCH0%7CR0%7CTBC0&itinerary_key=lWAvra6cC7vUD3qPvQsb9w&expected_price_source=share&expected_price_currency=usd&expected_price=18&marker=741311
2,18,USD,SFO,LAX,"Los Angeles, United States",US,2026-11-03,0,https://www.aviasales.com/search/SFO0311LAX1?t=F917937339001793739180000088SFOLAX_05d5272456c1120bc1d05a2e936b8442_1575&search_date=05092026&expected_price_uuid=01a070c6-77fa-8050-6b30-718940da8ef0&static_fare_key=TY%7CP1%7CH0%7CL0%7CCH0%7CR0%7CTBC0&itinerary_key=0p_pmrC_TjvBt-7kZLHVFQ&expected_price_source=share&expected_price_currency=usd&expected_price=18&marker=741311
3,19,USD,PHL,ATL,"Atlanta, United States",US,2026-09-29,0,https://www.aviasales.com/search/PHL2909ATL1?t=F917906856001790694060000141PHLATL_374a3577edaeedc521e8aeab035ead91_1629&search_date=04092026&expected_price_uuid=01a06c5f-4672-8040-656c-5091363796ab&static_fare_key=TY%7CP0%7CH0%7CL0%7CCH0%7CR0%7CTBC0&itinerary_key=epO0kBfiBdaMEjBYZDiaoQ&expected_price_source=share&expected_price_currency=usd&expected_price=19&marker=741311
4,19,USD,ATL,PHL,"Philadelphia, United States",US,2026-10-10,0,https://www.aviasales.com/search/ATL1010PHL1?t=F917916659401791673860000132ATLPHL_6b4a3f751a4cd00bf9e6542c7afcac11_1645&search_date=04092026&expected_price_uuid=01a06b1d-04e6-8040-6448-229d80cde5f7&static_fare_key=TY%7CP0%7CH0%7CL0%7CCH0%7CR0%7CTBC0&itinerary_key=gOSQYKwGkfvYOKO4tGRy-g&expected_price_source=share&expected_price_currency=usd&expected_price=19&marker=741311
5,19,USD,ATL,ORL,"Orlando, United States",US,2026-10-20,0,https://www.aviasales.com/search/ATL2010ORL1?t=F917924908201792496820000100ATLMCO_dd8534f44925b39f0347bc3c208061ee_1648&search_date=02092026&expected_price_uuid=01a0608f-b48b-8040-23ad-ff6b05f45b39&static_fare_key=TY%7CP0%7CH0%7CL0%7CCH0%7CR0%7CTBC0&itinerary_key=hc0Rduw6wjeOlwBIHfbQ5w&expected_price_source=share&expected_price_currency=usd&expected_price=19&marker=741311
6,19,USD,LAX,SFO,"San Francisco, United States",US,2026-10-14,0,https://www.aviasales.com/search/LAX1410SFO1?t=F917920045801792010280000095LAXSFO_43a24ace6b95dad5c3670e32d449e6ad_1667&search_date=02092026&expected_price_uuid=01a0631a-a638-8040-2a41-4cb0b165aba2&static_fare_key=TY%7CP1%7CH0%7CL0%7CCH0%7CR0%7CTBC0&itinerary_key=Z6dH9Xz4PLMQj5ARzG9QYw&expected_price_source=share&expected_price_currency=usd&expected_price=19&marker=741311
7,19,USD,SFO,SAN,"San Diego, United States",US,2026-10-28,0,https://www.aviasales.com/search/SFO2810SAN1?t=F917932066201793212680000101SFOSAN_c4bbcd2d8e821f4f8d7b5eea40d901ee_1657&search_date=02092026&expected_price_uuid=01a0632c-ffec-8040-2c1f-2801c0bcad70&static_fare_key=TY%7CP0%7CH0%7CL0%7CCH0%7CR0%7CTBC0&itinerary_key=4bRqAPFGZu4lUiPE8oqPwQ&expected_price_source=share&expected_price_currency=usd&expected_price=19&marker=741311
8,24,USD,ATL,JAX,"Jacksonville, United States",US,2026-10-05,0,https://www.aviasales.com/search/ATL0510JAX1?t=F917912225401791226860000072ATLJAX_1946d9b31346e3de300a06261d0496c0_2094&search_date=02092026&expected_price_uuid=01a06414-7b3b-8030-afa6-119e7245565c&static_fare_key=TY%7CP0%7CH0%7CL0%7CCH0%7CR0%7CTBC0&itinerary_key=t0rJKisXEQL4A5J7VyH4Fg&expected_price_source=share&expected_price_currency=usd&expected_price=24&marker=741311
10,24,USD,LAS,PHX,"Phoenix, United States",US,2026-11-19,0,https://www.aviasales.com/search/LAS1911PHX1?t=F917951045401795112820000078LASPHX_9947a8f5c9fdecd01a125abcef12e193_2085&search_date=03092026&expected_price_uuid=01a06657-076e-8030-e54b-06d5039af4d7&static_fare_key=TY%7CP0%7CH0%7CL0%7CCH0%7CR0%7CTBC0&itinerary_key=o7GgBcBDJwJ7h2fW5NeAVw&expected_price_source=share&expected_price_currency=usd&expected_price=24&marker=741311
11,27,USD,BNA,CHI,"Chicago, United States",US,2026-10-15,0,https://www.aviasales.com/search/BNA1510CHI1?t=G417920615201792066920000090BNARFD_879706faf1979deedf07d856905345ea_2275&search_date=04092026&expected_price_uuid=01a06e92-bd6e-8040-23aa-840f5f2d3acc&static_fare_key=TY%7CP0%7CH0%7CL0%7CCH0%7CR0%7CTBC0&itinerary_key=4GtLbv89tf5tbmXAy5wpyg&expected_price_source=share&expected_price_currency=usd&expected_price=27&marker=741311
14,34,USD,LAX,DEN,"Denver, United States",US,2026-09-23,0,https://www.aviasales.com/search/ONT2309DEN1?t=F917901639001790176020000142ONTDEN_e984a7c21dd9bc4dc3acb36b598a543b_2936&search_date=03092026&expected_price_uuid=01a065f7-5e8f-8030-20a3-c8214f6d8e86&static_fare_key=TY%7CP1%7CH0%7CL0%7CCH1_0%7CR0%7CTBC0&itinerary_key=MiyVlyUrRkdp1ofYIxv-5Q&expected_price_source=share&expected_price_currency=usd&expected_price=34&marker=741311
15,30,USD,ATL,DFW,"Dallas, United States",US,2026-09-30,0,https://www.aviasales.com/search/ATL3009DFW1?t=F917907879001790793780000158ATLDFW_20cbf85af7c2ff39f488e4c90ac835bf_2574&search_date=05092026&expected_price_uuid=01a07043-de99-8040-ab7d-d2bbcbd9e19c&static_fare_key=TY%7CP0%7CH0%7CL0%7CCH0%7CR0%7CTBC0&itinerary_key=PBY0cwjQPexPU5mi7ljlGg&expected_price_source=share&expected_price_currency=usd&expected_price=30&marker=741311
16,34,USD,DEN,SLC,"Salt Lake City, United States",US,2026-11-10,0,https://www.aviasales.com/search/DEN1011SLC1?t=F917943506401794356220000093DENSLC_a00db272a65bfe0659fc7744bf53339f_2949&search_date=02092026&expected_price_uuid=01a06093-8694-8050-a18b-cd097f2b79d3&static_fare_key=TY%7CP0%7CH0%7CL0%7CCH0%7CR0%7CTBC0&itinerary_key=3-ZV_MyvFuu3pr06FTmnvg&expected_price_source=share&expected_price_currency=usd&expected_price=34&marker=741311
17,35,USD,ATL,IND,"Indianapolis, United States",US,2026-09-11,0,https://www.aviasales.com/search/ATL1109IND1?t=F917891469001789152780000098ATLIND_7548ef6c9ca2a5e603104a2e295a3756_3052&search_date=30082026&expected_price_uuid=01a054d9-fbb0-8040-6d87-a6a46057da8b&static_fare_key=TY%7CP1%7CH0%7CL0%7CCH0%7CR0%7CTBC0&itinerary_key=QsZQG62RXsNjjzKmYBj_gg&expected_price_source=share&expected_price_currency=usd&expected_price=35&marker=741311
18,35,USD,MCO,RDU,"Raleigh, United States",US,2026-09-12,0,https://www.aviasales.com/search/MCO1209RDU1?t=F917892105001789217040000109MCORDU_e2e79756520ee040eb1f57514d4cc7ff_3024&search_date=30082026&expected_price_uuid=01a0543c-a330-8040-ac70-d97b1426b7ec&static_fare_key=TY%7CP1%7CH0%7CL0%7CCH1%7CR0%7CTBC0&itinerary_key=yZOBK1_1k_v1EtReeDrg0g&origin_airports=0&expected_price_source=share&expected_price_currency=usd&expected_price=35&marker=741311
19,37,USD,ATL,WAS,"Washington, United States",US,2026-09-26,0,https://www.aviasales.com/search/ATL2609WAS1?t=F917904363001790443080000113ATLIAD_cb1824c50c19e8350026f1eb02e2d000_3207&search_date=04092026&expected_price_uuid=01a069f5-941c-8040-a986-5ec6b18c7b25&static_fare_key=TY%7CP0%7CH0%7CL0%7CCH0%7CR0%7CTBC0&itinerary_key=bOSKutHlPbD5cHbx2lMWFA&expected_price_source=share&expected_price_currency=usd&expected_price=37&marker=741311
20,37,USD,IAH,FLL,"Fort Lauderdale, United States",US,2026-09-23,0,https://www.aviasales.com/search/IAH2309FLL1?t=F917901519001790165520000167IAHFLL_748ef9318c05def17240aef92c74fdad_3231&search_date=02092026&expected_price_uuid=01a0645c-37b7-8040-693b-8613ec10b0e4&static_fare_key=TY%7CP0%7CH0%7CL0%7CCH0%7CR0%7CTBC0&itinerary_key=47Yg2LFTqzds5QXbncUORA&origin_airports=0&expected_price_source=share&expected_price_currency=usd&expected_price=37&marker=741311
21,37,USD,LAS,FAT,"Fresno, United States",US,2026-09-12,0,https://www.aviasales.com/search/LAS1209FAT1?t=G417892036001789208340000079LASFAT_d5e3eaca45a58ae3cea22303de208106_3212&search_date=02092026&expected_price_uuid=01a06096-a58f-8030-60bb-931f185e573a&static_fare_key=TY%7CP0%7CH0%7CL0%7CCH0%7CR0%7CTBC0&itinerary_key=syvLcSiehOawMq8-8GLl9w&expected_price_source=share&expected_price_currency=usd&expected_price=37&marker=741311
22,38,USD,TPA,EYW,"Key West, United States",US,2026-09-09,0,https://www.aviasales.com/search/TPA0909EYW1?t=MX17889414001788945840000074TPAEYW_1b7fa152a248f4f4f8783afa3cefe43b_3293&search_date=03092026&expected_price_uuid=01a067c2-54d3-8040-2531-a0eec6814a9a&static_fare_key=TY%7CP0%7CH0%7CL0%7CCH0%7CR0%7CTBC0&itinerary_key=X0keHV2E4Jonfz47PSkpVg&expected_price_source=share&expected_price_currency=usd&expected_price=38&marker=741311
23,39,USD,PHL,TPA,"Tampa, United States",US,2026-10-04,0,https://www.aviasales.com/search/PHL0410TPA1?t=G417911159801791125820000164TTNPIE_51434e684b170fc2b2fa1d4401b531f3_3357&search_date=30082026&expected_price_uuid=01a05294-4943-8030-651a-c1fe5c81316f&static_fare_key=TY%7CP1%7CH0%7CL0%7CCH0%7CR0%7CTBC0&itinerary_key=daIT4dQAqFyDrxCz2I3pOw&expected_price_source=share&expected_price_currency=usd&expected_price=39&marker=741311
25,41,USD,ATL,HOU,"Houston, United States",US,2026-10-28,0,https://www.aviasales.com/search/ATL2810HOU1?t=F917931939001793199000000145ATLIAH_3462d19cb2b18d412e2d5e822e426c69_3497&search_date=31082026&expected_price_uuid=01a056d5-87e3-8050-ed85-87898779b03b&static_fare_key=TY%7CP1%7CH0%7CL0%7CCH0%7CR0%7CTBC0&itinerary_key=VCm1_oNsTmmzf6uTVOz-Qw&expected_price_source=share&expected_price_currency=usd&expected_price=41&marker=741311
26,41,USD,IAH,MIA,"Miami, United States",US,2026-10-03,0,https://www.aviasales.com/search/IAH0310MIA1?t=F917910250801791038340000161IAHMIA_145dd34dbb257550ef3d063d46a7d83f_3519&search_date=04092026&expected_price_uuid=01a06c36-2daf-8030-a0e7-5f78dfd77b9c&static_fare_key=TY%7CP1%7CH0%7CL0%7CCH0%7CR0%7CTBC0&itinerary_key=cXl29VObduVTPhzLgVdIkA&origin_airports=0&expected_price_source=share&expected_price_currency=usd&expected_price=41&marker=741311
27,41,USD,ATL,CMH,"Columbus, United States",US,2026-09-10,0,https://www.aviasales.com/search/ATL1009CMH1?t=F917890605001789066500000100ATLCMH_91fc29096630e073be2d4493c17416ce_3553&search_date=31082026&expected_price_uuid=01a057fb-eb94-8030-e04c-27baebb1f894&static_fare_key=TY%7CP0%7CH0%7CL0%7CCH0%7CR0%7CTBC0&itinerary_key=xFKO_e48ZNBEDVGrw3-3_g&expected_price_source=share&expected_price_currency=usd&expected_price=41&marker=741311
28,41,USD,ATL,CLE,"Cleveland, United States",US,2026-09-15,0,https://www.aviasales.com/search/ATL1509CLE1?t=F917894987401789505520000113ATLCLE_68bf753cfff92157181e2ba39c94d055_3536&search_date=31082026&expected_price_uuid=01a05526-0d48-8030-aeff-5b9ac47deb87&static_fare_key=TY%7CP0%7CH0%7CL0%7CCH0%7CR0%7CTBC0&itinerary_key=u_NZy7wlZjMiLZPGPmEzAA&expected_price_source=share&expected_price_currency=usd&expected_price=41&marker=741311
29,43,USD,MCO,CHS,"Charleston, United States",US,2026-09-10,0,https://www.aviasales.com/search/MCO1009CHS1?t=MX17890242001789029480000088MCOCHS_71777f1677d4967a95ede071219ce09e_3709&search_date=31082026&expected_price_uuid=01a05748-2fa1-8030-e762-c3408327488d&static_fare_key=TY%7CP0%7CH0%7CL0%7CCH0%7CR0%7CTBC0&itinerary_key=93ihWs3c9tIzqhp1YH1pCA&origin_airports=0&expected_price_source=share&expected_price_currency=usd&expected_price=43&marker=741311
30,44,USD,MCO,PNS,"Pensacola, United States",US,2026-09-10,0,https://www.aviasales.com/search/MCO1009PNS1?t=F917890440001789046040000094MCOPNS_c407972218d8f524214972b2392679a1_3783&search_date=31082026&expected_price_uuid=01a055bd-efc6-8030-2559-b8d79b32605f&static_fare_key=TY%7CP0%7CH0%7CL0%7CCH0%7CR0%7CTBC0&itinerary_key=R30X6Sab0MtbRQjIEN5DTw&origin_airports=0&expected_price_source=share&expected_price_currency=usd&expected_price=44&marker=741311
31,40,USD,LAS,SMX,"Santa Maria, United States",US,2026-09-10,0,https://www.aviasales.com/search/LAS1009SMX1?t=G417890308001789036140000089LASSMX_8517ce6e5d29183bd5adbc392294cbf4_3453&search_date=31082026&expected_price_uuid=01a05913-8f5e-8030-68a3-14401b482cb2&static_fare_key=TY%7CP0%7CH0%7CL0%7CCH0%7CR0%7CTBC0&itinerary_key=DqOvRXCt4htGaTgqdHEMrg&expected_price_source=share&expected_price_currency=usd&expected_price=40&marker=741311
32,45,USD,MCO,BOS,"Boston, United States",US,2026-10-17,0,https://www.aviasales.com/search/MCO1710BOS1?t=F917922231001792234920000197MCOBOS_2e7171690a2c11277dee4aaa4749d360_3916&search_date=01092026&expected_price_uuid=01a05e84-a45a-8050-694c-f0ede8f33860&static_fare_key=TY%7CP1%7CH0%7CL0%7CCH1%7CR0%7CTBC0&itinerary_key=pFDCqTwiqyZJfK8Bxdwqzg&origin_airports=0&expected_price_source=share&expected_price_currency=usd&expected_price=45&marker=741311
33,45,USD,MCO,AVL,"Asheville, United States",US,2026-09-14,0,https://www.aviasales.com/search/MCO1409AVL1?t=G417893999201789406220000105MCOAVL_9431af055e07af827b11090d567ef947_3893&search_date=31082026&expected_price_uuid=01a057a4-ba0b-8040-2dee-7446deb4795c&static_fare_key=TY%7CP0%7CH0%7CL0%7CCH0%7CR0%7CTBC0&itinerary_key=xBReirEeM3w5KHIhLgNCqg&origin_airports=0&expected_price_source=share&expected_price_currency=usd&expected_price=45&marker=741311
34,45,USD,BNA,FSD,"Sioux Falls, United States",US,2026-09-18,0,https://www.aviasales.com/search/BNA1809FSD1?t=G417897154001789722900000125BNAFSD_187caa64c99e8322d4de6e09916b959e_3884&search_date=01092026&expected_price_uuid=01a05af7-1cbe-8040-24b1-a75fc7796423&static_fare_key=TY%7CP0%7CH0%7CL0%7CCH0%7CR0%7CTBC0&itinerary_key=FIW0lHF0Y8IgBDBBLaNpYA&expected_price_source=share&expected_price_currency=usd&expected_price=45&marker=741311
35,45,USD,RDU,OGS,"Ogdensburg, United States",US,2026-09-12,0,https://www.aviasales.com/search/RDU1209OGS1?t=MX17892064801789213740000121RDUOGS_7391353c1623bca975554bb92f622e61_3865&search_date=04092026&expected_price_uuid=01a06d1f-0cca-8040-6816-ee67d4498eb2&static_fare_key=TY%7CP0%7CH0%7CL0%7CCH0%7CR0%7CTBC0&itinerary_key=VzvjaZqqiPvHq9rJEqabUw&expected_price_source=share&expected_price_currency=usd&expected_price=45&marker=741311
36,48,USD,DEN,BNA,"Nashville, United States",US,2026-10-21,0,https://www.aviasales.com/search/DEN2110BNA1?t=F917925790801792592340000161DENBNA_d1c3dbf2c8aefd5a08e67a39935c916c_4158&search_date=01092026&expected_price_uuid=01a05e0a-715b-8040-2e05-ddf86b2eb1f8&static_fare_key=TY%7CP0%7CH0%7CL0%7CCH0%7CR0%7CTBC0&itinerary_key=jo8swMBL--YOBkKCSkGZFA&expected_price_source=share&expected_price_currency=usd&expected_price=48&marker=741311
39,51,USD,MCO,DTT,"Detroit, United States",US,2026-10-05,0,https://www.aviasales.com/search/MCO0510DTT1?t=F917911903201791200100000163MCODTW_bd9167fb5074a0350205b927771eb6a2_4427&search_date=01092026&expected_price_uuid=01a05cd5-64d6-8040-6933-08dfe75b0817&static_fare_key=TY%7CP0%7CH0%7CL0%7CCH0%7CR0%7CTBC0&itinerary_key=oiiCp4YRWuO8ugIS_9LAsQ&origin_airports=0&expected_price_source=share&expected_price_currency=usd&expected_price=51&marker=741311
41,52,USD,LAX,SEA,"Seattle, United States",US,2026-11-07,0,https://www.aviasales.com/search/LAX0711SEA1?t=F917940660601794077640000193LAXSEA_c5ed3ff2382fb81850f92adb520e1dd8_4484&search_date=03092026&expected_price_uuid=01a06992-e6fb-8040-20ff-7e32638e5a2c&static_fare_key=TY%7CP0%7CH0%7CL0%7CCH0%7CR0%7CTBC0&itinerary_key=2ZOGeFC8hvNZY9DtA4WN0A&expected_price_source=share&expected_price_currency=usd&expected_price=52&marker=741311
42,52,USD,MIA,SJU,"San Juan, Puerto Rico",PR,2026-11-09,0,https://www.aviasales.com/search/MIA0911SJU1?t=F917942146201794227760000159MIASJU_0ca4fc354afa113b4da0fc13a6d19dd2_4540&search_date=02092026&expected_price_uuid=01a06252-2f58-8040-a359-8905dca14355&static_fare_key=TY%7CP0%7CH0%7CL0%7CCH0%7CR0%7CTBC0&itinerary_key=Qaj3_fBuxh-Xm-5bM8ApiQ&expected_price_source=share&expected_price_currency=usd&expected_price=52&marker=741311
43,53,USD,MCO,CLT,"Charlotte, United States",US,2026-09-27,0,https://www.aviasales.com/search/MCO2709CLT1?t=F917904912001790498100000115MCOCLT_f1516577f00ca43f20265f8cc49b9a18_4556&search_date=31082026&expected_price_uuid=01a0558b-8a20-8040-a72d-597be1cfe526&static_fare_key=TY%7CP0%7CH0%7CL0%7CCH0%7CR0%7CTBC0&itinerary_key=u8-s-HnxY-apUprTAjVcow&origin_airports=0&expected_price_source=share&expected_price_currency=usd&expected_price=53&marker=741311
44,53,USD,BNA,PIT,"Pittsburgh, United States",US,2026-09-24,0,https://www.aviasales.com/search/BNA2409PIT1?t=G417902816201790290380000086BNAPIT_e65744daf30bad67322117ead58cfc1a_4624&search_date=02092026&expected_price_uuid=01a06022-a582-8030-6634-8aaca3c4dcbf&static_fare_key=TY%7CP0%7CH0%7CL0%7CCH0%7CR0%7CTBC0&itinerary_key=4NaGWrvW5YnNu7VINyBxpA&expected_price_source=share&expected_price_currency=usd&expected_price=53&marker=741311
45,54,USD,PHX,PVU,"Provo, United States",US,2026-12-18,0,https://www.aviasales.com/search/PHX1812PVU1?t=MX17976249601797631020000101PHXPVU_1f437d520436bdc730c1c78587a1b427_4648&search_date=29082026&expected_price_uuid=01a04f7e-bb7f-8040-61dd-6bd9d9e3de6f&static_fare_key=TY%7CP0%7CH0%7CL0%7CCH0%7CR0%7CTBC0&itinerary_key=hcUt6e4uiGcPAnVHSj4IZA&expected_price_source=share&expected_price_currency=usd&expected_price=54&marker=741311
46,55,USD,SFO,PDX,"Portland, United States",US,2026-09-29,0,https://www.aviasales.com/search/SFO2909PDX1?t=AS17906830201790689800000113SFOPDX_5fd9ec03a44877c4b87182aa61b45232_4721&search_date=04092026&expected_price_uuid=01a06e48-9c70-8040-6d3d-3627a729bd39&static_fare_key=TY%7CP1%7CH1%7CL0%7CCH0%7CR0%7CTBC0&itinerary_key=85-ZFCdBnsRa_-zD9iJCcQ&expected_price_source=share&expected_price_currency=usd&expected_price=55&marker=741311
47,55,USD,MCO,GSP,"Greenville, United States",US,2026-09-24,0,https://www.aviasales.com/search/MCO2409GSP1?t=MX17902806001790286600000100MCOGSP_9eb9ae815709f491faf9afbb4c6a6fb2_4726&search_date=03092026&expected_price_uuid=01a069ac-ece5-8030-a115-a203683cf5aa&static_fare_key=TY%7CP0%7CH0%7CL0%7CCH0%7CR0%7CTBC0&itinerary_key=-Rwql6_MFmn-fpZh7ADXog&origin_airports=0&expected_price_source=share&expected_price_currency=usd&expected_price=55&marker=741311
48,56,USD,DFW,MSY,"New Orleans, United States",US,2026-10-15,0,https://www.aviasales.com/search/DFW1510MSY1?t=WN17920440001792048800000080DALMSY_eb14c9d57b6c0402d9dbabc6135ea932_4827&search_date=05092026&expected_price_uuid=01a07169-99fe-8040-65c7-b32792b20df0&static_fare_key=TY%7CP0%7CH1%7CL0%7CCH0%7CR0%7CTBC0&itinerary_key=IoDTtTNkIUFr4bzAERKDKw&expected_price_source=share&expected_price_currency=usd&expected_price=56&marker=741311
49,57,USD,PHX,YVR,"Vancouver, Canada",CA,2026-10-07,2,https://www.aviasales.com/search/PHX0710YVR1?t=WS17913600001791394200000570PHXYYCYEGYVR_039941eb2ec52683edf3eb1248f1eded_4945&search_date=03092026&expected_price_uuid=01a0673b-b1d4-8040-a6b2-1bfd09f29fef&static_fare_key=TY%7CP0%7CH0%7CL0%7CCH0%7CR0%7CTBC0&itinerary_key=9HNFNjnlT_cHgIw_nCPy_w&expected_price_source=share&expected_price_currency=usd&expected_price=57&marker=741311
50,56,USD,SEA,LGB,"Long Beach, United States",US,2026-10-24,0,https://www.aviasales.com/search/SEA2410LGB1?t=AS17928657601792875540000163SEALGB_e81d2fa4203c61784bdf67d7077fc649_4840&search_date=29082026&expected_price_uuid=01a04fc4-07a3-8040-64db-9313ca271c69&static_fare_key=TY%7CP1%7CH1%7CL0%7CCH0%7CR0%7CTBC0&itinerary_key=0l4F_0HnN3L2q3gjb8m2cg&expected_price_source=share&expected_price_currency=usd&expected_price=56&marker=741311
51,58,USD,FLL,YTO,"Toronto, Canada",CA,2026-10-01,0,https://www.aviasales.com/search/FLL0110YTO1?t=F817908518001790863500000195FLLYYZ_f3a9c15c571f3dcb45b3d3186084d867_4976&search_date=05092026&expected_price_uuid=01a07040-0f30-8030-e205-b40d4fcc4f08&static_fare_key=TY%7CP0%7CH0%7CL0%7CCH0%7CR0%7CTBC0&itinerary_key=t5tzjk3MLgoRotgwOhh2Rw&expected_price_source=share&expected_price_currency=usd&expected_price=58&marker=741311
52,58,USD,RDU,BGR,"Bangor, United States",US,2026-10-14,0,https://www.aviasales.com/search/RDU1410BGR1?t=MX17919930601792001040000133RDUBGR_f142889a271a1a5cba471cc7676fe6c1_4992&search_date=30082026&expected_price_uuid=01a054d9-3b29-8040-ae64-bfbde36bb0d5&static_fare_key=TY%7CP0%7CH0%7CL0%7CCH0%7CR0%7CTBC0&itinerary_key=FZLLHRTVRJZN0f3kdSWgkw&expected_price_source=share&expected_price_currency=usd&expected_price=58&marker=741311
53,46,USD,LAS,SAC,"Sacramento, United States",US,2026-10-16,1,https://www.aviasales.com/search/LAS1610SCK1?t=G417921328001792137900000085LASSCK_54c373285da13d379ed3fc8cac153b99_4036&search_date=03092026&expected_price_uuid=01a06636-bba6-8030-ac84-9fa437ae6cea&static_fare_key=TY%7CP1%7CH0%7CL0%7CCH0%7CR0%7CTBC0&itinerary_key=EFe310V5kSUY5Dx37fZW7w&expected_price_source=share&expected_price_currency=usd&expected_price=46&marker=741311
54,60,USD,LAS,BZN,"Bozeman, United States",US,2026-09-10,0,https://www.aviasales.com/search/LAS1009BZN1?t=G417890516801789062840000126LASBZN_d60743e0e2d76d33865e9f7dffa17ffe_5178&search_date=31082026&expected_price_uuid=01a05a0b-553c-8030-ebb5-5d872f35cf91&static_fare_key=TY%7CP0%7CH0%7CL0%7CCH0%7CR0%7CTBC0&itinerary_key=jI8CdMXwoFCis9CSpBX4Dw&expected_price_source=share&expected_price_currency=usd&expected_price=60&marker=741311
55,63,USD,LAS,SHV,"Shreveport, United States",US,2026-09-11,0,https://www.aviasales.com/search/LAS1109SHV1?t=G417891094001789127280000178LASSHV_e5d6fed0af88aae24ad8aa361501cb61_5500&search_date=02092026&expected_price_uuid=01a0643e-5e5b-8040-656f-522cb753c4cb&static_fare_key=TY%7CP0%7CH0%7CL0%7CCH0%7CR0%7CTBC0&itinerary_key=dqVKX54vOWQ9kJ2AIMEquw&expected_price_source=share&expected_price_currency=usd&expected_price=63&marker=741311
56,65,USD,ATL,ORF,"Norfolk, United States",US,2026-09-15,0,https://www.aviasales.com/search/ATL1509ORF1?t=F917894692801789475340000101ATLORF_a2b5f451b3831976bc1d8a2661b9efda_5634&search_date=31082026&expected_price_uuid=01a05885-7b26-8030-6a14-8be57ccbf8ee&static_fare_key=TY%7CP0%7CH0%7CL0%7CCH0%7CR0%7CTBC0&itinerary_key=CRBUPv50v2nR0QapeNeIEQ&expected_price_source=share&expected_price_currency=usd&expected_price=65&marker=741311
57,83,USD,MCO,NYC,"New York, United States",US,2026-10-02,0,https://www.aviasales.com/search/MCO0210SWF1?t=MX17909256001790940960000256MCOCHSSWF_23d615ef7bad9822dc93236358ba28b7_7246&search_date=03092026&expected_price_uuid=01a065f7-ae17-8040-a0fe-43fe0383fd17&static_fare_key=TY%7CP0%7CH0%7CL0%7CCH0%7CR0%7CTBC0&itinerary_key=dshTY1F7Il_LTv-WeJcjow&origin_airports=0&expected_price_source=share&expected_price_currency=usd&expected_price=83&marker=741311
58,66,USD,FLL,SYR,"Syracuse, United States",US,2026-10-15,0,https://www.aviasales.com/search/FLL1510SYR1?t=G417920464001792057680000188FLLSYR_6b3529e96f07167da513cbea0680b6d9_5677&search_date=30082026&expected_price_uuid=01a0542d-4ee6-8040-ab3a-594d463a9e9f&static_fare_key=TY%7CP0%7CH0%7CL0%7CCH0%7CR0%7CTBC0&itinerary_key=0dVV6kbzPahPVbk2ePMwSw&expected_price_source=share&expected_price_currency=usd&expected_price=66&marker=741311
59,68,USD,FLL,MYR,"Myrtle Beach, United States",US,2026-09-21,0,https://www.aviasales.com/search/FLL2109MYR1?t=MX17899707001789977480000113FLLMYR_358771e767414fd1a1756e0f53fabbb4_5847&search_date=31082026&expected_price_uuid=01a05638-0334-8040-a2b5-f6c39e2deb98&static_fare_key=TY%7CP0%7CH0%7CL0%7CCH0%7CR0%7CTBC0&itinerary_key=8mH-Xr4om9jbrfEpHZg8vg&expected_price_source=share&expected_price_currency=usd&expected_price=68&marker=741311
60,69,USD,PHX,GEG,"Spokane, United States",US,2026-10-26,0,https://www.aviasales.com/search/PHX2610GEG1?t=G417930301001793039940000164AZAGEG_efd54a8ee63900100868a5497f10add8_5926&search_date=04092026&expected_price_uuid=01a06dd2-2421-8030-ee7d-50802138f395&static_fare_key=TY%7CP1%7CH0%7CL0%7CCH0%7CR0%7CTBC0&itinerary_key=7biJVLRxmElGOa32C2TmIw&expected_price_source=share&expected_price_currency=usd&expected_price=69&marker=741311
61,70,USD,TPA,CVG,"Cincinnati, United States",US,2026-09-09,0,https://www.aviasales.com/search/TPA0909CVG1?t=F917889804001788988680000138TPACVG_dc2a18df42d29a0adb28e730b5f06ffd_6023&search_date=30082026&expected_price_uuid=01a054ae-0333-8030-a563-d0ebcbd83246&static_fare_key=TY%7CP0%7CH0%7CL0%7CCH0%7CR0%7CTBC0&itinerary_key=sYTN0Z1EIIdZ04UQc9nuHg&expected_price_source=share&expected_price_currency=usd&expected_price=70&marker=741311
62,70,USD,DFW,MEX,"Mexico City, Mexico",MX,2026-10-12,0,https://www.aviasales.com/search/DFW1210MEX1?t=Y417918388001791845100000165DFWMEX_a86095cc0f4822aafbaeaf6bc1a4deec_6066&search_date=04092026&expected_price_uuid=01a06a5b-39a9-8030-2c92-4b7946c46fa6&static_fare_key=TY%7CP0%7CH0%7CL0%7CCH0%7CR0%7CTBC0&itinerary_key=CdbWfACmbiSF3qm3hzGjEQ&expected_price_source=share&expected_price_currency=usd&expected_price=70&marker=741311
63,70,USD,LAX,GDL,"Guadalajara, Mexico",MX,2026-10-03,0,https://www.aviasales.com/search/LAX0310GDL1?t=Y417909883601791003360000190LAXGDL_b6210d44164c86a0ef8b6d3cbb89f645_6076&search_date=02092026&expected_price_uuid=01a060ac-5d2a-8040-2662-055a2ef626bb&static_fare_key=TY%7CP0%7CH0%7CL0%7CCH0%7CR0%7CTBC0&itinerary_key=YoD8I8-1-7S9Idw1Gsdu1A&expected_price_source=share&expected_price_currency=usd&expected_price=70&marker=741311
64,72,USD,TPA,RIC,"Richmond, United States",US,2026-09-15,0,https://www.aviasales.com/search/TPA1509RIC1?t=MX17894523001789459980000128TPARIC_818a93f93eeb66c82e1cd85aa9c2a1f1_6157&search_date=30082026&expected_price_uuid=01a05456-5556-8040-a256-8e396c7be40b&static_fare_key=TY%7CP0%7CH1%7CL0%7CCH0%7CR0%7CTBC0&itinerary_key=fj5R6ToLB5rPhV2DyCSq_g&expected_price_source=share&expected_price_currency=usd&expected_price=72&marker=741311
65,73,USD,BOS,AUG,"Augusta, United States",US,2026-09-13,0,https://www.aviasales.com/search/BOS1309AUG1?t=9K17893057201789310520000080BOSAUG_24003c9f30f3046b23c1c9b53e3d38e3_6343&search_date=03092026&expected_price_uuid=01a0686f-8650-8030-a030-111a490f02b7&static_fare_key=TY%7CP0%7CH1%7CL0%7CCH0%7CR0%7CTBC0&itinerary_key=wQQWxcOJQH0gMfuxjBDQ6w&expected_price_source=share&expected_price_currency=usd&expected_price=73&marker=741311
66,73,USD,IAH,PBC,"Puebla, Mexico",MX,2026-10-22,0,https://www.aviasales.com/search/IAH2210PBC1?t=Y417927090401792712580000119IAHPBC_1f3352d506bf0812dac052b72c6ff456_6372&search_date=03092026&expected_price_uuid=01a065e7-a767-8030-6458-4bc4e31f60c8&static_fare_key=TY%7CP1%7CH0%7CL0%7CCH0%7CR0%7CTBC0&itinerary_key=_dvr2WGeth3cwc0oSxy0jw&origin_airports=0&expected_price_source=share&expected_price_currency=usd&expected_price=73&marker=741311
67,74,USD,BOS,LEB,"Lebanon, United States",US,2026-09-09,0,https://www.aviasales.com/search/BOS0909LEB1?t=9K17889570601788960960000065BOSLEB_ecbd5d5168c9fb0eb4767ffb28b941c0_6344&search_date=30082026&expected_price_uuid=01a05293-444b-8030-6158-77e347f02e43&static_fare_key=TY%7CP0%7CH1%7CL0%7CCH0%7CR0%7CTBC0&itinerary_key=6Dr0bBJ_eNlfK75I7dlEmQ&expected_price_source=share&expected_price_currency=usd&expected_price=74&marker=741311
68,94,USD,ORD,PIA,"Peoria, United States",US,2026-09-09,0,https://www.aviasales.com/search/ORD0909PIA1?t=AA17889948001788998880000068ORDPIA_238ce188963586b7334e4941e7f3ef57_8047&search_date=30082026&expected_price_uuid=01a0528f-6153-8030-6fa0-a930d7a16b36&static_fare_key=TY%7CP0%7CH1%7CL0%7CCH0%7CR0%7CTBC0&itinerary_key=KNLJ6h_8RKbxEYyVQ83FMA&origin_airports=0&expected_price_source=share&expected_price_currency=usd&expected_price=94&marker=741311
69,76,USD,SAN,STS,"Santa Rosa, United States",US,2026-09-25,0,https://www.aviasales.com/search/SAN2509STS1?t=AS17903735401790380440000115SANSTS_ac08a235bb095cfa8d9038750d428af0_6572&search_date=04092026&expected_price_uuid=01a06a40-c43a-8040-67be-0aff1fce88a9&static_fare_key=TY%7CP0%7CH1%7CL0%7CCH0%7CR0%7CTBC0&itinerary_key=otKJ6eNms--Kvq05fmfSqg&expected_price_source=share&expected_price_currency=usd&expected_price=76&marker=741311
70,78,USD,IAH,QRO,"Queretaro, Mexico",MX,2026-10-08,0,https://www.aviasales.com/search/IAH0810QRO1?t=VB17914920001791495900000125IAHQRO_dbb58ae74dc5173b618f1b60c4a4beeb_6759&search_date=31082026&expected_price_uuid=01a057f9-f71f-8040-6cd2-a8088ba59f83&static_fare_key=TY%7CP0%7CH0%7CL0%7CCH0%7CR0%7CTBC0&itinerary_key=NjQyFTUJL7_n-6mIqCPE_w&origin_airports=0&expected_price_source=share&expected_price_currency=usd&expected_price=78&marker=741311
71,78,USD,BOS,RUT,"Rutland, United States",US,2026-09-11,0,https://www.aviasales.com/search/BOS1109RUT1?t=9K17891544001789159200000080BOSRUT_22488cd02bfcb30aa3dcd1607cd93b7f_6777&search_date=01092026&expected_price_uuid=01a05e4d-cd2e-8030-a323-ed359840f339&static_fare_key=TY%7CP0%7CH1%7CL0%7CCH0%7CR0%7CTBC0&itinerary_key=vQJCJO9GOqwO1Pvku0tFsw&expected_price_source=share&expected_price_currency=usd&expected_price=78&marker=741311
72,78,USD,RDU,PWM,"Portland, United States",US,2026-10-13,0,https://www.aviasales.com/search/RDU1310PWM1?t=MX17919014401791908640000120RDUPWM_71adb41a948f6e37057711cd736e841c_6707&search_date=31082026&expected_price_uuid=01a05639-39ff-8040-2244-6e62363b7462&static_fare_key=TY%7CP0%7CH0%7CL0%7CCH0%7CR0%7CTBC0&itinerary_key=gAgjWQNuUFsFCeYOG6vsmw&expected_price_source=share&expected_price_currency=usd&expected_price=78&marker=741311
73,80,USD,LAX,YYC,"Calgary, Canada",CA,2026-10-24,1,https://www.aviasales.com/search/LAX2410YYC1?t=WS17928438001792872600000420LAXYVRYYC_87ea7741d0b7142f670ae63679a32653_6941&search_date=03092026&expected_price_uuid=01a0653a-d7da-8040-ad54-5f5a937b6e64&static_fare_key=TY%7CP0%7CH0%7CL0%7CCH0%7CR0%7CTBC0&itinerary_key=CJHWDdzzPy9Itq1HZSkm8g&expected_price_source=share&expected_price_currency=usd&expected_price=80&marker=741311
74,83,USD,DEN,MSP,"Minneapolis, United States",US,2026-09-10,0,https://www.aviasales.com/search/DEN1009MSP1?t=F917890746001789085280000118DENMSP_19ab2b42f03b720b098ab22bc3d9b82f_7141&search_date=29082026&expected_price_uuid=01a04fce-88df-8040-ab92-5429b4df354a&static_fare_key=TY%7CP1%7CH0%7CL0%7CCH0%7CR0%7CTBC0&itinerary_key=WjfYhyyYnBls7w15I0zU5Q&expected_price_source=share&expected_price_currency=usd&expected_price=83&marker=741311
75,84,USD,DFW,BUF,"Buffalo, United States",US,2026-10-01,1,https://www.aviasales.com/search/DFW0110BUF1?t=F917908419001790945700001670DFWATLBUF_9e3eba966659d5c4f9e3c18b24447f5a_7334&search_date=02092026&expected_price_uuid=01a063fa-1f91-8040-aed0-077ed0edf57d&static_fare_key=TY%7CP0%7CH0%7CL0%7CCH0%7CR0%7CTBC0&itinerary_key=NOG3yGIgK2-Vfc28IxE69g&expected_price_source=share&expected_price_currency=usd&expected_price=84&marker=741311
76,84,USD,LAX,YEA,"Edmonton, Canada",CA,2026-09-12,2,https://www.aviasales.com/search/LAX1209YEA1?t=WS17891982001789235100000555LAXYYCYVRYEG_f9057b06ee200fc84974f2987455204a_7254&search_date=02092026&expected_price_uuid=01a0611f-393f-8030-accf-1b6b008a2c59&static_fare_key=TY%7CP0%7CH0%7CL0%7CCH0%7CR0%7CTBC0&itinerary_key=cMdxayOzhfu08RY0JrQ5Kw&expected_price_source=share&expected_price_currency=usd&expected_price=84&marker=741311
77,86,USD,DFW,MTY,"Monterrey, Mexico",MX,2026-09-26,0,https://www.aviasales.com/search/DFW2609MTY1?t=VB17904369001790439600000105DFWMTY_c058de538744d1cfe29ebfb86532f6d8_7487&search_date=03092026&expected_price_uuid=01a066dc-9c08-8040-6d57-1121cc06f413&static_fare_key=TY%7CP0%7CH0%7CL0%7CCH0%7CR0%7CTBC0&itinerary_key=glKHH1jwdbxAM9-tA74aTQ&expected_price_source=share&expected_price_currency=usd&expected_price=86&marker=741311
78,87,USD,MCO,BDL,"Hartford, United States",US,2026-09-11,1,https://www.aviasales.com/search/MCO1109BDL1?t=MX17891218801789137180000255MCOGSOBDL_678eb8a85dc5f8ebeeb7f6ef510964f6_7484&search_date=30082026&expected_price_uuid=01a050a4-b980-8040-2500-7912696345c3&static_fare_key=TY%7CP0%7CH0%7CL0%7CCH0%7CR0%7CTBC0&itinerary_key=uQrYUKNUjbWWScNnRsffaw&origin_airports=0&expected_price_source=share&expected_price_currency=usd&expected_price=87&marker=741311
79,89,USD,MIA,NAS,"Nassau, Bahamas",BS,2027-01-10,0,https://www.aviasales.com/search/MIA1001NAS1?t=UP17995752001799578800000060MIANAS_a814892ef61f5909589dd58b93d08850_7664&search_date=31082026&expected_price_uuid=01a05969-5be7-8050-e8ef-5668e5772b5a&static_fare_key=TY%7CP0%7CH1%7CL0%7CCH0%7CR0%7CTBC0&itinerary_key=yABGfdezT6z-U8GJx4WMqQ&expected_price_source=share&expected_price_currency=usd&expected_price=89&marker=741311
80,89,USD,FLL,YOW,"Ottawa, Canada",CA,2026-09-19,0,https://www.aviasales.com/search/FLL1909YOW1?t=PD17898183001789830420000202FLLYOW_cf2ff9046340fea89f39b21a1a121ae5_7649&search_date=04092026&expected_price_uuid=01a06df7-4dc8-8030-e9b3-45a36f3c196d&static_fare_key=TY%7CP0%7CH0%7CL0%7CCH0%7CR0%7CTBC0&itinerary_key=eB5yjIqLgH8e4p_aVnxbKQ&expected_price_source=share&expected_price_currency=usd&expected_price=89&marker=741311
81,89,USD,SFO,AUS,"Austin, United States",US,2026-10-03,0,https://www.aviasales.com/search/SFO0310AUS1?marker=741311
82,89,USD,LAS,YWG,"Winnipeg, Canada",CA,2026-09-19,1,https://www.aviasales.com/search/LAS1909YWG1?marker=741311
83,90,USD,MCO,HVN,"New Haven, United States",US,2026-09-10,0,https://www.aviasales.com/search/MCO1009HVN1?marker=741311
84,91,USD,LAX,OMA,"Omaha, United States",US,2026-10-01,1,https://www.aviasales.com/search/LAX0110OMA1?marker=741311
85,92,USD,DFW,SAT,"San Antonio, United States",US,2026-09-09,0,https://www.aviasales.com/search/DFW0909SAT1?marker=741311
86,92,USD,RDU,TLH,"Tallahassee, United States",US,2026-09-13,0,https://www.aviasales.com/search/RDU1309TLH1?marker=741311
87,93,USD,DCA,CAK,"Akron, United States",US,2026-09-09,0,https://www.aviasales.com/search/DCA0909CAK1?marker=741311
88,93,USD,ORD,GRR,"Grand Rapids, United States",US,2026-09-09,0,https://www.aviasales.com/search/ORD0909GRR1?marker=741311
89,93,USD,DFW,TUL,"Tulsa, United States",US,2026-09-09,0,https://www.aviasales.com/search/DFW0909TUL1?marker=741311
90,93,USD,DFW,BRO,"Brownsville, United States",US,2026-09-09,0,https://www.aviasales.com/search/DFW0909BRO1?marker=741311
91,93,USD,PHX,SGU,"Saint George, United States",US,2026-09-09,0,https://www.aviasales.com/search/PHX0909SGU1?marker=741311
92,93,USD,LAS,YLW,"Kelowna, Canada",CA,2026-09-15,1,https://www.aviasales.com/search/LAS1509YLW1?marker=741311
93,94,USD,FLL,ILM,"Wilmington, United States",US,2026-09-10,1,https://www.aviasales.com/search/FLL1009ILM1?marker=741311
94,94,USD,LAX,ABQ,"Albuquerque, United States",US,2026-10-09,0,https://www.aviasales.com/search/LAX0910ABQ1?marker=741311
95,94,USD,SFO,RNO,"Reno, United States",US,2026-09-30,1,https://www.aviasales.com/search/SFO3009RNO1?marker=741311
96,95,USD,MCO,ISP,"Islip, United States",US,2026-09-17,0,https://www.aviasales.com/search/MCO1709ISP1?marker=741311
97,95,USD,ORD,MBL,"Manistee, United States",US,2026-09-08,0,https://www.aviasales.com/search/ORD0809MBL1?marker=741311
98,95,USD,PHX,GUP,"Gallup, United States",US,2026-09-13,0,https://www.aviasales.com/search/PHX1309GUP1?marker=741311
99,96,USD,MCO,FMY,"Fort Myers, United States",US,2026-12-31,0,https://www.aviasales.com/search/MCO3112FMY1?marker=741311
100,97,USD,LAS,DSM,"Des Moines, United States",US,2026-09-10,0,https://www.aviasales.com/search/LAS1009DSM1?marker=741311
101,97,USD,MCO,PVD,"Providence, United States",US,2026-11-12,0,https://www.aviasales.com/search/MCO1211PVD1?marker=741311
102,97,USD,LAX,IPL,"Imperial, United States",US,2026-09-10,0,https://www.aviasales.com/search/LAX1009IPL1?marker=741311
103,98,USD,DCA,SAV,"Savannah, United States",US,2026-09-28,0,https://www.aviasales.com/search/DCA2809SAV1?marker=741311
104,99,USD,LAX,PAE,"Everett, United States",US,2026-11-10,1,https://www.aviasales.com/search/LAX1011PAE1?marker=741311
105,99,USD,FLL,YQR,"Regina, Canada",CA,2026-10-06,1,https://www.aviasales.com/search/FLL0610YQR1?marker=741311
106,100,USD,JFK,BDA,"Bermuda, Bermuda",BM,2026-10-15,0,https://www.aviasales.com/search/JFK1510BDA1?marker=741311
107,100,USD,BOS,GCM,"Georgetown, Cayman Islands",KY,2026-09-16,1,https://www.aviasales.com/search/BOS1609GCM1?marker=741311
108,101,USD,SEA,EUG,"Eugene, United States",US,2026-09-12,0,https://www.aviasales.com/search/SEA1209EUG1?marker=741311
109,104,USD,MCO,STL,"St Louis, United States",US,2026-09-25,1,https://www.aviasales.com/search/MCO2509STL1?marker=741311
110,105,USD,MCO,HPN,"Westchester County, United States",US,2026-09-12,1,https://www.aviasales.com/search/MCO1209HPN1?marker=741311
111,105,USD,PHX,PGA,"Page, United States",US,2026-10-28,0,https://www.aviasales.com/search/PHX2810PGA1?marker=741311
112,107,USD,MCO,BHM,"Birmingham, United States",US,2026-09-11,1,https://www.aviasales.com/search/MCO1109BHM1?marker=741311
113,107,USD,DFW,HOT,"Hot Springs, United States",US,2026-09-13,0,https://www.aviasales.com/search/DFW1309HOT1?marker=741311
114,107,USD,SEA,BOI,"Boise, United States",US,2026-09-06,0,https://www.aviasales.com/search/SEA0609BOI1?marker=741311
115,107,USD,PDX,MFR,"Medford, United States",US,2026-09-09,0,https://www.aviasales.com/search/PDX0909MFR1?marker=741311
116,107,USD,SEA,PUW,"Pullman, United States",US,2026-09-12,0,https://www.aviasales.com/search/SEA1209PUW1?marker=741311
117,107,USD,SAN,MRY,"Monterey, United States",US,2026-09-12,0,https://www.aviasales.com/search/SAN1209MRY1?marker=741311
118,107,USD,SEA,YKM,"Yakima, United States",US,2026-09-10,0,https://www.aviasales.com/search/SEA1009YKM1?marker=741311
119,109,USD,FLL,YHZ,"Halifax, Canada",CA,2026-09-16,1,https://www.aviasales.com/search/FLL1609YHZ1?marker=741311
120,111,USD,MCO,HSV,"Huntsville, United States",US,2026-09-21,0,https://www.aviasales.com/search/MCO2109HSV1?marker=741311
121,111,USD,LAX,MCE,"Merced, United States",US,2026-09-10,0,https://www.aviasales.com/search/LAX1009MCE1?marker=741311
122,111,USD,PHX,SOW,"Show Low, United States",US,2026-09-11,0,https://www.aviasales.com/search/PHX1109SOW1?marker=741311
123,112,USD,MCO,BQN,"Aguadilla, Puerto Rico",PR,2026-09-11,0,https://www.aviasales.com/search/MCO1109BQN1?marker=741311
124,113,USD,BOS,YMQ,"Montreal, Canada",CA,2026-11-26,0,https://www.aviasales.com/search/BOS2611YMQ1?marker=741311
125,113,USD,DEN,CNY,"Moab, United States",US,2026-09-11,0,https://www.aviasales.com/search/DEN1109CNY1?marker=741311
126,114,USD,BOS,SXM,"Sint Maarten, Sint Maarten",SX,2026-09-30,1,https://www.aviasales.com/search/BOS3009SXM1?marker=741311
127,114,USD,SEA,FCA,"Kalispell, United States",US,2026-09-09,0,https://www.aviasales.com/search/SEA0909FCA1?marker=741311
128,114,USD,SEA,ALW,"Walla Walla, United States",US,2026-09-10,0,https://www.aviasales.com/search/SEA1009ALW1?marker=741311
129,114,USD,SEA,PSC,"Pasco, United States",US,2026-09-11,0,https://www.aviasales.com/search/SEA1109PSC1?marker=741311
130,114,USD,PDX,BLI,"Bellingham, United States",US,2026-09-11,0,https://www.aviasales.com/search/PDX1109BLI1?marker=741311
131,115,USD,MIA,PUJ,"Punta Cana, Dominican Republic",DO,2026-10-31,0,https://www.aviasales.com/search/MIA3110PUJ1?marker=741311
132,117,USD,PHL,MKE,"Milwaukee, United States",US,2026-09-23,1,https://www.aviasales.com/search/PHL2309MKE1?marker=741311
133,117,USD,MIA,MBJ,"Montego Bay, Jamaica",JM,2026-10-03,1,https://www.aviasales.com/search/MIA0310MBJ1?marker=741311
134,117,USD,PDX,RDM,"Redmond, United States",US,2026-09-13,0,https://www.aviasales.com/search/PDX1309RDM1?marker=741311
135,118,USD,LAX,GUA,"Guatemala City, Guatemala",GT,2027-01-31,0,https://www.aviasales.com/search/LAX3101GUA1?marker=741311
136,118,USD,BNA,MEM,"Memphis, United States",US,2026-10-15,1,https://www.aviasales.com/search/BNA1510MEM1?marker=741311
137,119,USD,ATL,CHA,"Chattanooga, United States",US,2026-09-09,1,https://www.aviasales.com/search/ATL0909CHA1?marker=741311
138,120,USD,ATL,COU,"Columbia, United States",US,2026-09-10,1,https://www.aviasales.com/search/ATL1009COU1?marker=741311
139,120,USD,PHX,ANC,"Anchorage, United States",US,2026-09-11,0,https://www.aviasales.com/search/PHX1109ANC1?marker=741311
140,120,USD,SEA,EAT,"Wenatchee, United States",US,2026-09-10,0,https://www.aviasales.com/search/SEA1009EAT1?marker=741311
141,120,USD,SEA,YYJ,"Victoria, Canada",CA,2026-09-10,0,https://www.aviasales.com/search/SEA1009YYJ1?marker=741311
142,121,USD,FLL,SDQ,"Santo Domingo, Dominican Republic",DO,2026-10-19,1,https://www.aviasales.com/search/FLL1910SDQ1?marker=741311
143,121,USD,ORD,MKG,"Muskegon, United States",US,2026-09-08,0,https://www.aviasales.com/search/ORD0809MKG1?marker=741311
144,121,USD,MCO,FAR,"Fargo, United States",US,2026-09-10,1,https://www.aviasales.com/search/MCO1009FAR1?marker=741311
145,122,USD,SAN,PVR,"Puerto Vallarta, Mexico",MX,2026-10-23,1,https://www.aviasales.com/search/SAN2310PVR1?marker=741311
146,126,USD,FLL,SRQ,"Sarasota, United States",US,2026-09-12,1,https://www.aviasales.com/search/FLL1209SRQ1?marker=741311
147,126,USD,SAN,OGG,"Kahului, United States",US,2026-10-05,0,https://www.aviasales.com/search/SAN0510OGG1?marker=741311
148,127,USD,LAX,HNL,"Honolulu, United States",US,2026-09-09,0,https://www.aviasales.com/search/LAX0909HNL1?marker=741311
149,127,USD,LAS,LBB,"Lubbock, United States",US,2026-10-03,1,https://www.aviasales.com/search/LAS0310LBB1?marker=741311
150,127,USD,PDX,PDT,"Pendleton, United States",US,2026-09-14,0,https://www.aviasales.com/search/PDX1409PDT1?marker=741311
151,128,USD,IAH,CUN,"Cancun, Mexico",MX,2026-10-31,1,https://www.aviasales.com/search/IAH3110CUN1?marker=741311
152,129,USD,MCO,PBI,"West Palm Beach, United States",US,2026-09-10,1,https://www.aviasales.com/search/MCO1009PBI1?marker=741311
153,129,USD,DFW,BJX,"Leon/Guanajuato, Mexico",MX,2026-09-25,1,https://www.aviasales.com/search/DFW2509BJX1?marker=741311
154,130,USD,ATL,ROC,"Rochester, United States",US,2026-09-23,1,https://www.aviasales.com/search/ATL2309ROC1?marker=741311
155,130,USD,MIA,CLO,"Cali, Colombia",CO,2026-12-06,1,https://www.aviasales.com/search/MIA0612CLO1?marker=741311
156,131,USD,PHX,OKC,"Oklahoma City, United States",US,2026-10-29,1,https://www.aviasales.com/search/PHX2910OKC1?marker=741311
157,131,USD,DTW,ALB,"Albany, United States",US,2026-10-10,1,https://www.aviasales.com/search/DTW1010ALB1?marker=741311
158,132,USD,IAD,CKB,"Clarksburg, United States",US,2026-09-09,0,https://www.aviasales.com/search/IAD0909CKB1?marker=741311
159,133,USD,MIA,MID,"Merida, Mexico",MX,2026-10-23,1,https://www.aviasales.com/search/MIA2310MID1?marker=741311
160,135,USD,MIA,CTG,"Cartagena, Colombia",CO,2026-10-29,1,https://www.aviasales.com/search/MIA2910CTG1?marker=741311
161,135,USD,LAX,IDA,"Idaho Falls, United States",US,2026-10-07,1,https://www.aviasales.com/search/LAX0710IDA1?marker=741311
162,135,USD,FLL,YKA,"Kamloops, Canada",CA,2026-09-15,2,https://www.aviasales.com/search/FLL1509YKA1?marker=741311
163,136,USD,FLL,SDF,"Louisville, United States",US,2026-09-18,0,https://www.aviasales.com/search/FLL1809SDF1?marker=741311
164,136,USD,DEN,BIL,"Billings, United States",US,2026-09-06,0,https://www.aviasales.com/search/DEN0609BIL1?marker=741311
165,137,USD,SEA,YYF,"Penticton, Canada",CA,2026-09-15,1,https://www.aviasales.com/search/SEA1509YYF1?marker=741311
166,138,USD,LAX,KOA,"Kailua-Kona, United States",US,2026-09-07,0,https://www.aviasales.com/search/LAX0709KOA1?marker=741311
167,139,USD,LAX,TUS,"Tucson, United States",US,2026-09-12,0,https://www.aviasales.com/search/LAX1209TUS1?marker=741311
168,140,USD,ATL,MDE,"Medellin, Colombia",CO,2026-09-28,1,https://www.aviasales.com/search/ATL2809MDE1?marker=741311
169,143,USD,CLT,TRI,"Blountville, United States",US,2026-09-09,1,https://www.aviasales.com/search/CLT0909TRI1?marker=741311
170,143,USD,MCO,SPI,"Springfield, United States",US,2026-09-17,2,https://www.aviasales.com/search/MCO1709SPI1?marker=741311
171,143,USD,LAS,LIT,"Little Rock, United States",US,2026-09-21,1,https://www.aviasales.com/search/LAS2109LIT1?marker=741311
172,144,USD,MIA,CUR,"Curacao, Curaçao",CW,2027-02-03,1,https://www.aviasales.com/search/MIA0302CUR1?marker=741311
173,144,USD,JFK,STI,"Santiago, Dominican Republic",DO,2026-10-08,0,https://www.aviasales.com/search/JFK0810STI1?marker=741311
174,144,USD,MCO,GYE,"Guayaquil, Ecuador",EC,2026-09-08,1,https://www.aviasales.com/search/MCO0809GYE1?marker=741311
175,144,USD,IAH,LCH,"Lake Charles, United States",US,2026-09-09,0,https://www.aviasales.com/search/IAH0909LCH1?marker=741311
176,145,USD,DFW,ELP,"El Paso, United States",US,2026-09-15,1,https://www.aviasales.com/search/DFW1509ELP1?marker=741311
177,145,USD,IAD,ITH,"Ithaca, United States",US,2026-09-05,0,https://www.aviasales.com/search/IAD0509ITH1?marker=741311
178,146,USD,ORD,LAF,"Lafayette, United States",US,2026-09-10,0,https://www.aviasales.com/search/ORD1009LAF1?marker=741311
179,146,USD,RDU,ASE,"Aspen, United States",US,2026-11-12,1,https://www.aviasales.com/search/RDU1211ASE1?marker=741311
180,146,USD,BOS,RKD,"Rockland, United States",US,2026-09-15,0,https://www.aviasales.com/search/BOS1509RKD1?marker=741311
181,147,USD,ORD,DAB,"Daytona Beach, United States",US,2026-09-10,1,https://www.aviasales.com/search/ORD1009DAB1?marker=741311
182,147,USD,BNA,TYS,"Knoxville, United States",US,2026-09-11,1,https://www.aviasales.com/search/BNA1109TYS1?marker=741311
183,147,USD,SFO,LIH,"Kauai Island, United States",US,2026-11-03,0,https://www.aviasales.com/search/SFO0311LIH1?marker=741311
184,147,USD,RDU,AVP,"Wilkes-Barre, United States",US,2026-09-10,1,https://www.aviasales.com/search/RDU1009AVP1?marker=741311
185,148,USD,ORD,FWA,"Fort Wayne, United States",US,2026-09-09,0,https://www.aviasales.com/search/ORD0909FWA1?marker=741311
186,148,USD,DFW,TGZ,"Tuxtla Gutierrez, Mexico",MX,2026-09-15,1,https://www.aviasales.com/search/DFW1509TGZ1?marker=741311
187,148,USD,IAD,CAE,"Columbia, United States",US,2026-09-09,0,https://www.aviasales.com/search/IAD0909CAE1?marker=741311
188,148,USD,ORD,ATW,"Appleton, United States",US,2026-09-09,0,https://www.aviasales.com/search/ORD0909ATW1?marker=741311
189,148,USD,IAD,BTV,"Burlington, United States",US,2026-09-09,0,https://www.aviasales.com/search/IAD0909BTV1?marker=741311
190,149,USD,IAD,SCE,"State College, United States",US,2026-09-08,0,https://www.aviasales.com/search/IAD0809SCE1?marker=741311
191,150,USD,IAH,VER,"Veracruz, Mexico",MX,2026-09-11,1,https://www.aviasales.com/search/IAH1109VER1?marker=741311
192,151,USD,IAH,OAX,"Oaxaca, Mexico",MX,2026-12-03,1,https://www.aviasales.com/search/IAH0312OAX1?marker=741311
193,151,USD,ORD,LYH,"Lynchburg, United States",US,2026-10-30,1,https://www.aviasales.com/search/ORD3010LYH1?marker=741311
194,153,USD,PHX,AMA,"Amarillo, United States",US,2026-09-09,1,https://www.aviasales.com/search/PHX0909AMA1?marker=741311
195,153,USD,DEN,FYV,"Fayetteville, United States",US,2026-09-08,0,https://www.aviasales.com/search/DEN0809FYV1?marker=741311
196,153,USD,RDU,USA,"Concord, United States",US,2026-09-12,1,https://www.aviasales.com/search/RDU1209USA1?marker=741311
197,154,USD,JFK,ATH,"Athens, Greece",GR,2026-10-18,0,https://www.aviasales.com/search/JFK1810ATH1?marker=741311
198,154,USD,IAD,ROA,"Roanoke, United States",US,2026-09-10,1,https://www.aviasales.com/search/IAD1009ROA1?marker=741311
199,154,USD,MSP,IWD,"Ironwood, United States",US,2026-09-13,0,https://www.aviasales.com/search/MSP1309IWD1?marker=741311
200,154,USD,DEN,ALS,"Alamosa, United States",US,2026-09-14,0,https://www.aviasales.com/search/DEN1409ALS1?marker=741311
201,155,USD,LAX,SJD,"San Jose Del Cabo, Mexico",MX,2026-11-11,1,https://www.aviasales.com/search/LAX1111SJD1?marker=741311
202,157,USD,MCO,LON,"London, United Kingdom",GB,2026-12-09,0,https://www.aviasales.com/search/MCO0912LON1?marker=741311
203,158,USD,LAX,LAP,"La Paz, Mexico",MX,2026-10-13,1,https://www.aviasales.com/search/LAX1310LAP1?marker=741311
204,158,USD,LAX,JAC,"Jackson, United States",US,2026-09-14,0,https://www.aviasales.com/search/LAX1409JAC1?marker=741311
205,158,USD,PHL,IAG,"Niagara Falls, United States",US,2026-10-07,2,https://www.aviasales.com/search/PHL0710IAG1?marker=741311
206,159,USD,ATL,FAI,"Fairbanks, United States",US,2026-09-28,2,https://www.aviasales.com/search/ATL2809FAI1?marker=741311
207,159,USD,BOS,AUA,"Oranjestad, Aruba",AW,2026-09-07,0,https://www.aviasales.com/search/BOS0709AUA1?marker=741311
208,159,USD,LAX,AGU,"Aguascalientes, Mexico",MX,2026-09-30,2,https://www.aviasales.com/search/LAX3009AGU1?marker=741311
209,161,USD,PHX,GCN,"Grand Canyon, United States",US,2026-09-11,0,https://www.aviasales.com/search/PHX1109GCN1?marker=741311
210,161,USD,JFK,KIN,"Kingston, Jamaica",JM,2026-10-25,1,https://www.aviasales.com/search/JFK2510KIN1?marker=741311
211,161,USD,CLT,CRW,"Charleston, United States",US,2026-09-09,0,https://www.aviasales.com/search/CLT0909CRW1?marker=741311
212,161,USD,LAX,SLP,"San Luis Potosi, Mexico",MX,2026-09-10,1,https://www.aviasales.com/search/LAX1009SLP1?marker=741311
213,162,USD,ORD,HAR,"Harrisburg, United States",US,2026-09-12,0,https://www.aviasales.com/search/ORD1209HAR1?marker=741311
214,162,USD,LAX,TWF,"Twin Falls, United States",US,2026-09-10,1,https://www.aviasales.com/search/LAX1009TWF1?marker=741311
215,163,USD,BOS,SLU,"Castries, Saint Lucia",LC,2026-10-11,1,https://www.aviasales.com/search/BOS1110SLU1?marker=741311
216,163,USD,ORD,SGF,"Springfield, United States",US,2026-09-15,0,https://www.aviasales.com/search/ORD1509SGF1?marker=741311
217,163,USD,LAX,ACA,"Acapulco, Mexico",MX,2026-10-09,1,https://www.aviasales.com/search/LAX0910ACA1?marker=741311
218,164,USD,MIA,BOG,"Bogota, Colombia",CO,2026-10-30,1,https://www.aviasales.com/search/MIA3010BOG1?marker=741311
219,164,USD,DEN,ABE,"Allentown, United States",US,2026-09-14,0,https://www.aviasales.com/search/DEN1409ABE1?marker=741311
220,164,USD,JFK,BGI,"Bridgetown, Barbados",BB,2026-10-27,0,https://www.aviasales.com/search/JFK2710BGI1?marker=741311
221,164,USD,DEN,CEZ,"Cortez, United States",US,2026-09-14,0,https://www.aviasales.com/search/DEN1409CEZ1?marker=741311
222,165,USD,ATL,YXE,"Saskatoon, Canada",CA,2026-09-30,1,https://www.aviasales.com/search/ATL3009YXE1?marker=741311
223,165,USD,DFW,PSP,"Palm Springs, United States",US,2026-09-09,0,https://www.aviasales.com/search/DFW0909PSP1?marker=741311
224,165,USD,DFW,AGS,"Augusta, United States",US,2026-09-10,0,https://www.aviasales.com/search/DFW1009AGS1?marker=741311
225,165,USD,DFW,SAL,"San Salvador, El Salvador",SV,2026-09-05,0,https://www.aviasales.com/search/DFW0509SAL1?marker=741311
226,165,USD,DFW,GSO,"Greensboro, United States",US,2026-09-12,0,https://www.aviasales.com/search/DFW1209GSO1?marker=741311
227,165,USD,ORD,TQO,"Tulum, Mexico",MX,2026-10-04,1,https://www.aviasales.com/search/ORD0410TQO1?marker=741311
228,165,USD,ORD,MLM,"Morelia, Mexico",MX,2026-12-15,1,https://www.aviasales.com/search/ORD1512MLM1?marker=741311
229,165,USD,DFW,LEX,"Lexington, United States",US,2026-09-09,0,https://www.aviasales.com/search/DFW0909LEX1?marker=741311
230,165,USD,ORD,AZO,"Kalamazoo, United States",US,2026-09-10,0,https://www.aviasales.com/search/ORD1009AZO1?marker=741311
231,165,USD,ORD,CMI,"Champaign, United States",US,2026-09-12,0,https://www.aviasales.com/search/ORD1209CMI1?marker=741311
232,165,USD,RDU,ELM,"Elmira, United States",US,2026-09-09,2,https://www.aviasales.com/search/RDU0909ELM1?marker=741311
233,165,USD,SFO,ACV,"Arcata, United States",US,2026-09-11,1,https://www.aviasales.com/search/SFO1109ACV1?marker=741311
234,166,USD,MIA,BUE,"Buenos Aires, Argentina",AR,2026-11-13,1,https://www.aviasales.com/search/MIA1311BUE1?marker=741311
235,166,USD,MCO,CPH,"Copenhagen, Denmark",DK,2026-09-26,1,https://www.aviasales.com/search/MCO2609CPH1?marker=741311
236,167,USD,ORD,AUW,"Wausau, United States",US,2026-09-15,0,https://www.aviasales.com/search/ORD1509AUW1?marker=741311
237,167,USD,PHX,YUM,"Yuma, United States",US,2026-09-12,0,https://www.aviasales.com/search/PHX1209YUM1?marker=741311
238,168,USD,ORD,BMI,"Bloomington, United States",US,2026-09-16,0,https://www.aviasales.com/search/ORD1609BMI1?marker=741311
239,168,USD,ORD,COS,"Colorado Springs, United States",US,2026-09-09,0,https://www.aviasales.com/search/ORD0909COS1?marker=741311
240,168,USD,CLT,MHT,"Manchester, United States",US,2026-09-09,0,https://www.aviasales.com/search/CLT0909MHT1?marker=741311
241,168,USD,LAS,HAV,"Havana, Cuba",CU,2026-09-06,1,https://www.aviasales.com/search/LAS0609HAV1?marker=741311
242,168,USD,DFW,BFL,"Bakersfield, United States",US,2026-09-10,0,https://www.aviasales.com/search/DFW1009BFL1?marker=741311
243,168,USD,DCA,JAN,"Jackson, United States",US,2026-09-10,0,https://www.aviasales.com/search/DCA1009JAN1?marker=741311
244,169,USD,ORD,GRB,"Green Bay, United States",US,2026-09-15,0,https://www.aviasales.com/search/ORD1509GRB1?marker=741311
245,169,USD,ORD,DAY,"Dayton, United States",US,2026-09-12,0,https://www.aviasales.com/search/ORD1209DAY1?marker=741311
246,169,USD,CLT,EVV,"Evansville, United States",US,2026-09-15,0,https://www.aviasales.com/search/CLT1509EVV1?marker=741311
247,170,USD,MIA,LIM,"Lima, Peru",PE,2027-01-31,1,https://www.aviasales.com/search/MIA3101LIM1?marker=741311
248,170,USD,ORD,TVC,"Traverse City, United States",US,2026-09-15,0,https://www.aviasales.com/search/ORD1509TVC1?marker=741311
249,170,USD,LAX,MLB,"Melbourne, United States",US,2026-09-06,1,https://www.aviasales.com/search/LAX0609MLB1?marker=741311
250,170,USD,DFW,TUP,"Tupelo, United States",US,2026-09-11,0,https://www.aviasales.com/search/DFW1109TUP1?marker=741311
251,171,USD,ATL,SBN,"South Bend, United States",US,2026-09-12,1,https://www.aviasales.com/search/ATL1209SBN1?marker=741311
252,171,USD,MIA,HRL,"Harlingen, United States",US,2026-09-17,1,https://www.aviasales.com/search/MIA1709HRL1?marker=741311
253,172,USD,MIA,STT,"Saint Thomas, U.S. Virgin Islands",VI,2026-10-24,1,https://www.aviasales.com/search/MIA2410STT1?marker=741311
254,172,USD,DFW,CLL,"College Station, United States",US,2026-09-12,0,https://www.aviasales.com/search/DFW1209CLL1?marker=741311
255,172,USD,LAX,ZCL,"Zacatecas, Mexico",MX,2026-09-14,1,https://www.aviasales.com/search/LAX1409ZCL1?marker=741311
256,172,USD,BOS,PQI,"Presque Isle, United States",US,2026-09-14,0,https://www.aviasales.com/search/BOS1409PQI1?marker=741311
257,173,USD,DFW,ILE,"Killeen, United States",US,2026-09-15,0,https://www.aviasales.com/search/DFW1509ILE1?marker=741311
258,173,USD,PDX,YKF,"Kitchener, Canada",CA,2026-09-15,3,https://www.aviasales.com/search/PDX1509YKF1?marker=741311
259,174,USD,ATL,MOB,"Mobile, United States",US,2026-09-10,1,https://www.aviasales.com/search/ATL1009MOB1?marker=741311
260,174,USD,MIA,SJO,"San Jose, Costa Rica",CR,2026-10-21,1,https://www.aviasales.com/search/MIA2110SJO1?marker=741311
261,174,USD,DFW,GPT,"Gulfport, United States",US,2026-09-09,0,https://www.aviasales.com/search/DFW0909GPT1?marker=741311
262,174,USD,ORD,MSN,"Madison, United States",US,2026-09-11,0,https://www.aviasales.com/search/ORD1109MSN1?marker=741311
263,175,USD,DFW,TAP,"Tapachula, Mexico",MX,2026-12-15,1,https://www.aviasales.com/search/DFW1512TAP1?marker=741311
264,175,USD,IAH,ZIH,"Ixtapa, Mexico",MX,2026-09-13,1,https://www.aviasales.com/search/IAH1309ZIH1?marker=741311
265,176,USD,DFW,VSA,"Villahermosa, Mexico",MX,2026-09-10,1,https://www.aviasales.com/search/DFW1009VSA1?marker=741311
266,176,USD,SAN,MAF,"Midland, United States",US,2026-09-05,1,https://www.aviasales.com/search/SAN0509MAF1?marker=741311
267,176,USD,LAX,MZT,"Mazatlan, Mexico",MX,2026-09-14,1,https://www.aviasales.com/search/LAX1409MZT1?marker=741311
268,177,USD,ATL,VPS,"Fort Walton Beach, United States",US,2026-09-09,1,https://www.aviasales.com/search/ATL0909VPS1?marker=741311
269,177,USD,MIA,BAQ,"Barranquilla, Colombia",CO,2026-09-05,2,https://www.aviasales.com/search/MIA0509BAQ1?marker=741311
270,177,USD,ORD,EAU,"Eau Claire, United States",US,2026-09-15,0,https://www.aviasales.com/search/ORD1509EAU1?marker=741311
271,178,USD,PHX,SBA,"Santa Barbara, United States",US,2026-09-13,0,https://www.aviasales.com/search/PHX1309SBA1?marker=741311
272,178,USD,DFW,LAW,"Lawton, United States",US,2026-09-12,0,https://www.aviasales.com/search/DFW1209LAW1?marker=741311
273,178,USD,JFK,PLS,"Providenciales, Turks and Caicos Islands",TC,2027-01-04,0,https://www.aviasales.com/search/JFK0401PLS1?marker=741311
274,179,USD,MIA,POS,"Port Of Spain, Trinidad and Tobago",TT,2026-10-14,0,https://www.aviasales.com/search/MIA1410POS1?marker=741311
275,180,USD,ORD,TOL,"Toledo, United States",US,2026-09-10,1,https://www.aviasales.com/search/ORD1009TOL1?marker=741311
276,180,USD,JFK,POP,"Puerto Plata, Dominican Republic",DO,2026-10-10,1,https://www.aviasales.com/search/JFK1010POP1?marker=741311
277,180,USD,LAX,TIJ,"Tijuana, Mexico",MX,2026-09-14,1,https://www.aviasales.com/search/LAX1409TIJ1?marker=741311
278,181,USD,DFW,LFT,"Lafayette, United States",US,2026-09-19,0,https://www.aviasales.com/search/DFW1909LFT1?marker=741311
279,181,USD,MCO,SAP,"San Pedro Sula, Honduras",HN,2026-11-23,1,https://www.aviasales.com/search/MCO2311SAP1?marker=741311
280,182,USD,MIA,GNV,"Gainesville, United States",US,2026-09-10,0,https://www.aviasales.com/search/MIA1009GNV1?marker=741311
281,183,USD,ORD,MHK,"Manhattan, United States",US,2026-09-11,0,https://www.aviasales.com/search/ORD1109MHK1?marker=741311
282,183,USD,IAH,PSE,"Ponce, Puerto Rico",PR,2026-11-13,2,https://www.aviasales.com/search/IAH1311PSE1?marker=741311
283,184,USD,MCO,PGD,"Punta Gorda, United States",US,2026-09-12,1,https://www.aviasales.com/search/MCO1209PGD1?marker=741311
284,184,USD,DFW,CRP,"Corpus Christi, United States",US,2026-09-12,0,https://www.aviasales.com/search/DFW1209CRP1?marker=741311
285,184,USD,BNA,ICT,"Wichita, United States",US,2026-09-10,1,https://www.aviasales.com/search/BNA1009ICT1?marker=741311
286,184,USD,DEN,LAR,"Laramie, United States",US,2026-09-09,0,https://www.aviasales.com/search/DEN0909LAR1?marker=741311
287,185,USD,ATL,GEO,"Georgetown, Guyana",GY,2026-12-01,1,https://www.aviasales.com/search/ATL0112GEO1?marker=741311
288,186,USD,FLL,MFE,"McAllen, United States",US,2026-09-17,1,https://www.aviasales.com/search/FLL1709MFE1?marker=741311
289,186,USD,JFK,FRA,"Frankfurt, Germany",DE,2026-10-13,1,https://www.aviasales.com/search/JFK1310FRA1?marker=741311
290,186,USD,DEN,DDC,"Dodge City, United States",US,2026-09-12,0,https://www.aviasales.com/search/DEN1209DDC1?marker=741311
291,186,USD,MSP,TVF,"Thief River Falls, United States",US,2026-09-09,0,https://www.aviasales.com/search/MSP0909TVF1?marker=741311
292,187,USD,JFK,UIO,"Quito, Ecuador",EC,2026-10-10,2,https://www.aviasales.com/search/JFK1010UIO1?marker=741311
293,187,USD,LAX,LIR,"Liberia, Costa Rica",CR,2026-09-26,1,https://www.aviasales.com/search/LAX2609LIR1?marker=741311
294,187,USD,BNA,ART,"Watertown, United States",US,2026-09-30,2,https://www.aviasales.com/search/BNA3009ART1?marker=741311
295,187,USD,FLL,YQB,"Quebec, Canada",CA,2026-12-23,2,https://www.aviasales.com/search/FLL2312YQB1?marker=741311
296,187,USD,LAX,RAP,"Rapid City, United States",US,2026-09-11,1,https://www.aviasales.com/search/LAX1109RAP1?marker=741311
297,188,USD,SEA,MSO,"Missoula, United States",US,2026-09-09,1,https://www.aviasales.com/search/SEA0909MSO1?marker=741311
298,189,USD,LAX,ECP,"Panama City, United States",US,2026-09-12,2,https://www.aviasales.com/search/LAX1209ECP1?marker=741311
299,189,USD,ORD,PRC,"Prescott, United States",US,2026-09-10,1,https://www.aviasales.com/search/ORD1009PRC1?marker=741311
300,189,USD,CLT,OAJ,"Jacksonville, United States",US,2026-09-11,0,https://www.aviasales.com/search/CLT1109OAJ1?marker=741311
301,191,USD,MCO,PAR,"Paris, France",FR,2026-10-03,1,https://www.aviasales.com/search/MCO0310PAR1?marker=741311
302,193,USD,IAH,AEX,"Alexandria, United States",US,2026-09-14,0,https://www.aviasales.com/search/IAH1409AEX1?marker=741311
303,195,USD,DFW,BFF,"Scottsbluff, United States",US,2026-09-13,1,https://www.aviasales.com/search/DFW1309BFF1?marker=741311
304,195,USD,ORD,PKB,"Parkersburg, United States",US,2026-09-14,2,https://www.aviasales.com/search/ORD1409PKB1?marker=741311
305,195,USD,SEA,HLN,"Helena, United States",US,2026-10-17,1,https://www.aviasales.com/search/SEA1710HLN1?marker=741311
306,196,USD,DEN,LNK,"Lincoln, United States",US,2026-09-11,1,https://www.aviasales.com/search/DEN1109LNK1?marker=741311
307,198,USD,MIA,TCQ,"Tacna, Peru",PE,2026-10-30,1,https://www.aviasales.com/search/MIA3010TCQ1?marker=741311
308,200,USD,MCO,MIL,"Milan, Italy",IT,2027-01-21,1,https://www.aviasales.com/search/MCO2101MIL1?marker=741311
309,200,USD,ORD,RHI,"Rhinelander, United States",US,2026-09-11,0,https://www.aviasales.com/search/ORD1109RHI1?marker=741311
310,200,USD,DEN,ACT,"Waco, United States",US,2026-09-14,1,https://www.aviasales.com/search/DEN1409ACT1?marker=741311
311,201,USD,MIA,XPL,"Comayagua, Honduras",HN,2026-09-12,2,https://www.aviasales.com/search/MIA1209XPL1?marker=741311
312,202,USD,JFK,ROM,"Rome, Italy",IT,2026-10-11,1,https://www.aviasales.com/search/JFK1110ROM1?marker=741311
313,206,USD,JFK,LCA,"Larnaca, Cyprus",CY,2026-10-19,1,https://www.aviasales.com/search/JFK1910LCA1?marker=741311
314,207,USD,ATL,UBS,"Columbus, United States",US,2026-09-10,1,https://www.aviasales.com/search/ATL1009UBS1?marker=741311
315,208,USD,JFK,PRG,"Prague, Czech Republic",CZ,2026-10-18,1,https://www.aviasales.com/search/JFK1810PRG1?marker=741311
316,208,USD,BOS,ANU,"Saint John's, Antigua and Barbuda",AG,2026-11-23,1,https://www.aviasales.com/search/BOS2311ANU1?marker=741311
317,209,USD,JFK,TGD,"Podgorica, Montenegro",ME,2026-10-14,2,https://www.aviasales.com/search/JFK1410TGD1?marker=741311
318,210,USD,JFK,WAW,"Warsaw, Poland",PL,2026-10-11,1,https://www.aviasales.com/search/JFK1110WAW1?marker=741311
319,211,USD,JFK,SAO,"Sao Paulo, Brazil",BR,2026-12-04,2,https://www.aviasales.com/search/JFK0412SAO1?marker=741311
320,211,USD,MCO,CWB,"Curitiba, Brazil",BR,2026-10-01,2,https://www.aviasales.com/search/MCO0110CWB1?marker=741311
321,211,USD,IAH,ABI,"Abilene, United States",US,2026-09-13,0,https://www.aviasales.com/search/IAH1309ABI1?marker=741311
322,213,USD,ORD,OSL,"Oslo, Norway",NO,2026-12-16,1,https://www.aviasales.com/search/ORD1612OSL1?marker=741311
323,216,USD,MIA,TAB,"Tobago, Trinidad and Tobago",TT,2026-10-14,1,https://www.aviasales.com/search/MIA1410TAB1?marker=741311
324,217,USD,JFK,BCN,"Barcelona, Spain",ES,2026-12-30,1,https://www.aviasales.com/search/JFK3012BCN1?marker=741311
325,217,USD,DFW,EGE,"Vail, United States",US,2026-09-12,0,https://www.aviasales.com/search/DFW1209EGE1?marker=741311
326,218,USD,MIA,PTY,"Panama City, Panama",PA,2026-11-21,0,https://www.aviasales.com/search/MIA2111PTY1?marker=741311
327,218,USD,MIA,VEL,"Vernal, United States",US,2026-09-23,3,https://www.aviasales.com/search/MIA2309VEL1?marker=741311
328,218,USD,BOS,BHB,"Bar Harbor, United States",US,2026-09-10,0,https://www.aviasales.com/search/BOS1009BHB1?marker=741311
329,219,USD,ATL,FLR,"Florence, Italy",IT,2026-10-05,2,https://www.aviasales.com/search/ATL0510FLR1?marker=741311
330,219,USD,MIA,SCL,"Santiago, Chile",CL,2026-11-03,1,https://www.aviasales.com/search/MIA0311SCL1?marker=741311
331,219,USD,SEA,GRI,"Grand Island, United States",US,2026-09-10,2,https://www.aviasales.com/search/SEA1009GRI1?marker=741311
332,220,USD,ORD,CID,"Cedar Rapids, United States",US,2026-09-10,1,https://www.aviasales.com/search/ORD1009CID1?marker=741311
333,220,USD,JFK,MVY,"Martha's Vineyard, United States",US,2026-09-09,0,https://www.aviasales.com/search/JFK0909MVY1?marker=741311
334,221,USD,JFK,RMO,"Chisinau, Moldova",MD,2026-10-11,1,https://www.aviasales.com/search/JFK1110RMO1?marker=741311
335,222,USD,MCO,VIE,"Vienna, Austria",AT,2026-10-03,2,https://www.aviasales.com/search/MCO0310VIE1?marker=741311
336,223,USD,MIA,DUB,"Dublin, Ireland",IE,2026-11-27,1,https://www.aviasales.com/search/MIA2711DUB1?marker=741311
337,223,USD,DFW,IRK,"Kirksville, United States",US,2026-09-09,1,https://www.aviasales.com/search/DFW0909IRK1?marker=741311
338,224,USD,BNA,JST,"Johnstown, United States",US,2026-11-26,1,https://www.aviasales.com/search/BNA2611JST1?marker=741311
339,225,USD,JFK,DXB,"Dubai, United Arab Emirates",AE,2027-01-16,1,https://www.aviasales.com/search/JFK1601DXB1?marker=741311
340,225,USD,JFK,VLC,"Valencia, Spain",ES,2026-10-13,1,https://www.aviasales.com/search/JFK1310VLC1?marker=741311
341,225,USD,ORD,FNT,"Flint, United States",US,2026-09-09,1,https://www.aviasales.com/search/ORD0909FNT1?marker=741311
342,225,USD,JFK,KUT,"Kutaisi, Georgia",GE,2026-10-15,1,https://www.aviasales.com/search/JFK1510KUT1?marker=741311
343,226,USD,RDU,CHO,"Charlottesville, United States",US,2026-09-11,2,https://www.aviasales.com/search/RDU1109CHO1?marker=741311
344,226,USD,IAH,SPU,"Split, Croatia",HR,2026-10-03,2,https://www.aviasales.com/search/IAH0310SPU1?marker=741311
345,226,USD,DEN,MTJ,"Montrose, United States",US,2026-09-13,0,https://www.aviasales.com/search/DEN1309MTJ1?marker=741311
346,226,USD,DEN,CPR,"Casper, United States",US,2026-09-14,0,https://www.aviasales.com/search/DEN1409CPR1?marker=741311
347,228,USD,JFK,SLK,"Saranac Lake, United States",US,2026-09-10,0,https://www.aviasales.com/search/JFK1009SLK1?marker=741311
348,228,USD,DEN,REX,"Reynosa, Mexico",MX,2026-09-14,1,https://www.aviasales.com/search/DEN1409REX1?marker=741311
349,229,USD,BOS,FDF,"Fort-de-France, Martinique",MQ,2026-09-11,1,https://www.aviasales.com/search/BOS1109FDF1?marker=741311
350,229,USD,RDU,EWN,"New Bern, United States",US,2026-09-12,1,https://www.aviasales.com/search/RDU1209EWN1?marker=741311
351,230,USD,MCO,IST,"Istanbul, Turkiye",TR,2026-10-12,1,https://www.aviasales.com/search/MCO1210IST1?marker=741311
352,230,USD,IAD,PEI,"Pereira, Colombia",CO,2026-10-07,1,https://www.aviasales.com/search/IAD0710PEI1?marker=741311
353,233,USD,LAX,MGA,"Managua, Nicaragua",NI,2026-12-10,1,https://www.aviasales.com/search/LAX1012MGA1?marker=741311
354,233,USD,MCO,BUH,"Bucharest, Romania",RO,2027-01-15,1,https://www.aviasales.com/search/MCO1501BUH1?marker=741311
355,233,USD,JFK,MLA,"Malta, Malta",MT,2026-09-30,1,https://www.aviasales.com/search/JFK3009MLA1?marker=741311
356,235,USD,MIA,CMW,"Camaguey, Cuba",CU,2026-09-13,0,https://www.aviasales.com/search/MIA1309CMW1?marker=741311
357,237,USD,MIA,BER,"Berlin, Germany",DE,2026-11-29,1,https://www.aviasales.com/search/MIA2911BER1?marker=741311
358,237,USD,ORD,PAH,"Paducah, United States",US,2026-09-10,0,https://www.aviasales.com/search/ORD1009PAH1?marker=741311
359,237,USD,ORD,AOO,"Altoona, United States",US,2026-09-14,2,https://www.aviasales.com/search/ORD1409AOO1?marker=741311
360,237,USD,LAS,HOB,"Hobbs, United States",US,2026-09-10,2,https://www.aviasales.com/search/LAS1009HOB1?marker=741311
361,238,USD,SFO,DPS,"Denpasar (Bali), Indonesia",ID,2026-11-11,1,https://www.aviasales.com/search/SFO1111DPS1?marker=741311
362,239,USD,JFK,AYT,"Antalya, Turkiye",TR,2026-10-13,1,https://www.aviasales.com/search/JFK1310AYT1?marker=741311
363,239,USD,TPA,SLN,"Salina, United States",US,2026-09-10,1,https://www.aviasales.com/search/TPA1009SLN1?marker=741311
364,239,USD,DEN,TEX,"Telluride, United States",US,2026-09-13,0,https://www.aviasales.com/search/DEN1309TEX1?marker=741311
365,239,USD,LAS,CUU,"Chihuahua, Mexico",MX,2026-09-09,1,https://www.aviasales.com/search/LAS0909CUU1?marker=741311
366,239,USD,JFK,SNU,"Santa Clara, Cuba",CU,2026-11-14,2,https://www.aviasales.com/search/JFK1411SNU1?marker=741311
367,240,USD,LAX,BKK,"Bangkok, Thailand",TH,2026-11-11,1,https://www.aviasales.com/search/LAX1111BKK1?marker=741311
368,241,USD,ORD,JED,"Jeddah, Saudi Arabia",SA,2026-12-04,1,https://www.aviasales.com/search/ORD0412JED1?marker=741311
369,242,USD,ORD,BLV,"Belleville, United States",US,2026-09-13,2,https://www.aviasales.com/search/ORD1309BLV1?marker=741311
370,242,USD,JFK,JTR,"Thira, Greece",GR,2026-09-07,1,https://www.aviasales.com/search/JFK0709JTR1?marker=741311
371,243,USD,JFK,BEG,"Belgrade, Serbia",RS,2026-10-18,1,https://www.aviasales.com/search/JFK1810BEG1?marker=741311
372,244,USD,LAX,MAM,"Matamoros, Mexico",MX,2026-09-13,2,https://www.aviasales.com/search/LAX1309MAM1?marker=741311
373,244,USD,IAH,SVC,"Silver City, United States",US,2026-09-11,1,https://www.aviasales.com/search/IAH1109SVC1?marker=741311
374,245,USD,ORD,MLI,"Moline, United States",US,2026-09-10,0,https://www.aviasales.com/search/ORD1009MLI1?marker=741311
375,245,USD,IAH,BTR,"Baton Rouge, United States",US,2026-09-10,0,https://www.aviasales.com/search/IAH1009BTR1?marker=741311
376,245,USD,DEN,GJT,"Grand Junction, United States",US,2026-09-10,0,https://www.aviasales.com/search/DEN1009GJT1?marker=741311
377,246,USD,LAS,BZE,"Belize City, Belize",BZ,2026-09-14,2,https://www.aviasales.com/search/LAS1409BZE1?marker=741311
378,247,USD,ORD,GDV,"Glendive, United States",US,2026-09-12,2,https://www.aviasales.com/search/ORD1209GDV1?marker=741311
379,247,USD,JFK,SKG,"Thessaloniki, Greece",GR,2026-09-30,1,https://www.aviasales.com/search/JFK3009SKG1?marker=741311
380,247,USD,FLL,YYT,"St. John's, Canada",CA,2026-09-10,2,https://www.aviasales.com/search/FLL1009YYT1?marker=741311
381,248,USD,JFK,BUD,"Budapest, Hungary",HU,2026-09-07,1,https://www.aviasales.com/search/JFK0709BUD1?marker=741311
382,249,USD,ORD,CMX,"Hancock, United States",US,2026-09-12,0,https://www.aviasales.com/search/ORD1209CMX1?marker=741311
383,249,USD,DEN,RIW,"Riverton, United States",US,2026-09-10,0,https://www.aviasales.com/search/DEN1009RIW1?marker=741311
384,251,USD,JFK,RIO,"Rio de Janeiro, Brazil",BR,2026-10-26,1,https://www.aviasales.com/search/JFK2610RIO1?marker=741311
385,251,USD,DFW,TRC,"Torreon, Mexico",MX,2026-10-29,1,https://www.aviasales.com/search/DFW2910TRC1?marker=741311
386,251,USD,ORD,MBS,"Saginaw, United States",US,2026-09-09,0,https://www.aviasales.com/search/ORD0909MBS1?marker=741311
387,252,USD,JFK,ZRH,"Zurich, Switzerland",CH,2026-10-17,1,https://www.aviasales.com/search/JFK1710ZRH1?marker=741311
388,253,USD,JFK,FRS,"Flores, Guatemala",GT,2026-10-18,2,https://www.aviasales.com/search/JFK1810FRS1?marker=741311
389,254,USD,SFO,BRL,"Burlington, United States",US,2026-09-12,2,https://www.aviasales.com/search/SFO1209BRL1?marker=741311
390,254,USD,PHX,HMO,"Hermosillo, Mexico",MX,2026-09-11,1,https://www.aviasales.com/search/PHX1109HMO1?marker=741311
391,256,USD,LAX,RDD,"Redding, United States",US,2026-09-11,0,https://www.aviasales.com/search/LAX1109RDD1?marker=741311
392,256,USD,JFK,BTS,"Bratislava, Slovakia",SK,2026-10-20,1,https://www.aviasales.com/search/JFK2010BTS1?marker=741311
393,257,USD,IAD,MUC,"Munich, Germany",DE,2026-10-11,1,https://www.aviasales.com/search/IAD1110MUC1?marker=741311
394,257,USD,PHL,BFD,"Bradford, United States",US,2026-09-11,2,https://www.aviasales.com/search/PHL1109BFD1?marker=741311
395,257,USD,PHL,ERI,"Erie, United States",US,2026-09-15,2,https://www.aviasales.com/search/PHL1509ERI1?marker=741311
396,257,USD,BOS,BKW,"Beckley, United States",US,2026-09-12,2,https://www.aviasales.com/search/BOS1209BKW1?marker=741311
397,259,USD,JFK,EVN,"Yerevan, Armenia",AM,2026-10-20,1,https://www.aviasales.com/search/JFK2010EVN1?marker=741311
398,259,USD,JFK,KRK,"Krakow, Poland",PL,2026-10-10,1,https://www.aviasales.com/search/JFK1010KRK1?marker=741311
399,259,USD,JFK,ILG,"Wilmington, United States",US,2026-09-09,2,https://www.aviasales.com/search/JFK0909ILG1?marker=741311
400,259,USD,JFK,GOA,"Genoa, Italy",IT,2026-10-06,1,https://www.aviasales.com/search/JFK0610GOA1?marker=741311
401,260,USD,IAD,SBY,"Salisbury-Ocean City, United States",US,2026-09-12,3,https://www.aviasales.com/search/IAD1209SBY1?marker=741311
402,262,USD,MIA,JUL,"Juliaca, Peru",PE,2026-11-29,1,https://www.aviasales.com/search/MIA2911JUL1?marker=741311
403,263,USD,JFK,NCE,"Nice, France",FR,2026-09-18,1,https://www.aviasales.com/search/JFK1809NCE1?marker=741311
404,263,USD,JFK,TLL,"Tallinn, Estonia",EE,2027-01-16,2,https://www.aviasales.com/search/JFK1601TLL1?marker=741311
405,263,USD,JFK,NAP,"Naples, Italy",IT,2026-10-01,2,https://www.aviasales.com/search/JFK0110NAP1?marker=741311
406,263,USD,JFK,BOJ,"Bourgas, Bulgaria",BG,2026-10-02,1,https://www.aviasales.com/search/JFK0210BOJ1?marker=741311
407,264,USD,MCO,ORH,"Worcester, United States",US,2026-09-08,0,https://www.aviasales.com/search/MCO0809ORH1?marker=741311
408,264,USD,JFK,CAI,"Cairo, Egypt",EG,2026-09-11,1,https://www.aviasales.com/search/JFK1109CAI1?marker=741311
409,264,USD,ORD,JBR,"Jonesboro, United States",US,2026-09-10,2,https://www.aviasales.com/search/ORD1009JBR1?marker=741311
410,264,USD,JFK,OPO,"Porto, Portugal",PT,2026-09-26,1,https://www.aviasales.com/search/JFK2609OPO1?marker=741311
411,264,USD,JFK,RAK,"Marrakech, Morocco",MA,2026-10-03,2,https://www.aviasales.com/search/JFK0310RAK1?marker=741311
412,265,USD,IAD,FAY,"Fayetteville, United States",US,2026-09-09,1,https://www.aviasales.com/search/IAD0909FAY1?marker=741311
413,268,USD,ORD,STO,"Stockholm, Sweden",SE,2027-01-10,1,https://www.aviasales.com/search/ORD1001STO1?marker=741311
414,269,USD,JFK,MAD,"Madrid, Spain",ES,2026-10-13,1,https://www.aviasales.com/search/JFK1310MAD1?marker=741311
415,269,USD,JFK,TLS,"Toulouse, France",FR,2026-09-07,1,https://www.aviasales.com/search/JFK0709TLS1?marker=741311
416,269,USD,SEA,JNU,"Juneau, United States",US,2026-10-24,0,https://www.aviasales.com/search/SEA2410JNU1?marker=741311
417,269,USD,JFK,BHZ,"Belo Horizonte, Brazil",BR,2026-11-27,2,https://www.aviasales.com/search/JFK2711BHZ1?marker=741311
418,270,USD,IAD,AXM,"Armenia, Colombia",CO,2026-10-13,3,https://www.aviasales.com/search/IAD1310AXM1?marker=741311
419,271,USD,JFK,VNO,"Vilnius, Lithuania",LT,2026-10-03,1,https://www.aviasales.com/search/JFK0310VNO1?marker=741311
420,271,USD,JFK,MRS,"Marseille, France",FR,2026-09-15,1,https://www.aviasales.com/search/JFK1509MRS1?marker=741311
421,271,USD,SEA,YCD,"Nanaimo, Canada",CA,2026-09-11,1,https://www.aviasales.com/search/SEA1109YCD1?marker=741311
422,273,USD,JFK,CGI,"Cape Girardeau, United States",US,2026-09-10,1,https://www.aviasales.com/search/JFK1009CGI1?marker=741311
423,273,USD,ORD,NVA,"Neiva, Colombia",CO,2026-11-18,2,https://www.aviasales.com/search/ORD1811NVA1?marker=741311
424,274,USD,MIA,SRZ,"Santa Cruz, Bolivia",BO,2026-09-13,2,https://www.aviasales.com/search/MIA1309SRZ1?marker=741311
425,274,USD,JFK,IBZ,"Ibiza, Spain",ES,2026-09-19,1,https://www.aviasales.com/search/JFK1909IBZ1?marker=741311
426,275,USD,JFK,AMS,"Amsterdam, Netherlands",NL,2026-10-19,1,https://www.aviasales.com/search/JFK1910AMS1?marker=741311
427,275,USD,MSP,CYS,"Cheyenne, United States",US,2026-09-10,2,https://www.aviasales.com/search/MSP1009CYS1?marker=741311
428,276,USD,JFK,BAK,"Baku, Azerbaijan",AZ,2026-10-19,1,https://www.aviasales.com/search/JFK1910BAK1?marker=741311
429,277,USD,ATL,RBA,"Rabat, Morocco",MA,2026-09-30,2,https://www.aviasales.com/search/ATL3009RBA1?marker=741311
430,279,USD,JFK,LIS,"Lisbon, Portugal",PT,2026-12-02,1,https://www.aviasales.com/search/JFK0212LIS1?marker=741311
431,279,USD,MIA,VRB,"Vero Beach, United States",US,2026-09-12,2,https://www.aviasales.com/search/MIA1209VRB1?marker=741311
432,280,USD,AUS,SGN,"Ho Chi Minh City, Vietnam",VN,2026-10-20,2,https://www.aviasales.com/search/AUS2010SGN1?marker=741311
433,280,USD,AUS,HOG,"Holguin, Cuba",CU,2026-11-29,2,https://www.aviasales.com/search/AUS2911HOG1?marker=741311
434,281,USD,LAX,SUN,"Sun Valley, United States",US,2026-09-14,1,https://www.aviasales.com/search/LAX1409SUN1?marker=741311
435,281,USD,JFK,BRU,"Brussels, Belgium",BE,2026-12-10,2,https://www.aviasales.com/search/JFK1012BRU1?marker=741311
436,281,USD,SAN,JHM,"Kapalua, United States",US,2026-09-20,2,https://www.aviasales.com/search/SAN2009JHM1?marker=741311
437,282,USD,JFK,AGP,"Malaga, Spain",ES,2026-09-13,1,https://www.aviasales.com/search/JFK1309AGP1?marker=741311
438,282,USD,ORD,YQT,"Thunder Bay, Canada",CA,2026-09-11,2,https://www.aviasales.com/search/ORD1109YQT1?marker=741311
439,282,USD,PHX,TPE,"Taipei, Taiwan",TW,2026-10-15,1,https://www.aviasales.com/search/PHX1510TPE1?marker=741311
440,283,USD,ATL,LHE,"Lahore, Pakistan",PK,2026-10-19,1,https://www.aviasales.com/search/ATL1910LHE1?marker=741311
441,283,USD,MIA,GND,"St. George's, Grenada",GD,2026-10-08,1,https://www.aviasales.com/search/MIA0810GND1?marker=741311
442,283,USD,JFK,TBS,"Tbilisi, Georgia",GE,2026-10-15,1,https://www.aviasales.com/search/JFK1510TBS1?marker=741311
443,283,USD,ORD,SEL,"Seoul, South Korea",KR,2026-09-18,1,https://www.aviasales.com/search/ORD1809SEL1?marker=741311
444,283,USD,DTW,MNL,"Manila, Philippines",PH,2026-11-30,2,https://www.aviasales.com/search/DTW3011MNL1?marker=741311
445,283,USD,MIA,FOR,"Fortaleza, Brazil",BR,2026-10-05,2,https://www.aviasales.com/search/MIA0510FOR1?marker=741311
446,283,USD,JFK,VCE,"Venice, Italy",IT,2026-09-28,2,https://www.aviasales.com/search/JFK2809VCE1?marker=741311
447,283,USD,BOS,GDN,"Gdansk, Poland",PL,2026-11-02,2,https://www.aviasales.com/search/BOS0211GDN1?marker=741311
448,283,USD,JFK,EIN,"Eindhoven, Netherlands",NL,2026-09-08,1,https://www.aviasales.com/search/JFK0809EIN1?marker=741311
449,284,USD,JFK,TIA,"Tirana, Albania",AL,2026-09-06,1,https://www.aviasales.com/search/JFK0609TIA1?marker=741311
450,285,USD,BOS,HAM,"Hamburg, Germany",DE,2027-01-16,2,https://www.aviasales.com/search/BOS1601HAM1?marker=741311
451,286,USD,MIA,PTP,"Pointe-a-pitre, Guadeloupe",GP,2026-11-21,1,https://www.aviasales.com/search/MIA2111PTP1?marker=741311
452,286,USD,PHX,OGD,"Ogden, United States",US,2026-09-12,2,https://www.aviasales.com/search/PHX1209OGD1?marker=741311
453,287,USD,JFK,CMN,"Casablanca, Morocco",MA,2026-10-09,2,https://www.aviasales.com/search/JFK0910CMN1?marker=741311
454,287,USD,IAH,TYO,"Tokyo, Japan",JP,2026-10-29,0,https://www.aviasales.com/search/IAH2910TYO1?marker=741311
455,287,USD,JFK,CAP,"Cap Haitien, Haiti",HT,2026-12-30,1,https://www.aviasales.com/search/JFK3012CAP1?marker=741311
456,291,USD,JFK,REG,"Reggio Calabria, Italy",IT,2026-10-01,2,https://www.aviasales.com/search/JFK0110REG1?marker=741311
457,291,USD,LAX,MOT,"Minot, United States",US,2026-09-13,2,https://www.aviasales.com/search/LAX1309MOT1?marker=741311
458,292,USD,JFK,PMI,"Palma, Spain",ES,2026-09-14,2,https://www.aviasales.com/search/JFK1409PMI1?marker=741311
459,292,USD,JFK,PMO,"Palermo, Italy",IT,2026-10-20,1,https://www.aviasales.com/search/JFK2010PMO1?marker=741311
460,293,USD,JFK,HYA,"Hyannis, United States",US,2026-09-12,1,https://www.aviasales.com/search/JFK1209HYA1?marker=741311
461,293,USD,JFK,DLM,"Dalaman, Turkiye",TR,2026-10-08,1,https://www.aviasales.com/search/JFK0810DLM1?marker=741311
462,295,USD,JFK,RIX,"Riga, Latvia",LV,2026-09-18,1,https://www.aviasales.com/search/JFK1809RIX1?marker=741311
463,295,USD,MCO,HGR,"Hagerstown, United States",US,2026-09-10,3,https://www.aviasales.com/search/MCO1009HGR1?marker=741311
464,296,USD,SLC,BTM,"Butte, United States",US,2026-09-10,1,https://www.aviasales.com/search/SLC1009BTM1?marker=741311
465,297,USD,JFK,SOF,"Sofia, Bulgaria",BG,2026-09-13,1,https://www.aviasales.com/search/JFK1309SOF1?marker=741311
466,297,USD,LAX,CEC,"Crescent City, United States",US,2026-09-12,2,https://www.aviasales.com/search/LAX1209CEC1?marker=741311
467,298,USD,LAX,HAN,"Hanoi, Vietnam",VN,2026-11-09,2,https://www.aviasales.com/search/LAX0911HAN1?marker=741311
468,299,USD,JFK,TUN,"Tunis, Tunisia",TN,2026-09-26,1,https://www.aviasales.com/search/JFK2609TUN1?marker=741311
469,299,USD,JFK,LNS,"Lancaster, United States",US,2026-09-11,2,https://www.aviasales.com/search/JFK1109LNS1?marker=741311
470,300,USD,JFK,DBV,"Dubrovnik, Croatia",HR,2026-10-01,2,https://www.aviasales.com/search/JFK0110DBV1?marker=741311
471,301,USD,JFK,SJJ,"Sarajevo, Bosnia and Herzegovina",BA,2026-09-22,3,https://www.aviasales.com/search/JFK2209SJJ1?marker=741311
472,302,USD,ATL,HHH,"Hilton Head, United States",US,2026-09-09,2,https://www.aviasales.com/search/ATL0909HHH1?marker=741311
473,304,USD,JFK,POA,"Porto Alegre, Brazil",BR,2026-09-26,1,https://www.aviasales.com/search/JFK2609POA1?marker=741311
474,305,USD,ATL,MSL,"Muscle Shoals, United States",US,2026-09-13,2,https://www.aviasales.com/search/ATL1309MSL1?marker=741311
475,305,USD,IAH,MEC,"Manta, Ecuador",EC,2026-10-22,3,https://www.aviasales.com/search/IAH2210MEC1?marker=741311
476,305,USD,DEN,YXX,"Abbotsford, Canada",CA,2026-09-09,3,https://www.aviasales.com/search/DEN0909YXX1?marker=741311
477,306,USD,JFK,POZ,"Poznan, Poland",PL,2026-09-14,2,https://www.aviasales.com/search/JFK1409POZ1?marker=741311
478,307,USD,CLT,MSS,"Massena, United States",US,2026-09-10,2,https://www.aviasales.com/search/CLT1009MSS1?marker=741311
479,308,USD,LAX,HKG,"Hong Kong, Hong Kong",HK,2026-11-03,1,https://www.aviasales.com/search/LAX0311HKG1?marker=741311
480,309,USD,ORD,UPN,"Uruapan, Mexico",MX,2026-09-10,2,https://www.aviasales.com/search/ORD1009UPN1?marker=741311
481,310,USD,TPA,STX,"Saint Croix, U.S. Virgin Islands",VI,2026-10-03,1,https://www.aviasales.com/search/TPA0310STX1?marker=741311
482,310,USD,BOS,RTB,"Roatan, Honduras",HN,2027-01-30,1,https://www.aviasales.com/search/BOS3001RTB1?marker=741311
483,311,USD,RDU,OWB,"Owensboro, United States",US,2026-09-14,3,https://www.aviasales.com/search/RDU1409OWB1?marker=741311
484,311,USD,TPA,AGA,"Agadir, Morocco",MA,2026-09-30,3,https://www.aviasales.com/search/TPA3009AGA1?marker=741311
485,314,USD,SEA,RST,"Rochester, United States",US,2026-10-19,1,https://www.aviasales.com/search/SEA1910RST1?marker=741311
486,314,USD,JFK,BSB,"Brasilia, Brazil",BR,2026-09-10,1,https://www.aviasales.com/search/JFK1009BSB1?marker=741311
487,316,USD,DEN,GTF,"Great Falls, United States",US,2026-09-11,0,https://www.aviasales.com/search/DEN1109GTF1?marker=741311
488,317,USD,LAX,DUS,"Dusseldorf, Germany",DE,2026-10-17,1,https://www.aviasales.com/search/LAX1710DUS1?marker=741311
489,317,USD,JFK,TIV,"Tivat, Montenegro",ME,2026-10-15,2,https://www.aviasales.com/search/JFK1510TIV1?marker=741311
490,317,USD,ORD,KUN,"Kaunas, Lithuania",LT,2026-10-06,2,https://www.aviasales.com/search/ORD0610KUN1?marker=741311
491,318,USD,LAX,GVA,"Geneva, Switzerland",CH,2026-09-23,2,https://www.aviasales.com/search/LAX2309GVA1?marker=741311
492,318,USD,LAX,SIN,"Singapore, Singapore",SG,2026-11-17,1,https://www.aviasales.com/search/LAX1711SIN1?marker=741311
493,318,USD,JFK,EDI,"Edinburgh, United Kingdom",GB,2026-09-12,1,https://www.aviasales.com/search/JFK1209EDI1?marker=741311
494,320,USD,LAX,WYS,"West Yellowstone, United States",US,2026-09-13,1,https://www.aviasales.com/search/LAX1309WYS1?marker=741311
495,321,USD,ORD,EAP,"Basel, Switzerland",CH,2026-10-01,2,https://www.aviasales.com/search/ORD0110EAP1?marker=741311
496,322,USD,DFW,GUC,"Gunnison, United States",US,2026-09-21,2,https://www.aviasales.com/search/DFW2109GUC1?marker=741311
497,322,USD,JFK,RZE,"Rzeszow, Poland",PL,2026-09-19,1,https://www.aviasales.com/search/JFK1909RZE1?marker=741311
498,324,USD,MIA,FLN,"Florianopolis, Brazil",BR,2026-10-27,2,https://www.aviasales.com/search/MIA2710FLN1?marker=741311
499,325,USD,JFK,REU,"Reus, Spain",ES,2026-09-08,1,https://www.aviasales.com/search/JFK0809REU1?marker=741311
500,327,USD,JFK,FPO,"Freeport, Bahamas",BS,2026-09-30,2,https://www.aviasales.com/search/JFK3009FPO1?marker=741311
501,328,USD,SFO,BOM,"Mumbai, India",IN,2027-01-15,1,https://www.aviasales.com/search/SFO1501BOM1?marker=741311
502,328,USD,IAD,MAN,"Manchester, United Kingdom",GB,2026-09-12,2,https://www.aviasales.com/search/IAD1209MAN1?marker=741311
503,329,USD,ATL,CUC,"Cucuta, Colombia",CO,2026-12-14,3,https://www.aviasales.com/search/ATL1412CUC1?marker=741311
504,329,USD,BOS,CUZ,"Cusco, Peru",PE,2026-09-28,2,https://www.aviasales.com/search/BOS2809CUZ1?marker=741311
505,329,USD,JFK,DOM,"Dominica, Dominica",DM,2026-09-23,1,https://www.aviasales.com/search/JFK2309DOM1?marker=741311
506,329,USD,MSP,SUX,"Sioux City, United States",US,2026-09-15,1,https://www.aviasales.com/search/MSP1509SUX1?marker=741311
507,330,USD,JFK,SSH,"Sharm el Sheikh, Egypt",EG,2026-12-01,1,https://www.aviasales.com/search/JFK0112SSH1?marker=741311
508,330,USD,LAX,DRO,"Durango, United States",US,2026-09-15,1,https://www.aviasales.com/search/LAX1509DRO1?marker=741311
509,331,USD,IAD,HYD,"Hyderabad, India",IN,2026-09-28,1,https://www.aviasales.com/search/IAD2809HYD1?marker=741311
510,331,USD,JFK,BLQ,"Bologna, Italy",IT,2026-09-23,2,https://www.aviasales.com/search/JFK2309BLQ1?marker=741311
511,331,USD,LAX,LTO,"Loreto, Mexico",MX,2026-09-09,2,https://www.aviasales.com/search/LAX0909LTO1?marker=741311
512,331,USD,LAS,LRM,"La Romana, Dominican Republic",DO,2027-01-02,2,https://www.aviasales.com/search/LAS0201LRM1?marker=741311
513,332,USD,JFK,LYS,"Lyon, France",FR,2026-09-16,2,https://www.aviasales.com/search/JFK1609LYS1?marker=741311
514,332,USD,BOS,FMM,"Memmingen, Germany",DE,2027-01-16,3,https://www.aviasales.com/search/BOS1601FMM1?marker=741311
515,333,USD,SLC,COD,"Cody, United States",US,2026-09-11,1,https://www.aviasales.com/search/SLC1109COD1?marker=741311
516,334,USD,PHX,CVM,"Ciudad Victoria, Mexico",MX,2026-09-10,2,https://www.aviasales.com/search/PHX1009CVM1?marker=741311
517,334,USD,JFK,BSZ,"Bishkek, Kyrgyzstan",KG,2026-09-27,3,https://www.aviasales.com/search/JFK2709BSZ1?marker=741311
518,337,USD,JFK,DGO,"Durango, Mexico",MX,2026-09-14,1,https://www.aviasales.com/search/JFK1409DGO1?marker=741311
519,340,USD,MIA,MAR,"Maracaibo, Venezuela",VE,2026-10-30,1,https://www.aviasales.com/search/MIA3010MAR1?marker=741311
520,340,USD,BOS,ITO,"Hilo, United States",US,2026-11-10,2,https://www.aviasales.com/search/BOS1011ITO1?marker=741311
521,342,USD,PDX,BLL,"Billund, Denmark",DK,2026-09-10,2,https://www.aviasales.com/search/PDX1009BLL1?marker=741311
522,343,USD,IAD,BAH,"Manama, Bahrain",BH,2026-09-09,1,https://www.aviasales.com/search/IAD0909BAH1?marker=741311
523,344,USD,MCO,BGO,"Bergen, Norway",NO,2027-02-08,2,https://www.aviasales.com/search/MCO0802BGO1?marker=741311
524,345,USD,JFK,RUH,"Riyadh, Saudi Arabia",SA,2026-09-23,1,https://www.aviasales.com/search/JFK2309RUH1?marker=741311
525,345,USD,JFK,FNC,"Funchal, Portugal",PT,2026-09-08,1,https://www.aviasales.com/search/JFK0809FNC1?marker=741311
526,346,USD,MIA,ALC,"Alicante, Spain",ES,2026-10-14,1,https://www.aviasales.com/search/MIA1410ALC1?marker=741311
527,346,USD,JFK,NTE,"Nantes, France",FR,2027-03-03,1,https://www.aviasales.com/search/JFK0303NTE1?marker=741311
528,348,USD,IAD,FUK,"Fukuoka, Japan",JP,2026-12-03,1,https://www.aviasales.com/search/IAD0312FUK1?marker=741311
529,349,USD,JFK,CGN,"Cologne, Germany",DE,2026-09-10,1,https://www.aviasales.com/search/JFK1009CGN1?marker=741311
530,349,USD,JFK,HTS,"Huntington, United States",US,2026-09-10,2,https://www.aviasales.com/search/JFK1009HTS1?marker=741311
531,349,USD,MSP,IZM,"Izmir, Turkiye",TR,2026-09-16,2,https://www.aviasales.com/search/MSP1609IZM1?marker=741311
532,349,USD,SLC,YAZ,"Tofino, Canada",CA,2026-09-13,2,https://www.aviasales.com/search/SLC1309YAZ1?marker=741311
533,350,USD,ORD,BIO,"Bilbao, Spain",ES,2027-02-09,1,https://www.aviasales.com/search/ORD0902BIO1?marker=741311
534,350,USD,BOS,NUE,"Nuremberg, Germany",DE,2027-01-16,1,https://www.aviasales.com/search/BOS1601NUE1?marker=741311
535,351,USD,IAD,YYG,"Charlottetown, Canada",CA,2026-09-14,2,https://www.aviasales.com/search/IAD1409YYG1?marker=741311
536,351,USD,LAX,BFS,"Belfast, United Kingdom",GB,2027-01-04,1,https://www.aviasales.com/search/LAX0401BFS1?marker=741311
537,351,USD,LAX,CLQ,"Colima, Mexico",MX,2026-09-10,2,https://www.aviasales.com/search/LAX1009CLQ1?marker=741311
538,352,USD,LAX,JKT,"Jakarta, Indonesia",ID,2026-09-17,1,https://www.aviasales.com/search/LAX1709JKT1?marker=741311
539,353,USD,ATL,MAO,"Manaus, Brazil",BR,2026-10-01,3,https://www.aviasales.com/search/ATL0110MAO1?marker=741311
540,353,USD,PHL,JMK,"Mikonos, Greece",GR,2026-10-15,3,https://www.aviasales.com/search/PHL1510JMK1?marker=741311
541,354,USD,JFK,TCI,"Tenerife, Spain",ES,2027-01-26,2,https://www.aviasales.com/search/JFK2601TCI1?marker=741311
542,354,USD,DFW,JLN,"Joplin, United States",US,2026-09-09,1,https://www.aviasales.com/search/DFW0909JLN1?marker=741311
543,356,USD,TPA,SZG,"Salzburg, Austria",AT,2026-09-21,3,https://www.aviasales.com/search/TPA2109SZG1?marker=741311
544,357,USD,JFK,ALA,"Almaty, Kazakhstan",KZ,2026-10-23,1,https://www.aviasales.com/search/JFK2310ALA1?marker=741311
545,358,USD,JFK,SHJ,"Sharjah, United Arab Emirates",AE,2026-10-18,1,https://www.aviasales.com/search/JFK1810SHJ1?marker=741311
546,358,USD,JFK,DEL,"New Delhi, India",IN,2026-09-29,1,https://www.aviasales.com/search/JFK2909DEL1?marker=741311
547,359,USD,JFK,PMF,"Parma, Italy",IT,2026-09-30,2,https://www.aviasales.com/search/JFK3009PMF1?marker=741311
548,359,USD,JFK,ISB,"Islamabad, Pakistan",PK,2026-09-20,1,https://www.aviasales.com/search/JFK2009ISB1?marker=741311
549,360,USD,MIA,REC,"Recife, Brazil",BR,2026-09-26,2,https://www.aviasales.com/search/MIA2609REC1?marker=741311
550,360,USD,SFO,PPT,"Papeete, French Polynesia",PF,2026-09-16,0,https://www.aviasales.com/search/SFO1609PPT1?marker=741311
551,361,USD,SFO,MKL,"Jackson, United States",US,2026-09-08,2,https://www.aviasales.com/search/SFO0809MKL1?marker=741311
552,361,USD,LAX,BRI,"Bari, Italy",IT,2026-09-29,2,https://www.aviasales.com/search/LAX2909BRI1?marker=741311
553,362,USD,JFK,KHI,"Karachi, Pakistan",PK,2026-10-08,2,https://www.aviasales.com/search/JFK0810KHI1?marker=741311
554,362,USD,BNA,ZLO,"Manzanillo, Mexico",MX,2026-09-06,3,https://www.aviasales.com/search/BNA0609ZLO1?marker=741311
555,364,USD,ORD,CCS,"Caracas, Venezuela",VE,2026-10-21,2,https://www.aviasales.com/search/ORD2110CCS1?marker=741311
556,364,USD,ORD,KWL,"Guilin, China",CN,2026-10-10,2,https://www.aviasales.com/search/ORD1010KWL1?marker=741311
557,364,USD,PHL,PHF,"Newport News, United States",US,2026-09-12,2,https://www.aviasales.com/search/PHL1209PHF1?marker=741311
558,365,USD,JFK,GPS,"Galapagos Islands, Ecuador",EC,2026-11-11,1,https://www.aviasales.com/search/JFK1111GPS1?marker=741311
559,365,USD,CLT,PBG,"Plattsburgh, United States",US,2026-09-15,2,https://www.aviasales.com/search/CLT1509PBG1?marker=741311
560,366,USD,SEA,BJS,"Beijing, China",CN,2026-09-14,1,https://www.aviasales.com/search/SEA1409BJS1?marker=741311
561,366,USD,MIA,MVD,"Montevideo, Uruguay",UY,2026-10-01,1,https://www.aviasales.com/search/MIA0110MVD1?marker=741311
562,366,USD,JFK,BJV,"Bodrum, Turkiye",TR,2026-09-19,1,https://www.aviasales.com/search/JFK1909BJV1?marker=741311
563,366,USD,ORD,KUL,"Kuala Lumpur, Malaysia",MY,2026-10-19,1,https://www.aviasales.com/search/ORD1910KUL1?marker=741311
564,366,USD,LAX,CFU,"Kerkyra, Greece",GR,2026-10-26,2,https://www.aviasales.com/search/LAX2610CFU1?marker=741311
565,367,USD,MIA,ASU,"Asuncion, Paraguay",PY,2026-10-15,1,https://www.aviasales.com/search/MIA1510ASU1?marker=741311
566,367,USD,MCO,TXK,"Texarkana, United States",US,2026-09-12,2,https://www.aviasales.com/search/MCO1209TXK1?marker=741311
567,367,USD,SLC,BGA,"Bucaramanga, Colombia",CO,2026-09-24,3,https://www.aviasales.com/search/SLC2409BGA1?marker=741311
568,369,USD,FLL,VIX,"Vitoria, Brazil",BR,2026-11-09,1,https://www.aviasales.com/search/FLL0911VIX1?marker=741311
569,370,USD,FLL,NCL,"Newcastle, United Kingdom",GB,2026-09-30,3,https://www.aviasales.com/search/FLL3009NCL1?marker=741311
570,371,USD,LAX,HKT,"Phuket, Thailand",TH,2026-09-20,2,https://www.aviasales.com/search/LAX2009HKT1?marker=741311
571,371,USD,LAX,ORK,"Cork, Ireland",IE,2026-12-10,2,https://www.aviasales.com/search/LAX1012ORK1?marker=741311
572,371,USD,JFK,ANK,"Ankara, Turkiye",TR,2026-09-18,1,https://www.aviasales.com/search/JFK1809ANK1?marker=741311
573,371,USD,SEA,YZZ,"Trail, Canada",CA,2026-09-14,1,https://www.aviasales.com/search/SEA1409YZZ1?marker=741311
574,372,USD,PDX,YZF,"Yellowknife, Canada",CA,2026-09-09,1,https://www.aviasales.com/search/PDX0909YZF1?marker=741311
575,373,USD,RDU,SHD,"Staunton, United States",US,2026-09-11,1,https://www.aviasales.com/search/RDU1109SHD1?marker=741311
576,374,USD,LAX,SHA,"Shanghai, China",CN,2026-09-07,1,https://www.aviasales.com/search/LAX0709SHA1?marker=741311
577,374,USD,LAX,CAN,"Guangzhou, China",CN,2026-09-11,1,https://www.aviasales.com/search/LAX1109CAN1?marker=741311
578,374,USD,LAX,WRO,"Wroclaw, Poland",PL,2026-10-26,2,https://www.aviasales.com/search/LAX2610WRO1?marker=741311
579,375,USD,MCO,TAS,"Tashkent, Uzbekistan",UZ,2026-10-04,2,https://www.aviasales.com/search/MCO0410TAS1?marker=741311
580,376,USD,FLL,ALG,"Algiers, Algeria",DZ,2026-10-05,3,https://www.aviasales.com/search/FLL0510ALG1?marker=741311
581,377,USD,ATL,YNT,"Yantai, China",CN,2026-10-21,2,https://www.aviasales.com/search/ATL2110YNT1?marker=741311
582,377,USD,SEA,GZP,"Alanya, Turkiye",TR,2026-10-18,3,https://www.aviasales.com/search/SEA1810GZP1?marker=741311
583,377,USD,JFK,COV,"Mersin, Turkiye",TR,2026-10-06,2,https://www.aviasales.com/search/JFK0610COV1?marker=741311
584,378,USD,ATL,BEL,"Belem, Brazil",BR,2026-09-10,2,https://www.aviasales.com/search/ATL1009BEL1?marker=741311
585,379,USD,JFK,PRN,"Pristina, Kosovo",XK,2026-09-09,2,https://www.aviasales.com/search/JFK0909PRN1?marker=741311
586,379,USD,JFK,LED,"Saint Petersburg, Russia",RU,2026-09-26,2,https://www.aviasales.com/search/JFK2609LED1?marker=741311
587,379,USD,JFK,PDL,"Ponta Delgada, Portugal",PT,2026-09-08,1,https://www.aviasales.com/search/JFK0809PDL1?marker=741311
588,380,USD,JFK,MST,"Maastricht, Netherlands",NL,2026-09-15,3,https://www.aviasales.com/search/JFK1509MST1?marker=741311
589,380,USD,DTW,LSE,"La Crosse, United States",US,2026-09-11,2,https://www.aviasales.com/search/DTW1109LSE1?marker=741311
590,380,USD,LAS,HVR,"Havre, United States",US,2026-09-09,2,https://www.aviasales.com/search/LAS0909HVR1?marker=741311
591,381,USD,ATL,SSA,"Salvador, Brazil",BR,2026-10-03,3,https://www.aviasales.com/search/ATL0310SSA1?marker=741311
592,382,USD,SFO,CEB,"Cebu City, Philippines",PH,2026-11-26,1,https://www.aviasales.com/search/SFO2611CEB1?marker=741311
593,383,USD,JFK,HRG,"Hurghada, Egypt",EG,2026-09-15,3,https://www.aviasales.com/search/JFK1509HRG1?marker=741311
594,383,USD,LAX,CTU,"Chengdu, China",CN,2026-09-11,1,https://www.aviasales.com/search/LAX1109CTU1?marker=741311
595,384,USD,LAX,PNH,"Phnom Penh, Cambodia",KH,2027-01-26,1,https://www.aviasales.com/search/LAX2601PNH1?marker=741311
596,384,USD,JFK,DAC,"Dhaka, Bangladesh",BD,2027-01-02,1,https://www.aviasales.com/search/JFK0201DAC1?marker=741311
597,386,USD,BOS,HEL,"Helsinki, Finland",FI,2026-09-07,1,https://www.aviasales.com/search/BOS0709HEL1?marker=741311
598,386,USD,IAH,GGG,"Longview, United States",US,2026-09-09,1,https://www.aviasales.com/search/IAH0909GGG1?marker=741311
599,387,USD,JFK,CMB,"Colombo, Sri Lanka",LK,2026-09-13,1,https://www.aviasales.com/search/JFK1309CMB1?marker=741311
600,387,USD,BOS,HAJ,"Hannover, Germany",DE,2026-12-01,2,https://www.aviasales.com/search/BOS0112HAJ1?marker=741311
601,388,USD,JFK,MRV,"Mineralnye Vody, Russia",RU,2026-10-13,3,https://www.aviasales.com/search/JFK1310MRV1?marker=741311
602,389,USD,ATL,OGL,"Georgetown, Guyana",GY,2026-12-01,2,https://www.aviasales.com/search/ATL0112OGL1?marker=741311
603,389,USD,IAH,BHX,"Birmingham, United Kingdom",GB,2026-11-26,2,https://www.aviasales.com/search/IAH2611BHX1?marker=741311
604,390,USD,ORD,NBO,"Nairobi, Kenya",KE,2026-09-06,1,https://www.aviasales.com/search/ORD0609NBO1?marker=741311
605,390,USD,LAX,SYX,"Sanya, China",CN,2026-10-25,1,https://www.aviasales.com/search/LAX2510SYX1?marker=741311
606,390,USD,SEA,YQG,"Windsor, Canada",CA,2026-09-14,2,https://www.aviasales.com/search/SEA1409YQG1?marker=741311
607,392,USD,DTW,AHB,"Abha, Saudi Arabia",SA,2026-10-07,2,https://www.aviasales.com/search/DTW0710AHB1?marker=741311
608,394,USD,ORD,LAN,"Lansing, United States",US,2026-09-15,0,https://www.aviasales.com/search/ORD1509LAN1?marker=741311
609,395,USD,DTW,BGW,"Baghdad, Iraq",IQ,2026-10-30,1,https://www.aviasales.com/search/DTW3010BGW1?marker=741311
610,398,USD,MIA,TLM,"Tlemcen, Algeria",DZ,2026-10-03,1,https://www.aviasales.com/search/MIA0310TLM1?marker=741311
611,398,USD,LAX,CKG,"Chongqing, China",CN,2026-09-11,1,https://www.aviasales.com/search/LAX1109CKG1?marker=741311
612,398,USD,LAX,SPK,"Sapporo, Japan",JP,2026-09-14,1,https://www.aviasales.com/search/LAX1409SPK1?marker=741311
613,398,USD,JFK,RVN,"Rovaniemi, Finland",FI,2026-10-08,3,https://www.aviasales.com/search/JFK0810RVN1?marker=741311
614,399,USD,JFK,QSF,"Setif, Algeria",DZ,2026-09-30,3,https://www.aviasales.com/search/JFK3009QSF1?marker=741311
615,400,USD,JFK,AMD,"Ahmedabad, India",IN,2026-09-17,2,https://www.aviasales.com/search/JFK1709AMD1?marker=741311
616,401,USD,MCO,NQZ,"Astana, Kazakhstan",KZ,2026-10-04,2,https://www.aviasales.com/search/MCO0410NQZ1?marker=741311
617,401,USD,SEA,DAD,"Da Nang, Vietnam",VN,2026-09-14,1,https://www.aviasales.com/search/SEA1409DAD1?marker=741311
618,402,USD,LAX,NAN,"Nadi, Fiji",FJ,2026-10-28,0,https://www.aviasales.com/search/LAX2810NAN1?marker=741311
619,403,USD,SFO,OSA,"Osaka, Japan",JP,2026-10-20,1,https://www.aviasales.com/search/SFO2010OSA1?marker=741311
620,403,USD,JFK,ECN,"Ercan, Northern Cyprus",NY,2026-09-29,3,https://www.aviasales.com/search/JFK2909ECN1?marker=741311
621,404,USD,CLT,PGV,"Greenville, United States",US,2026-09-05,0,https://www.aviasales.com/search/CLT0509PGV1?marker=741311
622,405,USD,BOS,SFG,"Saint Martin, Saint Martin",MF,2027-03-04,2,https://www.aviasales.com/search/BOS0403SFG1?marker=741311
623,405,USD,JFK,MJT,"Mytilene, Greece",GR,2026-11-03,2,https://www.aviasales.com/search/JFK0311MJT1?marker=741311
624,406,USD,JFK,AUH,"Abu Dhabi, United Arab Emirates",AE,2026-10-31,2,https://www.aviasales.com/search/JFK3110AUH1?marker=741311
625,407,USD,DCA,SCU,"Santiago, Cuba",CU,2027-02-20,1,https://www.aviasales.com/search/DCA2002SCU1?marker=741311
626,408,USD,PDX,GCC,"Gillette, United States",US,2026-09-10,1,https://www.aviasales.com/search/PDX1009GCC1?marker=741311
627,408,USD,SEA,YCG,"Castlegar, Canada",CA,2026-09-09,1,https://www.aviasales.com/search/SEA0909YCG1?marker=741311
628,409,USD,ORD,DVL,"Devils Lake, United States",US,2026-09-09,1,https://www.aviasales.com/search/ORD0909DVL1?marker=741311
629,410,USD,ORD,MGM,"Montgomery, United States",US,2026-09-10,1,https://www.aviasales.com/search/ORD1009MGM1?marker=741311
630,411,USD,JFK,KVA,"Kavala, Greece",GR,2026-09-16,1,https://www.aviasales.com/search/JFK1609KVA1?marker=741311
631,412,USD,MIA,IGR,"Iguazu, Argentina",AR,2027-02-12,3,https://www.aviasales.com/search/MIA1202IGR1?marker=741311
632,412,USD,ORD,REK,"Reykjavik, Iceland",IS,2026-09-20,1,https://www.aviasales.com/search/ORD2009REK1?marker=741311
633,412,USD,SFO,OLB,"Olbia, Italy",IT,2026-12-06,3,https://www.aviasales.com/search/SFO0612OLB1?marker=741311
634,412,USD,PHX,FLO,"Florence, United States",US,2026-09-15,1,https://www.aviasales.com/search/PHX1509FLO1?marker=741311
635,413,USD,IAD,BRE,"Bremen, Germany",DE,2026-09-27,3,https://www.aviasales.com/search/IAD2709BRE1?marker=741311
636,413,USD,JFK,MED,"Medina, Saudi Arabia",SA,2027-01-21,1,https://www.aviasales.com/search/JFK2101MED1?marker=741311
637,414,USD,LAX,AKL,"Auckland, New Zealand",NZ,2027-01-09,1,https://www.aviasales.com/search/LAX0901AKL1?marker=741311
638,414,USD,MCO,NVT,"Navegantes, Brazil",BR,2026-10-13,2,https://www.aviasales.com/search/MCO1310NVT1?marker=741311
639,414,USD,DFW,RKS,"Rock Springs, United States",US,2026-09-14,1,https://www.aviasales.com/search/DFW1409RKS1?marker=741311
640,414,USD,JFK,MCT,"Muscat, Oman",OM,2026-09-26,1,https://www.aviasales.com/search/JFK2609MCT1?marker=741311
641,415,USD,IAD,STR,"Stuttgart, Germany",DE,2026-09-27,3,https://www.aviasales.com/search/IAD2709STR1?marker=741311
642,415,USD,LAS,OTH,"North Bend, United States",US,2026-09-14,1,https://www.aviasales.com/search/LAS1409OTH1?marker=741311
643,419,USD,ORD,KWI,"Kuwait City, Kuwait",KW,2026-10-03,1,https://www.aviasales.com/search/ORD0310KWI1?marker=741311
644,422,USD,MCO,MOW,"Moscow, Russia",RU,2026-12-08,2,https://www.aviasales.com/search/MCO0812MOW1?marker=741311
645,423,USD,JFK,BUS,"Batumi, Georgia",GE,2026-10-01,2,https://www.aviasales.com/search/JFK0110BUS1?marker=741311
646,424,USD,SLC,SJT,"San Angelo, United States",US,2026-09-11,2,https://www.aviasales.com/search/SLC1109SJT1?marker=741311
647,425,USD,SEA,CZM,"Cozumel, Mexico",MX,2026-09-15,3,https://www.aviasales.com/search/SEA1509CZM1?marker=741311
648,426,USD,SFO,OKA,"Okinawa, Japan",JP,2026-11-25,1,https://www.aviasales.com/search/SFO2511OKA1?marker=741311
649,427,USD,JFK,NBE,"Enfidha, Tunisia",TN,2026-09-12,2,https://www.aviasales.com/search/JFK1209NBE1?marker=741311
650,427,USD,JFK,KTN,"Ketchikan, United States",US,2026-09-09,2,https://www.aviasales.com/search/JFK0909KTN1?marker=741311
651,428,USD,LAX,HRB,"Harbin, China",CN,2026-10-20,1,https://www.aviasales.com/search/LAX2010HRB1?marker=741311
652,429,USD,PDX,YSJ,"Saint John, Canada",CA,2026-09-14,2,https://www.aviasales.com/search/PDX1409YSJ1?marker=741311
653,431,USD,JFK,AKX,"Aktobe, Kazakhstan",KZ,2026-10-06,2,https://www.aviasales.com/search/JFK0610AKX1?marker=741311
654,432,USD,MIA,DOH,"Doha, Qatar",QA,2026-10-06,3,https://www.aviasales.com/search/MIA0610DOH1?marker=741311
655,432,USD,MIA,GDT,"Grand Turk, Turks and Caicos Islands",TC,2027-02-06,3,https://www.aviasales.com/search/MIA0602GDT1?marker=741311
656,432,USD,LAX,TAO,"Qingdao, China",CN,2027-01-04,1,https://www.aviasales.com/search/LAX0401TAO1?marker=741311
657,434,USD,BOS,RAI,"Praia, Cape Verde",CV,2026-09-29,1,https://www.aviasales.com/search/BOS2909RAI1?marker=741311
658,434,USD,SEA,BIH,"Bishop, United States",US,2026-09-09,2,https://www.aviasales.com/search/SEA0909BIH1?marker=741311
659,435,USD,ORD,MFM,"Macau, Macau",MO,2026-11-01,2,https://www.aviasales.com/search/ORD0111MFM1?marker=741311
660,435,USD,RDU,GRZ,"Graz, Austria",AT,2026-10-02,3,https://www.aviasales.com/search/RDU0210GRZ1?marker=741311
661,436,USD,DFW,NOB,"Nosara Beach, Costa Rica",CR,2026-09-09,3,https://www.aviasales.com/search/DFW0909NOB1?marker=741311
662,436,USD,SFO,KTM,"Kathmandu, Nepal",NP,2026-11-22,1,https://www.aviasales.com/search/SFO2211KTM1?marker=741311
663,436,USD,SLC,YXC,"Cranbrook, Canada",CA,2026-09-10,3,https://www.aviasales.com/search/SLC1009YXC1?marker=741311
664,438,USD,MIA,CTA,"Catania, Italy",IT,2026-09-08,3,https://www.aviasales.com/search/MIA0809CTA1?marker=741311
665,439,USD,SEA,CRK,"City of Angeles, Philippines",PH,2026-09-12,1,https://www.aviasales.com/search/SEA1209CRK1?marker=741311
666,440,USD,JFK,KRR,"Krasnodar, Russia",RU,2026-11-25,3,https://www.aviasales.com/search/JFK2511KRR1?marker=741311
667,440,USD,ORD,GOI,"Goa, India",IN,2026-10-18,2,https://www.aviasales.com/search/ORD1810GOI1?marker=741311
668,441,USD,LAX,NHA,"Nha Trang, Vietnam",VN,2026-12-01,2,https://www.aviasales.com/search/LAX0112NHA1?marker=741311
669,441,USD,JFK,DKR,"Dakar, Senegal",SN,2026-10-03,1,https://www.aviasales.com/search/JFK0310DKR1?marker=741311
670,441,USD,PDX,YXY,"Whitehorse, Canada",CA,2026-09-09,1,https://www.aviasales.com/search/PDX0909YXY1?marker=741311
671,442,USD,LAX,BNX,"Banja Luka, Bosnia and Herzegovina",BA,2027-01-30,3,https://www.aviasales.com/search/LAX3001BNX1?marker=741311
672,444,USD,JFK,UBN,"Ulaanbaatar, Mongolia",MN,2026-10-19,2,https://www.aviasales.com/search/JFK1910UBN1?marker=741311
673,447,USD,SFO,PEN,"Penang, Malaysia",MY,2026-11-28,1,https://www.aviasales.com/search/SFO2811PEN1?marker=741311
674,449,USD,JFK,MIR,"Monastir, Tunisia",TN,2026-09-12,2,https://www.aviasales.com/search/JFK1209MIR1?marker=741311
675,449,USD,JFK,GUW,"Atyrau, Kazakhstan",KZ,2026-12-01,3,https://www.aviasales.com/search/JFK0112GUW1?marker=741311
676,450,USD,JFK,ATQ,"Amritsar, India",IN,2026-10-27,2,https://www.aviasales.com/search/JFK2710ATQ1?marker=741311
677,451,USD,MIA,JJD,"Jericoacoara, Brazil",BR,2026-10-05,2,https://www.aviasales.com/search/MIA0510JJD1?marker=741311
678,452,USD,JFK,JIK,"Ikaria Island, Greece",GR,2027-02-01,2,https://www.aviasales.com/search/JFK0102JIK1?marker=741311
679,452,USD,SEA,YXU,"London, Canada",CA,2026-09-09,2,https://www.aviasales.com/search/SEA0909YXU1?marker=741311
680,453,USD,PDX,PJM,"Puerto Jimenez, Costa Rica",CR,2026-10-07,2,https://www.aviasales.com/search/PDX0710PJM1?marker=741311
681,455,USD,SEA,PPG,"Pago Pago, American Samoa",AS,2026-10-22,1,https://www.aviasales.com/search/SEA2210PPG1?marker=741311
682,456,USD,LAX,JMS,"Jamestown, United States",US,2026-09-10,1,https://www.aviasales.com/search/LAX1009JMS1?marker=741311
683,457,USD,JFK,KZN,"Kazan, Russia",RU,2026-10-13,3,https://www.aviasales.com/search/JFK1310KZN1?marker=741311
684,457,USD,JFK,MEI,"Meridian, United States",US,2026-09-09,3,https://www.aviasales.com/search/JFK0909MEI1?marker=741311
685,458,USD,SFO,TRN,"Turin, Italy",IT,2026-09-19,2,https://www.aviasales.com/search/SFO1909TRN1?marker=741311
686,459,USD,MIA,LOH,"Loja, Ecuador",EC,2026-10-01,3,https://www.aviasales.com/search/MIA0110LOH1?marker=741311
687,460,USD,JFK,BDQ,"Vadodara, India",IN,2026-10-06,3,https://www.aviasales.com/search/JFK0610BDQ1?marker=741311
688,460,USD,LAX,KBV,"Krabi, Thailand",TH,2026-11-08,2,https://www.aviasales.com/search/LAX0811KBV1?marker=741311
689,460,USD,DEN,GLA,"Glasgow, United Kingdom",GB,2026-10-09,3,https://www.aviasales.com/search/DEN0910GLA1?marker=741311
690,460,USD,LAS,MTT,"Minatitlan, Mexico",MX,2026-09-13,3,https://www.aviasales.com/search/LAS1309MTT1?marker=741311
691,461,USD,MCO,BPS,"Porto Seguro, Brazil",BR,2026-12-19,2,https://www.aviasales.com/search/MCO1912BPS1?marker=741311
692,461,USD,JFK,SDJ,"Sendai, Japan",JP,2026-12-06,2,https://www.aviasales.com/search/JFK0612SDJ1?marker=741311
693,461,USD,CLT,ATY,"Watertown, United States",US,2026-09-09,1,https://www.aviasales.com/search/CLT0909ATY1?marker=741311
694,462,USD,SFO,PQC,"Phu Quoc, Vietnam",VN,2026-11-25,1,https://www.aviasales.com/search/SFO2511PQC1?marker=741311
695,463,USD,SFO,KYA,"Konya, Turkiye",TR,2026-09-20,3,https://www.aviasales.com/search/SFO2009KYA1?marker=741311
696,463,USD,JFK,FOC,"Fuzhou, China",CN,2026-09-21,1,https://www.aviasales.com/search/JFK2109FOC1?marker=741311
697,464,USD,MCO,MWA,"Marion, United States",US,2026-11-01,2,https://www.aviasales.com/search/MCO0111MWA1?marker=741311
698,465,USD,MIA,SKP,"Skopje, North Macedonia",MK,2026-09-06,2,https://www.aviasales.com/search/MIA0609SKP1?marker=741311
699,465,USD,FLL,CFK,"Chlef, Algeria",DZ,2026-10-03,3,https://www.aviasales.com/search/FLL0310CFK1?marker=741311
700,465,USD,JFK,ABJ,"Abidjan, Ivory Coast",CI,2026-12-28,1,https://www.aviasales.com/search/JFK2812ABJ1?marker=741311
701,467,USD,JFK,TRV,"Thiruvananthapuram, India",IN,2026-09-15,3,https://www.aviasales.com/search/JFK1509TRV1?marker=741311
702,468,USD,PDX,SCV,"Suceava, Romania",RO,2026-09-09,2,https://www.aviasales.com/search/PDX0909SCV1?marker=741311
703,470,USD,DFW,DLH,"Duluth, United States",US,2026-09-12,1,https://www.aviasales.com/search/DFW1209DLH1?marker=741311
704,471,USD,MIA,VAR,"Varna, Bulgaria",BG,2026-11-24,3,https://www.aviasales.com/search/MIA2411VAR1?marker=741311
705,471,USD,ORD,VRA,"Varadero, Cuba",CU,2026-10-17,1,https://www.aviasales.com/search/ORD1710VRA1?marker=741311
706,473,USD,JFK,MSQ,"Minsk, Belarus",BY,2026-09-26,3,https://www.aviasales.com/search/JFK2609MSQ1?marker=741311
707,473,USD,JFK,CUE,"Cuenca, Ecuador",EC,2026-10-30,1,https://www.aviasales.com/search/JFK3010CUE1?marker=741311
708,474,USD,LAX,SYD,"Sydney, Australia",AU,2026-11-25,1,https://www.aviasales.com/search/LAX2511SYD1?marker=741311
709,474,USD,JFK,URA,"Oral, Kazakhstan",KZ,2026-09-13,2,https://www.aviasales.com/search/JFK1309URA1?marker=741311
710,474,USD,AUS,LUX,"Luxembourg, Luxembourg",LU,2026-10-17,3,https://www.aviasales.com/search/AUS1710LUX1?marker=741311
711,476,USD,JFK,AER,"Adler/Sochi, Russia",RU,2026-10-19,2,https://www.aviasales.com/search/JFK1910AER1?marker=741311
712,479,USD,JFK,CNX,"Chiang Mai, Thailand",TH,2026-11-12,1,https://www.aviasales.com/search/JFK1211CNX1?marker=741311
713,483,USD,LAX,GCK,"Garden City, United States",US,2026-09-13,1,https://www.aviasales.com/search/LAX1309GCK1?marker=741311
714,487,USD,SFO,HEK,"Heihe, China",CN,2026-09-17,1,https://www.aviasales.com/search/SFO1709HEK1?marker=741311
715,487,USD,JFK,MCX,"Makhachkala, Russia",RU,2026-09-14,2,https://www.aviasales.com/search/JFK1409MCX1?marker=741311
716,488,USD,LAX,MEL,"Melbourne, Australia",AU,2026-09-06,1,https://www.aviasales.com/search/LAX0609MEL1?marker=741311
717,489,USD,DFW,EBL,"Erbil, Iraq",IQ,2026-09-05,1,https://www.aviasales.com/search/DFW0509EBL1?marker=741311
718,492,USD,ATL,PMV,"Porlamar, Venezuela",VE,2026-10-21,3,https://www.aviasales.com/search/ATL2110PMV1?marker=741311
719,492,USD,LAX,USM,"Koh Samui, Thailand",TH,2026-09-16,2,https://www.aviasales.com/search/LAX1609USM1?marker=741311
720,493,USD,JFK,KZS,"Kastelorizo, Greece",GR,2026-10-14,3,https://www.aviasales.com/search/JFK1410KZS1?marker=741311
721,494,USD,JFK,CIT,"Shymkent, Kazakhstan",KZ,2026-09-25,2,https://www.aviasales.com/search/JFK2509CIT1?marker=741311
722,495,USD,SFO,FMO,"Muenster, Germany",DE,2026-12-21,2,https://www.aviasales.com/search/SFO2112FMO1?marker=741311
723,496,USD,MIA,SBH,"Saint Barthelemy, Guadeloupe",GP,2026-11-20,2,https://www.aviasales.com/search/MIA2011SBH1?marker=741311
724,498,USD,IAH,BLR,"Bengaluru, India",IN,2026-10-03,2,https://www.aviasales.com/search/IAH0310BLR1?marker=741311
725,498,USD,JFK,YQM,"Moncton, Canada",CA,2026-09-15,3,https://www.aviasales.com/search/JFK1509YQM1?marker=741311
726,499,USD,JFK,SKD,"Samarkand, Uzbekistan",UZ,2026-10-10,3,https://www.aviasales.com/search/JFK1010SKD1?marker=741311
727,500,USD,SFO,KRT,"Khartoum, Sudan",SD,2026-09-10,2,https://www.aviasales.com/search/SFO1009KRT1?marker=741311
728,501,USD,JFK,PLN,"Pellston, United States",US,2026-09-13,1,https://www.aviasales.com/search/JFK1309PLN1?marker=741311
729,502,USD,JFK,DYU,"Dushanbe, Tajikistan",TJ,2026-09-18,3,https://www.aviasales.com/search/JFK1809DYU1?marker=741311
730,502,USD,JFK,RMF,"Marsa Alam, Egypt",EG,2026-09-24,2,https://www.aviasales.com/search/JFK2409RMF1?marker=741311
731,503,USD,LAX,KWJ,"Gwangju, South Korea",KR,2026-09-05,2,https://www.aviasales.com/search/LAX0509KWJ1?marker=741311
732,504,USD,ORD,MKK,"Hoolehua, United States",US,2027-01-02,2,https://www.aviasales.com/search/ORD0201MKK1?marker=741311
733,505,USD,LAX,MLE,"Male, Maldives",MV,2026-10-29,1,https://www.aviasales.com/search/LAX2910MLE1?marker=741311
734,505,USD,JFK,KBL,"Kabul, Afghanistan",AF,2026-09-09,2,https://www.aviasales.com/search/JFK0909KBL1?marker=741311
735,506,USD,JFK,MRU,"Mauritius, Mauritius",MU,2026-10-10,1,https://www.aviasales.com/search/JFK1010MRU1?marker=741311
736,507,USD,JFK,ACC,"Accra, Ghana",GH,2026-09-19,1,https://www.aviasales.com/search/JFK1909ACC1?marker=741311
737,507,USD,MSP,TYR,"Tyler, United States",US,2026-09-14,1,https://www.aviasales.com/search/MSP1409TYR1?marker=741311
738,507,USD,SEA,SVG,"Stavanger, Norway",NO,2026-09-07,2,https://www.aviasales.com/search/SEA0709SVG1?marker=741311
739,511,USD,MCO,NAT,"Natal, Brazil",BR,2027-01-07,3,https://www.aviasales.com/search/MCO0701NAT1?marker=741311
740,514,USD,ORD,DTM,"Dortmund, Germany",DE,2026-12-23,3,https://www.aviasales.com/search/ORD2312DTM1?marker=741311
741,515,USD,LAX,JNB,"Johannesburg, South Africa",ZA,2026-09-11,1,https://www.aviasales.com/search/LAX1109JNB1?marker=741311
742,516,USD,LAX,DIK,"Dickinson, United States",US,2026-09-15,1,https://www.aviasales.com/search/LAX1509DIK1?marker=741311
743,516,USD,MCO,ZAG,"Zagreb, Croatia",HR,2026-12-20,2,https://www.aviasales.com/search/MCO2012ZAG1?marker=741311
744,518,USD,MIA,MCZ,"Maceio, Brazil",BR,2027-01-12,2,https://www.aviasales.com/search/MIA1201MCZ1?marker=741311
745,521,USD,FLL,GVR,"Governador Valadares, Brazil",BR,2026-12-12,2,https://www.aviasales.com/search/FLL1212GVR1?marker=741311
746,522,USD,MIA,PAP,"Port-au-Prince, Haiti",HT,2026-09-25,1,https://www.aviasales.com/search/MIA2509PAP1?marker=741311
747,523,USD,LAX,LPB,"La Paz, Bolivia",BO,2027-02-17,2,https://www.aviasales.com/search/LAX1702LPB1?marker=741311
748,524,USD,LAX,MPH,"Caticlan, Philippines",PH,2026-10-10,2,https://www.aviasales.com/search/LAX1010MPH1?marker=741311
749,525,USD,JFK,MMK,"Murmansk, Russia",RU,2026-09-20,3,https://www.aviasales.com/search/JFK2009MMK1?marker=741311
750,526,USD,JFK,LWN,"Gyumri, Armenia",AM,2026-09-21,3,https://www.aviasales.com/search/JFK2109LWN1?marker=741311
751,526,USD,JFK,BWN,"Bandar Seri Begawan, Brunei",BN,2026-09-27,2,https://www.aviasales.com/search/JFK2709BWN1?marker=741311
752,528,USD,JFK,UTP,"Pattaya, Thailand",TH,2027-02-18,3,https://www.aviasales.com/search/JFK1802UTP1?marker=741311
753,528,USD,PHL,OLA,"Orland, Norway",NO,2026-09-14,3,https://www.aviasales.com/search/PHL1409OLA1?marker=741311
754,531,USD,DTW,SKB,"Basseterre, Saint Kitts and Nevis",KN,2026-09-07,2,https://www.aviasales.com/search/DTW0709SKB1?marker=741311
755,532,USD,LAS,NKT,"Cizre, Turkiye",TR,2026-10-05,3,https://www.aviasales.com/search/LAS0510NKT1?marker=741311
756,533,USD,JFK,SVX,"Yekaterinburg, Russia",RU,2026-09-06,3,https://www.aviasales.com/search/JFK0609SVX1?marker=741311
757,536,USD,BOS,SCO,"Aktau, Kazakhstan",KZ,2026-09-09,3,https://www.aviasales.com/search/BOS0909SCO1?marker=741311
758,537,USD,SFO,SAI,"Siem Reap, Cambodia",KH,2026-11-25,2,https://www.aviasales.com/search/SFO2511SAI1?marker=741311
759,539,USD,SFO,XQP,"Quepos, Costa Rica",CR,2026-09-13,4,https://www.aviasales.com/search/SFO1309XQP1?marker=741311
760,540,USD,ATL,LOS,"Lagos, Nigeria",NG,2026-09-21,1,https://www.aviasales.com/search/ATL2109LOS1?marker=741311
761,547,USD,JFK,VGA,"Vijayawada, India",IN,2026-11-23,2,https://www.aviasales.com/search/JFK2311VGA1?marker=741311
762,551,USD,JFK,OVB,"Novosibirsk, Russia",RU,2026-10-13,3,https://www.aviasales.com/search/JFK1310OVB1?marker=741311
763,551,USD,DFW,RZV,"Rize, Turkiye",TR,2026-09-24,3,https://www.aviasales.com/search/DFW2409RZV1?marker=741311
764,551,USD,SFO,VTE,"Vientiane, Laos",LA,2026-11-26,2,https://www.aviasales.com/search/SFO2611VTE1?marker=741311
765,551,USD,SFO,RGN,"Yangon, Myanmar",MM,2026-12-24,2,https://www.aviasales.com/search/SFO2412RGN1?marker=741311
766,558,USD,JFK,PDP,"Punta Del Este, Uruguay",UY,2026-09-09,3,https://www.aviasales.com/search/JFK0909PDP1?marker=741311
767,559,USD,LAX,ZQN,"Queenstown, New Zealand",NZ,2026-09-15,2,https://www.aviasales.com/search/LAX1509ZQN1?marker=741311
768,561,USD,MIA,GOT,"Gothenburg, Sweden",SE,2026-09-05,2,https://www.aviasales.com/search/MIA0509GOT1?marker=741311
769,563,USD,LAX,JDF,"Juiz de Fora, Brazil",BR,2026-11-08,3,https://www.aviasales.com/search/LAX0811JDF1?marker=741311
770,564,USD,LAX,HIR,"Honiara, Solomon Islands",SB,2026-10-19,1,https://www.aviasales.com/search/LAX1910HIR1?marker=741311
771,565,USD,MIA,CLJ,"Cluj-Napoca, Romania",RO,2026-09-08,3,https://www.aviasales.com/search/MIA0809CLJ1?marker=741311
772,565,USD,DFW,HOM,"Homer, United States",US,2026-09-09,2,https://www.aviasales.com/search/DFW0909HOM1?marker=741311
773,566,USD,MIA,DOL,"Deauville, France",FR,2026-09-12,2,https://www.aviasales.com/search/MIA1209DOL1?marker=741311
774,567,USD,JFK,CPT,"Cape Town, South Africa",ZA,2026-10-26,1,https://www.aviasales.com/search/JFK2610CPT1?marker=741311
775,568,USD,LAX,ADL,"Adelaide, Australia",AU,2026-09-14,1,https://www.aviasales.com/search/LAX1409ADL1?marker=741311
776,568,USD,LAX,BAL,"Batman, Turkiye",TR,2026-09-08,3,https://www.aviasales.com/search/LAX0809BAL1?marker=741311
777,569,USD,MIA,UFA,"Ufa, Russia",RU,2026-11-25,4,https://www.aviasales.com/search/MIA2511UFA1?marker=741311
778,569,USD,FLL,DLC,"Dalian, China",CN,2026-09-24,3,https://www.aviasales.com/search/FLL2409DLC1?marker=741311
779,571,USD,MIA,KGF,"Karagandy, Kazakhstan",KZ,2026-09-26,4,https://www.aviasales.com/search/MIA2609KGF1?marker=741311
780,575,USD,LAX,VVO,"Vladivostok, Russia",RU,2026-09-10,2,https://www.aviasales.com/search/LAX1009VVO1?marker=741311
781,575,USD,RDU,GOJ,"Nizhniy Novgorod, Russia",RU,2026-12-04,4,https://www.aviasales.com/search/RDU0412GOJ1?marker=741311
782,575,USD,JFK,SIA,"Xian, China",CN,2026-09-08,3,https://www.aviasales.com/search/JFK0809SIA1?marker=741311
783,577,USD,ORD,LEJ,"Leipzig/Halle, Germany",DE,2026-12-20,2,https://www.aviasales.com/search/ORD2012LEJ1?marker=741311
784,577,USD,JFK,OGZ,"Vladikavkaz, Russia",RU,2026-09-29,2,https://www.aviasales.com/search/JFK2909OGZ1?marker=741311
785,578,USD,JFK,PER,"Perth, Australia",AU,2026-09-19,2,https://www.aviasales.com/search/JFK1909PER1?marker=741311
786,579,USD,JFK,KGD,"Kaliningrad, Russia",RU,2026-09-18,3,https://www.aviasales.com/search/JFK1809KGD1?marker=741311
787,583,USD,JFK,ADD,"Addis Ababa, Ethiopia",ET,2026-09-21,3,https://www.aviasales.com/search/JFK2109ADD1?marker=741311
788,584,USD,BOS,TSR,"Timisoara, Romania",RO,2026-09-05,3,https://www.aviasales.com/search/BOS0509TSR1?marker=741311
789,586,USD,PDX,BNE,"Brisbane, Australia",AU,2026-09-25,1,https://www.aviasales.com/search/PDX2509BNE1?marker=741311
790,588,USD,JFK,KEJ,"Kemerovo, Russia",RU,2026-09-07,3,https://www.aviasales.com/search/JFK0709KEJ1?marker=741311
791,594,USD,RDU,NAL,"Nalchik, Russia",RU,2026-09-20,4,https://www.aviasales.com/search/RDU2009NAL1?marker=741311
792,597,USD,JFK,WUH,"Wuhan, China",CN,2026-09-08,2,https://www.aviasales.com/search/JFK0809WUH1?marker=741311
793,598,USD,JFK,VOG,"Volgograd, Russia",RU,2026-09-27,3,https://www.aviasales.com/search/JFK2709VOG1?marker=741311
794,598,USD,JFK,LYR,"Longyearbyen, Svalbard and Jan Mayen",SJ,2026-09-23,2,https://www.aviasales.com/search/JFK2309LYR1?marker=741311
795,599,USD,ORD,COK,"Kochi, India",IN,2026-10-16,2,https://www.aviasales.com/search/ORD1610COK1?marker=741311
796,599,USD,LAX,CNS,"Cairns, Australia",AU,2026-09-15,1,https://www.aviasales.com/search/LAX1509CNS1?marker=741311
797,601,USD,LAS,DJE,"Djerba, Tunisia",TN,2026-09-06,3,https://www.aviasales.com/search/LAS0609DJE1?marker=741311
798,605,USD,JFK,ALY,"Alexandria, Egypt",EG,2026-12-28,1,https://www.aviasales.com/search/JFK2812ALY1?marker=741311
799,606,USD,IAD,FEG,"Fergana, Uzbekistan",UZ,2026-09-25,4,https://www.aviasales.com/search/IAD2509FEG1?marker=741311
800,607,USD,SFO,BOB,"Bora Bora, French Polynesia",PF,2026-09-23,1,https://www.aviasales.com/search/SFO2309BOB1?marker=741311
801,607,USD,JFK,BHK,"Bukhara, Uzbekistan",UZ,2026-10-03,2,https://www.aviasales.com/search/JFK0310BHK1?marker=741311
802,607,USD,LAX,KSN,"Kostanay, Kazakhstan",KZ,2026-10-12,3,https://www.aviasales.com/search/LAX1210KSN1?marker=741311
803,608,USD,PDX,FON,"Fortuna, Costa Rica",CR,2026-10-01,2,https://www.aviasales.com/search/PDX0110FON1?marker=741311
804,609,USD,ORD,OSS,"Osh, Kyrgyzstan",KG,2026-09-30,3,https://www.aviasales.com/search/ORD3009OSS1?marker=741311
805,609,USD,JFK,MLW,"Monrovia, Liberia",LR,2026-12-14,1,https://www.aviasales.com/search/JFK1412MLW1?marker=741311
806,610,USD,JFK,BPN,"Balikpapan, Indonesia",ID,2026-10-04,2,https://www.aviasales.com/search/JFK0410BPN1?marker=741311
807,613,USD,DFW,DMM,"Dammam, Saudi Arabia",SA,2026-09-19,3,https://www.aviasales.com/search/DFW1909DMM1?marker=741311
808,613,USD,MSP,STW,"Stavropol, Russia",RU,2026-11-25,4,https://www.aviasales.com/search/MSP2511STW1?marker=741311
809,615,USD,AUS,XMN,"Xiamen, China",CN,2026-09-05,2,https://www.aviasales.com/search/AUS0509XMN1?marker=741311
810,617,USD,JFK,WNZ,"Wenzhou, China",CN,2026-09-25,3,https://www.aviasales.com/search/JFK2509WNZ1?marker=741311
811,618,USD,LAX,IKT,"Irkutsk, Russia",RU,2026-09-08,2,https://www.aviasales.com/search/LAX0809IKT1?marker=741311
812,618,USD,SFO,CHC,"Christchurch, New Zealand",NZ,2026-09-14,3,https://www.aviasales.com/search/SFO1409CHC1?marker=741311
813,618,USD,LAX,DRW,"Darwin, Australia",AU,2026-09-19,1,https://www.aviasales.com/search/LAX1909DRW1?marker=741311
814,619,USD,IAD,NMA,"Namangan, Uzbekistan",UZ,2026-10-18,2,https://www.aviasales.com/search/IAD1810NMA1?marker=741311
815,620,USD,SEA,KUF,"Samara, Russia",RU,2026-11-27,4,https://www.aviasales.com/search/SEA2711KUF1?marker=741311
816,622,USD,JFK,KGP,"Kogalym, Russia",RU,2026-10-10,3,https://www.aviasales.com/search/JFK1010KGP1?marker=741311
817,628,USD,JFK,OUA,"Ouagadougou, Burkina Faso",BF,2026-09-30,1,https://www.aviasales.com/search/JFK3009OUA1?marker=741311
818,628,USD,LAX,KHV,"Khabarovsk, Russia",RU,2026-10-18,2,https://www.aviasales.com/search/LAX1810KHV1?marker=741311
819,628,USD,DEN,PLJ,"Placencia, Belize",BZ,2026-09-12,2,https://www.aviasales.com/search/DEN1209PLJ1?marker=741311
820,629,USD,JFK,CEK,"Chelyabinsk, Russia",RU,2026-10-08,3,https://www.aviasales.com/search/JFK0810CEK1?marker=741311
821,631,USD,JFK,RTW,"Saratov, Russia",RU,2026-09-07,2,https://www.aviasales.com/search/JFK0709RTW1?marker=741311
822,632,USD,LAX,OOL,"Gold Coast, Australia",AU,2026-09-18,2,https://www.aviasales.com/search/LAX1809OOL1?marker=741311
823,633,USD,SEA,HNH,"Hoonah, United States",US,2026-09-12,1,https://www.aviasales.com/search/SEA1209HNH1?marker=741311
824,634,USD,DEN,RNN,"Bornholm, Denmark",DK,2026-09-25,2,https://www.aviasales.com/search/DEN2509RNN1?marker=741311
825,636,USD,SEA,SPN,"Saipan, Northern Mariana Islands",MP,2026-10-30,2,https://www.aviasales.com/search/SEA3010SPN1?marker=741311
826,637,USD,TPA,MAA,"Chennai, India",IN,2026-10-25,4,https://www.aviasales.com/search/TPA2510MAA1?marker=741311
827,639,USD,DEN,EWB,"New Bedford, United States",US,2026-09-11,2,https://www.aviasales.com/search/DEN1109EWB1?marker=741311
828,641,USD,JFK,NCU,"Nukus, Uzbekistan",UZ,2026-09-28,2,https://www.aviasales.com/search/JFK2809NCU1?marker=741311
829,642,USD,LAX,OMS,"Omsk, Russia",RU,2027-02-01,4,https://www.aviasales.com/search/LAX0102OMS1?marker=741311
830,642,USD,JFK,ADQ,"Kodiak, United States",US,2026-09-14,3,https://www.aviasales.com/search/JFK1409ADQ1?marker=741311
831,642,USD,LAX,PNT,"Puerto Natales, Chile",CL,2027-01-07,1,https://www.aviasales.com/search/LAX0701PNT1?marker=741311
832,643,USD,JFK,UGC,"Urgench, Uzbekistan",UZ,2026-09-18,3,https://www.aviasales.com/search/JFK1809UGC1?marker=741311
833,644,USD,ORD,SZX,"Shenzhen, China",CN,2026-09-10,2,https://www.aviasales.com/search/ORD1009SZX1?marker=741311
834,646,USD,JFK,PEE,"Perm, Russia",RU,2026-10-01,3,https://www.aviasales.com/search/JFK0110PEE1?marker=741311
835,646,USD,SFO,GRV,"Groznyy, Russia",RU,2026-12-01,4,https://www.aviasales.com/search/SFO0112GRV1?marker=741311
836,647,USD,JFK,DLA,"Douala, Cameroon",CM,2027-01-30,1,https://www.aviasales.com/search/JFK3001DLA1?marker=741311
837,647,USD,LAX,UKK,"Oskemen, Kazakhstan",KZ,2026-09-18,3,https://www.aviasales.com/search/LAX1809UKK1?marker=741311
838,648,USD,JFK,KJA,"Krasnoyarsk, Russia",RU,2026-10-13,4,https://www.aviasales.com/search/JFK1310KJA1?marker=741311
839,655,USD,ORD,SXB,"Strasbourg, France",FR,2026-12-20,3,https://www.aviasales.com/search/ORD2012SXB1?marker=741311
840,659,USD,JFK,ZNZ,"Zanzibar, Tanzania",TZ,2026-09-25,2,https://www.aviasales.com/search/JFK2509ZNZ1?marker=741311
841,664,USD,IAD,TJM,"Tyumen, Russia",RU,2026-09-15,4,https://www.aviasales.com/search/IAD1509TJM1?marker=741311
842,665,USD,SFO,JAI,"Jaipur, India",IN,2026-10-25,2,https://www.aviasales.com/search/SFO2510JAI1?marker=741311
843,666,USD,SAN,TUU,"Tabuk, Saudi Arabia",SA,2026-09-24,3,https://www.aviasales.com/search/SAN2409TUU1?marker=741311
844,669,USD,FLL,GDZ,"Gelendzik, Russia",RU,2026-10-01,4,https://www.aviasales.com/search/FLL0110GDZ1?marker=741311
845,672,USD,BOS,HSA,"Turkistan, Kazakhstan",KZ,2026-09-30,3,https://www.aviasales.com/search/BOS3009HSA1?marker=741311
846,675,USD,MIA,ASF,"Astrakhan, Russia",RU,2026-10-01,3,https://www.aviasales.com/search/MIA0110ASF1?marker=741311
847,684,USD,JFK,ARH,"Arkhangelsk, Russia",RU,2026-09-05,3,https://www.aviasales.com/search/JFK0509ARH1?marker=741311
848,685,USD,ORD,ASM,"Asmara, Eritrea",ER,2026-09-18,1,https://www.aviasales.com/search/ORD1809ASM1?marker=741311
849,687,USD,JFK,TMJ,"Termez, Uzbekistan",UZ,2026-09-25,3,https://www.aviasales.com/search/JFK2509TMJ1?marker=741311
850,687,USD,SFO,WLG,"Wellington, New Zealand",NZ,2026-09-19,2,https://www.aviasales.com/search/SFO1909WLG1?marker=741311
851,693,USD,ORD,ASB,"Ashgabat, Turkmenistan",TM,2026-10-20,3,https://www.aviasales.com/search/ORD2010ASB1?marker=741311
852,697,USD,JFK,JRO,"Kilimanjaro, Tanzania",TZ,2026-09-29,2,https://www.aviasales.com/search/JFK2909JRO1?marker=741311
853,697,USD,JFK,REN,"Orenburg, Russia",RU,2026-09-13,4,https://www.aviasales.com/search/JFK1309REN1?marker=741311
854,699,USD,IAD,HRE,"Harare, Zimbabwe",ZW,2026-09-12,2,https://www.aviasales.com/search/IAD1209HRE1?marker=741311
855,701,USD,BNA,VAG,"Varginha, Brazil",BR,2026-10-06,3,https://www.aviasales.com/search/BNA0610VAG1?marker=741311
856,702,USD,JFK,SUI,"Sukhumi, Abkhazia",AB,2026-10-03,3,https://www.aviasales.com/search/JFK0310SUI1?marker=741311
857,702,USD,IAD,LBD,"Khujand, Tajikistan",TJ,2026-09-10,3,https://www.aviasales.com/search/IAD1009LBD1?marker=741311
858,709,USD,JFK,SCW,"Syktyvkar, Russia",RU,2026-10-04,3,https://www.aviasales.com/search/JFK0410SCW1?marker=741311
859,709,USD,DFW,SJW,"Shijiazhuang, China",CN,2026-09-26,3,https://www.aviasales.com/search/DFW2609SJW1?marker=741311
860,710,USD,JFK,COO,"Cotonou, Benin",BJ,2026-11-15,1,https://www.aviasales.com/search/JFK1511COO1?marker=741311
861,718,USD,JFK,ABA,"Abakan, Russia",RU,2026-09-20,3,https://www.aviasales.com/search/JFK2009ABA1?marker=741311
862,719,USD,BOS,HMB,"Sohag, Egypt",EG,2026-09-25,2,https://www.aviasales.com/search/BOS2509HMB1?marker=741311
863,729,USD,BOS,GOH,"Nuuk, Greenland",GL,2026-10-01,1,https://www.aviasales.com/search/BOS0110GOH1?marker=741311
864,730,USD,JFK,NJC,"Nizhnevartovsk, Russia",RU,2026-09-23,3,https://www.aviasales.com/search/JFK2309NJC1?marker=741311
865,736,USD,ORD,TGU,"Tegucigalpa, Honduras",HN,2026-12-26,2,https://www.aviasales.com/search/ORD2612TGU1?marker=741311
866,737,USD,JFK,PES,"Petrozavodsk, Russia",RU,2026-12-29,3,https://www.aviasales.com/search/JFK2912PES1?marker=741311
867,749,USD,LAS,CFS,"Coffs Harbour, Australia",AU,2026-09-06,2,https://www.aviasales.com/search/LAS0609CFS1?marker=741311
868,760,USD,JFK,YKS,"Yakutsk, Russia",RU,2026-10-15,4,https://www.aviasales.com/search/JFK1510YKS1?marker=741311
869,761,USD,BOS,NIM,"Niamey, Niger",NE,2026-09-06,2,https://www.aviasales.com/search/BOS0609NIM1?marker=741311
870,763,USD,SFO,ROR,"Koror, Palau",PW,2026-11-27,1,https://www.aviasales.com/search/SFO2711ROR1?marker=741311
871,765,USD,IAD,TOF,"Tomsk, Russia",RU,2026-11-03,3,https://www.aviasales.com/search/IAD0311TOF1?marker=741311
872,765,USD,SAN,APW,"Apia, Samoa",WS,2026-09-13,2,https://www.aviasales.com/search/SAN1309APW1?marker=741311
873,766,USD,SFO,EBB,"Entebbe, Uganda",UG,2026-10-23,3,https://www.aviasales.com/search/SFO2310EBB1?marker=741311
874,766,USD,JFK,PKR,"Pokhara, Nepal",NP,2026-10-08,2,https://www.aviasales.com/search/JFK0810PKR1?marker=741311
875,774,USD,IAH,HLZ,"Hamilton, New Zealand",NZ,2026-12-25,2,https://www.aviasales.com/search/IAH2512HLZ1?marker=741311
876,775,USD,IAD,KGL,"Kigali, Rwanda",RW,2026-10-03,1,https://www.aviasales.com/search/IAD0310KGL1?marker=741311
877,776,USD,JFK,HTA,"Chita, Russia",RU,2026-09-30,3,https://www.aviasales.com/search/JFK3009HTA1?marker=741311
878,778,USD,BOS,BAX,"Barnaul, Russia",RU,2026-09-05,3,https://www.aviasales.com/search/BOS0509BAX1?marker=741311
879,783,USD,AUS,NKC,"Nouakchott, Mauritania",MR,2026-09-10,3,https://www.aviasales.com/search/AUS1009NKC1?marker=741311
880,785,USD,ORD,KSQ,"Qarshi, Uzbekistan",UZ,2026-09-08,4,https://www.aviasales.com/search/ORD0809KSQ1?marker=741311
881,788,USD,SFO,GME,"Gomel, Belarus",BY,2026-09-24,4,https://www.aviasales.com/search/SFO2409GME1?marker=741311
882,792,USD,JFK,SEZ,"Mahe, Seychelles",SC,2026-09-05,3,https://www.aviasales.com/search/JFK0509SEZ1?marker=741311
883,794,USD,CLT,FIH,"Kinshasa, Democratic Republic of the Congo",CD,2026-10-29,2,https://www.aviasales.com/search/CLT2910FIH1?marker=741311
884,800,USD,DFW,SSG,"Malabo, Equatorial Guinea",GQ,2026-09-09,1,https://www.aviasales.com/search/DFW0909SSG1?marker=741311
885,808,USD,SLC,MBA,"Mombasa, Kenya",KE,2026-09-15,4,https://www.aviasales.com/search/SLC1509MBA1?marker=741311
886,809,USD,JFK,CYA,"Les Cayes, Haiti",HT,2026-09-08,3,https://www.aviasales.com/search/JFK0809CYA1?marker=741311
887,813,USD,LAX,FRE,"Fera Island, Solomon Islands",SB,2026-10-30,2,https://www.aviasales.com/search/LAX3010FRE1?marker=741311
888,814,USD,JFK,KMS,"Kumasi, Ghana",GH,2026-10-21,2,https://www.aviasales.com/search/JFK2110KMS1?marker=741311
889,815,USD,ORD,NYA,"Nyagan, Russia",RU,2026-11-19,4,https://www.aviasales.com/search/ORD1911NYA1?marker=741311
890,821,USD,JFK,VLI,"Port Vila, Vanuatu",VU,2026-11-07,4,https://www.aviasales.com/search/JFK0711VLI1?marker=741311
891,823,USD,JFK,UUS,"Yuzhno-Sakhalinsk, Russia",RU,2026-10-22,3,https://www.aviasales.com/search/JFK2210UUS1?marker=741311
892,832,USD,ORD,NNM,"Naryan-Mar, Russia",RU,2026-09-25,4,https://www.aviasales.com/search/ORD2509NNM1?marker=741311
893,834,USD,SEA,VFA,"Victoria Falls, Zimbabwe",ZW,2026-09-15,2,https://www.aviasales.com/search/SEA1509VFA1?marker=741311
894,835,USD,FLL,KVK,"Kirovsk, Russia",RU,2026-09-28,4,https://www.aviasales.com/search/FLL2809KVK1?marker=741311
895,854,USD,TPA,ULY,"Ulyanovsk, Russia",RU,2026-09-06,4,https://www.aviasales.com/search/TPA0609ULY1?marker=741311
896,857,USD,JFK,HAK,"Haikou, China",CN,2026-12-12,3,https://www.aviasales.com/search/JFK1212HAK1?marker=741311
897,866,USD,MCO,GDX,"Magadan, Russia",RU,2026-09-19,3,https://www.aviasales.com/search/MCO1909GDX1?marker=741311
898,888,USD,LAX,BQS,"Blagoveschensk, Russia",RU,2026-09-16,3,https://www.aviasales.com/search/LAX1609BQS1?marker=741311
899,911,USD,LAX,MPM,"Maputo, Mozambique",MZ,2026-09-15,1,https://www.aviasales.com/search/LAX1509MPM1?marker=741311
900,912,USD,JFK,BUQ,"Bulawayo, Zimbabwe",ZW,2026-10-26,2,https://www.aviasales.com/search/JFK2610BUQ1?marker=741311
901,912,USD,SAN,AZN,"Andijan, Uzbekistan",UZ,2026-10-16,4,https://www.aviasales.com/search/SAN1610AZN1?marker=741311
902,918,USD,CLT,LUN,"Lusaka, Zambia",ZM,2026-09-15,2,https://www.aviasales.com/search/CLT1509LUN1?marker=741311
903,922,USD,ORD,PKC,"Petropavlovsk-Kamchatsky, Russia",RU,2027-01-01,3,https://www.aviasales.com/search/ORD0101PKC1?marker=741311
904,936,USD,SFO,TNR,"Antananarivo, Madagascar",MG,2026-09-30,3,https://www.aviasales.com/search/SFO3009TNR1?marker=741311
905,938,USD,MSP,YFO,"Flin Flon, Canada",CA,2026-09-09,2,https://www.aviasales.com/search/MSP0909YFO1?marker=741311
906,947,USD,SFO,VAV,"Vava'u, Tonga",TO,2026-09-24,2,https://www.aviasales.com/search/SFO2409VAV1?marker=741311
907,954,USD,ORD,JIJ,"Jijiga, Ethiopia",ET,2027-01-08,1,https://www.aviasales.com/search/ORD0801JIJ1?marker=741311
908,958,USD,JFK,LTI,"Altai, Mongolia",MN,2026-10-04,2,https://www.aviasales.com/search/JFK0410LTI1?marker=741311
909,969,USD,JFK,DZA,"Mamoudzou, Mayotte",YT,2026-10-01,3,https://www.aviasales.com/search/JFK0110DZA1?marker=741311
910,970,USD,DEN,ARK,"Arusha, Tanzania",TZ,2026-12-01,3,https://www.aviasales.com/search/DEN0112ARK1?marker=741311
911,995,USD,MCO,YIE,"Aershan, China",CN,2026-10-19,3,https://www.aviasales.com/search/MCO1910YIE1?marker=741311
912,1017,USD,MSP,KRW,"Turkmenbashi, Turkmenistan",TM,2026-09-24,4,https://www.aviasales.com/search/MSP2409KRW1?marker=741311
913,1030,USD,IAD,LBV,"Libreville, Gabon",GA,2026-12-19,1,https://www.aviasales.com/search/IAD1912LBV1?marker=741311
914,1031,USD,IAH,TML,"Tamale, Ghana",GH,2026-09-25,3,https://www.aviasales.com/search/IAH2509TML1?marker=741311
915,1046,USD,JFK,NBC,"Naberezhnye Chelny, Russia",RU,2026-09-05,3,https://www.aviasales.com/search/JFK0509NBC1?marker=741311
916,1054,USD,DTW,BSR,"Basra, Iraq",IQ,2026-10-01,3,https://www.aviasales.com/search/DTW0110BSR1?marker=741311
917,1143,USD,JFK,IJK,"Izhevsk, Russia",RU,2026-12-19,3,https://www.aviasales.com/search/JFK1912IJK1?marker=741311
918,1187,USD,SEA,QBC,"Bella Coola, Canada",CA,2026-09-09,3,https://www.aviasales.com/search/SEA0909QBC1?marker=741311
919,1226,USD,JFK,UUA,"Bugulma, Russia",RU,2026-09-05,2,https://www.aviasales.com/search/JFK0509UUA1?marker=741311
920,1247,USD,JFK,VGD,"Vologda, Russia",RU,2026-09-05,2,https://www.aviasales.com/search/JFK0509VGD1?marker=741311
921,1351,USD,LAX,ABV,"Abuja, Nigeria",NG,2026-12-18,2,https://www.aviasales.com/search/LAX1812ABV1?marker=741311
922,1354,USD,LAX,IGT,"Magas, Russia",RU,2026-10-30,2,https://www.aviasales.com/search/LAX3010IGT1?marker=741311
923,1465,USD,JFK,MJZ,"Mirnyj, Russia",RU,2026-09-10,2,https://www.aviasales.com/search/JFK1009MJZ1?marker=741311
924,1485,USD,SEA,LJU,"Ljubljana, Slovenia",SI,2026-09-05,2,https://www.aviasales.com/search/SEA0509LJU1?marker=741311
925,1758,USD,LAX,AGB,"Augsburg, Germany",DE,2026-12-15,1,https://www.aviasales.com/search/LAX1512AGB1?marker=741311
926,1761,USD,SFO,BQT,"Brest, Belarus",BY,2026-12-01,2,https://www.aviasales.com/search/SFO0112BQT1?marker=741311
927,1949,USD,ORD,BRN,"Bern, Switzerland",CH,2026-12-20,2,https://www.aviasales.com/search/ORD2012BRN1?marker=741311
928,2358,USD,IAD,UUD,"Ulan-Ude, Russia",RU,2026-09-05,2,https://www.aviasales.com/search/IAD0509UUD1?marker=741311
