rank,price,currency,origin,destination_code,destination_name,country_code,depart,stops,booking_link
1,23,USD,PHX,SAN,"San Diego, United States",US,2026-09-27,0,https://www.aviasales.com/search/PHX2709SAN1?marker=741311
2,23,USD,SAN,LAS,"Las Vegas, United States",US,2026-09-17,0,https://www.aviasales.com/search/SAN1709LAS1?marker=741311
3,23,USD,SFO,LAX,"Los Angeles, United States",US,2026-09-17,0,https://www.aviasales.com/search/SFO1709LAX1?marker=741311
4,23,USD,SAN,SFO,"San Francisco, United States",US,2026-09-09,0,https://www.aviasales.com/search/SAN0909SFO1?marker=741311
5,24,USD,SAN,PHX,"Phoenix, United States",US,2026-09-26,0,https://www.aviasales.com/search/SAN2609PHX1?marker=741311
6,24,USD,TPA,ATL,"Atlanta, United States",US,2026-09-24,0,https://www.aviasales.com/search/TPA2409ATL1?marker=741311
7,26,USD,ATL,ORL,"Orlando, United States",US,2026-08-25,0,https://www.aviasales.com/search/ATL2508ORL1?marker=741311
8,27,USD,SFO,ONT,"Ontario, United States",US,2026-09-14,0,https://www.aviasales.com/search/SFO1409ONT1?marker=741311
9,28,USD,ORD,FLL,"Fort Lauderdale, United States",US,2026-09-02,0,https://www.aviasales.com/search/ORD0209FLL1?marker=741311
10,30,USD,LAX,DEN,"Denver, United States",US,2026-09-11,0,https://www.aviasales.com/search/LAX1109DEN1?marker=741311
11,34,USD,ATL,MSY,"New Orleans, United States",US,2026-09-16,0,https://www.aviasales.com/search/ATL1609MSY1?marker=741311
12,35,USD,BNA,CHI,"Chicago, United States",US,2026-09-03,0,https://www.aviasales.com/search/BNA0309CHI1?marker=741311
13,35,USD,DEN,MSP,"Minneapolis, United States",US,2026-11-04,0,https://www.aviasales.com/search/DEN0411MSP1?marker=741311
14,36,USD,ATL,MIA,"Miami, United States",US,2026-09-06,0,https://www.aviasales.com/search/ATL0609MIA1?marker=741311
15,36,USD,MCO,RDU,"Raleigh, United States",US,2026-08-29,0,https://www.aviasales.com/search/MCO2908RDU1?marker=741311
16,37,USD,ATL,JAX,"Jacksonville, United States",US,2026-08-22,0,https://www.aviasales.com/search/ATL2208JAX1?marker=741311
17,38,USD,ATL,HOU,"Houston, United States",US,2026-09-05,0,https://www.aviasales.com/search/ATL0509HOU1?marker=741311
18,38,USD,LAS,SLC,"Salt Lake City, United States",US,2026-10-23,0,https://www.aviasales.com/search/LAS2310SLC1?marker=741311
19,39,USD,FLL,TPA,"Tampa, United States",US,2026-09-09,0,https://www.aviasales.com/search/FLL0909TPA1?marker=741311
20,39,USD,FLL,SWF,"Newburgh, United States",US,2026-09-03,0,https://www.aviasales.com/search/FLL0309SWF1?marker=741311
21,39,USD,LAX,SEA,"Seattle, United States",US,2026-09-22,0,https://www.aviasales.com/search/LAX2209SEA1?marker=741311
22,41,USD,ATL,CLE,"Cleveland, United States",US,2026-08-18,0,https://www.aviasales.com/search/ATL1808CLE1?marker=741311
23,43,USD,MCO,WAS,"Washington, United States",US,2026-10-31,0,https://www.aviasales.com/search/MCO3110WAS1?marker=741311
24,44,USD,AUS,DSM,"Des Moines, United States",US,2026-09-03,0,https://www.aviasales.com/search/AUS0309DSM1?marker=741311
25,45,USD,ATL,BWI,"Baltimore, United States",US,2026-08-31,0,https://www.aviasales.com/search/ATL3108BWI1?marker=741311
26,45,USD,ATL,CVG,"Cincinnati, United States",US,2026-08-13,0,https://www.aviasales.com/search/ATL1308CVG1?marker=741311
27,47,USD,LAX,YVR,"Vancouver, Canada",CA,2026-09-27,1,https://www.aviasales.com/search/LAX2709YVR1?marker=741311
28,49,USD,TPA,ROC,"Rochester, United States",US,2026-09-12,0,https://www.aviasales.com/search/TPA1209ROC1?marker=741311
29,50,USD,ATL,PHL,"Philadelphia, United States",US,2026-10-04,0,https://www.aviasales.com/search/ATL0410PHL1?marker=741311
30,52,USD,IAD,AVL,"Asheville, United States",US,2026-11-19,0,https://www.aviasales.com/search/IAD1911AVL1?marker=741311
31,53,USD,MCO,CMH,"Columbus, United States",US,2026-09-08,1,https://www.aviasales.com/search/MCO0809CMH1?marker=741311
32,54,USD,MCO,PNS,"Pensacola, United States",US,2026-08-15,0,https://www.aviasales.com/search/MCO1508PNS1?marker=741311
33,57,USD,IAD,SAV,"Savannah, United States",US,2026-08-13,0,https://www.aviasales.com/search/IAD1308SAV1?marker=741311
34,57,USD,LAS,SJC,"San Jose, United States",US,2026-11-02,0,https://www.aviasales.com/search/LAS0211SJC1?marker=741311
35,58,USD,MCO,NYC,"New York, United States",US,2026-09-14,0,https://www.aviasales.com/search/MCO1409NYC1?marker=741311
36,60,USD,MCO,BUF,"Buffalo, United States",US,2026-09-17,0,https://www.aviasales.com/search/MCO1709BUF1?marker=741311
37,60,USD,DEN,ELP,"El Paso, United States",US,2026-09-23,0,https://www.aviasales.com/search/DEN2309ELP1?marker=741311
38,60,USD,PHX,SCK,"Stockton, United States",US,2026-09-21,0,https://www.aviasales.com/search/PHX2109SCK1?marker=741311
39,61,USD,DFW,IND,"Indianapolis, United States",US,2026-08-31,1,https://www.aviasales.com/search/DFW3108IND1?marker=741311
40,63,USD,ORD,STL,"St Louis, United States",US,2026-09-11,0,https://www.aviasales.com/search/ORD1109STL1?marker=741311
41,63,USD,BNA,FSD,"Sioux Falls, United States",US,2026-08-31,0,https://www.aviasales.com/search/BNA3108FSD1?marker=741311
42,63,USD,LAS,FAT,"Fresno, United States",US,2026-08-17,0,https://www.aviasales.com/search/LAS1708FAT1?marker=741311
43,63,USD,PHX,SOW,"Show Low, United States",US,2026-09-26,0,https://www.aviasales.com/search/PHX2609SOW1?marker=741311
44,64,USD,MIA,SJU,"San Juan, Puerto Rico",PR,2026-09-28,0,https://www.aviasales.com/search/MIA2809SJU1?marker=741311
45,65,USD,IAD,DFW,"Dallas, United States",US,2026-08-29,0,https://www.aviasales.com/search/IAD2908DFW1?marker=741311
46,68,USD,ATL,DTT,"Detroit, United States",US,2026-08-26,0,https://www.aviasales.com/search/ATL2608DTT1?marker=741311
47,68,USD,ATL,HVN,"New Haven, United States",US,2026-08-27,0,https://www.aviasales.com/search/ATL2708HVN1?marker=741311
48,68,USD,SAN,OAK,"Oakland, United States",US,2026-09-08,0,https://www.aviasales.com/search/SAN0809OAK1?marker=741311
49,68,USD,TPA,TYS,"Knoxville, United States",US,2026-08-24,0,https://www.aviasales.com/search/TPA2408TYS1?marker=741311
50,69,USD,LAX,SAC,"Sacramento, United States",US,2026-08-28,0,https://www.aviasales.com/search/LAX2808SAC1?marker=741311
51,69,USD,TPA,EYW,"Key West, United States",US,2026-08-13,0,https://www.aviasales.com/search/TPA1308EYW1?marker=741311
52,70,USD,DEN,AUS,"Austin, United States",US,2026-12-03,0,https://www.aviasales.com/search/DEN0312AUS1?marker=741311
53,70,USD,FLL,TLH,"Tallahassee, United States",US,2026-09-13,0,https://www.aviasales.com/search/FLL1309TLH1?marker=741311
54,71,USD,SFO,PDX,"Portland, United States",US,2026-09-14,0,https://www.aviasales.com/search/SFO1409PDX1?marker=741311
55,72,USD,DCA,BOS,"Boston, United States",US,2026-08-24,0,https://www.aviasales.com/search/DCA2408BOS1?marker=741311
56,72,USD,MCO,MKC,"Kansas City, United States",US,2026-08-26,1,https://www.aviasales.com/search/MCO2608MKC1?marker=741311
57,75,USD,FLL,CLT,"Charlotte, United States",US,2026-08-24,0,https://www.aviasales.com/search/FLL2408CLT1?marker=741311
58,75,USD,FLL,YTO,"Toronto, Canada",CA,2026-10-12,0,https://www.aviasales.com/search/FLL1210YTO1?marker=741311
59,76,USD,LAX,RNO,"Reno, United States",US,2026-08-29,1,https://www.aviasales.com/search/LAX2908RNO1?marker=741311
60,77,USD,TPA,SDF,"Louisville, United States",US,2026-08-29,1,https://www.aviasales.com/search/TPA2908SDF1?marker=741311
61,77,USD,IAD,PIT,"Pittsburgh, United States",US,2026-09-10,1,https://www.aviasales.com/search/IAD1009PIT1?marker=741311
62,79,USD,SAN,BOI,"Boise, United States",US,2026-09-24,0,https://www.aviasales.com/search/SAN2409BOI1?marker=741311
63,81,USD,BOS,YYC,"Calgary, Canada",CA,2026-10-10,0,https://www.aviasales.com/search/BOS1010YYC1?marker=741311
64,81,USD,LAS,SAT,"San Antonio, United States",US,2026-10-30,0,https://www.aviasales.com/search/LAS3010SAT1?marker=741311
65,81,USD,LAS,BZN,"Bozeman, United States",US,2026-08-23,0,https://www.aviasales.com/search/LAS2308BZN1?marker=741311
66,81,USD,AUS,MTY,"Monterrey, Mexico",MX,2026-09-02,0,https://www.aviasales.com/search/AUS0209MTY1?marker=741311
67,84,USD,JFK,BNA,"Nashville, United States",US,2026-08-18,0,https://www.aviasales.com/search/JFK1808BNA1?marker=741311
68,85,USD,ATL,MYR,"Myrtle Beach, United States",US,2026-08-26,1,https://www.aviasales.com/search/ATL2608MYR1?marker=741311
69,85,USD,MCO,ISP,"Islip, United States",US,2026-08-26,0,https://www.aviasales.com/search/MCO2608ISP1?marker=741311
70,86,USD,DFW,MEM,"Memphis, United States",US,2026-08-31,1,https://www.aviasales.com/search/DFW3108MEM1?marker=741311
71,86,USD,SEA,LGB,"Long Beach, United States",US,2026-09-09,0,https://www.aviasales.com/search/SEA0909LGB1?marker=741311
72,87,USD,MIA,NAS,"Nassau, Bahamas",BS,2026-09-28,0,https://www.aviasales.com/search/MIA2809NAS1?marker=741311
73,87,USD,IAH,MLM,"Morelia, Mexico",MX,2026-09-10,0,https://www.aviasales.com/search/IAH1009MLM1?marker=741311
74,89,USD,BOS,AUG,"Augusta, United States",US,2026-08-11,0,https://www.aviasales.com/search/BOS1108AUG1?marker=741311
75,89,USD,BOS,RUT,"Rutland, United States",US,2026-08-11,0,https://www.aviasales.com/search/BOS1108RUT1?marker=741311
76,90,USD,LAS,MEX,"Mexico City, Mexico",MX,2026-11-12,0,https://www.aviasales.com/search/LAS1211MEX1?marker=741311
77,90,USD,BNA,RIC,"Richmond, United States",US,2026-08-06,0,https://www.aviasales.com/search/BNA0608RIC1?marker=741311
78,91,USD,FLL,BDL,"Hartford, United States",US,2026-08-25,1,https://www.aviasales.com/search/FLL2508BDL1?marker=741311
79,93,USD,IAH,BJX,"Leon/Guanajuato, Mexico",MX,2026-08-17,0,https://www.aviasales.com/search/IAH1708BJX1?marker=741311
80,93,USD,ORD,BRL,"Burlington, United States",US,2026-08-10,0,https://www.aviasales.com/search/ORD1008BRL1?marker=741311
81,93,USD,LAX,MCE,"Merced, United States",US,2026-08-16,0,https://www.aviasales.com/search/LAX1608MCE1?marker=741311
82,94,USD,BOS,YMQ,"Montreal, Canada",CA,2026-08-28,1,https://www.aviasales.com/search/BOS2808YMQ1?marker=741311
83,95,USD,LAX,GDL,"Guadalajara, Mexico",MX,2026-08-29,0,https://www.aviasales.com/search/LAX2908GDL1?marker=741311
84,96,USD,SFO,PAE,"Everett, United States",US,2026-10-19,0,https://www.aviasales.com/search/SFO1910PAE1?marker=741311
85,96,USD,ORD,EAU,"Eau Claire, United States",US,2026-08-24,0,https://www.aviasales.com/search/ORD2408EAU1?marker=741311
86,98,USD,SFO,PSP,"Palm Springs, United States",US,2026-09-12,0,https://www.aviasales.com/search/SFO1209PSP1?marker=741311
87,99,USD,DCA,GSP,"Greenville, United States",US,2026-08-25,0,https://www.aviasales.com/search/DCA2508GSP1?marker=741311
88,99,USD,AUS,MID,"Merida, Mexico",MX,2026-11-27,1,https://www.aviasales.com/search/AUS2711MID1?marker=741311
89,100,USD,MCO,MKE,"Milwaukee, United States",US,2026-09-01,0,https://www.aviasales.com/search/MCO0109MKE1?marker=741311
90,100,USD,LAX,TUS,"Tucson, United States",US,2027-01-30,0,https://www.aviasales.com/search/LAX3001TUS1?marker=741311
91,101,USD,ORD,ORF,"Norfolk, United States",US,2026-08-19,1,https://www.aviasales.com/search/ORD1908ORF1?marker=741311
92,101,USD,LAS,OKC,"Oklahoma City, United States",US,2026-10-01,0,https://www.aviasales.com/search/LAS0110OKC1?marker=741311
93,102,USD,AUS,CUN,"Cancun, Mexico",MX,2026-09-28,1,https://www.aviasales.com/search/AUS2809CUN1?marker=741311
94,105,USD,LAX,ABQ,"Albuquerque, United States",US,2026-09-01,0,https://www.aviasales.com/search/LAX0109ABQ1?marker=741311
95,106,USD,LAX,CHS,"Charleston, United States",US,2026-08-22,0,https://www.aviasales.com/search/LAX2208CHS1?marker=741311
96,106,USD,ORD,ATW,"Appleton, United States",US,2026-08-14,0,https://www.aviasales.com/search/ORD1408ATW1?marker=741311
97,107,USD,BOS,BDA,"Bermuda, Bermuda",BM,2026-09-26,1,https://www.aviasales.com/search/BOS2609BDA1?marker=741311
98,107,USD,FLL,BHM,"Birmingham, United States",US,2026-08-10,0,https://www.aviasales.com/search/FLL1008BHM1?marker=741311
99,109,USD,MIA,PUJ,"Punta Cana, Dominican Republic",DO,2027-01-20,0,https://www.aviasales.com/search/MIA2001PUJ1?marker=741311
100,109,USD,ORD,PIA,"Peoria, United States",US,2026-08-14,0,https://www.aviasales.com/search/ORD1408PIA1?marker=741311
101,110,USD,MIA,SDQ,"Santo Domingo, Dominican Republic",DO,2026-10-01,0,https://www.aviasales.com/search/MIA0110SDQ1?marker=741311
102,111,USD,JFK,SYR,"Syracuse, United States",US,2026-08-28,1,https://www.aviasales.com/search/JFK2808SYR1?marker=741311
103,111,USD,JFK,HYA,"Hyannis, United States",US,2026-08-15,0,https://www.aviasales.com/search/JFK1508HYA1?marker=741311
104,113,USD,DEN,FAR,"Fargo, United States",US,2026-08-21,0,https://www.aviasales.com/search/DEN2108FAR1?marker=741311
105,114,USD,DCA,PBI,"West Palm Beach, United States",US,2026-08-31,0,https://www.aviasales.com/search/DCA3108PBI1?marker=741311
106,114,USD,JFK,PWM,"Portland, United States",US,2026-10-28,0,https://www.aviasales.com/search/JFK2810PWM1?marker=741311
107,114,USD,MCO,PVD,"Providence, United States",US,2026-09-19,1,https://www.aviasales.com/search/MCO1909PVD1?marker=741311
108,114,USD,MIA,HSV,"Huntsville, United States",US,2026-09-10,1,https://www.aviasales.com/search/MIA1009HSV1?marker=741311
109,115,USD,SEA,GEG,"Spokane, United States",US,2026-09-17,1,https://www.aviasales.com/search/SEA1709GEG1?marker=741311
110,116,USD,DEN,MTJ,"Montrose, United States",US,2026-08-13,0,https://www.aviasales.com/search/DEN1308MTJ1?marker=741311
111,116,USD,IAD,SCE,"State College, United States",US,2026-08-13,0,https://www.aviasales.com/search/IAD1308SCE1?marker=741311
112,117,USD,IAD,PLS,"Providenciales, Turks and Caicos Islands",TC,2026-10-22,1,https://www.aviasales.com/search/IAD2210PLS1?marker=741311
113,118,USD,JFK,OMA,"Omaha, United States",US,2026-09-11,1,https://www.aviasales.com/search/JFK1109OMA1?marker=741311
114,118,USD,ORD,LEX,"Lexington, United States",US,2026-08-14,0,https://www.aviasales.com/search/ORD1408LEX1?marker=741311
115,119,USD,RDU,FMY,"Fort Myers, United States",US,2026-08-13,0,https://www.aviasales.com/search/RDU1308FMY1?marker=741311
116,120,USD,IAH,PBC,"Puebla, Mexico",MX,2026-08-23,1,https://www.aviasales.com/search/IAH2308PBC1?marker=741311
117,121,USD,ORD,SRQ,"Sarasota, United States",US,2026-08-24,0,https://www.aviasales.com/search/ORD2408SRQ1?marker=741311
118,121,USD,SEA,ALW,"Walla Walla, United States",US,2026-09-01,0,https://www.aviasales.com/search/SEA0109ALW1?marker=741311
119,122,USD,IAH,GRR,"Grand Rapids, United States",US,2026-10-31,1,https://www.aviasales.com/search/IAH3110GRR1?marker=741311
120,122,USD,JFK,BAQ,"Barranquilla, Colombia",CO,2026-11-17,1,https://www.aviasales.com/search/JFK1711BAQ1?marker=741311
121,123,USD,JFK,DAB,"Daytona Beach, United States",US,2026-09-21,1,https://www.aviasales.com/search/JFK2109DAB1?marker=741311
122,123,USD,SAN,SBA,"Santa Barbara, United States",US,2026-08-08,0,https://www.aviasales.com/search/SAN0808SBA1?marker=741311
123,124,USD,MCO,QRO,"Queretaro, Mexico",MX,2026-11-19,1,https://www.aviasales.com/search/MCO1911QRO1?marker=741311
124,124,USD,ORD,MKG,"Muskegon, United States",US,2026-08-12,0,https://www.aviasales.com/search/ORD1208MKG1?marker=741311
125,125,USD,LAX,SJD,"San Jose Del Cabo, Mexico",MX,2026-09-01,1,https://www.aviasales.com/search/LAX0109SJD1?marker=741311
126,125,USD,MCO,PSE,"Ponce, Puerto Rico",PR,2026-08-17,0,https://www.aviasales.com/search/MCO1708PSE1?marker=741311
127,126,USD,SEA,YWG,"Winnipeg, Canada",CA,2026-08-22,2,https://www.aviasales.com/search/SEA2208YWG1?marker=741311
128,127,USD,JFK,GEO,"Georgetown, Guyana",GY,2026-11-05,0,https://www.aviasales.com/search/JFK0511GEO1?marker=741311
129,127,USD,MIA,MDE,"Medellin, Colombia",CO,2026-09-25,1,https://www.aviasales.com/search/MIA2509MDE1?marker=741311
130,127,USD,JFK,GUA,"Guatemala City, Guatemala",GT,2026-11-01,1,https://www.aviasales.com/search/JFK0111GUA1?marker=741311
131,127,USD,IAH,ZIH,"Ixtapa, Mexico",MX,2026-10-07,1,https://www.aviasales.com/search/IAH0710ZIH1?marker=741311
132,128,USD,IAH,BTR,"Baton Rouge, United States",US,2026-08-13,0,https://www.aviasales.com/search/IAH1308BTR1?marker=741311
133,129,USD,DEN,JAC,"Jackson, United States",US,2026-08-08,0,https://www.aviasales.com/search/DEN0808JAC1?marker=741311
134,130,USD,MCO,MSN,"Madison, United States",US,2026-08-15,0,https://www.aviasales.com/search/MCO1508MSN1?marker=741311
135,132,USD,IAD,ROA,"Roanoke, United States",US,2026-08-11,0,https://www.aviasales.com/search/IAD1108ROA1?marker=741311
136,132,USD,ORD,GRB,"Green Bay, United States",US,2026-08-09,0,https://www.aviasales.com/search/ORD0908GRB1?marker=741311
137,134,USD,TPA,SAP,"San Pedro Sula, Honduras",HN,2026-11-02,2,https://www.aviasales.com/search/TPA0211SAP1?marker=741311
138,134,USD,LAX,STS,"Santa Rosa, United States",US,2026-12-28,0,https://www.aviasales.com/search/LAX2812STS1?marker=741311
139,135,USD,DFW,LIT,"Little Rock, United States",US,2026-08-19,1,https://www.aviasales.com/search/DFW1908LIT1?marker=741311
140,135,USD,TPA,GPT,"Gulfport, United States",US,2026-08-14,0,https://www.aviasales.com/search/TPA1408GPT1?marker=741311
141,136,USD,IAD,CKB,"Clarksburg, United States",US,2026-08-13,0,https://www.aviasales.com/search/IAD1308CKB1?marker=741311
142,137,USD,FLL,SXM,"Sint Maarten, Sint Maarten",SX,2026-09-18,0,https://www.aviasales.com/search/FLL1809SXM1?marker=741311
143,137,USD,DFW,MLB,"Melbourne, United States",US,2026-09-01,2,https://www.aviasales.com/search/DFW0109MLB1?marker=741311
144,137,USD,DFW,HOT,"Hot Springs, United States",US,2026-08-16,0,https://www.aviasales.com/search/DFW1608HOT1?marker=741311
145,137,USD,ORD,DAY,"Dayton, United States",US,2026-08-09,0,https://www.aviasales.com/search/ORD0908DAY1?marker=741311
146,139,USD,SFO,EUG,"Eugene, United States",US,2026-08-06,0,https://www.aviasales.com/search/SFO0608EUG1?marker=741311
147,141,USD,ORD,ALB,"Albany, United States",US,2026-09-01,0,https://www.aviasales.com/search/ORD0109ALB1?marker=741311
148,142,USD,JFK,ROM,"Rome, Italy",IT,2026-10-20,0,https://www.aviasales.com/search/JFK2010ROM1?marker=741311
149,142,USD,DFW,TUL,"Tulsa, United States",US,2026-08-09,0,https://www.aviasales.com/search/DFW0908TUL1?marker=741311
150,144,USD,JFK,KIN,"Kingston, Jamaica",JM,2026-12-02,1,https://www.aviasales.com/search/JFK0212KIN1?marker=741311
151,145,USD,JFK,MBJ,"Montego Bay, Jamaica",JM,2026-09-13,0,https://www.aviasales.com/search/JFK1309MBJ1?marker=741311
152,145,USD,MIA,LIM,"Lima, Peru",PE,2026-09-13,1,https://www.aviasales.com/search/MIA1309LIM1?marker=741311
153,145,USD,JFK,VPS,"Fort Walton Beach, United States",US,2026-08-19,1,https://www.aviasales.com/search/JFK1908VPS1?marker=741311
154,145,USD,LAS,PGA,"Page, United States",US,2026-08-13,0,https://www.aviasales.com/search/LAS1308PGA1?marker=741311
155,146,USD,BOS,STI,"Santiago, Dominican Republic",DO,2026-08-23,1,https://www.aviasales.com/search/BOS2308STI1?marker=741311
156,146,USD,SFO,BOG,"Bogota, Colombia",CO,2026-08-29,1,https://www.aviasales.com/search/SFO2908BOG1?marker=741311
157,144,USD,ORD,SLP,"San Luis Potosi, Mexico",MX,2026-08-21,1,https://www.aviasales.com/search/ORD2108SLP1?t=Y417873201401787351460000582ORDGDLSLP_fcb1b8a725e42d43db44ba1679c504b3_11661&search_date=05082026&expected_price_uuid=019fd405-2b28-8040-2368-e92153efa40e&static_fare_key=TY%7CP0%7CH0%7CL0%7CCH0%7CR0%7CTBC0&itinerary_key=UexchyiknWq5eOPzVCStag&origin_airports=0&expected_price_source=share&expected_price_currency=usd&expected_price=144&marker=741311
158,145,USD,MIA,HAV,"Havana, Cuba",CU,2026-09-06,1,https://www.aviasales.com/search/MIA0609HAV1?t=AM17886744001788710400000600MIAMEXHAV_c0ff7fe885b063df87ce2347bf866afa_11752&search_date=05082026&expected_price_uuid=019fd394-031f-8040-255b-0d679809aaca&static_fare_key=TY%7CP0%7CH1%7CL0%7CCH0%7CR0%7CTBC0&itinerary_key=TtzbyDHX0tmQUylvTd_fMQ&expected_price_source=share&expected_price_currency=usd&expected_price=145&marker=741311
159,146,USD,LAX,HMO,"Hermosillo, Mexico",MX,2026-08-21,1,https://www.aviasales.com/search/LAX2108HMO1?t=Y417873419201787382360000674LAXGDLHMO_33d85d187af60508a7c7140af174c7ad_11797&search_date=04082026&expected_price_uuid=019fcd7e-6d18-8040-6917-7035919a0952&static_fare_key=TY%7CP0%7CH0%7CL0%7CCH0%7CR0%7CTBC0&itinerary_key=7Nt5L3pl4rVtddWrRUqifw&expected_price_source=share&expected_price_currency=usd&expected_price=146&marker=741311
160,146,USD,PHX,COS,"Colorado Springs, United States",US,2026-10-26,0,https://www.aviasales.com/search/PHX2610COS1?t=WN17930007001793010600000105PHXCOS_f718a4a78d8b29ab45381ed486cd8eee_11809&search_date=04082026&expected_price_uuid=019fcdd9-c346-8051-22b3-193f65efe007&static_fare_key=TY%7CP1%7CH1%7CL0%7CCH0%7CR0%7CTBC0&itinerary_key=GcHAc3Sd6Wywzgea848hFw&expected_price_source=share&expected_price_currency=usd&expected_price=146&marker=741311
161,146,USD,PDX,LIH,"Kauai Island, United States",US,2026-09-01,1,https://www.aviasales.com/search/PDX0109LIH1?t=AS17882550001788290580000773PDXSEALIH_212198108f70d15b7168bff554596900_11690&search_date=03082026&expected_price_uuid=019fc864-88ca-8040-ae36-8b79154ca339&static_fare_key=TY%7CP0%7CH1%7CL0%7CCH0%7CR0%7CTBC0&itinerary_key=1t6uJQ_YgS4h6aRO0pg0jw&expected_price_source=share&expected_price_currency=usd&expected_price=146&marker=741311
162,148,USD,LAX,HNL,"Honolulu, United States",US,2026-09-20,0,https://www.aviasales.com/search/LAX2009HNL1?t=AS17899343401789944960000357LAXHNL_fd7fa7fc6709823c77eba56c7b67f249_11731&search_date=02082026&expected_price_uuid=019fc117-8217-8040-20c3-708c8891c97b&static_fare_key=TY%7CP0%7CH1%7CL0%7CCH0%7CR0%7CTBC0&itinerary_key=K7tblh_TBlqAA51som2JlQ&expected_price_source=share&expected_price_currency=usd&expected_price=148&marker=741311
163,148,USD,MCO,ORH,"Worcester, United States",US,2026-09-01,1,https://www.aviasales.com/search/MCO0109ORH1?t=B617882565001788277920000357MCOFLLORH_0b42aeac8915ea7f4a7add3a664766a1_11873&search_date=03082026&expected_price_uuid=019fc834-7ce3-8040-6d38-ab54732ba613&static_fare_key=TY%7CP0%7CH1%7CL0%7CCH0%7CR0%7CTBC0&itinerary_key=yPSlpAQct5-m-vlqU0KyHA&origin_airports=0&expected_price_source=share&expected_price_currency=usd&expected_price=148&marker=741311
164,148,USD,FLL,PGD,"Punta Gorda, United States",US,2026-08-13,1,https://www.aviasales.com/search/FLL1308PGD1?t=G417866224001786722300001665FLLTYSPGD_4e8ea0fd3c2ca3bd304c2f9efdf40c1f_11804&search_date=03082026&expected_price_uuid=019fc758-b640-8030-2770-fa6a30bf1de8&static_fare_key=TY%7CP0%7CH1%7CL0%7CCH0%7CR0%7CTBC0&itinerary_key=jQXwW8x5iJGM6AflGQjayg&expected_price_source=share&expected_price_currency=usd&expected_price=148&marker=741311
165,149,USD,JFK,ATH,"Athens, Greece",GR,2026-10-18,0,https://www.aviasales.com/search/JFK1810ATH1?t=N017922825001792340400000545JFKATH_16c3507923505c2ab706375cd215c364_11799&search_date=31072026&expected_price_uuid=019fb999-0d2c-8030-2f7c-fb767a84475b&static_fare_key=TY%7CP0%7CH1%7CL0%7CCH0%7CR0%7CTBC0&itinerary_key=v-s4WO5gB0tX2suCsM3hKg&origin_airports=0&expected_price_source=share&expected_price_currency=usd&expected_price=149&marker=741311
166,149,USD,IAH,HRL,"Harlingen, United States",US,2026-08-18,1,https://www.aviasales.com/search/IAH1808HRL1?t=AA17870328001787047440000244IAHDFWHRL_a3e2a2ea90723ddd88a0c689854cdc4f_11820&search_date=02082026&expected_price_uuid=019fc4bd-abc5-8030-2a3b-95711654d116&static_fare_key=TY%7CP0%7CH0%7CL0%7CCH0%7CR0%7CTBC0&itinerary_key=0jbpoBW7YOtV78yWoBMl2Q&origin_airports=0&expected_price_source=share&expected_price_currency=usd&expected_price=149&marker=741311
167,153,USD,LAX,TIJ,"Tijuana, Mexico",MX,2026-08-08,1,https://www.aviasales.com/search/LAX0808TIJ1?t=Y417862015001786239840000639LAXGDLTIJ_bafd836a8f1c3f462cf86d3c59810164_12095&search_date=02082026&expected_price_uuid=019fc2c6-1a98-8040-6e3c-6060cfbd4d46&static_fare_key=TY%7CP0%7CH0%7CL0%7CCH0%7CR0%7CTBC0&itinerary_key=SLBsQu6HBOT9CTLEdfwXOA&expected_price_source=share&expected_price_currency=usd&expected_price=152&marker=741311
168,152,USD,DFW,PVR,"Puerto Vallarta, Mexico",MX,2026-08-22,3,https://www.aviasales.com/search/DFW2208PVR1?t=Y417874287401787484960000997DFWQROTIJGDLPVR_f8a3dda0722f0853d0d77bb9a7b6a901_12044&search_date=02082026&expected_price_uuid=019fc4de-295e-8030-2281-b6f9d88a6e8c&static_fare_key=TY%7CP0%7CH0%7CL0%7CCH0%7CR0%7CTBC0&itinerary_key=RHUOwSZrVZyO8bWm85sV-w&expected_price_source=share&expected_price_currency=usd&expected_price=152&marker=741311
169,153,USD,PHX,GCN,"Grand Canyon, United States",US,2026-08-14,0,https://www.aviasales.com/search/PHX1408GCN1?t=AA17867020801786705860000063PHXFLG_06fe5c14a0fd712d776bd6d4c11f69bc_12331&search_date=04082026&expected_price_uuid=019fced4-1f7e-8030-6c76-e8cd66759539&static_fare_key=TY%7CP0%7CH1%7CL0%7CCH0%7CR0%7CTBC0&itinerary_key=4KIoH0vvuKl8AhAhbqRBMg&expected_price_source=share&expected_price_currency=usd&expected_price=153&marker=741311
170,153,USD,CLT,CHA,"Chattanooga, United States",US,2026-08-15,0,https://www.aviasales.com/search/CLT1508CHA1?t=AA17868219001786827120000087CLTCHA_a99a44b68ec3c601787675a34dce5dbb_12336&search_date=05082026&expected_price_uuid=019fcf77-7e0b-8030-66f1-d58dca6aaee2&static_fare_key=TY%7CP0%7CH1%7CL0%7CCH0%7CR0%7CTBC0&itinerary_key=5wzU0GvUdF0eZP2BKzUQtw&expected_price_source=share&expected_price_currency=usd&expected_price=153&marker=741311
171,153,USD,ORD,CTG,"Cartagena, Colombia",CO,2026-11-02,1,https://www.aviasales.com/search/ORD0211CTG1?t=CM17936287801793693700001022ORDPTYCTG_562406dc220d9a7816841b7046d0546c_12390&search_date=05082026&expected_price_uuid=019fd379-1dd2-8030-661b-90e08c1a95fa&static_fare_key=TY%7CP1%7CH1%7CL0%7CCH0%7CR0%7CTBC0&itinerary_key=ZivAxjppSiSgKdpef-pt9g&origin_airports=0&expected_price_source=share&expected_price_currency=usd&expected_price=153&marker=741311
172,153,USD,ORD,MLI,"Moline, United States",US,2026-08-15,0,https://www.aviasales.com/search/ORD1508MLI1?t=AA17868348001786838880000068ORDMLI_2b735c763c3f3bdef67ee37de9cc3c61_12336&search_date=05082026&expected_price_uuid=019fcfe0-d788-8030-e6c7-a7292ca922a6&static_fare_key=TY%7CP0%7CH1%7CL0%7CCH0%7CR0%7CTBC0&itinerary_key=qfcgfHNkDN0hR9NIvAOtwg&origin_airports=0&expected_price_source=share&expected_price_currency=usd&expected_price=153&marker=741311
173,153,USD,MCO,MVY,"Martha's Vineyard, United States",US,2026-09-05,1,https://www.aviasales.com/search/MCO0509MVY1?t=B617885978401788617940000335MCODCAMVY_d37c821ea705c9d87dc991652461c16e_12119&search_date=03082026&expected_price_uuid=019fc4eb-d545-8040-62cd-1c80a7719d8b&static_fare_key=TY%7CP0%7CH1%7CL0%7CCH0%7CR0%7CTBC0&itinerary_key=k53sKgXjaA6siMmXh6uifA&origin_airports=0&expected_price_source=share&expected_price_currency=usd&expected_price=153&marker=741311
174,155,USD,FLL,SJO,"San Jose, Costa Rica",CR,2026-09-08,0,https://www.aviasales.com/search/FLL0809SJO1?t=B617888688001788872220000177FLLSJO_8933847323d2d8c1a44a30f873502362_12286&search_date=01082026&expected_price_uuid=019fbe3d-de3c-8040-620e-a01a6eae32be&static_fare_key=TY%7CP0%7CH0%7CL0%7CCH0%7CR0%7CTBC0&itinerary_key=yVXyVPO4QtZt09TqlR1X4Q&expected_price_source=share&expected_price_currency=usd&expected_price=155&marker=741311
175,155,USD,IAH,BFL,"Bakersfield, United States",US,2026-09-15,1,https://www.aviasales.com/search/IAH1509BFL1?t=UA17894571001789472400000375IAHLAXBFL_7c9d3ddd5ecbbc012dc07e601f48c8fa_12286&search_date=01082026&expected_price_uuid=019fbb03-63ce-8040-6e89-3c32a6f93ebe&static_fare_key=TY%7CP0%7CH0%7CL0%7CCH0%7CR0%7CTBC0&itinerary_key=5fFP3DTGbEzFRm64Wcmm4g&origin_airports=0&expected_price_source=share&expected_price_currency=usd&expected_price=155&marker=741311
176,156,USD,MIA,STT,"Saint Thomas, U.S. Virgin Islands",VI,2026-09-22,1,https://www.aviasales.com/search/MIA2209STT1?t=F917901198001790172060000871MIASJUSTT_ae054e1443dac981e9e8bf17f5572067_12650&search_date=06082026&expected_price_uuid=019fd52e-0c5c-8050-aa90-f500949e801b&static_fare_key=TY%7CP1%7CH0%7CL0%7CCH0%7CR0%7CTBC0&itinerary_key=HMvjMF748oPJb-HSkpBkFw&expected_price_source=share&expected_price_currency=usd&expected_price=156&marker=741311
177,158,USD,SFO,KOA,"Kailua-Kona, United States",US,2026-09-23,0,https://www.aviasales.com/search/SFO2309KOA1?t=AS17901468001790155920000332SFOKOA_8326ecd53d11d9c3acb8c16fe1344ec7_12664&search_date=03082026&expected_price_uuid=019fc7af-22bd-8040-abc0-f5678424853d&static_fare_key=TY%7CP0%7CH1%7CL0%7CCH0%7CR0%7CTBC0&itinerary_key=_tClIFdTdCw-9Fl_WbTUNw&expected_price_source=share&expected_price_currency=usd&expected_price=158&marker=741311
178,158,USD,MIA,VRA,"Varadero, Cuba",CU,2026-09-07,0,https://www.aviasales.com/search/MIA0709VRA1?t=AA17887693801788773400000067MIAVRA_baaf581b31783b14ef8bc4447cf57b07_12777&search_date=05082026&expected_price_uuid=019fd391-df0b-8040-a74a-3924c01e6d0a&static_fare_key=TY%7CP0%7CH1%7CL0%7CCH0%7CR0%7CTBC0&itinerary_key=5ttWDMsGrFBgsiAsR7z4gw&expected_price_source=share&expected_price_currency=usd&expected_price=158&marker=741311
179,159,USD,PDX,SGU,"Saint George, United States",US,2026-08-14,1,https://www.aviasales.com/search/PDX1408SGU1?t=UA17867115001786745640000509PDXDENSGU_d8f962a2b6da417db03bbdd91e2fca4a_12809&search_date=05082026&expected_price_uuid=019fd273-3c0e-8040-26a8-43a377e696f9&static_fare_key=TY%7CP0%7CH0%7CL0%7CCH0%7CR0%7CTBC0&itinerary_key=mhLUn557A6M-bx_qwm0DtA&expected_price_source=share&expected_price_currency=usd&expected_price=159&marker=741311
180,161,USD,LAX,OGG,"Kahului, United States",US,2026-09-01,0,https://www.aviasales.com/search/LAX0109OGG1?t=AA17882878201788297540000342LAXOGG_d71ef797d9bfad00cf31cd2d16c937e8_12722&search_date=02082026&expected_price_uuid=019fc4b0-7b80-8030-2006-cc995ff001e4&static_fare_key=TY%7CP0%7CH1%7CL0%7CCH0%7CR0%7CTBC0&itinerary_key=n_rHW3ezhhIz6QJBggEm5Q&expected_price_source=share&expected_price_currency=usd&expected_price=161&marker=741311
181,163,USD,MCO,SBN,"South Bend, United States",US,2026-08-21,2,https://www.aviasales.com/search/MCO2108SBN1?marker=741311
182,164,USD,PHX,ABE,"Allentown, United States",US,2026-09-24,1,https://www.aviasales.com/search/PHX2409ABE1?marker=741311
183,164,USD,ORD,SGF,"Springfield, United States",US,2026-09-09,0,https://www.aviasales.com/search/ORD0909SGF1?marker=741311
184,164,USD,CLT,ILM,"Wilmington, United States",US,2026-08-09,0,https://www.aviasales.com/search/CLT0908ILM1?marker=741311
185,164,USD,ORD,SPI,"Springfield, United States",US,2026-08-09,0,https://www.aviasales.com/search/ORD0908SPI1?marker=741311
186,164,USD,SEA,MFR,"Medford, United States",US,2026-08-14,0,https://www.aviasales.com/search/SEA1408MFR1?marker=741311
187,165,USD,CLT,AGS,"Augusta, United States",US,2026-08-14,0,https://www.aviasales.com/search/CLT1408AGS1?marker=741311
188,165,USD,DCA,CAK,"Akron, United States",US,2026-08-15,0,https://www.aviasales.com/search/DCA1508CAK1?marker=741311
189,165,USD,ORD,MHK,"Manhattan, United States",US,2026-08-11,0,https://www.aviasales.com/search/ORD1108MHK1?marker=741311
190,165,USD,MIA,GNV,"Gainesville, United States",US,2026-08-12,0,https://www.aviasales.com/search/MIA1208GNV1?marker=741311
191,165,USD,PHL,GSO,"Greensboro, United States",US,2026-08-13,0,https://www.aviasales.com/search/PHL1308GSO1?marker=741311
192,165,USD,JFK,AUA,"Oranjestad, Aruba",AW,2026-12-31,0,https://www.aviasales.com/search/JFK3112AUA1?marker=741311
193,165,USD,CLT,SBY,"Salisbury-Ocean City, United States",US,2026-08-12,0,https://www.aviasales.com/search/CLT1208SBY1?marker=741311
194,166,USD,LAX,SAL,"San Salvador, El Salvador",SV,2026-08-16,0,https://www.aviasales.com/search/LAX1608SAL1?marker=741311
195,166,USD,DFW,AEX,"Alexandria, United States",US,2026-08-14,0,https://www.aviasales.com/search/DFW1408AEX1?marker=741311
196,166,USD,MIA,TAM,"Tampico, Mexico",MX,2026-12-12,1,https://www.aviasales.com/search/MIA1212TAM1?marker=741311
197,166,USD,SEA,MSO,"Missoula, United States",US,2026-12-01,0,https://www.aviasales.com/search/SEA0112MSO1?marker=741311
198,166,USD,AUS,VER,"Veracruz, Mexico",MX,2026-09-02,1,https://www.aviasales.com/search/AUS0209VER1?marker=741311
199,167,USD,MIA,LIR,"Liberia, Costa Rica",CR,2026-10-27,0,https://www.aviasales.com/search/MIA2710LIR1?marker=741311
200,167,USD,LAX,PSC,"Pasco, United States",US,2026-08-09,0,https://www.aviasales.com/search/LAX0908PSC1?marker=741311
201,168,USD,IAH,CUU,"Chihuahua, Mexico",MX,2026-08-09,1,https://www.aviasales.com/search/IAH0908CUU1?marker=741311
202,168,USD,ORD,BTV,"Burlington, United States",US,2026-09-09,0,https://www.aviasales.com/search/ORD0909BTV1?marker=741311
203,170,USD,ORD,YXJ,"Fort St John, Canada",CA,2026-09-28,2,https://www.aviasales.com/search/ORD2809YXJ1?marker=741311
204,170,USD,LAX,SHV,"Shreveport, United States",US,2026-08-12,1,https://www.aviasales.com/search/LAX1208SHV1?marker=741311
205,171,USD,MIA,GYE,"Guayaquil, Ecuador",EC,2026-09-05,1,https://www.aviasales.com/search/MIA0509GYE1?marker=741311
206,171,USD,ORD,MWA,"Marion, United States",US,2026-08-10,0,https://www.aviasales.com/search/ORD1008MWA1?marker=741311
207,173,USD,MCO,HAR,"Harrisburg, United States",US,2026-08-20,1,https://www.aviasales.com/search/MCO2008HAR1?marker=741311
208,174,USD,FLL,CLO,"Cali, Colombia",CO,2026-09-19,2,https://www.aviasales.com/search/FLL1909CLO1?marker=741311
209,174,USD,DFW,MIL,"Milan, Italy",IT,2027-01-13,2,https://www.aviasales.com/search/DFW1301MIL1?marker=741311
210,174,USD,DEN,MHT,"Manchester, United States",US,2026-09-05,2,https://www.aviasales.com/search/DEN0509MHT1?marker=741311
211,175,USD,MIA,SAO,"Sao Paulo, Brazil",BR,2026-08-17,1,https://www.aviasales.com/search/MIA1708SAO1?marker=741311
212,175,USD,JFK,BGI,"Bridgetown, Barbados",BB,2026-10-05,0,https://www.aviasales.com/search/JFK0510BGI1?marker=741311
213,176,USD,IAH,TQO,"Tulum, Mexico",MX,2026-12-11,1,https://www.aviasales.com/search/IAH1112TQO1?marker=741311
214,176,USD,DEN,PVU,"Provo, United States",US,2026-08-15,1,https://www.aviasales.com/search/DEN1508PVU1?marker=741311
215,177,USD,DFW,ZCL,"Zacatecas, Mexico",MX,2026-09-05,3,https://www.aviasales.com/search/DFW0509ZCL1?marker=741311
216,177,USD,JFK,GCM,"Georgetown, Cayman Islands",KY,2027-01-06,1,https://www.aviasales.com/search/JFK0601GCM1?marker=741311
217,178,USD,ORD,LBB,"Lubbock, United States",US,2026-09-12,1,https://www.aviasales.com/search/ORD1209LBB1?marker=741311
218,179,USD,ORD,MAD,"Madrid, Spain",ES,2026-09-28,2,https://www.aviasales.com/search/ORD2809MAD1?marker=741311
219,179,USD,PHX,CID,"Cedar Rapids, United States",US,2026-08-13,1,https://www.aviasales.com/search/PHX1308CID1?marker=741311
220,181,USD,DFW,HPN,"Westchester County, United States",US,2026-09-03,2,https://www.aviasales.com/search/DFW0309HPN1?marker=741311
221,181,USD,LAX,LAP,"La Paz, Mexico",MX,2026-08-16,1,https://www.aviasales.com/search/LAX1608LAP1?marker=741311
222,181,USD,IAH,MZT,"Mazatlan, Mexico",MX,2026-09-03,1,https://www.aviasales.com/search/IAH0309MZT1?marker=741311
223,183,USD,JFK,LON,"London, United Kingdom",GB,2026-08-17,0,https://www.aviasales.com/search/JFK1708LON1?marker=741311
224,183,USD,JFK,TIA,"Tirana, Albania",AL,2026-10-15,1,https://www.aviasales.com/search/JFK1510TIA1?marker=741311
225,183,USD,LAX,OAX,"Oaxaca, Mexico",MX,2026-10-25,2,https://www.aviasales.com/search/LAX2510OAX1?marker=741311
226,183,USD,SEA,FYV,"Fayetteville, United States",US,2026-08-27,1,https://www.aviasales.com/search/SEA2708FYV1?marker=741311
227,184,USD,PHX,MRY,"Monterey, United States",US,2026-09-29,1,https://www.aviasales.com/search/PHX2909MRY1?marker=741311
228,184,USD,DEN,EAR,"Kearney, United States",US,2026-08-24,0,https://www.aviasales.com/search/DEN2408EAR1?marker=741311
229,185,USD,ATL,MOB,"Mobile, United States",US,2026-08-12,1,https://www.aviasales.com/search/ATL1208MOB1?marker=741311
230,186,USD,ATL,TGZ,"Tuxtla Gutierrez, Mexico",MX,2026-10-02,1,https://www.aviasales.com/search/ATL0210TGZ1?marker=741311
231,186,USD,DFW,IRK,"Kirksville, United States",US,2026-08-11,0,https://www.aviasales.com/search/DFW1108IRK1?marker=741311
232,187,USD,MIA,PAR,"Paris, France",FR,2026-10-10,0,https://www.aviasales.com/search/MIA1010PAR1?marker=741311
233,190,USD,MCO,UIO,"Quito, Ecuador",EC,2027-01-20,1,https://www.aviasales.com/search/MCO2001UIO1?marker=741311
234,190,USD,SEA,YXS,"Prince George, Canada",CA,2026-08-21,2,https://www.aviasales.com/search/SEA2108YXS1?marker=741311
235,190,USD,TPA,TOL,"Toledo, United States",US,2026-08-20,0,https://www.aviasales.com/search/TPA2008TOL1?marker=741311
236,191,USD,ORD,YCD,"Nanaimo, Canada",CA,2026-08-27,1,https://www.aviasales.com/search/ORD2708YCD1?marker=741311
237,192,USD,DFW,CRP,"Corpus Christi, United States",US,2026-08-09,1,https://www.aviasales.com/search/DFW0908CRP1?marker=741311
238,193,USD,PHL,ANC,"Anchorage, United States",US,2026-08-30,1,https://www.aviasales.com/search/PHL3008ANC1?marker=741311
239,193,USD,ORD,RAP,"Rapid City, United States",US,2026-08-19,0,https://www.aviasales.com/search/ORD1908RAP1?marker=741311
240,195,USD,PHX,MAF,"Midland, United States",US,2026-09-10,1,https://www.aviasales.com/search/PHX1009MAF1?marker=741311
241,196,USD,MIA,SCL,"Santiago, Chile",CL,2026-08-26,1,https://www.aviasales.com/search/MIA2608SCL1?marker=741311
242,196,USD,ORD,FWA,"Fort Wayne, United States",US,2026-08-20,1,https://www.aviasales.com/search/ORD2008FWA1?marker=741311
243,196,USD,JFK,FLO,"Florence, United States",US,2026-09-12,1,https://www.aviasales.com/search/JFK1209FLO1?marker=741311
244,197,USD,PHX,PUB,"Pueblo, United States",US,2026-08-18,1,https://www.aviasales.com/search/PHX1808PUB1?marker=741311
245,198,USD,ORD,DLH,"Duluth, United States",US,2026-09-12,0,https://www.aviasales.com/search/ORD1209DLH1?marker=741311
246,198,USD,PHX,ICT,"Wichita, United States",US,2026-08-14,0,https://www.aviasales.com/search/PHX1408ICT1?marker=741311
247,199,USD,JFK,BCN,"Barcelona, Spain",ES,2026-10-20,1,https://www.aviasales.com/search/JFK2010BCN1?marker=741311
248,199,USD,JFK,CPH,"Copenhagen, Denmark",DK,2026-10-28,1,https://www.aviasales.com/search/JFK2810CPH1?marker=741311
249,199,USD,AUS,PEI,"Pereira, Colombia",CO,2026-08-28,2,https://www.aviasales.com/search/AUS2808PEI1?marker=741311
250,199,USD,LAX,PRC,"Prescott, United States",US,2026-08-21,0,https://www.aviasales.com/search/LAX2108PRC1?marker=741311
251,200,USD,SEA,YQR,"Regina, Canada",CA,2026-08-28,2,https://www.aviasales.com/search/SEA2808YQR1?marker=741311
252,201,USD,FLL,USA,"Concord, United States",US,2026-08-07,1,https://www.aviasales.com/search/FLL0708USA1?marker=741311
253,202,USD,JFK,LCA,"Larnaca, Cyprus",CY,2026-10-15,1,https://www.aviasales.com/search/JFK1510LCA1?marker=741311
254,203,USD,ATL,FNT,"Flint, United States",US,2026-08-11,1,https://www.aviasales.com/search/ATL1108FNT1?marker=741311
255,203,USD,DFW,AGU,"Aguascalientes, Mexico",MX,2026-09-04,2,https://www.aviasales.com/search/DFW0409AGU1?marker=741311
256,203,USD,BOS,VEL,"Vernal, United States",US,2026-08-30,2,https://www.aviasales.com/search/BOS3008VEL1?marker=741311
257,207,USD,JFK,WAW,"Warsaw, Poland",PL,2026-10-21,1,https://www.aviasales.com/search/JFK2110WAW1?marker=741311
258,207,USD,SEA,TYO,"Tokyo, Japan",JP,2026-08-24,1,https://www.aviasales.com/search/SEA2408TYO1?marker=741311
259,208,USD,CLT,CAE,"Columbia, United States",US,2026-08-31,0,https://www.aviasales.com/search/CLT3108CAE1?marker=741311
260,211,USD,JFK,FRA,"Frankfurt, Germany",DE,2026-10-19,2,https://www.aviasales.com/search/JFK1910FRA1?marker=741311
261,211,USD,MCO,STX,"Saint Croix, U.S. Virgin Islands",VI,2026-08-20,1,https://www.aviasales.com/search/MCO2008STX1?marker=741311
262,212,USD,MIA,BZE,"Belize City, Belize",BZ,2026-08-07,0,https://www.aviasales.com/search/MIA0708BZE1?marker=741311
263,212,USD,SEA,YKM,"Yakima, United States",US,2026-08-09,0,https://www.aviasales.com/search/SEA0908YKM1?marker=741311
264,213,USD,JFK,AYT,"Antalya, Turkiye",TR,2026-10-03,1,https://www.aviasales.com/search/JFK0310AYT1?marker=741311
265,213,USD,MIA,PTY,"Panama City, Panama",PA,2026-10-14,1,https://www.aviasales.com/search/MIA1410PTY1?marker=741311
266,215,USD,JFK,GDN,"Gdansk, Poland",PL,2026-10-21,3,https://www.aviasales.com/search/JFK2110GDN1?marker=741311
267,216,USD,JFK,YOW,"Ottawa, Canada",CA,2026-08-28,1,https://www.aviasales.com/search/JFK2808YOW1?marker=741311
268,217,USD,MIA,POS,"Port Of Spain, Trinidad and Tobago",TT,2026-09-01,1,https://www.aviasales.com/search/MIA0109POS1?marker=741311
269,217,USD,JFK,BGR,"Bangor, United States",US,2026-11-10,1,https://www.aviasales.com/search/JFK1011BGR1?marker=741311
270,217,USD,LAS,IDA,"Idaho Falls, United States",US,2026-08-09,1,https://www.aviasales.com/search/LAS0908IDA1?marker=741311
271,218,USD,MIA,BUE,"Buenos Aires, Argentina",AR,2026-11-02,2,https://www.aviasales.com/search/MIA0211BUE1?marker=741311
272,218,USD,SFO,YHZ,"Halifax, Canada",CA,2026-09-01,2,https://www.aviasales.com/search/SFO0109YHZ1?marker=741311
273,219,USD,ATL,ECP,"Panama City, United States",US,2026-08-11,1,https://www.aviasales.com/search/ATL1108ECP1?marker=741311
274,219,USD,JFK,BEG,"Belgrade, Serbia",RS,2026-10-13,1,https://www.aviasales.com/search/JFK1310BEG1?marker=741311
275,219,USD,JFK,AGP,"Malaga, Spain",ES,2026-10-02,1,https://www.aviasales.com/search/JFK0210AGP1?marker=741311
276,220,USD,JFK,VLC,"Valencia, Spain",ES,2026-10-17,1,https://www.aviasales.com/search/JFK1710VLC1?marker=741311
277,220,USD,MIA,ELH,"North Eleuthera, Bahamas",BS,2026-09-07,1,https://www.aviasales.com/search/MIA0709ELH1?marker=741311
278,220,USD,JFK,GND,"St. George's, Grenada",GD,2026-08-22,0,https://www.aviasales.com/search/JFK2208GND1?marker=741311
279,221,USD,BOS,POP,"Puerto Plata, Dominican Republic",DO,2026-09-06,2,https://www.aviasales.com/search/BOS0609POP1?marker=741311
280,221,USD,JFK,DUB,"Dublin, Ireland",IE,2026-08-11,1,https://www.aviasales.com/search/JFK1108DUB1?marker=741311
281,221,USD,JFK,VCE,"Venice, Italy",IT,2026-09-28,1,https://www.aviasales.com/search/JFK2809VCE1?marker=741311
282,224,USD,JFK,KUT,"Kutaisi, Georgia",GE,2026-09-29,2,https://www.aviasales.com/search/JFK2909KUT1?marker=741311
283,224,USD,LAS,YEA,"Edmonton, Canada",CA,2026-08-14,2,https://www.aviasales.com/search/LAS1408YEA1?marker=741311
284,227,USD,SAN,ACV,"Arcata, United States",US,2026-08-11,1,https://www.aviasales.com/search/SAN1108ACV1?marker=741311
285,228,USD,MCO,RIO,"Rio de Janeiro, Brazil",BR,2027-01-20,1,https://www.aviasales.com/search/MCO2001RIO1?marker=741311
286,228,USD,DEN,MOT,"Minot, United States",US,2026-08-19,1,https://www.aviasales.com/search/DEN1908MOT1?marker=741311
287,228,USD,SEA,FCA,"Kalispell, United States",US,2026-08-08,0,https://www.aviasales.com/search/SEA0808FCA1?marker=741311
288,229,USD,IAD,CHO,"Charlottesville, United States",US,2026-09-17,0,https://www.aviasales.com/search/IAD1709CHO1?marker=741311
289,229,USD,DEN,BIL,"Billings, United States",US,2026-09-18,1,https://www.aviasales.com/search/DEN1809BIL1?marker=741311
290,230,USD,ORD,BHX,"Birmingham, United Kingdom",GB,2026-11-28,2,https://www.aviasales.com/search/ORD2811BHX1?marker=741311
291,231,USD,JFK,LEB,"Lebanon, United States",US,2026-08-11,1,https://www.aviasales.com/search/JFK1108LEB1?marker=741311
292,231,USD,DEN,FAI,"Fairbanks, United States",US,2026-10-05,1,https://www.aviasales.com/search/DEN0510FAI1?marker=741311
293,232,USD,JFK,LAN,"Lansing, United States",US,2026-08-15,1,https://www.aviasales.com/search/JFK1508LAN1?marker=741311
294,232,USD,LAX,ZLO,"Manzanillo, Mexico",MX,2026-08-16,2,https://www.aviasales.com/search/LAX1608ZLO1?marker=741311
295,233,USD,ATL,YQB,"Quebec, Canada",CA,2026-09-24,2,https://www.aviasales.com/search/ATL2409YQB1?marker=741311
296,234,USD,MSP,ACA,"Acapulco, Mexico",MX,2026-09-21,2,https://www.aviasales.com/search/MSP2109ACA1?marker=741311
297,235,USD,JFK,BUD,"Budapest, Hungary",HU,2026-09-29,1,https://www.aviasales.com/search/JFK2909BUD1?marker=741311
298,235,USD,DFW,AMA,"Amarillo, United States",US,2026-08-11,0,https://www.aviasales.com/search/DFW1108AMA1?marker=741311
299,236,USD,DTW,TVC,"Traverse City, United States",US,2026-09-06,1,https://www.aviasales.com/search/DTW0609TVC1?marker=741311
300,237,USD,CLT,ERI,"Erie, United States",US,2026-08-21,1,https://www.aviasales.com/search/CLT2108ERI1?marker=741311
301,238,USD,JFK,LIS,"Lisbon, Portugal",PT,2026-10-20,1,https://www.aviasales.com/search/JFK2010LIS1?marker=741311
302,238,USD,ORD,ALO,"Waterloo, United States",US,2026-08-11,0,https://www.aviasales.com/search/ORD1108ALO1?marker=741311
303,239,USD,ATL,HUX,"Huatulco, Mexico",MX,2026-09-25,2,https://www.aviasales.com/search/ATL2509HUX1?marker=741311
304,241,USD,JFK,AMS,"Amsterdam, Netherlands",NL,2026-09-25,1,https://www.aviasales.com/search/JFK2509AMS1?marker=741311
305,241,USD,JFK,IAG,"Niagara Falls, United States",US,2026-09-02,2,https://www.aviasales.com/search/JFK0209IAG1?marker=741311
306,241,USD,DEN,GUC,"Gunnison, United States",US,2026-08-14,0,https://www.aviasales.com/search/DEN1408GUC1?marker=741311
307,243,USD,MIA,MGA,"Managua, Nicaragua",NI,2026-10-22,0,https://www.aviasales.com/search/MIA2210MGA1?marker=741311
308,243,USD,SFO,HAN,"Hanoi, Vietnam",VN,2026-09-09,1,https://www.aviasales.com/search/SFO0909HAN1?marker=741311
309,243,USD,SEA,RDM,"Redmond, United States",US,2026-08-13,0,https://www.aviasales.com/search/SEA1308RDM1?marker=741311
310,244,USD,PHX,EVV,"Evansville, United States",US,2026-08-15,2,https://www.aviasales.com/search/PHX1508EVV1?marker=741311
311,245,USD,JFK,OSL,"Oslo, Norway",NO,2026-10-19,2,https://www.aviasales.com/search/JFK1910OSL1?marker=741311
312,245,USD,LAS,CNY,"Moab, United States",US,2026-08-15,1,https://www.aviasales.com/search/LAS1508CNY1?marker=741311
313,246,USD,ORD,NVA,"Neiva, Colombia",CO,2026-11-18,2,https://www.aviasales.com/search/ORD1811NVA1?marker=741311
314,246,USD,LAX,EGE,"Vail, United States",US,2027-01-01,0,https://www.aviasales.com/search/LAX0101EGE1?marker=741311
315,247,USD,JFK,EDI,"Edinburgh, United Kingdom",GB,2026-09-20,1,https://www.aviasales.com/search/JFK2009EDI1?marker=741311
316,247,USD,JFK,MUC,"Munich, Germany",DE,2026-10-16,1,https://www.aviasales.com/search/JFK1610MUC1?marker=741311
317,247,USD,MCO,AXM,"Armenia, Colombia",CO,2026-08-15,2,https://www.aviasales.com/search/MCO1508AXM1?marker=741311
318,249,USD,JFK,BER,"Berlin, Germany",DE,2026-10-20,2,https://www.aviasales.com/search/JFK2010BER1?marker=741311
319,249,USD,JFK,BOJ,"Bourgas, Bulgaria",BG,2026-09-25,1,https://www.aviasales.com/search/JFK2509BOJ1?marker=741311
320,249,USD,JFK,KRK,"Krakow, Poland",PL,2026-09-13,1,https://www.aviasales.com/search/JFK1309KRK1?marker=741311
321,250,USD,JFK,IBZ,"Ibiza, Spain",ES,2026-08-17,1,https://www.aviasales.com/search/JFK1708IBZ1?marker=741311
322,250,USD,JFK,ALC,"Alicante, Spain",ES,2026-09-17,1,https://www.aviasales.com/search/JFK1709ALC1?marker=741311
323,251,USD,DFW,SGN,"Ho Chi Minh City, Vietnam",VN,2027-02-01,2,https://www.aviasales.com/search/DFW0102SGN1?marker=741311
324,251,USD,DTW,JAN,"Jackson, United States",US,2026-08-21,1,https://www.aviasales.com/search/DTW2108JAN1?marker=741311
325,253,USD,LAX,ASE,"Aspen, United States",US,2026-08-19,0,https://www.aviasales.com/search/LAX1908ASE1?marker=741311
326,254,USD,BOS,PDL,"Ponta Delgada, Portugal",PT,2026-08-24,1,https://www.aviasales.com/search/BOS2408PDL1?marker=741311
327,255,USD,MIA,VRB,"Vero Beach, United States",US,2026-08-14,1,https://www.aviasales.com/search/MIA1408VRB1?marker=741311
328,255,USD,JFK,WRO,"Wroclaw, Poland",PL,2026-09-17,1,https://www.aviasales.com/search/JFK1709WRO1?marker=741311
329,256,USD,JFK,PRG,"Prague, Czech Republic",CZ,2026-09-13,1,https://www.aviasales.com/search/JFK1309PRG1?marker=741311
330,256,USD,MIA,OGL,"Georgetown, Guyana",GY,2026-11-03,1,https://www.aviasales.com/search/MIA0311OGL1?marker=741311
331,257,USD,MIA,FDF,"Fort-de-France, Martinique",MQ,2027-01-07,1,https://www.aviasales.com/search/MIA0701FDF1?marker=741311
332,257,USD,JFK,CUE,"Cuenca, Ecuador",EC,2027-02-04,2,https://www.aviasales.com/search/JFK0402CUE1?marker=741311
333,259,USD,BOS,RTB,"Roatan, Honduras",HN,2027-01-30,2,https://www.aviasales.com/search/BOS3001RTB1?marker=741311
334,259,USD,MIA,SRZ,"Santa Cruz, Bolivia",BO,2026-09-09,2,https://www.aviasales.com/search/MIA0909SRZ1?marker=741311
335,259,USD,MIA,AVP,"Wilkes-Barre, United States",US,2026-08-30,3,https://www.aviasales.com/search/MIA3008AVP1?marker=741311
336,259,USD,JFK,BUH,"Bucharest, Romania",RO,2026-09-29,1,https://www.aviasales.com/search/JFK2909BUH1?marker=741311
337,259,USD,JFK,FRS,"Flores, Guatemala",GT,2026-09-25,2,https://www.aviasales.com/search/JFK2509FRS1?marker=741311
338,261,USD,DFW,MGM,"Montgomery, United States",US,2026-08-08,0,https://www.aviasales.com/search/DFW0808MGM1?marker=741311
339,262,USD,ATL,OLB,"Olbia, Italy",IT,2026-10-14,2,https://www.aviasales.com/search/ATL1410OLB1?marker=741311
340,264,USD,JFK,CAI,"Cairo, Egypt",EG,2026-10-14,1,https://www.aviasales.com/search/JFK1410CAI1?marker=741311
341,264,USD,JFK,POZ,"Poznan, Poland",PL,2026-08-16,1,https://www.aviasales.com/search/JFK1608POZ1?marker=741311
342,264,USD,MIA,TRI,"Blountville, United States",US,2026-08-08,2,https://www.aviasales.com/search/MIA0808TRI1?marker=741311
343,265,USD,JFK,KSC,"Kosice, Slovakia",SK,2026-08-24,1,https://www.aviasales.com/search/JFK2408KSC1?marker=741311
344,265,USD,RDU,BKW,"Beckley, United States",US,2026-08-16,2,https://www.aviasales.com/search/RDU1608BKW1?marker=741311
345,266,USD,JFK,IST,"Istanbul, Turkiye",TR,2026-10-20,1,https://www.aviasales.com/search/JFK2010IST1?marker=741311
346,266,USD,JFK,HAM,"Hamburg, Germany",DE,2026-10-24,3,https://www.aviasales.com/search/JFK2410HAM1?marker=741311
347,266,USD,JFK,DUS,"Dusseldorf, Germany",DE,2026-08-17,1,https://www.aviasales.com/search/JFK1708DUS1?marker=741311
348,266,USD,JFK,TAB,"Tobago, Trinidad and Tobago",TT,2026-08-18,1,https://www.aviasales.com/search/JFK1808TAB1?marker=741311
349,267,USD,JFK,RIX,"Riga, Latvia",LV,2026-08-17,2,https://www.aviasales.com/search/JFK1708RIX1?marker=741311
350,268,USD,JFK,DBV,"Dubrovnik, Croatia",HR,2026-08-18,1,https://www.aviasales.com/search/JFK1808DBV1?marker=741311
351,268,USD,JFK,BIO,"Bilbao, Spain",ES,2026-08-23,1,https://www.aviasales.com/search/JFK2308BIO1?marker=741311
352,270,USD,MCO,SCU,"Santiago, Cuba",CU,2026-08-20,1,https://www.aviasales.com/search/MCO2008SCU1?marker=741311
353,272,USD,MIA,CAP,"Cap Haitien, Haiti",HT,2026-08-23,0,https://www.aviasales.com/search/MIA2308CAP1?marker=741311
354,273,USD,JFK,EVN,"Yerevan, Armenia",AM,2026-10-15,2,https://www.aviasales.com/search/JFK1510EVN1?marker=741311
355,273,USD,JFK,TLL,"Tallinn, Estonia",EE,2026-10-06,3,https://www.aviasales.com/search/JFK0610TLL1?marker=741311
356,273,USD,JFK,PMF,"Parma, Italy",IT,2026-09-02,1,https://www.aviasales.com/search/JFK0209PMF1?marker=741311
357,273,USD,JFK,CUR,"Curacao, Curaçao",CW,2027-01-06,1,https://www.aviasales.com/search/JFK0601CUR1?marker=741311
358,274,USD,JFK,BAK,"Baku, Azerbaijan",AZ,2026-10-21,1,https://www.aviasales.com/search/JFK2110BAK1?marker=741311
359,275,USD,JFK,SSH,"Sharm el Sheikh, Egypt",EG,2026-10-19,1,https://www.aviasales.com/search/JFK1910SSH1?marker=741311
360,275,USD,SEA,BRU,"Brussels, Belgium",BE,2026-11-03,1,https://www.aviasales.com/search/SEA0311BRU1?marker=741311
361,277,USD,SEA,ZRH,"Zurich, Switzerland",CH,2026-11-10,1,https://www.aviasales.com/search/SEA1011ZRH1?marker=741311
362,277,USD,SFO,ITO,"Hilo, United States",US,2026-08-31,1,https://www.aviasales.com/search/SFO3108ITO1?marker=741311
363,277,USD,JFK,PUY,"Pula, Croatia",HR,2026-09-13,1,https://www.aviasales.com/search/JFK1309PUY1?marker=741311
364,278,USD,JFK,OPO,"Porto, Portugal",PT,2026-09-20,1,https://www.aviasales.com/search/JFK2009OPO1?marker=741311
365,278,USD,SAN,RDD,"Redding, United States",US,2026-09-29,1,https://www.aviasales.com/search/SAN2909RDD1?marker=741311
366,280,USD,JFK,ANU,"Saint John's, Antigua and Barbuda",AG,2026-12-31,1,https://www.aviasales.com/search/JFK3112ANU1?marker=741311
367,280,USD,LAX,MAM,"Matamoros, Mexico",MX,2026-08-10,2,https://www.aviasales.com/search/LAX1008MAM1?marker=741311
368,281,USD,JFK,OAJ,"Jacksonville, United States",US,2026-09-14,1,https://www.aviasales.com/search/JFK1409OAJ1?marker=741311
369,281,USD,JFK,TCI,"Tenerife, Spain",ES,2026-09-21,2,https://www.aviasales.com/search/JFK2109TCI1?marker=741311
370,282,USD,BOS,SNN,"Shannon, Ireland",IE,2026-10-15,2,https://www.aviasales.com/search/BOS1510SNN1?marker=741311
371,282,USD,SEA,SOF,"Sofia, Bulgaria",BG,2026-09-04,2,https://www.aviasales.com/search/SEA0409SOF1?marker=741311
372,282,USD,ORD,CMI,"Champaign, United States",US,2026-08-09,0,https://www.aviasales.com/search/ORD0908CMI1?marker=741311
373,282,USD,JFK,YXE,"Saskatoon, Canada",CA,2026-09-12,3,https://www.aviasales.com/search/JFK1209YXE1?marker=741311
374,282,USD,DEN,UIN,"Quincy, United States",US,2026-08-15,1,https://www.aviasales.com/search/DEN1508UIN1?marker=741311
375,285,USD,MIA,XPL,"Comayagua, Honduras",HN,2026-08-31,2,https://www.aviasales.com/search/MIA3108XPL1?marker=741311
376,287,USD,SLC,WYS,"West Yellowstone, United States",US,2026-08-11,1,https://www.aviasales.com/search/SLC1108WYS1?marker=741311
377,288,USD,JFK,SPU,"Split, Croatia",HR,2026-08-18,1,https://www.aviasales.com/search/JFK1808SPU1?marker=741311
378,289,USD,JFK,TGD,"Podgorica, Montenegro",ME,2026-10-01,2,https://www.aviasales.com/search/JFK0110TGD1?marker=741311
379,289,USD,DFW,NCE,"Nice, France",FR,2026-10-16,3,https://www.aviasales.com/search/DFW1610NCE1?marker=741311
380,289,USD,JFK,ISB,"Islamabad, Pakistan",PK,2026-08-17,1,https://www.aviasales.com/search/JFK1708ISB1?marker=741311
381,289,USD,LAX,YPW,"Powell River, Canada",CA,2026-08-07,1,https://www.aviasales.com/search/LAX0708YPW1?marker=741311
382,289,USD,JFK,LHE,"Lahore, Pakistan",PK,2026-08-31,1,https://www.aviasales.com/search/JFK3108LHE1?marker=741311
383,291,USD,DEN,HDN,"Hayden, United States",US,2026-08-12,0,https://www.aviasales.com/search/DEN1208HDN1?marker=741311
384,291,USD,PDX,KUN,"Kaunas, Lithuania",LT,2026-08-26,2,https://www.aviasales.com/search/PDX2608KUN1?marker=741311
385,292,USD,SEA,GLA,"Glasgow, United Kingdom",GB,2026-11-03,1,https://www.aviasales.com/search/SEA0311GLA1?marker=741311
386,292,USD,LAX,SMX,"Santa Maria, United States",US,2026-08-16,1,https://www.aviasales.com/search/LAX1608SMX1?marker=741311
387,293,USD,JFK,VNO,"Vilnius, Lithuania",LT,2026-09-02,2,https://www.aviasales.com/search/JFK0209VNO1?marker=741311
388,295,USD,JFK,MRS,"Marseille, France",FR,2026-08-16,1,https://www.aviasales.com/search/JFK1608MRS1?marker=741311
389,295,USD,MIA,BIQ,"Biarritz, France",FR,2026-09-24,2,https://www.aviasales.com/search/MIA2409BIQ1?marker=741311
390,295,USD,ORD,JBR,"Jonesboro, United States",US,2026-08-10,2,https://www.aviasales.com/search/ORD1008JBR1?marker=741311
391,295,USD,JFK,VRN,"Verona, Italy",IT,2026-08-09,1,https://www.aviasales.com/search/JFK0908VRN1?marker=741311
392,296,USD,JFK,JED,"Jeddah, Saudi Arabia",SA,2026-08-13,1,https://www.aviasales.com/search/JFK1308JED1?marker=741311
393,296,USD,ORD,DAV,"David, Panama",PA,2026-09-13,2,https://www.aviasales.com/search/ORD1309DAV1?marker=741311
394,297,USD,ORD,RMO,"Chisinau, Moldova",MD,2026-09-27,4,https://www.aviasales.com/search/ORD2709RMO1?marker=741311
395,297,USD,JFK,REU,"Reus, Spain",ES,2026-08-11,1,https://www.aviasales.com/search/JFK1108REU1?marker=741311
396,297,USD,LAS,CRW,"Charleston, United States",US,2026-08-13,3,https://www.aviasales.com/search/LAS1308CRW1?marker=741311
397,297,USD,PDX,YXX,"Abbotsford, Canada",CA,2026-08-12,2,https://www.aviasales.com/search/PDX1208YXX1?marker=741311
398,303,USD,JFK,BJV,"Bodrum, Turkiye",TR,2026-08-25,1,https://www.aviasales.com/search/JFK2508BJV1?marker=741311
399,303,USD,SLC,BTM,"Butte, United States",US,2026-08-13,1,https://www.aviasales.com/search/SLC1308BTM1?marker=741311
400,304,USD,MCO,VIE,"Vienna, Austria",AT,2026-10-03,2,https://www.aviasales.com/search/MCO0310VIE1?marker=741311
401,304,USD,MIA,TYL,"Talara, Peru",PE,2026-08-21,2,https://www.aviasales.com/search/MIA2108TYL1?marker=741311
402,305,USD,MIA,MDZ,"Mendoza, Argentina",AR,2026-08-10,1,https://www.aviasales.com/search/MIA1008MDZ1?marker=741311
403,305,USD,SAN,CHQ,"Chania, Greece",GR,2026-08-18,1,https://www.aviasales.com/search/SAN1808CHQ1?marker=741311
404,308,USD,ATL,HHH,"Hilton Head, United States",US,2026-08-10,2,https://www.aviasales.com/search/ATL1008HHH1?marker=741311
405,308,USD,JFK,JMK,"Mikonos, Greece",GR,2026-08-10,1,https://www.aviasales.com/search/JFK1008JMK1?marker=741311
406,308,USD,SEA,LYS,"Lyon, France",FR,2026-11-03,2,https://www.aviasales.com/search/SEA0311LYS1?marker=741311
407,309,USD,JFK,ALG,"Algiers, Algeria",DZ,2026-08-11,2,https://www.aviasales.com/search/JFK1108ALG1?marker=741311
408,309,USD,JFK,PIS,"Poitiers, France",FR,2026-09-24,1,https://www.aviasales.com/search/JFK2409PIS1?marker=741311
409,311,USD,ORD,LBA,"Leeds, United Kingdom",GB,2026-09-09,2,https://www.aviasales.com/search/ORD0909LBA1?marker=741311
410,314,USD,ATL,BOM,"Mumbai, India",IN,2026-09-13,1,https://www.aviasales.com/search/ATL1309BOM1?marker=741311
411,315,USD,JFK,HEL,"Helsinki, Finland",FI,2026-09-19,1,https://www.aviasales.com/search/JFK1909HEL1?marker=741311
412,316,USD,SEA,SKP,"Skopje, North Macedonia",MK,2026-10-15,3,https://www.aviasales.com/search/SEA1510SKP1?marker=741311
413,317,USD,JFK,DLM,"Dalaman, Turkiye",TR,2026-09-14,2,https://www.aviasales.com/search/JFK1409DLM1?marker=741311
414,318,USD,LAX,CAN,"Guangzhou, China",CN,2026-09-03,1,https://www.aviasales.com/search/LAX0309CAN1?marker=741311
415,319,USD,TPA,MBS,"Saginaw, United States",US,2026-12-01,1,https://www.aviasales.com/search/TPA0112MBS1?marker=741311
416,319,USD,JFK,TUN,"Tunis, Tunisia",TN,2026-08-22,1,https://www.aviasales.com/search/JFK2208TUN1?marker=741311
417,319,USD,PHL,HGR,"Hagerstown, United States",US,2026-08-06,2,https://www.aviasales.com/search/PHL0608HGR1?marker=741311
418,320,USD,JFK,FNC,"Funchal, Portugal",PT,2026-09-26,1,https://www.aviasales.com/search/JFK2609FNC1?marker=741311
419,321,USD,MIA,VIX,"Vitoria, Brazil",BR,2026-11-09,2,https://www.aviasales.com/search/MIA0911VIX1?marker=741311
420,321,USD,MCO,ANK,"Ankara, Turkiye",TR,2026-10-16,3,https://www.aviasales.com/search/MCO1610ANK1?marker=741311
421,321,USD,MCO,NAT,"Natal, Brazil",BR,2026-12-20,2,https://www.aviasales.com/search/MCO2012NAT1?marker=741311
422,322,USD,JFK,CMN,"Casablanca, Morocco",MA,2026-09-18,2,https://www.aviasales.com/search/JFK1809CMN1?marker=741311
423,322,USD,MCO,AIA,"Alliance, United States",US,2026-08-13,2,https://www.aviasales.com/search/MCO1308AIA1?marker=741311
424,323,USD,JFK,ACK,"Nantucket, United States",US,2026-08-07,1,https://www.aviasales.com/search/JFK0708ACK1?marker=741311
425,323,USD,FLL,RKD,"Rockland, United States",US,2026-08-15,2,https://www.aviasales.com/search/FLL1508RKD1?marker=741311
426,324,USD,JFK,TBS,"Tbilisi, Georgia",GE,2026-09-29,1,https://www.aviasales.com/search/JFK2909TBS1?marker=741311
427,324,USD,JFK,PMI,"Palma, Spain",ES,2026-08-23,1,https://www.aviasales.com/search/JFK2308PMI1?marker=741311
428,324,USD,DFW,MAO,"Manaus, Brazil",BR,2026-10-30,2,https://www.aviasales.com/search/DFW3010MAO1?marker=741311
429,325,USD,JFK,ZTH,"Zakinthos, Greece",GR,2026-09-29,2,https://www.aviasales.com/search/JFK2909ZTH1?marker=741311
430,326,USD,JFK,AMD,"Ahmedabad, India",IN,2026-08-24,1,https://www.aviasales.com/search/JFK2408AMD1?marker=741311
431,327,USD,MCO,MVD,"Montevideo, Uruguay",UY,2026-09-04,2,https://www.aviasales.com/search/MCO0409MVD1?marker=741311
432,327,USD,JFK,POA,"Porto Alegre, Brazil",BR,2026-09-26,1,https://www.aviasales.com/search/JFK2609POA1?marker=741311
433,328,USD,ORD,SUN,"Sun Valley, United States",US,2026-08-09,0,https://www.aviasales.com/search/ORD0908SUN1?marker=741311
434,328,USD,JFK,BTS,"Bratislava, Slovakia",SK,2026-10-08,1,https://www.aviasales.com/search/JFK0810BTS1?marker=741311
435,330,USD,MIA,SNU,"Santa Clara, Cuba",CU,2026-08-26,0,https://www.aviasales.com/search/MIA2608SNU1?marker=741311
436,331,USD,MIA,ASU,"Asuncion, Paraguay",PY,2026-09-11,1,https://www.aviasales.com/search/MIA1109ASU1?marker=741311
437,331,USD,JFK,NAP,"Naples, Italy",IT,2026-08-09,1,https://www.aviasales.com/search/JFK0908NAP1?marker=741311
438,331,USD,SEA,LSE,"La Crosse, United States",US,2026-08-12,3,https://www.aviasales.com/search/SEA1208LSE1?marker=741311
439,332,USD,MIA,FLN,"Florianopolis, Brazil",BR,2026-11-22,1,https://www.aviasales.com/search/MIA2211FLN1?marker=741311
440,333,USD,JFK,TIV,"Tivat, Montenegro",ME,2026-10-01,2,https://www.aviasales.com/search/JFK0110TIV1?marker=741311
441,333,USD,ORD,BLI,"Bellingham, United States",US,2026-08-09,1,https://www.aviasales.com/search/ORD0908BLI1?marker=741311
442,334,USD,JFK,JTR,"Thira, Greece",GR,2026-09-22,2,https://www.aviasales.com/search/JFK2209JTR1?marker=741311
443,335,USD,ORD,FPO,"Freeport, Bahamas",BS,2026-12-01,1,https://www.aviasales.com/search/ORD0112FPO1?marker=741311
444,336,USD,JFK,BHZ,"Belo Horizonte, Brazil",BR,2026-08-12,1,https://www.aviasales.com/search/JFK1208BHZ1?marker=741311
445,336,USD,SFO,SHA,"Shanghai, China",CN,2026-11-05,1,https://www.aviasales.com/search/SFO0511SHA1?marker=741311
446,336,USD,DTW,ELM,"Elmira, United States",US,2026-08-13,2,https://www.aviasales.com/search/DTW1308ELM1?marker=741311
447,337,USD,JFK,JER,"Jersey, Jersey",JE,2026-09-10,1,https://www.aviasales.com/search/JFK1009JER1?marker=741311
448,340,USD,JFK,ILG,"Wilmington, United States",US,2026-08-12,2,https://www.aviasales.com/search/JFK1208ILG1?marker=741311
449,340,USD,JFK,MKL,"Jackson, United States",US,2026-08-08,1,https://www.aviasales.com/search/JFK0808MKL1?marker=741311
450,341,USD,JFK,SVQ,"Sevilla, Spain",ES,2027-01-20,2,https://www.aviasales.com/search/JFK2001SVQ1?marker=741311
451,341,USD,ORD,CDR,"Chadron, United States",US,2026-08-09,1,https://www.aviasales.com/search/ORD0908CDR1?marker=741311
452,341,USD,IAH,MTT,"Minatitlan, Mexico",MX,2026-08-15,1,https://www.aviasales.com/search/IAH1508MTT1?marker=741311
453,341,USD,LAS,MBL,"Manistee, United States",US,2026-08-16,1,https://www.aviasales.com/search/LAS1608MBL1?marker=741311
454,341,USD,AUS,PTP,"Pointe-a-pitre, Guadeloupe",GP,2027-01-23,2,https://www.aviasales.com/search/AUS2301PTP1?marker=741311
455,342,USD,MIA,SLA,"Salta, Argentina",AR,2027-01-14,1,https://www.aviasales.com/search/MIA1401SLA1?marker=741311
456,342,USD,JFK,BON,"Kralendijk, Caribbean Netherlands",BQ,2026-08-11,1,https://www.aviasales.com/search/JFK1108BON1?marker=741311
457,343,USD,SFO,DAD,"Da Nang, Vietnam",VN,2026-09-09,1,https://www.aviasales.com/search/SFO0909DAD1?marker=741311
458,343,USD,JFK,SKG,"Thessaloniki, Greece",GR,2026-10-06,2,https://www.aviasales.com/search/JFK0610SKG1?marker=741311
459,343,USD,SEA,GRI,"Grand Island, United States",US,2026-08-15,2,https://www.aviasales.com/search/SEA1508GRI1?marker=741311
460,343,USD,MSP,CMX,"Hancock, United States",US,2026-08-14,1,https://www.aviasales.com/search/MSP1408CMX1?marker=741311
461,344,USD,BOS,RAI,"Praia, Cape Verde",CV,2026-08-29,0,https://www.aviasales.com/search/BOS2908RAI1?marker=741311
462,344,USD,SFO,SEL,"Seoul, South Korea",KR,2026-08-24,0,https://www.aviasales.com/search/SFO2408SEL1?marker=741311
463,344,USD,BNA,PAH,"Paducah, United States",US,2026-08-10,1,https://www.aviasales.com/search/BNA1008PAH1?marker=741311
464,345,USD,ATL,MLU,"Monroe, United States",US,2026-08-15,2,https://www.aviasales.com/search/ATL1508MLU1?marker=741311
465,345,USD,ORD,SIN,"Singapore, Singapore",SG,2026-09-21,1,https://www.aviasales.com/search/ORD2109SIN1?marker=741311
466,346,USD,BOS,XRY,"Jerez de la Frontera, Spain",ES,2026-09-20,3,https://www.aviasales.com/search/BOS2009XRY1?marker=741311
467,346,USD,PHX,MSL,"Muscle Shoals, United States",US,2026-08-13,2,https://www.aviasales.com/search/PHX1308MSL1?marker=741311
468,347,USD,ORD,DXB,"Dubai, United Arab Emirates",AE,2026-08-30,1,https://www.aviasales.com/search/ORD3008DXB1?marker=741311
469,347,USD,JFK,REK,"Reykjavik, Iceland",IS,2026-10-19,2,https://www.aviasales.com/search/JFK1910REK1?marker=741311
470,347,USD,MIA,EAT,"Wenatchee, United States",US,2026-08-16,1,https://www.aviasales.com/search/MIA1608EAT1?marker=741311
471,348,USD,JFK,DEL,"New Delhi, India",IN,2026-09-23,1,https://www.aviasales.com/search/JFK2309DEL1?marker=741311
472,349,USD,ORD,CEZ,"Cortez, United States",US,2026-08-10,1,https://www.aviasales.com/search/ORD1008CEZ1?marker=741311
473,349,USD,IAH,HTS,"Huntington, United States",US,2026-08-15,2,https://www.aviasales.com/search/IAH1508HTS1?marker=741311
474,351,USD,IAD,ZAG,"Zagreb, Croatia",HR,2026-10-01,2,https://www.aviasales.com/search/IAD0110ZAG1?marker=741311
475,352,USD,SEA,VAR,"Varna, Bulgaria",BG,2026-09-04,3,https://www.aviasales.com/search/SEA0409VAR1?marker=741311
476,353,USD,ORD,SHJ,"Sharjah, United Arab Emirates",AE,2026-08-30,1,https://www.aviasales.com/search/ORD3008SHJ1?marker=741311
477,354,USD,JFK,RZE,"Rzeszow, Poland",PL,2026-08-10,2,https://www.aviasales.com/search/JFK1008RZE1?marker=741311
478,355,USD,JFK,MCT,"Muscat, Oman",OM,2026-09-01,1,https://www.aviasales.com/search/JFK0109MCT1?marker=741311
479,357,USD,JFK,CFU,"Kerkyra, Greece",GR,2026-08-18,1,https://www.aviasales.com/search/JFK1808CFU1?marker=741311
480,357,USD,LAX,BRW,"Barrow, United States",US,2026-09-01,1,https://www.aviasales.com/search/LAX0109BRW1?marker=741311
481,358,USD,BOS,TPE,"Taipei, Taiwan",TW,2027-01-20,1,https://www.aviasales.com/search/BOS2001TPE1?marker=741311
482,359,USD,JFK,ABJ,"Abidjan, Ivory Coast",CI,2026-09-30,1,https://www.aviasales.com/search/JFK3009ABJ1?marker=741311
483,359,USD,SEA,FLR,"Florence, Italy",IT,2026-09-30,1,https://www.aviasales.com/search/SEA3009FLR1?marker=741311
484,359,USD,LAX,LPB,"La Paz, Bolivia",BO,2026-08-28,2,https://www.aviasales.com/search/LAX2808LPB1?marker=741311
485,359,USD,ORD,BLQ,"Bologna, Italy",IT,2026-08-22,2,https://www.aviasales.com/search/ORD2208BLQ1?marker=741311
486,361,USD,MSP,AZO,"Kalamazoo, United States",US,2026-08-16,1,https://www.aviasales.com/search/MSP1608AZO1?marker=741311
487,361,USD,PDX,YZF,"Yellowknife, Canada",CA,2026-08-12,1,https://www.aviasales.com/search/PDX1208YZF1?marker=741311
488,362,USD,ORD,SVD,"St Vincent, Saint Vincent and the Grenadines",VC,2026-12-01,1,https://www.aviasales.com/search/ORD0112SVD1?marker=741311
489,362,USD,JFK,RHO,"Rhodes, Greece",GR,2026-08-18,1,https://www.aviasales.com/search/JFK1808RHO1?marker=741311
490,362,USD,SEA,YYJ,"Victoria, Canada",CA,2026-08-12,1,https://www.aviasales.com/search/SEA1208YYJ1?marker=741311
491,363,USD,LAX,IZM,"Izmir, Turkiye",TR,2026-10-17,3,https://www.aviasales.com/search/LAX1710IZM1?marker=741311
492,364,USD,TPA,CZM,"Cozumel, Mexico",MX,2026-08-09,1,https://www.aviasales.com/search/TPA0908CZM1?marker=741311
493,365,USD,SFO,KTN,"Ketchikan, United States",US,2026-08-30,2,https://www.aviasales.com/search/SFO3008KTN1?marker=741311
494,366,USD,JFK,MNL,"Manila, Philippines",PH,2027-01-21,1,https://www.aviasales.com/search/JFK2101MNL1?marker=741311
495,366,USD,BOS,SCV,"Suceava, Romania",RO,2026-09-11,2,https://www.aviasales.com/search/BOS1109SCV1?marker=741311
496,366,USD,MIA,CTA,"Catania, Italy",IT,2026-09-08,2,https://www.aviasales.com/search/MIA0809CTA1?marker=741311
497,367,USD,JFK,EVE,"Harstad-Narvik, Norway",NO,2026-12-07,2,https://www.aviasales.com/search/JFK0712EVE1?marker=741311
498,367,USD,LAX,PBG,"Plattsburgh, United States",US,2026-08-16,2,https://www.aviasales.com/search/LAX1608PBG1?marker=741311
499,367,USD,RDU,ALS,"Alamosa, United States",US,2026-08-09,2,https://www.aviasales.com/search/RDU0908ALS1?marker=741311
500,369,USD,JFK,RAK,"Marrakech, Morocco",MA,2026-08-18,2,https://www.aviasales.com/search/JFK1808RAK1?marker=741311
501,369,USD,DFW,JLN,"Joplin, United States",US,2026-08-13,1,https://www.aviasales.com/search/DFW1308JLN1?marker=741311
502,370,USD,BOS,SZG,"Salzburg, Austria",AT,2026-09-19,2,https://www.aviasales.com/search/BOS1909SZG1?marker=741311
503,370,USD,SFO,PPT,"Papeete, French Polynesia",PF,2026-09-04,0,https://www.aviasales.com/search/SFO0409PPT1?marker=741311
504,371,USD,ORD,MLA,"Malta, Malta",MT,2026-09-20,2,https://www.aviasales.com/search/ORD2009MLA1?marker=741311
505,372,USD,ATL,LWB,"Lewisburg, United States",US,2026-08-11,2,https://www.aviasales.com/search/ATL1108LWB1?marker=741311
506,372,USD,JFK,GZP,"Alanya, Turkiye",TR,2026-10-22,3,https://www.aviasales.com/search/JFK2210GZP1?marker=741311
507,372,USD,ORD,BHB,"Bar Harbor, United States",US,2026-08-10,1,https://www.aviasales.com/search/ORD1008BHB1?marker=741311
508,372,USD,DTW,MAN,"Manchester, United Kingdom",GB,2026-09-28,3,https://www.aviasales.com/search/DTW2809MAN1?marker=741311
509,372,USD,DEN,BLL,"Billund, Denmark",DK,2026-12-01,1,https://www.aviasales.com/search/DEN0112BLL1?marker=741311
510,373,USD,ORD,FMM,"Memmingen, Germany",DE,2026-09-10,2,https://www.aviasales.com/search/ORD1009FMM1?marker=741311
511,373,USD,LAX,JKT,"Jakarta, Indonesia",ID,2026-08-13,1,https://www.aviasales.com/search/LAX1308JKT1?marker=741311
512,373,USD,JFK,EIS,"Beef Island, British Virgin Islands",VG,2026-11-11,2,https://www.aviasales.com/search/JFK1111EIS1?marker=741311
513,374,USD,LAX,BJS,"Beijing, China",CN,2026-09-03,1,https://www.aviasales.com/search/LAX0309BJS1?marker=741311
514,374,USD,JFK,BSB,"Brasilia, Brazil",BR,2027-01-20,1,https://www.aviasales.com/search/JFK2001BSB1?marker=741311
515,374,USD,SFO,DLC,"Dalian, China",CN,2026-08-24,1,https://www.aviasales.com/search/SFO2408DLC1?marker=741311
516,375,USD,FLL,JNU,"Juneau, United States",US,2026-08-20,2,https://www.aviasales.com/search/FLL2008JNU1?marker=741311
517,375,USD,ORD,SRE,"Sucre, Bolivia",BO,2026-11-02,3,https://www.aviasales.com/search/ORD0211SRE1?marker=741311
518,375,USD,JFK,SUF,"Lamezia Terme, Italy",IT,2026-09-16,2,https://www.aviasales.com/search/JFK1609SUF1?marker=741311
519,376,USD,JFK,CGN,"Cologne, Germany",DE,2026-09-01,2,https://www.aviasales.com/search/JFK0109CGN1?marker=741311
520,378,USD,ATL,ILE,"Killeen, United States",US,2026-11-25,2,https://www.aviasales.com/search/ATL2511ILE1?marker=741311
521,379,USD,JFK,DEB,"Debrecen, Hungary",HU,2026-08-14,1,https://www.aviasales.com/search/JFK1408DEB1?marker=741311
522,379,USD,JFK,BLR,"Bengaluru, India",IN,2026-09-21,1,https://www.aviasales.com/search/JFK2109BLR1?marker=741311
523,380,USD,LAX,HRB,"Harbin, China",CN,2026-09-20,1,https://www.aviasales.com/search/LAX2009HRB1?marker=741311
524,381,USD,ATL,DOH,"Doha, Qatar",QA,2027-02-03,1,https://www.aviasales.com/search/ATL0302DOH1?marker=741311
525,381,USD,JFK,NBO,"Nairobi, Kenya",KE,2026-08-23,1,https://www.aviasales.com/search/JFK2308NBO1?marker=741311
526,382,USD,JFK,AUH,"Abu Dhabi, United Arab Emirates",AE,2026-10-13,1,https://www.aviasales.com/search/JFK1310AUH1?marker=741311
527,383,USD,LAS,HKG,"Hong Kong, Hong Kong",HK,2027-01-31,1,https://www.aviasales.com/search/LAS3101HKG1?marker=741311
528,384,USD,FLL,GPS,"Galapagos Islands, Ecuador",EC,2027-01-08,2,https://www.aviasales.com/search/FLL0801GPS1?marker=741311
529,385,USD,JFK,HKT,"Phuket, Thailand",TH,2026-09-06,1,https://www.aviasales.com/search/JFK0609HKT1?marker=741311
530,386,USD,LAX,BKK,"Bangkok, Thailand",TH,2026-09-15,1,https://www.aviasales.com/search/LAX1509BKK1?marker=741311
531,386,USD,JFK,PMO,"Palermo, Italy",IT,2026-08-08,1,https://www.aviasales.com/search/JFK0808PMO1?marker=741311
532,388,USD,BOS,LJU,"Ljubljana, Slovenia",SI,2026-08-29,3,https://www.aviasales.com/search/BOS2908LJU1?marker=741311
533,388,USD,LAX,TSN,"Tianjin, China",CN,2026-09-11,1,https://www.aviasales.com/search/LAX1109TSN1?marker=741311
534,389,USD,DCA,XSC,"South Caicos, Turks and Caicos Islands",TC,2026-08-17,2,https://www.aviasales.com/search/DCA1708XSC1?marker=741311
535,389,USD,LAX,SYX,"Sanya, China",CN,2026-08-25,1,https://www.aviasales.com/search/LAX2508SYX1?marker=741311
536,389,USD,JFK,PRN,"Pristina, Kosovo",XK,2026-08-21,2,https://www.aviasales.com/search/JFK2108PRN1?marker=741311
537,390,USD,RDU,PHF,"Newport News, United States",US,2026-08-15,2,https://www.aviasales.com/search/RDU1508PHF1?marker=741311
538,391,USD,JFK,STR,"Stuttgart, Germany",DE,2026-11-05,1,https://www.aviasales.com/search/JFK0511STR1?marker=741311
539,392,USD,ORD,MFE,"McAllen, United States",US,2026-08-10,1,https://www.aviasales.com/search/ORD1008MFE1?marker=741311
540,393,USD,MIA,CUC,"Cucuta, Colombia",CO,2026-12-22,1,https://www.aviasales.com/search/MIA2212CUC1?marker=741311
541,393,USD,ORD,AUW,"Wausau, United States",US,2026-08-11,0,https://www.aviasales.com/search/ORD1108AUW1?marker=741311
542,394,USD,ORD,AOO,"Altoona, United States",US,2026-08-09,2,https://www.aviasales.com/search/ORD0908AOO1?marker=741311
543,394,USD,DTW,LPL,"Liverpool, United Kingdom",GB,2026-09-27,2,https://www.aviasales.com/search/DTW2709LPL1?marker=741311
544,395,USD,LAX,KUL,"Kuala Lumpur, Malaysia",MY,2026-10-20,1,https://www.aviasales.com/search/LAX2010KUL1?marker=741311
545,395,USD,TPA,SJJ,"Sarajevo, Bosnia and Herzegovina",BA,2026-08-24,3,https://www.aviasales.com/search/TPA2408SJJ1?marker=741311
546,395,USD,PHX,LTO,"Loreto, Mexico",MX,2026-08-08,1,https://www.aviasales.com/search/PHX0808LTO1?marker=741311
547,396,USD,MIA,HOG,"Holguin, Cuba",CU,2026-09-12,0,https://www.aviasales.com/search/MIA1209HOG1?marker=741311
548,396,USD,LAX,NAN,"Nadi, Fiji",FJ,2026-08-09,0,https://www.aviasales.com/search/LAX0908NAN1?marker=741311
549,397,USD,JFK,BSZ,"Bishkek, Kyrgyzstan",KG,2026-10-15,2,https://www.aviasales.com/search/JFK1510BSZ1?marker=741311
550,397,USD,JFK,GVA,"Geneva, Switzerland",CH,2027-01-04,3,https://www.aviasales.com/search/JFK0401GVA1?marker=741311
551,397,USD,PHX,TEX,"Telluride, United States",US,2026-08-11,2,https://www.aviasales.com/search/PHX1108TEX1?marker=741311
552,398,USD,BOS,CEC,"Crescent City, United States",US,2026-08-13,2,https://www.aviasales.com/search/BOS1308CEC1?marker=741311
553,400,USD,CLT,ALA,"Almaty, Kazakhstan",KZ,2027-01-20,4,https://www.aviasales.com/search/CLT2001ALA1?marker=741311
554,400,USD,BOS,BNX,"Banja Luka, Bosnia and Herzegovina",BA,2026-08-20,2,https://www.aviasales.com/search/BOS2008BNX1?marker=741311
555,400,USD,IAD,ZSA,"San Salvador, Bahamas",BS,2026-11-20,2,https://www.aviasales.com/search/IAD2011ZSA1?marker=741311
556,400,USD,LAX,HGH,"Hangzhou, China",CN,2026-09-09,1,https://www.aviasales.com/search/LAX0909HGH1?marker=741311
557,403,USD,JFK,LWN,"Gyumri, Armenia",AM,2026-09-21,3,https://www.aviasales.com/search/JFK2109LWN1?marker=741311
558,405,USD,LAX,CLL,"College Station, United States",US,2026-08-12,1,https://www.aviasales.com/search/LAX1208CLL1?marker=741311
559,405,USD,SLC,UPN,"Uruapan, Mexico",MX,2026-08-14,2,https://www.aviasales.com/search/SLC1408UPN1?marker=741311
560,408,USD,MIA,OCJ,"Ocho Rios, Jamaica",JM,2026-12-09,0,https://www.aviasales.com/search/MIA0912OCJ1?marker=741311
561,409,USD,ORD,RUH,"Riyadh, Saudi Arabia",SA,2026-08-09,1,https://www.aviasales.com/search/ORD0908RUH1?marker=741311
562,409,USD,LAX,CTU,"Chengdu, China",CN,2026-08-30,1,https://www.aviasales.com/search/LAX3008CTU1?marker=741311
563,409,USD,IAH,AHO,"Alghero, Italy",IT,2026-08-25,3,https://www.aviasales.com/search/IAH2508AHO1?marker=741311
564,409,USD,IAH,LPA,"Las Palmas, Spain",ES,2026-09-23,3,https://www.aviasales.com/search/IAH2309LPA1?marker=741311
565,410,USD,DTW,KWI,"Kuwait City, Kuwait",KW,2026-10-20,2,https://www.aviasales.com/search/DTW2010KWI1?marker=741311
566,410,USD,IAD,COU,"Columbia, United States",US,2026-08-14,2,https://www.aviasales.com/search/IAD1408COU1?marker=741311
567,411,USD,SFO,OKA,"Okinawa, Japan",JP,2026-08-27,2,https://www.aviasales.com/search/SFO2708OKA1?marker=741311
568,412,USD,ORD,RST,"Rochester, United States",US,2026-08-16,0,https://www.aviasales.com/search/ORD1608RST1?marker=741311
569,412,USD,LAS,MFM,"Macau, Macau",MO,2026-09-15,1,https://www.aviasales.com/search/LAS1509MFM1?marker=741311
570,413,USD,LAX,SZX,"Shenzhen, China",CN,2026-08-24,1,https://www.aviasales.com/search/LAX2408SZX1?marker=741311
571,414,USD,MIA,FOC,"Fuzhou, China",CN,2026-10-01,2,https://www.aviasales.com/search/MIA0110FOC1?marker=741311
572,414,USD,JFK,BAH,"Manama, Bahrain",BH,2026-08-13,1,https://www.aviasales.com/search/JFK1308BAH1?marker=741311
573,415,USD,BOS,ADD,"Addis Ababa, Ethiopia",ET,2026-09-07,1,https://www.aviasales.com/search/BOS0709ADD1?marker=741311
574,415,USD,DFW,SWO,"Stillwater, United States",US,2026-08-13,0,https://www.aviasales.com/search/DFW1308SWO1?marker=741311
575,415,USD,IAH,SUX,"Sioux City, United States",US,2026-08-16,1,https://www.aviasales.com/search/IAH1608SUX1?marker=741311
576,415,USD,IAH,ACT,"Waco, United States",US,2026-08-10,1,https://www.aviasales.com/search/IAH1008ACT1?marker=741311
577,415,USD,SLC,LBF,"North Platte, United States",US,2026-08-13,1,https://www.aviasales.com/search/SLC1308LBF1?marker=741311
578,415,USD,PDX,PQI,"Presque Isle, United States",US,2026-08-15,1,https://www.aviasales.com/search/PDX1508PQI1?marker=741311
579,416,USD,IAD,LUX,"Luxembourg, Luxembourg",LU,2026-09-18,3,https://www.aviasales.com/search/IAD1809LUX1?marker=741311
580,416,USD,SLC,CCP,"Concepcion, Chile",CL,2026-09-13,3,https://www.aviasales.com/search/SLC1309CCP1?marker=741311
581,417,USD,DFW,LNS,"Lancaster, United States",US,2026-08-09,2,https://www.aviasales.com/search/DFW0908LNS1?marker=741311
582,417,USD,SFO,MKK,"Hoolehua, United States",US,2026-08-07,2,https://www.aviasales.com/search/SFO0708MKK1?marker=741311
583,417,USD,LAX,ITH,"Ithaca, United States",US,2026-08-12,1,https://www.aviasales.com/search/LAX1208ITH1?marker=741311
584,419,USD,MSP,GCC,"Gillette, United States",US,2026-08-13,1,https://www.aviasales.com/search/MSP1308GCC1?marker=741311
585,420,USD,SAN,EBL,"Erbil, Iraq",IQ,2026-09-28,2,https://www.aviasales.com/search/SAN2809EBL1?marker=741311
586,421,USD,PHL,MOW,"Moscow, Russia",RU,2027-01-18,4,https://www.aviasales.com/search/PHL1801MOW1?marker=741311
587,421,USD,BOS,MXL,"Mexicali, Mexico",MX,2026-08-12,3,https://www.aviasales.com/search/BOS1208MXL1?marker=741311
588,422,USD,BOS,LDB,"Londrina, Brazil",BR,2026-09-14,3,https://www.aviasales.com/search/BOS1409LDB1?marker=741311
589,422,USD,ORD,IGU,"Foz do Iguaçu, Brazil",BR,2026-11-02,2,https://www.aviasales.com/search/ORD0211IGU1?marker=741311
590,422,USD,JFK,NUE,"Nuremberg, Germany",DE,2026-08-07,1,https://www.aviasales.com/search/JFK0708NUE1?marker=741311
591,422,USD,JFK,STO,"Stockholm, Sweden",SE,2026-08-15,1,https://www.aviasales.com/search/JFK1508STO1?marker=741311
592,423,USD,SEA,OSA,"Osaka, Japan",JP,2026-09-15,1,https://www.aviasales.com/search/SEA1509OSA1?marker=741311
593,428,USD,ATL,TXK,"Texarkana, United States",US,2026-08-15,2,https://www.aviasales.com/search/ATL1508TXK1?marker=741311
594,428,USD,ATL,ACC,"Accra, Ghana",GH,2026-08-29,1,https://www.aviasales.com/search/ATL2908ACC1?marker=741311
595,428,USD,ORD,DVL,"Devils Lake, United States",US,2026-08-09,1,https://www.aviasales.com/search/ORD0908DVL1?marker=741311
596,429,USD,JFK,LOS,"Lagos, Nigeria",NG,2026-09-14,1,https://www.aviasales.com/search/JFK1409LOS1?marker=741311
597,430,USD,LAS,UBS,"Columbus, United States",US,2026-08-12,1,https://www.aviasales.com/search/LAS1208UBS1?marker=741311
598,432,USD,DTW,SSM,"Sault Ste. Marie, United States",US,2026-08-12,1,https://www.aviasales.com/search/DTW1208SSM1?marker=741311
599,432,USD,FLL,GCK,"Garden City, United States",US,2026-08-11,1,https://www.aviasales.com/search/FLL1108GCK1?marker=741311
600,433,USD,JFK,BJL,"Banjul, Gambia",GM,2026-10-26,3,https://www.aviasales.com/search/JFK2610BJL1?marker=741311
601,433,USD,JFK,CCS,"Caracas, Venezuela",VE,2026-09-18,2,https://www.aviasales.com/search/JFK1809CCS1?marker=741311
602,433,USD,JFK,RDO,"Radom, Poland",PL,2026-08-14,1,https://www.aviasales.com/search/JFK1408RDO1?marker=741311
603,435,USD,JFK,GOI,"Goa, India",IN,2026-09-30,1,https://www.aviasales.com/search/JFK3009GOI1?marker=741311
604,436,USD,JFK,BDQ,"Vadodara, India",IN,2026-10-06,2,https://www.aviasales.com/search/JFK0610BDQ1?marker=741311
605,436,USD,TPA,IPN,"Ipatinga, Brazil",BR,2026-10-01,3,https://www.aviasales.com/search/TPA0110IPN1?marker=741311
606,437,USD,LAS,PFO,"Paphos, Cyprus",CY,2026-12-05,2,https://www.aviasales.com/search/LAS0512PFO1?marker=741311
607,441,USD,LAX,TRN,"Turin, Italy",IT,2026-08-07,2,https://www.aviasales.com/search/LAX0708TRN1?marker=741311
608,441,USD,ORD,ECN,"Ercan, Northern Cyprus",NY,2026-10-23,3,https://www.aviasales.com/search/ORD2310ECN1?marker=741311
609,442,USD,JFK,TAS,"Tashkent, Uzbekistan",UZ,2026-10-21,3,https://www.aviasales.com/search/JFK2110TAS1?marker=741311
610,442,USD,LAX,CEB,"Cebu City, Philippines",PH,2026-08-07,1,https://www.aviasales.com/search/LAX0708CEB1?marker=741311
611,443,USD,ORD,HER,"Heraklion, Greece",GR,2026-08-14,1,https://www.aviasales.com/search/ORD1408HER1?marker=741311
612,444,USD,JFK,JAI,"Jaipur, India",IN,2026-08-30,2,https://www.aviasales.com/search/JFK3008JAI1?marker=741311
613,444,USD,LAX,CGO,"Zhengzhou, China",CN,2026-09-26,1,https://www.aviasales.com/search/LAX2609CGO1?marker=741311
614,445,USD,ORD,ATQ,"Amritsar, India",IN,2026-09-13,2,https://www.aviasales.com/search/ORD1309ATQ1?marker=741311
615,445,USD,SFO,HUI,"Hue, Vietnam",VN,2026-09-09,2,https://www.aviasales.com/search/SFO0909HUI1?marker=741311
616,446,USD,JFK,LED,"Saint Petersburg, Russia",RU,2026-10-20,3,https://www.aviasales.com/search/JFK2010LED1?marker=741311
617,447,USD,IAH,CAG,"Cagliari, Italy",IT,2026-08-25,2,https://www.aviasales.com/search/IAH2508CAG1?marker=741311
618,447,USD,LAX,CGY,"Cagayan De Oro, Philippines",PH,2026-10-14,2,https://www.aviasales.com/search/LAX1410CGY1?marker=741311
619,448,USD,AUS,AGB,"Augsburg, Germany",DE,2026-10-13,1,https://www.aviasales.com/search/AUS1310AGB1?marker=741311
620,448,USD,JFK,LYH,"Lynchburg, United States",US,2026-08-12,1,https://www.aviasales.com/search/JFK1208LYH1?marker=741311
621,451,USD,JFK,HRG,"Hurghada, Egypt",EG,2026-08-22,3,https://www.aviasales.com/search/JFK2208HRG1?marker=741311
622,453,USD,JFK,SVX,"Yekaterinburg, Russia",RU,2026-12-06,3,https://www.aviasales.com/search/JFK0612SVX1?marker=741311
623,453,USD,IAD,DPS,"Denpasar (Bali), Indonesia",ID,2026-09-25,1,https://www.aviasales.com/search/IAD2509DPS1?marker=741311
624,453,USD,DCA,LFT,"Lafayette, United States",US,2026-08-06,2,https://www.aviasales.com/search/DCA0608LFT1?marker=741311
625,453,USD,FLL,BOD,"Bordeaux, France",FR,2026-09-07,3,https://www.aviasales.com/search/FLL0709BOD1?marker=741311
626,455,USD,ORD,HYD,"Hyderabad, India",IN,2026-11-22,2,https://www.aviasales.com/search/ORD2211HYD1?marker=741311
627,456,USD,LAX,NHA,"Nha Trang, Vietnam",VN,2026-09-08,2,https://www.aviasales.com/search/LAX0809NHA1?marker=741311
628,457,USD,JFK,UFA,"Ufa, Russia",RU,2026-11-29,3,https://www.aviasales.com/search/JFK2911UFA1?marker=741311
629,458,USD,SLC,CUZ,"Cusco, Peru",PE,2026-08-18,3,https://www.aviasales.com/search/SLC1808CUZ1?marker=741311
630,462,USD,ORD,OSS,"Osh, Kyrgyzstan",KG,2026-11-29,4,https://www.aviasales.com/search/ORD2911OSS1?marker=741311
631,462,USD,JFK,SCO,"Aktau, Kazakhstan",KZ,2026-09-11,2,https://www.aviasales.com/search/JFK1109SCO1?marker=741311
632,462,USD,LAX,OGD,"Ogden, United States",US,2026-08-15,2,https://www.aviasales.com/search/LAX1508OGD1?marker=741311
633,463,USD,JFK,NQZ,"Astana, Kazakhstan",KZ,2026-08-25,2,https://www.aviasales.com/search/JFK2508NQZ1?marker=741311
634,464,USD,JFK,PSG,"Petersburg, United States",US,2026-09-26,1,https://www.aviasales.com/search/JFK2609PSG1?marker=741311
635,466,USD,ATL,SOU,"Southampton, United Kingdom",GB,2026-08-07,3,https://www.aviasales.com/search/ATL0708SOU1?marker=741311
636,466,USD,MCO,PLN,"Pellston, United States",US,2026-08-14,1,https://www.aviasales.com/search/MCO1408PLN1?marker=741311
637,467,USD,LAX,PQC,"Phu Quoc, Vietnam",VN,2026-09-01,1,https://www.aviasales.com/search/LAX0109PQC1?marker=741311
638,468,USD,JFK,URA,"Oral, Kazakhstan",KZ,2026-10-04,3,https://www.aviasales.com/search/JFK0410URA1?marker=741311
639,469,USD,LAX,MLE,"Male, Maldives",MV,2026-09-02,1,https://www.aviasales.com/search/LAX0209MLE1?marker=741311
640,469,USD,MIA,PGV,"Greenville, United States",US,2026-08-07,1,https://www.aviasales.com/search/MIA0708PGV1?marker=741311
641,470,USD,JFK,DYU,"Dushanbe, Tajikistan",TJ,2026-09-28,2,https://www.aviasales.com/search/JFK2809DYU1?marker=741311
642,471,USD,JFK,AQP,"Arequipa, Peru",PE,2026-08-18,3,https://www.aviasales.com/search/JFK1808AQP1?marker=741311
643,471,USD,JFK,DKR,"Dakar, Senegal",SN,2026-08-28,1,https://www.aviasales.com/search/JFK2808DKR1?marker=741311
644,472,USD,ORD,MED,"Medina, Saudi Arabia",SA,2026-08-30,2,https://www.aviasales.com/search/ORD3008MED1?marker=741311
645,472,USD,SAN,SSA,"Salvador, Brazil",BR,2026-09-06,1,https://www.aviasales.com/search/SAN0609SSA1?marker=741311
646,473,USD,BOS,GYN,"Goiania, Brazil",BR,2026-08-26,2,https://www.aviasales.com/search/BOS2608GYN1?marker=741311
647,475,USD,MIA,DOM,"Dominica, Dominica",DM,2027-01-04,0,https://www.aviasales.com/search/MIA0401DOM1?marker=741311
648,476,USD,ORD,SKD,"Samarkand, Uzbekistan",UZ,2026-12-07,4,https://www.aviasales.com/search/ORD0712SKD1?marker=741311
649,476,USD,LAX,EAP,"Basel, Switzerland",CH,2026-12-30,3,https://www.aviasales.com/search/LAX3012EAP1?marker=741311
650,477,USD,JFK,UBN,"Ulaanbaatar, Mongolia",MN,2026-09-23,1,https://www.aviasales.com/search/JFK2309UBN1?marker=741311
651,478,USD,JFK,BUS,"Batumi, Georgia",GE,2026-11-16,3,https://www.aviasales.com/search/JFK1611BUS1?marker=741311
652,478,USD,JFK,SXV,"Salem, India",IN,2026-09-01,2,https://www.aviasales.com/search/JFK0109SXV1?marker=741311
653,479,USD,PDX,PIR,"Pierre, United States",US,2026-08-16,1,https://www.aviasales.com/search/PDX1608PIR1?marker=741311
654,481,USD,LAX,USM,"Koh Samui, Thailand",TH,2026-09-11,2,https://www.aviasales.com/search/LAX1109USM1?marker=741311
655,483,USD,ORD,RMI,"Rimini, Italy",IT,2026-08-07,2,https://www.aviasales.com/search/ORD0708RMI1?marker=741311
656,485,USD,ORD,MRV,"Mineralnye Vody, Russia",RU,2026-10-18,3,https://www.aviasales.com/search/ORD1810MRV1?marker=741311
657,487,USD,LAX,KRR,"Krasnodar, Russia",RU,2026-12-01,3,https://www.aviasales.com/search/LAX0112KRR1?marker=741311
658,487,USD,JFK,KZN,"Kazan, Russia",RU,2026-10-20,3,https://www.aviasales.com/search/JFK2010KZN1?marker=741311
659,488,USD,SEA,LEJ,"Leipzig/Halle, Germany",DE,2026-08-27,3,https://www.aviasales.com/search/SEA2708LEJ1?marker=741311
660,488,USD,LAX,FOR,"Fortaleza, Brazil",BR,2026-09-06,2,https://www.aviasales.com/search/LAX0609FOR1?marker=741311
661,489,USD,ORD,RGN,"Yangon, Myanmar",MM,2027-01-28,2,https://www.aviasales.com/search/ORD2801RGN1?marker=741311
662,489,USD,MCO,CWB,"Curitiba, Brazil",BR,2026-08-06,2,https://www.aviasales.com/search/MCO0608CWB1?marker=741311
663,490,USD,DFW,FIH,"Kinshasa, Democratic Republic of the Congo",CD,2026-08-15,1,https://www.aviasales.com/search/DFW1508FIH1?marker=741311
664,492,USD,LAX,SYD,"Sydney, Australia",AU,2026-08-12,0,https://www.aviasales.com/search/LAX1208SYD1?marker=741311
665,493,USD,JFK,KTM,"Kathmandu, Nepal",NP,2026-08-26,2,https://www.aviasales.com/search/JFK2608KTM1?marker=741311
666,494,USD,ORD,LIL,"Lille, France",FR,2026-08-07,2,https://www.aviasales.com/search/ORD0708LIL1?marker=741311
667,494,USD,LAX,KBV,"Krabi, Thailand",TH,2026-11-09,2,https://www.aviasales.com/search/LAX0911KBV1?marker=741311
668,495,USD,MIA,CND,"Constanta, Romania",RO,2026-09-05,3,https://www.aviasales.com/search/MIA0509CND1?marker=741311
669,495,USD,JFK,CNX,"Chiang Mai, Thailand",TH,2026-11-24,2,https://www.aviasales.com/search/JFK2411CNX1?marker=741311
670,495,USD,SLC,LCH,"Lake Charles, United States",US,2026-08-13,1,https://www.aviasales.com/search/SLC1308LCH1?marker=741311
671,496,USD,ORD,HAJ,"Hannover, Germany",DE,2026-10-12,1,https://www.aviasales.com/search/ORD1210HAJ1?marker=741311
672,497,USD,LAX,YUM,"Yuma, United States",US,2026-08-09,1,https://www.aviasales.com/search/LAX0908YUM1?marker=741311
673,497,USD,ORD,DRS,"Dresden, Germany",DE,2026-09-21,2,https://www.aviasales.com/search/ORD2109DRS1?marker=741311
674,498,USD,JFK,FAE,"Sorvágur, Faroe Islands",FO,2026-08-30,2,https://www.aviasales.com/search/JFK3008FAE1?marker=741311
675,498,USD,SFO,RIW,"Riverton, United States",US,2026-08-06,1,https://www.aviasales.com/search/SFO0608RIW1?marker=741311
676,498,USD,SFO,HEK,"Heihe, China",CN,2026-08-24,1,https://www.aviasales.com/search/SFO2408HEK1?marker=741311
677,499,USD,SEA,CKG,"Chongqing, China",CN,2026-09-10,1,https://www.aviasales.com/search/SEA1009CKG1?marker=741311
678,499,USD,SFO,KHN,"Nanchang, China",CN,2026-08-29,1,https://www.aviasales.com/search/SFO2908KHN1?marker=741311
679,500,USD,JFK,KUF,"Samara, Russia",RU,2026-11-12,3,https://www.aviasales.com/search/JFK1211KUF1?marker=741311
680,500,USD,JFK,CKY,"Conakry, Guinea",GN,2026-08-28,1,https://www.aviasales.com/search/JFK2808CKY1?marker=741311
681,504,USD,BOS,YQY,"Sydney, Canada",CA,2026-08-12,2,https://www.aviasales.com/search/BOS1208YQY1?marker=741311
682,504,USD,TPA,COV,"Mersin, Turkiye",TR,2026-09-20,3,https://www.aviasales.com/search/TPA2009COV1?marker=741311
683,505,USD,SAN,CRK,"City of Angeles, Philippines",PH,2026-09-12,2,https://www.aviasales.com/search/SAN1209CRK1?marker=741311
684,506,USD,IAH,IOA,"Ioannina, Greece",GR,2026-09-01,3,https://www.aviasales.com/search/IAH0109IOA1?marker=741311
685,506,USD,LAX,TLS,"Toulouse, France",FR,2026-12-17,2,https://www.aviasales.com/search/LAX1712TLS1?marker=741311
686,508,USD,SFO,XAP,"Chapeco, Brazil",BR,2026-08-31,3,https://www.aviasales.com/search/SFO3108XAP1?marker=741311
687,510,USD,PHX,EWB,"New Bedford, United States",US,2026-08-16,3,https://www.aviasales.com/search/PHX1608EWB1?marker=741311
688,511,USD,ORD,MLO,"Milos, Greece",GR,2026-08-07,1,https://www.aviasales.com/search/ORD0708MLO1?marker=741311
689,511,USD,LAX,BKI,"Kota-Kinabalu, Malaysia",MY,2026-08-27,2,https://www.aviasales.com/search/LAX2708BKI1?marker=741311
690,512,USD,ORD,PAS,"Paros, Greece",GR,2026-08-08,1,https://www.aviasales.com/search/ORD0808PAS1?marker=741311
691,514,USD,BOS,EBB,"Entebbe, Uganda",UG,2026-08-19,1,https://www.aviasales.com/search/BOS1908EBB1?marker=741311
692,514,USD,JFK,AER,"Adler/Sochi, Russia",RU,2026-09-27,3,https://www.aviasales.com/search/JFK2709AER1?marker=741311
693,515,USD,PHL,KHI,"Karachi, Pakistan",PK,2026-09-27,2,https://www.aviasales.com/search/PHL2709KHI1?marker=741311
694,518,USD,ORD,ART,"Watertown, United States",US,2026-08-09,1,https://www.aviasales.com/search/ORD0908ART1?marker=741311
695,518,USD,ORD,BPT,"Beaumont, United States",US,2026-08-10,1,https://www.aviasales.com/search/ORD1008BPT1?marker=741311
696,519,USD,SFO,DAC,"Dhaka, Bangladesh",BD,2026-08-16,1,https://www.aviasales.com/search/SFO1608DAC1?marker=741311
697,520,USD,JFK,GUW,"Atyrau, Kazakhstan",KZ,2026-09-18,2,https://www.aviasales.com/search/JFK1809GUW1?marker=741311
698,520,USD,LAX,BNE,"Brisbane, Australia",AU,2026-08-06,1,https://www.aviasales.com/search/LAX0608BNE1?marker=741311
699,523,USD,LAX,GUM,"Hagatna, Guam",GU,2026-09-16,3,https://www.aviasales.com/search/LAX1609GUM1?marker=741311
700,523,USD,FLL,BFS,"Belfast, United Kingdom",GB,2026-08-06,2,https://www.aviasales.com/search/FLL0608BFS1?marker=741311
701,524,USD,LAX,OOL,"Gold Coast, Australia",AU,2026-08-18,1,https://www.aviasales.com/search/LAX1808OOL1?marker=741311
702,526,USD,SLC,YYF,"Penticton, Canada",CA,2026-08-13,3,https://www.aviasales.com/search/SLC1308YYF1?marker=741311
703,527,USD,MIA,TGU,"Tegucigalpa, Honduras",HN,2026-08-13,2,https://www.aviasales.com/search/MIA1308TGU1?marker=741311
704,530,USD,MIA,APW,"Apia, Samoa",WS,2026-08-13,2,https://www.aviasales.com/search/MIA1308APW1?marker=741311
705,531,USD,PDX,YYT,"St. John's, Canada",CA,2026-08-14,3,https://www.aviasales.com/search/PDX1408YYT1?marker=741311
706,532,USD,JFK,TAG,"Tagbilaran, Philippines",PH,2026-09-06,2,https://www.aviasales.com/search/JFK0609TAG1?marker=741311
707,532,USD,TPA,HUY,"Humberside, United Kingdom",GB,2026-11-02,2,https://www.aviasales.com/search/TPA0211HUY1?marker=741311
708,534,USD,JFK,TAO,"Qingdao, China",CN,2026-09-08,1,https://www.aviasales.com/search/JFK0809TAO1?marker=741311
709,534,USD,ORD,NGB,"Ningbo, China",CN,2026-08-07,2,https://www.aviasales.com/search/ORD0708NGB1?marker=741311
710,538,USD,PDX,YAZ,"Tofino, Canada",CA,2026-08-11,1,https://www.aviasales.com/search/PDX1108YAZ1?marker=741311
711,539,USD,SEA,MEL,"Melbourne, Australia",AU,2026-08-14,2,https://www.aviasales.com/search/SEA1408MEL1?marker=741311
712,541,USD,JFK,MCX,"Makhachkala, Russia",RU,2026-09-01,2,https://www.aviasales.com/search/JFK0109MCX1?marker=741311
713,542,USD,LAS,NKT,"Cizre, Turkiye",TR,2026-09-12,3,https://www.aviasales.com/search/LAS1209NKT1?marker=741311
714,544,USD,AUS,SJW,"Shijiazhuang, China",CN,2026-08-25,2,https://www.aviasales.com/search/AUS2508SJW1?marker=741311
715,547,USD,JFK,GOJ,"Nizhniy Novgorod, Russia",RU,2026-10-02,3,https://www.aviasales.com/search/JFK0210GOJ1?marker=741311
716,547,USD,JFK,CPT,"Cape Town, South Africa",ZA,2026-10-18,1,https://www.aviasales.com/search/JFK1810CPT1?marker=741311
717,547,USD,JFK,SLN,"Salina, United States",US,2026-08-13,1,https://www.aviasales.com/search/JFK1308SLN1?marker=741311
718,549,USD,BOS,RTM,"Rotterdam, Netherlands",NL,2026-08-21,3,https://www.aviasales.com/search/BOS2108RTM1?marker=741311
719,550,USD,JFK,BPN,"Balikpapan, Indonesia",ID,2026-10-22,2,https://www.aviasales.com/search/JFK2210BPN1?marker=741311
720,551,USD,ATL,AKX,"Aktobe, Kazakhstan",KZ,2026-10-17,4,https://www.aviasales.com/search/ATL1710AKX1?marker=741311
721,551,USD,IAD,KOJ,"Kagoshima, Japan",JP,2026-08-25,3,https://www.aviasales.com/search/IAD2508KOJ1?marker=741311
722,552,USD,IAD,KBL,"Kabul, Afghanistan",AF,2026-09-04,1,https://www.aviasales.com/search/IAD0409KBL1?marker=741311
723,553,USD,SFO,VCA,"Can Tho, Vietnam",VN,2026-08-06,2,https://www.aviasales.com/search/SFO0608VCA1?marker=741311
724,558,USD,LAX,CMB,"Colombo, Sri Lanka",LK,2026-11-12,1,https://www.aviasales.com/search/LAX1211CMB1?marker=741311
725,560,USD,LAX,TOS,"Tromso, Norway",NO,2026-08-28,3,https://www.aviasales.com/search/LAX2808TOS1?marker=741311
726,561,USD,MIA,SBH,"Saint Barthelemy, Guadeloupe",GP,2026-09-01,2,https://www.aviasales.com/search/MIA0109SBH1?marker=741311
727,562,USD,LAX,MAA,"Chennai, India",IN,2026-08-29,2,https://www.aviasales.com/search/LAX2908MAA1?marker=741311
728,563,USD,MIA,VLN,"Valencia, Venezuela",VE,2026-08-06,2,https://www.aviasales.com/search/MIA0608VLN1?marker=741311
729,564,USD,LAX,VVO,"Vladivostok, Russia",RU,2026-11-16,2,https://www.aviasales.com/search/LAX1611VVO1?marker=741311
730,567,USD,LAX,UTP,"Pattaya, Thailand",TH,2026-09-12,3,https://www.aviasales.com/search/LAX1209UTP1?marker=741311
731,569,USD,BNA,DAR,"Dar Es Salaam, Tanzania",TZ,2026-08-20,2,https://www.aviasales.com/search/BNA2008DAR1?marker=741311
732,570,USD,MCO,INN,"Innsbruck, Austria",AT,2026-11-20,2,https://www.aviasales.com/search/MCO2011INN1?marker=741311
733,571,USD,IAD,ALY,"Alexandria, Egypt",EG,2026-08-11,1,https://www.aviasales.com/search/IAD1108ALY1?marker=741311
734,573,USD,JFK,BWN,"Bandar Seri Begawan, Brunei",BN,2026-09-08,2,https://www.aviasales.com/search/JFK0809BWN1?marker=741311
735,576,USD,DTW,MPL,"Montpellier, France",FR,2026-08-22,3,https://www.aviasales.com/search/DTW2208MPL1?marker=741311
736,580,USD,JFK,MDQ,"Mar Del Plata, Argentina",AR,2026-10-02,3,https://www.aviasales.com/search/JFK0210MDQ1?marker=741311
737,580,USD,RDU,OTH,"North Bend, United States",US,2026-08-14,1,https://www.aviasales.com/search/RDU1408OTH1?marker=741311
738,581,USD,JFK,UKK,"Oskemen, Kazakhstan",KZ,2026-09-18,3,https://www.aviasales.com/search/JFK1809UKK1?marker=741311
739,583,USD,JFK,KGD,"Kaliningrad, Russia",RU,2026-09-12,4,https://www.aviasales.com/search/JFK1209KGD1?marker=741311
740,583,USD,JFK,PEE,"Perm, Russia",RU,2026-09-25,2,https://www.aviasales.com/search/JFK2509PEE1?marker=741311
741,586,USD,JFK,REN,"Orenburg, Russia",RU,2027-01-19,4,https://www.aviasales.com/search/JFK1901REN1?marker=741311
742,588,USD,BOS,JHB,"Johor Bahru, Malaysia",MY,2026-10-06,3,https://www.aviasales.com/search/BOS0610JHB1?marker=741311
743,589,USD,JFK,KLO,"Kalibo, Philippines",PH,2027-01-06,2,https://www.aviasales.com/search/JFK0601KLO1?marker=741311
744,590,USD,IAD,LBV,"Libreville, Gabon",GA,2026-08-15,2,https://www.aviasales.com/search/IAD1508LBV1?marker=741311
745,590,USD,LAX,CIT,"Shymkent, Kazakhstan",KZ,2026-08-17,2,https://www.aviasales.com/search/LAX1708CIT1?marker=741311
746,591,USD,LAX,CNS,"Cairns, Australia",AU,2026-08-16,2,https://www.aviasales.com/search/LAX1608CNS1?marker=741311
747,595,USD,JFK,OGZ,"Vladikavkaz, Russia",RU,2026-09-25,2,https://www.aviasales.com/search/JFK2509OGZ1?marker=741311
748,596,USD,SFO,BOB,"Bora Bora, French Polynesia",PF,2026-08-24,1,https://www.aviasales.com/search/SFO2408BOB1?marker=741311
749,600,USD,BOS,MSQ,"Minsk, Belarus",BY,2026-09-20,4,https://www.aviasales.com/search/BOS2009MSQ1?marker=741311
750,600,USD,JFK,FUK,"Fukuoka, Japan",JP,2026-09-27,1,https://www.aviasales.com/search/JFK2709FUK1?marker=741311
751,601,USD,SFO,PLQ,"Palanga, Lithuania",LT,2026-08-21,3,https://www.aviasales.com/search/SFO2108PLQ1?marker=741311
752,602,USD,JFK,NGO,"Nagoya, Japan",JP,2026-09-27,1,https://www.aviasales.com/search/JFK2709NGO1?marker=741311
753,604,USD,DTW,SXB,"Strasbourg, France",FR,2026-08-22,2,https://www.aviasales.com/search/DTW2208SXB1?marker=741311
754,606,USD,LAX,URC,"Urumqi, China",CN,2026-08-07,1,https://www.aviasales.com/search/LAX0708URC1?marker=741311
755,608,USD,FLL,PAP,"Port-au-Prince, Haiti",HT,2026-08-12,1,https://www.aviasales.com/search/FLL1208PAP1?marker=741311
756,608,USD,SFO,GOT,"Gothenburg, Sweden",SE,2026-08-06,1,https://www.aviasales.com/search/SFO0608GOT1?marker=741311
757,608,USD,LAS,CAC,"Cascavel, Brazil",BR,2026-10-11,2,https://www.aviasales.com/search/LAS1110CAC1?marker=741311
758,609,USD,JFK,NMA,"Namangan, Uzbekistan",UZ,2026-08-10,2,https://www.aviasales.com/search/JFK1008NMA1?marker=741311
759,610,USD,MIA,BLA,"Barcelona, Venezuela",VE,2026-08-08,2,https://www.aviasales.com/search/MIA0808BLA1?marker=741311
760,612,USD,JFK,IAO,"Del Carmen, Philippines",PH,2026-09-03,2,https://www.aviasales.com/search/JFK0309IAO1?marker=741311
761,614,USD,JFK,KJA,"Krasnoyarsk, Russia",RU,2026-09-15,4,https://www.aviasales.com/search/JFK1509KJA1?marker=741311
762,614,USD,ORD,NKC,"Nouakchott, Mauritania",MR,2026-08-15,1,https://www.aviasales.com/search/ORD1508NKC1?marker=741311
763,615,USD,JFK,OVB,"Novosibirsk, Russia",RU,2026-08-17,3,https://www.aviasales.com/search/JFK1708OVB1?marker=741311
764,615,USD,SFO,LXR,"Luxor, Egypt",EG,2026-08-14,3,https://www.aviasales.com/search/SFO1408LXR1?marker=741311
765,616,USD,JFK,MMK,"Murmansk, Russia",RU,2026-08-31,4,https://www.aviasales.com/search/JFK3108MMK1?marker=741311
766,616,USD,JFK,SIT,"Sitka, United States",US,2026-08-19,2,https://www.aviasales.com/search/JFK1908SIT1?marker=741311
767,618,USD,IAD,ARH,"Arkhangelsk, Russia",RU,2026-12-01,4,https://www.aviasales.com/search/IAD0112ARH1?marker=741311
768,620,USD,JFK,LGK,"Langkawi, Malaysia",MY,2026-11-15,3,https://www.aviasales.com/search/JFK1511LGK1?marker=741311
769,625,USD,ORD,NDJ,"N'Djamena, Chad",TD,2026-08-07,2,https://www.aviasales.com/search/ORD0708NDJ1?marker=741311
770,625,USD,JFK,PBR,"Puerto Barrios, Guatemala",GT,2026-12-31,3,https://www.aviasales.com/search/JFK3112PBR1?marker=741311
771,625,USD,CLT,DVO,"Davao City, Philippines",PH,2026-08-25,4,https://www.aviasales.com/search/CLT2508DVO1?marker=741311
772,626,USD,SFO,HAK,"Haikou, China",CN,2026-08-06,1,https://www.aviasales.com/search/SFO0608HAK1?marker=741311
773,630,USD,SEA,SPN,"Saipan, Northern Mariana Islands",MP,2026-09-15,2,https://www.aviasales.com/search/SEA1509SPN1?marker=741311
774,633,USD,JFK,OUA,"Ouagadougou, Burkina Faso",BF,2026-09-15,3,https://www.aviasales.com/search/JFK1509OUA1?marker=741311
775,636,USD,JFK,CZX,"Changzhou, China",CN,2026-08-25,3,https://www.aviasales.com/search/JFK2508CZX1?marker=741311
776,641,USD,DFW,OMO,"Mostar, Bosnia and Herzegovina",BA,2026-08-17,4,https://www.aviasales.com/search/DFW1708OMO1?marker=741311
777,642,USD,JFK,ULY,"Ulyanovsk, Russia",RU,2026-10-17,4,https://www.aviasales.com/search/JFK1710ULY1?marker=741311
778,643,USD,JFK,MRU,"Mauritius, Mauritius",MU,2026-08-26,3,https://www.aviasales.com/search/JFK2608MRU1?marker=741311
779,647,USD,IAH,WNZ,"Wenzhou, China",CN,2026-08-07,4,https://www.aviasales.com/search/IAH0708WNZ1?marker=741311
780,647,USD,SFO,TNJ,"Tanjung Pinang, Indonesia",ID,2026-08-07,3,https://www.aviasales.com/search/SFO0708TNJ1?marker=741311
781,648,USD,DFW,DYG,"Dayong, China",CN,2026-10-28,2,https://www.aviasales.com/search/DFW2810DYG1?marker=741311
782,650,USD,SFO,CFR,"Caen, France",FR,2026-08-10,3,https://www.aviasales.com/search/SFO1008CFR1?marker=741311
783,651,USD,SFO,WJU,"Wonju, South Korea",KR,2026-08-06,3,https://www.aviasales.com/search/SFO0608WJU1?marker=741311
784,652,USD,LAX,IKT,"Irkutsk, Russia",RU,2026-09-03,2,https://www.aviasales.com/search/LAX0309IKT1?marker=741311
785,655,USD,BOS,UYU,"Uyuni, Bolivia",BO,2026-08-23,4,https://www.aviasales.com/search/BOS2308UYU1?marker=741311
786,657,USD,IAD,VOG,"Volgograd, Russia",RU,2026-10-29,4,https://www.aviasales.com/search/IAD2910VOG1?marker=741311
787,659,USD,LAX,PER,"Perth, Australia",AU,2026-08-14,2,https://www.aviasales.com/search/LAX1408PER1?marker=741311
788,660,USD,MIA,OMS,"Omsk, Russia",RU,2026-09-15,3,https://www.aviasales.com/search/MIA1509OMS1?marker=741311
789,665,USD,JFK,UGC,"Urgench, Uzbekistan",UZ,2026-08-09,3,https://www.aviasales.com/search/JFK0908UGC1?marker=741311
790,672,USD,LAS,MMH,"Mammoth Lakes, United States",US,2026-08-12,2,https://www.aviasales.com/search/LAS1208MMH1?marker=741311
791,673,USD,BOS,CEK,"Chelyabinsk, Russia",RU,2026-08-25,3,https://www.aviasales.com/search/BOS2508CEK1?marker=741311
792,673,USD,JFK,KSN,"Kostanay, Kazakhstan",KZ,2026-09-04,3,https://www.aviasales.com/search/JFK0409KSN1?marker=741311
793,674,USD,SFO,NAL,"Nalchik, Russia",RU,2026-08-26,4,https://www.aviasales.com/search/SFO2608NAL1?marker=741311
794,677,USD,SEA,LFW,"Lome, Togo",TG,2026-09-30,1,https://www.aviasales.com/search/SEA3009LFW1?marker=741311
795,679,USD,BNA,AKL,"Auckland, New Zealand",NZ,2026-12-01,1,https://www.aviasales.com/search/BNA0112AKL1?marker=741311
796,679,USD,IAH,GRZ,"Graz, Austria",AT,2026-08-26,3,https://www.aviasales.com/search/IAH2608GRZ1?marker=741311
797,680,USD,SFO,COK,"Kochi, India",IN,2026-08-08,2,https://www.aviasales.com/search/SFO0808COK1?marker=741311
798,681,USD,SFO,NAJ,"Nakhichevan, Azerbaijan",AZ,2026-08-15,3,https://www.aviasales.com/search/SFO1508NAJ1?marker=741311
799,681,USD,ORD,FEG,"Fergana, Uzbekistan",UZ,2026-11-10,3,https://www.aviasales.com/search/ORD1011FEG1?marker=741311
800,681,USD,JFK,BRE,"Bremen, Germany",DE,2026-08-06,1,https://www.aviasales.com/search/JFK0608BRE1?marker=741311
801,681,USD,SLC,WNP,"Naga, Philippines",PH,2026-08-26,4,https://www.aviasales.com/search/SLC2608WNP1?marker=741311
802,682,USD,JFK,ZNZ,"Zanzibar, Tanzania",TZ,2026-09-04,3,https://www.aviasales.com/search/JFK0409ZNZ1?marker=741311
803,683,USD,JFK,JNB,"Johannesburg, South Africa",ZA,2026-08-24,3,https://www.aviasales.com/search/JFK2408JNB1?marker=741311
804,690,USD,JFK,JRO,"Kilimanjaro, Tanzania",TZ,2026-09-01,1,https://www.aviasales.com/search/JFK0109JRO1?marker=741311
805,694,USD,ORD,AZN,"Andijan, Uzbekistan",UZ,2026-11-02,2,https://www.aviasales.com/search/ORD0211AZN1?marker=741311
806,695,USD,LAX,DRW,"Darwin, Australia",AU,2026-08-15,1,https://www.aviasales.com/search/LAX1508DRW1?marker=741311
807,695,USD,BNA,LUN,"Lusaka, Zambia",ZM,2026-11-01,2,https://www.aviasales.com/search/BNA0111LUN1?marker=741311
808,697,USD,JFK,NOZ,"Novokuznetsk, Russia",RU,2026-10-01,3,https://www.aviasales.com/search/JFK0110NOZ1?marker=741311
809,708,USD,DTW,MSR,"Mus, Turkiye",TR,2026-08-10,3,https://www.aviasales.com/search/DTW1008MSR1?marker=741311
810,713,USD,ORD,ASB,"Ashgabat, Turkmenistan",TM,2026-10-20,3,https://www.aviasales.com/search/ORD2010ASB1?marker=741311
811,714,USD,JFK,BHK,"Bukhara, Uzbekistan",UZ,2026-08-18,3,https://www.aviasales.com/search/JFK1808BHK1?marker=741311
812,715,USD,SFO,CCU,"Kolkata, India",IN,2026-10-20,2,https://www.aviasales.com/search/SFO2010CCU1?marker=741311
813,718,USD,RDU,HHR,"Hawthorne, United States",US,2026-08-12,3,https://www.aviasales.com/search/RDU1208HHR1?marker=741311
814,720,USD,LAX,VNS,"Varanasi, India",IN,2026-10-23,3,https://www.aviasales.com/search/LAX2310VNS1?marker=741311
815,728,USD,TPA,RLG,"Rostock, Germany",DE,2026-10-01,3,https://www.aviasales.com/search/TPA0110RLG1?marker=741311
816,729,USD,JFK,CSY,"Cheboksary, Russia",RU,2026-08-20,4,https://www.aviasales.com/search/JFK2008CSY1?marker=741311
817,739,USD,IAD,NBC,"Naberezhnye Chelny, Russia",RU,2026-08-10,4,https://www.aviasales.com/search/IAD1008NBC1?marker=741311
818,740,USD,JFK,RTW,"Saratov, Russia",RU,2026-08-10,3,https://www.aviasales.com/search/JFK1008RTW1?marker=741311
819,740,USD,JFK,DMB,"Taraz, Kazakhstan",KZ,2026-08-27,2,https://www.aviasales.com/search/JFK2708DMB1?marker=741311
820,742,USD,JFK,TJM,"Tyumen, Russia",RU,2026-09-01,3,https://www.aviasales.com/search/JFK0109TJM1?marker=741311
821,758,USD,JFK,WDH,"Windhoek, Namibia",NA,2026-09-07,3,https://www.aviasales.com/search/JFK0709WDH1?marker=741311
822,759,USD,ORD,NTG,"Nantong, China",CN,2026-08-08,3,https://www.aviasales.com/search/ORD0808NTG1?marker=741311
823,760,USD,ORD,SCC,"Prudhoe Bay/Deadhorse, United States",US,2026-08-10,1,https://www.aviasales.com/search/ORD1008SCC1?marker=741311
824,761,USD,LAX,KHV,"Khabarovsk, Russia",RU,2026-09-18,2,https://www.aviasales.com/search/LAX1809KHV1?marker=741311
825,762,USD,JFK,FJR,"Fujairah, United Arab Emirates",AE,2026-12-01,2,https://www.aviasales.com/search/JFK0112FJR1?marker=741311
826,764,USD,JFK,KQT,"Kurgon-Tyube (Bokhtar), Tajikistan",TJ,2026-08-20,3,https://www.aviasales.com/search/JFK2008KQT1?marker=741311
827,770,USD,ATL,NTL,"Newcastle, Australia",AU,2026-08-07,3,https://www.aviasales.com/search/ATL0708NTL1?marker=741311
828,776,USD,BOS,ADL,"Adelaide, Australia",AU,2026-08-30,2,https://www.aviasales.com/search/BOS3008ADL1?marker=741311
829,776,USD,JFK,TMJ,"Termez, Uzbekistan",UZ,2026-09-19,4,https://www.aviasales.com/search/JFK1909TMJ1?marker=741311
830,777,USD,FLL,NEV,"Nevis, Saint Kitts and Nevis",KN,2026-08-06,2,https://www.aviasales.com/search/FLL0608NEV1?marker=741311
831,777,USD,SFO,RKT,"Ras Al Khaimah, United Arab Emirates",AE,2026-08-06,2,https://www.aviasales.com/search/SFO0608RKT1?marker=741311
832,779,USD,JFK,SIA,"Xian, China",CN,2026-08-06,2,https://www.aviasales.com/search/JFK0608SIA1?marker=741311
833,782,USD,JFK,CJU,"Jeju, South Korea",KR,2026-08-07,2,https://www.aviasales.com/search/JFK0708CJU1?marker=741311
834,785,USD,SAN,GNJ,"Ganja, Azerbaijan",AZ,2026-08-23,3,https://www.aviasales.com/search/SAN2308GNJ1?marker=741311
835,792,USD,ATL,SEZ,"Mahe, Seychelles",SC,2026-09-17,2,https://www.aviasales.com/search/ATL1709SEZ1?marker=741311
836,801,USD,JFK,JHM,"Kapalua, United States",US,2026-08-06,2,https://www.aviasales.com/search/JFK0608JHM1?marker=741311
837,802,USD,PHL,MES,"Medan, Indonesia",ID,2026-08-07,3,https://www.aviasales.com/search/PHL0708MES1?marker=741311
838,802,USD,JFK,FRL,"Forli, Italy",IT,2026-08-06,2,https://www.aviasales.com/search/JFK0608FRL1?marker=741311
839,806,USD,LAX,VLI,"Port Vila, Vanuatu",VU,2026-08-07,2,https://www.aviasales.com/search/LAX0708VLI1?marker=741311
840,806,USD,JFK,SUV,"Suva, Fiji",FJ,2026-11-01,2,https://www.aviasales.com/search/JFK0111SUV1?marker=741311
841,809,USD,SAN,HSA,"Turkistan, Kazakhstan",KZ,2026-09-16,3,https://www.aviasales.com/search/SAN1609HSA1?marker=741311
842,811,USD,SFO,WLG,"Wellington, New Zealand",NZ,2026-08-14,2,https://www.aviasales.com/search/SFO1408WLG1?marker=741311
843,814,USD,BOS,JPR,"Ji-Parana, Brazil",BR,2026-10-31,3,https://www.aviasales.com/search/BOS3110JPR1?marker=741311
844,815,USD,ORD,PEZ,"Penza, Russia",RU,2026-09-01,4,https://www.aviasales.com/search/ORD0109PEZ1?marker=741311
845,826,USD,LAX,KVK,"Kirovsk, Russia",RU,2026-08-08,3,https://www.aviasales.com/search/LAX0808KVK1?marker=741311
846,829,USD,PDX,YKS,"Yakutsk, Russia",RU,2026-08-30,4,https://www.aviasales.com/search/PDX3008YKS1?marker=741311
847,829,USD,DFW,ASF,"Astrakhan, Russia",RU,2026-08-25,4,https://www.aviasales.com/search/DFW2508ASF1?marker=741311
848,831,USD,JFK,KEJ,"Kemerovo, Russia",RU,2026-08-27,3,https://www.aviasales.com/search/JFK2708KEJ1?marker=741311
849,833,USD,JFK,KZO,"Kzyl-Orda, Kazakhstan",KZ,2027-01-04,3,https://www.aviasales.com/search/JFK0401KZO1?marker=741311
850,835,USD,LAX,SCW,"Syktyvkar, Russia",RU,2026-08-08,3,https://www.aviasales.com/search/LAX0808SCW1?marker=741311
851,837,USD,LAS,BAX,"Barnaul, Russia",RU,2026-09-25,4,https://www.aviasales.com/search/LAS2509BAX1?marker=741311
852,844,USD,JFK,TNR,"Antananarivo, Madagascar",MG,2026-10-14,1,https://www.aviasales.com/search/JFK1410TNR1?marker=741311
853,845,USD,SLC,MBA,"Mombasa, Kenya",KE,2026-08-25,3,https://www.aviasales.com/search/SLC2508MBA1?marker=741311
854,850,USD,ORD,RGK,"Gorno-Altaysk, Russia",RU,2026-09-15,4,https://www.aviasales.com/search/ORD1509RGK1?marker=741311
855,852,USD,JFK,NJC,"Nizhnevartovsk, Russia",RU,2026-09-01,4,https://www.aviasales.com/search/JFK0109NJC1?marker=741311
856,856,USD,JFK,GOH,"Nuuk, Greenland",GL,2026-11-01,1,https://www.aviasales.com/search/JFK0111GOH1?marker=741311
857,858,USD,MIA,PLZ,"Port Elizabeth, South Africa",ZA,2026-08-06,2,https://www.aviasales.com/search/MIA0608PLZ1?marker=741311
858,863,USD,JFK,THL,"Tachilek, Myanmar",MM,2026-08-14,4,https://www.aviasales.com/search/JFK1408THL1?marker=741311
859,872,USD,PHX,HTA,"Chita, Russia",RU,2026-08-08,4,https://www.aviasales.com/search/PHX0808HTA1?marker=741311
860,874,USD,LAX,BQS,"Blagoveschensk, Russia",RU,2026-08-23,2,https://www.aviasales.com/search/LAX2308BQS1?marker=741311
861,877,USD,CLT,UUD,"Ulan-Ude, Russia",RU,2026-11-19,4,https://www.aviasales.com/search/CLT1911UUD1?marker=741311
862,886,USD,PHL,NOJ,"Noyabrsk, Russia",RU,2026-12-25,4,https://www.aviasales.com/search/PHL2512NOJ1?marker=741311
863,888,USD,JFK,NSK,"Norilsk, Russia",RU,2026-10-01,3,https://www.aviasales.com/search/JFK0110NSK1?marker=741311
864,889,USD,JFK,IPC,"Easter Island, Chile",CL,2026-11-18,1,https://www.aviasales.com/search/JFK1811IPC1?marker=741311
865,890,USD,SEA,OSW,"Orsk, Russia",RU,2026-08-10,4,https://www.aviasales.com/search/SEA1008OSW1?marker=741311
866,891,USD,ORD,KSQ,"Qarshi, Uzbekistan",UZ,2026-09-15,4,https://www.aviasales.com/search/ORD1509KSQ1?marker=741311
867,904,USD,DEN,ARK,"Arusha, Tanzania",TZ,2026-12-01,3,https://www.aviasales.com/search/DEN0112ARK1?marker=741311
868,909,USD,LAX,SGC,"Surgut, Russia",RU,2026-09-20,3,https://www.aviasales.com/search/LAX2009SGC1?marker=741311
869,915,USD,MIA,CYA,"Les Cayes, Haiti",HT,2026-08-12,4,https://www.aviasales.com/search/MIA1208CYA1?marker=741311
870,915,USD,JFK,MLW,"Monrovia, Liberia",LR,2026-08-17,1,https://www.aviasales.com/search/JFK1708MLW1?marker=741311
871,916,USD,ORD,UUS,"Yuzhno-Sakhalinsk, Russia",RU,2026-08-10,4,https://www.aviasales.com/search/ORD1008UUS1?marker=741311
872,933,USD,JFK,CUK,"Caye Caulker, Belize",BZ,2026-08-18,3,https://www.aviasales.com/search/JFK1808CUK1?marker=741311
873,947,USD,LAX,FNJ,"Pyongyang, North Korea",KP,2026-08-15,2,https://www.aviasales.com/search/LAX1508FNJ1?marker=741311
874,949,USD,JFK,GVR,"Governador Valadares, Brazil",BR,2026-12-17,3,https://www.aviasales.com/search/JFK1712GVR1?marker=741311
875,955,USD,LAX,HIR,"Honiara, Solomon Islands",SB,2026-08-16,2,https://www.aviasales.com/search/LAX1608HIR1?marker=741311
876,959,USD,LAX,ESL,"Elista, Russia",RU,2026-09-01,4,https://www.aviasales.com/search/LAX0109ESL1?marker=741311
877,961,USD,JFK,QXB,"Aix-en-Provence, France",FR,2026-08-21,1,https://www.aviasales.com/search/JFK2108QXB1?marker=741311
878,962,USD,JFK,ACH,"Altenrhein, Switzerland",CH,2026-08-22,2,https://www.aviasales.com/search/JFK2208ACH1?marker=741311
879,973,USD,IAH,PES,"Petrozavodsk, Russia",RU,2026-09-06,4,https://www.aviasales.com/search/IAH0609PES1?marker=741311
880,977,USD,ORD,LBD,"Khujand, Tajikistan",TJ,2026-08-10,3,https://www.aviasales.com/search/ORD1008LBD1?marker=741311
881,996,USD,SFO,NLK,"Norfolk Island, Norfolk Island",NF,2026-08-25,2,https://www.aviasales.com/search/SFO2508NLK1?marker=741311
882,1006,USD,ORD,PKC,"Petropavlovsk-Kamchatsky, Russia",RU,2026-09-01,4,https://www.aviasales.com/search/ORD0109PKC1?marker=741311
883,1007,USD,BNA,BJM,"Bujumbura, Burundi",BI,2026-11-01,3,https://www.aviasales.com/search/BNA0111BJM1?marker=741311
884,1022,USD,JFK,LXA,"Lhasa, China",CN,2026-08-06,3,https://www.aviasales.com/search/JFK0608LXA1?marker=741311
885,1032,USD,ORD,KRO,"Kurgan, Russia",RU,2026-08-14,4,https://www.aviasales.com/search/ORD1408KRO1?marker=741311
886,1048,USD,SEA,SKX,"Saransk, Russia",RU,2026-08-07,4,https://www.aviasales.com/search/SEA0708SKX1?marker=741311
887,1049,USD,SFO,GRQ,"Groningen, Netherlands",NL,2026-08-28,3,https://www.aviasales.com/search/SFO2808GRQ1?marker=741311
888,1050,USD,IAD,YAO,"Yaounde, Cameroon",CM,2026-12-21,2,https://www.aviasales.com/search/IAD2112YAO1?marker=741311
889,1060,USD,JFK,PEW,"Peshawar, Pakistan",PK,2026-12-21,1,https://www.aviasales.com/search/JFK2112PEW1?marker=741311
890,1075,USD,CLT,GRV,"Groznyy, Russia",RU,2026-08-07,3,https://www.aviasales.com/search/CLT0708GRV1?marker=741311
891,1079,USD,JFK,WVB,"Walvis Bay, Namibia",NA,2026-09-07,3,https://www.aviasales.com/search/JFK0709WVB1?marker=741311
892,1089,USD,LAX,NER,"Neryungri, Russia",RU,2026-08-20,4,https://www.aviasales.com/search/LAX2008NER1?marker=741311
893,1090,USD,PDX,KGP,"Kogalym, Russia",RU,2026-08-25,4,https://www.aviasales.com/search/PDX2508KGP1?marker=741311
894,1092,USD,ORD,SMT,"Sorriso, Brazil",BR,2026-08-07,3,https://www.aviasales.com/search/ORD0708SMT1?marker=741311
895,1117,USD,ORD,SID,"Sal, Cape Verde",CV,2026-12-19,2,https://www.aviasales.com/search/ORD1912SID1?marker=741311
896,1129,USD,ORD,DIG,"Diqing, China",CN,2026-09-30,3,https://www.aviasales.com/search/ORD3009DIG1?marker=741311
897,1156,USD,JFK,KGF,"Karagandy, Kazakhstan",KZ,2026-08-06,3,https://www.aviasales.com/search/JFK0608KGF1?marker=741311
898,1169,USD,SEA,VFA,"Victoria Falls, Zimbabwe",ZW,2026-08-09,3,https://www.aviasales.com/search/SEA0908VFA1?marker=741311
899,1189,USD,ORD,GDX,"Magadan, Russia",RU,2026-08-25,4,https://www.aviasales.com/search/ORD2508GDX1?marker=741311
900,1218,USD,FLL,MST,"Maastricht, Netherlands",NL,2026-08-06,3,https://www.aviasales.com/search/FLL0608MST1?marker=741311
901,1221,USD,JFK,INU,"Nauru Island, Nauru",NR,2026-08-22,2,https://www.aviasales.com/search/JFK2208INU1?marker=741311
902,1226,USD,MSP,TKK,"Truk, Micronesia",FM,2026-12-22,2,https://www.aviasales.com/search/MSP2212TKK1?marker=741311
903,1246,USD,MIA,LRM,"La Romana, Dominican Republic",DO,2026-08-13,2,https://www.aviasales.com/search/MIA1308LRM1?marker=741311
904,1246,USD,SFO,PPS,"Puerto Princesa, Philippines",PH,2026-12-19,2,https://www.aviasales.com/search/SFO1912PPS1?marker=741311
905,1279,USD,MSP,HGA,"Hargeisa, Somalia",SO,2026-08-15,3,https://www.aviasales.com/search/MSP1508HGA1?marker=741311
906,1304,USD,SEA,MJZ,"Mirnyj, Russia",RU,2026-08-22,3,https://www.aviasales.com/search/SEA2208MJZ1?marker=741311
907,1355,USD,JFK,ABA,"Abakan, Russia",RU,2026-08-19,2,https://www.aviasales.com/search/JFK1908ABA1?marker=741311
908,1382,USD,PHL,NOS,"Nossi-Be, Madagascar",MG,2026-09-30,2,https://www.aviasales.com/search/PHL3009NOS1?marker=741311
909,1479,USD,JFK,DUT,"Dutch Harbor, United States",US,2026-08-06,2,https://www.aviasales.com/search/JFK0608DUT1?marker=741311
910,1536,USD,DFW,HRI,"Hambantota, Sri Lanka",LK,2026-12-24,4,https://www.aviasales.com/search/DFW2412HRI1?marker=741311
911,1560,USD,MIA,MAJ,"Majuro, Marshall Islands",MH,2026-08-25,2,https://www.aviasales.com/search/MIA2508MAJ1?marker=741311
912,2244,USD,JFK,XCH,"Christmas Island, Christmas Island",CX,2026-08-26,3,https://www.aviasales.com/search/JFK2608XCH1?marker=741311
913,2304,USD,JFK,JHS,"Sisimiut, Greenland",GL,2026-08-13,2,https://www.aviasales.com/search/JFK1308JHS1?marker=741311
914,6801,USD,JFK,PNI,"Pohnpei, Micronesia",FM,2026-08-19,2,https://www.aviasales.com/search/JFK1908PNI1?marker=741311
