rank,price,currency,origin,destination_code,destination_name,country_code,depart,stops,booking_link
1,17,USD,LAX,SFO,"San Francisco, United States",US,2026-11-17,0,https://www.aviasales.com/search/LAX1711SFO1?marker=741311
2,17,USD,LAX,LAS,"Las Vegas, United States",US,2026-11-18,0,https://www.aviasales.com/search/LAX1811LAS1?marker=741311
3,18,USD,FLL,ATL,"Atlanta, United States",US,2026-10-23,0,https://www.aviasales.com/search/FLL2310ATL1?marker=741311
4,18,USD,SFO,LAX,"Los Angeles, United States",US,2026-10-27,0,https://www.aviasales.com/search/SFO2710LAX1?marker=741311
5,19,USD,RDU,ORL,"Orlando, United States",US,2026-11-11,0,https://www.aviasales.com/search/RDU1111ORL1?marker=741311
6,19,USD,ATL,TPA,"Tampa, United States",US,2026-11-11,0,https://www.aviasales.com/search/ATL1111TPA1?marker=741311
7,19,USD,ATL,RDU,"Raleigh, United States",US,2026-10-24,0,https://www.aviasales.com/search/ATL2410RDU1?marker=741311
8,19,USD,PHX,SAN,"San Diego, United States",US,2026-10-21,0,https://www.aviasales.com/search/PHX2110SAN1?marker=741311
9,20,USD,SAN,DEN,"Denver, United States",US,2026-12-09,0,https://www.aviasales.com/search/SAN0912DEN1?marker=741311
10,20,USD,SFO,ONT,"Ontario, United States",US,2026-12-08,0,https://www.aviasales.com/search/SFO0812ONT1?marker=741311
11,22,USD,ATL,HOU,"Houston, United States",US,2026-10-28,0,https://www.aviasales.com/search/ATL2810HOU1?marker=741311
12,24,USD,ATL,PHL,"Philadelphia, United States",US,2026-10-24,0,https://www.aviasales.com/search/ATL2410PHL1?marker=741311
13,24,USD,LAS,PHX,"Phoenix, United States",US,2026-10-22,0,https://www.aviasales.com/search/LAS2210PHX1?marker=741311
14,25,USD,LAX,SAC,"Sacramento, United States",US,2026-11-09,0,https://www.aviasales.com/search/LAX0911SAC1?marker=741311
15,27,USD,MCO,CLE,"Cleveland, United States",US,2026-10-15,0,https://www.aviasales.com/search/MCO1510CLE1?marker=741311
16,28,USD,FLL,CHA,"Chattanooga, United States",US,2026-11-05,0,https://www.aviasales.com/search/FLL0511CHA1?marker=741311
17,29,USD,DEN,SLC,"Salt Lake City, United States",US,2026-11-04,0,https://www.aviasales.com/search/DEN0411SLC1?marker=741311
18,31,USD,DTW,BWI,"Baltimore, United States",US,2026-11-26,0,https://www.aviasales.com/search/DTW2611BWI1?marker=741311
19,31,USD,BNA,CHI,"Chicago, United States",US,2026-10-15,0,https://www.aviasales.com/search/BNA1510CHI1?marker=741311
20,33,USD,LAX,SJC,"San Jose, United States",US,2026-11-02,0,https://www.aviasales.com/search/LAX0211SJC1?marker=741311
21,33,USD,ATL,JAX,"Jacksonville, United States",US,2026-11-21,0,https://www.aviasales.com/search/ATL2111JAX1?marker=741311
22,33,USD,IAD,TYS,"Knoxville, United States",US,2026-10-25,0,https://www.aviasales.com/search/IAD2510TYS1?marker=741311
23,34,USD,ATL,DFW,"Dallas, United States",US,2026-11-04,0,https://www.aviasales.com/search/ATL0411DFW1?marker=741311
24,35,USD,ATL,FLL,"Fort Lauderdale, United States",US,2027-02-08,0,https://www.aviasales.com/search/ATL0802FLL1?marker=741311
25,37,USD,MCO,MSP,"Minneapolis, United States",US,2026-10-15,0,https://www.aviasales.com/search/MCO1510MSP1?marker=741311
26,37,USD,ATL,GDL,"Guadalajara, Mexico",MX,2026-10-12,0,https://www.aviasales.com/search/ATL1210GDL1?marker=741311
27,39,USD,DEN,BNA,"Nashville, United States",US,2026-11-12,0,https://www.aviasales.com/search/DEN1211BNA1?marker=741311
28,40,USD,IAH,MIA,"Miami, United States",US,2026-11-12,0,https://www.aviasales.com/search/IAH1211MIA1?marker=741311
29,40,USD,FLL,SWF,"Newburgh, United States",US,2026-10-29,0,https://www.aviasales.com/search/FLL2910SWF1?marker=741311
30,40,USD,LAX,SEA,"Seattle, United States",US,2026-11-11,1,https://www.aviasales.com/search/LAX1111SEA1?marker=741311
31,42,USD,MCO,CLT,"Charlotte, United States",US,2026-10-14,0,https://www.aviasales.com/search/MCO1410CLT1?marker=741311
32,44,USD,LAS,FAT,"Fresno, United States",US,2026-10-10,0,https://www.aviasales.com/search/LAS1010FAT1?marker=741311
33,45,USD,MIA,WAS,"Washington, United States",US,2026-10-28,1,https://www.aviasales.com/search/MIA2810WAS1?marker=741311
34,45,USD,MIA,NYC,"New York, United States",US,2026-11-09,1,https://www.aviasales.com/search/MIA0911NYC1?marker=741311
35,45,USD,MCO,IND,"Indianapolis, United States",US,2026-11-10,1,https://www.aviasales.com/search/MCO1011IND1?marker=741311
36,46,USD,IAD,AUS,"Austin, United States",US,2026-10-19,1,https://www.aviasales.com/search/IAD1910AUS1?marker=741311
37,49,USD,FLL,CMH,"Columbus, United States",US,2026-11-20,0,https://www.aviasales.com/search/FLL2011CMH1?marker=741311
38,51,USD,DCA,BOS,"Boston, United States",US,2026-12-08,0,https://www.aviasales.com/search/DCA0812BOS1?marker=741311
39,52,USD,TPA,DTT,"Detroit, United States",US,2026-11-05,0,https://www.aviasales.com/search/TPA0511DTT1?marker=741311
40,54,USD,IAD,CVG,"Cincinnati, United States",US,2026-10-26,1,https://www.aviasales.com/search/IAD2610CVG1?marker=741311
41,54,USD,TPA,EYW,"Key West, United States",US,2026-10-05,0,https://www.aviasales.com/search/TPA0510EYW1?marker=741311
42,56,USD,SAN,OAK,"Oakland, United States",US,2026-11-05,0,https://www.aviasales.com/search/SAN0511OAK1?marker=741311
43,57,USD,MCO,MSY,"New Orleans, United States",US,2026-11-04,1,https://www.aviasales.com/search/MCO0411MSY1?marker=741311
44,57,USD,LAX,RNO,"Reno, United States",US,2027-01-16,0,https://www.aviasales.com/search/LAX1601RNO1?marker=741311
45,58,USD,ORD,STL,"St Louis, United States",US,2026-10-29,0,https://www.aviasales.com/search/ORD2910STL1?marker=741311
46,59,USD,LAS,MFR,"Medford, United States",US,2026-10-16,0,https://www.aviasales.com/search/LAS1610MFR1?marker=741311
47,60,USD,TPA,ILM,"Wilmington, United States",US,2026-10-22,0,https://www.aviasales.com/search/TPA2210ILM1?marker=741311
48,62,USD,PHX,LGB,"Long Beach, United States",US,2026-12-14,0,https://www.aviasales.com/search/PHX1412LGB1?marker=741311
49,65,USD,TPA,YTO,"Toronto, Canada",CA,2026-11-30,0,https://www.aviasales.com/search/TPA3011YTO1?marker=741311
50,65,USD,MIA,NAS,"Nassau, Bahamas",BS,2027-02-20,0,https://www.aviasales.com/search/MIA2002NAS1?marker=741311
51,66,USD,LAS,FCA,"Kalispell, United States",US,2026-10-09,0,https://www.aviasales.com/search/LAS0910FCA1?marker=741311
52,68,USD,MCO,CAK,"Akron, United States",US,2026-10-07,0,https://www.aviasales.com/search/MCO0710CAK1?marker=741311
53,68,USD,FLL,PNS,"Pensacola, United States",US,2026-10-15,0,https://www.aviasales.com/search/FLL1510PNS1?marker=741311
54,69,USD,SEA,YYC,"Calgary, Canada",CA,2026-10-06,0,https://www.aviasales.com/search/SEA0610YYC1?marker=741311
55,69,USD,LAX,STS,"Santa Rosa, United States",US,2026-12-02,0,https://www.aviasales.com/search/LAX0212STS1?marker=741311
56,69,USD,LAS,SCK,"Stockton, United States",US,2027-02-11,0,https://www.aviasales.com/search/LAS1102SCK1?marker=741311
57,69,USD,PHX,SOW,"Show Low, United States",US,2026-10-19,0,https://www.aviasales.com/search/PHX1910SOW1?marker=741311
58,70,USD,IAD,PIT,"Pittsburgh, United States",US,2026-10-03,1,https://www.aviasales.com/search/IAD0310PIT1?marker=741311
59,70,USD,FLL,MKC,"Kansas City, United States",US,2026-10-16,0,https://www.aviasales.com/search/FLL1610MKC1?marker=741311
60,70,USD,LAX,OKC,"Oklahoma City, United States",US,2026-11-17,1,https://www.aviasales.com/search/LAX1711OKC1?marker=741311
61,71,USD,LAX,YVR,"Vancouver, Canada",CA,2027-03-02,2,https://www.aviasales.com/search/LAX0203YVR1?marker=741311
62,72,USD,PHL,SJU,"San Juan, Puerto Rico",PR,2026-10-10,0,https://www.aviasales.com/search/PHL1010SJU1?marker=741311
63,72,USD,PHX,LSE,"La Crosse, United States",US,2026-11-25,0,https://www.aviasales.com/search/PHX2511LSE1?marker=741311
64,73,USD,FLL,SAV,"Savannah, United States",US,2026-10-07,0,https://www.aviasales.com/search/FLL0710SAV1?marker=741311
65,73,USD,PHX,PVU,"Provo, United States",US,2026-10-03,0,https://www.aviasales.com/search/PHX0310PVU1?marker=741311
66,78,USD,BOS,LEB,"Lebanon, United States",US,2026-10-05,0,https://www.aviasales.com/search/BOS0510LEB1?marker=741311
67,78,USD,MCO,CHS,"Charleston, United States",US,2026-10-10,0,https://www.aviasales.com/search/MCO1010CHS1?marker=741311
68,79,USD,MCO,RIC,"Richmond, United States",US,2026-10-05,0,https://www.aviasales.com/search/MCO0510RIC1?marker=741311
69,81,USD,SFO,PAE,"Everett, United States",US,2026-10-20,0,https://www.aviasales.com/search/SFO2010PAE1?marker=741311
70,82,USD,BNA,TUP,"Tupelo, United States",US,2026-10-07,0,https://www.aviasales.com/search/BNA0710TUP1?marker=741311
71,83,USD,TPA,MYR,"Myrtle Beach, United States",US,2026-10-08,0,https://www.aviasales.com/search/TPA0810MYR1?marker=741311
72,86,USD,JFK,BDA,"Bermuda, Bermuda",BM,2026-10-27,0,https://www.aviasales.com/search/JFK2710BDA1?marker=741311
73,87,USD,BOS,RUT,"Rutland, United States",US,2026-10-05,0,https://www.aviasales.com/search/BOS0510RUT1?marker=741311
74,87,USD,MCO,BQN,"Aguadilla, Puerto Rico",PR,2026-10-13,0,https://www.aviasales.com/search/MCO1310BQN1?marker=741311
75,89,USD,PHL,FMY,"Fort Myers, United States",US,2026-11-20,0,https://www.aviasales.com/search/PHL2011FMY1?marker=741311
76,90,USD,ORD,UIN,"Quincy, United States",US,2026-10-07,0,https://www.aviasales.com/search/ORD0710UIN1?marker=741311
77,90,USD,LAX,ABQ,"Albuquerque, United States",US,2026-10-21,0,https://www.aviasales.com/search/LAX2110ABQ1?marker=741311
78,90,USD,PHX,GEG,"Spokane, United States",US,2026-10-09,0,https://www.aviasales.com/search/PHX0910GEG1?marker=741311
79,91,USD,AUS,MEX,"Mexico City, Mexico",MX,2026-11-06,1,https://www.aviasales.com/search/AUS0611MEX1?marker=741311
80,91,USD,ATL,TUL,"Tulsa, United States",US,2026-10-29,1,https://www.aviasales.com/search/ATL2910TUL1?marker=741311
81,91,USD,FLL,SYR,"Syracuse, United States",US,2026-10-08,0,https://www.aviasales.com/search/FLL0810SYR1?marker=741311
82,92,USD,IAD,BFD,"Bradford, United States",US,2026-10-10,0,https://www.aviasales.com/search/IAD1010BFD1?marker=741311
83,96,USD,MSP,SRQ,"Sarasota, United States",US,2027-01-17,0,https://www.aviasales.com/search/MSP1701SRQ1?marker=741311
84,96,USD,IAD,BUF,"Buffalo, United States",US,2026-10-22,1,https://www.aviasales.com/search/IAD2210BUF1?marker=741311
85,96,USD,ATL,FYV,"Fayetteville, United States",US,2026-10-29,1,https://www.aviasales.com/search/ATL2910FYV1?marker=741311
86,97,USD,MCO,BDL,"Hartford, United States",US,2026-10-06,1,https://www.aviasales.com/search/MCO0610BDL1?marker=741311
87,99,USD,ORD,MBL,"Manistee, United States",US,2026-10-05,0,https://www.aviasales.com/search/ORD0510MBL1?marker=741311
88,100,USD,DFW,HOT,"Hot Springs, United States",US,2026-10-07,0,https://www.aviasales.com/search/DFW0710HOT1?marker=741311
89,100,USD,TPA,YKF,"Kitchener, Canada",CA,2026-12-15,1,https://www.aviasales.com/search/TPA1512YKF1?marker=741311
90,101,USD,JFK,SXM,"Sint Maarten, Sint Maarten",SX,2026-12-15,0,https://www.aviasales.com/search/JFK1512SXM1?marker=741311
91,101,USD,MCO,MHT,"Manchester, United States",US,2026-10-29,1,https://www.aviasales.com/search/MCO2910MHT1?marker=741311
92,102,USD,TPA,GSP,"Greenville, United States",US,2026-10-04,0,https://www.aviasales.com/search/TPA0410GSP1?marker=741311
93,104,USD,ATL,BHM,"Birmingham, United States",US,2027-02-01,1,https://www.aviasales.com/search/ATL0102BHM1?marker=741311
94,104,USD,IAH,QRO,"Queretaro, Mexico",MX,2026-10-21,0,https://www.aviasales.com/search/IAH2110QRO1?marker=741311
95,105,USD,MCO,PVD,"Providence, United States",US,2026-10-10,0,https://www.aviasales.com/search/MCO1010PVD1?marker=741311
96,105,USD,SAN,MSO,"Missoula, United States",US,2026-10-21,1,https://www.aviasales.com/search/SAN2110MSO1?marker=741311
97,106,USD,CLT,PKB,"Parkersburg, United States",US,2026-10-06,0,https://www.aviasales.com/search/CLT0610PKB1?marker=741311
98,106,USD,ORD,DLH,"Duluth, United States",US,2026-10-03,0,https://www.aviasales.com/search/ORD0310DLH1?marker=741311
99,106,USD,LAX,MCE,"Merced, United States",US,2026-10-07,0,https://www.aviasales.com/search/LAX0710MCE1?marker=741311
100,107,USD,LAX,PDX,"Portland, United States",US,2026-10-25,0,https://www.aviasales.com/search/LAX2510PDX1?marker=741311
101,107,USD,MCO,SDF,"Louisville, United States",US,2026-10-22,1,https://www.aviasales.com/search/MCO2210SDF1?marker=741311
102,107,USD,DFW,BJX,"Leon/Guanajuato, Mexico",MX,2026-10-19,0,https://www.aviasales.com/search/DFW1910BJX1?marker=741311
103,107,USD,LAX,MTY,"Monterrey, Mexico",MX,2026-10-10,0,https://www.aviasales.com/search/LAX1010MTY1?marker=741311
104,109,USD,ORD,HVN,"New Haven, United States",US,2026-10-15,0,https://www.aviasales.com/search/ORD1510HVN1?marker=741311
105,109,USD,ORD,GRR,"Grand Rapids, United States",US,2026-10-10,0,https://www.aviasales.com/search/ORD1010GRR1?marker=741311
106,112,USD,ATL,PBI,"West Palm Beach, United States",US,2026-12-10,1,https://www.aviasales.com/search/ATL1012PBI1?marker=741311
107,112,USD,PHX,ELP,"El Paso, United States",US,2026-10-10,0,https://www.aviasales.com/search/PHX1010ELP1?marker=741311
108,112,USD,JFK,ROC,"Rochester, United States",US,2026-10-04,0,https://www.aviasales.com/search/JFK0410ROC1?marker=741311
109,113,USD,PHX,GJT,"Grand Junction, United States",US,2026-12-17,1,https://www.aviasales.com/search/PHX1712GJT1?marker=741311
110,113,USD,LAX,YEA,"Edmonton, Canada",CA,2026-10-13,1,https://www.aviasales.com/search/LAX1310YEA1?marker=741311
111,114,USD,DFW,SAT,"San Antonio, United States",US,2026-10-10,0,https://www.aviasales.com/search/DFW1010SAT1?marker=741311
112,115,USD,MIA,SDQ,"Santo Domingo, Dominican Republic",DO,2027-02-13,0,https://www.aviasales.com/search/MIA1302SDQ1?marker=741311
113,117,USD,ORD,FWA,"Fort Wayne, United States",US,2026-10-10,0,https://www.aviasales.com/search/ORD1010FWA1?marker=741311
114,117,USD,LAX,GUA,"Guatemala City, Guatemala",GT,2027-01-31,0,https://www.aviasales.com/search/LAX3101GUA1?marker=741311
115,117,USD,LAX,TUS,"Tucson, United States",US,2026-10-25,0,https://www.aviasales.com/search/LAX2510TUS1?marker=741311
116,118,USD,FLL,AVP,"Wilkes-Barre, United States",US,2026-10-07,0,https://www.aviasales.com/search/FLL0710AVP1?marker=741311
117,120,USD,FLL,HPN,"Westchester County, United States",US,2026-11-02,3,https://www.aviasales.com/search/FLL0211HPN1?marker=741311
118,120,USD,MCO,AVL,"Asheville, United States",US,2026-10-09,0,https://www.aviasales.com/search/MCO0910AVL1?marker=741311
119,120,USD,TPA,CID,"Cedar Rapids, United States",US,2026-10-11,0,https://www.aviasales.com/search/TPA1110CID1?marker=741311
120,121,USD,JFK,CUN,"Cancun, Mexico",MX,2027-01-20,0,https://www.aviasales.com/search/JFK2001CUN1?marker=741311
121,121,USD,LAX,SJD,"San Jose Del Cabo, Mexico",MX,2026-11-08,2,https://www.aviasales.com/search/LAX0811SJD1?marker=741311
122,123,USD,MCO,MEM,"Memphis, United States",US,2026-10-27,0,https://www.aviasales.com/search/MCO2710MEM1?marker=741311
123,123,USD,LAX,GFK,"Grand Forks, United States",US,2026-11-11,1,https://www.aviasales.com/search/LAX1111GFK1?marker=741311
124,124,USD,JFK,KIN,"Kingston, Jamaica",JM,2026-11-14,1,https://www.aviasales.com/search/JFK1411KIN1?marker=741311
125,126,USD,DFW,VER,"Veracruz, Mexico",MX,2027-01-30,1,https://www.aviasales.com/search/DFW3001VER1?marker=741311
126,127,USD,MCO,PWM,"Portland, United States",US,2027-02-26,1,https://www.aviasales.com/search/MCO2602PWM1?marker=741311
127,128,USD,ORD,MLI,"Moline, United States",US,2026-10-09,0,https://www.aviasales.com/search/ORD0910MLI1?marker=741311
128,129,USD,IAD,STT,"Saint Thomas, U.S. Virgin Islands",VI,2026-12-28,0,https://www.aviasales.com/search/IAD2812STT1?marker=741311
129,129,USD,LAS,SHV,"Shreveport, United States",US,2026-10-09,0,https://www.aviasales.com/search/LAS0910SHV1?marker=741311
130,129,USD,ORD,MKG,"Muskegon, United States",US,2026-10-10,0,https://www.aviasales.com/search/ORD1010MKG1?marker=741311
131,130,USD,LAS,OMA,"Omaha, United States",US,2026-11-26,1,https://www.aviasales.com/search/LAS2611OMA1?marker=741311
132,131,USD,PHL,GSO,"Greensboro, United States",US,2026-10-10,0,https://www.aviasales.com/search/PHL1010GSO1?marker=741311
133,131,USD,PHX,ATW,"Appleton, United States",US,2026-10-16,0,https://www.aviasales.com/search/PHX1610ATW1?marker=741311
134,132,USD,FLL,YMQ,"Montreal, Canada",CA,2026-11-19,1,https://www.aviasales.com/search/FLL1911YMQ1?marker=741311
135,132,USD,JFK,SVD,"St Vincent, Saint Vincent and the Grenadines",VC,2026-10-26,1,https://www.aviasales.com/search/JFK2610SVD1?marker=741311
136,133,USD,ATL,SGF,"Springfield, United States",US,2026-10-29,1,https://www.aviasales.com/search/ATL2910SGF1?marker=741311
137,133,USD,DEN,DSM,"Des Moines, United States",US,2026-10-10,0,https://www.aviasales.com/search/DEN1010DSM1?marker=741311
138,133,USD,FLL,GYE,"Guayaquil, Ecuador",EC,2027-01-27,0,https://www.aviasales.com/search/FLL2701GYE1?marker=741311
139,134,USD,MIA,PUJ,"Punta Cana, Dominican Republic",DO,2026-11-14,0,https://www.aviasales.com/search/MIA1411PUJ1?marker=741311
140,134,USD,MCO,ISP,"Islip, United States",US,2026-10-15,0,https://www.aviasales.com/search/MCO1510ISP1?marker=741311
141,134,USD,IAD,MGW,"Morgantown, United States",US,2026-10-10,0,https://www.aviasales.com/search/IAD1010MGW1?marker=741311
142,134,USD,ORD,DEC,"Decatur, United States",US,2026-10-08,0,https://www.aviasales.com/search/ORD0810DEC1?marker=741311
143,134,USD,DEN,BFF,"Scottsbluff, United States",US,2026-10-05,0,https://www.aviasales.com/search/DEN0510BFF1?marker=741311
144,134,USD,MSP,YXE,"Saskatoon, Canada",CA,2026-11-28,1,https://www.aviasales.com/search/MSP2811YXE1?marker=741311
145,135,USD,MIA,MID,"Merida, Mexico",MX,2026-10-23,1,https://www.aviasales.com/search/MIA2310MID1?marker=741311
146,135,USD,SEA,YLW,"Kelowna, Canada",CA,2026-10-06,1,https://www.aviasales.com/search/SEA0610YLW1?marker=741311
147,135,USD,PDX,PDT,"Pendleton, United States",US,2026-10-05,0,https://www.aviasales.com/search/PDX0510PDT1?marker=741311
148,136,USD,DEN,CNM,"Carlsbad, United States",US,2026-10-05,0,https://www.aviasales.com/search/DEN0510CNM1?marker=741311
149,137,USD,LAS,PGA,"Page, United States",US,2026-10-05,0,https://www.aviasales.com/search/LAS0510PGA1?marker=741311
150,137,USD,TPA,YOW,"Ottawa, Canada",CA,2026-11-01,1,https://www.aviasales.com/search/TPA0111YOW1?marker=741311
151,138,USD,MIA,LIM,"Lima, Peru",PE,2027-01-19,1,https://www.aviasales.com/search/MIA1901LIM1?marker=741311
152,138,USD,SEA,YWG,"Winnipeg, Canada",CA,2026-10-19,2,https://www.aviasales.com/search/SEA1910YWG1?marker=741311
153,139,USD,MIA,SAL,"San Salvador, El Salvador",SV,2026-10-24,1,https://www.aviasales.com/search/MIA2410SAL1?marker=741311
154,139,USD,IAD,LYH,"Lynchburg, United States",US,2026-10-08,0,https://www.aviasales.com/search/IAD0810LYH1?marker=741311
155,140,USD,PHL,ROA,"Roanoke, United States",US,2026-10-10,0,https://www.aviasales.com/search/PHL1010ROA1?marker=741311
156,140,USD,AUS,LAP,"La Paz, Mexico",MX,2026-10-07,2,https://www.aviasales.com/search/AUS0710LAP1?marker=741311
157,142,USD,DEN,ALS,"Alamosa, United States",US,2026-10-05,0,https://www.aviasales.com/search/DEN0510ALS1?marker=741311
158,144,USD,SFO,HNL,"Honolulu, United States",US,2026-11-16,0,https://www.aviasales.com/search/SFO1611HNL1?marker=741311
159,144,USD,BNA,LIT,"Little Rock, United States",US,2026-10-15,1,https://www.aviasales.com/search/BNA1510LIT1?marker=741311
160,144,USD,DFW,AEX,"Alexandria, United States",US,2026-10-08,0,https://www.aviasales.com/search/DFW0810AEX1?marker=741311
161,144,USD,ORD,CMI,"Champaign, United States",US,2026-10-09,0,https://www.aviasales.com/search/ORD0910CMI1?marker=741311
162,144,USD,SFO,PVR,"Puerto Vallarta, Mexico",MX,2026-12-09,2,https://www.aviasales.com/search/SFO0912PVR1?marker=741311
163,145,USD,IAD,MOB,"Mobile, United States",US,2026-10-10,1,https://www.aviasales.com/search/IAD1010MOB1?marker=741311
164,145,USD,SEA,BOI,"Boise, United States",US,2026-10-02,2,https://www.aviasales.com/search/SEA0210BOI1?marker=741311
165,146,USD,TPA,ABE,"Allentown, United States",US,2026-10-09,0,https://www.aviasales.com/search/TPA0910ABE1?marker=741311
166,146,USD,DCA,CAE,"Columbia, United States",US,2026-11-06,0,https://www.aviasales.com/search/DCA0611CAE1?marker=741311
167,146,USD,DEN,LIR,"Liberia, Costa Rica",CR,2027-02-01,1,https://www.aviasales.com/search/DEN0102LIR1?marker=741311
168,146,USD,MSP,IWD,"Ironwood, United States",US,2026-10-09,0,https://www.aviasales.com/search/MSP0910IWD1?marker=741311
169,146,USD,TPA,HGR,"Hagerstown, United States",US,2026-10-08,0,https://www.aviasales.com/search/TPA0810HGR1?marker=741311
170,146,USD,JFK,GEO,"Georgetown, Guyana",GY,2027-02-25,0,https://www.aviasales.com/search/JFK2502GEO1?marker=741311
171,147,USD,DFW,LAW,"Lawton, United States",US,2026-10-10,0,https://www.aviasales.com/search/DFW1010LAW1?marker=741311
172,147,USD,MCO,FPO,"Freeport, Bahamas",BS,2026-10-26,1,https://www.aviasales.com/search/MCO2610FPO1?marker=741311
173,147,USD,PHX,YUM,"Yuma, United States",US,2026-10-09,0,https://www.aviasales.com/search/PHX0910YUM1?marker=741311
174,148,USD,DCA,MBJ,"Montego Bay, Jamaica",JM,2026-11-12,1,https://www.aviasales.com/search/DCA1211MBJ1?marker=741311
175,148,USD,JFK,STI,"Santiago, Dominican Republic",DO,2026-12-03,1,https://www.aviasales.com/search/JFK0312STI1?marker=741311
176,150,USD,FLL,SBN,"South Bend, United States",US,2026-10-20,1,https://www.aviasales.com/search/FLL2010SBN1?marker=741311
177,150,USD,JFK,BAQ,"Barranquilla, Colombia",CO,2027-02-05,1,https://www.aviasales.com/search/JFK0502BAQ1?marker=741311
178,150,USD,LAX,AGU,"Aguascalientes, Mexico",MX,2026-10-11,0,https://www.aviasales.com/search/LAX1110AGU1?marker=741311
179,151,USD,DEN,CEZ,"Cortez, United States",US,2026-10-06,0,https://www.aviasales.com/search/DEN0610CEZ1?marker=741311
180,151,USD,LAS,TIJ,"Tijuana, Mexico",MX,2026-10-30,1,https://www.aviasales.com/search/LAS3010TIJ1?marker=741311
181,151,USD,LAX,CEN,"Ciudad Obregon, Mexico",MX,2026-10-10,1,https://www.aviasales.com/search/LAX1010CEN1?marker=741311
182,153,USD,JFK,ATH,"Athens, Greece",GR,2026-10-16,0,https://www.aviasales.com/search/JFK1610ATH1?marker=741311
183,154,USD,PHX,BZN,"Bozeman, United States",US,2026-10-24,1,https://www.aviasales.com/search/PHX2410BZN1?marker=741311
184,155,USD,CLT,ORF,"Norfolk, United States",US,2026-10-08,1,https://www.aviasales.com/search/CLT0810ORF1?marker=741311
185,155,USD,PHL,SUX,"Sioux City, United States",US,2026-10-17,1,https://www.aviasales.com/search/PHL1710SUX1?marker=741311
186,157,USD,JFK,LON,"London, United Kingdom",GB,2026-10-20,0,https://www.aviasales.com/search/JFK2010LON1?marker=741311
187,157,USD,JFK,ROM,"Rome, Italy",IT,2026-10-24,0,https://www.aviasales.com/search/JFK2410ROM1?marker=741311
188,157,USD,JFK,EVV,"Evansville, United States",US,2026-11-13,1,https://www.aviasales.com/search/JFK1311EVV1?marker=741311
189,158,USD,LAX,TGZ,"Tuxtla Gutierrez, Mexico",MX,2026-10-10,1,https://www.aviasales.com/search/LAX1010TGZ1?marker=741311
190,159,USD,TPA,LEX,"Lexington, United States",US,2026-10-10,0,https://www.aviasales.com/search/TPA1010LEX1?marker=741311
191,159,USD,JFK,PSE,"Ponce, Puerto Rico",PR,2026-11-19,1,https://www.aviasales.com/search/JFK1911PSE1?marker=741311
192,159,USD,SFO,KOA,"Kailua-Kona, United States",US,2026-10-12,0,https://www.aviasales.com/search/SFO1210KOA1?marker=741311
193,161,USD,SLC,EAT,"Wenatchee, United States",US,2027-01-03,1,https://www.aviasales.com/search/SLC0301EAT1?marker=741311
194,161,USD,DEN,COS,"Colorado Springs, United States",US,2026-12-30,0,https://www.aviasales.com/search/DEN3012COS1?marker=741311
195,162,USD,IAD,SCE,"State College, United States",US,2026-10-09,0,https://www.aviasales.com/search/IAD0910SCE1?marker=741311
196,163,USD,IAD,TRC,"Torreon, Mexico",MX,2026-11-10,3,https://www.aviasales.com/search/IAD1011TRC1?marker=741311
197,164,USD,ORD,MLM,"Morelia, Mexico",MX,2026-10-07,0,https://www.aviasales.com/search/ORD0710MLM1?marker=741311
198,165,USD,BOS,BHB,"Bar Harbor, United States",US,2026-10-06,0,https://www.aviasales.com/search/BOS0610BHB1?marker=741311
199,166,USD,SEA,LIH,"Kauai Island, United States",US,2026-10-01,0,https://www.aviasales.com/search/SEA0110LIH1?marker=741311
200,166,USD,SEA,ANC,"Anchorage, United States",US,2026-10-01,1,https://www.aviasales.com/search/SEA0110ANC1?marker=741311
201,166,USD,SAN,PSC,"Pasco, United States",US,2026-10-07,1,https://www.aviasales.com/search/SAN0710PSC1?marker=741311
202,166,USD,SEA,KTN,"Ketchikan, United States",US,2026-11-12,0,https://www.aviasales.com/search/SEA1211KTN1?marker=741311
203,167,USD,DCA,GNV,"Gainesville, United States",US,2026-11-13,2,https://www.aviasales.com/search/DCA1311GNV1?marker=741311
204,168,USD,MIA,BOG,"Bogota, Colombia",CO,2026-10-07,1,https://www.aviasales.com/search/MIA0710BOG1?marker=741311
205,168,USD,BNA,OWB,"Owensboro, United States",US,2026-10-08,2,https://www.aviasales.com/search/BNA0810OWB1?marker=741311
206,169,USD,JFK,BGI,"Bridgetown, Barbados",BB,2026-12-07,1,https://www.aviasales.com/search/JFK0712BGI1?marker=741311
207,169,USD,PHL,PSP,"Palm Springs, United States",US,2026-11-18,1,https://www.aviasales.com/search/PHL1811PSP1?marker=741311
208,170,USD,MCO,PGD,"Punta Gorda, United States",US,2026-10-22,2,https://www.aviasales.com/search/MCO2210PGD1?marker=741311
209,171,USD,ORD,HAR,"Harrisburg, United States",US,2026-10-10,0,https://www.aviasales.com/search/ORD1010HAR1?marker=741311
210,171,USD,SEA,FAR,"Fargo, United States",US,2026-10-08,1,https://www.aviasales.com/search/SEA0810FAR1?marker=741311
211,172,USD,MIA,CTG,"Cartagena, Colombia",CO,2026-11-17,1,https://www.aviasales.com/search/MIA1711CTG1?marker=741311
212,173,USD,SEA,YKM,"Yakima, United States",US,2026-10-18,0,https://www.aviasales.com/search/SEA1810YKM1?marker=741311
213,174,USD,PHL,MKE,"Milwaukee, United States",US,2026-11-01,3,https://www.aviasales.com/search/PHL0111MKE1?marker=741311
214,175,USD,LAS,MRY,"Monterey, United States",US,2026-10-05,0,https://www.aviasales.com/search/LAS0510MRY1?marker=741311
215,177,USD,LAS,LTO,"Loreto, Mexico",MX,2027-01-11,1,https://www.aviasales.com/search/LAS1101LTO1?marker=741311
216,178,USD,MCO,CRW,"Charleston, United States",US,2026-11-15,0,https://www.aviasales.com/search/MCO1511CRW1?marker=741311
217,178,USD,CLT,IRK,"Kirksville, United States",US,2026-10-07,2,https://www.aviasales.com/search/CLT0710IRK1?marker=741311
218,179,USD,MIA,TQO,"Tulum, Mexico",MX,2027-01-04,0,https://www.aviasales.com/search/MIA0401TQO1?marker=741311
219,180,USD,MIA,MDE,"Medellin, Colombia",CO,2026-11-24,2,https://www.aviasales.com/search/MIA2411MDE1?marker=741311
220,180,USD,FLL,ALB,"Albany, United States",US,2026-12-19,0,https://www.aviasales.com/search/FLL1912ALB1?marker=741311
221,180,USD,SFO,YYJ,"Victoria, Canada",CA,2027-02-20,1,https://www.aviasales.com/search/SFO2002YYJ1?marker=741311
222,182,USD,AUS,HRL,"Harlingen, United States",US,2026-10-10,0,https://www.aviasales.com/search/AUS1010HRL1?marker=741311
223,183,USD,BOS,BCN,"Barcelona, Spain",ES,2026-10-18,0,https://www.aviasales.com/search/BOS1810BCN1?marker=741311
224,183,USD,DEN,FOD,"Fort Dodge, United States",US,2026-10-02,0,https://www.aviasales.com/search/DEN0210FOD1?marker=741311
225,184,USD,DFW,CZM,"Cozumel, Mexico",MX,2026-11-14,1,https://www.aviasales.com/search/DFW1411CZM1?marker=741311
226,185,USD,JFK,VCE,"Venice, Italy",IT,2026-10-20,1,https://www.aviasales.com/search/JFK2010VCE1?marker=741311
227,187,USD,ATL,ILG,"Wilmington, United States",US,2026-10-12,1,https://www.aviasales.com/search/ATL1210ILG1?marker=741311
228,187,USD,DFW,TLH,"Tallahassee, United States",US,2026-10-10,0,https://www.aviasales.com/search/DFW1010TLH1?marker=741311
229,187,USD,DFW,FSD,"Sioux Falls, United States",US,2026-10-10,0,https://www.aviasales.com/search/DFW1010FSD1?marker=741311
230,187,USD,SEA,PUW,"Pullman, United States",US,2026-12-20,0,https://www.aviasales.com/search/SEA2012PUW1?marker=741311
231,189,USD,SEA,OSL,"Oslo, Norway",NO,2026-10-11,1,https://www.aviasales.com/search/SEA1110OSL1?marker=741311
232,189,USD,IAD,YQR,"Regina, Canada",CA,2026-11-21,1,https://www.aviasales.com/search/IAD2111YQR1?marker=741311
233,189,USD,JFK,AUA,"Oranjestad, Aruba",AW,2026-12-11,1,https://www.aviasales.com/search/JFK1112AUA1?marker=741311
234,189,USD,CLT,SBY,"Salisbury-Ocean City, United States",US,2026-10-07,1,https://www.aviasales.com/search/CLT0710SBY1?marker=741311
235,190,USD,FLL,IAG,"Niagara Falls, United States",US,2026-12-21,1,https://www.aviasales.com/search/FLL2112IAG1?marker=741311
236,193,USD,BOS,PQI,"Presque Isle, United States",US,2026-10-09,0,https://www.aviasales.com/search/BOS0910PQI1?marker=741311
237,193,USD,SEA,FRA,"Frankfurt, Germany",DE,2026-10-24,1,https://www.aviasales.com/search/SEA2410FRA1?marker=741311
238,193,USD,FLL,PLS,"Providenciales, Turks and Caicos Islands",TC,2027-02-01,1,https://www.aviasales.com/search/FLL0102PLS1?marker=741311
239,193,USD,PHX,SPI,"Springfield, United States",US,2026-10-27,2,https://www.aviasales.com/search/PHX2710SPI1?marker=741311
240,194,USD,SFO,JAN,"Jackson, United States",US,2026-10-04,2,https://www.aviasales.com/search/SFO0410JAN1?marker=741311
241,194,USD,JFK,ACK,"Nantucket, United States",US,2026-10-03,1,https://www.aviasales.com/search/JFK0310ACK1?marker=741311
242,194,USD,JFK,SLK,"Saranac Lake, United States",US,2026-10-05,0,https://www.aviasales.com/search/JFK0510SLK1?marker=741311
243,195,USD,MIA,BUE,"Buenos Aires, Argentina",AR,2026-11-27,1,https://www.aviasales.com/search/MIA2711BUE1?marker=741311
244,196,USD,DEN,GUC,"Gunnison, United States",US,2026-10-10,0,https://www.aviasales.com/search/DEN1010GUC1?marker=741311
245,196,USD,SAN,SBA,"Santa Barbara, United States",US,2026-10-01,0,https://www.aviasales.com/search/SAN0110SBA1?marker=741311
246,197,USD,ORD,MHK,"Manhattan, United States",US,2026-10-09,0,https://www.aviasales.com/search/ORD0910MHK1?marker=741311
247,198,USD,RDU,BKW,"Beckley, United States",US,2026-10-07,2,https://www.aviasales.com/search/RDU0710BKW1?marker=741311
248,198,USD,TPA,VRB,"Vero Beach, United States",US,2026-10-08,1,https://www.aviasales.com/search/TPA0810VRB1?marker=741311
249,199,USD,JFK,BUD,"Budapest, Hungary",HU,2026-10-18,1,https://www.aviasales.com/search/JFK1810BUD1?marker=741311
250,199,USD,DEN,LNK,"Lincoln, United States",US,2026-10-10,0,https://www.aviasales.com/search/DEN1010LNK1?marker=741311
251,199,USD,MIA,CAP,"Cap Haitien, Haiti",HT,2026-12-04,0,https://www.aviasales.com/search/MIA0412CAP1?marker=741311
252,200,USD,JFK,TIV,"Tivat, Montenegro",ME,2026-10-20,1,https://www.aviasales.com/search/JFK2010TIV1?marker=741311
253,201,USD,MIA,PTY,"Panama City, Panama",PA,2026-12-05,1,https://www.aviasales.com/search/MIA0512PTY1?marker=741311
254,201,USD,DEN,ASE,"Aspen, United States",US,2026-10-09,0,https://www.aviasales.com/search/DEN0910ASE1?marker=741311
255,201,USD,SFO,ACV,"Arcata, United States",US,2026-10-08,0,https://www.aviasales.com/search/SFO0810ACV1?marker=741311
256,202,USD,JFK,PMI,"Palma, Spain",ES,2026-10-21,1,https://www.aviasales.com/search/JFK2110PMI1?marker=741311
257,206,USD,MCO,PAR,"Paris, France",FR,2026-10-07,1,https://www.aviasales.com/search/MCO0710PAR1?marker=741311
258,206,USD,JFK,SOF,"Sofia, Bulgaria",BG,2026-10-20,1,https://www.aviasales.com/search/JFK2010SOF1?marker=741311
259,206,USD,FLL,CHO,"Charlottesville, United States",US,2026-10-17,1,https://www.aviasales.com/search/FLL1710CHO1?marker=741311
260,206,USD,JFK,POS,"Port Of Spain, Trinidad and Tobago",TT,2026-10-12,0,https://www.aviasales.com/search/JFK1210POS1?marker=741311
261,207,USD,JFK,MIL,"Milan, Italy",IT,2026-10-20,1,https://www.aviasales.com/search/JFK2010MIL1?marker=741311
262,207,USD,IAD,HSV,"Huntsville, United States",US,2026-10-06,0,https://www.aviasales.com/search/IAD0610HSV1?marker=741311
263,207,USD,JFK,DAB,"Daytona Beach, United States",US,2026-10-13,1,https://www.aviasales.com/search/JFK1310DAB1?marker=741311
264,207,USD,ORD,AMA,"Amarillo, United States",US,2027-01-01,1,https://www.aviasales.com/search/ORD0101AMA1?marker=741311
265,207,USD,ORD,TVC,"Traverse City, United States",US,2026-10-07,0,https://www.aviasales.com/search/ORD0710TVC1?marker=741311
266,207,USD,DEN,DRO,"Durango, United States",US,2026-10-07,0,https://www.aviasales.com/search/DEN0710DRO1?marker=741311
267,208,USD,JFK,SJJ,"Sarajevo, Bosnia and Herzegovina",BA,2026-10-20,2,https://www.aviasales.com/search/JFK2010SJJ1?marker=741311
268,209,USD,MIA,MGA,"Managua, Nicaragua",NI,2026-10-01,0,https://www.aviasales.com/search/MIA0110MGA1?marker=741311
269,210,USD,IAH,BTR,"Baton Rouge, United States",US,2026-10-10,0,https://www.aviasales.com/search/IAH1010BTR1?marker=741311
270,210,USD,JFK,NCE,"Nice, France",FR,2026-10-12,1,https://www.aviasales.com/search/JFK1210NCE1?marker=741311
271,210,USD,MSP,VPS,"Fort Walton Beach, United States",US,2026-10-10,0,https://www.aviasales.com/search/MSP1010VPS1?marker=741311
272,212,USD,FLL,SJO,"San Jose, Costa Rica",CR,2026-10-06,1,https://www.aviasales.com/search/FLL0610SJO1?marker=741311
273,212,USD,JFK,VIE,"Vienna, Austria",AT,2026-10-13,1,https://www.aviasales.com/search/JFK1310VIE1?marker=741311
274,212,USD,PHL,BGR,"Bangor, United States",US,2026-10-10,1,https://www.aviasales.com/search/PHL1010BGR1?marker=741311
275,213,USD,JFK,DUB,"Dublin, Ireland",IE,2026-11-17,1,https://www.aviasales.com/search/JFK1711DUB1?marker=741311
276,213,USD,JFK,DLM,"Dalaman, Turkiye",TR,2026-10-20,1,https://www.aviasales.com/search/JFK2010DLM1?marker=741311
277,213,USD,DEN,PIR,"Pierre, United States",US,2026-10-10,0,https://www.aviasales.com/search/DEN1010PIR1?marker=741311
278,214,USD,IAH,OAX,"Oaxaca, Mexico",MX,2026-11-01,1,https://www.aviasales.com/search/IAH0111OAX1?marker=741311
279,214,USD,DEN,CNY,"Moab, United States",US,2026-10-07,0,https://www.aviasales.com/search/DEN0710CNY1?marker=741311
280,215,USD,ORD,PBC,"Puebla, Mexico",MX,2026-12-24,1,https://www.aviasales.com/search/ORD2412PBC1?marker=741311
281,215,USD,DEN,EAR,"Kearney, United States",US,2026-10-11,0,https://www.aviasales.com/search/DEN1110EAR1?marker=741311
282,216,USD,MIA,CUR,"Curacao, Curaçao",CW,2026-10-03,2,https://www.aviasales.com/search/MIA0310CUR1?marker=741311
283,216,USD,JFK,RMO,"Chisinau, Moldova",MD,2026-10-18,1,https://www.aviasales.com/search/JFK1810RMO1?marker=741311
284,216,USD,MCO,SAP,"San Pedro Sula, Honduras",HN,2026-12-27,1,https://www.aviasales.com/search/MCO2712SAP1?marker=741311
285,216,USD,RDU,USA,"Concord, United States",US,2026-10-11,1,https://www.aviasales.com/search/RDU1110USA1?marker=741311
286,217,USD,IAH,BRO,"Brownsville, United States",US,2026-10-08,0,https://www.aviasales.com/search/IAH0810BRO1?marker=741311
287,217,USD,PHL,FAI,"Fairbanks, United States",US,2026-10-06,1,https://www.aviasales.com/search/PHL0610FAI1?marker=741311
288,217,USD,ORD,PIA,"Peoria, United States",US,2026-10-06,0,https://www.aviasales.com/search/ORD0610PIA1?marker=741311
289,217,USD,MCO,DBV,"Dubrovnik, Croatia",HR,2026-10-09,1,https://www.aviasales.com/search/MCO0910DBV1?marker=741311
290,217,USD,LAX,BFL,"Bakersfield, United States",US,2026-10-08,0,https://www.aviasales.com/search/LAX0810BFL1?marker=741311
291,218,USD,JFK,LCA,"Larnaca, Cyprus",CY,2026-10-15,1,https://www.aviasales.com/search/JFK1510LCA1?marker=741311
292,218,USD,DEN,JAC,"Jackson, United States",US,2026-10-09,0,https://www.aviasales.com/search/DEN0910JAC1?marker=741311
293,218,USD,MIA,GGT,"George Town, Bahamas",BS,2026-11-15,1,https://www.aviasales.com/search/MIA1511GGT1?marker=741311
294,218,USD,TPA,HAV,"Havana, Cuba",CU,2026-11-11,0,https://www.aviasales.com/search/TPA1111HAV1?marker=741311
295,218,USD,MCO,GVA,"Geneva, Switzerland",CH,2026-10-15,1,https://www.aviasales.com/search/MCO1510GVA1?marker=741311
296,220,USD,JFK,MAD,"Madrid, Spain",ES,2026-10-13,1,https://www.aviasales.com/search/JFK1310MAD1?marker=741311
297,220,USD,JFK,BTS,"Bratislava, Slovakia",SK,2026-10-04,2,https://www.aviasales.com/search/JFK0410BTS1?marker=741311
298,220,USD,LAX,CEB,"Cebu City, Philippines",PH,2026-11-04,0,https://www.aviasales.com/search/LAX0411CEB1?marker=741311
299,220,USD,LAX,SUN,"Sun Valley, United States",US,2027-01-21,1,https://www.aviasales.com/search/LAX2101SUN1?marker=741311
300,220,USD,LAX,HMO,"Hermosillo, Mexico",MX,2026-10-09,1,https://www.aviasales.com/search/LAX0910HMO1?marker=741311
301,221,USD,LAX,MNL,"Manila, Philippines",PH,2027-03-15,1,https://www.aviasales.com/search/LAX1503MNL1?marker=741311
302,222,USD,JFK,TIA,"Tirana, Albania",AL,2026-10-04,1,https://www.aviasales.com/search/JFK0410TIA1?marker=741311
303,222,USD,SFO,RDD,"Redding, United States",US,2026-10-09,0,https://www.aviasales.com/search/SFO0910RDD1?marker=741311
304,222,USD,DEN,IDA,"Idaho Falls, United States",US,2026-10-07,0,https://www.aviasales.com/search/DEN0710IDA1?marker=741311
305,223,USD,JFK,NAP,"Naples, Italy",IT,2026-10-15,1,https://www.aviasales.com/search/JFK1510NAP1?marker=741311
306,224,USD,JFK,IST,"Istanbul, Turkiye",TR,2026-10-16,1,https://www.aviasales.com/search/JFK1610IST1?marker=741311
307,224,USD,JFK,REU,"Reus, Spain",ES,2026-10-20,1,https://www.aviasales.com/search/JFK2010REU1?marker=741311
308,224,USD,SAN,CEC,"Crescent City, United States",US,2026-10-10,1,https://www.aviasales.com/search/SAN1010CEC1?marker=741311
309,226,USD,ORD,CMX,"Hancock, United States",US,2026-10-05,0,https://www.aviasales.com/search/ORD0510CMX1?marker=741311
310,226,USD,ORD,MLB,"Melbourne, United States",US,2026-12-22,1,https://www.aviasales.com/search/ORD2212MLB1?marker=741311
311,227,USD,PHX,OGG,"Kahului, United States",US,2027-02-09,1,https://www.aviasales.com/search/PHX0902OGG1?marker=741311
312,227,USD,TPA,TAP,"Tapachula, Mexico",MX,2026-10-13,2,https://www.aviasales.com/search/TPA1310TAP1?marker=741311
313,228,USD,MCO,BER,"Berlin, Germany",DE,2026-12-03,1,https://www.aviasales.com/search/MCO0312BER1?marker=741311
314,228,USD,DEN,RAP,"Rapid City, United States",US,2026-10-10,1,https://www.aviasales.com/search/DEN1010RAP1?marker=741311
315,228,USD,JFK,GCM,"Georgetown, Cayman Islands",KY,2027-02-20,1,https://www.aviasales.com/search/JFK2002GCM1?marker=741311
316,229,USD,JFK,EDI,"Edinburgh, United Kingdom",GB,2026-10-14,0,https://www.aviasales.com/search/JFK1410EDI1?marker=741311
317,230,USD,MSP,ICT,"Wichita, United States",US,2026-10-09,1,https://www.aviasales.com/search/MSP0910ICT1?marker=741311
318,231,USD,MCO,WAW,"Warsaw, Poland",PL,2026-10-07,2,https://www.aviasales.com/search/MCO0710WAW1?marker=741311
319,231,USD,JFK,EVN,"Yerevan, Armenia",AM,2026-10-13,1,https://www.aviasales.com/search/JFK1310EVN1?marker=741311
320,231,USD,LAX,PRC,"Prescott, United States",US,2026-10-08,0,https://www.aviasales.com/search/LAX0810PRC1?marker=741311
321,232,USD,JFK,BTV,"Burlington, United States",US,2026-11-11,1,https://www.aviasales.com/search/JFK1111BTV1?marker=741311
322,234,USD,DEN,GCC,"Gillette, United States",US,2026-10-07,0,https://www.aviasales.com/search/DEN0710GCC1?marker=741311
323,235,USD,PHL,LBB,"Lubbock, United States",US,2026-12-24,1,https://www.aviasales.com/search/PHL2412LBB1?marker=741311
324,236,USD,LAX,BKK,"Bangkok, Thailand",TH,2026-11-12,1,https://www.aviasales.com/search/LAX1211BKK1?marker=741311
325,236,USD,IAH,ABI,"Abilene, United States",US,2026-10-08,1,https://www.aviasales.com/search/IAH0810ABI1?marker=741311
326,237,USD,LAX,SGU,"Saint George, United States",US,2026-10-08,0,https://www.aviasales.com/search/LAX0810SGU1?marker=741311
327,237,USD,IAH,CUL,"Culiacan, Mexico",MX,2026-10-08,2,https://www.aviasales.com/search/IAH0810CUL1?marker=741311
328,238,USD,JFK,BRU,"Brussels, Belgium",BE,2026-10-20,1,https://www.aviasales.com/search/JFK2010BRU1?marker=741311
329,238,USD,ATL,MSN,"Madison, United States",US,2026-10-10,1,https://www.aviasales.com/search/ATL1010MSN1?marker=741311
330,238,USD,LAX,OSA,"Osaka, Japan",JP,2027-03-15,1,https://www.aviasales.com/search/LAX1503OSA1?marker=741311
331,238,USD,ORD,ECP,"Panama City, United States",US,2026-11-15,1,https://www.aviasales.com/search/ORD1511ECP1?marker=741311
332,238,USD,JFK,SKP,"Skopje, North Macedonia",MK,2026-10-04,2,https://www.aviasales.com/search/JFK0410SKP1?marker=741311
333,238,USD,LAX,MAM,"Matamoros, Mexico",MX,2026-10-08,2,https://www.aviasales.com/search/LAX0810MAM1?marker=741311
334,239,USD,SFO,SGN,"Ho Chi Minh City, Vietnam",VN,2026-10-21,1,https://www.aviasales.com/search/SFO2110SGN1?marker=741311
335,239,USD,JFK,BEG,"Belgrade, Serbia",RS,2026-10-12,1,https://www.aviasales.com/search/JFK1210BEG1?marker=741311
336,239,USD,ORD,ERI,"Erie, United States",US,2026-10-06,1,https://www.aviasales.com/search/ORD0610ERI1?marker=741311
337,239,USD,JFK,TAB,"Tobago, Trinidad and Tobago",TT,2026-10-16,1,https://www.aviasales.com/search/JFK1610TAB1?marker=741311
338,241,USD,JFK,TGD,"Podgorica, Montenegro",ME,2026-10-10,1,https://www.aviasales.com/search/JFK1010TGD1?marker=741311
339,243,USD,ORD,UIO,"Quito, Ecuador",EC,2026-10-04,1,https://www.aviasales.com/search/ORD0410UIO1?marker=741311
340,243,USD,MIA,XPL,"Comayagua, Honduras",HN,2026-10-04,2,https://www.aviasales.com/search/MIA0410XPL1?marker=741311
341,244,USD,JFK,AMS,"Amsterdam, Netherlands",NL,2026-10-13,1,https://www.aviasales.com/search/JFK1310AMS1?marker=741311
342,244,USD,RDU,MAN,"Manchester, United Kingdom",GB,2027-01-18,2,https://www.aviasales.com/search/RDU1801MAN1?marker=741311
343,244,USD,SEA,GDN,"Gdansk, Poland",PL,2026-10-31,2,https://www.aviasales.com/search/SEA3110GDN1?marker=741311
344,245,USD,MIA,SAO,"Sao Paulo, Brazil",BR,2026-11-16,1,https://www.aviasales.com/search/MIA1611SAO1?marker=741311
345,246,USD,JFK,RTB,"Roatan, Honduras",HN,2026-11-24,1,https://www.aviasales.com/search/JFK2411RTB1?marker=741311
346,247,USD,JFK,KUT,"Kutaisi, Georgia",GE,2026-10-15,1,https://www.aviasales.com/search/JFK1510KUT1?marker=741311
347,249,USD,JFK,MVY,"Martha's Vineyard, United States",US,2026-10-11,0,https://www.aviasales.com/search/JFK1110MVY1?marker=741311
348,250,USD,JFK,PRG,"Prague, Czech Republic",CZ,2026-10-12,1,https://www.aviasales.com/search/JFK1210PRG1?marker=741311
349,250,USD,PHX,MTJ,"Montrose, United States",US,2026-10-13,1,https://www.aviasales.com/search/PHX1310MTJ1?marker=741311
350,251,USD,ATL,CPH,"Copenhagen, Denmark",DK,2026-10-27,2,https://www.aviasales.com/search/ATL2710CPH1?marker=741311
351,251,USD,JFK,BRI,"Bari, Italy",IT,2026-10-02,1,https://www.aviasales.com/search/JFK0210BRI1?marker=741311
352,251,USD,SEA,RDM,"Redmond, United States",US,2026-10-11,0,https://www.aviasales.com/search/SEA1110RDM1?marker=741311
353,253,USD,JFK,MRS,"Marseille, France",FR,2026-10-14,2,https://www.aviasales.com/search/JFK1410MRS1?marker=741311
354,253,USD,JFK,LJU,"Ljubljana, Slovenia",SI,2026-10-11,1,https://www.aviasales.com/search/JFK1110LJU1?marker=741311
355,253,USD,PDX,BLI,"Bellingham, United States",US,2026-10-10,0,https://www.aviasales.com/search/PDX1010BLI1?marker=741311
356,253,USD,FLL,BGA,"Bucaramanga, Colombia",CO,2027-01-18,1,https://www.aviasales.com/search/FLL1801BGA1?marker=741311
357,254,USD,FLL,GGG,"Longview, United States",US,2026-10-31,3,https://www.aviasales.com/search/FLL3110GGG1?marker=741311
358,254,USD,JFK,ANU,"Saint John's, Antigua and Barbuda",AG,2026-11-15,0,https://www.aviasales.com/search/JFK1511ANU1?marker=741311
359,254,USD,LAX,LRD,"Laredo, United States",US,2026-10-08,1,https://www.aviasales.com/search/LAX0810LRD1?marker=741311
360,255,USD,IAH,MFE,"McAllen, United States",US,2026-10-08,0,https://www.aviasales.com/search/IAH0810MFE1?marker=741311
361,255,USD,DEN,CPR,"Casper, United States",US,2026-10-05,0,https://www.aviasales.com/search/DEN0510CPR1?marker=741311
362,256,USD,JFK,MUC,"Munich, Germany",DE,2026-10-14,1,https://www.aviasales.com/search/JFK1410MUC1?marker=741311
363,256,USD,DFW,CUU,"Chihuahua, Mexico",MX,2026-10-08,1,https://www.aviasales.com/search/DFW0810CUU1?marker=741311
364,256,USD,SEA,ALW,"Walla Walla, United States",US,2026-10-05,0,https://www.aviasales.com/search/SEA0510ALW1?marker=741311
365,256,USD,SFO,HAN,"Hanoi, Vietnam",VN,2026-10-13,1,https://www.aviasales.com/search/SFO1310HAN1?marker=741311
366,258,USD,LAX,YMM,"Fort McMurray, Canada",CA,2026-11-07,3,https://www.aviasales.com/search/LAX0711YMM1?marker=741311
367,261,USD,RDU,EWN,"New Bern, United States",US,2026-10-09,1,https://www.aviasales.com/search/RDU0910EWN1?marker=741311
368,263,USD,JFK,GND,"St. George's, Grenada",GD,2027-01-03,0,https://www.aviasales.com/search/JFK0301GND1?marker=741311
369,264,USD,JFK,ALY,"Alexandria, Egypt",EG,2026-10-13,2,https://www.aviasales.com/search/JFK1310ALY1?marker=741311
370,264,USD,ORD,FNT,"Flint, United States",US,2026-10-06,2,https://www.aviasales.com/search/ORD0610FNT1?marker=741311
371,264,USD,LAX,PUB,"Pueblo, United States",US,2026-10-22,1,https://www.aviasales.com/search/LAX2210PUB1?marker=741311
372,265,USD,TPA,GPT,"Gulfport, United States",US,2026-10-07,2,https://www.aviasales.com/search/TPA0710GPT1?marker=741311
373,265,USD,LAX,CTM,"Chetumal, Mexico",MX,2026-10-23,2,https://www.aviasales.com/search/LAX2310CTM1?marker=741311
374,266,USD,ORD,DAY,"Dayton, United States",US,2026-10-10,0,https://www.aviasales.com/search/ORD1010DAY1?marker=741311
375,267,USD,JFK,RAK,"Marrakech, Morocco",MA,2026-10-10,1,https://www.aviasales.com/search/JFK1010RAK1?marker=741311
376,268,USD,JFK,TBS,"Tbilisi, Georgia",GE,2026-10-15,1,https://www.aviasales.com/search/JFK1510TBS1?marker=741311
377,270,USD,BOS,SCL,"Santiago, Chile",CL,2026-10-05,1,https://www.aviasales.com/search/BOS0510SCL1?marker=741311
378,270,USD,JFK,LIS,"Lisbon, Portugal",PT,2026-10-24,1,https://www.aviasales.com/search/JFK2410LIS1?marker=741311
379,270,USD,JFK,KRK,"Krakow, Poland",PL,2026-10-23,1,https://www.aviasales.com/search/JFK2310KRK1?marker=741311
380,270,USD,RDU,AUW,"Wausau, United States",US,2026-10-26,2,https://www.aviasales.com/search/RDU2610AUW1?marker=741311
381,270,USD,JFK,POP,"Puerto Plata, Dominican Republic",DO,2026-12-04,1,https://www.aviasales.com/search/JFK0412POP1?marker=741311
382,270,USD,JFK,ORH,"Worcester, United States",US,2026-10-07,2,https://www.aviasales.com/search/JFK0710ORH1?marker=741311
383,271,USD,LAX,MLA,"Malta, Malta",MT,2026-10-19,1,https://www.aviasales.com/search/LAX1910MLA1?marker=741311
384,272,USD,JFK,DXB,"Dubai, United Arab Emirates",AE,2026-10-03,1,https://www.aviasales.com/search/JFK0310DXB1?marker=741311
385,273,USD,JFK,RZE,"Rzeszow, Poland",PL,2026-10-22,1,https://www.aviasales.com/search/JFK2210RZE1?marker=741311
386,274,USD,BOS,HAM,"Hamburg, Germany",DE,2027-01-09,2,https://www.aviasales.com/search/BOS0901HAM1?marker=741311
387,276,USD,SAN,ACA,"Acapulco, Mexico",MX,2026-11-12,2,https://www.aviasales.com/search/SAN1211ACA1?marker=741311
388,277,USD,BOS,YHZ,"Halifax, Canada",CA,2026-10-08,1,https://www.aviasales.com/search/BOS0810YHZ1?marker=741311
389,277,USD,BOS,TCI,"Tenerife, Spain",ES,2026-10-29,2,https://www.aviasales.com/search/BOS2910TCI1?marker=741311
390,277,USD,JFK,BFS,"Belfast, United Kingdom",GB,2026-10-14,1,https://www.aviasales.com/search/JFK1410BFS1?marker=741311
391,277,USD,SEA,JNU,"Juneau, United States",US,2026-10-08,0,https://www.aviasales.com/search/SEA0810JNU1?marker=741311
392,277,USD,LAX,HUX,"Huatulco, Mexico",MX,2026-10-07,2,https://www.aviasales.com/search/LAX0710HUX1?marker=741311
393,278,USD,SFO,SIN,"Singapore, Singapore",SG,2026-11-27,0,https://www.aviasales.com/search/SFO2711SIN1?marker=741311
394,278,USD,BNA,STC,"Saint Cloud, United States",US,2026-10-06,2,https://www.aviasales.com/search/BNA0610STC1?marker=741311
395,279,USD,JFK,BHZ,"Belo Horizonte, Brazil",BR,2026-11-12,1,https://www.aviasales.com/search/JFK1211BHZ1?marker=741311
396,279,USD,LAX,CSX,"Changsha, China",CN,2026-10-20,1,https://www.aviasales.com/search/LAX2010CSX1?marker=741311
397,282,USD,DCA,BMI,"Bloomington, United States",US,2026-10-28,1,https://www.aviasales.com/search/DCA2810BMI1?marker=741311
398,282,USD,RDU,SLP,"San Luis Potosi, Mexico",MX,2026-10-10,2,https://www.aviasales.com/search/RDU1010SLP1?marker=741311
399,283,USD,JFK,BHX,"Birmingham, United Kingdom",GB,2026-10-05,2,https://www.aviasales.com/search/JFK0510BHX1?marker=741311
400,283,USD,JFK,STO,"Stockholm, Sweden",SE,2026-11-18,2,https://www.aviasales.com/search/JFK1811STO1?marker=741311
401,284,USD,IAD,CAI,"Cairo, Egypt",EG,2026-11-03,0,https://www.aviasales.com/search/IAD0311CAI1?marker=741311
402,286,USD,SFO,TYO,"Tokyo, Japan",JP,2026-10-21,0,https://www.aviasales.com/search/SFO2110TYO1?marker=741311
403,286,USD,ORD,EUG,"Eugene, United States",US,2026-10-08,1,https://www.aviasales.com/search/ORD0810EUG1?marker=741311
404,286,USD,MIA,JUL,"Juliaca, Peru",PE,2026-11-29,2,https://www.aviasales.com/search/MIA2911JUL1?marker=741311
405,287,USD,JFK,MED,"Medina, Saudi Arabia",SA,2027-02-21,1,https://www.aviasales.com/search/JFK2102MED1?marker=741311
406,288,USD,JFK,AYT,"Antalya, Turkiye",TR,2026-10-11,1,https://www.aviasales.com/search/JFK1110AYT1?marker=741311
407,289,USD,BOS,PDL,"Ponta Delgada, Portugal",PT,2026-11-12,1,https://www.aviasales.com/search/BOS1211PDL1?marker=741311
408,290,USD,BOS,VNO,"Vilnius, Lithuania",LT,2026-11-03,2,https://www.aviasales.com/search/BOS0311VNO1?marker=741311
409,290,USD,JFK,RIX,"Riga, Latvia",LV,2026-10-15,2,https://www.aviasales.com/search/JFK1510RIX1?marker=741311
410,290,USD,SLC,FOC,"Fuzhou, China",CN,2026-11-09,2,https://www.aviasales.com/search/SLC0911FOC1?marker=741311
411,290,USD,DEN,TEX,"Telluride, United States",US,2026-10-07,0,https://www.aviasales.com/search/DEN0710TEX1?marker=741311
412,291,USD,LAX,EGE,"Vail, United States",US,2026-10-05,1,https://www.aviasales.com/search/LAX0510EGE1?marker=741311
413,291,USD,SLC,WYS,"West Yellowstone, United States",US,2026-10-11,1,https://www.aviasales.com/search/SLC1110WYS1?marker=741311
414,291,USD,JFK,DUS,"Dusseldorf, Germany",DE,2026-10-03,2,https://www.aviasales.com/search/JFK0310DUS1?marker=741311
415,292,USD,IAH,MOT,"Minot, United States",US,2026-10-06,1,https://www.aviasales.com/search/IAH0610MOT1?marker=741311
416,293,USD,ORD,ZRH,"Zurich, Switzerland",CH,2026-10-27,1,https://www.aviasales.com/search/ORD2710ZRH1?marker=741311
417,294,USD,IAD,VLC,"Valencia, Spain",ES,2026-10-27,2,https://www.aviasales.com/search/IAD2710VLC1?marker=741311
418,294,USD,IAD,LYS,"Lyon, France",FR,2026-10-20,1,https://www.aviasales.com/search/IAD2010LYS1?marker=741311
419,295,USD,JFK,BAK,"Baku, Azerbaijan",AZ,2026-10-20,1,https://www.aviasales.com/search/JFK2010BAK1?marker=741311
420,297,USD,JFK,RIO,"Rio de Janeiro, Brazil",BR,2026-11-09,1,https://www.aviasales.com/search/JFK0911RIO1?marker=741311
421,297,USD,MCO,LAN,"Lansing, United States",US,2027-01-02,0,https://www.aviasales.com/search/MCO0201LAN1?marker=741311
422,299,USD,BOS,HYA,"Hyannis, United States",US,2026-10-07,0,https://www.aviasales.com/search/BOS0710HYA1?marker=741311
423,299,USD,ORD,BUH,"Bucharest, Romania",RO,2026-11-15,3,https://www.aviasales.com/search/ORD1511BUH1?marker=741311
424,300,USD,MIA,CMN,"Casablanca, Morocco",MA,2027-03-02,1,https://www.aviasales.com/search/MIA0203CMN1?marker=741311
425,300,USD,ORD,ALC,"Alicante, Spain",ES,2026-12-02,2,https://www.aviasales.com/search/ORD0212ALC1?marker=741311
426,303,USD,BOS,ITH,"Ithaca, United States",US,2026-10-07,1,https://www.aviasales.com/search/BOS0710ITH1?marker=741311
427,303,USD,ATL,HHH,"Hilton Head, United States",US,2026-10-05,2,https://www.aviasales.com/search/ATL0510HHH1?marker=741311
428,305,USD,JFK,HAJ,"Hannover, Germany",DE,2027-02-14,1,https://www.aviasales.com/search/JFK1402HAJ1?marker=741311
429,305,USD,ATL,FAY,"Fayetteville, United States",US,2026-10-11,1,https://www.aviasales.com/search/ATL1110FAY1?marker=741311
430,305,USD,JFK,BUS,"Batumi, Georgia",GE,2026-10-04,2,https://www.aviasales.com/search/JFK0410BUS1?marker=741311
431,305,USD,JFK,BEL,"Belem, Brazil",BR,2026-10-28,2,https://www.aviasales.com/search/JFK2810BEL1?marker=741311
432,305,USD,MCO,BLL,"Billund, Denmark",DK,2026-10-10,1,https://www.aviasales.com/search/MCO1010BLL1?marker=741311
433,307,USD,JFK,EIN,"Eindhoven, Netherlands",NL,2026-10-16,1,https://www.aviasales.com/search/JFK1610EIN1?marker=741311
434,308,USD,JFK,SSH,"Sharm el Sheikh, Egypt",EG,2026-10-04,1,https://www.aviasales.com/search/JFK0410SSH1?marker=741311
435,312,USD,BNA,CUC,"Cucuta, Colombia",CO,2026-11-28,3,https://www.aviasales.com/search/BNA2811CUC1?marker=741311
436,313,USD,JFK,RTM,"Rotterdam, Netherlands",NL,2026-10-05,1,https://www.aviasales.com/search/JFK0510RTM1?marker=741311
437,313,USD,LAX,PXM,"Puerto Escondido, Mexico",MX,2026-12-30,2,https://www.aviasales.com/search/LAX3012PXM1?marker=741311
438,314,USD,JFK,BOM,"Mumbai, India",IN,2026-10-03,1,https://www.aviasales.com/search/JFK0310BOM1?marker=741311
439,314,USD,MIA,BSB,"Brasilia, Brazil",BR,2026-11-23,1,https://www.aviasales.com/search/MIA2311BSB1?marker=741311
440,315,USD,PDX,YXX,"Abbotsford, Canada",CA,2026-10-05,2,https://www.aviasales.com/search/PDX0510YXX1?marker=741311
441,315,USD,JFK,ALG,"Algiers, Algeria",DZ,2026-10-14,2,https://www.aviasales.com/search/JFK1410ALG1?marker=741311
442,316,USD,MIA,FLN,"Florianopolis, Brazil",BR,2026-10-04,1,https://www.aviasales.com/search/MIA0410FLN1?marker=741311
443,316,USD,LAX,DPS,"Denpasar (Bali), Indonesia",ID,2026-11-29,1,https://www.aviasales.com/search/LAX2911DPS1?marker=741311
444,316,USD,ORD,SRZ,"Santa Cruz, Bolivia",BO,2027-01-01,2,https://www.aviasales.com/search/ORD0101SRZ1?marker=741311
445,316,USD,JFK,DUJ,"Du Bois, United States",US,2026-10-08,2,https://www.aviasales.com/search/JFK0810DUJ1?marker=741311
446,316,USD,SEA,BIL,"Billings, United States",US,2026-10-09,1,https://www.aviasales.com/search/SEA0910BIL1?marker=741311
447,317,USD,IAD,STX,"Saint Croix, U.S. Virgin Islands",VI,2026-12-29,1,https://www.aviasales.com/search/IAD2912STX1?marker=741311
448,317,USD,SLC,VEL,"Vernal, United States",US,2026-10-07,1,https://www.aviasales.com/search/SLC0710VEL1?marker=741311
449,317,USD,SFO,BRL,"Burlington, United States",US,2026-10-07,2,https://www.aviasales.com/search/SFO0710BRL1?marker=741311
450,319,USD,BOS,RAI,"Praia, Cape Verde",CV,2026-11-12,2,https://www.aviasales.com/search/BOS1211RAI1?marker=741311
451,319,USD,AUS,LPB,"La Paz, Bolivia",BO,2026-11-12,2,https://www.aviasales.com/search/AUS1211LPB1?marker=741311
452,319,USD,JFK,TUN,"Tunis, Tunisia",TN,2026-10-10,1,https://www.aviasales.com/search/JFK1010TUN1?marker=741311
453,319,USD,MIA,SLA,"Salta, Argentina",AR,2026-11-03,2,https://www.aviasales.com/search/MIA0311SLA1?marker=741311
454,320,USD,JFK,BJV,"Bodrum, Turkiye",TR,2026-10-06,1,https://www.aviasales.com/search/JFK0610BJV1?marker=741311
455,320,USD,DFW,TWF,"Twin Falls, United States",US,2026-10-11,2,https://www.aviasales.com/search/DFW1110TWF1?marker=741311
456,321,USD,LAX,HKG,"Hong Kong, Hong Kong",HK,2026-11-13,1,https://www.aviasales.com/search/LAX1311HKG1?marker=741311
457,323,USD,LAX,SEL,"Seoul, South Korea",KR,2026-11-10,1,https://www.aviasales.com/search/LAX1011SEL1?marker=741311
458,323,USD,LAX,PQM,"Palenque, Mexico",MX,2026-10-05,2,https://www.aviasales.com/search/LAX0510PQM1?marker=741311
459,324,USD,JFK,PFO,"Paphos, Cyprus",CY,2026-10-07,2,https://www.aviasales.com/search/JFK0710PFO1?marker=741311
460,326,USD,ATL,AGS,"Augusta, United States",US,2026-10-08,1,https://www.aviasales.com/search/ATL0810AGS1?marker=741311
461,326,USD,ATL,AUG,"Augusta, United States",US,2026-10-10,1,https://www.aviasales.com/search/ATL1010AUG1?marker=741311
462,326,USD,JFK,OPO,"Porto, Portugal",PT,2026-11-05,1,https://www.aviasales.com/search/JFK0511OPO1?marker=741311
463,326,USD,SEA,SPU,"Split, Croatia",HR,2026-10-18,2,https://www.aviasales.com/search/SEA1810SPU1?marker=741311
464,327,USD,JFK,BOD,"Bordeaux, France",FR,2026-10-01,2,https://www.aviasales.com/search/JFK0110BOD1?marker=741311
465,327,USD,PHX,GCN,"Grand Canyon, United States",US,2026-10-09,0,https://www.aviasales.com/search/PHX0910GCN1?marker=741311
466,327,USD,SFO,CRP,"Corpus Christi, United States",US,2026-10-18,1,https://www.aviasales.com/search/SFO1810CRP1?marker=741311
467,327,USD,JFK,FLR,"Florence, Italy",IT,2026-10-22,1,https://www.aviasales.com/search/JFK2210FLR1?marker=741311
468,328,USD,JFK,CGN,"Cologne, Germany",DE,2026-12-10,1,https://www.aviasales.com/search/JFK1012CGN1?marker=741311
469,328,USD,SEA,SIT,"Sitka, United States",US,2026-10-07,1,https://www.aviasales.com/search/SEA0710SIT1?marker=741311
470,329,USD,LAS,MKL,"Jackson, United States",US,2026-10-06,3,https://www.aviasales.com/search/LAS0610MKL1?marker=741311
471,330,USD,MIA,GYN,"Goiania, Brazil",BR,2026-11-13,2,https://www.aviasales.com/search/MIA1311GYN1?marker=741311
472,330,USD,JFK,CLO,"Cali, Colombia",CO,2026-10-01,1,https://www.aviasales.com/search/JFK0110CLO1?marker=741311
473,331,USD,MIA,MDZ,"Mendoza, Argentina",AR,2026-10-10,1,https://www.aviasales.com/search/MIA1010MDZ1?marker=741311
474,331,USD,PHL,YQB,"Quebec, Canada",CA,2026-11-26,2,https://www.aviasales.com/search/PHL2611YQB1?marker=741311
475,332,USD,BOS,RST,"Rochester, United States",US,2026-11-01,1,https://www.aviasales.com/search/BOS0111RST1?marker=741311
476,332,USD,JFK,ISB,"Islamabad, Pakistan",PK,2026-11-13,1,https://www.aviasales.com/search/JFK1311ISB1?marker=741311
477,332,USD,JFK,TLL,"Tallinn, Estonia",EE,2027-01-03,1,https://www.aviasales.com/search/JFK0301TLL1?marker=741311
478,333,USD,DFW,TRI,"Blountville, United States",US,2026-10-08,2,https://www.aviasales.com/search/DFW0810TRI1?marker=741311
479,333,USD,MCO,HEL,"Helsinki, Finland",FI,2026-10-05,2,https://www.aviasales.com/search/MCO0510HEL1?marker=741311
480,334,USD,JFK,LMM,"Los Mochis, Mexico",MX,2026-10-08,2,https://www.aviasales.com/search/JFK0810LMM1?marker=741311
481,335,USD,ORD,TOL,"Toledo, United States",US,2026-10-10,2,https://www.aviasales.com/search/ORD1010TOL1?marker=741311
482,335,USD,JFK,ANK,"Ankara, Turkiye",TR,2026-10-21,2,https://www.aviasales.com/search/JFK2110ANK1?marker=741311
483,335,USD,JFK,TRN,"Turin, Italy",IT,2026-10-09,2,https://www.aviasales.com/search/JFK0910TRN1?marker=741311
484,336,USD,SEA,ITO,"Hilo, United States",US,2026-10-01,1,https://www.aviasales.com/search/SEA0110ITO1?marker=741311
485,336,USD,ORD,GRB,"Green Bay, United States",US,2026-10-08,0,https://www.aviasales.com/search/ORD0810GRB1?marker=741311
486,336,USD,ORD,AZO,"Kalamazoo, United States",US,2026-10-15,0,https://www.aviasales.com/search/ORD1510AZO1?marker=741311
487,337,USD,ORD,HKT,"Phuket, Thailand",TH,2026-10-13,1,https://www.aviasales.com/search/ORD1310HKT1?marker=741311
488,338,USD,JFK,JED,"Jeddah, Saudi Arabia",SA,2026-10-13,1,https://www.aviasales.com/search/JFK1310JED1?marker=741311
489,338,USD,JFK,LPL,"Liverpool, United Kingdom",GB,2026-10-01,1,https://www.aviasales.com/search/JFK0110LPL1?marker=741311
490,338,USD,MCO,COU,"Columbia, United States",US,2026-10-10,2,https://www.aviasales.com/search/MCO1010COU1?marker=741311
491,339,USD,JFK,AGP,"Malaga, Spain",ES,2026-11-18,1,https://www.aviasales.com/search/JFK1811AGP1?marker=741311
492,339,USD,PHX,OGD,"Ogden, United States",US,2026-10-07,2,https://www.aviasales.com/search/PHX0710OGD1?marker=741311
493,340,USD,DCA,BIS,"Bismarck, United States",US,2026-10-08,2,https://www.aviasales.com/search/DCA0810BIS1?marker=741311
494,340,USD,JFK,BAY,"Baia Mare, Romania",RO,2026-10-11,2,https://www.aviasales.com/search/JFK1110BAY1?marker=741311
495,341,USD,JFK,DOH,"Doha, Qatar",QA,2027-02-09,1,https://www.aviasales.com/search/JFK0902DOH1?marker=741311
496,341,USD,MIA,MVD,"Montevideo, Uruguay",UY,2027-01-07,1,https://www.aviasales.com/search/MIA0701MVD1?marker=741311
497,341,USD,JFK,PEI,"Pereira, Colombia",CO,2026-10-02,2,https://www.aviasales.com/search/JFK0210PEI1?marker=741311
498,342,USD,MIA,CCS,"Caracas, Venezuela",VE,2026-11-03,3,https://www.aviasales.com/search/MIA0311CCS1?marker=741311
499,343,USD,IAH,LCH,"Lake Charles, United States",US,2026-10-08,0,https://www.aviasales.com/search/IAH0810LCH1?marker=741311
500,343,USD,ORD,MBS,"Saginaw, United States",US,2026-10-06,0,https://www.aviasales.com/search/ORD0610MBS1?marker=741311
501,343,USD,JFK,EWB,"New Bedford, United States",US,2026-10-07,1,https://www.aviasales.com/search/JFK0710EWB1?marker=741311
502,343,USD,PHX,CVN,"Clovis, United States",US,2026-10-08,1,https://www.aviasales.com/search/PHX0810CVN1?marker=741311
503,343,USD,BNA,PAH,"Paducah, United States",US,2026-10-06,1,https://www.aviasales.com/search/BNA0610PAH1?marker=741311
504,344,USD,JFK,GZP,"Alanya, Turkiye",TR,2026-10-13,2,https://www.aviasales.com/search/JFK1310GZP1?marker=741311
505,344,USD,ORD,BZE,"Belize City, Belize",BZ,2026-11-16,2,https://www.aviasales.com/search/ORD1611BZE1?marker=741311
506,345,USD,JFK,HYD,"Hyderabad, India",IN,2026-10-12,1,https://www.aviasales.com/search/JFK1210HYD1?marker=741311
507,345,USD,MIA,MAF,"Midland, United States",US,2026-10-01,1,https://www.aviasales.com/search/MIA0110MAF1?marker=741311
508,345,USD,MIA,PMO,"Palermo, Italy",IT,2026-10-19,3,https://www.aviasales.com/search/MIA1910PMO1?marker=741311
509,345,USD,LAX,BIH,"Bishop, United States",US,2026-10-09,1,https://www.aviasales.com/search/LAX0910BIH1?marker=741311
510,346,USD,JFK,OGL,"Georgetown, Guyana",GY,2026-11-18,1,https://www.aviasales.com/search/JFK1811OGL1?marker=741311
511,346,USD,SEA,GTF,"Great Falls, United States",US,2026-10-11,0,https://www.aviasales.com/search/SEA1110GTF1?marker=741311
512,349,USD,DFW,SLN,"Salina, United States",US,2026-10-10,1,https://www.aviasales.com/search/DFW1010SLN1?marker=741311
513,349,USD,MIA,SCU,"Santiago, Cuba",CU,2027-03-15,0,https://www.aviasales.com/search/MIA1503SCU1?marker=741311
514,350,USD,ORD,MFM,"Macau, Macau",MO,2026-10-21,2,https://www.aviasales.com/search/ORD2110MFM1?marker=741311
515,350,USD,MIA,PTP,"Pointe-a-pitre, Guadeloupe",GP,2026-12-16,0,https://www.aviasales.com/search/MIA1612PTP1?marker=741311
516,350,USD,LAX,VAR,"Varna, Bulgaria",BG,2026-10-17,2,https://www.aviasales.com/search/LAX1710VAR1?marker=741311
517,350,USD,JFK,IBZ,"Ibiza, Spain",ES,2026-10-08,1,https://www.aviasales.com/search/JFK0810IBZ1?marker=741311
518,354,USD,SEA,MXL,"Mexicali, Mexico",MX,2026-10-07,1,https://www.aviasales.com/search/SEA0710MXL1?marker=741311
519,355,USD,BOS,REK,"Reykjavik, Iceland",IS,2027-03-01,0,https://www.aviasales.com/search/BOS0103REK1?marker=741311
520,355,USD,JFK,HRG,"Hurghada, Egypt",EG,2026-10-10,1,https://www.aviasales.com/search/JFK1010HRG1?marker=741311
521,355,USD,DFW,TNG,"Tangier, Morocco",MA,2027-02-22,2,https://www.aviasales.com/search/DFW2202TNG1?marker=741311
522,355,USD,LAX,NKG,"Nanjing, China",CN,2026-11-01,1,https://www.aviasales.com/search/LAX0111NKG1?marker=741311
523,356,USD,ORD,RUH,"Riyadh, Saudi Arabia",SA,2026-10-15,1,https://www.aviasales.com/search/ORD1510RUH1?marker=741311
524,357,USD,JFK,DEL,"New Delhi, India",IN,2026-10-13,1,https://www.aviasales.com/search/JFK1310DEL1?marker=741311
525,357,USD,BNA,LAF,"Lafayette, United States",US,2026-10-07,1,https://www.aviasales.com/search/BNA0710LAF1?marker=741311
526,358,USD,LAX,ORK,"Cork, Ireland",IE,2026-12-10,2,https://www.aviasales.com/search/LAX1012ORK1?marker=741311
527,359,USD,BOS,LAL,"Lakeland, United States",US,2026-10-05,2,https://www.aviasales.com/search/BOS0510LAL1?marker=741311
528,359,USD,IAD,ECN,"Ercan, Northern Cyprus",NY,2027-01-04,3,https://www.aviasales.com/search/IAD0401ECN1?marker=741311
529,359,USD,ORD,ZCL,"Zacatecas, Mexico",MX,2026-12-27,1,https://www.aviasales.com/search/ORD2712ZCL1?marker=741311
530,360,USD,MCO,HTS,"Huntington, United States",US,2026-10-08,2,https://www.aviasales.com/search/MCO0810HTS1?marker=741311
531,361,USD,LAX,CAN,"Guangzhou, China",CN,2026-10-25,1,https://www.aviasales.com/search/LAX2510CAN1?marker=741311
532,362,USD,MCO,MGF,"Maringa, Brazil",BR,2026-10-15,1,https://www.aviasales.com/search/MCO1510MGF1?marker=741311
533,365,USD,JFK,NBO,"Nairobi, Kenya",KE,2026-11-01,1,https://www.aviasales.com/search/JFK0111NBO1?marker=741311
534,366,USD,SAN,GUP,"Gallup, United States",US,2026-10-10,1,https://www.aviasales.com/search/SAN1010GUP1?marker=741311
535,367,USD,CLT,EAU,"Eau Claire, United States",US,2026-10-08,2,https://www.aviasales.com/search/CLT0810EAU1?marker=741311
536,368,USD,LAX,XMN,"Xiamen, China",CN,2026-10-27,1,https://www.aviasales.com/search/LAX2710XMN1?marker=741311
537,369,USD,FLL,BLQ,"Bologna, Italy",IT,2026-10-21,2,https://www.aviasales.com/search/FLL2110BLQ1?marker=741311
538,370,USD,MIA,CTA,"Catania, Italy",IT,2027-03-08,2,https://www.aviasales.com/search/MIA0803CTA1?marker=741311
539,372,USD,MSP,DIK,"Dickinson, United States",US,2026-10-06,1,https://www.aviasales.com/search/MSP0610DIK1?marker=741311
540,373,USD,LAX,SHA,"Shanghai, China",CN,2026-11-17,1,https://www.aviasales.com/search/LAX1711SHA1?marker=741311
541,373,USD,DFW,JLN,"Joplin, United States",US,2026-10-09,1,https://www.aviasales.com/search/DFW0910JLN1?marker=741311
542,374,USD,JFK,AUH,"Abu Dhabi, United Arab Emirates",AE,2026-10-13,1,https://www.aviasales.com/search/JFK1310AUH1?marker=741311
543,374,USD,SFO,PPT,"Papeete, French Polynesia",PF,2026-11-08,0,https://www.aviasales.com/search/SFO0811PPT1?marker=741311
544,375,USD,BOS,PDV,"Plovdiv, Bulgaria",BG,2026-11-12,2,https://www.aviasales.com/search/BOS1211PDV1?marker=741311
545,375,USD,JFK,ELM,"Elmira, United States",US,2026-10-07,1,https://www.aviasales.com/search/JFK0710ELM1?marker=741311
546,375,USD,FLL,YXU,"London, Canada",CA,2026-10-08,2,https://www.aviasales.com/search/FLL0810YXU1?marker=741311
547,377,USD,JFK,SHJ,"Sharjah, United Arab Emirates",AE,2026-10-18,1,https://www.aviasales.com/search/JFK1810SHJ1?marker=741311
548,377,USD,SEA,AGB,"Augsburg, Germany",DE,2027-01-25,1,https://www.aviasales.com/search/SEA2501AGB1?marker=741311
549,377,USD,DFW,LBF,"North Platte, United States",US,2026-10-07,1,https://www.aviasales.com/search/DFW0710LBF1?marker=741311
550,378,USD,BOS,BIO,"Bilbao, Spain",ES,2027-02-28,3,https://www.aviasales.com/search/BOS2802BIO1?marker=741311
551,378,USD,JFK,KUL,"Kuala Lumpur, Malaysia",MY,2026-10-20,1,https://www.aviasales.com/search/JFK2010KUL1?marker=741311
552,379,USD,SEA,FAO,"Faro, Portugal",PT,2026-12-07,3,https://www.aviasales.com/search/SEA0712FAO1?marker=741311
553,380,USD,ATL,DAC,"Dhaka, Bangladesh",BD,2026-10-02,1,https://www.aviasales.com/search/ATL0210DAC1?marker=741311
554,381,USD,SEA,BJS,"Beijing, China",CN,2026-10-02,1,https://www.aviasales.com/search/SEA0210BJS1?marker=741311
555,382,USD,MSP,WRO,"Wroclaw, Poland",PL,2026-10-26,3,https://www.aviasales.com/search/MSP2610WRO1?marker=741311
556,382,USD,MSP,IZM,"Izmir, Turkiye",TR,2026-10-22,3,https://www.aviasales.com/search/MSP2210IZM1?marker=741311
557,383,USD,ATL,NUE,"Nuremberg, Germany",DE,2026-10-03,2,https://www.aviasales.com/search/ATL0310NUE1?marker=741311
558,383,USD,JFK,CKB,"Clarksburg, United States",US,2026-10-05,1,https://www.aviasales.com/search/JFK0510CKB1?marker=741311
559,385,USD,JFK,LED,"Saint Petersburg, Russia",RU,2026-10-13,2,https://www.aviasales.com/search/JFK1310LED1?marker=741311
560,386,USD,JFK,BSZ,"Bishkek, Kyrgyzstan",KG,2026-10-18,2,https://www.aviasales.com/search/JFK1810BSZ1?marker=741311
561,388,USD,MIA,SKG,"Thessaloniki, Greece",GR,2026-10-06,2,https://www.aviasales.com/search/MIA0610SKG1?marker=741311
562,390,USD,LAS,TYR,"Tyler, United States",US,2026-10-10,1,https://www.aviasales.com/search/LAS1010TYR1?marker=741311
563,391,USD,MCO,TXK,"Texarkana, United States",US,2026-10-07,1,https://www.aviasales.com/search/MCO0710TXK1?marker=741311
564,391,USD,IAH,GLA,"Glasgow, United Kingdom",GB,2026-10-14,3,https://www.aviasales.com/search/IAH1410GLA1?marker=741311
565,393,USD,LAX,WUH,"Wuhan, China",CN,2026-11-01,1,https://www.aviasales.com/search/LAX0111WUH1?marker=741311
566,393,USD,MSP,DGO,"Durango, Mexico",MX,2026-10-07,3,https://www.aviasales.com/search/MSP0710DGO1?marker=741311
567,395,USD,LAX,BPT,"Beaumont, United States",US,2026-10-08,1,https://www.aviasales.com/search/LAX0810BPT1?marker=741311
568,396,USD,LAX,CKG,"Chongqing, China",CN,2026-11-17,1,https://www.aviasales.com/search/LAX1711CKG1?marker=741311
569,397,USD,JFK,ALA,"Almaty, Kazakhstan",KZ,2026-12-01,2,https://www.aviasales.com/search/JFK0112ALA1?marker=741311
570,397,USD,JFK,CWB,"Curitiba, Brazil",BR,2026-11-05,2,https://www.aviasales.com/search/JFK0511CWB1?marker=741311
571,397,USD,JFK,SNU,"Santa Clara, Cuba",CU,2026-12-21,2,https://www.aviasales.com/search/JFK2112SNU1?marker=741311
572,398,USD,JFK,KRR,"Krasnodar, Russia",RU,2026-10-04,2,https://www.aviasales.com/search/JFK0410KRR1?marker=741311
573,398,USD,JFK,OAJ,"Jacksonville, United States",US,2026-10-02,1,https://www.aviasales.com/search/JFK0210OAJ1?marker=741311
574,399,USD,JFK,GNY,"Golgen, Turkiye",TR,2026-10-04,2,https://www.aviasales.com/search/JFK0410GNY1?marker=741311
575,400,USD,BOS,CUZ,"Cusco, Peru",PE,2026-10-05,2,https://www.aviasales.com/search/BOS0510CUZ1?marker=741311
576,401,USD,JFK,KUN,"Kaunas, Lithuania",LT,2026-10-24,2,https://www.aviasales.com/search/JFK2410KUN1?marker=741311
577,402,USD,IAD,CFU,"Kerkyra, Greece",GR,2026-10-18,2,https://www.aviasales.com/search/IAD1810CFU1?marker=741311
578,403,USD,RDU,FLO,"Florence, United States",US,2026-10-10,1,https://www.aviasales.com/search/RDU1010FLO1?marker=741311
579,404,USD,BOS,GCI,"Guernsey, Guernsey",GG,2026-10-18,2,https://www.aviasales.com/search/BOS1810GCI1?marker=741311
580,404,USD,CLT,PGV,"Greenville, United States",US,2026-10-07,0,https://www.aviasales.com/search/CLT0710PGV1?marker=741311
581,405,USD,ORD,SVQ,"Sevilla, Spain",ES,2026-10-18,2,https://www.aviasales.com/search/ORD1810SVQ1?marker=741311
582,406,USD,LAX,TPE,"Taipei, Taiwan",TW,2027-01-04,1,https://www.aviasales.com/search/LAX0401TPE1?marker=741311
583,407,USD,LAX,CTU,"Chengdu, China",CN,2026-11-22,1,https://www.aviasales.com/search/LAX2211CTU1?marker=741311
584,408,USD,JFK,NQZ,"Astana, Kazakhstan",KZ,2026-10-15,2,https://www.aviasales.com/search/JFK1510NQZ1?marker=741311
585,408,USD,JFK,PVC,"Provincetown, United States",US,2026-10-07,1,https://www.aviasales.com/search/JFK0710PVC1?marker=741311
586,409,USD,ATL,PHF,"Newport News, United States",US,2026-10-09,1,https://www.aviasales.com/search/ATL0910PHF1?marker=741311
587,410,USD,SFO,NAN,"Nadi, Fiji",FJ,2026-10-11,0,https://www.aviasales.com/search/SFO1110NAN1?marker=741311
588,410,USD,PHL,SLU,"Castries, Saint Lucia",LC,2027-03-12,1,https://www.aviasales.com/search/PHL1203SLU1?marker=741311
589,411,USD,DTW,DVL,"Devils Lake, United States",US,2026-10-07,1,https://www.aviasales.com/search/DTW0710DVL1?marker=741311
590,414,USD,PDX,SVC,"Silver City, United States",US,2026-10-05,2,https://www.aviasales.com/search/PDX0510SVC1?marker=741311
591,415,USD,IAD,YYG,"Charlottetown, Canada",CA,2026-10-10,1,https://www.aviasales.com/search/IAD1010YYG1?marker=741311
592,415,USD,LAS,OTH,"North Bend, United States",US,2026-10-08,1,https://www.aviasales.com/search/LAS0810OTH1?marker=741311
593,416,USD,LAX,DAD,"Da Nang, Vietnam",VN,2026-11-27,2,https://www.aviasales.com/search/LAX2711DAD1?marker=741311
594,416,USD,LAX,SHE,"Shenyang, China",CN,2027-01-11,1,https://www.aviasales.com/search/LAX1101SHE1?marker=741311
595,417,USD,LAX,HOB,"Hobbs, United States",US,2026-10-10,1,https://www.aviasales.com/search/LAX1010HOB1?marker=741311
596,419,USD,IAH,ACT,"Waco, United States",US,2026-10-05,1,https://www.aviasales.com/search/IAH0510ACT1?marker=741311
597,420,USD,TPA,AGA,"Agadir, Morocco",MA,2026-10-03,2,https://www.aviasales.com/search/TPA0310AGA1?marker=741311
598,420,USD,JFK,AER,"Adler/Sochi, Russia",RU,2026-10-18,2,https://www.aviasales.com/search/JFK1810AER1?marker=741311
599,420,USD,LAX,HRB,"Harbin, China",CN,2026-10-25,1,https://www.aviasales.com/search/LAX2510HRB1?marker=741311
600,420,USD,MIA,LUX,"Luxembourg, Luxembourg",LU,2026-10-31,3,https://www.aviasales.com/search/MIA3110LUX1?marker=741311
601,421,USD,JFK,MRV,"Mineralnye Vody, Russia",RU,2026-10-18,3,https://www.aviasales.com/search/JFK1810MRV1?marker=741311
602,421,USD,LAX,RKS,"Rock Springs, United States",US,2026-10-06,1,https://www.aviasales.com/search/LAX0610RKS1?marker=741311
603,421,USD,MSP,RIW,"Riverton, United States",US,2026-10-05,1,https://www.aviasales.com/search/MSP0510RIW1?marker=741311
604,422,USD,BOS,ZAG,"Zagreb, Croatia",HR,2026-10-20,3,https://www.aviasales.com/search/BOS2010ZAG1?marker=741311
605,422,USD,LAX,FEZ,"Fez, Morocco",MA,2026-10-15,3,https://www.aviasales.com/search/LAX1510FEZ1?marker=741311
606,423,USD,LAX,AKL,"Auckland, New Zealand",NZ,2026-11-05,1,https://www.aviasales.com/search/LAX0511AKL1?marker=741311
607,423,USD,PDX,LNS,"Lancaster, United States",US,2026-10-08,2,https://www.aviasales.com/search/PDX0810LNS1?marker=741311
608,425,USD,JFK,UBS,"Columbus, United States",US,2026-10-05,1,https://www.aviasales.com/search/JFK0510UBS1?marker=741311
609,425,USD,JFK,CUE,"Cuenca, Ecuador",EC,2026-10-02,2,https://www.aviasales.com/search/JFK0210CUE1?marker=741311
610,426,USD,JFK,LHE,"Lahore, Pakistan",PK,2026-11-02,1,https://www.aviasales.com/search/JFK0211LHE1?marker=741311
611,426,USD,JFK,DOM,"Dominica, Dominica",DM,2027-02-05,1,https://www.aviasales.com/search/JFK0502DOM1?marker=741311
612,428,USD,LAX,SYX,"Sanya, China",CN,2026-10-28,1,https://www.aviasales.com/search/LAX2810SYX1?marker=741311
613,429,USD,JFK,MOW,"Moscow, Russia",RU,2026-10-13,2,https://www.aviasales.com/search/JFK1310MOW1?marker=741311
614,429,USD,PHL,SHD,"Staunton, United States",US,2026-10-09,2,https://www.aviasales.com/search/PHL0910SHD1?marker=741311
615,430,USD,DCA,SCQ,"Santiago De Compostela, Spain",ES,2026-10-04,3,https://www.aviasales.com/search/DCA0410SCQ1?marker=741311
616,431,USD,JFK,AOO,"Altoona, United States",US,2026-10-05,3,https://www.aviasales.com/search/JFK0510AOO1?marker=741311
617,433,USD,BOS,TAS,"Tashkent, Uzbekistan",UZ,2026-10-18,2,https://www.aviasales.com/search/BOS1810TAS1?marker=741311
618,435,USD,IAD,FNC,"Funchal, Portugal",PT,2026-11-02,3,https://www.aviasales.com/search/IAD0211FNC1?marker=741311
619,436,USD,JFK,BAH,"Manama, Bahrain",BH,2026-10-03,1,https://www.aviasales.com/search/JFK0310BAH1?marker=741311
620,438,USD,DFW,CLL,"College Station, United States",US,2026-10-08,0,https://www.aviasales.com/search/DFW0810CLL1?marker=741311
621,438,USD,JFK,YFC,"Fredericton, Canada",CA,2026-10-10,2,https://www.aviasales.com/search/JFK1010YFC1?marker=741311
622,438,USD,MCO,NVT,"Navegantes, Brazil",BR,2026-10-13,2,https://www.aviasales.com/search/MCO1310NVT1?marker=741311
623,439,USD,PHL,OKA,"Okinawa, Japan",JP,2026-11-23,2,https://www.aviasales.com/search/PHL2311OKA1?marker=741311
624,440,USD,PDX,YZF,"Yellowknife, Canada",CA,2026-10-08,1,https://www.aviasales.com/search/PDX0810YZF1?marker=741311
625,443,USD,SEA,LFT,"Lafayette, United States",US,2026-10-17,1,https://www.aviasales.com/search/SEA1710LFT1?marker=741311
626,444,USD,DFW,HOG,"Holguin, Cuba",CU,2026-10-04,1,https://www.aviasales.com/search/DFW0410HOG1?marker=741311
627,444,USD,MIA,RBA,"Rabat, Morocco",MA,2026-11-22,2,https://www.aviasales.com/search/MIA2211RBA1?marker=741311
628,444,USD,JFK,TRV,"Thiruvananthapuram, India",IN,2027-01-10,2,https://www.aviasales.com/search/JFK1001TRV1?marker=741311
629,444,USD,MCO,SUF,"Lamezia Terme, Italy",IT,2026-10-03,3,https://www.aviasales.com/search/MCO0310SUF1?marker=741311
630,445,USD,JFK,CIT,"Shymkent, Kazakhstan",KZ,2026-10-16,3,https://www.aviasales.com/search/JFK1610CIT1?marker=741311
631,446,USD,LAX,JKT,"Jakarta, Indonesia",ID,2026-10-08,1,https://www.aviasales.com/search/LAX0810JKT1?marker=741311
632,447,USD,JFK,AMD,"Ahmedabad, India",IN,2026-11-01,1,https://www.aviasales.com/search/JFK0111AMD1?marker=741311
633,447,USD,JFK,PQC,"Phu Quoc, Vietnam",VN,2027-01-13,1,https://www.aviasales.com/search/JFK1301PQC1?marker=741311
634,447,USD,JFK,SZG,"Salzburg, Austria",AT,2026-12-16,2,https://www.aviasales.com/search/JFK1612SZG1?marker=741311
635,447,USD,LAS,FSM,"Fort Smith, United States",US,2026-10-10,1,https://www.aviasales.com/search/LAS1010FSM1?marker=741311
636,449,USD,IAD,REC,"Recife, Brazil",BR,2026-10-25,2,https://www.aviasales.com/search/IAD2510REC1?marker=741311
637,449,USD,DEN,TGU,"Tegucigalpa, Honduras",HN,2027-02-01,3,https://www.aviasales.com/search/DEN0102TGU1?marker=741311
638,450,USD,LAX,UBN,"Ulaanbaatar, Mongolia",MN,2026-10-27,1,https://www.aviasales.com/search/LAX2710UBN1?marker=741311
639,452,USD,JFK,MSL,"Muscle Shoals, United States",US,2026-10-07,2,https://www.aviasales.com/search/JFK0710MSL1?marker=741311
640,454,USD,IAH,ILE,"Killeen, United States",US,2026-10-07,1,https://www.aviasales.com/search/IAH0710ILE1?marker=741311
641,454,USD,IAH,SSA,"Salvador, Brazil",BR,2026-10-25,2,https://www.aviasales.com/search/IAH2510SSA1?marker=741311
642,454,USD,LAX,SWA,"Shantou, China",CN,2027-01-11,1,https://www.aviasales.com/search/LAX1101SWA1?marker=741311
643,454,USD,LAX,YCG,"Castlegar, Canada",CA,2026-10-09,2,https://www.aviasales.com/search/LAX0910YCG1?marker=741311
644,455,USD,LAX,USM,"Koh Samui, Thailand",TH,2026-11-29,2,https://www.aviasales.com/search/LAX2911USM1?marker=741311
645,455,USD,AUS,LAR,"Laramie, United States",US,2026-10-01,1,https://www.aviasales.com/search/AUS0110LAR1?marker=741311
646,456,USD,SFO,BDS,"Brindisi, Italy",IT,2026-10-06,2,https://www.aviasales.com/search/SFO0610BDS1?marker=741311
647,457,USD,PDX,RKD,"Rockland, United States",US,2026-10-09,2,https://www.aviasales.com/search/PDX0910RKD1?marker=741311
648,458,USD,MIA,VRA,"Varadero, Cuba",CU,2026-10-02,0,https://www.aviasales.com/search/MIA0210VRA1?marker=741311
649,460,USD,LAX,ASU,"Asuncion, Paraguay",PY,2027-04-01,1,https://www.aviasales.com/search/LAX0104ASU1?marker=741311
650,460,USD,SEA,NHA,"Nha Trang, Vietnam",VN,2026-10-28,2,https://www.aviasales.com/search/SEA2810NHA1?marker=741311
651,463,USD,BOS,VAN,"Van, Turkiye",TR,2026-10-01,3,https://www.aviasales.com/search/BOS0110VAN1?marker=741311
652,463,USD,ORD,SPC,"Santa Cruz De La Palma, Spain",ES,2027-01-01,1,https://www.aviasales.com/search/ORD0101SPC1?marker=741311
653,463,USD,SEA,YBL,"Campbell River, Canada",CA,2026-10-11,1,https://www.aviasales.com/search/SEA1110YBL1?marker=741311
654,464,USD,SEA,FUK,"Fukuoka, Japan",JP,2026-11-19,1,https://www.aviasales.com/search/SEA1911FUK1?marker=741311
655,465,USD,JFK,DTM,"Dortmund, Germany",DE,2026-10-27,2,https://www.aviasales.com/search/JFK2710DTM1?marker=741311
656,466,USD,SFO,MLE,"Male, Maldives",MV,2027-02-15,1,https://www.aviasales.com/search/SFO1502MLE1?marker=741311
657,466,USD,LAX,KBV,"Krabi, Thailand",TH,2026-11-09,2,https://www.aviasales.com/search/LAX0911KBV1?marker=741311
658,468,USD,JFK,OSS,"Osh, Kyrgyzstan",KG,2026-10-14,3,https://www.aviasales.com/search/JFK1410OSS1?marker=741311
659,468,USD,JFK,OGZ,"Vladikavkaz, Russia",RU,2026-10-03,3,https://www.aviasales.com/search/JFK0310OGZ1?marker=741311
660,468,USD,LAS,PLJ,"Placencia, Belize",BZ,2026-10-11,2,https://www.aviasales.com/search/LAS1110PLJ1?marker=741311
661,469,USD,JFK,KZN,"Kazan, Russia",RU,2026-10-13,3,https://www.aviasales.com/search/JFK1310KZN1?marker=741311
662,471,USD,FLL,FDF,"Fort-de-France, Martinique",MQ,2026-12-27,2,https://www.aviasales.com/search/FLL2712FDF1?marker=741311
663,472,USD,LAX,SYD,"Sydney, Australia",AU,2027-03-01,1,https://www.aviasales.com/search/LAX0103SYD1?marker=741311
664,472,USD,JFK,MCX,"Makhachkala, Russia",RU,2026-10-01,2,https://www.aviasales.com/search/JFK0110MCX1?marker=741311
665,472,USD,PHL,MEI,"Meridian, United States",US,2026-10-04,1,https://www.aviasales.com/search/PHL0410MEI1?marker=741311
666,474,USD,BNA,MWA,"Marion, United States",US,2026-10-06,2,https://www.aviasales.com/search/BNA0610MWA1?marker=741311
667,476,USD,SEA,YAZ,"Tofino, Canada",CA,2026-10-10,1,https://www.aviasales.com/search/SEA1010YAZ1?marker=741311
668,476,USD,LAX,NAV,"Nevsehir, Turkiye",TR,2027-01-12,2,https://www.aviasales.com/search/LAX1201NAV1?marker=741311
669,477,USD,BOS,LDB,"Londrina, Brazil",BR,2026-10-06,3,https://www.aviasales.com/search/BOS0610LDB1?marker=741311
670,479,USD,ORD,LOS,"Lagos, Nigeria",NG,2027-01-11,1,https://www.aviasales.com/search/ORD1101LOS1?marker=741311
671,482,USD,MSP,YQM,"Moncton, Canada",CA,2026-10-07,3,https://www.aviasales.com/search/MSP0710YQM1?marker=741311
672,485,USD,LAX,ROS,"Rosario, Argentina",AR,2026-10-20,2,https://www.aviasales.com/search/LAX2010ROS1?marker=741311
673,487,USD,JFK,DLI,"Dalat, Vietnam",VN,2026-11-03,2,https://www.aviasales.com/search/JFK0311DLI1?marker=741311
674,487,USD,JFK,CGO,"Zhengzhou, China",CN,2026-11-23,2,https://www.aviasales.com/search/JFK2311CGO1?marker=741311
675,488,USD,RDU,SWO,"Stillwater, United States",US,2026-10-08,1,https://www.aviasales.com/search/RDU0810SWO1?marker=741311
676,488,USD,PDX,MCW,"Mason City, United States",US,2026-10-07,1,https://www.aviasales.com/search/PDX0710MCW1?marker=741311
677,489,USD,ATL,KWI,"Kuwait City, Kuwait",KW,2026-10-14,1,https://www.aviasales.com/search/ATL1410KWI1?marker=741311
678,489,USD,LAS,MKK,"Hoolehua, United States",US,2026-12-28,2,https://www.aviasales.com/search/LAS2812MKK1?marker=741311
679,490,USD,LAX,PMF,"Parma, Italy",IT,2026-10-02,2,https://www.aviasales.com/search/LAX0210PMF1?marker=741311
680,491,USD,JFK,FOR,"Fortaleza, Brazil",BR,2026-10-25,2,https://www.aviasales.com/search/JFK2510FOR1?marker=741311
681,494,USD,LAX,CMB,"Colombo, Sri Lanka",LK,2026-12-01,1,https://www.aviasales.com/search/LAX0112CMB1?marker=741311
682,495,USD,JFK,SVX,"Yekaterinburg, Russia",RU,2026-10-21,2,https://www.aviasales.com/search/JFK2110SVX1?marker=741311
683,495,USD,JFK,CLY,"Calvi, France",FR,2026-10-01,2,https://www.aviasales.com/search/JFK0110CLY1?marker=741311
684,496,USD,ORD,BCD,"Bacolod, Philippines",PH,2026-11-30,2,https://www.aviasales.com/search/ORD3011BCD1?marker=741311
685,498,USD,JFK,CKY,"Conakry, Guinea",GN,2026-10-24,1,https://www.aviasales.com/search/JFK2410CKY1?marker=741311
686,499,USD,JFK,SCO,"Aktau, Kazakhstan",KZ,2027-01-09,3,https://www.aviasales.com/search/JFK0901SCO1?marker=741311
687,499,USD,ORD,STR,"Stuttgart, Germany",DE,2026-12-14,2,https://www.aviasales.com/search/ORD1412STR1?marker=741311
688,499,USD,FLL,PAP,"Port-au-Prince, Haiti",HT,2026-10-22,1,https://www.aviasales.com/search/FLL2210PAP1?marker=741311
689,500,USD,JFK,SKD,"Samarkand, Uzbekistan",UZ,2026-10-11,3,https://www.aviasales.com/search/JFK1110SKD1?marker=741311
690,502,USD,JFK,KBL,"Kabul, Afghanistan",AF,2026-10-07,2,https://www.aviasales.com/search/JFK0710KBL1?marker=741311
691,504,USD,ORD,ART,"Watertown, United States",US,2026-10-10,2,https://www.aviasales.com/search/ORD1010ART1?marker=741311
692,505,USD,SEA,SPK,"Sapporo, Japan",JP,2027-03-01,2,https://www.aviasales.com/search/SEA0103SPK1?marker=741311
693,506,USD,LAX,MEL,"Melbourne, Australia",AU,2027-01-19,1,https://www.aviasales.com/search/LAX1901MEL1?marker=741311
694,506,USD,IAD,ALO,"Waterloo, United States",US,2026-10-09,2,https://www.aviasales.com/search/IAD0910ALO1?marker=741311
695,507,USD,LAX,COV,"Mersin, Turkiye",TR,2027-02-14,4,https://www.aviasales.com/search/LAX1402COV1?marker=741311
696,509,USD,LAS,PNH,"Phnom Penh, Cambodia",KH,2027-02-11,2,https://www.aviasales.com/search/LAS1102PNH1?marker=741311
697,510,USD,JFK,DYU,"Dushanbe, Tajikistan",TJ,2026-10-14,3,https://www.aviasales.com/search/JFK1410DYU1?marker=741311
698,510,USD,MIA,SBH,"Saint Barthelemy, Guadeloupe",GP,2027-01-05,1,https://www.aviasales.com/search/MIA0501SBH1?marker=741311
699,510,USD,MIA,SFG,"Saint Martin, Saint Martin",MF,2027-01-02,1,https://www.aviasales.com/search/MIA0201SFG1?marker=741311
700,512,USD,JFK,KTM,"Kathmandu, Nepal",NP,2026-10-22,3,https://www.aviasales.com/search/JFK2210KTM1?marker=741311
701,513,USD,JFK,KUF,"Samara, Russia",RU,2026-10-21,3,https://www.aviasales.com/search/JFK2110KUF1?marker=741311
702,513,USD,DCA,MPH,"Caticlan, Philippines",PH,2026-11-14,2,https://www.aviasales.com/search/DCA1411MPH1?marker=741311
703,513,USD,SAN,DLC,"Dalian, China",CN,2026-10-26,2,https://www.aviasales.com/search/SAN2610DLC1?marker=741311
704,514,USD,JFK,ULY,"Ulyanovsk, Russia",RU,2026-10-05,3,https://www.aviasales.com/search/JFK0510ULY1?marker=741311
705,514,USD,SEA,YZZ,"Trail, Canada",CA,2026-10-07,1,https://www.aviasales.com/search/SEA0710YZZ1?marker=741311
706,515,USD,SFO,KEM,"Kemi, Finland",FI,2027-02-01,2,https://www.aviasales.com/search/SFO0102KEM1?marker=741311
707,520,USD,JFK,UFA,"Ufa, Russia",RU,2026-10-13,3,https://www.aviasales.com/search/JFK1310UFA1?marker=741311
708,522,USD,LAX,SAI,"Siem Reap, Cambodia",KH,2026-10-20,2,https://www.aviasales.com/search/LAX2010SAI1?marker=741311
709,522,USD,SFO,VTE,"Vientiane, Laos",LA,2026-12-01,2,https://www.aviasales.com/search/SFO0112VTE1?marker=741311
710,523,USD,DFW,URA,"Oral, Kazakhstan",KZ,2026-11-07,4,https://www.aviasales.com/search/DFW0711URA1?marker=741311
711,523,USD,LAX,LGG,"Liege, Belgium",BE,2026-10-29,2,https://www.aviasales.com/search/LAX2910LGG1?marker=741311
712,524,USD,JFK,DKR,"Dakar, Senegal",SN,2026-11-20,2,https://www.aviasales.com/search/JFK2011DKR1?marker=741311
713,526,USD,JFK,OVB,"Novosibirsk, Russia",RU,2026-10-04,3,https://www.aviasales.com/search/JFK0410OVB1?marker=741311
714,528,USD,JFK,MSQ,"Minsk, Belarus",BY,2026-10-13,4,https://www.aviasales.com/search/JFK1310MSQ1?marker=741311
715,530,USD,DTW,BGW,"Baghdad, Iraq",IQ,2027-01-20,1,https://www.aviasales.com/search/DTW2001BGW1?marker=741311
716,530,USD,FLL,ACE,"Arrecife, Spain",ES,2026-11-20,3,https://www.aviasales.com/search/FLL2011ACE1?marker=741311
717,533,USD,ORD,GUW,"Atyrau, Kazakhstan",KZ,2026-12-04,3,https://www.aviasales.com/search/ORD0412GUW1?marker=741311
718,534,USD,JFK,CSY,"Cheboksary, Russia",RU,2026-10-04,3,https://www.aviasales.com/search/JFK0410CSY1?marker=741311
719,535,USD,JFK,CPT,"Cape Town, South Africa",ZA,2026-11-24,1,https://www.aviasales.com/search/JFK2411CPT1?marker=741311
720,535,USD,SFO,BOJ,"Bourgas, Bulgaria",BG,2026-10-03,2,https://www.aviasales.com/search/SFO0310BOJ1?marker=741311
721,537,USD,BOS,IJK,"Izhevsk, Russia",RU,2027-01-17,4,https://www.aviasales.com/search/BOS1701IJK1?marker=741311
722,538,USD,JFK,CEK,"Chelyabinsk, Russia",RU,2026-10-03,3,https://www.aviasales.com/search/JFK0310CEK1?marker=741311
723,538,USD,LAX,CHC,"Christchurch, New Zealand",NZ,2026-11-05,2,https://www.aviasales.com/search/LAX0511CHC1?marker=741311
724,541,USD,JFK,ACC,"Accra, Ghana",GH,2026-10-20,1,https://www.aviasales.com/search/JFK2010ACC1?marker=741311
725,544,USD,SFO,FAE,"Sorvágur, Faroe Islands",FO,2026-10-24,2,https://www.aviasales.com/search/SFO2410FAE1?marker=741311
726,545,USD,ORD,HAK,"Haikou, China",CN,2026-11-10,1,https://www.aviasales.com/search/ORD1011HAK1?marker=741311
727,545,USD,JFK,KUA,"Kuantan, Malaysia",MY,2027-01-10,2,https://www.aviasales.com/search/JFK1001KUA1?marker=741311
728,546,USD,LAX,BNE,"Brisbane, Australia",AU,2027-04-01,1,https://www.aviasales.com/search/LAX0104BNE1?marker=741311
729,548,USD,JFK,CNX,"Chiang Mai, Thailand",TH,2026-10-16,2,https://www.aviasales.com/search/JFK1610CNX1?marker=741311
730,549,USD,MIA,CYA,"Les Cayes, Haiti",HT,2026-12-09,1,https://www.aviasales.com/search/MIA0912CYA1?marker=741311
731,549,USD,LAX,PER,"Perth, Australia",AU,2026-11-01,2,https://www.aviasales.com/search/LAX0111PER1?marker=741311
732,550,USD,MIA,JNB,"Johannesburg, South Africa",ZA,2026-12-06,1,https://www.aviasales.com/search/MIA0612JNB1?marker=741311
733,551,USD,JFK,DGT,"Dumaguete, Philippines",PH,2026-10-19,2,https://www.aviasales.com/search/JFK1910DGT1?marker=741311
734,552,USD,JFK,GOJ,"Nizhniy Novgorod, Russia",RU,2026-10-05,3,https://www.aviasales.com/search/JFK0510GOJ1?marker=741311
735,552,USD,JFK,GRO,"Girona, Spain",ES,2026-10-01,1,https://www.aviasales.com/search/JFK0110GRO1?marker=741311
736,553,USD,JFK,UGC,"Urgench, Uzbekistan",UZ,2026-10-25,1,https://www.aviasales.com/search/JFK2510UGC1?marker=741311
737,554,USD,SFO,HGH,"Hangzhou, China",CN,2026-10-12,1,https://www.aviasales.com/search/SFO1210HGH1?marker=741311
738,555,USD,MSP,YQT,"Thunder Bay, Canada",CA,2026-10-11,1,https://www.aviasales.com/search/MSP1110YQT1?marker=741311
739,558,USD,CLT,BLR,"Bengaluru, India",IN,2026-10-31,2,https://www.aviasales.com/search/CLT3110BLR1?marker=741311
740,559,USD,DFW,EAP,"Basel, Switzerland",CH,2026-10-01,2,https://www.aviasales.com/search/DFW0110EAP1?marker=741311
741,561,USD,LAX,VVO,"Vladivostok, Russia",RU,2026-12-01,2,https://www.aviasales.com/search/LAX0112VVO1?marker=741311
742,562,USD,LAS,IXE,"Mangalore, India",IN,2027-03-10,3,https://www.aviasales.com/search/LAS1003IXE1?marker=741311
743,564,USD,ORD,VOG,"Volgograd, Russia",RU,2027-01-16,4,https://www.aviasales.com/search/ORD1601VOG1?marker=741311
744,565,USD,IAD,FEG,"Fergana, Uzbekistan",UZ,2026-10-10,2,https://www.aviasales.com/search/IAD1010FEG1?marker=741311
745,566,USD,LAX,IKT,"Irkutsk, Russia",RU,2026-10-26,1,https://www.aviasales.com/search/LAX2610IKT1?marker=741311
746,566,USD,JFK,ASF,"Astrakhan, Russia",RU,2026-10-19,4,https://www.aviasales.com/search/JFK1910ASF1?marker=741311
747,566,USD,SFO,BOB,"Bora Bora, French Polynesia",PF,2026-10-11,1,https://www.aviasales.com/search/SFO1110BOB1?marker=741311
748,570,USD,LAS,DRS,"Dresden, Germany",DE,2026-10-05,3,https://www.aviasales.com/search/LAS0510DRS1?marker=741311
749,571,USD,JFK,AXA,"Anguilla, Anguilla",AI,2026-10-06,1,https://www.aviasales.com/search/JFK0610AXA1?marker=741311
750,571,USD,LAX,FRS,"Flores, Guatemala",GT,2026-12-16,3,https://www.aviasales.com/search/LAX1612FRS1?marker=741311
751,573,USD,JFK,PEE,"Perm, Russia",RU,2026-10-01,3,https://www.aviasales.com/search/JFK0110PEE1?marker=741311
752,575,USD,IAD,ABV,"Abuja, Nigeria",NG,2027-03-24,1,https://www.aviasales.com/search/IAD2403ABV1?marker=741311
753,575,USD,JFK,TAG,"Tagbilaran, Philippines",PH,2026-11-15,2,https://www.aviasales.com/search/JFK1511TAG1?marker=741311
754,579,USD,SFO,IDR,"Indore, India",IN,2026-10-21,1,https://www.aviasales.com/search/SFO2110IDR1?marker=741311
755,580,USD,BOS,RTW,"Saratov, Russia",RU,2026-10-26,4,https://www.aviasales.com/search/BOS2610RTW1?marker=741311
756,582,USD,ORD,PDS,"Piedras Negras, Mexico",MX,2026-10-09,2,https://www.aviasales.com/search/ORD0910PDS1?marker=741311
757,582,USD,PDX,DIY,"Diyarbakir, Turkiye",TR,2027-03-24,3,https://www.aviasales.com/search/PDX2403DIY1?marker=741311
758,584,USD,MIA,DUR,"Durban, South Africa",ZA,2026-10-04,2,https://www.aviasales.com/search/MIA0410DUR1?marker=741311
759,586,USD,MIA,BCM,"Bacau, Romania",RO,2026-10-02,3,https://www.aviasales.com/search/MIA0210BCM1?marker=741311
760,586,USD,MIA,LCE,"La Ceiba, Honduras",HN,2026-12-06,3,https://www.aviasales.com/search/MIA0612LCE1?marker=741311
761,587,USD,JFK,COD,"Cody, United States",US,2026-10-10,4,https://www.aviasales.com/search/JFK1010COD1?marker=741311
762,588,USD,JFK,KGL,"Kigali, Rwanda",RW,2026-10-23,1,https://www.aviasales.com/search/JFK2310KGL1?marker=741311
763,588,USD,LAX,PUS,"Busan, South Korea",KR,2027-01-02,1,https://www.aviasales.com/search/LAX0201PUS1?marker=741311
764,596,USD,JFK,BJL,"Banjul, Gambia",GM,2026-11-02,3,https://www.aviasales.com/search/JFK0211BJL1?marker=741311
765,596,USD,JFK,GRV,"Groznyy, Russia",RU,2026-10-02,3,https://www.aviasales.com/search/JFK0210GRV1?marker=741311
766,597,USD,IAD,HSA,"Turkistan, Kazakhstan",KZ,2026-11-12,4,https://www.aviasales.com/search/IAD1211HSA1?marker=741311
767,599,USD,JFK,KJA,"Krasnoyarsk, Russia",RU,2026-10-13,3,https://www.aviasales.com/search/JFK1310KJA1?marker=741311
768,600,USD,IAD,IXZ,"Port Blair, India",IN,2026-10-03,2,https://www.aviasales.com/search/IAD0310IXZ1?marker=741311
769,601,USD,JFK,TOF,"Tomsk, Russia",RU,2026-10-13,3,https://www.aviasales.com/search/JFK1310TOF1?marker=741311
770,605,USD,IAH,TUF,"Tours, France",FR,2026-11-19,3,https://www.aviasales.com/search/IAH1911TUF1?marker=741311
771,612,USD,IAH,MAA,"Chennai, India",IN,2026-11-01,3,https://www.aviasales.com/search/IAH0111MAA1?marker=741311
772,616,USD,LAX,SPN,"Saipan, Northern Mariana Islands",MP,2026-10-01,2,https://www.aviasales.com/search/LAX0110SPN1?marker=741311
773,619,USD,LAS,PAT,"Patna, India",IN,2027-03-10,3,https://www.aviasales.com/search/LAS1003PAT1?marker=741311
774,620,USD,IAD,NMA,"Namangan, Uzbekistan",UZ,2026-10-10,2,https://www.aviasales.com/search/IAD1010NMA1?marker=741311
775,620,USD,LAX,RAR,"Rarotonga, Cook Islands",CK,2026-10-01,1,https://www.aviasales.com/search/LAX0110RAR1?marker=741311
776,628,USD,JFK,KGD,"Kaliningrad, Russia",RU,2027-02-01,3,https://www.aviasales.com/search/JFK0102KGD1?marker=741311
777,629,USD,JFK,KSN,"Kostanay, Kazakhstan",KZ,2026-10-26,4,https://www.aviasales.com/search/JFK2610KSN1?marker=741311
778,637,USD,JFK,ZNZ,"Zanzibar, Tanzania",TZ,2026-10-01,3,https://www.aviasales.com/search/JFK0110ZNZ1?marker=741311
779,641,USD,LAS,UTP,"Pattaya, Thailand",TH,2026-10-20,4,https://www.aviasales.com/search/LAS2010UTP1?marker=741311
780,643,USD,JFK,AXM,"Armenia, Colombia",CO,2026-12-18,1,https://www.aviasales.com/search/JFK1812AXM1?marker=741311
781,643,USD,PDX,BTM,"Butte, United States",US,2026-10-07,2,https://www.aviasales.com/search/PDX0710BTM1?marker=741311
782,646,USD,BOS,GOI,"Goa, India",IN,2026-12-28,2,https://www.aviasales.com/search/BOS2812GOI1?marker=741311
783,649,USD,IAD,AZN,"Andijan, Uzbekistan",UZ,2026-10-10,2,https://www.aviasales.com/search/IAD1010AZN1?marker=741311
784,652,USD,SFO,IAR,"Yaroslavl, Russia",RU,2027-02-01,4,https://www.aviasales.com/search/SFO0102IAR1?marker=741311
785,655,USD,LAX,OOL,"Gold Coast, Australia",AU,2026-10-10,2,https://www.aviasales.com/search/LAX1010OOL1?marker=741311
786,656,USD,SFO,ATQ,"Amritsar, India",IN,2026-10-09,2,https://www.aviasales.com/search/SFO0910ATQ1?marker=741311
787,659,USD,JFK,SMR,"Santa Marta, Colombia",CO,2026-12-25,1,https://www.aviasales.com/search/JFK2512SMR1?marker=741311
788,660,USD,MIA,OMS,"Omsk, Russia",RU,2026-11-10,4,https://www.aviasales.com/search/MIA1011OMS1?marker=741311
789,660,USD,LAX,EUN,"Laayoune, Western Sahara",EH,2026-10-15,3,https://www.aviasales.com/search/LAX1510EUN1?marker=741311
790,664,USD,LAX,HEK,"Heihe, China",CN,2026-10-01,2,https://www.aviasales.com/search/LAX0110HEK1?marker=741311
791,665,USD,ATL,ERF,"Erfurt, Germany",DE,2026-10-01,1,https://www.aviasales.com/search/ATL0110ERF1?marker=741311
792,666,USD,DFW,MAR,"Maracaibo, Venezuela",VE,2027-01-20,1,https://www.aviasales.com/search/DFW2001MAR1?marker=741311
793,668,USD,TPA,NAL,"Nalchik, Russia",RU,2027-02-01,4,https://www.aviasales.com/search/TPA0102NAL1?marker=741311
794,669,USD,IAD,YAO,"Yaounde, Cameroon",CM,2026-10-28,1,https://www.aviasales.com/search/IAD2810YAO1?marker=741311
795,670,USD,SEA,ADD,"Addis Ababa, Ethiopia",ET,2027-01-15,4,https://www.aviasales.com/search/SEA1501ADD1?marker=741311
796,673,USD,IAH,BAX,"Barnaul, Russia",RU,2027-01-13,4,https://www.aviasales.com/search/IAH1301BAX1?marker=741311
797,674,USD,SEA,BQS,"Blagoveschensk, Russia",RU,2027-03-01,3,https://www.aviasales.com/search/SEA0103BQS1?marker=741311
798,675,USD,JFK,BHK,"Bukhara, Uzbekistan",UZ,2026-10-27,2,https://www.aviasales.com/search/JFK2710BHK1?marker=741311
799,677,USD,JFK,IGT,"Magas, Russia",RU,2026-10-02,3,https://www.aviasales.com/search/JFK0210IGT1?marker=741311
800,680,USD,JFK,TMJ,"Termez, Uzbekistan",UZ,2026-10-12,2,https://www.aviasales.com/search/JFK1210TMJ1?marker=741311
801,680,USD,LAX,PEW,"Peshawar, Pakistan",PK,2026-10-12,3,https://www.aviasales.com/search/LAX1210PEW1?marker=741311
802,681,USD,PDX,ABA,"Abakan, Russia",RU,2026-10-24,4,https://www.aviasales.com/search/PDX2410ABA1?marker=741311
803,682,USD,PDX,URC,"Urumqi, China",CN,2026-10-15,2,https://www.aviasales.com/search/PDX1510URC1?marker=741311
804,686,USD,JFK,SEZ,"Mahe, Seychelles",SC,2027-01-22,1,https://www.aviasales.com/search/JFK2201SEZ1?marker=741311
805,687,USD,JFK,VIJ,"Virgin Gorda, British Virgin Islands",VG,2026-12-11,1,https://www.aviasales.com/search/JFK1112VIJ1?marker=741311
806,690,USD,JFK,STW,"Stavropol, Russia",RU,2026-10-04,4,https://www.aviasales.com/search/JFK0410STW1?marker=741311
807,691,USD,PDX,YQG,"Windsor, Canada",CA,2026-10-09,2,https://www.aviasales.com/search/PDX0910YQG1?marker=741311
808,692,USD,SEA,BQT,"Brest, Belarus",BY,2026-10-23,4,https://www.aviasales.com/search/SEA2310BQT1?marker=741311
809,698,USD,JFK,TJM,"Tyumen, Russia",RU,2027-03-11,3,https://www.aviasales.com/search/JFK1103TJM1?marker=741311
810,699,USD,DTW,EBL,"Erbil, Iraq",IQ,2026-10-12,2,https://www.aviasales.com/search/DTW1210EBL1?marker=741311
811,703,USD,JFK,NKC,"Nouakchott, Mauritania",MR,2026-11-02,1,https://www.aviasales.com/search/JFK0211NKC1?marker=741311
812,704,USD,JFK,REN,"Orenburg, Russia",RU,2026-10-26,4,https://www.aviasales.com/search/JFK2610REN1?marker=741311
813,706,USD,LAX,MMA,"Malmo, Sweden",SE,2026-10-02,3,https://www.aviasales.com/search/LAX0210MMA1?marker=741311
814,708,USD,JFK,SGC,"Surgut, Russia",RU,2026-11-14,4,https://www.aviasales.com/search/JFK1411SGC1?marker=741311
815,714,USD,JFK,PKR,"Pokhara, Nepal",NP,2026-10-22,3,https://www.aviasales.com/search/JFK2210PKR1?marker=741311
816,717,USD,BOS,MBA,"Mombasa, Kenya",KE,2026-10-20,1,https://www.aviasales.com/search/BOS2010MBA1?marker=741311
817,720,USD,ORD,MMK,"Murmansk, Russia",RU,2026-10-04,4,https://www.aviasales.com/search/ORD0410MMK1?marker=741311
818,720,USD,LAX,MOZ,"Moorea, French Polynesia",PF,2026-12-03,1,https://www.aviasales.com/search/LAX0312MOZ1?marker=741311
819,723,USD,PHX,CHX,"Changuinola, Panama",PA,2026-10-07,3,https://www.aviasales.com/search/PHX0710CHX1?marker=741311
820,723,USD,SFO,PEZ,"Penza, Russia",RU,2027-02-01,3,https://www.aviasales.com/search/SFO0102PEZ1?marker=741311
821,728,USD,LAX,ASB,"Ashgabat, Turkmenistan",TM,2026-11-10,2,https://www.aviasales.com/search/LAX1011ASB1?marker=741311
822,732,USD,JFK,BKO,"Bamako, Mali",ML,2026-11-15,1,https://www.aviasales.com/search/JFK1511BKO1?marker=741311
823,735,USD,IAD,LBV,"Libreville, Gabon",GA,2026-11-25,2,https://www.aviasales.com/search/IAD2511LBV1?marker=741311
824,742,USD,JFK,WDH,"Windhoek, Namibia",NA,2026-10-20,3,https://www.aviasales.com/search/JFK2010WDH1?marker=741311
825,744,USD,DTW,LGK,"Langkawi, Malaysia",MY,2027-01-05,3,https://www.aviasales.com/search/DTW0501LGK1?marker=741311
826,748,USD,LAX,UUD,"Ulan-Ude, Russia",RU,2026-10-03,4,https://www.aviasales.com/search/LAX0310UUD1?marker=741311
827,750,USD,LAX,OSD,"Ostersund, Sweden",SE,2026-10-01,3,https://www.aviasales.com/search/LAX0110OSD1?marker=741311
828,754,USD,BOS,GOH,"Nuuk, Greenland",GL,2026-10-29,1,https://www.aviasales.com/search/BOS2910GOH1?marker=741311
829,754,USD,PHX,WNZ,"Wenzhou, China",CN,2026-12-11,2,https://www.aviasales.com/search/PHX1112WNZ1?marker=741311
830,755,USD,DFW,VLN,"Valencia, Venezuela",VE,2027-01-20,2,https://www.aviasales.com/search/DFW2001VLN1?marker=741311
831,755,USD,BNA,RGN,"Yangon, Myanmar",MM,2027-01-28,3,https://www.aviasales.com/search/BNA2801RGN1?marker=741311
832,759,USD,MIA,MRU,"Mauritius, Mauritius",MU,2027-02-10,1,https://www.aviasales.com/search/MIA1002MRU1?marker=741311
833,760,USD,JFK,BRN,"Bern, Switzerland",CH,2026-10-04,2,https://www.aviasales.com/search/JFK0410BRN1?marker=741311
834,769,USD,JFK,KHV,"Khabarovsk, Russia",RU,2026-10-05,3,https://www.aviasales.com/search/JFK0510KHV1?marker=741311
835,769,USD,JFK,LLW,"Lilongwe, Malawi",MW,2026-10-07,2,https://www.aviasales.com/search/JFK0710LLW1?marker=741311
836,770,USD,ATL,UKK,"Oskemen, Kazakhstan",KZ,2026-10-21,2,https://www.aviasales.com/search/ATL2110UKK1?marker=741311
837,775,USD,JFK,UUS,"Yuzhno-Sakhalinsk, Russia",RU,2026-11-10,4,https://www.aviasales.com/search/JFK1011UUS1?marker=741311
838,777,USD,LAX,HTA,"Chita, Russia",RU,2026-10-30,4,https://www.aviasales.com/search/LAX3010HTA1?marker=741311
839,788,USD,LAX,KGF,"Karagandy, Kazakhstan",KZ,2026-10-01,3,https://www.aviasales.com/search/LAX0110KGF1?marker=741311
840,789,USD,JFK,ABJ,"Abidjan, Ivory Coast",CI,2026-12-17,1,https://www.aviasales.com/search/JFK1712ABJ1?marker=741311
841,789,USD,LAS,NJF,"Al-Najaf, Iraq",IQ,2026-11-04,2,https://www.aviasales.com/search/LAS0411NJF1?marker=741311
842,790,USD,DFW,NTG,"Nantong, China",CN,2027-03-29,2,https://www.aviasales.com/search/DFW2903NTG1?marker=741311
843,791,USD,ORD,NBC,"Naberezhnye Chelny, Russia",RU,2026-10-05,4,https://www.aviasales.com/search/ORD0510NBC1?marker=741311
844,793,USD,MIA,LAD,"Luanda, Angola",AO,2026-10-09,2,https://www.aviasales.com/search/MIA0910LAD1?marker=741311
845,806,USD,DFW,BJM,"Bujumbura, Burundi",BI,2027-03-05,2,https://www.aviasales.com/search/DFW0503BJM1?marker=741311
846,806,USD,JFK,MQF,"Magnitogorsk, Russia",RU,2026-10-08,3,https://www.aviasales.com/search/JFK0810MQF1?marker=741311
847,812,USD,ORD,ESL,"Elista, Russia",RU,2026-10-17,4,https://www.aviasales.com/search/ORD1710ESL1?marker=741311
848,817,USD,SFO,TBU,"Nuku'alofa, Tonga",TO,2026-12-12,1,https://www.aviasales.com/search/SFO1212TBU1?marker=741311
849,822,USD,JFK,GME,"Gomel, Belarus",BY,2026-10-30,3,https://www.aviasales.com/search/JFK3010GME1?marker=741311
850,824,USD,LAX,KVX,"Kirov, Russia",RU,2026-10-07,4,https://www.aviasales.com/search/LAX0710KVX1?marker=741311
851,829,USD,PDX,HRE,"Harare, Zimbabwe",ZW,2026-10-14,2,https://www.aviasales.com/search/PDX1410HRE1?marker=741311
852,830,USD,SEA,HNH,"Hoonah, United States",US,2026-10-08,1,https://www.aviasales.com/search/SEA0810HNH1?marker=741311
853,837,USD,LAX,NJC,"Nizhnevartovsk, Russia",RU,2026-10-20,4,https://www.aviasales.com/search/LAX2010NJC1?marker=741311
854,844,USD,LAX,MPL,"Montpellier, France",FR,2026-10-01,3,https://www.aviasales.com/search/LAX0110MPL1?marker=741311
855,848,USD,ORD,MGQ,"Mogadishu, Somalia",SO,2026-12-29,1,https://www.aviasales.com/search/ORD2912MGQ1?marker=741311
856,848,USD,LAX,OVD,"Asturias, Spain",ES,2026-12-21,3,https://www.aviasales.com/search/LAX2112OVD1?marker=741311
857,850,USD,JFK,LBD,"Khujand, Tajikistan",TJ,2026-10-01,4,https://www.aviasales.com/search/JFK0110LBD1?marker=741311
858,858,USD,LAS,KNU,"Kanpur, India",IN,2027-03-10,3,https://www.aviasales.com/search/LAS1003KNU1?marker=741311
859,864,USD,SEA,PKC,"Petropavlovsk-Kamchatsky, Russia",RU,2026-10-24,4,https://www.aviasales.com/search/SEA2410PKC1?marker=741311
860,873,USD,JFK,KLO,"Kalibo, Philippines",PH,2026-12-30,2,https://www.aviasales.com/search/JFK3012KLO1?marker=741311
861,878,USD,PHX,BLB,"Balboa, Panama",PA,2026-10-11,2,https://www.aviasales.com/search/PHX1110BLB1?marker=741311
862,879,USD,AUS,PSG,"Petersburg, United States",US,2026-10-01,1,https://www.aviasales.com/search/AUS0110PSG1?marker=741311
863,884,USD,SEA,ABS,"Abu Simbel, Egypt",EG,2026-10-29,3,https://www.aviasales.com/search/SEA2910ABS1?marker=741311
864,892,USD,MIA,TJH,"Toyooka, Japan",JP,2026-10-04,3,https://www.aviasales.com/search/MIA0410TJH1?marker=741311
865,898,USD,IAD,MLW,"Monrovia, Liberia",LR,2026-12-27,3,https://www.aviasales.com/search/IAD2712MLW1?marker=741311
866,899,USD,LAX,NSK,"Norilsk, Russia",RU,2027-02-01,4,https://www.aviasales.com/search/LAX0102NSK1?marker=741311
867,914,USD,MCO,GDX,"Magadan, Russia",RU,2026-10-27,3,https://www.aviasales.com/search/MCO2710GDX1?marker=741311
868,922,USD,AUS,LFW,"Lome, Togo",TG,2026-10-28,2,https://www.aviasales.com/search/AUS2810LFW1?marker=741311
869,924,USD,SEA,PPG,"Pago Pago, American Samoa",AS,2026-12-21,1,https://www.aviasales.com/search/SEA2112PPG1?marker=741311
870,928,USD,DEN,TNR,"Antananarivo, Madagascar",MG,2026-10-15,4,https://www.aviasales.com/search/DEN1510TNR1?marker=741311
871,939,USD,JFK,PYJ,"Udachnyj, Russia",RU,2026-12-10,4,https://www.aviasales.com/search/JFK1012PYJ1?marker=741311
872,962,USD,ATL,KZO,"Kzyl-Orda, Kazakhstan",KZ,2026-12-11,4,https://www.aviasales.com/search/ATL1112KZO1?marker=741311
873,968,USD,SFO,ADL,"Adelaide, Australia",AU,2026-10-09,2,https://www.aviasales.com/search/SFO0910ADL1?marker=741311
874,978,USD,DEN,ARK,"Arusha, Tanzania",TZ,2026-12-01,3,https://www.aviasales.com/search/DEN0112ARK1?marker=741311
875,1001,USD,LAX,KEJ,"Kemerovo, Russia",RU,2026-10-09,4,https://www.aviasales.com/search/LAX0910KEJ1?marker=741311
876,1006,USD,JFK,OLZ,"Olyokminsk, Russia",RU,2026-12-10,4,https://www.aviasales.com/search/JFK1012OLZ1?marker=741311
877,1011,USD,IAD,DMB,"Taraz, Kazakhstan",KZ,2026-10-23,3,https://www.aviasales.com/search/IAD2310DMB1?marker=741311
878,1021,USD,ORD,KSQ,"Qarshi, Uzbekistan",UZ,2026-10-28,4,https://www.aviasales.com/search/ORD2810KSQ1?marker=741311
879,1033,USD,ORD,SCW,"Syktyvkar, Russia",RU,2026-10-30,2,https://www.aviasales.com/search/ORD3010SCW1?marker=741311
880,1054,USD,ORD,FNA,"Freetown, Sierra Leone",SL,2026-12-24,2,https://www.aviasales.com/search/ORD2412FNA1?marker=741311
881,1054,USD,IAH,CSG,"Columbus, United States",US,2026-10-08,3,https://www.aviasales.com/search/IAH0810CSG1?marker=741311
882,1076,USD,JFK,YYR,"Happy Valley-Goose Bay, Canada",CA,2026-10-09,3,https://www.aviasales.com/search/JFK0910YYR1?marker=741311
883,1077,USD,JFK,IPC,"Easter Island, Chile",CL,2027-01-30,1,https://www.aviasales.com/search/JFK3001IPC1?marker=741311
884,1080,USD,IAD,COO,"Cotonou, Benin",BJ,2026-12-15,3,https://www.aviasales.com/search/IAD1512COO1?marker=741311
885,1094,USD,JFK,GVR,"Governador Valadares, Brazil",BR,2026-12-17,2,https://www.aviasales.com/search/JFK1712GVR1?marker=741311
886,1112,USD,LAX,YHI,"Holman, Canada",CA,2026-12-08,2,https://www.aviasales.com/search/LAX0812YHI1?marker=741311
887,1122,USD,JFK,ROR,"Koror, Palau",PW,2026-12-29,1,https://www.aviasales.com/search/JFK2912ROR1?marker=741311
888,1152,USD,MSP,YRL,"Red Lake, Canada",CA,2026-10-05,2,https://www.aviasales.com/search/MSP0510YRL1?marker=741311
889,1168,USD,PHX,HDS,"Hoedspruit, South Africa",ZA,2026-10-06,4,https://www.aviasales.com/search/PHX0610HDS1?marker=741311
890,1169,USD,LAX,NOZ,"Novokuznetsk, Russia",RU,2026-10-02,4,https://www.aviasales.com/search/LAX0210NOZ1?marker=741311
891,1169,USD,TPA,BRM,"Barquisimeto, Venezuela",VE,2026-12-18,1,https://www.aviasales.com/search/TPA1812BRM1?marker=741311
892,1171,USD,SFO,POA,"Porto Alegre, Brazil",BR,2026-12-18,2,https://www.aviasales.com/search/SFO1812POA1?marker=741311
893,1222,USD,LAX,TKK,"Truk, Micronesia",FM,2026-10-28,4,https://www.aviasales.com/search/LAX2810TKK1?marker=741311
894,1335,USD,IAD,GNJ,"Ganja, Azerbaijan",AZ,2026-10-05,2,https://www.aviasales.com/search/IAD0510GNJ1?marker=741311
895,1492,USD,MIA,CNS,"Cairns, Australia",AU,2026-10-09,3,https://www.aviasales.com/search/MIA0910CNS1?marker=741311
896,1501,USD,LAX,AIT,"Aitutaki, Cook Islands",CK,2026-10-06,2,https://www.aviasales.com/search/LAX0610AIT1?marker=741311
897,1669,USD,JFK,YKS,"Yakutsk, Russia",RU,2026-10-01,3,https://www.aviasales.com/search/JFK0110YKS1?marker=741311
898,1774,USD,JFK,GDZ,"Gelendzik, Russia",RU,2026-10-03,2,https://www.aviasales.com/search/JFK0310GDZ1?marker=741311
899,2048,USD,JFK,YVP,"Kuujjuaq, Canada",CA,2026-10-03,3,https://www.aviasales.com/search/JFK0310YVP1?marker=741311
