rank,price,currency,origin,destination_code,destination_name,country_code,depart,stops,booking_link
1,17,USD,LAS,LAX,"Los Angeles, United States",US,2026-12-22,0,https://www.aviasales.com/search/LAS2212LAX1?marker=741311
2,17,USD,LAX,LAS,"Las Vegas, United States",US,2026-11-03,0,https://www.aviasales.com/search/LAX0311LAS1?marker=741311
3,19,USD,RDU,ORL,"Orlando, United States",US,2026-11-11,0,https://www.aviasales.com/search/RDU1111ORL1?marker=741311
4,19,USD,ATL,RDU,"Raleigh, United States",US,2026-10-24,0,https://www.aviasales.com/search/ATL2410RDU1?marker=741311
5,19,USD,IAH,ATL,"Atlanta, United States",US,2026-10-27,0,https://www.aviasales.com/search/IAH2710ATL1?marker=741311
6,19,USD,LAX,SFO,"San Francisco, United States",US,2026-11-04,0,https://www.aviasales.com/search/LAX0411SFO1?marker=741311
7,19,USD,ATL,TPA,"Tampa, United States",US,2026-11-11,0,https://www.aviasales.com/search/ATL1111TPA1?marker=741311
8,19,USD,SFO,SAN,"San Diego, United States",US,2026-12-01,0,https://www.aviasales.com/search/SFO0112SAN1?marker=741311
9,20,USD,SAN,DEN,"Denver, United States",US,2026-12-09,0,https://www.aviasales.com/search/SAN0912DEN1?marker=741311
10,20,USD,SFO,ONT,"Ontario, United States",US,2026-12-08,0,https://www.aviasales.com/search/SFO0812ONT1?marker=741311
11,22,USD,ATL,HOU,"Houston, United States",US,2026-10-28,0,https://www.aviasales.com/search/ATL2810HOU1?marker=741311
12,23,USD,SFO,PHX,"Phoenix, United States",US,2026-11-03,0,https://www.aviasales.com/search/SFO0311PHX1?marker=741311
13,24,USD,ATL,PHL,"Philadelphia, United States",US,2026-10-24,0,https://www.aviasales.com/search/ATL2410PHL1?marker=741311
14,25,USD,LAX,SAC,"Sacramento, United States",US,2026-11-09,0,https://www.aviasales.com/search/LAX0911SAC1?marker=741311
15,27,USD,MCO,CLE,"Cleveland, United States",US,2026-10-15,0,https://www.aviasales.com/search/MCO1510CLE1?marker=741311
16,29,USD,DEN,SLC,"Salt Lake City, United States",US,2026-11-04,0,https://www.aviasales.com/search/DEN0411SLC1?marker=741311
17,29,USD,FLL,CHA,"Chattanooga, United States",US,2026-11-05,0,https://www.aviasales.com/search/FLL0511CHA1?marker=741311
18,32,USD,LAS,OAK,"Oakland, United States",US,2026-11-06,0,https://www.aviasales.com/search/LAS0611OAK1?marker=741311
19,33,USD,LAX,SJC,"San Jose, United States",US,2026-11-02,0,https://www.aviasales.com/search/LAX0211SJC1?marker=741311
20,33,USD,IAD,TYS,"Knoxville, United States",US,2026-10-25,0,https://www.aviasales.com/search/IAD2510TYS1?marker=741311
21,34,USD,ATL,WAS,"Washington, United States",US,2027-01-29,0,https://www.aviasales.com/search/ATL2901WAS1?marker=741311
22,34,USD,ATL,DFW,"Dallas, United States",US,2026-11-04,0,https://www.aviasales.com/search/ATL0411DFW1?marker=741311
23,34,USD,ATL,JAX,"Jacksonville, United States",US,2026-11-21,0,https://www.aviasales.com/search/ATL2111JAX1?marker=741311
24,35,USD,FLL,CHI,"Chicago, United States",US,2026-11-01,0,https://www.aviasales.com/search/FLL0111CHI1?marker=741311
25,35,USD,ATL,MSY,"New Orleans, United States",US,2026-12-01,0,https://www.aviasales.com/search/ATL0112MSY1?marker=741311
26,37,USD,ATL,GDL,"Guadalajara, Mexico",MX,2026-10-12,0,https://www.aviasales.com/search/ATL1210GDL1?marker=741311
27,37,USD,ATL,MIA,"Miami, United States",US,2026-11-15,0,https://www.aviasales.com/search/ATL1511MIA1?marker=741311
28,37,USD,MCO,MSP,"Minneapolis, United States",US,2026-10-15,0,https://www.aviasales.com/search/MCO1510MSP1?marker=741311
29,38,USD,MCO,CLT,"Charlotte, United States",US,2026-10-14,0,https://www.aviasales.com/search/MCO1410CLT1?marker=741311
30,39,USD,BNA,FLL,"Fort Lauderdale, United States",US,2026-11-12,0,https://www.aviasales.com/search/BNA1211FLL1?marker=741311
31,39,USD,DEN,BNA,"Nashville, United States",US,2026-11-12,0,https://www.aviasales.com/search/DEN1211BNA1?marker=741311
32,40,USD,FLL,SWF,"Newburgh, United States",US,2026-10-29,0,https://www.aviasales.com/search/FLL2910SWF1?marker=741311
33,40,USD,FLL,CMH,"Columbus, United States",US,2026-11-20,0,https://www.aviasales.com/search/FLL2011CMH1?marker=741311
34,43,USD,ATL,BWI,"Baltimore, United States",US,2026-11-09,0,https://www.aviasales.com/search/ATL0911BWI1?marker=741311
35,43,USD,LAS,MSO,"Missoula, United States",US,2026-10-29,0,https://www.aviasales.com/search/LAS2910MSO1?marker=741311
36,44,USD,LAS,FAT,"Fresno, United States",US,2026-10-10,0,https://www.aviasales.com/search/LAS1010FAT1?marker=741311
37,45,USD,MIA,NYC,"New York, United States",US,2026-11-17,1,https://www.aviasales.com/search/MIA1711NYC1?marker=741311
38,46,USD,TPA,EYW,"Key West, United States",US,2026-10-14,0,https://www.aviasales.com/search/TPA1410EYW1?marker=741311
39,48,USD,LAX,SEA,"Seattle, United States",US,2026-12-03,0,https://www.aviasales.com/search/LAX0312SEA1?marker=741311
40,48,USD,MCO,DTT,"Detroit, United States",US,2026-11-07,0,https://www.aviasales.com/search/MCO0711DTT1?marker=741311
41,49,USD,TPA,RIC,"Richmond, United States",US,2026-12-03,0,https://www.aviasales.com/search/TPA0312RIC1?marker=741311
42,51,USD,DCA,BOS,"Boston, United States",US,2026-12-08,0,https://www.aviasales.com/search/DCA0812BOS1?marker=741311
43,53,USD,TPA,ILM,"Wilmington, United States",US,2026-10-22,0,https://www.aviasales.com/search/TPA2210ILM1?marker=741311
44,53,USD,MCO,CHS,"Charleston, United States",US,2026-10-29,0,https://www.aviasales.com/search/MCO2910CHS1?marker=741311
45,57,USD,LAX,RNO,"Reno, United States",US,2027-01-16,0,https://www.aviasales.com/search/LAX1601RNO1?marker=741311
46,58,USD,PHL,SJU,"San Juan, Puerto Rico",PR,2026-11-17,0,https://www.aviasales.com/search/PHL1711SJU1?marker=741311
47,59,USD,LAS,MFR,"Medford, United States",US,2026-10-16,0,https://www.aviasales.com/search/LAS1610MFR1?marker=741311
48,62,USD,PHX,LGB,"Long Beach, United States",US,2026-12-14,0,https://www.aviasales.com/search/PHX1412LGB1?marker=741311
49,66,USD,LAS,FCA,"Kalispell, United States",US,2026-10-09,0,https://www.aviasales.com/search/LAS0910FCA1?marker=741311
50,67,USD,PHL,FMY,"Fort Myers, United States",US,2026-12-14,0,https://www.aviasales.com/search/PHL1412FMY1?marker=741311
51,67,USD,MIA,NAS,"Nassau, Bahamas",BS,2027-02-15,0,https://www.aviasales.com/search/MIA1502NAS1?marker=741311
52,68,USD,LAS,BZN,"Bozeman, United States",US,2026-10-11,0,https://www.aviasales.com/search/LAS1110BZN1?marker=741311
53,68,USD,LAX,BOI,"Boise, United States",US,2026-11-11,1,https://www.aviasales.com/search/LAX1111BOI1?marker=741311
54,69,USD,MIA,CVG,"Cincinnati, United States",US,2026-10-24,1,https://www.aviasales.com/search/MIA2410CVG1?marker=741311
55,70,USD,LAX,OKC,"Oklahoma City, United States",US,2026-11-17,1,https://www.aviasales.com/search/LAX1711OKC1?marker=741311
56,71,USD,IAD,PIT,"Pittsburgh, United States",US,2026-10-11,1,https://www.aviasales.com/search/IAD1110PIT1?marker=741311
57,72,USD,PHX,LSE,"La Crosse, United States",US,2026-11-25,0,https://www.aviasales.com/search/PHX2511LSE1?marker=741311
58,72,USD,CLT,BKW,"Beckley, United States",US,2026-10-14,0,https://www.aviasales.com/search/CLT1410BKW1?marker=741311
59,73,USD,BNA,STL,"St Louis, United States",US,2026-10-12,1,https://www.aviasales.com/search/BNA1210STL1?marker=741311
60,76,USD,FLL,YTO,"Toronto, Canada",CA,2026-12-21,0,https://www.aviasales.com/search/FLL2112YTO1?marker=741311
61,77,USD,FLL,MKC,"Kansas City, United States",US,2026-10-16,0,https://www.aviasales.com/search/FLL1610MKC1?marker=741311
62,78,USD,MCO,IND,"Indianapolis, United States",US,2026-10-09,0,https://www.aviasales.com/search/MCO0910IND1?marker=741311
63,79,USD,ATL,AUS,"Austin, United States",US,2026-12-23,0,https://www.aviasales.com/search/ATL2312AUS1?marker=741311
64,80,USD,MCO,BUF,"Buffalo, United States",US,2026-11-02,1,https://www.aviasales.com/search/MCO0211BUF1?marker=741311
65,82,USD,BNA,TUP,"Tupelo, United States",US,2026-10-07,0,https://www.aviasales.com/search/BNA0710TUP1?marker=741311
66,83,USD,TPA,MYR,"Myrtle Beach, United States",US,2026-10-08,0,https://www.aviasales.com/search/TPA0810MYR1?marker=741311
67,83,USD,IAD,TRI,"Blountville, United States",US,2026-10-12,0,https://www.aviasales.com/search/IAD1210TRI1?marker=741311
68,85,USD,AUS,MEX,"Mexico City, Mexico",MX,2026-10-14,1,https://www.aviasales.com/search/AUS1410MEX1?marker=741311
69,87,USD,BOS,LEB,"Lebanon, United States",US,2026-10-08,0,https://www.aviasales.com/search/BOS0810LEB1?marker=741311
70,87,USD,MCO,BQN,"Aguadilla, Puerto Rico",PR,2026-10-13,0,https://www.aviasales.com/search/MCO1310BQN1?marker=741311
71,90,USD,LAX,ABQ,"Albuquerque, United States",US,2026-10-21,0,https://www.aviasales.com/search/LAX2110ABQ1?marker=741311
72,90,USD,PHX,GEG,"Spokane, United States",US,2026-10-09,0,https://www.aviasales.com/search/PHX0910GEG1?marker=741311
73,90,USD,PHX,GUP,"Gallup, United States",US,2026-10-11,0,https://www.aviasales.com/search/PHX1110GUP1?marker=741311
74,92,USD,BOS,RUT,"Rutland, United States",US,2026-10-08,0,https://www.aviasales.com/search/BOS0810RUT1?marker=741311
75,92,USD,MIA,SAV,"Savannah, United States",US,2026-11-10,1,https://www.aviasales.com/search/MIA1011SAV1?marker=741311
76,92,USD,IAH,MTY,"Monterrey, Mexico",MX,2026-10-13,0,https://www.aviasales.com/search/IAH1310MTY1?marker=741311
77,92,USD,IAD,BFD,"Bradford, United States",US,2026-10-10,0,https://www.aviasales.com/search/IAD1010BFD1?marker=741311
78,94,USD,MSP,VPS,"Fort Walton Beach, United States",US,2026-11-08,0,https://www.aviasales.com/search/MSP0811VPS1?marker=741311
79,95,USD,ATL,DSM,"Des Moines, United States",US,2026-10-29,1,https://www.aviasales.com/search/ATL2910DSM1?marker=741311
80,96,USD,ORD,UIN,"Quincy, United States",US,2026-10-09,0,https://www.aviasales.com/search/ORD0910UIN1?marker=741311
81,99,USD,JFK,BDA,"Bermuda, Bermuda",BM,2026-11-21,1,https://www.aviasales.com/search/JFK2111BDA1?marker=741311
82,100,USD,SAN,PAE,"Everett, United States",US,2026-11-18,0,https://www.aviasales.com/search/SAN1811PAE1?marker=741311
83,100,USD,TPA,YKF,"Kitchener, Canada",CA,2026-12-15,1,https://www.aviasales.com/search/TPA1512YKF1?marker=741311
84,101,USD,ATL,ORF,"Norfolk, United States",US,2026-10-18,0,https://www.aviasales.com/search/ATL1810ORF1?marker=741311
85,101,USD,ATL,TLH,"Tallahassee, United States",US,2026-10-24,1,https://www.aviasales.com/search/ATL2410TLH1?marker=741311
86,101,USD,LAX,BLI,"Bellingham, United States",US,2026-11-12,1,https://www.aviasales.com/search/LAX1211BLI1?marker=741311
87,102,USD,MCO,MHT,"Manchester, United States",US,2026-10-29,1,https://www.aviasales.com/search/MCO2910MHT1?marker=741311
88,103,USD,IAD,SBN,"South Bend, United States",US,2026-10-12,0,https://www.aviasales.com/search/IAD1210SBN1?marker=741311
89,103,USD,LAX,IDA,"Idaho Falls, United States",US,2026-11-11,1,https://www.aviasales.com/search/LAX1111IDA1?marker=741311
90,105,USD,IAH,QRO,"Queretaro, Mexico",MX,2026-10-21,0,https://www.aviasales.com/search/IAH2110QRO1?marker=741311
91,105,USD,DFW,HOT,"Hot Springs, United States",US,2026-10-08,0,https://www.aviasales.com/search/DFW0810HOT1?marker=741311
92,106,USD,ORD,MBL,"Manistee, United States",US,2026-10-10,0,https://www.aviasales.com/search/ORD1010MBL1?marker=741311
93,107,USD,LAX,PDX,"Portland, United States",US,2026-10-25,0,https://www.aviasales.com/search/LAX2510PDX1?marker=741311
94,107,USD,MCO,ISP,"Islip, United States",US,2026-10-17,0,https://www.aviasales.com/search/MCO1710ISP1?marker=741311
95,107,USD,JFK,SYR,"Syracuse, United States",US,2026-10-14,0,https://www.aviasales.com/search/JFK1410SYR1?marker=741311
96,107,USD,JFK,ROC,"Rochester, United States",US,2026-10-14,0,https://www.aviasales.com/search/JFK1410ROC1?marker=741311
97,107,USD,LAX,MCE,"Merced, United States",US,2026-10-14,0,https://www.aviasales.com/search/LAX1410MCE1?marker=741311
98,108,USD,ORD,LAF,"Lafayette, United States",US,2026-10-12,0,https://www.aviasales.com/search/ORD1210LAF1?marker=741311
99,110,USD,SFO,YVR,"Vancouver, Canada",CA,2026-10-19,0,https://www.aviasales.com/search/SFO1910YVR1?marker=741311
100,110,USD,ORD,HVN,"New Haven, United States",US,2026-10-15,0,https://www.aviasales.com/search/ORD1510HVN1?marker=741311
101,110,USD,ORD,GRR,"Grand Rapids, United States",US,2026-10-10,0,https://www.aviasales.com/search/ORD1010GRR1?marker=741311
102,111,USD,LAS,ELP,"El Paso, United States",US,2026-10-24,1,https://www.aviasales.com/search/LAS2410ELP1?marker=741311
103,115,USD,IAH,CUN,"Cancun, Mexico",MX,2026-11-01,1,https://www.aviasales.com/search/IAH0111CUN1?marker=741311
104,115,USD,DFW,SAT,"San Antonio, United States",US,2026-10-10,0,https://www.aviasales.com/search/DFW1010SAT1?marker=741311
105,116,USD,BOS,SRQ,"Sarasota, United States",US,2027-01-08,0,https://www.aviasales.com/search/BOS0801SRQ1?marker=741311
106,116,USD,DFW,HSV,"Huntsville, United States",US,2026-11-16,1,https://www.aviasales.com/search/DFW1611HSV1?marker=741311
107,116,USD,PHX,PGA,"Page, United States",US,2026-11-22,0,https://www.aviasales.com/search/PHX2211PGA1?marker=741311
108,116,USD,PHX,SOW,"Show Low, United States",US,2026-10-12,0,https://www.aviasales.com/search/PHX1210SOW1?marker=741311
109,117,USD,LAX,TUS,"Tucson, United States",US,2026-10-25,0,https://www.aviasales.com/search/LAX2510TUS1?marker=741311
110,117,USD,PHX,SCK,"Stockton, United States",US,2026-10-12,0,https://www.aviasales.com/search/PHX1210SCK1?marker=741311
111,118,USD,ORD,FWA,"Fort Wayne, United States",US,2026-10-10,0,https://www.aviasales.com/search/ORD1010FWA1?marker=741311
112,118,USD,ORD,MSN,"Madison, United States",US,2026-10-13,0,https://www.aviasales.com/search/ORD1310MSN1?marker=741311
113,121,USD,FLL,HPN,"Westchester County, United States",US,2026-11-02,3,https://www.aviasales.com/search/FLL0211HPN1?marker=741311
114,121,USD,LAX,SJD,"San Jose Del Cabo, Mexico",MX,2026-11-08,2,https://www.aviasales.com/search/LAX0811SJD1?marker=741311
115,121,USD,MCO,AVL,"Asheville, United States",US,2026-10-09,0,https://www.aviasales.com/search/MCO0910AVL1?marker=741311
116,121,USD,FLL,MBJ,"Montego Bay, Jamaica",JM,2026-10-06,0,https://www.aviasales.com/search/FLL0610MBJ1?marker=741311
117,121,USD,ORD,MKG,"Muskegon, United States",US,2026-10-13,0,https://www.aviasales.com/search/ORD1310MKG1?marker=741311
118,121,USD,TPA,CID,"Cedar Rapids, United States",US,2026-10-11,0,https://www.aviasales.com/search/TPA1110CID1?marker=741311
119,122,USD,JFK,AUA,"Oranjestad, Aruba",AW,2026-11-16,0,https://www.aviasales.com/search/JFK1611AUA1?marker=741311
120,123,USD,BOS,PQI,"Presque Isle, United States",US,2026-10-21,0,https://www.aviasales.com/search/BOS2110PQI1?marker=741311
121,123,USD,DCA,PBI,"West Palm Beach, United States",US,2026-12-13,0,https://www.aviasales.com/search/DCA1312PBI1?marker=741311
122,123,USD,LAX,STS,"Santa Rosa, United States",US,2027-04-01,0,https://www.aviasales.com/search/LAX0104STS1?marker=741311
123,124,USD,MCO,BDL,"Hartford, United States",US,2026-10-10,1,https://www.aviasales.com/search/MCO1010BDL1?marker=741311
124,125,USD,LAX,GUA,"Guatemala City, Guatemala",GT,2027-01-31,0,https://www.aviasales.com/search/LAX3101GUA1?marker=741311
125,126,USD,FLL,SDQ,"Santo Domingo, Dominican Republic",DO,2026-10-23,1,https://www.aviasales.com/search/FLL2310SDQ1?marker=741311
126,127,USD,DCA,SDF,"Louisville, United States",US,2026-10-13,0,https://www.aviasales.com/search/DCA1310SDF1?marker=741311
127,127,USD,FLL,FSD,"Sioux Falls, United States",US,2026-11-05,1,https://www.aviasales.com/search/FLL0511FSD1?marker=741311
128,129,USD,IAH,PNS,"Pensacola, United States",US,2026-11-16,1,https://www.aviasales.com/search/IAH1611PNS1?marker=741311
129,129,USD,ORD,MLI,"Moline, United States",US,2026-10-09,0,https://www.aviasales.com/search/ORD0910MLI1?marker=741311
130,129,USD,MCO,PWM,"Portland, United States",US,2027-02-26,1,https://www.aviasales.com/search/MCO2602PWM1?marker=741311
131,129,USD,LAS,SHV,"Shreveport, United States",US,2026-10-09,0,https://www.aviasales.com/search/LAS0910SHV1?marker=741311
132,131,USD,PHL,GSO,"Greensboro, United States",US,2026-10-10,0,https://www.aviasales.com/search/PHL1010GSO1?marker=741311
133,131,USD,PHX,ATW,"Appleton, United States",US,2026-10-16,0,https://www.aviasales.com/search/PHX1610ATW1?marker=741311
134,132,USD,FLL,YMQ,"Montreal, Canada",CA,2026-11-19,1,https://www.aviasales.com/search/FLL1911YMQ1?marker=741311
135,133,USD,ATL,SGF,"Springfield, United States",US,2026-10-29,1,https://www.aviasales.com/search/ATL2910SGF1?marker=741311
136,133,USD,FLL,GYE,"Guayaquil, Ecuador",EC,2027-01-27,0,https://www.aviasales.com/search/FLL2701GYE1?marker=741311
137,134,USD,MIA,PUJ,"Punta Cana, Dominican Republic",DO,2026-11-14,0,https://www.aviasales.com/search/MIA1411PUJ1?marker=741311
138,134,USD,JFK,BGI,"Bridgetown, Barbados",BB,2026-10-10,2,https://www.aviasales.com/search/JFK1010BGI1?marker=741311
139,134,USD,ORD,MEM,"Memphis, United States",US,2026-10-08,0,https://www.aviasales.com/search/ORD0810MEM1?marker=741311
140,134,USD,ORD,DEC,"Decatur, United States",US,2026-10-08,0,https://www.aviasales.com/search/ORD0810DEC1?marker=741311
141,134,USD,LAX,BJX,"Leon/Guanajuato, Mexico",MX,2027-01-01,0,https://www.aviasales.com/search/LAX0101BJX1?marker=741311
142,134,USD,IAD,MGW,"Morgantown, United States",US,2026-10-10,0,https://www.aviasales.com/search/IAD1010MGW1?marker=741311
143,134,USD,MSP,YXE,"Saskatoon, Canada",CA,2026-11-28,1,https://www.aviasales.com/search/MSP2811YXE1?marker=741311
144,135,USD,MIA,LIM,"Lima, Peru",PE,2027-01-19,1,https://www.aviasales.com/search/MIA1901LIM1?marker=741311
145,135,USD,JFK,SVD,"St Vincent, Saint Vincent and the Grenadines",VC,2026-10-26,1,https://www.aviasales.com/search/JFK2610SVD1?marker=741311
146,136,USD,PDX,PDT,"Pendleton, United States",US,2026-10-05,0,https://www.aviasales.com/search/PDX0510PDT1?marker=741311
147,138,USD,JFK,SXM,"Sint Maarten, Sint Maarten",SX,2026-12-15,1,https://www.aviasales.com/search/JFK1512SXM1?marker=741311
148,139,USD,IAD,LYH,"Lynchburg, United States",US,2026-10-08,0,https://www.aviasales.com/search/IAD0810LYH1?marker=741311
149,140,USD,PHL,ROA,"Roanoke, United States",US,2026-10-10,0,https://www.aviasales.com/search/PHL1010ROA1?marker=741311
150,142,USD,TPA,ELD,"El Dorado, United States",US,2026-11-19,1,https://www.aviasales.com/search/TPA1911ELD1?marker=741311
151,143,USD,LAS,LAP,"La Paz, Mexico",MX,2026-10-17,1,https://www.aviasales.com/search/LAS1710LAP1?marker=741311
152,144,USD,BNA,LIT,"Little Rock, United States",US,2026-11-06,1,https://www.aviasales.com/search/BNA0611LIT1?marker=741311
153,144,USD,MIA,SAL,"San Salvador, El Salvador",SV,2026-10-24,1,https://www.aviasales.com/search/MIA2410SAL1?marker=741311
154,144,USD,SFO,PVR,"Puerto Vallarta, Mexico",MX,2026-12-09,2,https://www.aviasales.com/search/SFO0912PVR1?marker=741311
155,144,USD,BNA,FYV,"Fayetteville, United States",US,2026-10-09,0,https://www.aviasales.com/search/BNA0910FYV1?marker=741311
156,144,USD,ORD,CMI,"Champaign, United States",US,2026-10-09,0,https://www.aviasales.com/search/ORD0910CMI1?marker=741311
157,145,USD,DFW,AEX,"Alexandria, United States",US,2026-10-08,0,https://www.aviasales.com/search/DFW0810AEX1?t=AA17914506001791455520000082DFWAEX_e946cc1fd156afce61bb9773d3e5802c_12054&search_date=30092026&expected_price_uuid=01a0f2f3-8937-8040-ad59-84bca9bec5bc&static_fare_key=TY%7CP1%7CH0%7CL0%7CCH0%7CR0%7CTBC0&itinerary_key=oT5gHZ4I9PRA8r28hFfTUA&expected_price_source=share&expected_price_currency=usd&expected_price=145&marker=741311
158,219,USD,DEN,JAC,"Jackson, United States",US,2026-10-09,0,https://www.aviasales.com/search/DEN0910JAC1?t=UA17915628001791568140000089DENJAC_7d15d30c8d564485dceb6df48b0eb81e_18341&search_date=29092026&expected_price_uuid=01a0ee38-fbbe-8030-ab78-a9025fc36695&static_fare_key=TY%7CP0%7CH0%7CL0%7CCH0%7CR0%7CTBC0&itinerary_key=CvRCjdp6lHnCiLLZoiiCHA&expected_price_source=share&expected_price_currency=usd&expected_price=219&marker=741311
159,146,USD,SFO,CLO,"Cali, Colombia",CO,2027-01-17,2,https://www.aviasales.com/search/SFO1701CLO1?t=UA18002295001800293640000889SFOIAHPTYCLO_dc03839d27b8b7f8018a8653092ba343_12214&search_date=03102026&expected_price_uuid=01a10268-cf71-8040-a291-680e0dc0959e&static_fare_key=TY%7CP0%7CH0%7CL0%7CCH0%7CR0%7CTBC0&itinerary_key=5-oxTLm76Rea7Bo3Ge16YA&expected_price_source=share&expected_price_currency=usd&expected_price=146&marker=741311
160,146,USD,IAD,OAX,"Oaxaca, Mexico",MX,2026-11-15,1,https://www.aviasales.com/search/IAD1511OAX1?t=Y417947248001794818400001620IADGDLOAX_7b6a2ffa6ba76c4b0c99025e7cd36baa_12173&search_date=02102026&expected_price_uuid=01a0fa73-9cad-8040-2b40-38edca6dab2c&static_fare_key=TY%7CP0%7CH0%7CL0%7CCH0%7CR0%7CTBC0&itinerary_key=ICz8QD5aaRmY2sbpHo3U9A&origin_airports=0&expected_price_source=share&expected_price_currency=usd&expected_price=146&marker=741311
161,145,USD,JFK,POP,"Puerto Plata, Dominican Republic",DO,2027-01-07,1,https://www.aviasales.com/search/JFK0701POP1?t=AA17993429401799425320001313JFKCLTPOP_859a86baeeab1996e4da741a95f090ee_12126&search_date=02102026&expected_price_uuid=01a0fa53-ff57-8040-274f-089ffd6bbe19&static_fare_key=TY%7CP0%7CH1%7CL0%7CCH0%7CR0%7CTBC0&itinerary_key=QajRpl9Lp-XibWTiWNTI-w&origin_airports=0&expected_price_source=share&expected_price_currency=usd&expected_price=145&marker=741311
162,146,USD,IAD,MOB,"Mobile, United States",US,2026-10-10,1,https://www.aviasales.com/search/IAD1010MOB1?t=AA17916129001791634620000422IADCLTMOB_369b262786cda6858c4753f0b9dfd66e_12154&search_date=01102026&expected_price_uuid=01a0f791-f1e3-8040-61e8-bff6623f62fd&static_fare_key=TY%7CP0%7CH1%7CL0%7CCH0%7CR0%7CTBC0&itinerary_key=PCQlfG_pNWrq03W-KV72FA&origin_airports=0&expected_price_source=share&expected_price_currency=usd&expected_price=146&marker=741311
163,142,USD,DCA,YOW,"Ottawa, Canada",CA,2026-10-13,0,https://www.aviasales.com/search/DCA1310YOW1?t=AC17918958001791901320000092DCAYOW_f4399a0d3201face314335d1e2931bf6_11876&search_date=03102026&expected_price_uuid=01a1021e-d070-8030-a22e-e883a9dac018&static_fare_key=TY%7CP0%7CH0%7CL0%7CCH0%7CR0%7CTBC0&itinerary_key=w9RWFJ6URiCliYKd-jjJzQ&origin_airports=0&expected_price_source=share&expected_price_currency=usd&expected_price=142&marker=741311
164,147,USD,TPA,ABE,"Allentown, United States",US,2026-10-09,0,https://www.aviasales.com/search/TPA0910ABE1?t=G417915677201791576960000154PIEABE_6125d2d1470ae657997065918e343e0d_12312&search_date=29092026&expected_price_uuid=01a0ee1c-473c-8030-6903-030595d8c8d1&static_fare_key=TY%7CP0%7CH0%7CL0%7CCH0%7CR0%7CTBC0&itinerary_key=DbxfcMDgkY21j18epH5UGw&expected_price_source=share&expected_price_currency=usd&expected_price=147&marker=741311
165,147,USD,DCA,CAE,"Columbia, United States",US,2026-11-06,0,https://www.aviasales.com/search/DCA0611CAE1?t=AA17939998201794005820000100DCACAE_2b0a1b18a9ecc9a20c58f17f992abbf3_12233&search_date=01102026&expected_price_uuid=01a0f4df-7669-8040-6a08-b47f014b2632&static_fare_key=TY%7CP0%7CH1%7CL0%7CCH0%7CR0%7CTBC0&itinerary_key=7rlM21P5MqOogP8WamycVQ&origin_airports=0&expected_price_source=share&expected_price_currency=usd&expected_price=147&marker=741311
166,147,USD,JFK,GEO,"Georgetown, Guyana",GY,2027-02-25,0,https://www.aviasales.com/search/JFK2502GEO1?t=B618035469001803570840000339JFKGEO_1b465ad4476190f75ead59937d324653_12414&search_date=28092026&expected_price_uuid=01a0e8bb-6fbf-8040-a310-43e54d5e008c&static_fare_key=TY%7CP0%7CH1%7CL0%7CCH0%7CR0%7CTBC0&itinerary_key=qWm-dWk35Mizv5VAd5GHMg&origin_airports=0&expected_price_source=share&expected_price_currency=usd&expected_price=147&marker=741311
167,147,USD,MSP,IWD,"Ironwood, United States",US,2026-10-09,0,https://www.aviasales.com/search/MSP0910IWD1?t=KG17915427001791546300000060MSPIWD_11931fc26414affe0519541cb228d582_12312&search_date=29092026&expected_price_uuid=01a0eea7-b830-8030-239b-839c11f9451f&static_fare_key=TY%7CP0%7CH1%7CL0%7CCH0%7CR0%7CTBC0&itinerary_key=4xN4yz_rtOP-mJcual4ssw&expected_price_source=share&expected_price_currency=usd&expected_price=147&marker=741311
168,147,USD,TPA,HGR,"Hagerstown, United States",US,2026-10-08,0,https://www.aviasales.com/search/TPA0810HGR1?t=G417914801801791488220000134PIEHGR_f51cf770e8803be31a67ab152a4d2d15_12422&search_date=28092026&expected_price_uuid=01a0e902-4312-8030-e229-1c1116754b26&static_fare_key=TY%7CP0%7CH0%7CL0%7CCH0%7CR0%7CTBC0&itinerary_key=hOg94_vXIzOchmahW4FsNg&expected_price_source=share&expected_price_currency=usd&expected_price=147&marker=741311
169,146,USD,TPA,OMA,"Omaha, United States",US,2026-10-20,2,https://www.aviasales.com/search/TPA2010OMA1?t=F917925043201792610820001835TPAATLDENOMA_48fbd477c7140a183bb444997633f719_12207&search_date=01102026&expected_price_uuid=01a0f8c7-5bae-8040-2105-a214ba9fb9f4&static_fare_key=TY%7CP0%7CH0%7CL0%7CCH0%7CR0%7CTBC0&itinerary_key=6EIU9Y8x4XnF0jUmoA2yTQ&expected_price_source=share&expected_price_currency=usd&expected_price=146&marker=741311
170,148,USD,LAX,YYC,"Calgary, Canada",CA,2026-11-01,1,https://www.aviasales.com/search/LAX0111YYC1?t=AC17935173001793545140000344LAXYVRYYC_3c2ebba1b412749c03fe95b98cb28d0c_12378&search_date=04102026&expected_price_uuid=01a10446-9191-8040-6c81-8c758ec9785d&static_fare_key=TY%7CP1%7CH0%7CL0%7CCH0%7CR0%7CTBC0&itinerary_key=ltk_JVu_OraXjged1xc6lg&expected_price_source=share&expected_price_currency=usd&expected_price=148&marker=741311
171,148,USD,MCO,FPO,"Freeport, Bahamas",BS,2026-10-26,1,https://www.aviasales.com/search/MCO2610FPO1?t=AA17929944001793012820000307MCOMIAFPO_0ff90fb66cd90c1a1525b39145cc1d3e_12495&search_date=28092026&expected_price_uuid=01a0e7f6-bf2d-8040-ad96-d34cf9ec3fcd&static_fare_key=TY%7CP0%7CH0%7CL0%7CCH0%7CR0%7CTBC0&itinerary_key=A3x5qNp5Ay57nZT4j65J5g&origin_airports=0&expected_price_source=share&expected_price_currency=usd&expected_price=148&marker=741311
172,148,USD,DFW,LAW,"Lawton, United States",US,2026-10-10,0,https://www.aviasales.com/search/DFW1010LAW1?t=AA17916695401791673560000067DFWLAW_955a605dc102e976d46491edcad484fa_12396&search_date=30092026&expected_price_uuid=01a0efac-556f-8030-a8d5-cd709befb4b5&static_fare_key=TY%7CP0%7CH0%7CL0%7CCH0%7CR0%7CTBC0&itinerary_key=VgffgNQds-pjPWfB1OxFhA&expected_price_source=share&expected_price_currency=usd&expected_price=148&marker=741311
173,148,USD,PHX,YUM,"Yuma, United States",US,2026-10-09,0,https://www.aviasales.com/search/PHX0910YUM1?t=AA17915410801791545280000070PHXYUM_56eecc1c913df40bc21c3d08a88b1293_12395&search_date=29092026&expected_price_uuid=01a0ef3d-db60-8030-ae6e-c65335387675&static_fare_key=TY%7CP0%7CH0%7CL0%7CCH0%7CR0%7CTBC0&itinerary_key=S2lW5M_VQWF1uc7KYGLfMg&expected_price_source=share&expected_price_currency=usd&expected_price=148&marker=741311
174,150,USD,JFK,STI,"Santiago, Dominican Republic",DO,2027-01-04,1,https://www.aviasales.com/search/JFK0401STI1?t=B617990847001799110740000374JFKFLLSTI_9d7252752bc45e7b013b3b28a664ea78_12496&search_date=30092026&expected_price_uuid=01a0f2f8-074e-8040-6488-268c25913efc&static_fare_key=TY%7CP0%7CH1%7CL0%7CCH0%7CR0%7CTBC0&itinerary_key=N50dYDPh5vDHSz8150DhOw&origin_airports=0&expected_price_source=share&expected_price_currency=usd&expected_price=150&marker=741311
175,150,USD,LAX,TUL,"Tulsa, United States",US,2026-10-07,2,https://www.aviasales.com/search/LAX0710TUL1?t=WN17913342001791374400000550LAXDALMDWTUL_905fbffc3a31f42f65974e8e5e2fd789_12566&search_date=03102026&expected_price_uuid=01a1000a-a758-8040-ae5c-f52b1336c25c&static_fare_key=TY%7CP0%7CH1%7CL0%7CCH0%7CR0%7CTBC0&itinerary_key=omiE1JZkBoDo8h5fOxW6rg&expected_price_source=share&expected_price_currency=usd&expected_price=150&marker=741311
176,150,USD,PDX,GSP,"Greenville, United States",US,2026-10-14,2,https://www.aviasales.com/search/PDX1410GSP1?t=WN17919585001792008300000650PDXMDWBWIGSP_e14fe78753db47f7cbd5ba7f74a2eb69_12579&search_date=03102026&expected_price_uuid=01a10036-4836-8040-229d-7b878bb3508e&static_fare_key=TY%7CP0%7CH1%7CL0%7CCH0%7CR0%7CTBC0&itinerary_key=KNBliktN7qoTb72Uv1cugA&expected_price_source=share&expected_price_currency=usd&expected_price=150&marker=741311
177,151,USD,LAX,AGU,"Aguascalientes, Mexico",MX,2026-10-11,0,https://www.aviasales.com/search/LAX1110AGU1?t=Y417917150201791729780000186LAXAGU_b72ff2ec8a40adbb3edd335ef6da97f0_12579&search_date=01102026&expected_price_uuid=01a0f818-6f00-8030-abdd-b0f521da8240&static_fare_key=TY%7CP0%7CH0%7CL0%7CCH0%7CR0%7CTBC0&itinerary_key=9qgtGN-qoLcz5rKLQnWK6A&expected_price_source=share&expected_price_currency=usd&expected_price=151&marker=741311
178,152,USD,SFO,HNL,"Honolulu, United States",US,2026-11-15,0,https://www.aviasales.com/search/SFO1511HNL1?t=UA17947509001794763740000334SFOHNL_da1e0e16cf537147ff8008744edfdf7f_12731&search_date=29092026&expected_price_uuid=01a0ef8a-80ea-8040-6bbe-c61a17685551&static_fare_key=TY%7CP0%7CH0%7CL0%7CCH0%7CR0%7CTBC0&itinerary_key=KPM-QLOPRoeKwvtqpP_a0Q&expected_price_source=share&expected_price_currency=usd&expected_price=152&marker=741311
179,152,USD,LAS,TIJ,"Tijuana, Mexico",MX,2026-10-30,1,https://www.aviasales.com/search/LAS3010TIJ1?t=Y417933820001793429580000793LASGDLTIJ_143e838e806f764a5bdd6bf92ae1514d_12806&search_date=29092026&expected_price_uuid=01a0ecff-0748-8040-6815-b6ffc3ca87cd&static_fare_key=TY%7CP0%7CH0%7CL0%7CCH1%7CR0%7CTBC0&itinerary_key=9ytqxXWUsUWBE2aZQVL1cg&expected_price_source=share&expected_price_currency=usd&expected_price=152&marker=741311
180,152,USD,DEN,CEZ,"Cortez, United States",US,2026-10-13,0,https://www.aviasales.com/search/DEN1310CEZ1?t=KG17918856001791891300000095DENCEZ_dbb75ce9dc3ec3d170f77ba57d16469c_12713&search_date=03102026&expected_price_uuid=01a103fa-28c0-8030-ede6-0e7dd46618bc&static_fare_key=TY%7CP0%7CH1%7CL0%7CCH0%7CR0%7CTBC0&itinerary_key=Av5rE8NMV9jfcuUCuic5Lw&expected_price_source=share&expected_price_currency=usd&expected_price=152&marker=741311
181,151,USD,LAX,CEN,"Ciudad Obregon, Mexico",MX,2026-10-10,1,https://www.aviasales.com/search/LAX1010CEN1?marker=741311
182,153,USD,JFK,ROM,"Rome, Italy",IT,2026-10-18,0,https://www.aviasales.com/search/JFK1810ROM1?marker=741311
183,154,USD,JFK,ATH,"Athens, Greece",GR,2026-10-18,0,https://www.aviasales.com/search/JFK1810ATH1?marker=741311
184,155,USD,FLL,PVD,"Providence, United States",US,2026-11-09,1,https://www.aviasales.com/search/FLL0911PVD1?marker=741311
185,157,USD,JFK,EVV,"Evansville, United States",US,2026-11-13,1,https://www.aviasales.com/search/JFK1311EVV1?marker=741311
186,158,USD,LAX,TGZ,"Tuxtla Gutierrez, Mexico",MX,2026-10-10,1,https://www.aviasales.com/search/LAX1010TGZ1?marker=741311
187,158,USD,TPA,GCM,"Georgetown, Cayman Islands",KY,2026-10-05,2,https://www.aviasales.com/search/TPA0510GCM1?marker=741311
188,159,USD,TPA,LEX,"Lexington, United States",US,2026-10-10,0,https://www.aviasales.com/search/TPA1010LEX1?marker=741311
189,160,USD,MIA,BOG,"Bogota, Colombia",CO,2026-11-04,1,https://www.aviasales.com/search/MIA0411BOG1?marker=741311
190,160,USD,JFK,LON,"London, United Kingdom",GB,2026-10-20,0,https://www.aviasales.com/search/JFK2010LON1?marker=741311
191,160,USD,JFK,UIO,"Quito, Ecuador",EC,2026-12-15,1,https://www.aviasales.com/search/JFK1512UIO1?marker=741311
192,160,USD,ORD,SLP,"San Luis Potosi, Mexico",MX,2026-10-15,2,https://www.aviasales.com/search/ORD1510SLP1?marker=741311
193,161,USD,SLC,EAT,"Wenatchee, United States",US,2027-01-03,1,https://www.aviasales.com/search/SLC0301EAT1?marker=741311
194,161,USD,ATL,CAK,"Akron, United States",US,2026-10-10,1,https://www.aviasales.com/search/ATL1010CAK1?marker=741311
195,161,USD,AUS,MDE,"Medellin, Colombia",CO,2026-12-30,1,https://www.aviasales.com/search/AUS3012MDE1?marker=741311
196,161,USD,DEN,COS,"Colorado Springs, United States",US,2026-12-30,0,https://www.aviasales.com/search/DEN3012COS1?marker=741311
197,163,USD,BOS,BHB,"Bar Harbor, United States",US,2026-10-13,0,https://www.aviasales.com/search/BOS1310BHB1?marker=741311
198,163,USD,JFK,AGS,"Augusta, United States",US,2026-10-06,1,https://www.aviasales.com/search/JFK0610AGS1?marker=741311
199,163,USD,FLL,BAQ,"Barranquilla, Colombia",CO,2026-11-18,0,https://www.aviasales.com/search/FLL1811BAQ1?marker=741311
200,163,USD,MCO,PSE,"Ponce, Puerto Rico",PR,2026-12-09,0,https://www.aviasales.com/search/MCO0912PSE1?marker=741311
201,163,USD,IAD,TRC,"Torreon, Mexico",MX,2026-11-10,3,https://www.aviasales.com/search/IAD1011TRC1?marker=741311
202,164,USD,MIA,SJO,"San Jose, Costa Rica",CR,2026-12-03,0,https://www.aviasales.com/search/MIA0312SJO1?marker=741311
203,165,USD,ORD,MLM,"Morelia, Mexico",MX,2026-10-07,0,https://www.aviasales.com/search/ORD0710MLM1?marker=741311
204,166,USD,FLL,ALB,"Albany, United States",US,2026-12-19,2,https://www.aviasales.com/search/FLL1912ALB1?marker=741311
205,166,USD,SEA,ANC,"Anchorage, United States",US,2026-12-05,0,https://www.aviasales.com/search/SEA0512ANC1?marker=741311
206,167,USD,SAN,PSC,"Pasco, United States",US,2026-10-07,1,https://www.aviasales.com/search/SAN0710PSC1?marker=741311
207,167,USD,SEA,KTN,"Ketchikan, United States",US,2026-11-12,0,https://www.aviasales.com/search/SEA1211KTN1?marker=741311
208,168,USD,SFO,LIH,"Kauai Island, United States",US,2026-11-08,0,https://www.aviasales.com/search/SFO0811LIH1?marker=741311
209,168,USD,DTW,YHZ,"Halifax, Canada",CA,2026-10-14,1,https://www.aviasales.com/search/DTW1410YHZ1?marker=741311
210,168,USD,DFW,HRL,"Harlingen, United States",US,2026-12-15,0,https://www.aviasales.com/search/DFW1512HRL1?marker=741311
211,168,USD,BNA,OWB,"Owensboro, United States",US,2026-10-08,2,https://www.aviasales.com/search/BNA0810OWB1?marker=741311
212,168,USD,LAX,GFK,"Grand Forks, United States",US,2026-11-11,1,https://www.aviasales.com/search/LAX1111GFK1?marker=741311
213,169,USD,PHL,PSP,"Palm Springs, United States",US,2026-11-18,1,https://www.aviasales.com/search/PHL1811PSP1?marker=741311
214,170,USD,MIA,LIR,"Liberia, Costa Rica",CR,2026-10-23,0,https://www.aviasales.com/search/MIA2310LIR1?marker=741311
215,170,USD,MCO,PGD,"Punta Gorda, United States",US,2026-10-22,2,https://www.aviasales.com/search/MCO2210PGD1?marker=741311
216,171,USD,ORD,HAR,"Harrisburg, United States",US,2026-10-10,0,https://www.aviasales.com/search/ORD1010HAR1?marker=741311
217,171,USD,SEA,FAR,"Fargo, United States",US,2026-10-08,1,https://www.aviasales.com/search/SEA0810FAR1?marker=741311
218,172,USD,TPA,KOA,"Kailua-Kona, United States",US,2026-12-04,1,https://www.aviasales.com/search/TPA0412KOA1?marker=741311
219,173,USD,MCO,MAF,"Midland, United States",US,2026-11-11,1,https://www.aviasales.com/search/MCO1111MAF1?marker=741311
220,175,USD,MIA,CTG,"Cartagena, Colombia",CO,2027-01-18,0,https://www.aviasales.com/search/MIA1801CTG1?marker=741311
221,176,USD,IAH,PVU,"Provo, United States",US,2027-01-18,1,https://www.aviasales.com/search/IAH1801PVU1?marker=741311
222,177,USD,BNA,YEA,"Edmonton, Canada",CA,2026-12-01,1,https://www.aviasales.com/search/BNA0112YEA1?marker=741311
223,178,USD,MCO,CRW,"Charleston, United States",US,2026-11-15,0,https://www.aviasales.com/search/MCO1511CRW1?marker=741311
224,178,USD,CLT,IRK,"Kirksville, United States",US,2026-10-07,2,https://www.aviasales.com/search/CLT0710IRK1?marker=741311
225,179,USD,ORD,MHK,"Manhattan, United States",US,2026-10-13,0,https://www.aviasales.com/search/ORD1310MHK1?marker=741311
226,179,USD,SFO,SEL,"Seoul, South Korea",KR,2027-03-17,0,https://www.aviasales.com/search/SFO1703SEL1?marker=741311
227,182,USD,PHX,MKE,"Milwaukee, United States",US,2026-10-12,1,https://www.aviasales.com/search/PHX1210MKE1?marker=741311
228,183,USD,PHX,ZIH,"Ixtapa, Mexico",MX,2026-11-08,1,https://www.aviasales.com/search/PHX0811ZIH1?marker=741311
229,184,USD,PDX,OGG,"Kahului, United States",US,2026-10-04,1,https://www.aviasales.com/search/PDX0410OGG1?marker=741311
230,184,USD,DFW,CZM,"Cozumel, Mexico",MX,2026-11-14,1,https://www.aviasales.com/search/DFW1411CZM1?marker=741311
231,185,USD,ORD,LCH,"Lake Charles, United States",US,2026-10-07,1,https://www.aviasales.com/search/ORD0710LCH1?marker=741311
232,187,USD,ATL,ILG,"Wilmington, United States",US,2026-10-12,1,https://www.aviasales.com/search/ATL1210ILG1?marker=741311
233,188,USD,BOS,OSL,"Oslo, Norway",NO,2026-10-12,1,https://www.aviasales.com/search/BOS1210OSL1?marker=741311
234,188,USD,MIA,CUC,"Cucuta, Colombia",CO,2026-10-31,2,https://www.aviasales.com/search/MIA3110CUC1?marker=741311
235,188,USD,SEA,PUW,"Pullman, United States",US,2026-12-20,0,https://www.aviasales.com/search/SEA2012PUW1?marker=741311
236,191,USD,FLL,SAP,"San Pedro Sula, Honduras",HN,2027-01-31,0,https://www.aviasales.com/search/FLL3101SAP1?marker=741311
237,191,USD,DCA,JAN,"Jackson, United States",US,2026-10-13,0,https://www.aviasales.com/search/DCA1310JAN1?marker=741311
238,192,USD,MCO,BHM,"Birmingham, United States",US,2026-10-14,3,https://www.aviasales.com/search/MCO1410BHM1?marker=741311
239,194,USD,SEA,FRA,"Frankfurt, Germany",DE,2026-10-24,1,https://www.aviasales.com/search/SEA2410FRA1?marker=741311
240,195,USD,MIA,BUE,"Buenos Aires, Argentina",AR,2026-11-27,1,https://www.aviasales.com/search/MIA2711BUE1?marker=741311
241,196,USD,DEN,GUC,"Gunnison, United States",US,2026-10-10,0,https://www.aviasales.com/search/DEN1010GUC1?marker=741311
242,197,USD,BOS,BCN,"Barcelona, Spain",ES,2026-10-18,0,https://www.aviasales.com/search/BOS1810BCN1?marker=741311
243,197,USD,JFK,KIN,"Kingston, Jamaica",JM,2026-11-14,2,https://www.aviasales.com/search/JFK1411KIN1?marker=741311
244,198,USD,TPA,VRB,"Vero Beach, United States",US,2026-10-08,1,https://www.aviasales.com/search/TPA0810VRB1?marker=741311
245,199,USD,DEN,LNK,"Lincoln, United States",US,2026-10-10,0,https://www.aviasales.com/search/DEN1010LNK1?marker=741311
246,201,USD,DEN,ASE,"Aspen, United States",US,2026-10-09,0,https://www.aviasales.com/search/DEN0910ASE1?marker=741311
247,201,USD,MIA,PTY,"Panama City, Panama",PA,2026-12-05,1,https://www.aviasales.com/search/MIA0512PTY1?marker=741311
248,201,USD,MIA,STT,"Saint Thomas, U.S. Virgin Islands",VI,2027-01-25,0,https://www.aviasales.com/search/MIA2501STT1?marker=741311
249,201,USD,JFK,VCE,"Venice, Italy",IT,2026-10-20,1,https://www.aviasales.com/search/JFK2010VCE1?marker=741311
250,201,USD,SFO,ACV,"Arcata, United States",US,2026-10-08,0,https://www.aviasales.com/search/SFO0810ACV1?marker=741311
251,202,USD,SAN,SBA,"Santa Barbara, United States",US,2026-10-08,0,https://www.aviasales.com/search/SAN0810SBA1?marker=741311
252,203,USD,BNA,ACA,"Acapulco, Mexico",MX,2026-11-30,1,https://www.aviasales.com/search/BNA3011ACA1?marker=741311
253,203,USD,PHL,LBB,"Lubbock, United States",US,2026-12-24,2,https://www.aviasales.com/search/PHL2412LBB1?marker=741311
254,204,USD,MIA,TQO,"Tulum, Mexico",MX,2027-01-04,0,https://www.aviasales.com/search/MIA0401TQO1?marker=741311
255,206,USD,JFK,LCA,"Larnaca, Cyprus",CY,2026-10-15,1,https://www.aviasales.com/search/JFK1510LCA1?marker=741311
256,206,USD,JFK,SOF,"Sofia, Bulgaria",BG,2026-10-20,1,https://www.aviasales.com/search/JFK2010SOF1?marker=741311
257,207,USD,JFK,MIL,"Milan, Italy",IT,2026-10-20,1,https://www.aviasales.com/search/JFK2010MIL1?marker=741311
258,207,USD,JFK,DAB,"Daytona Beach, United States",US,2026-10-13,1,https://www.aviasales.com/search/JFK1310DAB1?marker=741311
259,207,USD,ORD,AMA,"Amarillo, United States",US,2027-01-01,1,https://www.aviasales.com/search/ORD0101AMA1?marker=741311
260,210,USD,MIA,SCL,"Santiago, Chile",CL,2027-01-19,1,https://www.aviasales.com/search/MIA1901SCL1?marker=741311
261,210,USD,IAH,BTR,"Baton Rouge, United States",US,2026-10-10,0,https://www.aviasales.com/search/IAH1010BTR1?marker=741311
262,212,USD,PHL,BGR,"Bangor, United States",US,2026-10-10,1,https://www.aviasales.com/search/PHL1010BGR1?marker=741311
263,213,USD,DEN,PIR,"Pierre, United States",US,2026-10-10,0,https://www.aviasales.com/search/DEN1010PIR1?marker=741311
264,213,USD,ORD,TVC,"Traverse City, United States",US,2026-10-10,0,https://www.aviasales.com/search/ORD1010TVC1?marker=741311
265,214,USD,JFK,PAR,"Paris, France",FR,2026-10-13,1,https://www.aviasales.com/search/JFK1310PAR1?marker=741311
266,214,USD,DEN,CNY,"Moab, United States",US,2026-10-08,0,https://www.aviasales.com/search/DEN0810CNY1?marker=741311
267,215,USD,ORD,PBC,"Puebla, Mexico",MX,2026-12-24,1,https://www.aviasales.com/search/ORD2412PBC1?marker=741311
268,215,USD,DEN,EAR,"Kearney, United States",US,2026-10-11,0,https://www.aviasales.com/search/DEN1110EAR1?marker=741311
269,216,USD,JFK,RMO,"Chisinau, Moldova",MD,2026-10-19,1,https://www.aviasales.com/search/JFK1910RMO1?marker=741311
270,216,USD,JFK,BUH,"Bucharest, Romania",RO,2026-10-19,1,https://www.aviasales.com/search/JFK1910BUH1?marker=741311
271,216,USD,RDU,USA,"Concord, United States",US,2026-10-11,1,https://www.aviasales.com/search/RDU1110USA1?marker=741311
272,217,USD,ORD,VER,"Veracruz, Mexico",MX,2026-10-11,1,https://www.aviasales.com/search/ORD1110VER1?marker=741311
273,217,USD,IAH,BRO,"Brownsville, United States",US,2026-10-08,0,https://www.aviasales.com/search/IAH0810BRO1?marker=741311
274,217,USD,LAX,BFL,"Bakersfield, United States",US,2026-10-08,0,https://www.aviasales.com/search/LAX0810BFL1?marker=741311
275,218,USD,DTW,BTV,"Burlington, United States",US,2026-10-12,2,https://www.aviasales.com/search/DTW1210BTV1?marker=741311
276,218,USD,MIA,GGT,"George Town, Bahamas",BS,2026-11-15,1,https://www.aviasales.com/search/MIA1511GGT1?marker=741311
277,218,USD,TPA,HAV,"Havana, Cuba",CU,2026-11-11,0,https://www.aviasales.com/search/TPA1111HAV1?marker=741311
278,218,USD,LAX,MRY,"Monterey, United States",US,2026-10-27,2,https://www.aviasales.com/search/LAX2710MRY1?marker=741311
279,219,USD,LAX,EUG,"Eugene, United States",US,2026-10-11,1,https://www.aviasales.com/search/LAX1110EUG1?marker=741311
280,220,USD,JFK,ANU,"Saint John's, Antigua and Barbuda",AG,2027-01-08,1,https://www.aviasales.com/search/JFK0801ANU1?marker=741311
281,220,USD,DTW,BMI,"Bloomington, United States",US,2026-10-13,1,https://www.aviasales.com/search/DTW1310BMI1?marker=741311
282,220,USD,LAX,HMO,"Hermosillo, Mexico",MX,2026-10-09,1,https://www.aviasales.com/search/LAX0910HMO1?marker=741311
283,221,USD,ORD,ECP,"Panama City, United States",US,2026-10-04,1,https://www.aviasales.com/search/ORD0410ECP1?marker=741311
284,221,USD,JFK,MLA,"Malta, Malta",MT,2026-10-17,1,https://www.aviasales.com/search/JFK1710MLA1?marker=741311
285,221,USD,JFK,SJJ,"Sarajevo, Bosnia and Herzegovina",BA,2026-10-20,2,https://www.aviasales.com/search/JFK2010SJJ1?marker=741311
286,222,USD,JFK,DLM,"Dalaman, Turkiye",TR,2026-10-20,1,https://www.aviasales.com/search/JFK2010DLM1?marker=741311
287,222,USD,LAX,MNL,"Manila, Philippines",PH,2027-03-15,1,https://www.aviasales.com/search/LAX1503MNL1?marker=741311
288,222,USD,SFO,RDD,"Redding, United States",US,2026-10-09,0,https://www.aviasales.com/search/SFO0910RDD1?marker=741311
289,223,USD,BOS,STO,"Stockholm, Sweden",SE,2026-11-18,1,https://www.aviasales.com/search/BOS1811STO1?marker=741311
290,223,USD,JFK,NAP,"Naples, Italy",IT,2026-10-15,1,https://www.aviasales.com/search/JFK1510NAP1?marker=741311
291,223,USD,ORD,PIA,"Peoria, United States",US,2026-10-13,1,https://www.aviasales.com/search/ORD1310PIA1?marker=741311
292,224,USD,JFK,NCE,"Nice, France",FR,2026-10-23,1,https://www.aviasales.com/search/JFK2310NCE1?marker=741311
293,224,USD,SAN,CEC,"Crescent City, United States",US,2026-10-10,1,https://www.aviasales.com/search/SAN1010CEC1?marker=741311
294,226,USD,ORD,CMX,"Hancock, United States",US,2026-10-05,0,https://www.aviasales.com/search/ORD0510CMX1?marker=741311
295,227,USD,TPA,TAP,"Tapachula, Mexico",MX,2026-10-13,2,https://www.aviasales.com/search/TPA1310TAP1?marker=741311
296,227,USD,ORD,MLB,"Melbourne, United States",US,2026-12-22,1,https://www.aviasales.com/search/ORD2212MLB1?marker=741311
297,228,USD,JFK,POS,"Port Of Spain, Trinidad and Tobago",TT,2026-10-24,2,https://www.aviasales.com/search/JFK2410POS1?marker=741311
298,228,USD,DEN,RAP,"Rapid City, United States",US,2026-10-10,1,https://www.aviasales.com/search/DEN1010RAP1?marker=741311
299,229,USD,JFK,VIE,"Vienna, Austria",AT,2026-10-23,1,https://www.aviasales.com/search/JFK2310VIE1?marker=741311
300,230,USD,JFK,EDI,"Edinburgh, United Kingdom",GB,2026-10-14,0,https://www.aviasales.com/search/JFK1410EDI1?marker=741311
301,231,USD,MCO,WAW,"Warsaw, Poland",PL,2026-10-07,2,https://www.aviasales.com/search/MCO0710WAW1?marker=741311
302,231,USD,LAX,PRC,"Prescott, United States",US,2026-10-08,0,https://www.aviasales.com/search/LAX0810PRC1?marker=741311
303,231,USD,MSP,ICT,"Wichita, United States",US,2026-10-09,1,https://www.aviasales.com/search/MSP0910ICT1?marker=741311
304,233,USD,DFW,MFE,"McAllen, United States",US,2026-12-15,0,https://www.aviasales.com/search/DFW1512MFE1?marker=741311
305,233,USD,BNA,AVP,"Wilkes-Barre, United States",US,2026-10-14,1,https://www.aviasales.com/search/BNA1410AVP1?marker=741311
306,234,USD,LAX,MID,"Merida, Mexico",MX,2026-11-11,1,https://www.aviasales.com/search/LAX1111MID1?marker=741311
307,235,USD,DCA,YQR,"Regina, Canada",CA,2026-11-21,2,https://www.aviasales.com/search/DCA2111YQR1?marker=741311
308,236,USD,IAH,ABI,"Abilene, United States",US,2026-10-08,1,https://www.aviasales.com/search/IAH0810ABI1?marker=741311
309,237,USD,SFO,TYO,"Tokyo, Japan",JP,2027-03-16,0,https://www.aviasales.com/search/SFO1603TYO1?marker=741311
310,237,USD,LAX,SGU,"Saint George, United States",US,2026-10-08,0,https://www.aviasales.com/search/LAX0810SGU1?marker=741311
311,237,USD,IAH,CUL,"Culiacan, Mexico",MX,2026-10-08,2,https://www.aviasales.com/search/IAH0810CUL1?marker=741311
312,238,USD,JFK,BRU,"Brussels, Belgium",BE,2026-10-20,1,https://www.aviasales.com/search/JFK2010BRU1?marker=741311
313,238,USD,SLC,TWF,"Twin Falls, United States",US,2026-10-11,1,https://www.aviasales.com/search/SLC1110TWF1?marker=741311
314,238,USD,LAX,MAM,"Matamoros, Mexico",MX,2026-10-08,2,https://www.aviasales.com/search/LAX0810MAM1?marker=741311
315,239,USD,SFO,SGN,"Ho Chi Minh City, Vietnam",VN,2026-10-21,1,https://www.aviasales.com/search/SFO2110SGN1?marker=741311
316,239,USD,LAX,OSA,"Osaka, Japan",JP,2027-03-15,1,https://www.aviasales.com/search/LAX1503OSA1?marker=741311
317,239,USD,JFK,TAB,"Tobago, Trinidad and Tobago",TT,2026-10-16,1,https://www.aviasales.com/search/JFK1610TAB1?marker=741311
318,239,USD,SEA,YYJ,"Victoria, Canada",CA,2026-10-11,2,https://www.aviasales.com/search/SEA1110YYJ1?marker=741311
319,240,USD,ORD,GRI,"Grand Island, United States",US,2026-10-14,2,https://www.aviasales.com/search/ORD1410GRI1?marker=741311
320,240,USD,DEN,TEX,"Telluride, United States",US,2026-10-11,0,https://www.aviasales.com/search/DEN1110TEX1?marker=741311
321,242,USD,JFK,KUT,"Kutaisi, Georgia",GE,2026-10-15,1,https://www.aviasales.com/search/JFK1510KUT1?marker=741311
322,243,USD,SFO,BKK,"Bangkok, Thailand",TH,2026-10-21,2,https://www.aviasales.com/search/SFO2110BKK1?marker=741311
323,244,USD,DCA,BUD,"Budapest, Hungary",HU,2026-10-28,2,https://www.aviasales.com/search/DCA2810BUD1?marker=741311
324,245,USD,RDU,MAN,"Manchester, United Kingdom",GB,2027-01-18,2,https://www.aviasales.com/search/RDU1801MAN1?marker=741311
325,246,USD,JFK,PRG,"Prague, Czech Republic",CZ,2026-10-23,1,https://www.aviasales.com/search/JFK2310PRG1?marker=741311
326,246,USD,JFK,EVN,"Yerevan, Armenia",AM,2026-10-13,1,https://www.aviasales.com/search/JFK1310EVN1?marker=741311
327,246,USD,SFO,DPS,"Denpasar (Bali), Indonesia",ID,2026-11-11,1,https://www.aviasales.com/search/SFO1111DPS1?marker=741311
328,246,USD,CLT,TAM,"Tampico, Mexico",MX,2026-12-09,1,https://www.aviasales.com/search/CLT0912TAM1?marker=741311
329,247,USD,JFK,BEG,"Belgrade, Serbia",RS,2026-10-18,1,https://www.aviasales.com/search/JFK1810BEG1?marker=741311
330,247,USD,MCO,IST,"Istanbul, Turkiye",TR,2026-10-07,1,https://www.aviasales.com/search/MCO0710IST1?marker=741311
331,247,USD,JFK,ALG,"Algiers, Algeria",DZ,2026-10-18,2,https://www.aviasales.com/search/JFK1810ALG1?marker=741311
332,249,USD,JFK,MVY,"Martha's Vineyard, United States",US,2026-10-11,0,https://www.aviasales.com/search/JFK1110MVY1?marker=741311
333,251,USD,SEA,RDM,"Redmond, United States",US,2026-10-11,0,https://www.aviasales.com/search/SEA1110RDM1?marker=741311
334,253,USD,JFK,MRS,"Marseille, France",FR,2026-10-14,2,https://www.aviasales.com/search/JFK1410MRS1?marker=741311
335,253,USD,JFK,LJU,"Ljubljana, Slovenia",SI,2026-10-11,1,https://www.aviasales.com/search/JFK1110LJU1?marker=741311
336,253,USD,SEA,YKM,"Yakima, United States",US,2026-10-10,0,https://www.aviasales.com/search/SEA1010YKM1?marker=741311
337,253,USD,FLL,BGA,"Bucaramanga, Colombia",CO,2027-01-18,1,https://www.aviasales.com/search/FLL1801BGA1?marker=741311
338,254,USD,FLL,GGG,"Longview, United States",US,2026-10-31,3,https://www.aviasales.com/search/FLL3110GGG1?marker=741311
339,254,USD,LAX,LRD,"Laredo, United States",US,2026-10-08,1,https://www.aviasales.com/search/LAX0810LRD1?marker=741311
340,255,USD,JFK,SLU,"Castries, Saint Lucia",LC,2026-10-06,1,https://www.aviasales.com/search/JFK0610SLU1?marker=741311
341,256,USD,MIA,SAO,"Sao Paulo, Brazil",BR,2027-02-25,1,https://www.aviasales.com/search/MIA2502SAO1?marker=741311
342,256,USD,DFW,CUU,"Chihuahua, Mexico",MX,2026-10-08,1,https://www.aviasales.com/search/DFW0810CUU1?marker=741311
343,257,USD,JFK,MUC,"Munich, Germany",DE,2026-10-14,1,https://www.aviasales.com/search/JFK1410MUC1?marker=741311
344,257,USD,ORD,GRB,"Green Bay, United States",US,2026-10-12,0,https://www.aviasales.com/search/ORD1210GRB1?marker=741311
345,258,USD,JFK,MAD,"Madrid, Spain",ES,2026-10-13,1,https://www.aviasales.com/search/JFK1310MAD1?marker=741311
346,258,USD,JFK,MSS,"Massena, United States",US,2026-10-12,1,https://www.aviasales.com/search/JFK1210MSS1?marker=741311
347,258,USD,LAX,YMM,"Fort McMurray, Canada",CA,2026-11-07,3,https://www.aviasales.com/search/LAX0711YMM1?marker=741311
348,258,USD,DEN,GCC,"Gillette, United States",US,2026-10-08,0,https://www.aviasales.com/search/DEN0810GCC1?marker=741311
349,259,USD,JFK,KRK,"Krakow, Poland",PL,2026-10-23,1,https://www.aviasales.com/search/JFK2310KRK1?marker=741311
350,259,USD,SAN,LTO,"Loreto, Mexico",MX,2026-10-30,2,https://www.aviasales.com/search/SAN3010LTO1?marker=741311
351,261,USD,IAD,IAG,"Niagara Falls, United States",US,2026-10-10,1,https://www.aviasales.com/search/IAD1010IAG1?marker=741311
352,261,USD,RDU,EWN,"New Bern, United States",US,2026-10-09,1,https://www.aviasales.com/search/RDU0910EWN1?marker=741311
353,262,USD,JFK,AMS,"Amsterdam, Netherlands",NL,2026-11-17,1,https://www.aviasales.com/search/JFK1711AMS1?marker=741311
354,262,USD,JFK,BER,"Berlin, Germany",DE,2026-10-13,1,https://www.aviasales.com/search/JFK1310BER1?marker=741311
355,264,USD,JFK,ALY,"Alexandria, Egypt",EG,2026-10-13,2,https://www.aviasales.com/search/JFK1310ALY1?marker=741311
356,264,USD,IAH,ALS,"Alamosa, United States",US,2026-10-12,1,https://www.aviasales.com/search/IAH1210ALS1?marker=741311
357,264,USD,LAX,PUB,"Pueblo, United States",US,2026-10-22,1,https://www.aviasales.com/search/LAX2210PUB1?marker=741311
358,265,USD,JFK,AYT,"Antalya, Turkiye",TR,2026-10-13,1,https://www.aviasales.com/search/JFK1310AYT1?marker=741311
359,266,USD,JFK,TCI,"Tenerife, Spain",ES,2026-10-11,1,https://www.aviasales.com/search/JFK1110TCI1?marker=741311
360,267,USD,ORD,DAY,"Dayton, United States",US,2026-10-10,0,https://www.aviasales.com/search/ORD1010DAY1?marker=741311
361,269,USD,BOS,GDN,"Gdansk, Poland",PL,2026-10-30,1,https://www.aviasales.com/search/BOS3010GDN1?marker=741311
362,270,USD,RDU,AUW,"Wausau, United States",US,2026-10-26,2,https://www.aviasales.com/search/RDU2610AUW1?marker=741311
363,270,USD,SAN,JNU,"Juneau, United States",US,2026-11-03,1,https://www.aviasales.com/search/SAN0311JNU1?marker=741311
364,271,USD,BOS,DUB,"Dublin, Ireland",IE,2026-10-16,0,https://www.aviasales.com/search/BOS1610DUB1?marker=741311
365,271,USD,PDX,FAI,"Fairbanks, United States",US,2026-10-06,1,https://www.aviasales.com/search/PDX0610FAI1?marker=741311
366,273,USD,JFK,RZE,"Rzeszow, Poland",PL,2026-10-22,1,https://www.aviasales.com/search/JFK2210RZE1?marker=741311
367,274,USD,TPA,GPT,"Gulfport, United States",US,2026-10-08,2,https://www.aviasales.com/search/TPA0810GPT1?marker=741311
368,274,USD,PHL,DAC,"Dhaka, Bangladesh",BD,2027-01-31,2,https://www.aviasales.com/search/PHL3101DAC1?marker=741311
369,275,USD,PHX,MTJ,"Montrose, United States",US,2026-10-13,1,https://www.aviasales.com/search/PHX1310MTJ1?marker=741311
370,276,USD,DCA,SCE,"State College, United States",US,2026-10-12,1,https://www.aviasales.com/search/DCA1210SCE1?marker=741311
371,277,USD,JFK,DXB,"Dubai, United Arab Emirates",AE,2026-10-12,1,https://www.aviasales.com/search/JFK1210DXB1?marker=741311
372,277,USD,JFK,SSH,"Sharm el Sheikh, Egypt",EG,2026-10-12,1,https://www.aviasales.com/search/JFK1210SSH1?marker=741311
373,277,USD,JFK,BFS,"Belfast, United Kingdom",GB,2026-10-14,1,https://www.aviasales.com/search/JFK1410BFS1?marker=741311
374,278,USD,BOS,IBZ,"Ibiza, Spain",ES,2026-10-14,2,https://www.aviasales.com/search/BOS1410IBZ1?marker=741311
375,278,USD,IAH,STX,"Saint Croix, U.S. Virgin Islands",VI,2026-12-28,1,https://www.aviasales.com/search/IAH2812STX1?marker=741311
376,278,USD,MCO,BRL,"Burlington, United States",US,2026-10-10,1,https://www.aviasales.com/search/MCO1010BRL1?marker=741311
377,279,USD,JFK,RAK,"Marrakech, Morocco",MA,2026-10-10,2,https://www.aviasales.com/search/JFK1010RAK1?marker=741311
378,279,USD,LAX,CSX,"Changsha, China",CN,2026-10-20,1,https://www.aviasales.com/search/LAX2010CSX1?marker=741311
379,281,USD,JFK,TIA,"Tirana, Albania",AL,2026-10-06,2,https://www.aviasales.com/search/JFK0610TIA1?marker=741311
380,281,USD,JFK,BAK,"Baku, Azerbaijan",AZ,2026-10-20,1,https://www.aviasales.com/search/JFK2010BAK1?marker=741311
381,281,USD,MIA,MGA,"Managua, Nicaragua",NI,2026-11-30,1,https://www.aviasales.com/search/MIA3011MGA1?marker=741311
382,282,USD,JFK,BHZ,"Belo Horizonte, Brazil",BR,2026-11-11,1,https://www.aviasales.com/search/JFK1111BHZ1?marker=741311
383,283,USD,JFK,LIS,"Lisbon, Portugal",PT,2026-10-17,1,https://www.aviasales.com/search/JFK1710LIS1?marker=741311
384,283,USD,SEA,YLW,"Kelowna, Canada",CA,2026-10-13,2,https://www.aviasales.com/search/SEA1310YLW1?marker=741311
385,284,USD,JFK,BHX,"Birmingham, United Kingdom",GB,2026-10-05,2,https://www.aviasales.com/search/JFK0510BHX1?marker=741311
386,284,USD,IAD,FNT,"Flint, United States",US,2026-11-24,2,https://www.aviasales.com/search/IAD2411FNT1?marker=741311
387,285,USD,JFK,GTF,"Great Falls, United States",US,2027-03-21,1,https://www.aviasales.com/search/JFK2103GTF1?marker=741311
388,286,USD,MIA,JUL,"Juliaca, Peru",PE,2026-11-29,2,https://www.aviasales.com/search/MIA2911JUL1?marker=741311
389,286,USD,JFK,TGD,"Podgorica, Montenegro",ME,2026-10-21,2,https://www.aviasales.com/search/JFK2110TGD1?marker=741311
390,287,USD,JFK,CAI,"Cairo, Egypt",EG,2026-10-20,1,https://www.aviasales.com/search/JFK2010CAI1?marker=741311
391,288,USD,IAD,HEL,"Helsinki, Finland",FI,2026-11-03,1,https://www.aviasales.com/search/IAD0311HEL1?marker=741311
392,289,USD,LAX,CEB,"Cebu City, Philippines",PH,2027-03-15,1,https://www.aviasales.com/search/LAX1503CEB1?marker=741311
393,289,USD,LAX,SUN,"Sun Valley, United States",US,2026-10-13,1,https://www.aviasales.com/search/LAX1310SUN1?marker=741311
394,291,USD,SLC,FOC,"Fuzhou, China",CN,2026-11-09,2,https://www.aviasales.com/search/SLC0911FOC1?marker=741311
395,292,USD,MIA,RIO,"Rio de Janeiro, Brazil",BR,2026-10-24,2,https://www.aviasales.com/search/MIA2410RIO1?marker=741311
396,292,USD,JFK,VNO,"Vilnius, Lithuania",LT,2026-10-17,1,https://www.aviasales.com/search/JFK1710VNO1?marker=741311
397,292,USD,SLC,WYS,"West Yellowstone, United States",US,2026-10-11,1,https://www.aviasales.com/search/SLC1110WYS1?marker=741311
398,294,USD,IAD,VLC,"Valencia, Spain",ES,2026-10-27,2,https://www.aviasales.com/search/IAD2710VLC1?marker=741311
399,294,USD,IAD,LYS,"Lyon, France",FR,2026-10-20,1,https://www.aviasales.com/search/IAD2010LYS1?marker=741311
400,295,USD,BOS,RAI,"Praia, Cape Verde",CV,2026-11-12,2,https://www.aviasales.com/search/BOS1211RAI1?marker=741311
401,295,USD,JFK,DUS,"Dusseldorf, Germany",DE,2026-10-16,1,https://www.aviasales.com/search/JFK1610DUS1?marker=741311
402,296,USD,JFK,CHO,"Charlottesville, United States",US,2026-10-14,1,https://www.aviasales.com/search/JFK1410CHO1?marker=741311
403,298,USD,JFK,BTS,"Bratislava, Slovakia",SK,2026-10-04,1,https://www.aviasales.com/search/JFK0410BTS1?marker=741311
404,298,USD,JFK,REU,"Reus, Spain",ES,2026-10-20,1,https://www.aviasales.com/search/JFK2010REU1?marker=741311
405,299,USD,IAD,BIL,"Billings, United States",US,2026-10-13,1,https://www.aviasales.com/search/IAD1310BIL1?marker=741311
406,299,USD,JFK,GVA,"Geneva, Switzerland",CH,2026-10-04,2,https://www.aviasales.com/search/JFK0410GVA1?marker=741311
407,301,USD,ORD,ALC,"Alicante, Spain",ES,2026-12-02,2,https://www.aviasales.com/search/ORD0212ALC1?marker=741311
408,302,USD,JFK,TBS,"Tbilisi, Georgia",GE,2026-10-15,1,https://www.aviasales.com/search/JFK1510TBS1?marker=741311
409,302,USD,FLL,PLS,"Providenciales, Turks and Caicos Islands",TC,2027-04-01,1,https://www.aviasales.com/search/FLL0104PLS1?marker=741311
410,302,USD,JFK,SKP,"Skopje, North Macedonia",MK,2026-10-06,1,https://www.aviasales.com/search/JFK0610SKP1?marker=741311
411,303,USD,LAX,CTM,"Chetumal, Mexico",MX,2026-10-22,1,https://www.aviasales.com/search/LAX2210CTM1?marker=741311
412,304,USD,BOS,ITH,"Ithaca, United States",US,2026-10-10,1,https://www.aviasales.com/search/BOS1010ITH1?marker=741311
413,304,USD,MIA,CMN,"Casablanca, Morocco",MA,2027-03-02,1,https://www.aviasales.com/search/MIA0203CMN1?marker=741311
414,304,USD,PHX,GCN,"Grand Canyon, United States",US,2026-10-13,0,https://www.aviasales.com/search/PHX1310GCN1?marker=741311
415,304,USD,JFK,KUN,"Kaunas, Lithuania",LT,2026-10-17,1,https://www.aviasales.com/search/JFK1710KUN1?marker=741311
416,305,USD,JFK,TUN,"Tunis, Tunisia",TN,2026-10-16,1,https://www.aviasales.com/search/JFK1610TUN1?marker=741311
417,306,USD,ATL,FAY,"Fayetteville, United States",US,2026-10-11,1,https://www.aviasales.com/search/ATL1110FAY1?marker=741311
418,307,USD,JFK,PDL,"Ponta Delgada, Portugal",PT,2026-10-05,1,https://www.aviasales.com/search/JFK0510PDL1?marker=741311
419,308,USD,DCA,GNV,"Gainesville, United States",US,2027-03-15,2,https://www.aviasales.com/search/DCA1503GNV1?marker=741311
420,308,USD,JFK,EIN,"Eindhoven, Netherlands",NL,2026-10-16,1,https://www.aviasales.com/search/JFK1610EIN1?marker=741311
421,309,USD,LAX,GJT,"Grand Junction, United States",US,2026-10-13,1,https://www.aviasales.com/search/LAX1310GJT1?marker=741311
422,311,USD,FLL,ORH,"Worcester, United States",US,2026-10-08,0,https://www.aviasales.com/search/FLL0810ORH1?marker=741311
423,312,USD,DCA,MOT,"Minot, United States",US,2026-10-08,2,https://www.aviasales.com/search/DCA0810MOT1?marker=741311
424,314,USD,ORD,AIA,"Alliance, United States",US,2026-10-11,1,https://www.aviasales.com/search/ORD1110AIA1?marker=741311
425,315,USD,MIA,BSB,"Brasilia, Brazil",BR,2026-11-23,1,https://www.aviasales.com/search/MIA2311BSB1?marker=741311
426,315,USD,DFW,LAR,"Laramie, United States",US,2026-10-14,1,https://www.aviasales.com/search/DFW1410LAR1?marker=741311
427,315,USD,SEA,CYS,"Cheyenne, United States",US,2026-10-14,2,https://www.aviasales.com/search/SEA1410CYS1?marker=741311
428,317,USD,JFK,DUJ,"Du Bois, United States",US,2026-10-08,2,https://www.aviasales.com/search/JFK0810DUJ1?marker=741311
429,318,USD,SFO,SIN,"Singapore, Singapore",SG,2026-11-27,0,https://www.aviasales.com/search/SFO2711SIN1?marker=741311
430,320,USD,MIA,SLA,"Salta, Argentina",AR,2026-11-03,2,https://www.aviasales.com/search/MIA0311SLA1?marker=741311
431,320,USD,MIA,OGL,"Georgetown, Guyana",GY,2026-10-16,1,https://www.aviasales.com/search/MIA1610OGL1?marker=741311
432,322,USD,BOS,FDF,"Fort-de-France, Martinique",MQ,2026-10-15,1,https://www.aviasales.com/search/BOS1510FDF1?marker=741311
433,322,USD,FLL,CUR,"Curacao, Curaçao",CW,2026-10-05,1,https://www.aviasales.com/search/FLL0510CUR1?marker=741311
434,322,USD,JFK,GLA,"Glasgow, United Kingdom",GB,2027-02-22,3,https://www.aviasales.com/search/JFK2202GLA1?marker=741311
435,323,USD,LAX,HKG,"Hong Kong, Hong Kong",HK,2026-11-10,1,https://www.aviasales.com/search/LAX1011HKG1?marker=741311
436,325,USD,IAD,MED,"Medina, Saudi Arabia",SA,2026-10-08,1,https://www.aviasales.com/search/IAD0810MED1?marker=741311
437,325,USD,JFK,PFO,"Paphos, Cyprus",CY,2026-10-07,2,https://www.aviasales.com/search/JFK0710PFO1?marker=741311
438,326,USD,JFK,AGP,"Malaga, Spain",ES,2026-10-07,1,https://www.aviasales.com/search/JFK0710AGP1?marker=741311
439,326,USD,DFW,CNM,"Carlsbad, United States",US,2026-10-12,1,https://www.aviasales.com/search/DFW1210CNM1?marker=741311
440,327,USD,ATL,AUG,"Augusta, United States",US,2026-10-10,1,https://www.aviasales.com/search/ATL1010AUG1?marker=741311
441,327,USD,JFK,BOM,"Mumbai, India",IN,2027-03-30,1,https://www.aviasales.com/search/JFK3003BOM1?marker=741311
442,327,USD,SFO,CRP,"Corpus Christi, United States",US,2026-10-18,1,https://www.aviasales.com/search/SFO1810CRP1?marker=741311
443,327,USD,JFK,WRO,"Wroclaw, Poland",PL,2026-11-09,1,https://www.aviasales.com/search/JFK0911WRO1?marker=741311
444,328,USD,MCO,DBV,"Dubrovnik, Croatia",HR,2026-10-09,1,https://www.aviasales.com/search/MCO0910DBV1?marker=741311
445,328,USD,JFK,CGN,"Cologne, Germany",DE,2026-12-10,1,https://www.aviasales.com/search/JFK1012CGN1?marker=741311
446,329,USD,JFK,SZG,"Salzburg, Austria",AT,2026-10-18,2,https://www.aviasales.com/search/JFK1810SZG1?marker=741311
447,329,USD,FLL,SPI,"Springfield, United States",US,2026-10-15,2,https://www.aviasales.com/search/FLL1510SPI1?marker=741311
448,330,USD,SFO,PPT,"Papeete, French Polynesia",PF,2027-01-13,0,https://www.aviasales.com/search/SFO1301PPT1?marker=741311
449,330,USD,JFK,UBS,"Columbus, United States",US,2026-10-14,1,https://www.aviasales.com/search/JFK1410UBS1?marker=741311
450,331,USD,MIA,GYN,"Goiania, Brazil",BR,2026-11-13,2,https://www.aviasales.com/search/MIA1311GYN1?marker=741311
451,331,USD,ORD,STC,"Saint Cloud, United States",US,2026-10-09,1,https://www.aviasales.com/search/ORD0910STC1?marker=741311
452,331,USD,PHX,EGE,"Vail, United States",US,2026-10-10,1,https://www.aviasales.com/search/PHX1010EGE1?marker=741311
453,332,USD,MIA,XPL,"Comayagua, Honduras",HN,2026-11-30,0,https://www.aviasales.com/search/MIA3011XPL1?marker=741311
454,332,USD,LAX,OPO,"Porto, Portugal",PT,2026-11-10,2,https://www.aviasales.com/search/LAX1011OPO1?marker=741311
455,332,USD,JFK,CFU,"Kerkyra, Greece",GR,2026-10-08,1,https://www.aviasales.com/search/JFK0810CFU1?marker=741311
456,333,USD,BOS,ITO,"Hilo, United States",US,2026-11-10,2,https://www.aviasales.com/search/BOS1011ITO1?marker=741311
457,333,USD,MIA,GND,"St. George's, Grenada",GD,2026-12-10,1,https://www.aviasales.com/search/MIA1012GND1?marker=741311
458,333,USD,JFK,TLL,"Tallinn, Estonia",EE,2027-01-03,1,https://www.aviasales.com/search/JFK0301TLL1?marker=741311
459,334,USD,JFK,HYA,"Hyannis, United States",US,2026-10-08,1,https://www.aviasales.com/search/JFK0810HYA1?marker=741311
460,335,USD,MIA,PMV,"Porlamar, Venezuela",VE,2027-01-18,1,https://www.aviasales.com/search/MIA1801PMV1?marker=741311
461,335,USD,JFK,ZRH,"Zurich, Switzerland",CH,2026-12-02,1,https://www.aviasales.com/search/JFK0212ZRH1?marker=741311
462,335,USD,JFK,LMM,"Los Mochis, Mexico",MX,2026-10-08,2,https://www.aviasales.com/search/JFK0810LMM1?marker=741311
463,336,USD,JFK,ANK,"Ankara, Turkiye",TR,2026-10-21,2,https://www.aviasales.com/search/JFK2110ANK1?marker=741311
464,336,USD,JFK,JED,"Jeddah, Saudi Arabia",SA,2027-02-16,1,https://www.aviasales.com/search/JFK1602JED1?marker=741311
465,336,USD,ORD,TOL,"Toledo, United States",US,2026-10-10,2,https://www.aviasales.com/search/ORD1010TOL1?marker=741311
466,336,USD,JFK,TRN,"Turin, Italy",IT,2026-10-09,2,https://www.aviasales.com/search/JFK0910TRN1?marker=741311
467,337,USD,PHL,HAJ,"Hannover, Germany",DE,2027-01-03,1,https://www.aviasales.com/search/PHL0301HAJ1?marker=741311
468,337,USD,ORD,AZO,"Kalamazoo, United States",US,2026-10-15,0,https://www.aviasales.com/search/ORD1510AZO1?marker=741311
469,338,USD,JFK,IZM,"Izmir, Turkiye",TR,2026-10-15,1,https://www.aviasales.com/search/JFK1510IZM1?marker=741311
470,338,USD,DEN,DRO,"Durango, United States",US,2026-10-10,0,https://www.aviasales.com/search/DEN1010DRO1?marker=741311
471,338,USD,LAS,MKL,"Jackson, United States",US,2026-10-10,2,https://www.aviasales.com/search/LAS1010MKL1?marker=741311
472,339,USD,JFK,RIX,"Riga, Latvia",LV,2026-11-08,2,https://www.aviasales.com/search/JFK0811RIX1?marker=741311
473,339,USD,LAX,CPH,"Copenhagen, Denmark",DK,2027-02-01,1,https://www.aviasales.com/search/LAX0102CPH1?marker=741311
474,339,USD,ORD,DLH,"Duluth, United States",US,2026-10-14,0,https://www.aviasales.com/search/ORD1410DLH1?marker=741311
475,339,USD,MCO,COU,"Columbia, United States",US,2026-10-10,2,https://www.aviasales.com/search/MCO1010COU1?marker=741311
476,340,USD,JFK,BAY,"Baia Mare, Romania",RO,2026-10-11,2,https://www.aviasales.com/search/JFK1110BAY1?marker=741311
477,340,USD,PHX,OGD,"Ogden, United States",US,2026-10-07,2,https://www.aviasales.com/search/PHX0710OGD1?marker=741311
478,341,USD,DCA,BIS,"Bismarck, United States",US,2026-10-08,2,https://www.aviasales.com/search/DCA0810BIS1?marker=741311
479,342,USD,MIA,CCS,"Caracas, Venezuela",VE,2026-11-03,3,https://www.aviasales.com/search/MIA0311CCS1?marker=741311
480,342,USD,MIA,MVD,"Montevideo, Uruguay",UY,2027-01-07,1,https://www.aviasales.com/search/MIA0701MVD1?marker=741311
481,342,USD,MIA,IQT,"Iquitos, Peru",PE,2026-12-13,2,https://www.aviasales.com/search/MIA1312IQT1?marker=741311
482,342,USD,JFK,DOH,"Doha, Qatar",QA,2027-02-09,1,https://www.aviasales.com/search/JFK0902DOH1?marker=741311
483,342,USD,JFK,RUH,"Riyadh, Saudi Arabia",SA,2027-02-15,1,https://www.aviasales.com/search/JFK1502RUH1?marker=741311
484,343,USD,PHX,CVN,"Clovis, United States",US,2026-10-08,1,https://www.aviasales.com/search/PHX0810CVN1?marker=741311
485,344,USD,BOS,SCV,"Suceava, Romania",RO,2026-11-24,2,https://www.aviasales.com/search/BOS2411SCV1?marker=741311
486,344,USD,ORD,BZE,"Belize City, Belize",BZ,2026-11-16,2,https://www.aviasales.com/search/ORD1611BZE1?marker=741311
487,344,USD,BNA,PAH,"Paducah, United States",US,2026-10-13,1,https://www.aviasales.com/search/BNA1310PAH1?marker=741311
488,345,USD,JFK,GZP,"Alanya, Turkiye",TR,2026-10-13,2,https://www.aviasales.com/search/JFK1310GZP1?marker=741311
489,345,USD,JFK,TIV,"Tivat, Montenegro",ME,2026-10-11,1,https://www.aviasales.com/search/JFK1110TIV1?marker=741311
490,346,USD,JFK,HYD,"Hyderabad, India",IN,2026-10-12,1,https://www.aviasales.com/search/JFK1210HYD1?marker=741311
491,346,USD,LAX,BIH,"Bishop, United States",US,2026-10-09,1,https://www.aviasales.com/search/LAX0910BIH1?marker=741311
492,347,USD,IAD,AOO,"Altoona, United States",US,2026-10-14,2,https://www.aviasales.com/search/IAD1410AOO1?marker=741311
493,349,USD,DFW,SLN,"Salina, United States",US,2026-10-10,1,https://www.aviasales.com/search/DFW1010SLN1?marker=741311
494,350,USD,ORD,MFM,"Macau, Macau",MO,2026-10-21,2,https://www.aviasales.com/search/ORD2110MFM1?marker=741311
495,351,USD,JFK,BIO,"Bilbao, Spain",ES,2027-02-02,2,https://www.aviasales.com/search/JFK0202BIO1?marker=741311
496,351,USD,MIA,PTP,"Pointe-a-pitre, Guadeloupe",GP,2026-12-16,0,https://www.aviasales.com/search/MIA1612PTP1?marker=741311
497,352,USD,PHL,YQB,"Quebec, Canada",CA,2026-11-26,2,https://www.aviasales.com/search/PHL2611YQB1?marker=741311
498,352,USD,JFK,ACK,"Nantucket, United States",US,2026-11-15,1,https://www.aviasales.com/search/JFK1511ACK1?marker=741311
499,354,USD,JFK,CLJ,"Cluj-Napoca, Romania",RO,2026-11-08,2,https://www.aviasales.com/search/JFK0811CLJ1?marker=741311
500,355,USD,JFK,SKG,"Thessaloniki, Greece",GR,2026-10-08,1,https://www.aviasales.com/search/JFK0810SKG1?marker=741311
501,355,USD,ORD,JBR,"Jonesboro, United States",US,2026-10-12,2,https://www.aviasales.com/search/ORD1210JBR1?marker=741311
502,356,USD,BOS,REK,"Reykjavik, Iceland",IS,2027-03-01,0,https://www.aviasales.com/search/BOS0103REK1?marker=741311
503,356,USD,LAX,NKG,"Nanjing, China",CN,2026-11-01,1,https://www.aviasales.com/search/LAX0111NKG1?marker=741311
504,356,USD,LAX,ORK,"Cork, Ireland",IE,2026-12-10,2,https://www.aviasales.com/search/LAX1012ORK1?marker=741311
505,357,USD,MIA,SCU,"Santiago, Cuba",CU,2027-03-15,0,https://www.aviasales.com/search/MIA1503SCU1?marker=741311
506,357,USD,FLL,CAP,"Cap Haitien, Haiti",HT,2026-10-22,0,https://www.aviasales.com/search/FLL2210CAP1?marker=741311
507,358,USD,SFO,LPB,"La Paz, Bolivia",BO,2026-11-14,2,https://www.aviasales.com/search/SFO1411LPB1?marker=741311
508,359,USD,IAD,ECN,"Ercan, Northern Cyprus",NY,2027-01-04,3,https://www.aviasales.com/search/IAD0401ECN1?marker=741311
509,359,USD,ORD,BTM,"Butte, United States",US,2026-10-13,1,https://www.aviasales.com/search/ORD1310BTM1?marker=741311
510,359,USD,JFK,PMI,"Palma, Spain",ES,2027-02-01,2,https://www.aviasales.com/search/JFK0102PMI1?marker=741311
511,359,USD,PDX,YWG,"Winnipeg, Canada",CA,2026-10-10,2,https://www.aviasales.com/search/PDX1010YWG1?marker=741311
512,360,USD,ORD,ZCL,"Zacatecas, Mexico",MX,2026-12-27,1,https://www.aviasales.com/search/ORD2712ZCL1?marker=741311
513,361,USD,LAX,HAN,"Hanoi, Vietnam",VN,2027-01-22,1,https://www.aviasales.com/search/LAX2201HAN1?marker=741311
514,361,USD,MCO,HTS,"Huntington, United States",US,2026-10-08,2,https://www.aviasales.com/search/MCO0810HTS1?marker=741311
515,362,USD,MCO,MGF,"Maringa, Brazil",BR,2026-10-15,1,https://www.aviasales.com/search/MCO1510MGF1?marker=741311
516,363,USD,LAX,BJS,"Beijing, China",CN,2026-11-03,1,https://www.aviasales.com/search/LAX0311BJS1?marker=741311
517,366,USD,JFK,NBO,"Nairobi, Kenya",KE,2026-11-01,1,https://www.aviasales.com/search/JFK0111NBO1?marker=741311
518,366,USD,LAX,SJW,"Shijiazhuang, China",CN,2026-11-17,2,https://www.aviasales.com/search/LAX1711SJW1?marker=741311
519,367,USD,MIA,HAM,"Hamburg, Germany",DE,2026-12-31,1,https://www.aviasales.com/search/MIA3112HAM1?marker=741311
520,367,USD,CLT,EAU,"Eau Claire, United States",US,2026-10-08,2,https://www.aviasales.com/search/CLT0810EAU1?marker=741311
521,368,USD,MIA,ASU,"Asuncion, Paraguay",PY,2026-10-31,3,https://www.aviasales.com/search/MIA3110ASU1?marker=741311
522,369,USD,JFK,HKT,"Phuket, Thailand",TH,2026-10-27,1,https://www.aviasales.com/search/JFK2710HKT1?marker=741311
523,369,USD,LAX,XMN,"Xiamen, China",CN,2026-10-27,1,https://www.aviasales.com/search/LAX2710XMN1?marker=741311
524,369,USD,FLL,BLQ,"Bologna, Italy",IT,2026-10-21,2,https://www.aviasales.com/search/FLL2110BLQ1?marker=741311
525,371,USD,JFK,COV,"Mersin, Turkiye",TR,2026-10-17,3,https://www.aviasales.com/search/JFK1710COV1?marker=741311
526,371,USD,JFK,ORN,"Oran, Algeria",DZ,2027-01-12,2,https://www.aviasales.com/search/JFK1201ORN1?marker=741311
527,372,USD,JFK,DEL,"New Delhi, India",IN,2027-01-06,1,https://www.aviasales.com/search/JFK0601DEL1?marker=741311
528,374,USD,DFW,JLN,"Joplin, United States",US,2026-10-09,1,https://www.aviasales.com/search/DFW0910JLN1?marker=741311
529,375,USD,FLL,YXU,"London, Canada",CA,2026-10-08,2,https://www.aviasales.com/search/FLL0810YXU1?marker=741311
530,376,USD,JFK,SHJ,"Sharjah, United Arab Emirates",AE,2026-10-18,1,https://www.aviasales.com/search/JFK1810SHJ1?marker=741311
531,376,USD,DFW,LUL,"Laurel, United States",US,2026-10-10,1,https://www.aviasales.com/search/DFW1010LUL1?marker=741311
532,377,USD,BNA,ACT,"Waco, United States",US,2026-10-13,1,https://www.aviasales.com/search/BNA1310ACT1?marker=741311
533,377,USD,PDX,SVC,"Silver City, United States",US,2026-10-05,2,https://www.aviasales.com/search/PDX0510SVC1?marker=741311
534,378,USD,SEA,AGB,"Augsburg, Germany",DE,2027-01-25,1,https://www.aviasales.com/search/SEA2501AGB1?marker=741311
535,381,USD,JFK,FUE,"Puerto del Rosario, Spain",ES,2026-11-16,1,https://www.aviasales.com/search/JFK1611FUE1?marker=741311
536,383,USD,MIA,AXA,"Anguilla, Anguilla",AI,2027-01-07,0,https://www.aviasales.com/search/MIA0701AXA1?marker=741311
537,384,USD,JFK,ELM,"Elmira, United States",US,2026-10-10,1,https://www.aviasales.com/search/JFK1010ELM1?marker=741311
538,385,USD,SEA,TPE,"Taipei, Taiwan",TW,2027-02-27,1,https://www.aviasales.com/search/SEA2702TPE1?marker=741311
539,387,USD,JFK,BSZ,"Bishkek, Kyrgyzstan",KG,2027-02-20,3,https://www.aviasales.com/search/JFK2002BSZ1?marker=741311
540,389,USD,JFK,GNJ,"Ganja, Azerbaijan",AZ,2026-10-18,2,https://www.aviasales.com/search/JFK1810GNJ1?marker=741311
541,390,USD,MIA,MDZ,"Mendoza, Argentina",AR,2026-10-18,1,https://www.aviasales.com/search/MIA1810MDZ1?marker=741311
542,391,USD,LAS,TYR,"Tyler, United States",US,2026-10-10,1,https://www.aviasales.com/search/LAS1010TYR1?marker=741311
543,392,USD,LAX,CAN,"Guangzhou, China",CN,2026-11-01,1,https://www.aviasales.com/search/LAX0111CAN1?marker=741311
544,392,USD,LAX,SHA,"Shanghai, China",CN,2026-11-03,1,https://www.aviasales.com/search/LAX0311SHA1?marker=741311
545,394,USD,JFK,ISB,"Islamabad, Pakistan",PK,2026-10-31,1,https://www.aviasales.com/search/JFK3110ISB1?marker=741311
546,394,USD,LAX,WUH,"Wuhan, China",CN,2026-11-01,1,https://www.aviasales.com/search/LAX0111WUH1?marker=741311
547,395,USD,MCO,FLN,"Florianopolis, Brazil",BR,2026-10-30,2,https://www.aviasales.com/search/MCO3010FLN1?marker=741311
548,395,USD,JFK,BRI,"Bari, Italy",IT,2027-03-28,2,https://www.aviasales.com/search/JFK2803BRI1?marker=741311
549,395,USD,LAX,BPT,"Beaumont, United States",US,2026-10-08,1,https://www.aviasales.com/search/LAX0810BPT1?marker=741311
550,396,USD,MIA,PMF,"Parma, Italy",IT,2026-11-25,3,https://www.aviasales.com/search/MIA2511PMF1?marker=741311
551,396,USD,MCO,HHH,"Hilton Head, United States",US,2026-10-12,1,https://www.aviasales.com/search/MCO1210HHH1?marker=741311
552,397,USD,JFK,ALA,"Almaty, Kazakhstan",KZ,2026-12-01,2,https://www.aviasales.com/search/JFK0112ALA1?marker=741311
553,397,USD,ORD,VAR,"Varna, Bulgaria",BG,2026-10-22,2,https://www.aviasales.com/search/ORD2210VAR1?marker=741311
554,398,USD,JFK,KUL,"Kuala Lumpur, Malaysia",MY,2027-01-16,1,https://www.aviasales.com/search/JFK1601KUL1?marker=741311
555,398,USD,MIA,BON,"Kralendijk, Caribbean Netherlands",BQ,2027-01-18,0,https://www.aviasales.com/search/MIA1801BON1?marker=741311
556,400,USD,BOS,CUZ,"Cusco, Peru",PE,2026-10-05,2,https://www.aviasales.com/search/BOS0510CUZ1?marker=741311
557,403,USD,JFK,AER,"Adler/Sochi, Russia",RU,2026-10-13,3,https://www.aviasales.com/search/JFK1310AER1?marker=741311
558,403,USD,MIA,OAJ,"Jacksonville, United States",US,2026-10-09,2,https://www.aviasales.com/search/MIA0910OAJ1?marker=741311
559,404,USD,BOS,GCI,"Guernsey, Guernsey",GG,2026-10-18,2,https://www.aviasales.com/search/BOS1810GCI1?marker=741311
560,404,USD,RDU,FLO,"Florence, United States",US,2026-10-10,1,https://www.aviasales.com/search/RDU1010FLO1?marker=741311
561,405,USD,JFK,BAH,"Manama, Bahrain",BH,2026-10-14,1,https://www.aviasales.com/search/JFK1410BAH1?marker=741311
562,406,USD,SEA,HRG,"Hurghada, Egypt",EG,2026-10-29,3,https://www.aviasales.com/search/SEA2910HRG1?marker=741311
563,406,USD,JFK,AUH,"Abu Dhabi, United Arab Emirates",AE,2026-10-18,1,https://www.aviasales.com/search/JFK1810AUH1?marker=741311
564,407,USD,RDU,ART,"Watertown, United States",US,2026-10-13,2,https://www.aviasales.com/search/RDU1310ART1?marker=741311
565,407,USD,LAX,AKL,"Auckland, New Zealand",NZ,2026-10-20,1,https://www.aviasales.com/search/LAX2010AKL1?marker=741311
566,407,USD,JFK,PNH,"Phnom Penh, Cambodia",KH,2026-11-08,2,https://www.aviasales.com/search/JFK0811PNH1?marker=741311
567,408,USD,ORD,LAN,"Lansing, United States",US,2026-10-10,0,https://www.aviasales.com/search/ORD1010LAN1?marker=741311
568,410,USD,ATL,PHF,"Newport News, United States",US,2026-10-09,1,https://www.aviasales.com/search/ATL0910PHF1?marker=741311
569,410,USD,LAX,CTU,"Chengdu, China",CN,2026-11-22,0,https://www.aviasales.com/search/LAX2211CTU1?marker=741311
570,411,USD,JFK,BUS,"Batumi, Georgia",GE,2026-10-10,2,https://www.aviasales.com/search/JFK1010BUS1?marker=741311
571,411,USD,JFK,TNG,"Tangier, Morocco",MA,2026-10-05,2,https://www.aviasales.com/search/JFK0510TNG1?marker=741311
572,411,USD,TPA,MCK,"McCook, United States",US,2026-10-06,2,https://www.aviasales.com/search/TPA0610MCK1?marker=741311
573,415,USD,IAD,YYG,"Charlottetown, Canada",CA,2026-10-10,1,https://www.aviasales.com/search/IAD1010YYG1?marker=741311
574,416,USD,LAX,DAD,"Da Nang, Vietnam",VN,2026-11-27,2,https://www.aviasales.com/search/LAX2711DAD1?marker=741311
575,416,USD,DTW,DVL,"Devils Lake, United States",US,2026-10-09,1,https://www.aviasales.com/search/DTW0910DVL1?marker=741311
576,416,USD,LAS,OTH,"North Bend, United States",US,2026-10-08,1,https://www.aviasales.com/search/LAS0810OTH1?marker=741311
577,417,USD,ORD,RST,"Rochester, United States",US,2026-10-10,0,https://www.aviasales.com/search/ORD1010RST1?marker=741311
578,417,USD,LAX,PQM,"Palenque, Mexico",MX,2026-10-05,2,https://www.aviasales.com/search/LAX0510PQM1?marker=741311
579,418,USD,JFK,PSG,"Petersburg, United States",US,2026-11-01,1,https://www.aviasales.com/search/JFK0111PSG1?marker=741311
580,418,USD,LAX,HOB,"Hobbs, United States",US,2026-10-10,1,https://www.aviasales.com/search/LAX1010HOB1?marker=741311
581,418,USD,LAX,HRB,"Harbin, China",CN,2026-10-25,1,https://www.aviasales.com/search/LAX2510HRB1?marker=741311
582,419,USD,IAH,SJT,"San Angelo, United States",US,2026-10-12,1,https://www.aviasales.com/search/IAH1210SJT1?marker=741311
583,422,USD,BOS,ZAG,"Zagreb, Croatia",HR,2026-10-20,3,https://www.aviasales.com/search/BOS2010ZAG1?marker=741311
584,422,USD,ATL,YXX,"Abbotsford, Canada",CA,2026-10-07,1,https://www.aviasales.com/search/ATL0710YXX1?marker=741311
585,424,USD,BOS,PKB,"Parkersburg, United States",US,2026-10-08,3,https://www.aviasales.com/search/BOS0810PKB1?marker=741311
586,425,USD,LAX,LNS,"Lancaster, United States",US,2026-10-11,2,https://www.aviasales.com/search/LAX1110LNS1?marker=741311
587,426,USD,MIA,LUX,"Luxembourg, Luxembourg",LU,2026-12-29,2,https://www.aviasales.com/search/MIA2912LUX1?marker=741311
588,427,USD,FLL,MPL,"Montpellier, France",FR,2026-12-02,2,https://www.aviasales.com/search/FLL0212MPL1?marker=741311
589,428,USD,JFK,NQZ,"Astana, Kazakhstan",KZ,2026-10-15,2,https://www.aviasales.com/search/JFK1510NQZ1?marker=741311
590,428,USD,JFK,LHE,"Lahore, Pakistan",PK,2027-03-25,1,https://www.aviasales.com/search/JFK2503LHE1?marker=741311
591,429,USD,LAX,SYX,"Sanya, China",CN,2026-10-28,1,https://www.aviasales.com/search/LAX2810SYX1?marker=741311
592,430,USD,SFO,JKT,"Jakarta, Indonesia",ID,2026-10-05,1,https://www.aviasales.com/search/SFO0510JKT1?marker=741311
593,430,USD,PHL,SHD,"Staunton, United States",US,2026-10-09,2,https://www.aviasales.com/search/PHL0910SHD1?marker=741311
594,432,USD,BNA,TXK,"Texarkana, United States",US,2026-10-14,1,https://www.aviasales.com/search/BNA1410TXK1?marker=741311
595,432,USD,LAX,FLR,"Florence, Italy",IT,2026-10-26,2,https://www.aviasales.com/search/LAX2610FLR1?marker=741311
596,433,USD,BOS,TAS,"Tashkent, Uzbekistan",UZ,2026-10-18,2,https://www.aviasales.com/search/BOS1810TAS1?marker=741311
597,434,USD,JFK,LED,"Saint Petersburg, Russia",RU,2026-10-18,2,https://www.aviasales.com/search/JFK1810LED1?marker=741311
598,435,USD,LAX,NAN,"Nadi, Fiji",FJ,2026-11-10,0,https://www.aviasales.com/search/LAX1011NAN1?marker=741311
599,435,USD,JFK,MUX,"Multan, Pakistan",PK,2027-03-10,1,https://www.aviasales.com/search/JFK1003MUX1?marker=741311
600,436,USD,IAD,FNC,"Funchal, Portugal",PT,2026-11-02,3,https://www.aviasales.com/search/IAD0211FNC1?marker=741311
601,437,USD,MCO,NVT,"Navegantes, Brazil",BR,2026-10-12,2,https://www.aviasales.com/search/MCO1210NVT1?marker=741311
602,438,USD,DFW,CLL,"College Station, United States",US,2026-10-08,0,https://www.aviasales.com/search/DFW0810CLL1?marker=741311
603,439,USD,JFK,MRV,"Mineralnye Vody, Russia",RU,2026-10-18,2,https://www.aviasales.com/search/JFK1810MRV1?marker=741311
604,439,USD,PHL,OKA,"Okinawa, Japan",JP,2026-11-23,2,https://www.aviasales.com/search/PHL2311OKA1?marker=741311
605,439,USD,JFK,YFC,"Fredericton, Canada",CA,2026-10-10,2,https://www.aviasales.com/search/JFK1010YFC1?marker=741311
606,440,USD,PDX,YZF,"Yellowknife, Canada",CA,2026-10-08,1,https://www.aviasales.com/search/PDX0810YZF1?marker=741311
607,440,USD,PHX,TCO,"Tumaco, Colombia",CO,2026-10-30,3,https://www.aviasales.com/search/PHX3010TCO1?marker=741311
608,441,USD,SEA,YXC,"Cranbrook, Canada",CA,2026-10-12,1,https://www.aviasales.com/search/SEA1210YXC1?marker=741311
609,444,USD,SEA,LFT,"Lafayette, United States",US,2026-10-17,1,https://www.aviasales.com/search/SEA1710LFT1?marker=741311
610,445,USD,MIA,SBH,"Saint Barthelemy, Guadeloupe",GP,2027-01-08,1,https://www.aviasales.com/search/MIA0801SBH1?marker=741311
611,445,USD,ORD,SXB,"Strasbourg, France",FR,2026-12-24,1,https://www.aviasales.com/search/ORD2412SXB1?marker=741311
612,446,USD,BOS,LDB,"Londrina, Brazil",BR,2026-10-06,2,https://www.aviasales.com/search/BOS0610LDB1?marker=741311
613,446,USD,MIA,SIT,"Sitka, United States",US,2026-10-23,3,https://www.aviasales.com/search/MIA2310SIT1?marker=741311
614,447,USD,LAS,FSM,"Fort Smith, United States",US,2026-10-10,1,https://www.aviasales.com/search/LAS1010FSM1?marker=741311
615,447,USD,LAX,VRN,"Verona, Italy",IT,2026-10-30,3,https://www.aviasales.com/search/LAX3010VRN1?marker=741311
616,447,USD,PDX,RKD,"Rockland, United States",US,2026-10-12,2,https://www.aviasales.com/search/PDX1210RKD1?marker=741311
617,448,USD,MIA,RBA,"Rabat, Morocco",MA,2026-11-22,2,https://www.aviasales.com/search/MIA2211RBA1?marker=741311
618,450,USD,LAX,UBN,"Ulaanbaatar, Mongolia",MN,2026-10-27,1,https://www.aviasales.com/search/LAX2710UBN1?marker=741311
619,450,USD,DFW,HOG,"Holguin, Cuba",CU,2026-10-04,1,https://www.aviasales.com/search/DFW0410HOG1?marker=741311
620,452,USD,JFK,PGV,"Greenville, United States",US,2026-10-13,1,https://www.aviasales.com/search/JFK1310PGV1?marker=741311
621,453,USD,JFK,ABJ,"Abidjan, Ivory Coast",CI,2027-01-31,1,https://www.aviasales.com/search/JFK3101ABJ1?marker=741311
622,455,USD,LAX,USM,"Koh Samui, Thailand",TH,2026-11-29,2,https://www.aviasales.com/search/LAX2911USM1?marker=741311
623,455,USD,LAX,YCG,"Castlegar, Canada",CA,2026-10-09,2,https://www.aviasales.com/search/LAX0910YCG1?marker=741311
624,456,USD,IAH,ILE,"Killeen, United States",US,2026-10-08,1,https://www.aviasales.com/search/IAH0810ILE1?marker=741311
625,457,USD,SFO,BDS,"Brindisi, Italy",IT,2026-10-06,2,https://www.aviasales.com/search/SFO0610BDS1?marker=741311
626,459,USD,BOS,SID,"Sal, Cape Verde",CV,2027-01-18,1,https://www.aviasales.com/search/BOS1801SID1?marker=741311
627,459,USD,JFK,KRR,"Krasnodar, Russia",RU,2026-10-11,2,https://www.aviasales.com/search/JFK1110KRR1?marker=741311
628,459,USD,SFO,DRS,"Dresden, Germany",DE,2026-11-05,1,https://www.aviasales.com/search/SFO0511DRS1?marker=741311
629,460,USD,LAX,SYD,"Sydney, Australia",AU,2026-10-15,1,https://www.aviasales.com/search/LAX1510SYD1?marker=741311
630,461,USD,ORD,MOW,"Moscow, Russia",RU,2027-01-22,3,https://www.aviasales.com/search/ORD2201MOW1?marker=741311
631,461,USD,SEA,NHA,"Nha Trang, Vietnam",VN,2026-10-28,2,https://www.aviasales.com/search/SEA2810NHA1?marker=741311
632,463,USD,JFK,EWB,"New Bedford, United States",US,2026-10-09,2,https://www.aviasales.com/search/JFK0910EWB1?marker=741311
633,464,USD,SEA,YBL,"Campbell River, Canada",CA,2026-10-11,1,https://www.aviasales.com/search/SEA1110YBL1?marker=741311
634,466,USD,JFK,DTM,"Dortmund, Germany",DE,2026-10-27,2,https://www.aviasales.com/search/JFK2710DTM1?marker=741311
635,467,USD,MIA,BJV,"Bodrum, Turkiye",TR,2027-02-01,2,https://www.aviasales.com/search/MIA0102BJV1?marker=741311
636,467,USD,SFO,MLE,"Male, Maldives",MV,2027-02-15,1,https://www.aviasales.com/search/SFO1502MLE1?marker=741311
637,468,USD,JFK,OSS,"Osh, Kyrgyzstan",KG,2026-10-14,3,https://www.aviasales.com/search/JFK1410OSS1?marker=741311
638,468,USD,LAS,PLJ,"Placencia, Belize",BZ,2026-10-11,2,https://www.aviasales.com/search/LAS1110PLJ1?marker=741311
639,469,USD,ATL,PRN,"Pristina, Kosovo",XK,2026-12-30,3,https://www.aviasales.com/search/ATL3012PRN1?marker=741311
640,470,USD,SEA,PQC,"Phu Quoc, Vietnam",VN,2026-10-30,1,https://www.aviasales.com/search/SEA3010PQC1?marker=741311
641,470,USD,JFK,DLI,"Dalat, Vietnam",VN,2026-11-11,2,https://www.aviasales.com/search/JFK1111DLI1?marker=741311
642,471,USD,JFK,SPU,"Split, Croatia",HR,2027-01-03,2,https://www.aviasales.com/search/JFK0301SPU1?marker=741311
643,475,USD,PDX,YXS,"Prince George, Canada",CA,2026-10-13,2,https://www.aviasales.com/search/PDX1310YXS1?marker=741311
644,477,USD,MIA,CYA,"Les Cayes, Haiti",HT,2026-11-01,1,https://www.aviasales.com/search/MIA0111CYA1?marker=741311
645,477,USD,JFK,KBV,"Krabi, Thailand",TH,2026-10-19,2,https://www.aviasales.com/search/JFK1910KBV1?marker=741311
646,477,USD,LAX,NAV,"Nevsehir, Turkiye",TR,2027-01-12,2,https://www.aviasales.com/search/LAX1201NAV1?marker=741311
647,477,USD,SEA,YAZ,"Tofino, Canada",CA,2026-10-10,1,https://www.aviasales.com/search/SEA1010YAZ1?marker=741311
648,482,USD,MIA,SKB,"Basseterre, Saint Kitts and Nevis",KN,2027-01-07,0,https://www.aviasales.com/search/MIA0701SKB1?marker=741311
649,483,USD,DFW,MBS,"Saginaw, United States",US,2026-10-13,1,https://www.aviasales.com/search/DFW1310MBS1?marker=741311
650,486,USD,LAX,ROS,"Rosario, Argentina",AR,2026-10-20,2,https://www.aviasales.com/search/LAX2010ROS1?marker=741311
651,487,USD,IAH,DIK,"Dickinson, United States",US,2026-10-07,1,https://www.aviasales.com/search/IAH0710DIK1?marker=741311
652,488,USD,MIA,FOR,"Fortaleza, Brazil",BR,2026-10-23,1,https://www.aviasales.com/search/MIA2310FOR1?marker=741311
653,488,USD,JFK,CGO,"Zhengzhou, China",CN,2026-11-23,2,https://www.aviasales.com/search/JFK2311CGO1?marker=741311
654,489,USD,JFK,MCX,"Makhachkala, Russia",RU,2026-10-22,2,https://www.aviasales.com/search/JFK2210MCX1?marker=741311
655,489,USD,RDU,SWO,"Stillwater, United States",US,2026-10-08,1,https://www.aviasales.com/search/RDU0810SWO1?marker=741311
656,490,USD,ATL,KWI,"Kuwait City, Kuwait",KW,2026-10-14,1,https://www.aviasales.com/search/ATL1410KWI1?marker=741311
657,490,USD,FLL,NEV,"Nevis, Saint Kitts and Nevis",KN,2027-01-07,2,https://www.aviasales.com/search/FLL0701NEV1?marker=741311
658,490,USD,LAS,MKK,"Hoolehua, United States",US,2026-12-28,2,https://www.aviasales.com/search/LAS2812MKK1?marker=741311
659,492,USD,MCO,SOU,"Southampton, United Kingdom",GB,2027-03-21,2,https://www.aviasales.com/search/MCO2103SOU1?marker=741311
660,497,USD,JFK,MSQ,"Minsk, Belarus",BY,2026-10-18,3,https://www.aviasales.com/search/JFK1810MSQ1?marker=741311
661,500,USD,ORD,STR,"Stuttgart, Germany",DE,2026-12-14,2,https://www.aviasales.com/search/ORD1412STR1?marker=741311
662,500,USD,FLL,PAP,"Port-au-Prince, Haiti",HT,2026-10-22,1,https://www.aviasales.com/search/FLL2210PAP1?marker=741311
663,503,USD,JFK,KBL,"Kabul, Afghanistan",AF,2026-10-07,2,https://www.aviasales.com/search/JFK0710KBL1?marker=741311
664,504,USD,JFK,VRA,"Varadero, Cuba",CU,2027-02-06,1,https://www.aviasales.com/search/JFK0602VRA1?marker=741311
665,506,USD,SEA,SPK,"Sapporo, Japan",JP,2027-03-01,2,https://www.aviasales.com/search/SEA0103SPK1?marker=741311
666,507,USD,BOS,GUW,"Atyrau, Kazakhstan",KZ,2027-01-24,3,https://www.aviasales.com/search/BOS2401GUW1?marker=741311
667,507,USD,LAX,MEL,"Melbourne, Australia",AU,2027-01-19,1,https://www.aviasales.com/search/LAX1901MEL1?marker=741311
668,507,USD,IAD,ALO,"Waterloo, United States",US,2026-10-09,2,https://www.aviasales.com/search/IAD0910ALO1?marker=741311
669,511,USD,JFK,SKD,"Samarkand, Uzbekistan",UZ,2026-10-11,3,https://www.aviasales.com/search/JFK1110SKD1?marker=741311
670,511,USD,JFK,DYU,"Dushanbe, Tajikistan",TJ,2026-10-14,3,https://www.aviasales.com/search/JFK1410DYU1?marker=741311
671,512,USD,JFK,SVX,"Yekaterinburg, Russia",RU,2026-10-21,4,https://www.aviasales.com/search/JFK2110SVX1?marker=741311
672,512,USD,JFK,KTM,"Kathmandu, Nepal",NP,2026-10-22,3,https://www.aviasales.com/search/JFK2210KTM1?marker=741311
673,514,USD,JFK,KUF,"Samara, Russia",RU,2026-10-21,3,https://www.aviasales.com/search/JFK2110KUF1?marker=741311
674,514,USD,SEA,CMB,"Colombo, Sri Lanka",LK,2026-10-31,2,https://www.aviasales.com/search/SEA3110CMB1?marker=741311
675,514,USD,DFW,CKG,"Chongqing, China",CN,2026-11-30,1,https://www.aviasales.com/search/DFW3011CKG1?marker=741311
676,514,USD,DCA,MPH,"Caticlan, Philippines",PH,2026-11-14,2,https://www.aviasales.com/search/DCA1411MPH1?marker=741311
677,515,USD,MSP,ADD,"Addis Ababa, Ethiopia",ET,2027-01-05,1,https://www.aviasales.com/search/MSP0501ADD1?marker=741311
678,517,USD,LAX,BNE,"Brisbane, Australia",AU,2027-01-11,1,https://www.aviasales.com/search/LAX1101BNE1?marker=741311
679,519,USD,BNA,CIT,"Shymkent, Kazakhstan",KZ,2027-01-20,3,https://www.aviasales.com/search/BNA2001CIT1?marker=741311
680,520,USD,BOS,VAN,"Van, Turkiye",TR,2026-10-05,4,https://www.aviasales.com/search/BOS0510VAN1?marker=741311
681,523,USD,LAX,VVO,"Vladivostok, Russia",RU,2026-11-06,2,https://www.aviasales.com/search/LAX0611VVO1?marker=741311
682,523,USD,LAS,MEI,"Meridian, United States",US,2026-10-10,1,https://www.aviasales.com/search/LAS1010MEI1?marker=741311
683,523,USD,LAS,EAP,"Basel, Switzerland",CH,2026-11-20,3,https://www.aviasales.com/search/LAS2011EAP1?marker=741311
684,523,USD,LAX,LGG,"Liege, Belgium",BE,2026-10-29,2,https://www.aviasales.com/search/LAX2910LGG1?marker=741311
685,523,USD,SFO,VTE,"Vientiane, Laos",LA,2026-12-01,2,https://www.aviasales.com/search/SFO0112VTE1?marker=741311
686,524,USD,DFW,URA,"Oral, Kazakhstan",KZ,2026-11-07,4,https://www.aviasales.com/search/DFW0711URA1?marker=741311
687,526,USD,IAD,KZN,"Kazan, Russia",RU,2026-12-06,4,https://www.aviasales.com/search/IAD0612KZN1?marker=741311
688,527,USD,JFK,CCU,"Kolkata, India",IN,2026-10-06,2,https://www.aviasales.com/search/JFK0610CCU1?marker=741311
689,529,USD,JFK,UFA,"Ufa, Russia",RU,2026-10-13,3,https://www.aviasales.com/search/JFK1310UFA1?marker=741311
690,529,USD,ORD,YQT,"Thunder Bay, Canada",CA,2026-10-13,1,https://www.aviasales.com/search/ORD1310YQT1?marker=741311
691,529,USD,IAD,RKS,"Rock Springs, United States",US,2026-10-10,1,https://www.aviasales.com/search/IAD1010RKS1?marker=741311
692,530,USD,DTW,BGW,"Baghdad, Iraq",IQ,2027-01-20,1,https://www.aviasales.com/search/DTW2001BGW1?marker=741311
693,530,USD,JFK,OGZ,"Vladikavkaz, Russia",RU,2026-10-07,3,https://www.aviasales.com/search/JFK0710OGZ1?marker=741311
694,531,USD,FLL,ACE,"Arrecife, Spain",ES,2026-11-20,3,https://www.aviasales.com/search/FLL2011ACE1?marker=741311
695,531,USD,JFK,JAI,"Jaipur, India",IN,2026-11-06,1,https://www.aviasales.com/search/JFK0611JAI1?marker=741311
696,535,USD,JFK,SCO,"Aktau, Kazakhstan",KZ,2027-01-10,3,https://www.aviasales.com/search/JFK1001SCO1?marker=741311
697,537,USD,MIA,SNU,"Santa Clara, Cuba",CU,2026-10-05,0,https://www.aviasales.com/search/MIA0510SNU1?marker=741311
698,538,USD,LAX,BOD,"Bordeaux, France",FR,2026-12-25,2,https://www.aviasales.com/search/LAX2512BOD1?marker=741311
699,539,USD,DFW,REC,"Recife, Brazil",BR,2026-11-30,2,https://www.aviasales.com/search/DFW3011REC1?marker=741311
700,539,USD,JFK,NST,"Nakhon Si Thammarat, Thailand",TH,2026-12-05,2,https://www.aviasales.com/search/JFK0512NST1?marker=741311
701,539,USD,JFK,BJL,"Banjul, Gambia",GM,2026-11-30,2,https://www.aviasales.com/search/JFK3011BJL1?marker=741311
702,539,USD,LAX,CHC,"Christchurch, New Zealand",NZ,2026-11-05,2,https://www.aviasales.com/search/LAX0511CHC1?marker=741311
703,541,USD,JFK,TAG,"Tagbilaran, Philippines",PH,2026-11-22,1,https://www.aviasales.com/search/JFK2211TAG1?marker=741311
704,542,USD,JFK,ACC,"Accra, Ghana",GH,2026-10-20,1,https://www.aviasales.com/search/JFK2010ACC1?marker=741311
705,542,USD,CLT,CMW,"Camaguey, Cuba",CU,2026-12-13,1,https://www.aviasales.com/search/CLT1312CMW1?marker=741311
706,545,USD,DEN,DMM,"Dammam, Saudi Arabia",SA,2027-01-22,3,https://www.aviasales.com/search/DEN2201DMM1?marker=741311
707,546,USD,ORD,HAK,"Haikou, China",CN,2026-11-10,1,https://www.aviasales.com/search/ORD1011HAK1?marker=741311
708,546,USD,JFK,KUA,"Kuantan, Malaysia",MY,2027-01-10,2,https://www.aviasales.com/search/JFK1001KUA1?marker=741311
709,546,USD,DEN,KWE,"Guiyang, China",CN,2026-11-02,2,https://www.aviasales.com/search/DEN0211KWE1?marker=741311
710,547,USD,JFK,CPT,"Cape Town, South Africa",ZA,2026-11-02,2,https://www.aviasales.com/search/JFK0211CPT1?marker=741311
711,548,USD,IAD,CKY,"Conakry, Guinea",GN,2027-01-16,1,https://www.aviasales.com/search/IAD1601CKY1?marker=741311
712,549,USD,JFK,CNX,"Chiang Mai, Thailand",TH,2026-10-16,2,https://www.aviasales.com/search/JFK1610CNX1?marker=741311
713,550,USD,LAX,PER,"Perth, Australia",AU,2026-11-01,2,https://www.aviasales.com/search/LAX0111PER1?marker=741311
714,551,USD,MIA,JNB,"Johannesburg, South Africa",ZA,2026-12-06,1,https://www.aviasales.com/search/MIA0612JNB1?marker=741311
715,551,USD,JFK,DGT,"Dumaguete, Philippines",PH,2026-10-19,2,https://www.aviasales.com/search/JFK1910DGT1?marker=741311
716,554,USD,JFK,UGC,"Urgench, Uzbekistan",UZ,2026-10-25,1,https://www.aviasales.com/search/JFK2510UGC1?marker=741311
717,555,USD,JFK,OVB,"Novosibirsk, Russia",RU,2026-10-26,2,https://www.aviasales.com/search/JFK2610OVB1?marker=741311
718,555,USD,SFO,HGH,"Hangzhou, China",CN,2026-10-12,1,https://www.aviasales.com/search/SFO1210HGH1?marker=741311
719,556,USD,JFK,MMK,"Murmansk, Russia",RU,2026-10-20,3,https://www.aviasales.com/search/JFK2010MMK1?marker=741311
720,559,USD,CLT,BLR,"Bengaluru, India",IN,2026-10-31,2,https://www.aviasales.com/search/CLT3110BLR1?marker=741311
721,561,USD,MIA,BRM,"Barquisimeto, Venezuela",VE,2026-10-31,2,https://www.aviasales.com/search/MIA3110BRM1?marker=741311
722,561,USD,JFK,SZX,"Shenzhen, China",CN,2026-11-12,1,https://www.aviasales.com/search/JFK1211SZX1?marker=741311
723,562,USD,ATL,AMD,"Ahmedabad, India",IN,2026-11-02,2,https://www.aviasales.com/search/ATL0211AMD1?marker=741311
724,562,USD,ORD,GRO,"Girona, Spain",ES,2026-10-10,2,https://www.aviasales.com/search/ORD1010GRO1?marker=741311
725,562,USD,JFK,LOS,"Lagos, Nigeria",NG,2026-10-11,1,https://www.aviasales.com/search/JFK1110LOS1?marker=741311
726,562,USD,LAX,MQM,"Mardin, Turkiye",TR,2026-10-07,4,https://www.aviasales.com/search/LAX0710MQM1?marker=741311
727,563,USD,IAH,MAA,"Chennai, India",IN,2026-11-02,3,https://www.aviasales.com/search/IAH0211MAA1?marker=741311
728,564,USD,ORD,ATQ,"Amritsar, India",IN,2027-01-26,2,https://www.aviasales.com/search/ORD2601ATQ1?marker=741311
729,564,USD,LAX,NGB,"Ningbo, China",CN,2026-10-13,2,https://www.aviasales.com/search/LAX1310NGB1?marker=741311
730,566,USD,IAD,FEG,"Fergana, Uzbekistan",UZ,2026-10-10,2,https://www.aviasales.com/search/IAD1010FEG1?marker=741311
731,567,USD,SFO,BOB,"Bora Bora, French Polynesia",PF,2026-10-11,1,https://www.aviasales.com/search/SFO1110BOB1?marker=741311
732,567,USD,JFK,ASF,"Astrakhan, Russia",RU,2026-10-19,4,https://www.aviasales.com/search/JFK1910ASF1?marker=741311
733,570,USD,MIA,LCJ,"Lodz, Poland",PL,2026-10-04,2,https://www.aviasales.com/search/MIA0410LCJ1?marker=741311
734,572,USD,IAD,DKR,"Dakar, Senegal",SN,2026-10-12,3,https://www.aviasales.com/search/IAD1210DKR1?marker=741311
735,574,USD,LAX,TLS,"Toulouse, France",FR,2026-12-29,1,https://www.aviasales.com/search/LAX2912TLS1?marker=741311
736,575,USD,IAD,ABV,"Abuja, Nigeria",NG,2027-03-24,1,https://www.aviasales.com/search/IAD2403ABV1?marker=741311
737,578,USD,IAD,INV,"Inverness, United Kingdom",GB,2026-10-10,1,https://www.aviasales.com/search/IAD1010INV1?marker=741311
738,578,USD,JFK,DVO,"Davao City, Philippines",PH,2026-11-30,2,https://www.aviasales.com/search/JFK3011DVO1?marker=741311
739,578,USD,RDU,MCT,"Muscat, Oman",OM,2026-11-13,3,https://www.aviasales.com/search/RDU1311MCT1?marker=741311
740,579,USD,JFK,GOJ,"Nizhniy Novgorod, Russia",RU,2026-10-17,3,https://www.aviasales.com/search/JFK1710GOJ1?marker=741311
741,579,USD,JFK,CEK,"Chelyabinsk, Russia",RU,2026-10-18,3,https://www.aviasales.com/search/JFK1810CEK1?marker=741311
742,580,USD,LAX,TAO,"Qingdao, China",CN,2026-10-13,2,https://www.aviasales.com/search/LAX1310TAO1?marker=741311
743,580,USD,SFO,IDR,"Indore, India",IN,2026-10-21,1,https://www.aviasales.com/search/SFO2110IDR1?marker=741311
744,581,USD,BOS,RTW,"Saratov, Russia",RU,2026-10-26,4,https://www.aviasales.com/search/BOS2610RTW1?marker=741311
745,581,USD,JFK,JER,"Jersey, Jersey",JE,2026-12-20,2,https://www.aviasales.com/search/JFK2012JER1?marker=741311
746,583,USD,LAX,IKT,"Irkutsk, Russia",RU,2026-10-25,1,https://www.aviasales.com/search/LAX2510IKT1?marker=741311
747,583,USD,ORD,PDS,"Piedras Negras, Mexico",MX,2026-10-09,2,https://www.aviasales.com/search/ORD0910PDS1?marker=741311
748,583,USD,PDX,DIY,"Diyarbakir, Turkiye",TR,2027-03-24,3,https://www.aviasales.com/search/PDX2403DIY1?marker=741311
749,587,USD,MIA,LCE,"La Ceiba, Honduras",HN,2026-12-06,3,https://www.aviasales.com/search/MIA0612LCE1?marker=741311
750,588,USD,JFK,COD,"Cody, United States",US,2026-10-10,4,https://www.aviasales.com/search/JFK1010COD1?marker=741311
751,588,USD,LAX,RTM,"Rotterdam, Netherlands",NL,2026-10-09,2,https://www.aviasales.com/search/LAX0910RTM1?marker=741311
752,589,USD,JFK,KGL,"Kigali, Rwanda",RW,2026-10-23,1,https://www.aviasales.com/search/JFK2310KGL1?marker=741311
753,589,USD,LAX,PUS,"Busan, South Korea",KR,2027-01-02,1,https://www.aviasales.com/search/LAX0201PUS1?marker=741311
754,591,USD,LAX,YNT,"Yantai, China",CN,2026-10-13,2,https://www.aviasales.com/search/LAX1310YNT1?marker=741311
755,592,USD,ATL,VIX,"Vitoria, Brazil",BR,2026-11-29,4,https://www.aviasales.com/search/ATL2911VIX1?marker=741311
756,598,USD,IAD,HSA,"Turkistan, Kazakhstan",KZ,2026-11-12,4,https://www.aviasales.com/search/IAD1211HSA1?marker=741311
757,602,USD,JFK,TOF,"Tomsk, Russia",RU,2026-10-13,3,https://www.aviasales.com/search/JFK1310TOF1?marker=741311
758,603,USD,JFK,KVX,"Kirov, Russia",RU,2026-10-19,4,https://www.aviasales.com/search/JFK1910KVX1?marker=741311
759,606,USD,ORD,KHI,"Karachi, Pakistan",PK,2026-12-30,3,https://www.aviasales.com/search/ORD3012KHI1?marker=741311
760,606,USD,JFK,TJM,"Tyumen, Russia",RU,2027-02-26,4,https://www.aviasales.com/search/JFK2602TJM1?marker=741311
761,610,USD,LAX,GOI,"Goa, India",IN,2026-10-27,3,https://www.aviasales.com/search/LAX2710GOI1?marker=741311
762,610,USD,JFK,KJA,"Krasnoyarsk, Russia",RU,2026-10-20,3,https://www.aviasales.com/search/JFK2010KJA1?marker=741311
763,613,USD,ORD,WEH,"Weihai, China",CN,2026-11-19,2,https://www.aviasales.com/search/ORD1911WEH1?marker=741311
764,614,USD,LAX,MYJ,"Matsuyama, Japan",JP,2026-10-04,2,https://www.aviasales.com/search/LAX0410MYJ1?marker=741311
765,616,USD,ORD,KGD,"Kaliningrad, Russia",RU,2026-12-01,4,https://www.aviasales.com/search/ORD0112KGD1?marker=741311
766,617,USD,JFK,GNY,"Golgen, Turkiye",TR,2026-10-04,3,https://www.aviasales.com/search/JFK0410GNY1?marker=741311
767,621,USD,IAD,NMA,"Namangan, Uzbekistan",UZ,2026-10-10,2,https://www.aviasales.com/search/IAD1010NMA1?marker=741311
768,621,USD,JFK,GRV,"Groznyy, Russia",RU,2026-10-24,3,https://www.aviasales.com/search/JFK2410GRV1?marker=741311
769,622,USD,PDX,YZT,"Port Hardy, Canada",CA,2026-10-12,1,https://www.aviasales.com/search/PDX1210YZT1?marker=741311
770,623,USD,JFK,COO,"Cotonou, Benin",BJ,2027-02-03,2,https://www.aviasales.com/search/JFK0302COO1?marker=741311
771,624,USD,IAH,TUF,"Tours, France",FR,2026-11-19,3,https://www.aviasales.com/search/IAH1911TUF1?marker=741311
772,627,USD,LAX,UTP,"Pattaya, Thailand",TH,2026-12-10,3,https://www.aviasales.com/search/LAX1012UTP1?marker=741311
773,630,USD,JFK,KSN,"Kostanay, Kazakhstan",KZ,2026-10-26,4,https://www.aviasales.com/search/JFK2610KSN1?marker=741311
774,631,USD,JFK,ZNZ,"Zanzibar, Tanzania",TZ,2026-10-05,3,https://www.aviasales.com/search/JFK0510ZNZ1?marker=741311
775,633,USD,JFK,VOG,"Volgograd, Russia",RU,2026-10-14,2,https://www.aviasales.com/search/JFK1410VOG1?marker=741311
776,636,USD,LAX,ADL,"Adelaide, Australia",AU,2026-10-17,2,https://www.aviasales.com/search/LAX1710ADL1?marker=741311
777,638,USD,SFO,TGU,"Tegucigalpa, Honduras",HN,2026-10-23,3,https://www.aviasales.com/search/SFO2310TGU1?marker=741311
778,640,USD,IAD,BHK,"Bukhara, Uzbekistan",UZ,2026-10-15,2,https://www.aviasales.com/search/IAD1510BHK1?marker=741311
779,641,USD,JFK,BDQ,"Vadodara, India",IN,2027-01-04,2,https://www.aviasales.com/search/JFK0401BDQ1?marker=741311
780,647,USD,JFK,ULY,"Ulyanovsk, Russia",RU,2026-12-05,4,https://www.aviasales.com/search/JFK0512ULY1?marker=741311
781,650,USD,IAD,AZN,"Andijan, Uzbekistan",UZ,2026-10-10,2,https://www.aviasales.com/search/IAD1010AZN1?marker=741311
782,652,USD,LAX,ANR,"Antwerp, Belgium",BE,2026-10-31,2,https://www.aviasales.com/search/LAX3110ANR1?marker=741311
783,660,USD,JFK,SMR,"Santa Marta, Colombia",CO,2026-12-25,1,https://www.aviasales.com/search/JFK2512SMR1?marker=741311
784,661,USD,MIA,OMS,"Omsk, Russia",RU,2026-11-10,4,https://www.aviasales.com/search/MIA1011OMS1?marker=741311
785,669,USD,TPA,NAL,"Nalchik, Russia",RU,2027-02-01,4,https://www.aviasales.com/search/TPA0102NAL1?marker=741311
786,670,USD,JFK,PZU,"Port Sudan, Sudan",SD,2026-10-14,2,https://www.aviasales.com/search/JFK1410PZU1?marker=741311
787,670,USD,PDX,GUM,"Hagatna, Guam",GU,2026-10-14,2,https://www.aviasales.com/search/PDX1410GUM1?marker=741311
788,673,USD,JFK,MLW,"Monrovia, Liberia",LR,2026-10-17,1,https://www.aviasales.com/search/JFK1710MLW1?marker=741311
789,675,USD,DFW,EBB,"Entebbe, Uganda",UG,2026-11-02,3,https://www.aviasales.com/search/DFW0211EBB1?marker=741311
790,681,USD,LAX,PEW,"Peshawar, Pakistan",PK,2026-10-12,3,https://www.aviasales.com/search/LAX1210PEW1?marker=741311
791,682,USD,PDX,ABA,"Abakan, Russia",RU,2026-10-24,4,https://www.aviasales.com/search/PDX2410ABA1?marker=741311
792,693,USD,IAD,SEZ,"Mahe, Seychelles",SC,2026-10-08,1,https://www.aviasales.com/search/IAD0810SEZ1?marker=741311
793,693,USD,PDX,YQG,"Windsor, Canada",CA,2026-10-09,2,https://www.aviasales.com/search/PDX0910YQG1?marker=741311
794,695,USD,IAH,MAR,"Maracaibo, Venezuela",VE,2026-10-12,2,https://www.aviasales.com/search/IAH1210MAR1?marker=741311
795,704,USD,IAD,KEJ,"Kemerovo, Russia",RU,2027-01-29,4,https://www.aviasales.com/search/IAD2901KEJ1?marker=741311
796,711,USD,JFK,SGC,"Surgut, Russia",RU,2026-11-09,3,https://www.aviasales.com/search/JFK0911SGC1?marker=741311
797,711,USD,IAH,DOM,"Dominica, Dominica",DM,2026-10-09,2,https://www.aviasales.com/search/IAH0910DOM1?marker=741311
798,712,USD,LAX,KGF,"Karagandy, Kazakhstan",KZ,2026-11-13,3,https://www.aviasales.com/search/LAX1311KGF1?marker=741311
799,713,USD,LAX,INN,"Innsbruck, Austria",AT,2026-10-09,3,https://www.aviasales.com/search/LAX0910INN1?marker=741311
800,715,USD,JFK,PKR,"Pokhara, Nepal",NP,2026-10-22,3,https://www.aviasales.com/search/JFK2210PKR1?marker=741311
801,715,USD,PDX,URC,"Urumqi, China",CN,2026-10-15,2,https://www.aviasales.com/search/PDX1510URC1?marker=741311
802,718,USD,BOS,MBA,"Mombasa, Kenya",KE,2026-10-20,1,https://www.aviasales.com/search/BOS2010MBA1?marker=741311
803,720,USD,TPA,GDZ,"Gelendzik, Russia",RU,2027-02-01,4,https://www.aviasales.com/search/TPA0102GDZ1?marker=741311
804,721,USD,LAX,MOZ,"Moorea, French Polynesia",PF,2026-12-03,1,https://www.aviasales.com/search/LAX0312MOZ1?marker=741311
805,723,USD,JFK,MRU,"Mauritius, Mauritius",MU,2027-03-24,2,https://www.aviasales.com/search/JFK2403MRU1?marker=741311
806,723,USD,PHL,SIA,"Xian, China",CN,2026-10-30,2,https://www.aviasales.com/search/PHL3010SIA1?marker=741311
807,724,USD,JFK,NBC,"Naberezhnye Chelny, Russia",RU,2026-10-05,3,https://www.aviasales.com/search/JFK0510NBC1?marker=741311
808,726,USD,LAX,ZQN,"Queenstown, New Zealand",NZ,2026-10-19,1,https://www.aviasales.com/search/LAX1910ZQN1?marker=741311
809,728,USD,ORD,BQT,"Brest, Belarus",BY,2026-10-14,4,https://www.aviasales.com/search/ORD1410BQT1?marker=741311
810,728,USD,JFK,KSQ,"Qarshi, Uzbekistan",UZ,2026-10-23,2,https://www.aviasales.com/search/JFK2310KSQ1?marker=741311
811,728,USD,DTW,SSA,"Salvador, Brazil",BR,2026-10-15,2,https://www.aviasales.com/search/DTW1510SSA1?marker=741311
812,729,USD,LAX,ASB,"Ashgabat, Turkmenistan",TM,2026-11-10,2,https://www.aviasales.com/search/LAX1011ASB1?marker=741311
813,734,USD,IAD,OUA,"Ouagadougou, Burkina Faso",BF,2026-10-28,1,https://www.aviasales.com/search/IAD2810OUA1?marker=741311
814,737,USD,JFK,CNS,"Cairns, Australia",AU,2026-10-31,2,https://www.aviasales.com/search/JFK3110CNS1?marker=741311
815,739,USD,JFK,NDJ,"N'Djamena, Chad",TD,2026-10-22,1,https://www.aviasales.com/search/JFK2210NDJ1?marker=741311
816,743,USD,JFK,WDH,"Windhoek, Namibia",NA,2026-10-20,3,https://www.aviasales.com/search/JFK2010WDH1?marker=741311
817,745,USD,DTW,LGK,"Langkawi, Malaysia",MY,2027-01-05,3,https://www.aviasales.com/search/DTW0501LGK1?marker=741311
818,746,USD,IAD,LBD,"Khujand, Tajikistan",TJ,2026-10-18,4,https://www.aviasales.com/search/IAD1810LBD1?marker=741311
819,748,USD,LAX,KHV,"Khabarovsk, Russia",RU,2026-11-03,3,https://www.aviasales.com/search/LAX0311KHV1?marker=741311
820,753,USD,MIA,NJC,"Nizhnevartovsk, Russia",RU,2026-11-04,4,https://www.aviasales.com/search/MIA0411NJC1?marker=741311
821,756,USD,BNA,RGN,"Yangon, Myanmar",MM,2027-01-28,3,https://www.aviasales.com/search/BNA2801RGN1?marker=741311
822,761,USD,JFK,BRN,"Bern, Switzerland",CH,2026-10-04,2,https://www.aviasales.com/search/JFK0410BRN1?marker=741311
823,765,USD,BOS,LAD,"Luanda, Angola",AO,2026-10-30,2,https://www.aviasales.com/search/BOS3010LAD1?marker=741311
824,770,USD,JFK,LLW,"Lilongwe, Malawi",MW,2026-10-07,2,https://www.aviasales.com/search/JFK0710LLW1?marker=741311
825,771,USD,ATL,UKK,"Oskemen, Kazakhstan",KZ,2026-10-21,2,https://www.aviasales.com/search/ATL2110UKK1?marker=741311
826,774,USD,JFK,PEE,"Perm, Russia",RU,2027-01-17,3,https://www.aviasales.com/search/JFK1701PEE1?marker=741311
827,778,USD,LAX,HTA,"Chita, Russia",RU,2026-10-30,4,https://www.aviasales.com/search/LAX3010HTA1?marker=741311
828,787,USD,SEA,UUS,"Yuzhno-Sakhalinsk, Russia",RU,2026-10-23,3,https://www.aviasales.com/search/SEA2310UUS1?marker=741311
829,788,USD,LAX,AIT,"Aitutaki, Cook Islands",CK,2026-11-13,2,https://www.aviasales.com/search/LAX1311AIT1?marker=741311
830,788,USD,JFK,UUD,"Ulan-Ude, Russia",RU,2026-12-05,4,https://www.aviasales.com/search/JFK0512UUD1?marker=741311
831,792,USD,LAX,BAX,"Barnaul, Russia",RU,2026-10-20,4,https://www.aviasales.com/search/LAX2010BAX1?marker=741311
832,796,USD,JFK,BKO,"Bamako, Mali",ML,2026-10-06,3,https://www.aviasales.com/search/JFK0610BKO1?marker=741311
833,797,USD,DTW,BSR,"Basra, Iraq",IQ,2026-12-30,2,https://www.aviasales.com/search/DTW3012BSR1?marker=741311
834,807,USD,DFW,BJM,"Bujumbura, Burundi",BI,2027-03-05,2,https://www.aviasales.com/search/DFW0503BJM1?marker=741311
835,807,USD,JFK,MQF,"Magnitogorsk, Russia",RU,2026-10-08,3,https://www.aviasales.com/search/JFK0810MQF1?marker=741311
836,813,USD,ORD,ESL,"Elista, Russia",RU,2026-10-17,4,https://www.aviasales.com/search/ORD1710ESL1?marker=741311
837,814,USD,ORD,INI,"Nis, Serbia",RS,2026-12-20,2,https://www.aviasales.com/search/ORD2012INI1?marker=741311
838,823,USD,JFK,GME,"Gomel, Belarus",BY,2026-10-30,3,https://www.aviasales.com/search/JFK3010GME1?marker=741311
839,826,USD,ORD,IJK,"Izhevsk, Russia",RU,2026-10-13,3,https://www.aviasales.com/search/ORD1310IJK1?marker=741311
840,829,USD,JFK,KYZ,"Kyzyl, Russia",RU,2026-12-04,4,https://www.aviasales.com/search/JFK0412KYZ1?marker=741311
841,830,USD,PDX,HRE,"Harare, Zimbabwe",ZW,2026-10-14,2,https://www.aviasales.com/search/PDX1410HRE1?marker=741311
842,831,USD,SEA,BQS,"Blagoveschensk, Russia",RU,2027-02-01,4,https://www.aviasales.com/search/SEA0102BQS1?marker=741311
843,831,USD,SEA,HNH,"Hoonah, United States",US,2026-10-08,1,https://www.aviasales.com/search/SEA0810HNH1?marker=741311
844,834,USD,JFK,YIH,"Yichang, China",CN,2026-10-15,4,https://www.aviasales.com/search/JFK1510YIH1?marker=741311
845,836,USD,ATL,REN,"Orenburg, Russia",RU,2026-10-24,4,https://www.aviasales.com/search/ATL2410REN1?marker=741311
846,838,USD,JFK,MJZ,"Mirnyj, Russia",RU,2026-10-10,4,https://www.aviasales.com/search/JFK1010MJZ1?marker=741311
847,849,USD,ORD,MGQ,"Mogadishu, Somalia",SO,2026-12-30,1,https://www.aviasales.com/search/ORD3012MGQ1?marker=741311
848,850,USD,LAX,OVD,"Asturias, Spain",ES,2026-12-21,1,https://www.aviasales.com/search/LAX2112OVD1?marker=741311
849,856,USD,JFK,RUN,"Saint-Denis, Réunion",RE,2026-10-23,2,https://www.aviasales.com/search/JFK2310RUN1?marker=741311
850,859,USD,LAS,KNU,"Kanpur, India",IN,2027-03-10,3,https://www.aviasales.com/search/LAS1003KNU1?marker=741311
851,861,USD,JFK,CTA,"Catania, Italy",IT,2026-10-04,2,https://www.aviasales.com/search/JFK0410CTA1?marker=741311
852,863,USD,IAD,LBV,"Libreville, Gabon",GA,2026-11-26,1,https://www.aviasales.com/search/IAD2611LBV1?marker=741311
853,868,USD,JFK,OOL,"Gold Coast, Australia",AU,2026-10-14,2,https://www.aviasales.com/search/JFK1410OOL1?marker=741311
854,870,USD,LAX,NSK,"Norilsk, Russia",RU,2026-12-01,4,https://www.aviasales.com/search/LAX0112NSK1?marker=741311
855,874,USD,JFK,KLO,"Kalibo, Philippines",PH,2026-12-30,2,https://www.aviasales.com/search/JFK3012KLO1?marker=741311
856,880,USD,PHX,BLB,"Balboa, Panama",PA,2026-10-11,2,https://www.aviasales.com/search/PHX1110BLB1?marker=741311
857,885,USD,SEA,ABS,"Abu Simbel, Egypt",EG,2026-10-29,3,https://www.aviasales.com/search/SEA2910ABS1?marker=741311
858,906,USD,MIA,TMJ,"Termez, Uzbekistan",UZ,2026-11-11,4,https://www.aviasales.com/search/MIA1111TMJ1?marker=741311
859,907,USD,MSP,STW,"Stavropol, Russia",RU,2026-10-14,4,https://www.aviasales.com/search/MSP1410STW1?marker=741311
860,908,USD,ORD,TNR,"Antananarivo, Madagascar",MG,2027-01-14,1,https://www.aviasales.com/search/ORD1401TNR1?marker=741311
861,911,USD,JFK,YKS,"Yakutsk, Russia",RU,2026-11-27,3,https://www.aviasales.com/search/JFK2711YKS1?marker=741311
862,924,USD,ATL,ERF,"Erfurt, Germany",DE,2026-10-04,2,https://www.aviasales.com/search/ATL0410ERF1?marker=741311
863,924,USD,AUS,LFW,"Lome, Togo",TG,2026-10-28,2,https://www.aviasales.com/search/AUS2810LFW1?marker=741311
864,933,USD,JFK,GVR,"Governador Valadares, Brazil",BR,2026-12-17,3,https://www.aviasales.com/search/JFK1712GVR1?marker=741311
865,941,USD,JFK,PYJ,"Udachnyj, Russia",RU,2026-12-10,4,https://www.aviasales.com/search/JFK1012PYJ1?marker=741311
866,956,USD,MCO,GDX,"Magadan, Russia",RU,2026-10-27,4,https://www.aviasales.com/search/MCO2710GDX1?marker=741311
867,960,USD,SEA,PPG,"Pago Pago, American Samoa",AS,2026-12-21,1,https://www.aviasales.com/search/SEA2112PPG1?marker=741311
868,963,USD,ATL,KZO,"Kzyl-Orda, Kazakhstan",KZ,2026-12-11,4,https://www.aviasales.com/search/ATL1112KZO1?marker=741311
869,963,USD,JFK,NOZ,"Novokuznetsk, Russia",RU,2027-01-01,4,https://www.aviasales.com/search/JFK0101NOZ1?marker=741311
870,964,USD,DEN,ARK,"Arusha, Tanzania",TZ,2026-12-01,3,https://www.aviasales.com/search/DEN0112ARK1?marker=741311
871,995,USD,PHL,UCT,"Ukhta, Russia",RU,2026-10-20,4,https://www.aviasales.com/search/PHL2010UCT1?marker=741311
872,997,USD,SFO,PHC,"Port Harcourt, Nigeria",NG,2026-10-16,2,https://www.aviasales.com/search/SFO1610PHC1?marker=741311
873,1008,USD,JFK,OLZ,"Olyokminsk, Russia",RU,2026-12-10,4,https://www.aviasales.com/search/JFK1012OLZ1?marker=741311
874,1013,USD,IAD,DMB,"Taraz, Kazakhstan",KZ,2026-10-23,3,https://www.aviasales.com/search/IAD2310DMB1?marker=741311
875,1031,USD,TPA,GOH,"Nuuk, Greenland",GL,2026-10-23,3,https://www.aviasales.com/search/TPA2310GOH1?marker=741311
876,1034,USD,ORD,SCW,"Syktyvkar, Russia",RU,2026-10-30,2,https://www.aviasales.com/search/ORD3010SCW1?marker=741311
877,1055,USD,ORD,FNA,"Freetown, Sierra Leone",SL,2026-12-24,2,https://www.aviasales.com/search/ORD2412FNA1?marker=741311
878,1056,USD,IAH,CSG,"Columbus, United States",US,2026-10-08,3,https://www.aviasales.com/search/IAH0810CSG1?marker=741311
879,1068,USD,TPA,ENI,"El Nido, Philippines",PH,2026-10-11,4,https://www.aviasales.com/search/TPA1110ENI1?marker=741311
880,1078,USD,JFK,YYR,"Happy Valley-Goose Bay, Canada",CA,2026-10-09,3,https://www.aviasales.com/search/JFK0910YYR1?marker=741311
881,1124,USD,JFK,ROR,"Koror, Palau",PW,2026-12-29,1,https://www.aviasales.com/search/JFK2912ROR1?marker=741311
882,1144,USD,JFK,RFP,"Raiatea, French Polynesia",PF,2026-11-09,4,https://www.aviasales.com/search/JFK0911RFP1?marker=741311
883,1145,USD,TPA,RGK,"Gorno-Altaysk, Russia",RU,2026-10-16,4,https://www.aviasales.com/search/TPA1610RGK1?marker=741311
884,1172,USD,SFO,POA,"Porto Alegre, Brazil",BR,2026-12-18,2,https://www.aviasales.com/search/SFO1812POA1?marker=741311
885,1315,USD,JFK,KRW,"Turkmenbashi, Turkmenistan",TM,2026-10-31,3,https://www.aviasales.com/search/JFK3110KRW1?marker=741311
886,1353,USD,JFK,FKQ,"Fak Fak, Indonesia",ID,2026-10-10,4,https://www.aviasales.com/search/JFK1010FKQ1?marker=741311
887,1385,USD,IAH,RRG,"Rodrigues Island, Mauritius",MU,2026-10-10,4,https://www.aviasales.com/search/IAH1010RRG1?marker=741311
888,1509,USD,BOS,JAV,"Ilulissat, Greenland",GL,2026-12-08,4,https://www.aviasales.com/search/BOS0812JAV1?marker=741311
889,1684,USD,BNA,HEH,"Heho, Myanmar",MM,2026-11-15,3,https://www.aviasales.com/search/BNA1511HEH1?marker=741311
