rank,price,currency,origin,destination_code,destination_name,country_code,depart,stops,booking_link
1,19,USD,ATL,ORL,"Orlando, United States",US,2026-09-09,0,https://www.aviasales.com/search/ATL0909ORL1?marker=741311
2,23,USD,PHX,SAN,"San Diego, United States",US,2026-09-05,0,https://www.aviasales.com/search/PHX0509SAN1?marker=741311
3,23,USD,SAN,SFO,"San Francisco, United States",US,2026-09-09,0,https://www.aviasales.com/search/SAN0909SFO1?marker=741311
4,24,USD,TPA,ATL,"Atlanta, United States",US,2026-09-24,0,https://www.aviasales.com/search/TPA2409ATL1?marker=741311
5,24,USD,SAN,PHX,"Phoenix, United States",US,2026-10-01,0,https://www.aviasales.com/search/SAN0110PHX1?marker=741311
6,27,USD,SFO,LAX,"Los Angeles, United States",US,2026-09-26,0,https://www.aviasales.com/search/SFO2609LAX1?marker=741311
7,28,USD,LAX,LAS,"Las Vegas, United States",US,2026-09-11,0,https://www.aviasales.com/search/LAX1109LAS1?marker=741311
8,28,USD,SFO,ONT,"Ontario, United States",US,2026-09-21,0,https://www.aviasales.com/search/SFO2109ONT1?marker=741311
9,30,USD,LAX,SJC,"San Jose, United States",US,2026-09-06,0,https://www.aviasales.com/search/LAX0609SJC1?marker=741311
10,31,USD,MIA,CLE,"Cleveland, United States",US,2026-08-18,0,https://www.aviasales.com/search/MIA1808CLE1?marker=741311
11,32,USD,DTW,FLL,"Fort Lauderdale, United States",US,2026-09-09,0,https://www.aviasales.com/search/DTW0909FLL1?marker=741311
12,34,USD,LAX,DEN,"Denver, United States",US,2026-09-11,0,https://www.aviasales.com/search/LAX1109DEN1?marker=741311
13,35,USD,DEN,MSP,"Minneapolis, United States",US,2026-11-04,0,https://www.aviasales.com/search/DEN0411MSP1?marker=741311
14,35,USD,ATL,HOU,"Houston, United States",US,2026-09-08,0,https://www.aviasales.com/search/ATL0809HOU1?marker=741311
15,36,USD,MIA,SJU,"San Juan, Puerto Rico",PR,2026-08-10,0,https://www.aviasales.com/search/MIA1008SJU1?marker=741311
16,36,USD,MCO,RDU,"Raleigh, United States",US,2026-08-29,0,https://www.aviasales.com/search/MCO2908RDU1?marker=741311
17,37,USD,FLL,CHI,"Chicago, United States",US,2026-09-02,0,https://www.aviasales.com/search/FLL0209CHI1?marker=741311
18,37,USD,LAS,OAK,"Oakland, United States",US,2026-09-05,0,https://www.aviasales.com/search/LAS0509OAK1?marker=741311
19,37,USD,LAX,SAC,"Sacramento, United States",US,2026-09-25,0,https://www.aviasales.com/search/LAX2509SAC1?marker=741311
20,38,USD,FLL,SWF,"Newburgh, United States",US,2026-12-03,0,https://www.aviasales.com/search/FLL0312SWF1?marker=741311
21,39,USD,PHL,MIA,"Miami, United States",US,2026-10-04,0,https://www.aviasales.com/search/PHL0410MIA1?marker=741311
22,39,USD,TPA,EYW,"Key West, United States",US,2026-08-19,0,https://www.aviasales.com/search/TPA1908EYW1?marker=741311
23,42,USD,DEN,SEA,"Seattle, United States",US,2026-08-27,0,https://www.aviasales.com/search/DEN2708SEA1?marker=741311
24,42,USD,MCO,BNA,"Nashville, United States",US,2026-08-24,0,https://www.aviasales.com/search/MCO2408BNA1?marker=741311
25,43,USD,ATL,MSY,"New Orleans, United States",US,2026-08-20,0,https://www.aviasales.com/search/ATL2008MSY1?marker=741311
26,43,USD,ATL,DTT,"Detroit, United States",US,2026-09-12,0,https://www.aviasales.com/search/ATL1209DTT1?marker=741311
27,43,USD,LAS,SLC,"Salt Lake City, United States",US,2026-10-23,0,https://www.aviasales.com/search/LAS2310SLC1?marker=741311
28,43,USD,MCO,WAS,"Washington, United States",US,2026-10-15,0,https://www.aviasales.com/search/MCO1510WAS1?marker=741311
29,44,USD,FLL,TPA,"Tampa, United States",US,2026-09-01,0,https://www.aviasales.com/search/FLL0109TPA1?marker=741311
30,44,USD,ATL,BWI,"Baltimore, United States",US,2026-08-18,0,https://www.aviasales.com/search/ATL1808BWI1?marker=741311
31,45,USD,TPA,GSP,"Greenville, United States",US,2026-08-16,0,https://www.aviasales.com/search/TPA1608GSP1?marker=741311
32,46,USD,BNA,PIT,"Pittsburgh, United States",US,2026-08-20,0,https://www.aviasales.com/search/BNA2008PIT1?marker=741311
33,46,USD,TPA,CVG,"Cincinnati, United States",US,2026-10-01,0,https://www.aviasales.com/search/TPA0110CVG1?marker=741311
34,46,USD,LAX,YVR,"Vancouver, Canada",CA,2026-09-27,1,https://www.aviasales.com/search/LAX2709YVR1?marker=741311
35,48,USD,ATL,JAX,"Jacksonville, United States",US,2026-08-22,0,https://www.aviasales.com/search/ATL2208JAX1?marker=741311
36,48,USD,TPA,ROC,"Rochester, United States",US,2026-09-12,0,https://www.aviasales.com/search/TPA1209ROC1?marker=741311
37,49,USD,ATL,PHL,"Philadelphia, United States",US,2026-10-04,0,https://www.aviasales.com/search/ATL0410PHL1?marker=741311
38,51,USD,MCO,NYC,"New York, United States",US,2026-09-16,0,https://www.aviasales.com/search/MCO1609NYC1?marker=741311
39,52,USD,IAD,AVL,"Asheville, United States",US,2026-11-19,0,https://www.aviasales.com/search/IAD1911AVL1?marker=741311
40,52,USD,FLL,TYS,"Knoxville, United States",US,2026-08-30,0,https://www.aviasales.com/search/FLL3008TYS1?marker=741311
41,52,USD,MCO,CMH,"Columbus, United States",US,2026-09-08,1,https://www.aviasales.com/search/MCO0809CMH1?marker=741311
42,53,USD,MCO,PNS,"Pensacola, United States",US,2026-08-15,0,https://www.aviasales.com/search/MCO1508PNS1?marker=741311
43,55,USD,PHX,BZN,"Bozeman, United States",US,2026-11-06,0,https://www.aviasales.com/search/PHX0611BZN1?marker=741311
44,56,USD,BNA,FYV,"Fayetteville, United States",US,2026-08-21,0,https://www.aviasales.com/search/BNA2108FYV1?marker=741311
45,57,USD,MCO,AUS,"Austin, United States",US,2026-09-16,0,https://www.aviasales.com/search/MCO1609AUS1?marker=741311
46,59,USD,PHX,SCK,"Stockton, United States",US,2026-09-21,0,https://www.aviasales.com/search/PHX2109SCK1?marker=741311
47,60,USD,MCO,DFW,"Dallas, United States",US,2026-09-18,0,https://www.aviasales.com/search/MCO1809DFW1?marker=741311
48,62,USD,MCO,BUF,"Buffalo, United States",US,2026-09-03,0,https://www.aviasales.com/search/MCO0309BUF1?marker=741311
49,64,USD,ORD,STL,"St Louis, United States",US,2026-09-11,0,https://www.aviasales.com/search/ORD1109STL1?marker=741311
50,64,USD,FLL,IND,"Indianapolis, United States",US,2026-10-13,0,https://www.aviasales.com/search/FLL1310IND1?marker=741311
51,65,USD,MCO,BOS,"Boston, United States",US,2026-10-01,0,https://www.aviasales.com/search/MCO0110BOS1?marker=741311
52,65,USD,FLL,YTO,"Toronto, Canada",CA,2026-09-09,0,https://www.aviasales.com/search/FLL0909YTO1?marker=741311
53,66,USD,LAS,MRY,"Monterey, United States",US,2026-08-17,0,https://www.aviasales.com/search/LAS1708MRY1?marker=741311
54,67,USD,IAD,MGW,"Morgantown, United States",US,2026-09-16,0,https://www.aviasales.com/search/IAD1609MGW1?marker=741311
55,67,USD,LAX,YEA,"Edmonton, Canada",CA,2026-09-22,2,https://www.aviasales.com/search/LAX2209YEA1?marker=741311
56,69,USD,FLL,CLT,"Charlotte, United States",US,2026-08-18,0,https://www.aviasales.com/search/FLL1808CLT1?marker=741311
57,69,USD,DEN,CYS,"Cheyenne, United States",US,2026-09-09,0,https://www.aviasales.com/search/DEN0909CYS1?marker=741311
58,70,USD,FLL,TLH,"Tallahassee, United States",US,2026-09-13,0,https://www.aviasales.com/search/FLL1309TLH1?marker=741311
59,72,USD,BOS,PQI,"Presque Isle, United States",US,2026-08-19,0,https://www.aviasales.com/search/BOS1908PQI1?marker=741311
60,73,USD,RDU,FMY,"Fort Myers, United States",US,2026-08-19,0,https://www.aviasales.com/search/RDU1908FMY1?marker=741311
61,73,USD,PDX,PDT,"Pendleton, United States",US,2026-09-09,0,https://www.aviasales.com/search/PDX0909PDT1?marker=741311
62,74,USD,IAD,SAV,"Savannah, United States",US,2026-08-13,0,https://www.aviasales.com/search/IAD1308SAV1?marker=741311
63,74,USD,LAX,ABQ,"Albuquerque, United States",US,2026-09-10,0,https://www.aviasales.com/search/LAX1009ABQ1?marker=741311
64,76,USD,BNA,ORF,"Norfolk, United States",US,2026-09-09,1,https://www.aviasales.com/search/BNA0909ORF1?marker=741311
65,76,USD,MCO,RIC,"Richmond, United States",US,2026-09-09,1,https://www.aviasales.com/search/MCO0909RIC1?marker=741311
66,77,USD,ATL,CHS,"Charleston, United States",US,2026-09-09,1,https://www.aviasales.com/search/ATL0909CHS1?marker=741311
67,77,USD,TPA,SDF,"Louisville, United States",US,2026-08-29,1,https://www.aviasales.com/search/TPA2908SDF1?marker=741311
68,77,USD,LAS,SAT,"San Antonio, United States",US,2026-10-23,0,https://www.aviasales.com/search/LAS2310SAT1?marker=741311
69,78,USD,LAS,RNO,"Reno, United States",US,2026-09-26,0,https://www.aviasales.com/search/LAS2609RNO1?marker=741311
70,79,USD,LAX,YLW,"Kelowna, Canada",CA,2026-10-29,2,https://www.aviasales.com/search/LAX2910YLW1?marker=741311
71,84,USD,LAS,PDX,"Portland, United States",US,2026-08-27,0,https://www.aviasales.com/search/LAS2708PDX1?marker=741311
72,84,USD,MCO,ISP,"Islip, United States",US,2026-08-26,0,https://www.aviasales.com/search/MCO2608ISP1?marker=741311
73,85,USD,DFW,MEM,"Memphis, United States",US,2026-08-31,1,https://www.aviasales.com/search/DFW3108MEM1?marker=741311
74,86,USD,DFW,QRO,"Queretaro, Mexico",MX,2026-08-20,0,https://www.aviasales.com/search/DFW2008QRO1?marker=741311
75,86,USD,IAH,MLM,"Morelia, Mexico",MX,2026-09-10,0,https://www.aviasales.com/search/IAH1009MLM1?marker=741311
76,88,USD,SAN,BOI,"Boise, United States",US,2026-08-24,1,https://www.aviasales.com/search/SAN2408BOI1?marker=741311
77,90,USD,PHX,LGB,"Long Beach, United States",US,2026-11-07,0,https://www.aviasales.com/search/PHX0711LGB1?marker=741311
78,90,USD,BOS,YYC,"Calgary, Canada",CA,2026-10-10,0,https://www.aviasales.com/search/BOS1010YYC1?marker=741311
79,91,USD,PHL,MYR,"Myrtle Beach, United States",US,2026-10-06,1,https://www.aviasales.com/search/PHL0610MYR1?marker=741311
80,92,USD,MCO,MKC,"Kansas City, United States",US,2026-08-27,1,https://www.aviasales.com/search/MCO2708MKC1?marker=741311
81,92,USD,LAX,MCE,"Merced, United States",US,2026-08-16,0,https://www.aviasales.com/search/LAX1608MCE1?marker=741311
82,95,USD,MIA,NAS,"Nassau, Bahamas",BS,2026-09-07,0,https://www.aviasales.com/search/MIA0709NAS1?marker=741311
83,95,USD,IAH,MEX,"Mexico City, Mexico",MX,2026-09-07,0,https://www.aviasales.com/search/IAH0709MEX1?marker=741311
84,95,USD,SFO,PAE,"Everett, United States",US,2026-10-28,0,https://www.aviasales.com/search/SFO2810PAE1?marker=741311
85,95,USD,LAX,GDL,"Guadalajara, Mexico",MX,2026-08-30,0,https://www.aviasales.com/search/LAX3008GDL1?marker=741311
86,97,USD,SFO,PSP,"Palm Springs, United States",US,2026-09-12,0,https://www.aviasales.com/search/SFO1209PSP1?marker=741311
87,99,USD,MSP,SRQ,"Sarasota, United States",US,2026-11-29,0,https://www.aviasales.com/search/MSP2911SRQ1?marker=741311
88,99,USD,LAX,TUS,"Tucson, United States",US,2027-01-30,0,https://www.aviasales.com/search/LAX3001TUS1?marker=741311
89,99,USD,AUS,MID,"Merida, Mexico",MX,2026-11-27,1,https://www.aviasales.com/search/AUS2711MID1?marker=741311
90,100,USD,MCO,MKE,"Milwaukee, United States",US,2026-09-01,0,https://www.aviasales.com/search/MCO0109MKE1?marker=741311
91,101,USD,AUS,CUN,"Cancun, Mexico",MX,2026-10-11,1,https://www.aviasales.com/search/AUS1110CUN1?marker=741311
92,103,USD,FLL,HVN,"New Haven, United States",US,2026-08-19,1,https://www.aviasales.com/search/FLL1908HVN1?marker=741311
93,103,USD,PHX,SOW,"Show Low, United States",US,2026-08-18,0,https://www.aviasales.com/search/PHX1808SOW1?marker=741311
94,105,USD,IAD,CAE,"Columbia, United States",US,2026-08-19,0,https://www.aviasales.com/search/IAD1908CAE1?marker=741311
95,105,USD,ORD,CAK,"Akron, United States",US,2026-08-17,0,https://www.aviasales.com/search/ORD1708CAK1?marker=741311
96,105,USD,IAH,OKC,"Oklahoma City, United States",US,2026-08-17,0,https://www.aviasales.com/search/IAH1708OKC1?marker=741311
97,105,USD,SFO,FAT,"Fresno, United States",US,2026-08-16,0,https://www.aviasales.com/search/SFO1608FAT1?marker=741311
98,105,USD,ORD,TUL,"Tulsa, United States",US,2026-08-11,0,https://www.aviasales.com/search/ORD1108TUL1?marker=741311
99,105,USD,IAH,BRO,"Brownsville, United States",US,2026-08-16,0,https://www.aviasales.com/search/IAH1608BRO1?marker=741311
100,105,USD,ORD,DSM,"Des Moines, United States",US,2026-08-15,0,https://www.aviasales.com/search/ORD1508DSM1?marker=741311
101,105,USD,ORD,TVC,"Traverse City, United States",US,2026-08-16,0,https://www.aviasales.com/search/ORD1608TVC1?marker=741311
102,105,USD,ORD,ICT,"Wichita, United States",US,2026-08-17,0,https://www.aviasales.com/search/ORD1708ICT1?marker=741311
103,105,USD,ORD,LEX,"Lexington, United States",US,2026-08-16,0,https://www.aviasales.com/search/ORD1608LEX1?marker=741311
104,105,USD,DEN,FAR,"Fargo, United States",US,2026-08-21,0,https://www.aviasales.com/search/DEN2108FAR1?marker=741311
105,105,USD,DEN,LNK,"Lincoln, United States",US,2026-08-19,0,https://www.aviasales.com/search/DEN1908LNK1?marker=741311
106,105,USD,LAX,SBA,"Santa Barbara, United States",US,2026-08-17,0,https://www.aviasales.com/search/LAX1708SBA1?marker=741311
107,105,USD,IAH,LFT,"Lafayette, United States",US,2026-08-17,0,https://www.aviasales.com/search/IAH1708LFT1?marker=741311
108,105,USD,DEN,MTJ,"Montrose, United States",US,2026-08-19,0,https://www.aviasales.com/search/DEN1908MTJ1?marker=741311
109,105,USD,DEN,ASE,"Aspen, United States",US,2026-08-16,0,https://www.aviasales.com/search/DEN1608ASE1?marker=741311
110,105,USD,DEN,GCC,"Gillette, United States",US,2026-08-19,0,https://www.aviasales.com/search/DEN1908GCC1?marker=741311
111,105,USD,DEN,CPR,"Casper, United States",US,2026-08-19,0,https://www.aviasales.com/search/DEN1908CPR1?marker=741311
112,105,USD,DEN,GJT,"Grand Junction, United States",US,2026-08-16,0,https://www.aviasales.com/search/DEN1608GJT1?marker=741311
113,106,USD,ORD,LIT,"Little Rock, United States",US,2026-09-02,1,https://www.aviasales.com/search/ORD0209LIT1?marker=741311
114,106,USD,ORD,ATW,"Appleton, United States",US,2026-08-14,0,https://www.aviasales.com/search/ORD1408ATW1?marker=741311
115,106,USD,MIA,GCM,"Georgetown, Cayman Islands",KY,2026-08-27,0,https://www.aviasales.com/search/MIA2708GCM1?marker=741311
116,106,USD,DEN,BFF,"Scottsbluff, United States",US,2026-08-18,0,https://www.aviasales.com/search/DEN1808BFF1?marker=741311
117,107,USD,IAH,PVR,"Puerto Vallarta, Mexico",MX,2026-11-15,1,https://www.aviasales.com/search/IAH1511PVR1?marker=741311
118,107,USD,BOS,BDA,"Bermuda, Bermuda",BM,2026-09-26,1,https://www.aviasales.com/search/BOS2609BDA1?marker=741311
119,108,USD,LAX,EUG,"Eugene, United States",US,2026-10-21,1,https://www.aviasales.com/search/LAX2110EUG1?marker=741311
120,109,USD,ORD,PIA,"Peoria, United States",US,2026-08-14,0,https://www.aviasales.com/search/ORD1408PIA1?marker=741311
121,111,USD,DFW,OAX,"Oaxaca, Mexico",MX,2026-09-27,1,https://www.aviasales.com/search/DFW2709OAX1?marker=741311
122,111,USD,JFK,HYA,"Hyannis, United States",US,2026-08-15,0,https://www.aviasales.com/search/JFK1508HYA1?marker=741311
123,112,USD,BOS,YMQ,"Montreal, Canada",CA,2026-09-15,1,https://www.aviasales.com/search/BOS1509YMQ1?marker=741311
124,113,USD,IAD,BDL,"Hartford, United States",US,2026-08-18,0,https://www.aviasales.com/search/IAD1808BDL1?marker=741311
125,113,USD,MIA,HSV,"Huntsville, United States",US,2026-09-10,1,https://www.aviasales.com/search/MIA1009HSV1?marker=741311
126,113,USD,DEN,CNY,"Moab, United States",US,2026-08-17,0,https://www.aviasales.com/search/DEN1708CNY1?marker=741311
127,114,USD,MCO,PVD,"Providence, United States",US,2026-09-19,1,https://www.aviasales.com/search/MCO1909PVD1?marker=741311
128,114,USD,JFK,PWM,"Portland, United States",US,2026-10-28,0,https://www.aviasales.com/search/JFK2810PWM1?marker=741311
129,114,USD,IAH,GPT,"Gulfport, United States",US,2026-08-18,0,https://www.aviasales.com/search/IAH1808GPT1?marker=741311
130,116,USD,ATL,PBI,"West Palm Beach, United States",US,2026-08-19,1,https://www.aviasales.com/search/ATL1908PBI1?marker=741311
131,118,USD,JFK,OMA,"Omaha, United States",US,2026-09-11,1,https://www.aviasales.com/search/JFK1109OMA1?marker=741311
132,118,USD,MIA,SDQ,"Santo Domingo, Dominican Republic",DO,2026-09-23,0,https://www.aviasales.com/search/MIA2309SDQ1?marker=741311
133,118,USD,ATL,FSD,"Sioux Falls, United States",US,2026-09-09,2,https://www.aviasales.com/search/ATL0909FSD1?marker=741311
134,119,USD,IAH,PBC,"Puebla, Mexico",MX,2026-08-23,1,https://www.aviasales.com/search/IAH2308PBC1?marker=741311
135,120,USD,JFK,SYR,"Syracuse, United States",US,2026-08-19,0,https://www.aviasales.com/search/JFK1908SYR1?marker=741311
136,121,USD,IAH,GRR,"Grand Rapids, United States",US,2026-10-31,1,https://www.aviasales.com/search/IAH3110GRR1?marker=741311
137,121,USD,IAH,TAM,"Tampico, Mexico",MX,2026-09-09,1,https://www.aviasales.com/search/IAH0909TAM1?marker=741311
138,122,USD,MCO,PUJ,"Punta Cana, Dominican Republic",DO,2026-08-13,1,https://www.aviasales.com/search/MCO1308PUJ1?marker=741311
139,122,USD,JFK,DAB,"Daytona Beach, United States",US,2026-09-21,1,https://www.aviasales.com/search/JFK2109DAB1?marker=741311
140,122,USD,ORD,AGU,"Aguascalientes, Mexico",MX,2026-11-27,1,https://www.aviasales.com/search/ORD2711AGU1?marker=741311
141,123,USD,IAH,VER,"Veracruz, Mexico",MX,2026-08-28,1,https://www.aviasales.com/search/IAH2808VER1?marker=741311
142,124,USD,ATL,BMI,"Bloomington, United States",US,2026-09-09,1,https://www.aviasales.com/search/ATL0909BMI1?marker=741311
143,124,USD,LAX,GEG,"Spokane, United States",US,2026-12-12,1,https://www.aviasales.com/search/LAX1212GEG1?marker=741311
144,125,USD,MCO,PSE,"Ponce, Puerto Rico",PR,2026-08-17,0,https://www.aviasales.com/search/MCO1708PSE1?marker=741311
145,126,USD,MIA,MDE,"Medellin, Colombia",CO,2026-09-25,1,https://www.aviasales.com/search/MIA2509MDE1?marker=741311
146,127,USD,ORD,GUA,"Guatemala City, Guatemala",GT,2026-09-07,1,https://www.aviasales.com/search/ORD0709GUA1?marker=741311
147,127,USD,IAH,BTR,"Baton Rouge, United States",US,2026-08-13,0,https://www.aviasales.com/search/IAH1308BTR1?marker=741311
148,128,USD,DEN,JAC,"Jackson, United States",US,2026-08-10,0,https://www.aviasales.com/search/DEN1008JAC1?marker=741311
149,128,USD,MSP,YQR,"Regina, Canada",CA,2026-09-09,0,https://www.aviasales.com/search/MSP0909YQR1?marker=741311
150,129,USD,MIA,BOG,"Bogota, Colombia",CO,2026-11-09,1,https://www.aviasales.com/search/MIA0911BOG1?marker=741311
151,129,USD,PHX,COS,"Colorado Springs, United States",US,2026-09-05,1,https://www.aviasales.com/search/PHX0509COS1?marker=741311
152,130,USD,MIA,POS,"Port Of Spain, Trinidad and Tobago",TT,2026-08-20,0,https://www.aviasales.com/search/MIA2008POS1?marker=741311
153,131,USD,DTW,CID,"Cedar Rapids, United States",US,2026-08-20,1,https://www.aviasales.com/search/DTW2008CID1?marker=741311
154,131,USD,LAX,SJD,"San Jose Del Cabo, Mexico",MX,2026-09-01,1,https://www.aviasales.com/search/LAX0109SJD1?marker=741311
155,132,USD,PDX,BIL,"Billings, United States",US,2026-09-09,1,https://www.aviasales.com/search/PDX0909BIL1?marker=741311
156,132,USD,ATL,MSN,"Madison, United States",US,2026-09-09,1,https://www.aviasales.com/search/ATL0909MSN1?marker=741311
157,132,USD,LAX,HMO,"Hermosillo, Mexico",MX,2026-09-09,1,https://www.aviasales.com/search/LAX0909HMO1?marker=741311
158,133,USD,BOS,ACK,"Nantucket, United States",US,2026-09-09,0,https://www.aviasales.com/search/BOS0909ACK1?marker=741311
159,134,USD,ORD,IRK,"Kirksville, United States",US,2026-08-14,0,https://www.aviasales.com/search/ORD1408IRK1?marker=741311
160,135,USD,IAD,CKB,"Clarksburg, United States",US,2026-08-17,0,https://www.aviasales.com/search/IAD1708CKB1?marker=741311
161,135,USD,FLL,HPN,"Westchester County, United States",US,2026-09-09,2,https://www.aviasales.com/search/FLL0909HPN1?marker=741311
162,135,USD,IAH,HRL,"Harlingen, United States",US,2026-09-09,1,https://www.aviasales.com/search/IAH0909HRL1?marker=741311
163,136,USD,DFW,MLB,"Melbourne, United States",US,2026-09-01,2,https://www.aviasales.com/search/DFW0109MLB1?marker=741311
164,136,USD,DFW,HOT,"Hot Springs, United States",US,2026-08-16,0,https://www.aviasales.com/search/DFW1608HOT1?marker=741311
165,136,USD,LAX,STS,"Santa Rosa, United States",US,2026-12-28,0,https://www.aviasales.com/search/LAX2812STS1?marker=741311
166,137,USD,MCO,SJO,"San Jose, Costa Rica",CR,2026-08-18,0,https://www.aviasales.com/search/MCO1808SJO1?marker=741311
167,137,USD,SFO,ELP,"El Paso, United States",US,2026-09-05,1,https://www.aviasales.com/search/SFO0509ELP1?marker=741311
168,137,USD,JFK,SXM,"Sint Maarten, Sint Maarten",SX,2026-09-29,1,https://www.aviasales.com/search/JFK2909SXM1?marker=741311
169,137,USD,SFO,PGA,"Page, United States",US,2026-09-13,1,https://www.aviasales.com/search/SFO1309PGA1?marker=741311
170,137,USD,PHX,MAF,"Midland, United States",US,2026-09-10,1,https://www.aviasales.com/search/PHX1009MAF1?marker=741311
171,138,USD,MIA,GGT,"George Town, Bahamas",BS,2026-08-10,0,https://www.aviasales.com/search/MIA1008GGT1?marker=741311
172,139,USD,SEA,ALW,"Walla Walla, United States",US,2026-10-01,0,https://www.aviasales.com/search/SEA0110ALW1?marker=741311
173,141,USD,MIA,LIM,"Lima, Peru",PE,2026-09-14,1,https://www.aviasales.com/search/MIA1409LIM1?marker=741311
174,141,USD,BNA,VPS,"Fort Walton Beach, United States",US,2026-10-06,1,https://www.aviasales.com/search/BNA0610VPS1?marker=741311
175,142,USD,RDU,ILM,"Wilmington, United States",US,2026-08-19,1,https://www.aviasales.com/search/RDU1908ILM1?marker=741311
176,142,USD,MCO,LON,"London, United Kingdom",GB,2026-10-19,0,https://www.aviasales.com/search/MCO1910LON1?marker=741311
177,143,USD,TPA,BTV,"Burlington, United States",US,2026-10-07,0,https://www.aviasales.com/search/TPA0710BTV1?marker=741311
178,145,USD,BOS,STI,"Santiago, Dominican Republic",DO,2026-08-23,1,https://www.aviasales.com/search/BOS2308STI1?marker=741311
179,145,USD,CLT,ALB,"Albany, United States",US,2026-10-16,1,https://www.aviasales.com/search/CLT1610ALB1?marker=741311
180,145,USD,ORD,SLP,"San Luis Potosi, Mexico",MX,2026-08-21,1,https://www.aviasales.com/search/ORD2108SLP1?marker=741311
181,146,USD,IAD,LYH,"Lynchburg, United States",US,2026-08-16,0,https://www.aviasales.com/search/IAD1608LYH1?marker=741311
182,146,USD,JFK,MBJ,"Montego Bay, Jamaica",JM,2026-08-26,1,https://www.aviasales.com/search/JFK2608MBJ1?marker=741311
183,146,USD,ORD,ACA,"Acapulco, Mexico",MX,2026-08-29,1,https://www.aviasales.com/search/ORD2908ACA1?marker=741311
184,147,USD,SEA,BHM,"Birmingham, United States",US,2026-09-17,2,https://www.aviasales.com/search/SEA1709BHM1?marker=741311
185,149,USD,JFK,ROM,"Rome, Italy",IT,2026-10-20,0,https://www.aviasales.com/search/JFK2010ROM1?marker=741311
186,149,USD,JFK,ATH,"Athens, Greece",GR,2026-10-13,0,https://www.aviasales.com/search/JFK1310ATH1?marker=741311
187,149,USD,MCO,ORH,"Worcester, United States",US,2026-09-01,1,https://www.aviasales.com/search/MCO0109ORH1?marker=741311
188,150,USD,MIA,SCL,"Santiago, Chile",CL,2026-09-30,1,https://www.aviasales.com/search/MIA3009SCL1?marker=741311
189,152,USD,IAH,SAL,"San Salvador, El Salvador",SV,2026-09-07,1,https://www.aviasales.com/search/IAH0709SAL1?marker=741311
190,152,USD,CLT,CRW,"Charleston, United States",US,2026-09-09,1,https://www.aviasales.com/search/CLT0909CRW1?marker=741311
191,153,USD,IAD,CTG,"Cartagena, Colombia",CO,2026-09-07,1,https://www.aviasales.com/search/IAD0709CTG1?marker=741311
192,153,USD,LAX,HNL,"Honolulu, United States",US,2026-09-23,0,https://www.aviasales.com/search/LAX2309HNL1?marker=741311
193,154,USD,ORD,MLI,"Moline, United States",US,2026-08-15,0,https://www.aviasales.com/search/ORD1508MLI1?marker=741311
194,154,USD,DCA,MHT,"Manchester, United States",US,2026-08-19,0,https://www.aviasales.com/search/DCA1908MHT1?marker=741311
195,154,USD,DFW,CHA,"Chattanooga, United States",US,2026-08-16,1,https://www.aviasales.com/search/DFW1608CHA1?marker=741311
196,154,USD,DFW,AMA,"Amarillo, United States",US,2026-08-20,0,https://www.aviasales.com/search/DFW2008AMA1?marker=741311
197,154,USD,PHX,GCN,"Grand Canyon, United States",US,2026-08-17,0,https://www.aviasales.com/search/PHX1708GCN1?marker=741311
198,155,USD,DEN,ALS,"Alamosa, United States",US,2026-08-20,0,https://www.aviasales.com/search/DEN2008ALS1?marker=741311
199,156,USD,SEA,YOW,"Ottawa, Canada",CA,2026-09-22,1,https://www.aviasales.com/search/SEA2209YOW1?marker=741311
200,157,USD,MIA,STT,"Saint Thomas, U.S. Virgin Islands",VI,2026-09-22,1,https://www.aviasales.com/search/MIA2209STT1?marker=741311
201,159,USD,SFO,KOA,"Kailua-Kona, United States",US,2026-09-23,0,https://www.aviasales.com/search/SFO2309KOA1?marker=741311
202,159,USD,PDX,SGU,"Saint George, United States",US,2026-08-14,1,https://www.aviasales.com/search/PDX1408SGU1?marker=741311
203,159,USD,MIA,VRA,"Varadero, Cuba",CU,2026-09-07,0,https://www.aviasales.com/search/MIA0709VRA1?marker=741311
204,163,USD,ORD,SGF,"Springfield, United States",US,2026-09-09,0,https://www.aviasales.com/search/ORD0909SGF1?marker=741311
205,163,USD,PHX,ABE,"Allentown, United States",US,2026-09-24,1,https://www.aviasales.com/search/PHX2409ABE1?marker=741311
206,164,USD,ORD,MHK,"Manhattan, United States",US,2026-08-20,0,https://www.aviasales.com/search/ORD2008MHK1?marker=741311
207,164,USD,DFW,CRP,"Corpus Christi, United States",US,2026-08-19,0,https://www.aviasales.com/search/DFW1908CRP1?marker=741311
208,164,USD,MIA,GNV,"Gainesville, United States",US,2026-08-12,0,https://www.aviasales.com/search/MIA1208GNV1?marker=741311
209,164,USD,CLT,AGS,"Augusta, United States",US,2026-08-14,0,https://www.aviasales.com/search/CLT1408AGS1?marker=741311
210,164,USD,CLT,FAY,"Fayetteville, United States",US,2026-08-20,0,https://www.aviasales.com/search/CLT2008FAY1?marker=741311
211,164,USD,JFK,AUA,"Oranjestad, Aruba",AW,2026-12-31,0,https://www.aviasales.com/search/JFK3112AUA1?marker=741311
212,164,USD,CLT,HHH,"Hilton Head, United States",US,2026-08-17,0,https://www.aviasales.com/search/CLT1708HHH1?marker=741311
213,165,USD,IAD,CLO,"Cali, Colombia",CO,2026-09-07,1,https://www.aviasales.com/search/IAD0709CLO1?marker=741311
214,165,USD,DFW,AEX,"Alexandria, United States",US,2026-08-14,0,https://www.aviasales.com/search/DFW1408AEX1?marker=741311
215,165,USD,SEA,MSO,"Missoula, United States",US,2026-12-01,0,https://www.aviasales.com/search/SEA0112MSO1?marker=741311
216,166,USD,MIA,LIR,"Liberia, Costa Rica",CR,2026-10-27,0,https://www.aviasales.com/search/MIA2710LIR1?marker=741311
217,167,USD,PHL,GSO,"Greensboro, United States",US,2026-08-18,0,https://www.aviasales.com/search/PHL1808GSO1?marker=741311
218,167,USD,DEN,CEZ,"Cortez, United States",US,2026-08-19,0,https://www.aviasales.com/search/DEN1908CEZ1?marker=741311
219,168,USD,JFK,BGI,"Bridgetown, Barbados",BB,2026-09-04,0,https://www.aviasales.com/search/JFK0409BGI1?marker=741311
220,169,USD,LAX,SHV,"Shreveport, United States",US,2026-08-12,1,https://www.aviasales.com/search/LAX1208SHV1?marker=741311
221,170,USD,ORD,DUB,"Dublin, Ireland",IE,2027-02-01,1,https://www.aviasales.com/search/ORD0102DUB1?marker=741311
222,170,USD,BOS,BHB,"Bar Harbor, United States",US,2026-08-17,0,https://www.aviasales.com/search/BOS1708BHB1?marker=741311
223,170,USD,TPA,YHZ,"Halifax, Canada",CA,2026-11-01,1,https://www.aviasales.com/search/TPA0111YHZ1?marker=741311
224,171,USD,MIA,GYE,"Guayaquil, Ecuador",EC,2026-09-01,1,https://www.aviasales.com/search/MIA0109GYE1?marker=741311
225,172,USD,MCO,HAR,"Harrisburg, United States",US,2026-08-20,1,https://www.aviasales.com/search/MCO2008HAR1?marker=741311
226,174,USD,MIA,SAO,"Sao Paulo, Brazil",BR,2026-08-17,1,https://www.aviasales.com/search/MIA1708SAO1?marker=741311
227,175,USD,DEN,PVU,"Provo, United States",US,2026-08-15,1,https://www.aviasales.com/search/DEN1508PVU1?marker=741311
228,176,USD,LAX,TIJ,"Tijuana, Mexico",MX,2026-08-20,1,https://www.aviasales.com/search/LAX2008TIJ1?marker=741311
229,178,USD,JFK,BCN,"Barcelona, Spain",ES,2026-10-20,1,https://www.aviasales.com/search/JFK2010BCN1?marker=741311
230,178,USD,MIA,KIN,"Kingston, Jamaica",JM,2026-09-11,0,https://www.aviasales.com/search/MIA1109KIN1?marker=741311
231,178,USD,LAX,RDD,"Redding, United States",US,2026-09-04,0,https://www.aviasales.com/search/LAX0409RDD1?marker=741311
232,180,USD,IAH,MZT,"Mazatlan, Mexico",MX,2026-09-03,1,https://www.aviasales.com/search/IAH0309MZT1?marker=741311
233,180,USD,LAX,LAP,"La Paz, Mexico",MX,2026-08-16,1,https://www.aviasales.com/search/LAX1608LAP1?marker=741311
234,181,USD,IAH,DGO,"Durango, Mexico",MX,2026-08-12,1,https://www.aviasales.com/search/IAH1208DGO1?marker=741311
235,182,USD,JFK,TIA,"Tirana, Albania",AL,2026-10-15,1,https://www.aviasales.com/search/JFK1510TIA1?marker=741311
236,183,USD,JFK,OGG,"Kahului, United States",US,2026-10-16,1,https://www.aviasales.com/search/JFK1610OGG1?marker=741311
237,184,USD,JFK,AGP,"Malaga, Spain",ES,2026-10-02,1,https://www.aviasales.com/search/JFK0210AGP1?marker=741311
238,184,USD,SFO,LIH,"Kauai Island, United States",US,2026-09-23,2,https://www.aviasales.com/search/SFO2309LIH1?marker=741311
239,184,USD,JFK,PLS,"Providenciales, Turks and Caicos Islands",TC,2026-08-30,0,https://www.aviasales.com/search/JFK3008PLS1?marker=741311
240,186,USD,MIA,PAR,"Paris, France",FR,2026-10-10,0,https://www.aviasales.com/search/MIA1010PAR1?marker=741311
241,188,USD,MIA,GEO,"Georgetown, Guyana",GY,2026-09-01,0,https://www.aviasales.com/search/MIA0109GEO1?marker=741311
242,188,USD,MCO,UIO,"Quito, Ecuador",EC,2027-01-20,1,https://www.aviasales.com/search/MCO2001UIO1?marker=741311
243,189,USD,ORD,YXJ,"Fort St John, Canada",CA,2026-10-02,1,https://www.aviasales.com/search/ORD0210YXJ1?marker=741311
244,189,USD,LAX,PRC,"Prescott, United States",US,2026-09-09,0,https://www.aviasales.com/search/LAX0909PRC1?marker=741311
245,189,USD,MCO,BQN,"Aguadilla, Puerto Rico",PR,2026-08-10,0,https://www.aviasales.com/search/MCO1008BQN1?marker=741311
246,189,USD,TPA,TOL,"Toledo, United States",US,2026-08-20,0,https://www.aviasales.com/search/TPA2008TOL1?marker=741311
247,190,USD,MIA,SAP,"San Pedro Sula, Honduras",HN,2026-11-12,0,https://www.aviasales.com/search/MIA1211SAP1?marker=741311
248,190,USD,SEA,RDM,"Redmond, United States",US,2026-09-04,0,https://www.aviasales.com/search/SEA0409RDM1?marker=741311
249,190,USD,SLC,MFR,"Medford, United States",US,2026-09-09,1,https://www.aviasales.com/search/SLC0909MFR1?marker=741311
250,191,USD,JFK,PRG,"Prague, Czech Republic",CZ,2026-10-03,1,https://www.aviasales.com/search/JFK0310PRG1?marker=741311
251,191,USD,MIA,ANC,"Anchorage, United States",US,2026-09-11,1,https://www.aviasales.com/search/MIA1109ANC1?marker=741311
252,191,USD,ATL,TGZ,"Tuxtla Gutierrez, Mexico",MX,2026-10-02,1,https://www.aviasales.com/search/ATL0210TGZ1?marker=741311
253,192,USD,ORD,RAP,"Rapid City, United States",US,2026-08-19,0,https://www.aviasales.com/search/ORD1908RAP1?marker=741311
254,192,USD,LAX,SMX,"Santa Maria, United States",US,2026-08-19,2,https://www.aviasales.com/search/LAX1908SMX1?marker=741311
255,193,USD,ORD,DAY,"Dayton, United States",US,2026-09-14,0,https://www.aviasales.com/search/ORD1409DAY1?marker=741311
256,194,USD,SEA,CPH,"Copenhagen, Denmark",DK,2026-08-30,1,https://www.aviasales.com/search/SEA3008CPH1?marker=741311
257,195,USD,MIA,PTY,"Panama City, Panama",PA,2026-08-19,0,https://www.aviasales.com/search/MIA1908PTY1?marker=741311
258,195,USD,JFK,MUC,"Munich, Germany",DE,2026-10-19,1,https://www.aviasales.com/search/JFK1910MUC1?marker=741311
259,195,USD,JFK,FLO,"Florence, United States",US,2026-09-12,1,https://www.aviasales.com/search/JFK1209FLO1?marker=741311
260,195,USD,PHX,PUB,"Pueblo, United States",US,2026-08-18,1,https://www.aviasales.com/search/PHX1808PUB1?marker=741311
261,196,USD,ORD,BUE,"Buenos Aires, Argentina",AR,2026-09-07,1,https://www.aviasales.com/search/ORD0709BUE1?marker=741311
262,197,USD,AUS,PEI,"Pereira, Colombia",CO,2026-08-28,2,https://www.aviasales.com/search/AUS2808PEI1?marker=741311
263,197,USD,ORD,DLH,"Duluth, United States",US,2026-09-17,0,https://www.aviasales.com/search/ORD1709DLH1?marker=741311
264,198,USD,JFK,ROA,"Roanoke, United States",US,2026-09-17,1,https://www.aviasales.com/search/JFK1709ROA1?marker=741311
265,199,USD,IAD,IDA,"Idaho Falls, United States",US,2026-08-27,1,https://www.aviasales.com/search/IAD2708IDA1?marker=741311
266,199,USD,AUS,JAN,"Jackson, United States",US,2026-08-28,1,https://www.aviasales.com/search/AUS2808JAN1?marker=741311
267,199,USD,LAX,BJX,"Leon/Guanajuato, Mexico",MX,2026-10-01,2,https://www.aviasales.com/search/LAX0110BJX1?marker=741311
268,201,USD,SEA,YQB,"Quebec, Canada",CA,2026-09-22,2,https://www.aviasales.com/search/SEA2209YQB1?marker=741311
269,202,USD,BOS,VEL,"Vernal, United States",US,2026-08-30,2,https://www.aviasales.com/search/BOS3008VEL1?marker=741311
270,202,USD,MIA,IQT,"Iquitos, Peru",PE,2026-11-04,1,https://www.aviasales.com/search/MIA0411IQT1?marker=741311
271,204,USD,JFK,MIL,"Milan, Italy",IT,2026-10-14,1,https://www.aviasales.com/search/JFK1410MIL1?marker=741311
272,205,USD,IAD,AVP,"Wilkes-Barre, United States",US,2026-08-18,1,https://www.aviasales.com/search/IAD1808AVP1?marker=741311
273,208,USD,JFK,MVY,"Martha's Vineyard, United States",US,2026-08-19,1,https://www.aviasales.com/search/JFK1908MVY1?marker=741311
274,209,USD,DTW,GRB,"Green Bay, United States",US,2026-09-09,1,https://www.aviasales.com/search/DTW0909GRB1?marker=741311
275,209,USD,MCO,STX,"Saint Croix, U.S. Virgin Islands",VI,2026-08-20,1,https://www.aviasales.com/search/MCO2008STX1?marker=741311
276,210,USD,MCO,SBN,"South Bend, United States",US,2026-08-21,2,https://www.aviasales.com/search/MCO2108SBN1?marker=741311
277,210,USD,LAX,BZE,"Belize City, Belize",BZ,2026-09-18,1,https://www.aviasales.com/search/LAX1809BZE1?marker=741311
278,212,USD,JFK,AYT,"Antalya, Turkiye",TR,2026-10-03,1,https://www.aviasales.com/search/JFK0310AYT1?marker=741311
279,214,USD,SEA,PSC,"Pasco, United States",US,2026-08-29,1,https://www.aviasales.com/search/SEA2908PSC1?marker=741311
280,215,USD,CLT,FRA,"Frankfurt, Germany",DE,2026-10-19,2,https://www.aviasales.com/search/CLT1910FRA1?marker=741311
281,216,USD,DTW,SCE,"State College, United States",US,2026-08-10,1,https://www.aviasales.com/search/DTW1008SCE1?marker=741311
282,216,USD,JFK,PSA,"Pisa, Italy",IT,2026-10-20,2,https://www.aviasales.com/search/JFK2010PSA1?marker=741311
283,217,USD,JFK,BEG,"Belgrade, Serbia",RS,2026-10-13,1,https://www.aviasales.com/search/JFK1310BEG1?marker=741311
284,218,USD,JFK,VLC,"Valencia, Spain",ES,2026-10-17,1,https://www.aviasales.com/search/JFK1710VLC1?marker=741311
285,218,USD,PHX,ACV,"Arcata, United States",US,2026-08-18,1,https://www.aviasales.com/search/PHX1808ACV1?marker=741311
286,218,USD,DEN,BGA,"Bucaramanga, Colombia",CO,2026-11-01,1,https://www.aviasales.com/search/DEN0111BGA1?marker=741311
287,220,USD,BOS,POP,"Puerto Plata, Dominican Republic",DO,2026-09-06,2,https://www.aviasales.com/search/BOS0609POP1?marker=741311
288,221,USD,SEA,FCA,"Kalispell, United States",US,2026-08-20,0,https://www.aviasales.com/search/SEA2008FCA1?marker=741311
289,222,USD,JFK,MAD,"Madrid, Spain",ES,2026-10-20,1,https://www.aviasales.com/search/JFK2010MAD1?marker=741311
290,222,USD,LAX,TYO,"Tokyo, Japan",JP,2026-08-30,0,https://www.aviasales.com/search/LAX3008TYO1?marker=741311
291,222,USD,JFK,KUT,"Kutaisi, Georgia",GE,2026-09-29,2,https://www.aviasales.com/search/JFK2909KUT1?marker=741311
292,224,USD,IAH,MOB,"Mobile, United States",US,2026-08-24,1,https://www.aviasales.com/search/IAH2408MOB1?marker=741311
293,224,USD,DEN,EAR,"Kearney, United States",US,2026-08-19,0,https://www.aviasales.com/search/DEN1908EAR1?marker=741311
294,224,USD,BNA,TRI,"Blountville, United States",US,2026-08-20,2,https://www.aviasales.com/search/BNA2008TRI1?marker=741311
295,224,USD,MCO,AXM,"Armenia, Colombia",CO,2026-08-15,2,https://www.aviasales.com/search/MCO1508AXM1?marker=741311
296,225,USD,IAD,ERI,"Erie, United States",US,2026-08-21,1,https://www.aviasales.com/search/IAD2108ERI1?marker=741311
297,225,USD,JFK,HAV,"Havana, Cuba",CU,2026-10-28,2,https://www.aviasales.com/search/JFK2810HAV1?marker=741311
298,225,USD,SFO,YXE,"Saskatoon, Canada",CA,2026-12-01,3,https://www.aviasales.com/search/SFO0112YXE1?marker=741311
299,227,USD,IAD,CHO,"Charlottesville, United States",US,2026-09-17,0,https://www.aviasales.com/search/IAD1709CHO1?marker=741311
300,227,USD,LAS,BFL,"Bakersfield, United States",US,2026-09-03,1,https://www.aviasales.com/search/LAS0309BFL1?marker=741311
301,229,USD,JFK,LCA,"Larnaca, Cyprus",CY,2026-10-14,1,https://www.aviasales.com/search/JFK1410LCA1?marker=741311
302,229,USD,JFK,GND,"St. George's, Grenada",GD,2026-11-12,1,https://www.aviasales.com/search/JFK1211GND1?marker=741311
303,230,USD,JFK,ANU,"Saint John's, Antigua and Barbuda",AG,2026-09-26,2,https://www.aviasales.com/search/JFK2609ANU1?marker=741311
304,230,USD,JFK,DUS,"Dusseldorf, Germany",DE,2026-10-13,2,https://www.aviasales.com/search/JFK1310DUS1?marker=741311
305,230,USD,LAX,MAM,"Matamoros, Mexico",MX,2026-08-18,2,https://www.aviasales.com/search/LAX1808MAM1?marker=741311
306,230,USD,LAS,TAP,"Tapachula, Mexico",MX,2026-08-17,2,https://www.aviasales.com/search/LAS1708TAP1?marker=741311
307,230,USD,LAX,ZLO,"Manzanillo, Mexico",MX,2026-08-16,2,https://www.aviasales.com/search/LAX1608ZLO1?marker=741311
308,231,USD,JFK,RMO,"Chisinau, Moldova",MD,2026-10-02,1,https://www.aviasales.com/search/JFK0210RMO1?marker=741311
309,234,USD,MSP,MTY,"Monterrey, Mexico",MX,2026-08-30,3,https://www.aviasales.com/search/MSP3008MTY1?marker=741311
310,234,USD,JFK,ECP,"Panama City, United States",US,2026-09-13,1,https://www.aviasales.com/search/JFK1309ECP1?marker=741311
311,236,USD,JFK,LIS,"Lisbon, Portugal",PT,2026-10-20,1,https://www.aviasales.com/search/JFK2010LIS1?marker=741311
312,236,USD,MCO,HTS,"Huntington, United States",US,2026-09-09,3,https://www.aviasales.com/search/MCO0909HTS1?marker=741311
313,237,USD,ATL,HUX,"Huatulco, Mexico",MX,2026-09-25,2,https://www.aviasales.com/search/ATL2509HUX1?marker=741311
314,237,USD,JFK,LEB,"Lebanon, United States",US,2026-08-19,1,https://www.aviasales.com/search/JFK1908LEB1?marker=741311
315,237,USD,TPA,SNU,"Santa Clara, Cuba",CU,2026-09-30,2,https://www.aviasales.com/search/TPA3009SNU1?marker=741311
316,238,USD,JFK,ALC,"Alicante, Spain",ES,2026-09-06,1,https://www.aviasales.com/search/JFK0609ALC1?marker=741311
317,239,USD,ORD,FOD,"Fort Dodge, United States",US,2026-08-14,0,https://www.aviasales.com/search/ORD1408FOD1?marker=741311
318,239,USD,DEN,GUC,"Gunnison, United States",US,2026-08-14,0,https://www.aviasales.com/search/DEN1408GUC1?marker=741311
319,239,USD,PHL,LBB,"Lubbock, United States",US,2026-12-24,1,https://www.aviasales.com/search/PHL2412LBB1?marker=741311
320,241,USD,JFK,VNO,"Vilnius, Lithuania",LT,2026-10-17,1,https://www.aviasales.com/search/JFK1710VNO1?marker=741311
321,242,USD,LAX,SGN,"Ho Chi Minh City, Vietnam",VN,2026-10-28,1,https://www.aviasales.com/search/LAX2810SGN1?marker=741311
322,242,USD,MIA,MGA,"Managua, Nicaragua",NI,2026-10-22,0,https://www.aviasales.com/search/MIA2210MGA1?marker=741311
323,242,USD,PHX,EVV,"Evansville, United States",US,2026-08-15,2,https://www.aviasales.com/search/PHX1508EVV1?marker=741311
324,242,USD,FLL,ZSA,"San Salvador, Bahamas",BS,2026-09-09,1,https://www.aviasales.com/search/FLL0909ZSA1?marker=741311
325,243,USD,DFW,CUU,"Chihuahua, Mexico",MX,2026-08-11,1,https://www.aviasales.com/search/DFW1108CUU1?marker=741311
326,243,USD,JFK,RUT,"Rutland, United States",US,2026-08-15,1,https://www.aviasales.com/search/JFK1508RUT1?marker=741311
327,245,USD,BOS,PBG,"Plattsburgh, United States",US,2026-09-09,2,https://www.aviasales.com/search/BOS0909PBG1?marker=741311
328,245,USD,ATL,AUG,"Augusta, United States",US,2026-08-16,2,https://www.aviasales.com/search/ATL1608AUG1?marker=741311
329,245,USD,SFO,YWG,"Winnipeg, Canada",CA,2027-02-01,1,https://www.aviasales.com/search/SFO0102YWG1?marker=741311
330,246,USD,MIA,ELH,"North Eleuthera, Bahamas",BS,2026-09-07,1,https://www.aviasales.com/search/MIA0709ELH1?marker=741311
331,248,USD,JFK,AMS,"Amsterdam, Netherlands",NL,2026-10-11,1,https://www.aviasales.com/search/JFK1110AMS1?marker=741311
332,248,USD,JFK,IBZ,"Ibiza, Spain",ES,2026-08-17,1,https://www.aviasales.com/search/JFK1708IBZ1?marker=741311
333,248,USD,JFK,VCE,"Venice, Italy",IT,2026-09-15,1,https://www.aviasales.com/search/JFK1509VCE1?marker=741311
334,250,USD,IAD,ITO,"Hilo, United States",US,2026-09-01,2,https://www.aviasales.com/search/IAD0109ITO1?marker=741311
335,250,USD,JFK,EDI,"Edinburgh, United Kingdom",GB,2026-09-20,1,https://www.aviasales.com/search/JFK2009EDI1?marker=741311
336,250,USD,TPA,FWA,"Fort Wayne, United States",US,2026-08-12,1,https://www.aviasales.com/search/TPA1208FWA1?marker=741311
337,251,USD,JFK,WAW,"Warsaw, Poland",PL,2026-09-27,1,https://www.aviasales.com/search/JFK2709WAW1?marker=741311
338,251,USD,SEA,PUW,"Pullman, United States",US,2026-08-18,0,https://www.aviasales.com/search/SEA1808PUW1?marker=741311
339,252,USD,BOS,PDL,"Ponta Delgada, Portugal",PT,2026-08-24,1,https://www.aviasales.com/search/BOS2408PDL1?marker=741311
340,252,USD,DEN,MOT,"Minot, United States",US,2026-08-19,1,https://www.aviasales.com/search/DEN1908MOT1?marker=741311
341,252,USD,MIA,CLJ,"Cluj-Napoca, Romania",RO,2026-10-10,1,https://www.aviasales.com/search/MIA1010CLJ1?marker=741311
342,252,USD,SEA,FAI,"Fairbanks, United States",US,2026-08-16,0,https://www.aviasales.com/search/SEA1608FAI1?marker=741311
343,253,USD,MIA,VRB,"Vero Beach, United States",US,2026-08-14,1,https://www.aviasales.com/search/MIA1408VRB1?marker=741311
344,254,USD,SEA,STO,"Stockholm, Sweden",SE,2026-10-13,3,https://www.aviasales.com/search/SEA1310STO1?marker=741311
345,254,USD,PHL,PGD,"Punta Gorda, United States",US,2026-08-18,2,https://www.aviasales.com/search/PHL1808PGD1?marker=741311
346,255,USD,ORD,NVA,"Neiva, Colombia",CO,2026-11-18,2,https://www.aviasales.com/search/ORD1811NVA1?marker=741311
347,255,USD,MIA,FDF,"Fort-de-France, Martinique",MQ,2027-01-07,1,https://www.aviasales.com/search/MIA0701FDF1?marker=741311
348,255,USD,JFK,CUE,"Cuenca, Ecuador",EC,2027-02-04,2,https://www.aviasales.com/search/JFK0402CUE1?marker=741311
349,256,USD,JFK,OPO,"Porto, Portugal",PT,2026-09-20,1,https://www.aviasales.com/search/JFK2009OPO1?marker=741311
350,256,USD,JFK,POZ,"Poznan, Poland",PL,2026-09-15,1,https://www.aviasales.com/search/JFK1509POZ1?marker=741311
351,257,USD,JFK,IST,"Istanbul, Turkiye",TR,2026-10-17,1,https://www.aviasales.com/search/JFK1710IST1?marker=741311
352,257,USD,BOS,RTB,"Roatan, Honduras",HN,2027-01-30,2,https://www.aviasales.com/search/BOS3001RTB1?marker=741311
353,257,USD,FLL,CAP,"Cap Haitien, Haiti",HT,2026-08-22,0,https://www.aviasales.com/search/FLL2208CAP1?marker=741311
354,257,USD,MIA,SRZ,"Santa Cruz, Bolivia",BO,2026-09-09,2,https://www.aviasales.com/search/MIA0909SRZ1?marker=741311
355,260,USD,ATL,OLB,"Olbia, Italy",IT,2026-10-14,2,https://www.aviasales.com/search/ATL1410OLB1?marker=741311
356,261,USD,JFK,BGR,"Bangor, United States",US,2026-10-03,1,https://www.aviasales.com/search/JFK0310BGR1?marker=741311
357,263,USD,BNA,BUD,"Budapest, Hungary",HU,2026-10-14,2,https://www.aviasales.com/search/BNA1410BUD1?marker=741311
358,263,USD,JFK,KSC,"Kosice, Slovakia",SK,2026-08-24,1,https://www.aviasales.com/search/JFK2408KSC1?marker=741311
359,263,USD,RDU,BKW,"Beckley, United States",US,2026-08-16,2,https://www.aviasales.com/search/RDU1608BKW1?marker=741311
360,264,USD,DFW,GRI,"Grand Island, United States",US,2026-08-19,1,https://www.aviasales.com/search/DFW1908GRI1?marker=741311
361,265,USD,JFK,EVN,"Yerevan, Armenia",AM,2026-10-20,2,https://www.aviasales.com/search/JFK2010EVN1?marker=741311
362,265,USD,LAX,YMM,"Fort McMurray, Canada",CA,2026-10-01,3,https://www.aviasales.com/search/LAX0110YMM1?marker=741311
363,267,USD,JFK,DBV,"Dubrovnik, Croatia",HR,2026-08-18,1,https://www.aviasales.com/search/JFK1808DBV1?marker=741311
364,267,USD,JFK,TGD,"Podgorica, Montenegro",ME,2026-08-24,1,https://www.aviasales.com/search/JFK2408TGD1?marker=741311
365,268,USD,JFK,TQO,"Tulum, Mexico",MX,2026-11-27,1,https://www.aviasales.com/search/JFK2711TQO1?marker=741311
366,270,USD,JFK,HAM,"Hamburg, Germany",DE,2026-09-27,1,https://www.aviasales.com/search/JFK2709HAM1?marker=741311
367,271,USD,LAX,SOF,"Sofia, Bulgaria",BG,2026-11-18,2,https://www.aviasales.com/search/LAX1811SOF1?marker=741311
368,271,USD,JFK,BRI,"Bari, Italy",IT,2026-09-06,2,https://www.aviasales.com/search/JFK0609BRI1?marker=741311
369,271,USD,JFK,CUR,"Curacao, Curaçao",CW,2027-01-06,1,https://www.aviasales.com/search/JFK0601CUR1?marker=741311
370,271,USD,SFO,ZCL,"Zacatecas, Mexico",MX,2026-08-18,2,https://www.aviasales.com/search/SFO1808ZCL1?marker=741311
371,272,USD,JFK,BAK,"Baku, Azerbaijan",AZ,2026-10-21,1,https://www.aviasales.com/search/JFK2110BAK1?marker=741311
372,273,USD,JFK,SSH,"Sharm el Sheikh, Egypt",EG,2026-10-19,1,https://www.aviasales.com/search/JFK1910SSH1?marker=741311
373,273,USD,IAH,LCH,"Lake Charles, United States",US,2026-08-17,0,https://www.aviasales.com/search/IAH1708LCH1?marker=741311
374,274,USD,JFK,BER,"Berlin, Germany",DE,2026-10-04,1,https://www.aviasales.com/search/JFK0410BER1?marker=741311
375,274,USD,ORD,CAI,"Cairo, Egypt",EG,2026-12-31,1,https://www.aviasales.com/search/ORD3112CAI1?marker=741311
376,274,USD,DFW,ILE,"Killeen, United States",US,2026-08-10,0,https://www.aviasales.com/search/DFW1008ILE1?marker=741311
377,275,USD,JFK,PUY,"Pula, Croatia",HR,2026-09-13,1,https://www.aviasales.com/search/JFK1309PUY1?marker=741311
378,277,USD,LAX,RIO,"Rio de Janeiro, Brazil",BR,2026-09-01,1,https://www.aviasales.com/search/LAX0109RIO1?marker=741311
379,277,USD,SFO,MNL,"Manila, Philippines",PH,2026-11-29,1,https://www.aviasales.com/search/SFO2911MNL1?marker=741311
380,277,USD,JFK,GDN,"Gdansk, Poland",PL,2026-10-14,1,https://www.aviasales.com/search/JFK1410GDN1?marker=741311
381,277,USD,JFK,BGO,"Bergen, Norway",NO,2026-08-29,1,https://www.aviasales.com/search/JFK2908BGO1?marker=741311
382,278,USD,FLL,EGE,"Vail, United States",US,2026-08-16,1,https://www.aviasales.com/search/FLL1608EGE1?marker=741311
383,279,USD,JFK,TCI,"Tenerife, Spain",ES,2026-09-21,2,https://www.aviasales.com/search/JFK2109TCI1?marker=741311
384,280,USD,JFK,KRK,"Krakow, Poland",PL,2026-09-13,1,https://www.aviasales.com/search/JFK1309KRK1?marker=741311
385,280,USD,BOS,SNN,"Shannon, Ireland",IE,2026-10-15,2,https://www.aviasales.com/search/BOS1510SNN1?marker=741311
386,280,USD,DEN,UIN,"Quincy, United States",US,2026-08-15,1,https://www.aviasales.com/search/DEN1508UIN1?marker=741311
387,280,USD,JFK,VRN,"Verona, Italy",IT,2026-10-12,2,https://www.aviasales.com/search/JFK1210VRN1?marker=741311
388,280,USD,SEA,YKM,"Yakima, United States",US,2026-08-16,0,https://www.aviasales.com/search/SEA1608YKM1?marker=741311
389,281,USD,JFK,TLL,"Tallinn, Estonia",EE,2026-10-05,3,https://www.aviasales.com/search/JFK0510TLL1?marker=741311
390,282,USD,FLL,LPB,"La Paz, Bolivia",BO,2027-02-01,2,https://www.aviasales.com/search/FLL0102LPB1?marker=741311
391,283,USD,MIA,XPL,"Comayagua, Honduras",HN,2026-08-31,2,https://www.aviasales.com/search/MIA3108XPL1?marker=741311
392,283,USD,LAX,SUN,"Sun Valley, United States",US,2026-08-19,1,https://www.aviasales.com/search/LAX1908SUN1?marker=741311
393,284,USD,PHX,LAR,"Laramie, United States",US,2026-08-18,1,https://www.aviasales.com/search/PHX1808LAR1?marker=741311
394,285,USD,MCO,HEL,"Helsinki, Finland",FI,2026-09-29,2,https://www.aviasales.com/search/MCO2909HEL1?marker=741311
395,285,USD,JFK,BUH,"Bucharest, Romania",RO,2026-09-29,1,https://www.aviasales.com/search/JFK2909BUH1?marker=741311
396,286,USD,IAD,EWN,"New Bern, United States",US,2026-08-17,2,https://www.aviasales.com/search/IAD1708EWN1?marker=741311
397,286,USD,JFK,SPU,"Split, Croatia",HR,2026-08-18,1,https://www.aviasales.com/search/JFK1808SPU1?marker=741311
398,286,USD,MCO,VIE,"Vienna, Austria",AT,2026-10-03,2,https://www.aviasales.com/search/MCO0310VIE1?marker=741311
399,286,USD,BOS,DXB,"Dubai, United Arab Emirates",AE,2026-09-07,1,https://www.aviasales.com/search/BOS0709DXB1?marker=741311
400,287,USD,JFK,LHE,"Lahore, Pakistan",PK,2026-08-31,1,https://www.aviasales.com/search/JFK3108LHE1?marker=741311
401,288,USD,MIA,BHZ,"Belo Horizonte, Brazil",BR,2026-08-23,1,https://www.aviasales.com/search/MIA2308BHZ1?marker=741311
402,289,USD,JFK,AOI,"Ancona, Italy",IT,2026-09-06,1,https://www.aviasales.com/search/JFK0609AOI1?marker=741311
403,289,USD,PDX,KUN,"Kaunas, Lithuania",LT,2026-08-26,2,https://www.aviasales.com/search/PDX2608KUN1?marker=741311
404,293,USD,JFK,OSL,"Oslo, Norway",NO,2026-12-08,1,https://www.aviasales.com/search/JFK0812OSL1?marker=741311
405,296,USD,BNA,ITH,"Ithaca, United States",US,2026-08-19,1,https://www.aviasales.com/search/BNA1908ITH1?marker=741311
406,298,USD,ORD,DEL,"New Delhi, India",IN,2026-09-07,1,https://www.aviasales.com/search/ORD0709DEL1?marker=741311
407,298,USD,JFK,FNC,"Funchal, Portugal",PT,2026-10-06,1,https://www.aviasales.com/search/JFK0610FNC1?marker=741311
408,298,USD,LAX,CVM,"Ciudad Victoria, Mexico",MX,2026-08-17,2,https://www.aviasales.com/search/LAX1708CVM1?marker=741311
409,298,USD,LAX,GUP,"Gallup, United States",US,2026-08-19,2,https://www.aviasales.com/search/LAX1908GUP1?marker=741311
410,299,USD,JFK,BJV,"Bodrum, Turkiye",TR,2026-08-25,1,https://www.aviasales.com/search/JFK2508BJV1?marker=741311
411,300,USD,ORD,ISB,"Islamabad, Pakistan",PK,2026-08-12,1,https://www.aviasales.com/search/ORD1208ISB1?marker=741311
412,300,USD,MIA,MDZ,"Mendoza, Argentina",AR,2026-08-16,1,https://www.aviasales.com/search/MIA1608MDZ1?marker=741311
413,300,USD,IAH,FPO,"Freeport, Bahamas",BS,2026-08-17,3,https://www.aviasales.com/search/IAH1708FPO1?marker=741311
414,301,USD,SLC,BTM,"Butte, United States",US,2026-08-13,1,https://www.aviasales.com/search/SLC1308BTM1?marker=741311
415,303,USD,JFK,CMN,"Casablanca, Morocco",MA,2026-10-16,2,https://www.aviasales.com/search/JFK1610CMN1?marker=741311
416,303,USD,SAN,CHQ,"Chania, Greece",GR,2026-08-18,1,https://www.aviasales.com/search/SAN1808CHQ1?marker=741311
417,305,USD,IAD,YFC,"Fredericton, Canada",CA,2026-08-19,2,https://www.aviasales.com/search/IAD1908YFC1?marker=741311
418,305,USD,JFK,TBS,"Tbilisi, Georgia",GE,2026-09-29,1,https://www.aviasales.com/search/JFK2909TBS1?marker=741311
419,305,USD,LAS,IAG,"Niagara Falls, United States",US,2026-09-02,3,https://www.aviasales.com/search/LAS0209IAG1?marker=741311
420,305,USD,LAX,YXS,"Prince George, Canada",CA,2026-08-20,2,https://www.aviasales.com/search/LAX2008YXS1?marker=741311
421,306,USD,IAD,CUZ,"Cusco, Peru",PE,2026-09-07,2,https://www.aviasales.com/search/IAD0709CUZ1?marker=741311
422,307,USD,LAX,CEC,"Crescent City, United States",US,2026-08-19,1,https://www.aviasales.com/search/LAX1908CEC1?marker=741311
423,308,USD,ORD,ZRH,"Zurich, Switzerland",CH,2027-01-23,1,https://www.aviasales.com/search/ORD2301ZRH1?marker=741311
424,309,USD,IAD,GVA,"Geneva, Switzerland",CH,2026-10-04,2,https://www.aviasales.com/search/IAD0410GVA1?marker=741311
425,309,USD,JFK,BRU,"Brussels, Belgium",BE,2026-09-24,1,https://www.aviasales.com/search/JFK2409BRU1?marker=741311
426,310,USD,JFK,DOM,"Dominica, Dominica",DM,2026-09-23,2,https://www.aviasales.com/search/JFK2309DOM1?marker=741311
427,311,USD,IAD,EAP,"Basel, Switzerland",CH,2026-10-04,2,https://www.aviasales.com/search/IAD0410EAP1?marker=741311
428,311,USD,LAX,CNM,"Carlsbad, United States",US,2026-08-18,1,https://www.aviasales.com/search/LAX1808CNM1?marker=741311
429,312,USD,ATL,BOM,"Mumbai, India",IN,2026-09-03,1,https://www.aviasales.com/search/ATL0309BOM1?marker=741311
430,312,USD,JFK,TAB,"Tobago, Trinidad and Tobago",TT,2026-09-03,1,https://www.aviasales.com/search/JFK0309TAB1?marker=741311
431,313,USD,JFK,MAN,"Manchester, United Kingdom",GB,2026-09-09,1,https://www.aviasales.com/search/JFK0909MAN1?marker=741311
432,313,USD,JFK,POA,"Porto Alegre, Brazil",BR,2026-09-25,2,https://www.aviasales.com/search/JFK2509POA1?marker=741311
433,313,USD,SEA,SKP,"Skopje, North Macedonia",MK,2026-10-15,3,https://www.aviasales.com/search/SEA1510SKP1?marker=741311
434,314,USD,MSP,STR,"Stuttgart, Germany",DE,2026-10-15,3,https://www.aviasales.com/search/MSP1510STR1?marker=741311
435,314,USD,MIA,BIQ,"Biarritz, France",FR,2026-09-24,2,https://www.aviasales.com/search/MIA2409BIQ1?marker=741311
436,315,USD,JFK,HER,"Heraklion, Greece",GR,2026-09-05,1,https://www.aviasales.com/search/JFK0509HER1?marker=741311
437,316,USD,SFO,CGN,"Cologne, Germany",DE,2026-11-15,1,https://www.aviasales.com/search/SFO1511CGN1?marker=741311
438,316,USD,SEA,NNG,"Nanning, China",CN,2027-01-17,2,https://www.aviasales.com/search/SEA1701NNG1?marker=741311
439,317,USD,JFK,RIX,"Riga, Latvia",LV,2026-08-28,1,https://www.aviasales.com/search/JFK2808RIX1?marker=741311
440,317,USD,TPA,MBS,"Saginaw, United States",US,2026-12-01,1,https://www.aviasales.com/search/TPA0112MBS1?marker=741311
441,317,USD,JFK,PMF,"Parma, Italy",IT,2026-09-02,1,https://www.aviasales.com/search/JFK0209PMF1?marker=741311
442,318,USD,MIA,VIX,"Vitoria, Brazil",BR,2026-11-09,2,https://www.aviasales.com/search/MIA0911VIX1?marker=741311
443,319,USD,JFK,IZM,"Izmir, Turkiye",TR,2026-08-20,1,https://www.aviasales.com/search/JFK2008IZM1?marker=741311
444,319,USD,MCO,NAT,"Natal, Brazil",BR,2026-12-20,2,https://www.aviasales.com/search/MCO2012NAT1?marker=741311
445,321,USD,IAD,PMI,"Palma, Spain",ES,2026-09-28,2,https://www.aviasales.com/search/IAD2809PMI1?marker=741311
446,321,USD,JFK,LNS,"Lancaster, United States",US,2026-08-20,2,https://www.aviasales.com/search/JFK2008LNS1?marker=741311
447,321,USD,FLL,RKD,"Rockland, United States",US,2026-08-15,2,https://www.aviasales.com/search/FLL1508RKD1?marker=741311
448,322,USD,DFW,MAO,"Manaus, Brazil",BR,2026-10-30,2,https://www.aviasales.com/search/DFW3010MAO1?marker=741311
449,322,USD,JFK,UBS,"Columbus, United States",US,2026-08-18,2,https://www.aviasales.com/search/JFK1808UBS1?marker=741311
450,322,USD,JFK,ZTH,"Zakinthos, Greece",GR,2026-09-29,2,https://www.aviasales.com/search/JFK2909ZTH1?marker=741311
451,322,USD,LAX,BIS,"Bismarck, United States",US,2026-08-17,2,https://www.aviasales.com/search/LAX1708BIS1?marker=741311
452,322,USD,LAX,UPN,"Uruapan, Mexico",MX,2026-09-09,3,https://www.aviasales.com/search/LAX0909UPN1?marker=741311
453,323,USD,JFK,MPL,"Montpellier, France",FR,2026-09-24,1,https://www.aviasales.com/search/JFK2409MPL1?marker=741311
454,323,USD,JFK,REU,"Reus, Spain",ES,2026-09-27,1,https://www.aviasales.com/search/JFK2709REU1?marker=741311
455,323,USD,JFK,GLA,"Glasgow, United Kingdom",GB,2026-08-21,1,https://www.aviasales.com/search/JFK2108GLA1?marker=741311
456,326,USD,JFK,BTS,"Bratislava, Slovakia",SK,2026-10-08,1,https://www.aviasales.com/search/JFK0810BTS1?marker=741311
457,326,USD,IAH,AOO,"Altoona, United States",US,2026-08-18,1,https://www.aviasales.com/search/IAH1808AOO1?marker=741311
458,327,USD,IAD,JED,"Jeddah, Saudi Arabia",SA,2026-09-04,1,https://www.aviasales.com/search/IAD0409JED1?marker=741311
459,328,USD,FLL,OGL,"Georgetown, Guyana",GY,2026-08-31,1,https://www.aviasales.com/search/FLL3108OGL1?marker=741311
460,328,USD,LAX,WYS,"West Yellowstone, United States",US,2026-08-17,1,https://www.aviasales.com/search/LAX1708WYS1?marker=741311
461,328,USD,JFK,DLM,"Dalaman, Turkiye",TR,2026-09-14,2,https://www.aviasales.com/search/JFK1409DLM1?marker=741311
462,328,USD,JFK,SVQ,"Sevilla, Spain",ES,2026-11-10,1,https://www.aviasales.com/search/JFK1011SVQ1?marker=741311
463,329,USD,JFK,NCE,"Nice, France",FR,2026-10-10,2,https://www.aviasales.com/search/JFK1010NCE1?marker=741311
464,329,USD,MIA,ASU,"Asuncion, Paraguay",PY,2026-09-11,1,https://www.aviasales.com/search/MIA1109ASU1?marker=741311
465,329,USD,DEN,SBY,"Salisbury-Ocean City, United States",US,2026-08-17,3,https://www.aviasales.com/search/DEN1708SBY1?marker=741311
466,330,USD,ATL,DEC,"Decatur, United States",US,2026-08-16,1,https://www.aviasales.com/search/ATL1608DEC1?marker=741311
467,331,USD,SFO,ZAG,"Zagreb, Croatia",HR,2026-10-12,2,https://www.aviasales.com/search/SFO1210ZAG1?marker=741311
468,331,USD,JFK,TIV,"Tivat, Montenegro",ME,2026-10-01,2,https://www.aviasales.com/search/JFK0110TIV1?marker=741311
469,331,USD,SEA,YYJ,"Victoria, Canada",CA,2026-08-19,1,https://www.aviasales.com/search/SEA1908YYJ1?marker=741311
470,332,USD,SEA,REK,"Reykjavik, Iceland",IS,2026-09-12,1,https://www.aviasales.com/search/SEA1209REK1?marker=741311
471,332,USD,MIA,SKB,"Basseterre, Saint Kitts and Nevis",KN,2026-11-02,2,https://www.aviasales.com/search/MIA0211SKB1?marker=741311
472,333,USD,JFK,NAP,"Naples, Italy",IT,2026-09-25,1,https://www.aviasales.com/search/JFK2509NAP1?marker=741311
473,333,USD,MIA,FLN,"Florianopolis, Brazil",BR,2026-10-30,2,https://www.aviasales.com/search/MIA3010FLN1?marker=741311
474,334,USD,IAD,FNT,"Flint, United States",US,2026-08-14,1,https://www.aviasales.com/search/IAD1408FNT1?marker=741311
475,334,USD,DTW,ELM,"Elmira, United States",US,2026-08-13,2,https://www.aviasales.com/search/DTW1308ELM1?marker=741311
476,334,USD,JFK,JER,"Jersey, Jersey",JE,2026-09-10,1,https://www.aviasales.com/search/JFK1009JER1?marker=741311
477,336,USD,MIA,SCU,"Santiago, Cuba",CU,2026-11-24,2,https://www.aviasales.com/search/MIA2411SCU1?marker=741311
478,336,USD,LAS,ALO,"Waterloo, United States",US,2026-09-01,1,https://www.aviasales.com/search/LAS0109ALO1?marker=741311
479,337,USD,MIA,MVD,"Montevideo, Uruguay",UY,2026-08-23,1,https://www.aviasales.com/search/MIA2308MVD1?marker=741311
480,337,USD,JFK,GRO,"Girona, Spain",ES,2026-09-27,1,https://www.aviasales.com/search/JFK2709GRO1?marker=741311
481,337,USD,JFK,EIS,"Beef Island, British Virgin Islands",VG,2026-10-16,2,https://www.aviasales.com/search/JFK1610EIS1?marker=741311
482,338,USD,ORD,PKB,"Parkersburg, United States",US,2026-08-17,2,https://www.aviasales.com/search/ORD1708PKB1?marker=741311
483,338,USD,MIA,PTP,"Pointe-a-pitre, Guadeloupe",GP,2026-12-08,1,https://www.aviasales.com/search/MIA0812PTP1?marker=741311
484,339,USD,IAH,MTT,"Minatitlan, Mexico",MX,2026-08-15,1,https://www.aviasales.com/search/IAH1508MTT1?marker=741311
485,339,USD,LAS,MBL,"Manistee, United States",US,2026-08-16,1,https://www.aviasales.com/search/LAS1608MBL1?marker=741311
486,340,USD,LAX,FLR,"Florence, Italy",IT,2026-08-25,2,https://www.aviasales.com/search/LAX2508FLR1?marker=741311
487,340,USD,JFK,BON,"Kralendijk, Caribbean Netherlands",BQ,2026-08-11,1,https://www.aviasales.com/search/JFK1108BON1?marker=741311
488,341,USD,SFO,DAD,"Da Nang, Vietnam",VN,2026-09-09,1,https://www.aviasales.com/search/SFO0909DAD1?marker=741311
489,341,USD,JFK,SKG,"Thessaloniki, Greece",GR,2026-10-06,2,https://www.aviasales.com/search/JFK0610SKG1?marker=741311
490,341,USD,MSP,CMX,"Hancock, United States",US,2026-08-14,1,https://www.aviasales.com/search/MSP1408CMX1?marker=741311
491,342,USD,BOS,RAI,"Praia, Cape Verde",CV,2026-08-29,0,https://www.aviasales.com/search/BOS2908RAI1?marker=741311
492,342,USD,ATL,MLU,"Monroe, United States",US,2026-08-15,2,https://www.aviasales.com/search/ATL1508MLU1?marker=741311
493,342,USD,JFK,ORK,"Cork, Ireland",IE,2026-08-11,1,https://www.aviasales.com/search/JFK1108ORK1?marker=741311
494,343,USD,ORD,SIN,"Singapore, Singapore",SG,2026-09-21,1,https://www.aviasales.com/search/ORD2109SIN1?marker=741311
495,343,USD,DTW,BLI,"Bellingham, United States",US,2026-08-20,2,https://www.aviasales.com/search/DTW2008BLI1?marker=741311
496,344,USD,BOS,CWB,"Curitiba, Brazil",BR,2026-08-20,2,https://www.aviasales.com/search/BOS2008CWB1?marker=741311
497,344,USD,PHX,MSL,"Muscle Shoals, United States",US,2026-08-13,2,https://www.aviasales.com/search/PHX1308MSL1?marker=741311
498,345,USD,MIA,EAT,"Wenatchee, United States",US,2026-08-16,1,https://www.aviasales.com/search/MIA1608EAT1?marker=741311
499,348,USD,JFK,RUH,"Riyadh, Saudi Arabia",SA,2026-09-10,1,https://www.aviasales.com/search/JFK1009RUH1?marker=741311
500,349,USD,MIA,IWD,"Ironwood, United States",US,2026-08-17,2,https://www.aviasales.com/search/MIA1708IWD1?marker=741311
501,349,USD,MCO,YYT,"St. John's, Canada",CA,2026-08-18,2,https://www.aviasales.com/search/MCO1808YYT1?marker=741311
502,350,USD,IAD,TLS,"Toulouse, France",FR,2026-09-07,2,https://www.aviasales.com/search/IAD0709TLS1?marker=741311
503,350,USD,LAX,RAK,"Marrakech, Morocco",MA,2026-10-18,2,https://www.aviasales.com/search/LAX1810RAK1?marker=741311
504,350,USD,BOS,MLA,"Malta, Malta",MT,2026-10-03,2,https://www.aviasales.com/search/BOS0310MLA1?marker=741311
505,350,USD,JFK,LPA,"Las Palmas, Spain",ES,2026-08-31,2,https://www.aviasales.com/search/JFK3108LPA1?marker=741311
506,351,USD,LAX,SHA,"Shanghai, China",CN,2026-11-01,1,https://www.aviasales.com/search/LAX0111SHA1?marker=741311
507,351,USD,LAX,MKK,"Hoolehua, United States",US,2026-09-05,1,https://www.aviasales.com/search/LAX0509MKK1?marker=741311
508,352,USD,SFO,SEL,"Seoul, South Korea",KR,2026-08-19,0,https://www.aviasales.com/search/SFO1908SEL1?marker=741311
509,353,USD,JFK,MCT,"Muscat, Oman",OM,2026-09-01,1,https://www.aviasales.com/search/JFK0109MCT1?marker=741311
510,353,USD,MIA,ROS,"Rosario, Argentina",AR,2026-09-08,1,https://www.aviasales.com/search/MIA0809ROS1?marker=741311
511,353,USD,JFK,LAN,"Lansing, United States",US,2026-08-17,1,https://www.aviasales.com/search/JFK1708LAN1?marker=741311
512,354,USD,JFK,CFU,"Kerkyra, Greece",GR,2026-08-18,1,https://www.aviasales.com/search/JFK1808CFU1?marker=741311
513,355,USD,IAD,KWI,"Kuwait City, Kuwait",KW,2026-09-07,1,https://www.aviasales.com/search/IAD0709KWI1?marker=741311
514,355,USD,SFO,CRK,"City of Angeles, Philippines",PH,2026-10-21,1,https://www.aviasales.com/search/SFO2110CRK1?marker=741311
515,357,USD,FLL,COU,"Columbia, United States",US,2026-08-16,2,https://www.aviasales.com/search/FLL1608COU1?marker=741311
516,357,USD,JFK,JMK,"Mikonos, Greece",GR,2026-09-01,1,https://www.aviasales.com/search/JFK0109JMK1?marker=741311
517,357,USD,LAS,CJS,"Ciudad Juarez, Mexico",MX,2026-09-07,3,https://www.aviasales.com/search/LAS0709CJS1?marker=741311
518,357,USD,MSP,AZO,"Kalamazoo, United States",US,2026-08-17,1,https://www.aviasales.com/search/MSP1708AZO1?marker=741311
519,358,USD,LAX,CAN,"Guangzhou, China",CN,2026-11-08,1,https://www.aviasales.com/search/LAX0811CAN1?marker=741311
520,359,USD,IAD,BIO,"Bilbao, Spain",ES,2026-09-07,2,https://www.aviasales.com/search/IAD0709BIO1?marker=741311
521,359,USD,JFK,AUH,"Abu Dhabi, United Arab Emirates",AE,2026-10-14,2,https://www.aviasales.com/search/JFK1410AUH1?marker=741311
522,359,USD,JFK,RHO,"Rhodes, Greece",GR,2026-08-18,1,https://www.aviasales.com/search/JFK1808RHO1?marker=741311
523,360,USD,JFK,EWB,"New Bedford, United States",US,2026-08-17,1,https://www.aviasales.com/search/JFK1708EWB1?marker=741311
524,361,USD,LAX,BJS,"Beijing, China",CN,2026-11-10,1,https://www.aviasales.com/search/LAX1011BJS1?marker=741311
525,361,USD,LAX,VAR,"Varna, Bulgaria",BG,2026-11-10,3,https://www.aviasales.com/search/LAX1011VAR1?marker=741311
526,362,USD,DFW,JLN,"Joplin, United States",US,2026-08-17,1,https://www.aviasales.com/search/DFW1708JLN1?marker=741311
527,362,USD,MSP,YYG,"Charlottetown, Canada",CA,2026-08-20,1,https://www.aviasales.com/search/MSP2008YYG1?marker=741311
528,363,USD,MIA,HOG,"Holguin, Cuba",CU,2026-09-08,0,https://www.aviasales.com/search/MIA0809HOG1?marker=741311
529,363,USD,LAX,LTO,"Loreto, Mexico",MX,2026-08-19,3,https://www.aviasales.com/search/LAX1908LTO1?marker=741311
530,363,USD,TPA,SCY,"San Cristobal, Ecuador",EC,2026-09-15,3,https://www.aviasales.com/search/TPA1509SCY1?marker=741311
531,364,USD,BOS,SCV,"Suceava, Romania",RO,2026-09-11,2,https://www.aviasales.com/search/BOS1109SCV1?marker=741311
532,365,USD,SFO,JNU,"Juneau, United States",US,2026-09-11,2,https://www.aviasales.com/search/SFO1109JNU1?marker=741311
533,365,USD,JFK,PBM,"Paramaribo, Suriname",SR,2026-10-30,1,https://www.aviasales.com/search/JFK3010PBM1?marker=741311
534,365,USD,JFK,EVE,"Harstad-Narvik, Norway",NO,2026-12-07,2,https://www.aviasales.com/search/JFK0712EVE1?marker=741311
535,367,USD,PHL,MEI,"Meridian, United States",US,2026-08-17,2,https://www.aviasales.com/search/PHL1708MEI1?marker=741311
536,367,USD,DTW,MFE,"McAllen, United States",US,2026-08-19,2,https://www.aviasales.com/search/DTW1908MFE1?marker=741311
537,367,USD,PDX,AUW,"Wausau, United States",US,2026-10-17,2,https://www.aviasales.com/search/PDX1710AUW1?marker=741311
538,368,USD,JFK,LJU,"Ljubljana, Slovenia",SI,2026-11-13,3,https://www.aviasales.com/search/JFK1311LJU1?marker=741311
539,368,USD,BOS,SZG,"Salzburg, Austria",AT,2026-09-19,2,https://www.aviasales.com/search/BOS1909SZG1?marker=741311
540,368,USD,SFO,PPT,"Papeete, French Polynesia",PF,2026-08-10,0,https://www.aviasales.com/search/SFO1008PPT1?marker=741311
541,370,USD,LAX,HAN,"Hanoi, Vietnam",VN,2026-10-13,1,https://www.aviasales.com/search/LAX1310HAN1?marker=741311
542,370,USD,JFK,GZP,"Alanya, Turkiye",TR,2026-10-22,3,https://www.aviasales.com/search/JFK2210GZP1?marker=741311
543,370,USD,DEN,BLL,"Billund, Denmark",DK,2026-12-01,1,https://www.aviasales.com/search/DEN0112BLL1?marker=741311
544,371,USD,ORD,FMM,"Memmingen, Germany",DE,2026-09-10,2,https://www.aviasales.com/search/ORD1009FMM1?marker=741311
545,371,USD,SFO,DLC,"Dalian, China",CN,2026-08-24,1,https://www.aviasales.com/search/SFO2408DLC1?marker=741311
546,372,USD,ORD,SRE,"Sucre, Bolivia",BO,2026-11-02,3,https://www.aviasales.com/search/ORD0211SRE1?marker=741311
547,372,USD,JFK,LYS,"Lyon, France",FR,2026-08-18,2,https://www.aviasales.com/search/JFK1808LYS1?marker=741311
548,372,USD,DTW,MKG,"Muskegon, United States",US,2026-08-13,1,https://www.aviasales.com/search/DTW1308MKG1?marker=741311
549,373,USD,ORD,ALG,"Algiers, Algeria",DZ,2026-10-20,2,https://www.aviasales.com/search/ORD2010ALG1?marker=741311
550,373,USD,JFK,SUF,"Lamezia Terme, Italy",IT,2026-09-16,2,https://www.aviasales.com/search/JFK1609SUF1?marker=741311
551,375,USD,DEN,CZM,"Cozumel, Mexico",MX,2027-01-01,1,https://www.aviasales.com/search/DEN0101CZM1?marker=741311
552,375,USD,PDX,YZF,"Yellowknife, Canada",CA,2026-08-14,1,https://www.aviasales.com/search/PDX1408YZF1?marker=741311
553,376,USD,BOS,SHJ,"Sharjah, United Arab Emirates",AE,2026-09-16,1,https://www.aviasales.com/search/BOS1609SHJ1?marker=741311
554,377,USD,LAX,EIN,"Eindhoven, Netherlands",NL,2026-11-14,2,https://www.aviasales.com/search/LAX1411EIN1?marker=741311
555,379,USD,IAD,MAA,"Chennai, India",IN,2026-09-07,1,https://www.aviasales.com/search/IAD0709MAA1?marker=741311
556,379,USD,SAN,SSA,"Salvador, Brazil",BR,2026-09-01,2,https://www.aviasales.com/search/SAN0109SSA1?marker=741311
557,379,USD,MCO,ANK,"Ankara, Turkiye",TR,2026-08-17,1,https://www.aviasales.com/search/MCO1708ANK1?marker=741311
558,379,USD,JFK,BES,"Brest, France",FR,2026-08-10,1,https://www.aviasales.com/search/JFK1008BES1?marker=741311
559,380,USD,LAS,HKG,"Hong Kong, Hong Kong",HK,2027-01-31,1,https://www.aviasales.com/search/LAS3101HKG1?marker=741311
560,380,USD,LAX,HRB,"Harbin, China",CN,2026-09-27,1,https://www.aviasales.com/search/LAX2709HRB1?marker=741311
561,380,USD,JFK,MED,"Medina, Saudi Arabia",SA,2026-08-30,1,https://www.aviasales.com/search/JFK3008MED1?marker=741311
562,380,USD,JFK,KTN,"Ketchikan, United States",US,2026-08-30,2,https://www.aviasales.com/search/JFK3008KTN1?marker=741311
563,380,USD,MCO,MGF,"Maringa, Brazil",BR,2026-08-10,2,https://www.aviasales.com/search/MCO1008MGF1?marker=741311
564,381,USD,ORD,RST,"Rochester, United States",US,2026-08-19,0,https://www.aviasales.com/search/ORD1908RST1?marker=741311
565,382,USD,JFK,HYD,"Hyderabad, India",IN,2026-09-10,1,https://www.aviasales.com/search/JFK1009HYD1?marker=741311
566,382,USD,MIA,OAJ,"Jacksonville, United States",US,2026-08-19,1,https://www.aviasales.com/search/MIA1908OAJ1?marker=741311
567,383,USD,IAH,BKK,"Bangkok, Thailand",TH,2026-09-02,1,https://www.aviasales.com/search/IAH0209BKK1?marker=741311
568,383,USD,LAX,SYX,"Sanya, China",CN,2026-11-08,1,https://www.aviasales.com/search/LAX0811SYX1?marker=741311
569,386,USD,DCA,XSC,"South Caicos, Turks and Caicos Islands",TC,2026-08-17,2,https://www.aviasales.com/search/DCA1708XSC1?marker=741311
570,386,USD,LAX,TSN,"Tianjin, China",CN,2026-09-08,1,https://www.aviasales.com/search/LAX0809TSN1?marker=741311
571,387,USD,RDU,PHF,"Newport News, United States",US,2026-08-15,2,https://www.aviasales.com/search/RDU1508PHF1?marker=741311
572,387,USD,JFK,LWN,"Gyumri, Armenia",AM,2026-09-21,3,https://www.aviasales.com/search/JFK2109LWN1?marker=741311
573,388,USD,LAX,SIA,"Xian, China",CN,2026-09-22,1,https://www.aviasales.com/search/LAX2209SIA1?marker=741311
574,388,USD,TPA,NUE,"Nuremberg, Germany",DE,2026-11-03,2,https://www.aviasales.com/search/TPA0311NUE1?marker=741311
575,389,USD,LAX,OSA,"Osaka, Japan",JP,2026-08-23,1,https://www.aviasales.com/search/LAX2308OSA1?marker=741311
576,390,USD,LAX,JKT,"Jakarta, Indonesia",ID,2026-08-30,1,https://www.aviasales.com/search/LAX3008JKT1?marker=741311
577,390,USD,MIA,CUC,"Cucuta, Colombia",CO,2026-12-22,1,https://www.aviasales.com/search/MIA2212CUC1?marker=741311
578,391,USD,ORD,SLN,"Salina, United States",US,2026-08-16,0,https://www.aviasales.com/search/ORD1608SLN1?marker=741311
579,391,USD,MIA,CTA,"Catania, Italy",IT,2026-09-08,2,https://www.aviasales.com/search/MIA0809CTA1?marker=741311
580,391,USD,SEA,SIT,"Sitka, United States",US,2026-08-20,0,https://www.aviasales.com/search/SEA2008SIT1?marker=741311
581,392,USD,TPA,SJJ,"Sarajevo, Bosnia and Herzegovina",BA,2026-08-24,3,https://www.aviasales.com/search/TPA2408SJJ1?marker=741311
582,393,USD,JFK,KHI,"Karachi, Pakistan",PK,2026-08-15,1,https://www.aviasales.com/search/JFK1508KHI1?marker=741311
583,393,USD,SEA,TPE,"Taipei, Taiwan",TW,2026-11-11,1,https://www.aviasales.com/search/SEA1111TPE1?marker=741311
584,394,USD,LAX,NAN,"Nadi, Fiji",FJ,2026-08-26,0,https://www.aviasales.com/search/LAX2608NAN1?marker=741311
585,394,USD,JFK,ATQ,"Amritsar, India",IN,2026-08-17,2,https://www.aviasales.com/search/JFK1708ATQ1?marker=741311
586,394,USD,LAX,JTR,"Thira, Greece",GR,2026-09-26,2,https://www.aviasales.com/search/LAX2609JTR1?marker=741311
587,394,USD,LAX,DRO,"Durango, United States",US,2026-08-16,1,https://www.aviasales.com/search/LAX1608DRO1?marker=741311
588,396,USD,PHX,YUM,"Yuma, United States",US,2026-08-19,0,https://www.aviasales.com/search/PHX1908YUM1?marker=741311
589,398,USD,ORD,HKT,"Phuket, Thailand",TH,2026-09-24,1,https://www.aviasales.com/search/ORD2409HKT1?marker=741311
590,398,USD,TPA,CCS,"Caracas, Venezuela",VE,2026-09-15,3,https://www.aviasales.com/search/TPA1509CCS1?marker=741311
591,399,USD,JFK,BAH,"Manama, Bahrain",BH,2026-09-22,1,https://www.aviasales.com/search/JFK2209BAH1?marker=741311
592,399,USD,PHL,SHD,"Staunton, United States",US,2026-08-18,2,https://www.aviasales.com/search/PHL1808SHD1?marker=741311
593,403,USD,JFK,TRN,"Turin, Italy",IT,2026-12-13,2,https://www.aviasales.com/search/JFK1312TRN1?marker=741311
594,404,USD,LAX,KUL,"Kuala Lumpur, Malaysia",MY,2027-02-02,1,https://www.aviasales.com/search/LAX0202KUL1?marker=741311
595,404,USD,JFK,BUS,"Batumi, Georgia",GE,2026-08-24,3,https://www.aviasales.com/search/JFK2408BUS1?marker=741311
596,405,USD,IAD,AMD,"Ahmedabad, India",IN,2026-09-07,1,https://www.aviasales.com/search/IAD0709AMD1?marker=741311
597,405,USD,ORD,NBO,"Nairobi, Kenya",KE,2026-09-07,1,https://www.aviasales.com/search/ORD0709NBO1?marker=741311
598,406,USD,IAD,EAU,"Eau Claire, United States",US,2026-08-17,1,https://www.aviasales.com/search/IAD1708EAU1?marker=741311
599,406,USD,LAX,CTU,"Chengdu, China",CN,2026-08-30,1,https://www.aviasales.com/search/LAX3008CTU1?marker=741311
600,408,USD,JFK,ECN,"Ercan, Northern Cyprus",NY,2026-08-22,2,https://www.aviasales.com/search/JFK2208ECN1?marker=741311
601,409,USD,DFW,XQP,"Quepos, Costa Rica",CR,2026-08-19,2,https://www.aviasales.com/search/DFW1908XQP1?marker=741311
602,409,USD,ORD,BSB,"Brasilia, Brazil",BR,2026-11-01,2,https://www.aviasales.com/search/ORD0111BSB1?marker=741311
603,410,USD,JFK,BSZ,"Bishkek, Kyrgyzstan",KG,2026-09-28,2,https://www.aviasales.com/search/JFK2809BSZ1?marker=741311
604,410,USD,JFK,TUN,"Tunis, Tunisia",TN,2026-08-29,1,https://www.aviasales.com/search/JFK2908TUN1?marker=741311
605,411,USD,MIA,FOC,"Fuzhou, China",CN,2026-10-01,2,https://www.aviasales.com/search/MIA0110FOC1?marker=741311
606,411,USD,ORD,BLQ,"Bologna, Italy",IT,2026-08-21,2,https://www.aviasales.com/search/ORD2108BLQ1?marker=741311
607,412,USD,DFW,SWO,"Stillwater, United States",US,2026-08-13,0,https://www.aviasales.com/search/DFW1308SWO1?marker=741311
608,412,USD,MIA,LUL,"Laurel, United States",US,2026-08-19,1,https://www.aviasales.com/search/MIA1908LUL1?marker=741311
609,412,USD,IAH,SUX,"Sioux City, United States",US,2026-08-16,1,https://www.aviasales.com/search/IAH1608SUX1?marker=741311
610,412,USD,JFK,SBH,"Saint Barthelemy, Guadeloupe",GP,2026-10-03,1,https://www.aviasales.com/search/JFK0310SBH1?marker=741311
611,413,USD,IAD,LUX,"Luxembourg, Luxembourg",LU,2026-09-18,3,https://www.aviasales.com/search/IAD1809LUX1?marker=741311
612,413,USD,SLC,CCP,"Concepcion, Chile",CL,2026-09-13,3,https://www.aviasales.com/search/SLC1309CCP1?marker=741311
613,418,USD,PHL,MOW,"Moscow, Russia",RU,2027-01-18,4,https://www.aviasales.com/search/PHL1801MOW1?marker=741311
614,418,USD,BOS,MXL,"Mexicali, Mexico",MX,2026-08-12,3,https://www.aviasales.com/search/BOS1208MXL1?marker=741311
615,419,USD,IAD,BLR,"Bengaluru, India",IN,2026-09-07,2,https://www.aviasales.com/search/IAD0709BLR1?marker=741311
616,419,USD,JFK,ALA,"Almaty, Kazakhstan",KZ,2026-10-02,3,https://www.aviasales.com/search/JFK0210ALA1?marker=741311
617,419,USD,ORD,IGU,"Foz do Iguaçu, Brazil",BR,2026-11-02,2,https://www.aviasales.com/search/ORD0211IGU1?marker=741311
618,419,USD,SEA,BIH,"Bishop, United States",US,2026-08-19,1,https://www.aviasales.com/search/SEA1908BIH1?marker=741311
619,420,USD,JFK,USA,"Concord, United States",US,2026-08-11,2,https://www.aviasales.com/search/JFK1108USA1?marker=741311
620,421,USD,ORD,TAS,"Tashkent, Uzbekistan",UZ,2026-11-17,4,https://www.aviasales.com/search/ORD1711TAS1?marker=741311
621,422,USD,SAN,EBL,"Erbil, Iraq",IQ,2026-09-28,2,https://www.aviasales.com/search/SAN2809EBL1?marker=741311
622,423,USD,ORD,AER,"Adler/Sochi, Russia",RU,2026-12-06,4,https://www.aviasales.com/search/ORD0612AER1?marker=741311
623,425,USD,ATL,TXK,"Texarkana, United States",US,2026-08-15,2,https://www.aviasales.com/search/ATL1508TXK1?marker=741311
624,426,USD,JFK,LOS,"Lagos, Nigeria",NG,2026-09-14,1,https://www.aviasales.com/search/JFK1409LOS1?marker=741311
625,426,USD,LAX,BKI,"Kota-Kinabalu, Malaysia",MY,2026-08-19,2,https://www.aviasales.com/search/LAX1908BKI1?marker=741311
626,426,USD,LAX,KCH,"Kuching, Malaysia",MY,2026-08-27,2,https://www.aviasales.com/search/LAX2708KCH1?marker=741311
627,426,USD,MSP,YZR,"Sarnia, Canada",CA,2026-08-20,2,https://www.aviasales.com/search/MSP2008YZR1?marker=741311
628,428,USD,LAX,CMI,"Champaign, United States",US,2026-08-15,2,https://www.aviasales.com/search/LAX1508CMI1?marker=741311
629,430,USD,BOS,ADD,"Addis Ababa, Ethiopia",ET,2026-09-04,1,https://www.aviasales.com/search/BOS0409ADD1?marker=741311
630,431,USD,DFW,TEX,"Telluride, United States",US,2026-08-16,1,https://www.aviasales.com/search/DFW1608TEX1?marker=741311
631,432,USD,JFK,GOI,"Goa, India",IN,2026-09-30,1,https://www.aviasales.com/search/JFK3009GOI1?marker=741311
632,432,USD,LAX,CKG,"Chongqing, China",CN,2026-08-31,1,https://www.aviasales.com/search/LAX3108CKG1?marker=741311
633,432,USD,LAX,GGG,"Longview, United States",US,2026-08-15,1,https://www.aviasales.com/search/LAX1508GGG1?marker=741311
634,433,USD,JFK,MRV,"Mineralnye Vody, Russia",RU,2026-10-20,3,https://www.aviasales.com/search/JFK2010MRV1?marker=741311
635,433,USD,JFK,BDQ,"Vadodara, India",IN,2026-10-06,2,https://www.aviasales.com/search/JFK0610BDQ1?marker=741311
636,433,USD,TPA,IPN,"Ipatinga, Brazil",BR,2026-10-01,3,https://www.aviasales.com/search/TPA0110IPN1?marker=741311
637,434,USD,SEA,HRG,"Hurghada, Egypt",EG,2026-08-30,3,https://www.aviasales.com/search/SEA3008HRG1?marker=741311
638,435,USD,IAD,KTW,"Katowice, Poland",PL,2026-08-26,3,https://www.aviasales.com/search/IAD2608KTW1?marker=741311
639,435,USD,JFK,CMB,"Colombo, Sri Lanka",LK,2026-09-21,1,https://www.aviasales.com/search/JFK2109CMB1?marker=741311
640,435,USD,SEA,KMG,"Kunming, China",CN,2026-09-17,2,https://www.aviasales.com/search/SEA1709KMG1?marker=741311
641,436,USD,JFK,CAG,"Cagliari, Italy",IT,2026-08-14,1,https://www.aviasales.com/search/JFK1408CAG1?marker=741311
642,436,USD,JFK,LRD,"Laredo, United States",US,2026-08-20,2,https://www.aviasales.com/search/JFK2008LRD1?marker=741311
643,438,USD,SEA,YCD,"Nanaimo, Canada",CA,2026-08-16,1,https://www.aviasales.com/search/SEA1608YCD1?marker=741311
644,440,USD,AUS,BPS,"Porto Seguro, Brazil",BR,2026-08-25,2,https://www.aviasales.com/search/AUS2508BPS1?marker=741311
645,441,USD,JFK,JAI,"Jaipur, India",IN,2026-08-30,2,https://www.aviasales.com/search/JFK3008JAI1?marker=741311
646,441,USD,RDU,LIO,"Limon, Costa Rica",CR,2026-08-18,2,https://www.aviasales.com/search/RDU1808LIO1?marker=741311
647,442,USD,JFK,LPL,"Liverpool, United Kingdom",GB,2026-11-04,3,https://www.aviasales.com/search/JFK0411LPL1?marker=741311
648,442,USD,SFO,HUI,"Hue, Vietnam",VN,2026-09-09,2,https://www.aviasales.com/search/SFO0909HUI1?marker=741311
649,442,USD,PDX,YYF,"Penticton, Canada",CA,2026-08-17,2,https://www.aviasales.com/search/PDX1708YYF1?marker=741311
650,443,USD,JFK,ACC,"Accra, Ghana",GH,2026-09-28,1,https://www.aviasales.com/search/JFK2809ACC1?marker=741311
651,443,USD,LAX,NHA,"Nha Trang, Vietnam",VN,2026-09-10,2,https://www.aviasales.com/search/LAX1009NHA1?marker=741311
652,444,USD,MIA,BHX,"Birmingham, United Kingdom",GB,2026-08-11,3,https://www.aviasales.com/search/MIA1108BHX1?marker=741311
653,444,USD,DTW,GOT,"Gothenburg, Sweden",SE,2026-08-19,2,https://www.aviasales.com/search/DTW1908GOT1?marker=741311
654,444,USD,LAX,CGY,"Cagayan De Oro, Philippines",PH,2026-10-14,2,https://www.aviasales.com/search/LAX1410CGY1?marker=741311
655,445,USD,DTW,DOH,"Doha, Qatar",QA,2026-08-26,2,https://www.aviasales.com/search/DTW2608DOH1?marker=741311
656,445,USD,DTW,PLN,"Pellston, United States",US,2026-08-20,2,https://www.aviasales.com/search/DTW2008PLN1?marker=741311
657,447,USD,LAX,DPS,"Denpasar (Bali), Indonesia",ID,2026-10-17,1,https://www.aviasales.com/search/LAX1710DPS1?marker=741311
658,448,USD,JFK,FRS,"Flores, Guatemala",GT,2026-12-22,1,https://www.aviasales.com/search/JFK2212FRS1?marker=741311
659,449,USD,JFK,LED,"Saint Petersburg, Russia",RU,2026-10-14,2,https://www.aviasales.com/search/JFK1410LED1?marker=741311
660,449,USD,JFK,SVX,"Yekaterinburg, Russia",RU,2026-12-06,3,https://www.aviasales.com/search/JFK0612SVX1?marker=741311
661,449,USD,BOS,ACT,"Waco, United States",US,2026-08-11,2,https://www.aviasales.com/search/BOS1108ACT1?marker=741311
662,449,USD,JFK,ILG,"Wilmington, United States",US,2026-08-12,2,https://www.aviasales.com/search/JFK1208ILG1?marker=741311
663,450,USD,JFK,ABJ,"Abidjan, Ivory Coast",CI,2026-09-16,1,https://www.aviasales.com/search/JFK1609ABJ1?marker=741311
664,450,USD,TPA,FSM,"Fort Smith, United States",US,2026-08-20,2,https://www.aviasales.com/search/TPA2008FSM1?marker=741311
665,451,USD,LAX,BXU,"Butuan, Philippines",PH,2026-08-20,3,https://www.aviasales.com/search/LAX2008BXU1?marker=741311
666,453,USD,JFK,SKT,"Sialkot, Pakistan",PK,2026-08-23,2,https://www.aviasales.com/search/JFK2308SKT1?marker=741311
667,453,USD,JFK,AXA,"Anguilla, Anguilla",AI,2026-08-10,1,https://www.aviasales.com/search/JFK1008AXA1?marker=741311
668,454,USD,SEA,FEZ,"Fez, Morocco",MA,2026-09-12,3,https://www.aviasales.com/search/SEA1209FEZ1?marker=741311
669,456,USD,SEA,KZN,"Kazan, Russia",RU,2026-11-23,4,https://www.aviasales.com/search/SEA2311KZN1?marker=741311
670,456,USD,LAX,PQC,"Phu Quoc, Vietnam",VN,2026-10-14,2,https://www.aviasales.com/search/LAX1410PQC1?marker=741311
671,456,USD,JFK,SCO,"Aktau, Kazakhstan",KZ,2026-08-23,2,https://www.aviasales.com/search/JFK2308SCO1?marker=741311
672,458,USD,JFK,TCO,"Tumaco, Colombia",CO,2026-08-21,3,https://www.aviasales.com/search/JFK2108TCO1?marker=741311
673,458,USD,LAX,OGD,"Ogden, United States",US,2026-08-15,2,https://www.aviasales.com/search/LAX1508OGD1?marker=741311
674,459,USD,ORD,OSS,"Osh, Kyrgyzstan",KG,2026-11-29,4,https://www.aviasales.com/search/ORD2911OSS1?marker=741311
675,460,USD,DFW,URA,"Oral, Kazakhstan",KZ,2026-09-15,3,https://www.aviasales.com/search/DFW1509URA1?marker=741311
676,460,USD,PDX,LAF,"Lafayette, United States",US,2026-08-18,1,https://www.aviasales.com/search/PDX1808LAF1?marker=741311
677,461,USD,JFK,PSG,"Petersburg, United States",US,2026-09-26,1,https://www.aviasales.com/search/JFK2609PSG1?marker=741311
678,465,USD,JFK,CNX,"Chiang Mai, Thailand",TH,2026-11-03,1,https://www.aviasales.com/search/JFK0311CNX1?marker=741311
679,466,USD,JFK,DYU,"Dushanbe, Tajikistan",TJ,2026-09-28,2,https://www.aviasales.com/search/JFK2809DYU1?marker=741311
680,466,USD,SFO,GYN,"Goiania, Brazil",BR,2026-08-13,2,https://www.aviasales.com/search/SFO1308GYN1?marker=741311
681,466,USD,LAX,HAK,"Haikou, China",CN,2026-09-25,1,https://www.aviasales.com/search/LAX2509HAK1?marker=741311
682,469,USD,SFO,SJW,"Shijiazhuang, China",CN,2026-12-01,1,https://www.aviasales.com/search/SFO0112SJW1?marker=741311
683,469,USD,LAX,PEN,"Penang, Malaysia",MY,2026-09-24,1,https://www.aviasales.com/search/LAX2409PEN1?marker=741311
684,475,USD,LAX,SYD,"Sydney, Australia",AU,2026-09-16,0,https://www.aviasales.com/search/LAX1609SYD1?marker=741311
685,475,USD,JFK,SXV,"Salem, India",IN,2026-09-01,2,https://www.aviasales.com/search/JFK0109SXV1?marker=741311
686,475,USD,PDX,PIR,"Pierre, United States",US,2026-08-16,1,https://www.aviasales.com/search/PDX1608PIR1?marker=741311
687,476,USD,ORD,COD,"Cody, United States",US,2026-08-20,1,https://www.aviasales.com/search/ORD2008COD1?marker=741311
688,476,USD,JFK,VIJ,"Virgin Gorda, British Virgin Islands",VG,2026-10-16,2,https://www.aviasales.com/search/JFK1610VIJ1?marker=741311
689,477,USD,JFK,NQZ,"Astana, Kazakhstan",KZ,2026-10-19,3,https://www.aviasales.com/search/JFK1910NQZ1?marker=741311
690,477,USD,JFK,UBN,"Ulaanbaatar, Mongolia",MN,2026-09-23,1,https://www.aviasales.com/search/JFK2309UBN1?marker=741311
691,477,USD,JFK,TRV,"Thiruvananthapuram, India",IN,2026-10-03,2,https://www.aviasales.com/search/JFK0310TRV1?marker=741311
692,478,USD,LAX,USM,"Koh Samui, Thailand",TH,2026-09-15,2,https://www.aviasales.com/search/LAX1509USM1?marker=741311
693,479,USD,ORD,RKS,"Rock Springs, United States",US,2026-08-18,1,https://www.aviasales.com/search/ORD1808RKS1?marker=741311
694,483,USD,DFW,CEB,"Cebu City, Philippines",PH,2026-09-12,1,https://www.aviasales.com/search/DFW1209CEB1?marker=741311
695,485,USD,FLL,HAJ,"Hannover, Germany",DE,2026-12-01,2,https://www.aviasales.com/search/FLL0112HAJ1?marker=741311
696,485,USD,SEA,LEJ,"Leipzig/Halle, Germany",DE,2026-08-27,3,https://www.aviasales.com/search/SEA2708LEJ1?marker=741311
697,489,USD,SEA,RZE,"Rzeszow, Poland",PL,2026-08-19,3,https://www.aviasales.com/search/SEA1908RZE1?marker=741311
698,490,USD,JFK,REC,"Recife, Brazil",BR,2026-09-22,1,https://www.aviasales.com/search/JFK2209REC1?marker=741311
699,491,USD,MIA,CND,"Constanta, Romania",RO,2026-09-05,3,https://www.aviasales.com/search/MIA0509CND1?marker=741311
700,491,USD,FLL,GVR,"Governador Valadares, Brazil",BR,2026-08-14,2,https://www.aviasales.com/search/FLL1408GVR1?marker=741311
701,491,USD,LAX,KBV,"Krabi, Thailand",TH,2026-11-09,2,https://www.aviasales.com/search/LAX0911KBV1?marker=741311
702,492,USD,ORD,KRR,"Krasnodar, Russia",RU,2026-11-10,3,https://www.aviasales.com/search/ORD1011KRR1?marker=741311
703,495,USD,SFO,HEK,"Heihe, China",CN,2026-08-24,1,https://www.aviasales.com/search/SFO2408HEK1?marker=741311
704,496,USD,JFK,KUF,"Samara, Russia",RU,2026-11-12,3,https://www.aviasales.com/search/JFK1211KUF1?marker=741311
705,497,USD,IAD,DIK,"Dickinson, United States",US,2026-08-18,1,https://www.aviasales.com/search/IAD1808DIK1?marker=741311
706,497,USD,JFK,CKY,"Conakry, Guinea",GN,2026-08-28,1,https://www.aviasales.com/search/JFK2808CKY1?marker=741311
707,499,USD,JFK,EBB,"Entebbe, Uganda",UG,2026-10-12,1,https://www.aviasales.com/search/JFK1210EBB1?marker=741311
708,499,USD,JFK,NAG,"Nagpur, India",IN,2026-08-12,2,https://www.aviasales.com/search/JFK1208NAG1?marker=741311
709,500,USD,TPA,COV,"Mersin, Turkiye",TR,2026-09-20,3,https://www.aviasales.com/search/TPA2009COV1?marker=741311
710,501,USD,SEA,YBL,"Campbell River, Canada",CA,2026-08-18,1,https://www.aviasales.com/search/SEA1808YBL1?marker=741311
711,502,USD,IAH,IOA,"Ioannina, Greece",GR,2026-09-01,3,https://www.aviasales.com/search/IAH0109IOA1?marker=741311
712,502,USD,DEN,SVG,"Stavanger, Norway",NO,2026-09-16,3,https://www.aviasales.com/search/DEN1609SVG1?marker=741311
713,503,USD,LAX,MLE,"Male, Maldives",MV,2026-08-28,1,https://www.aviasales.com/search/LAX2808MLE1?marker=741311
714,504,USD,SFO,XAP,"Chapeco, Brazil",BR,2026-08-31,3,https://www.aviasales.com/search/SFO3108XAP1?marker=741311
715,506,USD,JFK,DED,"Dehradun, India",IN,2026-10-05,2,https://www.aviasales.com/search/JFK0510DED1?marker=741311
716,507,USD,LAX,BLA,"Barcelona, Venezuela",VE,2026-08-26,2,https://www.aviasales.com/search/LAX2608BLA1?marker=741311
717,507,USD,LAX,MFM,"Macau, Macau",MO,2026-10-26,2,https://www.aviasales.com/search/LAX2610MFM1?marker=741311
718,510,USD,JFK,FNA,"Freetown, Sierra Leone",SL,2026-10-12,1,https://www.aviasales.com/search/JFK1210FNA1?marker=741311
719,510,USD,JFK,TAG,"Tagbilaran, Philippines",PH,2026-09-20,2,https://www.aviasales.com/search/JFK2009TAG1?marker=741311
720,512,USD,LAX,AKL,"Auckland, New Zealand",NZ,2026-09-10,1,https://www.aviasales.com/search/LAX1009AKL1?marker=741311
721,516,USD,MIA,HGR,"Hagerstown, United States",US,2026-08-17,3,https://www.aviasales.com/search/MIA1708HGR1?marker=741311
722,516,USD,SFO,DAC,"Dhaka, Bangladesh",BD,2026-08-16,1,https://www.aviasales.com/search/SFO1608DAC1?marker=741311
723,519,USD,DCA,FOR,"Fortaleza, Brazil",BR,2026-09-07,2,https://www.aviasales.com/search/DCA0709FOR1?marker=741311
724,519,USD,JFK,UTP,"Pattaya, Thailand",TH,2026-09-23,2,https://www.aviasales.com/search/JFK2309UTP1?marker=741311
725,520,USD,LAX,MEL,"Melbourne, Australia",AU,2026-12-30,1,https://www.aviasales.com/search/LAX3012MEL1?marker=741311
726,520,USD,LAX,OOL,"Gold Coast, Australia",AU,2026-08-18,1,https://www.aviasales.com/search/LAX1808OOL1?marker=741311
727,522,USD,JFK,MCX,"Makhachkala, Russia",RU,2026-09-02,2,https://www.aviasales.com/search/JFK0209MCX1?marker=741311
728,523,USD,IAD,KTM,"Kathmandu, Nepal",NP,2026-08-16,3,https://www.aviasales.com/search/IAD1608KTM1?marker=741311
729,523,USD,FLL,SCQ,"Santiago De Compostela, Spain",ES,2026-08-12,1,https://www.aviasales.com/search/FLL1208SCQ1?marker=741311
730,524,USD,MIA,TGU,"Tegucigalpa, Honduras",HN,2026-08-13,2,https://www.aviasales.com/search/MIA1308TGU1?marker=741311
731,526,USD,MIA,APW,"Apia, Samoa",WS,2026-08-13,2,https://www.aviasales.com/search/MIA1308APW1?marker=741311
732,526,USD,JFK,GUW,"Atyrau, Kazakhstan",KZ,2026-10-17,3,https://www.aviasales.com/search/JFK1710GUW1?marker=741311
733,527,USD,JFK,DKR,"Dakar, Senegal",SN,2026-08-28,1,https://www.aviasales.com/search/JFK2808DKR1?marker=741311
734,530,USD,JFK,TAO,"Qingdao, China",CN,2026-09-08,1,https://www.aviasales.com/search/JFK0809TAO1?marker=741311
735,531,USD,JFK,SKD,"Samarkand, Uzbekistan",UZ,2026-10-14,3,https://www.aviasales.com/search/JFK1410SKD1?marker=741311
736,534,USD,FLL,BIM,"Bimini, Bahamas",BS,2026-09-22,3,https://www.aviasales.com/search/FLL2209BIM1?marker=741311
737,536,USD,JFK,UFA,"Ufa, Russia",RU,2026-11-29,4,https://www.aviasales.com/search/JFK2911UFA1?marker=741311
738,536,USD,LAX,SUV,"Suva, Fiji",FJ,2026-12-03,1,https://www.aviasales.com/search/LAX0312SUV1?marker=741311
739,538,USD,ATL,AHO,"Alghero, Italy",IT,2026-08-13,2,https://www.aviasales.com/search/ATL1308AHO1?marker=741311
740,540,USD,JFK,MSQ,"Minsk, Belarus",BY,2026-09-14,4,https://www.aviasales.com/search/JFK1409MSQ1?marker=741311
741,542,USD,IAH,BRW,"Barrow, United States",US,2026-09-14,3,https://www.aviasales.com/search/IAH1409BRW1?marker=741311
742,542,USD,LAS,NKT,"Cizre, Turkiye",TR,2026-09-29,3,https://www.aviasales.com/search/LAS2909NKT1?marker=741311
743,543,USD,DFW,SAI,"Siem Reap, Cambodia",KH,2026-09-07,2,https://www.aviasales.com/search/DFW0709SAI1?marker=741311
744,544,USD,JFK,KGD,"Kaliningrad, Russia",RU,2026-09-13,3,https://www.aviasales.com/search/JFK1309KGD1?marker=741311
745,544,USD,MIA,DTM,"Dortmund, Germany",DE,2026-08-26,3,https://www.aviasales.com/search/MIA2608DTM1?marker=741311
746,545,USD,JFK,OGZ,"Vladikavkaz, Russia",RU,2027-02-01,4,https://www.aviasales.com/search/JFK0102OGZ1?marker=741311
747,553,USD,SEA,YAZ,"Tofino, Canada",CA,2026-08-20,1,https://www.aviasales.com/search/SEA2008YAZ1?marker=741311
748,559,USD,ORD,ASF,"Astrakhan, Russia",RU,2027-02-01,4,https://www.aviasales.com/search/ORD0102ASF1?marker=741311
749,559,USD,SFO,CJC,"Calama, Chile",CL,2026-09-11,3,https://www.aviasales.com/search/SFO1109CJC1?marker=741311
750,560,USD,LAX,VVO,"Vladivostok, Russia",RU,2026-11-16,2,https://www.aviasales.com/search/LAX1611VVO1?marker=741311
751,560,USD,JFK,CIT,"Shymkent, Kazakhstan",KZ,2026-08-20,2,https://www.aviasales.com/search/JFK2008CIT1?marker=741311
752,561,USD,SFO,FUK,"Fukuoka, Japan",JP,2026-10-10,1,https://www.aviasales.com/search/SFO1010FUK1?marker=741311
753,562,USD,BOS,BOJ,"Bourgas, Bulgaria",BG,2026-12-28,3,https://www.aviasales.com/search/BOS2812BOJ1?marker=741311
754,564,USD,SFO,TNA,"Jinan, China",CN,2026-08-13,1,https://www.aviasales.com/search/SFO1308TNA1?marker=741311
755,564,USD,LAX,FAE,"Sorvágur, Faroe Islands",FO,2026-08-27,2,https://www.aviasales.com/search/LAX2708FAE1?marker=741311
756,565,USD,BNA,DAR,"Dar Es Salaam, Tanzania",TZ,2026-08-20,2,https://www.aviasales.com/search/BNA2008DAR1?marker=741311
757,566,USD,MCO,INN,"Innsbruck, Austria",AT,2026-11-20,2,https://www.aviasales.com/search/MCO2011INN1?marker=741311
758,567,USD,IAD,ALY,"Alexandria, Egypt",EG,2026-08-11,1,https://www.aviasales.com/search/IAD1108ALY1?marker=741311
759,569,USD,JFK,GOJ,"Nizhniy Novgorod, Russia",RU,2026-09-13,4,https://www.aviasales.com/search/JFK1309GOJ1?marker=741311
760,570,USD,LAX,CGO,"Zhengzhou, China",CN,2026-08-14,1,https://www.aviasales.com/search/LAX1408CGO1?marker=741311
761,571,USD,MIA,EAS,"San Sebastian, Spain",ES,2026-08-17,3,https://www.aviasales.com/search/MIA1708EAS1?marker=741311
762,571,USD,LAX,AGB,"Augsburg, Germany",DE,2026-11-10,1,https://www.aviasales.com/search/LAX1011AGB1?marker=741311
763,572,USD,LAX,VAN,"Van, Turkiye",TR,2026-08-15,3,https://www.aviasales.com/search/LAX1508VAN1?marker=741311
764,573,USD,ATL,SHE,"Shenyang, China",CN,2026-09-27,2,https://www.aviasales.com/search/ATL2709SHE1?marker=741311
765,573,USD,JFK,FEG,"Fergana, Uzbekistan",UZ,2026-10-15,3,https://www.aviasales.com/search/JFK1510FEG1?marker=741311
766,574,USD,JFK,CCU,"Kolkata, India",IN,2026-11-14,2,https://www.aviasales.com/search/JFK1411CCU1?marker=741311
767,576,USD,RDU,OTH,"North Bend, United States",US,2026-08-14,1,https://www.aviasales.com/search/RDU1408OTH1?marker=741311
768,579,USD,JFK,OVB,"Novosibirsk, Russia",RU,2026-10-21,2,https://www.aviasales.com/search/JFK2110OVB1?marker=741311
769,579,USD,ORD,NKC,"Nouakchott, Mauritania",MR,2027-01-04,1,https://www.aviasales.com/search/ORD0401NKC1?marker=741311
770,580,USD,JFK,BKO,"Bamako, Mali",ML,2026-11-01,2,https://www.aviasales.com/search/JFK0111BKO1?marker=741311
771,584,USD,BOS,JHB,"Johor Bahru, Malaysia",MY,2026-10-06,3,https://www.aviasales.com/search/BOS0610JHB1?marker=741311
772,585,USD,IAD,JNB,"Johannesburg, South Africa",ZA,2026-09-07,1,https://www.aviasales.com/search/IAD0709JNB1?marker=741311
773,585,USD,JFK,KLO,"Kalibo, Philippines",PH,2027-01-06,2,https://www.aviasales.com/search/JFK0601KLO1?marker=741311
774,586,USD,IAD,LBV,"Libreville, Gabon",GA,2026-08-15,2,https://www.aviasales.com/search/IAD1508LBV1?marker=741311
775,588,USD,JFK,BGW,"Baghdad, Iraq",IQ,2026-08-27,1,https://www.aviasales.com/search/JFK2708BGW1?marker=741311
776,590,USD,JFK,NYA,"Nyagan, Russia",RU,2027-02-01,4,https://www.aviasales.com/search/JFK0102NYA1?marker=741311
777,592,USD,LAX,MMA,"Malmo, Sweden",SE,2026-08-16,3,https://www.aviasales.com/search/LAX1608MMA1?marker=741311
778,595,USD,SFO,BOB,"Bora Bora, French Polynesia",PF,2026-08-24,1,https://www.aviasales.com/search/SFO2408BOB1?marker=741311
779,597,USD,SFO,PLQ,"Palanga, Lithuania",LT,2026-08-21,3,https://www.aviasales.com/search/SFO2108PLQ1?marker=741311
780,597,USD,SFO,MRS,"Marseille, France",FR,2026-08-18,1,https://www.aviasales.com/search/SFO1808MRS1?marker=741311
781,598,USD,JFK,NAL,"Nalchik, Russia",RU,2026-10-01,3,https://www.aviasales.com/search/JFK0110NAL1?marker=741311
782,598,USD,JFK,NGO,"Nagoya, Japan",JP,2026-09-27,1,https://www.aviasales.com/search/JFK2709NGO1?marker=741311
783,600,USD,DTW,SXB,"Strasbourg, France",FR,2026-08-22,2,https://www.aviasales.com/search/DTW2208SXB1?marker=741311
784,601,USD,JFK,GUM,"Hagatna, Guam",GU,2026-10-07,2,https://www.aviasales.com/search/JFK0710GUM1?marker=741311
785,604,USD,FLL,PAP,"Port-au-Prince, Haiti",HT,2026-08-12,1,https://www.aviasales.com/search/FLL1208PAP1?marker=741311
786,607,USD,JFK,CEK,"Chelyabinsk, Russia",RU,2026-10-18,3,https://www.aviasales.com/search/JFK1810CEK1?marker=741311
787,607,USD,JFK,IAO,"Del Carmen, Philippines",PH,2026-09-03,2,https://www.aviasales.com/search/JFK0309IAO1?marker=741311
788,608,USD,IAD,KGL,"Kigali, Rwanda",RW,2026-09-07,1,https://www.aviasales.com/search/IAD0709KGL1?marker=741311
789,608,USD,AUS,OKA,"Okinawa, Japan",JP,2026-09-01,3,https://www.aviasales.com/search/AUS0109OKA1?marker=741311
790,609,USD,JFK,NKG,"Nanjing, China",CN,2026-08-26,2,https://www.aviasales.com/search/JFK2608NKG1?marker=741311
791,610,USD,JFK,KJA,"Krasnoyarsk, Russia",RU,2026-09-15,3,https://www.aviasales.com/search/JFK1509KJA1?marker=741311
792,612,USD,DFW,LYI,"Linyi, China",CN,2026-08-30,3,https://www.aviasales.com/search/DFW3008LYI1?marker=741311
793,614,USD,IAD,ARH,"Arkhangelsk, Russia",RU,2026-12-01,4,https://www.aviasales.com/search/IAD0112ARH1?marker=741311
794,615,USD,JFK,LGK,"Langkawi, Malaysia",MY,2026-11-15,3,https://www.aviasales.com/search/JFK1511LGK1?marker=741311
795,616,USD,DFW,NJF,"Al-Najaf, Iraq",IQ,2026-09-09,1,https://www.aviasales.com/search/DFW0909NJF1?marker=741311
796,621,USD,JFK,PBR,"Puerto Barrios, Guatemala",GT,2026-12-31,3,https://www.aviasales.com/search/JFK3112PBR1?marker=741311
797,621,USD,JFK,BJL,"Banjul, Gambia",GM,2026-12-01,2,https://www.aviasales.com/search/JFK0112BJL1?marker=741311
798,622,USD,IAD,ZNZ,"Zanzibar, Tanzania",TZ,2026-08-23,3,https://www.aviasales.com/search/IAD2308ZNZ1?marker=741311
799,627,USD,JFK,BHK,"Bukhara, Uzbekistan",UZ,2026-08-24,2,https://www.aviasales.com/search/JFK2408BHK1?marker=741311
800,628,USD,SEA,BCM,"Bacau, Romania",RO,2026-08-12,3,https://www.aviasales.com/search/SEA1208BCM1?marker=741311
801,629,USD,JFK,BWN,"Bandar Seri Begawan, Brunei",BN,2026-09-08,2,https://www.aviasales.com/search/JFK0809BWN1?marker=741311
802,630,USD,IAH,MAR,"Maracaibo, Venezuela",VE,2026-12-20,2,https://www.aviasales.com/search/IAH2012MAR1?marker=741311
803,632,USD,JFK,CZX,"Changzhou, China",CN,2026-08-25,3,https://www.aviasales.com/search/JFK2508CZX1?marker=741311
804,634,USD,ORD,FIH,"Kinshasa, Democratic Republic of the Congo",CD,2026-09-30,1,https://www.aviasales.com/search/ORD3009FIH1?marker=741311
805,636,USD,JFK,PER,"Perth, Australia",AU,2026-08-24,2,https://www.aviasales.com/search/JFK2408PER1?marker=741311
806,636,USD,DTW,KBL,"Kabul, Afghanistan",AF,2026-08-10,2,https://www.aviasales.com/search/DTW1008KBL1?marker=741311
807,637,USD,DFW,OMO,"Mostar, Bosnia and Herzegovina",BA,2026-08-17,4,https://www.aviasales.com/search/DFW1708OMO1?marker=741311
808,638,USD,JFK,NBC,"Naberezhnye Chelny, Russia",RU,2026-08-17,3,https://www.aviasales.com/search/JFK1708NBC1?marker=741311
809,638,USD,LAX,KHV,"Khabarovsk, Russia",RU,2026-10-01,2,https://www.aviasales.com/search/LAX0110KHV1?marker=741311
810,638,USD,JFK,PEE,"Perm, Russia",RU,2026-08-31,4,https://www.aviasales.com/search/JFK3108PEE1?marker=741311
811,639,USD,JFK,MRU,"Mauritius, Mauritius",MU,2026-08-26,3,https://www.aviasales.com/search/JFK2608MRU1?marker=741311
812,642,USD,LAX,AKX,"Aktobe, Kazakhstan",KZ,2026-08-23,3,https://www.aviasales.com/search/LAX2308AKX1?marker=741311
813,643,USD,LAX,NMA,"Namangan, Uzbekistan",UZ,2026-08-18,2,https://www.aviasales.com/search/LAX1808NMA1?marker=741311
814,643,USD,JFK,SZX,"Shenzhen, China",CN,2026-11-03,2,https://www.aviasales.com/search/JFK0311SZX1?marker=741311
815,645,USD,SFO,VLI,"Port Vila, Vanuatu",VU,2026-08-19,2,https://www.aviasales.com/search/SFO1908VLI1?marker=741311
816,645,USD,ORD,DRS,"Dresden, Germany",DE,2026-08-10,2,https://www.aviasales.com/search/ORD1008DRS1?marker=741311
817,649,USD,ORD,JRO,"Kilimanjaro, Tanzania",TZ,2026-09-07,2,https://www.aviasales.com/search/ORD0709JRO1?marker=741311
818,649,USD,SFO,BNE,"Brisbane, Australia",AU,2026-08-19,1,https://www.aviasales.com/search/SFO1908BNE1?marker=741311
819,650,USD,IAD,UKK,"Oskemen, Kazakhstan",KZ,2026-08-24,4,https://www.aviasales.com/search/IAD2408UKK1?marker=741311
820,650,USD,ORD,TJM,"Tyumen, Russia",RU,2026-10-01,4,https://www.aviasales.com/search/ORD0110TJM1?marker=741311
821,652,USD,IAD,VOG,"Volgograd, Russia",RU,2026-10-29,4,https://www.aviasales.com/search/IAD2910VOG1?marker=741311
822,653,USD,JFK,SCW,"Syktyvkar, Russia",RU,2026-08-31,4,https://www.aviasales.com/search/JFK3108SCW1?marker=741311
823,659,USD,SFO,KVX,"Kirov, Russia",RU,2027-02-01,4,https://www.aviasales.com/search/SFO0102KVX1?marker=741311
824,662,USD,IAD,KOJ,"Kagoshima, Japan",JP,2026-08-25,3,https://www.aviasales.com/search/IAD2508KOJ1?marker=741311
825,662,USD,LAS,CAC,"Cascavel, Brazil",BR,2026-10-11,2,https://www.aviasales.com/search/LAS1110CAC1?marker=741311
826,665,USD,JFK,CPT,"Cape Town, South Africa",ZA,2026-09-15,1,https://www.aviasales.com/search/JFK1509CPT1?marker=741311
827,665,USD,JFK,URC,"Urumqi, China",CN,2026-08-18,3,https://www.aviasales.com/search/JFK1808URC1?marker=741311
828,668,USD,ORD,GRV,"Groznyy, Russia",RU,2026-08-31,4,https://www.aviasales.com/search/ORD3108GRV1?marker=741311
829,668,USD,JFK,KSN,"Kostanay, Kazakhstan",KZ,2026-09-04,3,https://www.aviasales.com/search/JFK0409KSN1?marker=741311
830,670,USD,IAD,MLW,"Monrovia, Liberia",LR,2027-01-05,2,https://www.aviasales.com/search/IAD0501MLW1?marker=741311
831,670,USD,BOS,JTC,"Bauru, Brazil",BR,2026-10-10,2,https://www.aviasales.com/search/BOS1010JTC1?marker=741311
832,671,USD,JFK,MMK,"Murmansk, Russia",RU,2026-08-31,4,https://www.aviasales.com/search/JFK3108MMK1?marker=741311
833,672,USD,BOS,KZO,"Kzyl-Orda, Kazakhstan",KZ,2026-11-25,4,https://www.aviasales.com/search/BOS2511KZO1?marker=741311
834,674,USD,JFK,RTW,"Saratov, Russia",RU,2026-10-01,3,https://www.aviasales.com/search/JFK0110RTW1?marker=741311
835,679,USD,JFK,TOF,"Tomsk, Russia",RU,2026-09-06,4,https://www.aviasales.com/search/JFK0609TOF1?marker=741311
836,682,USD,JFK,IKT,"Irkutsk, Russia",RU,2026-12-05,4,https://www.aviasales.com/search/JFK0512IKT1?marker=741311
837,682,USD,BOS,GDZ,"Gelendzik, Russia",RU,2027-02-01,4,https://www.aviasales.com/search/BOS0102GDZ1?marker=741311
838,684,USD,BOS,HSA,"Turkistan, Kazakhstan",KZ,2026-11-25,3,https://www.aviasales.com/search/BOS2511HSA1?marker=741311
839,685,USD,MIA,HGH,"Hangzhou, China",CN,2026-09-05,2,https://www.aviasales.com/search/MIA0509HGH1?marker=741311
840,689,USD,JFK,UGC,"Urgench, Uzbekistan",UZ,2026-12-05,3,https://www.aviasales.com/search/JFK0512UGC1?marker=741311
841,689,USD,ORD,AZN,"Andijan, Uzbekistan",UZ,2026-11-02,2,https://www.aviasales.com/search/ORD0211AZN1?marker=741311
842,694,USD,LAX,OMS,"Omsk, Russia",RU,2026-11-18,4,https://www.aviasales.com/search/LAX1811OMS1?marker=741311
843,700,USD,SFO,PSS,"Posadas, Argentina",AR,2027-02-01,2,https://www.aviasales.com/search/SFO0102PSS1?marker=741311
844,705,USD,ORD,DIG,"Diqing, China",CN,2026-09-30,3,https://www.aviasales.com/search/ORD3009DIG1?marker=741311
845,713,USD,JFK,SGC,"Surgut, Russia",RU,2026-09-12,4,https://www.aviasales.com/search/JFK1209SGC1?marker=741311
846,718,USD,JFK,HRE,"Harare, Zimbabwe",ZW,2026-10-12,3,https://www.aviasales.com/search/JFK1210HRE1?marker=741311
847,723,USD,DCA,ASB,"Ashgabat, Turkmenistan",TM,2026-10-06,3,https://www.aviasales.com/search/DCA0610ASB1?marker=741311
848,725,USD,JFK,MPM,"Maputo, Mozambique",MZ,2026-10-12,2,https://www.aviasales.com/search/JFK1210MPM1?marker=741311
849,729,USD,LAX,FUN,"Funafuti Atoll, Tuvalu",TV,2026-10-14,1,https://www.aviasales.com/search/LAX1410FUN1?marker=741311
850,730,USD,JFK,NDJ,"N'Djamena, Chad",TD,2026-12-30,1,https://www.aviasales.com/search/JFK3012NDJ1?marker=741311
851,732,USD,LAX,VNS,"Varanasi, India",IN,2026-10-23,3,https://www.aviasales.com/search/LAX2310VNS1?marker=741311
852,735,USD,JFK,DMB,"Taraz, Kazakhstan",KZ,2026-08-27,2,https://www.aviasales.com/search/JFK2708DMB1?marker=741311
853,747,USD,LAS,MCP,"Macapa, Brazil",BR,2026-12-13,2,https://www.aviasales.com/search/LAS1312MCP1?marker=741311
854,757,USD,JFK,FJR,"Fujairah, United Arab Emirates",AE,2026-12-01,2,https://www.aviasales.com/search/JFK0112FJR1?marker=741311
855,764,USD,SEA,ASM,"Asmara, Eritrea",ER,2026-08-13,1,https://www.aviasales.com/search/SEA1308ASM1?marker=741311
856,770,USD,BOS,ADL,"Adelaide, Australia",AU,2026-08-30,2,https://www.aviasales.com/search/BOS3008ADL1?marker=741311
857,771,USD,IAD,UUD,"Ulan-Ude, Russia",RU,2026-12-01,4,https://www.aviasales.com/search/IAD0112UUD1?marker=741311
858,771,USD,JFK,TMJ,"Termez, Uzbekistan",UZ,2026-09-19,4,https://www.aviasales.com/search/JFK1909TMJ1?marker=741311
859,772,USD,LAS,NOZ,"Novokuznetsk, Russia",RU,2027-02-01,4,https://www.aviasales.com/search/LAS0102NOZ1?marker=741311
860,781,USD,TPA,ULY,"Ulyanovsk, Russia",RU,2026-09-01,4,https://www.aviasales.com/search/TPA0109ULY1?marker=741311
861,790,USD,SFO,DRW,"Darwin, Australia",AU,2026-08-24,2,https://www.aviasales.com/search/SFO2408DRW1?marker=741311
862,795,USD,FLL,CSY,"Cheboksary, Russia",RU,2026-10-01,4,https://www.aviasales.com/search/FLL0110CSY1?marker=741311
863,795,USD,JFK,DUR,"Durban, South Africa",ZA,2026-10-14,3,https://www.aviasales.com/search/JFK1410DUR1?marker=741311
864,810,USD,ORD,PEZ,"Penza, Russia",RU,2026-09-01,4,https://www.aviasales.com/search/ORD0109PEZ1?marker=741311
865,813,USD,JFK,OXB,"Bissau, Guinea-Bissau",GW,2026-10-12,2,https://www.aviasales.com/search/JFK1210OXB1?marker=741311
866,818,USD,JFK,NOJ,"Noyabrsk, Russia",RU,2026-08-12,4,https://www.aviasales.com/search/JFK1208NOJ1?marker=741311
867,819,USD,LAX,BQS,"Blagoveschensk, Russia",RU,2026-08-16,4,https://www.aviasales.com/search/LAX1608BQS1?marker=741311
868,820,USD,JFK,LFW,"Lome, Togo",TG,2026-09-09,1,https://www.aviasales.com/search/JFK0909LFW1?marker=741311
869,823,USD,PDX,YKS,"Yakutsk, Russia",RU,2026-08-30,4,https://www.aviasales.com/search/PDX3008YKS1?marker=741311
870,826,USD,JFK,KEJ,"Kemerovo, Russia",RU,2026-08-27,3,https://www.aviasales.com/search/JFK2708KEJ1?marker=741311
871,829,USD,LAX,IPC,"Easter Island, Chile",CL,2026-11-26,1,https://www.aviasales.com/search/LAX2611IPC1?marker=741311
872,831,USD,LAS,BAX,"Barnaul, Russia",RU,2026-09-25,4,https://www.aviasales.com/search/LAS2509BAX1?marker=741311
873,832,USD,LAX,CEE,"Cherepovets, Russia",RU,2026-09-23,4,https://www.aviasales.com/search/LAX2309CEE1?marker=741311
874,836,USD,LAX,RGK,"Gorno-Altaysk, Russia",RU,2026-11-01,3,https://www.aviasales.com/search/LAX0111RGK1?marker=741311
875,838,USD,JFK,TNR,"Antananarivo, Madagascar",MG,2026-10-14,1,https://www.aviasales.com/search/JFK1410TNR1?marker=741311
876,846,USD,JFK,NJC,"Nizhnevartovsk, Russia",RU,2026-09-01,4,https://www.aviasales.com/search/JFK0109NJC1?marker=741311
877,857,USD,LAX,FNJ,"Pyongyang, North Korea",KP,2026-08-15,2,https://www.aviasales.com/search/LAX1508FNJ1?marker=741311
878,861,USD,JFK,SEZ,"Mahe, Seychelles",SC,2026-08-11,3,https://www.aviasales.com/search/JFK1108SEZ1?marker=741311
879,865,USD,JFK,GBE,"Gaborone, Botswana",BW,2026-08-10,2,https://www.aviasales.com/search/JFK1008GBE1?marker=741311
880,873,USD,AUS,WLG,"Wellington, New Zealand",NZ,2026-08-15,3,https://www.aviasales.com/search/AUS1508WLG1?marker=741311
881,875,USD,SEA,BJR,"Bahir Dar, Ethiopia",ET,2026-09-08,3,https://www.aviasales.com/search/SEA0809BJR1?marker=741311
882,877,USD,IAD,GOH,"Nuuk, Greenland",GL,2026-09-07,1,https://www.aviasales.com/search/IAD0709GOH1?marker=741311
883,880,USD,JFK,HTA,"Chita, Russia",RU,2026-08-10,4,https://www.aviasales.com/search/JFK1008HTA1?marker=741311
884,884,USD,SEA,OSW,"Orsk, Russia",RU,2026-08-10,4,https://www.aviasales.com/search/SEA1008OSW1?marker=741311
885,885,USD,ORD,KSQ,"Qarshi, Uzbekistan",UZ,2026-09-15,4,https://www.aviasales.com/search/ORD1509KSQ1?marker=741311
886,887,USD,JFK,PKC,"Petropavlovsk-Kamchatsky, Russia",RU,2026-09-03,4,https://www.aviasales.com/search/JFK0309PKC1?marker=741311
887,889,USD,LAX,REN,"Orenburg, Russia",RU,2026-09-11,4,https://www.aviasales.com/search/LAX1109REN1?marker=741311
888,892,USD,JFK,IPT,"Williamsport, United States",US,2026-08-17,4,https://www.aviasales.com/search/JFK1708IPT1?marker=741311
889,896,USD,TPA,MQF,"Magnitogorsk, Russia",RU,2026-08-20,4,https://www.aviasales.com/search/TPA2008MQF1?marker=741311
890,908,USD,MIA,CYA,"Les Cayes, Haiti",HT,2026-08-12,4,https://www.aviasales.com/search/MIA1208CYA1?marker=741311
891,910,USD,SEA,LUN,"Lusaka, Zambia",ZM,2026-08-28,1,https://www.aviasales.com/search/SEA2808LUN1?marker=741311
892,918,USD,DEN,ARK,"Arusha, Tanzania",TZ,2026-12-01,3,https://www.aviasales.com/search/DEN0112ARK1?marker=741311
893,927,USD,JFK,CUK,"Caye Caulker, Belize",BZ,2026-08-18,3,https://www.aviasales.com/search/JFK1808CUK1?marker=741311
894,941,USD,SFO,PBH,"Paro, Bhutan",BT,2026-08-13,3,https://www.aviasales.com/search/SFO1308PBH1?marker=741311
895,946,USD,JFK,UUS,"Yuzhno-Sakhalinsk, Russia",RU,2026-08-11,3,https://www.aviasales.com/search/JFK1108UUS1?marker=741311
896,952,USD,LAX,ESL,"Elista, Russia",RU,2026-09-01,4,https://www.aviasales.com/search/LAX0109ESL1?marker=741311
897,960,USD,LAX,HMA,"Khanty-Mansiysk, Russia",RU,2026-09-01,4,https://www.aviasales.com/search/LAX0109HMA1?marker=741311
898,960,USD,DEN,YTH,"Thompson, Canada",CA,2026-08-19,2,https://www.aviasales.com/search/DEN1908YTH1?marker=741311
899,962,USD,DEN,LBD,"Khujand, Tajikistan",TJ,2026-08-12,4,https://www.aviasales.com/search/DEN1208LBD1?marker=741311
900,969,USD,DFW,KQT,"Kurgon-Tyube (Bokhtar), Tajikistan",TJ,2026-08-12,4,https://www.aviasales.com/search/DFW1208KQT1?marker=741311
901,988,USD,BNA,PLJ,"Placencia, Belize",BZ,2026-08-20,3,https://www.aviasales.com/search/BNA2008PLJ1?marker=741311
902,991,USD,SFO,CHC,"Christchurch, New Zealand",NZ,2026-08-24,2,https://www.aviasales.com/search/SFO2408CHC1?marker=741311
903,993,USD,SFO,GDX,"Magadan, Russia",RU,2026-10-01,4,https://www.aviasales.com/search/SFO0110GDX1?marker=741311
904,1025,USD,ORD,KRO,"Kurgan, Russia",RU,2026-08-14,4,https://www.aviasales.com/search/ORD1408KRO1?marker=741311
905,1025,USD,JFK,SPN,"Saipan, Northern Mariana Islands",MP,2026-12-31,3,https://www.aviasales.com/search/JFK3112SPN1?marker=741311
906,1033,USD,SFO,NSN,"Nelson, New Zealand",NZ,2026-10-12,1,https://www.aviasales.com/search/SFO1210NSN1?marker=741311
907,1041,USD,SFO,GRQ,"Groningen, Netherlands",NL,2026-08-28,3,https://www.aviasales.com/search/SFO2808GRQ1?marker=741311
908,1043,USD,IAD,YAO,"Yaounde, Cameroon",CM,2026-12-21,2,https://www.aviasales.com/search/IAD2112YAO1?marker=741311
909,1046,USD,DFW,TJU,"Kulyab, Tajikistan",TJ,2026-08-10,4,https://www.aviasales.com/search/DFW1008TJU1?marker=741311
910,1053,USD,JFK,PEW,"Peshawar, Pakistan",PK,2026-12-21,1,https://www.aviasales.com/search/JFK2112PEW1?marker=741311
911,1075,USD,ORD,NVI,"Navoi, Uzbekistan",UZ,2026-08-22,4,https://www.aviasales.com/search/ORD2208NVI1?marker=741311
912,1080,USD,JFK,GVN,"Sovetskaya Gavan, Russia",RU,2026-09-30,4,https://www.aviasales.com/search/JFK3009GVN1?marker=741311
913,1081,USD,LAX,NER,"Neryungri, Russia",RU,2026-08-20,4,https://www.aviasales.com/search/LAX2008NER1?marker=741311
914,1082,USD,PDX,KGP,"Kogalym, Russia",RU,2026-08-25,4,https://www.aviasales.com/search/PDX2508KGP1?marker=741311
915,1085,USD,JFK,KHN,"Nanchang, China",CN,2026-12-22,3,https://www.aviasales.com/search/JFK2212KHN1?marker=741311
916,1105,USD,SFO,NLK,"Norfolk Island, Norfolk Island",NF,2026-08-25,3,https://www.aviasales.com/search/SFO2508NLK1?marker=741311
917,1116,USD,SFO,SUI,"Sukhumi, Abkhazia",AB,2026-08-16,4,https://www.aviasales.com/search/SFO1608SUI1?marker=741311
918,1134,USD,LAX,WDH,"Windhoek, Namibia",NA,2026-08-27,2,https://www.aviasales.com/search/LAX2708WDH1?marker=741311
919,1194,USD,PHL,NOS,"Nossi-Be, Madagascar",MG,2026-09-30,4,https://www.aviasales.com/search/PHL3009NOS1?marker=741311
920,1198,USD,FLL,PNR,"Pointe-Noire, Republic of the Congo",CG,2026-08-22,2,https://www.aviasales.com/search/FLL2208PNR1?marker=741311
921,1212,USD,JFK,INU,"Nauru Island, Nauru",NR,2026-08-22,2,https://www.aviasales.com/search/JFK2208INU1?marker=741311
922,1270,USD,MSP,HGA,"Hargeisa, Somalia",SO,2026-08-15,3,https://www.aviasales.com/search/MSP1508HGA1?marker=741311
923,1329,USD,MIA,LRM,"La Romana, Dominican Republic",DO,2026-09-09,2,https://www.aviasales.com/search/MIA0909LRM1?marker=741311
924,1346,USD,JFK,ABA,"Abakan, Russia",RU,2026-08-19,2,https://www.aviasales.com/search/JFK1908ABA1?marker=741311
925,1405,USD,JFK,HLE,"Jamestown (Saint Helena), Saint Helena, Ascension and Tristan da Cunha",SH,2026-11-12,2,https://www.aviasales.com/search/JFK1211HLE1?marker=741311
926,1454,USD,DTW,MZR,"Mazar-i-sharif, Afghanistan",AF,2026-08-10,4,https://www.aviasales.com/search/DTW1008MZR1?marker=741311
927,1469,USD,IAD,DEE,"Yuzhno-Kurilsk, Russia",RU,2026-08-15,4,https://www.aviasales.com/search/IAD1508DEE1?marker=741311
928,1639,USD,JFK,ADE,"Aden, Yemen",YE,2026-08-24,3,https://www.aviasales.com/search/JFK2408ADE1?marker=741311
929,1667,USD,MIA,MAJ,"Majuro, Marshall Islands",MH,2026-08-25,2,https://www.aviasales.com/search/MIA2508MAJ1?marker=741311
930,2240,USD,LAX,GNJ,"Ganja, Azerbaijan",AZ,2026-08-15,2,https://www.aviasales.com/search/LAX1508GNJ1?marker=741311
