rank,price,currency,origin,destination_code,destination_name,country_code,depart,stops,booking_link
1,23,USD,SFO,ONT,"Ontario, United States",US,2026-08-24,0,https://www.aviasales.com/search/SFO2408ONT1?t=F917875639801787569320000089SFOONT_2b844e92c64bbbb2fcfedd717bafa853_1822&search_date=31072026&expected_price_uuid=019fb8c2-82fc-8040-20f1-0997828903c6&static_fare_key=TY%7CP0%7CH0%7CL0%7CCH0%7CR0%7CTBC0&itinerary_key=2CkCNVQET2MkSXulV-5QPQ&expected_price_source=share&expected_price_currency=usd&expected_price=23&marker=741311
2,23,USD,TPA,ATL,"Atlanta, United States",US,2026-09-24,0,https://www.aviasales.com/search/TPA2409ATL1?t=F917902728001790279640000114TPAATL_50ccb84766c27dd86be4ff418f8feb15_1810&search_date=28072026&expected_price_uuid=019faa97-96aa-8030-e9b7-55dd14d2c9e0&static_fare_key=TY%7CP0%7CH0%7CL0%7CCH0%7CR0%7CTBC0&itinerary_key=-Iv4MT3wbgnSvW9UMojG7w&expected_price_source=share&expected_price_currency=usd&expected_price=23&marker=741311
3,28,USD,LAX,LAS,"Las Vegas, United States",US,2026-10-12,0,https://www.aviasales.com/search/LAX1210LAS1?t=F917918056201791810420000080LAXLAS_c0a0316f4a4ca5afcc59f34bbd00aac6_2220&search_date=01082026&expected_price_uuid=019fbf1c-f18e-8040-6360-4c9b9d12af95&static_fare_key=TY%7CP0%7CH0%7CL0%7CCH0%7CR0%7CTBC0&itinerary_key=aHseyrjnqrnn5fIn1Rc7cg&expected_price_source=share&expected_price_currency=usd&expected_price=28&marker=741311
4,23,USD,SAN,PHX,"Phoenix, United States",US,2026-09-26,0,https://www.aviasales.com/search/SAN2609PHX1?t=F917904494401790454840000090SANPHX_aa22a95d20790cbb6f1d1a904062021e_1822&search_date=01082026&expected_price_uuid=019fbaa8-3d6b-8030-296c-5f1477723549&static_fare_key=TY%7CP0%7CH0%7CL0%7CCH0%7CR0%7CTBC0&itinerary_key=4sufDC2qOX8vuFxYXnLx7A&expected_price_source=share&expected_price_currency=usd&expected_price=23&marker=741311
5,23,USD,LAS,SAN,"San Diego, United States",US,2026-09-17,0,https://www.aviasales.com/search/LAS1709SAN1?t=F917896713601789676220000081LASSAN_5935ef3caa2f2dd5cb7a72aaf435e857_1836&search_date=31072026&expected_price_uuid=019fba7c-026c-8050-e622-bc54b8f73794&static_fare_key=TY%7CP1%7CH0%7CL0%7CCH1_0%7CR0%7CTBC0&itinerary_key=EP-u7E4upuQLzsrGeiKg1A&expected_price_source=share&expected_price_currency=usd&expected_price=23&marker=741311
6,23,USD,LAS,LAX,"Los Angeles, United States",US,2026-09-03,0,https://www.aviasales.com/search/LAS0309LAX1?t=F917884707001788475140000074LASLAX_718d654975c887174da22929e675cadf_1802&search_date=28072026&expected_price_uuid=019fa7eb-2079-8040-2085-4c204f96a58d&static_fare_key=TY%7CP0%7CH0%7CL0%7CCH0%7CR0%7CTBC0&itinerary_key=mMoqKWPdBykq6edPtiUn-Q&expected_price_source=share&expected_price_currency=usd&expected_price=23&marker=741311
7,23,USD,LAX,SFO,"San Francisco, United States",US,2026-10-22,0,https://www.aviasales.com/search/LAX2210SFO1?t=F917926605001792666020000092LAXSFO_76f657669b141bc50262c6968c7a16e2_1824&search_date=31072026&expected_price_uuid=019fb868-6f87-8030-2656-19a734932e11&static_fare_key=TY%7CP0%7CH0%7CL0%7CCH0%7CR0%7CTBC0&itinerary_key=YF6UTuKpuBIUG_z8K0BpWA&expected_price_source=share&expected_price_currency=usd&expected_price=23&marker=741311
8,24,USD,DTW,FLL,"Fort Lauderdale, United States",US,2026-09-19,0,https://www.aviasales.com/search/DTW1909FLL1?t=F917898349801789846020000184DTWFLL_d3dc69c50fb5fc8bcf504e9d9184e950_1910&search_date=29072026&expected_price_uuid=019fab4b-13f8-8040-2db1-851e59e5596a&static_fare_key=TY%7CP0%7CH0%7CL0%7CCH0%7CR0%7CTBC0&itinerary_key=RW2mrWlwwmKgJ_jPkXXc1Q&origin_airports=0&expected_price_source=share&expected_price_currency=usd&expected_price=24&marker=741311
9,27,USD,ATL,ORL,"Orlando, United States",US,2026-08-24,0,https://www.aviasales.com/search/ATL2408ORL1?t=F917875755001787581560000101ATLMCO_feec5f25acbf559729f3464f262a9ba1_2107&search_date=27072026&expected_price_uuid=019fa409-1c2a-8040-a818-b65a91a26be1&static_fare_key=TY%7CP0%7CH0%7CL0%7CCH0%7CR0%7CTBC0&itinerary_key=SlHAaYbupI0qgKrRM_mPUA&expected_price_source=share&expected_price_currency=usd&expected_price=27&marker=741311
10,27,USD,ATL,TPA,"Tampa, United States",US,2026-08-21,0,https://www.aviasales.com/search/ATL2108TPA1?t=F917873065801787312400000097ATLTPA_aa56cf9856349b30e41573a54274a5ea_2127&search_date=28072026&expected_price_uuid=019faa1d-9dcd-8040-a21e-1ad56e652cf0&static_fare_key=TY%7CP0%7CH0%7CL0%7CCH0%7CR0%7CTBC0&itinerary_key=RVa4Sj9EQcCg1tM3der7bQ&expected_price_source=share&expected_price_currency=usd&expected_price=27&marker=741311
11,28,USD,CLT,BWI,"Baltimore, United States",US,2026-08-15,0,https://www.aviasales.com/search/CLT1508BWI1?t=F917868010801786807020000099CLTBWI_ccf51e7b9dec8e33f262277565f8a733_2188&search_date=26072026&expected_price_uuid=019f9f40-9cc8-8040-a122-971ada2d6336&static_fare_key=TY%7CP0%7CH0%7CL0%7CCH0%7CR0%7CTBC0&itinerary_key=L9DGNj7TX3TBFtvMqcyUxA&expected_price_source=share&expected_price_currency=usd&expected_price=28&marker=741311
13,30,USD,LAX,DEN,"Denver, United States",US,2026-09-14,0,https://www.aviasales.com/search/LAX1409DEN1?t=F917893960801789408740000151LAXDEN_ca22edb033fda4353cb8d5d24f9fc478_2408&search_date=29072026&expected_price_uuid=019faeb4-758d-8030-e9ea-e6ad28518597&static_fare_key=TY%7CP0%7CH0%7CL0%7CCH0%7CR0%7CTBC0&itinerary_key=8XA-B7Mn6yVvp-sXtVTFtw&expected_price_source=share&expected_price_currency=usd&expected_price=30&marker=741311
14,31,USD,ATL,WAS,"Washington, United States",US,2026-08-19,0,https://www.aviasales.com/search/ATL1908WAS1?t=F917871523801787159640000121ATLIAD_a4ce9f68b9b4c0c2a2e18ab8dd60c01b_2458&search_date=01082026&expected_price_uuid=019fbde1-149a-8040-6be1-37dc25166260&static_fare_key=TY%7CP0%7CH0%7CL0%7CCH0%7CR0%7CTBC0&itinerary_key=HwDqGU-DSNmqTY1qlmbbFw&expected_price_source=share&expected_price_currency=usd&expected_price=31&marker=741311
15,32,USD,LAX,SEA,"Seattle, United States",US,2026-10-04,0,https://www.aviasales.com/search/LAX0410SEA1?t=F917911281001791138960000181LAXSEA_461d180cf04f00b7aac27a838a693d65_2521&search_date=29072026&expected_price_uuid=019fab83-fa6b-8040-6337-9b2ef1bea53a&static_fare_key=TY%7CP0%7CH0%7CL0%7CCH0%7CR0%7CTBC0&itinerary_key=L__X7zcBdsENCGdYv3ItkA&expected_price_source=share&expected_price_currency=usd&expected_price=32&marker=741311
16,34,USD,ATL,MSY,"New Orleans, United States",US,2026-08-16,0,https://www.aviasales.com/search/ATL1608MSY1?t=F917868938401786896420000103ATLMSY_9b20f4f77c87e4dbb71f7f049f1d0e09_2706&search_date=01082026&expected_price_uuid=019fbbdb-800e-8030-2696-21ada4fa5261&static_fare_key=TY%7CP0%7CH0%7CL0%7CCH0%7CR0%7CTBC0&itinerary_key=0PzX9FDTet4WH0eLvwUXGw&expected_price_source=share&expected_price_currency=usd&expected_price=34&marker=741311
17,34,USD,ATL,RDU,"Raleigh, United States",US,2026-08-16,0,https://www.aviasales.com/search/ATL1608RDU1?t=F917868624001786867860000091ATLRDU_188d6e560071ac4f3d407ec9ab070645_2706&search_date=01082026&expected_price_uuid=019fbd5e-93d8-8030-ae9c-2ff71db2585a&static_fare_key=TY%7CP0%7CH0%7CL0%7CCH0%7CR0%7CTBC0&itinerary_key=gscHyEEFcPO0f6uERimFWg&expected_price_source=share&expected_price_currency=usd&expected_price=34&marker=741311
18,37,USD,ATL,MIA,"Miami, United States",US,2026-08-17,0,https://www.aviasales.com/search/ATL1708MIA1?t=F917869672201786974780000126ATLMIA_f2a8428771baa96e8b34964cdf192e08_2878&search_date=28072026&expected_price_uuid=019fa7f5-99cf-8030-ea5a-dab645801095&static_fare_key=TY%7CP0%7CH0%7CL0%7CCH0%7CR0%7CTBC0&itinerary_key=ltgPhxOrvjbsAP2oxYze7g&expected_price_source=share&expected_price_currency=usd&expected_price=37&marker=741311
19,37,USD,ATL,JAX,"Jacksonville, United States",US,2026-08-22,0,https://www.aviasales.com/search/ATL2208JAX1?t=F917874176401787422200000076ATLJAX_6cd5d83d84c8e57553d83c220c039edd_2933&search_date=01082026&expected_price_uuid=019fbd15-2b51-8040-adc1-dfc09fae17b0&static_fare_key=TY%7CP0%7CH0%7CL0%7CCH0%7CR0%7CTBC0&itinerary_key=aBrfD-CwiIX9ptpRF9fWWw&expected_price_source=share&expected_price_currency=usd&expected_price=37&marker=741311
20,38,USD,LAS,SLC,"Salt Lake City, United States",US,2026-10-23,0,https://www.aviasales.com/search/LAS2310SLC1?marker=741311
21,39,USD,LAS,HOU,"Houston, United States",US,2026-09-09,0,https://www.aviasales.com/search/LAS0909HOU1?marker=741311
22,41,USD,DEN,BNA,"Nashville, United States",US,2026-08-22,0,https://www.aviasales.com/search/DEN2208BNA1?marker=741311
23,41,USD,LAS,FAT,"Fresno, United States",US,2026-10-31,0,https://www.aviasales.com/search/LAS3110FAT1?marker=741311
24,42,USD,DEN,STL,"St Louis, United States",US,2026-09-30,0,https://www.aviasales.com/search/DEN3009STL1?marker=741311
25,43,USD,FLL,SWF,"Newburgh, United States",US,2026-10-04,0,https://www.aviasales.com/search/FLL0410SWF1?marker=741311
26,43,USD,LAS,SCK,"Stockton, United States",US,2026-08-06,0,https://www.aviasales.com/search/LAS0608SCK1?marker=741311
27,44,USD,FLL,CHI,"Chicago, United States",US,2026-09-11,0,https://www.aviasales.com/search/FLL1109CHI1?marker=741311
28,47,USD,ATL,PHL,"Philadelphia, United States",US,2026-09-04,0,https://www.aviasales.com/search/ATL0409PHL1?marker=741311
29,48,USD,MIA,SJU,"San Juan, Puerto Rico",PR,2026-10-05,0,https://www.aviasales.com/search/MIA0510SJU1?marker=741311
30,49,USD,FLL,BOS,"Boston, United States",US,2026-10-17,0,https://www.aviasales.com/search/FLL1710BOS1?marker=741311
31,50,USD,LAS,RNO,"Reno, United States",US,2026-08-29,0,https://www.aviasales.com/search/LAS2908RNO1?marker=741311
32,53,USD,MCO,NYC,"New York, United States",US,2026-11-03,0,https://www.aviasales.com/search/MCO0311NYC1?marker=741311
33,57,USD,PDX,OAK,"Oakland, United States",US,2026-08-18,0,https://www.aviasales.com/search/PDX1808OAK1?marker=741311
34,57,USD,SEA,LGB,"Long Beach, United States",US,2026-09-22,0,https://www.aviasales.com/search/SEA2209LGB1?marker=741311
35,58,USD,DFW,OKC,"Oklahoma City, United States",US,2026-12-16,0,https://www.aviasales.com/search/DFW1612OKC1?marker=741311
36,58,USD,SFO,PDX,"Portland, United States",US,2026-09-14,0,https://www.aviasales.com/search/SFO1409PDX1?marker=741311
37,58,USD,DCA,PIT,"Pittsburgh, United States",US,2026-08-27,0,https://www.aviasales.com/search/DCA2708PIT1?marker=741311
38,59,USD,TPA,CLE,"Cleveland, United States",US,2026-08-06,0,https://www.aviasales.com/search/TPA0608CLE1?marker=741311
39,59,USD,MCO,BUF,"Buffalo, United States",US,2026-09-17,0,https://www.aviasales.com/search/MCO1709BUF1?marker=741311
40,59,USD,DEN,ELP,"El Paso, United States",US,2026-09-23,0,https://www.aviasales.com/search/DEN2309ELP1?marker=741311
41,60,USD,ORD,MSP,"Minneapolis, United States",US,2026-10-10,0,https://www.aviasales.com/search/ORD1010MSP1?marker=741311
42,60,USD,TPA,DFW,"Dallas, United States",US,2026-09-10,1,https://www.aviasales.com/search/TPA1009DFW1?marker=741311
43,61,USD,MCO,DTT,"Detroit, United States",US,2026-08-24,1,https://www.aviasales.com/search/MCO2408DTT1?marker=741311
44,61,USD,LAX,YVR,"Vancouver, Canada",CA,2026-08-18,2,https://www.aviasales.com/search/LAX1808YVR1?marker=741311
45,62,USD,LAX,SAC,"Sacramento, United States",US,2026-09-11,0,https://www.aviasales.com/search/LAX1109SAC1?marker=741311
46,63,USD,PHX,SOW,"Show Low, United States",US,2026-09-26,0,https://www.aviasales.com/search/PHX2609SOW1?marker=741311
47,64,USD,MCO,CVG,"Cincinnati, United States",US,2026-09-05,0,https://www.aviasales.com/search/MCO0509CVG1?marker=741311
48,64,USD,MCO,ISP,"Islip, United States",US,2026-08-30,0,https://www.aviasales.com/search/MCO3008ISP1?marker=741311
49,64,USD,TPA,CHA,"Chattanooga, United States",US,2026-08-20,0,https://www.aviasales.com/search/TPA2008CHA1?marker=741311
50,65,USD,LAS,MEM,"Memphis, United States",US,2026-08-14,0,https://www.aviasales.com/search/LAS1408MEM1?marker=741311
51,66,USD,DFW,CMH,"Columbus, United States",US,2026-08-25,1,https://www.aviasales.com/search/DFW2508CMH1?marker=741311
52,66,USD,TPA,AUS,"Austin, United States",US,2026-08-21,1,https://www.aviasales.com/search/TPA2108AUS1?marker=741311
53,69,USD,ORD,IRK,"Kirksville, United States",US,2026-08-14,0,https://www.aviasales.com/search/ORD1408IRK1?marker=741311
54,71,USD,FLL,YTO,"Toronto, Canada",CA,2026-09-29,0,https://www.aviasales.com/search/FLL2909YTO1?marker=741311
55,72,USD,PDX,PDT,"Pendleton, United States",US,2026-08-26,0,https://www.aviasales.com/search/PDX2608PDT1?marker=741311
56,73,USD,ATL,MKC,"Kansas City, United States",US,2026-08-15,0,https://www.aviasales.com/search/ATL1508MKC1?marker=741311
57,74,USD,FLL,CLT,"Charlotte, United States",US,2026-08-24,0,https://www.aviasales.com/search/FLL2408CLT1?marker=741311
58,74,USD,BNA,RIC,"Richmond, United States",US,2026-08-06,0,https://www.aviasales.com/search/BNA0608RIC1?marker=741311
59,74,USD,BOS,LEB,"Lebanon, United States",US,2026-08-07,0,https://www.aviasales.com/search/BOS0708LEB1?marker=741311
60,78,USD,LAS,SAT,"San Antonio, United States",US,2026-10-23,0,https://www.aviasales.com/search/LAS2310SAT1?marker=741311
61,78,USD,PHL,MYR,"Myrtle Beach, United States",US,2026-08-04,0,https://www.aviasales.com/search/PHL0408MYR1?marker=741311
62,78,USD,SAN,BOI,"Boise, United States",US,2026-09-24,0,https://www.aviasales.com/search/SAN2409BOI1?marker=741311
63,79,USD,ATL,PBI,"West Palm Beach, United States",US,2026-08-19,1,https://www.aviasales.com/search/ATL1908PBI1?marker=741311
64,79,USD,LAS,BZN,"Bozeman, United States",US,2026-08-06,0,https://www.aviasales.com/search/LAS0608BZN1?marker=741311
65,80,USD,LAS,PAE,"Everett, United States",US,2026-09-09,0,https://www.aviasales.com/search/LAS0909PAE1?marker=741311
66,80,USD,AUS,MTY,"Monterrey, Mexico",MX,2026-09-02,0,https://www.aviasales.com/search/AUS0209MTY1?marker=741311
67,81,USD,LAX,ABQ,"Albuquerque, United States",US,2026-10-27,0,https://www.aviasales.com/search/LAX2710ABQ1?marker=741311
68,85,USD,SFO,YYC,"Calgary, Canada",CA,2026-08-15,1,https://www.aviasales.com/search/SFO1508YYC1?marker=741311
69,88,USD,BOS,AUG,"Augusta, United States",US,2026-08-11,0,https://www.aviasales.com/search/BOS1108AUG1?marker=741311
70,88,USD,BOS,RUT,"Rutland, United States",US,2026-08-11,0,https://www.aviasales.com/search/BOS1108RUT1?marker=741311
71,89,USD,IAH,MEX,"Mexico City, Mexico",MX,2026-08-17,0,https://www.aviasales.com/search/IAH1708MEX1?marker=741311
72,90,USD,FLL,BDL,"Hartford, United States",US,2026-08-25,1,https://www.aviasales.com/search/FLL2508BDL1?marker=741311
73,90,USD,MCO,PNS,"Pensacola, United States",US,2026-09-04,0,https://www.aviasales.com/search/MCO0409PNS1?marker=741311
74,91,USD,MCO,PWM,"Portland, United States",US,2026-09-11,0,https://www.aviasales.com/search/MCO1109PWM1?marker=741311
75,91,USD,PHX,PIA,"Peoria, United States",US,2026-08-27,0,https://www.aviasales.com/search/PHX2708PIA1?marker=741311
76,92,USD,ORD,BRL,"Burlington, United States",US,2026-08-10,0,https://www.aviasales.com/search/ORD1008BRL1?marker=741311
77,92,USD,IAH,BJX,"Leon/Guanajuato, Mexico",MX,2026-08-17,0,https://www.aviasales.com/search/IAH1708BJX1?marker=741311
78,92,USD,LAX,MCE,"Merced, United States",US,2026-08-05,0,https://www.aviasales.com/search/LAX0508MCE1?marker=741311
79,93,USD,DEN,FAR,"Fargo, United States",US,2026-08-21,0,https://www.aviasales.com/search/DEN2108FAR1?marker=741311
80,95,USD,BOS,YMQ,"Montreal, Canada",CA,2026-08-28,1,https://www.aviasales.com/search/BOS2808YMQ1?marker=741311
81,95,USD,LAX,GDL,"Guadalajara, Mexico",MX,2026-08-29,0,https://www.aviasales.com/search/LAX2908GDL1?marker=741311
82,95,USD,SFO,PSP,"Palm Springs, United States",US,2026-08-29,0,https://www.aviasales.com/search/SFO2908PSP1?marker=741311
83,96,USD,AUS,MID,"Merida, Mexico",MX,2026-11-27,1,https://www.aviasales.com/search/AUS2711MID1?marker=741311
84,98,USD,MIA,NAS,"Nassau, Bahamas",BS,2026-10-19,0,https://www.aviasales.com/search/MIA1910NAS1?marker=741311
85,100,USD,ORD,IND,"Indianapolis, United States",US,2026-09-08,1,https://www.aviasales.com/search/ORD0809IND1?marker=741311
86,100,USD,ATL,ORF,"Norfolk, United States",US,2026-08-16,0,https://www.aviasales.com/search/ATL1608ORF1?marker=741311
87,101,USD,FLL,YGK,"Kingston, Canada",CA,2026-10-01,1,https://www.aviasales.com/search/FLL0110YGK1?marker=741311
88,104,USD,DEN,CID,"Cedar Rapids, United States",US,2026-08-06,0,https://www.aviasales.com/search/DEN0608CID1?marker=741311
89,106,USD,AUS,CUN,"Cancun, Mexico",MX,2026-10-07,1,https://www.aviasales.com/search/AUS0710CUN1?marker=741311
90,106,USD,SEA,GEG,"Spokane, United States",US,2026-08-09,0,https://www.aviasales.com/search/SEA0908GEG1?marker=741311
91,108,USD,IAH,MLM,"Morelia, Mexico",MX,2026-10-07,1,https://www.aviasales.com/search/IAH0710MLM1?marker=741311
92,109,USD,JFK,SYR,"Syracuse, United States",US,2026-08-28,1,https://www.aviasales.com/search/JFK2808SYR1?marker=741311
93,109,USD,RDU,DAB,"Daytona Beach, United States",US,2026-12-04,0,https://www.aviasales.com/search/RDU0412DAB1?marker=741311
94,109,USD,TPA,ALB,"Albany, United States",US,2026-08-05,0,https://www.aviasales.com/search/TPA0508ALB1?marker=741311
95,110,USD,LAS,OMA,"Omaha, United States",US,2026-08-31,1,https://www.aviasales.com/search/LAS3108OMA1?marker=741311
96,110,USD,FLL,CHS,"Charleston, United States",US,2026-09-07,1,https://www.aviasales.com/search/FLL0709CHS1?marker=741311
97,112,USD,DEN,MOT,"Minot, United States",US,2026-08-19,1,https://www.aviasales.com/search/DEN1908MOT1?marker=741311
98,114,USD,FLL,TLH,"Tallahassee, United States",US,2026-08-06,0,https://www.aviasales.com/search/FLL0608TLH1?marker=741311
99,114,USD,MCO,HVN,"New Haven, United States",US,2026-08-10,1,https://www.aviasales.com/search/MCO1008HVN1?marker=741311
100,115,USD,SEA,HNL,"Honolulu, United States",US,2026-08-02,1,https://www.aviasales.com/search/SEA0208HNL1?marker=741311
101,115,USD,DEN,BIL,"Billings, United States",US,2026-08-31,1,https://www.aviasales.com/search/DEN3108BIL1?marker=741311
102,115,USD,JFK,ROC,"Rochester, United States",US,2026-10-30,1,https://www.aviasales.com/search/JFK3010ROC1?marker=741311
103,116,USD,IAD,PLS,"Providenciales, Turks and Caicos Islands",TC,2026-10-22,1,https://www.aviasales.com/search/IAD2210PLS1?marker=741311
104,116,USD,DEN,CNY,"Moab, United States",US,2026-08-07,0,https://www.aviasales.com/search/DEN0708CNY1?marker=741311
105,118,USD,RDU,FMY,"Fort Myers, United States",US,2026-08-13,0,https://www.aviasales.com/search/RDU1308FMY1?marker=741311
106,118,USD,MCO,PVD,"Providence, United States",US,2026-09-19,0,https://www.aviasales.com/search/MCO1909PVD1?marker=741311
107,118,USD,PHL,EYW,"Key West, United States",US,2026-08-11,1,https://www.aviasales.com/search/PHL1108EYW1?marker=741311
108,120,USD,ORD,SRQ,"Sarasota, United States",US,2026-08-24,0,https://www.aviasales.com/search/ORD2408SRQ1?marker=741311
109,120,USD,ORD,MKG,"Muskegon, United States",US,2026-08-05,0,https://www.aviasales.com/search/ORD0508MKG1?marker=741311
110,120,USD,SEA,ALW,"Walla Walla, United States",US,2026-09-01,0,https://www.aviasales.com/search/SEA0109ALW1?marker=741311
111,121,USD,MIA,GEO,"Georgetown, Guyana",GY,2026-08-05,1,https://www.aviasales.com/search/MIA0508GEO1?marker=741311
112,121,USD,JFK,BAQ,"Barranquilla, Colombia",CO,2026-11-17,1,https://www.aviasales.com/search/JFK1711BAQ1?marker=741311
113,122,USD,MIA,SAL,"San Salvador, El Salvador",SV,2026-08-18,1,https://www.aviasales.com/search/MIA1808SAL1?marker=741311
114,122,USD,IAH,GSP,"Greenville, United States",US,2026-08-24,1,https://www.aviasales.com/search/IAH2408GSP1?marker=741311
115,122,USD,SAN,SBA,"Santa Barbara, United States",US,2026-08-08,0,https://www.aviasales.com/search/SAN0808SBA1?marker=741311
116,122,USD,IAH,TIJ,"Tijuana, Mexico",MX,2026-09-02,1,https://www.aviasales.com/search/IAH0209TIJ1?marker=741311
117,122,USD,PHX,SVC,"Silver City, United States",US,2026-08-06,0,https://www.aviasales.com/search/PHX0608SVC1?marker=741311
118,123,USD,DFW,ACV,"Arcata, United States",US,2026-08-28,1,https://www.aviasales.com/search/DFW2808ACV1?marker=741311
119,123,USD,MCO,QRO,"Queretaro, Mexico",MX,2026-11-19,1,https://www.aviasales.com/search/MCO1911QRO1?marker=741311
120,123,USD,PHX,EUG,"Eugene, United States",US,2026-10-13,1,https://www.aviasales.com/search/PHX1310EUG1?marker=741311
121,123,USD,TPA,SDF,"Louisville, United States",US,2026-08-06,0,https://www.aviasales.com/search/TPA0608SDF1?marker=741311
122,124,USD,MIA,MDE,"Medellin, Colombia",CO,2026-09-18,1,https://www.aviasales.com/search/MIA1809MDE1?marker=741311
123,124,USD,SEA,YWG,"Winnipeg, Canada",CA,2026-08-22,2,https://www.aviasales.com/search/SEA2208YWG1?marker=741311
124,125,USD,JFK,GUA,"Guatemala City, Guatemala",GT,2026-11-01,1,https://www.aviasales.com/search/JFK0111GUA1?marker=741311
125,125,USD,IAH,ZIH,"Ixtapa, Mexico",MX,2026-10-07,1,https://www.aviasales.com/search/IAH0710ZIH1?marker=741311
126,125,USD,ORD,AVL,"Asheville, United States",US,2026-08-05,0,https://www.aviasales.com/search/ORD0508AVL1?marker=741311
127,125,USD,IAD,CAE,"Columbia, United States",US,2026-08-05,0,https://www.aviasales.com/search/IAD0508CAE1?marker=741311
128,126,USD,BNA,FSD,"Sioux Falls, United States",US,2026-08-07,0,https://www.aviasales.com/search/BNA0708FSD1?marker=741311
129,126,USD,SEA,FCA,"Kalispell, United States",US,2026-08-08,0,https://www.aviasales.com/search/SEA0808FCA1?marker=741311
130,127,USD,IAH,PVR,"Puerto Vallarta, Mexico",MX,2026-08-21,1,https://www.aviasales.com/search/IAH2108PVR1?marker=741311
131,128,USD,ATL,SAV,"Savannah, United States",US,2026-08-20,1,https://www.aviasales.com/search/ATL2008SAV1?marker=741311
132,128,USD,MCO,MSN,"Madison, United States",US,2026-08-15,0,https://www.aviasales.com/search/MCO1508MSN1?marker=741311
133,128,USD,LAX,SJD,"San Jose Del Cabo, Mexico",MX,2026-09-02,1,https://www.aviasales.com/search/LAX0209SJD1?marker=741311
134,130,USD,IAD,ROA,"Roanoke, United States",US,2026-08-11,0,https://www.aviasales.com/search/IAD1108ROA1?marker=741311
135,130,USD,LAS,BFL,"Bakersfield, United States",US,2026-08-11,1,https://www.aviasales.com/search/LAS1108BFL1?marker=741311
136,131,USD,LAX,IPL,"Imperial, United States",US,2026-08-08,0,https://www.aviasales.com/search/LAX0808IPL1?marker=741311
137,132,USD,DFW,MKE,"Milwaukee, United States",US,2026-08-22,1,https://www.aviasales.com/search/DFW2208MKE1?marker=741311
138,132,USD,TPA,SAP,"San Pedro Sula, Honduras",HN,2026-11-02,2,https://www.aviasales.com/search/TPA0211SAP1?marker=741311
139,132,USD,JFK,VPS,"Fort Walton Beach, United States",US,2026-08-21,1,https://www.aviasales.com/search/JFK2108VPS1?marker=741311
140,134,USD,LAX,GRR,"Grand Rapids, United States",US,2026-09-10,1,https://www.aviasales.com/search/LAX1009GRR1?marker=741311
141,134,USD,SEA,GFK,"Grand Forks, United States",US,2026-10-31,1,https://www.aviasales.com/search/SEA3110GFK1?marker=741311
142,135,USD,DFW,TYS,"Knoxville, United States",US,2026-09-24,1,https://www.aviasales.com/search/DFW2409TYS1?marker=741311
143,135,USD,SAN,OGG,"Kahului, United States",US,2026-08-12,0,https://www.aviasales.com/search/SAN1208OGG1?marker=741311
144,135,USD,LAS,PGA,"Page, United States",US,2026-08-06,0,https://www.aviasales.com/search/LAS0608PGA1?marker=741311
145,136,USD,IAH,LIT,"Little Rock, United States",US,2026-08-10,1,https://www.aviasales.com/search/IAH1008LIT1?marker=741311
146,136,USD,IAH,TUS,"Tucson, United States",US,2026-08-19,1,https://www.aviasales.com/search/IAH1908TUS1?marker=741311
147,136,USD,JFK,HYA,"Hyannis, United States",US,2026-08-10,0,https://www.aviasales.com/search/JFK1008HYA1?marker=741311
148,137,USD,FLL,LEX,"Lexington, United States",US,2026-08-05,1,https://www.aviasales.com/search/FLL0508LEX1?marker=741311
149,138,USD,FLL,SXM,"Sint Maarten, Sint Maarten",SX,2026-09-18,0,https://www.aviasales.com/search/FLL1809SXM1?marker=741311
150,138,USD,SEA,HLN,"Helena, United States",US,2026-08-12,0,https://www.aviasales.com/search/SEA1208HLN1?marker=741311
151,138,USD,LAX,STS,"Santa Rosa, United States",US,2026-08-10,0,https://www.aviasales.com/search/LAX1008STS1?marker=741311
152,140,USD,MIA,LIM,"Lima, Peru",PE,2026-10-12,1,https://www.aviasales.com/search/MIA1210LIM1?marker=741311
153,140,USD,JFK,ATH,"Athens, Greece",GR,2026-10-12,0,https://www.aviasales.com/search/JFK1210ATH1?marker=741311
154,140,USD,JFK,ROM,"Rome, Italy",IT,2026-10-19,0,https://www.aviasales.com/search/JFK1910ROM1?marker=741311
155,140,USD,ORD,GYE,"Guayaquil, Ecuador",EC,2026-11-01,1,https://www.aviasales.com/search/ORD0111GYE1?marker=741311
156,141,USD,PDX,GPT,"Gulfport, United States",US,2026-08-05,2,https://www.aviasales.com/search/PDX0508GPT1?marker=741311
157,141,USD,IAH,BHM,"Birmingham, United States",US,2026-08-10,0,https://www.aviasales.com/search/IAH1008BHM1?marker=741311
158,142,USD,MCO,LON,"London, United Kingdom",GB,2026-08-02,0,https://www.aviasales.com/search/MCO0208LON1?marker=741311
159,142,USD,JFK,KIN,"Kingston, Jamaica",JM,2026-09-30,1,https://www.aviasales.com/search/JFK3009KIN1?marker=741311
160,142,USD,MCO,PSE,"Ponce, Puerto Rico",PR,2026-10-08,0,https://www.aviasales.com/search/MCO0810PSE1?marker=741311
161,142,USD,MCO,BQN,"Aguadilla, Puerto Rico",PR,2026-10-17,0,https://www.aviasales.com/search/MCO1710BQN1?marker=741311
162,143,USD,MCO,PUJ,"Punta Cana, Dominican Republic",DO,2026-08-31,1,https://www.aviasales.com/search/MCO3108PUJ1?marker=741311
163,143,USD,ORD,ICT,"Wichita, United States",US,2026-08-04,0,https://www.aviasales.com/search/ORD0408ICT1?marker=741311
164,145,USD,SFO,BOG,"Bogota, Colombia",CO,2026-08-29,1,https://www.aviasales.com/search/SFO2908BOG1?marker=741311
165,145,USD,JFK,MBJ,"Montego Bay, Jamaica",JM,2026-10-30,1,https://www.aviasales.com/search/JFK3010MBJ1?marker=741311
166,145,USD,MIA,CUR,"Curacao, Curaçao",CW,2026-11-11,1,https://www.aviasales.com/search/MIA1111CUR1?marker=741311
167,146,USD,JFK,STI,"Santiago, Dominican Republic",DO,2026-10-13,1,https://www.aviasales.com/search/JFK1310STI1?marker=741311
168,146,USD,JFK,SDQ,"Santo Domingo, Dominican Republic",DO,2026-08-19,1,https://www.aviasales.com/search/JFK1908SDQ1?marker=741311
169,146,USD,PDX,LIH,"Kauai Island, United States",US,2026-09-01,2,https://www.aviasales.com/search/PDX0109LIH1?marker=741311
170,147,USD,ATL,BGR,"Bangor, United States",US,2026-09-02,1,https://www.aviasales.com/search/ATL0209BGR1?marker=741311
171,147,USD,MIA,HAV,"Havana, Cuba",CU,2026-12-13,1,https://www.aviasales.com/search/MIA1312HAV1?marker=741311
172,147,USD,ORD,RAP,"Rapid City, United States",US,2026-08-26,0,https://www.aviasales.com/search/ORD2608RAP1?marker=741311
173,147,USD,ATL,FWA,"Fort Wayne, United States",US,2026-08-05,1,https://www.aviasales.com/search/ATL0508FWA1?marker=741311
174,147,USD,MIA,CLO,"Cali, Colombia",CO,2026-12-10,0,https://www.aviasales.com/search/MIA1012CLO1?marker=741311
175,149,USD,ORD,FOD,"Fort Dodge, United States",US,2026-08-17,0,https://www.aviasales.com/search/ORD1708FOD1?marker=741311
176,149,USD,IAD,HSV,"Huntsville, United States",US,2026-08-03,0,https://www.aviasales.com/search/IAD0308HSV1?marker=741311
177,149,USD,SEA,FAI,"Fairbanks, United States",US,2026-08-10,0,https://www.aviasales.com/search/SEA1008FAI1?marker=741311
178,151,USD,JFK,BDA,"Bermuda, Bermuda",BM,2026-09-21,0,https://www.aviasales.com/search/JFK2109BDA1?marker=741311
179,152,USD,PHL,DSM,"Des Moines, United States",US,2026-09-05,0,https://www.aviasales.com/search/PHL0509DSM1?marker=741311
180,152,USD,SEA,ANC,"Anchorage, United States",US,2026-08-10,0,https://www.aviasales.com/search/SEA1008ANC1?marker=741311
181,152,USD,DCA,ILM,"Wilmington, United States",US,2026-08-05,0,https://www.aviasales.com/search/DCA0508ILM1?marker=741311
182,153,USD,ORD,MLI,"Moline, United States",US,2026-08-08,0,https://www.aviasales.com/search/ORD0808MLI1?marker=741311
183,153,USD,ORD,GSO,"Greensboro, United States",US,2026-08-08,0,https://www.aviasales.com/search/ORD0808GSO1?marker=741311
184,153,USD,ORD,LAF,"Lafayette, United States",US,2026-08-07,0,https://www.aviasales.com/search/ORD0708LAF1?marker=741311
185,153,USD,PHX,GCN,"Grand Canyon, United States",US,2026-08-05,0,https://www.aviasales.com/search/PHX0508GCN1?marker=741311
186,154,USD,DFW,BRO,"Brownsville, United States",US,2026-09-10,1,https://www.aviasales.com/search/DFW1009BRO1?marker=741311
187,154,USD,LAX,MRY,"Monterey, United States",US,2026-08-07,0,https://www.aviasales.com/search/LAX0708MRY1?marker=741311
188,154,USD,AUS,CTG,"Cartagena, Colombia",CO,2026-08-22,2,https://www.aviasales.com/search/AUS2208CTG1?marker=741311
189,155,USD,ORD,ORH,"Worcester, United States",US,2026-08-10,1,https://www.aviasales.com/search/ORD1008ORH1?marker=741311
190,155,USD,FLL,SJO,"San Jose, Costa Rica",CR,2026-09-08,0,https://www.aviasales.com/search/FLL0809SJO1?marker=741311
191,155,USD,SFO,KOA,"Kailua-Kona, United States",US,2026-09-01,0,https://www.aviasales.com/search/SFO0109KOA1?marker=741311
192,156,USD,FLL,YOW,"Ottawa, Canada",CA,2026-10-01,1,https://www.aviasales.com/search/FLL0110YOW1?marker=741311
193,156,USD,MCO,SBN,"South Bend, United States",US,2026-08-21,2,https://www.aviasales.com/search/MCO2108SBN1?marker=741311
194,160,USD,ATL,ECP,"Panama City, United States",US,2026-10-23,1,https://www.aviasales.com/search/ATL2310ECP1?marker=741311
195,161,USD,MCO,FYV,"Fayetteville, United States",US,2026-08-03,0,https://www.aviasales.com/search/MCO0308FYV1?marker=741311
196,162,USD,ORD,SPI,"Springfield, United States",US,2026-08-09,0,https://www.aviasales.com/search/ORD0908SPI1?marker=741311
197,163,USD,DFW,ABI,"Abilene, United States",US,2026-08-08,0,https://www.aviasales.com/search/DFW0808ABI1?marker=741311
198,163,USD,DFW,BTR,"Baton Rouge, United States",US,2026-08-08,0,https://www.aviasales.com/search/DFW0808BTR1?marker=741311
199,163,USD,DFW,CRP,"Corpus Christi, United States",US,2026-08-05,1,https://www.aviasales.com/search/DFW0508CRP1?marker=741311
200,163,USD,ORD,MHK,"Manhattan, United States",US,2026-08-07,0,https://www.aviasales.com/search/ORD0708MHK1?marker=741311
201,163,USD,CLT,AGS,"Augusta, United States",US,2026-08-07,0,https://www.aviasales.com/search/CLT0708AGS1?marker=741311
202,163,USD,CLT,SBY,"Salisbury-Ocean City, United States",US,2026-08-10,0,https://www.aviasales.com/search/CLT1008SBY1?marker=741311
203,163,USD,JFK,BGI,"Bridgetown, Barbados",BB,2026-10-05,1,https://www.aviasales.com/search/JFK0510BGI1?marker=741311
204,164,USD,MCO,SLP,"San Luis Potosi, Mexico",MX,2026-11-18,1,https://www.aviasales.com/search/MCO1811SLP1?marker=741311
205,164,USD,ORD,IWD,"Ironwood, United States",US,2026-08-07,0,https://www.aviasales.com/search/ORD0708IWD1?marker=741311
206,164,USD,IAH,HRL,"Harlingen, United States",US,2026-08-07,1,https://www.aviasales.com/search/IAH0708HRL1?marker=741311
207,164,USD,AUS,VER,"Veracruz, Mexico",MX,2026-09-02,1,https://www.aviasales.com/search/AUS0209VER1?marker=741311
208,165,USD,LAX,PSC,"Pasco, United States",US,2026-08-09,0,https://www.aviasales.com/search/LAX0908PSC1?marker=741311
209,166,USD,ORD,BTV,"Burlington, United States",US,2026-09-09,0,https://www.aviasales.com/search/ORD0909BTV1?marker=741311
210,166,USD,IAH,CUU,"Chihuahua, Mexico",MX,2026-08-09,1,https://www.aviasales.com/search/IAH0908CUU1?marker=741311
211,166,USD,LAS,LMM,"Los Mochis, Mexico",MX,2026-08-05,1,https://www.aviasales.com/search/LAS0508LMM1?marker=741311
212,169,USD,ORD,MWA,"Marion, United States",US,2026-08-07,0,https://www.aviasales.com/search/ORD0708MWA1?marker=741311
213,170,USD,LAS,MFE,"McAllen, United States",US,2026-08-12,0,https://www.aviasales.com/search/LAS1208MFE1?marker=741311
214,171,USD,FLL,PGD,"Punta Gorda, United States",US,2026-08-07,1,https://www.aviasales.com/search/FLL0708PGD1?marker=741311
215,172,USD,DFW,HMO,"Hermosillo, Mexico",MX,2026-08-11,1,https://www.aviasales.com/search/DFW1108HMO1?marker=741311
216,173,USD,MIA,UIO,"Quito, Ecuador",EC,2026-10-01,2,https://www.aviasales.com/search/MIA0110UIO1?marker=741311
217,173,USD,JFK,STT,"Saint Thomas, U.S. Virgin Islands",VI,2026-12-31,0,https://www.aviasales.com/search/JFK3112STT1?marker=741311
218,175,USD,DFW,ZCL,"Zacatecas, Mexico",MX,2026-09-05,3,https://www.aviasales.com/search/DFW0509ZCL1?marker=741311
219,175,USD,LAX,DGO,"Durango, Mexico",MX,2026-08-10,1,https://www.aviasales.com/search/LAX1008DGO1?marker=741311
220,175,USD,SFO,MFR,"Medford, United States",US,2026-08-05,1,https://www.aviasales.com/search/SFO0508MFR1?marker=741311
221,175,USD,SEA,PUW,"Pullman, United States",US,2026-08-17,0,https://www.aviasales.com/search/SEA1708PUW1?marker=741311
222,176,USD,ORD,LBB,"Lubbock, United States",US,2026-09-12,1,https://www.aviasales.com/search/ORD1209LBB1?marker=741311
223,176,USD,JFK,GCM,"Georgetown, Cayman Islands",KY,2027-01-06,1,https://www.aviasales.com/search/JFK0601GCM1?marker=741311
224,177,USD,ORD,MAD,"Madrid, Spain",ES,2026-09-28,2,https://www.aviasales.com/search/ORD2809MAD1?marker=741311
225,177,USD,LAX,RDD,"Redding, United States",US,2026-09-15,1,https://www.aviasales.com/search/LAX1509RDD1?marker=741311
226,179,USD,LAX,OAX,"Oaxaca, Mexico",MX,2026-10-25,2,https://www.aviasales.com/search/LAX2510OAX1?marker=741311
227,179,USD,JFK,TIA,"Tirana, Albania",AL,2026-09-29,1,https://www.aviasales.com/search/JFK2909TIA1?marker=741311
228,179,USD,SEA,YQR,"Regina, Canada",CA,2026-08-28,2,https://www.aviasales.com/search/SEA2808YQR1?marker=741311
229,180,USD,ORD,EAU,"Eau Claire, United States",US,2026-08-09,0,https://www.aviasales.com/search/ORD0908EAU1?marker=741311
230,180,USD,SLC,SNU,"Santa Clara, Cuba",CU,2026-09-28,2,https://www.aviasales.com/search/SLC2809SNU1?marker=741311
231,181,USD,JFK,MIL,"Milan, Italy",IT,2026-10-13,2,https://www.aviasales.com/search/JFK1310MIL1?marker=741311
232,181,USD,DEN,EAR,"Kearney, United States",US,2026-08-24,0,https://www.aviasales.com/search/DEN2408EAR1?marker=741311
233,182,USD,LAX,ACA,"Acapulco, Mexico",MX,2026-08-05,1,https://www.aviasales.com/search/LAX0508ACA1?marker=741311
234,183,USD,TPA,YHZ,"Halifax, Canada",CA,2026-11-01,1,https://www.aviasales.com/search/TPA0111YHZ1?marker=741311
235,183,USD,ATL,MOB,"Mobile, United States",US,2026-08-12,1,https://www.aviasales.com/search/ATL1208MOB1?marker=741311
236,185,USD,LAX,LAP,"La Paz, Mexico",MX,2026-08-14,2,https://www.aviasales.com/search/LAX1408LAP1?marker=741311
237,186,USD,PHL,CAK,"Akron, United States",US,2026-08-10,1,https://www.aviasales.com/search/PHL1008CAK1?marker=741311
238,186,USD,LAX,ASE,"Aspen, United States",US,2027-01-11,0,https://www.aviasales.com/search/LAX1101ASE1?marker=741311
239,187,USD,LAX,BZE,"Belize City, Belize",BZ,2026-09-18,1,https://www.aviasales.com/search/LAX1809BZE1?marker=741311
240,187,USD,SEA,YXS,"Prince George, Canada",CA,2026-08-21,2,https://www.aviasales.com/search/SEA2108YXS1?marker=741311
241,188,USD,ATL,TGZ,"Tuxtla Gutierrez, Mexico",MX,2026-10-01,1,https://www.aviasales.com/search/ATL0110TGZ1?marker=741311
242,189,USD,ORD,DAY,"Dayton, United States",US,2026-09-01,0,https://www.aviasales.com/search/ORD0109DAY1?marker=741311
243,189,USD,ORD,YCD,"Nanaimo, Canada",CA,2026-08-27,1,https://www.aviasales.com/search/ORD2708YCD1?marker=741311
244,190,USD,ORD,YXJ,"Fort St John, Canada",CA,2026-10-02,1,https://www.aviasales.com/search/ORD0210YXJ1?marker=741311
245,192,USD,JFK,PAR,"Paris, France",FR,2026-10-15,1,https://www.aviasales.com/search/JFK1510PAR1?marker=741311
246,193,USD,FLL,HPN,"Westchester County, United States",US,2026-08-11,1,https://www.aviasales.com/search/FLL1108HPN1?marker=741311
247,193,USD,SAN,YQQ,"Comox, Canada",CA,2026-10-31,1,https://www.aviasales.com/search/SAN3110YQQ1?marker=741311
248,194,USD,JFK,AUA,"Oranjestad, Aruba",AW,2027-01-06,0,https://www.aviasales.com/search/JFK0601AUA1?marker=741311
249,195,USD,ORD,DLH,"Duluth, United States",US,2026-09-12,0,https://www.aviasales.com/search/ORD1209DLH1?marker=741311
250,196,USD,DFW,MGM,"Montgomery, United States",US,2026-08-08,0,https://www.aviasales.com/search/DFW0808MGM1?marker=741311
251,197,USD,JFK,BCN,"Barcelona, Spain",ES,2026-10-20,1,https://www.aviasales.com/search/JFK2010BCN1?marker=741311
252,197,USD,JFK,BUD,"Budapest, Hungary",HU,2026-09-29,1,https://www.aviasales.com/search/JFK2909BUD1?marker=741311
253,200,USD,ORD,JAC,"Jackson, United States",US,2026-09-18,0,https://www.aviasales.com/search/ORD1809JAC1?marker=741311
254,201,USD,DFW,AGU,"Aguascalientes, Mexico",MX,2026-09-04,2,https://www.aviasales.com/search/DFW0409AGU1?marker=741311
255,201,USD,ATL,FNT,"Flint, United States",US,2026-08-11,1,https://www.aviasales.com/search/ATL1108FNT1?marker=741311
256,201,USD,PHX,BLI,"Bellingham, United States",US,2026-08-05,1,https://www.aviasales.com/search/PHX0508BLI1?marker=741311
257,202,USD,MIA,TQO,"Tulum, Mexico",MX,2026-09-26,2,https://www.aviasales.com/search/MIA2609TQO1?marker=741311
258,203,USD,IAH,LIR,"Liberia, Costa Rica",CR,2026-10-01,1,https://www.aviasales.com/search/IAH0110LIR1?marker=741311
259,204,USD,JFK,OSL,"Oslo, Norway",NO,2027-01-04,1,https://www.aviasales.com/search/JFK0401OSL1?marker=741311
260,204,USD,JFK,POS,"Port Of Spain, Trinidad and Tobago",TT,2026-09-15,0,https://www.aviasales.com/search/JFK1509POS1?marker=741311
261,204,USD,SEA,JNU,"Juneau, United States",US,2026-08-15,0,https://www.aviasales.com/search/SEA1508JNU1?marker=741311
262,205,USD,DFW,LNK,"Lincoln, United States",US,2026-08-07,1,https://www.aviasales.com/search/DFW0708LNK1?marker=741311
263,205,USD,JFK,WAW,"Warsaw, Poland",PL,2026-10-21,1,https://www.aviasales.com/search/JFK2110WAW1?marker=741311
264,207,USD,ORD,MHT,"Manchester, United States",US,2026-08-08,0,https://www.aviasales.com/search/ORD0808MHT1?marker=741311
265,207,USD,AUS,TRI,"Blountville, United States",US,2026-08-07,1,https://www.aviasales.com/search/AUS0708TRI1?marker=741311
266,208,USD,MIA,HOG,"Holguin, Cuba",CU,2026-08-13,0,https://www.aviasales.com/search/MIA1308HOG1?marker=741311
267,208,USD,PHL,MLB,"Melbourne, United States",US,2026-11-12,1,https://www.aviasales.com/search/PHL1211MLB1?marker=741311
268,209,USD,JFK,FRA,"Frankfurt, Germany",DE,2026-10-19,2,https://www.aviasales.com/search/JFK1910FRA1?marker=741311
269,209,USD,JFK,SKB,"Basseterre, Saint Kitts and Nevis",KN,2026-08-20,0,https://www.aviasales.com/search/JFK2008SKB1?marker=741311
270,209,USD,SEA,YKM,"Yakima, United States",US,2026-08-09,0,https://www.aviasales.com/search/SEA0908YKM1?marker=741311
271,210,USD,SEA,CPH,"Copenhagen, Denmark",DK,2026-08-30,1,https://www.aviasales.com/search/SEA3008CPH1?marker=741311
272,211,USD,DEN,WYS,"West Yellowstone, United States",US,2026-08-28,0,https://www.aviasales.com/search/DEN2808WYS1?marker=741311
273,211,USD,LAX,SGF,"Springfield, United States",US,2026-11-10,1,https://www.aviasales.com/search/LAX1011SGF1?marker=741311
274,212,USD,JFK,GDN,"Gdansk, Poland",PL,2026-10-21,3,https://www.aviasales.com/search/JFK2110GDN1?marker=741311
275,214,USD,MCO,AGP,"Malaga, Spain",ES,2026-08-09,1,https://www.aviasales.com/search/MCO0908AGP1?marker=741311
276,214,USD,LAS,IDA,"Idaho Falls, United States",US,2026-08-09,1,https://www.aviasales.com/search/LAS0908IDA1?marker=741311
277,215,USD,JFK,PRG,"Prague, Czech Republic",CZ,2026-08-22,1,https://www.aviasales.com/search/JFK2208PRG1?marker=741311
278,215,USD,LAX,ITO,"Hilo, United States",US,2026-10-01,2,https://www.aviasales.com/search/LAX0110ITO1?marker=741311
279,217,USD,MCO,SVQ,"Sevilla, Spain",ES,2026-08-09,1,https://www.aviasales.com/search/MCO0908SVQ1?marker=741311
280,217,USD,JFK,GND,"St. George's, Grenada",GD,2026-08-22,0,https://www.aviasales.com/search/JFK2208GND1?marker=741311
281,218,USD,JFK,BRU,"Brussels, Belgium",BE,2026-08-30,1,https://www.aviasales.com/search/JFK3008BRU1?marker=741311
282,218,USD,JFK,DUB,"Dublin, Ireland",IE,2026-08-11,1,https://www.aviasales.com/search/JFK1108DUB1?marker=741311
283,218,USD,ORD,SCE,"State College, United States",US,2026-08-07,1,https://www.aviasales.com/search/ORD0708SCE1?marker=741311
284,219,USD,LAX,HAR,"Harrisburg, United States",US,2026-08-18,3,https://www.aviasales.com/search/LAX1808HAR1?marker=741311
285,219,USD,SEA,RST,"Rochester, United States",US,2026-08-07,2,https://www.aviasales.com/search/SEA0708RST1?marker=741311
286,221,USD,ORD,COS,"Colorado Springs, United States",US,2026-08-19,0,https://www.aviasales.com/search/ORD1908COS1?marker=741311
287,222,USD,LAS,YEA,"Edmonton, Canada",CA,2026-08-14,2,https://www.aviasales.com/search/LAS1408YEA1?marker=741311
288,224,USD,LAX,TYO,"Tokyo, Japan",JP,2026-08-29,0,https://www.aviasales.com/search/LAX2908TYO1?marker=741311
289,224,USD,MCO,RIO,"Rio de Janeiro, Brazil",BR,2027-01-20,1,https://www.aviasales.com/search/MCO2001RIO1?marker=741311
290,225,USD,ORD,CKB,"Clarksburg, United States",US,2026-08-08,0,https://www.aviasales.com/search/ORD0808CKB1?marker=741311
291,225,USD,JFK,VCE,"Venice, Italy",IT,2026-09-28,1,https://www.aviasales.com/search/JFK2809VCE1?marker=741311
292,225,USD,MCO,LRD,"Laredo, United States",US,2026-08-02,2,https://www.aviasales.com/search/MCO0208LRD1?marker=741311
293,227,USD,ORD,BHX,"Birmingham, United Kingdom",GB,2026-11-28,2,https://www.aviasales.com/search/ORD2811BHX1?marker=741311
294,227,USD,SEA,KTN,"Ketchikan, United States",US,2026-08-08,0,https://www.aviasales.com/search/SEA0808KTN1?marker=741311
295,228,USD,BOS,FDF,"Fort-de-France, Martinique",MQ,2026-09-10,2,https://www.aviasales.com/search/BOS1009FDF1?marker=741311
296,228,USD,JFK,TLL,"Tallinn, Estonia",EE,2026-09-25,1,https://www.aviasales.com/search/JFK2509TLL1?marker=741311
297,229,USD,MIA,BUE,"Buenos Aires, Argentina",AR,2026-10-27,1,https://www.aviasales.com/search/MIA2710BUE1?marker=741311
298,229,USD,JFK,LAN,"Lansing, United States",US,2026-08-15,1,https://www.aviasales.com/search/JFK1508LAN1?marker=741311
299,229,USD,SFO,PRC,"Prescott, United States",US,2026-08-05,1,https://www.aviasales.com/search/SFO0508PRC1?marker=741311
300,230,USD,JFK,VNO,"Vilnius, Lithuania",LT,2026-09-29,2,https://www.aviasales.com/search/JFK2909VNO1?marker=741311
301,230,USD,ATL,YQB,"Quebec, Canada",CA,2026-09-24,2,https://www.aviasales.com/search/ATL2409YQB1?marker=741311
302,231,USD,MCO,CWB,"Curitiba, Brazil",BR,2026-10-07,2,https://www.aviasales.com/search/MCO0710CWB1?marker=741311
303,232,USD,DFW,AMA,"Amarillo, United States",US,2026-08-11,0,https://www.aviasales.com/search/DFW1108AMA1?marker=741311
304,232,USD,TPA,PTY,"Panama City, Panama",PA,2026-08-23,1,https://www.aviasales.com/search/TPA2308PTY1?marker=741311
305,233,USD,JFK,BOJ,"Bourgas, Bulgaria",BG,2026-09-25,1,https://www.aviasales.com/search/JFK2509BOJ1?marker=741311
306,234,USD,CLT,ERI,"Erie, United States",US,2026-08-21,1,https://www.aviasales.com/search/CLT2108ERI1?marker=741311
307,234,USD,PDX,RDM,"Redmond, United States",US,2026-08-06,0,https://www.aviasales.com/search/PDX0608RDM1?marker=741311
308,235,USD,ORD,ALO,"Waterloo, United States",US,2026-08-11,0,https://www.aviasales.com/search/ORD1108ALO1?marker=741311
309,236,USD,LAX,SGN,"Ho Chi Minh City, Vietnam",VN,2026-10-28,2,https://www.aviasales.com/search/LAX2810SGN1?marker=741311
310,237,USD,JFK,KUT,"Kutaisi, Georgia",GE,2026-10-15,2,https://www.aviasales.com/search/JFK1510KUT1?marker=741311
311,238,USD,ORD,ATW,"Appleton, United States",US,2026-08-09,0,https://www.aviasales.com/search/ORD0908ATW1?marker=741311
312,238,USD,ORD,GRB,"Green Bay, United States",US,2026-08-09,0,https://www.aviasales.com/search/ORD0908GRB1?marker=741311
313,238,USD,JFK,AMS,"Amsterdam, Netherlands",NL,2026-09-25,1,https://www.aviasales.com/search/JFK2509AMS1?marker=741311
314,238,USD,SFO,TPE,"Taipei, Taiwan",TW,2026-09-28,1,https://www.aviasales.com/search/SFO2809TPE1?marker=741311
315,240,USD,ORD,MBS,"Saginaw, United States",US,2026-08-08,0,https://www.aviasales.com/search/ORD0808MBS1?marker=741311
316,240,USD,DTW,TVC,"Traverse City, United States",US,2027-01-28,1,https://www.aviasales.com/search/DTW2801TVC1?marker=741311
317,240,USD,SFO,FLO,"Florence, United States",US,2026-10-03,1,https://www.aviasales.com/search/SFO0310FLO1?marker=741311
318,241,USD,BOS,BHB,"Bar Harbor, United States",US,2026-08-06,0,https://www.aviasales.com/search/BOS0608BHB1?marker=741311
319,241,USD,JFK,BUH,"Bucharest, Romania",RO,2026-09-14,1,https://www.aviasales.com/search/JFK1409BUH1?marker=741311
320,242,USD,MIA,LNS,"Lancaster, United States",US,2026-08-06,2,https://www.aviasales.com/search/MIA0608LNS1?marker=741311
321,243,USD,LAX,EGE,"Vail, United States",US,2027-01-01,0,https://www.aviasales.com/search/LAX0101EGE1?marker=741311
322,243,USD,PDX,YKA,"Kamloops, Canada",CA,2026-08-05,1,https://www.aviasales.com/search/PDX0508YKA1?marker=741311
323,244,USD,SEA,BER,"Berlin, Germany",DE,2026-10-21,1,https://www.aviasales.com/search/SEA2110BER1?marker=741311
324,244,USD,JFK,IBZ,"Ibiza, Spain",ES,2026-08-17,1,https://www.aviasales.com/search/JFK1708IBZ1?marker=741311
325,244,USD,MCO,AXM,"Armenia, Colombia",CO,2026-08-15,2,https://www.aviasales.com/search/MCO1508AXM1?marker=741311
326,245,USD,MIA,CUZ,"Cusco, Peru",PE,2026-08-22,2,https://www.aviasales.com/search/MIA2208CUZ1?marker=741311
327,245,USD,PHX,CUL,"Culiacan, Mexico",MX,2026-08-05,1,https://www.aviasales.com/search/PHX0508CUL1?marker=741311
328,246,USD,BOS,PDL,"Ponta Delgada, Portugal",PT,2026-08-23,1,https://www.aviasales.com/search/BOS2308PDL1?marker=741311
329,246,USD,BOS,RTB,"Roatan, Honduras",HN,2027-01-30,2,https://www.aviasales.com/search/BOS3001RTB1?marker=741311
330,248,USD,ORD,MSO,"Missoula, United States",US,2026-08-12,1,https://www.aviasales.com/search/ORD1208MSO1?marker=741311
331,249,USD,SEA,EAT,"Wenatchee, United States",US,2026-08-06,0,https://www.aviasales.com/search/SEA0608EAT1?marker=741311
332,249,USD,MIA,BOD,"Bordeaux, France",FR,2026-09-17,1,https://www.aviasales.com/search/MIA1709BOD1?marker=741311
333,249,USD,JFK,OLB,"Olbia, Italy",IT,2026-08-17,1,https://www.aviasales.com/search/JFK1708OLB1?marker=741311
334,250,USD,PHX,MXL,"Mexicali, Mexico",MX,2026-08-05,1,https://www.aviasales.com/search/PHX0508MXL1?marker=741311
335,250,USD,JFK,FLR,"Florence, Italy",IT,2026-09-25,2,https://www.aviasales.com/search/JFK2509FLR1?marker=741311
336,252,USD,JFK,LCA,"Larnaca, Cyprus",CY,2026-09-20,1,https://www.aviasales.com/search/JFK2009LCA1?marker=741311
337,252,USD,JFK,WRO,"Wroclaw, Poland",PL,2026-09-17,1,https://www.aviasales.com/search/JFK1709WRO1?marker=741311
338,253,USD,MIA,VRB,"Vero Beach, United States",US,2026-09-07,2,https://www.aviasales.com/search/MIA0709VRB1?marker=741311
339,253,USD,CLT,JAN,"Jackson, United States",US,2026-08-05,1,https://www.aviasales.com/search/CLT0508JAN1?marker=741311
340,254,USD,MIA,SAO,"Sao Paulo, Brazil",BR,2026-09-26,1,https://www.aviasales.com/search/MIA2609SAO1?marker=741311
341,254,USD,JFK,CAI,"Cairo, Egypt",EG,2026-08-20,1,https://www.aviasales.com/search/JFK2008CAI1?marker=741311
342,254,USD,PDX,EVN,"Yerevan, Armenia",AM,2026-09-05,2,https://www.aviasales.com/search/PDX0509EVN1?marker=741311
343,254,USD,MIA,AVP,"Wilkes-Barre, United States",US,2026-08-30,3,https://www.aviasales.com/search/MIA3008AVP1?marker=741311
344,254,USD,MSP,LSE,"La Crosse, United States",US,2026-08-05,2,https://www.aviasales.com/search/MSP0508LSE1?marker=741311
345,255,USD,ORD,MNL,"Manila, Philippines",PH,2026-10-19,1,https://www.aviasales.com/search/ORD1910MNL1?marker=741311
346,255,USD,JFK,MUC,"Munich, Germany",DE,2026-08-27,1,https://www.aviasales.com/search/JFK2708MUC1?marker=741311
347,255,USD,MIA,SRZ,"Santa Cruz, Bolivia",BO,2026-09-09,1,https://www.aviasales.com/search/MIA0909SRZ1?marker=741311
348,256,USD,ORD,ALC,"Alicante, Spain",ES,2026-09-22,3,https://www.aviasales.com/search/ORD2209ALC1?marker=741311
349,256,USD,JFK,FRS,"Flores, Guatemala",GT,2026-09-25,2,https://www.aviasales.com/search/JFK2509FRS1?marker=741311
350,256,USD,LAX,YZF,"Yellowknife, Canada",CA,2027-01-19,2,https://www.aviasales.com/search/LAX1901YZF1?marker=741311
351,256,USD,PDX,FSM,"Fort Smith, United States",US,2026-08-09,1,https://www.aviasales.com/search/PDX0908FSM1?marker=741311
352,258,USD,DFW,LCH,"Lake Charles, United States",US,2026-08-05,0,https://www.aviasales.com/search/DFW0508LCH1?marker=741311
353,258,USD,MCO,NAP,"Naples, Italy",IT,2026-08-09,1,https://www.aviasales.com/search/MCO0908NAP1?marker=741311
354,259,USD,MIA,MGA,"Managua, Nicaragua",NI,2026-08-28,0,https://www.aviasales.com/search/MIA2808MGA1?marker=741311
355,259,USD,JFK,TGD,"Podgorica, Montenegro",ME,2026-09-12,1,https://www.aviasales.com/search/JFK1209TGD1?marker=741311
356,260,USD,JFK,FNC,"Funchal, Portugal",PT,2026-08-21,1,https://www.aviasales.com/search/JFK2108FNC1?marker=741311
357,261,USD,JFK,BEG,"Belgrade, Serbia",RS,2026-10-12,3,https://www.aviasales.com/search/JFK1210BEG1?marker=741311
358,261,USD,JFK,IST,"Istanbul, Turkiye",TR,2026-10-20,1,https://www.aviasales.com/search/JFK2010IST1?marker=741311
359,261,USD,MCO,NCE,"Nice, France",FR,2026-08-09,1,https://www.aviasales.com/search/MCO0908NCE1?marker=741311
360,262,USD,JFK,VLC,"Valencia, Spain",ES,2026-08-25,1,https://www.aviasales.com/search/JFK2508VLC1?marker=741311
361,263,USD,SAN,UIN,"Quincy, United States",US,2026-08-05,2,https://www.aviasales.com/search/SAN0508UIN1?marker=741311
362,265,USD,JFK,AYT,"Antalya, Turkiye",TR,2026-08-26,1,https://www.aviasales.com/search/JFK2608AYT1?marker=741311
363,265,USD,JFK,EDI,"Edinburgh, United Kingdom",GB,2026-08-24,1,https://www.aviasales.com/search/JFK2408EDI1?marker=741311
364,265,USD,JFK,BTS,"Bratislava, Slovakia",SK,2026-09-10,2,https://www.aviasales.com/search/JFK1009BTS1?marker=741311
365,265,USD,JFK,BIO,"Bilbao, Spain",ES,2026-08-23,1,https://www.aviasales.com/search/JFK2308BIO1?marker=741311
366,266,USD,MIA,SCL,"Santiago, Chile",CL,2026-08-16,1,https://www.aviasales.com/search/MIA1608SCL1?marker=741311
367,266,USD,ORD,ABE,"Allentown, United States",US,2026-08-08,0,https://www.aviasales.com/search/ORD0808ABE1?marker=741311
368,266,USD,JFK,STO,"Stockholm, Sweden",SE,2026-09-12,2,https://www.aviasales.com/search/JFK1209STO1?marker=741311
369,267,USD,ORD,XPL,"Comayagua, Honduras",HN,2026-12-01,1,https://www.aviasales.com/search/ORD0112XPL1?marker=741311
370,267,USD,ORD,YKF,"Kitchener, Canada",CA,2026-08-05,1,https://www.aviasales.com/search/ORD0508YKF1?marker=741311
371,267,USD,JFK,KRK,"Krakow, Poland",PL,2026-09-17,2,https://www.aviasales.com/search/JFK1709KRK1?marker=741311
372,267,USD,MCO,SCU,"Santiago, Cuba",CU,2026-08-20,1,https://www.aviasales.com/search/MCO2008SCU1?marker=741311
373,268,USD,ORD,TUL,"Tulsa, United States",US,2026-08-10,0,https://www.aviasales.com/search/ORD1008TUL1?marker=741311
374,268,USD,JFK,RMO,"Chisinau, Moldova",MD,2026-10-10,2,https://www.aviasales.com/search/JFK1010RMO1?marker=741311
375,269,USD,JFK,POP,"Puerto Plata, Dominican Republic",DO,2026-08-18,0,https://www.aviasales.com/search/JFK1808POP1?marker=741311
376,269,USD,LAX,SMX,"Santa Maria, United States",US,2026-08-05,2,https://www.aviasales.com/search/LAX0508SMX1?marker=741311
377,270,USD,JFK,VIE,"Vienna, Austria",AT,2026-08-31,2,https://www.aviasales.com/search/JFK3108VIE1?marker=741311
378,271,USD,FLL,CAP,"Cap Haitien, Haiti",HT,2026-08-03,0,https://www.aviasales.com/search/FLL0308CAP1?marker=741311
379,273,USD,JFK,LIS,"Lisbon, Portugal",PT,2026-08-30,2,https://www.aviasales.com/search/JFK3008LIS1?marker=741311
380,273,USD,JFK,TCI,"Tenerife, Spain",ES,2026-09-17,1,https://www.aviasales.com/search/JFK1709TCI1?marker=741311
381,273,USD,JFK,ANU,"Saint John's, Antigua and Barbuda",AG,2026-12-31,1,https://www.aviasales.com/search/JFK3112ANU1?marker=741311
382,274,USD,JFK,IAG,"Niagara Falls, United States",US,2026-09-02,2,https://www.aviasales.com/search/JFK0209IAG1?marker=741311
383,275,USD,DFW,KUL,"Kuala Lumpur, Malaysia",MY,2026-08-03,1,https://www.aviasales.com/search/DFW0308KUL1?marker=741311
384,277,USD,JFK,OAJ,"Jacksonville, United States",US,2026-09-14,1,https://www.aviasales.com/search/JFK1409OAJ1?marker=741311
385,277,USD,LAX,MAM,"Matamoros, Mexico",MX,2026-08-10,2,https://www.aviasales.com/search/LAX1008MAM1?marker=741311
386,279,USD,JFK,RIX,"Riga, Latvia",LV,2026-08-17,2,https://www.aviasales.com/search/JFK1708RIX1?marker=741311
387,279,USD,SEA,SOF,"Sofia, Bulgaria",BG,2026-09-04,2,https://www.aviasales.com/search/SEA0409SOF1?marker=741311
388,279,USD,ORD,CMI,"Champaign, United States",US,2026-08-09,0,https://www.aviasales.com/search/ORD0908CMI1?marker=741311
389,279,USD,JFK,YXE,"Saskatoon, Canada",CA,2026-09-12,3,https://www.aviasales.com/search/JFK1209YXE1?marker=741311
390,280,USD,JFK,LYS,"Lyon, France",FR,2026-08-23,1,https://www.aviasales.com/search/JFK2308LYS1?marker=741311
391,280,USD,IAD,ISB,"Islamabad, Pakistan",PK,2026-09-16,1,https://www.aviasales.com/search/IAD1609ISB1?marker=741311
392,282,USD,BOS,OPO,"Porto, Portugal",PT,2026-11-01,1,https://www.aviasales.com/search/BOS0111OPO1?marker=741311
393,282,USD,ORD,NVA,"Neiva, Colombia",CO,2026-11-18,2,https://www.aviasales.com/search/ORD1811NVA1?marker=741311
394,282,USD,DEN,GUC,"Gunnison, United States",US,2026-08-11,0,https://www.aviasales.com/search/DEN1108GUC1?marker=741311
395,282,USD,SFO,TAP,"Tapachula, Mexico",MX,2026-08-19,2,https://www.aviasales.com/search/SFO1908TAP1?marker=741311
396,284,USD,BOS,DXB,"Dubai, United Arab Emirates",AE,2026-09-16,1,https://www.aviasales.com/search/BOS1609DXB1?marker=741311
397,285,USD,JFK,SPU,"Split, Croatia",HR,2026-08-03,1,https://www.aviasales.com/search/JFK0308SPU1?marker=741311
398,286,USD,LAX,YPW,"Powell River, Canada",CA,2026-08-07,1,https://www.aviasales.com/search/LAX0708YPW1?marker=741311
399,287,USD,JFK,HAM,"Hamburg, Germany",DE,2026-10-26,2,https://www.aviasales.com/search/JFK2610HAM1?marker=741311
400,287,USD,SLC,VEL,"Vernal, United States",US,2026-08-08,2,https://www.aviasales.com/search/SLC0808VEL1?marker=741311
401,287,USD,FLL,IPT,"Williamsport, United States",US,2026-08-10,1,https://www.aviasales.com/search/FLL1008IPT1?marker=741311
402,288,USD,MIA,ELH,"North Eleuthera, Bahamas",BS,2026-12-31,1,https://www.aviasales.com/search/MIA3112ELH1?marker=741311
403,289,USD,JFK,CGN,"Cologne, Germany",DE,2026-08-26,1,https://www.aviasales.com/search/JFK2608CGN1?marker=741311
404,289,USD,SEA,GLA,"Glasgow, United Kingdom",GB,2026-11-03,1,https://www.aviasales.com/search/SEA0311GLA1?marker=741311
405,290,USD,LAS,CVN,"Clovis, United States",US,2027-01-03,1,https://www.aviasales.com/search/LAS0301CVN1?marker=741311
406,291,USD,ORD,JBR,"Jonesboro, United States",US,2026-08-10,2,https://www.aviasales.com/search/ORD1008JBR1?marker=741311
407,291,USD,JFK,MRS,"Marseille, France",FR,2026-08-16,1,https://www.aviasales.com/search/JFK1608MRS1?marker=741311
408,291,USD,JFK,REU,"Reus, Spain",ES,2026-09-27,1,https://www.aviasales.com/search/JFK2709REU1?marker=741311
409,292,USD,JFK,VRN,"Verona, Italy",IT,2026-08-09,1,https://www.aviasales.com/search/JFK0908VRN1?marker=741311
410,293,USD,ORD,DAV,"David, Panama",PA,2026-09-13,2,https://www.aviasales.com/search/ORD1309DAV1?marker=741311
411,293,USD,MIA,SLA,"Salta, Argentina",AR,2026-08-20,2,https://www.aviasales.com/search/MIA2008SLA1?marker=741311
412,293,USD,MIA,BIQ,"Biarritz, France",FR,2026-09-24,2,https://www.aviasales.com/search/MIA2409BIQ1?marker=741311
413,293,USD,PHL,DUS,"Dusseldorf, Germany",DE,2026-10-12,2,https://www.aviasales.com/search/PHL1210DUS1?marker=741311
414,294,USD,ORD,MTJ,"Montrose, United States",US,2026-08-07,0,https://www.aviasales.com/search/ORD0708MTJ1?marker=741311
415,297,USD,BOS,POZ,"Poznan, Poland",PL,2026-09-23,2,https://www.aviasales.com/search/BOS2309POZ1?marker=741311
416,297,USD,ORD,CHO,"Charlottesville, United States",US,2026-08-10,0,https://www.aviasales.com/search/ORD1008CHO1?marker=741311
417,298,USD,LAX,SUN,"Sun Valley, United States",US,2026-08-03,1,https://www.aviasales.com/search/LAX0308SUN1?marker=741311
418,299,USD,LAX,BKK,"Bangkok, Thailand",TH,2026-09-16,1,https://www.aviasales.com/search/LAX1609BKK1?marker=741311
419,300,USD,MIA,TYL,"Talara, Peru",PE,2026-08-21,2,https://www.aviasales.com/search/MIA2108TYL1?marker=741311
420,301,USD,LAX,JKT,"Jakarta, Indonesia",ID,2026-08-15,1,https://www.aviasales.com/search/LAX1508JKT1?marker=741311
421,301,USD,MIA,MDZ,"Mendoza, Argentina",AR,2026-08-10,1,https://www.aviasales.com/search/MIA1008MDZ1?marker=741311
422,301,USD,PDX,YXX,"Abbotsford, Canada",CA,2026-08-08,2,https://www.aviasales.com/search/PDX0808YXX1?marker=741311
423,303,USD,MIA,PHF,"Newport News, United States",US,2026-08-16,1,https://www.aviasales.com/search/MIA1608PHF1?marker=741311
424,303,USD,MIA,SMR,"Santa Marta, Colombia",CO,2026-08-03,1,https://www.aviasales.com/search/MIA0308SMR1?marker=741311
425,304,USD,JFK,JMK,"Mikonos, Greece",GR,2026-08-10,1,https://www.aviasales.com/search/JFK1008JMK1?marker=741311
426,305,USD,ATL,HHH,"Hilton Head, United States",US,2026-08-10,2,https://www.aviasales.com/search/ATL1008HHH1?marker=741311
427,305,USD,JFK,PIS,"Poitiers, France",FR,2026-09-24,1,https://www.aviasales.com/search/JFK2409PIS1?marker=741311
428,305,USD,FLL,PBG,"Plattsburgh, United States",US,2026-08-07,2,https://www.aviasales.com/search/FLL0708PBG1?marker=741311
429,306,USD,MCO,HGR,"Hagerstown, United States",US,2026-08-08,1,https://www.aviasales.com/search/MCO0808HGR1?marker=741311
430,306,USD,LAX,SHV,"Shreveport, United States",US,2026-08-07,2,https://www.aviasales.com/search/LAX0708SHV1?marker=741311
431,307,USD,ORD,LBA,"Leeds, United Kingdom",GB,2026-09-09,2,https://www.aviasales.com/search/ORD0909LBA1?marker=741311
432,307,USD,ATL,CRW,"Charleston, United States",US,2026-08-09,2,https://www.aviasales.com/search/ATL0908CRW1?marker=741311
433,308,USD,TPA,NUE,"Nuremberg, Germany",DE,2026-11-02,2,https://www.aviasales.com/search/TPA0211NUE1?marker=741311
434,308,USD,LAX,HAN,"Hanoi, Vietnam",VN,2026-09-08,1,https://www.aviasales.com/search/LAX0809HAN1?marker=741311
435,308,USD,JFK,CUE,"Cuenca, Ecuador",EC,2027-01-01,2,https://www.aviasales.com/search/JFK0101CUE1?marker=741311
436,309,USD,MIA,FLN,"Florianopolis, Brazil",BR,2026-09-24,1,https://www.aviasales.com/search/MIA2409FLN1?marker=741311
437,310,USD,ATL,BOM,"Mumbai, India",IN,2026-09-13,1,https://www.aviasales.com/search/ATL1309BOM1?marker=741311
438,310,USD,ORD,GNV,"Gainesville, United States",US,2026-08-30,2,https://www.aviasales.com/search/ORD3008GNV1?marker=741311
439,311,USD,JFK,HEL,"Helsinki, Finland",FI,2026-09-19,1,https://www.aviasales.com/search/JFK1909HEL1?marker=741311
440,311,USD,LAX,SHA,"Shanghai, China",CN,2026-10-28,1,https://www.aviasales.com/search/LAX2810SHA1?marker=741311
441,311,USD,BOS,COU,"Columbia, United States",US,2026-08-07,1,https://www.aviasales.com/search/BOS0708COU1?marker=741311
442,311,USD,JFK,MEC,"Manta, Ecuador",EC,2026-08-23,1,https://www.aviasales.com/search/JFK2308MEC1?marker=741311
443,312,USD,DFW,KUN,"Kaunas, Lithuania",LT,2026-10-12,4,https://www.aviasales.com/search/DFW1210KUN1?marker=741311
444,312,USD,JFK,PMF,"Parma, Italy",IT,2026-10-13,2,https://www.aviasales.com/search/JFK1310PMF1?marker=741311
445,312,USD,LAS,DEC,"Decatur, United States",US,2026-08-05,1,https://www.aviasales.com/search/LAS0508DEC1?marker=741311
446,312,USD,LAS,CNM,"Carlsbad, United States",US,2026-08-06,1,https://www.aviasales.com/search/LAS0608CNM1?marker=741311
447,313,USD,DFW,NAN,"Nadi, Fiji",FJ,2026-08-13,0,https://www.aviasales.com/search/DFW1308NAN1?marker=741311
448,314,USD,IAD,ILG,"Wilmington, United States",US,2026-08-06,1,https://www.aviasales.com/search/IAD0608ILG1?marker=741311
449,315,USD,JFK,TUN,"Tunis, Tunisia",TN,2026-08-22,1,https://www.aviasales.com/search/JFK2208TUN1?marker=741311
450,316,USD,JFK,TBS,"Tbilisi, Georgia",GE,2026-10-19,3,https://www.aviasales.com/search/JFK1910TBS1?marker=741311
451,317,USD,MIA,VIX,"Vitoria, Brazil",BR,2026-11-09,2,https://www.aviasales.com/search/MIA0911VIX1?marker=741311
452,317,USD,MCO,ANK,"Ankara, Turkiye",TR,2026-10-16,3,https://www.aviasales.com/search/MCO1610ANK1?marker=741311
453,317,USD,LAS,LAR,"Laramie, United States",US,2026-08-05,1,https://www.aviasales.com/search/LAS0508LAR1?marker=741311
454,320,USD,JFK,RMI,"Rimini, Italy",IT,2026-08-05,1,https://www.aviasales.com/search/JFK0508RMI1?marker=741311
455,320,USD,PDX,HOT,"Hot Springs, United States",US,2026-08-05,1,https://www.aviasales.com/search/PDX0508HOT1?marker=741311
456,321,USD,SEA,CEB,"Cebu City, Philippines",PH,2026-10-14,1,https://www.aviasales.com/search/SEA1410CEB1?marker=741311
457,322,USD,JFK,ZRH,"Zurich, Switzerland",CH,2026-09-22,2,https://www.aviasales.com/search/JFK2209ZRH1?marker=741311
458,322,USD,JFK,AMD,"Ahmedabad, India",IN,2026-08-24,1,https://www.aviasales.com/search/JFK2408AMD1?marker=741311
459,323,USD,MCO,MVD,"Montevideo, Uruguay",UY,2026-09-04,2,https://www.aviasales.com/search/MCO0409MVD1?marker=741311
460,323,USD,LAX,BPT,"Beaumont, United States",US,2026-08-05,1,https://www.aviasales.com/search/LAX0508BPT1?marker=741311
461,324,USD,DFW,CVM,"Ciudad Victoria, Mexico",MX,2026-08-09,2,https://www.aviasales.com/search/DFW0908CVM1?marker=741311
462,324,USD,MIA,CTA,"Catania, Italy",IT,2026-09-08,2,https://www.aviasales.com/search/MIA0809CTA1?marker=741311
463,324,USD,JFK,POA,"Porto Alegre, Brazil",BR,2026-09-26,1,https://www.aviasales.com/search/JFK2609POA1?marker=741311
464,324,USD,JFK,HER,"Heraklion, Greece",GR,2026-08-26,1,https://www.aviasales.com/search/JFK2608HER1?marker=741311
465,327,USD,JFK,SKG,"Thessaloniki, Greece",GR,2026-08-10,1,https://www.aviasales.com/search/JFK1008SKG1?marker=741311
466,328,USD,DFW,TRN,"Turin, Italy",IT,2026-08-25,2,https://www.aviasales.com/search/DFW2508TRN1?marker=741311
467,328,USD,MIA,CFU,"Kerkyra, Greece",GR,2026-09-10,2,https://www.aviasales.com/search/MIA1009CFU1?marker=741311
468,328,USD,JFK,DLM,"Dalaman, Turkiye",TR,2026-09-14,2,https://www.aviasales.com/search/JFK1409DLM1?marker=741311
469,329,USD,SFO,PPT,"Papeete, French Polynesia",PF,2026-09-13,0,https://www.aviasales.com/search/SFO1309PPT1?marker=741311
470,331,USD,JFK,CMN,"Casablanca, Morocco",MA,2026-09-20,2,https://www.aviasales.com/search/JFK2009CMN1?marker=741311
471,331,USD,ORD,FPO,"Freeport, Bahamas",BS,2026-12-01,1,https://www.aviasales.com/search/ORD0112FPO1?marker=741311
472,332,USD,MIA,MDQ,"Mar Del Plata, Argentina",AR,2026-08-12,2,https://www.aviasales.com/search/MIA1208MDQ1?marker=741311
473,333,USD,SAN,SGU,"Saint George, United States",US,2026-08-08,1,https://www.aviasales.com/search/SAN0808SGU1?marker=741311
474,334,USD,JFK,BAK,"Baku, Azerbaijan",AZ,2026-09-26,2,https://www.aviasales.com/search/JFK2609BAK1?marker=741311
475,334,USD,ORD,OGL,"Georgetown, Guyana",GY,2026-11-02,3,https://www.aviasales.com/search/ORD0211OGL1?marker=741311
476,336,USD,ATL,BLQ,"Bologna, Italy",IT,2026-08-29,3,https://www.aviasales.com/search/ATL2908BLQ1?marker=741311
477,336,USD,JFK,MKL,"Jackson, United States",US,2026-08-08,1,https://www.aviasales.com/search/JFK0808MKL1?marker=741311
478,337,USD,JFK,SSH,"Sharm el Sheikh, Egypt",EG,2026-08-18,2,https://www.aviasales.com/search/JFK1808SSH1?marker=741311
479,337,USD,ORD,CDR,"Chadron, United States",US,2026-08-09,1,https://www.aviasales.com/search/ORD0908CDR1?marker=741311
480,338,USD,DFW,BMI,"Bloomington, United States",US,2026-08-05,1,https://www.aviasales.com/search/DFW0508BMI1?marker=741311
481,338,USD,JFK,KHI,"Karachi, Pakistan",PK,2026-09-09,1,https://www.aviasales.com/search/JFK0909KHI1?marker=741311
482,338,USD,JFK,REK,"Reykjavik, Iceland",IS,2026-10-19,2,https://www.aviasales.com/search/JFK1910REK1?marker=741311
483,338,USD,DEN,MAF,"Midland, United States",US,2026-08-09,0,https://www.aviasales.com/search/DEN0908MAF1?marker=741311
484,340,USD,SFO,SEL,"Seoul, South Korea",KR,2026-08-24,0,https://www.aviasales.com/search/SFO2408SEL1?marker=741311
485,340,USD,IAD,LJU,"Ljubljana, Slovenia",SI,2026-10-03,2,https://www.aviasales.com/search/IAD0310LJU1?marker=741311
486,340,USD,SFO,DLC,"Dalian, China",CN,2026-08-24,1,https://www.aviasales.com/search/SFO2408DLC1?marker=741311
487,340,USD,SEA,BIS,"Bismarck, United States",US,2026-08-08,2,https://www.aviasales.com/search/SEA0808BIS1?marker=741311
488,340,USD,BNA,PAH,"Paducah, United States",US,2026-08-10,1,https://www.aviasales.com/search/BNA1008PAH1?marker=741311
489,341,USD,DFW,DRO,"Durango, United States",US,2026-08-05,0,https://www.aviasales.com/search/DFW0508DRO1?marker=741311
490,341,USD,JFK,TIV,"Tivat, Montenegro",ME,2026-10-01,2,https://www.aviasales.com/search/JFK0110TIV1?marker=741311
491,341,USD,BOS,XRY,"Jerez de la Frontera, Spain",ES,2026-09-20,3,https://www.aviasales.com/search/BOS2009XRY1?marker=741311
492,343,USD,LAX,CEZ,"Cortez, United States",US,2026-08-05,1,https://www.aviasales.com/search/LAX0508CEZ1?marker=741311
493,344,USD,JFK,DEL,"New Delhi, India",IN,2026-09-23,1,https://www.aviasales.com/search/JFK2309DEL1?marker=741311
494,344,USD,MIA,ASU,"Asuncion, Paraguay",PY,2026-09-15,1,https://www.aviasales.com/search/MIA1509ASU1?marker=741311
495,345,USD,IAD,MHH,"Marsh Harbour, Bahamas",BS,2026-11-01,2,https://www.aviasales.com/search/IAD0111MHH1?marker=741311
496,345,USD,IAD,CLJ,"Cluj-Napoca, Romania",RO,2026-12-08,2,https://www.aviasales.com/search/IAD0812CLJ1?marker=741311
497,345,USD,PHL,ITH,"Ithaca, United States",US,2026-08-05,1,https://www.aviasales.com/search/PHL0508ITH1?marker=741311
498,347,USD,IAD,ZAG,"Zagreb, Croatia",HR,2026-10-01,2,https://www.aviasales.com/search/IAD0110ZAG1?marker=741311
499,348,USD,SEA,VAR,"Varna, Bulgaria",BG,2026-09-04,3,https://www.aviasales.com/search/SEA0409VAR1?marker=741311
500,349,USD,DFW,ALS,"Alamosa, United States",US,2026-08-07,1,https://www.aviasales.com/search/DFW0708ALS1?marker=741311
501,349,USD,JFK,RZE,"Rzeszow, Poland",PL,2026-08-10,2,https://www.aviasales.com/search/JFK1008RZE1?marker=741311
502,349,USD,JFK,BSB,"Brasilia, Brazil",BR,2026-09-04,2,https://www.aviasales.com/search/JFK0409BSB1?marker=741311
503,350,USD,MCO,PRN,"Pristina, Kosovo",XK,2026-08-07,3,https://www.aviasales.com/search/MCO0708PRN1?marker=741311
504,351,USD,BOS,BHZ,"Belo Horizonte, Brazil",BR,2026-09-17,2,https://www.aviasales.com/search/BOS1709BHZ1?marker=741311
505,352,USD,SFO,HKG,"Hong Kong, Hong Kong",HK,2026-08-26,1,https://www.aviasales.com/search/SFO2608HKG1?marker=741311
506,352,USD,JFK,AER,"Adler/Sochi, Russia",RU,2026-10-21,3,https://www.aviasales.com/search/JFK2110AER1?marker=741311
507,353,USD,JFK,LHE,"Lahore, Pakistan",PK,2026-09-07,1,https://www.aviasales.com/search/JFK0709LHE1?marker=741311
508,354,USD,LAX,YQT,"Thunder Bay, Canada",CA,2026-08-05,2,https://www.aviasales.com/search/LAX0508YQT1?marker=741311
509,354,USD,PDX,YYJ,"Victoria, Canada",CA,2026-08-11,1,https://www.aviasales.com/search/PDX1108YYJ1?marker=741311
510,357,USD,ORD,FMM,"Memmingen, Germany",DE,2026-09-10,2,https://www.aviasales.com/search/ORD1009FMM1?marker=741311
511,358,USD,JFK,ALG,"Algiers, Algeria",DZ,2026-08-14,2,https://www.aviasales.com/search/JFK1408ALG1?marker=741311
512,358,USD,ORD,SVD,"St Vincent, Saint Vincent and the Grenadines",VC,2026-12-01,1,https://www.aviasales.com/search/ORD0112SVD1?marker=741311
513,358,USD,IAH,AGA,"Agadir, Morocco",MA,2026-10-03,2,https://www.aviasales.com/search/IAH0310AGA1?marker=741311
514,358,USD,JFK,COV,"Mersin, Turkiye",TR,2026-08-16,2,https://www.aviasales.com/search/JFK1608COV1?marker=741311
515,359,USD,JFK,MCT,"Muscat, Oman",OM,2026-08-20,1,https://www.aviasales.com/search/JFK2008MCT1?marker=741311
516,359,USD,JFK,HTS,"Huntington, United States",US,2026-08-15,2,https://www.aviasales.com/search/JFK1508HTS1?marker=741311
517,360,USD,SFO,SIN,"Singapore, Singapore",SG,2026-08-06,0,https://www.aviasales.com/search/SFO0608SIN1?marker=741311
518,360,USD,TPA,CZM,"Cozumel, Mexico",MX,2026-08-09,1,https://www.aviasales.com/search/TPA0908CZM1?marker=741311
519,364,USD,JFK,GGT,"George Town, Bahamas",BS,2026-10-19,1,https://www.aviasales.com/search/JFK1910GGT1?marker=741311
520,365,USD,AUS,SJW,"Shijiazhuang, China",CN,2026-08-25,2,https://www.aviasales.com/search/AUS2508SJW1?marker=741311
521,366,USD,JFK,HRG,"Hurghada, Egypt",EG,2026-09-28,1,https://www.aviasales.com/search/JFK2809HRG1?marker=741311
522,366,USD,ORD,MLA,"Malta, Malta",MT,2026-09-20,2,https://www.aviasales.com/search/ORD2009MLA1?marker=741311
523,366,USD,JFK,SZG,"Salzburg, Austria",AT,2026-08-27,2,https://www.aviasales.com/search/JFK2708SZG1?marker=741311
524,366,USD,LAX,YQG,"Windsor, Canada",CA,2026-08-06,2,https://www.aviasales.com/search/LAX0608YQG1?marker=741311
525,367,USD,ATL,LWB,"Lewisburg, United States",US,2026-08-11,2,https://www.aviasales.com/search/ATL1108LWB1?marker=741311
526,368,USD,JFK,KSC,"Kosice, Slovakia",SK,2026-08-03,1,https://www.aviasales.com/search/JFK0308KSC1?marker=741311
527,369,USD,TPA,VRA,"Varadero, Cuba",CU,2026-08-15,2,https://www.aviasales.com/search/TPA1508VRA1?marker=741311
528,370,USD,JFK,BAH,"Manama, Bahrain",BH,2026-10-01,1,https://www.aviasales.com/search/JFK0110BAH1?marker=741311
529,370,USD,PHX,LTO,"Loreto, Mexico",MX,2026-08-08,0,https://www.aviasales.com/search/PHX0808LTO1?marker=741311
530,372,USD,BNA,MAN,"Manchester, United Kingdom",GB,2026-08-26,3,https://www.aviasales.com/search/BNA2608MAN1?marker=741311
531,374,USD,BOS,SHJ,"Sharjah, United Arab Emirates",AE,2026-09-16,1,https://www.aviasales.com/search/BOS1609SHJ1?marker=741311
532,374,USD,ATL,ILE,"Killeen, United States",US,2026-11-25,2,https://www.aviasales.com/search/ATL2511ILE1?marker=741311
533,374,USD,JFK,LRM,"La Romana, Dominican Republic",DO,2026-11-09,2,https://www.aviasales.com/search/JFK0911LRM1?marker=741311
534,374,USD,JFK,DEB,"Debrecen, Hungary",HU,2026-08-14,1,https://www.aviasales.com/search/JFK1408DEB1?marker=741311
535,374,USD,JFK,BLR,"Bengaluru, India",IN,2026-09-21,1,https://www.aviasales.com/search/JFK2109BLR1?marker=741311
536,376,USD,DFW,MAO,"Manaus, Brazil",BR,2026-10-31,3,https://www.aviasales.com/search/DFW3110MAO1?marker=741311
537,377,USD,JFK,NBO,"Nairobi, Kenya",KE,2026-08-23,1,https://www.aviasales.com/search/JFK2308NBO1?marker=741311
538,378,USD,LAX,UBS,"Columbus, United States",US,2026-08-05,1,https://www.aviasales.com/search/LAX0508UBS1?marker=741311
539,379,USD,ORD,PMI,"Palma, Spain",ES,2026-08-10,2,https://www.aviasales.com/search/ORD1008PMI1?marker=741311
540,380,USD,FLL,GPS,"Galapagos Islands, Ecuador",EC,2027-01-08,2,https://www.aviasales.com/search/FLL0801GPS1?marker=741311
541,381,USD,LAX,BJS,"Beijing, China",CN,2026-09-11,1,https://www.aviasales.com/search/LAX1109BJS1?marker=741311
542,381,USD,JFK,PBM,"Paramaribo, Suriname",SR,2026-11-20,1,https://www.aviasales.com/search/JFK2011PBM1?marker=741311
543,382,USD,ORD,AZO,"Kalamazoo, United States",US,2026-08-06,0,https://www.aviasales.com/search/ORD0608AZO1?marker=741311
544,382,USD,LAX,HGH,"Hangzhou, China",CN,2026-09-08,1,https://www.aviasales.com/search/LAX0809HGH1?marker=741311
545,382,USD,JFK,CKY,"Conakry, Guinea",GN,2026-10-01,1,https://www.aviasales.com/search/JFK0110CKY1?marker=741311
546,382,USD,LAX,GOT,"Gothenburg, Sweden",SE,2026-11-10,1,https://www.aviasales.com/search/LAX1011GOT1?marker=741311
547,382,USD,LAX,TOL,"Toledo, United States",US,2026-08-06,1,https://www.aviasales.com/search/LAX0608TOL1?marker=741311
548,383,USD,JFK,RUH,"Riyadh, Saudi Arabia",SA,2026-08-08,1,https://www.aviasales.com/search/JFK0808RUH1?marker=741311
549,383,USD,JFK,REG,"Reggio Calabria, Italy",IT,2026-08-14,2,https://www.aviasales.com/search/JFK1408REG1?marker=741311
550,383,USD,SEA,YPR,"Prince Rupert, Canada",CA,2026-08-08,1,https://www.aviasales.com/search/SEA0808YPR1?marker=741311
551,384,USD,LAX,TSN,"Tianjin, China",CN,2026-09-11,1,https://www.aviasales.com/search/LAX1109TSN1?marker=741311
552,385,USD,JFK,AUH,"Abu Dhabi, United Arab Emirates",AE,2026-11-15,3,https://www.aviasales.com/search/JFK1511AUH1?marker=741311
553,385,USD,JFK,RAI,"Praia, Cape Verde",CV,2026-10-06,2,https://www.aviasales.com/search/JFK0610RAI1?marker=741311
554,385,USD,LAX,SYX,"Sanya, China",CN,2026-08-25,1,https://www.aviasales.com/search/LAX2508SYX1?marker=741311
555,386,USD,ORD,DBV,"Dubrovnik, Croatia",HR,2026-08-09,2,https://www.aviasales.com/search/ORD0908DBV1?marker=741311
556,387,USD,JFK,STR,"Stuttgart, Germany",DE,2026-11-05,1,https://www.aviasales.com/search/JFK0511STR1?marker=741311
557,388,USD,LAX,SYD,"Sydney, Australia",AU,2026-09-15,0,https://www.aviasales.com/search/LAX1509SYD1?marker=741311
558,388,USD,ORD,AUW,"Wausau, United States",US,2026-08-11,0,https://www.aviasales.com/search/ORD1108AUW1?marker=741311
559,388,USD,LAX,PMO,"Palermo, Italy",IT,2026-12-13,2,https://www.aviasales.com/search/LAX1312PMO1?marker=741311
560,390,USD,JFK,BSZ,"Bishkek, Kyrgyzstan",KG,2026-09-29,3,https://www.aviasales.com/search/JFK2909BSZ1?marker=741311
561,390,USD,ORD,AOO,"Altoona, United States",US,2026-08-09,2,https://www.aviasales.com/search/ORD0908AOO1?marker=741311
562,391,USD,ORD,TER,"Terceira, Portugal",PT,2026-10-04,1,https://www.aviasales.com/search/ORD0410TER1?marker=741311
563,391,USD,IAH,TXK,"Texarkana, United States",US,2026-08-05,1,https://www.aviasales.com/search/IAH0508TXK1?marker=741311
564,392,USD,JFK,BDQ,"Vadodara, India",IN,2026-10-06,2,https://www.aviasales.com/search/JFK0610BDQ1?marker=741311
565,393,USD,ORD,HKT,"Phuket, Thailand",TH,2026-09-24,1,https://www.aviasales.com/search/ORD2409HKT1?marker=741311
566,393,USD,PHX,TEX,"Telluride, United States",US,2026-08-11,2,https://www.aviasales.com/search/PHX1108TEX1?marker=741311
567,393,USD,AUS,NLD,"Nuevo Laredo, Mexico",MX,2026-08-06,2,https://www.aviasales.com/search/AUS0608NLD1?marker=741311
568,394,USD,MCO,RBA,"Rabat, Morocco",MA,2026-08-03,3,https://www.aviasales.com/search/MCO0308RBA1?marker=741311
569,394,USD,JFK,TAB,"Tobago, Trinidad and Tobago",TT,2026-11-21,1,https://www.aviasales.com/search/JFK2111TAB1?marker=741311
570,395,USD,BOS,BNX,"Banja Luka, Bosnia and Herzegovina",BA,2026-08-20,2,https://www.aviasales.com/search/BOS2008BNX1?marker=741311
571,395,USD,IAD,ZSA,"San Salvador, Bahamas",BS,2026-11-20,2,https://www.aviasales.com/search/IAD2011ZSA1?marker=741311
572,396,USD,CLT,ALA,"Almaty, Kazakhstan",KZ,2027-01-20,4,https://www.aviasales.com/search/CLT2001ALA1?marker=741311
573,396,USD,JFK,IZM,"Izmir, Turkiye",TR,2026-08-10,1,https://www.aviasales.com/search/JFK1008IZM1?marker=741311
574,396,USD,LAX,GVA,"Geneva, Switzerland",CH,2026-09-08,2,https://www.aviasales.com/search/LAX0809GVA1?marker=741311
575,397,USD,JFK,DOM,"Dominica, Dominica",DM,2026-08-22,1,https://www.aviasales.com/search/JFK2208DOM1?marker=741311
576,397,USD,SEA,PFO,"Paphos, Cyprus",CY,2026-08-11,1,https://www.aviasales.com/search/SEA1108PFO1?marker=741311
577,398,USD,ORD,JSI,"Skiathos, Greece",GR,2026-09-24,3,https://www.aviasales.com/search/ORD2409JSI1?marker=741311
578,399,USD,IAD,YFC,"Fredericton, Canada",CA,2026-08-05,2,https://www.aviasales.com/search/IAD0508YFC1?marker=741311
579,399,USD,SAN,EWN,"New Bern, United States",US,2026-08-05,2,https://www.aviasales.com/search/SAN0508EWN1?marker=741311
580,400,USD,JFK,FRL,"Forli, Italy",IT,2026-08-06,2,https://www.aviasales.com/search/JFK0608FRL1?marker=741311
581,400,USD,JFK,ADZ,"San Andres Island, Colombia",CO,2026-12-31,1,https://www.aviasales.com/search/JFK3112ADZ1?marker=741311
582,400,USD,LAS,GGG,"Longview, United States",US,2026-08-05,1,https://www.aviasales.com/search/LAS0508GGG1?marker=741311
583,401,USD,ORD,JED,"Jeddah, Saudi Arabia",SA,2026-08-12,1,https://www.aviasales.com/search/ORD1208JED1?marker=741311
584,401,USD,SEA,NNG,"Nanning, China",CN,2027-01-17,2,https://www.aviasales.com/search/SEA1701NNG1?marker=741311
585,402,USD,JFK,LWN,"Gyumri, Armenia",AM,2026-09-21,3,https://www.aviasales.com/search/JFK2109LWN1?marker=741311
586,403,USD,MIA,OCJ,"Ocho Rios, Jamaica",JM,2026-12-09,0,https://www.aviasales.com/search/MIA0912OCJ1?marker=741311
587,404,USD,IAH,AHO,"Alghero, Italy",IT,2026-08-25,3,https://www.aviasales.com/search/IAH2508AHO1?marker=741311
588,404,USD,IAH,LPA,"Las Palmas, Spain",ES,2026-09-23,3,https://www.aviasales.com/search/IAH2309LPA1?marker=741311
589,405,USD,LAX,SSM,"Sault Ste. Marie, United States",US,2026-08-05,1,https://www.aviasales.com/search/LAX0508SSM1?marker=741311
590,406,USD,ORD,LED,"Saint Petersburg, Russia",RU,2026-10-20,4,https://www.aviasales.com/search/ORD2010LED1?marker=741311
591,406,USD,JFK,LUL,"Laurel, United States",US,2026-08-20,1,https://www.aviasales.com/search/JFK2008LUL1?marker=741311
592,406,USD,JFK,VQS,"Vieques, Puerto Rico",PR,2026-12-31,1,https://www.aviasales.com/search/JFK3112VQS1?marker=741311
593,407,USD,JFK,RAK,"Marrakech, Morocco",MA,2026-08-21,2,https://www.aviasales.com/search/JFK2108RAK1?marker=741311
594,407,USD,SEA,CTU,"Chengdu, China",CN,2026-08-16,2,https://www.aviasales.com/search/SEA1608CTU1?marker=741311
595,408,USD,LAX,SZX,"Shenzhen, China",CN,2026-08-24,1,https://www.aviasales.com/search/LAX2408SZX1?marker=741311
596,409,USD,ORD,OSA,"Osaka, Japan",JP,2026-08-08,1,https://www.aviasales.com/search/ORD0808OSA1?marker=741311
597,410,USD,IAH,ACT,"Waco, United States",US,2026-08-10,1,https://www.aviasales.com/search/IAH1008ACT1?marker=741311
598,412,USD,BOS,AEX,"Alexandria, United States",US,2026-08-08,2,https://www.aviasales.com/search/BOS0808AEX1?marker=741311
599,412,USD,SFO,MKK,"Hoolehua, United States",US,2026-08-07,2,https://www.aviasales.com/search/SFO0708MKK1?marker=741311
600,413,USD,PHL,DAC,"Dhaka, Bangladesh",BD,2026-09-30,2,https://www.aviasales.com/search/PHL3009DAC1?marker=741311
601,414,USD,SEA,MSS,"Massena, United States",US,2026-08-05,1,https://www.aviasales.com/search/SEA0508MSS1?marker=741311
602,414,USD,LAX,HOB,"Hobbs, United States",US,2026-08-06,1,https://www.aviasales.com/search/LAX0608HOB1?marker=741311
603,416,USD,LAX,SKP,"Skopje, North Macedonia",MK,2026-09-29,3,https://www.aviasales.com/search/LAX2909SKP1?marker=741311
604,416,USD,SAN,CHQ,"Chania, Greece",GR,2026-08-20,2,https://www.aviasales.com/search/SAN2008CHQ1?marker=741311
605,417,USD,BOS,IOM,"Isle Of Man, Isle of Man",IM,2026-08-17,2,https://www.aviasales.com/search/BOS1708IOM1?marker=741311
606,417,USD,LAX,PSA,"Pisa, Italy",IT,2026-09-08,3,https://www.aviasales.com/search/LAX0809PSA1?marker=741311
607,418,USD,IAD,FOC,"Fuzhou, China",CN,2026-09-30,2,https://www.aviasales.com/search/IAD3009FOC1?marker=741311
608,419,USD,LAX,YUM,"Yuma, United States",US,2026-08-05,1,https://www.aviasales.com/search/LAX0508YUM1?marker=741311
609,420,USD,SFO,KOJ,"Kagoshima, Japan",JP,2026-08-25,1,https://www.aviasales.com/search/SFO2508KOJ1?marker=741311
610,420,USD,SAN,OTH,"North Bend, United States",US,2026-08-05,1,https://www.aviasales.com/search/SAN0508OTH1?marker=741311
611,420,USD,SAN,ACK,"Nantucket, United States",US,2026-08-05,3,https://www.aviasales.com/search/SAN0508ACK1?marker=741311
612,422,USD,JFK,MRV,"Mineralnye Vody, Russia",RU,2026-10-05,2,https://www.aviasales.com/search/JFK0510MRV1?marker=741311
613,422,USD,JFK,ELM,"Elmira, United States",US,2026-08-11,2,https://www.aviasales.com/search/JFK1108ELM1?marker=741311
614,423,USD,JFK,LOS,"Lagos, Nigeria",NG,2026-12-01,1,https://www.aviasales.com/search/JFK0112LOS1?marker=741311
615,423,USD,ORD,DVL,"Devils Lake, United States",US,2026-08-09,1,https://www.aviasales.com/search/ORD0908DVL1?marker=741311
616,424,USD,SLC,DIK,"Dickinson, United States",US,2026-08-07,1,https://www.aviasales.com/search/SLC0708DIK1?marker=741311
617,426,USD,JFK,MOW,"Moscow, Russia",RU,2026-09-26,2,https://www.aviasales.com/search/JFK2609MOW1?marker=741311
618,426,USD,LAX,DAD,"Da Nang, Vietnam",VN,2026-11-03,1,https://www.aviasales.com/search/LAX0311DAD1?marker=741311
619,427,USD,FLL,GCK,"Garden City, United States",US,2026-08-11,1,https://www.aviasales.com/search/FLL1108GCK1?marker=741311
620,428,USD,JFK,BJL,"Banjul, Gambia",GM,2026-10-26,3,https://www.aviasales.com/search/JFK2610BJL1?marker=741311
621,428,USD,JFK,LIL,"Lille, France",FR,2026-08-06,2,https://www.aviasales.com/search/JFK0608LIL1?marker=741311
622,428,USD,ATL,AAR,"Aarhus, Denmark",DK,2026-08-11,3,https://www.aviasales.com/search/ATL1108AAR1?marker=741311
623,428,USD,JFK,RDO,"Radom, Poland",PL,2026-08-14,1,https://www.aviasales.com/search/JFK1408RDO1?marker=741311
624,428,USD,JFK,CCS,"Caracas, Venezuela",VE,2026-09-18,2,https://www.aviasales.com/search/JFK1809CCS1?marker=741311
625,429,USD,JFK,BRN,"Bern, Switzerland",CH,2026-08-30,1,https://www.aviasales.com/search/JFK3008BRN1?marker=741311
626,431,USD,ORD,PLQ,"Palanga, Lithuania",LT,2026-09-02,2,https://www.aviasales.com/search/ORD0209PLQ1?marker=741311
627,433,USD,MIA,BJV,"Bodrum, Turkiye",TR,2026-09-08,2,https://www.aviasales.com/search/MIA0809BJV1?marker=741311
628,433,USD,SEA,DRS,"Dresden, Germany",DE,2026-10-21,1,https://www.aviasales.com/search/SEA2110DRS1?marker=741311
629,436,USD,JFK,TAS,"Tashkent, Uzbekistan",UZ,2026-10-21,3,https://www.aviasales.com/search/JFK2110TAS1?marker=741311
630,436,USD,IAH,BRE,"Bremen, Germany",DE,2026-09-11,2,https://www.aviasales.com/search/IAH1109BRE1?marker=741311
631,436,USD,MCO,BON,"Kralendijk, Caribbean Netherlands",BQ,2026-08-27,3,https://www.aviasales.com/search/MCO2708BON1?marker=741311
632,437,USD,JFK,ACC,"Accra, Ghana",GH,2026-09-08,1,https://www.aviasales.com/search/JFK0809ACC1?marker=741311
633,438,USD,ORD,MLU,"Monroe, United States",US,2026-08-08,2,https://www.aviasales.com/search/ORD0808MLU1?marker=741311
634,438,USD,JFK,SJJ,"Sarajevo, Bosnia and Herzegovina",BA,2026-11-02,1,https://www.aviasales.com/search/JFK0211SJJ1?marker=741311
635,439,USD,JFK,NQZ,"Astana, Kazakhstan",KZ,2026-09-30,2,https://www.aviasales.com/search/JFK3009NQZ1?marker=741311
636,439,USD,LAX,CGO,"Zhengzhou, China",CN,2026-09-26,1,https://www.aviasales.com/search/LAX2609CGO1?marker=741311
637,440,USD,BOS,YQX,"Gander, Canada",CA,2026-08-05,2,https://www.aviasales.com/search/BOS0508YQX1?marker=741311
638,440,USD,JFK,KRR,"Krasnodar, Russia",RU,2026-10-11,3,https://www.aviasales.com/search/JFK1110KRR1?marker=741311
639,440,USD,ORD,ATQ,"Amritsar, India",IN,2026-09-13,2,https://www.aviasales.com/search/ORD1309ATQ1?marker=741311
640,440,USD,ATL,USH,"Ushuaia, Argentina",AR,2026-08-20,3,https://www.aviasales.com/search/ATL2008USH1?marker=741311
641,441,USD,SFO,DPS,"Denpasar (Bali), Indonesia",ID,2026-09-10,1,https://www.aviasales.com/search/SFO1009DPS1?marker=741311
642,442,USD,AUS,AGB,"Augsburg, Germany",DE,2026-10-13,1,https://www.aviasales.com/search/AUS1310AGB1?marker=741311
643,442,USD,IAH,CAG,"Cagliari, Italy",IT,2026-08-25,2,https://www.aviasales.com/search/IAH2508CAG1?marker=741311
644,442,USD,JFK,DKR,"Dakar, Senegal",SN,2026-08-03,1,https://www.aviasales.com/search/JFK0308DKR1?marker=741311
645,444,USD,SFO,FUK,"Fukuoka, Japan",JP,2026-08-05,1,https://www.aviasales.com/search/SFO0508FUK1?marker=741311
646,446,USD,DFW,CLL,"College Station, United States",US,2026-08-07,0,https://www.aviasales.com/search/DFW0708CLL1?marker=741311
647,447,USD,IAH,SUF,"Lamezia Terme, Italy",IT,2026-10-05,3,https://www.aviasales.com/search/IAH0510SUF1?marker=741311
648,450,USD,JFK,DOH,"Doha, Qatar",QA,2026-08-09,2,https://www.aviasales.com/search/JFK0908DOH1?marker=741311
649,450,USD,LAX,BLA,"Barcelona, Venezuela",VE,2026-08-26,2,https://www.aviasales.com/search/LAX2608BLA1?marker=741311
650,452,USD,JFK,GZP,"Alanya, Turkiye",TR,2026-08-09,2,https://www.aviasales.com/search/JFK0908GZP1?marker=741311
651,452,USD,JFK,ABJ,"Abidjan, Ivory Coast",CI,2026-09-16,1,https://www.aviasales.com/search/JFK1609ABJ1?marker=741311
652,453,USD,LAX,NHA,"Nha Trang, Vietnam",VN,2027-01-17,2,https://www.aviasales.com/search/LAX1701NHA1?marker=741311
653,453,USD,JFK,SID,"Sal, Cape Verde",CV,2026-09-15,1,https://www.aviasales.com/search/JFK1509SID1?marker=741311
654,455,USD,JFK,FEZ,"Fez, Morocco",MA,2026-11-15,3,https://www.aviasales.com/search/JFK1511FEZ1?marker=741311
655,458,USD,JFK,MLE,"Male, Maldives",MV,2026-11-14,3,https://www.aviasales.com/search/JFK1411MLE1?marker=741311
656,458,USD,MIA,BFS,"Belfast, United Kingdom",GB,2026-08-06,2,https://www.aviasales.com/search/MIA0608BFS1?marker=741311
657,460,USD,ATL,SOU,"Southampton, United Kingdom",GB,2026-08-07,3,https://www.aviasales.com/search/ATL0708SOU1?marker=741311
658,464,USD,MIA,PGV,"Greenville, United States",US,2026-08-07,1,https://www.aviasales.com/search/MIA0708PGV1?marker=741311
659,464,USD,JFK,PBC,"Puebla, Mexico",MX,2026-08-08,3,https://www.aviasales.com/search/JFK0808PBC1?marker=741311
660,465,USD,ORD,CAN,"Guangzhou, China",CN,2026-08-11,2,https://www.aviasales.com/search/ORD1108CAN1?marker=741311
661,465,USD,JFK,AQP,"Arequipa, Peru",PE,2026-08-18,3,https://www.aviasales.com/search/JFK1808AQP1?marker=741311
662,467,USD,LAX,CGY,"Cagayan De Oro, Philippines",PH,2026-10-14,2,https://www.aviasales.com/search/LAX1410CGY1?marker=741311
663,470,USD,ORD,SKD,"Samarkand, Uzbekistan",UZ,2026-12-07,4,https://www.aviasales.com/search/ORD0712SKD1?marker=741311
664,470,USD,LAX,EAP,"Basel, Switzerland",CH,2026-12-30,3,https://www.aviasales.com/search/LAX3012EAP1?marker=741311
665,471,USD,JFK,SVX,"Yekaterinburg, Russia",RU,2026-10-14,3,https://www.aviasales.com/search/JFK1410SVX1?marker=741311
666,471,USD,MIA,UFA,"Ufa, Russia",RU,2026-10-08,2,https://www.aviasales.com/search/MIA0810UFA1?marker=741311
667,472,USD,JFK,KZN,"Kazan, Russia",RU,2026-10-14,2,https://www.aviasales.com/search/JFK1410KZN1?marker=741311
668,473,USD,JFK,BUS,"Batumi, Georgia",GE,2026-10-05,3,https://www.aviasales.com/search/JFK0510BUS1?marker=741311
669,475,USD,AUS,GYN,"Goiania, Brazil",BR,2026-09-02,2,https://www.aviasales.com/search/AUS0209GYN1?marker=741311
670,478,USD,LAX,XMN,"Xiamen, China",CN,2026-08-02,1,https://www.aviasales.com/search/LAX0208XMN1?marker=741311
671,479,USD,JFK,UBN,"Ulaanbaatar, Mongolia",MN,2026-10-28,1,https://www.aviasales.com/search/JFK2810UBN1?marker=741311
672,480,USD,LAX,PQC,"Phu Quoc, Vietnam",VN,2026-10-20,2,https://www.aviasales.com/search/LAX2010PQC1?marker=741311
673,480,USD,JFK,HAJ,"Hannover, Germany",DE,2026-09-09,2,https://www.aviasales.com/search/JFK0909HAJ1?marker=741311
674,483,USD,JFK,DYU,"Dushanbe, Tajikistan",TJ,2026-09-10,3,https://www.aviasales.com/search/JFK1009DYU1?marker=741311
675,483,USD,ORD,RGN,"Yangon, Myanmar",MM,2027-01-28,2,https://www.aviasales.com/search/ORD2801RGN1?marker=741311
676,483,USD,JFK,SCO,"Aktau, Kazakhstan",KZ,2026-09-11,2,https://www.aviasales.com/search/JFK1109SCO1?marker=741311
677,484,USD,DFW,FIH,"Kinshasa, Democratic Republic of the Congo",CD,2026-08-15,1,https://www.aviasales.com/search/DFW1508FIH1?marker=741311
678,484,USD,LAX,MEL,"Melbourne, Australia",AU,2026-08-17,0,https://www.aviasales.com/search/LAX1708MEL1?marker=741311
679,484,USD,BNA,CPR,"Casper, United States",US,2026-08-07,1,https://www.aviasales.com/search/BNA0708CPR1?marker=741311
680,485,USD,MIA,TOS,"Tromso, Norway",NO,2026-11-20,3,https://www.aviasales.com/search/MIA2011TOS1?marker=741311
681,488,USD,ORD,OSS,"Osh, Kyrgyzstan",KG,2027-01-31,3,https://www.aviasales.com/search/ORD3101OSS1?marker=741311
682,488,USD,LAX,KBV,"Krabi, Thailand",TH,2026-11-09,2,https://www.aviasales.com/search/LAX0911KBV1?marker=741311
683,489,USD,SFO,KTM,"Kathmandu, Nepal",NP,2026-09-10,1,https://www.aviasales.com/search/SFO1009KTM1?marker=741311
684,489,USD,ORD,YYT,"St. John's, Canada",CA,2026-08-08,1,https://www.aviasales.com/search/ORD0808YYT1?marker=741311
685,489,USD,JFK,CNX,"Chiang Mai, Thailand",TH,2026-11-24,2,https://www.aviasales.com/search/JFK2411CNX1?marker=741311
686,489,USD,PDX,YBL,"Campbell River, Canada",CA,2026-08-09,2,https://www.aviasales.com/search/PDX0908YBL1?marker=741311
687,492,USD,IAD,FNA,"Freetown, Sierra Leone",SL,2026-08-26,1,https://www.aviasales.com/search/IAD2608FNA1?marker=741311
688,492,USD,JFK,ADD,"Addis Ababa, Ethiopia",ET,2026-08-29,1,https://www.aviasales.com/search/JFK2908ADD1?marker=741311
689,494,USD,PHX,RIW,"Riverton, United States",US,2026-08-03,1,https://www.aviasales.com/search/PHX0308RIW1?marker=741311
690,495,USD,MCO,KWI,"Kuwait City, Kuwait",KW,2026-08-14,2,https://www.aviasales.com/search/MCO1408KWI1?marker=741311
691,497,USD,JFK,HYD,"Hyderabad, India",IN,2026-08-02,2,https://www.aviasales.com/search/JFK0208HYD1?marker=741311
692,498,USD,SAN,EBL,"Erbil, Iraq",IQ,2026-09-28,2,https://www.aviasales.com/search/SAN2809EBL1?marker=741311
693,499,USD,SAN,CRK,"City of Angeles, Philippines",PH,2026-09-12,2,https://www.aviasales.com/search/SAN1209CRK1?marker=741311
694,500,USD,JFK,PUS,"Busan, South Korea",KR,2026-08-25,1,https://www.aviasales.com/search/JFK2508PUS1?marker=741311
695,501,USD,DTW,SSA,"Salvador, Brazil",BR,2026-10-15,3,https://www.aviasales.com/search/DTW1510SSA1?marker=741311
696,503,USD,LAX,KHH,"Kaohsiung, Taiwan",TW,2027-01-19,1,https://www.aviasales.com/search/LAX1901KHH1?marker=741311
697,505,USD,ORD,MLO,"Milos, Greece",GR,2026-08-07,1,https://www.aviasales.com/search/ORD0708MLO1?marker=741311
698,505,USD,ORD,PAS,"Paros, Greece",GR,2026-08-08,1,https://www.aviasales.com/search/ORD0808PAS1?marker=741311
699,505,USD,LAX,BKI,"Kota-Kinabalu, Malaysia",MY,2026-08-27,2,https://www.aviasales.com/search/LAX2708BKI1?marker=741311
700,507,USD,JFK,COO,"Cotonou, Benin",BJ,2026-11-16,1,https://www.aviasales.com/search/JFK1611COO1?marker=741311
701,507,USD,SAN,MTT,"Minatitlan, Mexico",MX,2026-08-07,3,https://www.aviasales.com/search/SAN0708MTT1?marker=741311
702,508,USD,SLC,BTM,"Butte, United States",US,2026-08-05,1,https://www.aviasales.com/search/SLC0508BTM1?marker=741311
703,510,USD,SEA,HRB,"Harbin, China",CN,2026-08-20,2,https://www.aviasales.com/search/SEA2008HRB1?marker=741311
704,511,USD,ORD,ART,"Watertown, United States",US,2026-08-09,1,https://www.aviasales.com/search/ORD0908ART1?marker=741311
705,512,USD,MSP,BGW,"Baghdad, Iraq",IQ,2026-08-30,3,https://www.aviasales.com/search/MSP3008BGW1?marker=741311
706,514,USD,ORD,PMY,"Puerto Madryn, Argentina",AR,2026-10-10,2,https://www.aviasales.com/search/ORD1010PMY1?marker=741311
707,514,USD,JFK,GUW,"Atyrau, Kazakhstan",KZ,2026-09-18,2,https://www.aviasales.com/search/JFK1809GUW1?marker=741311
708,514,USD,LAX,BNE,"Brisbane, Australia",AU,2026-08-06,1,https://www.aviasales.com/search/LAX0608BNE1?marker=741311
709,514,USD,FLL,RTM,"Rotterdam, Netherlands",NL,2026-08-05,2,https://www.aviasales.com/search/FLL0508RTM1?marker=741311
710,517,USD,LAX,GUM,"Hagatna, Guam",GU,2026-09-16,3,https://www.aviasales.com/search/LAX1609GUM1?marker=741311
711,518,USD,JFK,YYD,"Smithers, Canada",CA,2026-08-27,3,https://www.aviasales.com/search/JFK2708YYD1?marker=741311
712,518,USD,LAX,CMX,"Hancock, United States",US,2026-08-05,1,https://www.aviasales.com/search/LAX0508CMX1?marker=741311
713,520,USD,JFK,COR,"Cordoba, Argentina",AR,2026-11-20,2,https://www.aviasales.com/search/JFK2011COR1?marker=741311
714,521,USD,JFK,MED,"Medina, Saudi Arabia",SA,2026-08-05,1,https://www.aviasales.com/search/JFK0508MED1?marker=741311
715,522,USD,JFK,LPB,"La Paz, Bolivia",BO,2026-08-12,4,https://www.aviasales.com/search/JFK1208LPB1?marker=741311
716,522,USD,MCO,GRI,"Grand Island, United States",US,2026-08-03,1,https://www.aviasales.com/search/MCO0308GRI1?marker=741311
717,524,USD,JFK,MSQ,"Minsk, Belarus",BY,2026-09-20,3,https://www.aviasales.com/search/JFK2009MSQ1?marker=741311
718,526,USD,SFO,AAN,"Al Ain, United Arab Emirates",AE,2026-08-05,2,https://www.aviasales.com/search/SFO0508AAN1?marker=741311
719,527,USD,MIA,PAP,"Port-au-Prince, Haiti",HT,2026-10-01,1,https://www.aviasales.com/search/MIA0110PAP1?marker=741311
720,528,USD,ORD,NGB,"Ningbo, China",CN,2026-08-07,2,https://www.aviasales.com/search/ORD0708NGB1?marker=741311
721,529,USD,JFK,DGT,"Dumaguete, Philippines",PH,2026-09-01,2,https://www.aviasales.com/search/JFK0109DGT1?marker=741311
722,530,USD,FLL,FAE,"Sorvágur, Faroe Islands",FO,2026-08-29,3,https://www.aviasales.com/search/FLL2908FAE1?marker=741311
723,532,USD,BOS,TUU,"Tabuk, Saudi Arabia",SA,2026-09-14,2,https://www.aviasales.com/search/BOS1409TUU1?marker=741311
724,532,USD,ORD,CSX,"Changsha, China",CN,2026-08-17,2,https://www.aviasales.com/search/ORD1708CSX1?marker=741311
725,532,USD,PDX,YAZ,"Tofino, Canada",CA,2026-08-11,1,https://www.aviasales.com/search/PDX1108YAZ1?marker=741311
726,535,USD,JFK,MCX,"Makhachkala, Russia",RU,2026-09-01,2,https://www.aviasales.com/search/JFK0109MCX1?marker=741311
727,536,USD,SFO,BDS,"Brindisi, Italy",IT,2026-09-03,3,https://www.aviasales.com/search/SFO0309BDS1?marker=741311
728,537,USD,JFK,FEG,"Fergana, Uzbekistan",UZ,2026-08-24,2,https://www.aviasales.com/search/JFK2408FEG1?marker=741311
729,538,USD,JFK,KGD,"Kaliningrad, Russia",RU,2026-08-25,3,https://www.aviasales.com/search/JFK2508KGD1?marker=741311
730,538,USD,FLL,OGD,"Ogden, United States",US,2026-08-05,3,https://www.aviasales.com/search/FLL0508OGD1?marker=741311
731,539,USD,JFK,NGO,"Nagoya, Japan",JP,2026-09-27,1,https://www.aviasales.com/search/JFK2709NGO1?marker=741311
732,540,USD,JFK,CPT,"Cape Town, South Africa",ZA,2026-10-18,1,https://www.aviasales.com/search/JFK1810CPT1?marker=741311
733,540,USD,JFK,PPS,"Puerto Princesa, Philippines",PH,2026-09-27,1,https://www.aviasales.com/search/JFK2709PPS1?marker=741311
734,541,USD,SEA,PEG,"Perugia, Italy",IT,2026-12-28,2,https://www.aviasales.com/search/SEA2812PEG1?marker=741311
735,543,USD,JFK,BPN,"Balikpapan, Indonesia",ID,2026-10-22,2,https://www.aviasales.com/search/JFK2210BPN1?marker=741311
736,544,USD,ATL,AKX,"Aktobe, Kazakhstan",KZ,2026-10-17,4,https://www.aviasales.com/search/ATL1710AKX1?marker=741311
737,545,USD,IAD,KBL,"Kabul, Afghanistan",AF,2026-09-04,1,https://www.aviasales.com/search/IAD0409KBL1?marker=741311
738,545,USD,LAX,OKA,"Okinawa, Japan",JP,2026-08-07,1,https://www.aviasales.com/search/LAX0708OKA1?marker=741311
739,546,USD,SFO,VCA,"Can Tho, Vietnam",VN,2026-08-06,2,https://www.aviasales.com/search/SFO0608VCA1?marker=741311
740,548,USD,LAS,NKT,"Cizre, Turkiye",TR,2026-09-26,3,https://www.aviasales.com/search/LAS2609NKT1?marker=741311
741,550,USD,JFK,KGL,"Kigali, Rwanda",RW,2026-09-03,1,https://www.aviasales.com/search/JFK0309KGL1?marker=741311
742,554,USD,MIA,SBH,"Saint Barthelemy, Guadeloupe",GP,2026-09-01,2,https://www.aviasales.com/search/MIA0109SBH1?marker=741311
743,554,USD,PHL,JHM,"Kapalua, United States",US,2026-08-06,2,https://www.aviasales.com/search/PHL0608JHM1?marker=741311
744,555,USD,JFK,OVB,"Novosibirsk, Russia",RU,2026-10-12,3,https://www.aviasales.com/search/JFK1210OVB1?marker=741311
745,555,USD,SFO,SPK,"Sapporo, Japan",JP,2026-12-30,1,https://www.aviasales.com/search/SFO3012SPK1?marker=741311
746,556,USD,MIA,VLN,"Valencia, Venezuela",VE,2026-08-06,2,https://www.aviasales.com/search/MIA0608VLN1?marker=741311
747,557,USD,IAH,TGU,"Tegucigalpa, Honduras",HN,2026-09-30,3,https://www.aviasales.com/search/IAH3009TGU1?marker=741311
748,558,USD,SFO,SIA,"Xian, China",CN,2026-08-04,1,https://www.aviasales.com/search/SFO0408SIA1?marker=741311
749,558,USD,JFK,BZO,"Bolzano, Italy",IT,2026-11-23,2,https://www.aviasales.com/search/JFK2311BZO1?marker=741311
750,559,USD,JFK,BKO,"Bamako, Mali",ML,2026-08-12,1,https://www.aviasales.com/search/JFK1208BKO1?marker=741311
751,560,USD,LAX,UTP,"Pattaya, Thailand",TH,2026-09-12,3,https://www.aviasales.com/search/LAX1209UTP1?marker=741311
752,561,USD,JFK,LIO,"Limon, Costa Rica",CR,2026-12-31,1,https://www.aviasales.com/search/JFK3112LIO1?marker=741311
753,566,USD,JFK,BWN,"Bandar Seri Begawan, Brunei",BN,2026-09-08,2,https://www.aviasales.com/search/JFK0809BWN1?marker=741311
754,566,USD,LAX,OOL,"Gold Coast, Australia",AU,2026-08-06,1,https://www.aviasales.com/search/LAX0608OOL1?marker=741311
755,568,USD,JFK,CEK,"Chelyabinsk, Russia",RU,2026-09-06,2,https://www.aviasales.com/search/JFK0609CEK1?marker=741311
756,569,USD,SFO,BTH,"Batam, Indonesia",ID,2026-08-05,2,https://www.aviasales.com/search/SFO0508BTH1?marker=741311
757,572,USD,MIA,SFG,"Saint Martin, Saint Martin",MF,2026-08-16,2,https://www.aviasales.com/search/MIA1608SFG1?marker=741311
758,578,USD,SFO,CMB,"Colombo, Sri Lanka",LK,2026-09-24,1,https://www.aviasales.com/search/SFO2409CMB1?marker=741311
759,579,USD,JFK,REN,"Orenburg, Russia",RU,2027-01-19,4,https://www.aviasales.com/search/JFK1901REN1?marker=741311
760,582,USD,SFO,INN,"Innsbruck, Austria",AT,2026-08-06,2,https://www.aviasales.com/search/SFO0608INN1?marker=741311
761,583,USD,JFK,GVR,"Governador Valadares, Brazil",BR,2026-12-17,2,https://www.aviasales.com/search/JFK1712GVR1?marker=741311
762,583,USD,LAS,CAC,"Cascavel, Brazil",BR,2026-10-11,2,https://www.aviasales.com/search/LAS1110CAC1?marker=741311
763,584,USD,LAX,CNS,"Cairns, Australia",AU,2026-08-16,2,https://www.aviasales.com/search/LAX1608CNS1?marker=741311
764,589,USD,LAX,VVO,"Vladivostok, Russia",RU,2026-11-29,2,https://www.aviasales.com/search/LAX2911VVO1?marker=741311
765,589,USD,LAX,BLL,"Billund, Denmark",DK,2026-08-06,2,https://www.aviasales.com/search/LAX0608BLL1?marker=741311
766,591,USD,BOS,LDB,"Londrina, Brazil",BR,2026-08-10,3,https://www.aviasales.com/search/BOS1008LDB1?marker=741311
767,593,USD,JFK,MRU,"Mauritius, Mauritius",MU,2026-10-13,1,https://www.aviasales.com/search/JFK1310MRU1?marker=741311
768,595,USD,PHL,PHS,"Phitsanulok, Thailand",TH,2026-08-21,2,https://www.aviasales.com/search/PHL2108PHS1?marker=741311
769,597,USD,JFK,KUF,"Samara, Russia",RU,2026-08-11,3,https://www.aviasales.com/search/JFK1108KUF1?marker=741311
770,599,USD,BOS,LGK,"Langkawi, Malaysia",MY,2026-09-29,3,https://www.aviasales.com/search/BOS2909LGK1?marker=741311
771,602,USD,JFK,NMA,"Namangan, Uzbekistan",UZ,2026-08-10,2,https://www.aviasales.com/search/JFK1008NMA1?marker=741311
772,605,USD,SEA,AKL,"Auckland, New Zealand",NZ,2027-01-21,2,https://www.aviasales.com/search/SEA2101AKL1?marker=741311
773,605,USD,LAS,URC,"Urumqi, China",CN,2026-08-10,2,https://www.aviasales.com/search/LAS1008URC1?marker=741311
774,606,USD,ORD,NKC,"Nouakchott, Mauritania",MR,2026-08-15,1,https://www.aviasales.com/search/ORD1508NKC1?marker=741311
775,607,USD,SFO,LXR,"Luxor, Egypt",EG,2026-08-14,3,https://www.aviasales.com/search/SFO1408LXR1?marker=741311
776,611,USD,SFO,PER,"Perth, Australia",AU,2026-08-14,2,https://www.aviasales.com/search/SFO1408PER1?marker=741311
777,612,USD,JFK,GAN,"Gan Island, Maldives",MV,2026-08-08,3,https://www.aviasales.com/search/JFK0808GAN1?marker=741311
778,613,USD,ORD,DAR,"Dar Es Salaam, Tanzania",TZ,2026-08-03,2,https://www.aviasales.com/search/ORD0308DAR1?marker=741311
779,613,USD,JFK,CIT,"Shymkent, Kazakhstan",KZ,2026-08-19,2,https://www.aviasales.com/search/JFK1908CIT1?marker=741311
780,614,USD,JFK,DMB,"Taraz, Kazakhstan",KZ,2026-08-13,3,https://www.aviasales.com/search/JFK1308DMB1?marker=741311
781,615,USD,JFK,CKG,"Chongqing, China",CN,2026-08-30,2,https://www.aviasales.com/search/JFK3008CKG1?marker=741311
782,618,USD,CLT,DVO,"Davao City, Philippines",PH,2026-08-25,4,https://www.aviasales.com/search/CLT2508DVO1?marker=741311
783,621,USD,FLL,NAV,"Nevsehir, Turkiye",TR,2026-08-04,3,https://www.aviasales.com/search/FLL0408NAV1?marker=741311
784,625,USD,JFK,PEE,"Perm, Russia",RU,2026-09-15,4,https://www.aviasales.com/search/JFK1509PEE1?marker=741311
785,625,USD,JFK,OUA,"Ouagadougou, Burkina Faso",BF,2026-09-15,3,https://www.aviasales.com/search/JFK1509OUA1?marker=741311
786,630,USD,DFW,URA,"Oral, Kazakhstan",KZ,2026-09-15,3,https://www.aviasales.com/search/DFW1509URA1?marker=741311
787,630,USD,JFK,TJM,"Tyumen, Russia",RU,2026-08-12,3,https://www.aviasales.com/search/JFK1208TJM1?marker=741311
788,630,USD,MSP,KSN,"Kostanay, Kazakhstan",KZ,2026-08-17,4,https://www.aviasales.com/search/MSP1708KSN1?marker=741311
789,632,USD,JFK,KJA,"Krasnoyarsk, Russia",RU,2026-09-15,4,https://www.aviasales.com/search/JFK1509KJA1?marker=741311
790,634,USD,JFK,AZN,"Andijan, Uzbekistan",UZ,2026-08-05,3,https://www.aviasales.com/search/JFK0508AZN1?marker=741311
791,635,USD,JFK,ULY,"Ulyanovsk, Russia",RU,2026-10-17,4,https://www.aviasales.com/search/JFK1710ULY1?marker=741311
792,639,USD,JFK,RTW,"Saratov, Russia",RU,2026-10-11,4,https://www.aviasales.com/search/JFK1110RTW1?marker=741311
793,639,USD,JFK,MLW,"Monrovia, Liberia",LR,2027-01-25,1,https://www.aviasales.com/search/JFK2501MLW1?marker=741311
794,639,USD,JFK,TOF,"Tomsk, Russia",RU,2026-10-14,3,https://www.aviasales.com/search/JFK1410TOF1?marker=741311
795,639,USD,SFO,TNJ,"Tanjung Pinang, Indonesia",ID,2026-08-07,3,https://www.aviasales.com/search/SFO0708TNJ1?marker=741311
796,640,USD,DFW,DYG,"Dayong, China",CN,2026-10-28,2,https://www.aviasales.com/search/DFW2810DYG1?marker=741311
797,640,USD,JFK,ASB,"Ashgabat, Turkmenistan",TM,2026-08-21,1,https://www.aviasales.com/search/JFK2108ASB1?marker=741311
798,642,USD,SFO,CFR,"Caen, France",FR,2026-08-10,3,https://www.aviasales.com/search/SFO1008CFR1?marker=741311
799,642,USD,SLC,LAL,"Lakeland, United States",US,2026-08-04,2,https://www.aviasales.com/search/SLC0408LAL1?marker=741311
800,643,USD,SFO,WJU,"Wonju, South Korea",KR,2026-08-06,3,https://www.aviasales.com/search/SFO0608WJU1?marker=741311
801,644,USD,LAX,IKT,"Irkutsk, Russia",RU,2026-09-03,2,https://www.aviasales.com/search/LAX0309IKT1?marker=741311
802,646,USD,SFO,MMH,"Mammoth Lakes, United States",US,2026-08-02,1,https://www.aviasales.com/search/SFO0208MMH1?marker=741311
803,652,USD,MIA,OMS,"Omsk, Russia",RU,2026-09-15,3,https://www.aviasales.com/search/MIA1509OMS1?marker=741311
804,655,USD,JFK,ZNZ,"Zanzibar, Tanzania",TZ,2026-09-04,3,https://www.aviasales.com/search/JFK0409ZNZ1?marker=741311
805,658,USD,ORD,VOG,"Volgograd, Russia",RU,2026-09-06,4,https://www.aviasales.com/search/ORD0609VOG1?marker=741311
806,659,USD,JFK,UGC,"Urgench, Uzbekistan",UZ,2026-10-10,2,https://www.aviasales.com/search/JFK1010UGC1?marker=741311
807,663,USD,SEA,NTL,"Newcastle, Australia",AU,2026-08-05,2,https://www.aviasales.com/search/SEA0508NTL1?marker=741311
808,669,USD,JFK,BHK,"Bukhara, Uzbekistan",UZ,2026-08-20,2,https://www.aviasales.com/search/JFK2008BHK1?marker=741311
809,669,USD,JFK,DUR,"Durban, South Africa",ZA,2026-08-24,2,https://www.aviasales.com/search/JFK2408DUR1?marker=741311
810,673,USD,SFO,NAJ,"Nakhichevan, Azerbaijan",AZ,2026-08-15,3,https://www.aviasales.com/search/SFO1508NAJ1?marker=741311
811,673,USD,ORD,IJK,"Izhevsk, Russia",RU,2026-10-10,4,https://www.aviasales.com/search/ORD1010IJK1?marker=741311
812,673,USD,LAS,VIL,"Dakhla, Morocco",MA,2026-08-28,2,https://www.aviasales.com/search/LAS2808VIL1?marker=741311
813,673,USD,SLC,WNP,"Naga, Philippines",PH,2026-08-26,4,https://www.aviasales.com/search/SLC2608WNP1?marker=741311
814,674,USD,ATL,VTE,"Vientiane, Laos",LA,2026-08-04,2,https://www.aviasales.com/search/ATL0408VTE1?marker=741311
815,677,USD,JFK,BJM,"Bujumbura, Burundi",BI,2026-09-28,2,https://www.aviasales.com/search/JFK2809BJM1?marker=741311
816,684,USD,JFK,MES,"Medan, Indonesia",ID,2026-08-06,2,https://www.aviasales.com/search/JFK0608MES1?marker=741311
817,685,USD,JFK,SEZ,"Mahe, Seychelles",SC,2026-08-24,1,https://www.aviasales.com/search/JFK2408SEZ1?marker=741311
818,685,USD,JFK,ARH,"Arkhangelsk, Russia",RU,2026-09-24,3,https://www.aviasales.com/search/JFK2409ARH1?marker=741311
819,687,USD,LAX,DRW,"Darwin, Australia",AU,2026-08-15,1,https://www.aviasales.com/search/LAX1508DRW1?marker=741311
820,690,USD,LAX,BOB,"Bora Bora, French Polynesia",PF,2026-08-21,2,https://www.aviasales.com/search/LAX2108BOB1?marker=741311
821,691,USD,JFK,JNB,"Johannesburg, South Africa",ZA,2026-11-12,3,https://www.aviasales.com/search/JFK1211JNB1?marker=741311
822,695,USD,BOS,LAD,"Luanda, Angola",AO,2026-10-19,3,https://www.aviasales.com/search/BOS1910LAD1?marker=741311
823,698,USD,LAX,ENI,"El Nido, Philippines",PH,2026-12-26,2,https://www.aviasales.com/search/LAX2612ENI1?marker=741311
824,699,USD,ORD,NAL,"Nalchik, Russia",RU,2026-09-22,4,https://www.aviasales.com/search/ORD2209NAL1?marker=741311
825,700,USD,FLL,HAK,"Haikou, China",CN,2026-08-28,2,https://www.aviasales.com/search/FLL2808HAK1?marker=741311
826,700,USD,DTW,MSR,"Mus, Turkiye",TR,2026-08-10,3,https://www.aviasales.com/search/DTW1008MSR1?marker=741311
827,702,USD,FLL,SJK,"Sao Jose Dos Campos, Brazil",BR,2026-08-05,2,https://www.aviasales.com/search/FLL0508SJK1?marker=741311
828,703,USD,ORD,STW,"Stavropol, Russia",RU,2026-10-01,4,https://www.aviasales.com/search/ORD0110STW1?marker=741311
829,704,USD,SAN,HIA,"Huai'an, China",CN,2026-10-06,2,https://www.aviasales.com/search/SAN0610HIA1?marker=741311
830,709,USD,DTW,BSR,"Basra, Iraq",IQ,2026-12-25,1,https://www.aviasales.com/search/DTW2512BSR1?marker=741311
831,709,USD,RDU,HHR,"Hawthorne, United States",US,2026-08-12,3,https://www.aviasales.com/search/RDU1208HHR1?marker=741311
832,719,USD,JFK,TNR,"Antananarivo, Madagascar",MG,2026-10-15,3,https://www.aviasales.com/search/JFK1510TNR1?marker=741311
833,720,USD,TPA,RLG,"Rostock, Germany",DE,2026-10-01,3,https://www.aviasales.com/search/TPA0110RLG1?marker=741311
834,721,USD,JFK,CSY,"Cheboksary, Russia",RU,2026-08-20,4,https://www.aviasales.com/search/JFK2008CSY1?marker=741311
835,722,USD,BOS,USM,"Koh Samui, Thailand",TH,2026-08-11,2,https://www.aviasales.com/search/BOS1108USM1?marker=741311
836,722,USD,ORD,TMJ,"Termez, Uzbekistan",UZ,2026-10-15,4,https://www.aviasales.com/search/ORD1510TMJ1?marker=741311
837,723,USD,MIA,ODB,"Cordoba, Spain",ES,2026-08-14,2,https://www.aviasales.com/search/MIA1408ODB1?marker=741311
838,724,USD,JFK,BOC,"Bocas Del Toro, Panama",PA,2026-12-11,2,https://www.aviasales.com/search/JFK1112BOC1?marker=741311
839,731,USD,ORD,RGK,"Gorno-Altaysk, Russia",RU,2026-08-24,4,https://www.aviasales.com/search/ORD2408RGK1?marker=741311
840,732,USD,PHX,BLB,"Balboa, Panama",PA,2026-08-09,3,https://www.aviasales.com/search/PHX0908BLB1?marker=741311
841,734,USD,LAS,OGZ,"Vladikavkaz, Russia",RU,2026-08-08,3,https://www.aviasales.com/search/LAS0808OGZ1?marker=741311
842,734,USD,SFO,KHV,"Khabarovsk, Russia",RU,2026-09-18,2,https://www.aviasales.com/search/SFO1809KHV1?marker=741311
843,734,USD,LAX,IPC,"Easter Island, Chile",CL,2026-10-19,3,https://www.aviasales.com/search/LAX1910IPC1?marker=741311
844,739,USD,SFO,KVX,"Kirov, Russia",RU,2026-12-01,4,https://www.aviasales.com/search/SFO0112KVX1?marker=741311
845,741,USD,JFK,SGC,"Surgut, Russia",RU,2026-08-05,3,https://www.aviasales.com/search/JFK0508SGC1?marker=741311
846,743,USD,SFO,RAR,"Rarotonga, Cook Islands",CK,2026-08-20,2,https://www.aviasales.com/search/SFO2008RAR1?marker=741311
847,745,USD,JFK,CBB,"Cochabamba, Bolivia",BO,2026-08-10,3,https://www.aviasales.com/search/JFK1008CBB1?marker=741311
848,749,USD,JFK,WDH,"Windhoek, Namibia",NA,2026-09-07,3,https://www.aviasales.com/search/JFK0709WDH1?marker=741311
849,750,USD,ORD,NTG,"Nantong, China",CN,2026-08-08,3,https://www.aviasales.com/search/ORD0808NTG1?marker=741311
850,751,USD,ORD,SCC,"Prudhoe Bay/Deadhorse, United States",US,2026-08-10,1,https://www.aviasales.com/search/ORD1008SCC1?marker=741311
851,753,USD,RDU,PES,"Petrozavodsk, Russia",RU,2026-08-06,4,https://www.aviasales.com/search/RDU0608PES1?marker=741311
852,757,USD,DFW,CHC,"Christchurch, New Zealand",NZ,2026-11-13,3,https://www.aviasales.com/search/DFW1311CHC1?marker=741311
853,760,USD,SFO,FJR,"Fujairah, United Arab Emirates",AE,2026-08-05,2,https://www.aviasales.com/search/SFO0508FJR1?marker=741311
854,762,USD,JFK,LFW,"Lome, Togo",TG,2026-11-29,1,https://www.aviasales.com/search/JFK2911LFW1?marker=741311
855,765,USD,LAS,BAX,"Barnaul, Russia",RU,2026-09-25,4,https://www.aviasales.com/search/LAS2509BAX1?marker=741311
856,768,USD,SFO,RKT,"Ras Al Khaimah, United Arab Emirates",AE,2026-08-06,2,https://www.aviasales.com/search/SFO0608RKT1?marker=741311
857,772,USD,BOS,UUD,"Ulan-Ude, Russia",RU,2026-09-07,4,https://www.aviasales.com/search/BOS0709UUD1?marker=741311
858,773,USD,JFK,CJU,"Jeju, South Korea",KR,2026-08-07,2,https://www.aviasales.com/search/JFK0708CJU1?marker=741311
859,774,USD,BOS,OME,"Nome, United States",US,2026-08-05,2,https://www.aviasales.com/search/BOS0508OME1?marker=741311
860,777,USD,LAX,MMK,"Murmansk, Russia",RU,2026-08-06,3,https://www.aviasales.com/search/LAX0608MMK1?marker=741311
861,778,USD,SFO,MAA,"Chennai, India",IN,2026-12-11,3,https://www.aviasales.com/search/SFO1112MAA1?marker=741311
862,788,USD,LAX,KVK,"Kirovsk, Russia",RU,2026-08-04,4,https://www.aviasales.com/search/LAX0408KVK1?marker=741311
863,788,USD,SAN,HOM,"Homer, United States",US,2026-08-07,2,https://www.aviasales.com/search/SAN0708HOM1?marker=741311
864,790,USD,LAX,SCW,"Syktyvkar, Russia",RU,2026-08-04,4,https://www.aviasales.com/search/LAX0408SCW1?marker=741311
865,801,USD,SFO,WLG,"Wellington, New Zealand",NZ,2026-08-14,2,https://www.aviasales.com/search/SFO1408WLG1?marker=741311
866,804,USD,BOS,JPR,"Ji-Parana, Brazil",BR,2026-10-31,3,https://www.aviasales.com/search/BOS3110JPR1?marker=741311
867,805,USD,ORD,IKU,"Tamchy, Kyrgyzstan",KG,2026-08-03,3,https://www.aviasales.com/search/ORD0308IKU1?marker=741311
868,809,USD,IAD,GNJ,"Ganja, Azerbaijan",AZ,2026-08-07,3,https://www.aviasales.com/search/IAD0708GNJ1?marker=741311
869,812,USD,JFK,JRO,"Kilimanjaro, Tanzania",TZ,2026-08-04,1,https://www.aviasales.com/search/JFK0408JRO1?marker=741311
870,820,USD,SEA,GOJ,"Nizhniy Novgorod, Russia",RU,2026-08-06,4,https://www.aviasales.com/search/SEA0608GOJ1?marker=741311
871,821,USD,MIA,VLI,"Port Vila, Vanuatu",VU,2026-08-21,2,https://www.aviasales.com/search/MIA2108VLI1?marker=741311
872,823,USD,SFO,AIT,"Aitutaki, Cook Islands",CK,2026-08-20,2,https://www.aviasales.com/search/SFO2008AIT1?marker=741311
873,825,USD,SAN,HSA,"Turkistan, Kazakhstan",KZ,2026-08-19,3,https://www.aviasales.com/search/SAN1908HSA1?marker=741311
874,832,USD,JFK,GRV,"Groznyy, Russia",RU,2026-08-05,3,https://www.aviasales.com/search/JFK0508GRV1?marker=741311
875,838,USD,SLC,CCP,"Concepcion, Chile",CL,2026-08-03,2,https://www.aviasales.com/search/SLC0308CCP1?marker=741311
876,842,USD,JFK,MFM,"Macau, Macau",MO,2026-12-11,1,https://www.aviasales.com/search/JFK1112MFM1?marker=741311
877,845,USD,FLL,MST,"Maastricht, Netherlands",NL,2026-08-06,3,https://www.aviasales.com/search/FLL0608MST1?marker=741311
878,846,USD,JFK,YKS,"Yakutsk, Russia",RU,2026-08-10,3,https://www.aviasales.com/search/JFK1008YKS1?marker=741311
879,846,USD,JFK,GOH,"Nuuk, Greenland",GL,2026-11-01,1,https://www.aviasales.com/search/JFK0111GOH1?marker=741311
880,852,USD,JFK,THL,"Tachilek, Myanmar",MM,2026-08-14,4,https://www.aviasales.com/search/JFK1408THL1?marker=741311
881,859,USD,SFO,HTA,"Chita, Russia",RU,2026-09-01,4,https://www.aviasales.com/search/SFO0109HTA1?marker=741311
882,862,USD,JFK,UUS,"Yuzhno-Sakhalinsk, Russia",RU,2026-08-03,4,https://www.aviasales.com/search/JFK0308UUS1?marker=741311
883,862,USD,BNA,DLA,"Douala, Cameroon",CM,2026-08-03,2,https://www.aviasales.com/search/BNA0308DLA1?marker=741311
884,877,USD,JFK,NSK,"Norilsk, Russia",RU,2026-10-01,3,https://www.aviasales.com/search/JFK0110NSK1?marker=741311
885,878,USD,DEN,ARK,"Arusha, Tanzania",TZ,2026-12-01,3,https://www.aviasales.com/search/DEN0112ARK1?marker=741311
886,884,USD,IAH,NJF,"Al-Najaf, Iraq",IQ,2026-09-01,2,https://www.aviasales.com/search/IAH0109NJF1?marker=741311
887,895,USD,LAX,GOI,"Goa, India",IN,2026-12-14,4,https://www.aviasales.com/search/LAX1412GOI1?marker=741311
888,898,USD,JFK,GBE,"Gaborone, Botswana",BW,2026-08-04,3,https://www.aviasales.com/search/JFK0408GBE1?marker=741311
889,911,USD,LAX,PKC,"Petropavlovsk-Kamchatsky, Russia",RU,2026-09-07,3,https://www.aviasales.com/search/LAX0709PKC1?marker=741311
890,930,USD,FLL,NJC,"Nizhnevartovsk, Russia",RU,2026-09-07,4,https://www.aviasales.com/search/FLL0709NJC1?marker=741311
891,938,USD,SFO,SUI,"Sukhumi, Abkhazia",AB,2026-08-15,3,https://www.aviasales.com/search/SFO1508SUI1?marker=741311
892,943,USD,LAX,PEZ,"Penza, Russia",RU,2026-10-09,4,https://www.aviasales.com/search/LAX0910PEZ1?marker=741311
893,943,USD,LAX,HIR,"Honiara, Solomon Islands",SB,2026-08-16,2,https://www.aviasales.com/search/LAX1608HIR1?marker=741311
894,947,USD,FLL,ASF,"Astrakhan, Russia",RU,2026-08-05,4,https://www.aviasales.com/search/FLL0508ASF1?marker=741311
895,951,USD,JFK,ACH,"Altenrhein, Switzerland",CH,2026-08-22,2,https://www.aviasales.com/search/JFK2208ACH1?marker=741311
896,964,USD,JFK,BQS,"Blagoveschensk, Russia",RU,2026-08-13,4,https://www.aviasales.com/search/JFK1308BQS1?marker=741311
897,978,USD,ORD,NBC,"Naberezhnye Chelny, Russia",RU,2026-08-05,4,https://www.aviasales.com/search/ORD0508NBC1?marker=741311
898,984,USD,SFO,NLK,"Norfolk Island, Norfolk Island",NF,2026-08-25,2,https://www.aviasales.com/search/SFO2508NLK1?marker=741311
899,988,USD,SEA,NVI,"Navoi, Uzbekistan",UZ,2026-08-28,2,https://www.aviasales.com/search/SEA2808NVI1?marker=741311
900,1008,USD,JFK,CXI,"Christmas Island, Kiribati",KI,2026-08-15,2,https://www.aviasales.com/search/JFK1508CXI1?marker=741311
901,1010,USD,JFK,LXA,"Lhasa, China",CN,2026-08-06,3,https://www.aviasales.com/search/JFK0608LXA1?marker=741311
902,1013,USD,LAX,KGF,"Karagandy, Kazakhstan",KZ,2026-09-05,2,https://www.aviasales.com/search/LAX0509KGF1?marker=741311
903,1038,USD,JFK,ALH,"Albany, Australia",AU,2026-08-05,3,https://www.aviasales.com/search/JFK0508ALH1?marker=741311
904,1065,USD,JFK,INU,"Nauru Island, Nauru",NR,2026-08-22,2,https://www.aviasales.com/search/JFK2208INU1?marker=741311
905,1066,USD,JFK,WVB,"Walvis Bay, Namibia",NA,2026-09-07,3,https://www.aviasales.com/search/JFK0709WVB1?marker=741311
906,1079,USD,ORD,SMT,"Sorriso, Brazil",BR,2026-08-07,3,https://www.aviasales.com/search/ORD0708SMT1?marker=741311
907,1094,USD,IAD,LBV,"Libreville, Gabon",GA,2026-08-02,1,https://www.aviasales.com/search/IAD0208LBV1?marker=741311
908,1095,USD,BNA,NOZ,"Novokuznetsk, Russia",RU,2026-08-07,4,https://www.aviasales.com/search/BNA0708NOZ1?marker=741311
909,1116,USD,ORD,DIG,"Diqing, China",CN,2026-09-30,3,https://www.aviasales.com/search/ORD3009DIG1?marker=741311
910,1131,USD,MIA,SPN,"Saipan, Northern Mariana Islands",MP,2027-01-08,2,https://www.aviasales.com/search/MIA0801SPN1?marker=741311
911,1148,USD,MSP,BQT,"Brest, Belarus",BY,2026-08-02,4,https://www.aviasales.com/search/MSP0208BQT1?marker=741311
912,1155,USD,SEA,VFA,"Victoria Falls, Zimbabwe",ZW,2026-08-09,3,https://www.aviasales.com/search/SEA0908VFA1?marker=741311
913,1212,USD,MSP,TKK,"Truk, Micronesia",FM,2026-12-22,2,https://www.aviasales.com/search/MSP2212TKK1?marker=741311
914,1343,USD,JFK,PNI,"Pohnpei, Micronesia",FM,2026-08-19,3,https://www.aviasales.com/search/JFK1908PNI1?marker=741311
915,1365,USD,PHL,NOS,"Nossi-Be, Madagascar",MG,2026-09-30,2,https://www.aviasales.com/search/PHL3009NOS1?marker=741311
916,1462,USD,JFK,DUT,"Dutch Harbor, United States",US,2026-08-06,2,https://www.aviasales.com/search/JFK0608DUT1?marker=741311
917,1518,USD,DFW,HRI,"Hambantota, Sri Lanka",LK,2026-12-24,4,https://www.aviasales.com/search/DFW2412HRI1?marker=741311
918,1541,USD,MIA,MAJ,"Majuro, Marshall Islands",MH,2026-08-25,2,https://www.aviasales.com/search/MIA2508MAJ1?marker=741311
919,2277,USD,JFK,JHS,"Sisimiut, Greenland",GL,2026-08-13,2,https://www.aviasales.com/search/JFK1308JHS1?marker=741311
