rank,price,currency,origin,destination_code,destination_name,country_code,depart,stops,booking_link
1,19,USD,LAX,LAS,"Las Vegas, United States",US,2026-10-27,0,https://www.aviasales.com/search/LAX2710LAS1?t=F917931213001793125800000075LAXLAS_56d347d54d07d6da55b2535453773246_1616&search_date=25092026&expected_price_uuid=01a0d98c-b12c-8040-2509-13b0e5cdfb84&static_fare_key=TY%7CP0%7CH0%7CL0%7CCH0%7CR0%7CTBC0&itinerary_key=p--4nS6GtI1QNFQhRLxZ1Q&expected_price_source=share&expected_price_currency=usd&expected_price=19&marker=741311
2,17,USD,LAX,SFO,"San Francisco, United States",US,2026-11-17,0,https://www.aviasales.com/search/LAX1711SFO1?t=F917949421801794947520000089LAXSFO_685bc6c2ece23ab6ba087092afaa1dad_1408&search_date=20092026&expected_price_uuid=01a0bfec-1c96-8030-ecc6-2adfb8107915&static_fare_key=TY%7CP1%7CH0%7CL0%7CCH0%7CR0%7CTBC0&itinerary_key=ZuGPvRlHSEiboDIxwoaptw&expected_price_source=share&expected_price_currency=usd&expected_price=17&marker=741311
3,17,USD,SFO,SAN,"San Diego, United States",US,2026-10-28,0,https://www.aviasales.com/search/SFO2810SAN1?t=F917932066201793212680000101SFOSAN_c4bbcd2d8e821f4f8d7b5eea40d901ee_1445&search_date=25092026&expected_price_uuid=01a0d724-307d-8030-eb32-5f734e34ea33&static_fare_key=TY%7CP0%7CH0%7CL0%7CCH0%7CR0%7CTBC0&itinerary_key=4bRqAPFGZu4lUiPE8oqPwQ&expected_price_source=share&expected_price_currency=usd&expected_price=17&marker=741311
4,18,USD,ATL,TPA,"Tampa, United States",US,2026-11-10,0,https://www.aviasales.com/search/ATL1011TPA1?t=F917943054601794311340000098ATLTPA_e6aa62e89758ecbc64e784824c5d483a_1515&search_date=20092026&expected_price_uuid=01a0c135-3829-8030-a531-dce94f64b91c&static_fare_key=TY%7CP0%7CH0%7CL0%7CCH0%7CR0%7CTBC0&itinerary_key=gzRBPh5boX0j4djv1GNCBQ&expected_price_source=share&expected_price_currency=usd&expected_price=18&marker=741311
5,16,USD,SFO,LAX,"Los Angeles, United States",US,2026-11-03,0,https://www.aviasales.com/search/SFO0311LAX1?t=F917937339001793739180000088SFOLAX_05d5272456c1120bc1d05a2e936b8442_1360&search_date=25092026&expected_price_uuid=01a0d6e5-1a01-8040-af48-9903811a1921&static_fare_key=TY%7CP0%7CH0%7CL0%7CCH0%7CR0%7CTBC0&itinerary_key=0p_pmrC_TjvBt-7kZLHVFQ&expected_price_source=share&expected_price_currency=usd&expected_price=16&marker=741311
6,19,USD,IAH,ATL,"Atlanta, United States",US,2026-10-27,0,https://www.aviasales.com/search/IAH2710ATL1?t=F917931324601793143920000131IAHATL_355a7e6224760007d7e8b0f80d81c0e8_1610&search_date=23092026&expected_price_uuid=01a0cf2d-4965-8040-abbc-ac5554ccbdde&static_fare_key=TY%7CP0%7CH0%7CL0%7CCH0%7CR0%7CTBC0&itinerary_key=g9tzJthiZkyld07QoDnAsQ&origin_airports=0&expected_price_source=share&expected_price_currency=usd&expected_price=19&marker=741311
7,19,USD,ATL,ORL,"Orlando, United States",US,2026-10-20,0,https://www.aviasales.com/search/ATL2010ORL1?t=F917925257401792531800000101ATLMCO_d8c62a6b5ba73ffea60447e939efc296_1601&search_date=22092026&expected_price_uuid=01a0c920-3275-8030-a405-a06291c30c3a&static_fare_key=TY%7CP0%7CH0%7CL0%7CCH0%7CR0%7CTBC0&itinerary_key=ixyTBpD7f6iwlsM1_99E_w&expected_price_source=share&expected_price_currency=usd&expected_price=19&marker=741311
9,23,USD,LAX,SJC,"San Jose, United States",US,2026-10-19,0,https://www.aviasales.com/search/LAX1910SJC1?t=F917924349601792440420000091LAXSJC_c2a502c43fb0dfb412293787c7602b89_1967&search_date=25092026&expected_price_uuid=01a0d8ff-624a-8030-22a9-ffefd2db572f&static_fare_key=TY%7CP0%7CH0%7CL0%7CCH1_0%7CR0%7CTBC0&itinerary_key=9QfApl-5KYrS6gBZieVsaQ&expected_price_source=share&expected_price_currency=usd&expected_price=23&marker=741311
10,24,USD,ATL,HOU,"Houston, United States",US,2026-10-31,0,https://www.aviasales.com/search/ATL3110HOU1?t=F917934264001793431380000143ATLIAH_770643edb802703e9c87f6fb410b8c62_2021&search_date=23092026&expected_price_uuid=01a0cd03-d1ba-8030-2219-840bc8bbee87&static_fare_key=TY%7CP0%7CH0%7CL0%7CCH0%7CR0%7CTBC0&itinerary_key=73aP3OkAZwhVwaQ3KKETdQ&expected_price_source=share&expected_price_currency=usd&expected_price=24&marker=741311
11,25,USD,LAS,PHX,"Phoenix, United States",US,2026-10-22,0,https://www.aviasales.com/search/LAS2210PHX1?t=F917926663201792671420000085LASPHX_954ee480864df47628af234b06d4ce7a_2088&search_date=21092026&expected_price_uuid=01a0c575-279f-8030-ea9b-a247b0742deb&static_fare_key=TY%7CP1%7CH0%7CL0%7CCH0%7CR0%7CTBC0&itinerary_key=wpQmJPFRxr-jjzZZ6dRSrg&expected_price_source=share&expected_price_currency=usd&expected_price=25&marker=741311
12,28,USD,ATL,DFW,"Dallas, United States",US,2026-10-21,0,https://www.aviasales.com/search/ATL2110DFW1?t=F917925603601792566000000154ATLDFW_bf8c2b52f4f5ef1b169c979d6553fcc4_2356&search_date=18092026&expected_price_uuid=01a0b61b-e640-8040-a397-abfe80cf3305&static_fare_key=TY%7CP0%7CH0%7CL0%7CCH0%7CR0%7CTBC0&itinerary_key=JQ3oVnMoKGZ8JVJT06jMBw&expected_price_source=share&expected_price_currency=usd&expected_price=28&marker=741311
13,28,USD,FLL,CHA,"Chattanooga, United States",US,2026-11-05,0,https://www.aviasales.com/search/FLL0511CHA1?t=G417938626001793870340000129FLLCHA_f0a2d484c96b9a42cb991bd02c9be827_2380&search_date=25092026&expected_price_uuid=01a0d718-c7bc-8040-a756-d2bcaf8f6897&static_fare_key=TY%7CP0%7CH0%7CL0%7CCH0%7CR0%7CTBC0&itinerary_key=p1Sm5SqGjuhtM9rQBhkZ_w&expected_price_source=share&expected_price_currency=usd&expected_price=28&marker=741311
14,29,USD,MCO,WAS,"Washington, United States",US,2027-01-21,0,https://www.aviasales.com/search/MCO2101WAS1?t=F918005577001800565860000136MCOIAD_32b57a3ac1d46afda2e83605f9c7d244_2451&search_date=23092026&expected_price_uuid=01a0cec6-cd18-8040-2fef-356342976958&static_fare_key=TY%7CP0%7CH0%7CL0%7CCH0%7CR0%7CTBC0&itinerary_key=xrLUzrigYebkqlReppOstw&origin_airports=0&expected_price_source=share&expected_price_currency=usd&expected_price=29&marker=741311
15,29,USD,DEN,SLC,"Salt Lake City, United States",US,2026-11-04,0,https://www.aviasales.com/search/DEN0411SLC1?t=F917937837001793789460000096DENSLC_ce48251ec29288be2b882c1a4c6abb1d_2444&search_date=22092026&expected_price_uuid=01a0cb7c-72d8-8030-2fde-02b0227b82e9&static_fare_key=TY%7CP0%7CH0%7CL0%7CCH0%7CR0%7CTBC0&itinerary_key=WuX3SA-FGmJTyS1QHOcmAA&expected_price_source=share&expected_price_currency=usd&expected_price=29&marker=741311
16,30,USD,BNA,CHI,"Chicago, United States",US,2026-10-15,0,https://www.aviasales.com/search/BNA1510CHI1?t=G417920615201792066920000090BNARFD_879706faf1979deedf07d856905345ea_2525&search_date=25092026&expected_price_uuid=01a0d9c0-20ac-8040-a079-a2ef80b9adfd&static_fare_key=TY%7CP0%7CH0%7CL0%7CCH0%7CR0%7CTBC0&itinerary_key=4GtLbv89tf5tbmXAy5wpyg&expected_price_source=share&expected_price_currency=usd&expected_price=30&marker=741311
17,34,USD,LAX,DEN,"Denver, United States",US,2026-11-12,0,https://www.aviasales.com/search/LAX1211DEN1?t=F917944938601794506580000152LAXDEN_aba3a665d14e3b2cd77a31dbdc61f339_2890&search_date=25092026&expected_price_uuid=01a0d745-e75d-8040-60c7-f7d4bb2e896a&static_fare_key=TY%7CP0%7CH0%7CL0%7CCH0%7CR0%7CTBC0&itinerary_key=OjLPzLjrNTNcRiZzcgUBDg&expected_price_source=share&expected_price_currency=usd&expected_price=34&marker=741311
19,34,USD,ATL,MSY,"New Orleans, United States",US,2026-10-27,0,https://www.aviasales.com/search/ATL2710MSY1?t=F917931150001793117580000103ATLMSY_9f9baaf97fba1418d3484dd55c2ae2e4_2870&search_date=19092026&expected_price_uuid=01a0ba3e-4c18-8030-a2d8-0d6a00ba62ff&static_fare_key=TY%7CP1%7CH0%7CL0%7CCH0%7CR0%7CTBC0&itinerary_key=rL3QEL7T5SK_S9oZGWFhjg&expected_price_source=share&expected_price_currency=usd&expected_price=34&marker=741311
20,35,USD,ATL,GDL,"Guadalajara, Mexico",MX,2026-10-11,0,https://www.aviasales.com/search/ATL1110GDL1?t=Y417917242001791732420000257ATLGDL_2b9bab549fe92713339b27722478ae2e_2969&search_date=24092026&expected_price_uuid=01a0d129-320c-8040-a1cc-df6ce80564b6&static_fare_key=TY%7CP0%7CH0%7CL0%7CCH0%7CR0%7CTBC0&itinerary_key=9Y_ZglLZJxPC1uK5hhYYLQ&expected_price_source=share&expected_price_currency=usd&expected_price=35&marker=741311
21,35,USD,ATL,MIA,"Miami, United States",US,2026-11-02,0,https://www.aviasales.com/search/ATL0211MIA1?t=F917936488201793656140000122ATLMIA_498fea3af6c2782c660ac2d7159ca762_2975&search_date=25092026&expected_price_uuid=01a0d669-5a02-8040-a7df-f754fd88247c&static_fare_key=TY%7CP0%7CH0%7CL0%7CCH0%7CR0%7CTBC0&itinerary_key=LMYPdqpG5UfDdjCBh6YXjg&expected_price_source=share&expected_price_currency=usd&expected_price=35&marker=741311
22,35,USD,LAS,OAK,"Oakland, United States",US,2026-10-05,0,https://www.aviasales.com/search/LAS0510OAK1?t=F917911863601791192120000096LASOAK_7e0b95a6480961eebc49091594e5cbbf_2984&search_date=19092026&expected_price_uuid=01a0bb14-1915-8040-6a55-d8b98e7e9cfe&static_fare_key=TY%7CP0%7CH0%7CL0%7CCH0%7CR0%7CTBC0&itinerary_key=MyNjww-VnDFaInGHTOoQyQ&expected_price_source=share&expected_price_currency=usd&expected_price=35&marker=741311
23,36,USD,IAD,FLL,"Fort Lauderdale, United States",US,2026-10-06,0,https://www.aviasales.com/search/IAD0610FLL1?t=F917913103801791320340000166IADFLL_18f9b9001c7f4c52aeaa4aa9bdfc6b9a_3058&search_date=19092026&expected_price_uuid=01a0b751-90a2-8030-ecbe-259b653c22fb&static_fare_key=TY%7CP0%7CH0%7CL0%7CCH0%7CR0%7CTBC0&itinerary_key=C5URgF5Wqq7e3w16CfXELQ&origin_airports=0&expected_price_source=share&expected_price_currency=usd&expected_price=36&marker=741311
24,38,USD,ATL,PHL,"Philadelphia, United States",US,2026-10-24,0,https://www.aviasales.com/search/ATL2410PHL1?t=F917928579601792865700000129ATLPHL_c120280bfae3a6ca522564a7fba0525e_3232&search_date=24092026&expected_price_uuid=01a0d383-fe42-8040-697e-4a9d2ec5b2e1&static_fare_key=TY%7CP0%7CH0%7CL0%7CCH0%7CR0%7CTBC0&itinerary_key=UxBKEJlZ8UIYdr3Xy2uqkw&expected_price_source=share&expected_price_currency=usd&expected_price=38&marker=741311
25,40,USD,ATL,CLE,"Cleveland, United States",US,2026-10-06,0,https://www.aviasales.com/search/ATL0610CLE1?t=F917913131401791319920000113ATLCLE_e0d62ce5bdd6fbfdcfd6eb02ade09906_3332&search_date=21092026&expected_price_uuid=01a0c63c-14a0-8030-280b-bb841ed04dd7&static_fare_key=TY%7CP0%7CH0%7CL0%7CCH0%7CR0%7CTBC0&itinerary_key=u_NZy7wlZjMiLZPGPmEzAA&expected_price_source=share&expected_price_currency=usd&expected_price=40&marker=741311
26,41,USD,DEN,BNA,"Nashville, United States",US,2026-11-12,0,https://www.aviasales.com/search/DEN1211BNA1?t=F917944799401794492960000157DENBNA_c8934389fb0a491944ebc65debadbbff_3433&search_date=21092026&expected_price_uuid=01a0c1c0-20b2-8030-2387-876165476f92&static_fare_key=TY%7CP0%7CH0%7CL0%7CCH0%7CR0%7CTBC0&itinerary_key=g664PwXg5FZWvOmLMpgqVg&expected_price_source=share&expected_price_currency=usd&expected_price=41&marker=741311
27,40,USD,DFW,MSP,"Minneapolis, United States",US,2026-12-02,0,https://www.aviasales.com/search/DFW0212MSP1?t=F917961979201796207160000154DFWMSP_0b632048f75facc5fd9d0d1a17504480_3371&search_date=22092026&expected_price_uuid=01a0ca43-d007-8030-a735-00e3b3bfc9d1&static_fare_key=TY%7CP0%7CH0%7CL0%7CCH0%7CR0%7CTBC0&itinerary_key=Nf47fnlZnbYXO4QDCe83Pw&expected_price_source=share&expected_price_currency=usd&expected_price=40&marker=741311
28,41,USD,FLL,SWF,"Newburgh, United States",US,2026-10-29,0,https://www.aviasales.com/search/FLL2910SWF1?t=G417932560001793267280000188FLLSWF_0dbeb8909a4a46929377f4a1f1821c62_3476&search_date=23092026&expected_price_uuid=01a0cf2b-caa6-8040-23c5-50d558da40ad&static_fare_key=TY%7CP0%7CH0%7CL0%7CCH0%7CR0%7CTBC0&itinerary_key=7J08VeNKZjNX9yfT3T3bDQ&expected_price_source=share&expected_price_currency=usd&expected_price=41&marker=741311
29,42,USD,ATL,JAX,"Jacksonville, United States",US,2026-10-10,0,https://www.aviasales.com/search/ATL1010JAX1?t=F917916536401791657960000072ATLJAX_ff3445148449aecb6ddb044b44b5bf7c_3520&search_date=25092026&expected_price_uuid=01a0d9a9-d176-8030-613e-93470c780125&static_fare_key=TY%7CP0%7CH0%7CL0%7CCH0%7CR0%7CTBC0&itinerary_key=GXZtvFS1f28t2tMXXwYVHA&expected_price_source=share&expected_price_currency=usd&expected_price=42&marker=741311
30,43,USD,MCO,CLT,"Charlotte, United States",US,2026-10-14,0,https://www.aviasales.com/search/MCO1410CLT1?t=F917919600601791967020000116MCOCLT_41d075773e676a6e81dba7b16c685a20_3611&search_date=25092026&expected_price_uuid=01a0d7cd-041d-8040-a950-95de2c4a597c&static_fare_key=TY%7CP0%7CH0%7CL0%7CCH0%7CR0%7CTBC0&itinerary_key=bjavGDfcFbx0HLgtpL8nMQ&origin_airports=0&expected_price_source=share&expected_price_currency=usd&expected_price=43&marker=741311
31,42,USD,LAS,FAT,"Fresno, United States",US,2026-10-01,0,https://www.aviasales.com/search/LAS0110FAT1?t=G417908356001790840220000077LASFAT_33762c59793e38ec6833fc3e63ed8b92_3536&search_date=21092026&expected_price_uuid=01a0c2a2-0b37-8030-277d-3881f6404ce4&static_fare_key=TY%7CP0%7CH0%7CL0%7CCH0%7CR0%7CTBC0&itinerary_key=U2DShQ8Co1LsqjvNlWnJvg&expected_price_source=share&expected_price_currency=usd&expected_price=42&marker=741311
32,43,USD,MCO,IND,"Indianapolis, United States",US,2026-10-01,0,https://www.aviasales.com/search/MCO0110IND1?t=F917908380001790847060000151MCOIND_7dc9fe87cb4eecf127ec80687fb93959_3621&search_date=21092026&expected_price_uuid=01a0c2ae-0891-8030-aad3-196b73a64f03&static_fare_key=TY%7CP0%7CH0%7CL0%7CCH0%7CR0%7CTBC0&itinerary_key=iOTAio2EosyLUHiNXvlFwQ&origin_airports=0&expected_price_source=share&expected_price_currency=usd&expected_price=43&marker=741311
33,43,USD,FLL,CMH,"Columbus, United States",US,2026-11-20,0,https://www.aviasales.com/search/FLL2011CMH1?t=G417951550001795164420000157FLLLCK_a95987408ffdacf49250fc3fc323867e_3623&search_date=22092026&expected_price_uuid=01a0ca9e-43d6-8030-a6ec-1d0d99e6f007&static_fare_key=TY%7CP0%7CH0%7CL0%7CCH0%7CR0%7CTBC0&itinerary_key=ejBTmbFH1oh2qTKSR4JbwA&expected_price_source=share&expected_price_currency=usd&expected_price=43&marker=741311
34,43,USD,TPA,EYW,"Key West, United States",US,2026-09-27,0,https://www.aviasales.com/search/TPA2709EYW1?t=MX17905036201790508060000074TPAEYW_d5cb29a83cb1b0108eece99d8f88b58b_3618&search_date=21092026&expected_price_uuid=01a0c1eb-580b-8040-2d4c-48e4c0369ff1&static_fare_key=TY%7CP0%7CH0%7CL0%7CCH0%7CR0%7CTBC0&itinerary_key=_ff0rehrWYhrgoQBIv0RkA&expected_price_source=share&expected_price_currency=usd&expected_price=43&marker=741311
35,46,USD,IAD,STL,"St Louis, United States",US,2026-10-27,1,https://www.aviasales.com/search/IAD2710STL1?t=F917931351601793209200001294IADATLSTL_9470fb85e2d044624c196f30f2c1da53_3870&search_date=20092026&expected_price_uuid=01a0bfd3-a675-8030-20cc-b261ddbe4e6a&static_fare_key=TY%7CP1%7CH0%7CL0%7CCH0%7CR0%7CTBC0&itinerary_key=inFuiotjBqTokQWYheVCcg&origin_airports=0&expected_price_source=share&expected_price_currency=usd&expected_price=46&marker=741311
36,46,USD,MIA,RDU,"Raleigh, United States",US,2026-10-15,0,https://www.aviasales.com/search/MIA1510RDU1?t=F917920803001792087980000128MIARDU_96c65af75bdcd1f04a41312c786a4b7a_3847&search_date=21092026&expected_price_uuid=01a0c4f3-2cdc-8040-a09c-134b0ecbd86c&static_fare_key=TY%7CP1%7CH0%7CL0%7CCH0%7CR0%7CTBC0&itinerary_key=9Se_2o-C2-j7TOPu-y5EEA&expected_price_source=share&expected_price_currency=usd&expected_price=46&marker=741311
37,47,USD,ATL,NYC,"New York, United States",US,2026-10-27,0,https://www.aviasales.com/search/ATL2710NYC1?t=F917931256801793133960000138ATLLGA_d09041ed66e9083b75e98fa70506eaa4_3952&search_date=25092026&expected_price_uuid=01a0d8dc-9d93-8051-2592-fb71b600081e&static_fare_key=TY%7CP1%7CH0%7CL0%7CCH0%7CR0%7CTBC0&itinerary_key=tyyQ7FREhmVB0nmcbmxXhw&expected_price_source=share&expected_price_currency=usd&expected_price=47&marker=741311
38,47,USD,LAX,SEA,"Seattle, United States",US,2026-11-11,0,https://www.aviasales.com/search/LAX1111SEA1?t=F917944116601794423240000193LAXSEA_822e429363caa4f7d63096ca2dd088a6_3983&search_date=25092026&expected_price_uuid=01a0d7b5-cb82-8051-2c5c-ec1926015fa4&static_fare_key=TY%7CP1%7CH0%7CL0%7CCH1_0%7CR0%7CTBC0&itinerary_key=2ZOGeFC8hvNZY9DtA4WN0A&expected_price_source=share&expected_price_currency=usd&expected_price=47&marker=741311
40,50,USD,FLL,SBN,"South Bend, United States",US,2026-10-02,0,https://www.aviasales.com/search/FLL0210SBN1?marker=741311
41,51,USD,TPA,DTT,"Detroit, United States",US,2026-11-05,0,https://www.aviasales.com/search/TPA0511DTT1?t=F917938910401793901180000169TPADTW_6e7a43d83f213ae3bb2788722fc9d7af_4335&search_date=24092026&expected_price_uuid=01a0d4c7-059a-8040-a61c-c0df105cd680&static_fare_key=TY%7CP0%7CH0%7CL0%7CCH0%7CR0%7CTBC0&itinerary_key=NW6TuiSswhHUaa8w51_fCA&expected_price_source=share&expected_price_currency=usd&expected_price=51&marker=741311
42,53,USD,ORD,BRL,"Burlington, United States",US,2026-10-15,0,https://www.aviasales.com/search/ORD1510BRL1?marker=741311
43,54,USD,DCA,BOS,"Boston, United States",US,2026-12-08,0,https://www.aviasales.com/search/DCA0812BOS1?marker=741311
44,57,USD,PHL,YTO,"Toronto, Canada",CA,2026-09-30,1,https://www.aviasales.com/search/PHL3009YTO1?marker=741311
45,58,USD,TPA,RIC,"Richmond, United States",US,2026-11-17,0,https://www.aviasales.com/search/TPA1711RIC1?marker=741311
46,58,USD,MIA,SJU,"San Juan, Puerto Rico",PR,2026-10-22,0,https://www.aviasales.com/search/MIA2210SJU1?marker=741311
47,58,USD,LAX,RNO,"Reno, United States",US,2027-01-12,0,https://www.aviasales.com/search/LAX1201RNO1?marker=741311
48,59,USD,IAD,TYS,"Knoxville, United States",US,2026-10-04,0,https://www.aviasales.com/search/IAD0410TYS1?marker=741311
49,62,USD,LAS,LGB,"Long Beach, United States",US,2026-10-29,0,https://www.aviasales.com/search/LAS2910LGB1?marker=741311
50,62,USD,FLL,MEM,"Memphis, United States",US,2026-10-01,0,https://www.aviasales.com/search/FLL0110MEM1?marker=741311
51,64,USD,FLL,TLH,"Tallahassee, United States",US,2026-10-06,0,https://www.aviasales.com/search/FLL0610TLH1?marker=741311
52,65,USD,MIA,NAS,"Nassau, Bahamas",BS,2027-02-21,0,https://www.aviasales.com/search/MIA2102NAS1?marker=741311
53,65,USD,FLL,DSM,"Des Moines, United States",US,2026-10-01,0,https://www.aviasales.com/search/FLL0110DSM1?marker=741311
54,68,USD,PHX,SAC,"Sacramento, United States",US,2026-10-27,1,https://www.aviasales.com/search/PHX2710SAC1?marker=741311
55,68,USD,PHX,SOW,"Show Low, United States",US,2026-10-19,0,https://www.aviasales.com/search/PHX1910SOW1?marker=741311
56,69,USD,LAX,STS,"Santa Rosa, United States",US,2027-02-01,0,https://www.aviasales.com/search/LAX0102STS1?marker=741311
57,73,USD,IAD,PIT,"Pittsburgh, United States",US,2026-09-29,1,https://www.aviasales.com/search/IAD2909PIT1?marker=741311
58,73,USD,DFW,AUS,"Austin, United States",US,2026-10-14,0,https://www.aviasales.com/search/DFW1410AUS1?marker=741311
59,73,USD,BOS,LEB,"Lebanon, United States",US,2026-09-29,0,https://www.aviasales.com/search/BOS2909LEB1?marker=741311
60,73,USD,IAH,QRO,"Queretaro, Mexico",MX,2026-10-07,0,https://www.aviasales.com/search/IAH0710QRO1?marker=741311
61,73,USD,PHX,GTF,"Great Falls, United States",US,2026-10-01,0,https://www.aviasales.com/search/PHX0110GTF1?marker=741311
62,75,USD,TPA,CVG,"Cincinnati, United States",US,2026-10-03,0,https://www.aviasales.com/search/TPA0310CVG1?marker=741311
63,76,USD,LAX,YVR,"Vancouver, Canada",CA,2026-10-07,0,https://www.aviasales.com/search/LAX0710YVR1?marker=741311
64,77,USD,MCO,ABE,"Allentown, United States",US,2026-10-02,0,https://www.aviasales.com/search/MCO0210ABE1?marker=741311
65,78,USD,FLL,MKC,"Kansas City, United States",US,2026-10-02,0,https://www.aviasales.com/search/FLL0210MKC1?marker=741311
66,80,USD,FLL,SAV,"Savannah, United States",US,2026-10-01,0,https://www.aviasales.com/search/FLL0110SAV1?marker=741311
67,80,USD,SFO,PAE,"Everett, United States",US,2026-12-15,0,https://www.aviasales.com/search/SFO1512PAE1?marker=741311
68,81,USD,PHX,RAP,"Rapid City, United States",US,2026-09-30,0,https://www.aviasales.com/search/PHX3009RAP1?marker=741311
69,84,USD,TPA,BUF,"Buffalo, United States",US,2026-12-01,1,https://www.aviasales.com/search/TPA0112BUF1?marker=741311
70,85,USD,ATL,PNS,"Pensacola, United States",US,2026-10-20,1,https://www.aviasales.com/search/ATL2010PNS1?marker=741311
71,86,USD,BOS,RUT,"Rutland, United States",US,2026-10-05,0,https://www.aviasales.com/search/BOS0510RUT1?marker=741311
72,86,USD,MCO,BQN,"Aguadilla, Puerto Rico",PR,2026-10-13,0,https://www.aviasales.com/search/MCO1310BQN1?marker=741311
73,87,USD,MCO,GSO,"Greensboro, United States",US,2026-10-02,0,https://www.aviasales.com/search/MCO0210GSO1?marker=741311
74,88,USD,FLL,PBG,"Plattsburgh, United States",US,2026-10-01,0,https://www.aviasales.com/search/FLL0110PBG1?marker=741311
75,89,USD,ATL,PVR,"Puerto Vallarta, Mexico",MX,2026-10-04,1,https://www.aviasales.com/search/ATL0410PVR1?marker=741311
76,89,USD,PHX,FAR,"Fargo, United States",US,2026-09-30,0,https://www.aviasales.com/search/PHX3009FAR1?marker=741311
77,90,USD,FLL,SYR,"Syracuse, United States",US,2026-10-08,0,https://www.aviasales.com/search/FLL0810SYR1?marker=741311
78,90,USD,ATL,TUL,"Tulsa, United States",US,2026-10-29,1,https://www.aviasales.com/search/ATL2910TUL1?marker=741311
79,92,USD,LAX,PDX,"Portland, United States",US,2026-10-26,1,https://www.aviasales.com/search/LAX2610PDX1?marker=741311
80,92,USD,SEA,YYC,"Calgary, Canada",CA,2026-10-07,1,https://www.aviasales.com/search/SEA0710YYC1?marker=741311
81,93,USD,IAH,MEX,"Mexico City, Mexico",MX,2026-10-12,0,https://www.aviasales.com/search/IAH1210MEX1?marker=741311
82,93,USD,TPA,IAG,"Niagara Falls, United States",US,2026-10-01,0,https://www.aviasales.com/search/TPA0110IAG1?marker=741311
83,94,USD,AUS,MTY,"Monterrey, Mexico",MX,2026-09-30,0,https://www.aviasales.com/search/AUS3009MTY1?marker=741311
84,94,USD,LAX,IPL,"Imperial, United States",US,2026-09-30,0,https://www.aviasales.com/search/LAX3009IPL1?marker=741311
85,96,USD,MCO,ORF,"Norfolk, United States",US,2026-10-02,0,https://www.aviasales.com/search/MCO0210ORF1?marker=741311
86,96,USD,ATL,FYV,"Fayetteville, United States",US,2026-10-29,1,https://www.aviasales.com/search/ATL2910FYV1?marker=741311
87,96,USD,PHX,BLI,"Bellingham, United States",US,2026-10-01,0,https://www.aviasales.com/search/PHX0110BLI1?marker=741311
88,98,USD,CLT,BKW,"Beckley, United States",US,2026-09-28,0,https://www.aviasales.com/search/CLT2809BKW1?marker=741311
89,98,USD,PDX,PDT,"Pendleton, United States",US,2026-10-05,0,https://www.aviasales.com/search/PDX0510PDT1?marker=741311
90,99,USD,TPA,GRR,"Grand Rapids, United States",US,2026-10-01,0,https://www.aviasales.com/search/TPA0110GRR1?marker=741311
91,99,USD,ORD,OMA,"Omaha, United States",US,2026-11-07,1,https://www.aviasales.com/search/ORD0711OMA1?marker=741311
92,99,USD,ORD,YGK,"Kingston, Canada",CA,2026-10-23,1,https://www.aviasales.com/search/ORD2310YGK1?marker=741311
93,100,USD,DFW,HOT,"Hot Springs, United States",US,2026-10-01,0,https://www.aviasales.com/search/DFW0110HOT1?marker=741311
94,100,USD,JFK,SXM,"Sint Maarten, Sint Maarten",SX,2026-12-15,1,https://www.aviasales.com/search/JFK1512SXM1?marker=741311
95,101,USD,RDU,CHS,"Charleston, United States",US,2026-10-20,1,https://www.aviasales.com/search/RDU2010CHS1?marker=741311
96,101,USD,LAX,ACV,"Arcata, United States",US,2026-10-01,0,https://www.aviasales.com/search/LAX0110ACV1?marker=741311
97,102,USD,TPA,GSP,"Greenville, United States",US,2026-10-04,0,https://www.aviasales.com/search/TPA0410GSP1?marker=741311
98,103,USD,ATL,BHM,"Birmingham, United States",US,2026-11-12,1,https://www.aviasales.com/search/ATL1211BHM1?marker=741311
99,103,USD,MIA,SDQ,"Santo Domingo, Dominican Republic",DO,2026-11-05,0,https://www.aviasales.com/search/MIA0511SDQ1?marker=741311
100,104,USD,BOS,YOW,"Ottawa, Canada",CA,2026-09-30,1,https://www.aviasales.com/search/BOS3009YOW1?marker=741311
101,104,USD,FLL,PGD,"Punta Gorda, United States",US,2026-10-01,1,https://www.aviasales.com/search/FLL0110PGD1?marker=741311
102,104,USD,LAX,MCE,"Merced, United States",US,2026-10-01,0,https://www.aviasales.com/search/LAX0110MCE1?marker=741311
103,105,USD,MCO,PVD,"Providence, United States",US,2026-10-10,0,https://www.aviasales.com/search/MCO1010PVD1?marker=741311
104,105,USD,FLL,ALB,"Albany, United States",US,2026-10-01,0,https://www.aviasales.com/search/FLL0110ALB1?marker=741311
105,105,USD,DEN,CDR,"Chadron, United States",US,2026-10-04,0,https://www.aviasales.com/search/DEN0410CDR1?marker=741311
106,105,USD,MCO,PSE,"Ponce, Puerto Rico",PR,2026-10-23,0,https://www.aviasales.com/search/MCO2310PSE1?marker=741311
107,106,USD,TPA,SDF,"Louisville, United States",US,2026-10-24,1,https://www.aviasales.com/search/TPA2410SDF1?marker=741311
108,106,USD,FLL,HPN,"Westchester County, United States",US,2026-10-02,1,https://www.aviasales.com/search/FLL0210HPN1?marker=741311
109,107,USD,PHX,BIS,"Bismarck, United States",US,2026-09-30,0,https://www.aviasales.com/search/PHX3009BIS1?marker=741311
110,109,USD,FLL,YMQ,"Montreal, Canada",CA,2027-03-13,0,https://www.aviasales.com/search/FLL1303YMQ1?marker=741311
111,109,USD,PHL,FMY,"Fort Myers, United States",US,2026-11-13,0,https://www.aviasales.com/search/PHL1311FMY1?marker=741311
112,111,USD,DEN,AMA,"Amarillo, United States",US,2026-09-25,0,https://www.aviasales.com/search/DEN2509AMA1?marker=741311
113,112,USD,ATL,HVN,"New Haven, United States",US,2026-11-11,0,https://www.aviasales.com/search/ATL1111HVN1?marker=741311
114,113,USD,DEN,SAT,"San Antonio, United States",US,2026-12-24,0,https://www.aviasales.com/search/DEN2412SAT1?marker=741311
115,113,USD,LAX,YEA,"Edmonton, Canada",CA,2026-10-13,1,https://www.aviasales.com/search/LAX1310YEA1?marker=741311
116,113,USD,TPA,TOL,"Toledo, United States",US,2026-10-01,0,https://www.aviasales.com/search/TPA0110TOL1?marker=741311
117,113,USD,PHX,GEG,"Spokane, United States",US,2026-10-26,0,https://www.aviasales.com/search/PHX2610GEG1?marker=741311
118,113,USD,TPA,FNT,"Flint, United States",US,2026-10-01,0,https://www.aviasales.com/search/TPA0110FNT1?marker=741311
119,113,USD,PHX,GJT,"Grand Junction, United States",US,2026-12-17,1,https://www.aviasales.com/search/PHX1712GJT1?marker=741311
120,114,USD,LAX,HNL,"Honolulu, United States",US,2026-11-15,0,https://www.aviasales.com/search/LAX1511HNL1?marker=741311
121,114,USD,ORD,ICT,"Wichita, United States",US,2026-10-31,0,https://www.aviasales.com/search/ORD3110ICT1?marker=741311
122,115,USD,BOS,SRQ,"Sarasota, United States",US,2027-01-08,0,https://www.aviasales.com/search/BOS0801SRQ1?marker=741311
123,118,USD,ORD,DAY,"Dayton, United States",US,2026-09-30,0,https://www.aviasales.com/search/ORD3009DAY1?marker=741311
124,118,USD,LAX,TUS,"Tucson, United States",US,2026-11-20,0,https://www.aviasales.com/search/LAX2011TUS1?marker=741311
125,119,USD,ATL,MYR,"Myrtle Beach, United States",US,2026-12-12,1,https://www.aviasales.com/search/ATL1212MYR1?marker=741311
126,119,USD,IAH,VER,"Veracruz, Mexico",MX,2026-11-03,1,https://www.aviasales.com/search/IAH0311VER1?marker=741311
127,120,USD,ORD,MKG,"Muskegon, United States",US,2026-10-02,0,https://www.aviasales.com/search/ORD0210MKG1?marker=741311
128,121,USD,TPA,BDL,"Hartford, United States",US,2026-10-07,1,https://www.aviasales.com/search/TPA0710BDL1?marker=741311
129,121,USD,JFK,CUN,"Cancun, Mexico",MX,2026-12-21,0,https://www.aviasales.com/search/JFK2112CUN1?marker=741311
130,121,USD,IAH,BJX,"Leon/Guanajuato, Mexico",MX,2026-09-25,0,https://www.aviasales.com/search/IAH2509BJX1?marker=741311
131,122,USD,BOS,BGI,"Bridgetown, Barbados",BB,2026-11-18,1,https://www.aviasales.com/search/BOS1811BGI1?marker=741311
132,122,USD,FLL,FPO,"Freeport, Bahamas",BS,2026-10-25,0,https://www.aviasales.com/search/FLL2510FPO1?marker=741311
133,123,USD,LAX,GFK,"Grand Forks, United States",US,2026-11-11,1,https://www.aviasales.com/search/LAX1111GFK1?marker=741311
134,128,USD,LAX,GUA,"Guatemala City, Guatemala",GT,2027-01-31,0,https://www.aviasales.com/search/LAX3101GUA1?marker=741311
135,131,USD,IAH,ABQ,"Albuquerque, United States",US,2026-10-10,0,https://www.aviasales.com/search/IAH1010ABQ1?marker=741311
136,132,USD,PHL,BGR,"Bangor, United States",US,2026-10-02,1,https://www.aviasales.com/search/PHL0210BGR1?marker=741311
137,132,USD,ORD,ACA,"Acapulco, Mexico",MX,2026-12-05,1,https://www.aviasales.com/search/ORD0512ACA1?marker=741311
138,133,USD,MIA,CLO,"Cali, Colombia",CO,2026-10-22,1,https://www.aviasales.com/search/MIA2210CLO1?marker=741311
139,133,USD,MIA,PUJ,"Punta Cana, Dominican Republic",DO,2026-10-30,0,https://www.aviasales.com/search/MIA3010PUJ1?marker=741311
140,133,USD,MCO,PWM,"Portland, United States",US,2027-02-26,1,https://www.aviasales.com/search/MCO2602PWM1?marker=741311
141,133,USD,PHX,COS,"Colorado Springs, United States",US,2026-10-20,0,https://www.aviasales.com/search/PHX2010COS1?marker=741311
142,133,USD,PHL,VRB,"Vero Beach, United States",US,2026-09-30,0,https://www.aviasales.com/search/PHL3009VRB1?marker=741311
143,134,USD,MCO,ISP,"Islip, United States",US,2026-10-15,0,https://www.aviasales.com/search/MCO1510ISP1?marker=741311
144,134,USD,DEN,BFF,"Scottsbluff, United States",US,2026-10-05,0,https://www.aviasales.com/search/DEN0510BFF1?marker=741311
145,134,USD,LAS,PGA,"Page, United States",US,2026-10-02,0,https://www.aviasales.com/search/LAS0210PGA1?marker=741311
146,135,USD,PHX,GRI,"Grand Island, United States",US,2026-10-01,0,https://www.aviasales.com/search/PHX0110GRI1?marker=741311
147,136,USD,DEN,CNM,"Carlsbad, United States",US,2026-10-05,0,https://www.aviasales.com/search/DEN0510CNM1?marker=741311
148,137,USD,DCA,STT,"Saint Thomas, U.S. Virgin Islands",VI,2027-03-17,1,https://www.aviasales.com/search/DCA1703STT1?marker=741311
149,138,USD,MIA,LIM,"Lima, Peru",PE,2027-01-19,1,https://www.aviasales.com/search/MIA1901LIM1?marker=741311
150,138,USD,FLL,LEX,"Lexington, United States",US,2026-10-01,0,https://www.aviasales.com/search/FLL0110LEX1?marker=741311
151,138,USD,SEA,YWG,"Winnipeg, Canada",CA,2026-10-19,2,https://www.aviasales.com/search/SEA1910YWG1?marker=741311
152,139,USD,SEA,ANC,"Anchorage, United States",US,2026-10-02,0,https://www.aviasales.com/search/SEA0210ANC1?marker=741311
153,142,USD,DEN,ALS,"Alamosa, United States",US,2026-10-05,0,https://www.aviasales.com/search/DEN0510ALS1?marker=741311
154,143,USD,JFK,STI,"Santiago, Dominican Republic",DO,2026-11-25,1,https://www.aviasales.com/search/JFK2511STI1?marker=741311
155,143,USD,ORD,LAF,"Lafayette, United States",US,2026-10-01,0,https://www.aviasales.com/search/ORD0110LAF1?marker=741311
156,143,USD,TPA,GPT,"Gulfport, United States",US,2026-10-01,2,https://www.aviasales.com/search/TPA0110GPT1?marker=741311
157,143,USD,DEN,ELP,"El Paso, United States",US,2026-10-09,1,https://www.aviasales.com/search/DEN0910ELP1?marker=741311
158,144,USD,JFK,LON,"London, United Kingdom",GB,2026-10-20,0,https://www.aviasales.com/search/JFK2010LON1?marker=741311
159,144,USD,LAX,LIH,"Kauai Island, United States",US,2026-10-01,0,https://www.aviasales.com/search/LAX0110LIH1?marker=741311
160,144,USD,DFW,SLP,"San Luis Potosi, Mexico",MX,2026-10-15,2,https://www.aviasales.com/search/DFW1510SLP1?marker=741311
161,144,USD,BNA,LIT,"Little Rock, United States",US,2026-10-15,1,https://www.aviasales.com/search/BNA1510LIT1?marker=741311
162,144,USD,PHX,BOI,"Boise, United States",US,2026-10-02,0,https://www.aviasales.com/search/PHX0210BOI1?marker=741311
163,144,USD,LAS,DGO,"Durango, Mexico",MX,2026-09-29,1,https://www.aviasales.com/search/LAS2909DGO1?marker=741311
164,145,USD,BOS,CRW,"Charleston, United States",US,2026-10-14,1,https://www.aviasales.com/search/BOS1410CRW1?marker=741311
165,146,USD,ATL,LRD,"Laredo, United States",US,2026-12-21,2,https://www.aviasales.com/search/ATL2112LRD1?marker=741311
166,146,USD,DEN,LIR,"Liberia, Costa Rica",CR,2027-02-01,1,https://www.aviasales.com/search/DEN0102LIR1?marker=741311
167,146,USD,MIA,HAV,"Havana, Cuba",CU,2026-11-14,1,https://www.aviasales.com/search/MIA1411HAV1?marker=741311
168,147,USD,IAD,YQR,"Regina, Canada",CA,2026-10-22,1,https://www.aviasales.com/search/IAD2210YQR1?marker=741311
169,147,USD,MIA,SAL,"San Salvador, El Salvador",SV,2026-10-24,1,https://www.aviasales.com/search/MIA2410SAL1?marker=741311
170,147,USD,MCO,BOG,"Bogota, Colombia",CO,2027-03-10,0,https://www.aviasales.com/search/MCO1003BOG1?marker=741311
171,147,USD,DFW,MKE,"Milwaukee, United States",US,2026-10-07,1,https://www.aviasales.com/search/DFW0710MKE1?marker=741311
172,147,USD,LAX,SJD,"San Jose Del Cabo, Mexico",MX,2026-10-03,1,https://www.aviasales.com/search/LAX0310SJD1?marker=741311
173,148,USD,FLL,MBJ,"Montego Bay, Jamaica",JM,2026-10-30,1,https://www.aviasales.com/search/FLL3010MBJ1?marker=741311
174,148,USD,TPA,AVL,"Asheville, United States",US,2026-10-01,0,https://www.aviasales.com/search/TPA0110AVL1?marker=741311
175,148,USD,JFK,GYE,"Guayaquil, Ecuador",EC,2026-10-28,1,https://www.aviasales.com/search/JFK2810GYE1?marker=741311
176,149,USD,JFK,SJO,"San Jose, Costa Rica",CR,2027-02-05,1,https://www.aviasales.com/search/JFK0502SJO1?marker=741311
177,150,USD,JFK,PBI,"West Palm Beach, United States",US,2026-10-09,1,https://www.aviasales.com/search/JFK0910PBI1?marker=741311
178,150,USD,SEA,PUW,"Pullman, United States",US,2027-02-20,0,https://www.aviasales.com/search/SEA2002PUW1?marker=741311
179,151,USD,DEN,MDE,"Medellin, Colombia",CO,2026-09-26,1,https://www.aviasales.com/search/DEN2609MDE1?marker=741311
180,151,USD,PHL,CYS,"Cheyenne, United States",US,2026-10-26,1,https://www.aviasales.com/search/PHL2610CYS1?marker=741311
181,152,USD,DFW,AGU,"Aguascalientes, Mexico",MX,2026-10-31,1,https://www.aviasales.com/search/DFW3110AGU1?marker=741311
182,152,USD,ATL,SGF,"Springfield, United States",US,2026-10-29,1,https://www.aviasales.com/search/ATL2910SGF1?marker=741311
183,153,USD,JFK,ATH,"Athens, Greece",GR,2026-10-16,0,https://www.aviasales.com/search/JFK1610ATH1?marker=741311
184,154,USD,IAD,MOB,"Mobile, United States",US,2026-10-15,0,https://www.aviasales.com/search/IAD1510MOB1?marker=741311
185,154,USD,PHX,ROC,"Rochester, United States",US,2026-11-15,1,https://www.aviasales.com/search/PHX1511ROC1?marker=741311
186,154,USD,PHX,PSC,"Pasco, United States",US,2026-10-01,1,https://www.aviasales.com/search/PHX0110PSC1?marker=741311
187,155,USD,TPA,CAK,"Akron, United States",US,2026-10-01,2,https://www.aviasales.com/search/TPA0110CAK1?marker=741311
188,155,USD,JFK,MLB,"Melbourne, United States",US,2026-10-24,1,https://www.aviasales.com/search/JFK2410MLB1?marker=741311
189,155,USD,PHL,SUX,"Sioux City, United States",US,2026-10-17,1,https://www.aviasales.com/search/PHL1710SUX1?marker=741311
190,155,USD,MSP,IWD,"Ironwood, United States",US,2026-09-30,0,https://www.aviasales.com/search/MSP3009IWD1?marker=741311
191,156,USD,SAN,SBA,"Santa Barbara, United States",US,2026-09-30,0,https://www.aviasales.com/search/SAN3009SBA1?marker=741311
192,156,USD,ORD,FSD,"Sioux Falls, United States",US,2026-10-02,1,https://www.aviasales.com/search/ORD0210FSD1?marker=741311
193,156,USD,ORD,MLM,"Morelia, Mexico",MX,2026-11-04,0,https://www.aviasales.com/search/ORD0411MLM1?marker=741311
194,156,USD,LAS,TAM,"Tampico, Mexico",MX,2026-10-03,1,https://www.aviasales.com/search/LAS0310TAM1?marker=741311
195,157,USD,MIA,CTG,"Cartagena, Colombia",CO,2026-11-17,1,https://www.aviasales.com/search/MIA1711CTG1?marker=741311
196,158,USD,JFK,AUA,"Oranjestad, Aruba",AW,2027-02-20,0,https://www.aviasales.com/search/JFK2002AUA1?marker=741311
197,162,USD,IAD,SCE,"State College, United States",US,2026-10-09,0,https://www.aviasales.com/search/IAD0910SCE1?marker=741311
198,163,USD,JFK,ROM,"Rome, Italy",IT,2026-10-12,0,https://www.aviasales.com/search/JFK1210ROM1?marker=741311
199,163,USD,DEN,OKC,"Oklahoma City, United States",US,2026-09-30,0,https://www.aviasales.com/search/DEN3009OKC1?marker=741311
200,164,USD,DEN,CEZ,"Cortez, United States",US,2026-09-29,0,https://www.aviasales.com/search/DEN2909CEZ1?marker=741311
201,164,USD,PHX,HRL,"Harlingen, United States",US,2026-10-01,1,https://www.aviasales.com/search/PHX0110HRL1?marker=741311
202,164,USD,SEA,JNU,"Juneau, United States",US,2026-11-12,0,https://www.aviasales.com/search/SEA1211JNU1?marker=741311
203,164,USD,PHX,TIJ,"Tijuana, Mexico",MX,2026-10-01,1,https://www.aviasales.com/search/PHX0110TIJ1?marker=741311
204,165,USD,ORD,BIL,"Billings, United States",US,2026-10-01,0,https://www.aviasales.com/search/ORD0110BIL1?marker=741311
205,165,USD,PHX,CUL,"Culiacan, Mexico",MX,2026-10-01,0,https://www.aviasales.com/search/PHX0110CUL1?marker=741311
206,167,USD,IAD,GCM,"Georgetown, Cayman Islands",KY,2026-09-26,2,https://www.aviasales.com/search/IAD2609GCM1?marker=741311
207,167,USD,LAX,EUG,"Eugene, United States",US,2026-09-26,1,https://www.aviasales.com/search/LAX2609EUG1?marker=741311
208,168,USD,PHX,BZN,"Bozeman, United States",US,2026-10-02,0,https://www.aviasales.com/search/PHX0210BZN1?marker=741311
209,169,USD,TPA,ELD,"El Dorado, United States",US,2026-11-19,2,https://www.aviasales.com/search/TPA1911ELD1?marker=741311
210,170,USD,JFK,GEO,"Georgetown, Guyana",GY,2027-02-25,0,https://www.aviasales.com/search/JFK2502GEO1?marker=741311
211,172,USD,SEA,KOA,"Kailua-Kona, United States",US,2026-09-25,1,https://www.aviasales.com/search/SEA2509KOA1?marker=741311
212,172,USD,LAX,PVU,"Provo, United States",US,2026-10-03,0,https://www.aviasales.com/search/LAX0310PVU1?marker=741311
213,173,USD,BOS,BHB,"Bar Harbor, United States",US,2026-10-02,0,https://www.aviasales.com/search/BOS0210BHB1?marker=741311
214,173,USD,FLL,TRI,"Blountville, United States",US,2026-10-01,1,https://www.aviasales.com/search/FLL0110TRI1?marker=741311
215,173,USD,SEA,YKM,"Yakima, United States",US,2026-10-20,0,https://www.aviasales.com/search/SEA2010YKM1?marker=741311
216,174,USD,BOS,OAX,"Oaxaca, Mexico",MX,2026-10-24,3,https://www.aviasales.com/search/BOS2410OAX1?marker=741311
217,174,USD,MCO,MAF,"Midland, United States",US,2026-11-23,1,https://www.aviasales.com/search/MCO2311MAF1?marker=741311
218,175,USD,LAS,MRY,"Monterey, United States",US,2026-10-05,0,https://www.aviasales.com/search/LAS0510MRY1?marker=741311
219,176,USD,MCO,CPH,"Copenhagen, Denmark",DK,2026-10-07,2,https://www.aviasales.com/search/MCO0710CPH1?marker=741311
220,176,USD,LAX,LAP,"La Paz, Mexico",MX,2026-10-03,1,https://www.aviasales.com/search/LAX0310LAP1?marker=741311
221,178,USD,BOS,MFR,"Medford, United States",US,2026-09-26,1,https://www.aviasales.com/search/BOS2609MFR1?marker=741311
222,178,USD,LAX,FCA,"Kalispell, United States",US,2026-10-07,1,https://www.aviasales.com/search/LAX0710FCA1?marker=741311
223,179,USD,LAX,OGG,"Kahului, United States",US,2026-09-30,0,https://www.aviasales.com/search/LAX3009OGG1?marker=741311
224,179,USD,MIA,ZCL,"Zacatecas, Mexico",MX,2026-11-06,2,https://www.aviasales.com/search/MIA0611ZCL1?marker=741311
225,180,USD,DFW,CZM,"Cozumel, Mexico",MX,2026-11-14,1,https://www.aviasales.com/search/DFW1411CZM1?marker=741311
226,181,USD,DEN,AZO,"Kalamazoo, United States",US,2026-10-14,1,https://www.aviasales.com/search/DEN1410AZO1?marker=741311
227,182,USD,MIA,MID,"Merida, Mexico",MX,2026-10-30,1,https://www.aviasales.com/search/MIA3010MID1?marker=741311
228,182,USD,DEN,LAR,"Laramie, United States",US,2026-10-01,0,https://www.aviasales.com/search/DEN0110LAR1?marker=741311
229,182,USD,TPA,YLW,"Kelowna, Canada",CA,2026-11-23,2,https://www.aviasales.com/search/TPA2311YLW1?marker=741311
230,183,USD,DFW,LAN,"Lansing, United States",US,2026-09-26,1,https://www.aviasales.com/search/DFW2609LAN1?marker=741311
231,183,USD,ORD,ORH,"Worcester, United States",US,2026-09-29,1,https://www.aviasales.com/search/ORD2909ORH1?marker=741311
232,183,USD,JFK,ALC,"Alicante, Spain",ES,2026-10-13,1,https://www.aviasales.com/search/JFK1310ALC1?marker=741311
233,184,USD,DEN,LBF,"North Platte, United States",US,2026-10-03,0,https://www.aviasales.com/search/DEN0310LBF1?marker=741311
234,188,USD,FLL,SAP,"San Pedro Sula, Honduras",HN,2027-01-31,0,https://www.aviasales.com/search/FLL3101SAP1?marker=741311
235,188,USD,ORD,MCW,"Mason City, United States",US,2026-09-29,0,https://www.aviasales.com/search/ORD2909MCW1?marker=741311
236,188,USD,MSP,PSP,"Palm Springs, United States",US,2026-11-25,0,https://www.aviasales.com/search/MSP2511PSP1?marker=741311
237,189,USD,ORD,LCH,"Lake Charles, United States",US,2026-09-29,1,https://www.aviasales.com/search/ORD2909LCH1?marker=741311
238,189,USD,DEN,PRC,"Prescott, United States",US,2026-10-01,0,https://www.aviasales.com/search/DEN0110PRC1?marker=741311
239,191,USD,LAX,VSA,"Villahermosa, Mexico",MX,2026-09-30,1,https://www.aviasales.com/search/LAX3009VSA1?marker=741311
240,192,USD,BOS,YHZ,"Halifax, Canada",CA,2027-03-17,1,https://www.aviasales.com/search/BOS1703YHZ1?marker=741311
241,192,USD,PHX,SPI,"Springfield, United States",US,2026-10-27,2,https://www.aviasales.com/search/PHX2710SPI1?marker=741311
242,194,USD,JFK,SLK,"Saranac Lake, United States",US,2026-10-05,0,https://www.aviasales.com/search/JFK0510SLK1?marker=741311
243,194,USD,SAN,SMX,"Santa Maria, United States",US,2026-09-30,1,https://www.aviasales.com/search/SAN3009SMX1?marker=741311
244,195,USD,JFK,KIN,"Kingston, Jamaica",JM,2027-02-15,2,https://www.aviasales.com/search/JFK1502KIN1?marker=741311
245,195,USD,MIA,EIS,"Beef Island, British Virgin Islands",VG,2026-10-22,1,https://www.aviasales.com/search/MIA2210EIS1?marker=741311
246,196,USD,DFW,PAH,"Paducah, United States",US,2026-09-30,1,https://www.aviasales.com/search/DFW3009PAH1?marker=741311
247,196,USD,LAX,ECP,"Panama City, United States",US,2026-11-02,1,https://www.aviasales.com/search/LAX0211ECP1?marker=741311
248,196,USD,LAS,PBC,"Puebla, Mexico",MX,2026-12-16,1,https://www.aviasales.com/search/LAS1612PBC1?marker=741311
249,197,USD,ORD,SHV,"Shreveport, United States",US,2026-10-01,1,https://www.aviasales.com/search/ORD0110SHV1?marker=741311
250,197,USD,PHX,CEN,"Ciudad Obregon, Mexico",MX,2026-10-01,1,https://www.aviasales.com/search/PHX0110CEN1?marker=741311
251,198,USD,PHL,ILM,"Wilmington, United States",US,2026-09-30,1,https://www.aviasales.com/search/PHL3009ILM1?marker=741311
252,198,USD,BNA,ART,"Watertown, United States",US,2026-09-30,2,https://www.aviasales.com/search/BNA3009ART1?marker=741311
253,198,USD,SEA,MSO,"Missoula, United States",US,2026-10-02,0,https://www.aviasales.com/search/SEA0210MSO1?marker=741311
254,199,USD,PHL,EVV,"Evansville, United States",US,2026-09-30,1,https://www.aviasales.com/search/PHL3009EVV1?marker=741311
255,200,USD,ORD,FWA,"Fort Wayne, United States",US,2026-10-01,0,https://www.aviasales.com/search/ORD0110FWA1?marker=741311
256,200,USD,PHX,TWF,"Twin Falls, United States",US,2026-10-01,2,https://www.aviasales.com/search/PHX0110TWF1?marker=741311
257,201,USD,JFK,NCE,"Nice, France",FR,2026-10-18,1,https://www.aviasales.com/search/JFK1810NCE1?marker=741311
258,201,USD,ATL,GNV,"Gainesville, United States",US,2026-10-22,1,https://www.aviasales.com/search/ATL2210GNV1?marker=741311
259,201,USD,IAH,TGZ,"Tuxtla Gutierrez, Mexico",MX,2026-10-04,1,https://www.aviasales.com/search/IAH0410TGZ1?marker=741311
260,202,USD,JFK,PAR,"Paris, France",FR,2026-10-12,1,https://www.aviasales.com/search/JFK1210PAR1?marker=741311
261,202,USD,IAH,BRO,"Brownsville, United States",US,2026-10-02,0,https://www.aviasales.com/search/IAH0210BRO1?marker=741311
262,202,USD,ORD,CID,"Cedar Rapids, United States",US,2026-10-03,0,https://www.aviasales.com/search/ORD0310CID1?marker=741311
263,202,USD,ORD,DLH,"Duluth, United States",US,2026-10-02,0,https://www.aviasales.com/search/ORD0210DLH1?marker=741311
264,202,USD,RDU,SBY,"Salisbury-Ocean City, United States",US,2026-09-28,1,https://www.aviasales.com/search/RDU2809SBY1?marker=741311
265,203,USD,ORD,TVC,"Traverse City, United States",US,2026-10-04,0,https://www.aviasales.com/search/ORD0410TVC1?marker=741311
266,204,USD,ORD,HAR,"Harrisburg, United States",US,2026-10-01,0,https://www.aviasales.com/search/ORD0110HAR1?marker=741311
267,204,USD,PHL,BDA,"Bermuda, Bermuda",BM,2026-11-21,1,https://www.aviasales.com/search/PHL2111BDA1?marker=741311
268,204,USD,SFO,RDM,"Redmond, United States",US,2026-10-01,0,https://www.aviasales.com/search/SFO0110RDM1?marker=741311
269,205,USD,JFK,PLS,"Providenciales, Turks and Caicos Islands",TC,2026-10-13,0,https://www.aviasales.com/search/JFK1310PLS1?marker=741311
270,205,USD,FLL,CHO,"Charlottesville, United States",US,2026-10-17,1,https://www.aviasales.com/search/FLL1710CHO1?marker=741311
271,205,USD,JFK,POS,"Port Of Spain, Trinidad and Tobago",TT,2026-10-12,0,https://www.aviasales.com/search/JFK1210POS1?marker=741311
272,206,USD,IAD,CAE,"Columbia, United States",US,2026-10-05,0,https://www.aviasales.com/search/IAD0510CAE1?marker=741311
273,206,USD,ORD,BTV,"Burlington, United States",US,2026-11-05,1,https://www.aviasales.com/search/ORD0511BTV1?marker=741311
274,207,USD,IAD,MED,"Medina, Saudi Arabia",SA,2026-10-08,1,https://www.aviasales.com/search/IAD0810MED1?marker=741311
275,207,USD,LAX,ITO,"Hilo, United States",US,2026-10-18,1,https://www.aviasales.com/search/LAX1810ITO1?marker=741311
276,207,USD,DEN,JAC,"Jackson, United States",US,2026-10-01,0,https://www.aviasales.com/search/DEN0110JAC1?marker=741311
277,207,USD,ORD,LYH,"Lynchburg, United States",US,2026-10-01,0,https://www.aviasales.com/search/ORD0110LYH1?marker=741311
278,207,USD,SFO,RDD,"Redding, United States",US,2026-10-01,0,https://www.aviasales.com/search/SFO0110RDD1?marker=741311
279,207,USD,DEN,GCC,"Gillette, United States",US,2026-09-30,0,https://www.aviasales.com/search/DEN3009GCC1?marker=741311
280,207,USD,MCO,BAQ,"Barranquilla, Colombia",CO,2027-01-21,2,https://www.aviasales.com/search/MCO2101BAQ1?marker=741311
281,208,USD,SEA,YYJ,"Victoria, Canada",CA,2026-09-30,2,https://www.aviasales.com/search/SEA3009YYJ1?marker=741311
282,210,USD,JFK,BCN,"Barcelona, Spain",ES,2026-10-21,1,https://www.aviasales.com/search/JFK2110BCN1?marker=741311
283,210,USD,JFK,TIV,"Tivat, Montenegro",ME,2026-10-20,1,https://www.aviasales.com/search/JFK2010TIV1?marker=741311
284,210,USD,SEA,KTN,"Ketchikan, United States",US,2026-10-01,0,https://www.aviasales.com/search/SEA0110KTN1?marker=741311
285,212,USD,JFK,VIE,"Vienna, Austria",AT,2026-10-13,1,https://www.aviasales.com/search/JFK1310VIE1?marker=741311
286,212,USD,SEA,FRA,"Frankfurt, Germany",DE,2026-10-19,1,https://www.aviasales.com/search/SEA1910FRA1?marker=741311
287,212,USD,PHX,YXE,"Saskatoon, Canada",CA,2026-10-01,2,https://www.aviasales.com/search/PHX0110YXE1?marker=741311
288,213,USD,JFK,DUB,"Dublin, Ireland",IE,2026-11-17,1,https://www.aviasales.com/search/JFK1711DUB1?marker=741311
289,213,USD,IAH,LBB,"Lubbock, United States",US,2026-10-01,0,https://www.aviasales.com/search/IAH0110LBB1?marker=741311
290,213,USD,IAH,BTR,"Baton Rouge, United States",US,2026-09-28,0,https://www.aviasales.com/search/IAH2809BTR1?marker=741311
291,213,USD,IAH,JAN,"Jackson, United States",US,2026-09-28,0,https://www.aviasales.com/search/IAH2809JAN1?marker=741311
292,213,USD,IAH,HOB,"Hobbs, United States",US,2026-09-30,0,https://www.aviasales.com/search/IAH3009HOB1?marker=741311
293,214,USD,JFK,TIA,"Tirana, Albania",AL,2026-09-27,1,https://www.aviasales.com/search/JFK2709TIA1?marker=741311
294,214,USD,JFK,MIL,"Milan, Italy",IT,2026-10-11,1,https://www.aviasales.com/search/JFK1110MIL1?marker=741311
295,214,USD,PHX,PIA,"Peoria, United States",US,2026-10-01,0,https://www.aviasales.com/search/PHX0110PIA1?marker=741311
296,214,USD,DEN,CPR,"Casper, United States",US,2026-10-04,0,https://www.aviasales.com/search/DEN0410CPR1?marker=741311
297,214,USD,MIA,TQO,"Tulum, Mexico",MX,2026-10-09,2,https://www.aviasales.com/search/MIA0910TQO1?marker=741311
298,216,USD,MCO,DBV,"Dubrovnik, Croatia",HR,2026-10-09,1,https://www.aviasales.com/search/MCO0910DBV1?marker=741311
299,217,USD,MCO,GVA,"Geneva, Switzerland",CH,2026-10-15,1,https://www.aviasales.com/search/MCO1510GVA1?marker=741311
300,217,USD,IAH,CRP,"Corpus Christi, United States",US,2026-10-04,0,https://www.aviasales.com/search/IAH0410CRP1?marker=741311
301,218,USD,JFK,DLM,"Dalaman, Turkiye",TR,2026-10-20,1,https://www.aviasales.com/search/JFK2010DLM1?marker=741311
302,220,USD,LAX,MNL,"Manila, Philippines",PH,2027-03-04,1,https://www.aviasales.com/search/LAX0403MNL1?marker=741311
303,220,USD,JFK,UIO,"Quito, Ecuador",EC,2026-11-05,1,https://www.aviasales.com/search/JFK0511UIO1?marker=741311
304,221,USD,JFK,BUH,"Bucharest, Romania",RO,2026-10-19,1,https://www.aviasales.com/search/JFK1910BUH1?marker=741311
305,221,USD,PDX,YKF,"Kitchener, Canada",CA,2026-10-01,3,https://www.aviasales.com/search/PDX0110YKF1?marker=741311
306,221,USD,AUS,YUM,"Yuma, United States",US,2026-10-20,1,https://www.aviasales.com/search/AUS2010YUM1?marker=741311
307,222,USD,JFK,SNU,"Santa Clara, Cuba",CU,2026-10-17,2,https://www.aviasales.com/search/JFK1710SNU1?marker=741311
308,223,USD,JFK,RAK,"Marrakech, Morocco",MA,2026-10-12,1,https://www.aviasales.com/search/JFK1210RAK1?marker=741311
309,224,USD,ORD,MAN,"Manchester, United Kingdom",GB,2026-11-04,1,https://www.aviasales.com/search/ORD0411MAN1?marker=741311
310,225,USD,JFK,LIS,"Lisbon, Portugal",PT,2026-10-18,1,https://www.aviasales.com/search/JFK1810LIS1?marker=741311
311,227,USD,ORD,MFE,"McAllen, United States",US,2026-12-17,1,https://www.aviasales.com/search/ORD1712MFE1?marker=741311
312,227,USD,JFK,REU,"Reus, Spain",ES,2026-10-20,1,https://www.aviasales.com/search/JFK2010REU1?marker=741311
313,228,USD,JFK,FLR,"Florence, Italy",IT,2026-10-21,2,https://www.aviasales.com/search/JFK2110FLR1?marker=741311
314,228,USD,MCO,WAW,"Warsaw, Poland",PL,2026-10-07,2,https://www.aviasales.com/search/MCO0710WAW1?marker=741311
315,228,USD,MCO,FAI,"Fairbanks, United States",US,2026-09-30,2,https://www.aviasales.com/search/MCO3009FAI1?marker=741311
316,228,USD,PHX,HMO,"Hermosillo, Mexico",MX,2026-10-01,1,https://www.aviasales.com/search/PHX0110HMO1?marker=741311
317,228,USD,PHX,TRC,"Torreon, Mexico",MX,2026-10-01,1,https://www.aviasales.com/search/PHX0110TRC1?marker=741311
318,230,USD,IAD,BER,"Berlin, Germany",DE,2027-01-28,1,https://www.aviasales.com/search/IAD2801BER1?marker=741311
319,231,USD,PHL,PXM,"Puerto Escondido, Mexico",MX,2026-09-28,1,https://www.aviasales.com/search/PHL2809PXM1?marker=741311
320,232,USD,JFK,VCE,"Venice, Italy",IT,2026-10-18,1,https://www.aviasales.com/search/JFK1810VCE1?marker=741311
321,232,USD,SLC,CNY,"Moab, United States",US,2026-10-29,1,https://www.aviasales.com/search/SLC2910CNY1?marker=741311
322,233,USD,MIA,PTY,"Panama City, Panama",PA,2026-12-27,0,https://www.aviasales.com/search/MIA2712PTY1?marker=741311
323,235,USD,JFK,CAI,"Cairo, Egypt",EG,2026-11-10,1,https://www.aviasales.com/search/JFK1011CAI1?marker=741311
324,235,USD,SFO,SGN,"Ho Chi Minh City, Vietnam",VN,2026-10-19,1,https://www.aviasales.com/search/SFO1910SGN1?marker=741311
325,235,USD,JFK,CWB,"Curitiba, Brazil",BR,2026-11-05,1,https://www.aviasales.com/search/JFK0511CWB1?marker=741311
326,236,USD,MCO,ATW,"Appleton, United States",US,2026-12-18,1,https://www.aviasales.com/search/MCO1812ATW1?marker=741311
327,236,USD,LAX,LTO,"Loreto, Mexico",MX,2026-10-31,2,https://www.aviasales.com/search/LAX3110LTO1?marker=741311
328,237,USD,JFK,PRG,"Prague, Czech Republic",CZ,2026-10-23,1,https://www.aviasales.com/search/JFK2310PRG1?marker=741311
329,238,USD,JFK,BEG,"Belgrade, Serbia",RS,2026-10-12,1,https://www.aviasales.com/search/JFK1210BEG1?marker=741311
330,238,USD,JFK,HRG,"Hurghada, Egypt",EG,2026-10-05,1,https://www.aviasales.com/search/JFK0510HRG1?marker=741311
331,238,USD,JFK,JTR,"Thira, Greece",GR,2026-10-04,1,https://www.aviasales.com/search/JFK0410JTR1?marker=741311
332,239,USD,IAD,YYT,"St. John's, Canada",CA,2026-10-04,1,https://www.aviasales.com/search/IAD0410YYT1?marker=741311
333,239,USD,MIA,BUE,"Buenos Aires, Argentina",AR,2026-11-27,1,https://www.aviasales.com/search/MIA2711BUE1?marker=741311
334,239,USD,PHX,BJS,"Beijing, China",CN,2026-09-30,1,https://www.aviasales.com/search/PHX3009BJS1?marker=741311
335,240,USD,JFK,EVN,"Yerevan, Armenia",AM,2026-10-03,1,https://www.aviasales.com/search/JFK0310EVN1?marker=741311
336,240,USD,ORD,SGU,"Saint George, United States",US,2026-10-07,1,https://www.aviasales.com/search/ORD0710SGU1?marker=741311
337,240,USD,MSP,TUP,"Tupelo, United States",US,2026-09-30,1,https://www.aviasales.com/search/MSP3009TUP1?marker=741311
338,241,USD,DTW,MAD,"Madrid, Spain",ES,2027-01-11,1,https://www.aviasales.com/search/DTW1101MAD1?marker=741311
339,241,USD,JFK,JED,"Jeddah, Saudi Arabia",SA,2026-11-10,1,https://www.aviasales.com/search/JFK1011JED1?marker=741311
340,241,USD,JFK,BLQ,"Bologna, Italy",IT,2026-09-27,2,https://www.aviasales.com/search/JFK2709BLQ1?marker=741311
341,242,USD,JFK,RMO,"Chisinau, Moldova",MD,2026-09-27,1,https://www.aviasales.com/search/JFK2709RMO1?marker=741311
342,242,USD,ORD,ASE,"Aspen, United States",US,2026-09-28,0,https://www.aviasales.com/search/ORD2809ASE1?marker=741311
343,244,USD,MIA,SAO,"Sao Paulo, Brazil",BR,2026-11-16,1,https://www.aviasales.com/search/MIA1611SAO1?marker=741311
344,245,USD,LAX,CTM,"Chetumal, Mexico",MX,2026-11-27,2,https://www.aviasales.com/search/LAX2711CTM1?marker=741311
345,246,USD,JFK,VNO,"Vilnius, Lithuania",LT,2026-10-13,2,https://www.aviasales.com/search/JFK1310VNO1?marker=741311
346,246,USD,SFO,HAN,"Hanoi, Vietnam",VN,2026-10-01,1,https://www.aviasales.com/search/SFO0110HAN1?marker=741311
347,246,USD,JFK,RTB,"Roatan, Honduras",HN,2026-11-24,1,https://www.aviasales.com/search/JFK2411RTB1?marker=741311
348,247,USD,AUS,EGE,"Vail, United States",US,2026-10-01,1,https://www.aviasales.com/search/AUS0110EGE1?marker=741311
349,247,USD,JFK,MVY,"Martha's Vineyard, United States",US,2026-10-01,0,https://www.aviasales.com/search/JFK0110MVY1?marker=741311
350,248,USD,BOS,SCL,"Santiago, Chile",CL,2026-10-05,1,https://www.aviasales.com/search/BOS0510SCL1?marker=741311
351,249,USD,IAD,OSL,"Oslo, Norway",NO,2026-11-02,1,https://www.aviasales.com/search/IAD0211OSL1?marker=741311
352,249,USD,DCA,AVP,"Wilkes-Barre, United States",US,2026-09-30,1,https://www.aviasales.com/search/DCA3009AVP1?marker=741311
353,249,USD,TPA,MLI,"Moline, United States",US,2026-10-01,2,https://www.aviasales.com/search/TPA0110MLI1?marker=741311
354,251,USD,ORD,SHA,"Shanghai, China",CN,2026-11-23,1,https://www.aviasales.com/search/ORD2311SHA1?marker=741311
355,251,USD,ATL,DAB,"Daytona Beach, United States",US,2026-10-05,1,https://www.aviasales.com/search/ATL0510DAB1?marker=741311
356,251,USD,MIA,GGT,"George Town, Bahamas",BS,2026-09-27,1,https://www.aviasales.com/search/MIA2709GGT1?marker=741311
357,252,USD,PHX,CUU,"Chihuahua, Mexico",MX,2026-10-01,1,https://www.aviasales.com/search/PHX0110CUU1?marker=741311
358,253,USD,JFK,HSV,"Huntsville, United States",US,2026-10-01,2,https://www.aviasales.com/search/JFK0110HSV1?marker=741311
359,253,USD,JFK,AUG,"Augusta, United States",US,2026-10-07,1,https://www.aviasales.com/search/JFK0710AUG1?marker=741311
360,254,USD,ORD,GRB,"Green Bay, United States",US,2026-10-03,0,https://www.aviasales.com/search/ORD0310GRB1?marker=741311
361,254,USD,DEN,LNK,"Lincoln, United States",US,2026-10-03,0,https://www.aviasales.com/search/DEN0310LNK1?marker=741311
362,255,USD,JFK,SPU,"Split, Croatia",HR,2026-10-19,2,https://www.aviasales.com/search/JFK1910SPU1?marker=741311
363,255,USD,SEA,ALW,"Walla Walla, United States",US,2026-10-05,0,https://www.aviasales.com/search/SEA0510ALW1?marker=741311
364,257,USD,BOS,MSN,"Madison, United States",US,2026-11-09,1,https://www.aviasales.com/search/BOS0911MSN1?marker=741311
365,257,USD,AUS,IDA,"Idaho Falls, United States",US,2026-10-01,1,https://www.aviasales.com/search/AUS0110IDA1?marker=741311
366,258,USD,MSP,LAL,"Lakeland, United States",US,2026-09-30,2,https://www.aviasales.com/search/MSP3009LAL1?marker=741311
367,258,USD,SFO,HKG,"Hong Kong, Hong Kong",HK,2026-11-15,1,https://www.aviasales.com/search/SFO1511HKG1?marker=741311
368,258,USD,JFK,MLA,"Malta, Malta",MT,2026-09-30,1,https://www.aviasales.com/search/JFK3009MLA1?marker=741311
369,259,USD,MIA,SRZ,"Santa Cruz, Bolivia",BO,2026-11-02,1,https://www.aviasales.com/search/MIA0211SRZ1?marker=741311
370,260,USD,JFK,SKG,"Thessaloniki, Greece",GR,2026-09-28,1,https://www.aviasales.com/search/JFK2809SKG1?marker=741311
371,260,USD,SEA,GDN,"Gdansk, Poland",PL,2026-12-04,1,https://www.aviasales.com/search/SEA0412GDN1?marker=741311
372,260,USD,JFK,TNG,"Tangier, Morocco",MA,2026-10-05,2,https://www.aviasales.com/search/JFK0510TNG1?marker=741311
373,260,USD,JFK,PMO,"Palermo, Italy",IT,2026-09-27,1,https://www.aviasales.com/search/JFK2709PMO1?marker=741311
374,260,USD,IAH,CVM,"Ciudad Victoria, Mexico",MX,2026-10-04,2,https://www.aviasales.com/search/IAH0410CVM1?marker=741311
375,261,USD,JFK,AGP,"Malaga, Spain",ES,2026-10-10,1,https://www.aviasales.com/search/JFK1010AGP1?marker=741311
376,261,USD,FLL,LNS,"Lancaster, United States",US,2026-10-01,2,https://www.aviasales.com/search/FLL0110LNS1?marker=741311
377,262,USD,JFK,GND,"St. George's, Grenada",GD,2027-01-03,0,https://www.aviasales.com/search/JFK0301GND1?marker=741311
378,263,USD,JFK,IST,"Istanbul, Turkiye",TR,2026-10-18,1,https://www.aviasales.com/search/JFK1810IST1?marker=741311
379,263,USD,SEA,EAT,"Wenatchee, United States",US,2026-10-04,0,https://www.aviasales.com/search/SEA0410EAT1?marker=741311
380,263,USD,JFK,AMS,"Amsterdam, Netherlands",NL,2026-10-18,2,https://www.aviasales.com/search/JFK1810AMS1?marker=741311
381,263,USD,MIA,MGA,"Managua, Nicaragua",NI,2026-11-17,1,https://www.aviasales.com/search/MIA1711MGA1?marker=741311
382,263,USD,ORD,MOT,"Minot, United States",US,2026-09-30,1,https://www.aviasales.com/search/ORD3009MOT1?marker=741311
383,264,USD,JFK,BUD,"Budapest, Hungary",HU,2026-11-15,2,https://www.aviasales.com/search/JFK1511BUD1?marker=741311
384,266,USD,JFK,MUC,"Munich, Germany",DE,2026-10-14,1,https://www.aviasales.com/search/JFK1410MUC1?marker=741311
385,267,USD,PHX,VCT,"Victoria, United States",US,2026-09-30,1,https://www.aviasales.com/search/PHX3009VCT1?marker=741311
386,268,USD,JFK,UIN,"Quincy, United States",US,2026-10-01,1,https://www.aviasales.com/search/JFK0110UIN1?marker=741311
387,268,USD,RDU,AUW,"Wausau, United States",US,2026-10-26,1,https://www.aviasales.com/search/RDU2610AUW1?marker=741311
388,269,USD,IAD,LYS,"Lyon, France",FR,2026-10-20,1,https://www.aviasales.com/search/IAD2010LYS1?marker=741311
389,269,USD,JFK,BRI,"Bari, Italy",IT,2027-02-01,2,https://www.aviasales.com/search/JFK0102BRI1?marker=741311
390,269,USD,RDU,HTS,"Huntington, United States",US,2026-10-04,1,https://www.aviasales.com/search/RDU0410HTS1?marker=741311
391,270,USD,BOS,RIX,"Riga, Latvia",LV,2026-12-06,2,https://www.aviasales.com/search/BOS0612RIX1?marker=741311
392,270,USD,LAS,MTJ,"Montrose, United States",US,2026-09-28,1,https://www.aviasales.com/search/LAS2809MTJ1?marker=741311
393,273,USD,BOS,HAM,"Hamburg, Germany",DE,2027-01-09,2,https://www.aviasales.com/search/BOS0901HAM1?marker=741311
394,274,USD,JFK,DUS,"Dusseldorf, Germany",DE,2026-10-02,2,https://www.aviasales.com/search/JFK0210DUS1?marker=741311
395,274,USD,JFK,BHZ,"Belo Horizonte, Brazil",BR,2026-11-24,1,https://www.aviasales.com/search/JFK2411BHZ1?marker=741311
396,275,USD,RDU,MKL,"Jackson, United States",US,2026-10-03,1,https://www.aviasales.com/search/RDU0310MKL1?marker=741311
397,276,USD,IAD,FAY,"Fayetteville, United States",US,2026-10-01,1,https://www.aviasales.com/search/IAD0110FAY1?marker=741311
398,276,USD,IAD,ROA,"Roanoke, United States",US,2026-10-01,1,https://www.aviasales.com/search/IAD0110ROA1?marker=741311
399,276,USD,JFK,SJJ,"Sarajevo, Bosnia and Herzegovina",BA,2026-10-20,1,https://www.aviasales.com/search/JFK2010SJJ1?marker=741311
400,277,USD,BOS,TCI,"Tenerife, Spain",ES,2026-10-29,2,https://www.aviasales.com/search/BOS2910TCI1?marker=741311
401,278,USD,SFO,SIN,"Singapore, Singapore",SG,2026-11-27,0,https://www.aviasales.com/search/SFO2711SIN1?marker=741311
402,279,USD,JFK,TBS,"Tbilisi, Georgia",GE,2026-10-13,1,https://www.aviasales.com/search/JFK1310TBS1?marker=741311
403,280,USD,MCO,ELH,"North Eleuthera, Bahamas",BS,2027-01-03,1,https://www.aviasales.com/search/MCO0301ELH1?marker=741311
404,282,USD,LAX,YQB,"Quebec, Canada",CA,2026-10-02,1,https://www.aviasales.com/search/LAX0210YQB1?marker=741311
405,283,USD,JFK,TGD,"Podgorica, Montenegro",ME,2026-10-23,1,https://www.aviasales.com/search/JFK2310TGD1?marker=741311
406,283,USD,JFK,OGS,"Ogdensburg, United States",US,2026-09-28,2,https://www.aviasales.com/search/JFK2809OGS1?marker=741311
407,284,USD,JFK,ZRH,"Zurich, Switzerland",CH,2026-10-11,1,https://www.aviasales.com/search/JFK1110ZRH1?marker=741311
408,284,USD,JFK,POP,"Puerto Plata, Dominican Republic",DO,2027-01-02,1,https://www.aviasales.com/search/JFK0201POP1?marker=741311
409,284,USD,FLL,CKB,"Clarksburg, United States",US,2026-10-01,1,https://www.aviasales.com/search/FLL0110CKB1?marker=741311
410,284,USD,LAX,SUN,"Sun Valley, United States",US,2026-09-30,0,https://www.aviasales.com/search/LAX3009SUN1?marker=741311
411,285,USD,PHL,ERI,"Erie, United States",US,2026-09-30,1,https://www.aviasales.com/search/PHL3009ERI1?marker=741311
412,286,USD,PDX,CMN,"Casablanca, Morocco",MA,2026-12-06,3,https://www.aviasales.com/search/PDX0612CMN1?marker=741311
413,286,USD,JFK,AYT,"Antalya, Turkiye",TR,2026-10-11,1,https://www.aviasales.com/search/JFK1110AYT1?marker=741311
414,286,USD,AUS,UBS,"Columbus, United States",US,2026-10-15,1,https://www.aviasales.com/search/AUS1510UBS1?marker=741311
415,287,USD,JFK,ANK,"Ankara, Turkiye",TR,2026-10-05,3,https://www.aviasales.com/search/JFK0510ANK1?marker=741311
416,287,USD,LAX,DAC,"Dhaka, Bangladesh",BD,2026-12-05,1,https://www.aviasales.com/search/LAX0512DAC1?marker=741311
417,287,USD,ATL,NAP,"Naples, Italy",IT,2026-10-18,3,https://www.aviasales.com/search/ATL1810NAP1?marker=741311
418,287,USD,FLL,EWN,"New Bern, United States",US,2026-10-01,2,https://www.aviasales.com/search/FLL0110EWN1?marker=741311
419,287,USD,ORD,CMX,"Hancock, United States",US,2026-10-05,0,https://www.aviasales.com/search/ORD0510CMX1?marker=741311
420,288,USD,SFO,MZT,"Mazatlan, Mexico",MX,2026-09-25,1,https://www.aviasales.com/search/SFO2509MZT1?marker=741311
421,289,USD,JFK,DXB,"Dubai, United Arab Emirates",AE,2026-10-19,1,https://www.aviasales.com/search/JFK1910DXB1?marker=741311
422,289,USD,BOS,PDL,"Ponta Delgada, Portugal",PT,2026-11-12,1,https://www.aviasales.com/search/BOS1211PDL1?marker=741311
423,289,USD,MIA,SLU,"Castries, Saint Lucia",LC,2026-10-10,1,https://www.aviasales.com/search/MIA1010SLU1?marker=741311
424,290,USD,SEA,SYD,"Sydney, Australia",AU,2026-11-17,1,https://www.aviasales.com/search/SEA1711SYD1?marker=741311
425,290,USD,DFW,VPS,"Fort Walton Beach, United States",US,2026-09-25,1,https://www.aviasales.com/search/DFW2509VPS1?marker=741311
426,291,USD,JFK,SSH,"Sharm el Sheikh, Egypt",EG,2026-10-03,2,https://www.aviasales.com/search/JFK0310SSH1?marker=741311
427,292,USD,SLC,WYS,"West Yellowstone, United States",US,2026-10-05,1,https://www.aviasales.com/search/SLC0510WYS1?marker=741311
428,292,USD,SFO,BZE,"Belize City, Belize",BZ,2027-01-02,1,https://www.aviasales.com/search/SFO0201BZE1?marker=741311
429,293,USD,JFK,CUR,"Curacao, Curaçao",CW,2027-01-01,0,https://www.aviasales.com/search/JFK0101CUR1?marker=741311
430,293,USD,JFK,ALG,"Algiers, Algeria",DZ,2026-10-05,2,https://www.aviasales.com/search/JFK0510ALG1?marker=741311
431,294,USD,LAX,TYO,"Tokyo, Japan",JP,2026-12-03,0,https://www.aviasales.com/search/LAX0312TYO1?marker=741311
432,294,USD,LAX,BRU,"Brussels, Belgium",BE,2026-12-09,2,https://www.aviasales.com/search/LAX0912BRU1?marker=741311
433,294,USD,JFK,TLL,"Tallinn, Estonia",EE,2026-10-12,2,https://www.aviasales.com/search/JFK1210TLL1?marker=741311
434,295,USD,MIA,MVD,"Montevideo, Uruguay",UY,2027-01-12,1,https://www.aviasales.com/search/MIA1201MVD1?marker=741311
435,297,USD,ORD,STO,"Stockholm, Sweden",SE,2026-12-31,2,https://www.aviasales.com/search/ORD3112STO1?marker=741311
436,298,USD,JFK,IZM,"Izmir, Turkiye",TR,2026-09-25,1,https://www.aviasales.com/search/JFK2509IZM1?marker=741311
437,299,USD,BOS,HYA,"Hyannis, United States",US,2026-10-01,0,https://www.aviasales.com/search/BOS0110HYA1?marker=741311
438,299,USD,PHL,MHT,"Manchester, United States",US,2026-09-29,1,https://www.aviasales.com/search/PHL2909MHT1?marker=741311
439,299,USD,SEA,YXC,"Cranbrook, Canada",CA,2026-09-30,1,https://www.aviasales.com/search/SEA3009YXC1?marker=741311
440,300,USD,DEN,COD,"Cody, United States",US,2026-09-30,0,https://www.aviasales.com/search/DEN3009COD1?marker=741311
441,301,USD,JFK,BAK,"Baku, Azerbaijan",AZ,2026-10-23,1,https://www.aviasales.com/search/JFK2310BAK1?marker=741311
442,302,USD,ATL,STX,"Saint Croix, U.S. Virgin Islands",VI,2026-12-29,2,https://www.aviasales.com/search/ATL2912STX1?marker=741311
443,302,USD,JFK,LCA,"Larnaca, Cyprus",CY,2026-10-04,1,https://www.aviasales.com/search/JFK0410LCA1?marker=741311
444,302,USD,ATL,HHH,"Hilton Head, United States",US,2026-10-05,2,https://www.aviasales.com/search/ATL0510HHH1?marker=741311
445,302,USD,ORD,JBR,"Jonesboro, United States",US,2026-10-01,2,https://www.aviasales.com/search/ORD0110JBR1?marker=741311
446,302,USD,JFK,TUN,"Tunis, Tunisia",TN,2026-10-12,2,https://www.aviasales.com/search/JFK1210TUN1?marker=741311
447,302,USD,SLC,PUB,"Pueblo, United States",US,2026-10-02,1,https://www.aviasales.com/search/SLC0210PUB1?marker=741311
448,303,USD,MCO,RIO,"Rio de Janeiro, Brazil",BR,2026-09-26,1,https://www.aviasales.com/search/MCO2609RIO1?marker=741311
449,304,USD,ATL,AGS,"Augusta, United States",US,2026-09-30,1,https://www.aviasales.com/search/ATL3009AGS1?marker=741311
450,304,USD,MCO,BLL,"Billund, Denmark",DK,2026-10-10,1,https://www.aviasales.com/search/MCO1010BLL1?marker=741311
451,304,USD,DEN,MBL,"Manistee, United States",US,2026-10-03,1,https://www.aviasales.com/search/DEN0310MBL1?marker=741311
452,304,USD,JFK,BEL,"Belem, Brazil",BR,2026-10-28,2,https://www.aviasales.com/search/JFK2810BEL1?marker=741311
453,304,USD,PHL,ELM,"Elmira, United States",US,2026-09-30,1,https://www.aviasales.com/search/PHL3009ELM1?marker=741311
454,304,USD,PHX,ZIH,"Ixtapa, Mexico",MX,2026-09-30,2,https://www.aviasales.com/search/PHX3009ZIH1?marker=741311
455,305,USD,JFK,ILG,"Wilmington, United States",US,2026-10-01,2,https://www.aviasales.com/search/JFK0110ILG1?marker=741311
456,305,USD,DEN,REX,"Reynosa, Mexico",MX,2026-09-25,1,https://www.aviasales.com/search/DEN2509REX1?marker=741311
457,307,USD,MIA,KRK,"Krakow, Poland",PL,2026-12-04,2,https://www.aviasales.com/search/MIA0412KRK1?marker=741311
458,307,USD,JFK,BTS,"Bratislava, Slovakia",SK,2027-02-05,2,https://www.aviasales.com/search/JFK0502BTS1?marker=741311
459,307,USD,PHX,GDV,"Glendive, United States",US,2026-10-01,2,https://www.aviasales.com/search/PHX0110GDV1?marker=741311
460,308,USD,IAD,EDI,"Edinburgh, United Kingdom",GB,2027-01-07,2,https://www.aviasales.com/search/IAD0701EDI1?marker=741311
461,308,USD,MIA,FLN,"Florianopolis, Brazil",BR,2026-10-27,2,https://www.aviasales.com/search/MIA2710FLN1?marker=741311
462,308,USD,MSP,HLN,"Helena, United States",US,2026-09-30,1,https://www.aviasales.com/search/MSP3009HLN1?marker=741311
463,308,USD,PHL,PKB,"Parkersburg, United States",US,2026-09-30,2,https://www.aviasales.com/search/PHL3009PKB1?marker=741311
464,309,USD,BNA,ITH,"Ithaca, United States",US,2026-10-02,1,https://www.aviasales.com/search/BNA0210ITH1?marker=741311
465,309,USD,AUS,LSE,"La Crosse, United States",US,2026-10-01,2,https://www.aviasales.com/search/AUS0110LSE1?marker=741311
466,309,USD,PDX,YXX,"Abbotsford, Canada",CA,2026-10-01,2,https://www.aviasales.com/search/PDX0110YXX1?marker=741311
467,312,USD,BNA,OWB,"Owensboro, United States",US,2026-10-05,2,https://www.aviasales.com/search/BNA0510OWB1?marker=741311
468,312,USD,BNA,CUC,"Cucuta, Colombia",CO,2026-11-28,3,https://www.aviasales.com/search/BNA2811CUC1?marker=741311
469,313,USD,LAX,MFM,"Macau, Macau",MO,2026-09-30,1,https://www.aviasales.com/search/LAX3009MFM1?marker=741311
470,313,USD,MIA,VRN,"Verona, Italy",IT,2026-10-16,3,https://www.aviasales.com/search/MIA1610VRN1?marker=741311
471,313,USD,PHX,EAU,"Eau Claire, United States",US,2026-10-01,2,https://www.aviasales.com/search/PHX0110EAU1?marker=741311
472,314,USD,SFO,SEL,"Seoul, South Korea",KR,2026-11-08,0,https://www.aviasales.com/search/SFO0811SEL1?marker=741311
473,314,USD,BOS,HEL,"Helsinki, Finland",FI,2026-10-03,2,https://www.aviasales.com/search/BOS0310HEL1?marker=741311
474,315,USD,JFK,BOM,"Mumbai, India",IN,2026-10-03,1,https://www.aviasales.com/search/JFK0310BOM1?marker=741311
475,316,USD,JFK,REK,"Reykjavik, Iceland",IS,2026-09-28,2,https://www.aviasales.com/search/JFK2809REK1?marker=741311
476,317,USD,MIA,SLA,"Salta, Argentina",AR,2026-11-03,3,https://www.aviasales.com/search/MIA0311SLA1?marker=741311
477,317,USD,JFK,SKB,"Basseterre, Saint Kitts and Nevis",KN,2026-09-29,1,https://www.aviasales.com/search/JFK2909SKB1?marker=741311
478,317,USD,AUS,ADZ,"San Andres Island, Colombia",CO,2026-10-14,2,https://www.aviasales.com/search/AUS1410ADZ1?marker=741311
479,318,USD,FLL,HUX,"Huatulco, Mexico",MX,2026-10-01,3,https://www.aviasales.com/search/FLL0110HUX1?marker=741311
480,319,USD,JFK,FNC,"Funchal, Portugal",PT,2026-10-15,1,https://www.aviasales.com/search/JFK1510FNC1?marker=741311
481,319,USD,PHL,MSL,"Muscle Shoals, United States",US,2026-09-30,1,https://www.aviasales.com/search/PHL3009MSL1?marker=741311
482,321,USD,ORD,MWA,"Marion, United States",US,2026-10-01,0,https://www.aviasales.com/search/ORD0110MWA1?marker=741311
483,321,USD,JFK,ANU,"Saint John's, Antigua and Barbuda",AG,2026-09-30,1,https://www.aviasales.com/search/JFK3009ANU1?marker=741311
484,321,USD,JFK,DUJ,"Du Bois, United States",US,2026-10-04,1,https://www.aviasales.com/search/JFK0410DUJ1?marker=741311
485,323,USD,LAX,PQM,"Palenque, Mexico",MX,2026-10-05,2,https://www.aviasales.com/search/LAX0510PQM1?marker=741311
486,324,USD,PHX,GCN,"Grand Canyon, United States",US,2026-09-30,0,https://www.aviasales.com/search/PHX3009GCN1?marker=741311
487,324,USD,PHX,TAP,"Tapachula, Mexico",MX,2026-10-01,2,https://www.aviasales.com/search/PHX0110TAP1?marker=741311
488,325,USD,SEA,NBO,"Nairobi, Kenya",KE,2027-01-20,2,https://www.aviasales.com/search/SEA2001NBO1?marker=741311
489,325,USD,ORD,HGR,"Hagerstown, United States",US,2026-10-05,2,https://www.aviasales.com/search/ORD0510HGR1?marker=741311
490,326,USD,PHX,OGD,"Ogden, United States",US,2026-09-30,2,https://www.aviasales.com/search/PHX3009OGD1?marker=741311
491,327,USD,SEA,CFU,"Kerkyra, Greece",GR,2026-09-28,2,https://www.aviasales.com/search/SEA2809CFU1?marker=741311
492,328,USD,JFK,LHE,"Lahore, Pakistan",PK,2027-03-24,1,https://www.aviasales.com/search/JFK2403LHE1?marker=741311
493,328,USD,PHL,CGI,"Cape Girardeau, United States",US,2026-09-30,1,https://www.aviasales.com/search/PHL3009CGI1?marker=741311
494,328,USD,PHX,YKA,"Kamloops, Canada",CA,2026-10-01,1,https://www.aviasales.com/search/PHX0110YKA1?marker=741311
495,329,USD,LAX,CEC,"Crescent City, United States",US,2026-10-01,1,https://www.aviasales.com/search/LAX0110CEC1?marker=741311
496,329,USD,LAX,BPT,"Beaumont, United States",US,2026-10-01,1,https://www.aviasales.com/search/LAX0110BPT1?marker=741311
497,330,USD,MIA,MDZ,"Mendoza, Argentina",AR,2026-10-10,1,https://www.aviasales.com/search/MIA1010MDZ1?marker=741311
498,330,USD,JFK,AEX,"Alexandria, United States",US,2026-12-16,1,https://www.aviasales.com/search/JFK1612AEX1?marker=741311
499,330,USD,JFK,POA,"Porto Alegre, Brazil",BR,2026-09-25,1,https://www.aviasales.com/search/JFK2509POA1?marker=741311
500,330,USD,PHX,SHE,"Shenyang, China",CN,2026-10-02,2,https://www.aviasales.com/search/PHX0210SHE1?marker=741311
501,331,USD,MIA,BSB,"Brasilia, Brazil",BR,2026-12-30,0,https://www.aviasales.com/search/MIA3012BSB1?marker=741311
502,331,USD,JFK,HYD,"Hyderabad, India",IN,2026-11-23,1,https://www.aviasales.com/search/JFK2311HYD1?marker=741311
503,331,USD,BOS,RST,"Rochester, United States",US,2026-11-01,1,https://www.aviasales.com/search/BOS0111RST1?marker=741311
504,332,USD,JFK,ISB,"Islamabad, Pakistan",PK,2026-11-13,1,https://www.aviasales.com/search/JFK1311ISB1?marker=741311
505,332,USD,JFK,DEL,"New Delhi, India",IN,2026-10-12,1,https://www.aviasales.com/search/JFK1210DEL1?marker=741311
506,333,USD,JFK,RUH,"Riyadh, Saudi Arabia",SA,2026-10-02,1,https://www.aviasales.com/search/JFK0210RUH1?marker=741311
507,333,USD,PHX,UPN,"Uruapan, Mexico",MX,2026-10-01,1,https://www.aviasales.com/search/PHX0110UPN1?marker=741311
508,333,USD,PHX,NLD,"Nuevo Laredo, Mexico",MX,2026-10-01,3,https://www.aviasales.com/search/PHX0110NLD1?marker=741311
509,334,USD,IAH,MAO,"Manaus, Brazil",BR,2026-10-24,3,https://www.aviasales.com/search/IAH2410MAO1?marker=741311
510,334,USD,ORD,AGA,"Agadir, Morocco",MA,2026-10-14,2,https://www.aviasales.com/search/ORD1410AGA1?marker=741311
511,334,USD,MIA,IQT,"Iquitos, Peru",PE,2026-10-20,2,https://www.aviasales.com/search/MIA2010IQT1?marker=741311
512,335,USD,JFK,SOF,"Sofia, Bulgaria",BG,2026-11-12,1,https://www.aviasales.com/search/JFK1211SOF1?marker=741311
513,335,USD,SEA,YCD,"Nanaimo, Canada",CA,2026-10-02,1,https://www.aviasales.com/search/SEA0210YCD1?marker=741311
514,336,USD,JFK,BKK,"Bangkok, Thailand",TH,2026-11-23,1,https://www.aviasales.com/search/JFK2311BKK1?marker=741311
515,336,USD,JFK,PMF,"Parma, Italy",IT,2026-10-17,1,https://www.aviasales.com/search/JFK1710PMF1?marker=741311
516,336,USD,SEA,IRK,"Kirksville, United States",US,2026-10-01,2,https://www.aviasales.com/search/SEA0110IRK1?marker=741311
517,337,USD,SEA,HKT,"Phuket, Thailand",TH,2026-12-01,1,https://www.aviasales.com/search/SEA0112HKT1?marker=741311
518,337,USD,ORD,COU,"Columbia, United States",US,2026-09-29,0,https://www.aviasales.com/search/ORD2909COU1?marker=741311
519,337,USD,JFK,RCH,"Riohacha, Colombia",CO,2027-02-20,2,https://www.aviasales.com/search/JFK2002RCH1?marker=741311
520,337,USD,PHX,DRO,"Durango, United States",US,2026-10-05,0,https://www.aviasales.com/search/PHX0510DRO1?marker=741311
521,337,USD,LAX,ORK,"Cork, Ireland",IE,2026-12-10,3,https://www.aviasales.com/search/LAX1012ORK1?marker=741311
522,338,USD,PHX,BMI,"Bloomington, United States",US,2026-10-01,2,https://www.aviasales.com/search/PHX0110BMI1?marker=741311
523,338,USD,ATL,CUZ,"Cusco, Peru",PE,2026-10-24,3,https://www.aviasales.com/search/ATL2410CUZ1?marker=741311
524,338,USD,LAX,OPO,"Porto, Portugal",PT,2026-11-10,2,https://www.aviasales.com/search/LAX1011OPO1?marker=741311
525,339,USD,BOS,RAI,"Praia, Cape Verde",CV,2026-11-08,0,https://www.aviasales.com/search/BOS0811RAI1?marker=741311
526,339,USD,IAH,TEX,"Telluride, United States",US,2026-10-28,1,https://www.aviasales.com/search/IAH2810TEX1?marker=741311
527,340,USD,JFK,VLC,"Valencia, Spain",ES,2026-11-11,1,https://www.aviasales.com/search/JFK1111VLC1?marker=741311
528,342,USD,JFK,IBZ,"Ibiza, Spain",ES,2026-10-01,2,https://www.aviasales.com/search/JFK0110IBZ1?marker=741311
529,343,USD,FLL,AOO,"Altoona, United States",US,2026-10-01,1,https://www.aviasales.com/search/FLL0110AOO1?marker=741311
530,344,USD,JFK,SCY,"San Cristobal, Ecuador",EC,2026-12-08,2,https://www.aviasales.com/search/JFK0812SCY1?marker=741311
531,346,USD,LAX,DPS,"Denpasar (Bali), Indonesia",ID,2026-11-03,1,https://www.aviasales.com/search/LAX0311DPS1?marker=741311
532,347,USD,JFK,GZP,"Alanya, Turkiye",TR,2026-10-05,3,https://www.aviasales.com/search/JFK0510GZP1?marker=741311
533,347,USD,JFK,RKD,"Rockland, United States",US,2026-10-02,1,https://www.aviasales.com/search/JFK0210RKD1?marker=741311
534,349,USD,ATL,PHF,"Newport News, United States",US,2026-09-30,1,https://www.aviasales.com/search/ATL3009PHF1?marker=741311
535,349,USD,ORD,YZR,"Sarnia, Canada",CA,2026-10-01,2,https://www.aviasales.com/search/ORD0110YZR1?marker=741311
536,349,USD,LAX,PSA,"Pisa, Italy",IT,2026-10-13,2,https://www.aviasales.com/search/LAX1310PSA1?marker=741311
537,350,USD,MIA,OGL,"Georgetown, Guyana",GY,2026-09-29,2,https://www.aviasales.com/search/MIA2909OGL1?marker=741311
538,350,USD,JFK,FRS,"Flores, Guatemala",GT,2026-11-25,2,https://www.aviasales.com/search/JFK2511FRS1?marker=741311
539,350,USD,PHL,MGW,"Morgantown, United States",US,2026-09-30,1,https://www.aviasales.com/search/PHL3009MGW1?marker=741311
540,350,USD,MCO,RHO,"Rhodes, Greece",GR,2026-10-23,1,https://www.aviasales.com/search/MCO2310RHO1?marker=741311
541,352,USD,AUS,ABI,"Abilene, United States",US,2026-10-03,1,https://www.aviasales.com/search/AUS0310ABI1?marker=741311
542,352,USD,MSP,YQT,"Thunder Bay, Canada",CA,2026-09-30,2,https://www.aviasales.com/search/MSP3009YQT1?marker=741311
543,352,USD,JFK,MRS,"Marseille, France",FR,2026-11-23,1,https://www.aviasales.com/search/JFK2311MRS1?marker=741311
544,352,USD,LAS,BFL,"Bakersfield, United States",US,2026-10-01,1,https://www.aviasales.com/search/LAS0110BFL1?marker=741311
545,354,USD,LAX,BIH,"Bishop, United States",US,2026-10-04,1,https://www.aviasales.com/search/LAX0410BIH1?marker=741311
546,356,USD,BOS,CLJ,"Cluj-Napoca, Romania",RO,2026-10-02,3,https://www.aviasales.com/search/BOS0210CLJ1?marker=741311
547,356,USD,ORD,STC,"Saint Cloud, United States",US,2026-10-01,2,https://www.aviasales.com/search/ORD0110STC1?marker=741311
548,356,USD,RDU,BLV,"Belleville, United States",US,2026-09-27,2,https://www.aviasales.com/search/RDU2709BLV1?marker=741311
549,357,USD,ORD,DOH,"Doha, Qatar",QA,2027-02-02,1,https://www.aviasales.com/search/ORD0202DOH1?marker=741311
550,357,USD,JFK,LJU,"Ljubljana, Slovenia",SI,2026-10-01,3,https://www.aviasales.com/search/JFK0110LJU1?marker=741311
551,357,USD,SEA,YYF,"Penticton, Canada",CA,2026-10-01,2,https://www.aviasales.com/search/SEA0110YYF1?marker=741311
552,358,USD,JFK,KUT,"Kutaisi, Georgia",GE,2026-09-27,1,https://www.aviasales.com/search/JFK2709KUT1?marker=741311
553,358,USD,JFK,PEI,"Pereira, Colombia",CO,2026-10-15,2,https://www.aviasales.com/search/JFK1510PEI1?marker=741311
554,360,USD,MIA,SCU,"Santiago, Cuba",CU,2027-03-15,0,https://www.aviasales.com/search/MIA1503SCU1?marker=741311
555,360,USD,JFK,PVC,"Provincetown, United States",US,2026-10-01,1,https://www.aviasales.com/search/JFK0110PVC1?marker=741311
556,360,USD,LAX,GOT,"Gothenburg, Sweden",SE,2026-09-28,2,https://www.aviasales.com/search/LAX2809GOT1?marker=741311
557,361,USD,ORD,TAS,"Tashkent, Uzbekistan",UZ,2026-10-07,1,https://www.aviasales.com/search/ORD0710TAS1?marker=741311
558,362,USD,MSP,GLA,"Glasgow, United Kingdom",GB,2026-10-31,2,https://www.aviasales.com/search/MSP3110GLA1?marker=741311
559,363,USD,BOS,SHJ,"Sharjah, United Arab Emirates",AE,2026-09-27,1,https://www.aviasales.com/search/BOS2709SHJ1?marker=741311
560,363,USD,JFK,KUL,"Kuala Lumpur, Malaysia",MY,2026-10-08,1,https://www.aviasales.com/search/JFK0810KUL1?marker=741311
561,363,USD,MCO,BOD,"Bordeaux, France",FR,2026-10-06,3,https://www.aviasales.com/search/MCO0610BOD1?marker=741311
562,364,USD,JFK,BAH,"Manama, Bahrain",BH,2027-01-21,1,https://www.aviasales.com/search/JFK2101BAH1?marker=741311
563,364,USD,SEA,YWL,"Williams Lake, Canada",CA,2026-10-01,1,https://www.aviasales.com/search/SEA0110YWL1?marker=741311
564,365,USD,JFK,MHK,"Manhattan, United States",US,2026-09-30,1,https://www.aviasales.com/search/JFK3009MHK1?marker=741311
565,365,USD,SAN,MAM,"Matamoros, Mexico",MX,2026-10-01,2,https://www.aviasales.com/search/SAN0110MAM1?marker=741311
566,366,USD,MSP,GUP,"Gallup, United States",US,2026-09-30,1,https://www.aviasales.com/search/MSP3009GUP1?marker=741311
567,368,USD,AUS,BTM,"Butte, United States",US,2026-09-30,1,https://www.aviasales.com/search/AUS3009BTM1?marker=741311
568,368,USD,MIA,PFO,"Paphos, Cyprus",CY,2026-10-27,1,https://www.aviasales.com/search/MIA2710PFO1?marker=741311
569,369,USD,PHX,YXU,"London, Canada",CA,2026-10-01,1,https://www.aviasales.com/search/PHX0110YXU1?marker=741311
570,370,USD,JFK,AER,"Adler/Sochi, Russia",RU,2026-10-04,2,https://www.aviasales.com/search/JFK0410AER1?marker=741311
571,371,USD,DEN,FEZ,"Fez, Morocco",MA,2026-10-16,3,https://www.aviasales.com/search/DEN1610FEZ1?marker=741311
572,371,USD,JFK,FAO,"Faro, Portugal",PT,2026-10-15,1,https://www.aviasales.com/search/JFK1510FAO1?marker=741311
573,373,USD,LAX,CAN,"Guangzhou, China",CN,2026-10-25,1,https://www.aviasales.com/search/LAX2510CAN1?marker=741311
574,373,USD,SFO,PPT,"Papeete, French Polynesia",PF,2026-11-08,0,https://www.aviasales.com/search/SFO0811PPT1?marker=741311
575,373,USD,MCO,MGF,"Maringa, Brazil",BR,2026-10-15,1,https://www.aviasales.com/search/MCO1510MGF1?marker=741311
576,374,USD,ORD,RZE,"Rzeszow, Poland",PL,2026-09-29,2,https://www.aviasales.com/search/ORD2909RZE1?marker=741311
577,374,USD,SEA,LFT,"Lafayette, United States",US,2026-10-17,1,https://www.aviasales.com/search/SEA1710LFT1?marker=741311
578,375,USD,MSP,YSJ,"Saint John, Canada",CA,2026-09-30,2,https://www.aviasales.com/search/MSP3009YSJ1?marker=741311
579,375,USD,JFK,RTM,"Rotterdam, Netherlands",NL,2026-12-13,2,https://www.aviasales.com/search/JFK1312RTM1?marker=741311
580,375,USD,JFK,TRN,"Turin, Italy",IT,2026-12-14,1,https://www.aviasales.com/search/JFK1412TRN1?marker=741311
581,376,USD,PHL,MSS,"Massena, United States",US,2026-09-30,2,https://www.aviasales.com/search/PHL3009MSS1?marker=741311
582,376,USD,SFO,CNX,"Chiang Mai, Thailand",TH,2027-01-05,1,https://www.aviasales.com/search/SFO0501CNX1?marker=741311
583,377,USD,JFK,KKN,"Kirkenes, Norway",NO,2026-10-06,2,https://www.aviasales.com/search/JFK0610KKN1?marker=741311
584,378,USD,JFK,KUN,"Kaunas, Lithuania",LT,2026-10-24,2,https://www.aviasales.com/search/JFK2410KUN1?marker=741311
585,378,USD,SFO,BHX,"Birmingham, United Kingdom",GB,2026-10-19,1,https://www.aviasales.com/search/SFO1910BHX1?marker=741311
586,379,USD,JFK,CTA,"Catania, Italy",IT,2026-09-26,1,https://www.aviasales.com/search/JFK2609CTA1?marker=741311
587,380,USD,JFK,BJV,"Bodrum, Turkiye",TR,2026-09-25,1,https://www.aviasales.com/search/JFK2509BJV1?marker=741311
588,380,USD,MCO,TXK,"Texarkana, United States",US,2026-10-03,1,https://www.aviasales.com/search/MCO0310TXK1?marker=741311
589,382,USD,JFK,ALA,"Almaty, Kazakhstan",KZ,2026-10-15,2,https://www.aviasales.com/search/JFK1510ALA1?marker=741311
590,382,USD,JFK,KRR,"Krasnodar, Russia",RU,2026-10-03,2,https://www.aviasales.com/search/JFK0310KRR1?marker=741311
591,382,USD,ATL,NUE,"Nuremberg, Germany",DE,2026-10-03,2,https://www.aviasales.com/search/ATL0310NUE1?marker=741311
592,383,USD,PHL,MGM,"Montgomery, United States",US,2026-09-30,1,https://www.aviasales.com/search/PHL3009MGM1?marker=741311
593,385,USD,JFK,CMB,"Colombo, Sri Lanka",LK,2026-10-05,1,https://www.aviasales.com/search/JFK0510CMB1?marker=741311
594,385,USD,PHX,LBL,"Liberal, United States",US,2026-10-01,1,https://www.aviasales.com/search/PHX0110LBL1?marker=741311
595,385,USD,PHX,DDC,"Dodge City, United States",US,2026-10-01,1,https://www.aviasales.com/search/PHX0110DDC1?marker=741311
596,387,USD,MIA,REC,"Recife, Brazil",BR,2026-10-12,2,https://www.aviasales.com/search/MIA1210REC1?marker=741311
597,388,USD,IAD,SHD,"Staunton, United States",US,2026-10-02,2,https://www.aviasales.com/search/IAD0210SHD1?marker=741311
598,388,USD,JFK,BUS,"Batumi, Georgia",GE,2026-10-20,2,https://www.aviasales.com/search/JFK2010BUS1?marker=741311
599,388,USD,JFK,MCT,"Muscat, Oman",OM,2026-09-30,1,https://www.aviasales.com/search/JFK3009MCT1?marker=741311
600,388,USD,PHL,OAJ,"Jacksonville, United States",US,2026-10-03,1,https://www.aviasales.com/search/PHL0310OAJ1?marker=741311
601,391,USD,BOS,YFC,"Fredericton, Canada",CA,2026-10-02,2,https://www.aviasales.com/search/BOS0210YFC1?marker=741311
602,391,USD,JFK,VGA,"Vijayawada, India",IN,2026-11-23,2,https://www.aviasales.com/search/JFK2311VGA1?marker=741311
603,391,USD,PHX,MTT,"Minatitlan, Mexico",MX,2026-10-01,2,https://www.aviasales.com/search/PHX0110MTT1?marker=741311
604,393,USD,BOS,HAJ,"Hannover, Germany",DE,2026-12-01,3,https://www.aviasales.com/search/BOS0112HAJ1?marker=741311
605,393,USD,IAH,ACT,"Waco, United States",US,2026-09-30,1,https://www.aviasales.com/search/IAH3009ACT1?marker=741311
606,393,USD,AUS,SJT,"San Angelo, United States",US,2026-09-30,1,https://www.aviasales.com/search/AUS3009SJT1?marker=741311
607,394,USD,PHL,YYG,"Charlottetown, Canada",CA,2026-10-02,2,https://www.aviasales.com/search/PHL0210YYG1?marker=741311
608,397,USD,LAX,DAD,"Da Nang, Vietnam",VN,2026-11-03,1,https://www.aviasales.com/search/LAX0311DAD1?marker=741311
609,397,USD,MIA,WRO,"Wroclaw, Poland",PL,2026-10-06,2,https://www.aviasales.com/search/MIA0610WRO1?marker=741311
610,398,USD,FLL,VIX,"Vitoria, Brazil",BR,2026-11-09,2,https://www.aviasales.com/search/FLL0911VIX1?marker=741311
611,399,USD,PHX,EAR,"Kearney, United States",US,2026-10-01,1,https://www.aviasales.com/search/PHX0110EAR1?marker=741311
612,399,USD,CLT,PGV,"Greenville, United States",US,2026-10-03,0,https://www.aviasales.com/search/CLT0310PGV1?marker=741311
613,401,USD,ORD,CMI,"Champaign, United States",US,2026-09-30,0,https://www.aviasales.com/search/ORD3009CMI1?marker=741311
614,402,USD,PHX,JST,"Johnstown, United States",US,2026-10-01,2,https://www.aviasales.com/search/PHX0110JST1?marker=741311
615,403,USD,JFK,AUH,"Abu Dhabi, United Arab Emirates",AE,2026-10-14,1,https://www.aviasales.com/search/JFK1410AUH1?marker=741311
616,403,USD,JFK,MRV,"Mineralnye Vody, Russia",RU,2026-10-18,2,https://www.aviasales.com/search/JFK1810MRV1?marker=741311
617,404,USD,JFK,BSZ,"Bishkek, Kyrgyzstan",KG,2026-10-13,2,https://www.aviasales.com/search/JFK1310BSZ1?marker=741311
618,404,USD,SEA,YCG,"Castlegar, Canada",CA,2026-10-01,1,https://www.aviasales.com/search/SEA0110YCG1?marker=741311
619,405,USD,SAN,EBL,"Erbil, Iraq",IQ,2026-09-30,2,https://www.aviasales.com/search/SAN3009EBL1?marker=741311
620,405,USD,LAX,TPE,"Taipei, Taiwan",TW,2027-01-04,1,https://www.aviasales.com/search/LAX0401TPE1?marker=741311
621,406,USD,DTW,DVL,"Devils Lake, United States",US,2026-09-30,1,https://www.aviasales.com/search/DTW3009DVL1?marker=741311
622,406,USD,SEA,PPG,"Pago Pago, American Samoa",AS,2026-10-26,1,https://www.aviasales.com/search/SEA2610PPG1?marker=741311
623,407,USD,LAX,NAN,"Nadi, Fiji",FJ,2026-09-25,0,https://www.aviasales.com/search/LAX2509NAN1?marker=741311
624,407,USD,ORD,MBS,"Saginaw, United States",US,2026-09-30,0,https://www.aviasales.com/search/ORD3009MBS1?marker=741311
625,408,USD,LAX,CTU,"Chengdu, China",CN,2026-11-17,0,https://www.aviasales.com/search/LAX1711CTU1?marker=741311
626,410,USD,JFK,LPL,"Liverpool, United Kingdom",GB,2026-11-25,1,https://www.aviasales.com/search/JFK2511LPL1?marker=741311
627,410,USD,SEA,RKS,"Rock Springs, United States",US,2026-10-01,1,https://www.aviasales.com/search/SEA0110RKS1?marker=741311
628,412,USD,ORD,MOW,"Moscow, Russia",RU,2026-12-05,3,https://www.aviasales.com/search/ORD0512MOW1?marker=741311
629,415,USD,PHX,SLN,"Salina, United States",US,2026-10-01,1,https://www.aviasales.com/search/PHX0110SLN1?marker=741311
630,415,USD,PHX,YAZ,"Tofino, Canada",CA,2026-10-01,2,https://www.aviasales.com/search/PHX0110YAZ1?marker=741311
631,417,USD,LAX,HRB,"Harbin, China",CN,2026-10-25,1,https://www.aviasales.com/search/LAX2510HRB1?marker=741311
632,417,USD,AUS,MEI,"Meridian, United States",US,2026-09-30,1,https://www.aviasales.com/search/AUS3009MEI1?marker=741311
633,418,USD,AUS,TYR,"Tyler, United States",US,2026-10-04,1,https://www.aviasales.com/search/AUS0410TYR1?marker=741311
634,419,USD,ORD,PIR,"Pierre, United States",US,2026-09-28,1,https://www.aviasales.com/search/ORD2809PIR1?marker=741311
635,419,USD,MIA,LUX,"Luxembourg, Luxembourg",LU,2026-10-31,3,https://www.aviasales.com/search/MIA3110LUX1?marker=741311
636,420,USD,JFK,AMD,"Ahmedabad, India",IN,2026-10-24,2,https://www.aviasales.com/search/JFK2410AMD1?marker=741311
637,421,USD,MIA,ZAG,"Zagreb, Croatia",HR,2026-11-23,2,https://www.aviasales.com/search/MIA2311ZAG1?marker=741311
638,424,USD,PHX,RIW,"Riverton, United States",US,2026-10-01,1,https://www.aviasales.com/search/PHX0110RIW1?marker=741311
639,424,USD,MIA,VRA,"Varadero, Cuba",CU,2026-09-28,0,https://www.aviasales.com/search/MIA2809VRA1?marker=741311
640,424,USD,PHL,FLO,"Florence, United States",US,2026-09-30,1,https://www.aviasales.com/search/PHL3009FLO1?marker=741311
641,424,USD,LAX,SVQ,"Sevilla, Spain",ES,2026-11-05,2,https://www.aviasales.com/search/LAX0511SVQ1?marker=741311
642,425,USD,ORD,SKD,"Samarkand, Uzbekistan",UZ,2026-10-01,2,https://www.aviasales.com/search/ORD0110SKD1?marker=741311
643,426,USD,JFK,GOI,"Goa, India",IN,2026-10-17,2,https://www.aviasales.com/search/JFK1710GOI1?marker=741311
644,427,USD,DFW,CLL,"College Station, United States",US,2026-09-29,0,https://www.aviasales.com/search/DFW2909CLL1?marker=741311
645,428,USD,SFO,NHA,"Nha Trang, Vietnam",VN,2027-01-18,1,https://www.aviasales.com/search/SFO1801NHA1?marker=741311
646,428,USD,AUS,TVF,"Thief River Falls, United States",US,2026-09-30,2,https://www.aviasales.com/search/AUS3009TVF1?marker=741311
647,428,USD,SFO,SOU,"Southampton, United Kingdom",GB,2026-10-18,3,https://www.aviasales.com/search/SFO1810SOU1?marker=741311
648,428,USD,FLL,NOB,"Nosara Beach, Costa Rica",CR,2026-09-30,2,https://www.aviasales.com/search/FLL3009NOB1?marker=741311
649,429,USD,BOS,NQZ,"Astana, Kazakhstan",KZ,2026-12-06,3,https://www.aviasales.com/search/BOS0612NQZ1?marker=741311
650,429,USD,BOS,SSA,"Salvador, Brazil",BR,2026-10-24,2,https://www.aviasales.com/search/BOS2410SSA1?marker=741311
651,429,USD,LAX,CKG,"Chongqing, China",CN,2026-11-17,1,https://www.aviasales.com/search/LAX1711CKG1?marker=741311
652,429,USD,SFO,PEN,"Penang, Malaysia",MY,2026-11-28,1,https://www.aviasales.com/search/SFO2811PEN1?marker=741311
653,429,USD,PHL,SWO,"Stillwater, United States",US,2026-09-30,1,https://www.aviasales.com/search/PHL3009SWO1?marker=741311
654,431,USD,JFK,MLE,"Male, Maldives",MV,2026-10-17,3,https://www.aviasales.com/search/JFK1710MLE1?marker=741311
655,437,USD,LAX,PQC,"Phu Quoc, Vietnam",VN,2026-10-28,2,https://www.aviasales.com/search/LAX2810PQC1?marker=741311
656,438,USD,ORD,CGN,"Cologne, Germany",DE,2026-11-21,2,https://www.aviasales.com/search/ORD2111CGN1?marker=741311
657,439,USD,DCA,MUX,"Multan, Pakistan",PK,2026-10-04,2,https://www.aviasales.com/search/DCA0410MUX1?marker=741311
658,440,USD,LAX,AKL,"Auckland, New Zealand",NZ,2026-11-14,1,https://www.aviasales.com/search/LAX1411AKL1?marker=741311
659,441,USD,DFW,BOJ,"Bourgas, Bulgaria",BG,2026-10-28,3,https://www.aviasales.com/search/DFW2810BOJ1?marker=741311
660,442,USD,BOS,LED,"Saint Petersburg, Russia",RU,2026-12-05,3,https://www.aviasales.com/search/BOS0512LED1?marker=741311
661,442,USD,SFO,OSA,"Osaka, Japan",JP,2026-12-01,1,https://www.aviasales.com/search/SFO0112OSA1?marker=741311
662,443,USD,MCO,SUF,"Lamezia Terme, Italy",IT,2026-10-03,3,https://www.aviasales.com/search/MCO0310SUF1?marker=741311
663,444,USD,JFK,CCS,"Caracas, Venezuela",VE,2026-10-04,2,https://www.aviasales.com/search/JFK0410CCS1?marker=741311
664,445,USD,JFK,CIT,"Shymkent, Kazakhstan",KZ,2026-10-16,3,https://www.aviasales.com/search/JFK1610CIT1?marker=741311
665,446,USD,LAX,BIO,"Bilbao, Spain",ES,2026-12-15,2,https://www.aviasales.com/search/LAX1512BIO1?marker=741311
666,447,USD,SEA,CEB,"Cebu City, Philippines",PH,2027-01-04,1,https://www.aviasales.com/search/SEA0401CEB1?marker=741311
667,447,USD,LAS,FSM,"Fort Smith, United States",US,2026-09-29,1,https://www.aviasales.com/search/LAS2909FSM1?marker=741311
668,448,USD,BOS,DKR,"Dakar, Senegal",SN,2026-10-20,2,https://www.aviasales.com/search/BOS2010DKR1?marker=741311
669,448,USD,LAX,UBN,"Ulaanbaatar, Mongolia",MN,2026-10-27,1,https://www.aviasales.com/search/LAX2710UBN1?marker=741311
670,448,USD,DEN,TGU,"Tegucigalpa, Honduras",HN,2027-02-01,3,https://www.aviasales.com/search/DEN0102TGU1?marker=741311
671,449,USD,PHL,FON,"Fortuna, Costa Rica",CR,2026-09-30,3,https://www.aviasales.com/search/PHL3009FON1?marker=741311
672,450,USD,JFK,MCX,"Makhachkala, Russia",RU,2026-09-27,2,https://www.aviasales.com/search/JFK2709MCX1?marker=741311
673,452,USD,ORD,MLU,"Monroe, United States",US,2026-10-01,1,https://www.aviasales.com/search/ORD0110MLU1?marker=741311
674,452,USD,MIA,DUR,"Durban, South Africa",ZA,2026-10-07,2,https://www.aviasales.com/search/MIA0710DUR1?marker=741311
675,452,USD,SEA,YQG,"Windsor, Canada",CA,2026-10-02,1,https://www.aviasales.com/search/SEA0210YQG1?marker=741311
676,453,USD,LAX,ASU,"Asuncion, Paraguay",PY,2026-10-20,1,https://www.aviasales.com/search/LAX2010ASU1?marker=741311
677,455,USD,FLL,LAW,"Lawton, United States",US,2026-10-01,2,https://www.aviasales.com/search/FLL0110LAW1?marker=741311
678,456,USD,JFK,TRV,"Thiruvananthapuram, India",IN,2026-10-03,3,https://www.aviasales.com/search/JFK0310TRV1?marker=741311
679,456,USD,LAX,BPN,"Balikpapan, Indonesia",ID,2026-11-27,2,https://www.aviasales.com/search/LAX2711BPN1?marker=741311
680,457,USD,JFK,UFA,"Ufa, Russia",RU,2026-10-05,2,https://www.aviasales.com/search/JFK0510UFA1?marker=741311
681,457,USD,DFW,XQP,"Quepos, Costa Rica",CR,2026-10-01,2,https://www.aviasales.com/search/DFW0110XQP1?marker=741311
682,460,USD,ORD,JKT,"Jakarta, Indonesia",ID,2026-09-28,1,https://www.aviasales.com/search/ORD2809JKT1?marker=741311
683,460,USD,LAX,KTM,"Kathmandu, Nepal",NP,2026-09-29,2,https://www.aviasales.com/search/LAX2909KTM1?marker=741311
684,461,USD,MIA,HOG,"Holguin, Cuba",CU,2026-11-17,0,https://www.aviasales.com/search/MIA1711HOG1?marker=741311
685,462,USD,LAX,SWA,"Shantou, China",CN,2027-01-03,1,https://www.aviasales.com/search/LAX0301SWA1?marker=741311
686,463,USD,PHL,ALO,"Waterloo, United States",US,2026-09-30,1,https://www.aviasales.com/search/PHL3009ALO1?marker=741311
687,463,USD,BOS,LDB,"Londrina, Brazil",BR,2026-10-06,3,https://www.aviasales.com/search/BOS0610LDB1?marker=741311
688,463,USD,SEA,FUK,"Fukuoka, Japan",JP,2026-11-19,1,https://www.aviasales.com/search/SEA1911FUK1?marker=741311
689,464,USD,IAD,MAA,"Chennai, India",IN,2026-10-25,2,https://www.aviasales.com/search/IAD2510MAA1?marker=741311
690,464,USD,IAD,OKA,"Okinawa, Japan",JP,2026-11-13,2,https://www.aviasales.com/search/IAD1311OKA1?marker=741311
691,465,USD,SEA,VAR,"Varna, Bulgaria",BG,2026-09-25,2,https://www.aviasales.com/search/SEA2509VAR1?marker=741311
692,465,USD,PHX,GGG,"Longview, United States",US,2026-10-01,1,https://www.aviasales.com/search/PHX0110GGG1?marker=741311
693,465,USD,LAX,KBV,"Krabi, Thailand",TH,2026-11-09,2,https://www.aviasales.com/search/LAX0911KBV1?marker=741311
694,466,USD,JFK,LOS,"Lagos, Nigeria",NG,2026-09-29,1,https://www.aviasales.com/search/JFK2909LOS1?marker=741311
695,466,USD,MIA,SFG,"Saint Martin, Saint Martin",MF,2026-12-07,2,https://www.aviasales.com/search/MIA0712SFG1?marker=741311
696,468,USD,IAD,AGB,"Augsburg, Germany",DE,2026-11-15,1,https://www.aviasales.com/search/IAD1511AGB1?marker=741311
697,468,USD,SEA,SPK,"Sapporo, Japan",JP,2027-03-01,1,https://www.aviasales.com/search/SEA0103SPK1?marker=741311
698,468,USD,FLL,GCK,"Garden City, United States",US,2026-10-01,1,https://www.aviasales.com/search/FLL0110GCK1?marker=741311
699,470,USD,DFW,PNH,"Phnom Penh, Cambodia",KH,2026-11-03,1,https://www.aviasales.com/search/DFW0311PNH1?marker=741311
700,470,USD,LAX,SZX,"Shenzhen, China",CN,2026-10-20,1,https://www.aviasales.com/search/LAX2010SZX1?marker=741311
701,470,USD,FLL,FDF,"Fort-de-France, Martinique",MQ,2026-12-27,2,https://www.aviasales.com/search/FLL2712FDF1?marker=741311
702,472,USD,SEA,LGK,"Langkawi, Malaysia",MY,2026-10-25,3,https://www.aviasales.com/search/SEA2510LGK1?marker=741311
703,473,USD,SEA,VTE,"Vientiane, Laos",LA,2026-09-29,2,https://www.aviasales.com/search/SEA2909VTE1?marker=741311
704,474,USD,BOS,URA,"Oral, Kazakhstan",KZ,2026-11-14,3,https://www.aviasales.com/search/BOS1411URA1?marker=741311
705,475,USD,JFK,DOM,"Dominica, Dominica",DM,2026-12-21,1,https://www.aviasales.com/search/JFK2112DOM1?marker=741311
706,476,USD,AUS,ATY,"Watertown, United States",US,2026-10-01,1,https://www.aviasales.com/search/AUS0110ATY1?marker=741311
707,477,USD,SEA,ALY,"Alexandria, Egypt",EG,2026-10-07,3,https://www.aviasales.com/search/SEA0710ALY1?marker=741311
708,479,USD,MCO,NVT,"Navegantes, Brazil",BR,2026-10-13,2,https://www.aviasales.com/search/MCO1310NVT1?marker=741311
709,480,USD,SFO,SYX,"Sanya, China",CN,2026-10-01,1,https://www.aviasales.com/search/SFO0110SYX1?marker=741311
710,480,USD,SFO,GOA,"Genoa, Italy",IT,2026-10-24,3,https://www.aviasales.com/search/SFO2410GOA1?marker=741311
711,481,USD,JFK,ADD,"Addis Ababa, Ethiopia",ET,2026-10-20,1,https://www.aviasales.com/search/JFK2010ADD1?marker=741311
712,481,USD,DFW,DIK,"Dickinson, United States",US,2026-10-01,1,https://www.aviasales.com/search/DFW0110DIK1?marker=741311
713,481,USD,PHX,JLN,"Joplin, United States",US,2026-10-01,1,https://www.aviasales.com/search/PHX0110JLN1?marker=741311
714,482,USD,LAX,ESU,"Essaouira, Morocco",MA,2026-09-26,2,https://www.aviasales.com/search/LAX2609ESU1?marker=741311
715,483,USD,DFW,ILE,"Killeen, United States",US,2026-10-02,0,https://www.aviasales.com/search/DFW0210ILE1?marker=741311
716,484,USD,MIA,MCZ,"Maceio, Brazil",BR,2027-01-12,2,https://www.aviasales.com/search/MIA1201MCZ1?marker=741311
717,486,USD,JFK,DLI,"Dalat, Vietnam",VN,2026-11-30,2,https://www.aviasales.com/search/JFK3011DLI1?marker=741311
718,486,USD,PHX,OTH,"North Bend, United States",US,2026-10-01,1,https://www.aviasales.com/search/PHX0110OTH1?marker=741311
719,489,USD,JFK,DYU,"Dushanbe, Tajikistan",TJ,2026-10-20,4,https://www.aviasales.com/search/JFK2010DYU1?marker=741311
720,490,USD,JFK,FOR,"Fortaleza, Brazil",BR,2026-10-25,2,https://www.aviasales.com/search/JFK2510FOR1?marker=741311
721,491,USD,IAD,ACC,"Accra, Ghana",GH,2026-10-20,1,https://www.aviasales.com/search/IAD2010ACC1?marker=741311
722,492,USD,IAD,STR,"Stuttgart, Germany",DE,2026-09-27,3,https://www.aviasales.com/search/IAD2709STR1?marker=741311
723,492,USD,JFK,KZN,"Kazan, Russia",RU,2026-10-12,3,https://www.aviasales.com/search/JFK1210KZN1?marker=741311
724,492,USD,JFK,SVX,"Yekaterinburg, Russia",RU,2026-11-18,3,https://www.aviasales.com/search/JFK1811SVX1?marker=741311
725,495,USD,SFO,KYA,"Konya, Turkiye",TR,2026-10-01,3,https://www.aviasales.com/search/SFO0110KYA1?marker=741311
726,496,USD,BOS,GUW,"Atyrau, Kazakhstan",KZ,2026-11-14,4,https://www.aviasales.com/search/BOS1411GUW1?marker=741311
727,496,USD,MIA,TOS,"Tromso, Norway",NO,2026-11-20,3,https://www.aviasales.com/search/MIA2011TOS1?marker=741311
728,496,USD,JFK,GDT,"Grand Turk, Turks and Caicos Islands",TC,2026-10-11,1,https://www.aviasales.com/search/JFK1110GDT1?marker=741311
729,497,USD,JFK,CKY,"Conakry, Guinea",GN,2026-10-24,1,https://www.aviasales.com/search/JFK2410CKY1?marker=741311
730,497,USD,AUS,PSG,"Petersburg, United States",US,2026-10-01,2,https://www.aviasales.com/search/AUS0110PSG1?marker=741311
731,499,USD,IAD,MEL,"Melbourne, Australia",AU,2026-10-21,2,https://www.aviasales.com/search/IAD2110MEL1?marker=741311
732,499,USD,MSP,CRK,"City of Angeles, Philippines",PH,2026-10-28,3,https://www.aviasales.com/search/MSP2810CRK1?marker=741311
733,499,USD,SFO,SUV,"Suva, Fiji",FJ,2026-10-11,1,https://www.aviasales.com/search/SFO1110SUV1?marker=741311
734,501,USD,JFK,SAI,"Siem Reap, Cambodia",KH,2026-10-15,2,https://www.aviasales.com/search/JFK1510SAI1?marker=741311
735,502,USD,JFK,XSC,"South Caicos, Turks and Caicos Islands",TC,2026-10-11,1,https://www.aviasales.com/search/JFK1110XSC1?marker=741311
736,503,USD,SFO,PUY,"Pula, Croatia",HR,2026-11-26,4,https://www.aviasales.com/search/SFO2611PUY1?marker=741311
737,506,USD,JFK,MSQ,"Minsk, Belarus",BY,2026-10-03,3,https://www.aviasales.com/search/JFK0310MSQ1?marker=741311
738,508,USD,JFK,BDQ,"Vadodara, India",IN,2027-01-04,2,https://www.aviasales.com/search/JFK0401BDQ1?marker=741311
739,510,USD,JFK,OVB,"Novosibirsk, Russia",RU,2026-10-03,3,https://www.aviasales.com/search/JFK0310OVB1?marker=741311
740,510,USD,LAX,BXU,"Butuan, Philippines",PH,2027-03-15,2,https://www.aviasales.com/search/LAX1503BXU1?marker=741311
741,511,USD,ORD,XMN,"Xiamen, China",CN,2026-11-17,1,https://www.aviasales.com/search/ORD1711XMN1?marker=741311
742,511,USD,PHL,SCV,"Suceava, Romania",RO,2026-10-18,3,https://www.aviasales.com/search/PHL1810SCV1?marker=741311
743,512,USD,IAD,LWB,"Lewisburg, United States",US,2026-10-04,2,https://www.aviasales.com/search/IAD0410LWB1?marker=741311
744,512,USD,SAN,DLC,"Dalian, China",CN,2026-10-26,2,https://www.aviasales.com/search/SAN2610DLC1?marker=741311
745,514,USD,SFO,KEM,"Kemi, Finland",FI,2027-02-01,2,https://www.aviasales.com/search/SFO0102KEM1?marker=741311
746,515,USD,JFK,CCU,"Kolkata, India",IN,2026-10-15,2,https://www.aviasales.com/search/JFK1510CCU1?marker=741311
747,516,USD,JFK,SCO,"Aktau, Kazakhstan",KZ,2027-01-10,3,https://www.aviasales.com/search/JFK1001SCO1?marker=741311
748,517,USD,JFK,EWB,"New Bedford, United States",US,2026-10-01,1,https://www.aviasales.com/search/JFK0110EWB1?marker=741311
749,517,USD,JFK,KAO,"Kuusamo, Finland",FI,2027-01-07,3,https://www.aviasales.com/search/JFK0701KAO1?marker=741311
750,518,USD,SFO,IDR,"Indore, India",IN,2026-10-29,1,https://www.aviasales.com/search/SFO2910IDR1?marker=741311
751,520,USD,PHL,ACK,"Nantucket, United States",US,2026-09-30,3,https://www.aviasales.com/search/PHL3009ACK1?marker=741311
752,520,USD,JFK,NMA,"Namangan, Uzbekistan",UZ,2026-09-25,2,https://www.aviasales.com/search/JFK2509NMA1?marker=741311
753,520,USD,DTW,NAT,"Natal, Brazil",BR,2026-11-23,3,https://www.aviasales.com/search/DTW2311NAT1?marker=741311
754,520,USD,FLL,PAP,"Port-au-Prince, Haiti",HT,2027-03-03,1,https://www.aviasales.com/search/FLL0303PAP1?marker=741311
755,521,USD,JFK,COR,"Cordoba, Argentina",AR,2026-10-13,1,https://www.aviasales.com/search/JFK1310COR1?marker=741311
756,523,USD,LAX,IKT,"Irkutsk, Russia",RU,2026-10-25,2,https://www.aviasales.com/search/LAX2510IKT1?marker=741311
757,523,USD,JFK,COO,"Cotonou, Benin",BJ,2027-01-21,2,https://www.aviasales.com/search/JFK2101COO1?marker=741311
758,526,USD,JFK,VOG,"Volgograd, Russia",RU,2026-10-04,3,https://www.aviasales.com/search/JFK0410VOG1?marker=741311
759,528,USD,LAX,ROS,"Rosario, Argentina",AR,2026-10-18,1,https://www.aviasales.com/search/LAX1810ROS1?marker=741311
760,529,USD,JFK,KUF,"Samara, Russia",RU,2026-10-04,2,https://www.aviasales.com/search/JFK0410KUF1?marker=741311
761,532,USD,ORD,ECN,"Ercan, Northern Cyprus",NY,2026-09-30,2,https://www.aviasales.com/search/ORD3009ECN1?marker=741311
762,533,USD,DTW,KWI,"Kuwait City, Kuwait",KW,2026-10-11,2,https://www.aviasales.com/search/DTW1110KWI1?marker=741311
763,536,USD,BOS,IJK,"Izhevsk, Russia",RU,2027-01-17,4,https://www.aviasales.com/search/BOS1701IJK1?marker=741311
764,536,USD,JFK,BHK,"Bukhara, Uzbekistan",UZ,2026-10-26,2,https://www.aviasales.com/search/JFK2610BHK1?marker=741311
765,539,USD,LAX,PMI,"Palma, Spain",ES,2026-10-05,2,https://www.aviasales.com/search/LAX0510PMI1?marker=741311
766,540,USD,LAX,AKX,"Aktobe, Kazakhstan",KZ,2027-01-15,3,https://www.aviasales.com/search/LAX1501AKX1?marker=741311
767,540,USD,MIA,BFS,"Belfast, United Kingdom",GB,2026-09-25,3,https://www.aviasales.com/search/MIA2509BFS1?marker=741311
768,542,USD,MIA,JNB,"Johannesburg, South Africa",ZA,2026-10-07,1,https://www.aviasales.com/search/MIA0710JNB1?marker=741311
769,545,USD,PHX,SIT,"Sitka, United States",US,2026-10-01,2,https://www.aviasales.com/search/PHX0110SIT1?marker=741311
770,548,USD,FLL,ASR,"Kayseri, Turkiye",TR,2026-10-04,3,https://www.aviasales.com/search/FLL0410ASR1?marker=741311
771,548,USD,JFK,SBH,"Saint Barthelemy, Guadeloupe",GP,2026-12-23,1,https://www.aviasales.com/search/JFK2312SBH1?marker=741311
772,550,USD,ORD,OGZ,"Vladikavkaz, Russia",RU,2026-12-01,4,https://www.aviasales.com/search/ORD0112OGZ1?marker=741311
773,551,USD,JFK,GOJ,"Nizhniy Novgorod, Russia",RU,2026-10-05,3,https://www.aviasales.com/search/JFK0510GOJ1?marker=741311
774,552,USD,SFO,FAE,"Sorvágur, Faroe Islands",FO,2026-10-03,2,https://www.aviasales.com/search/SFO0310FAE1?marker=741311
775,552,USD,LAX,YIW,"Yiwu, China",CN,2027-01-31,1,https://www.aviasales.com/search/LAX3101YIW1?marker=741311
776,556,USD,MIA,KGD,"Kaliningrad, Russia",RU,2027-02-17,4,https://www.aviasales.com/search/MIA1702KGD1?marker=741311
777,557,USD,JFK,CPT,"Cape Town, South Africa",ZA,2026-11-24,1,https://www.aviasales.com/search/JFK2411CPT1?marker=741311
778,557,USD,JFK,PUQ,"Punta Arenas, Chile",CL,2026-11-30,3,https://www.aviasales.com/search/JFK3011PUQ1?marker=741311
779,560,USD,ORD,KBL,"Kabul, Afghanistan",AF,2027-01-23,2,https://www.aviasales.com/search/ORD2301KBL1?marker=741311
780,560,USD,PHL,CHX,"Changuinola, Panama",PA,2026-09-30,3,https://www.aviasales.com/search/PHL3009CHX1?marker=741311
781,561,USD,ATL,GNJ,"Ganja, Azerbaijan",AZ,2026-12-29,2,https://www.aviasales.com/search/ATL2912GNJ1?marker=741311
782,563,USD,LAX,VVO,"Vladivostok, Russia",RU,2026-11-26,2,https://www.aviasales.com/search/LAX2611VVO1?marker=741311
783,563,USD,LAX,SID,"Sal, Cape Verde",CV,2026-11-04,3,https://www.aviasales.com/search/LAX0411SID1?marker=741311
784,570,USD,PHL,YQX,"Gander, Canada",CA,2026-09-30,4,https://www.aviasales.com/search/PHL3009YQX1?marker=741311
785,574,USD,JFK,UGC,"Urgench, Uzbekistan",UZ,2026-10-13,2,https://www.aviasales.com/search/JFK1310UGC1?marker=741311
786,574,USD,ORD,HAK,"Haikou, China",CN,2026-11-29,1,https://www.aviasales.com/search/ORD2911HAK1?marker=741311
787,577,USD,PHX,HOM,"Homer, United States",US,2026-10-01,2,https://www.aviasales.com/search/PHX0110HOM1?marker=741311
788,579,USD,JFK,HFE,"Hefei, China",CN,2026-11-11,3,https://www.aviasales.com/search/JFK1111HFE1?marker=741311
789,580,USD,JFK,ABJ,"Abidjan, Ivory Coast",CI,2026-12-30,1,https://www.aviasales.com/search/JFK3012ABJ1?marker=741311
790,580,USD,JFK,CMF,"Chambery, France",FR,2027-02-13,2,https://www.aviasales.com/search/JFK1302CMF1?marker=741311
791,582,USD,IAD,TZX,"Trabzon, Turkiye",TR,2026-10-08,2,https://www.aviasales.com/search/IAD0810TZX1?marker=741311
792,582,USD,MIA,SBZ,"Sibiu, Romania",RO,2026-10-08,2,https://www.aviasales.com/search/MIA0810SBZ1?marker=741311
793,582,USD,SEA,SPN,"Saipan, Northern Mariana Islands",MP,2026-09-28,2,https://www.aviasales.com/search/SEA2809SPN1?marker=741311
794,583,USD,JFK,DLA,"Douala, Cameroon",CM,2026-12-03,1,https://www.aviasales.com/search/JFK0312DLA1?marker=741311
795,583,USD,SEA,YZZ,"Trail, Canada",CA,2026-10-04,1,https://www.aviasales.com/search/SEA0410YZZ1?marker=741311
796,585,USD,JFK,GRV,"Groznyy, Russia",RU,2026-09-29,2,https://www.aviasales.com/search/JFK2909GRV1?marker=741311
797,585,USD,JFK,CGO,"Zhengzhou, China",CN,2026-11-23,1,https://www.aviasales.com/search/JFK2311CGO1?marker=741311
798,586,USD,JFK,OMS,"Omsk, Russia",RU,2026-09-29,3,https://www.aviasales.com/search/JFK2909OMS1?marker=741311
799,588,USD,SFO,BOB,"Bora Bora, French Polynesia",PF,2026-11-11,1,https://www.aviasales.com/search/SFO1111BOB1?marker=741311
800,588,USD,JFK,REN,"Orenburg, Russia",RU,2026-10-12,3,https://www.aviasales.com/search/JFK1210REN1?marker=741311
801,590,USD,PHX,PDS,"Piedras Negras, Mexico",MX,2026-10-01,2,https://www.aviasales.com/search/PHX0110PDS1?marker=741311
802,595,USD,JFK,PEE,"Perm, Russia",RU,2026-10-01,3,https://www.aviasales.com/search/JFK0110PEE1?marker=741311
803,595,USD,JFK,FOC,"Fuzhou, China",CN,2026-12-02,1,https://www.aviasales.com/search/JFK0212FOC1?marker=741311
804,595,USD,SFO,GYN,"Goiania, Brazil",BR,2026-12-07,2,https://www.aviasales.com/search/SFO0712GYN1?marker=741311
805,598,USD,DTW,KHI,"Karachi, Pakistan",PK,2026-10-02,3,https://www.aviasales.com/search/DTW0210KHI1?marker=741311
806,598,USD,JFK,KMG,"Kunming, China",CN,2026-09-25,2,https://www.aviasales.com/search/JFK2509KMG1?marker=741311
807,599,USD,IAD,IXZ,"Port Blair, India",IN,2026-10-03,2,https://www.aviasales.com/search/IAD0310IXZ1?marker=741311
808,600,USD,DFW,XPL,"Comayagua, Honduras",HN,2026-12-18,0,https://www.aviasales.com/search/DFW1812XPL1?marker=741311
809,602,USD,IAD,OSS,"Osh, Kyrgyzstan",KG,2026-09-27,2,https://www.aviasales.com/search/IAD2709OSS1?marker=741311
810,604,USD,ORD,EBB,"Entebbe, Uganda",UG,2026-11-26,1,https://www.aviasales.com/search/ORD2611EBB1?marker=741311
811,605,USD,JFK,OUA,"Ouagadougou, Burkina Faso",BF,2026-10-07,3,https://www.aviasales.com/search/JFK0710OUA1?marker=741311
812,609,USD,JFK,CEK,"Chelyabinsk, Russia",RU,2026-10-06,3,https://www.aviasales.com/search/JFK0610CEK1?marker=741311
813,613,USD,IAH,COV,"Mersin, Turkiye",TR,2026-12-06,3,https://www.aviasales.com/search/IAH0612COV1?marker=741311
814,622,USD,LAX,BNE,"Brisbane, Australia",AU,2026-11-01,2,https://www.aviasales.com/search/LAX0111BNE1?marker=741311
815,627,USD,JFK,LBD,"Khujand, Tajikistan",TJ,2026-10-01,3,https://www.aviasales.com/search/JFK0110LBD1?marker=741311
816,627,USD,JFK,BWN,"Bandar Seri Begawan, Brunei",BN,2026-10-16,3,https://www.aviasales.com/search/JFK1610BWN1?marker=741311
817,627,USD,MCO,LIO,"Limon, Costa Rica",CR,2027-01-04,3,https://www.aviasales.com/search/MCO0401LIO1?marker=741311
818,631,USD,JFK,ENI,"El Nido, Philippines",PH,2027-01-26,2,https://www.aviasales.com/search/JFK2601ENI1?marker=741311
819,638,USD,JFK,JRO,"Kilimanjaro, Tanzania",TZ,2026-10-20,1,https://www.aviasales.com/search/JFK2010JRO1?marker=741311
820,638,USD,JFK,HGH,"Hangzhou, China",CN,2026-10-07,2,https://www.aviasales.com/search/JFK0710HGH1?marker=741311
821,640,USD,JFK,KJA,"Krasnoyarsk, Russia",RU,2026-09-29,2,https://www.aviasales.com/search/JFK2909KJA1?marker=741311
822,640,USD,LAS,UTP,"Pattaya, Thailand",TH,2026-10-20,4,https://www.aviasales.com/search/LAS2010UTP1?marker=741311
823,640,USD,SEA,HNH,"Hoonah, United States",US,2026-09-30,1,https://www.aviasales.com/search/SEA3009HNH1?marker=741311
824,641,USD,BOS,KGL,"Kigali, Rwanda",RW,2026-10-20,2,https://www.aviasales.com/search/BOS2010KGL1?marker=741311
825,644,USD,LAX,TBU,"Nuku'alofa, Tonga",TO,2027-03-24,1,https://www.aviasales.com/search/LAX2403TBU1?marker=741311
826,647,USD,LAX,HSN,"Zhoushan, China",CN,2026-09-26,2,https://www.aviasales.com/search/LAX2609HSN1?marker=741311
827,650,USD,LAX,ANR,"Antwerp, Belgium",BE,2026-10-31,2,https://www.aviasales.com/search/LAX3110ANR1?marker=741311
828,652,USD,ATL,SCW,"Syktyvkar, Russia",RU,2026-10-07,4,https://www.aviasales.com/search/ATL0710SCW1?marker=741311
829,652,USD,SLC,IGU,"Foz do Iguaçu, Brazil",BR,2026-11-03,4,https://www.aviasales.com/search/SLC0311IGU1?marker=741311
830,654,USD,JFK,FEG,"Fergana, Uzbekistan",UZ,2026-11-01,2,https://www.aviasales.com/search/JFK0111FEG1?marker=741311
831,654,USD,LAX,OOL,"Gold Coast, Australia",AU,2026-10-10,2,https://www.aviasales.com/search/LAX1010OOL1?marker=741311
832,655,USD,PHL,BLR,"Bengaluru, India",IN,2026-12-25,2,https://www.aviasales.com/search/PHL2512BLR1?marker=741311
833,659,USD,ORD,ASB,"Ashgabat, Turkmenistan",TM,2026-10-20,1,https://www.aviasales.com/search/ORD2010ASB1?marker=741311
834,662,USD,JFK,SGC,"Surgut, Russia",RU,2026-11-09,4,https://www.aviasales.com/search/JFK0911SGC1?marker=741311
835,664,USD,ATL,ERF,"Erfurt, Germany",DE,2026-09-25,1,https://www.aviasales.com/search/ATL2509ERF1?marker=741311
836,666,USD,IAD,TMJ,"Termez, Uzbekistan",UZ,2026-10-20,2,https://www.aviasales.com/search/IAD2010TMJ1?marker=741311
837,666,USD,MSP,DJG,"Djanet, Algeria",DZ,2026-11-19,4,https://www.aviasales.com/search/MSP1911DJG1?marker=741311
838,669,USD,JFK,HIA,"Huai'an, China",CN,2026-10-15,3,https://www.aviasales.com/search/JFK1510HIA1?marker=741311
839,669,USD,JFK,KHN,"Nanchang, China",CN,2026-10-01,2,https://www.aviasales.com/search/JFK0110KHN1?marker=741311
840,669,USD,PHL,PLJ,"Placencia, Belize",BZ,2026-09-30,3,https://www.aviasales.com/search/PHL3009PLJ1?marker=741311
841,669,USD,LAX,URJ,"Uraj, Russia",RU,2026-12-02,4,https://www.aviasales.com/search/LAX0212URJ1?marker=741311
842,670,USD,MIA,RGN,"Yangon, Myanmar",MM,2026-10-01,3,https://www.aviasales.com/search/MIA0110RGN1?marker=741311
843,670,USD,JFK,MLW,"Monrovia, Liberia",LR,2026-10-17,1,https://www.aviasales.com/search/JFK1710MLW1?marker=741311
844,671,USD,BOS,TDX,"Trat, Thailand",TH,2026-10-15,2,https://www.aviasales.com/search/BOS1510TDX1?marker=741311
845,671,USD,IAH,BAX,"Barnaul, Russia",RU,2027-01-13,4,https://www.aviasales.com/search/IAH1301BAX1?marker=741311
846,671,USD,DTW,BGW,"Baghdad, Iraq",IQ,2027-03-01,1,https://www.aviasales.com/search/DTW0103BGW1?marker=741311
847,672,USD,TPA,NAL,"Nalchik, Russia",RU,2027-02-01,4,https://www.aviasales.com/search/TPA0102NAL1?marker=741311
848,679,USD,JFK,KEJ,"Kemerovo, Russia",RU,2026-10-14,4,https://www.aviasales.com/search/JFK1410KEJ1?marker=741311
849,680,USD,PHX,BLB,"Balboa, Panama",PA,2026-10-01,3,https://www.aviasales.com/search/PHX0110BLB1?marker=741311
850,681,USD,MIA,MPH,"Caticlan, Philippines",PH,2026-10-05,3,https://www.aviasales.com/search/MIA0510MPH1?marker=741311
851,681,USD,TPA,YNT,"Yantai, China",CN,2026-11-05,3,https://www.aviasales.com/search/TPA0511YNT1?marker=741311
852,686,USD,ORD,NCU,"Nukus, Uzbekistan",UZ,2026-12-28,2,https://www.aviasales.com/search/ORD2812NCU1?marker=741311
853,686,USD,ORD,VLN,"Valencia, Venezuela",VE,2026-10-01,1,https://www.aviasales.com/search/ORD0110VLN1?marker=741311
854,686,USD,JFK,VIJ,"Virgin Gorda, British Virgin Islands",VG,2026-12-11,1,https://www.aviasales.com/search/JFK1112VIJ1?marker=741311
855,686,USD,LAX,PEW,"Peshawar, Pakistan",PK,2026-10-05,3,https://www.aviasales.com/search/LAX0510PEW1?marker=741311
856,687,USD,DEN,USM,"Koh Samui, Thailand",TH,2026-09-29,4,https://www.aviasales.com/search/DEN2909USM1?marker=741311
857,691,USD,SFO,YDA,"Dawson City, Canada",CA,2026-10-01,3,https://www.aviasales.com/search/SFO0110YDA1?marker=741311
858,692,USD,DFW,KGF,"Karagandy, Kazakhstan",KZ,2026-09-27,3,https://www.aviasales.com/search/DFW2709KGF1?marker=741311
859,696,USD,PDX,URC,"Urumqi, China",CN,2026-10-15,2,https://www.aviasales.com/search/PDX1510URC1?marker=741311
860,699,USD,JFK,RTW,"Saratov, Russia",RU,2026-11-20,4,https://www.aviasales.com/search/JFK2011RTW1?marker=741311
861,703,USD,IAH,ASW,"Aswan, Egypt",EG,2026-11-24,3,https://www.aviasales.com/search/IAH2411ASW1?marker=741311
862,707,USD,JFK,MRU,"Mauritius, Mauritius",MU,2026-10-08,3,https://www.aviasales.com/search/JFK0810MRU1?marker=741311
863,707,USD,DFW,BJL,"Banjul, Gambia",GM,2026-09-28,3,https://www.aviasales.com/search/DFW2809BJL1?marker=741311
864,707,USD,LAX,PKC,"Petropavlovsk-Kamchatsky, Russia",RU,2026-10-21,4,https://www.aviasales.com/search/LAX2110PKC1?marker=741311
865,710,USD,JFK,GDZ,"Gelendzik, Russia",RU,2026-12-01,3,https://www.aviasales.com/search/JFK0112GDZ1?marker=741311
866,715,USD,MCO,TOF,"Tomsk, Russia",RU,2026-11-08,4,https://www.aviasales.com/search/MCO0811TOF1?marker=741311
867,715,USD,SFO,TJM,"Tyumen, Russia",RU,2027-02-01,4,https://www.aviasales.com/search/SFO0102TJM1?marker=741311
868,715,USD,SFO,THE,"Teresina, Brazil",BR,2026-12-31,2,https://www.aviasales.com/search/SFO3112THE1?marker=741311
869,722,USD,SFO,PEZ,"Penza, Russia",RU,2027-02-01,3,https://www.aviasales.com/search/SFO0102PEZ1?marker=741311
870,722,USD,IAH,QSF,"Setif, Algeria",DZ,2026-10-10,3,https://www.aviasales.com/search/IAH1010QSF1?marker=741311
871,725,USD,SEA,YQY,"Sydney, Canada",CA,2026-10-03,2,https://www.aviasales.com/search/SEA0310YQY1?marker=741311
872,731,USD,MIA,HSA,"Turkistan, Kazakhstan",KZ,2027-01-08,3,https://www.aviasales.com/search/MIA0801HSA1?marker=741311
873,741,USD,LAX,CNS,"Cairns, Australia",AU,2026-10-03,1,https://www.aviasales.com/search/LAX0310CNS1?marker=741311
874,752,USD,PHX,WNZ,"Wenzhou, China",CN,2026-12-11,2,https://www.aviasales.com/search/PHX1112WNZ1?marker=741311
875,756,USD,LAX,KHV,"Khabarovsk, Russia",RU,2026-10-01,2,https://www.aviasales.com/search/LAX0110KHV1?marker=741311
876,760,USD,ORD,ASF,"Astrakhan, Russia",RU,2027-01-08,2,https://www.aviasales.com/search/ORD0801ASF1?marker=741311
877,762,USD,JFK,BKO,"Bamako, Mali",ML,2026-10-05,3,https://www.aviasales.com/search/JFK0510BKO1?marker=741311
878,764,USD,JFK,GOH,"Nuuk, Greenland",GL,2026-10-25,1,https://www.aviasales.com/search/JFK2510GOH1?marker=741311
879,773,USD,JFK,UUS,"Yuzhno-Sakhalinsk, Russia",RU,2026-11-10,4,https://www.aviasales.com/search/JFK1011UUS1?marker=741311
880,774,USD,IAD,LBV,"Libreville, Gabon",GA,2026-11-27,2,https://www.aviasales.com/search/IAD2711LBV1?marker=741311
881,774,USD,LAX,CHC,"Christchurch, New Zealand",NZ,2026-10-04,1,https://www.aviasales.com/search/LAX0410CHC1?marker=741311
882,775,USD,IAD,ETZ,"Metz/Nancy, France",FR,2027-01-10,3,https://www.aviasales.com/search/IAD1001ETZ1?marker=741311
883,778,USD,JFK,TRG,"Tauranga, New Zealand",NZ,2026-11-10,3,https://www.aviasales.com/search/JFK1011TRG1?marker=741311
884,784,USD,JFK,POM,"Port Moresby, Papua New Guinea",PG,2026-09-27,2,https://www.aviasales.com/search/JFK2709POM1?marker=741311
885,786,USD,JFK,PDP,"Punta Del Este, Uruguay",UY,2026-12-02,2,https://www.aviasales.com/search/JFK0212PDP1?marker=741311
886,791,USD,ORD,MGQ,"Mogadishu, Somalia",SO,2026-12-29,1,https://www.aviasales.com/search/ORD2912MGQ1?marker=741311
887,797,USD,IAD,HMA,"Khanty-Mansiysk, Russia",RU,2026-11-04,4,https://www.aviasales.com/search/IAD0411HMA1?marker=741311
888,803,USD,MIA,LAD,"Luanda, Angola",AO,2026-10-09,2,https://www.aviasales.com/search/MIA0910LAD1?marker=741311
889,804,USD,LAX,DRW,"Darwin, Australia",AU,2026-10-06,2,https://www.aviasales.com/search/LAX0610DRW1?marker=741311
890,814,USD,LAX,ZNZ,"Zanzibar, Tanzania",TZ,2027-02-11,1,https://www.aviasales.com/search/LAX1102ZNZ1?marker=741311
891,816,USD,SFO,SUI,"Sukhumi, Abkhazia",AB,2026-10-05,3,https://www.aviasales.com/search/SFO0510SUI1?marker=741311
892,819,USD,JFK,ABA,"Abakan, Russia",RU,2026-09-25,4,https://www.aviasales.com/search/JFK2509ABA1?marker=741311
893,819,USD,PHX,YFO,"Flin Flon, Canada",CA,2026-10-01,2,https://www.aviasales.com/search/PHX0110YFO1?marker=741311
894,821,USD,IAD,KDH,"Kandahar, Afghanistan",AF,2026-10-30,2,https://www.aviasales.com/search/IAD3010KDH1?marker=741311
895,825,USD,JFK,BZV,"Brazzaville, Republic of the Congo",CG,2026-09-30,2,https://www.aviasales.com/search/JFK3009BZV1?marker=741311
896,827,USD,PDX,HRE,"Harare, Zimbabwe",ZW,2026-10-14,2,https://www.aviasales.com/search/PDX1410HRE1?marker=741311
897,835,USD,JFK,KSQ,"Qarshi, Uzbekistan",UZ,2026-10-03,1,https://www.aviasales.com/search/JFK0310KSQ1?marker=741311
898,840,USD,LAX,ZQN,"Queenstown, New Zealand",NZ,2026-10-05,1,https://www.aviasales.com/search/LAX0510ZQN1?marker=741311
899,847,USD,SAN,YKS,"Yakutsk, Russia",RU,2027-02-01,4,https://www.aviasales.com/search/SAN0102YKS1?marker=741311
900,847,USD,SAN,IAR,"Yaroslavl, Russia",RU,2026-09-26,4,https://www.aviasales.com/search/SAN2609IAR1?marker=741311
901,848,USD,JFK,PKR,"Pokhara, Nepal",NP,2026-10-08,3,https://www.aviasales.com/search/JFK0810PKR1?marker=741311
902,856,USD,FLL,NJC,"Nizhnevartovsk, Russia",RU,2026-10-23,4,https://www.aviasales.com/search/FLL2310NJC1?marker=741311
903,859,USD,JFK,MMK,"Murmansk, Russia",RU,2026-10-01,3,https://www.aviasales.com/search/JFK0110MMK1?marker=741311
904,860,USD,JFK,UUD,"Ulan-Ude, Russia",RU,2026-10-22,3,https://www.aviasales.com/search/JFK2210UUD1?marker=741311
905,863,USD,ORD,RAR,"Rarotonga, Cook Islands",CK,2026-10-08,2,https://www.aviasales.com/search/ORD0810RAR1?marker=741311
906,865,USD,BNA,BQS,"Blagoveschensk, Russia",RU,2026-10-15,4,https://www.aviasales.com/search/BNA1510BQS1?marker=741311
907,870,USD,AUS,NBC,"Naberezhnye Chelny, Russia",RU,2026-10-05,4,https://www.aviasales.com/search/AUS0510NBC1?marker=741311
908,873,USD,JFK,RGK,"Gorno-Altaysk, Russia",RU,2026-10-08,4,https://www.aviasales.com/search/JFK0810RGK1?marker=741311
909,911,USD,SLC,PAT,"Patna, India",IN,2026-10-07,4,https://www.aviasales.com/search/SLC0710PAT1?marker=741311
910,912,USD,JFK,GVR,"Governador Valadares, Brazil",BR,2026-12-17,4,https://www.aviasales.com/search/JFK1712GVR1?marker=741311
911,916,USD,JFK,WDH,"Windhoek, Namibia",NA,2027-02-18,4,https://www.aviasales.com/search/JFK1802WDH1?marker=741311
912,918,USD,FLL,GUM,"Hagatna, Guam",GU,2026-10-15,3,https://www.aviasales.com/search/FLL1510GUM1?marker=741311
913,918,USD,LAX,YAO,"Yaounde, Cameroon",CM,2026-12-03,1,https://www.aviasales.com/search/LAX0312YAO1?marker=741311
914,925,USD,MIA,PER,"Perth, Australia",AU,2026-10-04,2,https://www.aviasales.com/search/MIA0410PER1?marker=741311
915,927,USD,SLC,MBA,"Mombasa, Kenya",KE,2026-09-29,3,https://www.aviasales.com/search/SLC2909MBA1?marker=741311
916,934,USD,JFK,IGT,"Magas, Russia",RU,2026-09-30,2,https://www.aviasales.com/search/JFK3009IGT1?marker=741311
917,934,USD,CLT,LUN,"Lusaka, Zambia",ZM,2026-10-01,2,https://www.aviasales.com/search/CLT0110LUN1?marker=741311
918,966,USD,SFO,ADL,"Adelaide, Australia",AU,2026-10-09,2,https://www.aviasales.com/search/SFO0910ADL1?marker=741311
919,981,USD,DEN,ARK,"Arusha, Tanzania",TZ,2026-12-01,3,https://www.aviasales.com/search/DEN0112ARK1?marker=741311
920,990,USD,PDX,BJR,"Bahir Dar, Ethiopia",ET,2026-11-16,3,https://www.aviasales.com/search/PDX1611BJR1?marker=741311
921,992,USD,TPA,TNR,"Antananarivo, Madagascar",MG,2026-10-30,4,https://www.aviasales.com/search/TPA3010TNR1?marker=741311
922,1008,USD,MSP,HNS,"Haines, United States",US,2026-10-01,2,https://www.aviasales.com/search/MSP0110HNS1?marker=741311
923,1011,USD,LAX,KRV,"Severo-Kurilsk, Russia",RU,2026-09-25,4,https://www.aviasales.com/search/LAX2509KRV1?marker=741311
924,1024,USD,MCO,GDX,"Magadan, Russia",RU,2026-10-27,4,https://www.aviasales.com/search/MCO2710GDX1?marker=741311
925,1027,USD,BNA,HEK,"Heihe, China",CN,2026-10-15,3,https://www.aviasales.com/search/BNA1510HEK1?marker=741311
926,1029,USD,ORD,GVN,"Sovetskaya Gavan, Russia",RU,2026-09-26,4,https://www.aviasales.com/search/ORD2609GVN1?marker=741311
927,1029,USD,SFO,BJM,"Bujumbura, Burundi",BI,2026-10-01,2,https://www.aviasales.com/search/SFO0110BJM1?marker=741311
928,1036,USD,JFK,PLX,"Semey, Kazakhstan",KZ,2026-12-19,2,https://www.aviasales.com/search/JFK1912PLX1?marker=741311
929,1037,USD,LAX,DYR,"Anadyr, Russia",RU,2026-12-02,4,https://www.aviasales.com/search/LAX0212DYR1?marker=741311
930,1046,USD,SFO,SEZ,"Mahe, Seychelles",SC,2026-10-16,3,https://www.aviasales.com/search/SFO1610SEZ1?marker=741311
931,1053,USD,JFK,VLI,"Port Vila, Vanuatu",VU,2026-12-24,2,https://www.aviasales.com/search/JFK2412VLI1?marker=741311
932,1062,USD,SFO,JUB,"Juba, South Sudan",SS,2026-10-01,3,https://www.aviasales.com/search/SFO0110JUB1?marker=741311
933,1064,USD,MIA,MQF,"Magnitogorsk, Russia",RU,2026-09-29,2,https://www.aviasales.com/search/MIA2909MQF1?marker=741311
934,1069,USD,SEA,VFA,"Victoria Falls, Zimbabwe",ZW,2026-10-05,2,https://www.aviasales.com/search/SEA0510VFA1?marker=741311
935,1084,USD,ORD,ULY,"Ulyanovsk, Russia",RU,2026-09-29,2,https://www.aviasales.com/search/ORD2909ULY1?marker=741311
936,1122,USD,LAX,NSK,"Norilsk, Russia",RU,2026-11-01,4,https://www.aviasales.com/search/LAX0111NSK1?marker=741311
937,1149,USD,MSP,YRL,"Red Lake, Canada",CA,2026-10-05,2,https://www.aviasales.com/search/MSP0510YRL1?marker=741311
938,1152,USD,SFO,DUD,"Dunedin, New Zealand",NZ,2026-12-12,2,https://www.aviasales.com/search/SFO1212DUD1?marker=741311
939,1167,USD,TPA,BRM,"Barquisimeto, Venezuela",VE,2026-12-18,1,https://www.aviasales.com/search/TPA1812BRM1?marker=741311
940,1257,USD,LAX,PYJ,"Udachnyj, Russia",RU,2026-10-08,3,https://www.aviasales.com/search/LAX0810PYJ1?marker=741311
941,1259,USD,IAD,PES,"Petrozavodsk, Russia",RU,2026-10-01,2,https://www.aviasales.com/search/IAD0110PES1?marker=741311
942,1282,USD,MIA,DRS,"Dresden, Germany",DE,2026-10-18,2,https://www.aviasales.com/search/MIA1810DRS1?marker=741311
943,1290,USD,PHX,VLD,"Valdosta, United States",US,2026-10-01,4,https://www.aviasales.com/search/PHX0110VLD1?marker=741311
944,1393,USD,JFK,YYB,"North Bay, Canada",CA,2026-10-03,2,https://www.aviasales.com/search/JFK0310YYB1?marker=741311
945,1498,USD,LAX,AIT,"Aitutaki, Cook Islands",CK,2026-10-06,2,https://www.aviasales.com/search/LAX0610AIT1?marker=741311
946,1551,USD,MCO,LLW,"Lilongwe, Malawi",MW,2026-12-12,3,https://www.aviasales.com/search/MCO1212LLW1?marker=741311
947,1706,USD,JFK,CSY,"Cheboksary, Russia",RU,2026-09-26,2,https://www.aviasales.com/search/JFK2609CSY1?marker=741311
948,1835,USD,BOS,IUE,"Niue Island, Niue",NU,2026-10-01,2,https://www.aviasales.com/search/BOS0110IUE1?marker=741311
949,1843,USD,IAD,KVX,"Kirov, Russia",RU,2026-09-26,2,https://www.aviasales.com/search/IAD2609KVX1?marker=741311
950,1898,USD,JFK,NOZ,"Novokuznetsk, Russia",RU,2026-09-26,2,https://www.aviasales.com/search/JFK2609NOZ1?marker=741311
951,1942,USD,ORD,KRT,"Khartoum, Sudan",SD,2026-12-01,2,https://www.aviasales.com/search/ORD0112KRT1?marker=741311
952,8785,USD,PHL,BPA,"Borongan, Philippines",PH,2026-09-30,3,https://www.aviasales.com/search/PHL3009BPA1?marker=741311
