rank,price,currency,origin,destination_code,destination_name,country_code,depart,stops,booking_link
1,19,USD,LAX,LAS,"Las Vegas, United States",US,2026-10-20,0,https://www.aviasales.com/search/LAX2010LAS1?t=F917924877001792492560000081LAXLAS_3cfee4f29f20d42bb7c9db5dd44e5684_1614&search_date=10092026&expected_price_uuid=01a08a0a-4ec6-8040-250b-49415d5832fa&static_fare_key=TY%7CP0%7CH0%7CL0%7CCH0%7CR0%7CTBC0&itinerary_key=GlgjsPAoD_3zchi4cQxCcw&expected_price_source=share&expected_price_currency=usd&expected_price=19&marker=741311
2,19,USD,ATL,TPA,"Tampa, United States",US,2026-11-10,0,https://www.aviasales.com/search/ATL1011TPA1?t=F917943054601794311340000098ATLTPA_e6aa62e89758ecbc64e784824c5d483a_1600&search_date=13092026&expected_price_uuid=01a09a7e-28e8-8030-a01c-219ac5d5504f&static_fare_key=TY%7CP0%7CH0%7CL0%7CCH0%7CR0%7CTBC0&itinerary_key=gzRBPh5boX0j4djv1GNCBQ&expected_price_source=share&expected_price_currency=usd&expected_price=19&marker=741311
3,19,USD,ATL,ORL,"Orlando, United States",US,2026-10-20,0,https://www.aviasales.com/search/ATL2010ORL1?t=F917925257401792531800000101ATLMCO_d8c62a6b5ba73ffea60447e939efc296_1601&search_date=14092026&expected_price_uuid=01a0a01b-035d-8040-27a8-6eb2d84871f9&static_fare_key=TY%7CP0%7CH0%7CL0%7CCH0%7CR0%7CTBC0&itinerary_key=ixyTBpD7f6iwlsM1_99E_w&expected_price_source=share&expected_price_currency=usd&expected_price=19&marker=741311
4,19,USD,SFO,LAX,"Los Angeles, United States",US,2026-10-13,0,https://www.aviasales.com/search/SFO1310LAX1?t=F917919195001791925260000096SFOLAX_3f91b628db756a0093c34dceb0447523_1630&search_date=09092026&expected_price_uuid=01a084b6-b1f1-8040-2a2b-d1cc381e8a06&static_fare_key=TY%7CP0%7CH0%7CL0%7CCH0%7CR0%7CTBC0&itinerary_key=hUf1W8RN8hAWCz-9QhQY0g&expected_price_source=share&expected_price_currency=usd&expected_price=19&marker=741311
5,19,USD,LAX,SFO,"San Francisco, United States",US,2026-10-14,0,https://www.aviasales.com/search/LAX1410SFO1?t=F917920045801792010280000095LAXSFO_43a24ace6b95dad5c3670e32d449e6ad_1630&search_date=09092026&expected_price_uuid=01a084b8-00d5-8040-2b0b-26370ff11718&static_fare_key=TY%7CP0%7CH0%7CL0%7CCH0%7CR0%7CTBC0&itinerary_key=Z6dH9Xz4PLMQj5ARzG9QYw&expected_price_source=share&expected_price_currency=usd&expected_price=19&marker=741311
6,19,USD,SFO,SAN,"San Diego, United States",US,2026-11-04,0,https://www.aviasales.com/search/SFO0411SAN1?t=F917938114201793817480000101SFOSAN_92d98cd36b1846261737fb78cffc62e9_1601&search_date=13092026&expected_price_uuid=01a09d0a-e0af-8030-20cc-3a5ffd432e82&static_fare_key=TY%7CP0%7CH0%7CL0%7CCH0%7CR0%7CTBC0&itinerary_key=4bRqAPFGZu4lUiPE8oqPwQ&expected_price_source=share&expected_price_currency=usd&expected_price=19&marker=741311
7,19,USD,IAH,ATL,"Atlanta, United States",US,2026-10-28,0,https://www.aviasales.com/search/IAH2810ATL1?t=F917931675001793179440000139IAHATL_1a3875a19ea734688103b678eb248567_1604&search_date=14092026&expected_price_uuid=01a0a110-445e-8030-ac8d-bfdb0898b651&static_fare_key=TY%7CP0%7CH0%7CL0%7CCH0%7CR0%7CTBC0&itinerary_key=bhlILCNxTTYrN2smFwiRTw&origin_airports=0&expected_price_source=share&expected_price_currency=usd&expected_price=19&marker=741311
8,24,USD,ATL,JAX,"Jacksonville, United States",US,2026-10-05,0,https://www.aviasales.com/search/ATL0510JAX1?t=F917912225401791226860000072ATLJAX_1946d9b31346e3de300a06261d0496c0_2039&search_date=10092026&expected_price_uuid=01a08a18-424c-8030-a46c-8bd887502e4b&static_fare_key=TY%7CP0%7CH0%7CL0%7CCH0%7CR0%7CTBC0&itinerary_key=t0rJKisXEQL4A5J7VyH4Fg&expected_price_source=share&expected_price_currency=usd&expected_price=24&marker=741311
9,24,USD,SEA,DEN,"Denver, United States",US,2026-11-14,0,https://www.aviasales.com/search/SEA1411DEN1?t=F917946736201794687300000168SEADEN_53502d729e5bc095a7a58c5939114f50_2028&search_date=14092026&expected_price_uuid=01a0a18e-265a-8051-2c02-350a381cde9f&static_fare_key=TY%7CP0%7CH0%7CL0%7CCH0%7CR0%7CTBC0&itinerary_key=TBSMDuXWgjEXMTyI6GqNBQ&expected_price_source=share&expected_price_currency=usd&expected_price=24&marker=741311
10,24,USD,LAS,PHX,"Phoenix, United States",US,2026-11-19,0,https://www.aviasales.com/search/LAS1911PHX1?t=F917951045401795112820000078LASPHX_9947a8f5c9fdecd01a125abcef12e193_2015&search_date=10092026&expected_price_uuid=01a08d80-1670-8030-a702-c745296267f6&static_fare_key=TY%7CP0%7CH0%7CL0%7CCH0%7CR0%7CTBC0&itinerary_key=o7GgBcBDJwJ7h2fW5NeAVw&expected_price_source=share&expected_price_currency=usd&expected_price=24&marker=741311
11,26,USD,ATL,HOU,"Houston, United States",US,2026-10-31,0,https://www.aviasales.com/search/ATL3110HOU1?t=F917934785401793483580000144ATLIAH_d1745c123b50f7f972251bbe4f1dde40_2197&search_date=13092026&expected_price_uuid=01a09c5e-1e9f-8030-2744-50f781372f70&static_fare_key=TY%7CP0%7CH0%7CL0%7CCH0%7CR0%7CTBC0&itinerary_key=eQ1JNGdzO0dtD3BBg0if4Q&expected_price_source=share&expected_price_currency=usd&expected_price=26&marker=741311
13,29,USD,MCO,WAS,"Washington, United States",US,2026-10-29,0,https://www.aviasales.com/search/MCO2910BWI1?t=F917932536001793261820000137MCOBWI_188547e3a2bec9a540c4debe24909388_2439&search_date=12092026&expected_price_uuid=01a0934f-f2d7-8040-687c-650b65984e43&static_fare_key=TY%7CP0%7CH0%7CL0%7CCH0%7CR0%7CTBC0&itinerary_key=x2XOp60Uq1GlbgydZWu6Tg&origin_airports=0&expected_price_source=share&expected_price_currency=usd&expected_price=29&marker=741311
14,29,USD,SFO,ONT,"Ontario, United States",US,2026-10-01,0,https://www.aviasales.com/search/SFO0110ONT1?t=F917908777201790883360000094SFOONT_0a45c7744a07cf76566af7840c9759b6_2438&search_date=11092026&expected_price_uuid=01a090ca-cf60-8030-eda6-612ec0dedecb&static_fare_key=TY%7CP0%7CH0%7CL0%7CCH0%7CR0%7CTBC0&itinerary_key=Sh8RqblX3TD4i3SxzAj8nQ&expected_price_source=share&expected_price_currency=usd&expected_price=29&marker=741311
15,30,USD,BNA,CHI,"Chicago, United States",US,2026-10-15,0,https://www.aviasales.com/search/BNA1510CHI1?t=G417920615201792066920000090BNARFD_879706faf1979deedf07d856905345ea_2525&search_date=12092026&expected_price_uuid=01a095e4-0c2d-8030-a024-3d1bfde3ea5e&static_fare_key=TY%7CP0%7CH0%7CL0%7CCH0%7CR0%7CTBC0&itinerary_key=4GtLbv89tf5tbmXAy5wpyg&expected_price_source=share&expected_price_currency=usd&expected_price=30&marker=741311
16,30,USD,FLL,CHA,"Chattanooga, United States",US,2026-11-05,0,https://www.aviasales.com/search/FLL0511CHA1?t=G417938626001793870340000129FLLCHA_f0a2d484c96b9a42cb991bd02c9be827_2576&search_date=09092026&expected_price_uuid=01a08435-1e2e-8040-2518-d7a1d75967de&static_fare_key=TY%7CP0%7CH0%7CL0%7CCH0%7CR0%7CTBC0&itinerary_key=p1Sm5SqGjuhtM9rQBhkZ_w&expected_price_source=share&expected_price_currency=usd&expected_price=30&marker=741311
17,31,USD,FLL,AVL,"Asheville, United States",US,2026-10-04,0,https://www.aviasales.com/search/FLL0410AVL1?t=G417911433401791150600000121FLLAVL_9fe65e43200e5937f9fcf34d6e74425c_2655&search_date=08092026&expected_price_uuid=01a080df-12c1-8040-a022-b93e62cf0c7a&static_fare_key=TY%7CP1%7CH0%7CL0%7CCH0%7CR0%7CTBC0&itinerary_key=_h1zg51nnTOdSBQ6_QRFrA&expected_price_source=share&expected_price_currency=usd&expected_price=31&marker=741311
18,64,USD,LAX,SJC,"San Jose, United States",US,2026-10-08,0,https://www.aviasales.com/search/LAX0810SFO1?t=WN17914536001791458400000080LAXSFO_a22a9fff11d6ab92d3a848789187044d_5363&search_date=13092026&expected_price_uuid=01a09c36-295c-8030-677e-164d285e0388&static_fare_key=TY%7CP1%7CH1%7CL0%7CCH0%7CR0%7CTBC0&itinerary_key=aSpYHDV0ITHUyf-9wb27MA&expected_price_source=share&expected_price_currency=usd&expected_price=64&marker=741311
19,125,USD,LAS,SEA,"Seattle, United States",US,2026-10-02,0,https://www.aviasales.com/search/LAS0210SEA1?t=F917909547601790965680000182LASSEA_b4b1ad6779ca1e3ea4e15211e093c5cc_10520&search_date=13092026&expected_price_uuid=01a099bf-e21d-8040-6002-23bd16eb06da&static_fare_key=TY%7CP0%7CH0%7CL0%7CCH0%7CR0%7CTBC0&itinerary_key=5zEikCqAslBlb2unkShy5g&expected_price_source=share&expected_price_currency=usd&expected_price=125&marker=741311
20,37,USD,ATL,MIA,"Miami, United States",US,2026-11-18,0,https://www.aviasales.com/search/ATL1811MIA1?t=F917949903001794997740000124ATLMIA_14d5c640baf6e6d4051371af5d3727f1_3114&search_date=12092026&expected_price_uuid=01a0930f-9de0-8030-e6b2-395fca5f5b85&static_fare_key=TY%7CP0%7CH0%7CL0%7CCH0%7CR0%7CTBC0&itinerary_key=EeZVXQTbWfGBkCs2GjZCpw&expected_price_source=share&expected_price_currency=usd&expected_price=37&marker=741311
21,39,USD,IAH,FLL,"Fort Lauderdale, United States",US,2026-10-19,0,https://www.aviasales.com/search/IAH1910FLL1?t=F917923976401792410720000158IAHFLL_4c1d3d83b92b91d91c7e7d000429ba53_3296&search_date=15092026&expected_price_uuid=01a0a2ba-31c0-8040-6a07-711413049a0b&static_fare_key=TY%7CP0%7CH0%7CL0%7CCH0%7CR0%7CTBC0&itinerary_key=e4BI28lpLfvB5wtDSANE6g&origin_airports=0&expected_price_source=share&expected_price_currency=usd&expected_price=39&marker=741311
22,39,USD,MCO,BNA,"Nashville, United States",US,2026-10-05,0,https://www.aviasales.com/search/MCO0510BNA1?t=F917912146801791218700000127MCOBNA_8e37388e9312efa8540c817aceb7b424_3282&search_date=12092026&expected_price_uuid=01a097be-77f7-8040-6c3a-db852f4a35ac&static_fare_key=TY%7CP0%7CH0%7CL0%7CCH0%7CR0%7CTBC0&itinerary_key=XJAEYXqOsBvivOXLv8qfHA&origin_airports=0&expected_price_source=share&expected_price_currency=usd&expected_price=39&marker=741311
23,40,USD,FLL,CMH,"Columbus, United States",US,2026-11-20,0,https://www.aviasales.com/search/FLL2011CMH1?t=G417951550001795164420000157FLLLCK_a95987408ffdacf49250fc3fc323867e_3380&search_date=14092026&expected_price_uuid=01a0a10f-319b-8030-ecff-03db8450e74c&static_fare_key=TY%7CP0%7CH0%7CL0%7CCH0%7CR0%7CTBC0&itinerary_key=ejBTmbFH1oh2qTKSR4JbwA&expected_price_source=share&expected_price_currency=usd&expected_price=40&marker=741311
24,42,USD,FLL,YTO,"Toronto, Canada",CA,2026-10-01,0,https://www.aviasales.com/search/FLL0110YTO1?t=F817908518001790863500000195FLLYYZ_f3a9c15c571f3dcb45b3d3186084d867_3544&search_date=14092026&expected_price_uuid=01a09d79-96d5-8040-afc6-3b44b5e08641&static_fare_key=TY%7CP0%7CH0%7CL0%7CCH0%7CR0%7CTBC0&itinerary_key=t5tzjk3MLgoRotgwOhh2Rw&expected_price_source=share&expected_price_currency=usd&expected_price=42&marker=741311
25,42,USD,DEN,SLC,"Salt Lake City, United States",US,2026-11-04,0,https://www.aviasales.com/search/DEN0411SLC1?t=F917937837001793789460000096DENSLC_ce48251ec29288be2b882c1a4c6abb1d_3539&search_date=13092026&expected_price_uuid=01a09a94-d052-8030-68fa-8160095219e2&static_fare_key=TY%7CP0%7CH0%7CL0%7CCH0%7CR0%7CTBC0&itinerary_key=WuX3SA-FGmJTyS1QHOcmAA&expected_price_source=share&expected_price_currency=usd&expected_price=42&marker=741311
26,42,USD,TPA,EYW,"Key West, United States",US,2026-09-20,0,https://www.aviasales.com/search/TPA2009EYW1?t=G417899173601789921140000063PIEEYW_1b698859c0e09e007820198e84d067e6_3526&search_date=10092026&expected_price_uuid=01a08c2d-c187-8030-e162-782abb9d10fc&static_fare_key=TY%7CP0%7CH0%7CL0%7CCH0%7CR0%7CTBC0&itinerary_key=XhbhcX3btxuHBFQ7q2_czw&expected_price_source=share&expected_price_currency=usd&expected_price=42&marker=741311
27,42,USD,FLL,ALB,"Albany, United States",US,2026-09-20,0,https://www.aviasales.com/search/FLL2009ALB1?t=G417898882001789899900000195FLLALB_9f8a0161d733a326298e095c700e3c51_3571&search_date=10092026&expected_price_uuid=01a089cb-bc3e-8030-2af3-0373e7f4d539&static_fare_key=TY%7CP0%7CH0%7CL0%7CCH0%7CR0%7CTBC0&itinerary_key=nlJ9-meB5v8t6FrNjg5XUg&expected_price_source=share&expected_price_currency=usd&expected_price=42&marker=741311
29,45,USD,MCO,RDU,"Raleigh, United States",US,2026-11-04,0,https://www.aviasales.com/search/MCO0411RDU1?t=F917937981001793804520000107MCORDU_d65465208bf9081e8fa42b8c2975fb29_3787&search_date=12092026&expected_price_uuid=01a09609-30cd-8040-23c6-1f0835a13bb2&static_fare_key=TY%7CP0%7CH0%7CL0%7CCH0%7CR0%7CTBC0&itinerary_key=DHR8FbFNrHeVuu3bsdbtiw&origin_airports=0&expected_price_source=share&expected_price_currency=usd&expected_price=45&marker=741311
30,46,USD,LAX,SAC,"Sacramento, United States",US,2026-10-08,0,https://www.aviasales.com/search/LAX0810SAC1?t=F917914749001791480840000099LAXSMF_4e1b405c3f31ac0fb912cab01455ce45_3974&search_date=09092026&expected_price_uuid=01a0850b-f819-8030-2027-e0ae616b106b&static_fare_key=TY%7CP1%7CH0%7CL0%7CCH0%7CR0%7CTBC0&itinerary_key=O4XrvS5vC_T4OK9Xoca8fg&expected_price_source=share&expected_price_currency=usd&expected_price=46&marker=741311
31,47,USD,ORD,PHL,"Philadelphia, United States",US,2026-10-10,0,https://www.aviasales.com/search/ORD1010PHL1?t=F917916504601791662640000143ORDPHL_63c8ce349199dc16b31b753a40b6fed6_3946&search_date=11092026&expected_price_uuid=01a08ed8-f066-8040-203f-7c35c7133a22&static_fare_key=TY%7CP0%7CH0%7CL0%7CCH0%7CR0%7CTBC0&itinerary_key=3wwx9k2GgPcTUon-Dsm3VA&origin_airports=0&expected_price_source=share&expected_price_currency=usd&expected_price=47&marker=741311
33,49,USD,MCO,PNS,"Pensacola, United States",US,2026-09-30,0,https://www.aviasales.com/search/MCO3009PNS1?t=MX17907700801790772300000097MCOPNS_85d5eb95b71f79ef766e82371b20955f_4166&search_date=10092026&expected_price_uuid=01a0893d-e53d-8040-6790-69c8278c1a7f&static_fare_key=TY%7CP0%7CH0%7CL0%7CCH0%7CR0%7CTBC0&itinerary_key=J5-mYhdI0B9NCAu0gB7hog&origin_airports=0&expected_price_source=share&expected_price_currency=usd&expected_price=49&marker=741311
34,50,USD,ATL,DFW,"Dallas, United States",US,2026-11-21,0,https://www.aviasales.com/search/ATL2111DFW1?t=F917952802201795286280000161ATLDFW_38bf83ec2c012f45a66426191b7087eb_4207&search_date=11092026&expected_price_uuid=01a091ed-ccf5-8040-2add-c88aaad78fe7&static_fare_key=TY%7CP0%7CH0%7CL0%7CCH0%7CR0%7CTBC0&itinerary_key=DMFWeykiMAX6jd6BIdnMpA&expected_price_source=share&expected_price_currency=usd&expected_price=50&marker=741311
35,50,USD,MCO,CVG,"Cincinnati, United States",US,2026-10-06,1,https://www.aviasales.com/search/MCO0610CVG1?t=F917913071401791373080001099MCOATLCVG_c8bedfb67c6a0d43c2985cd34fe63273_4231&search_date=13092026&expected_price_uuid=01a0986a-5909-8040-a88c-5bf11346db45&static_fare_key=TY%7CP1%7CH0%7CL0%7CCH0%7CR0%7CTBC0&itinerary_key=kjzm2Dml6sZpAuZ-3bg2ug&origin_airports=0&expected_price_source=share&expected_price_currency=usd&expected_price=50&marker=741311
37,51,USD,ATL,IND,"Indianapolis, United States",US,2026-09-28,0,https://www.aviasales.com/search/ATL2809IND1?t=F917906157001790621580000098ATLIND_380c67a5d031889106be6999c189e6f0_4297&search_date=13092026&expected_price_uuid=01a09b00-6c39-8030-ed57-c4bd3052a553&static_fare_key=TY%7CP0%7CH0%7CL0%7CCH0%7CR0%7CTBC0&itinerary_key=QsZQG62RXsNjjzKmYBj_gg&expected_price_source=share&expected_price_currency=usd&expected_price=51&marker=741311
38,51,USD,BNA,FSD,"Sioux Falls, United States",US,2026-09-18,0,https://www.aviasales.com/search/BNA1809FSD1?t=G417897154001789722900000125BNAFSD_187caa64c99e8322d4de6e09916b959e_4397&search_date=08092026&expected_price_uuid=01a08191-32e4-8030-ed0a-223fe5846083&static_fare_key=TY%7CP0%7CH0%7CL0%7CCH0%7CR0%7CTBC0&itinerary_key=FIW0lHF0Y8IgBDBBLaNpYA&expected_price_source=share&expected_price_currency=usd&expected_price=51&marker=741311
39,53,USD,MCO,NYC,"New York, United States",US,2026-10-16,0,https://www.aviasales.com/search/MCO1610NYC1?t=F917921889001792198920000167MCOEWR_2b9b8d156b82f6e45a223f13fda77e75_4482&search_date=14092026&expected_price_uuid=01a0a150-6504-8030-a844-6c9ec6d6ddca&static_fare_key=TY%7CP1%7CH0%7CL0%7CCH0%7CR0%7CTBC0&itinerary_key=QEGvMxMaR4flNfzT4zAiTw&origin_airports=0&expected_price_source=share&expected_price_currency=usd&expected_price=53&marker=741311
40,54,USD,LAS,LGB,"Long Beach, United States",US,2026-10-28,0,https://www.aviasales.com/search/LAS2810LGB1?t=WN17931750001793179200000070LASLGB_e7bd3eb69a6dcc813b6572e3c9eeb7b3_4652&search_date=08092026&expected_price_uuid=01a08281-f686-8030-2079-1195c5293437&static_fare_key=TY%7CP0%7CH0%7CL0%7CCH0%7CR0%7CTBC0&itinerary_key=X6AwSGsTMlrVF_mPvVrD1g&expected_price_source=share&expected_price_currency=usd&expected_price=54&marker=741311
41,55,USD,PHX,YYC,"Calgary, Canada",CA,2026-09-29,1,https://www.aviasales.com/search/PHX2909YYC1?t=WS17906769001790703000000375PHXYEGYYC_608f7cb05496addcf18670f3821e0229_4634&search_date=14092026&expected_price_uuid=01a09ed6-de5d-8030-e244-0d6b7371af95&static_fare_key=TY%7CP0%7CH0%7CL0%7CCH0%7CR0%7CTBC0&itinerary_key=uKdHyUwIPjD3yH3EP1Uzcw&expected_price_source=share&expected_price_currency=usd&expected_price=55&marker=741311
42,55,USD,MCO,MSP,"Minneapolis, United States",US,2026-11-10,1,https://www.aviasales.com/search/MCO1011MSP1?t=F917943027001794319560000341MCOATLMSP_9877693fc95d3c9f33f24aa04930b494_4679&search_date=09092026&expected_price_uuid=01a0879a-8ee8-8040-27f3-896bfbd1b653&static_fare_key=TY%7CP0%7CH0%7CL0%7CCH0%7CR0%7CTBC0&itinerary_key=uUuMLwBTrqu0v9mC3Z-e7A&origin_airports=0&expected_price_source=share&expected_price_currency=usd&expected_price=55&marker=741311
43,58,USD,DCA,BOS,"Boston, United States",US,2026-12-08,0,https://www.aviasales.com/search/DCA0812BOS1?t=AA17967417001796747880000103DCABOS_768c29434be85d1ad6f9549fffdc06cb_5031&search_date=08092026&expected_price_uuid=01a0812c-aebe-8030-acde-93312cb09c85&static_fare_key=TY%7CP0%7CH0%7CL0%7CCH0%7CR0%7CTBC0&itinerary_key=DSM0_OSytNuGLWmtcMzvZw&origin_airports=0&expected_price_source=share&expected_price_currency=usd&expected_price=58&marker=741311
44,59,USD,MCO,BDL,"Hartford, United States",US,2026-10-02,1,https://www.aviasales.com/search/MCO0210BDL1?t=MX17909647201790979960000254MCOEWNBDL_1e5667a40a663289e58f6fcba3015aa6_4954&search_date=11092026&expected_price_uuid=01a08e8a-6f30-8040-24e8-fb6cbbe3a37f&static_fare_key=TY%7CP0%7CH0%7CL0%7CCH0%7CR0%7CTBC0&itinerary_key=zDD0Y4Hw-bgCujjAsTobtQ&origin_airports=0&expected_price_source=share&expected_price_currency=usd&expected_price=59&marker=741311
45,59,USD,ORD,STL,"St Louis, United States",US,2026-10-03,0,https://www.aviasales.com/search/ORD0310STL1?t=AA17910174001791022380000083ORDSTL_a699703e1915fce41ce0ccd78980ceff_5156&search_date=08092026&expected_price_uuid=01a08018-fccf-8030-6e0f-ee7d1f18ffa0&static_fare_key=TY%7CP1%7CH1%7CL0%7CCH0%7CR0%7CTBC0&itinerary_key=nAjb_Uja-2OX7dSMAljG_Q&origin_airports=0&expected_price_source=share&expected_price_currency=usd&expected_price=59&marker=741311
46,60,USD,LAX,RNO,"Reno, United States",US,2027-01-07,0,https://www.aviasales.com/search/LAX0701RNO1?t=WN17993274001799332500000085LAXRNO_04ab1090ee0f54d014221d435bb5fcf0_5096&search_date=09092026&expected_price_uuid=01a08749-1b35-8050-2ef3-9b14ec718fd8&static_fare_key=TY%7CP1%7CH1%7CL0%7CCH0%7CR0%7CTBC0&itinerary_key=iWnzaPRrFSbSgs5sb4iJ7A&expected_price_source=share&expected_price_currency=usd&expected_price=60&marker=741311
47,63,USD,ATL,GDL,"Guadalajara, Mexico",MX,2026-10-05,0,https://www.aviasales.com/search/ATL0510GDL1?t=Y417912058001791214020000257ATLGDL_102a887dc7caaa4f56c15a6e97e1f539_5324&search_date=14092026&expected_price_uuid=01a0a236-0b07-8040-a68a-1bb909d361bf&static_fare_key=TY%7CP0%7CH0%7CL0%7CCH0%7CR0%7CTBC0&itinerary_key=9Y_ZglLZJxPC1uK5hhYYLQ&expected_price_source=share&expected_price_currency=usd&expected_price=63&marker=741311
48,62,USD,MIA,SJU,"San Juan, Puerto Rico",PR,2026-11-09,0,https://www.aviasales.com/search/MIA0911SJU1?t=F917942541001794267480000163MIASJU_d2d5f523e0e3d590f2f2c0ec68ec8227_5274&search_date=15092026&expected_price_uuid=01a0a338-93e9-8040-6b1d-75f3cffaf362&static_fare_key=TY%7CP0%7CH0%7CL0%7CCH0%7CR0%7CTBC0&itinerary_key=w0wpwsgBH5z8iuL7XAXskg&expected_price_source=share&expected_price_currency=usd&expected_price=62&marker=741311
49,63,USD,MCO,SBN,"South Bend, United States",US,2026-09-24,0,https://www.aviasales.com/search/MCO2409SBN1?t=MX17902698601790280360000175MCOSBN_726bc8a6dbb77f5ce227ae92efb6fe31_5324&search_date=14092026&expected_price_uuid=01a0a11b-afff-8030-ed5a-6e32eca8310e&static_fare_key=TY%7CP0%7CH0%7CL0%7CCH0%7CR0%7CTBC0&itinerary_key=272iP7IkqXZFk00UMCBEFA&origin_airports=0&expected_price_source=share&expected_price_currency=usd&expected_price=63&marker=741311
50,65,USD,ATL,ORF,"Norfolk, United States",US,2026-09-27,0,https://www.aviasales.com/search/ATL2709ORF1?t=F917905060801790512140000101ATLORF_08f4cc6e3d4874492fd019eb219f48d9_5467&search_date=12092026&expected_price_uuid=01a09496-0fe2-8030-21fb-796dd4b7a899&static_fare_key=TY%7CP0%7CH0%7CL0%7CCH0%7CR0%7CTBC0&itinerary_key=CRBUPv50v2nR0QapeNeIEQ&expected_price_source=share&expected_price_currency=usd&expected_price=65&marker=741311
51,65,USD,IAD,CLE,"Cleveland, United States",US,2026-10-07,1,https://www.aviasales.com/search/IAD0710CLE1?t=F917913967801791470220001224IADFLLCLE_3552fc66d1ef30d5e6c540ac6f70e06b_5422&search_date=11092026&expected_price_uuid=01a08e50-3cf6-8040-60fe-e6076e78393d&static_fare_key=TY%7CP0%7CH0%7CL0%7CCH0%7CR0%7CTBC0&itinerary_key=IYh-LiLxH-WiG6veAKCphw&origin_airports=0&expected_price_source=share&expected_price_currency=usd&expected_price=65&marker=741311
52,65,USD,SFO,PDX,"Portland, United States",US,2026-10-08,0,https://www.aviasales.com/search/SFO0810PDX1?t=UA17914991401791506040000115SFOPDX_4078230781cf279fe5a0ec3eba6200ae_5493&search_date=15092026&expected_price_uuid=01a0a297-3861-8040-acb3-085695bb6b5e&static_fare_key=TY%7CP0%7CH0%7CL0%7CCH0%7CR0%7CTBC0&itinerary_key=Dc-97GzuEwjumK817lw9QA&expected_price_source=share&expected_price_currency=usd&expected_price=65&marker=741311
53,65,USD,MCO,GSP,"Greenville, United States",US,2026-09-24,0,https://www.aviasales.com/search/MCO2409GSP1?t=MX17902806001790286600000100MCOGSP_9eb9ae815709f491faf9afbb4c6a6fb2_5478&search_date=12092026&expected_price_uuid=01a09803-aefc-8030-6c47-d43f8e734f27&static_fare_key=TY%7CP0%7CH0%7CL0%7CCH0%7CR0%7CTBC0&itinerary_key=-Rwql6_MFmn-fpZh7ADXog&origin_airports=0&expected_price_source=share&expected_price_currency=usd&expected_price=65&marker=741311
54,66,USD,TPA,TYS,"Knoxville, United States",US,2026-09-22,0,https://www.aviasales.com/search/TPA2209TYS1?t=G417900640001790069940000099PIETYS_ab6d0e96e03718bca980f6cb0d8d4b43_5571&search_date=14092026&expected_price_uuid=01a0a082-2d56-8040-28c8-a7ccf3755c40&static_fare_key=TY%7CP0%7CH0%7CL0%7CCH0%7CR0%7CTBC0&itinerary_key=et2O9BOP_7ceMwM6vJfLgA&expected_price_source=share&expected_price_currency=usd&expected_price=66&marker=741311
55,66,USD,PHX,YEA,"Edmonton, Canada",CA,2026-09-29,1,https://www.aviasales.com/search/PHX2909YEA1?t=WS17906688001790695500000385PHXYYCYEG_d1f9414fa76c8b1a4714470e50796fec_5603&search_date=14092026&expected_price_uuid=01a0a14c-d145-8030-2abd-b87b18b82a98&static_fare_key=TY%7CP0%7CH0%7CL0%7CCH0%7CR0%7CTBC0&itinerary_key=kuwonRlJE5TPKBCP-eYk6A&expected_price_source=share&expected_price_currency=usd&expected_price=66&marker=741311
56,68,USD,MCO,CLT,"Charlotte, United States",US,2026-09-27,0,https://www.aviasales.com/search/MCO2709CLT1?t=F917904912001790498100000115MCOCLT_f1516577f00ca43f20265f8cc49b9a18_5838&search_date=09092026&expected_price_uuid=01a083e9-20f3-8040-a467-023a9bdd2f60&static_fare_key=TY%7CP0%7CH0%7CL0%7CCH0%7CR0%7CTBC0&itinerary_key=u8-s-HnxY-apUprTAjVcow&origin_airports=0&expected_price_source=share&expected_price_currency=usd&expected_price=68&marker=741311
57,69,USD,LAX,YVR,"Vancouver, Canada",CA,2026-10-17,2,https://www.aviasales.com/search/LAX1710YVR1?t=AS17922204001792254540000569LAXPDXSEAYVR_6c4400520bdb86d46eeab5249562d49c_5770&search_date=13092026&expected_price_uuid=01a099b7-0718-8040-a2be-1734ebe0ae02&static_fare_key=TY%7CP1%7CH0%7CL0%7CCH0%7CR0%7CTBC0&itinerary_key=yjkkI0LiIf1MYgbfhtyXeQ&expected_price_source=share&expected_price_currency=usd&expected_price=69&marker=741311
58,70,USD,ATL,MSY,"New Orleans, United States",US,2026-11-26,1,https://www.aviasales.com/search/ATL2611MSY1?t=WN17956764001795685400000210ATLBNAMSY_d9d06714ab1b9dc57d08ce596266d5f7_6000&search_date=09092026&expected_price_uuid=01a08558-8524-8040-61cc-6c9938a2a68c&static_fare_key=TY%7CP0%7CH0%7CL0%7CCH0%7CR0%7CTBC0&itinerary_key=M9SyI3mSUHCJADzQT7mPrw&expected_price_source=share&expected_price_currency=usd&expected_price=70&marker=741311
59,71,USD,TPA,IAG,"Niagara Falls, United States",US,2026-09-20,0,https://www.aviasales.com/search/TPA2009IAG1?t=G417898879001789897380000158PIEIAG_d5fedd309a2255b23952206b48180da3_6036&search_date=10092026&expected_price_uuid=01a089a0-8ddf-8030-2520-344fd3898b5d&static_fare_key=TY%7CP0%7CH0%7CL0%7CCH0%7CR0%7CTBC0&itinerary_key=W1avNPP1iqg0ZrBtVm4fPg&expected_price_source=share&expected_price_currency=usd&expected_price=71&marker=741311
60,73,USD,LAS,FAT,"Fresno, United States",US,2026-09-22,0,https://www.aviasales.com/search/LAS2209FAT1?t=G417900892001790093940000079LASFAT_3105645fa61446c2926628d1cd1a3b34_6144&search_date=12092026&expected_price_uuid=01a096d6-a0fd-8030-2996-0f9640e8c4cb&static_fare_key=TY%7CP0%7CH0%7CL0%7CCH0%7CR0%7CTBC0&itinerary_key=GTo3UVhKQUV49qqxDcPBTQ&expected_price_source=share&expected_price_currency=usd&expected_price=73&marker=741311
61,74,USD,IAD,PIT,"Pittsburgh, United States",US,2026-09-24,1,https://www.aviasales.com/search/IAD2409PIT1?t=9X17902383001790259720000357IADDUJPIT_6316b384188f9d78e6fdbf74f5c7b783_6239&search_date=14092026&expected_price_uuid=01a09ff1-7b2a-8030-27c2-0ce28a8b7a8f&static_fare_key=TY%7CP0%7CH0%7CL1_1_20%7CCH0%7CR0%7CTBC1&itinerary_key=KDbPMFoiB2J9JGNpjLnZLQ&origin_airports=0&expected_price_source=share&expected_price_currency=usd&expected_price=74&marker=741311
62,74,USD,AUS,MEX,"Mexico City, Mexico",MX,2026-11-13,1,https://www.aviasales.com/search/AUS1311MEX1?t=VB17945781001794607200000485AUSMTYMEX_0387faa23784c7e2fde2521e3bc625b4_6213&search_date=10092026&expected_price_uuid=01a08d69-6f1a-8040-66ec-7b9650bcc77a&static_fare_key=TY%7CP0%7CH0%7CL0%7CCH0%7CR0%7CTBC0&itinerary_key=Ya0rPsk1Cb8Y9nsP0Lw5tg&expected_price_source=share&expected_price_currency=usd&expected_price=74&marker=741311
63,74,USD,FLL,MSN,"Madison, United States",US,2026-09-30,1,https://www.aviasales.com/search/FLL3009MSN1?t=MX17907480001790761980000293FLLTPAMSN_1f66d2ffdff26537fb8371afb9089be7_6224&search_date=11092026&expected_price_uuid=01a08fc3-b910-8030-aa13-d9d8e4814261&static_fare_key=TY%7CP0%7CH0%7CL0%7CCH0%7CR0%7CTBC0&itinerary_key=sWBpON3zGAzovgEx8OpG2Q&expected_price_source=share&expected_price_currency=usd&expected_price=74&marker=741311
64,76,USD,PHL,DTT,"Detroit, United States",US,2026-11-03,1,https://www.aviasales.com/search/PHL0311DTT1?t=F917937265201793753040000442PHLATLDTW_8d7eac23fd8993742c042a7d90f2d86a_6422&search_date=12092026&expected_price_uuid=01a09398-6c05-8030-ebdd-d7a024a2b5a4&static_fare_key=TY%7CP1%7CH0%7CL0%7CCH0%7CR0%7CTBC0&itinerary_key=ZfBxTtmhNihNqIc-stZHIw&expected_price_source=share&expected_price_currency=usd&expected_price=76&marker=741311
65,76,USD,SEA,BZN,"Bozeman, United States",US,2026-10-17,0,https://www.aviasales.com/search/SEA1710BZN1?t=AS17922204001792230000000100SEABZN_1af88130112305c63f1641da544b3bbe_6475&search_date=10092026&expected_price_uuid=01a089aa-6826-8030-a1c0-b2006843b987&static_fare_key=TY%7CP1%7CH0%7CL0%7CCH0%7CR0%7CTBC0&itinerary_key=qJ04dbq5St7zOdQvQYrf7Q&expected_price_source=share&expected_price_currency=usd&expected_price=76&marker=741311
66,78,USD,BOS,LEB,"Lebanon, United States",US,2026-09-22,0,https://www.aviasales.com/search/BOS2209LEB1?t=9K17900676001790071500000065BOSLEB_82d5a1cc92c15ada7838350142bcca75_6564&search_date=12092026&expected_price_uuid=01a095ff-740f-8030-2967-613ff2393ea3&static_fare_key=TY%7CP0%7CH1%7CL0%7CCH0%7CR0%7CTBC0&itinerary_key=-7npPqxftPjeBWd-n51E1w&expected_price_source=share&expected_price_currency=usd&expected_price=78&marker=741311
67,78,USD,PHX,PVU,"Provo, United States",US,2026-10-02,0,https://www.aviasales.com/search/PHX0210PVU1?t=MX17909685601790978220000101PHXPVU_2fd741c35585d1b80330fbba167097f2_6570&search_date=10092026&expected_price_uuid=01a08b0a-8550-8040-6598-b037d218d5f4&static_fare_key=TY%7CP0%7CH0%7CL0%7CCH0%7CR0%7CTBC0&itinerary_key=zJTiPSm7ZlOB8duzBk1GNQ&expected_price_source=share&expected_price_currency=usd&expected_price=78&marker=741311
70,82,USD,TPA,CAK,"Akron, United States",US,2026-11-19,0,https://www.aviasales.com/search/TPA1911CAK1?t=G417950695001795078200000145PIECAK_8ba680be4f2683e480585ad6832c6286_7040&search_date=09092026&expected_price_uuid=01a083ec-02ce-8040-2481-21e42c7654aa&static_fare_key=TY%7CP0%7CH0%7CL0%7CCH0%7CR0%7CTBC0&itinerary_key=2AWQ4BUq9KknrIuPUdK-4A&expected_price_source=share&expected_price_currency=usd&expected_price=82&marker=741311
71,83,USD,DFW,AUS,"Austin, United States",US,2026-09-30,0,https://www.aviasales.com/search/DFW3009AUS1?t=WN17907543001790757900000060DALAUS_508c6d31023c4c583a9cf58bbc97f722_7073&search_date=10092026&expected_price_uuid=01a088d6-1f65-8030-ab7d-7d9250547c19&static_fare_key=TY%7CP0%7CH1%7CL0%7CCH0%7CR0%7CTBC0&itinerary_key=lFRdUbx0ejzPzHnA_ywZRA&expected_price_source=share&expected_price_currency=usd&expected_price=83&marker=741311
72,83,USD,RDU,ROC,"Rochester, United States",US,2026-10-23,0,https://www.aviasales.com/search/RDU2310ROC1?t=MX17927716801792778160000108RDUROC_bf413aa60988eb34d0e3e62cf16a1fb3_6977&search_date=10092026&expected_price_uuid=01a08b87-0608-8040-a032-07268cbcc9a3&static_fare_key=TY%7CP0%7CH0%7CL0%7CCH0%7CR0%7CTBC0&itinerary_key=CMHGGpAEH-UCPdaXEW9muQ&expected_price_source=share&expected_price_currency=usd&expected_price=83&marker=741311
73,83,USD,DFW,SLP,"San Luis Potosi, Mexico",MX,2026-10-14,0,https://www.aviasales.com/search/DFW1410SLP1?t=Y417919813601791985560000130DFWSLP_ad655c78ebd00629f769354cf132aa1d_7085&search_date=08092026&expected_price_uuid=01a081ab-52b4-8040-a557-28e1c914c8ce&static_fare_key=TY%7CP0%7CH0%7CL0%7CCH0%7CR0%7CTBC0&itinerary_key=lQ-NeWdB4m27InsY2gzwMA&expected_price_source=share&expected_price_currency=usd&expected_price=83&marker=741311
74,85,USD,LAS,YWG,"Winnipeg, Canada",CA,2026-09-29,2,https://www.aviasales.com/search/LAS2909YWG1?t=WS17906880001790729700000575LASYVRYYCYWG_dc8b1a9253e9e179451ed20b65c17858_7142&search_date=14092026&expected_price_uuid=01a09d61-c464-8030-6296-7bf8ec3ae55a&static_fare_key=TY%7CP0%7CH0%7CL0%7CCH0%7CR0%7CTBC0&itinerary_key=DvZh2p_ZkqUhYMWa36oKCQ&expected_price_source=share&expected_price_currency=usd&expected_price=85&marker=741311
75,85,USD,CLT,BKW,"Beckley, United States",US,2026-09-20,0,https://www.aviasales.com/search/CLT2009BKW1?t=LF17899263001789931100000080CLTBKW_d5532c9d7efb67a769dcab04b4dccc38_7147&search_date=10092026&expected_price_uuid=01a08b6e-0809-8030-e8ed-083df31917d3&static_fare_key=TY%7CP0%7CH1%7CL0%7CCH0%7CR0%7CTBC0&itinerary_key=vycJ6oGO_kGEDl9vFLik4A&expected_price_source=share&expected_price_currency=usd&expected_price=85&marker=741311
76,86,USD,MCO,CHS,"Charleston, United States",US,2026-09-24,0,https://www.aviasales.com/search/MCO2409CHS1?t=MX17902338001790239080000088MCOCHS_54f25ccc449224d63223540a92de0dcb_7268&search_date=14092026&expected_price_uuid=01a0a1af-0e2e-8030-a079-d2c744a219a0&static_fare_key=TY%7CP0%7CH0%7CL0%7CCH0%7CR0%7CTBC0&itinerary_key=93ihWs3c9tIzqhp1YH1pCA&origin_airports=0&expected_price_source=share&expected_price_currency=usd&expected_price=86&marker=741311
77,85,USD,SEA,BOI,"Boise, United States",US,2026-10-07,0,https://www.aviasales.com/search/SEA0710BOI1?t=AS17914085401791417540000090SEABOI_33293f7e34e25912c6d1eb7c4f78749f_7266&search_date=10092026&expected_price_uuid=01a089cc-7519-8030-a18b-529f486641a1&static_fare_key=TY%7CP1%7CH1%7CL0%7CCH0%7CR0%7CTBC0&itinerary_key=xflu077EG1-kEGCLbGiouw&expected_price_source=share&expected_price_currency=usd&expected_price=85&marker=741311
78,86,USD,MSP,HRL,"Harlingen, United States",US,2026-12-15,2,https://www.aviasales.com/search/MSP1512HRL1?t=WN17973210001797349800000480MSPSTLHOUHRL_cc66c4e471fe915f77b3967651fe5e13_7268&search_date=14092026&expected_price_uuid=01a0a20c-6236-8040-ac7d-074a3c3b7f60&static_fare_key=TY%7CP0%7CH1%7CL0%7CCH0%7CR0%7CTBC0&itinerary_key=um_2LEZXemIQqXfd_6duDA&expected_price_source=share&expected_price_currency=usd&expected_price=86&marker=741311
79,87,USD,IAH,QRO,"Queretaro, Mexico",MX,2026-09-21,0,https://www.aviasales.com/search/IAH2109QRO1?t=Y417900305201790034120000120IAHQRO_10f1f14710544375a74137455cc222ad_7322&search_date=11092026&expected_price_uuid=01a090e8-1feb-8040-a269-0b3fd444e943&static_fare_key=TY%7CP0%7CH0%7CL0%7CCH0%7CR0%7CTBC0&itinerary_key=cCc8uRb95LmyIwhkcu87qQ&origin_airports=0&expected_price_source=share&expected_price_currency=usd&expected_price=87&marker=741311
80,87,USD,PHX,GEG,"Spokane, United States",US,2026-10-26,0,https://www.aviasales.com/search/PHX2610GEG1?t=G417930301001793039940000164AZAGEG_efd54a8ee63900100868a5497f10add8_7322&search_date=12092026&expected_price_uuid=01a0949e-29f1-8030-2e99-6da32771dbf1&static_fare_key=TY%7CP0%7CH0%7CL0%7CCH0%7CR0%7CTBC0&itinerary_key=7biJVLRxmElGOa32C2TmIw&expected_price_source=share&expected_price_currency=usd&expected_price=87&marker=741311
81,88,USD,RDU,FMY,"Fort Myers, United States",US,2026-09-19,0,https://www.aviasales.com/search/RDU1909FMY1?t=MX17898483001789855980000128RDURSW_2ca6a4c9f90fec052c277be7ef35140e_7414&search_date=13092026&expected_price_uuid=01a09b2e-3ae7-8030-6eab-45640c093d68&static_fare_key=TY%7CP0%7CH0%7CL0%7CCH0%7CR0%7CTBC0&itinerary_key=zyVEq7MnFahwmapvig6jwQ&expected_price_source=share&expected_price_currency=usd&expected_price=88&marker=741311
82,88,USD,AUS,ELP,"El Paso, United States",US,2026-10-21,1,https://www.aviasales.com/search/AUS2110ELP1?t=F917926140601792694460001400AUSDENELP_960c7e9ac5eac899597f8a0c55ac9094_7406&search_date=12092026&expected_price_uuid=01a09365-e543-8040-a554-4f0fe8c554db&static_fare_key=TY%7CP0%7CH0%7CL0%7CCH0%7CR0%7CTBC0&itinerary_key=yaH8u5Xs8iAFvaGARCiHtQ&expected_price_source=share&expected_price_currency=usd&expected_price=88&marker=741311
83,373,USD,TPA,YKF,"Kitchener, Canada",CA,2026-12-15,1,https://www.aviasales.com/search/TPA1512YKF1?t=PD17973535201797531300002963TPAFLLYYZYHZYKF_c5ca3842197f5a1cc43adecb96dd09d4_31511&search_date=14092026&expected_price_uuid=01a09da9-19c0-8040-67bf-583f791686fa&static_fare_key=TY%7CP0%7CH0%7CL0%7CCH0%7CR0%7CTBC0&itinerary_key=xyQ8gOUEHBPX6JMyzf4f8w&expected_price_source=share&expected_price_currency=usd&expected_price=373&marker=741311
84,90,USD,IAH,MTY,"Monterrey, Mexico",MX,2026-10-04,0,https://www.aviasales.com/search/IAH0410MTY1?t=VB17911071601791109260000095IAHMTY_7b47d4cd0694ec83b75d675ca70f1f09_7756&search_date=08092026&expected_price_uuid=01a0805a-c4c0-8040-2957-a7e19dba3f70&static_fare_key=TY%7CP0%7CH0%7CL0%7CCH0%7CR0%7CTBC0&itinerary_key=YZRwGVoew2txUWwJPGOPww&origin_airports=0&expected_price_source=share&expected_price_currency=usd&expected_price=90&marker=741311
85,91,USD,MIA,NAS,"Nassau, Bahamas",BS,2026-11-06,0,https://www.aviasales.com/search/MIA0611NAS1?t=UP17939592001793962800000060MIANAS_02848bc3ef09c24e734abf9716b98dcf_7613&search_date=14092026&expected_price_uuid=01a09f33-d473-8030-6c08-37a18f3beb49&static_fare_key=TY%7CP1%7CH0%7CL0%7CCH0%7CR0%7CTBC0&itinerary_key=yABGfdezT6z-U8GJx4WMqQ&expected_price_source=share&expected_price_currency=usd&expected_price=91&marker=741311
86,91,USD,IAH,BJX,"Leon/Guanajuato, Mexico",MX,2026-09-20,0,https://www.aviasales.com/search/IAH2009BJX1?t=VB17899356001789939800000130IAHBJX_f37c10681d89787a8c87541b2adf97e0_7640&search_date=10092026&expected_price_uuid=01a08d1e-0d9c-8030-22c1-f1ea369b173c&static_fare_key=TY%7CP0%7CH0%7CL0%7CCH0%7CR0%7CTBC0&itinerary_key=LeJ8S8ko2P_lYJ9Q84qK_A&origin_airports=0&expected_price_source=share&expected_price_currency=usd&expected_price=91&marker=741311
87,92,USD,DEN,MKC,"Kansas City, United States",US,2026-11-21,0,https://www.aviasales.com/search/DEN2111MKC1?t=F917952801601795289640000098DENMCI_8320fd08cef6f3ce53599fa2dc4ab2aa_7743&search_date=13092026&expected_price_uuid=01a09872-fb9f-8040-69f9-d1b7d5cb4edb&static_fare_key=TY%7CP0%7CH0%7CL0%7CCH0%7CR0%7CTBC0&itinerary_key=sWCsGBbt3DXPmHayUXGRgg&expected_price_source=share&expected_price_currency=usd&expected_price=92&marker=741311
88,93,USD,MCO,HSV,"Huntsville, United States",US,2026-09-21,0,https://www.aviasales.com/search/MCO2109HSV1?t=MX17900134201790017020000120MCOHSV_ec401d46d149742795cdd9d23c7a4276_7824&search_date=14092026&expected_price_uuid=01a09eb2-7bc9-8030-22dc-9c98df7c4499&static_fare_key=TY%7CP0%7CH0%7CL0%7CCH0%7CR0%7CTBC0&itinerary_key=zbuaOPqdZehaX7c5aaiFlA&origin_airports=0&expected_price_source=share&expected_price_currency=usd&expected_price=93&marker=741311
89,95,USD,ORD,UIN,"Quincy, United States",US,2026-09-24,0,https://www.aviasales.com/search/ORD2409UIN1?t=LF17902530001790258100000085ORDUIN_11101ba29fa1534be1e379e880a4205c_8005&search_date=14092026&expected_price_uuid=01a09ff6-eaa2-8030-272f-ba8afc9d4528&static_fare_key=TY%7CP0%7CH1%7CL0%7CCH0%7CR0%7CTBC0&itinerary_key=jy7SsqOoURheEMEiq8WxPA&origin_airports=0&expected_price_source=share&expected_price_currency=usd&expected_price=95&marker=741311
90,95,USD,TPA,HTS,"Huntington, United States",US,2026-09-21,0,https://www.aviasales.com/search/TPA2109HTS1?t=G417900029201790009640000112PIEHTS_c96049187f467e3e9b0146c6c17221ae_7976&search_date=11092026&expected_price_uuid=01a08ead-351b-8030-2a63-073cb578737b&static_fare_key=TY%7CP0%7CH0%7CL0%7CCH0%7CR0%7CTBC0&itinerary_key=OpSslNge9ajw14Gd9ft4xw&expected_price_source=share&expected_price_currency=usd&expected_price=95&marker=741311
91,98,USD,MCO,BQN,"Aguadilla, Puerto Rico",PR,2026-10-24,0,https://www.aviasales.com/search/MCO2410BQN1?t=F917928267001792837320000177MCOBQN_f459be3d40b7ca07552e9578fc56440a_8247&search_date=13092026&expected_price_uuid=01a0993e-d0e4-8040-af88-7759df657cbc&static_fare_key=TY%7CP0%7CH0%7CL0%7CCH0%7CR0%7CTBC0&itinerary_key=cuZ9yUyIYD9hlejs0rwNKg&origin_airports=0&expected_price_source=share&expected_price_currency=usd&expected_price=98&marker=741311
92,99,USD,FLL,YMQ,"Montreal, Canada",CA,2026-09-25,1,https://www.aviasales.com/search/FLL2509YMQ1?t=WS17903577001790382300000410FLLYYZYUL_fb297c7460e7c77737503db1037cdf38_8329&search_date=11092026&expected_price_uuid=01a090fb-4dba-8040-aa4e-080d28b50761&static_fare_key=TY%7CP0%7CH0%7CL0%7CCH0%7CR0%7CTBC0&itinerary_key=GxFoYmBU9uNilrA_j-Pgsw&expected_price_source=share&expected_price_currency=usd&expected_price=99&marker=741311
93,101,USD,FLL,YOW,"Ottawa, Canada",CA,2026-09-29,1,https://www.aviasales.com/search/FLL2909YOW1?t=UA17906652001790699880000578FLLEWRYOW_709e7b54d284e0008c52f363ba4e1fd0_8536&search_date=14092026&expected_price_uuid=01a09e3b-bb5a-8030-ef75-7d055f573678&static_fare_key=TY%7CP0%7CH0%7CL0%7CCH0%7CR0%7CTBC0&itinerary_key=wMaj7-8yuywu8EHBR6MiXQ&expected_price_source=share&expected_price_currency=usd&expected_price=101&marker=741311
94,103,USD,MCO,BUF,"Buffalo, United States",US,2026-09-29,0,https://www.aviasales.com/search/MCO2909BUF1?t=F917906947201790704140000157MCOBUF_7b19621ec7b7625ed25278cc726aebe4_8712&search_date=14092026&expected_price_uuid=01a09e75-f2de-8030-23ba-ac7abfc18aa1&static_fare_key=TY%7CP0%7CH0%7CL0%7CCH0%7CR0%7CTBC0&itinerary_key=T_AJ0lqaJ_4f8yKyEz8ihg&origin_airports=0&expected_price_source=share&expected_price_currency=usd&expected_price=103&marker=741311
95,104,USD,MCO,ABE,"Allentown, United States",US,2026-09-24,0,https://www.aviasales.com/search/MCO2409ABE1?t=G417902724401790281500000151MCOABE_0aae98f015c67f3a03f5253aa3e7f15e_8788&search_date=14092026&expected_price_uuid=01a0a118-a648-8030-e3de-b679280350cc&static_fare_key=TY%7CP0%7CH1%7CL0%7CCH0%7CR0%7CTBC0&itinerary_key=4tFe6TZ2n-HkBVQSNksU3Q&origin_airports=0&expected_price_source=share&expected_price_currency=usd&expected_price=104&marker=741311
96,104,USD,FLL,YHZ,"Halifax, Canada",CA,2026-09-29,1,https://www.aviasales.com/search/FLL2909YHZ1?t=PD17906892001790725620000547FLLYYZYHZ_a9ea7028b73346f1b53ffcbe9776924d_8753&search_date=14092026&expected_price_uuid=01a09eb1-510b-8030-2792-c339879f4513&static_fare_key=TY%7CP0%7CH0%7CL0%7CCH0%7CR0%7CTBC0&itinerary_key=YdtX8wjvBpB_ljaoAeJh1g&expected_price_source=share&expected_price_currency=usd&expected_price=104&marker=741311
97,104,USD,DEN,CDR,"Chadron, United States",US,2026-09-21,0,https://www.aviasales.com/search/DEN2109CDR1?t=KG17900010001790005500000075DENCDR_558681e54691b5a1b0ca3cac49d2db2e_8731&search_date=11092026&expected_price_uuid=01a08f1d-6558-8030-6b47-f33d11df5891&static_fare_key=TY%7CP0%7CH1%7CL0%7CCH0%7CR0%7CTBC0&itinerary_key=3y95CJt_HrHZmP6GZLydMw&expected_price_source=share&expected_price_currency=usd&expected_price=104&marker=741311
98,105,USD,SFO,HNL,"Honolulu, United States",US,2026-11-09,0,https://www.aviasales.com/search/SFO0911HNL1?t=AS17942088001794222600000350SFOHNL_b9d8fea044db33c0cfb530f204454684_8859&search_date=15092026&expected_price_uuid=01a0a292-6117-8030-28f5-9a01e4efd72e&static_fare_key=TY%7CP0%7CH1%7CL0%7CCH0%7CR0%7CTBC0&itinerary_key=ZrgNJjFfpwPyXaqSpfy_MA&expected_price_source=share&expected_price_currency=usd&expected_price=105&marker=741311
99,106,USD,ORD,MBL,"Manistee, United States",US,2026-09-19,0,https://www.aviasales.com/search/ORD1909MBL1?t=LF17898162001789824600000080ORDMBL_f64be57e0c9016ade9e2a0453e6c0e01_9092&search_date=09092026&expected_price_uuid=01a0849d-478c-8030-e97c-fbb194f8fb07&static_fare_key=TY%7CP0%7CH1%7CL0%7CCH0%7CR0%7CTBC0&itinerary_key=qqgFSBcPkqF3OOAhIngOyA&origin_airports=0&expected_price_source=share&expected_price_currency=usd&expected_price=106&marker=741311
100,108,USD,DFW,HOT,"Hot Springs, United States",US,2026-09-23,0,https://www.aviasales.com/search/DFW2309HOT1?t=9X17901560401790162040000100DFWHOT_7ef0d2a80d022e9f53e02802b07291cf_9099&search_date=13092026&expected_price_uuid=01a09a66-8bbf-8030-a574-9bd6d2d6f21f&static_fare_key=TY%7CP0%7CH0%7CL1_1_20%7CCH0%7CR0%7CTBC1&itinerary_key=dKtCpwssglZpYPUcbgbWIg&expected_price_source=share&expected_price_currency=usd&expected_price=108&marker=741311
101,108,USD,PHX,SOW,"Show Low, United States",US,2026-09-24,0,https://www.aviasales.com/search/PHX2409SOW1?t=LF17902449001790248500000060PHXSOW_5bbbb65ac0352cf83ef406265c1dfd6b_9059&search_date=14092026&expected_price_uuid=01a09f70-a2af-8030-ee71-adc126e8736f&static_fare_key=TY%7CP0%7CH1%7CL0%7CCH0%7CR0%7CTBC0&itinerary_key=PqwMZ-gvJraVpxBZ6lZZwg&expected_price_source=share&expected_price_currency=usd&expected_price=108&marker=741311
102,109,USD,DEN,CNY,"Moab, United States",US,2026-09-21,0,https://www.aviasales.com/search/DEN2109CNY1?t=LF17899938001789999500000095DENCNY_ebeac2b7f8d3948852dffb03aa39088d_9151&search_date=11092026&expected_price_uuid=01a08df0-7f94-8030-e856-876cb1e73283&static_fare_key=TY%7CP0%7CH1%7CL0%7CCH0%7CR0%7CTBC0&itinerary_key=tMZhGU75IpbIZxgwiriRjA&expected_price_source=share&expected_price_currency=usd&expected_price=109&marker=741311
104,110,USD,SFO,BFL,"Bakersfield, United States",US,2026-09-17,0,https://www.aviasales.com/search/SFO1709BFL1?t=UA17896362601789641540000088SFOBFL_8b111dc53a52954ea7e4f14b93ed35dc_9296&search_date=14092026&expected_price_uuid=01a0a24e-8f2a-8040-2205-e7513232c515&static_fare_key=TY%7CP0%7CH0%7CL0%7CCH0%7CR0%7CTBC0&itinerary_key=BxCOZSv7YRCsKkobGlyeZQ&expected_price_source=share&expected_price_currency=usd&expected_price=110&marker=741311
105,112,USD,JFK,SXM,"Sint Maarten, Sint Maarten",SX,2027-01-11,0,https://www.aviasales.com/search/JFK1101SXM1?t=B617996538001799672400000250JFKSXM_96f2b3d1ac5d8d8d063e5609de1be17d_9423&search_date=13092026&expected_price_uuid=01a09a9a-445b-8030-2d4a-a1114109cdb4&static_fare_key=TY%7CP1%7CH1%7CL0%7CCH0%7CR0%7CTBC0&itinerary_key=oJVaePvTdbBwTFcD4Gd07w&origin_airports=0&expected_price_source=share&expected_price_currency=usd&expected_price=112&marker=741311
106,112,USD,PHX,GRR,"Grand Rapids, United States",US,2026-10-02,0,https://www.aviasales.com/search/PHX0210GRR1?t=G417909309401790954280000209AZAGRR_b05e72997a16bc80404b71edb8cce3d5_9616&search_date=08092026&expected_price_uuid=01a081e6-b3ca-8040-273e-5f9feff4ae71&static_fare_key=TY%7CP0%7CH0%7CL0%7CCH0%7CR0%7CTBC0&itinerary_key=K5s1CI03FsGhQ_tP_HPVtA&expected_price_source=share&expected_price_currency=usd&expected_price=112&marker=741311
107,113,USD,DEN,ABQ,"Albuquerque, United States",US,2026-09-28,1,https://www.aviasales.com/search/DEN2809ABQ1?t=LF17906142001790675100001015DENCNMABQ_c8d5352709d72946bb4af462890c8c67_9523&search_date=13092026&expected_price_uuid=01a09cb2-dd04-8030-6208-8007da7d8a7d&static_fare_key=TY%7CP0%7CH1%7CL0%7CCH0%7CR0%7CTBC0&itinerary_key=8qPs3y_GcV4iYBh1jbLoXQ&expected_price_source=share&expected_price_currency=usd&expected_price=113&marker=741311
108,113,USD,DEN,VEL,"Vernal, United States",US,2026-09-23,0,https://www.aviasales.com/search/DEN2309VEL1?t=LF17901852001790190000000080DENVEL_96fb1c386524447e5674f38528e2996d_9521&search_date=13092026&expected_price_uuid=01a09b6f-d673-8030-a560-196b5b48b1d6&static_fare_key=TY%7CP0%7CH1%7CL0%7CCH0%7CR0%7CTBC0&itinerary_key=ghsxhGl7Oq9rCoaAZHV2Dw&expected_price_source=share&expected_price_currency=usd&expected_price=113&marker=741311
109,114,USD,ORD,MKE,"Milwaukee, United States",US,2026-10-18,0,https://www.aviasales.com/search/ORD1810MKE1?t=AA17923593601792363440000068ORDMKE_7e423f8833d6f2d475e392d3f8881d81_9881&search_date=08092026&expected_price_uuid=01a08081-2b80-8040-af45-b64450199a27&static_fare_key=TY%7CP0%7CH1%7CL0%7CCH0%7CR0%7CTBC0&itinerary_key=4ST1SGJCwrlm41yBacGnhg&origin_airports=0&expected_price_source=share&expected_price_currency=usd&expected_price=114&marker=741311
110,116,USD,LAX,MFR,"Medford, United States",US,2026-10-31,1,https://www.aviasales.com/search/LAX3110MFR1?t=UA17934456601793470140000408LAXSFOMFR_0e6d595539d0d252e882befed0754edb_9785&search_date=13092026&expected_price_uuid=01a09d03-b4e9-8040-2cbc-90aee8402380&static_fare_key=TY%7CP0%7CH0%7CL0%7CCH0%7CR0%7CTBC0&itinerary_key=J5bNu2DjKo_1QtuqHLVDow&expected_price_source=share&expected_price_currency=usd&expected_price=116&marker=741311
111,117,USD,DFW,MEM,"Memphis, United States",US,2026-09-23,1,https://www.aviasales.com/search/DFW2309MEM1?t=F917901953401790264400001151DFWDENMEM_325fe1ea126442c64d26c3a28b7a1cd0_10112&search_date=08092026&expected_price_uuid=01a08189-0f8b-8030-e684-71eb54e148a1&static_fare_key=TY%7CP0%7CH0%7CL0%7CCH0%7CR0%7CTBC0&itinerary_key=i2LsrRy7Uw1jAuxHYvZX5A&expected_price_source=share&expected_price_currency=usd&expected_price=117&marker=741311
112,117,USD,LAX,MCE,"Merced, United States",US,2026-09-19,0,https://www.aviasales.com/search/LAX1909MCE1?t=LF17898189001789824900000100LAXMCE_d0d19d62d0993cad944ead1fba5c6ae5_9940&search_date=09092026&expected_price_uuid=01a087e6-7291-8030-64c9-36c8cdf35531&static_fare_key=TY%7CP0%7CH1%7CL0%7CCH0%7CR0%7CTBC0&itinerary_key=JFcuGY4c9YJWCdhUDh3IeA&expected_price_source=share&expected_price_currency=usd&expected_price=117&marker=741311
114,118,USD,BNA,VPS,"Fort Walton Beach, United States",US,2026-10-03,1,https://www.aviasales.com/search/BNA0310VPS1?t=AA17910525601791070980000307BNAMIAVPS_0efd5bc4d4a864906a17e7d03100879d_10124&search_date=08092026&expected_price_uuid=01a0825f-c469-8040-2926-ac9d33a650ea&static_fare_key=TY%7CP0%7CH1%7CL0%7CCH0%7CR0%7CTBC0&itinerary_key=jx_HRof5rIWL13BUpRc-sA&expected_price_source=share&expected_price_currency=usd&expected_price=118&marker=741311
115,119,USD,MIA,PUJ,"Punta Cana, Dominican Republic",DO,2027-01-15,0,https://www.aviasales.com/search/MIA1501PUJ1?t=DM18000310801800044040000156MIAPUJ_acc2b51def5e8284bc80a5c8e28db9c3_10056&search_date=15092026&expected_price_uuid=01a0a359-cb25-8030-2dc2-a93933c959ef&static_fare_key=TY%7CP1%7CH0%7CL0%7CCH0%7CR0%7CTBC0&itinerary_key=OJzQBuypLAYXmlNqIfDLFw&expected_price_source=share&expected_price_currency=usd&expected_price=119&marker=741311
116,119,USD,BNA,SAV,"Savannah, United States",US,2026-10-06,1,https://www.aviasales.com/search/BNA0610SAV1?t=AA17912997001791317640000239BNACLTSAV_a0281b8dd1b2c981d4e260370b2255e1_10070&search_date=14092026&expected_price_uuid=01a0a084-3c16-8050-63fa-9a06f8c9178a&static_fare_key=TY%7CP1%7CH1%7CL0%7CCH0%7CR0%7CTBC0&itinerary_key=W2sxiTLy8L2tDWK5ARzZYA&expected_price_source=share&expected_price_currency=usd&expected_price=119&marker=741311
117,120,USD,MCO,RIC,"Richmond, United States",US,2026-11-13,0,https://www.aviasales.com/search/MCO1311RIC1?t=WN17945634001794570600000120MCORIC_a6eee934b05cb8e2d5314d24dc9b4bd5_10106&search_date=13092026&expected_price_uuid=01a09c36-1e40-8030-e245-95eb54e49cf4&static_fare_key=TY%7CP1%7CH0%7CL0%7CCH0%7CR0%7CTBC0&itinerary_key=cfrYcW23bvf74eo7J_IWOw&origin_airports=0&expected_price_source=share&expected_price_currency=usd&expected_price=120&marker=741311
118,121,USD,MCO,PWM,"Portland, United States",US,2027-02-26,0,https://www.aviasales.com/search/MCO2602PWM1?t=MX18036216001803632880000188MCOPWM_dc7523245f7f54913df4afe225fb2f08_10158&search_date=12092026&expected_price_uuid=01a09803-3065-8030-2261-42246380ec30&static_fare_key=TY%7CP0%7CH0%7CL0%7CCH0%7CR0%7CTBC0&itinerary_key=CjNMLBtWjRdbk6L2NnsiAA&origin_airports=0&expected_price_source=share&expected_price_currency=usd&expected_price=121&marker=741311
119,121,USD,ATL,SDF,"Louisville, United States",US,2026-09-29,1,https://www.aviasales.com/search/ATL2909SDF1?t=MX17907225001790800260001296ATLRDUSDF_761cdccae6230206e07f312b863f9874_10257&search_date=14092026&expected_price_uuid=01a0a19f-e04b-8030-e66d-93d14be9d115&static_fare_key=TY%7CP0%7CH0%7CL0%7CCH0%7CR0%7CTBC0&itinerary_key=QvT9pNCkoDpVCbh33LBPUw&expected_price_source=share&expected_price_currency=usd&expected_price=121&marker=741311
120,122,USD,MIA,CLO,"Cali, Colombia",CO,2026-12-05,1,https://www.aviasales.com/search/MIA0512CLO1?t=LA17964795001796505300000430MIABOGCLO_d66e6acff44085b6eed4901f93344e66_10262&search_date=13092026&expected_price_uuid=01a09841-4463-8040-2c30-d4aff7193d0b&static_fare_key=TY%7CP0%7CH0%7CL0%7CCH0%7CR0%7CTBC0&itinerary_key=Z8wCptk7RhTTUVTaiyzbFg&expected_price_source=share&expected_price_currency=usd&expected_price=122&marker=741311
121,123,USD,PHX,COS,"Colorado Springs, United States",US,2026-10-19,0,https://www.aviasales.com/search/PHX1910COS1?t=WN17924364001792446600000110PHXCOS_12564f4fbf7f4a6cffcb77f39eecabfb_10391&search_date=14092026&expected_price_uuid=01a0a015-1a4b-8050-eaa1-19cb17289b4b&static_fare_key=TY%7CP0%7CH1%7CL0%7CCH0%7CR0%7CTBC0&itinerary_key=fi-nmAtgek61HjK-MaRQ2Q&expected_price_source=share&expected_price_currency=usd&expected_price=123&marker=741311
122,123,USD,SFO,BIL,"Billings, United States",US,2026-09-24,1,https://www.aviasales.com/search/SFO2409BIL1?t=G417902886401790353260001017SFOLASBIL_78862ca2de3a161622ca7195ec6d7184_10351&search_date=13092026&expected_price_uuid=01a0999b-a651-8030-e08c-d7814c5c7914&static_fare_key=TY%7CP0%7CH0%7CL0%7CCH0%7CR0%7CTBC0&itinerary_key=JR9ISYWhpjY53qQggObotw&expected_price_source=share&expected_price_currency=usd&expected_price=123&marker=741311
123,123,USD,JFK,OMA,"Omaha, United States",US,2026-11-16,1,https://www.aviasales.com/search/JFK1611OMA1?t=AA17948141401794829920000323JFKORDOMA_c0672c674ce5d51deefd4ded7cb8edc1_10388&search_date=15092026&expected_price_uuid=01a0a300-d1b4-8040-ad00-128421be94b9&static_fare_key=TY%7CP0%7CH0%7CL0%7CCH0%7CR0%7CTBC0&itinerary_key=_7vW7NSG8qev8RrtzOETAw&origin_airports=0&expected_price_source=share&expected_price_currency=usd&expected_price=123&marker=741311
124,124,USD,LAX,DSM,"Des Moines, United States",US,2026-11-18,1,https://www.aviasales.com/search/LAX1811DSM1?t=WN17950095001795035000000305LAXDENDSM_43b316612399bae5dc2e53328bd88929_10478&search_date=14092026&expected_price_uuid=01a0a176-40b2-8040-2c2b-b29e334ead8b&static_fare_key=TY%7CP0%7CH1%7CL0%7CCH0%7CR0%7CTBC0&itinerary_key=Fae_LcCx8yZp0jlQZj4gdQ&expected_price_source=share&expected_price_currency=usd&expected_price=124&marker=741311
125,126,USD,ATL,CUN,"Cancun, Mexico",MX,2026-12-16,1,https://www.aviasales.com/search/ATL1612CUN1?t=WN17974083001797440400000535ATLBWICUN_5dc53f35eaec50886709f99b85970a72_10571&search_date=12092026&expected_price_uuid=01a09674-19e9-8040-6c84-6d26388e5aab&static_fare_key=TY%7CP0%7CH1%7CL0%7CCH0%7CR0%7CTBC0&itinerary_key=tUK0Lo-2uFbSOgkw3Xj9ow&expected_price_source=share&expected_price_currency=usd&expected_price=126&marker=741311
126,126,USD,BOS,BGI,"Bridgetown, Barbados",BB,2026-10-02,1,https://www.aviasales.com/search/BOS0210BGI1?t=AC17909679001791041100001220BOSYYZBGI_b76d65481e311f1afe9953f61a742788_10626&search_date=13092026&expected_price_uuid=01a09ca5-a0e2-8040-2050-9835e1ddac6a&static_fare_key=TY%7CP0%7CH0%7CL0%7CCH0%7CR0%7CTBC0&itinerary_key=ex774GDSlHrymmU0FwDpRw&expected_price_source=share&expected_price_currency=usd&expected_price=126&marker=741311
127,126,USD,MCO,BTV,"Burlington, United States",US,2026-11-16,1,https://www.aviasales.com/search/MCO1611BTV1?t=F917948540401794933300001321MCOBWIBTV_84677c802b71a715349d631d5dcae748_10604&search_date=12092026&expected_price_uuid=01a09374-f434-8040-2a1d-21352b6f65c0&static_fare_key=TY%7CP0%7CH0%7CL0%7CCH0%7CR0%7CTBC0&itinerary_key=bvzr3iARPjwNDC78oyzl-w&origin_airports=0&expected_price_source=share&expected_price_currency=usd&expected_price=126&marker=741311
128,133,USD,ORD,MLM,"Morelia, Mexico",MX,2026-10-07,0,https://www.aviasales.com/search/ORD0710MLM1?t=Y417913525001791362880000233ORDMLM_814e37df0d04255528f7a057c2803c1d_11261&search_date=15092026&expected_price_uuid=01a0a2f9-39e6-8040-aa4f-4d9df080273d&static_fare_key=TY%7CP0%7CH0%7CL0%7CCH0%7CR0%7CTBC0&itinerary_key=8NWa31sxTzZ9yXwUjclu6w&origin_airports=0&expected_price_source=share&expected_price_currency=usd&expected_price=133&marker=741311
129,128,USD,SEA,KTN,"Ketchikan, United States",US,2026-09-18,0,https://www.aviasales.com/search/SEA1809KTN1?t=HA17897149201789719600000138SEAKTN_884fd70c6cee439a478faecb09f06a0c_11108&search_date=08092026&expected_price_uuid=01a08048-6e9c-8030-2aa3-3abf4606f2f8&static_fare_key=TY%7CP1%7CH1%7CL0%7CCH0%7CR0%7CTBC0&itinerary_key=Ob5nSocOEjWEI0UMvYQyVA&expected_price_source=share&expected_price_currency=usd&expected_price=128&marker=741311
130,128,USD,AUS,PSP,"Palm Springs, United States",US,2026-10-07,1,https://www.aviasales.com/search/AUS0710PSP1?t=AA17913823801791397740000376AUSPHXPSP_162283610b9b7e4a9dfac984452f99e6_10899&search_date=09092026&expected_price_uuid=01a087f0-4120-8040-6f95-e80f667686f5&static_fare_key=TY%7CP0%7CH1%7CL0%7CCH0%7CR0%7CTBC0&itinerary_key=7HZxB-68uRF5Xd4iEiOIkA&expected_price_source=share&expected_price_currency=usd&expected_price=128&marker=741311
131,128,USD,MIA,SDQ,"Santo Domingo, Dominican Republic",DO,2026-11-05,0,https://www.aviasales.com/search/MIA0511SDQ1?t=DM17939083201793920320000140MIASDQ_6a0b26d27d908eed9d523b1fab24d179_10853&search_date=15092026&expected_price_uuid=01a0a277-1b7d-8040-6c10-9c78fd54d96f&static_fare_key=TY%7CP1%7CH0%7CL0%7CCH0%7CR0%7CTBC0&itinerary_key=PeHw4aUSCeAIW2WYcZO8BA&expected_price_source=share&expected_price_currency=usd&expected_price=128&marker=741311
132,129,USD,DFW,SAT,"San Antonio, United States",US,2026-09-29,1,https://www.aviasales.com/search/DFW2909SAT1?t=F917906634001790691600000470DFWLASSAT_e39c80292be1c1f714bbc545645b4ab9_10812&search_date=14092026&expected_price_uuid=01a09ec1-16db-8030-270d-05988e43ccee&static_fare_key=TY%7CP0%7CH0%7CL0%7CCH0%7CR0%7CTBC0&itinerary_key=h8-h7z9j679zBskA_c4xyA&expected_price_source=share&expected_price_currency=usd&expected_price=129&marker=741311
133,131,USD,MCO,MYR,"Myrtle Beach, United States",US,2026-09-26,1,https://www.aviasales.com/search/MCO2609MYR1?t=F917904585601790499120000676MCOPHLMYR_8ec6d41730d16163d026caf56d9beeb1_11004&search_date=10092026&expected_price_uuid=01a08d38-d7ab-8030-24be-06d8dc7202bc&static_fare_key=TY%7CP1%7CH0%7CL0%7CCH0%7CR0%7CTBC0&itinerary_key=IvFKtR82rX8Mh3YKi8CLKw&origin_airports=0&expected_price_source=share&expected_price_currency=usd&expected_price=131&marker=741311
134,131,USD,LAX,LAP,"La Paz, Mexico",MX,2026-10-12,1,https://www.aviasales.com/search/LAX1210LAP1?t=VB17918028001791901920001652LAXGDLLAP_5798f073bb4984d6c9f5e938003dae93_11123&search_date=09092026&expected_price_uuid=01a08757-372e-8050-2fa1-158622c4d9bd&static_fare_key=TY%7CP1%7CH0%7CL0%7CCH0%7CR0%7CTBC0&itinerary_key=SxVobcSrf6WgVI8b5zk67w&expected_price_source=share&expected_price_currency=usd&expected_price=131&marker=741311
135,132,USD,BOS,RKD,"Rockland, United States",US,2026-09-19,0,https://www.aviasales.com/search/BOS1909RKD1?t=9K17898302401789835040000080BOSRKD_83366659517e454a751214d30c618b34_11333&search_date=09092026&expected_price_uuid=01a0849b-b2d7-8030-266f-e0f7ad26080f&static_fare_key=TY%7CP0%7CH0%7CL0%7CCH0%7CR0%7CTBC0&itinerary_key=LpJD5Ax5Xz8kZFRLSejQ7g&expected_price_source=share&expected_price_currency=usd&expected_price=132&marker=741311
136,133,USD,ORD,DEC,"Decatur, United States",US,2026-09-20,0,https://www.aviasales.com/search/ORD2009DEC1?t=UA17899254001789929840000074ORDDEC_d8e62f50821504f0744c9675c933d9cd_11229&search_date=10092026&expected_price_uuid=01a08aa8-b3b3-8030-a185-5ba300fa56d9&static_fare_key=TY%7CP0%7CH0%7CL0%7CCH0%7CR0%7CTBC0&itinerary_key=bPMTtPfSekzLGLrV-Cwwcg&origin_airports=0&expected_price_source=share&expected_price_currency=usd&expected_price=133&marker=741311
137,134,USD,MIA,CTG,"Cartagena, Colombia",CO,2026-09-26,1,https://www.aviasales.com/search/MIA2609CTG1?t=CM17904428401790496300000951MIAPTYCTG_9ce8618d8cce7bff691933bac1d024dd_11250&search_date=11092026&expected_price_uuid=01a08ed4-dab9-8040-2f66-9d10f831b6e2&static_fare_key=TY%7CP0%7CH0%7CL0%7CCH0%7CR0%7CTBC0&itinerary_key=5cIWa5_IkkbUoe_ZahR38A&expected_price_source=share&expected_price_currency=usd&expected_price=134&marker=741311
138,134,USD,DEN,BFF,"Scottsbluff, United States",US,2026-09-23,0,https://www.aviasales.com/search/DEN2309BFF1?t=UA17901810001790184600000060DENBFF_fa64822d6bb8421a32e598ea7d92191b_11277&search_date=13092026&expected_price_uuid=01a099ad-a813-8030-afdc-383e3e61fa64&static_fare_key=TY%7CP0%7CH0%7CL0%7CCH0%7CR0%7CTBC0&itinerary_key=_R0SMFw7smmgnHrxODCNWw&expected_price_source=share&expected_price_currency=usd&expected_price=134&marker=741311
139,134,USD,FLL,LAL,"Lakeland, United States",US,2026-09-24,1,https://www.aviasales.com/search/FLL2409LAL1?t=F917902868401790506800003666FLLATLLAL_3b227de76a69add030c9608a70359d9f_11315&search_date=14092026&expected_price_uuid=01a09df3-66c2-8030-a35f-53d52b95c684&static_fare_key=TY%7CP0%7CH0%7CL0%7CCH0%7CR0%7CTBC0&itinerary_key=Q5yVNno7b38_E_cVdyyhEg&expected_price_source=share&expected_price_currency=usd&expected_price=134&marker=741311
140,135,USD,LAS,PGA,"Page, United States",US,2026-09-20,0,https://www.aviasales.com/search/LAS2009PGA1?t=LF17899065001789910400000065LASPGA_6dc7922a01e915f758089ae4b304f4db_11370&search_date=10092026&expected_price_uuid=01a08ae5-5f65-8030-2b72-080cab609385&static_fare_key=TY%7CP0%7CH1%7CL0%7CCH0%7CR0%7CTBC0&itinerary_key=Q-5L5eaNbX0WLhRZmcgW7A&expected_price_source=share&expected_price_currency=usd&expected_price=135&marker=741311
141,136,USD,LAX,GUA,"Guatemala City, Guatemala",GT,2027-01-31,0,https://www.aviasales.com/search/LAX3101GUA1?t=Q618013824601801406520000281LAXGUA_41a38eb75897f5be71f7376caca44222_11445&search_date=12092026&expected_price_uuid=01a095b2-7d5a-8030-e8c9-e60f58315b95&static_fare_key=TY%7CP0%7CH0%7CL0%7CCH0%7CR0%7CTBC0&itinerary_key=8T4NonjxNaO5M2F0i-KG6w&expected_price_source=share&expected_price_currency=usd&expected_price=136&marker=741311
142,135,USD,ORD,JST,"Johnstown, United States",US,2027-01-03,0,https://www.aviasales.com/search/ORD0301JST1?t=UA17990136001799023920000112ORDJST_6636605b12b967976ca3958497d8d6df_11628&search_date=08092026&expected_price_uuid=01a081f7-4c5f-8030-e006-632d4b91ac6c&static_fare_key=TY%7CP1%7CH0%7CL0%7CCH0%7CR0%7CTBC0&itinerary_key=RQ1x6NyUOeQp-Pws422lvA&origin_airports=0&expected_price_source=share&expected_price_currency=usd&expected_price=135&marker=741311
143,136,USD,IAH,CTM,"Chetumal, Mexico",MX,2026-09-19,1,https://www.aviasales.com/search/IAH1909CTM1?t=Y417898513001789892820000692IAHMEXCTM_ac2bd8b1a7fc8939f1df4e1b50a5ec75_11571&search_date=09092026&expected_price_uuid=01a08894-d4f2-8030-2027-b615c73e944a&static_fare_key=TY%7CP0%7CH0%7CL0%7CCH0%7CR0%7CTBC0&itinerary_key=sQIFcOshqUdOgHEMXNtv2A&origin_airports=0&expected_price_source=share&expected_price_currency=usd&expected_price=136&marker=741311
144,137,USD,ORD,PVR,"Puerto Vallarta, Mexico",MX,2026-11-02,1,https://www.aviasales.com/search/ORD0211PVR1?t=Y417935826401793628660000767ORDGDLPVR_3bb0a9489c6615b9c7fa4ada0c5b373e_11529&search_date=12092026&expected_price_uuid=01a095f8-52ad-8040-2f14-b08081fc326d&static_fare_key=TY%7CP0%7CH0%7CL0%7CCH0%7CR0%7CTBC0&itinerary_key=Q9xJDXzJuavVwFKLOv79Lw&origin_airports=0&expected_price_source=share&expected_price_currency=usd&expected_price=137&marker=741311
145,137,USD,BOS,HYA,"Hyannis, United States",US,2026-09-21,0,https://www.aviasales.com/search/BOS2109HYA1?t=9K17899920001789995060000051BOSHYA_3943d1cec4e9807f0898af037c58e344_11501&search_date=11092026&expected_price_uuid=01a08ec2-2643-8030-ac48-ac9080d0b20c&static_fare_key=TY%7CP0%7CH1%7CL0%7CCH0%7CR0%7CTBC0&itinerary_key=01flGbYU6gbAfRISR8p5MA&expected_price_source=share&expected_price_currency=usd&expected_price=137&marker=741311
146,138,USD,MCO,ILM,"Wilmington, United States",US,2026-09-19,1,https://www.aviasales.com/search/MCO1909ILM1?t=XP17898237001789979160002591MCOILGILM_8e703e9d7d17c78c648b70f18d8e37e2_11748&search_date=10092026&expected_price_uuid=01a08948-3783-8040-6db2-be5c5f236d28&static_fare_key=TY%7CP0%7CH1%7CL0%7CCH0%7CR0%7CTBC0&itinerary_key=n9_pr04f4zdhwIaFNAq74w&origin_airports=0&expected_price_source=share&expected_price_currency=usd&expected_price=138&marker=741311
147,138,USD,LAX,TUS,"Tucson, United States",US,2026-09-21,0,https://www.aviasales.com/search/LAX2109TUS1?t=AA17900237401790029380000094LAXTUS_c44682ba7130e2806d63d247734baecd_11609&search_date=11092026&expected_price_uuid=01a090c5-0ff3-8030-2e46-9d4259b4c4f8&static_fare_key=TY%7CP0%7CH1%7CL0%7CCH0%7CR0%7CTBC0&itinerary_key=BEz1eLeQVpHtQZo8NEnCTQ&expected_price_source=share&expected_price_currency=usd&expected_price=138&marker=741311
148,138,USD,TPA,YLW,"Kelowna, Canada",CA,2026-11-23,2,https://www.aviasales.com/search/TPA2311YLW1?t=WS17954397001795479300000780TPAYYZYYCYLW_9f6180b9ee6d48f85f09ef7c4423d955_11665&search_date=14092026&expected_price_uuid=01a09e40-412c-8040-67cf-31e815fca29c&static_fare_key=TY%7CP0%7CH0%7CL0%7CCH0%7CR0%7CTBC0&itinerary_key=a56fcdGqnXnrHlrP8tO_MA&expected_price_source=share&expected_price_currency=usd&expected_price=138&marker=741311
149,138,USD,DFW,AMA,"Amarillo, United States",US,2026-11-05,0,https://www.aviasales.com/search/DFW0511AMA1?t=AA17938671001793872560000091DFWAMA_ecb5298316f43f635c4007d47ff05e1c_11793&search_date=09092026&expected_price_uuid=01a0861c-5e8d-8030-a0eb-890499361a78&static_fare_key=TY%7CP1%7CH1%7CL0%7CCH0%7CR0%7CTBC0&itinerary_key=00XzbnGasGAIwSjldVxRMA&expected_price_source=share&expected_price_currency=usd&expected_price=138&marker=741311
150,138,USD,MSP,IWD,"Ironwood, United States",US,2026-09-22,0,https://www.aviasales.com/search/MSP2209IWD1?t=KG17900739001790077500000060MSPIWD_bea5f774c5fbb618a3218a1ebdcaa59d_11614&search_date=12092026&expected_price_uuid=01a097ea-2b91-8030-e63f-9d8a24e1e8a3&static_fare_key=TY%7CP0%7CH1%7CL0%7CCH0%7CR0%7CTBC0&itinerary_key=4xN4yz_rtOP-mJcual4ssw&expected_price_source=share&expected_price_currency=usd&expected_price=138&marker=741311
151,139,USD,SEA,ANC,"Anchorage, United States",US,2026-09-18,0,https://www.aviasales.com/search/SEA1809ANC1?t=HA17897194801789730100000237SEAANC_64623ec1ec2dd77da759e4972e81367c_11897&search_date=09092026&expected_price_uuid=01a0852a-09f5-8030-2788-e21bc2579b9a&static_fare_key=TY%7CP1%7CH0%7CL0%7CCH0%7CR0%7CTBC0&itinerary_key=jpAEVH7Hfz0muzL0PFU1uQ&expected_price_source=share&expected_price_currency=usd&expected_price=139&marker=741311
152,139,USD,DEN,ALS,"Alamosa, United States",US,2026-09-24,0,https://www.aviasales.com/search/DEN2409ALS1?t=KG17902536001790256600000050DENALS_3e111620f86c16dd3fe14f5a8f21b034_11718&search_date=14092026&expected_price_uuid=01a09fe9-3f0f-8030-6ef6-e80cba3f6e8f&static_fare_key=TY%7CP0%7CH1%7CL0%7CCH0%7CR0%7CTBC0&itinerary_key=xc3tNxSGxeMUrOoRrMBZYA&expected_price_source=share&expected_price_currency=usd&expected_price=139&marker=741311
153,139,USD,SAN,OGG,"Kahului, United States",US,2026-09-22,0,https://www.aviasales.com/search/SAN2209OGG1?t=HA17901020401790113020000363SANOGG_6c552cc6b0573fef68c3cebc315fab48_11719&search_date=13092026&expected_price_uuid=01a09b75-62f5-8030-a1b0-30ad8c9fb905&static_fare_key=TY%7CP1%7CH1%7CL0%7CCH0%7CR0%7CTBC0&itinerary_key=Nw-P-YrFIJVbNsCYfUVVcA&expected_price_source=share&expected_price_currency=usd&expected_price=139&marker=741311
154,139,USD,IAD,LYH,"Lynchburg, United States",US,2026-09-21,0,https://www.aviasales.com/search/IAD2109LYH1?t=UA17899801801789984200000067IADLYH_13e02a3d02e036dbaa70d12c586c4414_11693&search_date=11092026&expected_price_uuid=01a09106-d6ca-8030-6b8c-2f156860f787&static_fare_key=TY%7CP0%7CH0%7CL0%7CCH0%7CR0%7CTBC0&itinerary_key=PLj3tVysNRuydaRhzfGhAw&origin_airports=0&expected_price_source=share&expected_price_currency=usd&expected_price=139&marker=741311
155,140,USD,MCO,LON,"London, United Kingdom",GB,2026-10-11,0,https://www.aviasales.com/search/MCO1110LON1?t=Z017917506001791799200000510MCOLGW_5a5c581ce5cb79db350b3cdabfedfde1_12146&search_date=08092026&expected_price_uuid=01a0809b-f3d6-8040-22a0-20b164349256&static_fare_key=TY%7CP0%7CH1%7CL0%7CCH0%7CR0%7CTBC0&itinerary_key=92I3pC4XkNGwG7nyDPV_Iw&origin_airports=0&expected_price_source=share&expected_price_currency=usd&expected_price=140&marker=741311
156,139,USD,MIA,OGL,"Georgetown, Guyana",GY,2026-09-29,2,https://www.aviasales.com/search/MIA2909OGL1?t=BW17906946001790770200001260MIAPOSBGIOGL_33e9b8a6d597edda69b0e24af8398e23_11963&search_date=09092026&expected_price_uuid=01a083d0-73a6-8040-aa52-361f8360ea39&static_fare_key=TY%7CP0%7CH1%7CL0%7CCH0%7CR0%7CTBC0&itinerary_key=jT16p-hZ4fNnKYeS1phNww&expected_price_source=share&expected_price_currency=usd&expected_price=139&marker=741311
157,140,USD,SEA,FAI,"Fairbanks, United States",US,2026-09-25,0,https://www.aviasales.com/search/SEA2509FAI1?t=AS17903659801790376360000233SEAFAI_14a763e55a64ea345ed467dcd9a9530c_11833&search_date=13092026&expected_price_uuid=01a09b44-3e51-8050-ec9e-78bd6bf7c374&static_fare_key=TY%7CP1%7CH1%7CL0%7CCH0%7CR0%7CTBC0&itinerary_key=J81017lurv-AZjeK1SXPnw&expected_price_source=share&expected_price_currency=usd&expected_price=140&marker=741311
158,141,USD,IAD,MGW,"Morgantown, United States",US,2026-09-25,0,https://www.aviasales.com/search/IAD2509MGW1?t=UA17903758801790379840000066IADMGW_1023ace45003d2b901337aaaa930370e_11915&search_date=15092026&expected_price_uuid=01a0a2e7-f1e4-8030-2949-805d1367c3c2&static_fare_key=TY%7CP0%7CH1%7CL0%7CCH0%7CR0%7CTBC0&itinerary_key=4Tdza2tjV-sf6wtxBHl0lw&origin_airports=0&expected_price_source=share&expected_price_currency=usd&expected_price=141&marker=741311
159,142,USD,MIA,LIM,"Lima, Peru",PE,2027-01-23,1,https://www.aviasales.com/search/MIA2301LIM1?t=Y418007182601800766500000804MIAMEXLIM_33185ab23ca87c7fad7e10d98ff257fc_11950&search_date=11092026&expected_price_uuid=01a092a0-6468-8040-6657-830f21765d63&static_fare_key=TY%7CP0%7CH0%7CL0%7CCH0%7CR0%7CTBC0&itinerary_key=jkdn0U8JK_F-OAhDJvm1rQ&expected_price_source=share&expected_price_currency=usd&expected_price=142&marker=741311
160,143,USD,ORD,LAF,"Lafayette, United States",US,2026-09-23,0,https://www.aviasales.com/search/ORD2309LAF1?t=UA17901822001790189640000064ORDLAF_e991eed8122ca9afc5b164969f980328_12048&search_date=13092026&expected_price_uuid=01a09ba0-76a5-8030-6cb7-a0ae0d509b9b&static_fare_key=TY%7CP0%7CH0%7CL0%7CCH0%7CR0%7CTBC0&itinerary_key=6yKa1XJUS9_CxxduVwtHhA&origin_airports=0&expected_price_source=share&expected_price_currency=usd&expected_price=143&marker=741311
161,144,USD,LAS,LIT,"Little Rock, United States",US,2026-09-21,1,https://www.aviasales.com/search/LAS2109LIT1?t=AA17899925401790022900000386LASPHXLIT_d0952108fb82f7e4a13e636f6086b194_12133&search_date=12092026&expected_price_uuid=01a092fa-8972-8040-6859-ee670ff6fea1&static_fare_key=TY%7CP0%7CH1%7CL0%7CCH0%7CR0%7CTBC0&itinerary_key=PlsP8HchQ271cz1qsOMKBg&expected_price_source=share&expected_price_currency=usd&expected_price=144&marker=741311
162,143,USD,ORD,MKL,"Jackson, United States",US,2026-12-14,0,https://www.aviasales.com/search/ORD1412MKL1?t=KG17972664001797273000000110ORDMKL_cac27ca0c9264b3550faca70b5adebbd_12065&search_date=11092026&expected_price_uuid=01a08fb6-b81b-8030-e437-e8d72bdffbf3&static_fare_key=TY%7CP1%7CH0%7CL0%7CCH0%7CR0%7CTBC0&itinerary_key=UdKPvVbTDEd5uY2wZyIFpQ&origin_airports=0&expected_price_source=share&expected_price_currency=usd&expected_price=143&marker=741311
163,145,USD,LAS,SGF,"Springfield, United States",US,2026-09-25,0,https://www.aviasales.com/search/LAS2509SGF1?t=G417903187001790336520000177LASSGF_9ec81c324041e040fbc7b24741b65cdb_12253&search_date=15092026&expected_price_uuid=01a0a2f3-fcaa-8030-a6ac-457e028105fb&static_fare_key=TY%7CP0%7CH0%7CL0%7CCH0%7CR0%7CTBC0&itinerary_key=CfCggrH7OSqiJy3Cw2bCYQ&expected_price_source=share&expected_price_currency=usd&expected_price=145&marker=741311
164,145,USD,BOS,STI,"Santiago, Dominican Republic",DO,2026-09-28,2,https://www.aviasales.com/search/BOS2809STI1?t=UA17906227801790694720001199BOSIADEWRSTI_735207fe99e61192e4b0a859ede2c8ff_12196&search_date=12092026&expected_price_uuid=01a0971c-ba32-8040-ab79-ab1d7727bb34&static_fare_key=TY%7CP0%7CH0%7CL0%7CCH0%7CR0%7CTBC0&itinerary_key=nMWKWC6PwKAEnIZTrVWVIw&expected_price_source=share&expected_price_currency=usd&expected_price=145&marker=741311
165,145,USD,DFW,FYV,"Fayetteville, United States",US,2026-09-20,1,https://www.aviasales.com/search/DFW2009FYV1?t=F917899008001789929840000484DFWDENXNA_fc0aaa3a172f8664d0c41aceccf8c272_12213&search_date=10092026&expected_price_uuid=01a08ae1-a8e5-8030-2c26-ed83f98eb438&static_fare_key=TY%7CP0%7CH0%7CL0%7CCH0%7CR0%7CTBC0&itinerary_key=H0iso5K0oPDiOmjUnRZVQw&expected_price_source=share&expected_price_currency=usd&expected_price=145&marker=741311
166,145,USD,MSP,OKC,"Oklahoma City, United States",US,2026-10-04,1,https://www.aviasales.com/search/MSP0410OKC1?t=F917911436401791207420001063MSPLASOKC_d5fd0af399b55800686b0bcf1ea5ca59_12203&search_date=14092026&expected_price_uuid=01a09fdc-f0df-8040-a2c5-620730480d18&static_fare_key=TY%7CP0%7CH0%7CL0%7CCH0%7CR0%7CTBC0&itinerary_key=wliHi03nSCpeKTkgyG6RtQ&expected_price_source=share&expected_price_currency=usd&expected_price=145&marker=741311
167,145,USD,DCA,GCM,"Georgetown, Cayman Islands",KY,2026-10-01,2,https://www.aviasales.com/search/DCA0110GCM1?t=AA17908619401790938800001341DCAORDMIAGCM_e28aa70aaee1097d20dfb725e9c7b18f_12217&search_date=10092026&expected_price_uuid=01a08b61-396c-8040-2dd3-c05b45672c31&static_fare_key=TY%7CP0%7CH1%7CL0%7CCH0%7CR0%7CTBC0&itinerary_key=k971mls2Cb7CHk_NYg_KAg&origin_airports=0&expected_price_source=share&expected_price_currency=usd&expected_price=145&marker=741311
168,145,USD,CLT,PTY,"Panama City, Panama",PA,2027-02-04,1,https://www.aviasales.com/search/CLT0402PTY1?t=UA18017511001801857720001777CLTEWRPTY_410afe36cd1bf5b766611b3d80e4384b_12390&search_date=09092026&expected_price_uuid=01a086a2-951a-8040-a35f-c3040bcb0131&static_fare_key=TY%7CP0%7CH0%7CL0%7CCH0%7CR0%7CTBC0&itinerary_key=3Ac00Yu2PvZkXzgMSU7OfQ&expected_price_source=share&expected_price_currency=usd&expected_price=145&marker=741311
169,146,USD,LAX,ZIH,"Ixtapa, Mexico",MX,2026-11-01,1,https://www.aviasales.com/search/LAX0111ZIH1?t=UA17935775401793623860000652LAXIAHZIH_f5f2812e25df3e04a57a8677855c9bd6_12225&search_date=11092026&expected_price_uuid=01a08de4-d5db-8040-af77-f9ef6c1b24dd&static_fare_key=TY%7CP0%7CH0%7CL0%7CCH0%7CR0%7CTBC0&itinerary_key=IWd0xv_mLXnVteuWw_EINQ&expected_price_source=share&expected_price_currency=usd&expected_price=146&marker=741311
170,146,USD,DCA,PVD,"Providence, United States",US,2026-09-23,0,https://www.aviasales.com/search/DCA2309PVD1?t=AA17901466801790152320000094DCAPVD_400f2d7c7d6907444e35ea5edfa8ec26_12313&search_date=13092026&expected_price_uuid=01a09c77-77d5-8030-a087-d7e6bf88d3f0&static_fare_key=TY%7CP0%7CH1%7CL0%7CCH0%7CR0%7CTBC0&itinerary_key=UWFUBi4LBqxm0EMiOeqj2Q&origin_airports=0&expected_price_source=share&expected_price_currency=usd&expected_price=146&marker=741311
171,147,USD,MIA,YQB,"Quebec, Canada",CA,2026-10-06,1,https://www.aviasales.com/search/MIA0610YQB1?t=AC17912745001791294900000340MIAYULYQB_386e81637a3cc349912cbc4483cf1ae4_12573&search_date=09092026&expected_price_uuid=01a085f1-88b0-8050-624f-47a81c0c3cea&static_fare_key=TY%7CP1%7CH0%7CL0%7CCH0%7CR0%7CTBC0&itinerary_key=TR2dizaAigCzk67TRKjDcw&expected_price_source=share&expected_price_currency=usd&expected_price=147&marker=741311
172,147,USD,DFW,SAL,"San Salvador, El Salvador",SV,2026-12-07,1,https://www.aviasales.com/search/DFW0712SAL1?t=UA17966460001796678340000539DFWIAHSAL_dc2fde66be8ac6c7e7214390bba6f771_12358&search_date=11092026&expected_price_uuid=01a08ea6-a526-8040-2ac8-b266e4b2aea4&static_fare_key=TY%7CP0%7CH0%7CL0%7CCH0%7CR0%7CTBC0&itinerary_key=1g7i9unLpCjJsAjKWcMXCw&expected_price_source=share&expected_price_currency=usd&expected_price=147&marker=741311
173,147,USD,IAH,TGZ,"Tuxtla Gutierrez, Mexico",MX,2026-09-20,1,https://www.aviasales.com/search/IAH2009TGZ1?t=Y417899377001789972680000643IAHMEXTGZ_08d22ae7f4b3447c3409a10006959eb1_12355&search_date=10092026&expected_price_uuid=01a08bc3-867e-8030-e8b4-156951c924c9&static_fare_key=TY%7CP0%7CH0%7CL0%7CCH0%7CR0%7CTBC0&itinerary_key=8q8lMsSpi6MVZANvk_cC6A&origin_airports=0&expected_price_source=share&expected_price_currency=usd&expected_price=147&marker=741311
174,148,USD,BOS,SYR,"Syracuse, United States",US,2026-09-22,0,https://www.aviasales.com/search/BOS2209SYR1?marker=741311
175,147,USD,DFW,SJO,"San Jose, Costa Rica",CR,2026-10-13,1,https://www.aviasales.com/search/DFW1310SJO1?t=B617918748001791896220000417DFWFLLSJO_4311a7e5dd6e3759b6a045dd370dd84d_12366&search_date=11092026&expected_price_uuid=01a08e89-1dcf-8040-6881-bdcee1690083&static_fare_key=TY%7CP0%7CH1%7CL0%7CCH0%7CR0%7CTBC0&itinerary_key=bmthnOiKBZFcBwLgO6BKyw&expected_price_source=share&expected_price_currency=usd&expected_price=147&marker=741311
176,148,USD,MIA,HAV,"Havana, Cuba",CU,2026-10-15,1,https://www.aviasales.com/search/MIA1510HAV1?t=AM17920440001792080000000600MIAMEXHAV_f5a018f4cddeba643dc35c2d80f0fe07_12470&search_date=14092026&expected_price_uuid=01a0a0e1-7e1b-8040-ab90-55570b2ce8ea&static_fare_key=TY%7CP0%7CH1%7CL0%7CCH0%7CR0%7CTBC0&itinerary_key=TtzbyDHX0tmQUylvTd_fMQ&expected_price_source=share&expected_price_currency=usd&expected_price=148&marker=741311
177,148,USD,JFK,KIN,"Kingston, Jamaica",JM,2026-09-28,1,https://www.aviasales.com/search/JFK2809KIN1?t=AA17906292001790697720001202JFKMIAKIN_474ea31acfbde9918c7a739df03a8d77_12526&search_date=15092026&expected_price_uuid=01a0a349-6ca7-8040-2858-76a9fd701626&static_fare_key=TY%7CP0%7CH1%7CL0%7CCH0%7CR0%7CTBC0&itinerary_key=-F9ud-yLlTi4QE7uVlXnaw&origin_airports=0&expected_price_source=share&expected_price_currency=usd&expected_price=148&marker=741311
178,148,USD,LAX,JAN,"Jackson, United States",US,2026-10-06,1,https://www.aviasales.com/search/LAX0610JAN1?marker=741311
179,148,USD,PHL,PBI,"West Palm Beach, United States",US,2026-09-24,2,https://www.aviasales.com/search/PHL2409PBI1?marker=741311
180,149,USD,DEN,PIA,"Peoria, United States",US,2026-10-12,0,https://www.aviasales.com/search/DEN1210PIA1?marker=741311
181,149,USD,BOS,MDE,"Medellin, Colombia",CO,2026-10-02,1,https://www.aviasales.com/search/BOS0210MDE1?marker=741311
182,149,USD,DEN,CEZ,"Cortez, United States",US,2026-09-21,0,https://www.aviasales.com/search/DEN2109CEZ1?marker=741311
183,150,USD,ORD,TUL,"Tulsa, United States",US,2026-09-23,0,https://www.aviasales.com/search/ORD2309TUL1?marker=741311
184,150,USD,FLL,SRQ,"Sarasota, United States",US,2026-09-19,1,https://www.aviasales.com/search/FLL1909SRQ1?marker=741311
185,150,USD,MIA,GEO,"Georgetown, Guyana",GY,2026-09-29,1,https://www.aviasales.com/search/MIA2909GEO1?marker=741311
186,151,USD,MIA,CUR,"Curacao, Curaçao",CW,2027-02-03,1,https://www.aviasales.com/search/MIA0302CUR1?marker=741311
187,151,USD,FLL,TLH,"Tallahassee, United States",US,2026-09-22,0,https://www.aviasales.com/search/FLL2209TLH1?marker=741311
188,152,USD,ORD,BHM,"Birmingham, United States",US,2026-09-21,0,https://www.aviasales.com/search/ORD2109BHM1?marker=741311
189,152,USD,RDU,ASE,"Aspen, United States",US,2026-11-12,1,https://www.aviasales.com/search/RDU1211ASE1?marker=741311
190,153,USD,MCO,CRW,"Charleston, United States",US,2026-09-24,0,https://www.aviasales.com/search/MCO2409CRW1?marker=741311
191,153,USD,DFW,LBB,"Lubbock, United States",US,2026-09-20,0,https://www.aviasales.com/search/DFW2009LBB1?marker=741311
192,153,USD,JFK,BDA,"Bermuda, Bermuda",BM,2026-10-01,0,https://www.aviasales.com/search/JFK0110BDA1?marker=741311
193,154,USD,JFK,ATH,"Athens, Greece",GR,2026-10-13,0,https://www.aviasales.com/search/JFK1310ATH1?marker=741311
194,154,USD,MCO,BOG,"Bogota, Colombia",CO,2026-11-27,0,https://www.aviasales.com/search/MCO2711BOG1?marker=741311
195,157,USD,LAX,AGU,"Aguascalientes, Mexico",MX,2026-09-19,0,https://www.aviasales.com/search/LAX1909AGU1?marker=741311
196,158,USD,PHX,GCN,"Grand Canyon, United States",US,2026-09-19,0,https://www.aviasales.com/search/PHX1909GCN1?marker=741311
197,158,USD,LAS,CUL,"Culiacan, Mexico",MX,2026-09-22,1,https://www.aviasales.com/search/LAS2209CUL1?marker=741311
198,158,USD,SLC,ELD,"El Dorado, United States",US,2026-10-03,2,https://www.aviasales.com/search/SLC0310ELD1?marker=741311
199,159,USD,JFK,MBJ,"Montego Bay, Jamaica",JM,2027-01-25,0,https://www.aviasales.com/search/JFK2501MBJ1?marker=741311
200,159,USD,DFW,ACV,"Arcata, United States",US,2026-09-18,2,https://www.aviasales.com/search/DFW1809ACV1?marker=741311
201,159,USD,SAN,SBA,"Santa Barbara, United States",US,2026-09-21,0,https://www.aviasales.com/search/SAN2109SBA1?marker=741311
202,160,USD,MIA,PBC,"Puebla, Mexico",MX,2026-09-29,1,https://www.aviasales.com/search/MIA2909PBC1?marker=741311
203,160,USD,FLL,POS,"Port Of Spain, Trinidad and Tobago",TT,2026-10-18,0,https://www.aviasales.com/search/FLL1810POS1?marker=741311
204,160,USD,PHL,ELM,"Elmira, United States",US,2026-09-19,1,https://www.aviasales.com/search/PHL1909ELM1?marker=741311
205,162,USD,LAX,KOA,"Kailua-Kona, United States",US,2026-09-24,0,https://www.aviasales.com/search/LAX2409KOA1?marker=741311
206,162,USD,ORD,RST,"Rochester, United States",US,2026-09-23,0,https://www.aviasales.com/search/ORD2309RST1?marker=741311
207,162,USD,RDU,USA,"Concord, United States",US,2026-09-19,1,https://www.aviasales.com/search/RDU1909USA1?marker=741311
208,164,USD,JFK,POP,"Puerto Plata, Dominican Republic",DO,2026-12-13,1,https://www.aviasales.com/search/JFK1312POP1?marker=741311
209,164,USD,LAS,MAF,"Midland, United States",US,2026-11-28,1,https://www.aviasales.com/search/LAS2811MAF1?marker=741311
210,164,USD,RDU,TRI,"Blountville, United States",US,2026-09-24,1,https://www.aviasales.com/search/RDU2409TRI1?marker=741311
211,165,USD,ORD,GSO,"Greensboro, United States",US,2026-09-23,0,https://www.aviasales.com/search/ORD2309GSO1?marker=741311
212,165,USD,ORD,DAY,"Dayton, United States",US,2026-09-19,0,https://www.aviasales.com/search/ORD1909DAY1?marker=741311
213,166,USD,DFW,VSA,"Villahermosa, Mexico",MX,2026-09-18,1,https://www.aviasales.com/search/DFW1809VSA1?marker=741311
214,166,USD,IAH,HMO,"Hermosillo, Mexico",MX,2026-09-24,1,https://www.aviasales.com/search/IAH2409HMO1?marker=741311
215,167,USD,LAX,SJD,"San Jose Del Cabo, Mexico",MX,2027-02-22,1,https://www.aviasales.com/search/LAX2202SJD1?marker=741311
216,167,USD,BNA,SAP,"San Pedro Sula, Honduras",HN,2026-11-11,2,https://www.aviasales.com/search/BNA1111SAP1?marker=741311
217,167,USD,IAD,YQR,"Regina, Canada",CA,2026-11-21,1,https://www.aviasales.com/search/IAD2111YQR1?marker=741311
218,168,USD,ORD,HAR,"Harrisburg, United States",US,2026-09-19,0,https://www.aviasales.com/search/ORD1909HAR1?marker=741311
219,169,USD,JFK,FRA,"Frankfurt, Germany",DE,2026-10-11,1,https://www.aviasales.com/search/JFK1110FRA1?marker=741311
220,169,USD,PHX,DRO,"Durango, United States",US,2026-09-20,0,https://www.aviasales.com/search/PHX2009DRO1?marker=741311
221,169,USD,SEA,MSO,"Missoula, United States",US,2026-12-11,0,https://www.aviasales.com/search/SEA1112MSO1?marker=741311
222,169,USD,ORD,TVC,"Traverse City, United States",US,2026-09-21,0,https://www.aviasales.com/search/ORD2109TVC1?marker=741311
223,170,USD,DFW,TAP,"Tapachula, Mexico",MX,2026-09-19,1,https://www.aviasales.com/search/DFW1909TAP1?marker=741311
224,171,USD,ORD,CGI,"Cape Girardeau, United States",US,2026-09-25,0,https://www.aviasales.com/search/ORD2509CGI1?marker=741311
225,171,USD,MCO,SAO,"Sao Paulo, Brazil",BR,2026-09-27,1,https://www.aviasales.com/search/MCO2709SAO1?marker=741311
226,172,USD,LAX,OAX,"Oaxaca, Mexico",MX,2026-10-21,2,https://www.aviasales.com/search/LAX2110OAX1?marker=741311
227,172,USD,ORD,LAN,"Lansing, United States",US,2026-09-19,0,https://www.aviasales.com/search/ORD1909LAN1?marker=741311
228,173,USD,ORD,EAU,"Eau Claire, United States",US,2026-09-20,0,https://www.aviasales.com/search/ORD2009EAU1?marker=741311
229,173,USD,JFK,TQO,"Tulum, Mexico",MX,2026-12-05,2,https://www.aviasales.com/search/JFK0512TQO1?marker=741311
230,173,USD,BOS,BHB,"Bar Harbor, United States",US,2026-09-20,0,https://www.aviasales.com/search/BOS2009BHB1?marker=741311
231,173,USD,ORD,AZO,"Kalamazoo, United States",US,2026-09-22,0,https://www.aviasales.com/search/ORD2209AZO1?marker=741311
232,174,USD,MSP,MZT,"Mazatlan, Mexico",MX,2027-01-20,1,https://www.aviasales.com/search/MSP2001MZT1?marker=741311
233,175,USD,MCO,HPN,"Westchester County, United States",US,2026-09-24,1,https://www.aviasales.com/search/MCO2409HPN1?marker=741311
234,175,USD,SEA,YKM,"Yakima, United States",US,2026-12-30,0,https://www.aviasales.com/search/SEA3012YKM1?marker=741311
235,175,USD,CLT,OAJ,"Jacksonville, United States",US,2026-09-19,0,https://www.aviasales.com/search/CLT1909OAJ1?marker=741311
236,176,USD,JFK,MUC,"Munich, Germany",DE,2026-09-20,1,https://www.aviasales.com/search/JFK2009MUC1?marker=741311
237,177,USD,PHL,SCE,"State College, United States",US,2026-09-23,0,https://www.aviasales.com/search/PHL2309SCE1?marker=741311
238,178,USD,PHX,SGU,"Saint George, United States",US,2026-11-03,0,https://www.aviasales.com/search/PHX0311SGU1?marker=741311
239,179,USD,DFW,ILE,"Killeen, United States",US,2026-09-19,0,https://www.aviasales.com/search/DFW1909ILE1?marker=741311
240,179,USD,DFW,CLL,"College Station, United States",US,2026-09-22,0,https://www.aviasales.com/search/DFW2209CLL1?marker=741311
241,179,USD,PHL,MHT,"Manchester, United States",US,2026-09-22,0,https://www.aviasales.com/search/PHL2209MHT1?marker=741311
242,180,USD,DFW,ABI,"Abilene, United States",US,2026-09-23,0,https://www.aviasales.com/search/DFW2309ABI1?marker=741311
243,180,USD,DFW,MLU,"Monroe, United States",US,2026-09-23,0,https://www.aviasales.com/search/DFW2309MLU1?marker=741311
244,180,USD,ORD,BMI,"Bloomington, United States",US,2026-09-18,0,https://www.aviasales.com/search/ORD1809BMI1?marker=741311
245,180,USD,TPA,PSE,"Ponce, Puerto Rico",PR,2026-10-10,2,https://www.aviasales.com/search/TPA1010PSE1?marker=741311
246,181,USD,ORD,SPI,"Springfield, United States",US,2026-09-20,0,https://www.aviasales.com/search/ORD2009SPI1?marker=741311
247,181,USD,CLT,PGV,"Greenville, United States",US,2026-09-18,0,https://www.aviasales.com/search/CLT1809PGV1?marker=741311
248,182,USD,FLL,BAQ,"Barranquilla, Colombia",CO,2026-09-17,2,https://www.aviasales.com/search/FLL1709BAQ1?marker=741311
249,182,USD,DEN,LAR,"Laramie, United States",US,2026-09-22,0,https://www.aviasales.com/search/DEN2209LAR1?marker=741311
250,183,USD,DFW,MOB,"Mobile, United States",US,2026-09-22,0,https://www.aviasales.com/search/DFW2209MOB1?marker=741311
251,183,USD,DEN,LBF,"North Platte, United States",US,2026-09-21,0,https://www.aviasales.com/search/DEN2109LBF1?marker=741311
252,184,USD,JFK,ROM,"Rome, Italy",IT,2026-09-21,1,https://www.aviasales.com/search/JFK2109ROM1?marker=741311
253,184,USD,DFW,LAW,"Lawton, United States",US,2026-09-19,0,https://www.aviasales.com/search/DFW1909LAW1?marker=741311
254,184,USD,DFW,BRO,"Brownsville, United States",US,2026-09-19,0,https://www.aviasales.com/search/DFW1909BRO1?marker=741311
255,184,USD,LAX,TIJ,"Tijuana, Mexico",MX,2026-09-25,1,https://www.aviasales.com/search/LAX2509TIJ1?marker=741311
256,185,USD,ATL,VER,"Veracruz, Mexico",MX,2027-03-07,1,https://www.aviasales.com/search/ATL0703VER1?marker=741311
257,185,USD,MCO,MLB,"Melbourne, United States",US,2026-10-22,3,https://www.aviasales.com/search/MCO2210MLB1?marker=741311
258,185,USD,DFW,BTR,"Baton Rouge, United States",US,2026-09-22,0,https://www.aviasales.com/search/DFW2209BTR1?marker=741311
259,185,USD,ORD,CMI,"Champaign, United States",US,2026-09-18,0,https://www.aviasales.com/search/ORD1809CMI1?marker=741311
260,186,USD,MCO,LEX,"Lexington, United States",US,2026-09-24,2,https://www.aviasales.com/search/MCO2409LEX1?marker=741311
261,187,USD,DFW,GPT,"Gulfport, United States",US,2026-09-21,0,https://www.aviasales.com/search/DFW2109GPT1?marker=741311
262,188,USD,ORD,FOD,"Fort Dodge, United States",US,2026-09-21,0,https://www.aviasales.com/search/ORD2109FOD1?marker=741311
263,189,USD,DFW,FSM,"Fort Smith, United States",US,2026-09-20,0,https://www.aviasales.com/search/DFW2009FSM1?marker=741311
264,190,USD,DFW,MFE,"McAllen, United States",US,2026-10-01,1,https://www.aviasales.com/search/DFW0110MFE1?marker=741311
265,190,USD,DFW,MHK,"Manhattan, United States",US,2026-09-21,0,https://www.aviasales.com/search/DFW2109MHK1?marker=741311
266,191,USD,JFK,IDA,"Idaho Falls, United States",US,2026-10-20,1,https://www.aviasales.com/search/JFK2010IDA1?marker=741311
267,191,USD,ORD,LCH,"Lake Charles, United States",US,2026-09-22,1,https://www.aviasales.com/search/ORD2209LCH1?marker=741311
268,192,USD,BOS,RAK,"Marrakech, Morocco",MA,2027-02-01,1,https://www.aviasales.com/search/BOS0102RAK1?marker=741311
269,192,USD,RDU,ROA,"Roanoke, United States",US,2026-09-20,1,https://www.aviasales.com/search/RDU2009ROA1?marker=741311
270,194,USD,BNA,ART,"Watertown, United States",US,2026-09-30,2,https://www.aviasales.com/search/BNA3009ART1?marker=741311
271,194,USD,MSP,YYJ,"Victoria, Canada",CA,2026-09-22,2,https://www.aviasales.com/search/MSP2209YYJ1?marker=741311
272,195,USD,PHX,MTJ,"Montrose, United States",US,2026-12-14,1,https://www.aviasales.com/search/PHX1412MTJ1?marker=741311
273,195,USD,BOS,PQI,"Presque Isle, United States",US,2026-09-24,0,https://www.aviasales.com/search/BOS2409PQI1?marker=741311
274,195,USD,DCA,AGS,"Augusta, United States",US,2026-09-21,0,https://www.aviasales.com/search/DCA2109AGS1?marker=741311
275,196,USD,MCO,BUH,"Bucharest, Romania",RO,2027-01-15,1,https://www.aviasales.com/search/MCO1501BUH1?marker=741311
276,196,USD,LAX,LIH,"Kauai Island, United States",US,2026-11-03,1,https://www.aviasales.com/search/LAX0311LIH1?marker=741311
277,196,USD,PDX,RDM,"Redmond, United States",US,2026-09-21,0,https://www.aviasales.com/search/PDX2109RDM1?marker=741311
278,196,USD,RDU,LNS,"Lancaster, United States",US,2026-09-19,1,https://www.aviasales.com/search/RDU1909LNS1?marker=741311
279,196,USD,PHL,FRS,"Flores, Guatemala",GT,2027-01-14,2,https://www.aviasales.com/search/PHL1401FRS1?marker=741311
280,197,USD,JFK,CTA,"Catania, Italy",IT,2026-10-14,1,https://www.aviasales.com/search/JFK1410CTA1?marker=741311
281,197,USD,SEA,YXT,"Terrace, Canada",CA,2026-09-23,2,https://www.aviasales.com/search/SEA2309YXT1?marker=741311
282,198,USD,PDX,PSC,"Pasco, United States",US,2026-09-22,0,https://www.aviasales.com/search/PDX2209PSC1?marker=741311
283,198,USD,SAN,MRY,"Monterey, United States",US,2026-09-22,0,https://www.aviasales.com/search/SAN2209MRY1?marker=741311
284,198,USD,CLT,SHD,"Staunton, United States",US,2026-09-19,0,https://www.aviasales.com/search/CLT1909SHD1?marker=741311
285,199,USD,PDX,YZF,"Yellowknife, Canada",CA,2026-09-22,1,https://www.aviasales.com/search/PDX2209YZF1?marker=741311
286,200,USD,JFK,NAP,"Naples, Italy",IT,2026-10-14,1,https://www.aviasales.com/search/JFK1410NAP1?marker=741311
287,201,USD,JFK,DAB,"Daytona Beach, United States",US,2026-09-24,1,https://www.aviasales.com/search/JFK2409DAB1?marker=741311
288,201,USD,LAX,ACA,"Acapulco, Mexico",MX,2026-10-25,2,https://www.aviasales.com/search/LAX2510ACA1?marker=741311
289,202,USD,ORD,ECP,"Panama City, United States",US,2026-11-04,1,https://www.aviasales.com/search/ORD0411ECP1?marker=741311
290,202,USD,JFK,SLU,"Castries, Saint Lucia",LC,2026-10-05,0,https://www.aviasales.com/search/JFK0510SLU1?marker=741311
291,204,USD,JFK,UIO,"Quito, Ecuador",EC,2026-11-16,1,https://www.aviasales.com/search/JFK1611UIO1?marker=741311
292,204,USD,JFK,PAR,"Paris, France",FR,2026-09-19,1,https://www.aviasales.com/search/JFK1909PAR1?marker=741311
293,205,USD,DFW,JAC,"Jackson, United States",US,2026-09-21,0,https://www.aviasales.com/search/DFW2109JAC1?marker=741311
294,206,USD,DFW,GJT,"Grand Junction, United States",US,2026-09-21,0,https://www.aviasales.com/search/DFW2109GJT1?marker=741311
295,206,USD,MCO,YZR,"Sarnia, Canada",CA,2026-09-24,1,https://www.aviasales.com/search/MCO2409YZR1?marker=741311
296,207,USD,ORD,ZCL,"Zacatecas, Mexico",MX,2026-09-22,2,https://www.aviasales.com/search/ORD2209ZCL1?marker=741311
297,209,USD,SEA,PUW,"Pullman, United States",US,2026-09-19,0,https://www.aviasales.com/search/SEA1909PUW1?marker=741311
298,210,USD,LAX,PRC,"Prescott, United States",US,2026-09-23,0,https://www.aviasales.com/search/LAX2309PRC1?marker=741311
299,210,USD,SEA,YCD,"Nanaimo, Canada",CA,2026-09-23,1,https://www.aviasales.com/search/SEA2309YCD1?marker=741311
300,210,USD,SEA,JNU,"Juneau, United States",US,2026-09-22,0,https://www.aviasales.com/search/SEA2209JNU1?marker=741311
301,211,USD,LAX,FCA,"Kalispell, United States",US,2026-09-20,1,https://www.aviasales.com/search/LAX2009FCA1?marker=741311
302,211,USD,ORD,CMX,"Hancock, United States",US,2026-09-21,0,https://www.aviasales.com/search/ORD2109CMX1?marker=741311
303,211,USD,BNA,YQT,"Thunder Bay, Canada",CA,2026-09-23,1,https://www.aviasales.com/search/BNA2309YQT1?marker=741311
304,212,USD,MIA,STT,"Saint Thomas, U.S. Virgin Islands",VI,2027-01-03,0,https://www.aviasales.com/search/MIA0301STT1?marker=741311
305,212,USD,DFW,EGE,"Vail, United States",US,2026-09-19,0,https://www.aviasales.com/search/DFW1909EGE1?marker=741311
306,212,USD,IAD,MED,"Medina, Saudi Arabia",SA,2026-10-08,1,https://www.aviasales.com/search/IAD0810MED1?marker=741311
307,213,USD,AUS,CAE,"Columbia, United States",US,2026-09-15,1,https://www.aviasales.com/search/AUS1509CAE1?marker=741311
308,213,USD,LAS,LTO,"Loreto, Mexico",MX,2026-10-31,2,https://www.aviasales.com/search/LAS3110LTO1?marker=741311
309,214,USD,ORD,MOT,"Minot, United States",US,2026-09-23,1,https://www.aviasales.com/search/ORD2309MOT1?marker=741311
310,214,USD,JFK,TGD,"Podgorica, Montenegro",ME,2026-10-14,2,https://www.aviasales.com/search/JFK1410TGD1?marker=741311
311,215,USD,PDX,FAR,"Fargo, United States",US,2026-09-20,2,https://www.aviasales.com/search/PDX2009FAR1?marker=741311
312,216,USD,MCO,SSA,"Salvador, Brazil",BR,2026-09-27,1,https://www.aviasales.com/search/MCO2709SSA1?marker=741311
313,216,USD,SEA,YXS,"Prince George, Canada",CA,2026-09-22,1,https://www.aviasales.com/search/SEA2209YXS1?marker=741311
314,217,USD,JFK,LCA,"Larnaca, Cyprus",CY,2026-09-30,1,https://www.aviasales.com/search/JFK3009LCA1?marker=741311
315,218,USD,DFW,CJS,"Ciudad Juarez, Mexico",MX,2026-10-01,2,https://www.aviasales.com/search/DFW0110CJS1?marker=741311
316,219,USD,LAX,SGN,"Ho Chi Minh City, Vietnam",VN,2027-01-11,1,https://www.aviasales.com/search/LAX1101SGN1?marker=741311
317,219,USD,ORD,BLV,"Belleville, United States",US,2026-09-25,1,https://www.aviasales.com/search/ORD2509BLV1?marker=741311
318,219,USD,IAH,HOB,"Hobbs, United States",US,2026-09-24,0,https://www.aviasales.com/search/IAH2409HOB1?marker=741311
319,220,USD,MIA,ORH,"Worcester, United States",US,2026-11-01,1,https://www.aviasales.com/search/MIA0111ORH1?marker=741311
320,221,USD,ORD,PLN,"Pellston, United States",US,2026-09-21,0,https://www.aviasales.com/search/ORD2109PLN1?marker=741311
321,221,USD,ORD,ATW,"Appleton, United States",US,2026-09-24,1,https://www.aviasales.com/search/ORD2409ATW1?marker=741311
322,222,USD,JFK,MIL,"Milan, Italy",IT,2026-10-14,1,https://www.aviasales.com/search/JFK1410MIL1?marker=741311
323,223,USD,MIA,LIR,"Liberia, Costa Rica",CR,2026-10-22,1,https://www.aviasales.com/search/MIA2210LIR1?marker=741311
324,223,USD,JFK,VCE,"Venice, Italy",IT,2026-10-18,1,https://www.aviasales.com/search/JFK1810VCE1?marker=741311
325,224,USD,DFW,CUU,"Chihuahua, Mexico",MX,2026-09-24,2,https://www.aviasales.com/search/DFW2409CUU1?marker=741311
326,225,USD,PHX,DGO,"Durango, Mexico",MX,2026-09-23,1,https://www.aviasales.com/search/PHX2309DGO1?marker=741311
327,227,USD,SAN,BLI,"Bellingham, United States",US,2026-09-18,2,https://www.aviasales.com/search/SAN1809BLI1?marker=741311
328,228,USD,RDU,EWN,"New Bern, United States",US,2026-09-24,1,https://www.aviasales.com/search/RDU2409EWN1?marker=741311
329,230,USD,LAX,MAM,"Matamoros, Mexico",MX,2026-09-22,2,https://www.aviasales.com/search/LAX2209MAM1?marker=741311
330,230,USD,JFK,OGS,"Ogdensburg, United States",US,2026-09-19,1,https://www.aviasales.com/search/JFK1909OGS1?marker=741311
331,231,USD,JFK,WAW,"Warsaw, Poland",PL,2026-11-17,1,https://www.aviasales.com/search/JFK1711WAW1?marker=741311
332,231,USD,DEN,GUP,"Gallup, United States",US,2026-09-19,1,https://www.aviasales.com/search/DEN1909GUP1?marker=741311
333,231,USD,LAX,SMX,"Santa Maria, United States",US,2026-09-22,2,https://www.aviasales.com/search/LAX2209SMX1?marker=741311
334,232,USD,JFK,MLA,"Malta, Malta",MT,2026-09-30,1,https://www.aviasales.com/search/JFK3009MLA1?marker=741311
335,232,USD,LAX,RAP,"Rapid City, United States",US,2026-09-22,1,https://www.aviasales.com/search/LAX2209RAP1?marker=741311
336,233,USD,JFK,DUB,"Dublin, Ireland",IE,2027-01-06,1,https://www.aviasales.com/search/JFK0601DUB1?marker=741311
337,233,USD,SEA,EAT,"Wenatchee, United States",US,2026-09-21,0,https://www.aviasales.com/search/SEA2109EAT1?marker=741311
338,235,USD,MCO,PKB,"Parkersburg, United States",US,2026-09-24,1,https://www.aviasales.com/search/MCO2409PKB1?marker=741311
339,236,USD,JFK,ZRH,"Zurich, Switzerland",CH,2026-09-30,1,https://www.aviasales.com/search/JFK3009ZRH1?marker=741311
340,236,USD,JFK,OSL,"Oslo, Norway",NO,2026-12-10,1,https://www.aviasales.com/search/JFK1012OSL1?marker=741311
341,236,USD,JFK,TLL,"Tallinn, Estonia",EE,2026-10-13,2,https://www.aviasales.com/search/JFK1310TLL1?marker=741311
342,237,USD,ORD,LNK,"Lincoln, United States",US,2026-09-19,0,https://www.aviasales.com/search/ORD1909LNK1?marker=741311
343,238,USD,MIA,BER,"Berlin, Germany",DE,2026-11-29,1,https://www.aviasales.com/search/MIA2911BER1?marker=741311
344,238,USD,MIA,GYE,"Guayaquil, Ecuador",EC,2026-10-02,2,https://www.aviasales.com/search/MIA0210GYE1?marker=741311
345,238,USD,DFW,EUG,"Eugene, United States",US,2026-09-18,1,https://www.aviasales.com/search/DFW1809EUG1?marker=741311
346,238,USD,DFW,YUM,"Yuma, United States",US,2026-09-18,0,https://www.aviasales.com/search/DFW1809YUM1?marker=741311
347,238,USD,SFO,RDD,"Redding, United States",US,2026-09-23,0,https://www.aviasales.com/search/SFO2309RDD1?marker=741311
348,238,USD,JFK,SPU,"Split, Croatia",HR,2026-10-04,1,https://www.aviasales.com/search/JFK0410SPU1?marker=741311
349,239,USD,LAX,MGA,"Managua, Nicaragua",NI,2026-12-02,1,https://www.aviasales.com/search/LAX0212MGA1?marker=741311
350,239,USD,IAH,CRP,"Corpus Christi, United States",US,2026-09-21,0,https://www.aviasales.com/search/IAH2109CRP1?marker=741311
351,239,USD,IAH,SHV,"Shreveport, United States",US,2026-09-21,0,https://www.aviasales.com/search/IAH2109SHV1?marker=741311
352,239,USD,IAD,AVP,"Wilkes-Barre, United States",US,2026-09-20,0,https://www.aviasales.com/search/IAD2009AVP1?marker=741311
353,239,USD,ORD,MBS,"Saginaw, United States",US,2026-09-21,0,https://www.aviasales.com/search/ORD2109MBS1?marker=741311
354,239,USD,IAD,ITH,"Ithaca, United States",US,2026-09-23,0,https://www.aviasales.com/search/IAD2309ITH1?marker=741311
355,239,USD,JFK,SLK,"Saranac Lake, United States",US,2026-09-16,0,https://www.aviasales.com/search/JFK1609SLK1?marker=741311
356,240,USD,JFK,NCE,"Nice, France",FR,2026-10-06,1,https://www.aviasales.com/search/JFK0610NCE1?marker=741311
357,240,USD,ORD,COU,"Columbia, United States",US,2026-09-20,2,https://www.aviasales.com/search/ORD2009COU1?marker=741311
358,240,USD,JFK,ACK,"Nantucket, United States",US,2026-09-21,0,https://www.aviasales.com/search/JFK2109ACK1?marker=741311
359,241,USD,DEN,TEX,"Telluride, United States",US,2026-09-22,0,https://www.aviasales.com/search/DEN2209TEX1?marker=741311
360,242,USD,MIA,BUE,"Buenos Aires, Argentina",AR,2026-11-14,1,https://www.aviasales.com/search/MIA1411BUE1?marker=741311
361,243,USD,DFW,CID,"Cedar Rapids, United States",US,2026-09-23,2,https://www.aviasales.com/search/DFW2309CID1?marker=741311
362,244,USD,MCO,MID,"Merida, Mexico",MX,2026-09-24,1,https://www.aviasales.com/search/MCO2409MID1?marker=741311
363,245,USD,JFK,BEG,"Belgrade, Serbia",RS,2026-10-14,1,https://www.aviasales.com/search/JFK1410BEG1?marker=741311
364,246,USD,JFK,MVY,"Martha's Vineyard, United States",US,2026-09-20,0,https://www.aviasales.com/search/JFK2009MVY1?marker=741311
365,247,USD,DFW,CUC,"Cucuta, Colombia",CO,2026-10-27,3,https://www.aviasales.com/search/DFW2710CUC1?marker=741311
366,247,USD,RDU,MAN,"Manchester, United Kingdom",GB,2027-01-19,2,https://www.aviasales.com/search/RDU1901MAN1?marker=741311
367,248,USD,ORD,AOO,"Altoona, United States",US,2026-09-18,2,https://www.aviasales.com/search/ORD1809AOO1?marker=741311
368,248,USD,BOS,TIA,"Tirana, Albania",AL,2026-09-17,2,https://www.aviasales.com/search/BOS1709TIA1?marker=741311
369,248,USD,DFW,MNL,"Manila, Philippines",PH,2026-10-14,1,https://www.aviasales.com/search/DFW1410MNL1?marker=741311
370,248,USD,MSP,BIO,"Bilbao, Spain",ES,2026-11-02,2,https://www.aviasales.com/search/MSP0211BIO1?marker=741311
371,248,USD,ORD,GRB,"Green Bay, United States",US,2026-10-23,0,https://www.aviasales.com/search/ORD2310GRB1?marker=741311
372,251,USD,ORD,CPH,"Copenhagen, Denmark",DK,2026-10-28,1,https://www.aviasales.com/search/ORD2810CPH1?marker=741311
373,251,USD,JFK,PRG,"Prague, Czech Republic",CZ,2026-10-06,1,https://www.aviasales.com/search/JFK0610PRG1?marker=741311
374,251,USD,RDU,PEI,"Pereira, Colombia",CO,2026-10-06,2,https://www.aviasales.com/search/RDU0610PEI1?marker=741311
375,251,USD,PHX,YXX,"Abbotsford, Canada",CA,2026-09-21,2,https://www.aviasales.com/search/PHX2109YXX1?marker=741311
376,253,USD,ATL,ILG,"Wilmington, United States",US,2026-10-03,1,https://www.aviasales.com/search/ATL0310ILG1?marker=741311
377,253,USD,MIA,GGT,"George Town, Bahamas",BS,2026-09-25,1,https://www.aviasales.com/search/MIA2509GGT1?marker=741311
378,254,USD,JFK,BRU,"Brussels, Belgium",BE,2026-10-15,2,https://www.aviasales.com/search/JFK1510BRU1?marker=741311
379,254,USD,MCO,SMR,"Santa Marta, Colombia",CO,2027-01-16,1,https://www.aviasales.com/search/MCO1601SMR1?marker=741311
380,255,USD,JFK,IST,"Istanbul, Turkiye",TR,2026-10-11,2,https://www.aviasales.com/search/JFK1110IST1?marker=741311
381,255,USD,PHX,TPQ,"Tepic, Mexico",MX,2026-09-22,2,https://www.aviasales.com/search/PHX2209TPQ1?marker=741311
382,256,USD,LAX,BCN,"Barcelona, Spain",ES,2026-10-19,0,https://www.aviasales.com/search/LAX1910BCN1?marker=741311
383,256,USD,MCO,DUJ,"Du Bois, United States",US,2026-09-24,1,https://www.aviasales.com/search/MCO2409DUJ1?marker=741311
384,258,USD,LAX,TYO,"Tokyo, Japan",JP,2026-09-18,0,https://www.aviasales.com/search/LAX1809TYO1?marker=741311
385,258,USD,BOS,ICT,"Wichita, United States",US,2026-09-21,1,https://www.aviasales.com/search/BOS2109ICT1?marker=741311
386,259,USD,JFK,SKG,"Thessaloniki, Greece",GR,2026-10-15,1,https://www.aviasales.com/search/JFK1510SKG1?marker=741311
387,259,USD,MCO,DAV,"David, Panama",PA,2026-09-24,2,https://www.aviasales.com/search/MCO2409DAV1?marker=741311
388,259,USD,MSP,GFK,"Grand Forks, United States",US,2026-09-23,1,https://www.aviasales.com/search/MSP2309GFK1?marker=741311
389,259,USD,PDX,YXC,"Cranbrook, Canada",CA,2026-09-24,2,https://www.aviasales.com/search/PDX2409YXC1?marker=741311
390,260,USD,JFK,BHZ,"Belo Horizonte, Brazil",BR,2026-11-24,1,https://www.aviasales.com/search/JFK2411BHZ1?marker=741311
391,260,USD,JFK,CFU,"Kerkyra, Greece",GR,2026-09-29,1,https://www.aviasales.com/search/JFK2909CFU1?marker=741311
392,263,USD,JFK,OPO,"Porto, Portugal",PT,2026-10-14,2,https://www.aviasales.com/search/JFK1410OPO1?marker=741311
393,263,USD,SEA,SUN,"Sun Valley, United States",US,2026-09-24,0,https://www.aviasales.com/search/SEA2409SUN1?marker=741311
394,264,USD,MCO,RIO,"Rio de Janeiro, Brazil",BR,2027-01-20,1,https://www.aviasales.com/search/MCO2001RIO1?marker=741311
395,264,USD,MCO,FNT,"Flint, United States",US,2026-09-24,2,https://www.aviasales.com/search/MCO2409FNT1?marker=741311
396,265,USD,ATL,TUP,"Tupelo, United States",US,2026-09-24,2,https://www.aviasales.com/search/ATL2409TUP1?marker=741311
397,265,USD,SEA,SEL,"Seoul, South Korea",KR,2026-09-24,0,https://www.aviasales.com/search/SEA2409SEL1?marker=741311
398,265,USD,PHX,MXL,"Mexicali, Mexico",MX,2026-09-24,1,https://www.aviasales.com/search/PHX2409MXL1?marker=741311
399,266,USD,PHL,BFD,"Bradford, United States",US,2026-09-22,2,https://www.aviasales.com/search/PHL2209BFD1?marker=741311
400,267,USD,ORD,ERI,"Erie, United States",US,2026-09-22,1,https://www.aviasales.com/search/ORD2209ERI1?marker=741311
401,268,USD,LAX,MAD,"Madrid, Spain",ES,2026-10-18,1,https://www.aviasales.com/search/LAX1810MAD1?marker=741311
402,268,USD,SFO,SIN,"Singapore, Singapore",SG,2026-11-27,0,https://www.aviasales.com/search/SFO2711SIN1?marker=741311
403,269,USD,IAH,LFT,"Lafayette, United States",US,2026-09-18,1,https://www.aviasales.com/search/IAH1809LFT1?marker=741311
404,270,USD,DFW,CAI,"Cairo, Egypt",EG,2026-09-25,1,https://www.aviasales.com/search/DFW2509CAI1?marker=741311
405,271,USD,BOS,RTB,"Roatan, Honduras",HN,2026-11-29,1,https://www.aviasales.com/search/BOS2911RTB1?marker=741311
406,272,USD,PHL,BGR,"Bangor, United States",US,2026-09-23,1,https://www.aviasales.com/search/PHL2309BGR1?marker=741311
407,272,USD,SEA,VLC,"Valencia, Spain",ES,2026-10-02,2,https://www.aviasales.com/search/SEA0210VLC1?marker=741311
408,273,USD,FLL,ELH,"North Eleuthera, Bahamas",BS,2026-10-22,1,https://www.aviasales.com/search/FLL2210ELH1?marker=741311
409,274,USD,JFK,AMS,"Amsterdam, Netherlands",NL,2026-09-20,1,https://www.aviasales.com/search/JFK2009AMS1?marker=741311
410,274,USD,MCO,REK,"Reykjavik, Iceland",IS,2027-01-20,1,https://www.aviasales.com/search/MCO2001REK1?marker=741311
411,274,USD,JFK,CWB,"Curitiba, Brazil",BR,2026-11-05,2,https://www.aviasales.com/search/JFK0511CWB1?marker=741311
412,275,USD,MCO,PGD,"Punta Gorda, United States",US,2026-09-24,2,https://www.aviasales.com/search/MCO2409PGD1?marker=741311
413,276,USD,JFK,BRL,"Burlington, United States",US,2026-09-22,1,https://www.aviasales.com/search/JFK2209BRL1?marker=741311
414,277,USD,JFK,MRS,"Marseille, France",FR,2026-09-25,1,https://www.aviasales.com/search/JFK2509MRS1?marker=741311
415,279,USD,ATL,VNO,"Vilnius, Lithuania",LT,2026-09-27,2,https://www.aviasales.com/search/ATL2709VNO1?marker=741311
416,280,USD,IAD,POA,"Porto Alegre, Brazil",BR,2026-09-26,2,https://www.aviasales.com/search/IAD2609POA1?marker=741311
417,280,USD,IAD,ISB,"Islamabad, Pakistan",PK,2026-09-22,1,https://www.aviasales.com/search/IAD2209ISB1?marker=741311
418,281,USD,DFW,XPL,"Comayagua, Honduras",HN,2026-10-03,3,https://www.aviasales.com/search/DFW0310XPL1?marker=741311
419,281,USD,PHX,CNM,"Carlsbad, United States",US,2026-09-19,2,https://www.aviasales.com/search/PHX1909CNM1?marker=741311
420,282,USD,MIA,IGA,"Inagua, Bahamas",BS,2027-01-03,1,https://www.aviasales.com/search/MIA0301IGA1?marker=741311
421,282,USD,JFK,KTM,"Kathmandu, Nepal",NP,2027-03-08,1,https://www.aviasales.com/search/JFK0803KTM1?marker=741311
422,284,USD,SLC,WYS,"West Yellowstone, United States",US,2026-09-19,1,https://www.aviasales.com/search/SLC1909WYS1?marker=741311
423,285,USD,FLL,CAP,"Cap Haitien, Haiti",HT,2026-12-19,0,https://www.aviasales.com/search/FLL1912CAP1?marker=741311
424,285,USD,JFK,KRK,"Krakow, Poland",PL,2026-09-30,2,https://www.aviasales.com/search/JFK3009KRK1?marker=741311
425,286,USD,ORD,PAH,"Paducah, United States",US,2026-09-24,0,https://www.aviasales.com/search/ORD2409PAH1?marker=741311
426,287,USD,JFK,STO,"Stockholm, Sweden",SE,2026-11-21,1,https://www.aviasales.com/search/JFK2111STO1?marker=741311
427,287,USD,BOS,SBY,"Salisbury-Ocean City, United States",US,2026-09-19,2,https://www.aviasales.com/search/BOS1909SBY1?marker=741311
428,287,USD,IAH,IRK,"Kirksville, United States",US,2026-09-21,1,https://www.aviasales.com/search/IAH2109IRK1?marker=741311
429,288,USD,JFK,DXB,"Dubai, United Arab Emirates",AE,2026-11-14,1,https://www.aviasales.com/search/JFK1411DXB1?marker=741311
430,288,USD,JFK,VIE,"Vienna, Austria",AT,2026-09-25,2,https://www.aviasales.com/search/JFK2509VIE1?marker=741311
431,288,USD,JFK,VRN,"Verona, Italy",IT,2026-09-29,1,https://www.aviasales.com/search/JFK2909VRN1?marker=741311
432,288,USD,JFK,TIV,"Tivat, Montenegro",ME,2026-10-03,1,https://www.aviasales.com/search/JFK0310TIV1?marker=741311
433,289,USD,JFK,AYT,"Antalya, Turkiye",TR,2026-09-29,1,https://www.aviasales.com/search/JFK2909AYT1?marker=741311
434,289,USD,JFK,SXB,"Strasbourg, France",FR,2027-02-02,1,https://www.aviasales.com/search/JFK0202SXB1?marker=741311
435,290,USD,DEN,PIR,"Pierre, United States",US,2026-09-23,0,https://www.aviasales.com/search/DEN2309PIR1?marker=741311
436,291,USD,JFK,IBZ,"Ibiza, Spain",ES,2026-09-19,1,https://www.aviasales.com/search/JFK1909IBZ1?marker=741311
437,291,USD,PHL,YGK,"Kingston, Canada",CA,2026-09-23,2,https://www.aviasales.com/search/PHL2309YGK1?marker=741311
438,292,USD,JFK,NUE,"Nuremberg, Germany",DE,2026-09-20,2,https://www.aviasales.com/search/JFK2009NUE1?marker=741311
439,292,USD,JFK,GOA,"Genoa, Italy",IT,2026-11-22,1,https://www.aviasales.com/search/JFK2211GOA1?marker=741311
440,293,USD,ATL,CHO,"Charlottesville, United States",US,2026-09-18,2,https://www.aviasales.com/search/ATL1809CHO1?marker=741311
441,293,USD,JFK,JED,"Jeddah, Saudi Arabia",SA,2026-10-07,1,https://www.aviasales.com/search/JFK0710JED1?marker=741311
442,293,USD,LAX,YQG,"Windsor, Canada",CA,2026-09-22,2,https://www.aviasales.com/search/LAX2209YQG1?marker=741311
443,294,USD,JFK,ALC,"Alicante, Spain",ES,2027-01-11,2,https://www.aviasales.com/search/JFK1101ALC1?marker=741311
444,294,USD,DCA,FOC,"Fuzhou, China",CN,2026-09-29,2,https://www.aviasales.com/search/DCA2909FOC1?marker=741311
445,294,USD,MSP,FWA,"Fort Wayne, United States",US,2026-09-24,1,https://www.aviasales.com/search/MSP2409FWA1?marker=741311
446,294,USD,DEN,GUC,"Gunnison, United States",US,2026-09-20,0,https://www.aviasales.com/search/DEN2009GUC1?marker=741311
447,295,USD,PHX,OSA,"Osaka, Japan",JP,2026-11-17,2,https://www.aviasales.com/search/PHX1711OSA1?marker=741311
448,296,USD,JFK,RUT,"Rutland, United States",US,2026-09-19,1,https://www.aviasales.com/search/JFK1909RUT1?marker=741311
449,298,USD,MIA,SKB,"Basseterre, Saint Kitts and Nevis",KN,2026-09-16,1,https://www.aviasales.com/search/MIA1609SKB1?marker=741311
450,299,USD,SEA,BKK,"Bangkok, Thailand",TH,2027-01-17,1,https://www.aviasales.com/search/SEA1701BKK1?marker=741311
451,299,USD,JFK,DEL,"New Delhi, India",IN,2026-10-09,1,https://www.aviasales.com/search/JFK0910DEL1?marker=741311
452,299,USD,LAX,COD,"Cody, United States",US,2026-10-02,1,https://www.aviasales.com/search/LAX0210COD1?marker=741311
453,299,USD,JFK,FNC,"Funchal, Portugal",PT,2026-09-24,1,https://www.aviasales.com/search/JFK2409FNC1?marker=741311
454,300,USD,MCO,EIS,"Beef Island, British Virgin Islands",VG,2026-09-25,1,https://www.aviasales.com/search/MCO2509EIS1?marker=741311
455,300,USD,SEA,GDN,"Gdansk, Poland",PL,2026-12-04,1,https://www.aviasales.com/search/SEA0412GDN1?marker=741311
456,300,USD,JFK,KUT,"Kutaisi, Georgia",GE,2026-10-22,2,https://www.aviasales.com/search/JFK2210KUT1?marker=741311
457,300,USD,AUS,CYS,"Cheyenne, United States",US,2026-09-20,2,https://www.aviasales.com/search/AUS2009CYS1?marker=741311
458,301,USD,JFK,TBS,"Tbilisi, Georgia",GE,2026-10-15,1,https://www.aviasales.com/search/JFK1510TBS1?marker=741311
459,301,USD,SFO,HKG,"Hong Kong, Hong Kong",HK,2026-09-18,1,https://www.aviasales.com/search/SFO1809HKG1?marker=741311
460,301,USD,MIA,PTP,"Pointe-a-pitre, Guadeloupe",GP,2026-10-17,1,https://www.aviasales.com/search/MIA1710PTP1?marker=741311
461,302,USD,IAD,RIX,"Riga, Latvia",LV,2026-10-05,2,https://www.aviasales.com/search/IAD0510RIX1?marker=741311
462,302,USD,MCO,MDZ,"Mendoza, Argentina",AR,2026-09-28,2,https://www.aviasales.com/search/MCO2809MDZ1?marker=741311
463,302,USD,DFW,PQM,"Palenque, Mexico",MX,2026-09-21,2,https://www.aviasales.com/search/DFW2109PQM1?marker=741311
464,302,USD,ORD,AUA,"Oranjestad, Aruba",AW,2026-12-25,0,https://www.aviasales.com/search/ORD2512AUA1?marker=741311
465,303,USD,JFK,RMO,"Chisinau, Moldova",MD,2026-10-11,1,https://www.aviasales.com/search/JFK1110RMO1?marker=741311
466,303,USD,IAH,MSL,"Muscle Shoals, United States",US,2026-09-18,1,https://www.aviasales.com/search/IAH1809MSL1?marker=741311
467,305,USD,ORD,DUS,"Dusseldorf, Germany",DE,2026-12-28,1,https://www.aviasales.com/search/ORD2812DUS1?marker=741311
468,305,USD,ORD,CGN,"Cologne, Germany",DE,2026-12-28,1,https://www.aviasales.com/search/ORD2812CGN1?marker=741311
469,306,USD,ATL,GNV,"Gainesville, United States",US,2026-09-21,2,https://www.aviasales.com/search/ATL2109GNV1?marker=741311
470,306,USD,ATL,HHH,"Hilton Head, United States",US,2026-09-24,2,https://www.aviasales.com/search/ATL2409HHH1?marker=741311
471,306,USD,ATL,FAY,"Fayetteville, United States",US,2026-09-24,2,https://www.aviasales.com/search/ATL2409FAY1?marker=741311
472,306,USD,JFK,EVN,"Yerevan, Armenia",AM,2026-10-14,1,https://www.aviasales.com/search/JFK1410EVN1?marker=741311
473,306,USD,IAH,CME,"Ciudad Del Carmen, Mexico",MX,2026-09-22,1,https://www.aviasales.com/search/IAH2209CME1?marker=741311
474,308,USD,RDU,AEX,"Alexandria, United States",US,2027-01-01,1,https://www.aviasales.com/search/RDU0101AEX1?marker=741311
475,309,USD,JFK,BUD,"Budapest, Hungary",HU,2026-09-20,1,https://www.aviasales.com/search/JFK2009BUD1?marker=741311
476,309,USD,IAD,AXM,"Armenia, Colombia",CO,2026-10-14,2,https://www.aviasales.com/search/IAD1410AXM1?marker=741311
477,310,USD,SFO,PPT,"Papeete, French Polynesia",PF,2026-12-02,0,https://www.aviasales.com/search/SFO0212PPT1?marker=741311
478,310,USD,JFK,DBV,"Dubrovnik, Croatia",HR,2026-10-01,1,https://www.aviasales.com/search/JFK0110DBV1?marker=741311
479,311,USD,ORD,TOL,"Toledo, United States",US,2026-09-23,2,https://www.aviasales.com/search/ORD2309TOL1?marker=741311
480,311,USD,JFK,MSS,"Massena, United States",US,2026-09-24,1,https://www.aviasales.com/search/JFK2409MSS1?marker=741311
481,311,USD,SLC,BTM,"Butte, United States",US,2026-09-23,1,https://www.aviasales.com/search/SLC2309BTM1?marker=741311
482,313,USD,JFK,LIS,"Lisbon, Portugal",PT,2026-09-27,1,https://www.aviasales.com/search/JFK2709LIS1?marker=741311
483,313,USD,BOS,HOR,"Horta, Portugal",PT,2027-01-15,2,https://www.aviasales.com/search/BOS1501HOR1?marker=741311
484,314,USD,JFK,REX,"Reynosa, Mexico",MX,2026-10-13,2,https://www.aviasales.com/search/JFK1310REX1?marker=741311
485,314,USD,JFK,BTS,"Bratislava, Slovakia",SK,2026-09-27,1,https://www.aviasales.com/search/JFK2709BTS1?marker=741311
486,314,USD,PHX,MLI,"Moline, United States",US,2026-09-22,2,https://www.aviasales.com/search/PHX2209MLI1?marker=741311
487,315,USD,ORD,AGP,"Malaga, Spain",ES,2026-10-03,2,https://www.aviasales.com/search/ORD0310AGP1?marker=741311
488,315,USD,ORD,BIS,"Bismarck, United States",US,2026-09-19,1,https://www.aviasales.com/search/ORD1909BIS1?marker=741311
489,316,USD,JFK,MMA,"Malmo, Sweden",SE,2026-10-03,2,https://www.aviasales.com/search/JFK0310MMA1?marker=741311
490,316,USD,BNA,BOD,"Bordeaux, France",FR,2026-10-10,3,https://www.aviasales.com/search/BNA1010BOD1?marker=741311
491,316,USD,PHX,GDV,"Glendive, United States",US,2026-09-23,2,https://www.aviasales.com/search/PHX2309GDV1?marker=741311
492,316,USD,MSP,CRK,"City of Angeles, Philippines",PH,2026-10-28,2,https://www.aviasales.com/search/MSP2810CRK1?marker=741311
493,317,USD,FLL,VRB,"Vero Beach, United States",US,2026-09-24,1,https://www.aviasales.com/search/FLL2409VRB1?marker=741311
494,317,USD,IAD,RUH,"Riyadh, Saudi Arabia",SA,2026-09-15,1,https://www.aviasales.com/search/IAD1509RUH1?marker=741311
495,318,USD,SFO,XMN,"Xiamen, China",CN,2026-09-30,1,https://www.aviasales.com/search/SFO3009XMN1?marker=741311
496,318,USD,AUS,AIA,"Alliance, United States",US,2026-09-22,2,https://www.aviasales.com/search/AUS2209AIA1?marker=741311
497,319,USD,JFK,HAM,"Hamburg, Germany",DE,2026-10-01,1,https://www.aviasales.com/search/JFK0110HAM1?marker=741311
498,319,USD,PDX,YSJ,"Saint John, Canada",CA,2026-09-20,2,https://www.aviasales.com/search/PDX2009YSJ1?marker=741311
499,320,USD,JFK,SSH,"Sharm el Sheikh, Egypt",EG,2026-10-14,2,https://www.aviasales.com/search/JFK1410SSH1?marker=741311
500,320,USD,JFK,HEL,"Helsinki, Finland",FI,2027-01-03,1,https://www.aviasales.com/search/JFK0301HEL1?marker=741311
501,321,USD,SAN,CMN,"Casablanca, Morocco",MA,2026-12-29,2,https://www.aviasales.com/search/SAN2912CMN1?marker=741311
502,321,USD,BOS,POZ,"Poznan, Poland",PL,2026-10-29,2,https://www.aviasales.com/search/BOS2910POZ1?marker=741311
503,324,USD,ORD,EDI,"Edinburgh, United Kingdom",GB,2026-09-21,1,https://www.aviasales.com/search/ORD2109EDI1?marker=741311
504,326,USD,JFK,FLR,"Florence, Italy",IT,2027-02-17,1,https://www.aviasales.com/search/JFK1702FLR1?marker=741311
505,327,USD,ATL,DAC,"Dhaka, Bangladesh",BD,2026-10-02,1,https://www.aviasales.com/search/ATL0210DAC1?marker=741311
506,328,USD,JFK,GVA,"Geneva, Switzerland",CH,2026-09-24,2,https://www.aviasales.com/search/JFK2409GVA1?marker=741311
507,329,USD,FLL,GND,"St. George's, Grenada",GD,2026-09-26,3,https://www.aviasales.com/search/FLL2609GND1?marker=741311
508,330,USD,MCO,EAP,"Basel, Switzerland",CH,2026-12-11,2,https://www.aviasales.com/search/MCO1112EAP1?marker=741311
509,331,USD,JFK,PDL,"Ponta Delgada, Portugal",PT,2026-10-23,1,https://www.aviasales.com/search/JFK2310PDL1?marker=741311
510,331,USD,MCO,AUG,"Augusta, United States",US,2026-09-24,1,https://www.aviasales.com/search/MCO2409AUG1?marker=741311
511,331,USD,JFK,LUX,"Luxembourg, Luxembourg",LU,2026-11-12,2,https://www.aviasales.com/search/JFK1211LUX1?marker=741311
512,332,USD,IAD,GTF,"Great Falls, United States",US,2026-09-19,1,https://www.aviasales.com/search/IAD1909GTF1?marker=741311
513,335,USD,JFK,UBS,"Columbus, United States",US,2026-09-23,1,https://www.aviasales.com/search/JFK2309UBS1?marker=741311
514,338,USD,JFK,LMP,"Lampedusa, Italy",IT,2026-10-31,2,https://www.aviasales.com/search/JFK3110LMP1?marker=741311
515,339,USD,JFK,ANK,"Ankara, Turkiye",TR,2026-09-21,3,https://www.aviasales.com/search/JFK2109ANK1?marker=741311
516,340,USD,PHL,CKB,"Clarksburg, United States",US,2026-09-20,1,https://www.aviasales.com/search/PHL2009CKB1?marker=741311
517,343,USD,ORD,SOF,"Sofia, Bulgaria",BG,2026-10-28,2,https://www.aviasales.com/search/ORD2810SOF1?marker=741311
518,343,USD,JFK,LYS,"Lyon, France",FR,2027-01-03,1,https://www.aviasales.com/search/JFK0301LYS1?marker=741311
519,344,USD,DTW,BOM,"Mumbai, India",IN,2026-09-15,1,https://www.aviasales.com/search/DTW1509BOM1?marker=741311
520,346,USD,JFK,ALG,"Algiers, Algeria",DZ,2027-02-15,2,https://www.aviasales.com/search/JFK1502ALG1?marker=741311
521,346,USD,JFK,PMO,"Palermo, Italy",IT,2026-10-08,1,https://www.aviasales.com/search/JFK0810PMO1?marker=741311
522,347,USD,MIA,SCL,"Santiago, Chile",CL,2026-10-16,2,https://www.aviasales.com/search/MIA1610SCL1?marker=741311
523,348,USD,MIA,CUZ,"Cusco, Peru",PE,2026-10-10,2,https://www.aviasales.com/search/MIA1010CUZ1?marker=741311
524,349,USD,JFK,TUN,"Tunis, Tunisia",TN,2026-10-17,2,https://www.aviasales.com/search/JFK1710TUN1?marker=741311
525,352,USD,ATL,PHF,"Newport News, United States",US,2026-09-23,1,https://www.aviasales.com/search/ATL2309PHF1?marker=741311
526,352,USD,BOS,ADD,"Addis Ababa, Ethiopia",ET,2026-09-20,1,https://www.aviasales.com/search/BOS2009ADD1?marker=741311
527,352,USD,LAX,DPS,"Denpasar (Bali), Indonesia",ID,2026-11-03,1,https://www.aviasales.com/search/LAX0311DPS1?marker=741311
528,352,USD,JFK,SVQ,"Sevilla, Spain",ES,2026-12-31,1,https://www.aviasales.com/search/JFK3112SVQ1?marker=741311
529,353,USD,FLL,FLN,"Florianopolis, Brazil",BR,2026-10-05,2,https://www.aviasales.com/search/FLL0510FLN1?marker=741311
530,353,USD,JFK,DLM,"Dalaman, Turkiye",TR,2026-09-21,2,https://www.aviasales.com/search/JFK2109DLM1?marker=741311
531,353,USD,JFK,JER,"Jersey, Jersey",JE,2026-10-02,1,https://www.aviasales.com/search/JFK0210JER1?marker=741311
532,353,USD,PDX,YYF,"Penticton, Canada",CA,2026-09-21,1,https://www.aviasales.com/search/PDX2109YYF1?marker=741311
533,355,USD,MIA,BLA,"Barcelona, Venezuela",VE,2026-10-22,2,https://www.aviasales.com/search/MIA2210BLA1?marker=741311
534,355,USD,JFK,CPT,"Cape Town, South Africa",ZA,2026-09-30,2,https://www.aviasales.com/search/JFK3009CPT1?marker=741311
535,355,USD,MSP,YYG,"Charlottetown, Canada",CA,2026-09-23,2,https://www.aviasales.com/search/MSP2309YYG1?marker=741311
536,356,USD,SFO,WUH,"Wuhan, China",CN,2026-09-30,1,https://www.aviasales.com/search/SFO3009WUH1?marker=741311
537,356,USD,TPA,AGA,"Agadir, Morocco",MA,2026-09-26,3,https://www.aviasales.com/search/TPA2609AGA1?marker=741311
538,358,USD,MCO,BSB,"Brasilia, Brazil",BR,2027-01-07,0,https://www.aviasales.com/search/MCO0701BSB1?marker=741311
539,358,USD,LAX,BIH,"Bishop, United States",US,2026-09-24,1,https://www.aviasales.com/search/LAX2409BIH1?marker=741311
540,360,USD,JFK,BOJ,"Bourgas, Bulgaria",BG,2026-09-23,2,https://www.aviasales.com/search/JFK2309BOJ1?marker=741311
541,361,USD,MIA,REU,"Reus, Spain",ES,2026-10-06,1,https://www.aviasales.com/search/MIA0610REU1?marker=741311
542,361,USD,DFW,JLN,"Joplin, United States",US,2026-09-20,1,https://www.aviasales.com/search/DFW2009JLN1?marker=741311
543,361,USD,ORD,WRO,"Wroclaw, Poland",PL,2026-11-13,3,https://www.aviasales.com/search/ORD1311WRO1?marker=741311
544,361,USD,JFK,RHO,"Rhodes, Greece",GR,2026-11-02,1,https://www.aviasales.com/search/JFK0211RHO1?marker=741311
545,362,USD,JFK,SJJ,"Sarajevo, Bosnia and Herzegovina",BA,2026-09-19,1,https://www.aviasales.com/search/JFK1909SJJ1?marker=741311
546,363,USD,JFK,BAK,"Baku, Azerbaijan",AZ,2026-11-15,1,https://www.aviasales.com/search/JFK1511BAK1?marker=741311
547,363,USD,MIA,SCU,"Santiago, Cuba",CU,2027-03-15,0,https://www.aviasales.com/search/MIA1503SCU1?marker=741311
548,363,USD,JFK,RZE,"Rzeszow, Poland",PL,2026-10-27,2,https://www.aviasales.com/search/JFK2710RZE1?marker=741311
549,364,USD,BOS,ITO,"Hilo, United States",US,2026-11-10,2,https://www.aviasales.com/search/BOS1011ITO1?marker=741311
550,364,USD,LAX,BZE,"Belize City, Belize",BZ,2026-09-18,1,https://www.aviasales.com/search/LAX1809BZE1?marker=741311
551,365,USD,MCO,GOT,"Gothenburg, Sweden",SE,2026-11-16,2,https://www.aviasales.com/search/MCO1611GOT1?marker=741311
552,366,USD,IAD,MVD,"Montevideo, Uruguay",UY,2026-10-14,1,https://www.aviasales.com/search/IAD1410MVD1?marker=741311
553,367,USD,LAX,OWB,"Owensboro, United States",US,2026-09-23,2,https://www.aviasales.com/search/LAX2309OWB1?marker=741311
554,367,USD,LAX,LPB,"La Paz, Bolivia",BO,2027-02-22,2,https://www.aviasales.com/search/LAX2202LPB1?marker=741311
555,367,USD,MSP,LPA,"Las Palmas, Spain",ES,2026-11-01,2,https://www.aviasales.com/search/MSP0111LPA1?marker=741311
556,368,USD,BOS,SHJ,"Sharjah, United Arab Emirates",AE,2026-09-17,2,https://www.aviasales.com/search/BOS1709SHJ1?marker=741311
557,368,USD,SFO,KHN,"Nanchang, China",CN,2026-09-30,1,https://www.aviasales.com/search/SFO3009KHN1?marker=741311
558,369,USD,MSP,NBO,"Nairobi, Kenya",KE,2027-03-01,2,https://www.aviasales.com/search/MSP0103NBO1?marker=741311
559,369,USD,SFO,CSX,"Changsha, China",CN,2026-09-30,2,https://www.aviasales.com/search/SFO3009CSX1?marker=741311
560,369,USD,JFK,TAY,"Tartu, Estonia",EE,2027-01-03,1,https://www.aviasales.com/search/JFK0301TAY1?marker=741311
561,370,USD,DFW,SLN,"Salina, United States",US,2026-09-22,1,https://www.aviasales.com/search/DFW2209SLN1?marker=741311
562,371,USD,SEA,CEC,"Crescent City, United States",US,2026-09-23,2,https://www.aviasales.com/search/SEA2309CEC1?marker=741311
563,371,USD,JFK,TRN,"Turin, Italy",IT,2026-11-13,1,https://www.aviasales.com/search/JFK1311TRN1?marker=741311
564,371,USD,PHX,CVM,"Ciudad Victoria, Mexico",MX,2026-09-24,2,https://www.aviasales.com/search/PHX2409CVM1?marker=741311
565,372,USD,LAX,ORK,"Cork, Ireland",IE,2026-12-10,2,https://www.aviasales.com/search/LAX1012ORK1?marker=741311
566,372,USD,IAH,ALW,"Walla Walla, United States",US,2026-09-24,1,https://www.aviasales.com/search/IAH2409ALW1?marker=741311
567,373,USD,JFK,HKT,"Phuket, Thailand",TH,2026-10-04,1,https://www.aviasales.com/search/JFK0410HKT1?marker=741311
568,373,USD,JFK,KUL,"Kuala Lumpur, Malaysia",MY,2026-10-12,1,https://www.aviasales.com/search/JFK1210KUL1?marker=741311
569,374,USD,MCO,MGM,"Montgomery, United States",US,2026-09-18,1,https://www.aviasales.com/search/MCO1809MGM1?marker=741311
570,374,USD,MIA,ASU,"Asuncion, Paraguay",PY,2026-11-04,2,https://www.aviasales.com/search/MIA0411ASU1?marker=741311
571,374,USD,SEA,YCG,"Castlegar, Canada",CA,2026-09-20,1,https://www.aviasales.com/search/SEA2009YCG1?marker=741311
572,375,USD,JFK,LED,"Saint Petersburg, Russia",RU,2026-10-04,3,https://www.aviasales.com/search/JFK0410LED1?marker=741311
573,375,USD,DFW,FLO,"Florence, United States",US,2026-09-19,1,https://www.aviasales.com/search/DFW1909FLO1?marker=741311
574,375,USD,MSP,DIK,"Dickinson, United States",US,2026-09-24,1,https://www.aviasales.com/search/MSP2409DIK1?marker=741311
575,375,USD,DTW,STX,"Saint Croix, U.S. Virgin Islands",VI,2026-10-17,2,https://www.aviasales.com/search/DTW1710STX1?marker=741311
576,376,USD,PHX,FMN,"Farmington, United States",US,2026-09-23,1,https://www.aviasales.com/search/PHX2309FMN1?marker=741311
577,376,USD,DCA,TLS,"Toulouse, France",FR,2026-10-14,2,https://www.aviasales.com/search/DCA1410TLS1?marker=741311
578,377,USD,JFK,MCT,"Muscat, Oman",OM,2026-10-12,1,https://www.aviasales.com/search/JFK1210MCT1?marker=741311
579,377,USD,MCO,PBG,"Plattsburgh, United States",US,2026-09-24,2,https://www.aviasales.com/search/MCO2409PBG1?marker=741311
580,378,USD,MCO,HGR,"Hagerstown, United States",US,2026-09-24,3,https://www.aviasales.com/search/MCO2409HGR1?marker=741311
581,378,USD,JFK,DTM,"Dortmund, Germany",DE,2026-10-05,3,https://www.aviasales.com/search/JFK0510DTM1?marker=741311
582,378,USD,IAH,NQT,"Nottingham, United Kingdom",GB,2026-10-02,3,https://www.aviasales.com/search/IAH0210NQT1?marker=741311
583,379,USD,MCO,OLF,"Wolf Point, United States",US,2026-09-24,3,https://www.aviasales.com/search/MCO2409OLF1?marker=741311
584,380,USD,ATL,AGB,"Augsburg, Germany",DE,2026-12-27,1,https://www.aviasales.com/search/ATL2712AGB1?marker=741311
585,380,USD,SEA,PFO,"Paphos, Cyprus",CY,2026-09-25,3,https://www.aviasales.com/search/SEA2509PFO1?marker=741311
586,380,USD,JFK,PMF,"Parma, Italy",IT,2026-10-09,1,https://www.aviasales.com/search/JFK0910PMF1?marker=741311
587,380,USD,PHX,ZLO,"Manzanillo, Mexico",MX,2026-09-20,2,https://www.aviasales.com/search/PHX2009ZLO1?marker=741311
588,381,USD,LAX,PNH,"Phnom Penh, Cambodia",KH,2027-02-07,1,https://www.aviasales.com/search/LAX0702PNH1?marker=741311
589,381,USD,LAX,NNG,"Nanning, China",CN,2026-09-15,1,https://www.aviasales.com/search/LAX1509NNG1?marker=741311
590,381,USD,MIA,VRA,"Varadero, Cuba",CU,2026-10-15,0,https://www.aviasales.com/search/MIA1510VRA1?marker=741311
591,381,USD,JFK,MWA,"Marion, United States",US,2026-09-15,1,https://www.aviasales.com/search/JFK1509MWA1?marker=741311
592,382,USD,SEA,GZP,"Alanya, Turkiye",TR,2026-10-17,3,https://www.aviasales.com/search/SEA1710GZP1?marker=741311
593,383,USD,MCO,CCS,"Caracas, Venezuela",VE,2026-09-16,2,https://www.aviasales.com/search/MCO1609CCS1?marker=741311
594,384,USD,LAX,TXK,"Texarkana, United States",US,2026-09-23,1,https://www.aviasales.com/search/LAX2309TXK1?marker=741311
595,384,USD,LAX,AUW,"Wausau, United States",US,2026-11-30,1,https://www.aviasales.com/search/LAX3011AUW1?marker=741311
596,384,USD,DTW,LSE,"La Crosse, United States",US,2026-09-19,3,https://www.aviasales.com/search/DTW1909LSE1?marker=741311
597,385,USD,MCO,MCW,"Mason City, United States",US,2026-09-24,1,https://www.aviasales.com/search/MCO2409MCW1?marker=741311
598,386,USD,LAX,NAN,"Nadi, Fiji",FJ,2026-09-20,0,https://www.aviasales.com/search/LAX2009NAN1?marker=741311
599,386,USD,JFK,YFC,"Fredericton, Canada",CA,2026-09-20,2,https://www.aviasales.com/search/JFK2009YFC1?marker=741311
600,387,USD,ORD,TAS,"Tashkent, Uzbekistan",UZ,2026-09-21,1,https://www.aviasales.com/search/ORD2109TAS1?marker=741311
601,388,USD,MIA,DOM,"Dominica, Dominica",DM,2027-02-09,0,https://www.aviasales.com/search/MIA0902DOM1?marker=741311
602,388,USD,LAX,CTU,"Chengdu, China",CN,2026-11-10,1,https://www.aviasales.com/search/LAX1011CTU1?marker=741311
603,388,USD,SEA,PPG,"Pago Pago, American Samoa",AS,2026-10-26,1,https://www.aviasales.com/search/SEA2610PPG1?marker=741311
604,389,USD,ORD,HYD,"Hyderabad, India",IN,2026-09-15,1,https://www.aviasales.com/search/ORD1509HYD1?marker=741311
605,389,USD,JFK,HAJ,"Hannover, Germany",DE,2026-10-11,1,https://www.aviasales.com/search/JFK1110HAJ1?marker=741311
606,390,USD,SEA,YWL,"Williams Lake, Canada",CA,2026-09-19,1,https://www.aviasales.com/search/SEA1909YWL1?marker=741311
607,390,USD,ORD,MQT,"Marquette, United States",US,2026-09-22,0,https://www.aviasales.com/search/ORD2209MQT1?marker=741311
608,391,USD,MIA,HOG,"Holguin, Cuba",CU,2026-12-01,0,https://www.aviasales.com/search/MIA0112HOG1?marker=741311
609,391,USD,PDX,IZM,"Izmir, Turkiye",TR,2026-10-05,3,https://www.aviasales.com/search/PDX0510IZM1?marker=741311
610,391,USD,ORD,DOH,"Doha, Qatar",QA,2026-09-28,1,https://www.aviasales.com/search/ORD2809DOH1?marker=741311
611,395,USD,SEA,BJS,"Beijing, China",CN,2026-09-29,1,https://www.aviasales.com/search/SEA2909BJS1?marker=741311
612,396,USD,LAX,SHA,"Shanghai, China",CN,2026-11-06,1,https://www.aviasales.com/search/LAX0611SHA1?marker=741311
613,396,USD,JFK,LHE,"Lahore, Pakistan",PK,2026-09-18,1,https://www.aviasales.com/search/JFK1809LHE1?marker=741311
614,397,USD,LAX,CAN,"Guangzhou, China",CN,2026-10-20,1,https://www.aviasales.com/search/LAX2010CAN1?marker=741311
615,399,USD,SFO,CEB,"Cebu City, Philippines",PH,2026-12-01,1,https://www.aviasales.com/search/SFO0112CEB1?marker=741311
616,401,USD,JFK,AUH,"Abu Dhabi, United Arab Emirates",AE,2026-10-01,2,https://www.aviasales.com/search/JFK0110AUH1?marker=741311
617,401,USD,DCA,MKG,"Muskegon, United States",US,2026-09-24,1,https://www.aviasales.com/search/DCA2409MKG1?marker=741311
618,402,USD,JFK,BJV,"Bodrum, Turkiye",TR,2026-09-20,1,https://www.aviasales.com/search/JFK2009BJV1?marker=741311
619,403,USD,DFW,YNT,"Yantai, China",CN,2026-10-21,2,https://www.aviasales.com/search/DFW2110YNT1?marker=741311
620,404,USD,LAX,HAN,"Hanoi, Vietnam",VN,2026-10-14,1,https://www.aviasales.com/search/LAX1410HAN1?marker=741311
621,404,USD,MIA,TCI,"Tenerife, Spain",ES,2026-10-06,3,https://www.aviasales.com/search/MIA0610TCI1?marker=741311
622,404,USD,MCO,NVT,"Navegantes, Brazil",BR,2026-10-13,2,https://www.aviasales.com/search/MCO1310NVT1?marker=741311
623,405,USD,JFK,HRG,"Hurghada, Egypt",EG,2026-09-20,1,https://www.aviasales.com/search/JFK2009HRG1?marker=741311
624,405,USD,SFO,DAD,"Da Nang, Vietnam",VN,2026-10-01,1,https://www.aviasales.com/search/SFO0110DAD1?marker=741311
625,405,USD,JFK,PMI,"Palma, Spain",ES,2026-09-15,1,https://www.aviasales.com/search/JFK1509PMI1?marker=741311
626,407,USD,DFW,YMM,"Fort McMurray, Canada",CA,2026-09-19,4,https://www.aviasales.com/search/DFW1909YMM1?marker=741311
627,407,USD,JFK,LJU,"Ljubljana, Slovenia",SI,2026-09-19,1,https://www.aviasales.com/search/JFK1909LJU1?marker=741311
628,408,USD,JFK,BSZ,"Bishkek, Kyrgyzstan",KG,2027-01-12,2,https://www.aviasales.com/search/JFK1201BSZ1?marker=741311
629,408,USD,JFK,BAH,"Manama, Bahrain",BH,2026-09-30,1,https://www.aviasales.com/search/JFK3009BAH1?marker=741311
630,412,USD,LAX,PBR,"Puerto Barrios, Guatemala",GT,2026-09-24,1,https://www.aviasales.com/search/LAX2409PBR1?marker=741311
631,412,USD,JFK,DJE,"Djerba, Tunisia",TN,2026-10-12,2,https://www.aviasales.com/search/JFK1210DJE1?marker=741311
632,414,USD,SEA,TPE,"Taipei, Taiwan",TW,2026-09-28,0,https://www.aviasales.com/search/SEA2809TPE1?marker=741311
633,414,USD,DFW,BHX,"Birmingham, United Kingdom",GB,2026-09-28,2,https://www.aviasales.com/search/DFW2809BHX1?marker=741311
634,414,USD,SFO,JKT,"Jakarta, Indonesia",ID,2026-09-28,1,https://www.aviasales.com/search/SFO2809JKT1?marker=741311
635,415,USD,DEN,GCC,"Gillette, United States",US,2026-09-21,0,https://www.aviasales.com/search/DEN2109GCC1?marker=741311
636,416,USD,SLC,ROW,"Roswell, United States",US,2026-09-23,2,https://www.aviasales.com/search/SLC2309ROW1?marker=741311
637,417,USD,SEA,YAZ,"Tofino, Canada",CA,2026-09-19,2,https://www.aviasales.com/search/SEA1909YAZ1?marker=741311
638,418,USD,PHL,KWI,"Kuwait City, Kuwait",KW,2026-09-28,1,https://www.aviasales.com/search/PHL2809KWI1?marker=741311
639,418,USD,DFW,BPT,"Beaumont, United States",US,2026-09-18,0,https://www.aviasales.com/search/DFW1809BPT1?marker=741311
640,419,USD,JFK,ALA,"Almaty, Kazakhstan",KZ,2026-10-13,3,https://www.aviasales.com/search/JFK1310ALA1?marker=741311
641,420,USD,ATL,MAO,"Manaus, Brazil",BR,2026-10-01,3,https://www.aviasales.com/search/ATL0110MAO1?marker=741311
642,420,USD,JFK,AMD,"Ahmedabad, India",IN,2026-09-17,1,https://www.aviasales.com/search/JFK1709AMD1?marker=741311
643,420,USD,IAH,BGW,"Baghdad, Iraq",IQ,2026-10-22,1,https://www.aviasales.com/search/IAH2210BGW1?marker=741311
644,420,USD,IAH,SJT,"San Angelo, United States",US,2026-09-25,1,https://www.aviasales.com/search/IAH2509SJT1?marker=741311
645,420,USD,JFK,ESU,"Essaouira, Morocco",MA,2026-11-12,2,https://www.aviasales.com/search/JFK1211ESU1?marker=741311
646,420,USD,AUS,TYR,"Tyler, United States",US,2026-09-24,1,https://www.aviasales.com/search/AUS2409TYR1?marker=741311
647,421,USD,ORD,DVL,"Devils Lake, United States",US,2026-09-23,1,https://www.aviasales.com/search/ORD2309DVL1?marker=741311
648,421,USD,SEA,CNX,"Chiang Mai, Thailand",TH,2026-09-28,1,https://www.aviasales.com/search/SEA2809CNX1?marker=741311
649,421,USD,SEA,RMF,"Marsa Alam, Egypt",EG,2026-09-25,3,https://www.aviasales.com/search/SEA2509RMF1?marker=741311
650,422,USD,IAD,STR,"Stuttgart, Germany",DE,2026-09-27,3,https://www.aviasales.com/search/IAD2709STR1?marker=741311
651,423,USD,JFK,NQZ,"Astana, Kazakhstan",KZ,2026-10-16,2,https://www.aviasales.com/search/JFK1610NQZ1?marker=741311
652,423,USD,IAD,CMB,"Colombo, Sri Lanka",LK,2026-10-15,1,https://www.aviasales.com/search/IAD1510CMB1?marker=741311
653,423,USD,JFK,GUW,"Atyrau, Kazakhstan",KZ,2026-12-01,3,https://www.aviasales.com/search/JFK0112GUW1?marker=741311
654,425,USD,SFO,SPK,"Sapporo, Japan",JP,2027-01-30,1,https://www.aviasales.com/search/SFO3001SPK1?marker=741311
655,425,USD,SFO,FUK,"Fukuoka, Japan",JP,2027-01-31,1,https://www.aviasales.com/search/SFO3101FUK1?marker=741311
656,427,USD,SFO,PUS,"Busan, South Korea",KR,2027-01-18,1,https://www.aviasales.com/search/SFO1801PUS1?marker=741311
657,428,USD,DFW,RKS,"Rock Springs, United States",US,2026-09-18,1,https://www.aviasales.com/search/DFW1809RKS1?marker=741311
658,428,USD,SEA,KKN,"Kirkenes, Norway",NO,2026-11-18,2,https://www.aviasales.com/search/SEA1811KKN1?marker=741311
659,428,USD,JFK,PRN,"Pristina, Kosovo",XK,2026-09-16,1,https://www.aviasales.com/search/JFK1609PRN1?marker=741311
660,429,USD,LAX,YPR,"Prince Rupert, Canada",CA,2026-09-21,2,https://www.aviasales.com/search/LAX2109YPR1?marker=741311
661,429,USD,LAX,HRB,"Harbin, China",CN,2026-10-13,1,https://www.aviasales.com/search/LAX1310HRB1?marker=741311
662,429,USD,LAX,TAO,"Qingdao, China",CN,2026-10-18,1,https://www.aviasales.com/search/LAX1810TAO1?marker=741311
663,430,USD,LAS,OTH,"North Bend, United States",US,2026-09-22,1,https://www.aviasales.com/search/LAS2209OTH1?marker=741311
664,431,USD,JFK,LPL,"Liverpool, United Kingdom",GB,2026-09-20,2,https://www.aviasales.com/search/JFK2009LPL1?marker=741311
665,434,USD,LAX,ROS,"Rosario, Argentina",AR,2026-10-22,2,https://www.aviasales.com/search/LAX2210ROS1?marker=741311
666,435,USD,JFK,BUS,"Batumi, Georgia",GE,2026-09-19,2,https://www.aviasales.com/search/JFK1909BUS1?marker=741311
667,435,USD,MCO,MOW,"Moscow, Russia",RU,2026-09-27,2,https://www.aviasales.com/search/MCO2709MOW1?marker=741311
668,436,USD,IAH,CND,"Constanta, Romania",RO,2026-09-23,3,https://www.aviasales.com/search/IAH2309CND1?marker=741311
669,438,USD,SEA,RGN,"Yangon, Myanmar",MM,2026-11-03,2,https://www.aviasales.com/search/SEA0311RGN1?marker=741311
670,438,USD,LAX,GLF,"Golfito, Costa Rica",CR,2026-10-08,3,https://www.aviasales.com/search/LAX0810GLF1?marker=741311
671,439,USD,ORD,MAA,"Chennai, India",IN,2026-10-15,1,https://www.aviasales.com/search/ORD1510MAA1?marker=741311
672,440,USD,LAS,ACT,"Waco, United States",US,2026-09-22,1,https://www.aviasales.com/search/LAS2209ACT1?marker=741311
673,441,USD,LAX,AKL,"Auckland, New Zealand",NZ,2026-09-26,1,https://www.aviasales.com/search/LAX2609AKL1?marker=741311
674,441,USD,JFK,ACC,"Accra, Ghana",GH,2026-09-16,1,https://www.aviasales.com/search/JFK1609ACC1?marker=741311
675,443,USD,JFK,CGP,"Chittagong, Bangladesh",BD,2026-11-09,2,https://www.aviasales.com/search/JFK0911CGP1?marker=741311
676,444,USD,LAX,SHE,"Shenyang, China",CN,2027-01-28,1,https://www.aviasales.com/search/LAX2801SHE1?marker=741311
677,444,USD,JFK,IGU,"Foz do Iguaçu, Brazil",BR,2026-10-01,1,https://www.aviasales.com/search/JFK0110IGU1?marker=741311
678,445,USD,LAX,SYD,"Sydney, Australia",AU,2027-02-21,1,https://www.aviasales.com/search/LAX2102SYD1?marker=741311
679,445,USD,JFK,ABJ,"Abidjan, Ivory Coast",CI,2026-09-16,1,https://www.aviasales.com/search/JFK1609ABJ1?marker=741311
680,448,USD,MIA,ACE,"Arrecife, Spain",ES,2026-11-20,3,https://www.aviasales.com/search/MIA2011ACE1?marker=741311
681,450,USD,MIA,GPS,"Galapagos Islands, Ecuador",EC,2027-01-07,2,https://www.aviasales.com/search/MIA0701GPS1?marker=741311
682,450,USD,ORD,MTT,"Minatitlan, Mexico",MX,2026-09-20,1,https://www.aviasales.com/search/ORD2009MTT1?marker=741311
683,451,USD,LAX,SZX,"Shenzhen, China",CN,2026-10-13,0,https://www.aviasales.com/search/LAX1310SZX1?marker=741311
684,451,USD,JFK,PVC,"Provincetown, United States",US,2026-09-21,1,https://www.aviasales.com/search/JFK2109PVC1?marker=741311
685,453,USD,JFK,DKR,"Dakar, Senegal",SN,2027-03-01,1,https://www.aviasales.com/search/JFK0103DKR1?marker=741311
686,453,USD,LAS,HGH,"Hangzhou, China",CN,2026-10-08,2,https://www.aviasales.com/search/LAS0810HGH1?marker=741311
687,454,USD,JFK,PQC,"Phu Quoc, Vietnam",VN,2026-11-04,1,https://www.aviasales.com/search/JFK0411PQC1?marker=741311
688,456,USD,LAX,UBN,"Ulaanbaatar, Mongolia",MN,2026-11-01,1,https://www.aviasales.com/search/LAX0111UBN1?marker=741311
689,456,USD,JFK,FNA,"Freetown, Sierra Leone",SL,2026-11-13,1,https://www.aviasales.com/search/JFK1311FNA1?marker=741311
690,457,USD,DFW,YXY,"Whitehorse, Canada",CA,2026-09-22,2,https://www.aviasales.com/search/DFW2209YXY1?marker=741311
691,457,USD,LAX,EVV,"Evansville, United States",US,2026-09-21,3,https://www.aviasales.com/search/LAX2109EVV1?marker=741311
692,458,USD,CLT,SUX,"Sioux City, United States",US,2026-09-22,2,https://www.aviasales.com/search/CLT2209SUX1?marker=741311
693,459,USD,SEA,NHA,"Nha Trang, Vietnam",VN,2026-11-04,2,https://www.aviasales.com/search/SEA0411NHA1?marker=741311
694,462,USD,RDU,YXU,"London, Canada",CA,2026-09-23,2,https://www.aviasales.com/search/RDU2309YXU1?marker=741311
695,465,USD,ORD,FEG,"Fergana, Uzbekistan",UZ,2026-09-16,2,https://www.aviasales.com/search/ORD1609FEG1?marker=741311
696,465,USD,LAX,PSG,"Petersburg, United States",US,2026-10-01,1,https://www.aviasales.com/search/LAX0110PSG1?marker=741311
697,465,USD,JFK,AQP,"Arequipa, Peru",PE,2026-10-17,3,https://www.aviasales.com/search/JFK1710AQP1?marker=741311
698,466,USD,MCO,AZS,"El Catey, Dominican Republic",DO,2026-09-16,1,https://www.aviasales.com/search/MCO1609AZS1?marker=741311
699,467,USD,ATL,GYN,"Goiania, Brazil",BR,2026-11-13,3,https://www.aviasales.com/search/ATL1311GYN1?marker=741311
700,468,USD,IAH,CPX,"Culebra, Puerto Rico",PR,2026-11-25,1,https://www.aviasales.com/search/IAH2511CPX1?marker=741311
701,470,USD,LAX,KBV,"Krabi, Thailand",TH,2026-11-09,2,https://www.aviasales.com/search/LAX0911KBV1?marker=741311
702,471,USD,LAS,CRA,"Craiova, Romania",RO,2026-11-24,3,https://www.aviasales.com/search/LAS2411CRA1?marker=741311
703,473,USD,ORD,GOI,"Goa, India",IN,2026-10-08,2,https://www.aviasales.com/search/ORD0810GOI1?marker=741311
704,473,USD,ORD,LEJ,"Leipzig/Halle, Germany",DE,2026-10-13,1,https://www.aviasales.com/search/ORD1310LEJ1?marker=741311
705,474,USD,MIA,ANU,"Saint John's, Antigua and Barbuda",AG,2027-01-03,1,https://www.aviasales.com/search/MIA0301ANU1?marker=741311
706,474,USD,FLL,COR,"Cordoba, Argentina",AR,2027-03-03,1,https://www.aviasales.com/search/FLL0303COR1?marker=741311
707,475,USD,LAX,JMK,"Mikonos, Greece",GR,2026-09-15,2,https://www.aviasales.com/search/LAX1509JMK1?marker=741311
708,475,USD,LAX,LRD,"Laredo, United States",US,2026-09-25,2,https://www.aviasales.com/search/LAX2509LRD1?marker=741311
709,477,USD,LAX,HIJ,"Hiroshima, Japan",JP,2026-11-29,2,https://www.aviasales.com/search/LAX2911HIJ1?marker=741311
710,477,USD,RDU,ALO,"Waterloo, United States",US,2026-09-24,1,https://www.aviasales.com/search/RDU2409ALO1?marker=741311
711,479,USD,JFK,SKD,"Samarkand, Uzbekistan",UZ,2026-10-11,3,https://www.aviasales.com/search/JFK1110SKD1?marker=741311
712,480,USD,IAD,URA,"Oral, Kazakhstan",KZ,2027-01-17,3,https://www.aviasales.com/search/IAD1701URA1?marker=741311
713,480,USD,MCO,YQY,"Sydney, Canada",CA,2026-09-24,1,https://www.aviasales.com/search/MCO2409YQY1?marker=741311
714,481,USD,JFK,AER,"Adler/Sochi, Russia",RU,2026-10-18,2,https://www.aviasales.com/search/JFK1810AER1?marker=741311
715,483,USD,LAX,SYX,"Sanya, China",CN,2026-10-28,1,https://www.aviasales.com/search/LAX2810SYX1?marker=741311
716,484,USD,IAD,GCK,"Garden City, United States",US,2026-09-23,1,https://www.aviasales.com/search/IAD2309GCK1?marker=741311
717,484,USD,IAH,CPR,"Casper, United States",US,2026-09-18,1,https://www.aviasales.com/search/IAH1809CPR1?marker=741311
718,487,USD,JFK,SNU,"Santa Clara, Cuba",CU,2026-10-14,2,https://www.aviasales.com/search/JFK1410SNU1?marker=741311
719,488,USD,LAX,BNE,"Brisbane, Australia",AU,2027-01-18,0,https://www.aviasales.com/search/LAX1801BNE1?marker=741311
720,488,USD,JFK,KSN,"Kostanay, Kazakhstan",KZ,2026-12-11,3,https://www.aviasales.com/search/JFK1112KSN1?marker=741311
721,488,USD,AUS,SUF,"Lamezia Terme, Italy",IT,2026-09-18,3,https://www.aviasales.com/search/AUS1809SUF1?marker=741311
722,490,USD,ATL,RZV,"Rize, Turkiye",TR,2026-11-14,3,https://www.aviasales.com/search/ATL1411RZV1?marker=741311
723,490,USD,JFK,ECN,"Ercan, Northern Cyprus",NY,2026-11-01,3,https://www.aviasales.com/search/JFK0111ECN1?marker=741311
724,490,USD,JFK,DLI,"Dalat, Vietnam",VN,2026-11-01,2,https://www.aviasales.com/search/JFK0111DLI1?marker=741311
725,491,USD,JFK,OSS,"Osh, Kyrgyzstan",KG,2026-10-23,2,https://www.aviasales.com/search/JFK2310OSS1?marker=741311
726,492,USD,ATL,RIW,"Riverton, United States",US,2026-09-19,1,https://www.aviasales.com/search/ATL1909RIW1?marker=741311
727,492,USD,MCO,DYU,"Dushanbe, Tajikistan",TJ,2026-09-25,3,https://www.aviasales.com/search/MCO2509DYU1?marker=741311
728,493,USD,JFK,MCX,"Makhachkala, Russia",RU,2026-09-15,2,https://www.aviasales.com/search/JFK1509MCX1?marker=741311
729,494,USD,JFK,REC,"Recife, Brazil",BR,2026-10-04,3,https://www.aviasales.com/search/JFK0410REC1?marker=741311
730,495,USD,IAD,FOR,"Fortaleza, Brazil",BR,2026-10-14,2,https://www.aviasales.com/search/IAD1410FOR1?marker=741311
731,497,USD,JFK,CKY,"Conakry, Guinea",GN,2026-10-23,1,https://www.aviasales.com/search/JFK2310CKY1?marker=741311
732,498,USD,JFK,SBH,"Saint Barthelemy, Guadeloupe",GP,2026-12-29,2,https://www.aviasales.com/search/JFK2912SBH1?marker=741311
733,500,USD,ORD,KWL,"Guilin, China",CN,2026-10-11,2,https://www.aviasales.com/search/ORD1110KWL1?marker=741311
734,501,USD,JFK,MRV,"Mineralnye Vody, Russia",RU,2026-10-03,2,https://www.aviasales.com/search/JFK0310MRV1?marker=741311
735,501,USD,FLL,PAP,"Port-au-Prince, Haiti",HT,2026-10-02,1,https://www.aviasales.com/search/FLL0210PAP1?marker=741311
736,502,USD,MSP,OGD,"Ogden, United States",US,2026-09-23,3,https://www.aviasales.com/search/MSP2309OGD1?marker=741311
737,503,USD,JFK,TRV,"Thiruvananthapuram, India",IN,2026-10-03,3,https://www.aviasales.com/search/JFK0310TRV1?marker=741311
738,505,USD,LAX,FDH,"Friedrichshafen, Germany",DE,2026-12-25,2,https://www.aviasales.com/search/LAX2512FDH1?marker=741311
739,506,USD,LAX,MLE,"Male, Maldives",MV,2026-11-15,1,https://www.aviasales.com/search/LAX1511MLE1?marker=741311
740,507,USD,LAX,USM,"Koh Samui, Thailand",TH,2026-09-21,2,https://www.aviasales.com/search/LAX2109USM1?marker=741311
741,509,USD,JFK,LOS,"Lagos, Nigeria",NG,2026-09-28,1,https://www.aviasales.com/search/JFK2809LOS1?marker=741311
742,509,USD,MCO,HLN,"Helena, United States",US,2026-09-24,2,https://www.aviasales.com/search/MCO2409HLN1?marker=741311
743,512,USD,BOS,BLR,"Bengaluru, India",IN,2026-11-22,1,https://www.aviasales.com/search/BOS2211BLR1?marker=741311
744,512,USD,JFK,AKX,"Aktobe, Kazakhstan",KZ,2026-10-13,3,https://www.aviasales.com/search/JFK1310AKX1?marker=741311
745,515,USD,JFK,UTP,"Pattaya, Thailand",TH,2026-09-15,2,https://www.aviasales.com/search/JFK1509UTP1?marker=741311
746,516,USD,SEA,SCO,"Aktau, Kazakhstan",KZ,2026-09-28,3,https://www.aviasales.com/search/SEA2809SCO1?marker=741311
747,516,USD,JFK,VIX,"Vitoria, Brazil",BR,2027-02-19,2,https://www.aviasales.com/search/JFK1902VIX1?marker=741311
748,518,USD,JFK,CGO,"Zhengzhou, China",CN,2026-11-09,1,https://www.aviasales.com/search/JFK0911CGO1?marker=741311
749,519,USD,DEN,GLA,"Glasgow, United Kingdom",GB,2026-10-08,2,https://www.aviasales.com/search/DEN0810GLA1?marker=741311
750,519,USD,JFK,NMA,"Namangan, Uzbekistan",UZ,2026-09-25,2,https://www.aviasales.com/search/JFK2509NMA1?marker=741311
751,519,USD,JFK,SAI,"Siem Reap, Cambodia",KH,2026-09-30,2,https://www.aviasales.com/search/JFK3009SAI1?marker=741311
752,521,USD,LAX,MEL,"Melbourne, Australia",AU,2026-09-26,1,https://www.aviasales.com/search/LAX2609MEL1?marker=741311
753,522,USD,SEA,SLL,"Salalah, Oman",OM,2026-09-25,2,https://www.aviasales.com/search/SEA2509SLL1?marker=741311
754,524,USD,FLL,CYA,"Les Cayes, Haiti",HT,2026-09-30,1,https://www.aviasales.com/search/FLL3009CYA1?marker=741311
755,525,USD,JFK,LWN,"Gyumri, Armenia",AM,2026-09-21,2,https://www.aviasales.com/search/JFK2109LWN1?marker=741311
756,526,USD,JFK,SVX,"Yekaterinburg, Russia",RU,2026-11-18,3,https://www.aviasales.com/search/JFK1811SVX1?marker=741311
757,526,USD,SFO,NAV,"Nevsehir, Turkiye",TR,2026-10-24,4,https://www.aviasales.com/search/SFO2410NAV1?marker=741311
758,528,USD,LAX,MFM,"Macau, Macau",MO,2026-10-07,2,https://www.aviasales.com/search/LAX0710MFM1?marker=741311
759,529,USD,MIA,KRR,"Krasnodar, Russia",RU,2026-12-02,3,https://www.aviasales.com/search/MIA0212KRR1?marker=741311
760,533,USD,IAD,CIT,"Shymkent, Kazakhstan",KZ,2026-12-04,3,https://www.aviasales.com/search/IAD0412CIT1?marker=741311
761,534,USD,ORD,FAO,"Faro, Portugal",PT,2026-12-25,3,https://www.aviasales.com/search/ORD2512FAO1?marker=741311
762,536,USD,DCA,LIO,"Limon, Costa Rica",CR,2026-12-15,2,https://www.aviasales.com/search/DCA1512LIO1?marker=741311
763,536,USD,MSP,ENA,"Kenai, United States",US,2026-11-01,2,https://www.aviasales.com/search/MSP0111ENA1?marker=741311
764,537,USD,JFK,TAB,"Tobago, Trinidad and Tobago",TT,2026-10-29,2,https://www.aviasales.com/search/JFK2910TAB1?marker=741311
765,540,USD,MIA,TOS,"Tromso, Norway",NO,2026-11-21,3,https://www.aviasales.com/search/MIA2111TOS1?marker=741311
766,541,USD,ATL,ALY,"Alexandria, Egypt",EG,2027-01-05,1,https://www.aviasales.com/search/ATL0501ALY1?marker=741311
767,543,USD,SEA,CHQ,"Chania, Greece",GR,2026-09-22,3,https://www.aviasales.com/search/SEA2209CHQ1?marker=741311
768,548,USD,JFK,KBL,"Kabul, Afghanistan",AF,2026-09-29,2,https://www.aviasales.com/search/JFK2909KBL1?marker=741311
769,548,USD,LAX,XRY,"Jerez de la Frontera, Spain",ES,2026-09-30,3,https://www.aviasales.com/search/LAX3009XRY1?marker=741311
770,549,USD,JFK,ZAG,"Zagreb, Croatia",HR,2026-12-20,1,https://www.aviasales.com/search/JFK2012ZAG1?marker=741311
771,551,USD,ORD,BRE,"Bremen, Germany",DE,2026-12-20,1,https://www.aviasales.com/search/ORD2012BRE1?marker=741311
772,552,USD,MIA,FKB,"Karlsruhe, Germany",DE,2026-09-29,3,https://www.aviasales.com/search/MIA2909FKB1?marker=741311
773,552,USD,LAX,SUV,"Suva, Fiji",FJ,2026-10-01,1,https://www.aviasales.com/search/LAX0110SUV1?marker=741311
774,552,USD,MCO,BRC,"San Carlos de Bariloche, Argentina",AR,2026-10-12,3,https://www.aviasales.com/search/MCO1210BRC1?marker=741311
775,553,USD,MIA,MCZ,"Maceio, Brazil",BR,2027-01-12,2,https://www.aviasales.com/search/MIA1201MCZ1?marker=741311
776,554,USD,MIA,MSQ,"Minsk, Belarus",BY,2026-12-04,4,https://www.aviasales.com/search/MIA0412MSQ1?marker=741311
777,555,USD,MIA,MAR,"Maracaibo, Venezuela",VE,2026-09-18,1,https://www.aviasales.com/search/MIA1809MAR1?marker=741311
778,556,USD,LAX,VVO,"Vladivostok, Russia",RU,2026-11-17,2,https://www.aviasales.com/search/LAX1711VVO1?marker=741311
779,557,USD,JFK,BJL,"Banjul, Gambia",GM,2026-12-01,2,https://www.aviasales.com/search/JFK0112BJL1?marker=741311
780,558,USD,SFO,COV,"Mersin, Turkiye",TR,2026-10-01,3,https://www.aviasales.com/search/SFO0110COV1?marker=741311
781,559,USD,MIA,COK,"Kochi, India",IN,2026-09-29,2,https://www.aviasales.com/search/MIA2909COK1?marker=741311
782,559,USD,DFW,EBB,"Entebbe, Uganda",UG,2026-09-22,1,https://www.aviasales.com/search/DFW2209EBB1?marker=741311
783,560,USD,JFK,BHK,"Bukhara, Uzbekistan",UZ,2026-11-02,2,https://www.aviasales.com/search/JFK0211BHK1?marker=741311
784,560,USD,IAH,YYD,"Smithers, Canada",CA,2026-09-18,2,https://www.aviasales.com/search/IAH1809YYD1?marker=741311
785,565,USD,JFK,SFG,"Saint Martin, Saint Martin",MF,2026-10-12,2,https://www.aviasales.com/search/JFK1210SFG1?marker=741311
786,567,USD,JFK,OVB,"Novosibirsk, Russia",RU,2026-10-23,2,https://www.aviasales.com/search/JFK2310OVB1?marker=741311
787,568,USD,JFK,UGC,"Urgench, Uzbekistan",UZ,2026-09-22,2,https://www.aviasales.com/search/JFK2209UGC1?marker=741311
788,569,USD,SFO,PJM,"Puerto Jimenez, Costa Rica",CR,2026-09-22,3,https://www.aviasales.com/search/SFO2209PJM1?marker=741311
789,571,USD,BOS,KZN,"Kazan, Russia",RU,2026-09-17,2,https://www.aviasales.com/search/BOS1709KZN1?marker=741311
790,577,USD,ATL,PMV,"Porlamar, Venezuela",VE,2026-10-01,3,https://www.aviasales.com/search/ATL0110PMV1?marker=741311
791,579,USD,JFK,ZNZ,"Zanzibar, Tanzania",TZ,2026-09-25,2,https://www.aviasales.com/search/JFK2509ZNZ1?marker=741311
792,580,USD,SEA,IKT,"Irkutsk, Russia",RU,2026-10-27,2,https://www.aviasales.com/search/SEA2710IKT1?marker=741311
793,581,USD,JFK,GDT,"Grand Turk, Turks and Caicos Islands",TC,2027-01-13,3,https://www.aviasales.com/search/JFK1301GDT1?marker=741311
794,584,USD,ATL,GVR,"Governador Valadares, Brazil",BR,2026-10-11,3,https://www.aviasales.com/search/ATL1110GVR1?marker=741311
795,585,USD,IAD,LBV,"Libreville, Gabon",GA,2026-11-30,2,https://www.aviasales.com/search/IAD3011LBV1?marker=741311
796,586,USD,LAX,ADL,"Adelaide, Australia",AU,2026-09-28,2,https://www.aviasales.com/search/LAX2809ADL1?marker=741311
797,587,USD,SFO,BPN,"Balikpapan, Indonesia",ID,2026-09-26,2,https://www.aviasales.com/search/SFO2609BPN1?marker=741311
798,589,USD,JFK,PER,"Perth, Australia",AU,2026-09-26,2,https://www.aviasales.com/search/JFK2609PER1?marker=741311
799,589,USD,MCO,NAT,"Natal, Brazil",BR,2027-01-07,3,https://www.aviasales.com/search/MCO0701NAT1?marker=741311
800,590,USD,SEA,SPN,"Saipan, Northern Mariana Islands",MP,2026-09-23,2,https://www.aviasales.com/search/SEA2309SPN1?marker=741311
801,596,USD,ORD,EAS,"San Sebastian, Spain",ES,2026-09-17,3,https://www.aviasales.com/search/ORD1709EAS1?marker=741311
802,597,USD,ORD,ZAD,"Zadar, Croatia",HR,2026-11-21,3,https://www.aviasales.com/search/ORD2111ZAD1?marker=741311
803,598,USD,IAD,KGL,"Kigali, Rwanda",RW,2026-10-09,1,https://www.aviasales.com/search/IAD0910KGL1?marker=741311
804,598,USD,JFK,MEI,"Meridian, United States",US,2026-09-24,2,https://www.aviasales.com/search/JFK2409MEI1?marker=741311
805,599,USD,LAX,ELQ,"Buraydah, Saudi Arabia",SA,2026-09-26,1,https://www.aviasales.com/search/LAX2609ELQ1?marker=741311
806,600,USD,JFK,PEE,"Perm, Russia",RU,2026-09-21,2,https://www.aviasales.com/search/JFK2109PEE1?marker=741311
807,602,USD,JFK,KUF,"Samara, Russia",RU,2026-10-04,3,https://www.aviasales.com/search/JFK0410KUF1?marker=741311
808,602,USD,ORD,KWE,"Guiyang, China",CN,2026-09-30,2,https://www.aviasales.com/search/ORD3009KWE1?marker=741311
809,606,USD,JFK,PAT,"Patna, India",IN,2026-12-02,2,https://www.aviasales.com/search/JFK0212PAT1?marker=741311
810,608,USD,JFK,GOJ,"Nizhniy Novgorod, Russia",RU,2026-10-22,3,https://www.aviasales.com/search/JFK2210GOJ1?marker=741311
811,608,USD,JFK,MMK,"Murmansk, Russia",RU,2026-09-22,3,https://www.aviasales.com/search/JFK2209MMK1?marker=741311
812,611,USD,JFK,UFA,"Ufa, Russia",RU,2026-10-11,3,https://www.aviasales.com/search/JFK1110UFA1?marker=741311
813,611,USD,JFK,VOG,"Volgograd, Russia",RU,2026-09-27,3,https://www.aviasales.com/search/JFK2709VOG1?marker=741311
814,614,USD,LAX,HAS,"Hail, Saudi Arabia",SA,2026-09-19,1,https://www.aviasales.com/search/LAX1909HAS1?marker=741311
815,615,USD,JFK,KZO,"Kzyl-Orda, Kazakhstan",KZ,2026-11-25,3,https://www.aviasales.com/search/JFK2511KZO1?marker=741311
816,615,USD,SFO,BOB,"Bora Bora, French Polynesia",PF,2026-11-11,1,https://www.aviasales.com/search/SFO1111BOB1?marker=741311
817,615,USD,JFK,MLW,"Monrovia, Liberia",LR,2026-12-14,1,https://www.aviasales.com/search/JFK1412MLW1?marker=741311
818,625,USD,JFK,TJM,"Tyumen, Russia",RU,2026-10-22,3,https://www.aviasales.com/search/JFK2210TJM1?marker=741311
819,628,USD,IAH,PLJ,"Placencia, Belize",BZ,2026-09-18,1,https://www.aviasales.com/search/IAH1809PLJ1?marker=741311
820,629,USD,IAD,AZN,"Andijan, Uzbekistan",UZ,2026-09-30,2,https://www.aviasales.com/search/IAD3009AZN1?marker=741311
821,630,USD,LAX,OOL,"Gold Coast, Australia",AU,2026-09-25,1,https://www.aviasales.com/search/LAX2509OOL1?marker=741311
822,635,USD,JFK,MUX,"Multan, Pakistan",PK,2026-11-20,2,https://www.aviasales.com/search/JFK2011MUX1?marker=741311
823,638,USD,JFK,BDQ,"Vadodara, India",IN,2027-01-04,2,https://www.aviasales.com/search/JFK0401BDQ1?marker=741311
824,639,USD,JFK,NOZ,"Novokuznetsk, Russia",RU,2026-10-01,3,https://www.aviasales.com/search/JFK0110NOZ1?marker=741311
825,640,USD,JFK,OUA,"Ouagadougou, Burkina Faso",BF,2026-09-29,3,https://www.aviasales.com/search/JFK2909OUA1?marker=741311
826,647,USD,JFK,CEK,"Chelyabinsk, Russia",RU,2026-11-24,3,https://www.aviasales.com/search/JFK2411CEK1?marker=741311
827,647,USD,LAX,CWL,"Cardiff, United Kingdom",GB,2026-09-21,3,https://www.aviasales.com/search/LAX2109CWL1?marker=741311
828,647,USD,MCO,REN,"Orenburg, Russia",RU,2026-09-18,3,https://www.aviasales.com/search/MCO1809REN1?marker=741311
829,647,USD,JFK,CGQ,"Changchun, China",CN,2026-09-25,3,https://www.aviasales.com/search/JFK2509CGQ1?marker=741311
830,651,USD,JFK,ULY,"Ulyanovsk, Russia",RU,2026-09-15,4,https://www.aviasales.com/search/JFK1509ULY1?marker=741311
831,652,USD,JFK,GRO,"Girona, Spain",ES,2026-10-02,1,https://www.aviasales.com/search/JFK0210GRO1?marker=741311
832,653,USD,LAX,HIR,"Honiara, Solomon Islands",SB,2026-10-19,1,https://www.aviasales.com/search/LAX1910HIR1?marker=741311
833,653,USD,JFK,OMS,"Omsk, Russia",RU,2026-10-13,4,https://www.aviasales.com/search/JFK1310OMS1?marker=741311
834,654,USD,ORD,IJK,"Izhevsk, Russia",RU,2026-10-01,4,https://www.aviasales.com/search/ORD0110IJK1?marker=741311
835,654,USD,JFK,KHH,"Kaohsiung, Taiwan",TW,2026-10-13,1,https://www.aviasales.com/search/JFK1310KHH1?marker=741311
836,655,USD,JFK,KGD,"Kaliningrad, Russia",RU,2026-09-20,3,https://www.aviasales.com/search/JFK2009KGD1?marker=741311
837,656,USD,JFK,KJA,"Krasnoyarsk, Russia",RU,2026-09-29,3,https://www.aviasales.com/search/JFK2909KJA1?marker=741311
838,656,USD,LAX,HEK,"Heihe, China",CN,2026-09-16,1,https://www.aviasales.com/search/LAX1609HEK1?marker=741311
839,658,USD,LAS,EBL,"Erbil, Iraq",IQ,2026-10-06,3,https://www.aviasales.com/search/LAS0610EBL1?marker=741311
840,663,USD,MIA,UKK,"Oskemen, Kazakhstan",KZ,2026-10-01,3,https://www.aviasales.com/search/MIA0110UKK1?marker=741311
841,664,USD,ORD,ASB,"Ashgabat, Turkmenistan",TM,2026-10-20,1,https://www.aviasales.com/search/ORD2010ASB1?marker=741311
842,666,USD,IAD,TMJ,"Termez, Uzbekistan",UZ,2026-11-02,2,https://www.aviasales.com/search/IAD0211TMJ1?marker=741311
843,669,USD,JFK,NBC,"Naberezhnye Chelny, Russia",RU,2026-09-23,3,https://www.aviasales.com/search/JFK2309NBC1?marker=741311
844,673,USD,FLL,GRV,"Groznyy, Russia",RU,2026-10-01,3,https://www.aviasales.com/search/FLL0110GRV1?marker=741311
845,673,USD,JFK,SEZ,"Mahe, Seychelles",SC,2026-11-04,1,https://www.aviasales.com/search/JFK0411SEZ1?marker=741311
846,678,USD,JFK,VGD,"Vologda, Russia",RU,2026-10-01,3,https://www.aviasales.com/search/JFK0110VGD1?marker=741311
847,680,USD,LAX,UPN,"Uruapan, Mexico",MX,2026-12-16,2,https://www.aviasales.com/search/LAX1612UPN1?marker=741311
848,681,USD,SEA,YPA,"Prince Albert, Canada",CA,2026-09-20,3,https://www.aviasales.com/search/SEA2009YPA1?marker=741311
849,681,USD,AUS,SIA,"Xian, China",CN,2026-09-16,2,https://www.aviasales.com/search/AUS1609SIA1?marker=741311
850,684,USD,PDX,URC,"Urumqi, China",CN,2026-10-15,2,https://www.aviasales.com/search/PDX1510URC1?marker=741311
851,689,USD,SEA,HNS,"Haines, United States",US,2026-09-23,1,https://www.aviasales.com/search/SEA2309HNS1?marker=741311
852,692,USD,JFK,DMB,"Taraz, Kazakhstan",KZ,2026-10-09,3,https://www.aviasales.com/search/JFK0910DMB1?marker=741311
853,693,USD,IAD,HRE,"Harare, Zimbabwe",ZW,2026-09-20,1,https://www.aviasales.com/search/IAD2009HRE1?marker=741311
854,696,USD,ORD,FJR,"Fujairah, United Arab Emirates",AE,2026-11-03,3,https://www.aviasales.com/search/ORD0311FJR1?marker=741311
855,699,USD,JFK,GNO,"Grenoble, France",FR,2026-12-23,1,https://www.aviasales.com/search/JFK2312GNO1?marker=741311
856,699,USD,JFK,NDJ,"N'Djamena, Chad",TD,2026-10-29,1,https://www.aviasales.com/search/JFK2910NDJ1?marker=741311
857,701,USD,MIA,SCW,"Syktyvkar, Russia",RU,2027-02-01,4,https://www.aviasales.com/search/MIA0102SCW1?marker=741311
858,701,USD,IAD,JRO,"Kilimanjaro, Tanzania",TZ,2026-10-14,1,https://www.aviasales.com/search/IAD1410JRO1?marker=741311
859,702,USD,LAX,RAR,"Rarotonga, Cook Islands",CK,2026-09-30,2,https://www.aviasales.com/search/LAX3009RAR1?marker=741311
860,704,USD,LAX,TWF,"Twin Falls, United States",US,2026-09-22,3,https://www.aviasales.com/search/LAX2209TWF1?marker=741311
861,705,USD,DCA,NAL,"Nalchik, Russia",RU,2027-02-15,4,https://www.aviasales.com/search/DCA1502NAL1?marker=741311
862,705,USD,JFK,PRA,"Parana, Argentina",AR,2026-09-15,3,https://www.aviasales.com/search/JFK1509PRA1?marker=741311
863,707,USD,CLT,BRM,"Barquisimeto, Venezuela",VE,2026-09-21,3,https://www.aviasales.com/search/CLT2109BRM1?marker=741311
864,708,USD,LAX,DRW,"Darwin, Australia",AU,2026-09-28,2,https://www.aviasales.com/search/LAX2809DRW1?marker=741311
865,709,USD,SFO,VAV,"Vava'u, Tonga",TO,2026-09-19,1,https://www.aviasales.com/search/SFO1909VAV1?marker=741311
866,709,USD,JFK,BAX,"Barnaul, Russia",RU,2026-11-08,3,https://www.aviasales.com/search/JFK0811BAX1?marker=741311
867,714,USD,DFW,ARH,"Arkhangelsk, Russia",RU,2026-09-22,4,https://www.aviasales.com/search/DFW2209ARH1?marker=741311
868,718,USD,SFO,OSW,"Orsk, Russia",RU,2027-02-01,3,https://www.aviasales.com/search/SFO0102OSW1?marker=741311
869,721,USD,SFO,PEZ,"Penza, Russia",RU,2027-02-01,4,https://www.aviasales.com/search/SFO0102PEZ1?marker=741311
870,722,USD,DEN,TSN,"Tianjin, China",CN,2026-12-23,2,https://www.aviasales.com/search/DEN2312TSN1?marker=741311
871,725,USD,ORD,TOF,"Tomsk, Russia",RU,2026-09-22,3,https://www.aviasales.com/search/ORD2209TOF1?marker=741311
872,729,USD,JFK,TOY,"Toyama, Japan",JP,2026-10-15,1,https://www.aviasales.com/search/JFK1510TOY1?marker=741311
873,731,USD,JFK,SGC,"Surgut, Russia",RU,2026-09-16,3,https://www.aviasales.com/search/JFK1609SGC1?marker=741311
874,734,USD,ATL,MGQ,"Mogadishu, Somalia",SO,2027-02-26,1,https://www.aviasales.com/search/ATL2602MGQ1?marker=741311
875,735,USD,LAX,KHV,"Khabarovsk, Russia",RU,2026-10-22,2,https://www.aviasales.com/search/LAX2210KHV1?marker=741311
876,736,USD,JFK,UUD,"Ulan-Ude, Russia",RU,2026-09-15,3,https://www.aviasales.com/search/JFK1509UUD1?marker=741311
877,736,USD,AUS,TAG,"Tagbilaran, Philippines",PH,2026-09-25,3,https://www.aviasales.com/search/AUS2509TAG1?marker=741311
878,737,USD,IAD,JNB,"Johannesburg, South Africa",ZA,2026-10-09,3,https://www.aviasales.com/search/IAD0910JNB1?marker=741311
879,748,USD,FLL,ASF,"Astrakhan, Russia",RU,2026-10-02,4,https://www.aviasales.com/search/FLL0210ASF1?marker=741311
880,750,USD,LAX,WLG,"Wellington, New Zealand",NZ,2026-09-28,1,https://www.aviasales.com/search/LAX2809WLG1?marker=741311
881,754,USD,LAX,ZQN,"Queenstown, New Zealand",NZ,2026-09-25,2,https://www.aviasales.com/search/LAX2509ZQN1?marker=741311
882,763,USD,LAX,CNS,"Cairns, Australia",AU,2026-09-28,2,https://www.aviasales.com/search/LAX2809CNS1?marker=741311
883,765,USD,DFW,KHI,"Karachi, Pakistan",PK,2026-11-20,2,https://www.aviasales.com/search/DFW2011KHI1?marker=741311
884,767,USD,ATL,ENI,"El Nido, Philippines",PH,2026-10-15,4,https://www.aviasales.com/search/ATL1510ENI1?marker=741311
885,779,USD,LAX,BJM,"Bujumbura, Burundi",BI,2026-10-04,2,https://www.aviasales.com/search/LAX0410BJM1?marker=741311
886,781,USD,LAX,NJC,"Nizhnevartovsk, Russia",RU,2026-12-29,3,https://www.aviasales.com/search/LAX2912NJC1?marker=741311
887,784,USD,JFK,GUM,"Hagatna, Guam",GU,2026-10-11,2,https://www.aviasales.com/search/JFK1110GUM1?marker=741311
888,785,USD,SFO,GME,"Gomel, Belarus",BY,2026-09-21,3,https://www.aviasales.com/search/SFO2109GME1?marker=741311
889,786,USD,JFK,MRU,"Mauritius, Mauritius",MU,2026-11-12,3,https://www.aviasales.com/search/JFK1211MRU1?marker=741311
890,789,USD,BOS,POM,"Port Moresby, Papua New Guinea",PG,2026-11-04,2,https://www.aviasales.com/search/BOS0411POM1?marker=741311
891,794,USD,SEA,BQS,"Blagoveschensk, Russia",RU,2026-09-22,2,https://www.aviasales.com/search/SEA2209BQS1?marker=741311
892,795,USD,IAD,GNJ,"Ganja, Azerbaijan",AZ,2026-09-18,2,https://www.aviasales.com/search/IAD1809GNJ1?marker=741311
893,800,USD,SFO,HTA,"Chita, Russia",RU,2026-09-15,3,https://www.aviasales.com/search/SFO1509HTA1?marker=741311
894,805,USD,JFK,SDZ,"Shetland Islands, United Kingdom",GB,2026-12-20,3,https://www.aviasales.com/search/JFK2012SDZ1?marker=741311
895,808,USD,SFO,CHC,"Christchurch, New Zealand",NZ,2027-02-16,2,https://www.aviasales.com/search/SFO1602CHC1?marker=741311
896,812,USD,IAD,LFW,"Lome, Togo",TG,2026-10-10,0,https://www.aviasales.com/search/IAD1010LFW1?marker=741311
897,813,USD,JFK,LBD,"Khujand, Tajikistan",TJ,2026-10-15,3,https://www.aviasales.com/search/JFK1510LBD1?marker=741311
898,817,USD,MCO,PLX,"Semey, Kazakhstan",KZ,2026-11-01,3,https://www.aviasales.com/search/MCO0111PLX1?marker=741311
899,824,USD,DFW,CZH,"Corozal, Belize",BZ,2026-09-20,3,https://www.aviasales.com/search/DFW2009CZH1?marker=741311
900,824,USD,JFK,TAE,"Daegu, South Korea",KR,2026-12-31,3,https://www.aviasales.com/search/JFK3112TAE1?marker=741311
901,851,USD,IAH,NIM,"Niamey, Niger",NE,2026-10-12,2,https://www.aviasales.com/search/IAH1210NIM1?marker=741311
902,852,USD,MIA,VLI,"Port Vila, Vanuatu",VU,2026-12-25,2,https://www.aviasales.com/search/MIA2512VLI1?marker=741311
903,857,USD,SEA,PKC,"Petropavlovsk-Kamchatsky, Russia",RU,2026-10-14,4,https://www.aviasales.com/search/SEA1410PKC1?marker=741311
904,862,USD,ORD,MQF,"Magnitogorsk, Russia",RU,2026-09-15,4,https://www.aviasales.com/search/ORD1509MQF1?marker=741311
905,864,USD,IAH,HSA,"Turkistan, Kazakhstan",KZ,2026-11-19,4,https://www.aviasales.com/search/IAH1911HSA1?marker=741311
906,869,USD,JFK,PKR,"Pokhara, Nepal",NP,2026-10-08,3,https://www.aviasales.com/search/JFK0810PKR1?marker=741311
907,876,USD,JFK,YKS,"Yakutsk, Russia",RU,2026-09-20,3,https://www.aviasales.com/search/JFK2009YKS1?marker=741311
908,880,USD,SLC,MBA,"Mombasa, Kenya",KE,2026-09-29,4,https://www.aviasales.com/search/SLC2909MBA1?marker=741311
909,884,USD,SEA,VFA,"Victoria Falls, Zimbabwe",ZW,2026-09-28,2,https://www.aviasales.com/search/SEA2809VFA1?marker=741311
910,894,USD,IAH,CBR,"Canberra, Australia",AU,2026-09-16,3,https://www.aviasales.com/search/IAH1609CBR1?marker=741311
911,906,USD,RDU,MVF,"Mossoro, Brazil",BR,2026-09-16,3,https://www.aviasales.com/search/RDU1609MVF1?marker=741311
912,912,USD,JFK,GOH,"Nuuk, Greenland",GL,2026-10-01,1,https://www.aviasales.com/search/JFK0110GOH1?marker=741311
913,913,USD,LAS,OGZ,"Vladikavkaz, Russia",RU,2026-09-17,3,https://www.aviasales.com/search/LAS1709OGZ1?marker=741311
914,924,USD,IAH,SUI,"Sukhumi, Abkhazia",AB,2026-09-15,4,https://www.aviasales.com/search/IAH1509SUI1?marker=741311
915,930,USD,LAX,CSG,"Columbus, United States",US,2026-09-25,3,https://www.aviasales.com/search/LAX2509CSG1?marker=741311
916,945,USD,IAD,IPC,"Easter Island, Chile",CL,2026-09-16,3,https://www.aviasales.com/search/IAD1609IPC1?marker=741311
917,958,USD,PHL,ABX,"Albury, Australia",AU,2026-09-25,3,https://www.aviasales.com/search/PHL2509ABX1?marker=741311
918,988,USD,DEN,ARK,"Arusha, Tanzania",TZ,2026-12-01,3,https://www.aviasales.com/search/DEN0112ARK1?marker=741311
919,1000,USD,ORD,TUF,"Tours, France",FR,2026-12-31,2,https://www.aviasales.com/search/ORD3112TUF1?marker=741311
920,1025,USD,LAX,ABA,"Abakan, Russia",RU,2026-10-01,4,https://www.aviasales.com/search/LAX0110ABA1?marker=741311
921,1048,USD,BOS,RAI,"Praia, Cape Verde",CV,2026-12-18,3,https://www.aviasales.com/search/BOS1812RAI1?marker=741311
922,1051,USD,MIA,KEJ,"Kemerovo, Russia",RU,2026-09-17,3,https://www.aviasales.com/search/MIA1709KEJ1?marker=741311
923,1074,USD,DFW,BZV,"Brazzaville, Republic of the Congo",CG,2026-09-30,1,https://www.aviasales.com/search/DFW3009BZV1?marker=741311
924,1076,USD,LAX,NLA,"Ndola, Zambia",ZM,2026-10-01,4,https://www.aviasales.com/search/LAX0110NLA1?marker=741311
925,1085,USD,FLL,UCT,"Ukhta, Russia",RU,2026-09-17,4,https://www.aviasales.com/search/FLL1709UCT1?marker=741311
926,1096,USD,MIA,ODB,"Cordoba, Spain",ES,2026-09-28,3,https://www.aviasales.com/search/MIA2809ODB1?marker=741311
927,1109,USD,JFK,MPN,"Mount Pleasant, Falkland Islands",FK,2026-10-12,3,https://www.aviasales.com/search/JFK1210MPN1?marker=741311
928,1125,USD,LAS,GDX,"Magadan, Russia",RU,2026-09-19,4,https://www.aviasales.com/search/LAS1909GDX1?marker=741311
929,1155,USD,BNA,HGA,"Hargeisa, Somalia",SO,2026-09-30,2,https://www.aviasales.com/search/BNA3009HGA1?marker=741311
930,1185,USD,FLL,LUN,"Lusaka, Zambia",ZM,2026-09-19,2,https://www.aviasales.com/search/FLL1909LUN1?marker=741311
931,1191,USD,JFK,TTE,"Ternate, Indonesia",ID,2026-12-16,3,https://www.aviasales.com/search/JFK1612TTE1?marker=741311
932,1195,USD,MIA,NVI,"Navoi, Uzbekistan",UZ,2026-09-16,4,https://www.aviasales.com/search/MIA1609NVI1?marker=741311
933,1355,USD,ORD,PLZ,"Port Elizabeth, South Africa",ZA,2026-12-15,2,https://www.aviasales.com/search/ORD1512PLZ1?marker=741311
934,1399,USD,ORD,YTH,"Thompson, Canada",CA,2026-09-19,4,https://www.aviasales.com/search/ORD1909YTH1?marker=741311
935,1424,USD,MIA,BQT,"Brest, Belarus",BY,2026-09-15,3,https://www.aviasales.com/search/MIA1509BQT1?marker=741311
936,1817,USD,MIA,BRN,"Bern, Switzerland",CH,2026-09-29,2,https://www.aviasales.com/search/MIA2909BRN1?marker=741311
