rank,price,currency,origin,destination_code,destination_name,country_code,depart,stops,booking_link
1,17,USD,LAX,LAS,"Las Vegas, United States",US,2026-10-13,0,https://www.aviasales.com/search/LAX1310LAS1?t=F917918829001791887760000081LAXLAS_6f9657c85389686d56ca94c4176e1982_1433&search_date=26082026&expected_price_uuid=01a03fee-8f7b-8050-2ff2-67f6a3a8897d&static_fare_key=TY%7CP0%7CH0%7CL0%7CCH1_0%7CR0%7CTBC0&itinerary_key=GlgjsPAoD_3zchi4cQxCcw&expected_price_source=share&expected_price_currency=usd&expected_price=17&marker=741311
2,19,USD,SFO,LAX,"Los Angeles, United States",US,2026-10-07,0,https://www.aviasales.com/search/SFO0710LAX1?t=F917913636001791369420000097SFOLAX_ca0bd04c8b30b72651cb6665f75cabf4_1568&search_date=23082026&expected_price_uuid=01a02eda-2212-8050-efa6-55595fdba5d7&static_fare_key=TY%7CP1%7CH0%7CL0%7CCH1_0%7CR0%7CTBC0&itinerary_key=P_7wCaVgoIt9LMkXWuFg1w&expected_price_source=share&expected_price_currency=usd&expected_price=19&marker=741311
3,19,USD,LAX,SFO,"San Francisco, United States",US,2026-10-10,0,https://www.aviasales.com/search/LAX1010SFO1?t=F917916589801791664680000095LAXSFO_706b70ed3bce6f5bd02420144ee14973_1570&search_date=21082026&expected_price_uuid=01a02695-193e-8040-2312-4459a10ea953&static_fare_key=TY%7CP0%7CH0%7CL0%7CCH0%7CR0%7CTBC0&itinerary_key=Z6dH9Xz4PLMQj5ARzG9QYw&expected_price_source=share&expected_price_currency=usd&expected_price=19&marker=741311
4,20,USD,SFO,SAN,"San Diego, United States",US,2026-10-28,0,https://www.aviasales.com/search/SFO2810SAN1?marker=741311
5,24,USD,MCO,ATL,"Atlanta, United States",US,2026-10-08,0,https://www.aviasales.com/search/MCO0810ATL1?marker=741311
6,24,USD,ATL,CVG,"Cincinnati, United States",US,2026-09-16,0,https://www.aviasales.com/search/ATL1609CVG1?t=F917895532201789558680000091ATLCVG_a51bbc9dfefe0d6eb940f3eadbe6e9fc_1984&search_date=21082026&expected_price_uuid=01a0252e-c990-8040-a2b7-cc41a25fcb61&static_fare_key=TY%7CP0%7CH0%7CL0%7CCH0%7CR0%7CTBC0&itinerary_key=g5DJ-JrQMBQHtAdv4VY5Gw&expected_price_source=share&expected_price_currency=usd&expected_price=24&marker=741311
7,24,USD,DFW,MSY,"New Orleans, United States",US,2026-10-27,0,https://www.aviasales.com/search/DFW2710MSY1?marker=741311
8,25,USD,ATL,ORL,"Orlando, United States",US,2026-09-24,0,https://www.aviasales.com/search/ATL2409ORL1?marker=741311
9,24,USD,ATL,JAX,"Jacksonville, United States",US,2026-10-05,0,https://www.aviasales.com/search/ATL0510JAX1?t=F917912225401791226860000072ATLJAX_1946d9b31346e3de300a06261d0496c0_2050&search_date=26082026&expected_price_uuid=01a03d5b-2b47-8030-67d3-651ffe7ca0ea&static_fare_key=TY%7CP1%7CH0%7CL0%7CCH0%7CR0%7CTBC0&itinerary_key=t0rJKisXEQL4A5J7VyH4Fg&expected_price_source=share&expected_price_currency=usd&expected_price=24&marker=741311
10,25,USD,SFO,ONT,"Ontario, United States",US,2026-10-12,0,https://www.aviasales.com/search/SFO1210ONT1?marker=741311
11,25,USD,LAX,SJC,"San Jose, United States",US,2026-09-21,0,https://www.aviasales.com/search/LAX2109SJC1?marker=741311
12,30,USD,MSP,DEN,"Denver, United States",US,2026-09-23,0,https://www.aviasales.com/search/MSP2309DEN1?t=F917901468001790151000000130MSPDEN_d89db13d1523b3190686207c013bb26e_2532&search_date=26082026&expected_price_uuid=01a03efc-a044-8030-e558-5b87c2fee7ab&static_fare_key=TY%7CP0%7CH0%7CL0%7CCH0%7CR0%7CTBC0&itinerary_key=Is5Ji2JmOIzpi9KhZ530Wg&expected_price_source=share&expected_price_currency=usd&expected_price=30&marker=741311
13,32,USD,MCO,RIC,"Richmond, United States",US,2026-09-03,0,https://www.aviasales.com/search/MCO0309RIC1?marker=741311
14,34,USD,BNA,CHI,"Chicago, United States",US,2026-09-03,0,https://www.aviasales.com/search/BNA0309CHI1?marker=741311
15,34,USD,SAN,PHX,"Phoenix, United States",US,2026-09-11,0,https://www.aviasales.com/search/SAN1109PHX1?marker=741311
16,35,USD,ATL,IND,"Indianapolis, United States",US,2026-09-11,0,https://www.aviasales.com/search/ATL1109IND1?marker=741311
17,35,USD,DEN,ELP,"El Paso, United States",US,2026-10-15,0,https://www.aviasales.com/search/DEN1510ELP1?marker=741311
18,36,USD,ORD,BWI,"Baltimore, United States",US,2026-09-24,0,https://www.aviasales.com/search/ORD2409BWI1?marker=741311
19,36,USD,DEN,SLC,"Salt Lake City, United States",US,2026-10-15,0,https://www.aviasales.com/search/DEN1510SLC1?marker=741311
20,37,USD,FLL,SWF,"Newburgh, United States",US,2026-10-01,0,https://www.aviasales.com/search/FLL0110SWF1?marker=741311
21,38,USD,MCO,HOU,"Houston, United States",US,2026-11-07,0,https://www.aviasales.com/search/MCO0711HOU1?marker=741311
22,40,USD,PHL,FLL,"Fort Lauderdale, United States",US,2026-09-27,0,https://www.aviasales.com/search/PHL2709FLL1?marker=741311
23,40,USD,ATL,MIA,"Miami, United States",US,2026-10-22,0,https://www.aviasales.com/search/ATL2210MIA1?marker=741311
24,41,USD,FLL,CMH,"Columbus, United States",US,2026-11-20,0,https://www.aviasales.com/search/FLL2011CMH1?marker=741311
25,42,USD,DTW,TPA,"Tampa, United States",US,2026-09-19,0,https://www.aviasales.com/search/DTW1909TPA1?marker=741311
26,43,USD,TPA,EYW,"Key West, United States",US,2026-09-06,0,https://www.aviasales.com/search/TPA0609EYW1?marker=741311
27,45,USD,ATL,PHL,"Philadelphia, United States",US,2026-09-09,0,https://www.aviasales.com/search/ATL0909PHL1?marker=741311
28,45,USD,MCO,CHS,"Charleston, United States",US,2026-09-02,0,https://www.aviasales.com/search/MCO0209CHS1?marker=741311
29,49,USD,MCO,CLE,"Cleveland, United States",US,2026-09-11,0,https://www.aviasales.com/search/MCO1109CLE1?marker=741311
30,49,USD,MCO,PNS,"Pensacola, United States",US,2026-09-24,0,https://www.aviasales.com/search/MCO2409PNS1?marker=741311
31,50,USD,LAX,SEA,"Seattle, United States",US,2026-10-01,0,https://www.aviasales.com/search/LAX0110SEA1?marker=741311
32,52,USD,MIA,SJU,"San Juan, Puerto Rico",PR,2026-10-06,0,https://www.aviasales.com/search/MIA0610SJU1?marker=741311
33,52,USD,SAN,PDX,"Portland, United States",US,2026-09-19,0,https://www.aviasales.com/search/SAN1909PDX1?marker=741311
34,52,USD,SAN,OAK,"Oakland, United States",US,2027-01-06,0,https://www.aviasales.com/search/SAN0601OAK1?marker=741311
35,53,USD,TPA,DTT,"Detroit, United States",US,2026-10-08,0,https://www.aviasales.com/search/TPA0810DTT1?marker=741311
36,53,USD,MCO,AVL,"Asheville, United States",US,2026-08-31,0,https://www.aviasales.com/search/MCO3108AVL1?marker=741311
37,54,USD,FLL,RDU,"Raleigh, United States",US,2026-12-08,0,https://www.aviasales.com/search/FLL0812RDU1?marker=741311
38,55,USD,FLL,WAS,"Washington, United States",US,2026-09-16,0,https://www.aviasales.com/search/FLL1609WAS1?marker=741311
39,56,USD,MCO,CLT,"Charlotte, United States",US,2026-09-14,0,https://www.aviasales.com/search/MCO1409CLT1?marker=741311
40,56,USD,MCO,GSP,"Greenville, United States",US,2026-09-24,0,https://www.aviasales.com/search/MCO2409GSP1?marker=741311
41,57,USD,SEA,LGB,"Long Beach, United States",US,2026-10-24,0,https://www.aviasales.com/search/SEA2410LGB1?marker=741311
42,58,USD,MCO,BNA,"Nashville, United States",US,2026-09-11,0,https://www.aviasales.com/search/MCO1109BNA1?marker=741311
43,59,USD,ORD,STL,"St Louis, United States",US,2026-10-31,0,https://www.aviasales.com/search/ORD3110STL1?marker=741311
44,59,USD,DCA,PIT,"Pittsburgh, United States",US,2026-09-29,0,https://www.aviasales.com/search/DCA2909PIT1?marker=741311
45,59,USD,SFO,RNO,"Reno, United States",US,2026-09-30,1,https://www.aviasales.com/search/SFO3009RNO1?marker=741311
46,60,USD,DCA,BOS,"Boston, United States",US,2026-09-16,0,https://www.aviasales.com/search/DCA1609BOS1?marker=741311
47,60,USD,DFW,MSP,"Minneapolis, United States",US,2026-09-15,0,https://www.aviasales.com/search/DFW1509MSP1?marker=741311
48,61,USD,LAX,YVR,"Vancouver, Canada",CA,2026-10-10,2,https://www.aviasales.com/search/LAX1010YVR1?marker=741311
49,61,USD,BNA,FSD,"Sioux Falls, United States",US,2026-08-31,0,https://www.aviasales.com/search/BNA3108FSD1?marker=741311
50,63,USD,LAX,MCE,"Merced, United States",US,2026-09-03,0,https://www.aviasales.com/search/LAX0309MCE1?marker=741311
51,64,USD,MCO,NYC,"New York, United States",US,2026-10-29,0,https://www.aviasales.com/search/MCO2910NYC1?marker=741311
52,65,USD,IAD,DFW,"Dallas, United States",US,2026-10-03,0,https://www.aviasales.com/search/IAD0310DFW1?marker=741311
53,65,USD,BNA,MEM,"Memphis, United States",US,2026-10-15,0,https://www.aviasales.com/search/BNA1510MEM1?marker=741311
54,66,USD,ATL,ORF,"Norfolk, United States",US,2026-09-08,0,https://www.aviasales.com/search/ATL0809ORF1?marker=741311
55,70,USD,MCO,GSO,"Greensboro, United States",US,2027-02-05,0,https://www.aviasales.com/search/MCO0502GSO1?marker=741311
56,70,USD,BNA,HAR,"Harrisburg, United States",US,2026-09-03,0,https://www.aviasales.com/search/BNA0309HAR1?marker=741311
57,71,USD,FLL,YTO,"Toronto, Canada",CA,2026-10-24,0,https://www.aviasales.com/search/FLL2410YTO1?marker=741311
58,74,USD,LAS,TUL,"Tulsa, United States",US,2026-08-31,0,https://www.aviasales.com/search/LAS3108TUL1?marker=741311
59,75,USD,MCO,BDL,"Hartford, United States",US,2026-11-05,1,https://www.aviasales.com/search/MCO0511BDL1?marker=741311
60,75,USD,BOS,LEB,"Lebanon, United States",US,2026-09-06,0,https://www.aviasales.com/search/BOS0609LEB1?marker=741311
61,78,USD,LAS,IDA,"Idaho Falls, United States",US,2026-09-04,0,https://www.aviasales.com/search/LAS0409IDA1?marker=741311
62,84,USD,PHX,YYC,"Calgary, Canada",CA,2026-09-09,0,https://www.aviasales.com/search/PHX0909YYC1?marker=741311
63,84,USD,BOS,PQI,"Presque Isle, United States",US,2026-08-31,0,https://www.aviasales.com/search/BOS3108PQI1?marker=741311
64,85,USD,LAX,SAC,"Sacramento, United States",US,2026-09-06,0,https://www.aviasales.com/search/LAX0609SAC1?marker=741311
65,85,USD,DFW,AUS,"Austin, United States",US,2026-10-05,0,https://www.aviasales.com/search/DFW0510AUS1?marker=741311
66,85,USD,IAH,MEX,"Mexico City, Mexico",MX,2026-10-10,0,https://www.aviasales.com/search/IAH1010MEX1?marker=741311
67,87,USD,TPA,SDF,"Louisville, United States",US,2026-09-06,0,https://www.aviasales.com/search/TPA0609SDF1?marker=741311
68,88,USD,DFW,TXK,"Texarkana, United States",US,2026-09-02,0,https://www.aviasales.com/search/DFW0209TXK1?marker=741311
69,89,USD,ORD,UIN,"Quincy, United States",US,2026-08-31,0,https://www.aviasales.com/search/ORD3108UIN1?marker=741311
70,89,USD,DFW,SLP,"San Luis Potosi, Mexico",MX,2027-01-03,0,https://www.aviasales.com/search/DFW0301SLP1?marker=741311
71,90,USD,TPA,MYR,"Myrtle Beach, United States",US,2026-09-05,0,https://www.aviasales.com/search/TPA0509MYR1?marker=741311
72,90,USD,BOS,RUT,"Rutland, United States",US,2026-09-01,0,https://www.aviasales.com/search/BOS0109RUT1?marker=741311
73,91,USD,LAS,YYJ,"Victoria, Canada",CA,2026-09-15,2,https://www.aviasales.com/search/LAS1509YYJ1?marker=741311
74,92,USD,FLL,ALB,"Albany, United States",US,2026-09-06,0,https://www.aviasales.com/search/FLL0609ALB1?marker=741311
75,93,USD,MIA,BUF,"Buffalo, United States",US,2026-11-12,1,https://www.aviasales.com/search/MIA1211BUF1?marker=741311
76,93,USD,MIA,NAS,"Nassau, Bahamas",BS,2027-01-07,0,https://www.aviasales.com/search/MIA0701NAS1?marker=741311
77,93,USD,BNA,HVN,"New Haven, United States",US,2026-09-04,0,https://www.aviasales.com/search/BNA0409HVN1?marker=741311
78,96,USD,LAS,YLW,"Kelowna, Canada",CA,2026-09-15,1,https://www.aviasales.com/search/LAS1509YLW1?marker=741311
79,98,USD,PHX,FCA,"Kalispell, United States",US,2026-10-22,1,https://www.aviasales.com/search/PHX2210FCA1?marker=741311
80,99,USD,MSP,FMY,"Fort Myers, United States",US,2026-10-30,0,https://www.aviasales.com/search/MSP3010FMY1?marker=741311
81,99,USD,ORD,OMA,"Omaha, United States",US,2026-09-16,1,https://www.aviasales.com/search/ORD1609OMA1?marker=741311
82,101,USD,ATL,MKC,"Kansas City, United States",US,2026-10-08,1,https://www.aviasales.com/search/ATL0810MKC1?marker=741311
83,101,USD,RDU,ILM,"Wilmington, United States",US,2026-09-05,1,https://www.aviasales.com/search/RDU0509ILM1?marker=741311
84,101,USD,MCO,GRR,"Grand Rapids, United States",US,2026-08-31,0,https://www.aviasales.com/search/MCO3108GRR1?marker=741311
85,101,USD,LAX,IPL,"Imperial, United States",US,2026-09-04,0,https://www.aviasales.com/search/LAX0409IPL1?marker=741311
86,102,USD,LAX,GDL,"Guadalajara, Mexico",MX,2026-09-20,0,https://www.aviasales.com/search/LAX2009GDL1?marker=741311
87,102,USD,FLL,YMQ,"Montreal, Canada",CA,2026-09-30,1,https://www.aviasales.com/search/FLL3009YMQ1?marker=741311
88,102,USD,IAD,SRQ,"Sarasota, United States",US,2026-11-05,1,https://www.aviasales.com/search/IAD0511SRQ1?marker=741311
89,102,USD,BNA,HSV,"Huntsville, United States",US,2026-10-29,1,https://www.aviasales.com/search/BNA2910HSV1?marker=741311
90,102,USD,BOS,MSS,"Massena, United States",US,2026-09-01,0,https://www.aviasales.com/search/BOS0109MSS1?marker=741311
91,102,USD,JFK,BDA,"Bermuda, Bermuda",BM,2026-10-02,0,https://www.aviasales.com/search/JFK0210BDA1?marker=741311
92,103,USD,LAS,SAT,"San Antonio, United States",US,2026-10-30,0,https://www.aviasales.com/search/LAS3010SAT1?marker=741311
93,104,USD,PHX,SOW,"Show Low, United States",US,2026-09-02,0,https://www.aviasales.com/search/PHX0209SOW1?marker=741311
94,105,USD,MCO,BTV,"Burlington, United States",US,2026-10-03,0,https://www.aviasales.com/search/MCO0310BTV1?marker=741311
95,105,USD,TPA,YHZ,"Halifax, Canada",CA,2026-09-11,1,https://www.aviasales.com/search/TPA1109YHZ1?marker=741311
96,106,USD,ATL,YWG,"Winnipeg, Canada",CA,2026-11-01,1,https://www.aviasales.com/search/ATL0111YWG1?marker=741311
97,107,USD,DEN,CNY,"Moab, United States",US,2026-09-02,0,https://www.aviasales.com/search/DEN0209CNY1?marker=741311
98,108,USD,FLL,YQR,"Regina, Canada",CA,2026-09-25,1,https://www.aviasales.com/search/FLL2509YQR1?marker=741311
99,109,USD,ATL,SYR,"Syracuse, United States",US,2026-10-10,1,https://www.aviasales.com/search/ATL1010SYR1?marker=741311
100,110,USD,PDX,MFR,"Medford, United States",US,2026-09-04,0,https://www.aviasales.com/search/PDX0409MFR1?marker=741311
101,110,USD,SAN,MRY,"Monterey, United States",US,2026-09-06,0,https://www.aviasales.com/search/SAN0609MRY1?marker=741311
102,110,USD,SEA,PSC,"Pasco, United States",US,2026-09-05,0,https://www.aviasales.com/search/SEA0509PSC1?marker=741311
103,111,USD,RDU,PVD,"Providence, United States",US,2026-09-01,0,https://www.aviasales.com/search/RDU0109PVD1?marker=741311
104,111,USD,RDU,ROC,"Rochester, United States",US,2026-09-02,0,https://www.aviasales.com/search/RDU0209ROC1?marker=741311
105,111,USD,JFK,PWM,"Portland, United States",US,2026-09-12,0,https://www.aviasales.com/search/JFK1209PWM1?marker=741311
106,111,USD,DEN,CDR,"Chadron, United States",US,2026-09-06,0,https://www.aviasales.com/search/DEN0609CDR1?marker=741311
107,112,USD,FLL,BRL,"Burlington, United States",US,2026-10-14,1,https://www.aviasales.com/search/FLL1410BRL1?marker=741311
108,113,USD,DCA,TYS,"Knoxville, United States",US,2026-09-22,1,https://www.aviasales.com/search/DCA2209TYS1?marker=741311
109,114,USD,LAS,FAT,"Fresno, United States",US,2026-09-06,0,https://www.aviasales.com/search/LAS0609FAT1?marker=741311
110,114,USD,ATL,DAB,"Daytona Beach, United States",US,2026-09-18,1,https://www.aviasales.com/search/ATL1809DAB1?marker=741311
111,114,USD,IAH,MTY,"Monterrey, Mexico",MX,2026-08-29,0,https://www.aviasales.com/search/IAH2908MTY1?marker=741311
112,115,USD,MIA,SDQ,"Santo Domingo, Dominican Republic",DO,2026-10-23,0,https://www.aviasales.com/search/MIA2310SDQ1?marker=741311
113,115,USD,DEN,PVU,"Provo, United States",US,2026-09-05,1,https://www.aviasales.com/search/DEN0509PVU1?marker=741311
114,116,USD,DEN,ABQ,"Albuquerque, United States",US,2026-09-07,1,https://www.aviasales.com/search/DEN0709ABQ1?marker=741311
115,117,USD,SFO,HNL,"Honolulu, United States",US,2026-08-29,0,https://www.aviasales.com/search/SFO2908HNL1?marker=741311
116,117,USD,SEA,GEG,"Spokane, United States",US,2026-09-04,0,https://www.aviasales.com/search/SEA0409GEG1?marker=741311
117,117,USD,PDX,BLI,"Bellingham, United States",US,2026-09-06,0,https://www.aviasales.com/search/PDX0609BLI1?marker=741311
118,118,USD,SAN,SBA,"Santa Barbara, United States",US,2026-09-06,0,https://www.aviasales.com/search/SAN0609SBA1?marker=741311
119,119,USD,MCO,ISP,"Islip, United States",US,2026-08-29,0,https://www.aviasales.com/search/MCO2908ISP1?marker=741311
120,121,USD,LAS,PAE,"Everett, United States",US,2026-10-23,0,https://www.aviasales.com/search/LAS2310PAE1?marker=741311
121,121,USD,DFW,CUN,"Cancun, Mexico",MX,2027-01-13,1,https://www.aviasales.com/search/DFW1301CUN1?marker=741311
122,122,USD,DFW,GNV,"Gainesville, United States",US,2026-09-02,0,https://www.aviasales.com/search/DFW0209GNV1?marker=741311
123,122,USD,ORD,HPN,"Westchester County, United States",US,2026-09-01,0,https://www.aviasales.com/search/ORD0109HPN1?marker=741311
124,122,USD,PHL,MKE,"Milwaukee, United States",US,2026-09-23,1,https://www.aviasales.com/search/PHL2309MKE1?marker=741311
125,123,USD,MIA,LIT,"Little Rock, United States",US,2026-08-29,0,https://www.aviasales.com/search/MIA2908LIT1?marker=741311
126,123,USD,SFO,BOI,"Boise, United States",US,2026-09-18,1,https://www.aviasales.com/search/SFO1809BOI1?marker=741311
127,123,USD,DEN,YXE,"Saskatoon, Canada",CA,2026-09-18,1,https://www.aviasales.com/search/DEN1809YXE1?marker=741311
128,124,USD,ORD,MKG,"Muskegon, United States",US,2026-09-05,0,https://www.aviasales.com/search/ORD0509MKG1?marker=741311
129,125,USD,SEA,YKM,"Yakima, United States",US,2026-09-04,0,https://www.aviasales.com/search/SEA0409YKM1?marker=741311
130,125,USD,PDX,RDM,"Redmond, United States",US,2026-09-04,0,https://www.aviasales.com/search/PDX0409RDM1?marker=741311
131,126,USD,JFK,SXM,"Sint Maarten, Sint Maarten",SX,2026-12-11,1,https://www.aviasales.com/search/JFK1112SXM1?marker=741311
132,126,USD,DFW,SAV,"Savannah, United States",US,2026-08-31,0,https://www.aviasales.com/search/DFW3108SAV1?marker=741311
133,127,USD,ATL,BGR,"Bangor, United States",US,2026-09-14,1,https://www.aviasales.com/search/ATL1409BGR1?marker=741311
134,127,USD,LAX,OGD,"Ogden, United States",US,2026-09-06,0,https://www.aviasales.com/search/LAX0609OGD1?marker=741311
135,128,USD,SEA,FAI,"Fairbanks, United States",US,2026-08-30,0,https://www.aviasales.com/search/SEA3008FAI1?marker=741311
136,128,USD,SFO,PSP,"Palm Springs, United States",US,2026-09-01,0,https://www.aviasales.com/search/SFO0109PSP1?marker=741311
137,128,USD,JFK,BGI,"Bridgetown, Barbados",BB,2026-10-27,1,https://www.aviasales.com/search/JFK2710BGI1?marker=741311
138,128,USD,SEA,PUW,"Pullman, United States",US,2026-09-06,0,https://www.aviasales.com/search/SEA0609PUW1?marker=741311
139,128,USD,JFK,ACK,"Nantucket, United States",US,2026-10-07,0,https://www.aviasales.com/search/JFK0710ACK1?marker=741311
140,128,USD,SEA,EUG,"Eugene, United States",US,2026-09-04,0,https://www.aviasales.com/search/SEA0409EUG1?marker=741311
141,128,USD,SEA,ACV,"Arcata, United States",US,2026-09-05,0,https://www.aviasales.com/search/SEA0509ACV1?marker=741311
142,131,USD,ORD,LEX,"Lexington, United States",US,2026-08-29,0,https://www.aviasales.com/search/ORD2908LEX1?marker=741311
143,133,USD,DFW,OKC,"Oklahoma City, United States",US,2026-09-08,1,https://www.aviasales.com/search/DFW0809OKC1?marker=741311
144,133,USD,PHL,CAK,"Akron, United States",US,2026-09-05,1,https://www.aviasales.com/search/PHL0509CAK1?marker=741311
145,134,USD,LAS,YOW,"Ottawa, Canada",CA,2026-09-17,1,https://www.aviasales.com/search/LAS1709YOW1?marker=741311
146,135,USD,MIA,MID,"Merida, Mexico",MX,2026-10-23,1,https://www.aviasales.com/search/MIA2310MID1?marker=741311
147,135,USD,LAX,SJD,"San Jose Del Cabo, Mexico",MX,2026-09-08,1,https://www.aviasales.com/search/LAX0809SJD1?marker=741311
148,136,USD,IAD,CKB,"Clarksburg, United States",US,2026-09-03,0,https://www.aviasales.com/search/IAD0309CKB1?marker=741311
149,136,USD,RDU,FYV,"Fayetteville, United States",US,2026-09-02,1,https://www.aviasales.com/search/RDU0209FYV1?marker=741311
150,136,USD,IAH,VER,"Veracruz, Mexico",MX,2026-08-31,1,https://www.aviasales.com/search/IAH3108VER1?marker=741311
151,136,USD,SAN,STC,"Saint Cloud, United States",US,2026-10-01,2,https://www.aviasales.com/search/SAN0110STC1?marker=741311
152,138,USD,MIA,MDE,"Medellin, Colombia",CO,2026-11-25,1,https://www.aviasales.com/search/MIA2511MDE1?marker=741311
153,138,USD,DFW,HOT,"Hot Springs, United States",US,2026-09-02,0,https://www.aviasales.com/search/DFW0209HOT1?marker=741311
154,138,USD,LAS,YZF,"Yellowknife, Canada",CA,2026-09-17,1,https://www.aviasales.com/search/LAS1709YZF1?marker=741311
155,139,USD,SFO,LIH,"Kauai Island, United States",US,2026-09-22,0,https://www.aviasales.com/search/SFO2209LIH1?marker=741311
156,139,USD,BOS,COS,"Colorado Springs, United States",US,2026-10-16,1,https://www.aviasales.com/search/BOS1610COS1?marker=741311
157,139,USD,IAD,SBN,"South Bend, United States",US,2026-08-30,0,https://www.aviasales.com/search/IAD3008SBN1?marker=741311
158,139,USD,LAS,LBB,"Lubbock, United States",US,2026-10-07,0,https://www.aviasales.com/search/LAS0710LBB1?marker=741311
159,139,USD,PHX,PGA,"Page, United States",US,2026-08-31,0,https://www.aviasales.com/search/PHX3108PGA1?marker=741311
160,140,USD,IAH,TUS,"Tucson, United States",US,2026-09-24,1,https://www.aviasales.com/search/IAH2409TUS1?marker=741311
161,140,USD,IAD,MGW,"Morgantown, United States",US,2026-09-01,0,https://www.aviasales.com/search/IAD0109MGW1?marker=741311
162,140,USD,LAX,STS,"Santa Rosa, United States",US,2026-12-28,0,https://www.aviasales.com/search/LAX2812STS1?marker=741311
163,141,USD,SEA,ANC,"Anchorage, United States",US,2026-09-11,0,https://www.aviasales.com/search/SEA1109ANC1?marker=741311
164,141,USD,LAS,YEA,"Edmonton, Canada",CA,2026-09-10,1,https://www.aviasales.com/search/LAS1009YEA1?marker=741311
165,142,USD,LAX,GUA,"Guatemala City, Guatemala",GT,2027-01-18,0,https://www.aviasales.com/search/LAX1801GUA1?marker=741311
166,142,USD,JFK,HYA,"Hyannis, United States",US,2026-09-02,0,https://www.aviasales.com/search/JFK0209HYA1?marker=741311
167,143,USD,MIA,PUJ,"Punta Cana, Dominican Republic",DO,2026-08-31,0,https://www.aviasales.com/search/MIA3108PUJ1?marker=741311
168,143,USD,MCO,LON,"London, United Kingdom",GB,2026-12-09,0,https://www.aviasales.com/search/MCO0912LON1?marker=741311
169,143,USD,DFW,ZCL,"Zacatecas, Mexico",MX,2026-11-27,2,https://www.aviasales.com/search/DFW2711ZCL1?marker=741311
170,143,USD,ORD,ALO,"Waterloo, United States",US,2026-09-05,0,https://www.aviasales.com/search/ORD0509ALO1?marker=741311
171,144,USD,MCO,CUU,"Chihuahua, Mexico",MX,2027-01-16,1,https://www.aviasales.com/search/MCO1601CUU1?marker=741311
172,146,USD,DCA,LIR,"Liberia, Costa Rica",CR,2026-09-21,1,https://www.aviasales.com/search/DCA2109LIR1?marker=741311
173,146,USD,LAX,MSN,"Madison, United States",US,2026-10-03,1,https://www.aviasales.com/search/LAX0310MSN1?marker=741311
174,147,USD,DFW,AMA,"Amarillo, United States",US,2026-09-12,0,https://www.aviasales.com/search/DFW1209AMA1?marker=741311
175,148,USD,JFK,SJO,"San Jose, Costa Rica",CR,2026-12-14,0,https://www.aviasales.com/search/JFK1412SJO1?marker=741311
176,148,USD,ORD,DLH,"Duluth, United States",US,2026-08-30,0,https://www.aviasales.com/search/ORD3008DLH1?marker=741311
177,148,USD,IAD,LYH,"Lynchburg, United States",US,2026-09-03,0,https://www.aviasales.com/search/IAD0309LYH1?marker=741311
178,149,USD,MIA,AUA,"Oranjestad, Aruba",AW,2026-08-30,1,https://www.aviasales.com/search/MIA3008AUA1?marker=741311
179,149,USD,JFK,STI,"Santiago, Dominican Republic",DO,2026-11-30,1,https://www.aviasales.com/search/JFK3011STI1?marker=741311
180,149,USD,SEA,EAT,"Wenatchee, United States",US,2026-09-05,0,https://www.aviasales.com/search/SEA0509EAT1?marker=741311
181,149,USD,LAX,KOA,"Kailua-Kona, United States",US,2026-09-07,0,https://www.aviasales.com/search/LAX0709KOA1?marker=741311
182,149,USD,JFK,BQN,"Aguadilla, Puerto Rico",PR,2026-12-09,1,https://www.aviasales.com/search/JFK0912BQN1?marker=741311
183,150,USD,DCA,TLH,"Tallahassee, United States",US,2026-08-31,0,https://www.aviasales.com/search/DCA3108TLH1?marker=741311
184,150,USD,TPA,SAP,"San Pedro Sula, Honduras",HN,2026-10-20,2,https://www.aviasales.com/search/TPA2010SAP1?marker=741311
185,150,USD,DFW,CID,"Cedar Rapids, United States",US,2026-09-06,0,https://www.aviasales.com/search/DFW0609CID1?marker=741311
186,150,USD,LAX,HOB,"Hobbs, United States",US,2026-09-06,1,https://www.aviasales.com/search/LAX0609HOB1?marker=741311
187,151,USD,MIA,GGT,"George Town, Bahamas",BS,2026-09-01,0,https://www.aviasales.com/search/MIA0109GGT1?marker=741311
188,151,USD,MIA,CTG,"Cartagena, Colombia",CO,2026-11-25,1,https://www.aviasales.com/search/MIA2511CTG1?marker=741311
189,151,USD,FLL,MBJ,"Montego Bay, Jamaica",JM,2026-09-05,1,https://www.aviasales.com/search/FLL0509MBJ1?marker=741311
190,151,USD,ORD,ICT,"Wichita, United States",US,2026-09-29,0,https://www.aviasales.com/search/ORD2909ICT1?marker=741311
191,151,USD,LAX,BJX,"Leon/Guanajuato, Mexico",MX,2026-10-08,0,https://www.aviasales.com/search/LAX0810BJX1?marker=741311
192,151,USD,MCO,QRO,"Queretaro, Mexico",MX,2026-11-18,1,https://www.aviasales.com/search/MCO1811QRO1?marker=741311
193,152,USD,MIA,ATW,"Appleton, United States",US,2027-02-07,1,https://www.aviasales.com/search/MIA0702ATW1?marker=741311
194,152,USD,IAD,CAE,"Columbia, United States",US,2026-08-31,0,https://www.aviasales.com/search/IAD3108CAE1?marker=741311
195,152,USD,JFK,ATH,"Athens, Greece",GR,2026-10-19,0,https://www.aviasales.com/search/JFK1910ATH1?marker=741311
196,152,USD,DEN,GCC,"Gillette, United States",US,2026-08-31,0,https://www.aviasales.com/search/DEN3108GCC1?marker=741311
197,152,USD,BOS,RKD,"Rockland, United States",US,2026-09-05,0,https://www.aviasales.com/search/BOS0509RKD1?marker=741311
198,153,USD,ORD,CRW,"Charleston, United States",US,2026-08-31,0,https://www.aviasales.com/search/ORD3108CRW1?marker=741311
199,153,USD,LAX,RDD,"Redding, United States",US,2026-08-31,0,https://www.aviasales.com/search/LAX3108RDD1?marker=741311
200,154,USD,LAX,HMO,"Hermosillo, Mexico",MX,2026-09-06,1,https://www.aviasales.com/search/LAX0609HMO1?marker=741311
201,155,USD,LAX,SAL,"San Salvador, El Salvador",SV,2027-01-30,0,https://www.aviasales.com/search/LAX3001SAL1?marker=741311
202,156,USD,JFK,ROM,"Rome, Italy",IT,2026-10-19,0,https://www.aviasales.com/search/JFK1910ROM1?marker=741311
203,156,USD,DEN,CPR,"Casper, United States",US,2026-09-03,0,https://www.aviasales.com/search/DEN0309CPR1?marker=741311
204,156,USD,LAS,BZN,"Bozeman, United States",US,2026-09-03,0,https://www.aviasales.com/search/LAS0309BZN1?marker=741311
205,156,USD,DEN,LBF,"North Platte, United States",US,2026-09-03,0,https://www.aviasales.com/search/DEN0309LBF1?marker=741311
206,157,USD,LAS,TIJ,"Tijuana, Mexico",MX,2026-09-15,1,https://www.aviasales.com/search/LAS1509TIJ1?marker=741311
207,157,USD,DEN,ALS,"Alamosa, United States",US,2026-09-02,0,https://www.aviasales.com/search/DEN0209ALS1?marker=741311
208,158,USD,SAN,OGG,"Kahului, United States",US,2026-09-02,0,https://www.aviasales.com/search/SAN0209OGG1?marker=741311
209,159,USD,DFW,BFL,"Bakersfield, United States",US,2026-09-03,0,https://www.aviasales.com/search/DFW0309BFL1?marker=741311
210,159,USD,MSP,IWD,"Ironwood, United States",US,2026-08-31,0,https://www.aviasales.com/search/MSP3108IWD1?marker=741311
211,160,USD,ORD,MLM,"Morelia, Mexico",MX,2026-12-01,1,https://www.aviasales.com/search/ORD0112MLM1?marker=741311
212,162,USD,DFW,OAX,"Oaxaca, Mexico",MX,2026-09-17,1,https://www.aviasales.com/search/DFW1709OAX1?marker=741311
213,162,USD,DCA,MHT,"Manchester, United States",US,2026-09-05,0,https://www.aviasales.com/search/DCA0509MHT1?marker=741311
214,163,USD,LAX,MZT,"Mazatlan, Mexico",MX,2026-09-02,1,https://www.aviasales.com/search/LAX0209MZT1?marker=741311
215,166,USD,RDU,SBY,"Salisbury-Ocean City, United States",US,2026-08-31,1,https://www.aviasales.com/search/RDU3108SBY1?marker=741311
216,166,USD,PHX,GCN,"Grand Canyon, United States",US,2026-09-06,0,https://www.aviasales.com/search/PHX0609GCN1?marker=741311
217,167,USD,IAH,LCH,"Lake Charles, United States",US,2026-09-03,0,https://www.aviasales.com/search/IAH0309LCH1?marker=741311
218,167,USD,LAX,TGZ,"Tuxtla Gutierrez, Mexico",MX,2026-09-01,1,https://www.aviasales.com/search/LAX0109TGZ1?marker=741311
219,167,USD,CLT,PGV,"Greenville, United States",US,2026-09-05,0,https://www.aviasales.com/search/CLT0509PGV1?marker=741311
220,168,USD,ORD,AZO,"Kalamazoo, United States",US,2026-09-05,0,https://www.aviasales.com/search/ORD0509AZO1?marker=741311
221,169,USD,DFW,MTJ,"Montrose, United States",US,2026-09-05,0,https://www.aviasales.com/search/DFW0509MTJ1?marker=741311
222,169,USD,DEN,CEZ,"Cortez, United States",US,2026-09-06,0,https://www.aviasales.com/search/DEN0609CEZ1?marker=741311
223,170,USD,ATL,PIA,"Peoria, United States",US,2026-09-05,1,https://www.aviasales.com/search/ATL0509PIA1?marker=741311
224,170,USD,CLT,BHM,"Birmingham, United States",US,2026-09-20,1,https://www.aviasales.com/search/CLT2009BHM1?marker=741311
225,171,USD,LAX,CRP,"Corpus Christi, United States",US,2026-09-29,1,https://www.aviasales.com/search/LAX2909CRP1?marker=741311
226,171,USD,PHL,PGD,"Punta Gorda, United States",US,2026-11-03,3,https://www.aviasales.com/search/PHL0311PGD1?marker=741311
227,172,USD,ORD,YQB,"Quebec, Canada",CA,2026-09-02,0,https://www.aviasales.com/search/ORD0209YQB1?marker=741311
228,172,USD,DCA,JAN,"Jackson, United States",US,2026-09-01,0,https://www.aviasales.com/search/DCA0109JAN1?marker=741311
229,172,USD,ORD,MWA,"Marion, United States",US,2026-09-01,0,https://www.aviasales.com/search/ORD0109MWA1?marker=741311
230,172,USD,ORD,OWB,"Owensboro, United States",US,2026-09-06,0,https://www.aviasales.com/search/ORD0609OWB1?marker=741311
231,172,USD,LAX,PVR,"Puerto Vallarta, Mexico",MX,2026-09-05,1,https://www.aviasales.com/search/LAX0509PVR1?marker=741311
232,173,USD,FLL,ABE,"Allentown, United States",US,2026-08-29,1,https://www.aviasales.com/search/FLL2908ABE1?marker=741311
233,174,USD,ATL,LNS,"Lancaster, United States",US,2026-09-03,1,https://www.aviasales.com/search/ATL0309LNS1?marker=741311
234,174,USD,CLT,MOB,"Mobile, United States",US,2026-09-06,0,https://www.aviasales.com/search/CLT0609MOB1?marker=741311
235,174,USD,LAX,MFE,"McAllen, United States",US,2026-08-29,2,https://www.aviasales.com/search/LAX2908MFE1?marker=741311
236,175,USD,MIA,LIM,"Lima, Peru",PE,2027-02-10,1,https://www.aviasales.com/search/MIA1002LIM1?marker=741311
237,176,USD,BOS,AVP,"Wilkes-Barre, United States",US,2026-10-08,1,https://www.aviasales.com/search/BOS0810AVP1?marker=741311
238,176,USD,JFK,VPS,"Fort Walton Beach, United States",US,2026-12-31,1,https://www.aviasales.com/search/JFK3112VPS1?marker=741311
239,176,USD,ORD,RST,"Rochester, United States",US,2026-09-05,0,https://www.aviasales.com/search/ORD0509RST1?marker=741311
240,176,USD,MCO,ELM,"Elmira, United States",US,2026-09-03,1,https://www.aviasales.com/search/MCO0309ELM1?marker=741311
241,176,USD,IAH,LMM,"Los Mochis, Mexico",MX,2026-09-04,1,https://www.aviasales.com/search/IAH0409LMM1?marker=741311
242,177,USD,MIA,BOG,"Bogota, Colombia",CO,2026-11-17,1,https://www.aviasales.com/search/MIA1711BOG1?marker=741311
243,177,USD,MIA,IAG,"Niagara Falls, United States",US,2026-09-12,2,https://www.aviasales.com/search/MIA1209IAG1?marker=741311
244,177,USD,IAD,SCE,"State College, United States",US,2026-09-05,0,https://www.aviasales.com/search/IAD0509SCE1?marker=741311
245,178,USD,ORD,DSM,"Des Moines, United States",US,2026-09-02,0,https://www.aviasales.com/search/ORD0209DSM1?marker=741311
246,179,USD,ORD,TVC,"Traverse City, United States",US,2026-09-06,0,https://www.aviasales.com/search/ORD0609TVC1?marker=741311
247,179,USD,TPA,STX,"Saint Croix, U.S. Virgin Islands",VI,2026-10-03,1,https://www.aviasales.com/search/TPA0310STX1?marker=741311
248,181,USD,DFW,COU,"Columbia, United States",US,2026-09-06,0,https://www.aviasales.com/search/DFW0609COU1?marker=741311
249,181,USD,IAD,ROA,"Roanoke, United States",US,2026-09-14,1,https://www.aviasales.com/search/IAD1409ROA1?marker=741311
250,181,USD,ORD,MLI,"Moline, United States",US,2026-09-05,0,https://www.aviasales.com/search/ORD0509MLI1?marker=741311
251,181,USD,DEN,TRC,"Torreon, Mexico",MX,2026-11-26,1,https://www.aviasales.com/search/DEN2611TRC1?marker=741311
252,182,USD,DFW,MLU,"Monroe, United States",US,2026-09-06,0,https://www.aviasales.com/search/DFW0609MLU1?marker=741311
253,182,USD,ORD,EAU,"Eau Claire, United States",US,2026-09-06,0,https://www.aviasales.com/search/ORD0609EAU1?marker=741311
254,183,USD,ORD,CMI,"Champaign, United States",US,2026-09-06,0,https://www.aviasales.com/search/ORD0609CMI1?marker=741311
255,184,USD,JFK,SLU,"Castries, Saint Lucia",LC,2026-10-15,0,https://www.aviasales.com/search/JFK1510SLU1?marker=741311
256,185,USD,MCO,FAR,"Fargo, United States",US,2026-09-04,1,https://www.aviasales.com/search/MCO0409FAR1?marker=741311
257,186,USD,CLT,TRI,"Blountville, United States",US,2026-09-05,1,https://www.aviasales.com/search/CLT0509TRI1?marker=741311
258,186,USD,DEN,HLN,"Helena, United States",US,2026-09-02,1,https://www.aviasales.com/search/DEN0209HLN1?marker=741311
259,186,USD,SEA,ALW,"Walla Walla, United States",US,2026-09-02,0,https://www.aviasales.com/search/SEA0209ALW1?marker=741311
260,186,USD,BNA,JST,"Johnstown, United States",US,2026-11-26,1,https://www.aviasales.com/search/BNA2611JST1?marker=741311
261,187,USD,JFK,POP,"Puerto Plata, Dominican Republic",DO,2026-10-14,1,https://www.aviasales.com/search/JFK1410POP1?marker=741311
262,188,USD,DFW,BRO,"Brownsville, United States",US,2026-09-06,0,https://www.aviasales.com/search/DFW0609BRO1?marker=741311
263,188,USD,PDX,LSE,"La Crosse, United States",US,2026-09-01,2,https://www.aviasales.com/search/PDX0109LSE1?marker=741311
264,189,USD,PDX,HAV,"Havana, Cuba",CU,2026-09-15,2,https://www.aviasales.com/search/PDX1509HAV1?marker=741311
265,189,USD,LAX,SMX,"Santa Maria, United States",US,2026-09-05,1,https://www.aviasales.com/search/LAX0509SMX1?marker=741311
266,190,USD,DEN,LAR,"Laramie, United States",US,2026-09-02,0,https://www.aviasales.com/search/DEN0209LAR1?marker=741311
267,191,USD,ATL,SGF,"Springfield, United States",US,2026-09-02,1,https://www.aviasales.com/search/ATL0209SGF1?marker=741311
268,191,USD,ORD,GRB,"Green Bay, United States",US,2026-09-02,0,https://www.aviasales.com/search/ORD0209GRB1?marker=741311
269,191,USD,IAH,LFT,"Lafayette, United States",US,2026-09-29,1,https://www.aviasales.com/search/IAH2909LFT1?marker=741311
270,192,USD,JFK,WAW,"Warsaw, Poland",PL,2026-10-19,1,https://www.aviasales.com/search/JFK1910WAW1?marker=741311
271,193,USD,JFK,UIO,"Quito, Ecuador",EC,2026-09-12,2,https://www.aviasales.com/search/JFK1209UIO1?marker=741311
272,193,USD,DFW,SJT,"San Angelo, United States",US,2026-09-06,0,https://www.aviasales.com/search/DFW0609SJT1?marker=741311
273,193,USD,LAX,LAP,"La Paz, Mexico",MX,2026-09-05,1,https://www.aviasales.com/search/LAX0509LAP1?marker=741311
274,194,USD,MIA,KIN,"Kingston, Jamaica",JM,2027-02-09,0,https://www.aviasales.com/search/MIA0902KIN1?marker=741311
275,194,USD,RDU,CHA,"Chattanooga, United States",US,2026-09-05,1,https://www.aviasales.com/search/RDU0509CHA1?marker=741311
276,195,USD,JFK,VCE,"Venice, Italy",IT,2026-10-25,2,https://www.aviasales.com/search/JFK2510VCE1?marker=741311
277,196,USD,ORD,FWA,"Fort Wayne, United States",US,2026-09-06,0,https://www.aviasales.com/search/ORD0609FWA1?marker=741311
278,196,USD,LAX,SGU,"Saint George, United States",US,2026-09-06,0,https://www.aviasales.com/search/LAX0609SGU1?marker=741311
279,197,USD,SFO,ITO,"Hilo, United States",US,2026-10-28,2,https://www.aviasales.com/search/SFO2810ITO1?marker=741311
280,198,USD,DEN,ASE,"Aspen, United States",US,2026-09-06,0,https://www.aviasales.com/search/DEN0609ASE1?marker=741311
281,198,USD,ORD,AUW,"Wausau, United States",US,2026-09-01,0,https://www.aviasales.com/search/ORD0109AUW1?marker=741311
282,198,USD,JFK,BRI,"Bari, Italy",IT,2026-10-13,1,https://www.aviasales.com/search/JFK1310BRI1?marker=741311
283,199,USD,ORD,FNT,"Flint, United States",US,2026-09-03,0,https://www.aviasales.com/search/ORD0309FNT1?marker=741311
284,199,USD,SEA,CPH,"Copenhagen, Denmark",DK,2026-10-09,1,https://www.aviasales.com/search/SEA0910CPH1?marker=741311
285,199,USD,ORD,SPI,"Springfield, United States",US,2026-09-02,0,https://www.aviasales.com/search/ORD0209SPI1?marker=741311
286,200,USD,MIA,STT,"Saint Thomas, U.S. Virgin Islands",VI,2026-10-24,1,https://www.aviasales.com/search/MIA2410STT1?marker=741311
287,200,USD,JFK,MAD,"Madrid, Spain",ES,2026-10-20,1,https://www.aviasales.com/search/JFK2010MAD1?marker=741311
288,200,USD,LAX,ECP,"Panama City, United States",US,2026-09-06,1,https://www.aviasales.com/search/LAX0609ECP1?marker=741311
289,201,USD,JFK,LCA,"Larnaca, Cyprus",CY,2026-10-19,1,https://www.aviasales.com/search/JFK1910LCA1?marker=741311
290,203,USD,CLT,OAJ,"Jacksonville, United States",US,2026-09-02,0,https://www.aviasales.com/search/CLT0209OAJ1?marker=741311
291,204,USD,ORD,LNK,"Lincoln, United States",US,2026-09-01,1,https://www.aviasales.com/search/ORD0109LNK1?marker=741311
292,205,USD,BOS,BHB,"Bar Harbor, United States",US,2026-09-06,0,https://www.aviasales.com/search/BOS0609BHB1?marker=741311
293,206,USD,ORD,EVV,"Evansville, United States",US,2026-09-01,0,https://www.aviasales.com/search/ORD0109EVV1?marker=741311
294,207,USD,ATL,LRD,"Laredo, United States",US,2026-12-21,1,https://www.aviasales.com/search/ATL2112LRD1?marker=741311
295,207,USD,ORD,BMI,"Bloomington, United States",US,2026-09-01,0,https://www.aviasales.com/search/ORD0109BMI1?marker=741311
296,208,USD,MIA,GEO,"Georgetown, Guyana",GY,2026-09-03,0,https://www.aviasales.com/search/MIA0309GEO1?marker=741311
297,208,USD,LAX,MNL,"Manila, Philippines",PH,2026-11-25,2,https://www.aviasales.com/search/LAX2511MNL1?marker=741311
298,209,USD,MIA,XPL,"Comayagua, Honduras",HN,2026-09-12,2,https://www.aviasales.com/search/MIA1209XPL1?marker=741311
299,209,USD,ORD,ERI,"Erie, United States",US,2026-09-01,1,https://www.aviasales.com/search/ORD0109ERI1?marker=741311
300,209,USD,BOS,DUB,"Dublin, Ireland",IE,2026-09-16,1,https://www.aviasales.com/search/BOS1609DUB1?marker=741311
301,209,USD,JFK,JMK,"Mikonos, Greece",GR,2026-10-19,1,https://www.aviasales.com/search/JFK1910JMK1?marker=741311
302,209,USD,MCO,SSA,"Salvador, Brazil",BR,2026-09-26,1,https://www.aviasales.com/search/MCO2609SSA1?marker=741311
303,210,USD,AUS,HOG,"Holguin, Cuba",CU,2026-09-06,1,https://www.aviasales.com/search/AUS0609HOG1?marker=741311
304,210,USD,SAN,HRL,"Harlingen, United States",US,2026-09-02,1,https://www.aviasales.com/search/SAN0209HRL1?marker=741311
305,211,USD,DFW,SHV,"Shreveport, United States",US,2026-09-01,0,https://www.aviasales.com/search/DFW0109SHV1?marker=741311
306,211,USD,DFW,BTR,"Baton Rouge, United States",US,2026-09-01,0,https://www.aviasales.com/search/DFW0109BTR1?marker=741311
307,211,USD,ORD,LAN,"Lansing, United States",US,2026-08-31,0,https://www.aviasales.com/search/ORD3108LAN1?marker=741311
308,211,USD,LAS,SCK,"Stockton, United States",US,2026-09-06,0,https://www.aviasales.com/search/LAS0609SCK1?marker=741311
309,212,USD,ORD,MHK,"Manhattan, United States",US,2026-09-01,0,https://www.aviasales.com/search/ORD0109MHK1?marker=741311
310,212,USD,SEA,PBC,"Puebla, Mexico",MX,2026-10-03,2,https://www.aviasales.com/search/SEA0310PBC1?marker=741311
311,213,USD,JFK,JAC,"Jackson, United States",US,2026-09-01,0,https://www.aviasales.com/search/JFK0109JAC1?marker=741311
312,213,USD,JFK,VIX,"Vitoria, Brazil",BR,2026-09-12,2,https://www.aviasales.com/search/JFK1209VIX1?marker=741311
313,214,USD,ATL,DEC,"Decatur, United States",US,2026-09-05,1,https://www.aviasales.com/search/ATL0509DEC1?marker=741311
314,215,USD,LAX,TQO,"Tulum, Mexico",MX,2026-09-18,2,https://www.aviasales.com/search/LAX1809TQO1?marker=741311
315,215,USD,JFK,BAQ,"Barranquilla, Colombia",CO,2026-08-28,1,https://www.aviasales.com/search/JFK2808BAQ1?marker=741311
316,216,USD,MIA,PTY,"Panama City, Panama",PA,2026-10-15,0,https://www.aviasales.com/search/MIA1510PTY1?marker=741311
317,216,USD,DFW,CLL,"College Station, United States",US,2026-08-31,0,https://www.aviasales.com/search/DFW3108CLL1?marker=741311
318,218,USD,JFK,PAR,"Paris, France",FR,2026-10-24,1,https://www.aviasales.com/search/JFK2410PAR1?marker=741311
319,218,USD,CLT,AGS,"Augusta, United States",US,2026-08-31,0,https://www.aviasales.com/search/CLT3108AGS1?marker=741311
320,218,USD,JFK,CFU,"Kerkyra, Greece",GR,2026-10-20,1,https://www.aviasales.com/search/JFK2010CFU1?marker=741311
321,220,USD,FLL,VRB,"Vero Beach, United States",US,2026-09-05,1,https://www.aviasales.com/search/FLL0509VRB1?marker=741311
322,220,USD,IAD,PEI,"Pereira, Colombia",CO,2026-10-07,1,https://www.aviasales.com/search/IAD0710PEI1?marker=741311
323,220,USD,ORD,CMX,"Hancock, United States",US,2026-09-01,0,https://www.aviasales.com/search/ORD0109CMX1?marker=741311
324,221,USD,MIA,POS,"Port Of Spain, Trinidad and Tobago",TT,2026-08-31,1,https://www.aviasales.com/search/MIA3108POS1?marker=741311
325,222,USD,RDU,USA,"Concord, United States",US,2026-09-03,1,https://www.aviasales.com/search/RDU0309USA1?marker=741311
326,223,USD,JFK,MIL,"Milan, Italy",IT,2026-10-12,1,https://www.aviasales.com/search/JFK1210MIL1?marker=741311
327,223,USD,SFO,NAN,"Nadi, Fiji",FJ,2026-11-08,1,https://www.aviasales.com/search/SFO0811NAN1?marker=741311
328,223,USD,JFK,BFD,"Bradford, United States",US,2026-09-04,1,https://www.aviasales.com/search/JFK0409BFD1?marker=741311
329,224,USD,MIA,GRI,"Grand Island, United States",US,2026-09-15,3,https://www.aviasales.com/search/MIA1509GRI1?marker=741311
330,224,USD,JFK,ANU,"Saint John's, Antigua and Barbuda",AG,2026-09-05,0,https://www.aviasales.com/search/JFK0509ANU1?marker=741311
331,225,USD,ORD,BLV,"Belleville, United States",US,2026-09-02,1,https://www.aviasales.com/search/ORD0209BLV1?marker=741311
332,227,USD,IAD,ITH,"Ithaca, United States",US,2026-09-05,0,https://www.aviasales.com/search/IAD0509ITH1?marker=741311
333,227,USD,IAD,BIL,"Billings, United States",US,2026-09-05,1,https://www.aviasales.com/search/IAD0509BIL1?marker=741311
334,228,USD,JFK,RZE,"Rzeszow, Poland",PL,2026-10-04,1,https://www.aviasales.com/search/JFK0410RZE1?marker=741311
335,229,USD,DEN,DRO,"Durango, United States",US,2026-08-31,0,https://www.aviasales.com/search/DEN3108DRO1?marker=741311
336,229,USD,JFK,MVY,"Martha's Vineyard, United States",US,2026-09-05,0,https://www.aviasales.com/search/JFK0509MVY1?marker=741311
337,230,USD,RDU,BKW,"Beckley, United States",US,2026-09-05,2,https://www.aviasales.com/search/RDU0509BKW1?marker=741311
338,232,USD,FLL,GYE,"Guayaquil, Ecuador",EC,2026-12-12,2,https://www.aviasales.com/search/FLL1212GYE1?marker=741311
339,232,USD,JFK,PRG,"Prague, Czech Republic",CZ,2026-10-18,1,https://www.aviasales.com/search/JFK1810PRG1?marker=741311
340,232,USD,JFK,BER,"Berlin, Germany",DE,2026-10-14,2,https://www.aviasales.com/search/JFK1410BER1?marker=741311
341,232,USD,LAX,SUN,"Sun Valley, United States",US,2027-01-21,1,https://www.aviasales.com/search/LAX2101SUN1?marker=741311
342,233,USD,BOS,SAO,"Sao Paulo, Brazil",BR,2026-10-19,1,https://www.aviasales.com/search/BOS1910SAO1?marker=741311
343,233,USD,ORD,PLN,"Pellston, United States",US,2026-09-02,0,https://www.aviasales.com/search/ORD0209PLN1?marker=741311
344,233,USD,LAX,EGE,"Vail, United States",US,2027-02-15,0,https://www.aviasales.com/search/LAX1502EGE1?marker=741311
345,234,USD,PDX,BKK,"Bangkok, Thailand",TH,2026-09-02,1,https://www.aviasales.com/search/PDX0209BKK1?marker=741311
346,236,USD,JFK,BCN,"Barcelona, Spain",ES,2026-10-14,1,https://www.aviasales.com/search/JFK1410BCN1?marker=741311
347,236,USD,JFK,EVN,"Yerevan, Armenia",AM,2026-10-20,1,https://www.aviasales.com/search/JFK2010EVN1?marker=741311
348,236,USD,DFW,BZE,"Belize City, Belize",BZ,2026-10-24,1,https://www.aviasales.com/search/DFW2410BZE1?marker=741311
349,237,USD,JFK,FRA,"Frankfurt, Germany",DE,2026-10-24,1,https://www.aviasales.com/search/JFK2410FRA1?marker=741311
350,238,USD,LAX,PRC,"Prescott, United States",US,2026-09-06,0,https://www.aviasales.com/search/LAX0609PRC1?marker=741311
351,238,USD,PDX,YXX,"Abbotsford, Canada",CA,2026-09-03,2,https://www.aviasales.com/search/PDX0309YXX1?marker=741311
352,241,USD,JFK,KRK,"Krakow, Poland",PL,2026-10-09,1,https://www.aviasales.com/search/JFK0910KRK1?marker=741311
353,241,USD,JFK,DUJ,"Du Bois, United States",US,2026-09-01,2,https://www.aviasales.com/search/JFK0109DUJ1?marker=741311
354,243,USD,ORD,PAH,"Paducah, United States",US,2026-09-06,0,https://www.aviasales.com/search/ORD0609PAH1?marker=741311
355,243,USD,IAD,ORH,"Worcester, United States",US,2026-09-04,2,https://www.aviasales.com/search/IAD0409ORH1?marker=741311
356,243,USD,JFK,GDN,"Gdansk, Poland",PL,2026-10-19,1,https://www.aviasales.com/search/JFK1910GDN1?marker=741311
357,244,USD,MIA,CUR,"Curacao, Curaçao",CW,2026-09-05,1,https://www.aviasales.com/search/MIA0509CUR1?marker=741311
358,244,USD,BNA,CHO,"Charlottesville, United States",US,2026-09-02,1,https://www.aviasales.com/search/BNA0209CHO1?marker=741311
359,244,USD,SFO,TPE,"Taipei, Taiwan",TW,2026-09-24,1,https://www.aviasales.com/search/SFO2409TPE1?marker=741311
360,244,USD,MCO,HGR,"Hagerstown, United States",US,2026-08-31,1,https://www.aviasales.com/search/MCO3108HGR1?marker=741311
361,245,USD,DEN,TEX,"Telluride, United States",US,2026-08-31,0,https://www.aviasales.com/search/DEN3108TEX1?marker=741311
362,246,USD,BOS,OSL,"Oslo, Norway",NO,2026-10-31,1,https://www.aviasales.com/search/BOS3110OSL1?marker=741311
363,246,USD,MSP,BFF,"Scottsbluff, United States",US,2026-08-31,1,https://www.aviasales.com/search/MSP3108BFF1?marker=741311
364,247,USD,ORD,FLO,"Florence, United States",US,2026-09-03,1,https://www.aviasales.com/search/ORD0309FLO1?marker=741311
365,248,USD,JFK,EDI,"Edinburgh, United Kingdom",GB,2026-10-05,1,https://www.aviasales.com/search/JFK0510EDI1?marker=741311
366,248,USD,JFK,KSC,"Kosice, Slovakia",SK,2026-09-27,1,https://www.aviasales.com/search/JFK2709KSC1?marker=741311
367,250,USD,ORD,TOL,"Toledo, United States",US,2026-08-31,1,https://www.aviasales.com/search/ORD3108TOL1?marker=741311
368,251,USD,ORD,MBS,"Saginaw, United States",US,2026-09-06,0,https://www.aviasales.com/search/ORD0609MBS1?marker=741311
369,253,USD,JFK,AYT,"Antalya, Turkiye",TR,2026-10-18,2,https://www.aviasales.com/search/JFK1810AYT1?marker=741311
370,253,USD,IAD,RAP,"Rapid City, United States",US,2026-09-02,1,https://www.aviasales.com/search/IAD0209RAP1?marker=741311
371,253,USD,PHL,EWN,"New Bern, United States",US,2026-08-31,1,https://www.aviasales.com/search/PHL3108EWN1?marker=741311
372,253,USD,MCO,SMR,"Santa Marta, Colombia",CO,2027-01-16,1,https://www.aviasales.com/search/MCO1601SMR1?marker=741311
373,253,USD,LAX,GJT,"Grand Junction, United States",US,2026-09-03,0,https://www.aviasales.com/search/LAX0309GJT1?marker=741311
374,253,USD,SLC,MSO,"Missoula, United States",US,2026-09-06,1,https://www.aviasales.com/search/SLC0609MSO1?marker=741311
375,254,USD,JFK,BEG,"Belgrade, Serbia",RS,2026-10-19,3,https://www.aviasales.com/search/JFK1910BEG1?marker=741311
376,254,USD,MCO,PSE,"Ponce, Puerto Rico",PR,2026-08-28,0,https://www.aviasales.com/search/MCO2808PSE1?marker=741311
377,255,USD,RDU,MUC,"Munich, Germany",DE,2026-10-23,1,https://www.aviasales.com/search/RDU2310MUC1?marker=741311
378,255,USD,JFK,MBL,"Manistee, United States",US,2026-09-01,1,https://www.aviasales.com/search/JFK0109MBL1?marker=741311
379,256,USD,JFK,FRS,"Flores, Guatemala",GT,2026-10-03,1,https://www.aviasales.com/search/JFK0310FRS1?marker=741311
380,257,USD,MIA,BUE,"Buenos Aires, Argentina",AR,2026-09-04,1,https://www.aviasales.com/search/MIA0409BUE1?marker=741311
381,259,USD,JFK,AUG,"Augusta, United States",US,2026-09-01,1,https://www.aviasales.com/search/JFK0109AUG1?marker=741311
382,259,USD,MCO,PBG,"Plattsburgh, United States",US,2026-09-05,1,https://www.aviasales.com/search/MCO0509PBG1?marker=741311
383,260,USD,JFK,PMI,"Palma, Spain",ES,2026-09-21,1,https://www.aviasales.com/search/JFK2109PMI1?marker=741311
384,261,USD,JFK,OLB,"Olbia, Italy",IT,2026-10-13,1,https://www.aviasales.com/search/JFK1310OLB1?marker=741311
385,262,USD,MIA,BHZ,"Belo Horizonte, Brazil",BR,2026-09-22,1,https://www.aviasales.com/search/MIA2209BHZ1?marker=741311
386,262,USD,JFK,BUD,"Budapest, Hungary",HU,2026-09-29,1,https://www.aviasales.com/search/JFK2909BUD1?marker=741311
387,262,USD,ORD,NVA,"Neiva, Colombia",CO,2026-11-18,2,https://www.aviasales.com/search/ORD1811NVA1?marker=741311
388,263,USD,JFK,VIE,"Vienna, Austria",AT,2026-09-29,1,https://www.aviasales.com/search/JFK2909VIE1?marker=741311
389,264,USD,JFK,TLL,"Tallinn, Estonia",EE,2026-10-03,1,https://www.aviasales.com/search/JFK0310TLL1?marker=741311
390,264,USD,IAD,HKG,"Hong Kong, Hong Kong",HK,2026-10-23,1,https://www.aviasales.com/search/IAD2310HKG1?marker=741311
391,264,USD,JFK,KUT,"Kutaisi, Georgia",GE,2026-10-15,1,https://www.aviasales.com/search/JFK1510KUT1?marker=741311
392,264,USD,JFK,ILG,"Wilmington, United States",US,2026-09-02,2,https://www.aviasales.com/search/JFK0209ILG1?marker=741311
393,265,USD,JFK,LIS,"Lisbon, Portugal",PT,2026-10-16,1,https://www.aviasales.com/search/JFK1610LIS1?marker=741311
394,265,USD,JFK,TGD,"Podgorica, Montenegro",ME,2026-10-03,1,https://www.aviasales.com/search/JFK0310TGD1?marker=741311
395,267,USD,JFK,SLK,"Saranac Lake, United States",US,2026-09-01,0,https://www.aviasales.com/search/JFK0109SLK1?marker=741311
396,269,USD,MCO,RIO,"Rio de Janeiro, Brazil",BR,2026-11-20,1,https://www.aviasales.com/search/MCO2011RIO1?marker=741311
397,269,USD,JFK,AMS,"Amsterdam, Netherlands",NL,2026-10-19,2,https://www.aviasales.com/search/JFK1910AMS1?marker=741311
398,269,USD,SFO,GVA,"Geneva, Switzerland",CH,2026-09-22,2,https://www.aviasales.com/search/SFO2209GVA1?marker=741311
399,270,USD,JFK,IST,"Istanbul, Turkiye",TR,2026-10-19,2,https://www.aviasales.com/search/JFK1910IST1?marker=741311
400,270,USD,BNA,ZAG,"Zagreb, Croatia",HR,2026-10-20,2,https://www.aviasales.com/search/BNA2010ZAG1?marker=741311
401,271,USD,IAD,ZRH,"Zurich, Switzerland",CH,2026-10-19,1,https://www.aviasales.com/search/IAD1910ZRH1?marker=741311
402,272,USD,MIA,SCL,"Santiago, Chile",CL,2026-11-04,1,https://www.aviasales.com/search/MIA0411SCL1?marker=741311
403,272,USD,JFK,NCE,"Nice, France",FR,2026-09-11,1,https://www.aviasales.com/search/JFK1109NCE1?marker=741311
404,272,USD,SEA,SHA,"Shanghai, China",CN,2026-10-29,1,https://www.aviasales.com/search/SEA2910SHA1?marker=741311
405,272,USD,LAX,MAM,"Matamoros, Mexico",MX,2026-09-06,2,https://www.aviasales.com/search/LAX0609MAM1?marker=741311
406,273,USD,JFK,MEC,"Manta, Ecuador",EC,2026-09-23,2,https://www.aviasales.com/search/JFK2309MEC1?marker=741311
407,274,USD,JFK,VNO,"Vilnius, Lithuania",LT,2026-10-03,1,https://www.aviasales.com/search/JFK0310VNO1?marker=741311
408,274,USD,MSP,SSM,"Sault Ste. Marie, United States",US,2026-09-02,1,https://www.aviasales.com/search/MSP0209SSM1?marker=741311
409,276,USD,DCA,HGH,"Hangzhou, China",CN,2026-10-26,2,https://www.aviasales.com/search/DCA2610HGH1?marker=741311
410,276,USD,DFW,WYS,"West Yellowstone, United States",US,2026-09-29,1,https://www.aviasales.com/search/DFW2909WYS1?marker=741311
411,277,USD,MCO,BRU,"Brussels, Belgium",BE,2026-10-01,1,https://www.aviasales.com/search/MCO0110BRU1?marker=741311
412,278,USD,ORD,NAP,"Naples, Italy",IT,2026-10-06,1,https://www.aviasales.com/search/ORD0610NAP1?marker=741311
413,278,USD,SLC,FOC,"Fuzhou, China",CN,2026-09-15,2,https://www.aviasales.com/search/SLC1509FOC1?marker=741311
414,278,USD,ORD,YKF,"Kitchener, Canada",CA,2026-09-01,1,https://www.aviasales.com/search/ORD0109YKF1?marker=741311
415,278,USD,LAS,JNU,"Juneau, United States",US,2026-09-12,3,https://www.aviasales.com/search/LAS1209JNU1?marker=741311
416,279,USD,MIA,MDZ,"Mendoza, Argentina",AR,2026-09-11,1,https://www.aviasales.com/search/MIA1109MDZ1?marker=741311
417,279,USD,IAH,RMO,"Chisinau, Moldova",MD,2026-10-24,2,https://www.aviasales.com/search/IAH2410RMO1?marker=741311
418,279,USD,JFK,SOF,"Sofia, Bulgaria",BG,2026-10-06,1,https://www.aviasales.com/search/JFK0610SOF1?marker=741311
419,279,USD,JFK,TIV,"Tivat, Montenegro",ME,2026-10-15,2,https://www.aviasales.com/search/JFK1510TIV1?marker=741311
420,280,USD,DTW,TIA,"Tirana, Albania",AL,2026-12-30,2,https://www.aviasales.com/search/DTW3012TIA1?marker=741311
421,280,USD,JFK,TBS,"Tbilisi, Georgia",GE,2026-10-16,1,https://www.aviasales.com/search/JFK1610TBS1?marker=741311
422,280,USD,SAN,MAF,"Midland, United States",US,2026-08-28,2,https://www.aviasales.com/search/SAN2808MAF1?marker=741311
423,281,USD,JFK,ALC,"Alicante, Spain",ES,2026-09-08,1,https://www.aviasales.com/search/JFK0809ALC1?marker=741311
424,281,USD,ORD,DGO,"Durango, Mexico",MX,2026-08-29,2,https://www.aviasales.com/search/ORD2908DGO1?marker=741311
425,281,USD,BNA,EWB,"New Bedford, United States",US,2026-09-06,2,https://www.aviasales.com/search/BNA0609EWB1?marker=741311
426,284,USD,JFK,RIX,"Riga, Latvia",LV,2026-10-12,1,https://www.aviasales.com/search/JFK1210RIX1?marker=741311
427,284,USD,JFK,RAK,"Marrakech, Morocco",MA,2026-09-12,1,https://www.aviasales.com/search/JFK1209RAK1?marker=741311
428,285,USD,MIA,MGA,"Managua, Nicaragua",NI,2026-11-28,1,https://www.aviasales.com/search/MIA2811MGA1?marker=741311
429,285,USD,FLL,ELH,"North Eleuthera, Bahamas",BS,2026-10-22,2,https://www.aviasales.com/search/FLL2210ELH1?marker=741311
430,286,USD,JFK,IRK,"Kirksville, United States",US,2026-08-31,1,https://www.aviasales.com/search/JFK3108IRK1?marker=741311
431,286,USD,JFK,BOD,"Bordeaux, France",FR,2026-09-24,1,https://www.aviasales.com/search/JFK2409BOD1?marker=741311
432,287,USD,JFK,OPO,"Porto, Portugal",PT,2026-09-20,2,https://www.aviasales.com/search/JFK2009OPO1?marker=741311
433,288,USD,JFK,DOM,"Dominica, Dominica",DM,2026-09-23,2,https://www.aviasales.com/search/JFK2309DOM1?marker=741311
434,288,USD,LAX,SEL,"Seoul, South Korea",KR,2026-12-25,0,https://www.aviasales.com/search/LAX2512SEL1?marker=741311
435,288,USD,IAD,JED,"Jeddah, Saudi Arabia",SA,2026-11-15,1,https://www.aviasales.com/search/IAD1511JED1?marker=741311
436,289,USD,JFK,DXB,"Dubai, United Arab Emirates",AE,2026-12-01,1,https://www.aviasales.com/search/JFK0112DXB1?marker=741311
437,290,USD,JFK,ISB,"Islamabad, Pakistan",PK,2026-09-24,1,https://www.aviasales.com/search/JFK2409ISB1?marker=741311
438,291,USD,JFK,BAK,"Baku, Azerbaijan",AZ,2026-10-24,1,https://www.aviasales.com/search/JFK2410BAK1?marker=741311
439,291,USD,JFK,VLC,"Valencia, Spain",ES,2026-09-27,2,https://www.aviasales.com/search/JFK2709VLC1?marker=741311
440,291,USD,LAS,CLO,"Cali, Colombia",CO,2026-08-28,2,https://www.aviasales.com/search/LAS2808CLO1?marker=741311
441,292,USD,FLL,HTS,"Huntington, United States",US,2026-09-04,1,https://www.aviasales.com/search/FLL0409HTS1?marker=741311
442,292,USD,PHX,CVM,"Ciudad Victoria, Mexico",MX,2026-09-01,2,https://www.aviasales.com/search/PHX0109CVM1?marker=741311
443,293,USD,LAS,PDT,"Pendleton, United States",US,2026-08-31,2,https://www.aviasales.com/search/LAS3108PDT1?marker=741311
444,293,USD,MSP,RHI,"Rhinelander, United States",US,2026-08-28,1,https://www.aviasales.com/search/MSP2808RHI1?marker=741311
445,294,USD,MIA,MLB,"Melbourne, United States",US,2026-09-01,3,https://www.aviasales.com/search/MIA0109MLB1?marker=741311
446,296,USD,ATL,UBS,"Columbus, United States",US,2026-09-05,2,https://www.aviasales.com/search/ATL0509UBS1?marker=741311
447,296,USD,PHL,DUS,"Dusseldorf, Germany",DE,2026-10-19,2,https://www.aviasales.com/search/PHL1910DUS1?marker=741311
448,296,USD,JFK,SRZ,"Santa Cruz, Bolivia",BO,2026-10-21,1,https://www.aviasales.com/search/JFK2110SRZ1?marker=741311
449,297,USD,JFK,SSH,"Sharm el Sheikh, Egypt",EG,2026-09-14,1,https://www.aviasales.com/search/JFK1409SSH1?marker=741311
450,297,USD,LAX,HAM,"Hamburg, Germany",DE,2026-10-23,1,https://www.aviasales.com/search/LAX2310HAM1?marker=741311
451,297,USD,DEN,PIR,"Pierre, United States",US,2026-09-04,0,https://www.aviasales.com/search/DEN0409PIR1?marker=741311
452,298,USD,DFW,JBR,"Jonesboro, United States",US,2026-09-02,2,https://www.aviasales.com/search/DFW0209JBR1?marker=741311
453,298,USD,JFK,POZ,"Poznan, Poland",PL,2026-09-14,2,https://www.aviasales.com/search/JFK1409POZ1?marker=741311
454,299,USD,SEA,STO,"Stockholm, Sweden",SE,2027-01-03,1,https://www.aviasales.com/search/SEA0301STO1?marker=741311
455,300,USD,PHL,PKB,"Parkersburg, United States",US,2026-09-03,1,https://www.aviasales.com/search/PHL0309PKB1?marker=741311
456,300,USD,JFK,GPT,"Gulfport, United States",US,2026-09-01,1,https://www.aviasales.com/search/JFK0109GPT1?marker=741311
457,300,USD,DTW,AIA,"Alliance, United States",US,2026-09-01,2,https://www.aviasales.com/search/DTW0109AIA1?marker=741311
458,301,USD,ATL,FAY,"Fayetteville, United States",US,2026-09-02,2,https://www.aviasales.com/search/ATL0209FAY1?marker=741311
459,301,USD,IAH,CME,"Ciudad Del Carmen, Mexico",MX,2026-08-31,1,https://www.aviasales.com/search/IAH3108CME1?marker=741311
460,303,USD,IAH,SGN,"Ho Chi Minh City, Vietnam",VN,2027-02-16,2,https://www.aviasales.com/search/IAH1602SGN1?marker=741311
461,303,USD,BOS,MRS,"Marseille, France",FR,2026-10-16,2,https://www.aviasales.com/search/BOS1610MRS1?marker=741311
462,304,USD,JFK,DEL,"New Delhi, India",IN,2026-09-11,1,https://www.aviasales.com/search/JFK1109DEL1?marker=741311
463,304,USD,SLC,BTM,"Butte, United States",US,2026-09-03,1,https://www.aviasales.com/search/SLC0309BTM1?marker=741311
464,304,USD,IAH,SLN,"Salina, United States",US,2026-08-31,0,https://www.aviasales.com/search/IAH3108SLN1?marker=741311
465,304,USD,SLC,TWF,"Twin Falls, United States",US,2026-09-06,1,https://www.aviasales.com/search/SLC0609TWF1?marker=741311
466,305,USD,ORD,EAR,"Kearney, United States",US,2026-12-21,0,https://www.aviasales.com/search/ORD2112EAR1?marker=741311
467,306,USD,SAN,CNM,"Carlsbad, United States",US,2026-09-01,3,https://www.aviasales.com/search/SAN0109CNM1?marker=741311
468,306,USD,BOS,GLA,"Glasgow, United Kingdom",GB,2026-11-24,1,https://www.aviasales.com/search/BOS2411GLA1?marker=741311
469,307,USD,LAX,BIH,"Bishop, United States",US,2026-09-10,1,https://www.aviasales.com/search/LAX1009BIH1?marker=741311
470,307,USD,LAX,CVN,"Clovis, United States",US,2026-09-05,1,https://www.aviasales.com/search/LAX0509CVN1?marker=741311
471,310,USD,MIA,BUH,"Bucharest, Romania",RO,2026-11-13,2,https://www.aviasales.com/search/MIA1311BUH1?marker=741311
472,310,USD,LAX,SIN,"Singapore, Singapore",SG,2026-10-26,1,https://www.aviasales.com/search/LAX2610SIN1?marker=741311
473,310,USD,JFK,POA,"Porto Alegre, Brazil",BR,2026-09-25,2,https://www.aviasales.com/search/JFK2509POA1?marker=741311
474,311,USD,SFO,MAN,"Manchester, United Kingdom",GB,2026-09-21,2,https://www.aviasales.com/search/SFO2109MAN1?marker=741311
475,311,USD,JFK,AXM,"Armenia, Colombia",CO,2026-11-25,3,https://www.aviasales.com/search/JFK2511AXM1?marker=741311
476,312,USD,IAD,SNN,"Shannon, Ireland",IE,2026-10-24,2,https://www.aviasales.com/search/IAD2410SNN1?marker=741311
477,316,USD,FLL,AGP,"Malaga, Spain",ES,2026-09-19,2,https://www.aviasales.com/search/FLL1909AGP1?marker=741311
478,316,USD,JFK,BHX,"Birmingham, United Kingdom",GB,2026-09-06,2,https://www.aviasales.com/search/JFK0609BHX1?marker=741311
479,316,USD,LAS,LRM,"La Romana, Dominican Republic",DO,2026-11-01,2,https://www.aviasales.com/search/LAS0111LRM1?marker=741311
480,317,USD,JFK,MLA,"Malta, Malta",MT,2026-11-28,2,https://www.aviasales.com/search/JFK2811MLA1?marker=741311
481,320,USD,BNA,ZLO,"Manzanillo, Mexico",MX,2026-09-06,3,https://www.aviasales.com/search/BNA0609ZLO1?marker=741311
482,321,USD,LAX,TYO,"Tokyo, Japan",JP,2026-12-03,0,https://www.aviasales.com/search/LAX0312TYO1?marker=741311
483,321,USD,JFK,REK,"Reykjavik, Iceland",IS,2026-10-01,0,https://www.aviasales.com/search/JFK0110REK1?marker=741311
484,321,USD,JFK,DAY,"Dayton, United States",US,2026-10-10,1,https://www.aviasales.com/search/JFK1010DAY1?marker=741311
485,322,USD,JFK,REU,"Reus, Spain",ES,2026-09-27,1,https://www.aviasales.com/search/JFK2709REU1?marker=741311
486,322,USD,JFK,ANK,"Ankara, Turkiye",TR,2026-09-29,2,https://www.aviasales.com/search/JFK2909ANK1?marker=741311
487,322,USD,JFK,PSR,"Pescara, Italy",IT,2026-09-07,2,https://www.aviasales.com/search/JFK0709PSR1?marker=741311
488,324,USD,PHL,ACA,"Acapulco, Mexico",MX,2026-11-20,2,https://www.aviasales.com/search/PHL2011ACA1?marker=741311
489,325,USD,BOS,ART,"Watertown, United States",US,2026-09-06,2,https://www.aviasales.com/search/BOS0609ART1?marker=741311
490,325,USD,JFK,LAL,"Lakeland, United States",US,2026-10-01,2,https://www.aviasales.com/search/JFK0110LAL1?marker=741311
491,326,USD,FLL,LAF,"Lafayette, United States",US,2026-09-01,1,https://www.aviasales.com/search/FLL0109LAF1?marker=741311
492,328,USD,JFK,BSZ,"Bishkek, Kyrgyzstan",KG,2026-10-19,2,https://www.aviasales.com/search/JFK1910BSZ1?marker=741311
493,329,USD,LAX,CTU,"Chengdu, China",CN,2026-08-31,1,https://www.aviasales.com/search/LAX3108CTU1?marker=741311
494,331,USD,LAX,BPT,"Beaumont, United States",US,2026-09-01,1,https://www.aviasales.com/search/LAX0109BPT1?marker=741311
495,332,USD,JFK,CTA,"Catania, Italy",IT,2026-09-13,1,https://www.aviasales.com/search/JFK1309CTA1?marker=741311
496,334,USD,JFK,CAI,"Cairo, Egypt",EG,2026-09-29,1,https://www.aviasales.com/search/JFK2909CAI1?marker=741311
497,334,USD,ATL,CUC,"Cucuta, Colombia",CO,2026-12-14,3,https://www.aviasales.com/search/ATL1412CUC1?marker=741311
498,334,USD,JFK,PMO,"Palermo, Italy",IT,2026-09-13,1,https://www.aviasales.com/search/JFK1309PMO1?marker=741311
499,335,USD,JFK,ZIH,"Ixtapa, Mexico",MX,2026-08-31,2,https://www.aviasales.com/search/JFK3108ZIH1?marker=741311
500,335,USD,SEA,YCD,"Nanaimo, Canada",CA,2026-08-31,3,https://www.aviasales.com/search/SEA3108YCD1?marker=741311
501,336,USD,MIA,GND,"St. George's, Grenada",GD,2026-09-21,3,https://www.aviasales.com/search/MIA2109GND1?marker=741311
502,336,USD,BOS,ADD,"Addis Ababa, Ethiopia",ET,2026-08-28,1,https://www.aviasales.com/search/BOS2808ADD1?marker=741311
503,336,USD,TPA,AOO,"Altoona, United States",US,2026-08-31,2,https://www.aviasales.com/search/TPA3108AOO1?marker=741311
504,336,USD,LAX,NCL,"Newcastle, United Kingdom",GB,2026-12-01,1,https://www.aviasales.com/search/LAX0112NCL1?marker=741311
505,337,USD,JFK,BOM,"Mumbai, India",IN,2026-09-15,1,https://www.aviasales.com/search/JFK1509BOM1?marker=741311
506,338,USD,JFK,LED,"Saint Petersburg, Russia",RU,2026-10-14,2,https://www.aviasales.com/search/JFK1410LED1?marker=741311
507,338,USD,DTW,FLR,"Florence, Italy",IT,2026-10-11,2,https://www.aviasales.com/search/DTW1110FLR1?marker=741311
508,338,USD,JFK,ALG,"Algiers, Algeria",DZ,2026-09-11,2,https://www.aviasales.com/search/JFK1109ALG1?marker=741311
509,339,USD,DFW,NBO,"Nairobi, Kenya",KE,2027-01-15,2,https://www.aviasales.com/search/DFW1501NBO1?marker=741311
510,339,USD,SEA,GDV,"Glendive, United States",US,2026-09-01,2,https://www.aviasales.com/search/SEA0109GDV1?marker=741311
511,340,USD,IAD,NTE,"Nantes, France",FR,2026-11-05,3,https://www.aviasales.com/search/IAD0511NTE1?marker=741311
512,340,USD,MSP,SUX,"Sioux City, United States",US,2026-09-04,1,https://www.aviasales.com/search/MSP0409SUX1?marker=741311
513,340,USD,MCO,PVH,"Porto Velho, Brazil",BR,2026-08-31,2,https://www.aviasales.com/search/MCO3108PVH1?marker=741311
514,343,USD,MIA,FLN,"Florianopolis, Brazil",BR,2026-09-30,2,https://www.aviasales.com/search/MIA3009FLN1?marker=741311
515,343,USD,JFK,HEL,"Helsinki, Finland",FI,2026-09-19,1,https://www.aviasales.com/search/JFK1909HEL1?marker=741311
516,343,USD,DEN,CGI,"Cape Girardeau, United States",US,2026-09-02,1,https://www.aviasales.com/search/DEN0209CGI1?marker=741311
517,344,USD,JFK,LPA,"Las Palmas, Spain",ES,2026-09-11,1,https://www.aviasales.com/search/JFK1109LPA1?marker=741311
518,345,USD,RDU,HHH,"Hilton Head, United States",US,2026-09-04,1,https://www.aviasales.com/search/RDU0409HHH1?marker=741311
519,346,USD,JFK,OGL,"Georgetown, Guyana",GY,2026-09-19,1,https://www.aviasales.com/search/JFK1909OGL1?marker=741311
520,347,USD,JFK,CMN,"Casablanca, Morocco",MA,2026-09-21,1,https://www.aviasales.com/search/JFK2109CMN1?marker=741311
521,347,USD,IAD,VRN,"Verona, Italy",IT,2026-10-16,3,https://www.aviasales.com/search/IAD1610VRN1?marker=741311
522,347,USD,SEA,YKA,"Kamloops, Canada",CA,2026-09-02,2,https://www.aviasales.com/search/SEA0209YKA1?marker=741311
523,348,USD,JFK,TUN,"Tunis, Tunisia",TN,2026-09-26,1,https://www.aviasales.com/search/JFK2609TUN1?marker=741311
524,348,USD,BOS,PDL,"Ponta Delgada, Portugal",PT,2026-09-07,1,https://www.aviasales.com/search/BOS0709PDL1?marker=741311
525,348,USD,LAS,WRO,"Wroclaw, Poland",PL,2026-09-29,3,https://www.aviasales.com/search/LAS2909WRO1?marker=741311
526,349,USD,JFK,FNC,"Funchal, Portugal",PT,2026-09-07,1,https://www.aviasales.com/search/JFK0709FNC1?marker=741311
527,350,USD,MIA,FOR,"Fortaleza, Brazil",BR,2026-10-05,2,https://www.aviasales.com/search/MIA0510FOR1?marker=741311
528,350,USD,ORD,DPS,"Denpasar (Bali), Indonesia",ID,2026-09-07,1,https://www.aviasales.com/search/ORD0709DPS1?marker=741311
529,350,USD,JFK,BSB,"Brasilia, Brazil",BR,2026-10-24,2,https://www.aviasales.com/search/JFK2410BSB1?marker=741311
530,351,USD,LAX,LPB,"La Paz, Bolivia",BO,2026-09-13,2,https://www.aviasales.com/search/LAX1309LPB1?marker=741311
531,351,USD,MCO,PHF,"Newport News, United States",US,2026-09-05,1,https://www.aviasales.com/search/MCO0509PHF1?marker=741311
532,351,USD,BOS,GRO,"Girona, Spain",ES,2026-10-28,2,https://www.aviasales.com/search/BOS2810GRO1?marker=741311
533,352,USD,ATL,MGM,"Montgomery, United States",US,2026-09-05,2,https://www.aviasales.com/search/ATL0509MGM1?marker=741311
534,352,USD,PHL,KTW,"Katowice, Poland",PL,2026-10-10,2,https://www.aviasales.com/search/PHL1010KTW1?marker=741311
535,353,USD,BOS,LYS,"Lyon, France",FR,2026-10-16,1,https://www.aviasales.com/search/BOS1610LYS1?marker=741311
536,353,USD,JFK,RUH,"Riyadh, Saudi Arabia",SA,2026-09-13,1,https://www.aviasales.com/search/JFK1309RUH1?marker=741311
537,354,USD,BOS,SCV,"Suceava, Romania",RO,2026-09-14,3,https://www.aviasales.com/search/BOS1409SCV1?marker=741311
538,354,USD,LAS,AGU,"Aguascalientes, Mexico",MX,2026-08-28,1,https://www.aviasales.com/search/LAS2808AGU1?marker=741311
539,356,USD,SEA,DLM,"Dalaman, Turkiye",TR,2026-09-27,3,https://www.aviasales.com/search/SEA2709DLM1?marker=741311
540,356,USD,MCO,CWB,"Curitiba, Brazil",BR,2026-09-15,2,https://www.aviasales.com/search/MCO1509CWB1?marker=741311
541,357,USD,JFK,TCI,"Tenerife, Spain",ES,2026-10-25,1,https://www.aviasales.com/search/JFK2510TCI1?marker=741311
542,358,USD,IAD,SKG,"Thessaloniki, Greece",GR,2026-09-23,2,https://www.aviasales.com/search/IAD2309SKG1?marker=741311
543,360,USD,MCO,CCS,"Caracas, Venezuela",VE,2026-09-01,2,https://www.aviasales.com/search/MCO0109CCS1?marker=741311
544,360,USD,TPA,NVT,"Navegantes, Brazil",BR,2026-10-25,2,https://www.aviasales.com/search/TPA2510NVT1?marker=741311
545,360,USD,LAX,BJS,"Beijing, China",CN,2026-11-10,1,https://www.aviasales.com/search/LAX1011BJS1?marker=741311
546,361,USD,JFK,ALA,"Almaty, Kazakhstan",KZ,2026-10-18,2,https://www.aviasales.com/search/JFK1810ALA1?marker=741311
547,365,USD,LAX,JKT,"Jakarta, Indonesia",ID,2026-09-14,1,https://www.aviasales.com/search/LAX1409JKT1?marker=741311
548,366,USD,DFW,LBL,"Liberal, United States",US,2026-09-01,1,https://www.aviasales.com/search/DFW0109LBL1?marker=741311
549,366,USD,BOS,YSJ,"Saint John, Canada",CA,2026-09-03,1,https://www.aviasales.com/search/BOS0309YSJ1?marker=741311
550,366,USD,JFK,PJM,"Puerto Jimenez, Costa Rica",CR,2026-09-03,1,https://www.aviasales.com/search/JFK0309PJM1?marker=741311
551,368,USD,PDX,BLL,"Billund, Denmark",DK,2026-09-28,1,https://www.aviasales.com/search/PDX2809BLL1?marker=741311
552,369,USD,MIA,SLA,"Salta, Argentina",AR,2027-01-03,1,https://www.aviasales.com/search/MIA0301SLA1?marker=741311
553,369,USD,JFK,BTS,"Bratislava, Slovakia",SK,2026-09-27,2,https://www.aviasales.com/search/JFK2709BTS1?marker=741311
554,369,USD,IAH,CPX,"Culebra, Puerto Rico",PR,2026-10-20,2,https://www.aviasales.com/search/IAH2010CPX1?marker=741311
555,370,USD,MIA,VRA,"Varadero, Cuba",CU,2026-11-02,0,https://www.aviasales.com/search/MIA0211VRA1?marker=741311
556,371,USD,MSP,DIK,"Dickinson, United States",US,2026-09-05,1,https://www.aviasales.com/search/MSP0509DIK1?marker=741311
557,371,USD,JFK,JTR,"Thira, Greece",GR,2026-09-27,1,https://www.aviasales.com/search/JFK2709JTR1?marker=741311
558,371,USD,LAX,AKL,"Auckland, New Zealand",NZ,2027-02-02,1,https://www.aviasales.com/search/LAX0202AKL1?marker=741311
559,372,USD,BOS,SHJ,"Sharjah, United Arab Emirates",AE,2026-09-10,2,https://www.aviasales.com/search/BOS1009SHJ1?marker=741311
560,373,USD,ORD,HKT,"Phuket, Thailand",TH,2026-09-10,1,https://www.aviasales.com/search/ORD1009HKT1?marker=741311
561,374,USD,SEA,STR,"Stuttgart, Germany",DE,2026-10-21,3,https://www.aviasales.com/search/SEA2110STR1?marker=741311
562,374,USD,LAX,ABI,"Abilene, United States",US,2026-09-05,1,https://www.aviasales.com/search/LAX0509ABI1?marker=741311
563,374,USD,MSP,MXL,"Mexicali, Mexico",MX,2027-01-04,3,https://www.aviasales.com/search/MSP0401MXL1?marker=741311
564,377,USD,MIA,LCG,"La Coruna, Spain",ES,2026-10-28,1,https://www.aviasales.com/search/MIA2810LCG1?marker=741311
565,377,USD,JFK,BFS,"Belfast, United Kingdom",GB,2026-09-01,2,https://www.aviasales.com/search/JFK0109BFS1?marker=741311
566,378,USD,SLC,CZM,"Cozumel, Mexico",MX,2026-09-02,2,https://www.aviasales.com/search/SLC0209CZM1?marker=741311
567,379,USD,LAX,LTO,"Loreto, Mexico",MX,2026-08-31,2,https://www.aviasales.com/search/LAX3108LTO1?marker=741311
568,380,USD,JFK,BGO,"Bergen, Norway",NO,2026-08-28,2,https://www.aviasales.com/search/JFK2808BGO1?marker=741311
569,380,USD,BNA,PXM,"Puerto Escondido, Mexico",MX,2026-09-02,3,https://www.aviasales.com/search/BNA0209PXM1?marker=741311
570,381,USD,IAD,MAA,"Chennai, India",IN,2026-09-21,1,https://www.aviasales.com/search/IAD2109MAA1?marker=741311
571,381,USD,LAX,KUL,"Kuala Lumpur, Malaysia",MY,2026-09-08,1,https://www.aviasales.com/search/LAX0809KUL1?marker=741311
572,382,USD,MIA,RAI,"Praia, Cape Verde",CV,2026-11-03,2,https://www.aviasales.com/search/MIA0311RAI1?marker=741311
573,382,USD,BOS,BLQ,"Bologna, Italy",IT,2026-10-30,3,https://www.aviasales.com/search/BOS3010BLQ1?marker=741311
574,383,USD,MIA,GDT,"Grand Turk, Turks and Caicos Islands",TC,2026-11-17,2,https://www.aviasales.com/search/MIA1711GDT1?marker=741311
575,383,USD,JFK,MOW,"Moscow, Russia",RU,2026-10-20,2,https://www.aviasales.com/search/JFK2010MOW1?marker=741311
576,383,USD,LAX,ORK,"Cork, Ireland",IE,2026-12-10,2,https://www.aviasales.com/search/LAX1012ORK1?marker=741311
577,384,USD,MCO,PFO,"Paphos, Cyprus",CY,2026-09-18,2,https://www.aviasales.com/search/MCO1809PFO1?marker=741311
578,385,USD,ORD,LET,"Leticia, Colombia",CO,2026-09-26,3,https://www.aviasales.com/search/ORD2609LET1?marker=741311
579,386,USD,LAX,CEC,"Crescent City, United States",US,2026-09-04,1,https://www.aviasales.com/search/LAX0409CEC1?marker=741311
580,387,USD,IAD,BAH,"Manama, Bahrain",BH,2026-09-01,1,https://www.aviasales.com/search/IAD0109BAH1?marker=741311
581,387,USD,ORD,SPU,"Split, Croatia",HR,2026-09-21,2,https://www.aviasales.com/search/ORD2109SPU1?marker=741311
582,387,USD,MSP,GTF,"Great Falls, United States",US,2026-09-06,2,https://www.aviasales.com/search/MSP0609GTF1?marker=741311
583,388,USD,MIA,MVD,"Montevideo, Uruguay",UY,2026-12-08,1,https://www.aviasales.com/search/MIA0812MVD1?marker=741311
584,388,USD,JFK,IBZ,"Ibiza, Spain",ES,2026-09-18,2,https://www.aviasales.com/search/JFK1809IBZ1?marker=741311
585,388,USD,DFW,TAP,"Tapachula, Mexico",MX,2026-12-17,1,https://www.aviasales.com/search/DFW1712TAP1?marker=741311
586,388,USD,SEA,PPG,"Pago Pago, American Samoa",AS,2026-10-22,1,https://www.aviasales.com/search/SEA2210PPG1?marker=741311
587,389,USD,JFK,OSS,"Osh, Kyrgyzstan",KG,2026-10-15,3,https://www.aviasales.com/search/JFK1510OSS1?marker=741311
588,389,USD,LAX,IQT,"Iquitos, Peru",PE,2026-10-20,3,https://www.aviasales.com/search/LAX2010IQT1?marker=741311
589,389,USD,SEA,HER,"Heraklion, Greece",GR,2026-08-31,3,https://www.aviasales.com/search/SEA3108HER1?marker=741311
590,390,USD,MIA,AXA,"Anguilla, Anguilla",AI,2026-10-14,0,https://www.aviasales.com/search/MIA1410AXA1?marker=741311
591,391,USD,MIA,BIO,"Bilbao, Spain",ES,2026-09-21,1,https://www.aviasales.com/search/MIA2109BIO1?marker=741311
592,391,USD,ATL,DOH,"Doha, Qatar",QA,2026-08-31,1,https://www.aviasales.com/search/ATL3108DOH1?marker=741311
593,391,USD,LAX,CAN,"Guangzhou, China",CN,2026-09-29,1,https://www.aviasales.com/search/LAX2909CAN1?marker=741311
594,391,USD,LAX,SYX,"Sanya, China",CN,2026-10-25,1,https://www.aviasales.com/search/LAX2510SYX1?marker=741311
595,391,USD,MSP,BIS,"Bismarck, United States",US,2026-09-03,1,https://www.aviasales.com/search/MSP0309BIS1?marker=741311
596,391,USD,LAX,SZX,"Shenzhen, China",CN,2026-11-10,1,https://www.aviasales.com/search/LAX1011SZX1?marker=741311
597,393,USD,JFK,KRR,"Krasnodar, Russia",RU,2026-10-21,2,https://www.aviasales.com/search/JFK2110KRR1?marker=741311
598,393,USD,SEA,BJV,"Bodrum, Turkiye",TR,2026-09-26,3,https://www.aviasales.com/search/SEA2609BJV1?marker=741311
599,393,USD,JFK,KWI,"Kuwait City, Kuwait",KW,2026-10-24,2,https://www.aviasales.com/search/JFK2410KWI1?marker=741311
600,393,USD,SLC,LUX,"Luxembourg, Luxembourg",LU,2026-10-07,2,https://www.aviasales.com/search/SLC0710LUX1?marker=741311
601,394,USD,PHL,GOT,"Gothenburg, Sweden",SE,2026-09-14,2,https://www.aviasales.com/search/PHL1409GOT1?marker=741311
602,394,USD,SEA,COD,"Cody, United States",US,2026-09-01,1,https://www.aviasales.com/search/SEA0109COD1?marker=741311
603,395,USD,MIA,FMM,"Memmingen, Germany",DE,2026-12-06,3,https://www.aviasales.com/search/MIA0612FMM1?marker=741311
604,395,USD,MIA,REC,"Recife, Brazil",BR,2026-12-04,2,https://www.aviasales.com/search/MIA0412REC1?marker=741311
605,395,USD,JFK,KUN,"Kaunas, Lithuania",LT,2026-09-02,2,https://www.aviasales.com/search/JFK0209KUN1?marker=741311
606,396,USD,RDU,SHD,"Staunton, United States",US,2026-08-31,2,https://www.aviasales.com/search/RDU3108SHD1?marker=741311
607,397,USD,JFK,PBM,"Paramaribo, Suriname",SR,2026-09-10,1,https://www.aviasales.com/search/JFK1009PBM1?marker=741311
608,398,USD,JFK,ALY,"Alexandria, Egypt",EG,2026-09-20,2,https://www.aviasales.com/search/JFK2009ALY1?marker=741311
609,398,USD,JFK,DAC,"Dhaka, Bangladesh",BD,2027-02-18,1,https://www.aviasales.com/search/JFK1802DAC1?marker=741311
610,400,USD,JFK,GUP,"Gallup, United States",US,2026-09-01,2,https://www.aviasales.com/search/JFK0109GUP1?marker=741311
611,400,USD,TPA,LAW,"Lawton, United States",US,2026-08-31,2,https://www.aviasales.com/search/TPA3108LAW1?marker=741311
612,401,USD,JFK,AUH,"Abu Dhabi, United Arab Emirates",AE,2026-11-08,3,https://www.aviasales.com/search/JFK0811AUH1?marker=741311
613,401,USD,PHX,YUM,"Yuma, United States",US,2026-09-01,0,https://www.aviasales.com/search/PHX0109YUM1?marker=741311
614,403,USD,SAN,HAN,"Hanoi, Vietnam",VN,2026-09-09,1,https://www.aviasales.com/search/SAN0909HAN1?marker=741311
615,404,USD,MIA,OCJ,"Ocho Rios, Jamaica",JM,2026-11-30,0,https://www.aviasales.com/search/MIA3011OCJ1?marker=741311
616,404,USD,BOS,EAP,"Basel, Switzerland",CH,2026-11-13,1,https://www.aviasales.com/search/BOS1311EAP1?marker=741311
617,405,USD,JFK,TZX,"Trabzon, Turkiye",TR,2026-08-30,3,https://www.aviasales.com/search/JFK3008TZX1?marker=741311
618,405,USD,JFK,MCT,"Muscat, Oman",OM,2026-08-28,1,https://www.aviasales.com/search/JFK2808MCT1?marker=741311
619,405,USD,LAX,LBA,"Leeds, United Kingdom",GB,2026-09-06,3,https://www.aviasales.com/search/LAX0609LBA1?marker=741311
620,406,USD,LAX,CNX,"Chiang Mai, Thailand",TH,2026-09-10,2,https://www.aviasales.com/search/LAX1009CNX1?marker=741311
621,407,USD,SFO,DAD,"Da Nang, Vietnam",VN,2026-10-01,1,https://www.aviasales.com/search/SFO0110DAD1?marker=741311
622,407,USD,IAH,KHI,"Karachi, Pakistan",PK,2026-09-16,2,https://www.aviasales.com/search/IAH1609KHI1?marker=741311
623,407,USD,JFK,PMF,"Parma, Italy",IT,2026-09-15,2,https://www.aviasales.com/search/JFK1509PMF1?marker=741311
624,408,USD,JFK,GUW,"Atyrau, Kazakhstan",KZ,2026-10-19,2,https://www.aviasales.com/search/JFK1910GUW1?marker=741311
625,408,USD,TPA,IZM,"Izmir, Turkiye",TR,2026-09-14,3,https://www.aviasales.com/search/TPA1409IZM1?marker=741311
626,409,USD,JFK,MOT,"Minot, United States",US,2026-09-01,3,https://www.aviasales.com/search/JFK0109MOT1?marker=741311
627,409,USD,IAH,MCW,"Mason City, United States",US,2026-09-02,1,https://www.aviasales.com/search/IAH0209MCW1?marker=741311
628,410,USD,LAX,TAO,"Qingdao, China",CN,2026-09-10,1,https://www.aviasales.com/search/LAX1009TAO1?marker=741311
629,411,USD,LAX,VAR,"Varna, Bulgaria",BG,2026-09-14,3,https://www.aviasales.com/search/LAX1409VAR1?marker=741311
630,411,USD,LAX,PNH,"Phnom Penh, Cambodia",KH,2026-09-24,1,https://www.aviasales.com/search/LAX2409PNH1?marker=741311
631,411,USD,TPA,NUE,"Nuremberg, Germany",DE,2026-11-02,3,https://www.aviasales.com/search/TPA0211NUE1?marker=741311
632,412,USD,BNA,MQT,"Marquette, United States",US,2026-09-03,2,https://www.aviasales.com/search/BNA0309MQT1?marker=741311
633,413,USD,SEA,OSA,"Osaka, Japan",JP,2026-11-07,1,https://www.aviasales.com/search/SEA0711OSA1?marker=741311
634,413,USD,ORD,SVG,"Stavanger, Norway",NO,2026-10-15,3,https://www.aviasales.com/search/ORD1510SVG1?marker=741311
635,413,USD,SEA,TRN,"Turin, Italy",IT,2026-09-07,2,https://www.aviasales.com/search/SEA0709TRN1?marker=741311
636,414,USD,PDX,YQM,"Moncton, Canada",CA,2026-09-03,3,https://www.aviasales.com/search/PDX0309YQM1?marker=741311
637,416,USD,JFK,HRG,"Hurghada, Egypt",EG,2026-09-15,2,https://www.aviasales.com/search/JFK1509HRG1?marker=741311
638,417,USD,IAD,COR,"Cordoba, Argentina",AR,2026-10-11,1,https://www.aviasales.com/search/IAD1110COR1?marker=741311
639,418,USD,JFK,NQZ,"Astana, Kazakhstan",KZ,2026-09-24,2,https://www.aviasales.com/search/JFK2409NQZ1?marker=741311
640,418,USD,JFK,MRV,"Mineralnye Vody, Russia",RU,2026-10-14,2,https://www.aviasales.com/search/JFK1410MRV1?marker=741311
641,418,USD,ORD,DVL,"Devils Lake, United States",US,2026-09-06,1,https://www.aviasales.com/search/ORD0609DVL1?marker=741311
642,418,USD,BOS,RMU,"Murcia, Spain",ES,2026-10-30,3,https://www.aviasales.com/search/BOS3010RMU1?marker=741311
643,418,USD,LAS,YXY,"Whitehorse, Canada",CA,2026-09-05,2,https://www.aviasales.com/search/LAS0509YXY1?marker=741311
644,419,USD,LAX,SJJ,"Sarajevo, Bosnia and Herzegovina",BA,2026-09-13,2,https://www.aviasales.com/search/LAX1309SJJ1?marker=741311
645,419,USD,LAX,CHC,"Christchurch, New Zealand",NZ,2026-09-10,2,https://www.aviasales.com/search/LAX1009CHC1?marker=741311
646,421,USD,LAX,ILE,"Killeen, United States",US,2026-09-05,2,https://www.aviasales.com/search/LAX0509ILE1?marker=741311
647,422,USD,JFK,CPT,"Cape Town, South Africa",ZA,2026-10-28,1,https://www.aviasales.com/search/JFK2810CPT1?marker=741311
648,422,USD,DCA,PLQ,"Palanga, Lithuania",LT,2026-09-05,2,https://www.aviasales.com/search/DCA0509PLQ1?marker=741311
649,422,USD,ORD,DBV,"Dubrovnik, Croatia",HR,2026-10-19,2,https://www.aviasales.com/search/ORD1910DBV1?marker=741311
650,423,USD,LAX,ASU,"Asuncion, Paraguay",PY,2026-09-05,1,https://www.aviasales.com/search/LAX0509ASU1?marker=741311
651,423,USD,DEN,BRS,"Bristol, United Kingdom",GB,2026-09-16,3,https://www.aviasales.com/search/DEN1609BRS1?marker=741311
652,424,USD,DFW,RTB,"Roatan, Honduras",HN,2027-02-10,1,https://www.aviasales.com/search/DFW1002RTB1?marker=741311
653,424,USD,IAD,CMB,"Colombo, Sri Lanka",LK,2026-09-07,1,https://www.aviasales.com/search/IAD0709CMB1?marker=741311
654,424,USD,LAX,HRB,"Harbin, China",CN,2026-09-27,1,https://www.aviasales.com/search/LAX2709HRB1?marker=741311
655,425,USD,JFK,NAG,"Nagpur, India",IN,2026-08-31,2,https://www.aviasales.com/search/JFK3108NAG1?marker=741311
656,425,USD,LAX,PLS,"Providenciales, Turks and Caicos Islands",TC,2026-09-29,3,https://www.aviasales.com/search/LAX2909PLS1?marker=741311
657,425,USD,PDX,YXC,"Cranbrook, Canada",CA,2026-09-06,2,https://www.aviasales.com/search/PDX0609YXC1?marker=741311
658,428,USD,LAX,LXR,"Luxor, Egypt",EG,2026-09-05,1,https://www.aviasales.com/search/LAX0509LXR1?marker=741311
659,429,USD,LAX,RIW,"Riverton, United States",US,2026-09-04,1,https://www.aviasales.com/search/LAX0409RIW1?marker=741311
660,430,USD,IAD,AEX,"Alexandria, United States",US,2026-09-04,2,https://www.aviasales.com/search/IAD0409AEX1?marker=741311
661,431,USD,LAX,BGW,"Baghdad, Iraq",IQ,2026-08-31,1,https://www.aviasales.com/search/LAX3108BGW1?marker=741311
662,433,USD,SFO,CEB,"Cebu City, Philippines",PH,2026-08-30,1,https://www.aviasales.com/search/SFO3008CEB1?marker=741311
663,433,USD,JFK,SXB,"Strasbourg, France",FR,2026-09-10,2,https://www.aviasales.com/search/JFK1009SXB1?marker=741311
664,433,USD,SEA,TGM,"Tirgu Mures, Romania",RO,2026-12-07,2,https://www.aviasales.com/search/SEA0712TGM1?marker=741311
665,434,USD,JFK,LHE,"Lahore, Pakistan",PK,2026-08-28,1,https://www.aviasales.com/search/JFK2808LHE1?marker=741311
666,434,USD,JFK,EBB,"Entebbe, Uganda",UG,2026-09-16,2,https://www.aviasales.com/search/JFK1609EBB1?marker=741311
667,436,USD,LAS,OTH,"North Bend, United States",US,2026-09-04,1,https://www.aviasales.com/search/LAS0409OTH1?marker=741311
668,438,USD,SEA,GZP,"Alanya, Turkiye",TR,2026-10-19,3,https://www.aviasales.com/search/SEA1910GZP1?marker=741311
669,440,USD,ORD,BLR,"Bengaluru, India",IN,2026-09-21,1,https://www.aviasales.com/search/ORD2109BLR1?marker=741311
670,441,USD,JFK,KZN,"Kazan, Russia",RU,2026-10-21,2,https://www.aviasales.com/search/JFK2110KZN1?marker=741311
671,441,USD,MSP,TYR,"Tyler, United States",US,2026-09-05,1,https://www.aviasales.com/search/MSP0509TYR1?marker=741311
672,442,USD,MIA,JPA,"Joao Pessoa, Brazil",BR,2026-09-02,1,https://www.aviasales.com/search/MIA0209JPA1?marker=741311
673,442,USD,JFK,MCX,"Makhachkala, Russia",RU,2026-09-02,2,https://www.aviasales.com/search/JFK0209MCX1?marker=741311
674,442,USD,JFK,CYS,"Cheyenne, United States",US,2026-08-31,1,https://www.aviasales.com/search/JFK3108CYS1?marker=741311
675,442,USD,IAH,TGU,"Tegucigalpa, Honduras",HN,2026-11-14,3,https://www.aviasales.com/search/IAH1411TGU1?marker=741311
676,443,USD,DEN,CWL,"Cardiff, United Kingdom",GB,2026-09-16,3,https://www.aviasales.com/search/DEN1609CWL1?marker=741311
677,445,USD,LAX,NHA,"Nha Trang, Vietnam",VN,2026-09-11,2,https://www.aviasales.com/search/LAX1109NHA1?marker=741311
678,447,USD,ATL,MAR,"Maracaibo, Venezuela",VE,2026-09-23,2,https://www.aviasales.com/search/ATL2309MAR1?marker=741311
679,447,USD,JFK,JAI,"Jaipur, India",IN,2026-09-29,2,https://www.aviasales.com/search/JFK2909JAI1?marker=741311
680,448,USD,JFK,AMD,"Ahmedabad, India",IN,2026-08-28,1,https://www.aviasales.com/search/JFK2808AMD1?marker=741311
681,448,USD,PHL,CAP,"Cap Haitien, Haiti",HT,2026-10-06,2,https://www.aviasales.com/search/PHL0610CAP1?marker=741311
682,451,USD,LAX,PQC,"Phu Quoc, Vietnam",VN,2026-10-28,1,https://www.aviasales.com/search/LAX2810PQC1?marker=741311
683,451,USD,JFK,SKB,"Basseterre, Saint Kitts and Nevis",KN,2026-08-30,1,https://www.aviasales.com/search/JFK3008SKB1?marker=741311
684,452,USD,DFW,HVR,"Havre, United States",US,2026-09-04,1,https://www.aviasales.com/search/DFW0409HVR1?marker=741311
685,452,USD,SEA,KTN,"Ketchikan, United States",US,2026-08-28,0,https://www.aviasales.com/search/SEA2808KTN1?marker=741311
686,453,USD,JFK,RCH,"Riohacha, Colombia",CO,2026-08-28,1,https://www.aviasales.com/search/JFK2808RCH1?marker=741311
687,453,USD,MSP,YPA,"Prince Albert, Canada",CA,2026-09-16,3,https://www.aviasales.com/search/MSP1609YPA1?marker=741311
688,455,USD,SFO,MAO,"Manaus, Brazil",BR,2026-09-21,3,https://www.aviasales.com/search/SFO2109MAO1?marker=741311
689,457,USD,JFK,BUS,"Batumi, Georgia",GE,2026-09-01,2,https://www.aviasales.com/search/JFK0109BUS1?marker=741311
690,459,USD,SEA,UBN,"Ulaanbaatar, Mongolia",MN,2026-08-28,1,https://www.aviasales.com/search/SEA2808UBN1?marker=741311
691,461,USD,JFK,AER,"Adler/Sochi, Russia",RU,2027-01-27,3,https://www.aviasales.com/search/JFK2701AER1?marker=741311
692,461,USD,SFO,TNA,"Jinan, China",CN,2026-10-29,1,https://www.aviasales.com/search/SFO2910TNA1?marker=741311
693,463,USD,ORD,YQG,"Windsor, Canada",CA,2026-09-04,2,https://www.aviasales.com/search/ORD0409YQG1?marker=741311
694,464,USD,SAN,PVC,"Provincetown, United States",US,2026-09-01,2,https://www.aviasales.com/search/SAN0109PVC1?marker=741311
695,467,USD,IAD,LJU,"Ljubljana, Slovenia",SI,2026-11-19,2,https://www.aviasales.com/search/IAD1911LJU1?marker=741311
696,468,USD,MIA,SNU,"Santa Clara, Cuba",CU,2026-08-28,0,https://www.aviasales.com/search/MIA2808SNU1?marker=741311
697,468,USD,IAD,TAS,"Tashkent, Uzbekistan",UZ,2026-10-14,1,https://www.aviasales.com/search/IAD1410TAS1?marker=741311
698,468,USD,LAX,TAG,"Tagbilaran, Philippines",PH,2027-01-29,2,https://www.aviasales.com/search/LAX2901TAG1?marker=741311
699,472,USD,LAX,YIN,"Yining, China",CN,2026-11-06,1,https://www.aviasales.com/search/LAX0611YIN1?marker=741311
700,473,USD,JFK,LWN,"Gyumri, Armenia",AM,2026-09-21,2,https://www.aviasales.com/search/JFK2109LWN1?marker=741311
701,473,USD,SEA,YBL,"Campbell River, Canada",CA,2026-08-31,1,https://www.aviasales.com/search/SEA3108YBL1?marker=741311
702,477,USD,LAX,DLC,"Dalian, China",CN,2026-08-29,1,https://www.aviasales.com/search/LAX2908DLC1?marker=741311
703,479,USD,JFK,CIT,"Shymkent, Kazakhstan",KZ,2026-09-19,2,https://www.aviasales.com/search/JFK1909CIT1?marker=741311
704,480,USD,LAX,YGK,"Kingston, Canada",CA,2026-08-31,2,https://www.aviasales.com/search/LAX3108YGK1?marker=741311
705,483,USD,ORD,CGN,"Cologne, Germany",DE,2026-11-20,2,https://www.aviasales.com/search/ORD2011CGN1?marker=741311
706,485,USD,TPA,AGA,"Agadir, Morocco",MA,2026-10-24,3,https://www.aviasales.com/search/TPA2410AGA1?marker=741311
707,486,USD,IAH,SYD,"Sydney, Australia",AU,2026-09-10,1,https://www.aviasales.com/search/IAH1009SYD1?marker=741311
708,486,USD,DEN,MED,"Medina, Saudi Arabia",SA,2026-10-10,2,https://www.aviasales.com/search/DEN1010MED1?marker=741311
709,488,USD,FLL,PAP,"Port-au-Prince, Haiti",HT,2026-09-25,1,https://www.aviasales.com/search/FLL2509PAP1?marker=741311
710,488,USD,IAD,MEL,"Melbourne, Australia",AU,2026-10-20,2,https://www.aviasales.com/search/IAD2010MEL1?marker=741311
711,492,USD,ORD,HYD,"Hyderabad, India",IN,2026-11-22,2,https://www.aviasales.com/search/ORD2211HYD1?marker=741311
712,492,USD,JFK,SPR,"San Pedro, Belize",BZ,2026-10-01,3,https://www.aviasales.com/search/JFK0110SPR1?marker=741311
713,492,USD,LAX,AOR,"Alor Setar, Malaysia",MY,2026-09-02,2,https://www.aviasales.com/search/LAX0209AOR1?marker=741311
714,492,USD,LAS,MMH,"Mammoth Lakes, United States",US,2026-09-05,2,https://www.aviasales.com/search/LAS0509MMH1?marker=741311
715,495,USD,JFK,UFA,"Ufa, Russia",RU,2026-10-08,3,https://www.aviasales.com/search/JFK0810UFA1?marker=741311
716,496,USD,JFK,ABJ,"Abidjan, Ivory Coast",CI,2026-09-26,1,https://www.aviasales.com/search/JFK2609ABJ1?marker=741311
717,497,USD,SFO,HEK,"Heihe, China",CN,2026-09-17,1,https://www.aviasales.com/search/SFO1709HEK1?marker=741311
718,501,USD,JFK,GNJ,"Ganja, Azerbaijan",AZ,2026-10-11,2,https://www.aviasales.com/search/JFK1110GNJ1?marker=741311
719,501,USD,IAH,DAV,"David, Panama",PA,2026-08-31,3,https://www.aviasales.com/search/IAH3108DAV1?marker=741311
720,501,USD,SAN,RKS,"Rock Springs, United States",US,2026-08-30,1,https://www.aviasales.com/search/SAN3008RKS1?marker=741311
721,502,USD,MCO,LUL,"Laurel, United States",US,2026-08-30,1,https://www.aviasales.com/search/MCO3008LUL1?marker=741311
722,503,USD,LAX,KBV,"Krabi, Thailand",TH,2026-11-09,2,https://www.aviasales.com/search/LAX0911KBV1?marker=741311
723,504,USD,LAX,SUV,"Suva, Fiji",FJ,2027-01-02,1,https://www.aviasales.com/search/LAX0201SUV1?marker=741311
724,504,USD,SFO,HPH,"Haiphong, Vietnam",VN,2026-10-01,1,https://www.aviasales.com/search/SFO0110HPH1?marker=741311
725,505,USD,JFK,FEZ,"Fez, Morocco",MA,2026-11-25,3,https://www.aviasales.com/search/JFK2511FEZ1?marker=741311
726,506,USD,JFK,FMO,"Muenster, Germany",DE,2026-09-19,2,https://www.aviasales.com/search/JFK1909FMO1?marker=741311
727,506,USD,FLL,BIM,"Bimini, Bahamas",BS,2026-10-20,2,https://www.aviasales.com/search/FLL2010BIM1?marker=741311
728,507,USD,BOS,GYN,"Goiania, Brazil",BR,2026-09-04,2,https://www.aviasales.com/search/BOS0409GYN1?marker=741311
729,507,USD,LAX,SAI,"Siem Reap, Cambodia",KH,2026-11-03,2,https://www.aviasales.com/search/LAX0311SAI1?marker=741311
730,508,USD,JFK,SVX,"Yekaterinburg, Russia",RU,2026-10-19,3,https://www.aviasales.com/search/JFK1910SVX1?marker=741311
731,508,USD,SFO,SJW,"Shijiazhuang, China",CN,2026-12-01,1,https://www.aviasales.com/search/SFO0112SJW1?marker=741311
732,509,USD,ORD,KWL,"Guilin, China",CN,2026-10-10,2,https://www.aviasales.com/search/ORD1010KWL1?marker=741311
733,509,USD,JFK,CKY,"Conakry, Guinea",GN,2026-09-29,1,https://www.aviasales.com/search/JFK2909CKY1?marker=741311
734,510,USD,JFK,OHD,"Ohrid, North Macedonia",MK,2026-09-17,3,https://www.aviasales.com/search/JFK1709OHD1?marker=741311
735,512,USD,LAX,OKA,"Okinawa, Japan",JP,2026-09-18,1,https://www.aviasales.com/search/LAX1809OKA1?marker=741311
736,512,USD,JFK,HSA,"Turkistan, Kazakhstan",KZ,2026-09-25,3,https://www.aviasales.com/search/JFK2509HSA1?marker=741311
737,512,USD,SFO,ZQN,"Queenstown, New Zealand",NZ,2026-09-10,3,https://www.aviasales.com/search/SFO1009ZQN1?marker=741311
738,513,USD,JFK,GOI,"Goa, India",IN,2026-10-30,2,https://www.aviasales.com/search/JFK3010GOI1?marker=741311
739,513,USD,LAX,MFM,"Macau, Macau",MO,2026-12-03,1,https://www.aviasales.com/search/LAX0312MFM1?marker=741311
740,514,USD,JFK,DYU,"Dushanbe, Tajikistan",TJ,2026-09-29,3,https://www.aviasales.com/search/JFK2909DYU1?marker=741311
741,514,USD,JFK,SKD,"Samarkand, Uzbekistan",UZ,2026-10-20,3,https://www.aviasales.com/search/JFK2010SKD1?marker=741311
742,516,USD,JFK,MLE,"Male, Maldives",MV,2026-09-13,3,https://www.aviasales.com/search/JFK1309MLE1?marker=741311
743,517,USD,LAX,USM,"Koh Samui, Thailand",TH,2026-10-27,2,https://www.aviasales.com/search/LAX2710USM1?marker=741311
744,519,USD,JFK,MSQ,"Minsk, Belarus",BY,2026-10-14,3,https://www.aviasales.com/search/JFK1410MSQ1?marker=741311
745,519,USD,JFK,YNJ,"Yanji, China",CN,2026-09-10,1,https://www.aviasales.com/search/JFK1009YNJ1?marker=741311
746,521,USD,IAH,LOS,"Lagos, Nigeria",NG,2026-09-15,1,https://www.aviasales.com/search/IAH1509LOS1?marker=741311
747,521,USD,LAX,BNE,"Brisbane, Australia",AU,2026-09-11,1,https://www.aviasales.com/search/LAX1109BNE1?marker=741311
748,521,USD,JFK,BOJ,"Bourgas, Bulgaria",BG,2026-08-30,1,https://www.aviasales.com/search/JFK3008BOJ1?marker=741311
749,524,USD,LAX,SZG,"Salzburg, Austria",AT,2026-09-20,2,https://www.aviasales.com/search/LAX2009SZG1?marker=741311
750,525,USD,MCO,NAT,"Natal, Brazil",BR,2027-01-07,3,https://www.aviasales.com/search/MCO0701NAT1?marker=741311
751,527,USD,SEA,YYG,"Charlottetown, Canada",CA,2026-09-06,1,https://www.aviasales.com/search/SEA0609YYG1?marker=741311
752,533,USD,MIA,MCZ,"Maceio, Brazil",BR,2027-01-12,2,https://www.aviasales.com/search/MIA1201MCZ1?marker=741311
753,534,USD,SAN,LGK,"Langkawi, Malaysia",MY,2026-09-30,3,https://www.aviasales.com/search/SAN3009LGK1?marker=741311
754,536,USD,FLL,KRO,"Kurgan, Russia",RU,2026-10-03,4,https://www.aviasales.com/search/FLL0310KRO1?marker=741311
755,536,USD,SFO,DRS,"Dresden, Germany",DE,2026-10-01,1,https://www.aviasales.com/search/SFO0110DRS1?marker=741311
756,538,USD,JFK,BPN,"Balikpapan, Indonesia",ID,2026-09-14,2,https://www.aviasales.com/search/JFK1409BPN1?marker=741311
757,538,USD,LAX,CYB,"Cayman Brac, Cayman Islands",KY,2027-01-05,2,https://www.aviasales.com/search/LAX0501CYB1?marker=741311
758,540,USD,ORD,GRZ,"Graz, Austria",AT,2026-10-12,3,https://www.aviasales.com/search/ORD1210GRZ1?marker=741311
759,541,USD,JFK,PPS,"Puerto Princesa, Philippines",PH,2026-09-27,1,https://www.aviasales.com/search/JFK2709PPS1?marker=741311
760,541,USD,SEA,ENA,"Kenai, United States",US,2026-09-09,1,https://www.aviasales.com/search/SEA0909ENA1?marker=741311
761,541,USD,SAN,INN,"Innsbruck, Austria",AT,2026-09-20,3,https://www.aviasales.com/search/SAN2009INN1?marker=741311
762,542,USD,JFK,FUK,"Fukuoka, Japan",JP,2026-09-27,1,https://www.aviasales.com/search/JFK2709FUK1?marker=741311
763,542,USD,JFK,NGO,"Nagoya, Japan",JP,2026-09-27,1,https://www.aviasales.com/search/JFK2709NGO1?marker=741311
764,542,USD,LAX,LBS,"Labasa, Fiji",FJ,2027-01-02,1,https://www.aviasales.com/search/LAX0201LBS1?marker=741311
765,545,USD,SFO,KTM,"Kathmandu, Nepal",NP,2026-11-24,1,https://www.aviasales.com/search/SFO2411KTM1?marker=741311
766,545,USD,PHL,INI,"Nis, Serbia",RS,2026-09-26,4,https://www.aviasales.com/search/PHL2609INI1?marker=741311
767,546,USD,LAX,UTP,"Pattaya, Thailand",TH,2026-09-07,3,https://www.aviasales.com/search/LAX0709UTP1?marker=741311
768,549,USD,ORD,TBB,"Tuy Hoa, Vietnam",VN,2026-09-08,2,https://www.aviasales.com/search/ORD0809TBB1?marker=741311
769,550,USD,JFK,CHX,"Changuinola, Panama",PA,2026-09-03,3,https://www.aviasales.com/search/JFK0309CHX1?marker=741311
770,550,USD,BOS,CGO,"Zhengzhou, China",CN,2026-09-08,3,https://www.aviasales.com/search/BOS0809CGO1?marker=741311
771,553,USD,JFK,MEI,"Meridian, United States",US,2026-09-01,1,https://www.aviasales.com/search/JFK0109MEI1?marker=741311
772,556,USD,LAX,KVO,"Kraljevo, Serbia",RS,2027-02-08,2,https://www.aviasales.com/search/LAX0802KVO1?marker=741311
773,556,USD,DCA,FEG,"Fergana, Uzbekistan",UZ,2026-10-14,3,https://www.aviasales.com/search/DCA1410FEG1?marker=741311
774,556,USD,DTW,CKG,"Chongqing, China",CN,2027-01-31,2,https://www.aviasales.com/search/DTW3101CKG1?marker=741311
775,556,USD,JFK,VGA,"Vijayawada, India",IN,2026-11-23,2,https://www.aviasales.com/search/JFK2311VGA1?marker=741311
776,557,USD,DEN,URA,"Oral, Kazakhstan",KZ,2026-10-28,4,https://www.aviasales.com/search/DEN2810URA1?marker=741311
777,557,USD,LAS,NKT,"Cizre, Turkiye",TR,2026-10-08,3,https://www.aviasales.com/search/LAS0810NKT1?marker=741311
778,559,USD,JFK,KGD,"Kaliningrad, Russia",RU,2026-09-09,3,https://www.aviasales.com/search/JFK0909KGD1?marker=741311
779,559,USD,LAS,SCY,"San Cristobal, Ecuador",EC,2026-10-02,3,https://www.aviasales.com/search/LAS0210SCY1?marker=741311
780,560,USD,JFK,ACC,"Accra, Ghana",GH,2026-11-01,1,https://www.aviasales.com/search/JFK0111ACC1?marker=741311
781,560,USD,JFK,NDJ,"N'Djamena, Chad",TD,2027-01-06,1,https://www.aviasales.com/search/JFK0601NDJ1?marker=741311
782,565,USD,BNA,BLB,"Balboa, Panama",PA,2026-09-02,2,https://www.aviasales.com/search/BNA0209BLB1?marker=741311
783,567,USD,SFO,BRC,"San Carlos de Bariloche, Argentina",AR,2026-09-07,2,https://www.aviasales.com/search/SFO0709BRC1?marker=741311
784,570,USD,IAD,FNA,"Freetown, Sierra Leone",SL,2027-01-21,1,https://www.aviasales.com/search/IAD2101FNA1?marker=741311
785,573,USD,MCO,PEE,"Perm, Russia",RU,2026-12-08,3,https://www.aviasales.com/search/MCO0812PEE1?marker=741311
786,578,USD,SFO,HAK,"Haikou, China",CN,2026-09-25,2,https://www.aviasales.com/search/SFO2509HAK1?marker=741311
787,581,USD,MIA,VOG,"Volgograd, Russia",RU,2026-11-18,4,https://www.aviasales.com/search/MIA1811VOG1?marker=741311
788,584,USD,RDU,GOJ,"Nizhniy Novgorod, Russia",RU,2026-12-04,4,https://www.aviasales.com/search/RDU0412GOJ1?marker=741311
789,584,USD,JFK,TJM,"Tyumen, Russia",RU,2026-10-19,3,https://www.aviasales.com/search/JFK1910TJM1?marker=741311
790,585,USD,LAX,PPT,"Papeete, French Polynesia",PF,2026-11-09,1,https://www.aviasales.com/search/LAX0911PPT1?marker=741311
791,587,USD,JFK,CEK,"Chelyabinsk, Russia",RU,2026-10-14,3,https://www.aviasales.com/search/JFK1410CEK1?marker=741311
792,588,USD,JFK,OVB,"Novosibirsk, Russia",RU,2026-10-13,3,https://www.aviasales.com/search/JFK1310OVB1?marker=741311
793,588,USD,JFK,YZV,"Sept-Iles, Canada",CA,2026-09-01,3,https://www.aviasales.com/search/JFK0109YZV1?marker=741311
794,589,USD,LAX,HIR,"Honiara, Solomon Islands",SB,2026-10-19,1,https://www.aviasales.com/search/LAX1910HIR1?marker=741311
795,589,USD,PDX,YCG,"Castlegar, Canada",CA,2026-08-31,2,https://www.aviasales.com/search/PDX3108YCG1?marker=741311
796,591,USD,LAX,PER,"Perth, Australia",AU,2026-09-19,2,https://www.aviasales.com/search/LAX1909PER1?marker=741311
797,592,USD,LAS,EBL,"Erbil, Iraq",IQ,2026-10-06,3,https://www.aviasales.com/search/LAS0610EBL1?marker=741311
798,594,USD,MIA,MUX,"Multan, Pakistan",PK,2026-09-07,2,https://www.aviasales.com/search/MIA0709MUX1?marker=741311
799,595,USD,JFK,TSN,"Tianjin, China",CN,2026-08-29,2,https://www.aviasales.com/search/JFK2908TSN1?marker=741311
800,597,USD,LAX,OOL,"Gold Coast, Australia",AU,2026-09-09,1,https://www.aviasales.com/search/LAX0909OOL1?marker=741311
801,598,USD,JFK,KUF,"Samara, Russia",RU,2026-10-22,3,https://www.aviasales.com/search/JFK2210KUF1?marker=741311
802,598,USD,SEA,ADQ,"Kodiak, United States",US,2026-08-31,1,https://www.aviasales.com/search/SEA3108ADQ1?marker=741311
803,598,USD,JFK,PDP,"Punta Del Este, Uruguay",UY,2026-09-09,3,https://www.aviasales.com/search/JFK0909PDP1?marker=741311
804,598,USD,AUS,BPS,"Porto Seguro, Brazil",BR,2026-12-10,2,https://www.aviasales.com/search/AUS1012BPS1?marker=741311
805,605,USD,LAX,WLG,"Wellington, New Zealand",NZ,2026-09-09,1,https://www.aviasales.com/search/LAX0909WLG1?marker=741311
806,610,USD,IAD,KBL,"Kabul, Afghanistan",AF,2026-08-29,2,https://www.aviasales.com/search/IAD2908KBL1?marker=741311
807,611,USD,LAX,SCO,"Aktau, Kazakhstan",KZ,2026-09-20,3,https://www.aviasales.com/search/LAX2009SCO1?marker=741311
808,612,USD,ORD,SIA,"Xian, China",CN,2026-09-04,1,https://www.aviasales.com/search/ORD0409SIA1?marker=741311
809,613,USD,JFK,KGL,"Kigali, Rwanda",RW,2026-09-21,2,https://www.aviasales.com/search/JFK2109KGL1?marker=741311
810,613,USD,LAX,PNT,"Puerto Natales, Chile",CL,2026-10-01,3,https://www.aviasales.com/search/LAX0110PNT1?marker=741311
811,616,USD,LAX,DRW,"Darwin, Australia",AU,2026-09-10,2,https://www.aviasales.com/search/LAX1009DRW1?marker=741311
812,618,USD,MIA,SLL,"Salalah, Oman",OM,2026-09-01,3,https://www.aviasales.com/search/MIA0109SLL1?marker=741311
813,618,USD,DFW,BJL,"Banjul, Gambia",GM,2026-09-10,2,https://www.aviasales.com/search/DFW1009BJL1?marker=741311
814,619,USD,MIA,PEG,"Perugia, Italy",IT,2027-01-03,3,https://www.aviasales.com/search/MIA0301PEG1?marker=741311
815,619,USD,ORD,RGN,"Yangon, Myanmar",MM,2027-01-07,2,https://www.aviasales.com/search/ORD0701RGN1?marker=741311
816,620,USD,LAX,VVO,"Vladivostok, Russia",RU,2026-11-03,2,https://www.aviasales.com/search/LAX0311VVO1?marker=741311
817,623,USD,JFK,KJA,"Krasnoyarsk, Russia",RU,2026-10-13,4,https://www.aviasales.com/search/JFK1310KJA1?marker=741311
818,624,USD,PHX,OGZ,"Vladikavkaz, Russia",RU,2026-10-23,3,https://www.aviasales.com/search/PHX2310OGZ1?marker=741311
819,625,USD,ORD,UKK,"Oskemen, Kazakhstan",KZ,2026-11-13,4,https://www.aviasales.com/search/ORD1311UKK1?marker=741311
820,626,USD,JFK,TAE,"Daegu, South Korea",KR,2026-10-16,2,https://www.aviasales.com/search/JFK1610TAE1?marker=741311
821,630,USD,LAX,RMI,"Rimini, Italy",IT,2026-10-01,3,https://www.aviasales.com/search/LAX0110RMI1?marker=741311
822,631,USD,IAD,PLX,"Semey, Kazakhstan",KZ,2026-11-13,4,https://www.aviasales.com/search/IAD1311PLX1?marker=741311
823,631,USD,ORD,COK,"Kochi, India",IN,2026-10-27,4,https://www.aviasales.com/search/ORD2710COK1?marker=741311
824,635,USD,ORD,XMN,"Xiamen, China",CN,2027-01-03,1,https://www.aviasales.com/search/ORD0301XMN1?marker=741311
825,635,USD,JFK,LJG,"Lijiang, China",CN,2026-10-18,3,https://www.aviasales.com/search/JFK1810LJG1?marker=741311
826,636,USD,SEA,YZZ,"Trail, Canada",CA,2026-09-01,3,https://www.aviasales.com/search/SEA0109YZZ1?marker=741311
827,637,USD,JFK,NMA,"Namangan, Uzbekistan",UZ,2026-09-20,3,https://www.aviasales.com/search/JFK2009NMA1?marker=741311
828,637,USD,LAX,RAR,"Rarotonga, Cook Islands",CK,2026-09-23,2,https://www.aviasales.com/search/LAX2309RAR1?marker=741311
829,639,USD,LAX,CNS,"Cairns, Australia",AU,2026-09-07,1,https://www.aviasales.com/search/LAX0709CNS1?marker=741311
830,641,USD,JFK,IKT,"Irkutsk, Russia",RU,2026-09-13,2,https://www.aviasales.com/search/JFK1309IKT1?marker=741311
831,643,USD,IAD,CCU,"Kolkata, India",IN,2026-10-26,2,https://www.aviasales.com/search/IAD2610CCU1?marker=741311
832,643,USD,SFO,XQP,"Quepos, Costa Rica",CR,2026-09-03,4,https://www.aviasales.com/search/SFO0309XQP1?marker=741311
833,644,USD,SFO,BOB,"Bora Bora, French Polynesia",PF,2026-09-02,1,https://www.aviasales.com/search/SFO0209BOB1?marker=741311
834,644,USD,IAD,SKX,"Saransk, Russia",RU,2026-09-08,4,https://www.aviasales.com/search/IAD0809SKX1?marker=741311
835,644,USD,ORD,FIH,"Kinshasa, Democratic Republic of the Congo",CD,2026-09-16,1,https://www.aviasales.com/search/ORD1609FIH1?marker=741311
836,646,USD,SEA,HNH,"Hoonah, United States",US,2026-09-01,1,https://www.aviasales.com/search/SEA0109HNH1?marker=741311
837,647,USD,LAX,LPQ,"Luang Prabang, Laos",LA,2027-01-12,2,https://www.aviasales.com/search/LAX1201LPQ1?marker=741311
838,649,USD,SFO,BAL,"Batman, Turkiye",TR,2026-09-05,3,https://www.aviasales.com/search/SFO0509BAL1?marker=741311
839,650,USD,JFK,YSB,"Sudbury, Canada",CA,2026-08-31,2,https://www.aviasales.com/search/JFK3108YSB1?marker=741311
840,655,USD,LAX,ADL,"Adelaide, Australia",AU,2026-09-11,1,https://www.aviasales.com/search/LAX1109ADL1?marker=741311
841,659,USD,SEA,PDS,"Piedras Negras, Mexico",MX,2026-09-05,3,https://www.aviasales.com/search/SEA0509PDS1?marker=741311
842,660,USD,JFK,CGQ,"Changchun, China",CN,2026-09-27,2,https://www.aviasales.com/search/JFK2709CGQ1?marker=741311
843,669,USD,DFW,DYG,"Dayong, China",CN,2026-09-17,4,https://www.aviasales.com/search/DFW1709DYG1?marker=741311
844,670,USD,LAX,RTW,"Saratov, Russia",RU,2026-12-01,4,https://www.aviasales.com/search/LAX0112RTW1?marker=741311
845,670,USD,LAX,ISG,"Ishigaki, Japan",JP,2026-10-10,2,https://www.aviasales.com/search/LAX1010ISG1?marker=741311
846,671,USD,SAN,LIO,"Limon, Costa Rica",CR,2026-08-28,4,https://www.aviasales.com/search/SAN2808LIO1?marker=741311
847,675,USD,SFO,PWQ,"Pavlodar, Kazakhstan",KZ,2026-10-15,3,https://www.aviasales.com/search/SFO1510PWQ1?marker=741311
848,675,USD,MSP,OGU,"Ordu, Turkiye",TR,2026-09-18,2,https://www.aviasales.com/search/MSP1809OGU1?marker=741311
849,679,USD,MIA,LAD,"Luanda, Angola",AO,2026-09-23,1,https://www.aviasales.com/search/MIA2309LAD1?marker=741311
850,684,USD,JFK,SEZ,"Mahe, Seychelles",SC,2026-11-15,1,https://www.aviasales.com/search/JFK1511SEZ1?marker=741311
851,686,USD,JFK,AZN,"Andijan, Uzbekistan",UZ,2026-09-01,3,https://www.aviasales.com/search/JFK0109AZN1?marker=741311
852,688,USD,JFK,OUA,"Ouagadougou, Burkina Faso",BF,2026-09-30,1,https://www.aviasales.com/search/JFK3009OUA1?marker=741311
853,691,USD,MIA,OMS,"Omsk, Russia",RU,2026-11-18,4,https://www.aviasales.com/search/MIA1811OMS1?marker=741311
854,691,USD,JFK,JNB,"Johannesburg, South Africa",ZA,2026-09-15,1,https://www.aviasales.com/search/JFK1509JNB1?marker=741311
855,693,USD,LAX,UGC,"Urgench, Uzbekistan",UZ,2026-09-01,2,https://www.aviasales.com/search/LAX0109UGC1?marker=741311
856,694,USD,ORD,ASB,"Ashgabat, Turkmenistan",TM,2026-10-20,3,https://www.aviasales.com/search/ORD2010ASB1?marker=741311
857,700,USD,SEA,MRU,"Mauritius, Mauritius",MU,2026-10-26,3,https://www.aviasales.com/search/SEA2610MRU1?marker=741311
858,700,USD,IAD,YAO,"Yaounde, Cameroon",CM,2026-11-05,1,https://www.aviasales.com/search/IAD0511YAO1?marker=741311
859,706,USD,DFW,ABV,"Abuja, Nigeria",NG,2026-11-28,1,https://www.aviasales.com/search/DFW2811ABV1?marker=741311
860,706,USD,JFK,REN,"Orenburg, Russia",RU,2026-09-05,3,https://www.aviasales.com/search/JFK0509REN1?marker=741311
861,707,USD,SEA,BSR,"Basra, Iraq",IQ,2027-01-06,1,https://www.aviasales.com/search/SEA0601BSR1?marker=741311
862,710,USD,JFK,NOZ,"Novokuznetsk, Russia",RU,2026-11-28,4,https://www.aviasales.com/search/JFK2811NOZ1?marker=741311
863,711,USD,LAX,GAN,"Gan Island, Maldives",MV,2026-09-03,4,https://www.aviasales.com/search/LAX0309GAN1?marker=741311
864,713,USD,JFK,SCW,"Syktyvkar, Russia",RU,2026-09-05,3,https://www.aviasales.com/search/JFK0509SCW1?marker=741311
865,713,USD,LAX,AEY,"Akureyri, Iceland",IS,2026-09-10,3,https://www.aviasales.com/search/LAX1009AEY1?marker=741311
866,714,USD,MCO,ZNZ,"Zanzibar, Tanzania",TZ,2026-09-30,2,https://www.aviasales.com/search/MCO3009ZNZ1?marker=741311
867,716,USD,BOS,BAX,"Barnaul, Russia",RU,2026-09-06,4,https://www.aviasales.com/search/BOS0609BAX1?marker=741311
868,719,USD,JFK,BHK,"Bukhara, Uzbekistan",UZ,2026-09-30,2,https://www.aviasales.com/search/JFK3009BHK1?marker=741311
869,720,USD,ORD,MMK,"Murmansk, Russia",RU,2026-09-24,4,https://www.aviasales.com/search/ORD2409MMK1?marker=741311
870,721,USD,JFK,ASF,"Astrakhan, Russia",RU,2026-09-05,3,https://www.aviasales.com/search/JFK0509ASF1?marker=741311
871,721,USD,PHX,DAR,"Dar Es Salaam, Tanzania",TZ,2027-01-30,2,https://www.aviasales.com/search/PHX3001DAR1?marker=741311
872,723,USD,BOS,SFG,"Saint Martin, Saint Martin",MF,2026-08-31,2,https://www.aviasales.com/search/BOS3108SFG1?marker=741311
873,728,USD,LAX,MMY,"Miyakojima, Japan",JP,2026-10-10,3,https://www.aviasales.com/search/LAX1010MMY1?marker=741311
874,731,USD,JFK,TOF,"Tomsk, Russia",RU,2026-09-06,3,https://www.aviasales.com/search/JFK0609TOF1?marker=741311
875,740,USD,BOS,SGC,"Surgut, Russia",RU,2027-01-01,3,https://www.aviasales.com/search/BOS0101SGC1?marker=741311
876,751,USD,JFK,IKU,"Tamchy, Kyrgyzstan",KG,2026-08-28,3,https://www.aviasales.com/search/JFK2808IKU1?marker=741311
877,752,USD,DFW,STW,"Stavropol, Russia",RU,2026-12-08,4,https://www.aviasales.com/search/DFW0812STW1?marker=741311
878,754,USD,BOS,MGQ,"Mogadishu, Somalia",SO,2026-08-31,2,https://www.aviasales.com/search/BOS3108MGQ1?marker=741311
879,755,USD,MIA,GDZ,"Gelendzik, Russia",RU,2026-10-01,3,https://www.aviasales.com/search/MIA0110GDZ1?marker=741311
880,755,USD,JFK,NCU,"Nukus, Uzbekistan",UZ,2026-08-28,1,https://www.aviasales.com/search/JFK2808NCU1?marker=741311
881,757,USD,LAX,BQS,"Blagoveschensk, Russia",RU,2026-09-01,2,https://www.aviasales.com/search/LAX0109BQS1?marker=741311
882,764,USD,SFO,NYT,"Naypyidaw, Myanmar",MM,2026-09-02,3,https://www.aviasales.com/search/SFO0209NYT1?marker=741311
883,767,USD,JFK,KVX,"Kirov, Russia",RU,2026-12-10,4,https://www.aviasales.com/search/JFK1012KVX1?marker=741311
884,789,USD,SFO,KHV,"Khabarovsk, Russia",RU,2026-09-02,3,https://www.aviasales.com/search/SFO0209KHV1?marker=741311
885,791,USD,DEN,KGF,"Karagandy, Kazakhstan",KZ,2026-09-05,3,https://www.aviasales.com/search/DEN0509KGF1?marker=741311
886,793,USD,JFK,VGD,"Vologda, Russia",RU,2026-08-31,3,https://www.aviasales.com/search/JFK3108VGD1?marker=741311
887,794,USD,JFK,VTE,"Vientiane, Laos",LA,2026-12-11,2,https://www.aviasales.com/search/JFK1112VTE1?marker=741311
888,800,USD,MIA,UUD,"Ulan-Ude, Russia",RU,2026-08-28,4,https://www.aviasales.com/search/MIA2808UUD1?marker=741311
889,802,USD,PDX,PSG,"Petersburg, United States",US,2026-09-06,2,https://www.aviasales.com/search/PDX0609PSG1?marker=741311
890,805,USD,ORD,GRV,"Groznyy, Russia",RU,2026-08-30,4,https://www.aviasales.com/search/ORD3008GRV1?marker=741311
891,809,USD,IAH,LLW,"Lilongwe, Malawi",MW,2026-09-19,2,https://www.aviasales.com/search/IAH1909LLW1?marker=741311
892,812,USD,ATL,PUS,"Busan, South Korea",KR,2026-12-10,3,https://www.aviasales.com/search/ATL1012PUS1?marker=741311
893,825,USD,JFK,LFW,"Lome, Togo",TG,2026-09-19,1,https://www.aviasales.com/search/JFK1909LFW1?marker=741311
894,830,USD,ORD,HTA,"Chita, Russia",RU,2026-09-07,4,https://www.aviasales.com/search/ORD0709HTA1?marker=741311
895,830,USD,JFK,CYA,"Les Cayes, Haiti",HT,2026-09-08,2,https://www.aviasales.com/search/JFK0809CYA1?marker=741311
896,831,USD,ORD,LXA,"Lhasa, China",CN,2026-09-24,3,https://www.aviasales.com/search/ORD2409LXA1?marker=741311
897,833,USD,LAX,FRE,"Fera Island, Solomon Islands",SB,2026-10-02,2,https://www.aviasales.com/search/LAX0210FRE1?marker=741311
898,837,USD,RDU,LBD,"Khujand, Tajikistan",TJ,2026-08-31,4,https://www.aviasales.com/search/RDU3108LBD1?marker=741311
899,842,USD,JFK,JRO,"Kilimanjaro, Tanzania",TZ,2026-11-24,1,https://www.aviasales.com/search/JFK2411JRO1?marker=741311
900,846,USD,LAX,KEJ,"Kemerovo, Russia",RU,2026-10-28,4,https://www.aviasales.com/search/LAX2810KEJ1?marker=741311
901,848,USD,CLT,CZH,"Corozal, Belize",BZ,2026-09-02,4,https://www.aviasales.com/search/CLT0209CZH1?marker=741311
902,861,USD,SEA,VFA,"Victoria Falls, Zimbabwe",ZW,2026-09-08,2,https://www.aviasales.com/search/SEA0809VFA1?marker=741311
903,866,USD,ORD,RUN,"Saint-Denis, Réunion",RE,2026-11-20,2,https://www.aviasales.com/search/ORD2011RUN1?marker=741311
904,869,USD,JFK,MJZ,"Mirnyj, Russia",RU,2026-09-27,4,https://www.aviasales.com/search/JFK2709MJZ1?marker=741311
905,875,USD,LAX,UUA,"Bugulma, Russia",RU,2026-09-30,4,https://www.aviasales.com/search/LAX3009UUA1?marker=741311
906,877,USD,DFW,IPC,"Easter Island, Chile",CL,2026-09-01,3,https://www.aviasales.com/search/DFW0109IPC1?marker=741311
907,882,USD,SLC,MBA,"Mombasa, Kenya",KE,2026-09-12,3,https://www.aviasales.com/search/SLC1209MBA1?marker=741311
908,894,USD,JFK,NJC,"Nizhnevartovsk, Russia",RU,2026-08-28,3,https://www.aviasales.com/search/JFK2808NJC1?marker=741311
909,905,USD,JFK,PKR,"Pokhara, Nepal",NP,2026-10-08,3,https://www.aviasales.com/search/JFK0810PKR1?marker=741311
910,908,USD,LAX,UUS,"Yuzhno-Sakhalinsk, Russia",RU,2026-09-08,3,https://www.aviasales.com/search/LAX0809UUS1?marker=741311
911,910,USD,ORD,YKS,"Yakutsk, Russia",RU,2026-09-13,4,https://www.aviasales.com/search/ORD1309YKS1?marker=741311
912,913,USD,LAX,KRT,"Khartoum, Sudan",SD,2026-09-17,2,https://www.aviasales.com/search/LAX1709KRT1?marker=741311
913,916,USD,ATL,NSK,"Norilsk, Russia",RU,2026-10-01,4,https://www.aviasales.com/search/ATL0110NSK1?marker=741311
914,919,USD,IAD,LBV,"Libreville, Gabon",GA,2026-12-19,1,https://www.aviasales.com/search/IAD1912LBV1?marker=741311
915,920,USD,JFK,PLZ,"Port Elizabeth, South Africa",ZA,2026-09-21,3,https://www.aviasales.com/search/JFK2109PLZ1?marker=741311
916,920,USD,RDU,PBH,"Paro, Bhutan",BT,2026-08-28,3,https://www.aviasales.com/search/RDU2808PBH1?marker=741311
917,927,USD,DFW,DYR,"Anadyr, Russia",RU,2026-11-27,4,https://www.aviasales.com/search/DFW2711DYR1?marker=741311
918,940,USD,JFK,CBR,"Canberra, Australia",AU,2026-09-01,3,https://www.aviasales.com/search/JFK0109CBR1?marker=741311
919,942,USD,JFK,GOH,"Nuuk, Greenland",GL,2026-08-30,1,https://www.aviasales.com/search/JFK3008GOH1?marker=741311
920,946,USD,DFW,GDX,"Magadan, Russia",RU,2026-11-27,4,https://www.aviasales.com/search/DFW2711GDX1?marker=741311
921,949,USD,DEN,ARK,"Arusha, Tanzania",TZ,2026-12-01,3,https://www.aviasales.com/search/DEN0112ARK1?marker=741311
922,951,USD,DFW,KYZ,"Kyzyl, Russia",RU,2026-09-18,4,https://www.aviasales.com/search/DFW1809KYZ1?marker=741311
923,959,USD,DFW,PKC,"Petropavlovsk-Kamchatsky, Russia",RU,2026-11-27,4,https://www.aviasales.com/search/DFW2711PKC1?marker=741311
924,976,USD,LAX,NBC,"Naberezhnye Chelny, Russia",RU,2026-09-13,3,https://www.aviasales.com/search/LAX1309NBC1?marker=741311
925,984,USD,DFW,PES,"Petrozavodsk, Russia",RU,2026-09-09,4,https://www.aviasales.com/search/DFW0909PES1?marker=741311
926,998,USD,PHX,NYM,"Nadym, Russia",RU,2026-12-11,4,https://www.aviasales.com/search/PHX1112NYM1?marker=741311
927,1007,USD,JFK,GVR,"Governador Valadares, Brazil",BR,2026-12-17,3,https://www.aviasales.com/search/JFK1712GVR1?marker=741311
928,1022,USD,JFK,WDH,"Windhoek, Namibia",NA,2026-08-31,4,https://www.aviasales.com/search/JFK3108WDH1?marker=741311
929,1044,USD,LAX,TNR,"Antananarivo, Madagascar",MG,2026-10-15,3,https://www.aviasales.com/search/LAX1510TNR1?marker=741311
930,1081,USD,LAX,AGB,"Augsburg, Germany",DE,2026-12-10,1,https://www.aviasales.com/search/LAX1012AGB1?marker=741311
931,1149,USD,JFK,FNJ,"Pyongyang, North Korea",KP,2026-09-25,3,https://www.aviasales.com/search/JFK2509FNJ1?marker=741311
932,1159,USD,LAX,IAR,"Yaroslavl, Russia",RU,2026-09-10,2,https://www.aviasales.com/search/LAX1009IAR1?marker=741311
933,1197,USD,LAX,ENU,"Enugu, Nigeria",NG,2026-12-23,2,https://www.aviasales.com/search/LAX2312ENU1?marker=741311
934,1198,USD,SFO,VAV,"Vava'u, Tonga",TO,2026-09-24,2,https://www.aviasales.com/search/SFO2409VAV1?marker=741311
935,1283,USD,ORD,NNM,"Naryan-Mar, Russia",RU,2026-09-01,4,https://www.aviasales.com/search/ORD0109NNM1?marker=741311
936,1346,USD,ORD,YFS,"Fort Simpson, Canada",CA,2026-09-03,3,https://www.aviasales.com/search/ORD0309YFS1?marker=741311
937,1360,USD,ORD,PEZ,"Penza, Russia",RU,2026-08-28,3,https://www.aviasales.com/search/ORD2808PEZ1?marker=741311
938,1441,USD,IAD,PNI,"Pohnpei, Micronesia",FM,2026-10-10,2,https://www.aviasales.com/search/IAD1010PNI1?marker=741311
939,1447,USD,JFK,INU,"Nauru Island, Nauru",NR,2026-09-09,3,https://www.aviasales.com/search/JFK0909INU1?marker=741311
940,1487,USD,JFK,CCK,"Cocos Islands, Cocos (Keeling) Islands",CC,2026-09-05,4,https://www.aviasales.com/search/JFK0509CCK1?marker=741311
941,1704,USD,ATL,VLD,"Valdosta, United States",US,2026-09-05,4,https://www.aviasales.com/search/ATL0509VLD1?marker=741311
942,1927,USD,IAD,XCH,"Christmas Island, Christmas Island",CX,2026-09-09,4,https://www.aviasales.com/search/IAD0909XCH1?marker=741311
943,4576,USD,LAS,BGM,"Binghamton, United States",US,2026-09-04,2,https://www.aviasales.com/search/LAS0409BGM1?marker=741311
