rank,price,currency,origin,destination_code,destination_name,country_code,depart,stops,booking_link
1,17,USD,LAS,LAX,"Los Angeles, United States",US,2026-09-02,0,https://www.aviasales.com/search/LAS0209LAX1?marker=741311
2,19,USD,LAX,LAS,"Las Vegas, United States",US,2026-09-21,0,https://www.aviasales.com/search/LAX2109LAS1?marker=741311
3,19,USD,LAX,SFO,"San Francisco, United States",US,2026-09-14,0,https://www.aviasales.com/search/LAX1409SFO1?marker=741311
4,22,USD,SFO,SAN,"San Diego, United States",US,2026-08-22,0,https://www.aviasales.com/search/SFO2208SAN1?marker=741311
5,22,USD,SFO,ONT,"Ontario, United States",US,2026-08-18,0,https://www.aviasales.com/search/SFO1808ONT1?marker=741311
6,23,USD,DFW,ATL,"Atlanta, United States",US,2026-08-18,0,https://www.aviasales.com/search/DFW1808ATL1?marker=741311
7,23,USD,ATL,DFW,"Dallas, United States",US,2026-10-17,0,https://www.aviasales.com/search/ATL1710DFW1?marker=741311
8,24,USD,ATL,JAX,"Jacksonville, United States",US,2026-08-22,0,https://www.aviasales.com/search/ATL2208JAX1?marker=741311
9,25,USD,CLT,BWI,"Baltimore, United States",US,2026-08-15,0,https://www.aviasales.com/search/CLT1508BWI1?marker=741311
10,27,USD,DEN,SLC,"Salt Lake City, United States",US,2026-08-17,0,https://www.aviasales.com/search/DEN1708SLC1?marker=741311
11,28,USD,ATL,ORL,"Orlando, United States",US,2026-08-17,0,https://www.aviasales.com/search/ATL1708ORL1?marker=741311
12,28,USD,AUS,DEN,"Denver, United States",US,2026-08-19,0,https://www.aviasales.com/search/AUS1908DEN1?marker=741311
13,28,USD,ATL,IND,"Indianapolis, United States",US,2026-08-19,0,https://www.aviasales.com/search/ATL1908IND1?marker=741311
14,29,USD,LAX,SJC,"San Jose, United States",US,2026-10-22,0,https://www.aviasales.com/search/LAX2210SJC1?marker=741311
15,30,USD,ATL,TPA,"Tampa, United States",US,2026-08-18,0,https://www.aviasales.com/search/ATL1808TPA1?marker=741311
16,30,USD,ATL,STL,"St Louis, United States",US,2026-08-15,0,https://www.aviasales.com/search/ATL1508STL1?marker=741311
17,30,USD,ATL,CVG,"Cincinnati, United States",US,2026-08-12,0,https://www.aviasales.com/search/ATL1208CVG1?marker=741311
18,30,USD,MCO,AUS,"Austin, United States",US,2026-08-12,0,https://www.aviasales.com/search/MCO1208AUS1?marker=741311
19,30,USD,IAD,SAV,"Savannah, United States",US,2026-08-02,0,https://www.aviasales.com/search/IAD0208SAV1?marker=741311
20,33,USD,DEN,HOU,"Houston, United States",US,2026-08-13,0,https://www.aviasales.com/search/DEN1308HOU1?marker=741311
21,33,USD,MCO,RIC,"Richmond, United States",US,2026-07-30,0,https://www.aviasales.com/search/MCO3007RIC1?marker=741311
22,36,USD,SAN,PHX,"Phoenix, United States",US,2026-09-25,0,https://www.aviasales.com/search/SAN2509PHX1?marker=741311
23,36,USD,FLL,AVL,"Asheville, United States",US,2026-09-25,0,https://www.aviasales.com/search/FLL2509AVL1?marker=741311
24,37,USD,FLL,CHI,"Chicago, United States",US,2026-09-01,0,https://www.aviasales.com/search/FLL0109CHI1?marker=741311
25,37,USD,ATL,MIA,"Miami, United States",US,2026-08-31,0,https://www.aviasales.com/search/ATL3108MIA1?marker=741311
26,38,USD,ATL,MKC,"Kansas City, United States",US,2026-08-24,0,https://www.aviasales.com/search/ATL2408MKC1?marker=741311
27,38,USD,ATL,DTT,"Detroit, United States",US,2026-08-20,0,https://www.aviasales.com/search/ATL2008DTT1?marker=741311
28,39,USD,ATL,WAS,"Washington, United States",US,2026-09-01,0,https://www.aviasales.com/search/ATL0109WAS1?marker=741311
29,39,USD,FLL,SWF,"Newburgh, United States",US,2026-08-06,0,https://www.aviasales.com/search/FLL0608SWF1?marker=741311
30,39,USD,IAD,TYS,"Knoxville, United States",US,2026-08-03,0,https://www.aviasales.com/search/IAD0308TYS1?marker=741311
31,39,USD,LAS,FAT,"Fresno, United States",US,2026-08-17,0,https://www.aviasales.com/search/LAS1708FAT1?marker=741311
32,40,USD,ATL,FLL,"Fort Lauderdale, United States",US,2026-08-23,0,https://www.aviasales.com/search/ATL2308FLL1?marker=741311
33,42,USD,LAX,YVR,"Vancouver, Canada",CA,2026-10-02,2,https://www.aviasales.com/search/LAX0210YVR1?marker=741311
34,43,USD,ATL,RDU,"Raleigh, United States",US,2026-08-24,0,https://www.aviasales.com/search/ATL2408RDU1?marker=741311
35,44,USD,ORD,CLE,"Cleveland, United States",US,2026-10-22,0,https://www.aviasales.com/search/ORD2210CLE1?marker=741311
36,44,USD,FLL,PHL,"Philadelphia, United States",US,2026-08-13,0,https://www.aviasales.com/search/FLL1308PHL1?marker=741311
37,45,USD,DEN,SEA,"Seattle, United States",US,2026-08-16,0,https://www.aviasales.com/search/DEN1608SEA1?marker=741311
38,46,USD,MCO,NYC,"New York, United States",US,2026-11-03,0,https://www.aviasales.com/search/MCO0311NYC1?marker=741311
39,46,USD,LAX,RNO,"Reno, United States",US,2026-08-18,0,https://www.aviasales.com/search/LAX1808RNO1?marker=741311
40,51,USD,DFW,MSY,"New Orleans, United States",US,2026-09-01,0,https://www.aviasales.com/search/DFW0109MSY1?marker=741311
41,51,USD,LAS,OAK,"Oakland, United States",US,2026-08-21,0,https://www.aviasales.com/search/LAS2108OAK1?marker=741311
42,53,USD,ORD,MSP,"Minneapolis, United States",US,2026-08-19,0,https://www.aviasales.com/search/ORD1908MSP1?marker=741311
43,56,USD,BOS,PQI,"Presque Isle, United States",US,2026-08-20,0,https://www.aviasales.com/search/BOS2008PQI1?marker=741311
44,57,USD,MCO,BOS,"Boston, United States",US,2026-10-31,0,https://www.aviasales.com/search/MCO3110BOS1?marker=741311
45,58,USD,TPA,MEM,"Memphis, United States",US,2026-08-14,0,https://www.aviasales.com/search/TPA1408MEM1?marker=741311
46,58,USD,FLL,GSP,"Greenville, United States",US,2026-08-16,0,https://www.aviasales.com/search/FLL1608GSP1?marker=741311
47,58,USD,TPA,CHA,"Chattanooga, United States",US,2026-08-20,0,https://www.aviasales.com/search/TPA2008CHA1?marker=741311
48,62,USD,LAX,SAC,"Sacramento, United States",US,2026-09-11,0,https://www.aviasales.com/search/LAX1109SAC1?marker=741311
49,62,USD,DFW,ELD,"El Dorado, United States",US,2026-08-21,0,https://www.aviasales.com/search/DFW2108ELD1?marker=741311
50,62,USD,PHX,SOW,"Show Low, United States",US,2026-08-19,0,https://www.aviasales.com/search/PHX1908SOW1?marker=741311
51,63,USD,TPA,MYR,"Myrtle Beach, United States",US,2026-08-14,0,https://www.aviasales.com/search/TPA1408MYR1?marker=741311
52,64,USD,TPA,SJU,"San Juan, Puerto Rico",PR,2026-08-21,0,https://www.aviasales.com/search/TPA2108SJU1?marker=741311
53,64,USD,LAS,SCK,"Stockton, United States",US,2026-08-21,0,https://www.aviasales.com/search/LAS2108SCK1?marker=741311
54,65,USD,ATL,ORF,"Norfolk, United States",US,2026-08-02,0,https://www.aviasales.com/search/ATL0208ORF1?marker=741311
55,65,USD,DEN,ELP,"El Paso, United States",US,2026-09-23,0,https://www.aviasales.com/search/DEN2309ELP1?marker=741311
56,65,USD,PHX,PDX,"Portland, United States",US,2026-08-02,0,https://www.aviasales.com/search/PHX0208PDX1?marker=741311
57,65,USD,DFW,QRO,"Queretaro, Mexico",MX,2026-09-12,0,https://www.aviasales.com/search/DFW1209QRO1?marker=741311
58,65,USD,ORD,PIT,"Pittsburgh, United States",US,2026-10-12,0,https://www.aviasales.com/search/ORD1210PIT1?marker=741311
59,67,USD,ORD,IRK,"Kirksville, United States",US,2026-08-14,0,https://www.aviasales.com/search/ORD1408IRK1?marker=741311
60,70,USD,JFK,BNA,"Nashville, United States",US,2026-08-29,0,https://www.aviasales.com/search/JFK2908BNA1?marker=741311
61,72,USD,LAS,LGB,"Long Beach, United States",US,2026-10-19,0,https://www.aviasales.com/search/LAS1910LGB1?marker=741311
62,73,USD,MCO,BUF,"Buffalo, United States",US,2026-09-03,0,https://www.aviasales.com/search/MCO0309BUF1?marker=741311
63,73,USD,PDX,PDT,"Pendleton, United States",US,2026-08-21,0,https://www.aviasales.com/search/PDX2108PDT1?marker=741311
64,74,USD,ORD,GRR,"Grand Rapids, United States",US,2026-08-19,0,https://www.aviasales.com/search/ORD1908GRR1?marker=741311
65,75,USD,MIA,CMH,"Columbus, United States",US,2026-08-20,1,https://www.aviasales.com/search/MIA2008CMH1?marker=741311
66,75,USD,MCO,BGR,"Bangor, United States",US,2026-07-29,1,https://www.aviasales.com/search/MCO2907BGR1?marker=741311
67,76,USD,LAS,EUG,"Eugene, United States",US,2026-08-20,0,https://www.aviasales.com/search/LAS2008EUG1?marker=741311
68,77,USD,PHX,BIL,"Billings, United States",US,2026-08-02,0,https://www.aviasales.com/search/PHX0208BIL1?marker=741311
69,78,USD,DEN,OMA,"Omaha, United States",US,2026-08-21,0,https://www.aviasales.com/search/DEN2108OMA1?marker=741311
70,79,USD,SFO,PSP,"Palm Springs, United States",US,2026-08-29,0,https://www.aviasales.com/search/SFO2908PSP1?marker=741311
71,79,USD,SAN,GEG,"Spokane, United States",US,2026-10-01,2,https://www.aviasales.com/search/SAN0110GEG1?marker=741311
72,81,USD,IAD,YTO,"Toronto, Canada",CA,2026-09-08,0,https://www.aviasales.com/search/IAD0809YTO1?marker=741311
73,81,USD,TPA,GPT,"Gulfport, United States",US,2026-07-31,0,https://www.aviasales.com/search/TPA3107GPT1?marker=741311
74,82,USD,IAH,MEX,"Mexico City, Mexico",MX,2026-08-19,0,https://www.aviasales.com/search/IAH1908MEX1?marker=741311
75,82,USD,LAS,SAT,"San Antonio, United States",US,2026-10-22,0,https://www.aviasales.com/search/LAS2210SAT1?marker=741311
76,83,USD,IAH,MLM,"Morelia, Mexico",MX,2026-12-26,0,https://www.aviasales.com/search/IAH2612MLM1?marker=741311
77,83,USD,BOS,LEB,"Lebanon, United States",US,2026-07-30,0,https://www.aviasales.com/search/BOS3007LEB1?marker=741311
78,83,USD,MCO,SBY,"Salisbury-Ocean City, United States",US,2026-07-31,0,https://www.aviasales.com/search/MCO3107SBY1?marker=741311
79,84,USD,SAN,YYC,"Calgary, Canada",CA,2026-10-02,1,https://www.aviasales.com/search/SAN0210YYC1?marker=741311
80,84,USD,MCO,ISP,"Islip, United States",US,2026-09-11,0,https://www.aviasales.com/search/MCO1109ISP1?marker=741311
81,85,USD,ATL,EYW,"Key West, United States",US,2026-08-20,1,https://www.aviasales.com/search/ATL2008EYW1?marker=741311
82,85,USD,DEN,OKC,"Oklahoma City, United States",US,2026-08-21,0,https://www.aviasales.com/search/DEN2108OKC1?marker=741311
83,86,USD,IAH,PBC,"Puebla, Mexico",MX,2026-08-08,0,https://www.aviasales.com/search/IAH0808PBC1?marker=741311
84,87,USD,MIA,NAS,"Nassau, Bahamas",BS,2026-09-28,0,https://www.aviasales.com/search/MIA2809NAS1?marker=741311
85,87,USD,FLL,CLT,"Charlotte, United States",US,2026-08-03,0,https://www.aviasales.com/search/FLL0308CLT1?marker=741311
86,87,USD,ATL,BMI,"Bloomington, United States",US,2026-08-22,1,https://www.aviasales.com/search/ATL2208BMI1?marker=741311
87,88,USD,LAX,ABQ,"Albuquerque, United States",US,2026-08-18,0,https://www.aviasales.com/search/LAX1808ABQ1?marker=741311
88,88,USD,DEN,FAR,"Fargo, United States",US,2026-08-21,0,https://www.aviasales.com/search/DEN2108FAR1?marker=741311
89,89,USD,BOS,AUG,"Augusta, United States",US,2026-08-17,0,https://www.aviasales.com/search/BOS1708AUG1?marker=741311
90,89,USD,ORD,DEC,"Decatur, United States",US,2026-08-17,0,https://www.aviasales.com/search/ORD1708DEC1?marker=741311
91,90,USD,TPA,PNS,"Pensacola, United States",US,2026-08-20,0,https://www.aviasales.com/search/TPA2008PNS1?marker=741311
92,91,USD,MCO,HVN,"New Haven, United States",US,2026-08-05,0,https://www.aviasales.com/search/MCO0508HVN1?marker=741311
93,94,USD,LAX,GDL,"Guadalajara, Mexico",MX,2026-08-22,0,https://www.aviasales.com/search/LAX2208GDL1?marker=741311
94,95,USD,DFW,HOT,"Hot Springs, United States",US,2026-08-22,0,https://www.aviasales.com/search/DFW2208HOT1?marker=741311
95,95,USD,DEN,BOI,"Boise, United States",US,2026-08-18,0,https://www.aviasales.com/search/DEN1808BOI1?marker=741311
96,95,USD,PHX,PSC,"Pasco, United States",US,2026-08-06,0,https://www.aviasales.com/search/PHX0608PSC1?marker=741311
97,96,USD,MIA,FMY,"Fort Myers, United States",US,2026-08-20,1,https://www.aviasales.com/search/MIA2008FMY1?marker=741311
98,96,USD,ATL,ILM,"Wilmington, United States",US,2026-08-20,1,https://www.aviasales.com/search/ATL2008ILM1?marker=741311
99,99,USD,CLT,PKB,"Parkersburg, United States",US,2026-07-28,0,https://www.aviasales.com/search/CLT2807PKB1?marker=741311
100,100,USD,ORD,FSD,"Sioux Falls, United States",US,2026-07-29,0,https://www.aviasales.com/search/ORD2907FSD1?marker=741311
101,100,USD,DEN,ICT,"Wichita, United States",US,2026-07-29,0,https://www.aviasales.com/search/DEN2907ICT1?marker=741311
102,100,USD,TPA,CAK,"Akron, United States",US,2026-08-18,1,https://www.aviasales.com/search/TPA1808CAK1?marker=741311
103,101,USD,IAD,SDF,"Louisville, United States",US,2026-07-29,0,https://www.aviasales.com/search/IAD2907SDF1?marker=741311
104,101,USD,DFW,MTY,"Monterrey, Mexico",MX,2026-08-21,0,https://www.aviasales.com/search/DFW2108MTY1?marker=741311
105,101,USD,DEN,AIA,"Alliance, United States",US,2026-08-21,0,https://www.aviasales.com/search/DEN2108AIA1?marker=741311
106,101,USD,LAX,MRY,"Monterey, United States",US,2026-07-29,0,https://www.aviasales.com/search/LAX2907MRY1?marker=741311
107,101,USD,LAX,SBA,"Santa Barbara, United States",US,2026-07-29,0,https://www.aviasales.com/search/LAX2907SBA1?marker=741311
108,103,USD,AUS,MID,"Merida, Mexico",MX,2026-11-27,1,https://www.aviasales.com/search/AUS2711MID1?marker=741311
109,103,USD,DEN,CNY,"Moab, United States",US,2026-08-21,0,https://www.aviasales.com/search/DEN2108CNY1?marker=741311
110,104,USD,LAX,GUA,"Guatemala City, Guatemala",GT,2026-08-20,0,https://www.aviasales.com/search/LAX2008GUA1?marker=741311
111,104,USD,DCA,PBI,"West Palm Beach, United States",US,2026-08-21,0,https://www.aviasales.com/search/DCA2108PBI1?marker=741311
112,105,USD,PHX,COS,"Colorado Springs, United States",US,2026-08-19,0,https://www.aviasales.com/search/PHX1908COS1?marker=741311
113,105,USD,JFK,ROC,"Rochester, United States",US,2026-08-17,1,https://www.aviasales.com/search/JFK1708ROC1?marker=741311
114,105,USD,LAS,YEA,"Edmonton, Canada",CA,2026-08-22,2,https://www.aviasales.com/search/LAS2208YEA1?marker=741311
115,105,USD,MSP,FCA,"Kalispell, United States",US,2026-08-17,0,https://www.aviasales.com/search/MSP1708FCA1?marker=741311
116,106,USD,ATL,LEX,"Lexington, United States",US,2026-08-19,1,https://www.aviasales.com/search/ATL1908LEX1?marker=741311
117,106,USD,ORD,LAF,"Lafayette, United States",US,2026-10-01,0,https://www.aviasales.com/search/ORD0110LAF1?marker=741311
118,107,USD,DFW,AMA,"Amarillo, United States",US,2026-08-22,0,https://www.aviasales.com/search/DFW2208AMA1?marker=741311
119,109,USD,IAD,CHS,"Charleston, United States",US,2026-07-28,0,https://www.aviasales.com/search/IAD2807CHS1?marker=741311
120,109,USD,SFO,PAE,"Everett, United States",US,2026-08-11,0,https://www.aviasales.com/search/SFO1108PAE1?marker=741311
121,109,USD,IAH,BJX,"Leon/Guanajuato, Mexico",MX,2026-11-25,1,https://www.aviasales.com/search/IAH2511BJX1?marker=741311
122,109,USD,ORD,MSN,"Madison, United States",US,2026-07-28,0,https://www.aviasales.com/search/ORD2807MSN1?marker=741311
123,109,USD,IAD,CAE,"Columbia, United States",US,2026-07-28,0,https://www.aviasales.com/search/IAD2807CAE1?marker=741311
124,109,USD,LAX,BZN,"Bozeman, United States",US,2026-08-27,1,https://www.aviasales.com/search/LAX2708BZN1?marker=741311
125,109,USD,ORD,TVC,"Traverse City, United States",US,2026-07-28,0,https://www.aviasales.com/search/ORD2807TVC1?marker=741311
126,110,USD,JFK,SYR,"Syracuse, United States",US,2026-10-03,1,https://www.aviasales.com/search/JFK0310SYR1?marker=741311
127,111,USD,ATL,BHM,"Birmingham, United States",US,2026-08-21,1,https://www.aviasales.com/search/ATL2108BHM1?marker=741311
128,112,USD,DEN,MOT,"Minot, United States",US,2026-08-19,1,https://www.aviasales.com/search/DEN1908MOT1?marker=741311
129,113,USD,ORD,DAY,"Dayton, United States",US,2026-07-31,0,https://www.aviasales.com/search/ORD3107DAY1?marker=741311
130,113,USD,IAD,BTV,"Burlington, United States",US,2026-07-31,0,https://www.aviasales.com/search/IAD3107BTV1?marker=741311
131,113,USD,SFO,TUL,"Tulsa, United States",US,2026-08-20,1,https://www.aviasales.com/search/SFO2008TUL1?marker=741311
132,113,USD,ORD,FWA,"Fort Wayne, United States",US,2026-07-31,0,https://www.aviasales.com/search/ORD3107FWA1?marker=741311
133,113,USD,DEN,GCC,"Gillette, United States",US,2026-07-31,0,https://www.aviasales.com/search/DEN3107GCC1?marker=741311
134,113,USD,IAH,HRL,"Harlingen, United States",US,2026-08-18,1,https://www.aviasales.com/search/IAH1808HRL1?marker=741311
135,114,USD,ORD,PWM,"Portland, United States",US,2026-09-01,1,https://www.aviasales.com/search/ORD0109PWM1?marker=741311
136,114,USD,ORD,DSM,"Des Moines, United States",US,2026-09-01,0,https://www.aviasales.com/search/ORD0109DSM1?marker=741311
137,114,USD,ORD,CMX,"Hancock, United States",US,2026-08-02,0,https://www.aviasales.com/search/ORD0208CMX1?marker=741311
138,115,USD,DTW,LIT,"Little Rock, United States",US,2026-08-22,1,https://www.aviasales.com/search/DTW2208LIT1?marker=741311
139,115,USD,ORD,VPS,"Fort Walton Beach, United States",US,2026-09-30,1,https://www.aviasales.com/search/ORD3009VPS1?marker=741311
140,115,USD,SEA,RDM,"Redmond, United States",US,2026-08-28,1,https://www.aviasales.com/search/SEA2808RDM1?marker=741311
141,116,USD,LAX,HNL,"Honolulu, United States",US,2026-07-25,0,https://www.aviasales.com/search/LAX2507HNL1?marker=741311
142,117,USD,ORD,PVD,"Providence, United States",US,2026-09-17,1,https://www.aviasales.com/search/ORD1709PVD1?marker=741311
143,118,USD,IAH,AEX,"Alexandria, United States",US,2026-08-21,0,https://www.aviasales.com/search/IAH2108AEX1?marker=741311
144,118,USD,SEA,KOA,"Kailua-Kona, United States",US,2026-07-27,0,https://www.aviasales.com/search/SEA2707KOA1?marker=741311
145,119,USD,MCO,BDL,"Hartford, United States",US,2026-08-07,0,https://www.aviasales.com/search/MCO0708BDL1?marker=741311
146,119,USD,SAN,TUS,"Tucson, United States",US,2026-08-20,0,https://www.aviasales.com/search/SAN2008TUS1?marker=741311
147,121,USD,MIA,CUN,"Cancun, Mexico",MX,2026-09-04,1,https://www.aviasales.com/search/MIA0409CUN1?marker=741311
148,121,USD,MIA,SDQ,"Santo Domingo, Dominican Republic",DO,2026-09-17,0,https://www.aviasales.com/search/MIA1709SDQ1?marker=741311
149,121,USD,MIA,MDE,"Medellin, Colombia",CO,2026-08-21,1,https://www.aviasales.com/search/MIA2108MDE1?marker=741311
150,121,USD,ATL,HPN,"Westchester County, United States",US,2026-08-17,1,https://www.aviasales.com/search/ATL1708HPN1?marker=741311
151,121,USD,IAH,BTR,"Baton Rouge, United States",US,2026-07-26,0,https://www.aviasales.com/search/IAH2607BTR1?marker=741311
152,121,USD,DFW,TRC,"Torreon, Mexico",MX,2026-08-21,1,https://www.aviasales.com/search/DFW2108TRC1?marker=741311
153,121,USD,DEN,LAR,"Laramie, United States",US,2026-07-27,0,https://www.aviasales.com/search/DEN2707LAR1?marker=741311
154,121,USD,PHX,PGA,"Page, United States",US,2026-08-20,0,https://www.aviasales.com/search/PHX2008PGA1?marker=741311
155,122,USD,BNA,PGD,"Punta Gorda, United States",US,2026-08-03,0,https://www.aviasales.com/search/BNA0308PGD1?marker=741311
156,122,USD,DEN,VEL,"Vernal, United States",US,2026-08-17,0,https://www.aviasales.com/search/DEN1708VEL1?marker=741311
157,123,USD,MCO,TLH,"Tallahassee, United States",US,2026-08-19,1,https://www.aviasales.com/search/MCO1908TLH1?marker=741311
158,123,USD,BOS,YMQ,"Montreal, Canada",CA,2026-09-03,0,https://www.aviasales.com/search/BOS0309YMQ1?marker=741311
159,125,USD,LAX,PVR,"Puerto Vallarta, Mexico",MX,2026-08-22,1,https://www.aviasales.com/search/LAX2208PVR1?marker=741311
160,125,USD,MSP,YQR,"Regina, Canada",CA,2026-08-21,0,https://www.aviasales.com/search/MSP2108YQR1?marker=741311
161,126,USD,MIA,BOG,"Bogota, Colombia",CO,2026-08-21,0,https://www.aviasales.com/search/MIA2108BOG1?marker=741311
162,126,USD,BOS,SRQ,"Sarasota, United States",US,2026-09-15,1,https://www.aviasales.com/search/BOS1509SRQ1?marker=741311
163,126,USD,RDU,STI,"Santiago, Dominican Republic",DO,2026-08-03,1,https://www.aviasales.com/search/RDU0308STI1?marker=741311
164,127,USD,LAX,ZIH,"Ixtapa, Mexico",MX,2026-08-22,1,https://www.aviasales.com/search/LAX2208ZIH1?marker=741311
165,128,USD,ATL,JAN,"Jackson, United States",US,2026-09-22,1,https://www.aviasales.com/search/ATL2209JAN1?marker=741311
166,128,USD,LAX,STS,"Santa Rosa, United States",US,2026-08-01,0,https://www.aviasales.com/search/LAX0108STS1?marker=741311
167,128,USD,SEA,YLW,"Kelowna, Canada",CA,2026-08-20,2,https://www.aviasales.com/search/SEA2008YLW1?marker=741311
168,129,USD,FLL,SXM,"Sint Maarten, Sint Maarten",SX,2026-09-18,0,https://www.aviasales.com/search/FLL1809SXM1?marker=741311
169,129,USD,MCO,LON,"London, United Kingdom",GB,2027-01-08,0,https://www.aviasales.com/search/MCO0801LON1?marker=741311
170,131,USD,IAH,SAL,"San Salvador, El Salvador",SV,2026-10-29,0,https://www.aviasales.com/search/IAH2910SAL1?marker=741311
171,131,USD,ORD,SCE,"State College, United States",US,2026-07-29,0,https://www.aviasales.com/search/ORD2907SCE1?marker=741311
172,132,USD,LAX,MZT,"Mazatlan, Mexico",MX,2026-08-20,1,https://www.aviasales.com/search/LAX2008MZT1?marker=741311
173,133,USD,MCO,BQN,"Aguadilla, Puerto Rico",PR,2026-10-17,0,https://www.aviasales.com/search/MCO1710BQN1?marker=741311
174,133,USD,JFK,ACK,"Nantucket, United States",US,2026-08-21,0,https://www.aviasales.com/search/JFK2108ACK1?marker=741311
175,134,USD,MIA,PUJ,"Punta Cana, Dominican Republic",DO,2026-08-21,0,https://www.aviasales.com/search/MIA2108PUJ1?marker=741311
176,134,USD,ATL,DAB,"Daytona Beach, United States",US,2026-08-15,1,https://www.aviasales.com/search/ATL1508DAB1?marker=741311
177,134,USD,MSP,MFR,"Medford, United States",US,2026-07-30,1,https://www.aviasales.com/search/MSP3007MFR1?marker=741311
178,135,USD,LAS,SGF,"Springfield, United States",US,2026-08-21,0,https://www.aviasales.com/search/LAS2108SGF1?marker=741311
179,135,USD,ORD,MHT,"Manchester, United States",US,2026-07-30,1,https://www.aviasales.com/search/ORD3007MHT1?marker=741311
180,135,USD,IAH,TGZ,"Tuxtla Gutierrez, Mexico",MX,2026-08-21,1,https://www.aviasales.com/search/IAH2108TGZ1?marker=741311
181,135,USD,MSP,IWD,"Ironwood, United States",US,2026-08-21,0,https://www.aviasales.com/search/MSP2108IWD1?marker=741311
182,136,USD,PHL,CID,"Cedar Rapids, United States",US,2026-09-05,1,https://www.aviasales.com/search/PHL0509CID1?marker=741311
183,136,USD,IAD,MGW,"Morgantown, United States",US,2026-07-29,0,https://www.aviasales.com/search/IAD2907MGW1?marker=741311
184,137,USD,PHX,BLI,"Bellingham, United States",US,2026-08-22,1,https://www.aviasales.com/search/PHX2208BLI1?marker=741311
185,138,USD,FLL,ALB,"Albany, United States",US,2026-08-22,1,https://www.aviasales.com/search/FLL2208ALB1?marker=741311
186,139,USD,MIA,LIM,"Lima, Peru",PE,2026-08-26,1,https://www.aviasales.com/search/MIA2608LIM1?marker=741311
187,139,USD,TPA,SAP,"San Pedro Sula, Honduras",HN,2026-12-03,2,https://www.aviasales.com/search/TPA0312SAP1?marker=741311
188,139,USD,CLT,FYV,"Fayetteville, United States",US,2026-08-19,1,https://www.aviasales.com/search/CLT1908FYV1?marker=741311
189,139,USD,DEN,ALS,"Alamosa, United States",US,2026-08-20,0,https://www.aviasales.com/search/DEN2008ALS1?marker=741311
190,140,USD,SFO,GYE,"Guayaquil, Ecuador",EC,2027-01-12,1,https://www.aviasales.com/search/SFO1201GYE1?marker=741311
191,141,USD,ORD,MKE,"Milwaukee, United States",US,2026-08-02,0,https://www.aviasales.com/search/ORD0208MKE1?marker=741311
192,141,USD,DEN,DDC,"Dodge City, United States",US,2026-08-19,0,https://www.aviasales.com/search/DEN1908DDC1?marker=741311
193,141,USD,IAH,VER,"Veracruz, Mexico",MX,2026-08-13,1,https://www.aviasales.com/search/IAH1308VER1?marker=741311
194,142,USD,JFK,MBJ,"Montego Bay, Jamaica",JM,2026-08-18,1,https://www.aviasales.com/search/JFK1808MBJ1?marker=741311
195,142,USD,PHL,ATW,"Appleton, United States",US,2026-09-03,1,https://www.aviasales.com/search/PHL0309ATW1?marker=741311
196,143,USD,MIA,CTG,"Cartagena, Colombia",CO,2026-08-22,1,https://www.aviasales.com/search/MIA2208CTG1?marker=741311
197,143,USD,SEA,ANC,"Anchorage, United States",US,2026-07-27,1,https://www.aviasales.com/search/SEA2707ANC1?marker=741311
198,145,USD,BNA,SJO,"San Jose, Costa Rica",CR,2027-01-13,1,https://www.aviasales.com/search/BNA1301SJO1?marker=741311
199,145,USD,BNA,BRO,"Brownsville, United States",US,2026-10-18,1,https://www.aviasales.com/search/BNA1810BRO1?marker=741311
200,145,USD,MCO,PSE,"Ponce, Puerto Rico",PR,2026-07-31,0,https://www.aviasales.com/search/MCO3107PSE1?marker=741311
201,146,USD,PHL,CLO,"Cali, Colombia",CO,2026-10-14,2,https://www.aviasales.com/search/PHL1410CLO1?marker=741311
202,146,USD,IAH,DGO,"Durango, Mexico",MX,2026-08-21,1,https://www.aviasales.com/search/IAH2108DGO1?marker=741311
203,146,USD,SEA,ACA,"Acapulco, Mexico",MX,2026-07-28,2,https://www.aviasales.com/search/SEA2807ACA1?marker=741311
204,147,USD,JFK,ROM,"Rome, Italy",IT,2026-10-20,0,https://www.aviasales.com/search/JFK2010ROM1?marker=741311
205,147,USD,IAH,LBB,"Lubbock, United States",US,2026-08-02,1,https://www.aviasales.com/search/IAH0208LBB1?marker=741311
206,149,USD,FLL,YWG,"Winnipeg, Canada",CA,2026-08-29,1,https://www.aviasales.com/search/FLL2908YWG1?marker=741311
207,150,USD,JFK,FAY,"Fayetteville, United States",US,2026-08-03,1,https://www.aviasales.com/search/JFK0308FAY1?marker=741311
208,151,USD,JFK,KIN,"Kingston, Jamaica",JM,2026-12-02,1,https://www.aviasales.com/search/JFK0212KIN1?marker=741311
209,151,USD,SEA,FAI,"Fairbanks, United States",US,2026-07-28,0,https://www.aviasales.com/search/SEA2807FAI1?marker=741311
210,151,USD,JFK,BDA,"Bermuda, Bermuda",BM,2026-08-17,0,https://www.aviasales.com/search/JFK1708BDA1?marker=741311
211,151,USD,PHX,GCN,"Grand Canyon, United States",US,2026-08-02,0,https://www.aviasales.com/search/PHX0208GCN1?marker=741311
212,152,USD,IAH,ECP,"Panama City, United States",US,2026-07-25,0,https://www.aviasales.com/search/IAH2507ECP1?marker=741311
213,152,USD,ORD,HAR,"Harrisburg, United States",US,2026-07-28,0,https://www.aviasales.com/search/ORD2807HAR1?marker=741311
214,152,USD,ORD,CMI,"Champaign, United States",US,2026-08-01,0,https://www.aviasales.com/search/ORD0108CMI1?marker=741311
215,152,USD,SEA,MSO,"Missoula, United States",US,2026-08-21,0,https://www.aviasales.com/search/SEA2108MSO1?marker=741311
216,153,USD,LAX,UIO,"Quito, Ecuador",EC,2026-08-24,1,https://www.aviasales.com/search/LAX2408UIO1?marker=741311
217,153,USD,ORD,YKF,"Kitchener, Canada",CA,2026-08-21,1,https://www.aviasales.com/search/ORD2108YKF1?marker=741311
218,154,USD,DFW,SLP,"San Luis Potosi, Mexico",MX,2026-08-20,2,https://www.aviasales.com/search/DFW2008SLP1?marker=741311
219,155,USD,IAD,YOW,"Ottawa, Canada",CA,2026-08-22,1,https://www.aviasales.com/search/IAD2208YOW1?marker=741311
220,157,USD,LAX,OGG,"Kahului, United States",US,2026-08-25,0,https://www.aviasales.com/search/LAX2508OGG1?marker=741311
221,158,USD,MIA,BUE,"Buenos Aires, Argentina",AR,2026-09-15,1,https://www.aviasales.com/search/MIA1509BUE1?marker=741311
222,158,USD,BNA,CHO,"Charlottesville, United States",US,2026-08-12,1,https://www.aviasales.com/search/BNA1208CHO1?marker=741311
223,158,USD,LAS,ITO,"Hilo, United States",US,2026-07-28,1,https://www.aviasales.com/search/LAS2807ITO1?marker=741311
224,159,USD,MCO,SBN,"South Bend, United States",US,2026-08-21,2,https://www.aviasales.com/search/MCO2108SBN1?marker=741311
225,161,USD,JFK,ATH,"Athens, Greece",GR,2026-09-27,0,https://www.aviasales.com/search/JFK2709ATH1?marker=741311
226,161,USD,LAX,CUL,"Culiacan, Mexico",MX,2026-08-18,1,https://www.aviasales.com/search/LAX1808CUL1?marker=741311
227,161,USD,ORD,ZCL,"Zacatecas, Mexico",MX,2026-08-20,1,https://www.aviasales.com/search/ORD2008ZCL1?marker=741311
228,161,USD,ORD,MLI,"Moline, United States",US,2026-08-02,0,https://www.aviasales.com/search/ORD0208MLI1?marker=741311
229,161,USD,IAH,CUU,"Chihuahua, Mexico",MX,2026-08-21,1,https://www.aviasales.com/search/IAH2108CUU1?marker=741311
230,163,USD,ORD,OAX,"Oaxaca, Mexico",MX,2026-08-22,1,https://www.aviasales.com/search/ORD2208OAX1?marker=741311
231,163,USD,ATL,FNT,"Flint, United States",US,2026-08-19,1,https://www.aviasales.com/search/ATL1908FNT1?marker=741311
232,163,USD,SEA,PUW,"Pullman, United States",US,2026-08-17,0,https://www.aviasales.com/search/SEA1708PUW1?marker=741311
233,164,USD,MIA,MFE,"McAllen, United States",US,2026-07-28,1,https://www.aviasales.com/search/MIA2807MFE1?marker=741311
234,165,USD,LAX,HAV,"Havana, Cuba",CU,2026-10-01,2,https://www.aviasales.com/search/LAX0110HAV1?marker=741311
235,166,USD,TPA,ROA,"Roanoke, United States",US,2026-10-03,2,https://www.aviasales.com/search/TPA0310ROA1?marker=741311
236,166,USD,DEN,EAR,"Kearney, United States",US,2026-08-20,0,https://www.aviasales.com/search/DEN2008EAR1?marker=741311
237,166,USD,ORD,YXJ,"Fort St John, Canada",CA,2026-10-01,2,https://www.aviasales.com/search/ORD0110YXJ1?marker=741311
238,166,USD,SEA,YXE,"Saskatoon, Canada",CA,2026-12-01,1,https://www.aviasales.com/search/SEA0112YXE1?marker=741311
239,166,USD,FLL,AXM,"Armenia, Colombia",CO,2026-08-20,2,https://www.aviasales.com/search/FLL2008AXM1?marker=741311
240,168,USD,MIA,FPO,"Freeport, Bahamas",BS,2026-08-22,1,https://www.aviasales.com/search/MIA2208FPO1?marker=741311
241,168,USD,PHX,LAN,"Lansing, United States",US,2026-09-17,1,https://www.aviasales.com/search/PHX1709LAN1?marker=741311
242,171,USD,PHX,MAF,"Midland, United States",US,2026-09-10,1,https://www.aviasales.com/search/PHX1009MAF1?marker=741311
243,171,USD,SEA,ALW,"Walla Walla, United States",US,2026-07-28,0,https://www.aviasales.com/search/SEA2807ALW1?marker=741311
244,172,USD,IAD,JBR,"Jonesboro, United States",US,2026-08-20,2,https://www.aviasales.com/search/IAD2008JBR1?marker=741311
245,172,USD,SEA,YYJ,"Victoria, Canada",CA,2026-08-20,1,https://www.aviasales.com/search/SEA2008YYJ1?marker=741311
246,173,USD,DCA,LIR,"Liberia, Costa Rica",CR,2026-08-17,1,https://www.aviasales.com/search/DCA1708LIR1?marker=741311
247,176,USD,BOS,BCN,"Barcelona, Spain",ES,2026-10-22,0,https://www.aviasales.com/search/BOS2210BCN1?marker=741311
248,177,USD,JFK,BGI,"Bridgetown, Barbados",BB,2026-09-04,0,https://www.aviasales.com/search/JFK0409BGI1?marker=741311
249,177,USD,SEA,KTN,"Ketchikan, United States",US,2026-07-29,0,https://www.aviasales.com/search/SEA2907KTN1?marker=741311
250,179,USD,MCO,AUA,"Oranjestad, Aruba",AW,2026-09-21,1,https://www.aviasales.com/search/MCO2109AUA1?marker=741311
251,179,USD,SFO,LIH,"Kauai Island, United States",US,2026-08-21,0,https://www.aviasales.com/search/SFO2108LIH1?marker=741311
252,179,USD,MCO,OWB,"Owensboro, United States",US,2026-08-19,1,https://www.aviasales.com/search/MCO1908OWB1?marker=741311
253,180,USD,JFK,TIA,"Tirana, Albania",AL,2026-10-15,1,https://www.aviasales.com/search/JFK1510TIA1?marker=741311
254,181,USD,ORD,CRW,"Charleston, United States",US,2026-08-18,1,https://www.aviasales.com/search/ORD1808CRW1?marker=741311
255,182,USD,MIA,PTY,"Panama City, Panama",PA,2026-08-20,0,https://www.aviasales.com/search/MIA2008PTY1?marker=741311
256,182,USD,ORD,MAD,"Madrid, Spain",ES,2026-09-22,2,https://www.aviasales.com/search/ORD2209MAD1?marker=741311
257,182,USD,ORD,GRB,"Green Bay, United States",US,2026-08-20,0,https://www.aviasales.com/search/ORD2008GRB1?marker=741311
258,183,USD,JFK,STT,"Saint Thomas, U.S. Virgin Islands",VI,2027-01-06,0,https://www.aviasales.com/search/JFK0601STT1?marker=741311
259,183,USD,LAX,AGU,"Aguascalientes, Mexico",MX,2026-08-03,2,https://www.aviasales.com/search/LAX0308AGU1?marker=741311
260,183,USD,SEA,JAC,"Jackson, United States",US,2026-07-30,0,https://www.aviasales.com/search/SEA3007JAC1?marker=741311
261,184,USD,LAX,BZE,"Belize City, Belize",BZ,2026-09-18,1,https://www.aviasales.com/search/LAX1809BZE1?marker=741311
262,184,USD,ORD,FLO,"Florence, United States",US,2026-09-30,1,https://www.aviasales.com/search/ORD3009FLO1?marker=741311
263,184,USD,IAH,SLW,"Saltillo, Mexico",MX,2026-08-21,2,https://www.aviasales.com/search/IAH2108SLW1?marker=741311
264,185,USD,JFK,MIL,"Milan, Italy",IT,2026-10-13,2,https://www.aviasales.com/search/JFK1310MIL1?marker=741311
265,185,USD,ORD,SPI,"Springfield, United States",US,2026-08-21,2,https://www.aviasales.com/search/ORD2108SPI1?marker=741311
266,187,USD,TPA,PBG,"Plattsburgh, United States",US,2026-08-20,2,https://www.aviasales.com/search/TPA2008PBG1?marker=741311
267,188,USD,JFK,VCE,"Venice, Italy",IT,2026-09-28,1,https://www.aviasales.com/search/JFK2809VCE1?marker=741311
268,188,USD,SLC,WYS,"West Yellowstone, United States",US,2026-08-15,1,https://www.aviasales.com/search/SLC1508WYS1?marker=741311
269,189,USD,ORD,MBS,"Saginaw, United States",US,2026-08-20,0,https://www.aviasales.com/search/ORD2008MBS1?marker=741311
270,189,USD,MCO,HTS,"Huntington, United States",US,2026-08-20,2,https://www.aviasales.com/search/MCO2008HTS1?marker=741311
271,190,USD,JFK,PAR,"Paris, France",FR,2026-10-25,1,https://www.aviasales.com/search/JFK2510PAR1?marker=741311
272,190,USD,JFK,SKB,"Basseterre, Saint Kitts and Nevis",KN,2026-08-19,1,https://www.aviasales.com/search/JFK1908SKB1?marker=741311
273,191,USD,JFK,GND,"St. George's, Grenada",GD,2026-08-20,0,https://www.aviasales.com/search/JFK2008GND1?marker=741311
274,193,USD,IAD,TRI,"Blountville, United States",US,2026-07-29,1,https://www.aviasales.com/search/IAD2907TRI1?marker=741311
275,194,USD,IAD,AMS,"Amsterdam, Netherlands",NL,2026-10-06,1,https://www.aviasales.com/search/IAD0610AMS1?marker=741311
276,194,USD,JFK,OSL,"Oslo, Norway",NO,2026-08-17,1,https://www.aviasales.com/search/JFK1708OSL1?marker=741311
277,195,USD,ORD,YQB,"Quebec, Canada",CA,2026-08-20,0,https://www.aviasales.com/search/ORD2008YQB1?marker=741311
278,195,USD,JFK,POS,"Port Of Spain, Trinidad and Tobago",TT,2026-09-15,0,https://www.aviasales.com/search/JFK1509POS1?marker=741311
279,196,USD,JFK,CPH,"Copenhagen, Denmark",DK,2026-08-24,1,https://www.aviasales.com/search/JFK2408CPH1?marker=741311
280,196,USD,JFK,PMI,"Palma, Spain",ES,2026-08-19,1,https://www.aviasales.com/search/JFK1908PMI1?marker=741311
281,197,USD,BOS,YHZ,"Halifax, Canada",CA,2026-08-17,1,https://www.aviasales.com/search/BOS1708YHZ1?marker=741311
282,197,USD,SEA,IDA,"Idaho Falls, United States",US,2026-09-07,1,https://www.aviasales.com/search/SEA0709IDA1?marker=741311
283,198,USD,MSP,FOD,"Fort Dodge, United States",US,2026-08-18,1,https://www.aviasales.com/search/MSP1808FOD1?marker=741311
284,200,USD,LAX,TQO,"Tulum, Mexico",MX,2026-09-05,1,https://www.aviasales.com/search/LAX0509TQO1?marker=741311
285,201,USD,JFK,EVV,"Evansville, United States",US,2027-01-10,1,https://www.aviasales.com/search/JFK1001EVV1?marker=741311
286,203,USD,LAX,MAM,"Matamoros, Mexico",MX,2026-08-22,2,https://www.aviasales.com/search/LAX2208MAM1?marker=741311
287,204,USD,JFK,FRA,"Frankfurt, Germany",DE,2026-10-18,1,https://www.aviasales.com/search/JFK1810FRA1?marker=741311
288,204,USD,MCO,NAP,"Naples, Italy",IT,2026-08-09,1,https://www.aviasales.com/search/MCO0908NAP1?marker=741311
289,204,USD,JFK,HSV,"Huntsville, United States",US,2026-08-13,2,https://www.aviasales.com/search/JFK1308HSV1?marker=741311
290,205,USD,JFK,PLS,"Providenciales, Turks and Caicos Islands",TC,2026-08-12,0,https://www.aviasales.com/search/JFK1208PLS1?marker=741311
291,206,USD,ORD,TOL,"Toledo, United States",US,2026-08-21,2,https://www.aviasales.com/search/ORD2108TOL1?marker=741311
292,207,USD,DFW,SWO,"Stillwater, United States",US,2026-08-03,0,https://www.aviasales.com/search/DFW0308SWO1?marker=741311
293,207,USD,MSP,ATY,"Watertown, United States",US,2026-08-20,1,https://www.aviasales.com/search/MSP2008ATY1?marker=741311
294,208,USD,MCO,AGP,"Malaga, Spain",ES,2026-08-09,1,https://www.aviasales.com/search/MCO0908AGP1?marker=741311
295,210,USD,LAX,MXL,"Mexicali, Mexico",MX,2026-08-03,1,https://www.aviasales.com/search/LAX0308MXL1?marker=741311
296,211,USD,RDU,RAP,"Rapid City, United States",US,2026-08-25,3,https://www.aviasales.com/search/RDU2508RAP1?marker=741311
297,213,USD,LAX,TWF,"Twin Falls, United States",US,2026-08-03,0,https://www.aviasales.com/search/LAX0308TWF1?marker=741311
298,213,USD,JFK,GSO,"Greensboro, United States",US,2026-09-13,1,https://www.aviasales.com/search/JFK1309GSO1?marker=741311
299,214,USD,FLL,GGT,"George Town, Bahamas",BS,2026-07-24,2,https://www.aviasales.com/search/FLL2407GGT1?marker=741311
300,215,USD,IAH,ABI,"Abilene, United States",US,2026-08-02,0,https://www.aviasales.com/search/IAH0208ABI1?marker=741311
301,215,USD,PHX,LMM,"Los Mochis, Mexico",MX,2026-07-30,1,https://www.aviasales.com/search/PHX3007LMM1?marker=741311
302,216,USD,JFK,BUD,"Budapest, Hungary",HU,2026-10-12,1,https://www.aviasales.com/search/JFK1210BUD1?marker=741311
303,217,USD,MCO,RIO,"Rio de Janeiro, Brazil",BR,2026-09-08,1,https://www.aviasales.com/search/MCO0809RIO1?marker=741311
304,218,USD,LAS,EGE,"Vail, United States",US,2026-08-01,1,https://www.aviasales.com/search/LAS0108EGE1?marker=741311
305,220,USD,SAN,CRP,"Corpus Christi, United States",US,2026-08-02,1,https://www.aviasales.com/search/SAN0208CRP1?marker=741311
306,220,USD,IAH,GCM,"Georgetown, Cayman Islands",KY,2026-08-21,2,https://www.aviasales.com/search/IAH2108GCM1?marker=741311
307,220,USD,LAX,ACV,"Arcata, United States",US,2026-08-02,0,https://www.aviasales.com/search/LAX0208ACV1?marker=741311
308,220,USD,JFK,LUX,"Luxembourg, Luxembourg",LU,2026-09-13,1,https://www.aviasales.com/search/JFK1309LUX1?marker=741311
309,221,USD,MIA,BAQ,"Barranquilla, Colombia",CO,2026-07-29,0,https://www.aviasales.com/search/MIA2907BAQ1?marker=741311
310,221,USD,LAX,TIJ,"Tijuana, Mexico",MX,2026-08-01,1,https://www.aviasales.com/search/LAX0108TIJ1?marker=741311
311,221,USD,JFK,PRG,"Prague, Czech Republic",CZ,2026-09-13,1,https://www.aviasales.com/search/JFK1309PRG1?marker=741311
312,222,USD,MIA,SCL,"Santiago, Chile",CL,2026-09-13,1,https://www.aviasales.com/search/MIA1309SCL1?marker=741311
313,223,USD,JFK,DUB,"Dublin, Ireland",IE,2026-09-24,1,https://www.aviasales.com/search/JFK2409DUB1?marker=741311
314,224,USD,LAX,ASE,"Aspen, United States",US,2026-08-03,0,https://www.aviasales.com/search/LAX0308ASE1?marker=741311
315,224,USD,DEN,BGA,"Bucaramanga, Colombia",CO,2026-09-03,1,https://www.aviasales.com/search/DEN0309BGA1?marker=741311
316,225,USD,MIA,BPS,"Porto Seguro, Brazil",BR,2026-08-05,2,https://www.aviasales.com/search/MIA0508BPS1?marker=741311
317,225,USD,JFK,BEG,"Belgrade, Serbia",RS,2026-10-21,1,https://www.aviasales.com/search/JFK2110BEG1?marker=741311
318,225,USD,MCO,IST,"Istanbul, Turkiye",TR,2027-01-15,1,https://www.aviasales.com/search/MCO1501IST1?marker=741311
319,225,USD,IAD,PEI,"Pereira, Colombia",CO,2026-08-29,1,https://www.aviasales.com/search/IAD2908PEI1?marker=741311
320,225,USD,PHX,MCE,"Merced, United States",US,2026-08-02,2,https://www.aviasales.com/search/PHX0208MCE1?marker=741311
321,226,USD,TPA,AVP,"Wilkes-Barre, United States",US,2026-07-31,1,https://www.aviasales.com/search/TPA3107AVP1?marker=741311
322,226,USD,ORD,COU,"Columbia, United States",US,2026-07-31,0,https://www.aviasales.com/search/ORD3107COU1?marker=741311
323,227,USD,JFK,EDI,"Edinburgh, United Kingdom",GB,2026-08-17,1,https://www.aviasales.com/search/JFK1708EDI1?marker=741311
324,228,USD,LAX,TYO,"Tokyo, Japan",JP,2026-07-29,0,https://www.aviasales.com/search/LAX2907TYO1?marker=741311
325,228,USD,LAX,LAP,"La Paz, Mexico",MX,2026-08-16,2,https://www.aviasales.com/search/LAX1608LAP1?marker=741311
326,229,USD,MIA,CUZ,"Cusco, Peru",PE,2026-08-22,2,https://www.aviasales.com/search/MIA2208CUZ1?marker=741311
327,232,USD,JFK,ZRH,"Zurich, Switzerland",CH,2026-08-28,1,https://www.aviasales.com/search/JFK2808ZRH1?marker=741311
328,232,USD,JFK,BRU,"Brussels, Belgium",BE,2026-08-30,1,https://www.aviasales.com/search/JFK3008BRU1?marker=741311
329,232,USD,ORD,LSE,"La Crosse, United States",US,2026-08-21,0,https://www.aviasales.com/search/ORD2108LSE1?marker=741311
330,232,USD,LAX,PRC,"Prescott, United States",US,2026-08-03,0,https://www.aviasales.com/search/LAX0308PRC1?marker=741311
331,233,USD,RDU,BUH,"Bucharest, Romania",RO,2026-10-16,2,https://www.aviasales.com/search/RDU1610BUH1?marker=741311
332,233,USD,JFK,IAG,"Niagara Falls, United States",US,2026-09-02,2,https://www.aviasales.com/search/JFK0209IAG1?marker=741311
333,233,USD,JFK,SJD,"San Jose Del Cabo, Mexico",MX,2026-08-22,2,https://www.aviasales.com/search/JFK2208SJD1?marker=741311
334,234,USD,MIA,FDF,"Fort-de-France, Martinique",MQ,2027-01-17,1,https://www.aviasales.com/search/MIA1701FDF1?marker=741311
335,234,USD,JFK,WAW,"Warsaw, Poland",PL,2026-08-18,1,https://www.aviasales.com/search/JFK1808WAW1?marker=741311
336,234,USD,LAX,YYT,"St. John's, Canada",CA,2026-08-31,1,https://www.aviasales.com/search/LAX3108YYT1?marker=741311
337,234,USD,LAS,YZF,"Yellowknife, Canada",CA,2026-08-11,2,https://www.aviasales.com/search/LAS1108YZF1?marker=741311
338,235,USD,JFK,ACE,"Arrecife, Spain",ES,2026-08-17,1,https://www.aviasales.com/search/JFK1708ACE1?marker=741311
339,235,USD,JFK,DLM,"Dalaman, Turkiye",TR,2026-08-17,1,https://www.aviasales.com/search/JFK1708DLM1?marker=741311
340,236,USD,JFK,GVA,"Geneva, Switzerland",CH,2026-10-14,2,https://www.aviasales.com/search/JFK1410GVA1?marker=741311
341,236,USD,ATL,BIO,"Bilbao, Spain",ES,2026-08-17,2,https://www.aviasales.com/search/ATL1708BIO1?marker=741311
342,236,USD,ATL,LWB,"Lewisburg, United States",US,2026-08-22,2,https://www.aviasales.com/search/ATL2208LWB1?marker=741311
343,237,USD,AUS,YUM,"Yuma, United States",US,2026-08-17,1,https://www.aviasales.com/search/AUS1708YUM1?marker=741311
344,238,USD,ORD,HHH,"Hilton Head, United States",US,2026-09-12,1,https://www.aviasales.com/search/ORD1209HHH1?marker=741311
345,239,USD,ATL,CZM,"Cozumel, Mexico",MX,2026-08-21,2,https://www.aviasales.com/search/ATL2108CZM1?marker=741311
346,240,USD,MIA,GEO,"Georgetown, Guyana",GY,2026-07-28,1,https://www.aviasales.com/search/MIA2807GEO1?marker=741311
347,240,USD,JFK,SLU,"Castries, Saint Lucia",LC,2026-11-27,1,https://www.aviasales.com/search/JFK2711SLU1?marker=741311
348,240,USD,JFK,MAN,"Manchester, United Kingdom",GB,2026-08-18,2,https://www.aviasales.com/search/JFK1808MAN1?marker=741311
349,241,USD,JFK,VLC,"Valencia, Spain",ES,2026-08-04,1,https://www.aviasales.com/search/JFK0408VLC1?marker=741311
350,241,USD,JFK,AYT,"Antalya, Turkiye",TR,2026-08-21,1,https://www.aviasales.com/search/JFK2108AYT1?marker=741311
351,241,USD,JFK,KUT,"Kutaisi, Georgia",GE,2026-10-24,1,https://www.aviasales.com/search/JFK2410KUT1?marker=741311
352,241,USD,JFK,RMI,"Rimini, Italy",IT,2026-09-20,1,https://www.aviasales.com/search/JFK2009RMI1?marker=741311
353,242,USD,JFK,KRK,"Krakow, Poland",PL,2026-10-01,1,https://www.aviasales.com/search/JFK0110KRK1?marker=741311
354,242,USD,BOS,HYA,"Hyannis, United States",US,2026-08-22,1,https://www.aviasales.com/search/BOS2208HYA1?marker=741311
355,242,USD,PDX,BGO,"Bergen, Norway",NO,2026-10-01,1,https://www.aviasales.com/search/PDX0110BGO1?marker=741311
356,243,USD,JFK,RAK,"Marrakech, Morocco",MA,2026-08-08,2,https://www.aviasales.com/search/JFK0808RAK1?marker=741311
357,244,USD,BOS,BER,"Berlin, Germany",DE,2026-08-31,1,https://www.aviasales.com/search/BOS3108BER1?marker=741311
358,245,USD,JFK,SOF,"Sofia, Bulgaria",BG,2026-08-18,2,https://www.aviasales.com/search/JFK1808SOF1?marker=741311
359,245,USD,DEN,TEX,"Telluride, United States",US,2026-08-19,0,https://www.aviasales.com/search/DEN1908TEX1?marker=741311
360,247,USD,JFK,REU,"Reus, Spain",ES,2026-08-04,1,https://www.aviasales.com/search/JFK0408REU1?marker=741311
361,247,USD,BNA,MUC,"Munich, Germany",DE,2026-10-23,1,https://www.aviasales.com/search/BNA2310MUC1?marker=741311
362,247,USD,MCO,BRI,"Bari, Italy",IT,2026-08-09,2,https://www.aviasales.com/search/MCO0908BRI1?marker=741311
363,251,USD,SFO,REK,"Reykjavik, Iceland",IS,2026-10-14,1,https://www.aviasales.com/search/SFO1410REK1?marker=741311
364,252,USD,JFK,FRS,"Flores, Guatemala",GT,2027-01-09,1,https://www.aviasales.com/search/JFK0901FRS1?marker=741311
365,253,USD,MIA,EVN,"Yerevan, Armenia",AM,2026-10-01,1,https://www.aviasales.com/search/MIA0110EVN1?marker=741311
366,253,USD,JFK,IBZ,"Ibiza, Spain",ES,2026-08-17,2,https://www.aviasales.com/search/JFK1708IBZ1?marker=741311
367,253,USD,SLC,LAL,"Lakeland, United States",US,2026-08-04,2,https://www.aviasales.com/search/SLC0408LAL1?marker=741311
368,253,USD,SAN,GUP,"Gallup, United States",US,2026-07-31,1,https://www.aviasales.com/search/SAN3107GUP1?marker=741311
369,253,USD,JFK,BFS,"Belfast, United Kingdom",GB,2026-08-18,1,https://www.aviasales.com/search/JFK1808BFS1?marker=741311
370,254,USD,SEA,LIS,"Lisbon, Portugal",PT,2026-10-06,3,https://www.aviasales.com/search/SEA0610LIS1?marker=741311
371,254,USD,JFK,POP,"Puerto Plata, Dominican Republic",DO,2026-08-22,0,https://www.aviasales.com/search/JFK2208POP1?marker=741311
372,255,USD,MCO,GNV,"Gainesville, United States",US,2026-08-21,2,https://www.aviasales.com/search/MCO2108GNV1?marker=741311
373,255,USD,JFK,FLR,"Florence, Italy",IT,2026-09-20,1,https://www.aviasales.com/search/JFK2009FLR1?marker=741311
374,256,USD,FLL,ZSA,"San Salvador, Bahamas",BS,2026-08-22,1,https://www.aviasales.com/search/FLL2208ZSA1?marker=741311
375,257,USD,MIA,MHH,"Marsh Harbour, Bahamas",BS,2026-08-22,1,https://www.aviasales.com/search/MIA2208MHH1?marker=741311
376,258,USD,MCO,SAO,"Sao Paulo, Brazil",BR,2026-08-23,2,https://www.aviasales.com/search/MCO2308SAO1?marker=741311
377,259,USD,BOS,RTB,"Roatan, Honduras",HN,2026-08-14,1,https://www.aviasales.com/search/BOS1408RTB1?marker=741311
378,259,USD,SFO,CNM,"Carlsbad, United States",US,2026-08-21,1,https://www.aviasales.com/search/SFO2108CNM1?marker=741311
379,259,USD,BOS,PDL,"Ponta Delgada, Portugal",PT,2026-08-20,1,https://www.aviasales.com/search/BOS2008PDL1?marker=741311
380,259,USD,BNA,MKL,"Jackson, United States",US,2026-08-22,1,https://www.aviasales.com/search/BNA2208MKL1?marker=741311
381,260,USD,MIA,MGA,"Managua, Nicaragua",NI,2026-09-10,0,https://www.aviasales.com/search/MIA1009MGA1?marker=741311
382,260,USD,JFK,BRE,"Bremen, Germany",DE,2026-09-02,1,https://www.aviasales.com/search/JFK0209BRE1?marker=741311
383,262,USD,JFK,RIX,"Riga, Latvia",LV,2026-08-17,2,https://www.aviasales.com/search/JFK1708RIX1?marker=741311
384,262,USD,CLT,PHF,"Newport News, United States",US,2026-08-23,0,https://www.aviasales.com/search/CLT2308PHF1?marker=741311
385,262,USD,CLT,ERI,"Erie, United States",US,2026-07-31,0,https://www.aviasales.com/search/CLT3107ERI1?marker=741311
386,263,USD,JFK,HAM,"Hamburg, Germany",DE,2026-09-02,1,https://www.aviasales.com/search/JFK0209HAM1?marker=741311
387,264,USD,JFK,RMO,"Chisinau, Moldova",MD,2026-09-13,1,https://www.aviasales.com/search/JFK1309RMO1?marker=741311
388,264,USD,JFK,LHE,"Lahore, Pakistan",PK,2026-10-16,1,https://www.aviasales.com/search/JFK1610LHE1?marker=741311
389,264,USD,JFK,ISB,"Islamabad, Pakistan",PK,2026-08-10,1,https://www.aviasales.com/search/JFK1008ISB1?marker=741311
390,265,USD,ORD,XPL,"Comayagua, Honduras",HN,2026-12-04,1,https://www.aviasales.com/search/ORD0412XPL1?marker=741311
391,265,USD,JFK,BLQ,"Bologna, Italy",IT,2026-08-19,1,https://www.aviasales.com/search/JFK1908BLQ1?marker=741311
392,265,USD,JFK,PMO,"Palermo, Italy",IT,2026-08-07,1,https://www.aviasales.com/search/JFK0708PMO1?marker=741311
393,266,USD,MIA,BHZ,"Belo Horizonte, Brazil",BR,2026-08-19,1,https://www.aviasales.com/search/MIA1908BHZ1?marker=741311
394,266,USD,MIA,MOB,"Mobile, United States",US,2026-09-18,1,https://www.aviasales.com/search/MIA1809MOB1?marker=741311
395,267,USD,JFK,OPO,"Porto, Portugal",PT,2026-08-21,1,https://www.aviasales.com/search/JFK2108OPO1?marker=741311
396,267,USD,JFK,VNO,"Vilnius, Lithuania",LT,2026-09-29,2,https://www.aviasales.com/search/JFK2909VNO1?marker=741311
397,268,USD,JFK,VAR,"Varna, Bulgaria",BG,2026-08-25,1,https://www.aviasales.com/search/JFK2508VAR1?marker=741311
398,269,USD,JFK,SPU,"Split, Croatia",HR,2026-08-20,1,https://www.aviasales.com/search/JFK2008SPU1?marker=741311
399,269,USD,JFK,HEL,"Helsinki, Finland",FI,2026-09-19,1,https://www.aviasales.com/search/JFK1909HEL1?marker=741311
400,269,USD,DEN,LNK,"Lincoln, United States",US,2026-08-01,0,https://www.aviasales.com/search/DEN0108LNK1?marker=741311
401,269,USD,SLC,COD,"Cody, United States",US,2026-08-24,1,https://www.aviasales.com/search/SLC2408COD1?marker=741311
402,270,USD,ORD,ALC,"Alicante, Spain",ES,2026-09-22,3,https://www.aviasales.com/search/ORD2209ALC1?marker=741311
403,270,USD,LAX,PIA,"Peoria, United States",US,2026-07-30,2,https://www.aviasales.com/search/LAX3007PIA1?marker=741311
404,270,USD,JFK,RZE,"Rzeszow, Poland",PL,2026-09-13,2,https://www.aviasales.com/search/JFK1309RZE1?marker=741311
405,271,USD,AUS,TRN,"Turin, Italy",IT,2026-08-10,2,https://www.aviasales.com/search/AUS1008TRN1?marker=741311
406,271,USD,JFK,MRS,"Marseille, France",FR,2026-09-17,2,https://www.aviasales.com/search/JFK1709MRS1?marker=741311
407,271,USD,JFK,ORH,"Worcester, United States",US,2026-07-29,2,https://www.aviasales.com/search/JFK2907ORH1?marker=741311
408,272,USD,MIA,CAP,"Cap Haitien, Haiti",HT,2026-07-27,0,https://www.aviasales.com/search/MIA2707CAP1?marker=741311
409,272,USD,FLL,ILG,"Wilmington, United States",US,2026-08-01,1,https://www.aviasales.com/search/FLL0108ILG1?marker=741311
410,272,USD,JFK,TGD,"Podgorica, Montenegro",ME,2026-08-20,1,https://www.aviasales.com/search/JFK2008TGD1?marker=741311
411,272,USD,JFK,PMF,"Parma, Italy",IT,2026-09-20,2,https://www.aviasales.com/search/JFK2009PMF1?marker=741311
412,272,USD,MSP,MCW,"Mason City, United States",US,2026-08-18,1,https://www.aviasales.com/search/MSP1808MCW1?marker=741311
413,272,USD,PHX,CTM,"Chetumal, Mexico",MX,2026-07-29,2,https://www.aviasales.com/search/PHX2907CTM1?marker=741311
414,273,USD,JFK,LYS,"Lyon, France",FR,2026-10-25,1,https://www.aviasales.com/search/JFK2510LYS1?marker=741311
415,273,USD,SAN,SUN,"Sun Valley, United States",US,2026-08-03,1,https://www.aviasales.com/search/SAN0308SUN1?marker=741311
416,274,USD,JFK,TLL,"Tallinn, Estonia",EE,2026-09-16,2,https://www.aviasales.com/search/JFK1609TLL1?marker=741311
417,275,USD,SLC,DRO,"Durango, United States",US,2026-08-24,1,https://www.aviasales.com/search/SLC2408DRO1?marker=741311
418,275,USD,JFK,SMR,"Santa Marta, Colombia",CO,2026-09-04,2,https://www.aviasales.com/search/JFK0409SMR1?marker=741311
419,278,USD,IAH,CME,"Ciudad Del Carmen, Mexico",MX,2026-08-22,2,https://www.aviasales.com/search/IAH2208CME1?marker=741311
420,280,USD,IAD,CAI,"Cairo, Egypt",EG,2026-08-25,1,https://www.aviasales.com/search/IAD2508CAI1?marker=741311
421,281,USD,ORD,ALG,"Algiers, Algeria",DZ,2026-10-20,1,https://www.aviasales.com/search/ORD2010ALG1?marker=741311
422,281,USD,SAN,BHB,"Bar Harbor, United States",US,2026-11-01,2,https://www.aviasales.com/search/SAN0111BHB1?marker=741311
423,282,USD,JFK,VIE,"Vienna, Austria",AT,2026-08-29,2,https://www.aviasales.com/search/JFK2908VIE1?marker=741311
424,282,USD,DEN,DIK,"Dickinson, United States",US,2026-08-18,0,https://www.aviasales.com/search/DEN1808DIK1?marker=741311
425,283,USD,IAH,SNU,"Santa Clara, Cuba",CU,2026-09-14,1,https://www.aviasales.com/search/IAH1409SNU1?marker=741311
426,283,USD,JFK,GDN,"Gdansk, Poland",PL,2026-09-06,2,https://www.aviasales.com/search/JFK0609GDN1?marker=741311
427,285,USD,JFK,JMK,"Mikonos, Greece",GR,2026-08-24,2,https://www.aviasales.com/search/JFK2408JMK1?marker=741311
428,285,USD,MCO,GLA,"Glasgow, United Kingdom",GB,2026-11-05,1,https://www.aviasales.com/search/MCO0511GLA1?marker=741311
429,286,USD,MIA,BIQ,"Biarritz, France",FR,2026-09-24,2,https://www.aviasales.com/search/MIA2409BIQ1?marker=741311
430,286,USD,JFK,SKG,"Thessaloniki, Greece",GR,2026-09-19,1,https://www.aviasales.com/search/JFK1909SKG1?marker=741311
431,287,USD,LAX,CTU,"Chengdu, China",CN,2026-09-02,1,https://www.aviasales.com/search/LAX0209CTU1?marker=741311
432,288,USD,PHX,TPQ,"Tepic, Mexico",MX,2026-07-28,2,https://www.aviasales.com/search/PHX2807TPQ1?marker=741311
433,289,USD,JFK,NCE,"Nice, France",FR,2026-09-28,2,https://www.aviasales.com/search/JFK2809NCE1?marker=741311
434,289,USD,JFK,TCI,"Tenerife, Spain",ES,2026-09-01,1,https://www.aviasales.com/search/JFK0109TCI1?marker=741311
435,289,USD,SEA,CEZ,"Cortez, United States",US,2026-07-29,1,https://www.aviasales.com/search/SEA2907CEZ1?marker=741311
436,290,USD,JFK,EIN,"Eindhoven, Netherlands",NL,2026-08-30,1,https://www.aviasales.com/search/JFK3008EIN1?marker=741311
437,290,USD,JFK,SVD,"St Vincent, Saint Vincent and the Grenadines",VC,2026-08-14,1,https://www.aviasales.com/search/JFK1408SVD1?marker=741311
438,292,USD,SEA,HKG,"Hong Kong, Hong Kong",HK,2026-08-03,1,https://www.aviasales.com/search/SEA0308HKG1?marker=741311
439,292,USD,MCO,BRL,"Burlington, United States",US,2026-08-03,1,https://www.aviasales.com/search/MCO0308BRL1?marker=741311
440,293,USD,LAX,EAT,"Wenatchee, United States",US,2026-07-28,1,https://www.aviasales.com/search/LAX2807EAT1?marker=741311
441,293,USD,JFK,MSS,"Massena, United States",US,2026-08-02,1,https://www.aviasales.com/search/JFK0208MSS1?marker=741311
442,294,USD,DFW,ABE,"Allentown, United States",US,2026-08-03,1,https://www.aviasales.com/search/DFW0308ABE1?marker=741311
443,294,USD,MCO,CUE,"Cuenca, Ecuador",EC,2026-09-09,2,https://www.aviasales.com/search/MCO0909CUE1?marker=741311
444,296,USD,JFK,CMN,"Casablanca, Morocco",MA,2026-08-17,2,https://www.aviasales.com/search/JFK1708CMN1?marker=741311
445,296,USD,JFK,DUS,"Dusseldorf, Germany",DE,2026-09-02,1,https://www.aviasales.com/search/JFK0209DUS1?marker=741311
446,296,USD,DTW,AZO,"Kalamazoo, United States",US,2026-08-20,3,https://www.aviasales.com/search/DTW2008AZO1?marker=741311
447,296,USD,DEN,CUR,"Curacao, Curaçao",CW,2026-08-20,1,https://www.aviasales.com/search/DEN2008CUR1?marker=741311
448,297,USD,MIA,VRA,"Varadero, Cuba",CU,2026-08-27,0,https://www.aviasales.com/search/MIA2708VRA1?marker=741311
449,297,USD,ATL,BJV,"Bodrum, Turkiye",TR,2026-08-13,2,https://www.aviasales.com/search/ATL1308BJV1?marker=741311
450,297,USD,JFK,GRO,"Girona, Spain",ES,2026-10-01,2,https://www.aviasales.com/search/JFK0110GRO1?marker=741311
451,297,USD,SLC,BTM,"Butte, United States",US,2026-08-02,1,https://www.aviasales.com/search/SLC0208BTM1?marker=741311
452,301,USD,FLL,FLN,"Florianopolis, Brazil",BR,2026-09-10,1,https://www.aviasales.com/search/FLL1009FLN1?marker=741311
453,301,USD,JFK,ANK,"Ankara, Turkiye",TR,2026-10-10,2,https://www.aviasales.com/search/JFK1010ANK1?marker=741311
454,302,USD,JFK,TBS,"Tbilisi, Georgia",GE,2026-10-19,2,https://www.aviasales.com/search/JFK1910TBS1?marker=741311
455,302,USD,IAD,JED,"Jeddah, Saudi Arabia",SA,2026-08-05,1,https://www.aviasales.com/search/IAD0508JED1?marker=741311
456,302,USD,DTW,OAJ,"Jacksonville, United States",US,2026-08-13,2,https://www.aviasales.com/search/DTW1308OAJ1?marker=741311
457,303,USD,ORD,DBV,"Dubrovnik, Croatia",HR,2026-08-17,2,https://www.aviasales.com/search/ORD1708DBV1?marker=741311
458,303,USD,DFW,EAU,"Eau Claire, United States",US,2026-08-02,1,https://www.aviasales.com/search/DFW0208EAU1?marker=741311
459,304,USD,BOS,SNN,"Shannon, Ireland",IE,2026-08-21,2,https://www.aviasales.com/search/BOS2108SNN1?marker=741311
460,305,USD,ORD,CYS,"Cheyenne, United States",US,2026-08-02,1,https://www.aviasales.com/search/ORD0208CYS1?marker=741311
461,307,USD,MCO,SKP,"Skopje, North Macedonia",MK,2026-07-29,2,https://www.aviasales.com/search/MCO2907SKP1?marker=741311
462,307,USD,LAX,OGD,"Ogden, United States",US,2026-12-01,2,https://www.aviasales.com/search/LAX0112OGD1?marker=741311
463,308,USD,ORD,HYD,"Hyderabad, India",IN,2026-09-04,1,https://www.aviasales.com/search/ORD0409HYD1?marker=741311
464,308,USD,JFK,FAO,"Faro, Portugal",PT,2026-10-01,2,https://www.aviasales.com/search/JFK0110FAO1?marker=741311
465,309,USD,MCO,DXB,"Dubai, United Arab Emirates",AE,2027-01-15,2,https://www.aviasales.com/search/MCO1501DXB1?marker=741311
466,309,USD,JFK,FNC,"Funchal, Portugal",PT,2026-08-07,1,https://www.aviasales.com/search/JFK0708FNC1?marker=741311
467,310,USD,JFK,TIV,"Tivat, Montenegro",ME,2026-10-03,1,https://www.aviasales.com/search/JFK0310TIV1?marker=741311
468,310,USD,SFO,JKT,"Jakarta, Indonesia",ID,2026-08-09,1,https://www.aviasales.com/search/SFO0908JKT1?marker=741311
469,310,USD,JFK,HAJ,"Hannover, Germany",DE,2026-11-19,2,https://www.aviasales.com/search/JFK1911HAJ1?marker=741311
470,311,USD,LAX,MNL,"Manila, Philippines",PH,2026-08-29,1,https://www.aviasales.com/search/LAX2908MNL1?marker=741311
471,313,USD,JFK,MAH,"Menorca, Spain",ES,2026-07-24,1,https://www.aviasales.com/search/JFK2407MAH1?marker=741311
472,315,USD,MCO,RBA,"Rabat, Morocco",MA,2026-08-03,2,https://www.aviasales.com/search/MCO0308RBA1?marker=741311
473,316,USD,MIA,VIX,"Vitoria, Brazil",BR,2026-11-09,2,https://www.aviasales.com/search/MIA0911VIX1?marker=741311
474,316,USD,MCO,MVD,"Montevideo, Uruguay",UY,2026-09-04,2,https://www.aviasales.com/search/MCO0409MVD1?marker=741311
475,316,USD,JFK,TUN,"Tunis, Tunisia",TN,2026-08-15,1,https://www.aviasales.com/search/JFK1508TUN1?marker=741311
476,317,USD,JFK,TLS,"Toulouse, France",FR,2026-08-19,1,https://www.aviasales.com/search/JFK1908TLS1?marker=741311
477,317,USD,LAX,SHA,"Shanghai, China",CN,2026-11-08,1,https://www.aviasales.com/search/LAX0811SHA1?marker=741311
478,317,USD,ATL,NCL,"Newcastle, United Kingdom",GB,2026-08-09,3,https://www.aviasales.com/search/ATL0908NCL1?marker=741311
479,317,USD,BOS,PSA,"Pisa, Italy",IT,2026-09-06,2,https://www.aviasales.com/search/BOS0609PSA1?marker=741311
480,317,USD,LAX,DUJ,"Du Bois, United States",US,2026-08-03,2,https://www.aviasales.com/search/LAX0308DUJ1?marker=741311
481,317,USD,PHL,ELM,"Elmira, United States",US,2026-08-03,2,https://www.aviasales.com/search/PHL0308ELM1?marker=741311
482,318,USD,JFK,LCA,"Larnaca, Cyprus",CY,2026-09-09,1,https://www.aviasales.com/search/JFK0909LCA1?marker=741311
483,318,USD,DFW,NAN,"Nadi, Fiji",FJ,2026-08-13,0,https://www.aviasales.com/search/DFW1308NAN1?marker=741311
484,318,USD,LAX,TPE,"Taipei, Taiwan",TW,2026-08-29,0,https://www.aviasales.com/search/LAX2908TPE1?marker=741311
485,319,USD,SFO,RHO,"Rhodes, Greece",GR,2026-08-15,2,https://www.aviasales.com/search/SFO1508RHO1?marker=741311
486,320,USD,MIA,CTA,"Catania, Italy",IT,2026-09-08,2,https://www.aviasales.com/search/MIA0809CTA1?marker=741311
487,320,USD,JFK,HER,"Heraklion, Greece",GR,2026-08-31,1,https://www.aviasales.com/search/JFK3108HER1?marker=741311
488,320,USD,JFK,KHI,"Karachi, Pakistan",PK,2026-09-03,1,https://www.aviasales.com/search/JFK0309KHI1?marker=741311
489,321,USD,IAH,NVA,"Neiva, Colombia",CO,2026-08-21,3,https://www.aviasales.com/search/IAH2108NVA1?marker=741311
490,321,USD,IAH,IBE,"Ibague, Colombia",CO,2026-08-21,3,https://www.aviasales.com/search/IAH2108IBE1?marker=741311
491,324,USD,JFK,POA,"Porto Alegre, Brazil",BR,2026-09-25,2,https://www.aviasales.com/search/JFK2509POA1?marker=741311
492,324,USD,IAD,MAO,"Manaus, Brazil",BR,2026-08-22,1,https://www.aviasales.com/search/IAD2208MAO1?marker=741311
493,326,USD,SFO,SEL,"Seoul, South Korea",KR,2026-08-19,0,https://www.aviasales.com/search/SFO1908SEL1?marker=741311
494,326,USD,ORD,BOM,"Mumbai, India",IN,2026-08-26,1,https://www.aviasales.com/search/ORD2608BOM1?marker=741311
495,327,USD,JFK,DEL,"New Delhi, India",IN,2026-08-14,1,https://www.aviasales.com/search/JFK1408DEL1?marker=741311
496,327,USD,JFK,RUH,"Riyadh, Saudi Arabia",SA,2026-10-30,1,https://www.aviasales.com/search/JFK3010RUH1?marker=741311
497,328,USD,JFK,DOM,"Dominica, Dominica",DM,2026-08-22,1,https://www.aviasales.com/search/JFK2208DOM1?marker=741311
498,328,USD,SEA,CEB,"Cebu City, Philippines",PH,2026-10-14,1,https://www.aviasales.com/search/SEA1410CEB1?marker=741311
499,328,USD,LAX,KUL,"Kuala Lumpur, Malaysia",MY,2026-08-29,1,https://www.aviasales.com/search/LAX2908KUL1?marker=741311
500,328,USD,MSP,RHI,"Rhinelander, United States",US,2026-08-28,1,https://www.aviasales.com/search/MSP2808RHI1?marker=741311
501,330,USD,MSP,SUX,"Sioux City, United States",US,2026-07-30,1,https://www.aviasales.com/search/MSP3007SUX1?marker=741311
502,330,USD,JFK,ZAD,"Zadar, Croatia",HR,2026-07-28,2,https://www.aviasales.com/search/JFK2807ZAD1?marker=741311
503,330,USD,JFK,JNU,"Juneau, United States",US,2026-09-18,2,https://www.aviasales.com/search/JFK1809JNU1?marker=741311
504,332,USD,MIA,SSA,"Salvador, Brazil",BR,2026-08-23,1,https://www.aviasales.com/search/MIA2308SSA1?marker=741311
505,332,USD,FLL,GHB,"Governor's Harbour, Bahamas",BS,2026-08-21,2,https://www.aviasales.com/search/FLL2108GHB1?marker=741311
506,333,USD,RDU,LYH,"Lynchburg, United States",US,2026-08-01,1,https://www.aviasales.com/search/RDU0108LYH1?marker=741311
507,336,USD,JFK,NBO,"Nairobi, Kenya",KE,2026-08-23,1,https://www.aviasales.com/search/JFK2308NBO1?marker=741311
508,337,USD,JFK,COV,"Mersin, Turkiye",TR,2026-08-18,1,https://www.aviasales.com/search/JFK1808COV1?marker=741311
509,337,USD,DFW,NLD,"Nuevo Laredo, Mexico",MX,2026-07-31,2,https://www.aviasales.com/search/DFW3107NLD1?marker=741311
510,337,USD,IAD,STO,"Stockholm, Sweden",SE,2026-08-19,1,https://www.aviasales.com/search/IAD1908STO1?marker=741311
511,337,USD,DTW,STR,"Stuttgart, Germany",DE,2026-09-01,1,https://www.aviasales.com/search/DTW0109STR1?marker=741311
512,337,USD,SAN,PUB,"Pueblo, United States",US,2026-07-31,1,https://www.aviasales.com/search/SAN3107PUB1?marker=741311
513,338,USD,JFK,BSB,"Brasilia, Brazil",BR,2026-09-03,2,https://www.aviasales.com/search/JFK0309BSB1?marker=741311
514,338,USD,IAH,PSO,"Pasto, Colombia",CO,2026-08-21,3,https://www.aviasales.com/search/IAH2108PSO1?marker=741311
515,338,USD,RDU,SCV,"Suceava, Romania",RO,2026-09-19,3,https://www.aviasales.com/search/RDU1909SCV1?marker=741311
516,339,USD,JFK,OGL,"Georgetown, Guyana",GY,2026-08-18,1,https://www.aviasales.com/search/JFK1808OGL1?marker=741311
517,339,USD,FLL,PTP,"Pointe-a-pitre, Guadeloupe",GP,2026-09-22,2,https://www.aviasales.com/search/FLL2209PTP1?marker=741311
518,340,USD,MIA,REC,"Recife, Brazil",BR,2026-08-17,1,https://www.aviasales.com/search/MIA1708REC1?marker=741311
519,340,USD,AUS,HMO,"Hermosillo, Mexico",MX,2026-08-02,2,https://www.aviasales.com/search/AUS0208HMO1?marker=741311
520,341,USD,SAN,BFL,"Bakersfield, United States",US,2026-08-03,1,https://www.aviasales.com/search/SAN0308BFL1?marker=741311
521,342,USD,FLL,MHK,"Manhattan, United States",US,2026-08-15,2,https://www.aviasales.com/search/FLL1508MHK1?marker=741311
522,342,USD,JFK,BKK,"Bangkok, Thailand",TH,2026-10-14,1,https://www.aviasales.com/search/JFK1410BKK1?marker=741311
523,342,USD,PHL,ITH,"Ithaca, United States",US,2026-07-31,1,https://www.aviasales.com/search/PHL3107ITH1?marker=741311
524,343,USD,JFK,BAK,"Baku, Azerbaijan",AZ,2026-09-28,2,https://www.aviasales.com/search/JFK2809BAK1?marker=741311
525,343,USD,ORD,ART,"Watertown, United States",US,2026-08-20,2,https://www.aviasales.com/search/ORD2008ART1?marker=741311
526,345,USD,LAX,VCT,"Victoria, United States",US,2026-08-03,2,https://www.aviasales.com/search/LAX0308VCT1?marker=741311
527,346,USD,LAS,BJS,"Beijing, China",CN,2026-08-17,2,https://www.aviasales.com/search/LAS1708BJS1?marker=741311
528,346,USD,BOS,YYG,"Charlottetown, Canada",CA,2026-08-02,1,https://www.aviasales.com/search/BOS0208YYG1?marker=741311
529,346,USD,SLC,SSM,"Sault Ste. Marie, United States",US,2026-08-25,2,https://www.aviasales.com/search/SLC2508SSM1?marker=741311
530,346,USD,SAN,HRO,"Harrison, United States",US,2026-07-31,2,https://www.aviasales.com/search/SAN3107HRO1?marker=741311
531,348,USD,JFK,LJU,"Ljubljana, Slovenia",SI,2026-09-19,2,https://www.aviasales.com/search/JFK1909LJU1?marker=741311
532,350,USD,ORD,HKT,"Phuket, Thailand",TH,2026-09-24,1,https://www.aviasales.com/search/ORD2409HKT1?marker=741311
533,350,USD,MCO,GCK,"Garden City, United States",US,2026-08-01,2,https://www.aviasales.com/search/MCO0108GCK1?marker=741311
534,351,USD,JFK,DKR,"Dakar, Senegal",SN,2026-11-15,1,https://www.aviasales.com/search/JFK1511DKR1?marker=741311
535,352,USD,SAN,CEC,"Crescent City, United States",US,2026-07-29,1,https://www.aviasales.com/search/SAN2907CEC1?marker=741311
536,353,USD,LAX,SYX,"Sanya, China",CN,2026-11-24,1,https://www.aviasales.com/search/LAX2411SYX1?marker=741311
537,353,USD,BOS,EAP,"Basel, Switzerland",CH,2026-11-29,1,https://www.aviasales.com/search/BOS2911EAP1?marker=741311
538,353,USD,LAX,BHY,"Beihai, China",CN,2026-12-01,1,https://www.aviasales.com/search/LAX0112BHY1?marker=741311
539,353,USD,JFK,BOJ,"Bourgas, Bulgaria",BG,2026-08-30,3,https://www.aviasales.com/search/JFK3008BOJ1?marker=741311
540,354,USD,MIA,CCS,"Caracas, Venezuela",VE,2026-12-01,2,https://www.aviasales.com/search/MIA0112CCS1?marker=741311
541,354,USD,IAD,PVK,"Preveza, Greece",GR,2026-08-18,2,https://www.aviasales.com/search/IAD1808PVK1?marker=741311
542,355,USD,IAD,SGN,"Ho Chi Minh City, Vietnam",VN,2026-08-25,1,https://www.aviasales.com/search/IAD2508SGN1?marker=741311
543,355,USD,DFW,JLN,"Joplin, United States",US,2026-07-31,1,https://www.aviasales.com/search/DFW3107JLN1?marker=741311
544,356,USD,SFO,SGU,"Saint George, United States",US,2026-08-02,1,https://www.aviasales.com/search/SFO0208SGU1?marker=741311
545,357,USD,IAD,RST,"Rochester, United States",US,2026-07-28,2,https://www.aviasales.com/search/IAD2807RST1?marker=741311
546,357,USD,LAX,UIN,"Quincy, United States",US,2026-08-02,1,https://www.aviasales.com/search/LAX0208UIN1?marker=741311
547,358,USD,JFK,CGN,"Cologne, Germany",DE,2026-08-02,1,https://www.aviasales.com/search/JFK0208CGN1?marker=741311
548,358,USD,LAS,FMN,"Farmington, United States",US,2026-07-29,1,https://www.aviasales.com/search/LAS2907FMN1?marker=741311
549,361,USD,TPA,NUE,"Nuremberg, Germany",DE,2026-11-05,2,https://www.aviasales.com/search/TPA0511NUE1?marker=741311
550,363,USD,JFK,BAH,"Manama, Bahrain",BH,2026-08-20,1,https://www.aviasales.com/search/JFK2008BAH1?marker=741311
551,363,USD,DFW,SLN,"Salina, United States",US,2026-08-02,1,https://www.aviasales.com/search/DFW0208SLN1?marker=741311
552,363,USD,JFK,DAC,"Dhaka, Bangladesh",BD,2026-08-20,1,https://www.aviasales.com/search/JFK2008DAC1?marker=741311
553,363,USD,JFK,TER,"Terceira, Portugal",PT,2026-09-01,1,https://www.aviasales.com/search/JFK0109TER1?marker=741311
554,364,USD,SLC,BIM,"Bimini, Bahamas",BS,2026-08-25,3,https://www.aviasales.com/search/SLC2508BIM1?marker=741311
555,365,USD,MIA,CUC,"Cucuta, Colombia",CO,2026-12-22,1,https://www.aviasales.com/search/MIA2212CUC1?marker=741311
556,365,USD,BNA,ILE,"Killeen, United States",US,2026-07-31,2,https://www.aviasales.com/search/BNA3107ILE1?marker=741311
557,367,USD,LAX,SIN,"Singapore, Singapore",SG,2026-11-19,1,https://www.aviasales.com/search/LAX1911SIN1?marker=741311
558,367,USD,JFK,TPP,"Tarapoto, Peru",PE,2026-08-20,2,https://www.aviasales.com/search/JFK2008TPP1?marker=741311
559,368,USD,MCO,MOW,"Moscow, Russia",RU,2026-08-09,2,https://www.aviasales.com/search/MCO0908MOW1?marker=741311
560,368,USD,JFK,OLB,"Olbia, Italy",IT,2026-07-27,1,https://www.aviasales.com/search/JFK2707OLB1?marker=741311
561,368,USD,SAN,BIS,"Bismarck, United States",US,2026-07-29,2,https://www.aviasales.com/search/SAN2907BIS1?marker=741311
562,369,USD,LAX,DAD,"Da Nang, Vietnam",VN,2026-09-03,1,https://www.aviasales.com/search/LAX0309DAD1?marker=741311
563,369,USD,JFK,BUS,"Batumi, Georgia",GE,2026-09-30,2,https://www.aviasales.com/search/JFK3009BUS1?marker=741311
564,372,USD,JFK,LWN,"Gyumri, Armenia",AM,2026-09-21,3,https://www.aviasales.com/search/JFK2109LWN1?marker=741311
565,372,USD,FLL,GYN,"Goiania, Brazil",BR,2026-08-27,2,https://www.aviasales.com/search/FLL2708GYN1?marker=741311
566,373,USD,MIA,COR,"Cordoba, Argentina",AR,2026-08-01,1,https://www.aviasales.com/search/MIA0108COR1?marker=741311
567,373,USD,DCA,SDY,"Sidney, United States",US,2026-08-07,2,https://www.aviasales.com/search/DCA0708SDY1?marker=741311
568,375,USD,MIA,MDZ,"Mendoza, Argentina",AR,2026-08-04,1,https://www.aviasales.com/search/MIA0408MDZ1?marker=741311
569,376,USD,JFK,SSH,"Sharm el Sheikh, Egypt",EG,2026-08-11,3,https://www.aviasales.com/search/JFK1108SSH1?marker=741311
570,377,USD,ORD,AMD,"Ahmedabad, India",IN,2026-08-14,2,https://www.aviasales.com/search/ORD1408AMD1?marker=741311
571,377,USD,IAD,SRZ,"Santa Cruz, Bolivia",BO,2027-01-01,1,https://www.aviasales.com/search/IAD0101SRZ1?marker=741311
572,378,USD,ORD,MAR,"Maracaibo, Venezuela",VE,2026-09-11,2,https://www.aviasales.com/search/ORD1109MAR1?marker=741311
573,378,USD,JFK,MED,"Medina, Saudi Arabia",SA,2026-08-09,1,https://www.aviasales.com/search/JFK0908MED1?marker=741311
574,378,USD,SEA,MKG,"Muskegon, United States",US,2026-08-03,1,https://www.aviasales.com/search/SEA0308MKG1?marker=741311
575,379,USD,LAX,CAN,"Guangzhou, China",CN,2026-09-10,1,https://www.aviasales.com/search/LAX1009CAN1?marker=741311
576,379,USD,LAX,XMN,"Xiamen, China",CN,2026-07-28,1,https://www.aviasales.com/search/LAX2807XMN1?marker=741311
577,379,USD,BNA,UBS,"Columbus, United States",US,2026-08-03,1,https://www.aviasales.com/search/BNA0308UBS1?marker=741311
578,380,USD,MIA,BRM,"Barquisimeto, Venezuela",VE,2026-09-30,2,https://www.aviasales.com/search/MIA3009BRM1?marker=741311
579,380,USD,DFW,ORN,"Oran, Algeria",DZ,2026-08-17,3,https://www.aviasales.com/search/DFW1708ORN1?marker=741311
580,380,USD,JFK,CKY,"Conakry, Guinea",GN,2026-10-01,1,https://www.aviasales.com/search/JFK0110CKY1?marker=741311
581,381,USD,MIA,FOR,"Fortaleza, Brazil",BR,2026-08-23,1,https://www.aviasales.com/search/MIA2308FOR1?marker=741311
582,381,USD,LAX,TSN,"Tianjin, China",CN,2026-09-13,1,https://www.aviasales.com/search/LAX1309TSN1?marker=741311
583,381,USD,FLL,MGF,"Maringa, Brazil",BR,2026-10-14,2,https://www.aviasales.com/search/FLL1410MGF1?marker=741311
584,382,USD,LAX,CNX,"Chiang Mai, Thailand",TH,2026-08-31,1,https://www.aviasales.com/search/LAX3108CNX1?marker=741311
585,382,USD,ORD,PFO,"Paphos, Cyprus",CY,2026-11-06,3,https://www.aviasales.com/search/ORD0611PFO1?marker=741311
586,383,USD,FLL,LPB,"La Paz, Bolivia",BO,2026-08-03,1,https://www.aviasales.com/search/FLL0308LPB1?marker=741311
587,383,USD,PHX,LRD,"Laredo, United States",US,2026-07-28,2,https://www.aviasales.com/search/PHX2807LRD1?marker=741311
588,383,USD,DEN,GUC,"Gunnison, United States",US,2026-07-31,0,https://www.aviasales.com/search/DEN3107GUC1?marker=741311
589,383,USD,LAX,NKG,"Nanjing, China",CN,2026-08-19,1,https://www.aviasales.com/search/LAX1908NKG1?marker=741311
590,384,USD,DCA,CBB,"Cochabamba, Bolivia",BO,2026-12-31,2,https://www.aviasales.com/search/DCA3112CBB1?marker=741311
591,385,USD,JFK,DAR,"Dar Es Salaam, Tanzania",TZ,2026-09-30,1,https://www.aviasales.com/search/JFK3009DAR1?marker=741311
592,386,USD,JFK,AUH,"Abu Dhabi, United Arab Emirates",AE,2026-09-16,0,https://www.aviasales.com/search/JFK1609AUH1?marker=741311
593,387,USD,ATL,BHX,"Birmingham, United Kingdom",GB,2026-08-02,3,https://www.aviasales.com/search/ATL0208BHX1?marker=741311
594,387,USD,ORD,MQT,"Marquette, United States",US,2026-09-22,0,https://www.aviasales.com/search/ORD2209MQT1?marker=741311
595,387,USD,JFK,REG,"Reggio Calabria, Italy",IT,2026-11-01,3,https://www.aviasales.com/search/JFK0111REG1?marker=741311
596,388,USD,ATL,IZM,"Izmir, Turkiye",TR,2026-08-20,3,https://www.aviasales.com/search/ATL2008IZM1?marker=741311
597,389,USD,IAH,EAS,"San Sebastian, Spain",ES,2026-08-17,3,https://www.aviasales.com/search/IAH1708EAS1?marker=741311
598,389,USD,AUS,FSM,"Fort Smith, United States",US,2026-08-01,1,https://www.aviasales.com/search/AUS0108FSM1?marker=741311
599,390,USD,SFO,HAN,"Hanoi, Vietnam",VN,2026-08-17,1,https://www.aviasales.com/search/SFO1708HAN1?marker=741311
600,390,USD,JFK,SJJ,"Sarajevo, Bosnia and Herzegovina",BA,2026-08-04,2,https://www.aviasales.com/search/JFK0408SJJ1?marker=741311
601,390,USD,LAX,ZAG,"Zagreb, Croatia",HR,2026-08-04,2,https://www.aviasales.com/search/LAX0408ZAG1?marker=741311
602,391,USD,ORD,AUW,"Wausau, United States",US,2026-07-25,0,https://www.aviasales.com/search/ORD2507AUW1?marker=741311
603,391,USD,IAD,JTR,"Thira, Greece",GR,2026-08-05,3,https://www.aviasales.com/search/IAD0508JTR1?marker=741311
604,392,USD,SAN,EWN,"New Bern, United States",US,2026-07-29,2,https://www.aviasales.com/search/SAN2907EWN1?marker=741311
605,393,USD,JFK,GZP,"Alanya, Turkiye",TR,2026-08-10,3,https://www.aviasales.com/search/JFK1008GZP1?marker=741311
606,393,USD,LAX,EBL,"Erbil, Iraq",IQ,2026-08-20,1,https://www.aviasales.com/search/LAX2008EBL1?marker=741311
607,393,USD,JFK,GDT,"Grand Turk, Turks and Caicos Islands",TC,2026-08-04,1,https://www.aviasales.com/search/JFK0408GDT1?marker=741311
608,394,USD,JFK,GOI,"Goa, India",IN,2026-08-20,2,https://www.aviasales.com/search/JFK2008GOI1?marker=741311
609,395,USD,JFK,NEV,"Nevis, Saint Kitts and Nevis",KN,2026-08-20,1,https://www.aviasales.com/search/JFK2008NEV1?marker=741311
610,398,USD,LAX,DPS,"Denpasar (Bali), Indonesia",ID,2026-09-06,1,https://www.aviasales.com/search/LAX0609DPS1?marker=741311
611,399,USD,JFK,ALA,"Almaty, Kazakhstan",KZ,2026-11-07,3,https://www.aviasales.com/search/JFK0711ALA1?marker=741311
612,399,USD,JFK,HRG,"Hurghada, Egypt",EG,2026-08-25,2,https://www.aviasales.com/search/JFK2508HRG1?marker=741311
613,400,USD,MIA,AER,"Adler/Sochi, Russia",RU,2026-10-01,2,https://www.aviasales.com/search/MIA0110AER1?marker=741311
614,402,USD,JFK,MCT,"Muscat, Oman",OM,2026-07-30,1,https://www.aviasales.com/search/JFK3007MCT1?marker=741311
615,403,USD,JFK,GOA,"Genoa, Italy",IT,2026-08-22,2,https://www.aviasales.com/search/JFK2208GOA1?marker=741311
616,404,USD,MIA,NVT,"Navegantes, Brazil",BR,2026-08-04,2,https://www.aviasales.com/search/MIA0408NVT1?marker=741311
617,404,USD,ORD,LED,"Saint Petersburg, Russia",RU,2026-09-22,4,https://www.aviasales.com/search/ORD2209LED1?marker=741311
618,404,USD,LAX,AKL,"Auckland, New Zealand",NZ,2026-08-23,1,https://www.aviasales.com/search/LAX2308AKL1?marker=741311
619,405,USD,MCO,TAS,"Tashkent, Uzbekistan",UZ,2027-01-15,3,https://www.aviasales.com/search/MCO1501TAS1?marker=741311
620,405,USD,JFK,DOH,"Doha, Qatar",QA,2026-09-03,1,https://www.aviasales.com/search/JFK0309DOH1?marker=741311
621,407,USD,PDX,WRO,"Wroclaw, Poland",PL,2026-08-31,3,https://www.aviasales.com/search/PDX3108WRO1?marker=741311
622,408,USD,PHX,CPR,"Casper, United States",US,2026-08-02,1,https://www.aviasales.com/search/PHX0208CPR1?marker=741311
623,408,USD,DFW,CLL,"College Station, United States",US,2026-07-29,0,https://www.aviasales.com/search/DFW2907CLL1?marker=741311
624,408,USD,LAX,OSA,"Osaka, Japan",JP,2026-10-12,1,https://www.aviasales.com/search/LAX1210OSA1?marker=741311
625,409,USD,LAX,PIR,"Pierre, United States",US,2026-08-02,2,https://www.aviasales.com/search/LAX0208PIR1?marker=741311
626,410,USD,JFK,TZX,"Trabzon, Turkiye",TR,2026-09-10,3,https://www.aviasales.com/search/JFK1009TZX1?marker=741311
627,410,USD,TPA,AJU,"Aracaju, Brazil",BR,2026-10-24,2,https://www.aviasales.com/search/TPA2410AJU1?marker=741311
628,411,USD,SEA,PUS,"Busan, South Korea",KR,2026-08-12,1,https://www.aviasales.com/search/SEA1208PUS1?marker=741311
629,411,USD,ORD,BTS,"Bratislava, Slovakia",SK,2026-08-25,2,https://www.aviasales.com/search/ORD2508BTS1?marker=741311
630,412,USD,DEN,CFU,"Kerkyra, Greece",GR,2026-09-23,3,https://www.aviasales.com/search/DEN2309CFU1?marker=741311
631,414,USD,SAN,MMH,"Mammoth Lakes, United States",US,2026-07-30,0,https://www.aviasales.com/search/SAN3007MMH1?marker=741311
632,416,USD,LAX,ASU,"Asuncion, Paraguay",PY,2026-10-06,1,https://www.aviasales.com/search/LAX0610ASU1?marker=741311
633,416,USD,SLC,MWA,"Marion, United States",US,2026-08-02,1,https://www.aviasales.com/search/SLC0208MWA1?marker=741311
634,417,USD,IAD,CAG,"Cagliari, Italy",IT,2026-12-01,3,https://www.aviasales.com/search/IAD0112CAG1?marker=741311
635,418,USD,IAH,BON,"Kralendijk, Caribbean Netherlands",BQ,2026-08-19,2,https://www.aviasales.com/search/IAH1908BON1?marker=741311
636,418,USD,LAX,CSX,"Changsha, China",CN,2026-08-09,1,https://www.aviasales.com/search/LAX0908CSX1?marker=741311
637,419,USD,ORD,BSZ,"Bishkek, Kyrgyzstan",KG,2027-01-12,4,https://www.aviasales.com/search/ORD1201BSZ1?marker=741311
638,419,USD,SAN,ACT,"Waco, United States",US,2026-07-30,2,https://www.aviasales.com/search/SAN3007ACT1?marker=741311
639,419,USD,MCO,GRI,"Grand Island, United States",US,2026-07-29,2,https://www.aviasales.com/search/MCO2907GRI1?marker=741311
640,419,USD,PDX,HLN,"Helena, United States",US,2026-08-01,1,https://www.aviasales.com/search/PDX0108HLN1?marker=741311
641,421,USD,IAD,MAA,"Chennai, India",IN,2026-08-10,1,https://www.aviasales.com/search/IAD1008MAA1?marker=741311
642,422,USD,LAX,YIW,"Yiwu, China",CN,2026-09-15,1,https://www.aviasales.com/search/LAX1509YIW1?marker=741311
643,424,USD,LAX,SMX,"Santa Maria, United States",US,2026-07-31,2,https://www.aviasales.com/search/LAX3107SMX1?marker=741311
644,431,USD,SEA,CKG,"Chongqing, China",CN,2026-08-17,1,https://www.aviasales.com/search/SEA1708CKG1?marker=741311
645,432,USD,TPA,IPN,"Ipatinga, Brazil",BR,2026-09-29,3,https://www.aviasales.com/search/TPA2909IPN1?marker=741311
646,432,USD,IAH,BJZ,"Badajoz, Spain",ES,2026-08-17,3,https://www.aviasales.com/search/IAH1708BJZ1?marker=741311
647,432,USD,JFK,SCO,"Aktau, Kazakhstan",KZ,2026-11-27,3,https://www.aviasales.com/search/JFK2711SCO1?marker=741311
648,432,USD,LAX,LPL,"Liverpool, United Kingdom",GB,2026-09-16,3,https://www.aviasales.com/search/LAX1609LPL1?marker=741311
649,432,USD,JFK,MUX,"Multan, Pakistan",PK,2026-08-19,2,https://www.aviasales.com/search/JFK1908MUX1?marker=741311
650,432,USD,BNA,TXK,"Texarkana, United States",US,2026-07-31,3,https://www.aviasales.com/search/BNA3107TXK1?marker=741311
651,433,USD,BOS,PBM,"Paramaribo, Suriname",SR,2026-09-01,2,https://www.aviasales.com/search/BOS0109PBM1?marker=741311
652,433,USD,IAD,GGG,"Longview, United States",US,2026-08-19,1,https://www.aviasales.com/search/IAD1908GGG1?marker=741311
653,433,USD,JFK,BLR,"Bengaluru, India",IN,2026-07-28,2,https://www.aviasales.com/search/JFK2807BLR1?marker=741311
654,434,USD,LAX,YQZ,"Quesnel, Canada",CA,2026-07-28,2,https://www.aviasales.com/search/LAX2807YQZ1?marker=741311
655,434,USD,JFK,TNG,"Tangier, Morocco",MA,2026-07-27,2,https://www.aviasales.com/search/JFK2707TNG1?marker=741311
656,434,USD,TPA,AGA,"Agadir, Morocco",MA,2026-09-03,2,https://www.aviasales.com/search/TPA0309AGA1?marker=741311
657,437,USD,LAX,PPT,"Papeete, French Polynesia",PF,2026-08-19,1,https://www.aviasales.com/search/LAX1908PPT1?marker=741311
658,437,USD,JFK,TIN,"Tindouf, Algeria",DZ,2026-08-22,3,https://www.aviasales.com/search/JFK2208TIN1?marker=741311
659,438,USD,JFK,SHJ,"Sharjah, United Arab Emirates",AE,2026-09-28,1,https://www.aviasales.com/search/JFK2809SHJ1?marker=741311
660,438,USD,JFK,ACC,"Accra, Ghana",GH,2026-10-01,1,https://www.aviasales.com/search/JFK0110ACC1?marker=741311
661,440,USD,MIA,HOG,"Holguin, Cuba",CU,2026-07-26,0,https://www.aviasales.com/search/MIA2607HOG1?marker=741311
662,440,USD,JFK,FSC,"Figari, France",FR,2026-08-22,1,https://www.aviasales.com/search/JFK2208FSC1?marker=741311
663,440,USD,MSP,GOT,"Gothenburg, Sweden",SE,2026-08-18,2,https://www.aviasales.com/search/MSP1808GOT1?marker=741311
664,440,USD,PDX,YCG,"Castlegar, Canada",CA,2026-08-03,2,https://www.aviasales.com/search/PDX0308YCG1?marker=741311
665,444,USD,LAX,BPN,"Balikpapan, Indonesia",ID,2026-09-03,2,https://www.aviasales.com/search/LAX0309BPN1?marker=741311
666,445,USD,RDU,ANU,"Saint John's, Antigua and Barbuda",AG,2026-07-30,2,https://www.aviasales.com/search/RDU3007ANU1?marker=741311
667,446,USD,BOS,RAI,"Praia, Cape Verde",CV,2026-09-30,1,https://www.aviasales.com/search/BOS3009RAI1?marker=741311
668,447,USD,JFK,NQZ,"Astana, Kazakhstan",KZ,2026-09-30,2,https://www.aviasales.com/search/JFK3009NQZ1?marker=741311
669,448,USD,IAD,LOS,"Lagos, Nigeria",NG,2026-10-02,1,https://www.aviasales.com/search/IAD0210LOS1?marker=741311
670,448,USD,DFW,FUK,"Fukuoka, Japan",JP,2026-08-16,2,https://www.aviasales.com/search/DFW1608FUK1?marker=741311
671,448,USD,JFK,AQP,"Arequipa, Peru",PE,2026-11-01,3,https://www.aviasales.com/search/JFK0111AQP1?marker=741311
672,449,USD,ORD,PRN,"Pristina, Kosovo",XK,2026-08-08,1,https://www.aviasales.com/search/ORD0808PRN1?marker=741311
673,449,USD,FLL,TGU,"Tegucigalpa, Honduras",HN,2026-09-18,1,https://www.aviasales.com/search/FLL1809TGU1?marker=741311
674,449,USD,LAX,PBR,"Puerto Barrios, Guatemala",GT,2026-08-01,2,https://www.aviasales.com/search/LAX0108PBR1?marker=741311
675,449,USD,PHX,AGS,"Augusta, United States",US,2026-07-31,2,https://www.aviasales.com/search/PHX3107AGS1?marker=741311
676,456,USD,BOS,IGU,"Foz do Iguaçu, Brazil",BR,2026-08-13,2,https://www.aviasales.com/search/BOS1308IGU1?marker=741311
677,460,USD,LAX,DTM,"Dortmund, Germany",DE,2026-08-30,3,https://www.aviasales.com/search/LAX3008DTM1?marker=741311
678,462,USD,LAX,NHA,"Nha Trang, Vietnam",VN,2026-09-15,2,https://www.aviasales.com/search/LAX1509NHA1?marker=741311
679,463,USD,LAS,SVQ,"Sevilla, Spain",ES,2026-11-01,2,https://www.aviasales.com/search/LAS0111SVQ1?marker=741311
680,464,USD,SEA,GST,"Gustavus, United States",US,2026-08-03,1,https://www.aviasales.com/search/SEA0308GST1?marker=741311
681,470,USD,JFK,UFA,"Ufa, Russia",RU,2026-10-06,2,https://www.aviasales.com/search/JFK0610UFA1?marker=741311
682,471,USD,JFK,SKD,"Samarkand, Uzbekistan",UZ,2026-10-11,3,https://www.aviasales.com/search/JFK1110SKD1?marker=741311
683,473,USD,LAX,CGY,"Cagayan De Oro, Philippines",PH,2026-10-14,1,https://www.aviasales.com/search/LAX1410CGY1?marker=741311
684,473,USD,LAX,HGH,"Hangzhou, China",CN,2026-08-07,1,https://www.aviasales.com/search/LAX0708HGH1?marker=741311
685,474,USD,IAD,KBL,"Kabul, Afghanistan",AF,2026-08-31,2,https://www.aviasales.com/search/IAD3108KBL1?marker=741311
686,474,USD,ORD,BCD,"Bacolod, Philippines",PH,2026-11-30,1,https://www.aviasales.com/search/ORD3011BCD1?marker=741311
687,475,USD,LAX,URT,"Surat Thani, Thailand",TH,2026-08-07,2,https://www.aviasales.com/search/LAX0708URT1?marker=741311
688,477,USD,JFK,GIB,"Gibraltar, Gibraltar",GI,2026-07-27,2,https://www.aviasales.com/search/JFK2707GIB1?marker=741311
689,479,USD,JFK,KGL,"Kigali, Rwanda",RW,2026-08-21,1,https://www.aviasales.com/search/JFK2108KGL1?marker=741311
690,479,USD,LAX,KBV,"Krabi, Thailand",TH,2026-11-09,2,https://www.aviasales.com/search/LAX0911KBV1?marker=741311
691,481,USD,JFK,KZN,"Kazan, Russia",RU,2026-08-08,3,https://www.aviasales.com/search/JFK0808KZN1?marker=741311
692,481,USD,JFK,MRV,"Mineralnye Vody, Russia",RU,2026-09-20,3,https://www.aviasales.com/search/JFK2009MRV1?marker=741311
693,482,USD,LAX,CMB,"Colombo, Sri Lanka",LK,2027-01-11,1,https://www.aviasales.com/search/LAX1101CMB1?marker=741311
694,482,USD,JFK,MEI,"Meridian, United States",US,2026-08-01,3,https://www.aviasales.com/search/JFK0108MEI1?marker=741311
695,484,USD,JFK,RJA,"Rajahmundry, India",IN,2026-09-01,3,https://www.aviasales.com/search/JFK0109RJA1?marker=741311
696,487,USD,LAX,MEL,"Melbourne, Australia",AU,2026-08-23,1,https://www.aviasales.com/search/LAX2308MEL1?marker=741311
697,487,USD,LAX,UBN,"Ulaanbaatar, Mongolia",MN,2026-08-25,1,https://www.aviasales.com/search/LAX2508UBN1?marker=741311
698,487,USD,ORD,MLA,"Malta, Malta",MT,2026-07-27,2,https://www.aviasales.com/search/ORD2707MLA1?marker=741311
699,488,USD,IAD,MPL,"Montpellier, France",FR,2026-08-09,3,https://www.aviasales.com/search/IAD0908MPL1?marker=741311
700,491,USD,ATL,JAI,"Jaipur, India",IN,2026-08-01,1,https://www.aviasales.com/search/ATL0108JAI1?marker=741311
701,493,USD,ORD,MLE,"Male, Maldives",MV,2026-08-16,3,https://www.aviasales.com/search/ORD1608MLE1?marker=741311
702,493,USD,JFK,PQC,"Phu Quoc, Vietnam",VN,2026-11-22,2,https://www.aviasales.com/search/JFK2211PQC1?marker=741311
703,494,USD,JFK,FOC,"Fuzhou, China",CN,2026-09-16,3,https://www.aviasales.com/search/JFK1609FOC1?marker=741311
704,494,USD,SFO,BDS,"Brindisi, Italy",IT,2026-09-03,2,https://www.aviasales.com/search/SFO0309BDS1?marker=741311
705,497,USD,JFK,ADD,"Addis Ababa, Ethiopia",ET,2026-08-29,1,https://www.aviasales.com/search/JFK2908ADD1?marker=741311
706,497,USD,JFK,FLW,"Flores Island (Azores), Portugal",PT,2026-09-01,3,https://www.aviasales.com/search/JFK0109FLW1?marker=741311
707,498,USD,BOS,CCU,"Kolkata, India",IN,2026-09-29,3,https://www.aviasales.com/search/BOS2909CCU1?marker=741311
708,498,USD,JFK,CJU,"Jeju, South Korea",KR,2026-09-09,1,https://www.aviasales.com/search/JFK0909CJU1?marker=741311
709,499,USD,ORD,SPC,"Santa Cruz De La Palma, Spain",ES,2026-08-20,3,https://www.aviasales.com/search/ORD2008SPC1?marker=741311
710,500,USD,SEA,SYD,"Sydney, Australia",AU,2026-08-30,2,https://www.aviasales.com/search/SEA3008SYD1?marker=741311
711,500,USD,JFK,PSG,"Petersburg, United States",US,2026-08-19,2,https://www.aviasales.com/search/JFK1908PSG1?marker=741311
712,501,USD,SFO,USM,"Koh Samui, Thailand",TH,2026-12-01,2,https://www.aviasales.com/search/SFO0112USM1?marker=741311
713,502,USD,ORD,SUF,"Lamezia Terme, Italy",IT,2026-08-07,3,https://www.aviasales.com/search/ORD0708SUF1?marker=741311
714,502,USD,JFK,GAU,"Guwahati, India",IN,2026-08-28,3,https://www.aviasales.com/search/JFK2808GAU1?marker=741311
715,503,USD,LAX,SCQ,"Santiago De Compostela, Spain",ES,2026-08-02,2,https://www.aviasales.com/search/LAX0208SCQ1?marker=741311
716,503,USD,JFK,SLZ,"São Luis, Brazil",BR,2026-09-01,3,https://www.aviasales.com/search/JFK0109SLZ1?marker=741311
717,505,USD,JFK,CIT,"Shymkent, Kazakhstan",KZ,2026-08-11,2,https://www.aviasales.com/search/JFK1108CIT1?marker=741311
718,508,USD,JFK,SNO,"Sakon Nakhon, Thailand",TH,2026-08-17,2,https://www.aviasales.com/search/JFK1708SNO1?marker=741311
719,508,USD,SLC,CCP,"Concepcion, Chile",CL,2026-08-03,2,https://www.aviasales.com/search/SLC0308CCP1?marker=741311
720,509,USD,LAX,BNE,"Brisbane, Australia",AU,2026-08-02,1,https://www.aviasales.com/search/LAX0208BNE1?marker=741311
721,509,USD,JFK,EIS,"Beef Island, British Virgin Islands",VG,2026-07-30,1,https://www.aviasales.com/search/JFK3007EIS1?marker=741311
722,510,USD,JFK,SVX,"Yekaterinburg, Russia",RU,2026-10-14,2,https://www.aviasales.com/search/JFK1410SVX1?marker=741311
723,510,USD,BOS,KWI,"Kuwait City, Kuwait",KW,2026-08-03,4,https://www.aviasales.com/search/BOS0308KWI1?marker=741311
724,511,USD,JFK,SIA,"Xian, China",CN,2026-11-12,2,https://www.aviasales.com/search/JFK1211SIA1?marker=741311
725,511,USD,JFK,ABJ,"Abidjan, Ivory Coast",CI,2026-08-11,1,https://www.aviasales.com/search/JFK1108ABJ1?marker=741311
726,513,USD,DTW,BGW,"Baghdad, Iraq",IQ,2026-08-25,2,https://www.aviasales.com/search/DTW2508BGW1?marker=741311
727,513,USD,SFO,MYJ,"Matsuyama, Japan",JP,2026-10-14,1,https://www.aviasales.com/search/SFO1410MYJ1?marker=741311
728,514,USD,LAS,NKT,"Cizre, Turkiye",TR,2026-09-29,3,https://www.aviasales.com/search/LAS2909NKT1?marker=741311
729,515,USD,SEA,RKD,"Rockland, United States",US,2026-07-31,3,https://www.aviasales.com/search/SEA3107RKD1?marker=741311
730,516,USD,IAH,ABZ,"Aberdeen, United Kingdom",GB,2026-08-26,3,https://www.aviasales.com/search/IAH2608ABZ1?marker=741311
731,517,USD,JFK,OSS,"Osh, Kyrgyzstan",KG,2026-08-16,2,https://www.aviasales.com/search/JFK1608OSS1?marker=741311
732,519,USD,JFK,NGO,"Nagoya, Japan",JP,2026-09-27,1,https://www.aviasales.com/search/JFK2709NGO1?marker=741311
733,522,USD,DFW,DLC,"Dalian, China",CN,2026-09-01,2,https://www.aviasales.com/search/DFW0109DLC1?marker=741311
734,522,USD,JFK,MSL,"Muscle Shoals, United States",US,2026-08-01,3,https://www.aviasales.com/search/JFK0108MSL1?marker=741311
735,522,USD,SAN,MTT,"Minatitlan, Mexico",MX,2026-07-31,3,https://www.aviasales.com/search/SAN3107MTT1?marker=741311
736,523,USD,JFK,ANR,"Antwerp, Belgium",BE,2026-08-30,2,https://www.aviasales.com/search/JFK3008ANR1?marker=741311
737,525,USD,MIA,ODB,"Cordoba, Spain",ES,2026-08-04,2,https://www.aviasales.com/search/MIA0408ODB1?marker=741311
738,525,USD,MSP,AGB,"Augsburg, Germany",DE,2026-07-24,1,https://www.aviasales.com/search/MSP2407AGB1?marker=741311
739,525,USD,JFK,ECN,"Ercan, Northern Cyprus",NY,2026-12-26,2,https://www.aviasales.com/search/JFK2612ECN1?marker=741311
740,526,USD,JFK,KUF,"Samara, Russia",RU,2026-10-21,2,https://www.aviasales.com/search/JFK2110KUF1?marker=741311
741,527,USD,JFK,SJZ,"Sao Jorge, Portugal",PT,2026-08-10,2,https://www.aviasales.com/search/JFK1008SJZ1?marker=741311
742,528,USD,JFK,MCX,"Makhachkala, Russia",RU,2026-09-25,3,https://www.aviasales.com/search/JFK2509MCX1?marker=741311
743,529,USD,LAX,RTM,"Rotterdam, Netherlands",NL,2026-08-31,3,https://www.aviasales.com/search/LAX3108RTM1?marker=741311
744,532,USD,JFK,MSQ,"Minsk, Belarus",BY,2026-09-07,4,https://www.aviasales.com/search/JFK0709MSQ1?marker=741311
745,533,USD,ORD,EBB,"Entebbe, Uganda",UG,2026-10-30,1,https://www.aviasales.com/search/ORD3010EBB1?marker=741311
746,534,USD,ORD,KRR,"Krasnodar, Russia",RU,2026-09-01,4,https://www.aviasales.com/search/ORD0109KRR1?marker=741311
747,535,USD,IAH,UDR,"Udaipur, India",IN,2026-09-01,3,https://www.aviasales.com/search/IAH0109UDR1?marker=741311
748,536,USD,JFK,JRO,"Kilimanjaro, Tanzania",TZ,2026-08-21,3,https://www.aviasales.com/search/JFK2108JRO1?marker=741311
749,537,USD,JFK,PPS,"Puerto Princesa, Philippines",PH,2026-09-27,1,https://www.aviasales.com/search/JFK2709PPS1?marker=741311
750,538,USD,ATL,PAP,"Port-au-Prince, Haiti",HT,2026-08-21,2,https://www.aviasales.com/search/ATL2108PAP1?marker=741311
751,541,USD,MIA,VLN,"Valencia, Venezuela",VE,2026-08-04,2,https://www.aviasales.com/search/MIA0408VLN1?marker=741311
752,544,USD,MSP,DLH,"Duluth, United States",US,2026-08-03,2,https://www.aviasales.com/search/MSP0308DLH1?marker=741311
753,545,USD,JFK,RZV,"Rize, Turkiye",TR,2026-07-27,3,https://www.aviasales.com/search/JFK2707RZV1?marker=741311
754,551,USD,IAD,FNA,"Freetown, Sierra Leone",SL,2027-01-21,1,https://www.aviasales.com/search/IAD2101FNA1?marker=741311
755,551,USD,FLL,DVL,"Devils Lake, United States",US,2026-07-31,1,https://www.aviasales.com/search/FLL3107DVL1?marker=741311
756,552,USD,ATL,HAK,"Haikou, China",CN,2026-09-10,2,https://www.aviasales.com/search/ATL1009HAK1?marker=741311
757,553,USD,JFK,CPT,"Cape Town, South Africa",ZA,2026-09-20,1,https://www.aviasales.com/search/JFK2009CPT1?marker=741311
758,553,USD,JFK,DYU,"Dushanbe, Tajikistan",TJ,2026-08-20,2,https://www.aviasales.com/search/JFK2008DYU1?marker=741311
759,553,USD,JFK,RTW,"Saratov, Russia",RU,2026-09-05,4,https://www.aviasales.com/search/JFK0509RTW1?marker=741311
760,554,USD,IAH,SZX,"Shenzhen, China",CN,2026-10-07,2,https://www.aviasales.com/search/IAH0710SZX1?marker=741311
761,556,USD,MIA,PVH,"Porto Velho, Brazil",BR,2026-12-01,2,https://www.aviasales.com/search/MIA0112PVH1?marker=741311
762,559,USD,ATL,ERF,"Erfurt, Germany",DE,2026-08-06,3,https://www.aviasales.com/search/ATL0608ERF1?marker=741311
763,559,USD,JFK,HGR,"Hagerstown, United States",US,2026-08-03,2,https://www.aviasales.com/search/JFK0308HGR1?marker=741311
764,559,USD,JFK,SFG,"Saint Martin, Saint Martin",MF,2026-09-20,2,https://www.aviasales.com/search/JFK2009SFG1?marker=741311
765,560,USD,BOS,SCY,"San Cristobal, Ecuador",EC,2026-07-30,2,https://www.aviasales.com/search/BOS3007SCY1?marker=741311
766,560,USD,JFK,OKA,"Okinawa, Japan",JP,2026-11-23,1,https://www.aviasales.com/search/JFK2311OKA1?marker=741311
767,561,USD,MIA,KGD,"Kaliningrad, Russia",RU,2026-09-17,3,https://www.aviasales.com/search/MIA1709KGD1?marker=741311
768,563,USD,SLC,IOM,"Isle Of Man, Isle of Man",IM,2026-08-24,3,https://www.aviasales.com/search/SLC2408IOM1?marker=741311
769,567,USD,SEA,PPG,"Pago Pago, American Samoa",AS,2026-10-05,1,https://www.aviasales.com/search/SEA0510PPG1?marker=741311
770,569,USD,LAX,RDO,"Radom, Poland",PL,2026-09-10,2,https://www.aviasales.com/search/LAX1009RDO1?marker=741311
771,570,USD,LAX,WLG,"Wellington, New Zealand",NZ,2026-08-03,1,https://www.aviasales.com/search/LAX0308WLG1?marker=741311
772,571,USD,JFK,VOG,"Volgograd, Russia",RU,2026-09-14,3,https://www.aviasales.com/search/JFK1409VOG1?marker=741311
773,571,USD,LAX,CHC,"Christchurch, New Zealand",NZ,2026-08-02,1,https://www.aviasales.com/search/LAX0208CHC1?marker=741311
774,571,USD,SAN,SPK,"Sapporo, Japan",JP,2026-10-15,2,https://www.aviasales.com/search/SAN1510SPK1?marker=741311
775,574,USD,PHL,PNT,"Puerto Natales, Chile",CL,2026-09-15,3,https://www.aviasales.com/search/PHL1509PNT1?marker=741311
776,575,USD,IAH,CND,"Constanta, Romania",RO,2026-07-29,1,https://www.aviasales.com/search/IAH2907CND1?marker=741311
777,575,USD,JFK,GOJ,"Nizhniy Novgorod, Russia",RU,2026-09-02,3,https://www.aviasales.com/search/JFK0209GOJ1?marker=741311
778,578,USD,MIA,MFM,"Macau, Macau",MO,2026-09-10,3,https://www.aviasales.com/search/MIA1009MFM1?marker=741311
779,579,USD,LAX,OOL,"Gold Coast, Australia",AU,2026-08-03,2,https://www.aviasales.com/search/LAX0308OOL1?marker=741311
780,581,USD,SFO,GAY,"Gaya, India",IN,2026-08-31,3,https://www.aviasales.com/search/SFO3108GAY1?marker=741311
781,584,USD,JFK,FEG,"Fergana, Uzbekistan",UZ,2026-08-23,2,https://www.aviasales.com/search/JFK2308FEG1?marker=741311
782,584,USD,ORD,RGN,"Yangon, Myanmar",MM,2026-07-29,2,https://www.aviasales.com/search/ORD2907RGN1?marker=741311
783,584,USD,SAN,PQM,"Palenque, Mexico",MX,2026-08-03,3,https://www.aviasales.com/search/SAN0308PQM1?marker=741311
784,585,USD,LAX,KTM,"Kathmandu, Nepal",NP,2026-08-17,2,https://www.aviasales.com/search/LAX1708KTM1?marker=741311
785,585,USD,LAX,ADL,"Adelaide, Australia",AU,2026-08-03,1,https://www.aviasales.com/search/LAX0308ADL1?marker=741311
786,586,USD,LAX,PUY,"Pula, Croatia",HR,2026-08-16,3,https://www.aviasales.com/search/LAX1608PUY1?marker=741311
787,590,USD,IAD,BHK,"Bukhara, Uzbekistan",UZ,2026-08-18,2,https://www.aviasales.com/search/IAD1808BHK1?marker=741311
788,594,USD,JFK,SJT,"San Angelo, United States",US,2026-08-17,2,https://www.aviasales.com/search/JFK1708SJT1?marker=741311
789,594,USD,SAN,DAV,"David, Panama",PA,2026-08-03,3,https://www.aviasales.com/search/SAN0308DAV1?marker=741311
790,595,USD,JFK,THE,"Teresina, Brazil",BR,2026-08-05,2,https://www.aviasales.com/search/JFK0508THE1?marker=741311
791,598,USD,DFW,CIX,"Chiclayo, Peru",PE,2026-07-27,3,https://www.aviasales.com/search/DFW2707CIX1?marker=741311
792,599,USD,SFO,VVO,"Vladivostok, Russia",RU,2026-08-24,2,https://www.aviasales.com/search/SFO2408VVO1?marker=741311
793,602,USD,JFK,DMM,"Dammam, Saudi Arabia",SA,2026-07-25,2,https://www.aviasales.com/search/JFK2507DMM1?marker=741311
794,602,USD,LAX,PER,"Perth, Australia",AU,2026-08-02,2,https://www.aviasales.com/search/LAX0208PER1?marker=741311
795,607,USD,ORD,LFW,"Lome, Togo",TG,2026-08-15,1,https://www.aviasales.com/search/ORD1508LFW1?marker=741311
796,611,USD,DFW,BRN,"Bern, Switzerland",CH,2026-08-06,2,https://www.aviasales.com/search/DFW0608BRN1?marker=741311
797,611,USD,TPA,RMF,"Marsa Alam, Egypt",EG,2026-09-14,2,https://www.aviasales.com/search/TPA1409RMF1?marker=741311
798,612,USD,IAH,SAI,"Siem Reap, Cambodia",KH,2026-09-01,3,https://www.aviasales.com/search/IAH0109SAI1?marker=741311
799,613,USD,IAD,TDX,"Trat, Thailand",TH,2026-08-10,2,https://www.aviasales.com/search/IAD1008TDX1?marker=741311
800,614,USD,IAH,COK,"Kochi, India",IN,2026-08-08,2,https://www.aviasales.com/search/IAH0808COK1?marker=741311
801,614,USD,LAX,HZG,"Hanzhong, China",CN,2026-08-06,2,https://www.aviasales.com/search/LAX0608HZG1?marker=741311
802,615,USD,JFK,PEE,"Perm, Russia",RU,2026-08-31,3,https://www.aviasales.com/search/JFK3108PEE1?marker=741311
803,618,USD,SFO,PCL,"Pucallpa, Peru",PE,2026-08-04,3,https://www.aviasales.com/search/SFO0408PCL1?marker=741311
804,621,USD,IAD,ROS,"Rosario, Argentina",AR,2026-08-01,1,https://www.aviasales.com/search/IAD0108ROS1?marker=741311
805,623,USD,DEN,HIJ,"Hiroshima, Japan",JP,2026-11-14,2,https://www.aviasales.com/search/DEN1411HIJ1?marker=741311
806,626,USD,BOS,YBP,"Yibin, China",CN,2026-07-25,2,https://www.aviasales.com/search/BOS2507YBP1?marker=741311
807,628,USD,JFK,CEK,"Chelyabinsk, Russia",RU,2026-09-06,2,https://www.aviasales.com/search/JFK0609CEK1?marker=741311
808,628,USD,JFK,UGC,"Urgench, Uzbekistan",UZ,2026-08-09,3,https://www.aviasales.com/search/JFK0908UGC1?marker=741311
809,628,USD,LAX,ZQN,"Queenstown, New Zealand",NZ,2026-08-01,2,https://www.aviasales.com/search/LAX0108ZQN1?marker=741311
810,629,USD,ATL,URC,"Urumqi, China",CN,2026-08-13,2,https://www.aviasales.com/search/ATL1308URC1?marker=741311
811,631,USD,LAS,GUW,"Atyrau, Kazakhstan",KZ,2026-09-20,3,https://www.aviasales.com/search/LAS2009GUW1?marker=741311
812,632,USD,LAX,CNS,"Cairns, Australia",AU,2026-08-02,1,https://www.aviasales.com/search/LAX0208CNS1?marker=741311
813,633,USD,JFK,SKT,"Sialkot, Pakistan",PK,2026-11-11,2,https://www.aviasales.com/search/JFK1111SKT1?marker=741311
814,636,USD,JFK,ZNZ,"Zanzibar, Tanzania",TZ,2026-09-04,2,https://www.aviasales.com/search/JFK0409ZNZ1?marker=741311
815,637,USD,IAH,IXL,"Leh, India",IN,2026-09-19,3,https://www.aviasales.com/search/IAH1909IXL1?marker=741311
816,637,USD,LAX,SID,"Sal, Cape Verde",CV,2026-10-02,2,https://www.aviasales.com/search/LAX0210SID1?marker=741311
817,638,USD,JFK,OVB,"Novosibirsk, Russia",RU,2026-09-19,4,https://www.aviasales.com/search/JFK1909OVB1?marker=741311
818,639,USD,DFW,BJL,"Banjul, Gambia",GM,2026-08-06,2,https://www.aviasales.com/search/DFW0608BJL1?marker=741311
819,639,USD,PHX,HNS,"Haines, United States",US,2026-07-29,2,https://www.aviasales.com/search/PHX2907HNS1?marker=741311
820,640,USD,LAX,DRW,"Darwin, Australia",AU,2026-08-02,1,https://www.aviasales.com/search/LAX0208DRW1?marker=741311
821,642,USD,JFK,MLW,"Monrovia, Liberia",LR,2026-07-25,1,https://www.aviasales.com/search/JFK2507MLW1?marker=741311
822,646,USD,JFK,SCW,"Syktyvkar, Russia",RU,2026-09-14,4,https://www.aviasales.com/search/JFK1409SCW1?marker=741311
823,649,USD,BOS,RKT,"Ras Al Khaimah, United Arab Emirates",AE,2026-08-07,2,https://www.aviasales.com/search/BOS0708RKT1?marker=741311
824,650,USD,SLC,PNQ,"Pune, India",IN,2026-08-19,4,https://www.aviasales.com/search/SLC1908PNQ1?marker=741311
825,651,USD,IAD,UTP,"Pattaya, Thailand",TH,2026-09-20,2,https://www.aviasales.com/search/IAD2009UTP1?marker=741311
826,652,USD,JFK,KJA,"Krasnoyarsk, Russia",RU,2026-09-19,4,https://www.aviasales.com/search/JFK1909KJA1?marker=741311
827,656,USD,JFK,NMA,"Namangan, Uzbekistan",UZ,2026-08-09,2,https://www.aviasales.com/search/JFK0908NMA1?marker=741311
828,656,USD,JFK,LOP,"Praya, Indonesia",ID,2026-11-13,2,https://www.aviasales.com/search/JFK1311LOP1?marker=741311
829,657,USD,DFW,HRB,"Harbin, China",CN,2026-07-27,3,https://www.aviasales.com/search/DFW2707HRB1?marker=741311
830,659,USD,SEA,GUM,"Hagatna, Guam",GU,2026-07-27,1,https://www.aviasales.com/search/SEA2707GUM1?marker=741311
831,663,USD,BOS,YYR,"Happy Valley-Goose Bay, Canada",CA,2026-07-29,2,https://www.aviasales.com/search/BOS2907YYR1?marker=741311
832,665,USD,IAD,ABV,"Abuja, Nigeria",NG,2026-07-24,1,https://www.aviasales.com/search/IAD2407ABV1?marker=741311
833,668,USD,ORD,BAR,"Qionghai, China",CN,2026-09-16,4,https://www.aviasales.com/search/ORD1609BAR1?marker=741311
834,669,USD,IAH,GNJ,"Ganja, Azerbaijan",AZ,2026-08-04,3,https://www.aviasales.com/search/IAH0408GNJ1?marker=741311
835,670,USD,IAD,UKK,"Oskemen, Kazakhstan",KZ,2026-11-19,4,https://www.aviasales.com/search/IAD1911UKK1?marker=741311
836,671,USD,JFK,GVR,"Governador Valadares, Brazil",BR,2026-08-14,3,https://www.aviasales.com/search/JFK1408GVR1?marker=741311
837,672,USD,JFK,JNB,"Johannesburg, South Africa",ZA,2026-11-05,3,https://www.aviasales.com/search/JFK0511JNB1?marker=741311
838,672,USD,DEN,SWQ,"Sumbawa Besar, Indonesia",ID,2026-10-06,3,https://www.aviasales.com/search/DEN0610SWQ1?marker=741311
839,676,USD,PHX,OGZ,"Vladikavkaz, Russia",RU,2026-08-12,3,https://www.aviasales.com/search/PHX1208OGZ1?marker=741311
840,681,USD,JFK,MRU,"Mauritius, Mauritius",MU,2026-08-11,3,https://www.aviasales.com/search/JFK1108MRU1?marker=741311
841,681,USD,JFK,KGP,"Kogalym, Russia",RU,2026-08-13,3,https://www.aviasales.com/search/JFK1308KGP1?marker=741311
842,682,USD,MIA,OMS,"Omsk, Russia",RU,2026-12-01,4,https://www.aviasales.com/search/MIA0112OMS1?marker=741311
843,683,USD,JFK,AKX,"Aktobe, Kazakhstan",KZ,2026-08-13,2,https://www.aviasales.com/search/JFK1308AKX1?marker=741311
844,688,USD,SFO,KHV,"Khabarovsk, Russia",RU,2026-08-20,2,https://www.aviasales.com/search/SFO2008KHV1?marker=741311
845,694,USD,JFK,STV,"Surat, India",IN,2026-10-31,2,https://www.aviasales.com/search/JFK3110STV1?marker=741311
846,694,USD,JFK,ASF,"Astrakhan, Russia",RU,2026-10-01,4,https://www.aviasales.com/search/JFK0110ASF1?marker=741311
847,695,USD,JFK,NCU,"Nukus, Uzbekistan",UZ,2026-08-08,3,https://www.aviasales.com/search/JFK0808NCU1?marker=741311
848,701,USD,ORD,ASB,"Ashgabat, Turkmenistan",TM,2026-10-20,3,https://www.aviasales.com/search/ORD2010ASB1?marker=741311
849,704,USD,ORD,KSQ,"Qarshi, Uzbekistan",UZ,2026-08-22,2,https://www.aviasales.com/search/ORD2208KSQ1?marker=741311
850,706,USD,JFK,CSY,"Cheboksary, Russia",RU,2026-07-27,3,https://www.aviasales.com/search/JFK2707CSY1?marker=741311
851,708,USD,MIA,CYA,"Les Cayes, Haiti",HT,2026-08-12,3,https://www.aviasales.com/search/MIA1208CYA1?marker=741311
852,708,USD,LAX,TRZ,"Tiruchirappalli, India",IN,2026-12-01,4,https://www.aviasales.com/search/LAX0112TRZ1?marker=741311
853,714,USD,JFK,LXA,"Lhasa, China",CN,2026-09-18,3,https://www.aviasales.com/search/JFK1809LXA1?marker=741311
854,715,USD,IAD,OUA,"Ouagadougou, Burkina Faso",BF,2026-10-14,1,https://www.aviasales.com/search/IAD1410OUA1?marker=741311
855,717,USD,SEA,NBC,"Naberezhnye Chelny, Russia",RU,2026-08-16,4,https://www.aviasales.com/search/SEA1608NBC1?marker=741311
856,718,USD,JFK,GRV,"Groznyy, Russia",RU,2026-08-02,3,https://www.aviasales.com/search/JFK0208GRV1?marker=741311
857,723,USD,LAX,IKT,"Irkutsk, Russia",RU,2026-08-04,2,https://www.aviasales.com/search/LAX0408IKT1?marker=741311
858,723,USD,SFO,RUR,"Rurutu, French Polynesia",PF,2026-09-20,1,https://www.aviasales.com/search/SFO2009RUR1?marker=741311
859,726,USD,JFK,TNR,"Antananarivo, Madagascar",MG,2026-10-15,3,https://www.aviasales.com/search/JFK1510TNR1?marker=741311
860,726,USD,JFK,BMU,"Bima, Indonesia",ID,2026-11-15,2,https://www.aviasales.com/search/JFK1511BMU1?marker=741311
861,727,USD,SAN,ENA,"Kenai, United States",US,2026-08-03,3,https://www.aviasales.com/search/SAN0308ENA1?marker=741311
862,731,USD,JFK,VIJ,"Virgin Gorda, British Virgin Islands",VG,2026-07-30,1,https://www.aviasales.com/search/JFK3007VIJ1?marker=741311
863,735,USD,LAX,BOB,"Bora Bora, French Polynesia",PF,2026-09-08,2,https://www.aviasales.com/search/LAX0809BOB1?marker=741311
864,737,USD,IAD,YAO,"Yaounde, Cameroon",CM,2026-09-01,2,https://www.aviasales.com/search/IAD0109YAO1?marker=741311
865,737,USD,RDU,KSN,"Kostanay, Kazakhstan",KZ,2026-08-22,4,https://www.aviasales.com/search/RDU2208KSN1?marker=741311
866,738,USD,BOS,GOH,"Nuuk, Greenland",GL,2026-08-23,1,https://www.aviasales.com/search/BOS2308GOH1?marker=741311
867,738,USD,SEA,BKO,"Bamako, Mali",ML,2026-07-30,2,https://www.aviasales.com/search/SEA3007BKO1?marker=741311
868,747,USD,IAH,WUH,"Wuhan, China",CN,2026-10-07,2,https://www.aviasales.com/search/IAH0710WUH1?marker=741311
869,748,USD,MSP,VTE,"Vientiane, Laos",LA,2026-08-07,3,https://www.aviasales.com/search/MSP0708VTE1?marker=741311
870,752,USD,JFK,SBH,"Saint Barthelemy, Guadeloupe",GP,2026-07-24,2,https://www.aviasales.com/search/JFK2407SBH1?marker=741311
871,760,USD,SAN,HSA,"Turkistan, Kazakhstan",KZ,2026-09-22,4,https://www.aviasales.com/search/SAN2209HSA1?marker=741311
872,768,USD,FLL,SEZ,"Mahe, Seychelles",SC,2026-08-31,4,https://www.aviasales.com/search/FLL3108SEZ1?marker=741311
873,772,USD,SFO,GDZ,"Gelendzik, Russia",RU,2026-12-01,4,https://www.aviasales.com/search/SFO0112GDZ1?marker=741311
874,779,USD,JFK,TJM,"Tyumen, Russia",RU,2026-08-04,4,https://www.aviasales.com/search/JFK0408TJM1?marker=741311
875,785,USD,JFK,PPK,"Petropavl, Kazakhstan",KZ,2026-08-05,3,https://www.aviasales.com/search/JFK0508PPK1?marker=741311
876,798,USD,MIA,HMB,"Sohag, Egypt",EG,2026-08-02,3,https://www.aviasales.com/search/MIA0208HMB1?marker=741311
877,815,USD,ORD,NYM,"Nadym, Russia",RU,2026-08-03,4,https://www.aviasales.com/search/ORD0308NYM1?marker=741311
878,819,USD,IAD,COO,"Cotonou, Benin",BJ,2026-08-02,1,https://www.aviasales.com/search/IAD0208COO1?marker=741311
879,827,USD,BOS,TOF,"Tomsk, Russia",RU,2026-08-16,4,https://www.aviasales.com/search/BOS1608TOF1?marker=741311
880,835,USD,DTW,SPN,"Saipan, Northern Mariana Islands",MP,2027-01-12,3,https://www.aviasales.com/search/DTW1201SPN1?marker=741311
881,842,USD,SEA,CHX,"Changuinola, Panama",PA,2026-08-01,3,https://www.aviasales.com/search/SEA0108CHX1?marker=741311
882,849,USD,JFK,IJK,"Izhevsk, Russia",RU,2026-07-28,4,https://www.aviasales.com/search/JFK2807IJK1?marker=741311
883,853,USD,LAX,ARH,"Arkhangelsk, Russia",RU,2026-08-28,3,https://www.aviasales.com/search/LAX2808ARH1?marker=741311
884,854,USD,MSP,XKH,"Xieng Khouang, Laos",LA,2026-08-09,4,https://www.aviasales.com/search/MSP0908XKH1?marker=741311
885,854,USD,BNA,JBK,"Qitai County, China",CN,2026-08-03,3,https://www.aviasales.com/search/BNA0308JBK1?marker=741311
886,858,USD,JFK,PTG,"Polokwane, South Africa",ZA,2026-09-26,4,https://www.aviasales.com/search/JFK2609PTG1?marker=741311
887,860,USD,JFK,WDH,"Windhoek, Namibia",NA,2026-08-23,2,https://www.aviasales.com/search/JFK2308WDH1?marker=741311
888,866,USD,ATL,SGC,"Surgut, Russia",RU,2026-08-20,4,https://www.aviasales.com/search/ATL2008SGC1?marker=741311
889,870,USD,TPA,JIB,"Djibouti, Djibouti",DJ,2026-08-09,2,https://www.aviasales.com/search/TPA0908JIB1?marker=741311
890,883,USD,LAX,BAX,"Barnaul, Russia",RU,2026-08-03,4,https://www.aviasales.com/search/LAX0308BAX1?marker=741311
891,898,USD,RDU,FIH,"Kinshasa, Democratic Republic of the Congo",CD,2026-07-27,2,https://www.aviasales.com/search/RDU2707FIH1?marker=741311
892,905,USD,JFK,UUS,"Yuzhno-Sakhalinsk, Russia",RU,2026-08-03,3,https://www.aviasales.com/search/JFK0308UUS1?marker=741311
893,917,USD,CLT,NOZ,"Novokuznetsk, Russia",RU,2026-08-10,4,https://www.aviasales.com/search/CLT1008NOZ1?marker=741311
894,925,USD,LAX,UUD,"Ulan-Ude, Russia",RU,2026-07-28,4,https://www.aviasales.com/search/LAX2807UUD1?marker=741311
895,929,USD,JFK,LBD,"Khujand, Tajikistan",TJ,2026-08-06,2,https://www.aviasales.com/search/JFK0608LBD1?marker=741311
896,931,USD,DEN,ARK,"Arusha, Tanzania",TZ,2026-12-01,3,https://www.aviasales.com/search/DEN0112ARK1?marker=741311
897,946,USD,DEN,HGA,"Hargeisa, Somalia",SO,2026-07-26,2,https://www.aviasales.com/search/DEN2607HGA1?marker=741311
898,960,USD,JFK,NAJ,"Nakhichevan, Azerbaijan",AZ,2026-08-20,3,https://www.aviasales.com/search/JFK2008NAJ1?marker=741311
899,991,USD,CLT,PKC,"Petropavlovsk-Kamchatsky, Russia",RU,2026-09-17,4,https://www.aviasales.com/search/CLT1709PKC1?marker=741311
900,1021,USD,IAH,HAQ,"Hanimaadhoo, Maldives",MV,2026-09-13,2,https://www.aviasales.com/search/IAH1309HAQ1?marker=741311
901,1032,USD,LAX,DYR,"Anadyr, Russia",RU,2026-08-03,4,https://www.aviasales.com/search/LAX0308DYR1?marker=741311
902,1032,USD,JFK,BQS,"Blagoveschensk, Russia",RU,2026-08-06,3,https://www.aviasales.com/search/JFK0608BQS1?marker=741311
903,1033,USD,DFW,TMJ,"Termez, Uzbekistan",UZ,2026-08-01,4,https://www.aviasales.com/search/DFW0108TMJ1?marker=741311
904,1048,USD,BOS,CAC,"Cascavel, Brazil",BR,2026-12-19,3,https://www.aviasales.com/search/BOS1912CAC1?marker=741311
905,1048,USD,JFK,USH,"Ushuaia, Argentina",AR,2026-07-31,3,https://www.aviasales.com/search/JFK3107USH1?marker=741311
906,1110,USD,IAH,BSR,"Basra, Iraq",IQ,2026-07-25,2,https://www.aviasales.com/search/IAH2507BSR1?marker=741311
907,1118,USD,SEA,VFA,"Victoria Falls, Zimbabwe",ZW,2026-08-02,2,https://www.aviasales.com/search/SEA0208VFA1?marker=741311
908,1121,USD,MCO,GDX,"Magadan, Russia",RU,2026-08-19,4,https://www.aviasales.com/search/MCO1908GDX1?marker=741311
909,1131,USD,SEA,TKK,"Truk, Micronesia",FM,2026-07-27,2,https://www.aviasales.com/search/SEA2707TKK1?marker=741311
910,1133,USD,JFK,CAY,"Cayenne, French Guiana",GF,2027-01-01,3,https://www.aviasales.com/search/JFK0101CAY1?marker=741311
911,1167,USD,JFK,MOQ,"Morondava, Madagascar",MG,2026-09-07,2,https://www.aviasales.com/search/JFK0709MOQ1?marker=741311
912,1201,USD,JFK,HTA,"Chita, Russia",RU,2026-07-28,3,https://www.aviasales.com/search/JFK2807HTA1?marker=741311
913,1212,USD,LAX,PHC,"Port Harcourt, Nigeria",NG,2026-12-10,2,https://www.aviasales.com/search/LAX1012PHC1?marker=741311
914,1225,USD,ORD,REN,"Orenburg, Russia",RU,2026-08-01,2,https://www.aviasales.com/search/ORD0108REN1?marker=741311
915,1294,USD,JFK,NLK,"Norfolk Island, Norfolk Island",NF,2026-08-06,3,https://www.aviasales.com/search/JFK0608NLK1?marker=741311
916,1299,USD,ORD,YKS,"Yakutsk, Russia",RU,2026-08-01,4,https://www.aviasales.com/search/ORD0108YKS1?marker=741311
917,1343,USD,LAX,WLS,"Wallis Island, Wallis and Futuna",WF,2026-12-17,2,https://www.aviasales.com/search/LAX1712WLS1?marker=741311
918,1391,USD,IAH,PNR,"Pointe-Noire, Republic of the Congo",CG,2026-07-25,3,https://www.aviasales.com/search/IAH2507PNR1?marker=741311
919,1466,USD,MCO,URA,"Oral, Kazakhstan",KZ,2026-08-10,2,https://www.aviasales.com/search/MCO1008URA1?marker=741311
920,1716,USD,JFK,PNI,"Pohnpei, Micronesia",FM,2026-08-18,1,https://www.aviasales.com/search/JFK1808PNI1?marker=741311
921,1737,USD,ORD,JAV,"Ilulissat, Greenland",GL,2027-01-01,2,https://www.aviasales.com/search/ORD0101JAV1?marker=741311
922,2146,USD,JFK,MAJ,"Majuro, Marshall Islands",MH,2026-07-24,3,https://www.aviasales.com/search/JFK2407MAJ1?marker=741311
923,2188,USD,BOS,SON,"Espiritu Santo, Vanuatu",VU,2026-12-17,4,https://www.aviasales.com/search/BOS1712SON1?marker=741311
