rank,price,currency,origin,destination_code,destination_name,country_code,depart,stops,booking_link
1,17,USD,LAX,SFO,"San Francisco, United States",US,2026-10-28,0,https://www.aviasales.com/search/LAX2810SFO1?t=F917932141801793219520000089LAXSFO_93f3c36699e3a384f664dd1fa95cf73b_1469&search_date=15092026&expected_price_uuid=01a0a65b-cb3d-8040-6bc4-859d1840252c&static_fare_key=TY%7CP1%7CH0%7CL0%7CCH1_0%7CR0%7CTBC0&itinerary_key=ZuGPvRlHSEiboDIxwoaptw&expected_price_source=share&expected_price_currency=usd&expected_price=17&marker=741311
2,41,USD,LAX,LAS,"Las Vegas, United States",US,2026-10-10,0,https://www.aviasales.com/search/ONT1010LAS1?t=F917916531001791657480000073ONTLAS_ebcc4f20c88c8caf331b228736713461_3450&search_date=14092026&expected_price_uuid=01a09ecd-d659-8040-a5fd-72348364b24e&static_fare_key=TY%7CP0%7CH0%7CL0%7CCH0%7CR0%7CTBC0&itinerary_key=59qdv1U78EZDwW8WDtComA&expected_price_source=share&expected_price_currency=usd&expected_price=41&marker=741311
3,19,USD,IAH,ATL,"Atlanta, United States",US,2026-10-31,0,https://www.aviasales.com/search/IAH3110ATL1?t=F917934780601793489520000131IAHATL_f555b7207735b862ac8f28fa74964592_1634&search_date=13092026&expected_price_uuid=01a09c5e-7e2e-8030-6e4f-244915592b0b&static_fare_key=TY%7CP0%7CH0%7CL0%7CCH1_0%7CR0%7CTBC0&itinerary_key=g9tzJthiZkyld07QoDnAsQ&origin_airports=0&expected_price_source=share&expected_price_currency=usd&expected_price=19&marker=741311
4,19,USD,ATL,TPA,"Tampa, United States",US,2026-11-10,0,https://www.aviasales.com/search/ATL1011TPA1?t=F917943054601794311340000098ATLTPA_e6aa62e89758ecbc64e784824c5d483a_1600&search_date=13092026&expected_price_uuid=01a09a7e-28e8-8030-a01c-219ac5d5504f&static_fare_key=TY%7CP0%7CH0%7CL0%7CCH0%7CR0%7CTBC0&itinerary_key=gzRBPh5boX0j4djv1GNCBQ&expected_price_source=share&expected_price_currency=usd&expected_price=19&marker=741311
5,19,USD,ATL,ORL,"Orlando, United States",US,2026-10-20,0,https://www.aviasales.com/search/ATL2010ORL1?t=F917925257401792531800000101ATLMCO_d8c62a6b5ba73ffea60447e939efc296_1601&search_date=14092026&expected_price_uuid=01a0a01b-035d-8040-27a8-6eb2d84871f9&static_fare_key=TY%7CP0%7CH0%7CL0%7CCH0%7CR0%7CTBC0&itinerary_key=ixyTBpD7f6iwlsM1_99E_w&expected_price_source=share&expected_price_currency=usd&expected_price=19&marker=741311
6,19,USD,SFO,SAN,"San Diego, United States",US,2026-10-28,0,https://www.aviasales.com/search/SFO2810SAN1?t=F917932066201793212680000101SFOSAN_c4bbcd2d8e821f4f8d7b5eea40d901ee_1614&search_date=10092026&expected_price_uuid=01a0898d-fe1a-8030-2eb1-f5a3b180bae9&static_fare_key=TY%7CP0%7CH0%7CL0%7CCH0%7CR0%7CTBC0&itinerary_key=4bRqAPFGZu4lUiPE8oqPwQ&expected_price_source=share&expected_price_currency=usd&expected_price=19&marker=741311
7,19,USD,SFO,LAX,"Los Angeles, United States",US,2026-11-03,0,https://www.aviasales.com/search/SFO0311LAX1?t=F917937339001793739180000088SFOLAX_05d5272456c1120bc1d05a2e936b8442_1597&search_date=13092026&expected_price_uuid=01a09b18-7390-8030-6785-b31e0d028f1e&static_fare_key=TY%7CP0%7CH0%7CL0%7CCH0%7CR0%7CTBC0&itinerary_key=0p_pmrC_TjvBt-7kZLHVFQ&expected_price_source=share&expected_price_currency=usd&expected_price=19&marker=741311
8,24,USD,SEA,DEN,"Denver, United States",US,2026-11-14,0,https://www.aviasales.com/search/SEA1411DEN1?t=F917946736201794687300000168SEADEN_53502d729e5bc095a7a58c5939114f50_2028&search_date=14092026&expected_price_uuid=01a0a18e-265a-8051-2c02-350a381cde9f&static_fare_key=TY%7CP0%7CH0%7CL0%7CCH0%7CR0%7CTBC0&itinerary_key=TBSMDuXWgjEXMTyI6GqNBQ&expected_price_source=share&expected_price_currency=usd&expected_price=24&marker=741311
9,24,USD,LAS,PHX,"Phoenix, United States",US,2026-11-19,0,https://www.aviasales.com/search/LAS1911PHX1?t=F917951045401795112820000078LASPHX_9947a8f5c9fdecd01a125abcef12e193_2015&search_date=10092026&expected_price_uuid=01a08d80-1670-8030-a702-c745296267f6&static_fare_key=TY%7CP0%7CH0%7CL0%7CCH0%7CR0%7CTBC0&itinerary_key=o7GgBcBDJwJ7h2fW5NeAVw&expected_price_source=share&expected_price_currency=usd&expected_price=24&marker=741311
10,24,USD,ATL,JAX,"Jacksonville, United States",US,2026-10-05,0,https://www.aviasales.com/search/ATL0510JAX1?t=F917912225401791226860000072ATLJAX_1946d9b31346e3de300a06261d0496c0_2039&search_date=10092026&expected_price_uuid=01a08a18-424c-8030-a46c-8bd887502e4b&static_fare_key=TY%7CP0%7CH0%7CL0%7CCH0%7CR0%7CTBC0&itinerary_key=t0rJKisXEQL4A5J7VyH4Fg&expected_price_source=share&expected_price_currency=usd&expected_price=24&marker=741311
11,25,USD,ATL,DFW,"Dallas, United States",US,2026-10-24,0,https://www.aviasales.com/search/ATL2410DFW1?t=F917928200401792825680000154ATLDFW_2c39b4727a2685d69f7e15b4db82d6a0_2102&search_date=16092026&expected_price_uuid=01a0a9e4-f617-8040-69d5-06ab778bca11&static_fare_key=TY%7CP0%7CH0%7CL0%7CCH0%7CR0%7CTBC0&itinerary_key=qOUOYIdDla6TqhD_svvXKg&expected_price_source=share&expected_price_currency=usd&expected_price=25&marker=741311
12,26,USD,ATL,HOU,"Houston, United States",US,2026-10-31,0,https://www.aviasales.com/search/ATL3110HOU1?t=F917934785401793483580000144ATLIAH_d1745c123b50f7f972251bbe4f1dde40_2197&search_date=13092026&expected_price_uuid=01a09c5e-1e9f-8030-2744-50f781372f70&static_fare_key=TY%7CP0%7CH0%7CL0%7CCH0%7CR0%7CTBC0&itinerary_key=eQ1JNGdzO0dtD3BBg0if4Q&expected_price_source=share&expected_price_currency=usd&expected_price=26&marker=741311
13,47,USD,ORD,PHL,"Philadelphia, United States",US,2026-10-10,0,https://www.aviasales.com/search/ORD1010PHL1?t=F917916504601791662640000143ORDPHL_63c8ce349199dc16b31b753a40b6fed6_3946&search_date=11092026&expected_price_uuid=01a08ed8-f066-8040-203f-7c35c7133a22&static_fare_key=TY%7CP0%7CH0%7CL0%7CCH0%7CR0%7CTBC0&itinerary_key=3wwx9k2GgPcTUon-Dsm3VA&origin_airports=0&expected_price_source=share&expected_price_currency=usd&expected_price=47&marker=741311
14,29,USD,MCO,BWI,"Baltimore, United States",US,2026-10-05,0,https://www.aviasales.com/search/MCO0510BWI1?t=F917911807201791189060000139MCOBWI_9269a2a95f9a5ebab914b405b4cba5a1_2401&search_date=15092026&expected_price_uuid=01a0a4c4-1285-8040-2b29-32384f92ce4a&static_fare_key=TY%7CP1%7CH0%7CL0%7CCH0%7CR0%7CTBC0&itinerary_key=S22XEigsAJfOWJK696BY8w&origin_airports=0&expected_price_source=share&expected_price_currency=usd&expected_price=29&marker=741311
15,29,USD,MCO,WAS,"Washington, United States",US,2026-10-29,0,https://www.aviasales.com/search/MCO2910BWI1?t=F917932536001793261820000137MCOBWI_188547e3a2bec9a540c4debe24909388_2439&search_date=12092026&expected_price_uuid=01a0934f-f2d7-8040-687c-650b65984e43&static_fare_key=TY%7CP0%7CH0%7CL0%7CCH0%7CR0%7CTBC0&itinerary_key=x2XOp60Uq1GlbgydZWu6Tg&origin_airports=0&expected_price_source=share&expected_price_currency=usd&expected_price=29&marker=741311
16,29,USD,SFO,ONT,"Ontario, United States",US,2026-10-01,0,https://www.aviasales.com/search/SFO0110ONT1?t=F917908777201790883360000094SFOONT_0a45c7744a07cf76566af7840c9759b6_2438&search_date=11092026&expected_price_uuid=01a090ca-cf60-8030-eda6-612ec0dedecb&static_fare_key=TY%7CP0%7CH0%7CL0%7CCH0%7CR0%7CTBC0&itinerary_key=Sh8RqblX3TD4i3SxzAj8nQ&expected_price_source=share&expected_price_currency=usd&expected_price=29&marker=741311
17,30,USD,BNA,CHI,"Chicago, United States",US,2026-10-15,0,https://www.aviasales.com/search/BNA1510CHI1?t=G417920615201792066920000090BNARFD_879706faf1979deedf07d856905345ea_2525&search_date=12092026&expected_price_uuid=01a095e4-0c2d-8030-a024-3d1bfde3ea5e&static_fare_key=TY%7CP0%7CH0%7CL0%7CCH0%7CR0%7CTBC0&itinerary_key=4GtLbv89tf5tbmXAy5wpyg&expected_price_source=share&expected_price_currency=usd&expected_price=30&marker=741311
18,30,USD,ATL,MSY,"New Orleans, United States",US,2026-10-27,0,https://www.aviasales.com/search/ATL2710MSY1?t=F917931150001793117580000103ATLMSY_9f9baaf97fba1418d3484dd55c2ae2e4_2526&search_date=15092026&expected_price_uuid=01a0a6ee-1660-8040-2f6a-ef5c626b128d&static_fare_key=TY%7CP0%7CH0%7CL0%7CCH0%7CR0%7CTBC0&itinerary_key=rL3QEL7T5SK_S9oZGWFhjg&expected_price_source=share&expected_price_currency=usd&expected_price=30&marker=741311
19,34,USD,DEN,SLC,"Salt Lake City, United States",US,2026-11-04,0,https://www.aviasales.com/search/DEN0411SLC1?t=F917938322401793837820000093DENSLC_9988cb36f22e3e48499d7c2f15d5af36_2864&search_date=15092026&expected_price_uuid=01a0a5c2-22ca-8040-6748-3c087d307353&static_fare_key=TY%7CP0%7CH0%7CL0%7CCH0%7CR0%7CTBC0&itinerary_key=3-ZV_MyvFuu3pr06FTmnvg&expected_price_source=share&expected_price_currency=usd&expected_price=34&marker=741311
20,64,USD,LAX,SJC,"San Jose, United States",US,2026-10-08,0,https://www.aviasales.com/search/LAX0810SFO1?t=WN17914536001791458400000080LAXSFO_a22a9fff11d6ab92d3a848789187044d_5363&search_date=13092026&expected_price_uuid=01a09c36-295c-8030-677e-164d285e0388&static_fare_key=TY%7CP1%7CH1%7CL0%7CCH0%7CR0%7CTBC0&itinerary_key=aSpYHDV0ITHUyf-9wb27MA&expected_price_source=share&expected_price_currency=usd&expected_price=64&marker=741311
21,35,USD,IAD,FLL,"Fort Lauderdale, United States",US,2026-10-14,0,https://www.aviasales.com/search/IAD1410FLL1?t=F917920012801792011780000175IADFLL_78b462a0dc704081b7b9b75b3c972f9f_2951&search_date=16092026&expected_price_uuid=01a0aa58-5c76-8030-2e0a-f23fecaa262e&static_fare_key=TY%7CP0%7CH0%7CL0%7CCH0%7CR0%7CTBC0&itinerary_key=44I_LUWQRU4ucYH1NxLUyg&origin_airports=0&expected_price_source=share&expected_price_currency=usd&expected_price=35&marker=741311
22,125,USD,LAS,SEA,"Seattle, United States",US,2026-10-02,0,https://www.aviasales.com/search/LAS0210SEA1?t=F917909547601790965680000182LASSEA_b4b1ad6779ca1e3ea4e15211e093c5cc_10520&search_date=13092026&expected_price_uuid=01a099bf-e21d-8040-6002-23bd16eb06da&static_fare_key=TY%7CP0%7CH0%7CL0%7CCH0%7CR0%7CTBC0&itinerary_key=5zEikCqAslBlb2unkShy5g&expected_price_source=share&expected_price_currency=usd&expected_price=125&marker=741311
23,37,USD,ATL,MIA,"Miami, United States",US,2026-11-18,0,https://www.aviasales.com/search/ATL1811MIA1?t=F917949903001794997740000124ATLMIA_14d5c640baf6e6d4051371af5d3727f1_3114&search_date=12092026&expected_price_uuid=01a0930f-9de0-8030-e6b2-395fca5f5b85&static_fare_key=TY%7CP0%7CH0%7CL0%7CCH0%7CR0%7CTBC0&itinerary_key=EeZVXQTbWfGBkCs2GjZCpw&expected_price_source=share&expected_price_currency=usd&expected_price=37&marker=741311
25,39,USD,MCO,BNA,"Nashville, United States",US,2026-10-05,0,https://www.aviasales.com/search/MCO0510BNA1?t=F917912146801791218700000127MCOBNA_8e37388e9312efa8540c817aceb7b424_3282&search_date=12092026&expected_price_uuid=01a097be-77f7-8040-6c3a-db852f4a35ac&static_fare_key=TY%7CP0%7CH0%7CL0%7CCH0%7CR0%7CTBC0&itinerary_key=XJAEYXqOsBvivOXLv8qfHA&origin_airports=0&expected_price_source=share&expected_price_currency=usd&expected_price=39&marker=741311
26,40,USD,FLL,CMH,"Columbus, United States",US,2026-11-20,0,https://www.aviasales.com/search/FLL2011CMH1?t=G417951550001795164420000157FLLLCK_a95987408ffdacf49250fc3fc323867e_3380&search_date=14092026&expected_price_uuid=01a0a10f-319b-8030-ecff-03db8450e74c&static_fare_key=TY%7CP0%7CH0%7CL0%7CCH0%7CR0%7CTBC0&itinerary_key=ejBTmbFH1oh2qTKSR4JbwA&expected_price_source=share&expected_price_currency=usd&expected_price=40&marker=741311
27,42,USD,FLL,YTO,"Toronto, Canada",CA,2026-10-01,0,https://www.aviasales.com/search/FLL0110YTO1?t=F817908518001790863500000195FLLYYZ_f3a9c15c571f3dcb45b3d3186084d867_3544&search_date=14092026&expected_price_uuid=01a09d79-96d5-8040-afc6-3b44b5e08641&static_fare_key=TY%7CP0%7CH0%7CL0%7CCH0%7CR0%7CTBC0&itinerary_key=t5tzjk3MLgoRotgwOhh2Rw&expected_price_source=share&expected_price_currency=usd&expected_price=42&marker=741311
28,42,USD,LAS,FAT,"Fresno, United States",US,2026-09-26,0,https://www.aviasales.com/search/LAS2609FAT1?t=G417904132001790417940000079LASFAT_05b6df415dc9e75ff571fb17388bab0f_3532&search_date=16092026&expected_price_uuid=01a0a98e-4b3f-8030-a914-265b9e02a84e&static_fare_key=TY%7CP0%7CH0%7CL0%7CCH0%7CR0%7CTBC0&itinerary_key=syvLcSiehOawMq8-8GLl9w&expected_price_source=share&expected_price_currency=usd&expected_price=42&marker=741311
29,42,USD,FLL,ALB,"Albany, United States",US,2026-09-20,0,https://www.aviasales.com/search/FLL2009ALB1?t=G417898882001789899900000195FLLALB_9f8a0161d733a326298e095c700e3c51_3571&search_date=10092026&expected_price_uuid=01a089cb-bc3e-8030-2af3-0373e7f4d539&static_fare_key=TY%7CP0%7CH0%7CL0%7CCH0%7CR0%7CTBC0&itinerary_key=nlJ9-meB5v8t6FrNjg5XUg&expected_price_source=share&expected_price_currency=usd&expected_price=42&marker=741311
30,42,USD,TPA,EYW,"Key West, United States",US,2026-09-20,0,https://www.aviasales.com/search/TPA2009EYW1?t=G417899173601789921140000063PIEEYW_1b698859c0e09e007820198e84d067e6_3526&search_date=10092026&expected_price_uuid=01a08c2d-c187-8030-e162-782abb9d10fc&static_fare_key=TY%7CP0%7CH0%7CL0%7CCH0%7CR0%7CTBC0&itinerary_key=XhbhcX3btxuHBFQ7q2_czw&expected_price_source=share&expected_price_currency=usd&expected_price=42&marker=741311
31,42,USD,FLL,AVL,"Asheville, United States",US,2026-09-21,0,https://www.aviasales.com/search/FLL2109AVL1?t=G417899740001789981080000118FLLAVL_4ff4a0e9a44f7ff0810067acf786630f_3526&search_date=11092026&expected_price_uuid=01a08ee7-28ce-8030-eaed-00f0f35d00f5&static_fare_key=TY%7CP0%7CH0%7CL0%7CCH0%7CR0%7CTBC0&itinerary_key=sVGRmLXQ6BtbPMEqxTOplw&expected_price_source=share&expected_price_currency=usd&expected_price=42&marker=741311
32,45,USD,MCO,RDU,"Raleigh, United States",US,2026-11-04,0,https://www.aviasales.com/search/MCO0411RDU1?t=F917937981001793804520000107MCORDU_d65465208bf9081e8fa42b8c2975fb29_3787&search_date=12092026&expected_price_uuid=01a09609-30cd-8040-23c6-1f0835a13bb2&static_fare_key=TY%7CP0%7CH0%7CL0%7CCH0%7CR0%7CTBC0&itinerary_key=DHR8FbFNrHeVuu3bsdbtiw&origin_airports=0&expected_price_source=share&expected_price_currency=usd&expected_price=45&marker=741311
34,49,USD,MCO,PNS,"Pensacola, United States",US,2026-09-30,0,https://www.aviasales.com/search/MCO3009PNS1?t=MX17907700801790772300000097MCOPNS_85d5eb95b71f79ef766e82371b20955f_4166&search_date=10092026&expected_price_uuid=01a0893d-e53d-8040-6790-69c8278c1a7f&static_fare_key=TY%7CP0%7CH0%7CL0%7CCH0%7CR0%7CTBC0&itinerary_key=J5-mYhdI0B9NCAu0gB7hog&origin_airports=0&expected_price_source=share&expected_price_currency=usd&expected_price=49&marker=741311
36,50,USD,MCO,CVG,"Cincinnati, United States",US,2026-10-06,1,https://www.aviasales.com/search/MCO0610CVG1?t=F917913071401791373080001099MCOATLCVG_c8bedfb67c6a0d43c2985cd34fe63273_4231&search_date=13092026&expected_price_uuid=01a0986a-5909-8040-a88c-5bf11346db45&static_fare_key=TY%7CP1%7CH0%7CL0%7CCH0%7CR0%7CTBC0&itinerary_key=kjzm2Dml6sZpAuZ-3bg2ug&origin_airports=0&expected_price_source=share&expected_price_currency=usd&expected_price=50&marker=741311
37,51,USD,ATL,IND,"Indianapolis, United States",US,2026-09-28,0,https://www.aviasales.com/search/ATL2809IND1?t=F917906157001790621580000098ATLIND_380c67a5d031889106be6999c189e6f0_4297&search_date=13092026&expected_price_uuid=01a09b00-6c39-8030-ed57-c4bd3052a553&static_fare_key=TY%7CP0%7CH0%7CL0%7CCH0%7CR0%7CTBC0&itinerary_key=QsZQG62RXsNjjzKmYBj_gg&expected_price_source=share&expected_price_currency=usd&expected_price=51&marker=741311
38,53,USD,MCO,NYC,"New York, United States",US,2026-10-16,0,https://www.aviasales.com/search/MCO1610NYC1?t=F917921889001792198920000167MCOEWR_2b9b8d156b82f6e45a223f13fda77e75_4482&search_date=14092026&expected_price_uuid=01a0a150-6504-8030-a844-6c9ec6d6ddca&static_fare_key=TY%7CP1%7CH0%7CL0%7CCH0%7CR0%7CTBC0&itinerary_key=QEGvMxMaR4flNfzT4zAiTw&origin_airports=0&expected_price_source=share&expected_price_currency=usd&expected_price=53&marker=741311
39,55,USD,MCO,MSP,"Minneapolis, United States",US,2026-11-10,1,https://www.aviasales.com/search/MCO1011MSP1?t=F917943027001794319560000341MCOATLMSP_9877693fc95d3c9f33f24aa04930b494_4679&search_date=09092026&expected_price_uuid=01a0879a-8ee8-8040-27f3-896bfbd1b653&static_fare_key=TY%7CP0%7CH0%7CL0%7CCH0%7CR0%7CTBC0&itinerary_key=uUuMLwBTrqu0v9mC3Z-e7A&origin_airports=0&expected_price_source=share&expected_price_currency=usd&expected_price=55&marker=741311
40,55,USD,PHX,YYC,"Calgary, Canada",CA,2026-09-29,1,https://www.aviasales.com/search/PHX2909YYC1?t=WS17906769001790703000000375PHXYEGYYC_608f7cb05496addcf18670f3821e0229_4634&search_date=14092026&expected_price_uuid=01a09ed6-de5d-8030-e244-0d6b7371af95&static_fare_key=TY%7CP0%7CH0%7CL0%7CCH0%7CR0%7CTBC0&itinerary_key=uKdHyUwIPjD3yH3EP1Uzcw&expected_price_source=share&expected_price_currency=usd&expected_price=55&marker=741311
41,57,USD,LAX,SAC,"Sacramento, United States",US,2026-10-08,0,https://www.aviasales.com/search/LAX0810SAC1?t=F917914749001791480840000099LAXSMF_4e1b405c3f31ac0fb912cab01455ce45_4800&search_date=16092026&expected_price_uuid=01a0a89c-9559-8040-25fd-b08fe43f250e&static_fare_key=TY%7CP0%7CH0%7CL0%7CCH0%7CR0%7CTBC0&itinerary_key=O4XrvS5vC_T4OK9Xoca8fg&expected_price_source=share&expected_price_currency=usd&expected_price=57&marker=741311
42,58,USD,RDU,HVN,"New Haven, United States",US,2026-09-25,0,https://www.aviasales.com/search/RDU2509HVN1?t=XP17903684401790374140000095RDUHVN_9b48733217e743ee267168b85e263f4f_4884&search_date=15092026&expected_price_uuid=01a0a6ed-ae88-8030-aed2-5d2b0bd684b0&static_fare_key=TY%7CP0%7CH1%7CL0%7CCH0%7CR0%7CTBC0&itinerary_key=xyvxPbr6HUcL70kSmI0JPQ&expected_price_source=share&expected_price_currency=usd&expected_price=58&marker=741311
43,59,USD,MCO,BDL,"Hartford, United States",US,2026-10-02,1,https://www.aviasales.com/search/MCO0210BDL1?t=MX17909647201790979960000254MCOEWNBDL_1e5667a40a663289e58f6fcba3015aa6_4954&search_date=11092026&expected_price_uuid=01a08e8a-6f30-8040-24e8-fb6cbbe3a37f&static_fare_key=TY%7CP0%7CH0%7CL0%7CCH0%7CR0%7CTBC0&itinerary_key=zDD0Y4Hw-bgCujjAsTobtQ&origin_airports=0&expected_price_source=share&expected_price_currency=usd&expected_price=59&marker=741311
44,60,USD,SFO,PDX,"Portland, United States",US,2026-12-31,0,https://www.aviasales.com/search/SFO3112PDX1?t=UA17987500201798756560000109SFOPDX_2f68c35396772adbf5f937b54164de43_5054&search_date=15092026&expected_price_uuid=01a0a62e-db8a-8030-e43d-10593297f733&static_fare_key=TY%7CP1%7CH0%7CL0%7CCH0%7CR0%7CTBC0&itinerary_key=vvhJlxIoLaD47D4k5rBgeg&expected_price_source=share&expected_price_currency=usd&expected_price=60&marker=741311
45,60,USD,LAX,RNO,"Reno, United States",US,2027-01-07,0,https://www.aviasales.com/search/LAX0701RNO1?t=WN17993274001799332500000085LAXRNO_04ab1090ee0f54d014221d435bb5fcf0_5096&search_date=09092026&expected_price_uuid=01a08749-1b35-8050-2ef3-9b14ec718fd8&static_fare_key=TY%7CP1%7CH1%7CL0%7CCH0%7CR0%7CTBC0&itinerary_key=iWnzaPRrFSbSgs5sb4iJ7A&expected_price_source=share&expected_price_currency=usd&expected_price=60&marker=741311
47,62,USD,MIA,SJU,"San Juan, Puerto Rico",PR,2026-11-09,0,https://www.aviasales.com/search/MIA0911SJU1?t=F917942541001794267480000163MIASJU_d2d5f523e0e3d590f2f2c0ec68ec8227_5274&search_date=15092026&expected_price_uuid=01a0a338-93e9-8040-6b1d-75f3cffaf362&static_fare_key=TY%7CP0%7CH0%7CL0%7CCH0%7CR0%7CTBC0&itinerary_key=w0wpwsgBH5z8iuL7XAXskg&expected_price_source=share&expected_price_currency=usd&expected_price=62&marker=741311
48,63,USD,MCO,SBN,"South Bend, United States",US,2026-09-24,0,https://www.aviasales.com/search/MCO2409SBN1?t=MX17902698601790280360000175MCOSBN_726bc8a6dbb77f5ce227ae92efb6fe31_5324&search_date=14092026&expected_price_uuid=01a0a11b-afff-8030-ed5a-6e32eca8310e&static_fare_key=TY%7CP0%7CH0%7CL0%7CCH0%7CR0%7CTBC0&itinerary_key=272iP7IkqXZFk00UMCBEFA&origin_airports=0&expected_price_source=share&expected_price_currency=usd&expected_price=63&marker=741311
49,63,USD,ATL,GDL,"Guadalajara, Mexico",MX,2026-10-05,0,https://www.aviasales.com/search/ATL0510GDL1?t=Y417912058001791214020000257ATLGDL_102a887dc7caaa4f56c15a6e97e1f539_5324&search_date=14092026&expected_price_uuid=01a0a236-0b07-8040-a68a-1bb909d361bf&static_fare_key=TY%7CP0%7CH0%7CL0%7CCH0%7CR0%7CTBC0&itinerary_key=9Y_ZglLZJxPC1uK5hhYYLQ&expected_price_source=share&expected_price_currency=usd&expected_price=63&marker=741311
50,65,USD,IAD,CLE,"Cleveland, United States",US,2026-10-07,1,https://www.aviasales.com/search/IAD0710CLE1?t=F917913967801791470220001224IADFLLCLE_3552fc66d1ef30d5e6c540ac6f70e06b_5422&search_date=11092026&expected_price_uuid=01a08e50-3cf6-8040-60fe-e6076e78393d&static_fare_key=TY%7CP0%7CH0%7CL0%7CCH0%7CR0%7CTBC0&itinerary_key=IYh-LiLxH-WiG6veAKCphw&origin_airports=0&expected_price_source=share&expected_price_currency=usd&expected_price=65&marker=741311
51,65,USD,ATL,ORF,"Norfolk, United States",US,2026-09-27,0,https://www.aviasales.com/search/ATL2709ORF1?t=F917905060801790512140000101ATLORF_08f4cc6e3d4874492fd019eb219f48d9_5467&search_date=12092026&expected_price_uuid=01a09496-0fe2-8030-21fb-796dd4b7a899&static_fare_key=TY%7CP0%7CH0%7CL0%7CCH0%7CR0%7CTBC0&itinerary_key=CRBUPv50v2nR0QapeNeIEQ&expected_price_source=share&expected_price_currency=usd&expected_price=65&marker=741311
52,66,USD,PHX,YEA,"Edmonton, Canada",CA,2026-09-29,1,https://www.aviasales.com/search/PHX2909YEA1?t=WS17906688001790695500000385PHXYYCYEG_d1f9414fa76c8b1a4714470e50796fec_5603&search_date=14092026&expected_price_uuid=01a0a14c-d145-8030-2abd-b87b18b82a98&static_fare_key=TY%7CP0%7CH0%7CL0%7CCH0%7CR0%7CTBC0&itinerary_key=kuwonRlJE5TPKBCP-eYk6A&expected_price_source=share&expected_price_currency=usd&expected_price=66&marker=741311
53,68,USD,LAS,AUS,"Austin, United States",US,2026-11-14,0,https://www.aviasales.com/search/LAS1411AUS1?t=F917946414001794658920000172LASAUS_668430221680994c7f1648af88c07be5_5726&search_date=15092026&expected_price_uuid=01a0a6de-a124-8040-60e1-5197a27dabf5&static_fare_key=TY%7CP0%7CH0%7CL0%7CCH0%7CR0%7CTBC0&itinerary_key=YfIh2Qv-QDKqz1pJXjvgkw&expected_price_source=share&expected_price_currency=usd&expected_price=68&marker=741311
54,69,USD,LAX,YVR,"Vancouver, Canada",CA,2026-10-17,2,https://www.aviasales.com/search/LAX1710YVR1?t=AS17922204001792254540000569LAXPDXSEAYVR_6c4400520bdb86d46eeab5249562d49c_5770&search_date=13092026&expected_price_uuid=01a099b7-0718-8040-a2be-1734ebe0ae02&static_fare_key=TY%7CP1%7CH0%7CL0%7CCH0%7CR0%7CTBC0&itinerary_key=yjkkI0LiIf1MYgbfhtyXeQ&expected_price_source=share&expected_price_currency=usd&expected_price=69&marker=741311
55,69,USD,MCO,GSP,"Greenville, United States",US,2026-09-24,0,https://www.aviasales.com/search/MCO2409GSP1?t=MX17902806001790286600000100MCOGSP_9eb9ae815709f491faf9afbb4c6a6fb2_5849&search_date=15092026&expected_price_uuid=01a0a75f-c703-8030-a8ed-e15c68b4ad82&static_fare_key=TY%7CP0%7CH0%7CL0%7CCH0%7CR0%7CTBC0&itinerary_key=-Rwql6_MFmn-fpZh7ADXog&origin_airports=0&expected_price_source=share&expected_price_currency=usd&expected_price=69&marker=741311
56,70,USD,IAD,PIT,"Pittsburgh, United States",US,2026-09-25,1,https://www.aviasales.com/search/IAD2509PIT1?t=9X17903406001790356020000257IADDUJPIT_a96b4a8beb70b8f421fe8412918776b1_5898&search_date=15092026&expected_price_uuid=01a0a474-8bc6-8030-677f-b2ddabe930f9&static_fare_key=TY%7CP0%7CH0%7CL1_1_20%7CCH0%7CR0%7CTBC1&itinerary_key=lNqjvWT2nITd5pRFhlvPXA&origin_airports=0&expected_price_source=share&expected_price_currency=usd&expected_price=70&marker=741311
57,71,USD,BNA,STL,"St Louis, United States",US,2026-09-24,1,https://www.aviasales.com/search/BNA2409STL1?t=9X17902422001790256060000231BNAJBRSTL_2a60bb372bd966c3ff8cdd022291eb7a_5993&search_date=14092026&expected_price_uuid=01a0a0a7-4c7f-8030-e800-44d05cb36f1b&static_fare_key=TY%7CP0%7CH0%7CL1_1_23%7CCH0%7CR0%7CTBC1&itinerary_key=6mrfUNEg5FaBN3o1nzkzWQ&expected_price_source=share&expected_price_currency=usd&expected_price=71&marker=741311
58,71,USD,TPA,IAG,"Niagara Falls, United States",US,2026-09-20,0,https://www.aviasales.com/search/TPA2009IAG1?t=G417898879001789897380000158PIEIAG_d5fedd309a2255b23952206b48180da3_6036&search_date=10092026&expected_price_uuid=01a089a0-8ddf-8030-2520-344fd3898b5d&static_fare_key=TY%7CP0%7CH0%7CL0%7CCH0%7CR0%7CTBC0&itinerary_key=W1avNPP1iqg0ZrBtVm4fPg&expected_price_source=share&expected_price_currency=usd&expected_price=71&marker=741311
59,72,USD,MCO,TYS,"Knoxville, United States",US,2026-10-19,0,https://www.aviasales.com/search/MCO1910TYS1?t=G417924022601792408440000103MCOTYS_0d29ee70961b12128b46860f87caed45_6041&search_date=12092026&expected_price_uuid=01a09706-7a11-8030-e5ba-3ef3a8c7faba&static_fare_key=TY%7CP1%7CH0%7CL0%7CCH0%7CR0%7CTBC0&itinerary_key=j1kF2OfTmeZaqaBnlcd6bg&origin_airports=0&expected_price_source=share&expected_price_currency=usd&expected_price=72&marker=741311
60,74,USD,AUS,MEX,"Mexico City, Mexico",MX,2026-11-13,1,https://www.aviasales.com/search/AUS1311MEX1?t=VB17945781001794607200000485AUSMTYMEX_0387faa23784c7e2fde2521e3bc625b4_6213&search_date=10092026&expected_price_uuid=01a08d69-6f1a-8040-66ec-7b9650bcc77a&static_fare_key=TY%7CP0%7CH0%7CL0%7CCH0%7CR0%7CTBC0&itinerary_key=Ya0rPsk1Cb8Y9nsP0Lw5tg&expected_price_source=share&expected_price_currency=usd&expected_price=74&marker=741311
61,74,USD,FLL,MSN,"Madison, United States",US,2026-09-30,1,https://www.aviasales.com/search/FLL3009MSN1?t=MX17907480001790761980000293FLLTPAMSN_1f66d2ffdff26537fb8371afb9089be7_6224&search_date=11092026&expected_price_uuid=01a08fc3-b910-8030-aa13-d9d8e4814261&static_fare_key=TY%7CP0%7CH0%7CL0%7CCH0%7CR0%7CTBC0&itinerary_key=sWBpON3zGAzovgEx8OpG2Q&expected_price_source=share&expected_price_currency=usd&expected_price=74&marker=741311
62,74,USD,BOS,LEB,"Lebanon, United States",US,2026-09-26,0,https://www.aviasales.com/search/BOS2609LEB1?t=9K17904258601790429760000065BOSLEB_5762f841a1fff4a2c91fb8bf9a4701b7_6283&search_date=16092026&expected_price_uuid=01a0a94b-f2bc-8030-ec98-8775ca86be8a&static_fare_key=TY%7CP0%7CH1%7CL0%7CCH0%7CR0%7CTBC0&itinerary_key=6Dr0bBJ_eNlfK75I7dlEmQ&expected_price_source=share&expected_price_currency=usd&expected_price=74&marker=741311
63,76,USD,PHL,DTT,"Detroit, United States",US,2026-11-03,1,https://www.aviasales.com/search/PHL0311DTT1?t=F917937265201793753040000442PHLATLDTW_8d7eac23fd8993742c042a7d90f2d86a_6422&search_date=12092026&expected_price_uuid=01a09398-6c05-8030-ebdd-d7a024a2b5a4&static_fare_key=TY%7CP1%7CH0%7CL0%7CCH0%7CR0%7CTBC0&itinerary_key=ZfBxTtmhNihNqIc-stZHIw&expected_price_source=share&expected_price_currency=usd&expected_price=76&marker=741311
64,76,USD,SEA,BZN,"Bozeman, United States",US,2026-10-17,0,https://www.aviasales.com/search/SEA1710BZN1?t=AS17922204001792230000000100SEABZN_1af88130112305c63f1641da544b3bbe_6475&search_date=10092026&expected_price_uuid=01a089aa-6826-8030-a1c0-b2006843b987&static_fare_key=TY%7CP1%7CH0%7CL0%7CCH0%7CR0%7CTBC0&itinerary_key=qJ04dbq5St7zOdQvQYrf7Q&expected_price_source=share&expected_price_currency=usd&expected_price=76&marker=741311
65,78,USD,PHX,PVU,"Provo, United States",US,2026-10-02,0,https://www.aviasales.com/search/PHX0210PVU1?t=MX17909685601790978220000101PHXPVU_2fd741c35585d1b80330fbba167097f2_6570&search_date=10092026&expected_price_uuid=01a08b0a-8550-8040-6598-b037d218d5f4&static_fare_key=TY%7CP0%7CH0%7CL0%7CCH0%7CR0%7CTBC0&itinerary_key=zJTiPSm7ZlOB8duzBk1GNQ&expected_price_source=share&expected_price_currency=usd&expected_price=78&marker=741311
66,79,USD,MCO,CLT,"Charlotte, United States",US,2026-09-28,0,https://www.aviasales.com/search/MCO2809CLT1?t=F917905776001790584500000115MCOCLT_3523a0b9ced47cd322464f633b8c5481_6617&search_date=13092026&expected_price_uuid=01a09bff-069f-8030-29e9-302dfa2ff0d8&static_fare_key=TY%7CP0%7CH0%7CL0%7CCH0%7CR0%7CTBC0&itinerary_key=u8-s-HnxY-apUprTAjVcow&origin_airports=0&expected_price_source=share&expected_price_currency=usd&expected_price=79&marker=741311
67,79,USD,MIA,BOS,"Boston, United States",US,2026-10-24,0,https://www.aviasales.com/search/MIA2410BOS1?t=AA17928780001792889940000199MIABOS_291d5da1459de151c7edeb880e19b28f_6686&search_date=13092026&expected_price_uuid=01a09bd5-30b7-8030-6813-b42d9420e27b&static_fare_key=TY%7CP0%7CH1%7CL0%7CCH0%7CR0%7CTBC0&itinerary_key=7Zj9GIDAWpjVzfgqcGDJJw&expected_price_source=share&expected_price_currency=usd&expected_price=79&marker=741311
70,82,USD,ATL,BUF,"Buffalo, United States",US,2026-10-15,1,https://www.aviasales.com/search/ATL1510BUF1?t=WN17920560001792073400000290ATLBWIBUF_e4ca5152c7c4cf32066b19aa3f5720cb_6883&search_date=15092026&expected_price_uuid=01a0a5bc-bd14-8040-2154-0d252daa69a7&static_fare_key=TY%7CP0%7CH1%7CL0%7CCH0%7CR0%7CTBC0&itinerary_key=5yVfIrdnjvgV4PUxckdBlg&expected_price_source=share&expected_price_currency=usd&expected_price=82&marker=741311
71,83,USD,RDU,ROC,"Rochester, United States",US,2026-10-23,0,https://www.aviasales.com/search/RDU2310ROC1?t=MX17927716801792778160000108RDUROC_bf413aa60988eb34d0e3e62cf16a1fb3_6977&search_date=10092026&expected_price_uuid=01a08b87-0608-8040-a032-07268cbcc9a3&static_fare_key=TY%7CP0%7CH0%7CL0%7CCH0%7CR0%7CTBC0&itinerary_key=CMHGGpAEH-UCPdaXEW9muQ&expected_price_source=share&expected_price_currency=usd&expected_price=83&marker=741311
72,85,USD,LAS,YWG,"Winnipeg, Canada",CA,2026-09-29,2,https://www.aviasales.com/search/LAS2909YWG1?t=WS17906880001790729700000575LASYVRYYCYWG_dc8b1a9253e9e179451ed20b65c17858_7142&search_date=14092026&expected_price_uuid=01a09d61-c464-8030-6296-7bf8ec3ae55a&static_fare_key=TY%7CP0%7CH0%7CL0%7CCH0%7CR0%7CTBC0&itinerary_key=DvZh2p_ZkqUhYMWa36oKCQ&expected_price_source=share&expected_price_currency=usd&expected_price=85&marker=741311
73,85,USD,CLT,BKW,"Beckley, United States",US,2026-09-20,0,https://www.aviasales.com/search/CLT2009BKW1?t=LF17899263001789931100000080CLTBKW_d5532c9d7efb67a769dcab04b4dccc38_7147&search_date=10092026&expected_price_uuid=01a08b6e-0809-8030-e8ed-083df31917d3&static_fare_key=TY%7CP0%7CH1%7CL0%7CCH0%7CR0%7CTBC0&itinerary_key=vycJ6oGO_kGEDl9vFLik4A&expected_price_source=share&expected_price_currency=usd&expected_price=85&marker=741311
74,85,USD,SEA,BOI,"Boise, United States",US,2026-10-07,0,https://www.aviasales.com/search/SEA0710BOI1?t=AS17914085401791417540000090SEABOI_33293f7e34e25912c6d1eb7c4f78749f_7266&search_date=10092026&expected_price_uuid=01a089cc-7519-8030-a18b-529f486641a1&static_fare_key=TY%7CP1%7CH1%7CL0%7CCH0%7CR0%7CTBC0&itinerary_key=xflu077EG1-kEGCLbGiouw&expected_price_source=share&expected_price_currency=usd&expected_price=85&marker=741311
75,86,USD,MCO,CHS,"Charleston, United States",US,2026-09-24,0,https://www.aviasales.com/search/MCO2409CHS1?t=MX17902338001790239080000088MCOCHS_54f25ccc449224d63223540a92de0dcb_7268&search_date=14092026&expected_price_uuid=01a0a1af-0e2e-8030-a079-d2c744a219a0&static_fare_key=TY%7CP0%7CH0%7CL0%7CCH0%7CR0%7CTBC0&itinerary_key=93ihWs3c9tIzqhp1YH1pCA&origin_airports=0&expected_price_source=share&expected_price_currency=usd&expected_price=86&marker=741311
76,86,USD,MSP,HRL,"Harlingen, United States",US,2026-12-15,2,https://www.aviasales.com/search/MSP1512HRL1?t=WN17973210001797349800000480MSPSTLHOUHRL_cc66c4e471fe915f77b3967651fe5e13_7268&search_date=14092026&expected_price_uuid=01a0a20c-6236-8040-ac7d-074a3c3b7f60&static_fare_key=TY%7CP0%7CH1%7CL0%7CCH0%7CR0%7CTBC0&itinerary_key=um_2LEZXemIQqXfd_6duDA&expected_price_source=share&expected_price_currency=usd&expected_price=86&marker=741311
77,87,USD,IAH,QRO,"Queretaro, Mexico",MX,2026-09-21,0,https://www.aviasales.com/search/IAH2109QRO1?t=Y417900305201790034120000120IAHQRO_10f1f14710544375a74137455cc222ad_7329&search_date=15092026&expected_price_uuid=01a0a609-5c35-8040-a94b-f6806cc7a3dd&static_fare_key=TY%7CP0%7CH0%7CL0%7CCH0%7CR0%7CTBC0&itinerary_key=cCc8uRb95LmyIwhkcu87qQ&origin_airports=0&expected_price_source=share&expected_price_currency=usd&expected_price=87&marker=741311
78,87,USD,PHX,GEG,"Spokane, United States",US,2026-10-26,0,https://www.aviasales.com/search/PHX2610GEG1?t=G417930301001793039940000164AZAGEG_efd54a8ee63900100868a5497f10add8_7322&search_date=12092026&expected_price_uuid=01a0949e-29f1-8030-2e99-6da32771dbf1&static_fare_key=TY%7CP0%7CH0%7CL0%7CCH0%7CR0%7CTBC0&itinerary_key=7biJVLRxmElGOa32C2TmIw&expected_price_source=share&expected_price_currency=usd&expected_price=87&marker=741311
79,88,USD,RDU,FMY,"Fort Myers, United States",US,2026-09-19,0,https://www.aviasales.com/search/RDU1909FMY1?t=MX17898483001789855980000128RDURSW_2ca6a4c9f90fec052c277be7ef35140e_7414&search_date=13092026&expected_price_uuid=01a09b2e-3ae7-8030-6eab-45640c093d68&static_fare_key=TY%7CP0%7CH0%7CL0%7CCH0%7CR0%7CTBC0&itinerary_key=zyVEq7MnFahwmapvig6jwQ&expected_price_source=share&expected_price_currency=usd&expected_price=88&marker=741311
80,88,USD,AUS,ELP,"El Paso, United States",US,2026-10-21,1,https://www.aviasales.com/search/AUS2110ELP1?t=F917926140601792694460001400AUSDENELP_960c7e9ac5eac899597f8a0c55ac9094_7406&search_date=12092026&expected_price_uuid=01a09365-e543-8040-a554-4f0fe8c554db&static_fare_key=TY%7CP0%7CH0%7CL0%7CCH0%7CR0%7CTBC0&itinerary_key=yaH8u5Xs8iAFvaGARCiHtQ&expected_price_source=share&expected_price_currency=usd&expected_price=88&marker=741311
81,373,USD,TPA,YKF,"Kitchener, Canada",CA,2026-12-15,1,https://www.aviasales.com/search/TPA1512YKF1?t=PD17973535201797531300002963TPAFLLYYZYHZYKF_c5ca3842197f5a1cc43adecb96dd09d4_31511&search_date=14092026&expected_price_uuid=01a09da9-19c0-8040-67bf-583f791686fa&static_fare_key=TY%7CP0%7CH0%7CL0%7CCH0%7CR0%7CTBC0&itinerary_key=xyQ8gOUEHBPX6JMyzf4f8w&expected_price_source=share&expected_price_currency=usd&expected_price=373&marker=741311
82,91,USD,IAH,BJX,"Leon/Guanajuato, Mexico",MX,2026-09-20,0,https://www.aviasales.com/search/IAH2009BJX1?t=VB17899356001789939800000130IAHBJX_f37c10681d89787a8c87541b2adf97e0_7640&search_date=10092026&expected_price_uuid=01a08d1e-0d9c-8030-22c1-f1ea369b173c&static_fare_key=TY%7CP0%7CH0%7CL0%7CCH0%7CR0%7CTBC0&itinerary_key=LeJ8S8ko2P_lYJ9Q84qK_A&origin_airports=0&expected_price_source=share&expected_price_currency=usd&expected_price=91&marker=741311
83,91,USD,DEN,MKC,"Kansas City, United States",US,2026-11-21,0,https://www.aviasales.com/search/DEN2111MKC1?t=F917952801601795289640000098DENMCI_8320fd08cef6f3ce53599fa2dc4ab2aa_7679&search_date=15092026&expected_price_uuid=01a0a4eb-3392-8040-60f7-9c36a428347d&static_fare_key=TY%7CP0%7CH0%7CL0%7CCH0%7CR0%7CTBC0&itinerary_key=sWCsGBbt3DXPmHayUXGRgg&expected_price_source=share&expected_price_currency=usd&expected_price=91&marker=741311
84,91,USD,MIA,NAS,"Nassau, Bahamas",BS,2026-11-06,0,https://www.aviasales.com/search/MIA0611NAS1?t=UP17939943001793997900000060MIANAS_c5777302f8d7bb323b5608132a42b279_7635&search_date=16092026&expected_price_uuid=01a0a980-3a8d-8030-2747-a522718381bd&static_fare_key=TY%7CP1%7CH0%7CL0%7CCH0%7CR0%7CTBC0&itinerary_key=2i8WM2ZFtcdkdVTMPopFLg&expected_price_source=share&expected_price_currency=usd&expected_price=91&marker=741311
85,93,USD,MCO,HSV,"Huntsville, United States",US,2026-09-21,0,https://www.aviasales.com/search/MCO2109HSV1?t=MX17900134201790017020000120MCOHSV_ec401d46d149742795cdd9d23c7a4276_7824&search_date=14092026&expected_price_uuid=01a09eb2-7bc9-8030-22dc-9c98df7c4499&static_fare_key=TY%7CP0%7CH0%7CL0%7CCH0%7CR0%7CTBC0&itinerary_key=zbuaOPqdZehaX7c5aaiFlA&origin_airports=0&expected_price_source=share&expected_price_currency=usd&expected_price=93&marker=741311
86,95,USD,ORD,UIN,"Quincy, United States",US,2026-09-24,0,https://www.aviasales.com/search/ORD2409UIN1?t=LF17902530001790258100000085ORDUIN_11101ba29fa1534be1e379e880a4205c_8005&search_date=14092026&expected_price_uuid=01a09ff6-eaa2-8030-272f-ba8afc9d4528&static_fare_key=TY%7CP0%7CH1%7CL0%7CCH0%7CR0%7CTBC0&itinerary_key=jy7SsqOoURheEMEiq8WxPA&origin_airports=0&expected_price_source=share&expected_price_currency=usd&expected_price=95&marker=741311
87,95,USD,TPA,HTS,"Huntington, United States",US,2026-09-21,0,https://www.aviasales.com/search/TPA2109HTS1?t=G417900029201790009640000112PIEHTS_c96049187f467e3e9b0146c6c17221ae_7976&search_date=11092026&expected_price_uuid=01a08ead-351b-8030-2a63-073cb578737b&static_fare_key=TY%7CP0%7CH0%7CL0%7CCH0%7CR0%7CTBC0&itinerary_key=OpSslNge9ajw14Gd9ft4xw&expected_price_source=share&expected_price_currency=usd&expected_price=95&marker=741311
88,98,USD,MCO,BQN,"Aguadilla, Puerto Rico",PR,2026-10-24,0,https://www.aviasales.com/search/MCO2410BQN1?t=F917928267001792837320000177MCOBQN_f459be3d40b7ca07552e9578fc56440a_8247&search_date=13092026&expected_price_uuid=01a0993e-d0e4-8040-af88-7759df657cbc&static_fare_key=TY%7CP0%7CH0%7CL0%7CCH0%7CR0%7CTBC0&itinerary_key=cuZ9yUyIYD9hlejs0rwNKg&origin_airports=0&expected_price_source=share&expected_price_currency=usd&expected_price=98&marker=741311
89,99,USD,FLL,YMQ,"Montreal, Canada",CA,2026-09-25,1,https://www.aviasales.com/search/FLL2509YMQ1?t=WS17903577001790382300000410FLLYYZYUL_fb297c7460e7c77737503db1037cdf38_8329&search_date=11092026&expected_price_uuid=01a090fb-4dba-8040-aa4e-080d28b50761&static_fare_key=TY%7CP0%7CH0%7CL0%7CCH0%7CR0%7CTBC0&itinerary_key=GxFoYmBU9uNilrA_j-Pgsw&expected_price_source=share&expected_price_currency=usd&expected_price=99&marker=741311
90,101,USD,FLL,YOW,"Ottawa, Canada",CA,2026-09-29,1,https://www.aviasales.com/search/FLL2909YOW1?t=UA17906652001790699880000578FLLEWRYOW_709e7b54d284e0008c52f363ba4e1fd0_8536&search_date=14092026&expected_price_uuid=01a09e3b-bb5a-8030-ef75-7d055f573678&static_fare_key=TY%7CP0%7CH0%7CL0%7CCH0%7CR0%7CTBC0&itinerary_key=wMaj7-8yuywu8EHBR6MiXQ&expected_price_source=share&expected_price_currency=usd&expected_price=101&marker=741311
91,101,USD,FLL,YHZ,"Halifax, Canada",CA,2026-10-01,1,https://www.aviasales.com/search/FLL0110YHZ1?t=PD17908620001790896320000512FLLYYZYHZ_b5d11ba010bdb4e2b96a9747042962e3_8538&search_date=16092026&expected_price_uuid=01a0aa0d-5460-8030-2ce6-ee3300817281&static_fare_key=TY%7CP0%7CH0%7CL0%7CCH0%7CR0%7CTBC0&itinerary_key=yvFQfljtR8_rDIWLsPygvQ&expected_price_source=share&expected_price_currency=usd&expected_price=101&marker=741311
92,104,USD,SFO,HNL,"Honolulu, United States",US,2026-12-01,0,https://www.aviasales.com/search/SFO0112HNL1?t=AS17961096001796123400000350SFOHNL_552e4bc2d06bb1a22548b4aeda689163_8700&search_date=16092026&expected_price_uuid=01a0a9d7-782e-8030-667f-39d6cfce8c5a&static_fare_key=TY%7CP0%7CH1%7CL0%7CCH0%7CR0%7CTBC0&itinerary_key=ZrgNJjFfpwPyXaqSpfy_MA&expected_price_source=share&expected_price_currency=usd&expected_price=104&marker=741311
93,104,USD,SEA,YCD,"Nanaimo, Canada",CA,2026-09-26,1,https://www.aviasales.com/search/SEA2609YCD1?t=AC17904018001790420400000310SEAYVRYCD_77705854561cc06e1797bf359abd9cb1_8757&search_date=16092026&expected_price_uuid=01a0a7ac-c9ed-8030-2c9e-1fb6612cc3dd&static_fare_key=TY%7CP0%7CH0%7CL0%7CCH0%7CR0%7CTBC0&itinerary_key=Irh1b-P050ZLovu8O8blMg&expected_price_source=share&expected_price_currency=usd&expected_price=104&marker=741311
94,104,USD,MCO,ABE,"Allentown, United States",US,2026-09-24,0,https://www.aviasales.com/search/MCO2409ABE1?t=G417902724401790281500000151MCOABE_0aae98f015c67f3a03f5253aa3e7f15e_8788&search_date=14092026&expected_price_uuid=01a0a118-a648-8030-e3de-b679280350cc&static_fare_key=TY%7CP0%7CH1%7CL0%7CCH0%7CR0%7CTBC0&itinerary_key=4tFe6TZ2n-HkBVQSNksU3Q&origin_airports=0&expected_price_source=share&expected_price_currency=usd&expected_price=104&marker=741311
95,104,USD,DEN,CDR,"Chadron, United States",US,2026-09-21,0,https://www.aviasales.com/search/DEN2109CDR1?t=KG17900010001790005500000075DENCDR_558681e54691b5a1b0ca3cac49d2db2e_8731&search_date=11092026&expected_price_uuid=01a08f1d-6558-8030-6b47-f33d11df5891&static_fare_key=TY%7CP0%7CH1%7CL0%7CCH0%7CR0%7CTBC0&itinerary_key=3y95CJt_HrHZmP6GZLydMw&expected_price_source=share&expected_price_currency=usd&expected_price=104&marker=741311
96,105,USD,BOS,BDA,"Bermuda, Bermuda",BM,2027-02-21,1,https://www.aviasales.com/search/BOS2102BDA1?t=AA18032363401803294300000906BOSJFKBDA_65cb12a36eb6ef81aadfd7c03fb1f23b_8863&search_date=15092026&expected_price_uuid=01a0a617-10c5-8030-2060-aa1851b30f00&static_fare_key=TY%7CP1%7CH0%7CL0%7CCH0%7CR0%7CTBC0&itinerary_key=cNx3KOBzA8ztblsqTXn-Mw&expected_price_source=share&expected_price_currency=usd&expected_price=105&marker=741311
97,105,USD,BNA,FSD,"Sioux Falls, United States",US,2026-09-18,0,https://www.aviasales.com/search/BNA1809FSD1?t=G417897154001789722900000125BNAFSD_187caa64c99e8322d4de6e09916b959e_8842&search_date=16092026&expected_price_uuid=01a0a785-1c55-8040-2a1f-46f9de6c4ac9&static_fare_key=TY%7CP0%7CH0%7CL0%7CCH0%7CR0%7CTBC0&itinerary_key=FIW0lHF0Y8IgBDBBLaNpYA&expected_price_source=share&expected_price_currency=usd&expected_price=105&marker=741311
98,107,USD,LAX,MCE,"Merced, United States",US,2026-09-26,0,https://www.aviasales.com/search/LAX2609MCE1?t=LF17904237001790429700000100LAXMCE_17824fe739d321a0a48848ee34bdf81a_9047&search_date=16092026&expected_price_uuid=01a0aa63-1703-8030-27ef-6e346dad009f&static_fare_key=TY%7CP0%7CH1%7CL0%7CCH0%7CR0%7CTBC0&itinerary_key=JFcuGY4c9YJWCdhUDh3IeA&expected_price_source=share&expected_price_currency=usd&expected_price=107&marker=741311
99,108,USD,DFW,HOT,"Hot Springs, United States",US,2026-09-23,0,https://www.aviasales.com/search/DFW2309HOT1?t=9X17901560401790162040000100DFWHOT_7ef0d2a80d022e9f53e02802b07291cf_9099&search_date=13092026&expected_price_uuid=01a09a66-8bbf-8030-a574-9bd6d2d6f21f&static_fare_key=TY%7CP0%7CH0%7CL1_1_20%7CCH0%7CR0%7CTBC1&itinerary_key=dKtCpwssglZpYPUcbgbWIg&expected_price_source=share&expected_price_currency=usd&expected_price=108&marker=741311
100,108,USD,PHX,SOW,"Show Low, United States",US,2026-09-24,0,https://www.aviasales.com/search/PHX2409SOW1?t=LF17902449001790248500000060PHXSOW_5bbbb65ac0352cf83ef406265c1dfd6b_9059&search_date=14092026&expected_price_uuid=01a09f70-a2af-8030-ee71-adc126e8736f&static_fare_key=TY%7CP0%7CH1%7CL0%7CCH0%7CR0%7CTBC0&itinerary_key=PqwMZ-gvJraVpxBZ6lZZwg&expected_price_source=share&expected_price_currency=usd&expected_price=108&marker=741311
101,109,USD,DEN,CNY,"Moab, United States",US,2026-09-21,0,https://www.aviasales.com/search/DEN2109CNY1?t=LF17899938001789999500000095DENCNY_ebeac2b7f8d3948852dffb03aa39088d_9151&search_date=11092026&expected_price_uuid=01a08df0-7f94-8030-e856-876cb1e73283&static_fare_key=TY%7CP0%7CH1%7CL0%7CCH0%7CR0%7CTBC0&itinerary_key=tMZhGU75IpbIZxgwiriRjA&expected_price_source=share&expected_price_currency=usd&expected_price=109&marker=741311
102,108,USD,ORD,CAK,"Akron, United States",US,2026-09-19,0,https://www.aviasales.com/search/ORD1909CAK1?t=UA17898531001789862280000093ORDCAK_e4c63048e29323369a513181cf161948_9121&search_date=16092026&expected_price_uuid=01a0a9ac-e0c4-8030-a54c-28d4f17d3a3f&static_fare_key=TY%7CP1%7CH1%7CL0%7CCH0%7CR0%7CTBC0&itinerary_key=4Ti02gHgHnLYcnKdcOTP1g&origin_airports=0&expected_price_source=share&expected_price_currency=usd&expected_price=108&marker=741311
103,109,USD,JFK,OMA,"Omaha, United States",US,2026-10-13,1,https://www.aviasales.com/search/JFK1310OMA1?t=AA17918756401791892260000337JFKORDOMA_c2030b64d0b5228ce6363343bd450592_9229&search_date=16092026&expected_price_uuid=01a0aa3f-9677-8030-e3cd-1ab12fec9cd6&static_fare_key=TY%7CP1%7CH0%7CL0%7CCH0%7CR0%7CTBC0&itinerary_key=8rI6G8TSnH6CfYinp7A4Cg&origin_airports=0&expected_price_source=share&expected_price_currency=usd&expected_price=109&marker=741311
104,110,USD,SFO,BFL,"Bakersfield, United States",US,2026-09-17,0,https://www.aviasales.com/search/SFO1709BFL1?t=UA17896362601789641540000088SFOBFL_8b111dc53a52954ea7e4f14b93ed35dc_9296&search_date=14092026&expected_price_uuid=01a0a24e-8f2a-8040-2205-e7513232c515&static_fare_key=TY%7CP0%7CH0%7CL0%7CCH0%7CR0%7CTBC0&itinerary_key=BxCOZSv7YRCsKkobGlyeZQ&expected_price_source=share&expected_price_currency=usd&expected_price=110&marker=741311
105,112,USD,JFK,SXM,"Sint Maarten, Sint Maarten",SX,2027-01-11,0,https://www.aviasales.com/search/JFK1101SXM1?t=B617996538001799672400000250JFKSXM_96f2b3d1ac5d8d8d063e5609de1be17d_9423&search_date=13092026&expected_price_uuid=01a09a9a-445b-8030-2d4a-a1114109cdb4&static_fare_key=TY%7CP1%7CH1%7CL0%7CCH0%7CR0%7CTBC0&itinerary_key=oJVaePvTdbBwTFcD4Gd07w&origin_airports=0&expected_price_source=share&expected_price_currency=usd&expected_price=112&marker=741311
106,113,USD,DEN,ABQ,"Albuquerque, United States",US,2026-09-28,1,https://www.aviasales.com/search/DEN2809ABQ1?t=LF17906142001790675100001015DENCNMABQ_c8d5352709d72946bb4af462890c8c67_9523&search_date=13092026&expected_price_uuid=01a09cb2-dd04-8030-6208-8007da7d8a7d&static_fare_key=TY%7CP0%7CH1%7CL0%7CCH0%7CR0%7CTBC0&itinerary_key=8qPs3y_GcV4iYBh1jbLoXQ&expected_price_source=share&expected_price_currency=usd&expected_price=113&marker=741311
107,113,USD,DEN,VEL,"Vernal, United States",US,2026-09-23,0,https://www.aviasales.com/search/DEN2309VEL1?t=LF17901852001790190000000080DENVEL_96fb1c386524447e5674f38528e2996d_9521&search_date=13092026&expected_price_uuid=01a09b6f-d673-8030-a560-196b5b48b1d6&static_fare_key=TY%7CP0%7CH1%7CL0%7CCH0%7CR0%7CTBC0&itinerary_key=ghsxhGl7Oq9rCoaAZHV2Dw&expected_price_source=share&expected_price_currency=usd&expected_price=113&marker=741311
108,116,USD,LAX,MFR,"Medford, United States",US,2026-10-31,1,https://www.aviasales.com/search/LAX3110MFR1?t=UA17934456601793470140000408LAXSFOMFR_0e6d595539d0d252e882befed0754edb_9785&search_date=13092026&expected_price_uuid=01a09d03-b4e9-8040-2cbc-90aee8402380&static_fare_key=TY%7CP0%7CH0%7CL0%7CCH0%7CR0%7CTBC0&itinerary_key=J5bNu2DjKo_1QtuqHLVDow&expected_price_source=share&expected_price_currency=usd&expected_price=116&marker=741311
109,103,USD,RDU,ISP,"Islip, United States",US,2026-09-26,0,https://www.aviasales.com/search/RDU2609ISP1?t=MX17904160801790421600000092RDUISP_4f679f69551b196e541063dfc37aff8a_8668&search_date=15092026&expected_price_uuid=01a0a544-b5fa-8040-a053-e88fe7b725cd&static_fare_key=TY%7CP0%7CH0%7CL0%7CCH0%7CR0%7CTBC0&itinerary_key=1BhOfNJKGQC99OzY_L1IwQ&expected_price_source=share&expected_price_currency=usd&expected_price=103&marker=741311
110,118,USD,DEN,PIA,"Peoria, United States",US,2026-10-15,0,https://www.aviasales.com/search/DEN1510PIA1?t=G417920596001792070340000119DENPIA_201042df81faed016fb442a54b10d993_9936&search_date=15092026&expected_price_uuid=01a0a6e3-7315-8040-63c5-304dbfc42a7c&static_fare_key=TY%7CP0%7CH0%7CL0%7CCH0%7CR0%7CTBC0&itinerary_key=L1qgfsClhbnqqL-BiN-SwA&expected_price_source=share&expected_price_currency=usd&expected_price=118&marker=741311
111,119,USD,BNA,SAV,"Savannah, United States",US,2026-10-06,1,https://www.aviasales.com/search/BNA0610SAV1?t=AA17912997001791317640000239BNACLTSAV_a0281b8dd1b2c981d4e260370b2255e1_10070&search_date=14092026&expected_price_uuid=01a0a084-3c16-8050-63fa-9a06f8c9178a&static_fare_key=TY%7CP1%7CH1%7CL0%7CCH0%7CR0%7CTBC0&itinerary_key=W2sxiTLy8L2tDWK5ARzZYA&expected_price_source=share&expected_price_currency=usd&expected_price=119&marker=741311
112,119,USD,SFO,SBA,"Santa Barbara, United States",US,2026-09-17,0,https://www.aviasales.com/search/SFO1709SBA1?t=UA17896802401789685100000081SFOSBA_945fb805425c1923b9029648e657a316_10020&search_date=15092026&expected_price_uuid=01a0a6c0-3553-8040-aa1f-e1dc2202500c&static_fare_key=TY%7CP0%7CH0%7CL0%7CCH0%7CR0%7CTBC0&itinerary_key=zZyz5VQnKjcX8auFcyNKEw&expected_price_source=share&expected_price_currency=usd&expected_price=119&marker=741311
113,119,USD,ATL,TLH,"Tallahassee, United States",US,2026-11-06,1,https://www.aviasales.com/search/ATL0611TLH1?t=F917939988001794124200002090ATLFLLTLH_8c1a409ca83a4ed6a44237277c0b2992_10048&search_date=15092026&expected_price_uuid=01a0a6cb-3f41-8030-2670-3d4439050f68&static_fare_key=TY%7CP1%7CH0%7CL0%7CCH0%7CR0%7CTBC0&itinerary_key=EzplHowrgpy_BASIJLWp1A&expected_price_source=share&expected_price_currency=usd&expected_price=119&marker=741311
114,119,USD,MIA,PUJ,"Punta Cana, Dominican Republic",DO,2027-01-15,0,https://www.aviasales.com/search/MIA1501PUJ1?t=DM18000310801800044040000156MIAPUJ_acc2b51def5e8284bc80a5c8e28db9c3_10056&search_date=15092026&expected_price_uuid=01a0a359-cb25-8030-2dc2-a93933c959ef&static_fare_key=TY%7CP1%7CH0%7CL0%7CCH0%7CR0%7CTBC0&itinerary_key=OJzQBuypLAYXmlNqIfDLFw&expected_price_source=share&expected_price_currency=usd&expected_price=119&marker=741311
115,119,USD,LAX,MRY,"Monterey, United States",US,2026-09-19,0,https://www.aviasales.com/search/LAX1909MRY1?t=UA17898363001789840680000073LAXMRY_13d93fd68a67b3de7876c36741e7f37c_10020&search_date=16092026&expected_price_uuid=01a0a8e3-8ff9-8040-a2a6-d11226ca624f&static_fare_key=TY%7CP0%7CH0%7CL0%7CCH0%7CR0%7CTBC0&itinerary_key=SCOeIHFv-59eQHRP47m20g&expected_price_source=share&expected_price_currency=usd&expected_price=119&marker=741311
116,120,USD,MCO,RIC,"Richmond, United States",US,2026-11-13,0,https://www.aviasales.com/search/MCO1311RIC1?t=WN17945634001794570600000120MCORIC_a6eee934b05cb8e2d5314d24dc9b4bd5_10106&search_date=13092026&expected_price_uuid=01a09c36-1e40-8030-e245-95eb54e49cf4&static_fare_key=TY%7CP1%7CH0%7CL0%7CCH0%7CR0%7CTBC0&itinerary_key=cfrYcW23bvf74eo7J_IWOw&origin_airports=0&expected_price_source=share&expected_price_currency=usd&expected_price=120&marker=741311
117,120,USD,IAH,CUL,"Culiacan, Mexico",MX,2026-09-26,1,https://www.aviasales.com/search/IAH2609CUL1?t=VB17904413401790492820000978IAHMTYCUL_004eb8422eafa0f2a59fb9c996b60659_10057&search_date=16092026&expected_price_uuid=01a0a985-4f7b-8030-221b-c357e6ae52b2&static_fare_key=TY%7CP0%7CH0%7CL0%7CCH0%7CR0%7CTBC0&itinerary_key=QofqRq5bSz0yVF4y3UbACQ&origin_airports=0&expected_price_source=share&expected_price_currency=usd&expected_price=120&marker=741311
118,121,USD,MCO,MEM,"Memphis, United States",US,2026-09-23,1,https://www.aviasales.com/search/MCO2309MEM1?t=F917901700801790264400001632MCODENMEM_74142d078ecd2b1493d569c6f376ce1a_10292&search_date=09092026&expected_price_uuid=01a08699-7fd1-8030-ac39-b711c19be2c5&static_fare_key=TY%7CP1%7CH0%7CL0%7CCH0%7CR0%7CTBC0&itinerary_key=ljcnWA6HSnOjamvSfPp_mg&origin_airports=0&expected_price_source=share&expected_price_currency=usd&expected_price=121&marker=741311
119,121,USD,ATL,SDF,"Louisville, United States",US,2026-09-29,1,https://www.aviasales.com/search/ATL2909SDF1?t=MX17907225001790800260001296ATLRDUSDF_761cdccae6230206e07f312b863f9874_10257&search_date=14092026&expected_price_uuid=01a0a19f-e04b-8030-e66d-93d14be9d115&static_fare_key=TY%7CP0%7CH0%7CL0%7CCH0%7CR0%7CTBC0&itinerary_key=QvT9pNCkoDpVCbh33LBPUw&expected_price_source=share&expected_price_currency=usd&expected_price=121&marker=741311
120,122,USD,JFK,CUN,"Cancun, Mexico",MX,2026-11-25,1,https://www.aviasales.com/search/JFK2511CUN1?t=B617956008001795627200000440JFKFLLCUN_77decdd118748610057c98d9471fd033_10272&search_date=15092026&expected_price_uuid=01a0a730-1e4d-8040-aae1-1480049cccc7&static_fare_key=TY%7CP0%7CH1%7CL0%7CCH0%7CR0%7CTBC0&itinerary_key=1o1pPckfDYXsf65kyT1bqw&origin_airports=0&expected_price_source=share&expected_price_currency=usd&expected_price=122&marker=741311
121,123,USD,PHX,COS,"Colorado Springs, United States",US,2026-10-19,0,https://www.aviasales.com/search/PHX1910COS1?t=WN17924364001792446600000110PHXCOS_12564f4fbf7f4a6cffcb77f39eecabfb_10391&search_date=14092026&expected_price_uuid=01a0a015-1a4b-8050-eaa1-19cb17289b4b&static_fare_key=TY%7CP0%7CH1%7CL0%7CCH0%7CR0%7CTBC0&itinerary_key=fi-nmAtgek61HjK-MaRQ2Q&expected_price_source=share&expected_price_currency=usd&expected_price=123&marker=741311
122,123,USD,SFO,BIL,"Billings, United States",US,2026-09-24,1,https://www.aviasales.com/search/SFO2409BIL1?t=G417902886401790353260001017SFOLASBIL_78862ca2de3a161622ca7195ec6d7184_10351&search_date=13092026&expected_price_uuid=01a0999b-a651-8030-e08c-d7814c5c7914&static_fare_key=TY%7CP0%7CH0%7CL0%7CCH0%7CR0%7CTBC0&itinerary_key=JR9ISYWhpjY53qQggObotw&expected_price_source=share&expected_price_currency=usd&expected_price=123&marker=741311
123,122,USD,MCO,AUA,"Oranjestad, Aruba",AW,2026-10-28,1,https://www.aviasales.com/search/MCO2810AUA1?t=AA17931672001793203320000602MCOMIAAUA_a5ba015bed77dd3eb5f0aaae0bda5dc8_10310&search_date=16092026&expected_price_uuid=01a0a795-de69-8040-6157-96c18d12e8bd&static_fare_key=TY%7CP0%7CH0%7CL0%7CCH0%7CR0%7CTBC0&itinerary_key=zjBbJnT37hriss8nsgodmA&origin_airports=0&expected_price_source=share&expected_price_currency=usd&expected_price=122&marker=741311
124,124,USD,LAX,DSM,"Des Moines, United States",US,2026-11-18,1,https://www.aviasales.com/search/LAX1811DSM1?t=WN17950095001795035000000305LAXDENDSM_43b316612399bae5dc2e53328bd88929_10478&search_date=14092026&expected_price_uuid=01a0a176-40b2-8040-2c2b-b29e334ead8b&static_fare_key=TY%7CP0%7CH1%7CL0%7CCH0%7CR0%7CTBC0&itinerary_key=Fae_LcCx8yZp0jlQZj4gdQ&expected_price_source=share&expected_price_currency=usd&expected_price=124&marker=741311
125,125,USD,SAN,SRQ,"Sarasota, United States",US,2027-02-10,1,https://www.aviasales.com/search/SAN1002SRQ1?t=WN18022419001802293200000675SANBWISRQ_4b956a03da812bd4fbac1f813021aaf4_10518&search_date=15092026&expected_price_uuid=01a0a780-93ea-8050-2dba-323a378b47c1&static_fare_key=TY%7CP1%7CH1%7CL0%7CCH0%7CR0%7CTBC0&itinerary_key=Ivq_kz0uVeVNuy08jaXnXQ&expected_price_source=share&expected_price_currency=usd&expected_price=125&marker=741311
126,126,USD,ORD,GRR,"Grand Rapids, United States",US,2026-09-20,0,https://www.aviasales.com/search/ORD2009GRR1?t=UA17898876001789895520000072ORDGRR_310dad5de555fc400af3e4f4fe36d812_10610&search_date=16092026&expected_price_uuid=01a0a7e3-df53-8040-ab1f-9a408bb44f08&static_fare_key=TY%7CP0%7CH0%7CL0%7CCH0%7CR0%7CTBC0&itinerary_key=U76VyqY4Xj2zHhve1PXxwg&origin_airports=0&expected_price_source=share&expected_price_currency=usd&expected_price=126&marker=741311
127,126,USD,BOS,MTY,"Monterrey, Mexico",MX,2026-11-02,1,https://www.aviasales.com/search/BOS0211MTY1?t=Y417936052001793691600001500BOSGDLMTY_3a2916c0f1cd9a026080751492ba9218_10610&search_date=16092026&expected_price_uuid=01a0a7fe-6c27-8040-a37d-83362a74844e&static_fare_key=TY%7CP1%7CH0%7CL0%7CCH0%7CR0%7CTBC0&itinerary_key=Q_I3HI0iRcC7ik6OYK6Ojg&expected_price_source=share&expected_price_currency=usd&expected_price=126&marker=741311
128,126,USD,DEN,ICT,"Wichita, United States",US,2026-09-22,0,https://www.aviasales.com/search/DEN2209ICT1?t=UA17900997001790109000000095DENICT_2c2b449f14c4f0137fd4ae884ad32a01_10641&search_date=15092026&expected_price_uuid=01a0a459-aac3-8040-6c60-5cf72d2f2f77&static_fare_key=TY%7CP0%7CH0%7CL0%7CCH0%7CR0%7CTBC0&itinerary_key=of0mQxRE8K_aSFwSqtFhyA&expected_price_source=share&expected_price_currency=usd&expected_price=126&marker=741311
129,126,USD,MCO,BTV,"Burlington, United States",US,2026-11-16,1,https://www.aviasales.com/search/MCO1611BTV1?t=F917948540401794933300001321MCOBWIBTV_84677c802b71a715349d631d5dcae748_10604&search_date=12092026&expected_price_uuid=01a09374-f434-8040-2a1d-21352b6f65c0&static_fare_key=TY%7CP0%7CH0%7CL0%7CCH0%7CR0%7CTBC0&itinerary_key=bvzr3iARPjwNDC78oyzl-w&origin_airports=0&expected_price_source=share&expected_price_currency=usd&expected_price=126&marker=741311
130,126,USD,MSP,TVF,"Thief River Falls, United States",US,2026-10-15,0,https://www.aviasales.com/search/MSP1510TVF1?t=KG17920722001792076700000075MSPTVF_7f584c2cf5b5b4147cc7c35a7e53a3de_10637&search_date=16092026&expected_price_uuid=01a0aa02-7c21-8050-6336-71ed14410815&static_fare_key=TY%7CP1%7CH1%7CL0%7CCH0%7CR0%7CTBC0&itinerary_key=2XykCBm-N_geEBy1o80F6g&expected_price_source=share&expected_price_currency=usd&expected_price=126&marker=741311
131,133,USD,ORD,MLM,"Morelia, Mexico",MX,2026-10-07,0,https://www.aviasales.com/search/ORD0710MLM1?t=Y417913525001791362880000233ORDMLM_814e37df0d04255528f7a057c2803c1d_11261&search_date=15092026&expected_price_uuid=01a0a2f9-39e6-8040-aa4f-4d9df080273d&static_fare_key=TY%7CP0%7CH0%7CL0%7CCH0%7CR0%7CTBC0&itinerary_key=8NWa31sxTzZ9yXwUjclu6w&origin_airports=0&expected_price_source=share&expected_price_currency=usd&expected_price=133&marker=741311
132,128,USD,AUS,PSP,"Palm Springs, United States",US,2026-10-07,1,https://www.aviasales.com/search/AUS0710PSP1?marker=741311
133,129,USD,DFW,SAT,"San Antonio, United States",US,2026-09-29,1,https://www.aviasales.com/search/DFW2909SAT1?marker=741311
134,131,USD,MCO,MYR,"Myrtle Beach, United States",US,2026-09-26,1,https://www.aviasales.com/search/MCO2609MYR1?marker=741311
135,131,USD,MCO,PWM,"Portland, United States",US,2027-02-26,0,https://www.aviasales.com/search/MCO2602PWM1?marker=741311
136,131,USD,LAX,LAP,"La Paz, Mexico",MX,2026-10-12,1,https://www.aviasales.com/search/LAX1210LAP1?marker=741311
137,132,USD,TPA,YLW,"Kelowna, Canada",CA,2026-10-23,2,https://www.aviasales.com/search/TPA2310YLW1?marker=741311
138,132,USD,SEA,YYJ,"Victoria, Canada",CA,2026-09-25,2,https://www.aviasales.com/search/SEA2509YYJ1?marker=741311
139,133,USD,ORD,DEC,"Decatur, United States",US,2026-09-20,0,https://www.aviasales.com/search/ORD2009DEC1?marker=741311
140,134,USD,MIA,CTG,"Cartagena, Colombia",CO,2026-09-26,1,https://www.aviasales.com/search/MIA2609CTG1?marker=741311
141,134,USD,MIA,SDQ,"Santo Domingo, Dominican Republic",DO,2026-11-04,0,https://www.aviasales.com/search/MIA0411SDQ1?marker=741311
142,134,USD,FLL,MKE,"Milwaukee, United States",US,2026-10-24,1,https://www.aviasales.com/search/FLL2410MKE1?marker=741311
143,134,USD,DEN,BFF,"Scottsbluff, United States",US,2026-09-23,0,https://www.aviasales.com/search/DEN2309BFF1?marker=741311
144,134,USD,FLL,LAL,"Lakeland, United States",US,2026-09-24,1,https://www.aviasales.com/search/FLL2409LAL1?marker=741311
145,135,USD,LAS,PGA,"Page, United States",US,2026-09-20,0,https://www.aviasales.com/search/LAS2009PGA1?marker=741311
146,135,USD,LAX,SJD,"San Jose Del Cabo, Mexico",MX,2026-09-29,1,https://www.aviasales.com/search/LAX2909SJD1?marker=741311
147,135,USD,ORD,JST,"Johnstown, United States",US,2027-01-03,0,https://www.aviasales.com/search/ORD0301JST1?marker=741311
148,136,USD,LAX,GUA,"Guatemala City, Guatemala",GT,2027-01-31,0,https://www.aviasales.com/search/LAX3101GUA1?marker=741311
149,136,USD,IAH,CTM,"Chetumal, Mexico",MX,2026-09-19,1,https://www.aviasales.com/search/IAH1909CTM1?marker=741311
150,137,USD,ORD,PVR,"Puerto Vallarta, Mexico",MX,2026-11-02,1,https://www.aviasales.com/search/ORD0211PVR1?marker=741311
151,137,USD,BOS,HYA,"Hyannis, United States",US,2026-09-21,0,https://www.aviasales.com/search/BOS2109HYA1?marker=741311
152,137,USD,PDX,YXX,"Abbotsford, Canada",CA,2026-09-25,1,https://www.aviasales.com/search/PDX2509YXX1?marker=741311
153,138,USD,DEN,ALS,"Alamosa, United States",US,2026-09-25,0,https://www.aviasales.com/search/DEN2509ALS1?marker=741311
154,138,USD,LAX,TUS,"Tucson, United States",US,2026-09-21,0,https://www.aviasales.com/search/LAX2109TUS1?marker=741311
155,138,USD,MCO,ILM,"Wilmington, United States",US,2026-09-19,1,https://www.aviasales.com/search/MCO1909ILM1?marker=741311
156,138,USD,MSP,IWD,"Ironwood, United States",US,2026-09-22,0,https://www.aviasales.com/search/MSP2209IWD1?marker=741311
157,139,USD,RDU,LEX,"Lexington, United States",US,2026-09-25,1,https://www.aviasales.com/search/RDU2509LEX1?marker=741311
158,139,USD,MCO,BOG,"Bogota, Colombia",CO,2026-11-27,0,https://www.aviasales.com/search/MCO2711BOG1?marker=741311
159,139,USD,SAN,OGG,"Kahului, United States",US,2026-09-22,0,https://www.aviasales.com/search/SAN2209OGG1?marker=741311
160,139,USD,IAD,LYH,"Lynchburg, United States",US,2026-09-21,0,https://www.aviasales.com/search/IAD2109LYH1?marker=741311
161,141,USD,SEA,FAI,"Fairbanks, United States",US,2026-09-25,0,https://www.aviasales.com/search/SEA2509FAI1?marker=741311
162,141,USD,BOS,BGI,"Bridgetown, Barbados",BB,2026-10-02,2,https://www.aviasales.com/search/BOS0210BGI1?marker=741311
163,141,USD,IAD,MGW,"Morgantown, United States",US,2026-09-25,0,https://www.aviasales.com/search/IAD2509MGW1?marker=741311
164,141,USD,SEA,EUG,"Eugene, United States",US,2026-09-23,0,https://www.aviasales.com/search/SEA2309EUG1?marker=741311
165,142,USD,MIA,LIM,"Lima, Peru",PE,2027-01-23,1,https://www.aviasales.com/search/MIA2301LIM1?marker=741311
166,143,USD,ORD,LAF,"Lafayette, United States",US,2026-09-23,0,https://www.aviasales.com/search/ORD2309LAF1?marker=741311
167,143,USD,ORD,MKL,"Jackson, United States",US,2026-12-14,0,https://www.aviasales.com/search/ORD1412MKL1?marker=741311
168,144,USD,LAS,LIT,"Little Rock, United States",US,2026-09-21,1,https://www.aviasales.com/search/LAS2109LIT1?marker=741311
169,144,USD,BOS,RKD,"Rockland, United States",US,2026-09-24,0,https://www.aviasales.com/search/BOS2409RKD1?marker=741311
170,145,USD,DFW,FYV,"Fayetteville, United States",US,2026-09-20,1,https://www.aviasales.com/search/DFW2009FYV1?marker=741311
171,145,USD,MSP,OKC,"Oklahoma City, United States",US,2026-10-04,1,https://www.aviasales.com/search/MSP0410OKC1?marker=741311
172,145,USD,LAS,SGF,"Springfield, United States",US,2026-09-25,0,https://www.aviasales.com/search/LAS2509SGF1?marker=741311
173,145,USD,BOS,STI,"Santiago, Dominican Republic",DO,2026-09-28,2,https://www.aviasales.com/search/BOS2809STI1?marker=741311
174,145,USD,DCA,GCM,"Georgetown, Cayman Islands",KY,2026-10-01,2,https://www.aviasales.com/search/DCA0110GCM1?marker=741311
175,146,USD,LAX,ZIH,"Ixtapa, Mexico",MX,2026-11-01,1,https://www.aviasales.com/search/LAX0111ZIH1?marker=741311
176,146,USD,CLT,PTY,"Panama City, Panama",PA,2027-02-04,1,https://www.aviasales.com/search/CLT0402PTY1?marker=741311
177,146,USD,DCA,PVD,"Providence, United States",US,2026-09-23,0,https://www.aviasales.com/search/DCA2309PVD1?marker=741311
178,147,USD,DFW,SAL,"San Salvador, El Salvador",SV,2026-12-07,1,https://www.aviasales.com/search/DFW0712SAL1?marker=741311
179,147,USD,DFW,SJO,"San Jose, Costa Rica",CR,2026-10-13,1,https://www.aviasales.com/search/DFW1310SJO1?marker=741311
180,147,USD,LAS,BHM,"Birmingham, United States",US,2026-10-09,2,https://www.aviasales.com/search/LAS0910BHM1?marker=741311
181,147,USD,IAH,TGZ,"Tuxtla Gutierrez, Mexico",MX,2026-09-20,1,https://www.aviasales.com/search/IAH2009TGZ1?marker=741311
182,148,USD,LAX,JAN,"Jackson, United States",US,2026-10-06,1,https://www.aviasales.com/search/LAX0610JAN1?marker=741311
183,148,USD,BOS,SYR,"Syracuse, United States",US,2026-09-22,0,https://www.aviasales.com/search/BOS2209SYR1?marker=741311
184,148,USD,PHX,TUL,"Tulsa, United States",US,2026-09-29,1,https://www.aviasales.com/search/PHX2909TUL1?marker=741311
185,148,USD,JFK,KIN,"Kingston, Jamaica",JM,2026-09-28,1,https://www.aviasales.com/search/JFK2809KIN1?marker=741311
186,148,USD,PHL,PBI,"West Palm Beach, United States",US,2026-09-24,2,https://www.aviasales.com/search/PHL2409PBI1?marker=741311
187,149,USD,DFW,AMA,"Amarillo, United States",US,2026-09-23,0,https://www.aviasales.com/search/DFW2309AMA1?marker=741311
188,149,USD,DEN,CEZ,"Cortez, United States",US,2026-09-21,0,https://www.aviasales.com/search/DEN2109CEZ1?marker=741311
189,150,USD,MIA,CUR,"Curacao, Curaçao",CW,2027-02-03,1,https://www.aviasales.com/search/MIA0302CUR1?marker=741311
190,151,USD,MIA,HAV,"Havana, Cuba",CU,2026-12-30,1,https://www.aviasales.com/search/MIA3012HAV1?marker=741311
191,152,USD,BOS,MDE,"Medellin, Colombia",CO,2026-10-02,1,https://www.aviasales.com/search/BOS0210MDE1?marker=741311
192,152,USD,RDU,ASE,"Aspen, United States",US,2026-11-12,1,https://www.aviasales.com/search/RDU1211ASE1?marker=741311
193,153,USD,DFW,LBB,"Lubbock, United States",US,2026-09-20,0,https://www.aviasales.com/search/DFW2009LBB1?marker=741311
194,153,USD,MCO,CRW,"Charleston, United States",US,2026-09-24,0,https://www.aviasales.com/search/MCO2409CRW1?marker=741311
195,155,USD,JFK,ATH,"Athens, Greece",GR,2026-10-14,0,https://www.aviasales.com/search/JFK1410ATH1?marker=741311
196,156,USD,DEN,ANC,"Anchorage, United States",US,2026-10-15,2,https://www.aviasales.com/search/DEN1510ANC1?marker=741311
197,158,USD,PHX,GCN,"Grand Canyon, United States",US,2026-09-19,0,https://www.aviasales.com/search/PHX1909GCN1?marker=741311
198,158,USD,JFK,MBJ,"Montego Bay, Jamaica",JM,2026-11-28,0,https://www.aviasales.com/search/JFK2811MBJ1?marker=741311
199,159,USD,RDU,TRI,"Blountville, United States",US,2026-09-26,1,https://www.aviasales.com/search/RDU2609TRI1?marker=741311
200,160,USD,FLL,POS,"Port Of Spain, Trinidad and Tobago",TT,2026-10-18,0,https://www.aviasales.com/search/FLL1810POS1?marker=741311
201,162,USD,PHL,ELM,"Elmira, United States",US,2026-09-26,1,https://www.aviasales.com/search/PHL2609ELM1?marker=741311
202,162,USD,LAX,KOA,"Kailua-Kona, United States",US,2026-09-24,0,https://www.aviasales.com/search/LAX2409KOA1?marker=741311
203,163,USD,JFK,POP,"Puerto Plata, Dominican Republic",DO,2026-12-13,1,https://www.aviasales.com/search/JFK1312POP1?marker=741311
204,164,USD,LAS,MAF,"Midland, United States",US,2026-11-28,1,https://www.aviasales.com/search/LAS2811MAF1?marker=741311
205,165,USD,ORD,GSO,"Greensboro, United States",US,2026-09-23,0,https://www.aviasales.com/search/ORD2309GSO1?marker=741311
206,165,USD,JFK,MIL,"Milan, Italy",IT,2026-10-11,1,https://www.aviasales.com/search/JFK1110MIL1?marker=741311
207,166,USD,IAH,HMO,"Hermosillo, Mexico",MX,2026-09-24,1,https://www.aviasales.com/search/IAH2409HMO1?marker=741311
208,167,USD,BNA,SAP,"San Pedro Sula, Honduras",HN,2026-11-11,2,https://www.aviasales.com/search/BNA1111SAP1?marker=741311
209,167,USD,IAD,YQR,"Regina, Canada",CA,2026-11-21,1,https://www.aviasales.com/search/IAD2111YQR1?marker=741311
210,168,USD,ORD,HAR,"Harrisburg, United States",US,2026-09-19,0,https://www.aviasales.com/search/ORD1909HAR1?marker=741311
211,169,USD,DFW,TAP,"Tapachula, Mexico",MX,2026-09-19,1,https://www.aviasales.com/search/DFW1909TAP1?marker=741311
212,169,USD,PHX,DRO,"Durango, United States",US,2026-09-20,0,https://www.aviasales.com/search/PHX2009DRO1?marker=741311
213,169,USD,SEA,MSO,"Missoula, United States",US,2026-12-11,0,https://www.aviasales.com/search/SEA1112MSO1?marker=741311
214,169,USD,ORD,TVC,"Traverse City, United States",US,2026-09-21,0,https://www.aviasales.com/search/ORD2109TVC1?marker=741311
215,169,USD,LAS,PBC,"Puebla, Mexico",MX,2026-12-16,1,https://www.aviasales.com/search/LAS1612PBC1?marker=741311
216,169,USD,ATL,EVV,"Evansville, United States",US,2026-09-25,1,https://www.aviasales.com/search/ATL2509EVV1?marker=741311
217,170,USD,MCO,SAO,"Sao Paulo, Brazil",BR,2026-09-27,1,https://www.aviasales.com/search/MCO2709SAO1?marker=741311
218,171,USD,ORD,CGI,"Cape Girardeau, United States",US,2026-09-25,0,https://www.aviasales.com/search/ORD2509CGI1?marker=741311
219,171,USD,ORD,AZO,"Kalamazoo, United States",US,2026-09-20,0,https://www.aviasales.com/search/ORD2009AZO1?marker=741311
220,172,USD,LAX,OAX,"Oaxaca, Mexico",MX,2026-10-21,2,https://www.aviasales.com/search/LAX2110OAX1?marker=741311
221,173,USD,JFK,TQO,"Tulum, Mexico",MX,2026-12-05,2,https://www.aviasales.com/search/JFK0512TQO1?marker=741311
222,173,USD,BOS,BHB,"Bar Harbor, United States",US,2026-09-20,0,https://www.aviasales.com/search/BOS2009BHB1?marker=741311
223,173,USD,ORD,EAU,"Eau Claire, United States",US,2026-09-20,0,https://www.aviasales.com/search/ORD2009EAU1?marker=741311
224,173,USD,LAX,YQB,"Quebec, Canada",CA,2026-10-14,1,https://www.aviasales.com/search/LAX1410YQB1?marker=741311
225,174,USD,MSP,MZT,"Mazatlan, Mexico",MX,2027-01-20,1,https://www.aviasales.com/search/MSP2001MZT1?marker=741311
226,175,USD,JFK,FRA,"Frankfurt, Germany",DE,2026-10-04,1,https://www.aviasales.com/search/JFK0410FRA1?marker=741311
227,175,USD,MCO,HPN,"Westchester County, United States",US,2026-09-24,1,https://www.aviasales.com/search/MCO2409HPN1?marker=741311
228,175,USD,SEA,YKM,"Yakima, United States",US,2026-12-30,0,https://www.aviasales.com/search/SEA3012YKM1?marker=741311
229,176,USD,JFK,MUC,"Munich, Germany",DE,2026-09-20,1,https://www.aviasales.com/search/JFK2009MUC1?marker=741311
230,177,USD,MCO,CHA,"Chattanooga, United States",US,2026-10-20,2,https://www.aviasales.com/search/MCO2010CHA1?marker=741311
231,177,USD,PHL,SCE,"State College, United States",US,2026-09-23,0,https://www.aviasales.com/search/PHL2309SCE1?marker=741311
232,177,USD,PHX,SGU,"Saint George, United States",US,2026-11-03,0,https://www.aviasales.com/search/PHX0311SGU1?marker=741311
233,179,USD,DFW,ILE,"Killeen, United States",US,2026-09-19,0,https://www.aviasales.com/search/DFW1909ILE1?marker=741311
234,179,USD,DFW,CLL,"College Station, United States",US,2026-09-22,0,https://www.aviasales.com/search/DFW2209CLL1?marker=741311
235,179,USD,PHL,MHT,"Manchester, United States",US,2026-09-22,0,https://www.aviasales.com/search/PHL2209MHT1?marker=741311
236,180,USD,DFW,ABI,"Abilene, United States",US,2026-09-23,0,https://www.aviasales.com/search/DFW2309ABI1?marker=741311
237,180,USD,DFW,MLU,"Monroe, United States",US,2026-09-23,0,https://www.aviasales.com/search/DFW2309MLU1?marker=741311
238,180,USD,TPA,PSE,"Ponce, Puerto Rico",PR,2026-10-10,2,https://www.aviasales.com/search/TPA1010PSE1?marker=741311
239,180,USD,JFK,GEO,"Georgetown, Guyana",GY,2026-11-11,0,https://www.aviasales.com/search/JFK1111GEO1?marker=741311
240,181,USD,FLL,BAQ,"Barranquilla, Colombia",CO,2026-09-17,2,https://www.aviasales.com/search/FLL1709BAQ1?marker=741311
241,181,USD,ORD,SPI,"Springfield, United States",US,2026-09-20,0,https://www.aviasales.com/search/ORD2009SPI1?marker=741311
242,181,USD,IAD,BLI,"Bellingham, United States",US,2026-10-10,1,https://www.aviasales.com/search/IAD1010BLI1?marker=741311
243,182,USD,DEN,LAR,"Laramie, United States",US,2026-09-22,0,https://www.aviasales.com/search/DEN2209LAR1?marker=741311
244,183,USD,DFW,MOB,"Mobile, United States",US,2026-09-22,0,https://www.aviasales.com/search/DFW2209MOB1?marker=741311
245,183,USD,DEN,LBF,"North Platte, United States",US,2026-09-21,0,https://www.aviasales.com/search/DEN2109LBF1?marker=741311
246,184,USD,DFW,BRO,"Brownsville, United States",US,2026-09-19,0,https://www.aviasales.com/search/DFW1909BRO1?marker=741311
247,184,USD,MIA,VRA,"Varadero, Cuba",CU,2026-09-28,0,https://www.aviasales.com/search/MIA2809VRA1?marker=741311
248,184,USD,MCO,MLB,"Melbourne, United States",US,2026-10-22,3,https://www.aviasales.com/search/MCO2210MLB1?marker=741311
249,184,USD,TPA,USA,"Concord, United States",US,2026-09-21,0,https://www.aviasales.com/search/TPA2109USA1?marker=741311
250,185,USD,DFW,BTR,"Baton Rouge, United States",US,2026-09-22,0,https://www.aviasales.com/search/DFW2209BTR1?marker=741311
251,185,USD,ATL,VER,"Veracruz, Mexico",MX,2027-03-07,1,https://www.aviasales.com/search/ATL0703VER1?marker=741311
252,187,USD,DFW,GPT,"Gulfport, United States",US,2026-09-21,0,https://www.aviasales.com/search/DFW2109GPT1?marker=741311
253,187,USD,DFW,ACA,"Acapulco, Mexico",MX,2026-10-20,2,https://www.aviasales.com/search/DFW2010ACA1?marker=741311
254,188,USD,TPA,VRB,"Vero Beach, United States",US,2026-09-25,2,https://www.aviasales.com/search/TPA2509VRB1?marker=741311
255,188,USD,ORD,FOD,"Fort Dodge, United States",US,2026-09-21,0,https://www.aviasales.com/search/ORD2109FOD1?marker=741311
256,189,USD,DFW,FSM,"Fort Smith, United States",US,2026-09-20,0,https://www.aviasales.com/search/DFW2009FSM1?marker=741311
257,189,USD,MIA,CLO,"Cali, Colombia",CO,2026-12-05,1,https://www.aviasales.com/search/MIA0512CLO1?marker=741311
258,190,USD,DFW,MFE,"McAllen, United States",US,2026-10-01,1,https://www.aviasales.com/search/DFW0110MFE1?marker=741311
259,190,USD,DFW,MHK,"Manhattan, United States",US,2026-09-21,0,https://www.aviasales.com/search/DFW2109MHK1?marker=741311
260,191,USD,JFK,IDA,"Idaho Falls, United States",US,2026-10-20,1,https://www.aviasales.com/search/JFK2010IDA1?marker=741311
261,192,USD,BOS,RAK,"Marrakech, Morocco",MA,2027-02-01,1,https://www.aviasales.com/search/BOS0102RAK1?marker=741311
262,192,USD,RDU,ROA,"Roanoke, United States",US,2026-09-20,1,https://www.aviasales.com/search/RDU2009ROA1?marker=741311
263,194,USD,BNA,ART,"Watertown, United States",US,2026-09-30,2,https://www.aviasales.com/search/BNA3009ART1?marker=741311
264,195,USD,BOS,PQI,"Presque Isle, United States",US,2026-09-24,0,https://www.aviasales.com/search/BOS2409PQI1?marker=741311
265,195,USD,DCA,AGS,"Augusta, United States",US,2026-09-21,0,https://www.aviasales.com/search/DCA2109AGS1?marker=741311
266,195,USD,RDU,LNS,"Lancaster, United States",US,2026-09-19,1,https://www.aviasales.com/search/RDU1909LNS1?marker=741311
267,195,USD,PHX,MTJ,"Montrose, United States",US,2026-12-14,1,https://www.aviasales.com/search/PHX1412MTJ1?marker=741311
268,196,USD,LAX,LIH,"Kauai Island, United States",US,2026-11-03,1,https://www.aviasales.com/search/LAX0311LIH1?marker=741311
269,196,USD,PHL,FRS,"Flores, Guatemala",GT,2027-01-14,2,https://www.aviasales.com/search/PHL1401FRS1?marker=741311
270,196,USD,PDX,RDM,"Redmond, United States",US,2026-09-21,0,https://www.aviasales.com/search/PDX2109RDM1?marker=741311
271,197,USD,DFW,LAW,"Lawton, United States",US,2026-09-20,0,https://www.aviasales.com/search/DFW2009LAW1?marker=741311
272,197,USD,JFK,CTA,"Catania, Italy",IT,2026-10-14,1,https://www.aviasales.com/search/JFK1410CTA1?marker=741311
273,197,USD,SEA,YXT,"Terrace, Canada",CA,2026-09-23,2,https://www.aviasales.com/search/SEA2309YXT1?marker=741311
274,198,USD,PDX,PSC,"Pasco, United States",US,2026-09-22,0,https://www.aviasales.com/search/PDX2209PSC1?marker=741311
275,199,USD,JFK,NAP,"Naples, Italy",IT,2026-10-14,1,https://www.aviasales.com/search/JFK1410NAP1?marker=741311
276,199,USD,PDX,YZF,"Yellowknife, Canada",CA,2026-09-22,1,https://www.aviasales.com/search/PDX2209YZF1?marker=741311
277,200,USD,MCO,LON,"London, United Kingdom",GB,2026-12-13,0,https://www.aviasales.com/search/MCO1312LON1?marker=741311
278,201,USD,JFK,DAB,"Daytona Beach, United States",US,2026-09-24,1,https://www.aviasales.com/search/JFK2409DAB1?marker=741311
279,201,USD,ORD,LCH,"Lake Charles, United States",US,2026-09-20,1,https://www.aviasales.com/search/ORD2009LCH1?marker=741311
280,202,USD,JFK,SLU,"Castries, Saint Lucia",LC,2026-10-05,0,https://www.aviasales.com/search/JFK0510SLU1?marker=741311
281,202,USD,JFK,BCN,"Barcelona, Spain",ES,2026-09-21,1,https://www.aviasales.com/search/JFK2109BCN1?marker=741311
282,202,USD,ORD,ECP,"Panama City, United States",US,2026-11-04,1,https://www.aviasales.com/search/ORD0411ECP1?marker=741311
283,203,USD,MSP,VPS,"Fort Walton Beach, United States",US,2026-12-03,2,https://www.aviasales.com/search/MSP0312VPS1?marker=741311
284,203,USD,JFK,UIO,"Quito, Ecuador",EC,2026-11-16,1,https://www.aviasales.com/search/JFK1611UIO1?marker=741311
285,204,USD,JFK,PAR,"Paris, France",FR,2026-09-20,1,https://www.aviasales.com/search/JFK2009PAR1?marker=741311
286,205,USD,DFW,JAC,"Jackson, United States",US,2026-09-21,0,https://www.aviasales.com/search/DFW2109JAC1?marker=741311
287,206,USD,DFW,GJT,"Grand Junction, United States",US,2026-09-21,0,https://www.aviasales.com/search/DFW2109GJT1?marker=741311
288,206,USD,MCO,YZR,"Sarnia, Canada",CA,2026-09-24,1,https://www.aviasales.com/search/MCO2409YZR1?marker=741311
289,209,USD,SEA,PUW,"Pullman, United States",US,2026-09-19,0,https://www.aviasales.com/search/SEA1909PUW1?marker=741311
290,210,USD,LAX,PRC,"Prescott, United States",US,2026-09-23,0,https://www.aviasales.com/search/LAX2309PRC1?marker=741311
291,211,USD,IAD,MED,"Medina, Saudi Arabia",SA,2026-10-08,1,https://www.aviasales.com/search/IAD0810MED1?marker=741311
292,211,USD,ORD,CMX,"Hancock, United States",US,2026-09-21,0,https://www.aviasales.com/search/ORD2109CMX1?marker=741311
293,211,USD,ORD,ZCL,"Zacatecas, Mexico",MX,2026-09-22,2,https://www.aviasales.com/search/ORD2209ZCL1?marker=741311
294,211,USD,LAX,FCA,"Kalispell, United States",US,2026-09-20,1,https://www.aviasales.com/search/LAX2009FCA1?marker=741311
295,211,USD,BNA,YQT,"Thunder Bay, Canada",CA,2026-09-23,1,https://www.aviasales.com/search/BNA2309YQT1?marker=741311
296,212,USD,MIA,STT,"Saint Thomas, U.S. Virgin Islands",VI,2027-01-03,0,https://www.aviasales.com/search/MIA0301STT1?marker=741311
297,213,USD,LAS,LTO,"Loreto, Mexico",MX,2026-10-31,2,https://www.aviasales.com/search/LAS3110LTO1?marker=741311
298,214,USD,JFK,TGD,"Podgorica, Montenegro",ME,2026-10-14,2,https://www.aviasales.com/search/JFK1410TGD1?marker=741311
299,214,USD,ORD,MOT,"Minot, United States",US,2026-09-23,1,https://www.aviasales.com/search/ORD2309MOT1?marker=741311
300,214,USD,LAX,TIJ,"Tijuana, Mexico",MX,2026-09-19,1,https://www.aviasales.com/search/LAX1909TIJ1?marker=741311
301,215,USD,ORD,DAY,"Dayton, United States",US,2026-09-22,0,https://www.aviasales.com/search/ORD2209DAY1?marker=741311
302,215,USD,PDX,FAR,"Fargo, United States",US,2026-09-20,2,https://www.aviasales.com/search/PDX2009FAR1?marker=741311
303,216,USD,MCO,SSA,"Salvador, Brazil",BR,2026-09-27,1,https://www.aviasales.com/search/MCO2709SSA1?marker=741311
304,216,USD,SEA,YXS,"Prince George, Canada",CA,2026-09-22,1,https://www.aviasales.com/search/SEA2209YXS1?marker=741311
305,217,USD,JFK,ROM,"Rome, Italy",IT,2026-09-29,0,https://www.aviasales.com/search/JFK2909ROM1?marker=741311
306,217,USD,FLL,EGE,"Vail, United States",US,2027-01-30,1,https://www.aviasales.com/search/FLL3001EGE1?marker=741311
307,218,USD,DFW,CJS,"Ciudad Juarez, Mexico",MX,2026-10-01,2,https://www.aviasales.com/search/DFW0110CJS1?marker=741311
308,219,USD,SFO,ACV,"Arcata, United States",US,2026-09-20,0,https://www.aviasales.com/search/SFO2009ACV1?marker=741311
309,219,USD,ORD,BLV,"Belleville, United States",US,2026-09-25,1,https://www.aviasales.com/search/ORD2509BLV1?marker=741311
310,219,USD,IAH,HOB,"Hobbs, United States",US,2026-09-24,0,https://www.aviasales.com/search/IAH2409HOB1?marker=741311
311,220,USD,MIA,ORH,"Worcester, United States",US,2026-11-01,1,https://www.aviasales.com/search/MIA0111ORH1?marker=741311
312,220,USD,ORD,TRC,"Torreon, Mexico",MX,2026-09-23,1,https://www.aviasales.com/search/ORD2309TRC1?marker=741311
313,221,USD,ORD,ATW,"Appleton, United States",US,2026-09-24,1,https://www.aviasales.com/search/ORD2409ATW1?marker=741311
314,221,USD,ORD,PLN,"Pellston, United States",US,2026-09-21,0,https://www.aviasales.com/search/ORD2109PLN1?marker=741311
315,224,USD,DFW,CUU,"Chihuahua, Mexico",MX,2026-09-24,2,https://www.aviasales.com/search/DFW2409CUU1?marker=741311
316,224,USD,MIA,LIR,"Liberia, Costa Rica",CR,2026-10-22,1,https://www.aviasales.com/search/MIA2210LIR1?marker=741311
317,225,USD,PHX,DGO,"Durango, Mexico",MX,2026-09-23,1,https://www.aviasales.com/search/PHX2309DGO1?marker=741311
318,227,USD,JFK,SKG,"Thessaloniki, Greece",GR,2026-10-15,1,https://www.aviasales.com/search/JFK1510SKG1?marker=741311
319,228,USD,RDU,EWN,"New Bern, United States",US,2026-09-24,1,https://www.aviasales.com/search/RDU2409EWN1?marker=741311
320,230,USD,LAX,MAM,"Matamoros, Mexico",MX,2026-09-22,2,https://www.aviasales.com/search/LAX2209MAM1?marker=741311
321,231,USD,JFK,WAW,"Warsaw, Poland",PL,2026-11-17,1,https://www.aviasales.com/search/JFK1711WAW1?marker=741311
322,231,USD,JFK,MLA,"Malta, Malta",MT,2026-09-30,1,https://www.aviasales.com/search/JFK3009MLA1?marker=741311
323,231,USD,DEN,GUP,"Gallup, United States",US,2026-09-19,1,https://www.aviasales.com/search/DEN1909GUP1?marker=741311
324,231,USD,LAX,SMX,"Santa Maria, United States",US,2026-09-22,2,https://www.aviasales.com/search/LAX2209SMX1?marker=741311
325,232,USD,LAX,RAP,"Rapid City, United States",US,2026-09-22,1,https://www.aviasales.com/search/LAX2209RAP1?marker=741311
326,233,USD,MIA,BUE,"Buenos Aires, Argentina",AR,2026-11-27,1,https://www.aviasales.com/search/MIA2711BUE1?marker=741311
327,233,USD,JFK,LCA,"Larnaca, Cyprus",CY,2026-10-09,1,https://www.aviasales.com/search/JFK0910LCA1?marker=741311
328,233,USD,SEA,EAT,"Wenatchee, United States",US,2026-09-21,0,https://www.aviasales.com/search/SEA2109EAT1?marker=741311
329,234,USD,LAX,DAD,"Da Nang, Vietnam",VN,2026-10-26,1,https://www.aviasales.com/search/LAX2610DAD1?marker=741311
330,234,USD,PHL,BGR,"Bangor, United States",US,2026-09-26,1,https://www.aviasales.com/search/PHL2609BGR1?marker=741311
331,234,USD,LAX,SPK,"Sapporo, Japan",JP,2027-02-16,1,https://www.aviasales.com/search/LAX1602SPK1?marker=741311
332,235,USD,MCO,PKB,"Parkersburg, United States",US,2026-09-24,1,https://www.aviasales.com/search/MCO2409PKB1?marker=741311
333,236,USD,SFO,SGN,"Ho Chi Minh City, Vietnam",VN,2026-10-29,1,https://www.aviasales.com/search/SFO2910SGN1?marker=741311
334,236,USD,JFK,TLL,"Tallinn, Estonia",EE,2026-10-13,2,https://www.aviasales.com/search/JFK1310TLL1?marker=741311
335,236,USD,BOS,ZRH,"Zurich, Switzerland",CH,2026-10-15,1,https://www.aviasales.com/search/BOS1510ZRH1?marker=741311
336,236,USD,JFK,OSL,"Oslo, Norway",NO,2026-12-10,1,https://www.aviasales.com/search/JFK1012OSL1?marker=741311
337,236,USD,JFK,OGL,"Georgetown, Guyana",GY,2026-11-11,2,https://www.aviasales.com/search/JFK1111OGL1?marker=741311
338,236,USD,JFK,SCV,"Suceava, Romania",RO,2026-09-28,2,https://www.aviasales.com/search/JFK2809SCV1?marker=741311
339,237,USD,MIA,BER,"Berlin, Germany",DE,2026-11-29,1,https://www.aviasales.com/search/MIA2911BER1?marker=741311
340,237,USD,ORD,LNK,"Lincoln, United States",US,2026-09-19,0,https://www.aviasales.com/search/ORD1909LNK1?marker=741311
341,238,USD,JFK,SPU,"Split, Croatia",HR,2026-10-04,1,https://www.aviasales.com/search/JFK0410SPU1?marker=741311
342,238,USD,SFO,RDD,"Redding, United States",US,2026-09-23,0,https://www.aviasales.com/search/SFO2309RDD1?marker=741311
343,239,USD,IAH,CRP,"Corpus Christi, United States",US,2026-09-21,0,https://www.aviasales.com/search/IAH2109CRP1?marker=741311
344,239,USD,IAH,SHV,"Shreveport, United States",US,2026-09-21,0,https://www.aviasales.com/search/IAH2109SHV1?marker=741311
345,239,USD,IAD,AVP,"Wilkes-Barre, United States",US,2026-09-20,0,https://www.aviasales.com/search/IAD2009AVP1?marker=741311
346,239,USD,ORD,MBS,"Saginaw, United States",US,2026-09-21,0,https://www.aviasales.com/search/ORD2109MBS1?marker=741311
347,239,USD,LAX,MGA,"Managua, Nicaragua",NI,2026-12-02,1,https://www.aviasales.com/search/LAX0212MGA1?marker=741311
348,239,USD,IAD,ITH,"Ithaca, United States",US,2026-09-23,0,https://www.aviasales.com/search/IAD2309ITH1?marker=741311
349,239,USD,JFK,SLK,"Saranac Lake, United States",US,2026-09-16,0,https://www.aviasales.com/search/JFK1609SLK1?marker=741311
350,240,USD,JFK,NCE,"Nice, France",FR,2026-10-06,1,https://www.aviasales.com/search/JFK0610NCE1?marker=741311
351,240,USD,ORD,COU,"Columbia, United States",US,2026-09-20,2,https://www.aviasales.com/search/ORD2009COU1?marker=741311
352,240,USD,JFK,ACK,"Nantucket, United States",US,2026-09-21,0,https://www.aviasales.com/search/JFK2109ACK1?marker=741311
353,241,USD,DEN,TEX,"Telluride, United States",US,2026-09-22,0,https://www.aviasales.com/search/DEN2209TEX1?marker=741311
354,242,USD,CLT,DUJ,"Du Bois, United States",US,2026-09-25,1,https://www.aviasales.com/search/CLT2509DUJ1?marker=741311
355,243,USD,DFW,CID,"Cedar Rapids, United States",US,2026-09-23,2,https://www.aviasales.com/search/DFW2309CID1?marker=741311
356,243,USD,DFW,IST,"Istanbul, Turkiye",TR,2026-09-29,1,https://www.aviasales.com/search/DFW2909IST1?marker=741311
357,243,USD,JFK,GVA,"Geneva, Switzerland",CH,2027-02-09,1,https://www.aviasales.com/search/JFK0902GVA1?marker=741311
358,244,USD,MCO,MID,"Merida, Mexico",MX,2026-09-24,1,https://www.aviasales.com/search/MCO2409MID1?marker=741311
359,246,USD,JFK,MVY,"Martha's Vineyard, United States",US,2026-09-20,0,https://www.aviasales.com/search/JFK2009MVY1?marker=741311
360,247,USD,DFW,CUC,"Cucuta, Colombia",CO,2026-10-27,3,https://www.aviasales.com/search/DFW2710CUC1?marker=741311
361,247,USD,RDU,MAN,"Manchester, United Kingdom",GB,2027-01-19,2,https://www.aviasales.com/search/RDU1901MAN1?marker=741311
362,248,USD,DFW,MNL,"Manila, Philippines",PH,2026-10-14,1,https://www.aviasales.com/search/DFW1410MNL1?marker=741311
363,248,USD,MCO,BEG,"Belgrade, Serbia",RS,2026-10-04,2,https://www.aviasales.com/search/MCO0410BEG1?marker=741311
364,250,USD,ORD,SHD,"Staunton, United States",US,2026-09-25,0,https://www.aviasales.com/search/ORD2509SHD1?marker=741311
365,250,USD,ORD,CPH,"Copenhagen, Denmark",DK,2026-10-28,1,https://www.aviasales.com/search/ORD2810CPH1?marker=741311
366,251,USD,RDU,PEI,"Pereira, Colombia",CO,2026-10-06,2,https://www.aviasales.com/search/RDU0610PEI1?marker=741311
367,252,USD,ATL,ILG,"Wilmington, United States",US,2026-10-03,1,https://www.aviasales.com/search/ATL0310ILG1?marker=741311
368,253,USD,MIA,GGT,"George Town, Bahamas",BS,2026-09-25,1,https://www.aviasales.com/search/MIA2509GGT1?marker=741311
369,253,USD,DTW,FWA,"Fort Wayne, United States",US,2026-09-26,1,https://www.aviasales.com/search/DTW2609FWA1?marker=741311
370,254,USD,JFK,BRU,"Brussels, Belgium",BE,2026-10-15,2,https://www.aviasales.com/search/JFK1510BRU1?marker=741311
371,254,USD,MCO,SMR,"Santa Marta, Colombia",CO,2027-01-16,1,https://www.aviasales.com/search/MCO1601SMR1?marker=741311
372,255,USD,JFK,VCE,"Venice, Italy",IT,2026-09-29,1,https://www.aviasales.com/search/JFK2909VCE1?marker=741311
373,255,USD,PHX,TPQ,"Tepic, Mexico",MX,2026-09-22,2,https://www.aviasales.com/search/PHX2209TPQ1?marker=741311
374,256,USD,JFK,ZAG,"Zagreb, Croatia",HR,2026-09-29,1,https://www.aviasales.com/search/JFK2909ZAG1?marker=741311
375,258,USD,LAX,TYO,"Tokyo, Japan",JP,2026-09-18,0,https://www.aviasales.com/search/LAX1809TYO1?marker=741311
376,258,USD,BOS,TIA,"Tirana, Albania",AL,2026-10-03,1,https://www.aviasales.com/search/BOS0310TIA1?marker=741311
377,258,USD,MSP,GRB,"Green Bay, United States",US,2026-09-22,1,https://www.aviasales.com/search/MSP2209GRB1?marker=741311
378,259,USD,MCO,DAV,"David, Panama",PA,2026-09-24,2,https://www.aviasales.com/search/MCO2409DAV1?marker=741311
379,259,USD,MSP,GFK,"Grand Forks, United States",US,2026-09-23,1,https://www.aviasales.com/search/MSP2309GFK1?marker=741311
380,259,USD,PDX,YXC,"Cranbrook, Canada",CA,2026-09-24,2,https://www.aviasales.com/search/PDX2409YXC1?marker=741311
381,260,USD,JFK,BHZ,"Belo Horizonte, Brazil",BR,2026-11-24,1,https://www.aviasales.com/search/JFK2411BHZ1?marker=741311
382,260,USD,JFK,CFU,"Kerkyra, Greece",GR,2026-09-29,1,https://www.aviasales.com/search/JFK2909CFU1?marker=741311
383,261,USD,JFK,BUH,"Bucharest, Romania",RO,2026-10-16,2,https://www.aviasales.com/search/JFK1610BUH1?marker=741311
384,263,USD,MCO,RIO,"Rio de Janeiro, Brazil",BR,2027-01-20,1,https://www.aviasales.com/search/MCO2001RIO1?marker=741311
385,263,USD,BOS,DUB,"Dublin, Ireland",IE,2026-10-16,1,https://www.aviasales.com/search/BOS1610DUB1?marker=741311
386,263,USD,JFK,OPO,"Porto, Portugal",PT,2026-10-14,2,https://www.aviasales.com/search/JFK1410OPO1?marker=741311
387,263,USD,SEA,SUN,"Sun Valley, United States",US,2026-09-24,0,https://www.aviasales.com/search/SEA2409SUN1?marker=741311
388,264,USD,SEA,SEL,"Seoul, South Korea",KR,2026-09-24,0,https://www.aviasales.com/search/SEA2409SEL1?marker=741311
389,264,USD,MCO,FNT,"Flint, United States",US,2026-09-24,2,https://www.aviasales.com/search/MCO2409FNT1?marker=741311
390,265,USD,JFK,BLQ,"Bologna, Italy",IT,2026-10-13,2,https://www.aviasales.com/search/JFK1310BLQ1?marker=741311
391,265,USD,ATL,TUP,"Tupelo, United States",US,2026-09-24,2,https://www.aviasales.com/search/ATL2409TUP1?marker=741311
392,265,USD,PHX,MXL,"Mexicali, Mexico",MX,2026-09-24,1,https://www.aviasales.com/search/PHX2409MXL1?marker=741311
393,266,USD,MIA,CWB,"Curitiba, Brazil",BR,2027-01-06,2,https://www.aviasales.com/search/MIA0601CWB1?marker=741311
394,266,USD,PHL,BFD,"Bradford, United States",US,2026-09-22,2,https://www.aviasales.com/search/PHL2209BFD1?marker=741311
395,267,USD,LAX,MAD,"Madrid, Spain",ES,2026-10-18,1,https://www.aviasales.com/search/LAX1810MAD1?marker=741311
396,267,USD,ORD,ERI,"Erie, United States",US,2026-09-22,1,https://www.aviasales.com/search/ORD2209ERI1?marker=741311
397,268,USD,SFO,SIN,"Singapore, Singapore",SG,2026-11-27,0,https://www.aviasales.com/search/SFO2711SIN1?marker=741311
398,268,USD,IAH,LFT,"Lafayette, United States",US,2026-09-18,1,https://www.aviasales.com/search/IAH1809LFT1?marker=741311
399,269,USD,JFK,ANU,"Saint John's, Antigua and Barbuda",AG,2026-10-24,1,https://www.aviasales.com/search/JFK2410ANU1?marker=741311
400,270,USD,DFW,CAI,"Cairo, Egypt",EG,2026-09-25,1,https://www.aviasales.com/search/DFW2509CAI1?marker=741311
401,270,USD,BOS,RTB,"Roatan, Honduras",HN,2026-11-29,1,https://www.aviasales.com/search/BOS2911RTB1?marker=741311
402,272,USD,JFK,PRG,"Prague, Czech Republic",CZ,2026-09-20,1,https://www.aviasales.com/search/JFK2009PRG1?marker=741311
403,272,USD,SEA,VLC,"Valencia, Spain",ES,2026-10-02,2,https://www.aviasales.com/search/SEA0210VLC1?marker=741311
404,273,USD,MSP,BMI,"Bloomington, United States",US,2027-03-09,1,https://www.aviasales.com/search/MSP0903BMI1?marker=741311
405,273,USD,JFK,TBS,"Tbilisi, Georgia",GE,2026-10-13,1,https://www.aviasales.com/search/JFK1310TBS1?marker=741311
406,273,USD,FLL,ELH,"North Eleuthera, Bahamas",BS,2026-10-22,1,https://www.aviasales.com/search/FLL2210ELH1?marker=741311
407,274,USD,MCO,REK,"Reykjavik, Iceland",IS,2027-01-20,1,https://www.aviasales.com/search/MCO2001REK1?marker=741311
408,275,USD,JFK,AMS,"Amsterdam, Netherlands",NL,2026-09-28,1,https://www.aviasales.com/search/JFK2809AMS1?marker=741311
409,275,USD,MIA,GYE,"Guayaquil, Ecuador",EC,2026-10-07,2,https://www.aviasales.com/search/MIA0710GYE1?marker=741311
410,275,USD,JFK,BUD,"Budapest, Hungary",HU,2026-11-15,2,https://www.aviasales.com/search/JFK1511BUD1?marker=741311
411,275,USD,JFK,BRL,"Burlington, United States",US,2026-09-22,1,https://www.aviasales.com/search/JFK2209BRL1?marker=741311
412,275,USD,MCO,PGD,"Punta Gorda, United States",US,2026-09-24,2,https://www.aviasales.com/search/MCO2409PGD1?marker=741311
413,276,USD,DFW,AGU,"Aguascalientes, Mexico",MX,2026-09-25,1,https://www.aviasales.com/search/DFW2509AGU1?marker=741311
414,276,USD,MSP,YXE,"Saskatoon, Canada",CA,2026-09-26,2,https://www.aviasales.com/search/MSP2609YXE1?marker=741311
415,277,USD,JFK,MRS,"Marseille, France",FR,2026-09-25,1,https://www.aviasales.com/search/JFK2509MRS1?marker=741311
416,278,USD,JFK,DXB,"Dubai, United Arab Emirates",AE,2026-10-10,1,https://www.aviasales.com/search/JFK1010DXB1?marker=741311
417,279,USD,IAD,POA,"Porto Alegre, Brazil",BR,2026-09-26,2,https://www.aviasales.com/search/IAD2609POA1?marker=741311
418,279,USD,JFK,EVN,"Yerevan, Armenia",AM,2026-10-11,1,https://www.aviasales.com/search/JFK1110EVN1?marker=741311
419,279,USD,ATL,VNO,"Vilnius, Lithuania",LT,2026-09-27,2,https://www.aviasales.com/search/ATL2709VNO1?marker=741311
420,280,USD,IAD,ISB,"Islamabad, Pakistan",PK,2026-09-22,1,https://www.aviasales.com/search/IAD2209ISB1?marker=741311
421,281,USD,DFW,XPL,"Comayagua, Honduras",HN,2026-10-03,3,https://www.aviasales.com/search/DFW0310XPL1?marker=741311
422,281,USD,JFK,CGN,"Cologne, Germany",DE,2026-10-14,2,https://www.aviasales.com/search/JFK1410CGN1?marker=741311
423,282,USD,MIA,IGA,"Inagua, Bahamas",BS,2027-01-03,1,https://www.aviasales.com/search/MIA0301IGA1?marker=741311
424,284,USD,JFK,KRK,"Krakow, Poland",PL,2026-10-16,1,https://www.aviasales.com/search/JFK1610KRK1?marker=741311
425,284,USD,FLL,CAP,"Cap Haitien, Haiti",HT,2026-12-19,0,https://www.aviasales.com/search/FLL1912CAP1?marker=741311
426,286,USD,ORD,PAH,"Paducah, United States",US,2026-09-24,0,https://www.aviasales.com/search/ORD2409PAH1?marker=741311
427,287,USD,JFK,STO,"Stockholm, Sweden",SE,2026-11-21,1,https://www.aviasales.com/search/JFK2111STO1?marker=741311
428,287,USD,JFK,VRN,"Verona, Italy",IT,2026-09-29,1,https://www.aviasales.com/search/JFK2909VRN1?marker=741311
429,287,USD,IAH,IRK,"Kirksville, United States",US,2026-09-21,1,https://www.aviasales.com/search/IAH2109IRK1?marker=741311
430,287,USD,LAX,JNU,"Juneau, United States",US,2026-09-18,1,https://www.aviasales.com/search/LAX1809JNU1?marker=741311
431,288,USD,JFK,VIE,"Vienna, Austria",AT,2026-09-25,2,https://www.aviasales.com/search/JFK2509VIE1?marker=741311
432,288,USD,JFK,TIV,"Tivat, Montenegro",ME,2026-10-03,1,https://www.aviasales.com/search/JFK0310TIV1?marker=741311
433,289,USD,JFK,AYT,"Antalya, Turkiye",TR,2026-09-29,1,https://www.aviasales.com/search/JFK2909AYT1?marker=741311
434,289,USD,JFK,SXB,"Strasbourg, France",FR,2027-02-02,1,https://www.aviasales.com/search/JFK0202SXB1?marker=741311
435,290,USD,DEN,PIR,"Pierre, United States",US,2026-09-23,0,https://www.aviasales.com/search/DEN2309PIR1?marker=741311
436,291,USD,JFK,IBZ,"Ibiza, Spain",ES,2026-09-19,1,https://www.aviasales.com/search/JFK1909IBZ1?marker=741311
437,291,USD,PHL,YGK,"Kingston, Canada",CA,2026-09-23,2,https://www.aviasales.com/search/PHL2309YGK1?marker=741311
438,292,USD,JFK,JED,"Jeddah, Saudi Arabia",SA,2026-10-07,1,https://www.aviasales.com/search/JFK0710JED1?marker=741311
439,292,USD,JFK,NUE,"Nuremberg, Germany",DE,2026-09-20,2,https://www.aviasales.com/search/JFK2009NUE1?marker=741311
440,293,USD,DCA,FOC,"Fuzhou, China",CN,2026-09-29,2,https://www.aviasales.com/search/DCA2909FOC1?marker=741311
441,293,USD,LAX,YQG,"Windsor, Canada",CA,2026-09-22,2,https://www.aviasales.com/search/LAX2209YQG1?marker=741311
442,294,USD,SLC,WYS,"West Yellowstone, United States",US,2026-09-22,1,https://www.aviasales.com/search/SLC2209WYS1?marker=741311
443,294,USD,DEN,GUC,"Gunnison, United States",US,2026-09-20,0,https://www.aviasales.com/search/DEN2009GUC1?marker=741311
444,295,USD,PHX,OSA,"Osaka, Japan",JP,2026-11-17,2,https://www.aviasales.com/search/PHX1711OSA1?marker=741311
445,296,USD,SAN,SLP,"San Luis Potosi, Mexico",MX,2026-09-22,2,https://www.aviasales.com/search/SAN2209SLP1?marker=741311
446,298,USD,LAX,COD,"Cody, United States",US,2026-10-02,1,https://www.aviasales.com/search/LAX0210COD1?marker=741311
447,299,USD,SEA,BKK,"Bangkok, Thailand",TH,2027-01-17,1,https://www.aviasales.com/search/SEA1701BKK1?marker=741311
448,299,USD,JFK,DEL,"New Delhi, India",IN,2026-10-09,1,https://www.aviasales.com/search/JFK0910DEL1?marker=741311
449,299,USD,MCO,EIS,"Beef Island, British Virgin Islands",VG,2026-09-25,1,https://www.aviasales.com/search/MCO2509EIS1?marker=741311
450,299,USD,SEA,GDN,"Gdansk, Poland",PL,2026-12-04,1,https://www.aviasales.com/search/SEA0412GDN1?marker=741311
451,299,USD,JFK,FNC,"Funchal, Portugal",PT,2026-09-24,1,https://www.aviasales.com/search/JFK2409FNC1?marker=741311
452,300,USD,MIA,SBY,"Salisbury-Ocean City, United States",US,2026-09-28,2,https://www.aviasales.com/search/MIA2809SBY1?marker=741311
453,300,USD,AUS,CYS,"Cheyenne, United States",US,2026-09-20,2,https://www.aviasales.com/search/AUS2009CYS1?marker=741311
454,301,USD,DFW,PQM,"Palenque, Mexico",MX,2026-09-21,2,https://www.aviasales.com/search/DFW2109PQM1?marker=741311
455,301,USD,ORD,AOO,"Altoona, United States",US,2026-09-20,2,https://www.aviasales.com/search/ORD2009AOO1?marker=741311
456,301,USD,SFO,HKG,"Hong Kong, Hong Kong",HK,2026-09-18,1,https://www.aviasales.com/search/SFO1809HKG1?marker=741311
457,301,USD,MIA,PTP,"Pointe-a-pitre, Guadeloupe",GP,2026-10-17,1,https://www.aviasales.com/search/MIA1710PTP1?marker=741311
458,301,USD,ORD,CAE,"Columbia, United States",US,2026-09-20,0,https://www.aviasales.com/search/ORD2009CAE1?marker=741311
459,302,USD,JFK,LIS,"Lisbon, Portugal",PT,2026-10-17,1,https://www.aviasales.com/search/JFK1710LIS1?marker=741311
460,302,USD,IAD,RIX,"Riga, Latvia",LV,2026-10-05,2,https://www.aviasales.com/search/IAD0510RIX1?marker=741311
461,302,USD,MCO,MDZ,"Mendoza, Argentina",AR,2026-09-28,2,https://www.aviasales.com/search/MCO2809MDZ1?marker=741311
462,303,USD,JFK,RMO,"Chisinau, Moldova",MD,2026-10-11,1,https://www.aviasales.com/search/JFK1110RMO1?marker=741311
463,303,USD,JFK,CHO,"Charlottesville, United States",US,2026-09-21,1,https://www.aviasales.com/search/JFK2109CHO1?marker=741311
464,305,USD,ORD,DUS,"Dusseldorf, Germany",DE,2026-12-28,1,https://www.aviasales.com/search/ORD2812DUS1?marker=741311
465,305,USD,IAH,CME,"Ciudad Del Carmen, Mexico",MX,2026-09-22,1,https://www.aviasales.com/search/IAH2209CME1?marker=741311
466,306,USD,ATL,FAY,"Fayetteville, United States",US,2026-09-24,2,https://www.aviasales.com/search/ATL2409FAY1?marker=741311
467,306,USD,ATL,GNV,"Gainesville, United States",US,2026-09-21,2,https://www.aviasales.com/search/ATL2109GNV1?marker=741311
468,306,USD,ATL,HHH,"Hilton Head, United States",US,2026-09-24,2,https://www.aviasales.com/search/ATL2409HHH1?marker=741311
469,308,USD,RDU,AEX,"Alexandria, United States",US,2027-01-01,1,https://www.aviasales.com/search/RDU0101AEX1?marker=741311
470,308,USD,IAD,AXM,"Armenia, Colombia",CO,2026-10-14,2,https://www.aviasales.com/search/IAD1410AXM1?marker=741311
471,309,USD,SFO,PPT,"Papeete, French Polynesia",PF,2026-12-02,0,https://www.aviasales.com/search/SFO0212PPT1?marker=741311
472,310,USD,JFK,RUT,"Rutland, United States",US,2026-09-23,1,https://www.aviasales.com/search/JFK2309RUT1?marker=741311
473,310,USD,JFK,DBV,"Dubrovnik, Croatia",HR,2026-10-01,1,https://www.aviasales.com/search/JFK0110DBV1?marker=741311
474,310,USD,ORD,TOL,"Toledo, United States",US,2026-09-23,2,https://www.aviasales.com/search/ORD2309TOL1?marker=741311
475,310,USD,SLC,BTM,"Butte, United States",US,2026-09-23,1,https://www.aviasales.com/search/SLC2309BTM1?marker=741311
476,311,USD,JFK,MSS,"Massena, United States",US,2026-09-24,1,https://www.aviasales.com/search/JFK2409MSS1?marker=741311
477,312,USD,BOS,HOR,"Horta, Portugal",PT,2027-01-15,2,https://www.aviasales.com/search/BOS1501HOR1?marker=741311
478,312,USD,JFK,KUT,"Kutaisi, Georgia",GE,2026-10-15,1,https://www.aviasales.com/search/JFK1510KUT1?marker=741311
479,313,USD,JFK,REX,"Reynosa, Mexico",MX,2026-10-13,2,https://www.aviasales.com/search/JFK1310REX1?marker=741311
480,313,USD,PHX,MLI,"Moline, United States",US,2026-09-22,2,https://www.aviasales.com/search/PHX2209MLI1?marker=741311
481,314,USD,ORD,AGP,"Malaga, Spain",ES,2026-10-03,2,https://www.aviasales.com/search/ORD0310AGP1?marker=741311
482,314,USD,ORD,BIS,"Bismarck, United States",US,2026-09-19,1,https://www.aviasales.com/search/ORD1909BIS1?marker=741311
483,314,USD,JFK,BTS,"Bratislava, Slovakia",SK,2026-09-27,1,https://www.aviasales.com/search/JFK2709BTS1?marker=741311
484,315,USD,JFK,MMA,"Malmo, Sweden",SE,2026-10-03,2,https://www.aviasales.com/search/JFK0310MMA1?marker=741311
485,315,USD,BNA,BOD,"Bordeaux, France",FR,2026-10-10,3,https://www.aviasales.com/search/BNA1010BOD1?marker=741311
486,315,USD,PHX,GDV,"Glendive, United States",US,2026-09-23,2,https://www.aviasales.com/search/PHX2309GDV1?marker=741311
487,316,USD,MSP,CRK,"City of Angeles, Philippines",PH,2026-10-28,2,https://www.aviasales.com/search/MSP2810CRK1?marker=741311
488,318,USD,JFK,HAM,"Hamburg, Germany",DE,2026-10-01,1,https://www.aviasales.com/search/JFK0110HAM1?marker=741311
489,318,USD,SFO,XMN,"Xiamen, China",CN,2026-09-30,1,https://www.aviasales.com/search/SFO3009XMN1?marker=741311
490,318,USD,AUS,AIA,"Alliance, United States",US,2026-09-22,2,https://www.aviasales.com/search/AUS2209AIA1?marker=741311
491,319,USD,JFK,SSH,"Sharm el Sheikh, Egypt",EG,2026-10-14,2,https://www.aviasales.com/search/JFK1410SSH1?marker=741311
492,319,USD,JFK,BIO,"Bilbao, Spain",ES,2026-10-10,1,https://www.aviasales.com/search/JFK1010BIO1?marker=741311
493,319,USD,PDX,YSJ,"Saint John, Canada",CA,2026-09-20,2,https://www.aviasales.com/search/PDX2009YSJ1?marker=741311
494,320,USD,JFK,HEL,"Helsinki, Finland",FI,2027-01-03,1,https://www.aviasales.com/search/JFK0301HEL1?marker=741311
495,321,USD,SAN,CMN,"Casablanca, Morocco",MA,2026-12-29,2,https://www.aviasales.com/search/SAN2912CMN1?marker=741311
496,321,USD,BOS,POZ,"Poznan, Poland",PL,2026-10-29,2,https://www.aviasales.com/search/BOS2910POZ1?marker=741311
497,323,USD,ORD,EDI,"Edinburgh, United Kingdom",GB,2026-09-21,1,https://www.aviasales.com/search/ORD2109EDI1?marker=741311
498,325,USD,JFK,IZM,"Izmir, Turkiye",TR,2026-09-29,2,https://www.aviasales.com/search/JFK2909IZM1?marker=741311
499,325,USD,JFK,FLR,"Florence, Italy",IT,2027-02-17,1,https://www.aviasales.com/search/JFK1702FLR1?marker=741311
500,325,USD,JFK,RUH,"Riyadh, Saudi Arabia",SA,2026-09-30,1,https://www.aviasales.com/search/JFK3009RUH1?marker=741311
501,327,USD,ATL,DAC,"Dhaka, Bangladesh",BD,2026-10-02,1,https://www.aviasales.com/search/ATL0210DAC1?marker=741311
502,328,USD,SLC,MBL,"Manistee, United States",US,2026-09-23,2,https://www.aviasales.com/search/SLC2309MBL1?marker=741311
503,329,USD,FLL,GND,"St. George's, Grenada",GD,2026-09-26,3,https://www.aviasales.com/search/FLL2609GND1?marker=741311
504,329,USD,MCO,EAP,"Basel, Switzerland",CH,2026-12-11,2,https://www.aviasales.com/search/MCO1112EAP1?marker=741311
505,330,USD,MCO,AUG,"Augusta, United States",US,2026-09-24,1,https://www.aviasales.com/search/MCO2409AUG1?marker=741311
506,330,USD,RDU,STX,"Saint Croix, U.S. Virgin Islands",VI,2026-12-29,1,https://www.aviasales.com/search/RDU2912STX1?marker=741311
507,331,USD,JFK,PDL,"Ponta Delgada, Portugal",PT,2026-10-23,1,https://www.aviasales.com/search/JFK2310PDL1?marker=741311
508,331,USD,DCA,GTF,"Great Falls, United States",US,2026-09-21,1,https://www.aviasales.com/search/DCA2109GTF1?marker=741311
509,331,USD,JFK,LUX,"Luxembourg, Luxembourg",LU,2026-11-12,2,https://www.aviasales.com/search/JFK1211LUX1?marker=741311
510,332,USD,BOS,RAI,"Praia, Cape Verde",CV,2026-11-08,0,https://www.aviasales.com/search/BOS0811RAI1?marker=741311
511,332,USD,JFK,UBS,"Columbus, United States",US,2026-09-26,1,https://www.aviasales.com/search/JFK2609UBS1?marker=741311
512,335,USD,MIA,MVD,"Montevideo, Uruguay",UY,2026-12-10,1,https://www.aviasales.com/search/MIA1012MVD1?marker=741311
513,337,USD,JFK,FKB,"Karlsruhe, Germany",DE,2026-09-30,3,https://www.aviasales.com/search/JFK3009FKB1?marker=741311
514,339,USD,ORD,HKT,"Phuket, Thailand",TH,2026-09-23,1,https://www.aviasales.com/search/ORD2309HKT1?marker=741311
515,339,USD,JFK,ANK,"Ankara, Turkiye",TR,2026-09-21,3,https://www.aviasales.com/search/JFK2109ANK1?marker=741311
516,339,USD,PHL,CKB,"Clarksburg, United States",US,2026-09-20,1,https://www.aviasales.com/search/PHL2009CKB1?marker=741311
517,340,USD,JFK,FAO,"Faro, Portugal",PT,2026-10-11,1,https://www.aviasales.com/search/JFK1110FAO1?marker=741311
518,341,USD,LAX,HAN,"Hanoi, Vietnam",VN,2026-11-24,1,https://www.aviasales.com/search/LAX2411HAN1?marker=741311
519,341,USD,LAS,CVN,"Clovis, United States",US,2026-09-25,2,https://www.aviasales.com/search/LAS2509CVN1?marker=741311
520,343,USD,JFK,LYS,"Lyon, France",FR,2027-01-03,1,https://www.aviasales.com/search/JFK0301LYS1?marker=741311
521,345,USD,JFK,PMO,"Palermo, Italy",IT,2026-10-08,1,https://www.aviasales.com/search/JFK0810PMO1?marker=741311
522,346,USD,JFK,ALG,"Algiers, Algeria",DZ,2027-02-15,2,https://www.aviasales.com/search/JFK1502ALG1?marker=741311
523,347,USD,SEA,BOM,"Mumbai, India",IN,2027-02-10,1,https://www.aviasales.com/search/SEA1002BOM1?marker=741311
524,348,USD,MIA,CUZ,"Cusco, Peru",PE,2026-10-10,2,https://www.aviasales.com/search/MIA1010CUZ1?marker=741311
525,351,USD,LAX,DPS,"Denpasar (Bali), Indonesia",ID,2026-11-03,1,https://www.aviasales.com/search/LAX0311DPS1?marker=741311
526,352,USD,BOS,ADD,"Addis Ababa, Ethiopia",ET,2026-09-20,1,https://www.aviasales.com/search/BOS2009ADD1?marker=741311
527,352,USD,ATL,PHF,"Newport News, United States",US,2026-09-23,1,https://www.aviasales.com/search/ATL2309PHF1?marker=741311
528,352,USD,JFK,SVQ,"Sevilla, Spain",ES,2026-12-31,1,https://www.aviasales.com/search/JFK3112SVQ1?marker=741311
529,352,USD,JFK,GZT,"Gaziantep, Turkiye",TR,2026-09-29,3,https://www.aviasales.com/search/JFK2909GZT1?marker=741311
530,352,USD,JFK,JER,"Jersey, Jersey",JE,2026-10-02,1,https://www.aviasales.com/search/JFK0210JER1?marker=741311
531,352,USD,PDX,YYF,"Penticton, Canada",CA,2026-09-21,1,https://www.aviasales.com/search/PDX2109YYF1?marker=741311
532,353,USD,FLL,FLN,"Florianopolis, Brazil",BR,2026-10-05,2,https://www.aviasales.com/search/FLL0510FLN1?marker=741311
533,354,USD,MIA,BLA,"Barcelona, Venezuela",VE,2026-10-22,2,https://www.aviasales.com/search/MIA2210BLA1?marker=741311
534,355,USD,MSP,YYG,"Charlottetown, Canada",CA,2026-09-23,2,https://www.aviasales.com/search/MSP2309YYG1?marker=741311
535,355,USD,SFO,WUH,"Wuhan, China",CN,2026-09-30,1,https://www.aviasales.com/search/SFO3009WUH1?marker=741311
536,355,USD,TPA,AGA,"Agadir, Morocco",MA,2026-09-26,3,https://www.aviasales.com/search/TPA2609AGA1?marker=741311
537,357,USD,BOS,SCL,"Santiago, Chile",CL,2026-11-16,1,https://www.aviasales.com/search/BOS1611SCL1?marker=741311
538,357,USD,BOS,BZE,"Belize City, Belize",BZ,2026-12-20,2,https://www.aviasales.com/search/BOS2012BZE1?marker=741311
539,357,USD,MCO,BSB,"Brasilia, Brazil",BR,2027-01-07,0,https://www.aviasales.com/search/MCO0701BSB1?marker=741311
540,357,USD,LAX,BIH,"Bishop, United States",US,2026-09-25,1,https://www.aviasales.com/search/LAX2509BIH1?marker=741311
541,358,USD,JFK,BAK,"Baku, Azerbaijan",AZ,2026-10-16,3,https://www.aviasales.com/search/JFK1610BAK1?marker=741311
542,360,USD,DFW,JLN,"Joplin, United States",US,2026-09-20,1,https://www.aviasales.com/search/DFW2009JLN1?marker=741311
543,360,USD,ORD,WRO,"Wroclaw, Poland",PL,2026-11-13,3,https://www.aviasales.com/search/ORD1311WRO1?marker=741311
544,360,USD,JFK,BOJ,"Bourgas, Bulgaria",BG,2026-09-23,2,https://www.aviasales.com/search/JFK2309BOJ1?marker=741311
545,360,USD,JFK,RHO,"Rhodes, Greece",GR,2026-11-02,1,https://www.aviasales.com/search/JFK0211RHO1?marker=741311
546,361,USD,JFK,SJJ,"Sarajevo, Bosnia and Herzegovina",BA,2026-09-19,1,https://www.aviasales.com/search/JFK1909SJJ1?marker=741311
547,362,USD,JFK,RZE,"Rzeszow, Poland",PL,2026-10-27,2,https://www.aviasales.com/search/JFK2710RZE1?marker=741311
548,363,USD,MIA,SCU,"Santiago, Cuba",CU,2027-03-15,0,https://www.aviasales.com/search/MIA1503SCU1?marker=741311
549,363,USD,MIA,SOF,"Sofia, Bulgaria",BG,2026-09-26,3,https://www.aviasales.com/search/MIA2609SOF1?marker=741311
550,363,USD,JFK,TUN,"Tunis, Tunisia",TN,2026-09-26,1,https://www.aviasales.com/search/JFK2609TUN1?marker=741311
551,364,USD,BOS,ITO,"Hilo, United States",US,2026-11-10,2,https://www.aviasales.com/search/BOS1011ITO1?marker=741311
552,365,USD,MCO,GOT,"Gothenburg, Sweden",SE,2026-11-16,2,https://www.aviasales.com/search/MCO1611GOT1?marker=741311
553,366,USD,DEN,NBO,"Nairobi, Kenya",KE,2026-10-04,2,https://www.aviasales.com/search/DEN0410NBO1?marker=741311
554,366,USD,LAX,OWB,"Owensboro, United States",US,2026-09-23,2,https://www.aviasales.com/search/LAX2309OWB1?marker=741311
555,367,USD,SFO,KHN,"Nanchang, China",CN,2026-09-30,1,https://www.aviasales.com/search/SFO3009KHN1?marker=741311
556,367,USD,PHX,ROW,"Roswell, United States",US,2026-09-25,1,https://www.aviasales.com/search/PHX2509ROW1?marker=741311
557,367,USD,LAX,LPB,"La Paz, Bolivia",BO,2027-02-22,2,https://www.aviasales.com/search/LAX2202LPB1?marker=741311
558,367,USD,MSP,LPA,"Las Palmas, Spain",ES,2026-11-01,2,https://www.aviasales.com/search/MSP0111LPA1?marker=741311
559,368,USD,BOS,SHJ,"Sharjah, United Arab Emirates",AE,2026-09-17,2,https://www.aviasales.com/search/BOS1709SHJ1?marker=741311
560,368,USD,JFK,TAY,"Tartu, Estonia",EE,2027-01-03,1,https://www.aviasales.com/search/JFK0301TAY1?marker=741311
561,369,USD,LAX,ALC,"Alicante, Spain",ES,2027-01-13,1,https://www.aviasales.com/search/LAX1301ALC1?marker=741311
562,369,USD,SFO,CSX,"Changsha, China",CN,2026-09-30,2,https://www.aviasales.com/search/SFO3009CSX1?marker=741311
563,370,USD,DFW,SLN,"Salina, United States",US,2026-09-22,1,https://www.aviasales.com/search/DFW2209SLN1?marker=741311
564,370,USD,JFK,DLM,"Dalaman, Turkiye",TR,2026-09-26,1,https://www.aviasales.com/search/JFK2609DLM1?marker=741311
565,370,USD,JFK,TRN,"Turin, Italy",IT,2026-11-13,1,https://www.aviasales.com/search/JFK1311TRN1?marker=741311
566,370,USD,SEA,CEC,"Crescent City, United States",US,2026-09-23,2,https://www.aviasales.com/search/SEA2309CEC1?marker=741311
567,370,USD,PHX,CVM,"Ciudad Victoria, Mexico",MX,2026-09-24,2,https://www.aviasales.com/search/PHX2409CVM1?marker=741311
568,371,USD,IAH,ALW,"Walla Walla, United States",US,2026-09-24,1,https://www.aviasales.com/search/IAH2409ALW1?marker=741311
569,372,USD,LAX,ORK,"Cork, Ireland",IE,2026-12-10,2,https://www.aviasales.com/search/LAX1012ORK1?marker=741311
570,373,USD,MIA,ASU,"Asuncion, Paraguay",PY,2026-11-04,2,https://www.aviasales.com/search/MIA0411ASU1?marker=741311
571,373,USD,JFK,KUL,"Kuala Lumpur, Malaysia",MY,2026-10-12,1,https://www.aviasales.com/search/JFK1210KUL1?marker=741311
572,374,USD,MCO,MGM,"Montgomery, United States",US,2026-09-24,1,https://www.aviasales.com/search/MCO2409MGM1?marker=741311
573,374,USD,SEA,YCG,"Castlegar, Canada",CA,2026-09-20,1,https://www.aviasales.com/search/SEA2009YCG1?marker=741311
574,374,USD,MSP,DIK,"Dickinson, United States",US,2026-09-24,1,https://www.aviasales.com/search/MSP2409DIK1?marker=741311
575,375,USD,DFW,FLO,"Florence, United States",US,2026-09-19,1,https://www.aviasales.com/search/DFW1909FLO1?marker=741311
576,375,USD,PHX,FMN,"Farmington, United States",US,2026-09-23,1,https://www.aviasales.com/search/PHX2309FMN1?marker=741311
577,375,USD,JFK,LED,"Saint Petersburg, Russia",RU,2026-10-04,3,https://www.aviasales.com/search/JFK0410LED1?marker=741311
578,375,USD,SEA,VAR,"Varna, Bulgaria",BG,2026-10-07,2,https://www.aviasales.com/search/SEA0710VAR1?marker=741311
579,375,USD,SEA,HRO,"Harrison, United States",US,2026-09-26,2,https://www.aviasales.com/search/SEA2609HRO1?marker=741311
580,376,USD,JFK,MCT,"Muscat, Oman",OM,2026-10-12,1,https://www.aviasales.com/search/JFK1210MCT1?marker=741311
581,376,USD,MCO,PBG,"Plattsburgh, United States",US,2026-09-24,2,https://www.aviasales.com/search/MCO2409PBG1?marker=741311
582,376,USD,DCA,TLS,"Toulouse, France",FR,2026-10-14,2,https://www.aviasales.com/search/DCA1410TLS1?marker=741311
583,377,USD,MCO,HGR,"Hagerstown, United States",US,2026-09-24,3,https://www.aviasales.com/search/MCO2409HGR1?marker=741311
584,377,USD,IAH,NQT,"Nottingham, United Kingdom",GB,2026-10-02,3,https://www.aviasales.com/search/IAH0210NQT1?marker=741311
585,378,USD,JFK,TCI,"Tenerife, Spain",ES,2026-12-31,1,https://www.aviasales.com/search/JFK3112TCI1?marker=741311
586,378,USD,JFK,DTM,"Dortmund, Germany",DE,2026-10-05,3,https://www.aviasales.com/search/JFK0510DTM1?marker=741311
587,378,USD,MCO,OLF,"Wolf Point, United States",US,2026-09-24,3,https://www.aviasales.com/search/MCO2409OLF1?marker=741311
588,379,USD,SEA,PFO,"Paphos, Cyprus",CY,2026-09-25,3,https://www.aviasales.com/search/SEA2509PFO1?marker=741311
589,379,USD,PHX,ZLO,"Manzanillo, Mexico",MX,2026-09-20,2,https://www.aviasales.com/search/PHX2009ZLO1?marker=741311
590,380,USD,JFK,PMF,"Parma, Italy",IT,2026-10-09,1,https://www.aviasales.com/search/JFK0910PMF1?marker=741311
591,380,USD,ATL,AGB,"Augsburg, Germany",DE,2026-12-27,1,https://www.aviasales.com/search/ATL2712AGB1?marker=741311
592,380,USD,DTW,YXU,"London, Canada",CA,2026-09-26,2,https://www.aviasales.com/search/DTW2609YXU1?marker=741311
593,380,USD,LAX,PNH,"Phnom Penh, Cambodia",KH,2027-02-07,1,https://www.aviasales.com/search/LAX0702PNH1?marker=741311
594,381,USD,SEA,GZP,"Alanya, Turkiye",TR,2026-10-17,3,https://www.aviasales.com/search/SEA1710GZP1?marker=741311
595,382,USD,SEA,BJS,"Beijing, China",CN,2026-09-21,1,https://www.aviasales.com/search/SEA2109BJS1?marker=741311
596,382,USD,FLL,VIX,"Vitoria, Brazil",BR,2026-11-09,2,https://www.aviasales.com/search/FLL0911VIX1?marker=741311
597,383,USD,LAX,AUW,"Wausau, United States",US,2026-11-30,1,https://www.aviasales.com/search/LAX3011AUW1?marker=741311
598,383,USD,DTW,LSE,"La Crosse, United States",US,2026-09-19,3,https://www.aviasales.com/search/DTW1909LSE1?marker=741311
599,384,USD,LAX,TXK,"Texarkana, United States",US,2026-09-23,1,https://www.aviasales.com/search/LAX2309TXK1?marker=741311
600,385,USD,JFK,YFC,"Fredericton, Canada",CA,2026-09-20,2,https://www.aviasales.com/search/JFK2009YFC1?marker=741311
601,385,USD,BNA,MWA,"Marion, United States",US,2026-09-24,1,https://www.aviasales.com/search/BNA2409MWA1?marker=741311
602,385,USD,MCO,CNM,"Carlsbad, United States",US,2026-09-24,2,https://www.aviasales.com/search/MCO2409CNM1?marker=741311
603,385,USD,MCO,MCW,"Mason City, United States",US,2026-09-24,1,https://www.aviasales.com/search/MCO2409MCW1?marker=741311
604,386,USD,LAX,NAN,"Nadi, Fiji",FJ,2026-09-21,0,https://www.aviasales.com/search/LAX2109NAN1?marker=741311
605,387,USD,LAX,CTU,"Chengdu, China",CN,2026-11-10,1,https://www.aviasales.com/search/LAX1011CTU1?marker=741311
606,388,USD,MIA,DOM,"Dominica, Dominica",DM,2027-02-09,0,https://www.aviasales.com/search/MIA0902DOM1?marker=741311
607,389,USD,ORD,MQT,"Marquette, United States",US,2026-09-22,0,https://www.aviasales.com/search/ORD2209MQT1?marker=741311
608,389,USD,JFK,HAJ,"Hannover, Germany",DE,2026-10-11,1,https://www.aviasales.com/search/JFK1110HAJ1?marker=741311
609,390,USD,SEA,YWL,"Williams Lake, Canada",CA,2026-09-19,1,https://www.aviasales.com/search/SEA1909YWL1?marker=741311
610,390,USD,MCO,OAJ,"Jacksonville, United States",US,2026-09-21,2,https://www.aviasales.com/search/MCO2109OAJ1?marker=741311
611,391,USD,ORD,DOH,"Doha, Qatar",QA,2026-09-28,1,https://www.aviasales.com/search/ORD2809DOH1?marker=741311
612,391,USD,MIA,HOG,"Holguin, Cuba",CU,2026-12-01,0,https://www.aviasales.com/search/MIA0112HOG1?marker=741311
613,391,USD,ORD,GOA,"Genoa, Italy",IT,2026-10-04,3,https://www.aviasales.com/search/ORD0410GOA1?marker=741311
614,392,USD,MCO,CCS,"Caracas, Venezuela",VE,2026-09-16,2,https://www.aviasales.com/search/MCO1609CCS1?marker=741311
615,395,USD,LAX,SHA,"Shanghai, China",CN,2026-11-06,1,https://www.aviasales.com/search/LAX0611SHA1?marker=741311
616,396,USD,LAX,CAN,"Guangzhou, China",CN,2026-10-20,1,https://www.aviasales.com/search/LAX2010CAN1?marker=741311
617,396,USD,JFK,LHE,"Lahore, Pakistan",PK,2026-09-18,1,https://www.aviasales.com/search/JFK1809LHE1?marker=741311
618,398,USD,SFO,CEB,"Cebu City, Philippines",PH,2026-12-01,1,https://www.aviasales.com/search/SFO0112CEB1?marker=741311
619,398,USD,LAX,NNG,"Nanning, China",CN,2026-09-20,1,https://www.aviasales.com/search/LAX2009NNG1?marker=741311
620,400,USD,JFK,AUH,"Abu Dhabi, United Arab Emirates",AE,2026-10-01,2,https://www.aviasales.com/search/JFK0110AUH1?marker=741311
621,401,USD,JFK,NQZ,"Astana, Kazakhstan",KZ,2026-10-14,2,https://www.aviasales.com/search/JFK1410NQZ1?marker=741311
622,401,USD,DCA,MKG,"Muskegon, United States",US,2026-09-24,1,https://www.aviasales.com/search/DCA2409MKG1?marker=741311
623,402,USD,DFW,YNT,"Yantai, China",CN,2026-10-21,2,https://www.aviasales.com/search/DFW2110YNT1?marker=741311
624,402,USD,ORD,TAS,"Tashkent, Uzbekistan",UZ,2026-09-28,1,https://www.aviasales.com/search/ORD2809TAS1?marker=741311
625,402,USD,ORD,CMI,"Champaign, United States",US,2026-09-26,0,https://www.aviasales.com/search/ORD2609CMI1?marker=741311
626,402,USD,JFK,BJV,"Bodrum, Turkiye",TR,2026-09-20,1,https://www.aviasales.com/search/JFK2009BJV1?marker=741311
627,404,USD,JFK,HRG,"Hurghada, Egypt",EG,2026-09-20,1,https://www.aviasales.com/search/JFK2009HRG1?marker=741311
628,406,USD,JFK,LJU,"Ljubljana, Slovenia",SI,2026-09-19,1,https://www.aviasales.com/search/JFK1909LJU1?marker=741311
629,407,USD,DFW,YMM,"Fort McMurray, Canada",CA,2026-09-19,4,https://www.aviasales.com/search/DFW1909YMM1?marker=741311
630,408,USD,JFK,AER,"Adler/Sochi, Russia",RU,2026-10-18,2,https://www.aviasales.com/search/JFK1810AER1?marker=741311
631,408,USD,JFK,BAH,"Manama, Bahrain",BH,2026-09-30,1,https://www.aviasales.com/search/JFK3009BAH1?marker=741311
632,408,USD,LAX,GLF,"Golfito, Costa Rica",CR,2026-10-08,3,https://www.aviasales.com/search/LAX0810GLF1?marker=741311
633,411,USD,JFK,DJE,"Djerba, Tunisia",TN,2026-10-12,2,https://www.aviasales.com/search/JFK1210DJE1?marker=741311
634,411,USD,LAX,PBR,"Puerto Barrios, Guatemala",GT,2026-09-24,1,https://www.aviasales.com/search/LAX2409PBR1?marker=741311
635,413,USD,DFW,BHX,"Birmingham, United Kingdom",GB,2026-09-28,2,https://www.aviasales.com/search/DFW2809BHX1?marker=741311
636,413,USD,SFO,JKT,"Jakarta, Indonesia",ID,2026-09-28,1,https://www.aviasales.com/search/SFO2809JKT1?marker=741311
637,415,USD,DEN,GCC,"Gillette, United States",US,2026-09-21,0,https://www.aviasales.com/search/DEN2109GCC1?marker=741311
638,417,USD,SEA,YAZ,"Tofino, Canada",CA,2026-09-19,2,https://www.aviasales.com/search/SEA1909YAZ1?marker=741311
639,418,USD,PHL,KWI,"Kuwait City, Kuwait",KW,2026-09-28,1,https://www.aviasales.com/search/PHL2809KWI1?marker=741311
640,418,USD,JFK,BSZ,"Bishkek, Kyrgyzstan",KG,2026-12-06,2,https://www.aviasales.com/search/JFK0612BSZ1?marker=741311
641,419,USD,IAH,BGW,"Baghdad, Iraq",IQ,2026-10-22,1,https://www.aviasales.com/search/IAH2210BGW1?marker=741311
642,420,USD,ORD,DVL,"Devils Lake, United States",US,2026-09-23,1,https://www.aviasales.com/search/ORD2309DVL1?marker=741311
643,420,USD,IAH,SJT,"San Angelo, United States",US,2026-09-25,1,https://www.aviasales.com/search/IAH2509SJT1?marker=741311
644,420,USD,ATL,MAO,"Manaus, Brazil",BR,2026-10-01,3,https://www.aviasales.com/search/ATL0110MAO1?marker=741311
645,420,USD,JFK,AMD,"Ahmedabad, India",IN,2026-09-17,1,https://www.aviasales.com/search/JFK1709AMD1?marker=741311
646,420,USD,SEA,RMF,"Marsa Alam, Egypt",EG,2026-09-25,3,https://www.aviasales.com/search/SEA2509RMF1?marker=741311
647,420,USD,AUS,TYR,"Tyler, United States",US,2026-09-24,1,https://www.aviasales.com/search/AUS2409TYR1?marker=741311
648,423,USD,IAD,CMB,"Colombo, Sri Lanka",LK,2026-10-15,1,https://www.aviasales.com/search/IAD1510CMB1?marker=741311
649,423,USD,SFO,TPE,"Taipei, Taiwan",TW,2026-10-04,1,https://www.aviasales.com/search/SFO0410TPE1?marker=741311
650,423,USD,JFK,GUW,"Atyrau, Kazakhstan",KZ,2026-12-01,3,https://www.aviasales.com/search/JFK0112GUW1?marker=741311
651,424,USD,JFK,ALA,"Almaty, Kazakhstan",KZ,2027-01-12,3,https://www.aviasales.com/search/JFK1201ALA1?marker=741311
652,425,USD,SFO,FUK,"Fukuoka, Japan",JP,2027-01-31,1,https://www.aviasales.com/search/SFO3101FUK1?marker=741311
653,425,USD,LAX,LRD,"Laredo, United States",US,2026-09-26,2,https://www.aviasales.com/search/LAX2609LRD1?marker=741311
654,427,USD,SFO,PUS,"Busan, South Korea",KR,2027-01-18,1,https://www.aviasales.com/search/SFO1801PUS1?marker=741311
655,428,USD,DFW,BPT,"Beaumont, United States",US,2026-09-24,0,https://www.aviasales.com/search/DFW2409BPT1?marker=741311
656,428,USD,SEA,KKN,"Kirkenes, Norway",NO,2026-11-18,2,https://www.aviasales.com/search/SEA1811KKN1?marker=741311
657,428,USD,LAX,TAO,"Qingdao, China",CN,2026-10-18,1,https://www.aviasales.com/search/LAX1810TAO1?marker=741311
658,429,USD,LAX,YPR,"Prince Rupert, Canada",CA,2026-09-21,2,https://www.aviasales.com/search/LAX2109YPR1?marker=741311
659,430,USD,LAS,OTH,"North Bend, United States",US,2026-09-22,1,https://www.aviasales.com/search/LAS2209OTH1?marker=741311
660,430,USD,SAN,RKS,"Rock Springs, United States",US,2026-09-25,1,https://www.aviasales.com/search/SAN2509RKS1?marker=741311
661,431,USD,JFK,LPL,"Liverpool, United Kingdom",GB,2026-09-20,2,https://www.aviasales.com/search/JFK2009LPL1?marker=741311
662,432,USD,DCA,STR,"Stuttgart, Germany",DE,2026-09-27,3,https://www.aviasales.com/search/DCA2709STR1?marker=741311
663,432,USD,JFK,HYD,"Hyderabad, India",IN,2026-10-15,1,https://www.aviasales.com/search/JFK1510HYD1?marker=741311
664,433,USD,JFK,PGV,"Greenville, United States",US,2026-10-13,3,https://www.aviasales.com/search/JFK1310PGV1?marker=741311
665,433,USD,LAX,ROS,"Rosario, Argentina",AR,2026-10-22,2,https://www.aviasales.com/search/LAX2210ROS1?marker=741311
666,434,USD,SLC,BGA,"Bucaramanga, Colombia",CO,2026-09-22,3,https://www.aviasales.com/search/SLC2209BGA1?marker=741311
667,435,USD,JFK,BUS,"Batumi, Georgia",GE,2026-09-19,2,https://www.aviasales.com/search/JFK1909BUS1?marker=741311
668,435,USD,MCO,MOW,"Moscow, Russia",RU,2026-09-27,2,https://www.aviasales.com/search/MCO2709MOW1?marker=741311
669,435,USD,IAH,CND,"Constanta, Romania",RO,2026-09-23,3,https://www.aviasales.com/search/IAH2309CND1?marker=741311
670,435,USD,LAX,HRB,"Harbin, China",CN,2026-09-29,1,https://www.aviasales.com/search/LAX2909HRB1?marker=741311
671,437,USD,ORD,LAN,"Lansing, United States",US,2026-09-20,0,https://www.aviasales.com/search/ORD2009LAN1?marker=741311
672,438,USD,ORD,MAA,"Chennai, India",IN,2026-10-15,1,https://www.aviasales.com/search/ORD1510MAA1?marker=741311
673,438,USD,SEA,RGN,"Yangon, Myanmar",MM,2026-11-03,2,https://www.aviasales.com/search/SEA0311RGN1?marker=741311
674,439,USD,LAS,ACT,"Waco, United States",US,2026-09-22,1,https://www.aviasales.com/search/LAS2209ACT1?marker=741311
675,440,USD,JFK,MCX,"Makhachkala, Russia",RU,2026-09-21,2,https://www.aviasales.com/search/JFK2109MCX1?marker=741311
676,441,USD,LAX,AKL,"Auckland, New Zealand",NZ,2026-09-26,1,https://www.aviasales.com/search/LAX2609AKL1?marker=741311
677,441,USD,JFK,ACC,"Accra, Ghana",GH,2026-09-16,1,https://www.aviasales.com/search/JFK1609ACC1?marker=741311
678,442,USD,JFK,CGP,"Chittagong, Bangladesh",BD,2026-11-09,2,https://www.aviasales.com/search/JFK0911CGP1?marker=741311
679,443,USD,LAX,SHE,"Shenyang, China",CN,2027-01-28,1,https://www.aviasales.com/search/LAX2801SHE1?marker=741311
680,444,USD,JFK,IGU,"Foz do Iguaçu, Brazil",BR,2026-10-01,1,https://www.aviasales.com/search/JFK0110IGU1?marker=741311
681,444,USD,JFK,ABJ,"Abidjan, Ivory Coast",CI,2026-09-16,1,https://www.aviasales.com/search/JFK1609ABJ1?marker=741311
682,444,USD,MCO,NVT,"Navegantes, Brazil",BR,2026-10-13,3,https://www.aviasales.com/search/MCO1310NVT1?marker=741311
683,447,USD,MIA,ACE,"Arrecife, Spain",ES,2026-11-20,3,https://www.aviasales.com/search/MIA2011ACE1?marker=741311
684,449,USD,MIA,GPS,"Galapagos Islands, Ecuador",EC,2027-01-07,2,https://www.aviasales.com/search/MIA0701GPS1?marker=741311
685,450,USD,LAX,SZX,"Shenzhen, China",CN,2026-10-13,0,https://www.aviasales.com/search/LAX1310SZX1?marker=741311
686,450,USD,JFK,PVC,"Provincetown, United States",US,2026-09-21,1,https://www.aviasales.com/search/JFK2109PVC1?marker=741311
687,452,USD,SFO,NHA,"Nha Trang, Vietnam",VN,2026-11-11,2,https://www.aviasales.com/search/SFO1111NHA1?marker=741311
688,452,USD,JFK,DKR,"Dakar, Senegal",SN,2027-03-01,1,https://www.aviasales.com/search/JFK0103DKR1?marker=741311
689,452,USD,LAS,HGH,"Hangzhou, China",CN,2026-10-08,2,https://www.aviasales.com/search/LAS0810HGH1?marker=741311
690,454,USD,JFK,PQC,"Phu Quoc, Vietnam",VN,2026-11-04,1,https://www.aviasales.com/search/JFK0411PQC1?marker=741311
691,455,USD,JFK,FNA,"Freetown, Sierra Leone",SL,2026-11-13,1,https://www.aviasales.com/search/JFK1311FNA1?marker=741311
692,456,USD,DFW,YXY,"Whitehorse, Canada",CA,2026-09-22,2,https://www.aviasales.com/search/DFW2209YXY1?marker=741311
693,456,USD,LAX,UBN,"Ulaanbaatar, Mongolia",MN,2026-11-01,1,https://www.aviasales.com/search/LAX0111UBN1?marker=741311
694,457,USD,CLT,SUX,"Sioux City, United States",US,2026-09-22,2,https://www.aviasales.com/search/CLT2209SUX1?marker=741311
695,458,USD,LAX,PMI,"Palma, Spain",ES,2026-10-14,3,https://www.aviasales.com/search/LAX1410PMI1?marker=741311
696,464,USD,JFK,AQP,"Arequipa, Peru",PE,2026-10-17,3,https://www.aviasales.com/search/JFK1710AQP1?marker=741311
697,465,USD,LAX,PSG,"Petersburg, United States",US,2026-10-01,1,https://www.aviasales.com/search/LAX0110PSG1?marker=741311
698,466,USD,ATL,GYN,"Goiania, Brazil",BR,2026-11-13,3,https://www.aviasales.com/search/ATL1311GYN1?marker=741311
699,468,USD,IAH,CPX,"Culebra, Puerto Rico",PR,2026-11-25,1,https://www.aviasales.com/search/IAH2511CPX1?marker=741311
700,471,USD,JFK,GOI,"Goa, India",IN,2026-11-26,2,https://www.aviasales.com/search/JFK2611GOI1?marker=741311
701,471,USD,JFK,EWB,"New Bedford, United States",US,2026-09-26,1,https://www.aviasales.com/search/JFK2609EWB1?marker=741311
702,471,USD,LAS,CRA,"Craiova, Romania",RO,2026-11-24,3,https://www.aviasales.com/search/LAS2411CRA1?marker=741311
703,472,USD,ORD,LEJ,"Leipzig/Halle, Germany",DE,2026-10-13,1,https://www.aviasales.com/search/ORD1310LEJ1?marker=741311
704,472,USD,JFK,KTM,"Kathmandu, Nepal",NP,2026-09-16,4,https://www.aviasales.com/search/JFK1609KTM1?marker=741311
705,473,USD,FLL,COR,"Cordoba, Argentina",AR,2027-03-03,1,https://www.aviasales.com/search/FLL0303COR1?marker=741311
706,475,USD,PHX,YUM,"Yuma, United States",US,2026-09-24,0,https://www.aviasales.com/search/PHX2409YUM1?marker=741311
707,476,USD,RDU,ALO,"Waterloo, United States",US,2026-09-24,1,https://www.aviasales.com/search/RDU2409ALO1?marker=741311
708,477,USD,LAX,HIJ,"Hiroshima, Japan",JP,2026-11-29,2,https://www.aviasales.com/search/LAX2911HIJ1?marker=741311
709,479,USD,ORD,SKD,"Samarkand, Uzbekistan",UZ,2026-09-23,2,https://www.aviasales.com/search/ORD2309SKD1?marker=741311
710,479,USD,JFK,RST,"Rochester, United States",US,2026-09-25,2,https://www.aviasales.com/search/JFK2509RST1?marker=741311
711,479,USD,MCO,YQY,"Sydney, Canada",CA,2026-09-24,1,https://www.aviasales.com/search/MCO2409YQY1?marker=741311
712,480,USD,IAD,URA,"Oral, Kazakhstan",KZ,2027-01-17,3,https://www.aviasales.com/search/IAD1701URA1?marker=741311
713,482,USD,LAX,SYX,"Sanya, China",CN,2026-10-28,1,https://www.aviasales.com/search/LAX2810SYX1?marker=741311
714,483,USD,IAD,GCK,"Garden City, United States",US,2026-09-23,1,https://www.aviasales.com/search/IAD2309GCK1?marker=741311
715,483,USD,SEA,HAK,"Haikou, China",CN,2026-11-19,2,https://www.aviasales.com/search/SEA1911HAK1?marker=741311
716,484,USD,SAN,ABY,"Albany, United States",US,2026-10-15,3,https://www.aviasales.com/search/SAN1510ABY1?marker=741311
717,487,USD,ORD,SIT,"Sitka, United States",US,2026-09-25,2,https://www.aviasales.com/search/ORD2509SIT1?marker=741311
718,487,USD,JFK,SNU,"Santa Clara, Cuba",CU,2026-10-14,2,https://www.aviasales.com/search/JFK1410SNU1?marker=741311
719,487,USD,AUS,SUF,"Lamezia Terme, Italy",IT,2026-09-18,3,https://www.aviasales.com/search/AUS1809SUF1?marker=741311
720,488,USD,BOS,KRR,"Krasnodar, Russia",RU,2026-10-11,3,https://www.aviasales.com/search/BOS1110KRR1?marker=741311
721,489,USD,JFK,ECN,"Ercan, Northern Cyprus",NY,2026-11-01,3,https://www.aviasales.com/search/JFK0111ECN1?marker=741311
722,489,USD,JFK,DLI,"Dalat, Vietnam",VN,2026-11-01,2,https://www.aviasales.com/search/JFK0111DLI1?marker=741311
723,490,USD,JFK,OSS,"Osh, Kyrgyzstan",KG,2026-10-23,2,https://www.aviasales.com/search/JFK2310OSS1?marker=741311
724,493,USD,JFK,REC,"Recife, Brazil",BR,2026-10-04,3,https://www.aviasales.com/search/JFK0410REC1?marker=741311
725,494,USD,ORD,MTT,"Minatitlan, Mexico",MX,2026-09-20,2,https://www.aviasales.com/search/ORD2009MTT1?marker=741311
726,495,USD,IAD,FOR,"Fortaleza, Brazil",BR,2026-10-14,2,https://www.aviasales.com/search/IAD1410FOR1?marker=741311
727,495,USD,LAX,KBV,"Krabi, Thailand",TH,2026-11-09,2,https://www.aviasales.com/search/LAX0911KBV1?marker=741311
728,496,USD,JFK,CKY,"Conakry, Guinea",GN,2026-10-23,1,https://www.aviasales.com/search/JFK2310CKY1?marker=741311
729,498,USD,JFK,SBH,"Saint Barthelemy, Guadeloupe",GP,2026-12-29,2,https://www.aviasales.com/search/JFK2912SBH1?marker=741311
730,500,USD,ORD,KWL,"Guilin, China",CN,2026-10-11,2,https://www.aviasales.com/search/ORD1110KWL1?marker=741311
731,500,USD,FLL,PAP,"Port-au-Prince, Haiti",HT,2026-10-02,1,https://www.aviasales.com/search/FLL0210PAP1?marker=741311
732,501,USD,JFK,MRV,"Mineralnye Vody, Russia",RU,2026-10-03,2,https://www.aviasales.com/search/JFK0310MRV1?marker=741311
733,501,USD,JFK,FEG,"Fergana, Uzbekistan",UZ,2026-09-20,2,https://www.aviasales.com/search/JFK2009FEG1?marker=741311
734,501,USD,MSP,OGD,"Ogden, United States",US,2026-09-23,3,https://www.aviasales.com/search/MSP2309OGD1?marker=741311
735,504,USD,LAX,FDH,"Friedrichshafen, Germany",DE,2026-12-25,2,https://www.aviasales.com/search/LAX2512FDH1?marker=741311
736,506,USD,LAX,USM,"Koh Samui, Thailand",TH,2026-09-21,2,https://www.aviasales.com/search/LAX2109USM1?marker=741311
737,507,USD,LAX,MLE,"Male, Maldives",MV,2026-10-27,2,https://www.aviasales.com/search/LAX2710MLE1?marker=741311
738,508,USD,MCO,HLN,"Helena, United States",US,2026-09-24,2,https://www.aviasales.com/search/MCO2409HLN1?marker=741311
739,509,USD,JFK,LOS,"Lagos, Nigeria",NG,2026-09-28,1,https://www.aviasales.com/search/JFK2809LOS1?marker=741311
740,511,USD,JFK,AKX,"Aktobe, Kazakhstan",KZ,2026-10-13,3,https://www.aviasales.com/search/JFK1310AKX1?marker=741311
741,512,USD,BOS,BLR,"Bengaluru, India",IN,2026-11-22,1,https://www.aviasales.com/search/BOS2211BLR1?marker=741311
742,515,USD,JFK,DYU,"Dushanbe, Tajikistan",TJ,2026-10-14,3,https://www.aviasales.com/search/JFK1410DYU1?marker=741311
743,518,USD,JFK,NMA,"Namangan, Uzbekistan",UZ,2026-09-25,2,https://www.aviasales.com/search/JFK2509NMA1?marker=741311
744,518,USD,JFK,CGO,"Zhengzhou, China",CN,2026-11-09,1,https://www.aviasales.com/search/JFK0911CGO1?marker=741311
745,518,USD,JFK,SAI,"Siem Reap, Cambodia",KH,2026-09-30,2,https://www.aviasales.com/search/JFK3009SAI1?marker=741311
746,519,USD,DEN,GLA,"Glasgow, United Kingdom",GB,2026-10-08,2,https://www.aviasales.com/search/DEN0810GLA1?marker=741311
747,520,USD,LAX,MEL,"Melbourne, Australia",AU,2026-09-26,1,https://www.aviasales.com/search/LAX2609MEL1?marker=741311
748,522,USD,SEA,SLL,"Salalah, Oman",OM,2026-09-25,2,https://www.aviasales.com/search/SEA2509SLL1?marker=741311
749,524,USD,SFO,SYD,"Sydney, Australia",AU,2026-12-30,1,https://www.aviasales.com/search/SFO3012SYD1?marker=741311
750,524,USD,JFK,LWN,"Gyumri, Armenia",AM,2026-09-21,2,https://www.aviasales.com/search/JFK2109LWN1?marker=741311
751,525,USD,JFK,SVX,"Yekaterinburg, Russia",RU,2026-11-18,3,https://www.aviasales.com/search/JFK1811SVX1?marker=741311
752,525,USD,SFO,NAV,"Nevsehir, Turkiye",TR,2026-10-24,4,https://www.aviasales.com/search/SFO2410NAV1?marker=741311
753,526,USD,SFO,COV,"Mersin, Turkiye",TR,2026-10-05,3,https://www.aviasales.com/search/SFO0510COV1?marker=741311
754,527,USD,LAX,MFM,"Macau, Macau",MO,2026-10-07,2,https://www.aviasales.com/search/LAX0710MFM1?marker=741311
755,527,USD,PDX,KTN,"Ketchikan, United States",US,2026-09-20,1,https://www.aviasales.com/search/PDX2009KTN1?marker=741311
756,528,USD,JFK,KZN,"Kazan, Russia",RU,2026-09-21,3,https://www.aviasales.com/search/JFK2109KZN1?marker=741311
757,531,USD,JFK,VGA,"Vijayawada, India",IN,2026-11-23,2,https://www.aviasales.com/search/JFK2311VGA1?marker=741311
758,533,USD,IAD,CIT,"Shymkent, Kazakhstan",KZ,2026-12-04,3,https://www.aviasales.com/search/IAD0412CIT1?marker=741311
759,535,USD,DCA,LIO,"Limon, Costa Rica",CR,2026-12-15,2,https://www.aviasales.com/search/DCA1512LIO1?marker=741311
760,535,USD,MSP,ENA,"Kenai, United States",US,2026-11-01,2,https://www.aviasales.com/search/MSP0111ENA1?marker=741311
761,537,USD,JFK,TAB,"Tobago, Trinidad and Tobago",TT,2026-10-29,2,https://www.aviasales.com/search/JFK2910TAB1?marker=741311
762,539,USD,MIA,TOS,"Tromso, Norway",NO,2026-11-21,3,https://www.aviasales.com/search/MIA2111TOS1?marker=741311
763,541,USD,ATL,ALY,"Alexandria, Egypt",EG,2027-01-05,1,https://www.aviasales.com/search/ATL0501ALY1?marker=741311
764,542,USD,SEA,CHQ,"Chania, Greece",GR,2026-09-22,3,https://www.aviasales.com/search/SEA2209CHQ1?marker=741311
765,547,USD,SFO,BNE,"Brisbane, Australia",AU,2026-09-22,1,https://www.aviasales.com/search/SFO2209BNE1?marker=741311
766,547,USD,LAX,XRY,"Jerez de la Frontera, Spain",ES,2026-09-30,3,https://www.aviasales.com/search/LAX3009XRY1?marker=741311
767,551,USD,ORD,BRE,"Bremen, Germany",DE,2026-12-20,1,https://www.aviasales.com/search/ORD2012BRE1?marker=741311
768,551,USD,MCO,BRC,"San Carlos de Bariloche, Argentina",AR,2026-10-12,3,https://www.aviasales.com/search/MCO1210BRC1?marker=741311
769,552,USD,JFK,KUF,"Samara, Russia",RU,2026-09-20,3,https://www.aviasales.com/search/JFK2009KUF1?marker=741311
770,552,USD,IAD,KBL,"Kabul, Afghanistan",AF,2026-10-10,1,https://www.aviasales.com/search/IAD1010KBL1?marker=741311
771,553,USD,MIA,MCZ,"Maceio, Brazil",BR,2027-01-12,2,https://www.aviasales.com/search/MIA1201MCZ1?marker=741311
772,554,USD,MIA,MAR,"Maracaibo, Venezuela",VE,2026-09-18,1,https://www.aviasales.com/search/MIA1809MAR1?marker=741311
773,556,USD,JFK,BJL,"Banjul, Gambia",GM,2026-12-01,2,https://www.aviasales.com/search/JFK0112BJL1?marker=741311
774,556,USD,LAX,VVO,"Vladivostok, Russia",RU,2026-11-17,2,https://www.aviasales.com/search/LAX1711VVO1?marker=741311
775,558,USD,MIA,COK,"Kochi, India",IN,2026-09-29,2,https://www.aviasales.com/search/MIA2909COK1?marker=741311
776,559,USD,DFW,EBB,"Entebbe, Uganda",UG,2026-09-22,1,https://www.aviasales.com/search/DFW2209EBB1?marker=741311
777,559,USD,JFK,BHK,"Bukhara, Uzbekistan",UZ,2026-11-02,2,https://www.aviasales.com/search/JFK0211BHK1?marker=741311
778,559,USD,PHL,CPR,"Casper, United States",US,2026-09-21,1,https://www.aviasales.com/search/PHL2109CPR1?marker=741311
779,564,USD,JFK,SFG,"Saint Martin, Saint Martin",MF,2026-10-12,2,https://www.aviasales.com/search/JFK1210SFG1?marker=741311
780,566,USD,JFK,SID,"Sal, Cape Verde",CV,2026-11-04,2,https://www.aviasales.com/search/JFK0411SID1?marker=741311
781,567,USD,JFK,OVB,"Novosibirsk, Russia",RU,2026-10-23,2,https://www.aviasales.com/search/JFK2310OVB1?marker=741311
782,567,USD,JFK,UGC,"Urgench, Uzbekistan",UZ,2026-09-22,2,https://www.aviasales.com/search/JFK2209UGC1?marker=741311
783,569,USD,SFO,PJM,"Puerto Jimenez, Costa Rica",CR,2026-09-22,3,https://www.aviasales.com/search/SFO2209PJM1?marker=741311
784,576,USD,ATL,PMV,"Porlamar, Venezuela",VE,2026-10-01,3,https://www.aviasales.com/search/ATL0110PMV1?marker=741311
785,579,USD,JFK,ZNZ,"Zanzibar, Tanzania",TZ,2026-09-25,2,https://www.aviasales.com/search/JFK2509ZNZ1?marker=741311
786,580,USD,SEA,IKT,"Irkutsk, Russia",RU,2026-10-27,2,https://www.aviasales.com/search/SEA2710IKT1?marker=741311
787,580,USD,JFK,GDT,"Grand Turk, Turks and Caicos Islands",TC,2027-01-13,3,https://www.aviasales.com/search/JFK1301GDT1?marker=741311
788,581,USD,IAH,TGU,"Tegucigalpa, Honduras",HN,2026-12-23,3,https://www.aviasales.com/search/IAH2312TGU1?marker=741311
789,582,USD,JFK,UFA,"Ufa, Russia",RU,2026-09-21,3,https://www.aviasales.com/search/JFK2109UFA1?marker=741311
790,582,USD,JFK,USH,"Ushuaia, Argentina",AR,2026-10-24,4,https://www.aviasales.com/search/JFK2410USH1?marker=741311
791,583,USD,ORD,KGD,"Kaliningrad, Russia",RU,2026-09-20,3,https://www.aviasales.com/search/ORD2009KGD1?marker=741311
792,583,USD,ATL,GVR,"Governador Valadares, Brazil",BR,2026-10-11,3,https://www.aviasales.com/search/ATL1110GVR1?marker=741311
793,584,USD,IAD,LBV,"Libreville, Gabon",GA,2026-11-30,2,https://www.aviasales.com/search/IAD3011LBV1?marker=741311
794,585,USD,JFK,CPT,"Cape Town, South Africa",ZA,2026-11-13,1,https://www.aviasales.com/search/JFK1311CPT1?marker=741311
795,586,USD,LAX,ADL,"Adelaide, Australia",AU,2026-09-28,2,https://www.aviasales.com/search/LAX2809ADL1?marker=741311
796,586,USD,SFO,BPN,"Balikpapan, Indonesia",ID,2026-09-26,2,https://www.aviasales.com/search/SFO2609BPN1?marker=741311
797,588,USD,JFK,PER,"Perth, Australia",AU,2026-09-26,2,https://www.aviasales.com/search/JFK2609PER1?marker=741311
798,588,USD,MCO,NAT,"Natal, Brazil",BR,2027-01-07,3,https://www.aviasales.com/search/MCO0701NAT1?marker=741311
799,589,USD,SEA,SPN,"Saipan, Northern Mariana Islands",MP,2026-09-23,2,https://www.aviasales.com/search/SEA2309SPN1?marker=741311
800,591,USD,MIA,PLQ,"Palanga, Lithuania",LT,2026-12-20,3,https://www.aviasales.com/search/MIA2012PLQ1?marker=741311
801,592,USD,JFK,TNA,"Jinan, China",CN,2026-09-17,3,https://www.aviasales.com/search/JFK1709TNA1?marker=741311
802,592,USD,ATL,PEN,"Penang, Malaysia",MY,2027-03-17,2,https://www.aviasales.com/search/ATL1703PEN1?marker=741311
803,593,USD,JFK,SCY,"San Cristobal, Ecuador",EC,2026-09-16,3,https://www.aviasales.com/search/JFK1609SCY1?marker=741311
804,596,USD,ORD,ZAD,"Zadar, Croatia",HR,2026-11-21,3,https://www.aviasales.com/search/ORD2111ZAD1?marker=741311
805,597,USD,BOS,MSQ,"Minsk, Belarus",BY,2026-12-06,4,https://www.aviasales.com/search/BOS0612MSQ1?marker=741311
806,597,USD,JFK,MEI,"Meridian, United States",US,2026-09-24,2,https://www.aviasales.com/search/JFK2409MEI1?marker=741311
807,598,USD,ATL,UTP,"Pattaya, Thailand",TH,2026-09-19,2,https://www.aviasales.com/search/ATL1909UTP1?marker=741311
808,598,USD,LAX,ELQ,"Buraydah, Saudi Arabia",SA,2026-09-26,1,https://www.aviasales.com/search/LAX2609ELQ1?marker=741311
809,599,USD,JFK,PEE,"Perm, Russia",RU,2026-09-21,2,https://www.aviasales.com/search/JFK2109PEE1?marker=741311
810,601,USD,ORD,KWE,"Guiyang, China",CN,2026-09-30,2,https://www.aviasales.com/search/ORD3009KWE1?marker=741311
811,603,USD,FLL,OGZ,"Vladikavkaz, Russia",RU,2026-09-26,3,https://www.aviasales.com/search/FLL2609OGZ1?marker=741311
812,605,USD,JFK,PAT,"Patna, India",IN,2026-12-02,2,https://www.aviasales.com/search/JFK0212PAT1?marker=741311
813,607,USD,JFK,MMK,"Murmansk, Russia",RU,2026-09-22,3,https://www.aviasales.com/search/JFK2209MMK1?marker=741311
814,613,USD,LAX,HAS,"Hail, Saudi Arabia",SA,2026-09-19,1,https://www.aviasales.com/search/LAX1909HAS1?marker=741311
815,614,USD,JFK,KZO,"Kzyl-Orda, Kazakhstan",KZ,2026-11-25,3,https://www.aviasales.com/search/JFK2511KZO1?marker=741311
816,615,USD,SFO,BOB,"Bora Bora, French Polynesia",PF,2026-11-11,1,https://www.aviasales.com/search/SFO1111BOB1?marker=741311
817,624,USD,JFK,TJM,"Tyumen, Russia",RU,2026-10-22,3,https://www.aviasales.com/search/JFK2210TJM1?marker=741311
818,624,USD,JFK,RTW,"Saratov, Russia",RU,2026-09-22,3,https://www.aviasales.com/search/JFK2209RTW1?marker=741311
819,629,USD,IAD,AZN,"Andijan, Uzbekistan",UZ,2026-09-30,2,https://www.aviasales.com/search/IAD3009AZN1?marker=741311
820,629,USD,LAX,OOL,"Gold Coast, Australia",AU,2026-09-25,1,https://www.aviasales.com/search/LAX2509OOL1?marker=741311
821,634,USD,JFK,MUX,"Multan, Pakistan",PK,2026-11-20,2,https://www.aviasales.com/search/JFK2011MUX1?marker=741311
822,638,USD,JFK,BDQ,"Vadodara, India",IN,2027-01-04,2,https://www.aviasales.com/search/JFK0401BDQ1?marker=741311
823,646,USD,JFK,CGQ,"Changchun, China",CN,2026-09-25,3,https://www.aviasales.com/search/JFK2509CGQ1?marker=741311
824,646,USD,JFK,GOJ,"Nizhniy Novgorod, Russia",RU,2026-09-19,3,https://www.aviasales.com/search/JFK1909GOJ1?marker=741311
825,646,USD,MCO,REN,"Orenburg, Russia",RU,2026-09-18,3,https://www.aviasales.com/search/MCO1809REN1?marker=741311
826,646,USD,LAX,CWL,"Cardiff, United Kingdom",GB,2026-09-21,3,https://www.aviasales.com/search/LAX2109CWL1?marker=741311
827,647,USD,JFK,OMS,"Omsk, Russia",RU,2027-01-14,3,https://www.aviasales.com/search/JFK1401OMS1?marker=741311
828,647,USD,JFK,SGC,"Surgut, Russia",RU,2026-09-16,3,https://www.aviasales.com/search/JFK1609SGC1?marker=741311
829,651,USD,JFK,GRO,"Girona, Spain",ES,2026-10-02,1,https://www.aviasales.com/search/JFK0210GRO1?marker=741311
830,652,USD,LAX,HIR,"Honiara, Solomon Islands",SB,2026-10-19,1,https://www.aviasales.com/search/LAX1910HIR1?marker=741311
831,655,USD,JFK,KJA,"Krasnoyarsk, Russia",RU,2026-09-29,3,https://www.aviasales.com/search/JFK2909KJA1?marker=741311
832,656,USD,PDX,PWQ,"Pavlodar, Kazakhstan",KZ,2026-10-15,4,https://www.aviasales.com/search/PDX1510PWQ1?marker=741311
833,657,USD,JFK,TOF,"Tomsk, Russia",RU,2026-09-21,3,https://www.aviasales.com/search/JFK2109TOF1?marker=741311
834,657,USD,LAS,EBL,"Erbil, Iraq",IQ,2026-10-06,3,https://www.aviasales.com/search/LAS0610EBL1?marker=741311
835,661,USD,FLL,IJK,"Izhevsk, Russia",RU,2026-10-01,4,https://www.aviasales.com/search/FLL0110IJK1?marker=741311
836,663,USD,MIA,UKK,"Oskemen, Kazakhstan",KZ,2026-10-01,3,https://www.aviasales.com/search/MIA0110UKK1?marker=741311
837,663,USD,ORD,ASB,"Ashgabat, Turkmenistan",TM,2026-10-20,1,https://www.aviasales.com/search/ORD2010ASB1?marker=741311
838,665,USD,IAD,TMJ,"Termez, Uzbekistan",UZ,2026-11-02,2,https://www.aviasales.com/search/IAD0211TMJ1?marker=741311
839,668,USD,JFK,KHV,"Khabarovsk, Russia",RU,2026-09-17,2,https://www.aviasales.com/search/JFK1709KHV1?marker=741311
840,668,USD,JFK,NBC,"Naberezhnye Chelny, Russia",RU,2026-09-23,3,https://www.aviasales.com/search/JFK2309NBC1?marker=741311
841,670,USD,JFK,PAG,"Pagadian, Philippines",PH,2026-10-09,2,https://www.aviasales.com/search/JFK0910PAG1?marker=741311
842,672,USD,DFW,BJM,"Bujumbura, Burundi",BI,2026-12-29,2,https://www.aviasales.com/search/DFW2912BJM1?marker=741311
843,672,USD,JFK,SEZ,"Mahe, Seychelles",SC,2026-11-04,1,https://www.aviasales.com/search/JFK0411SEZ1?marker=741311
844,673,USD,FLL,GRV,"Groznyy, Russia",RU,2026-10-01,3,https://www.aviasales.com/search/FLL0110GRV1?marker=741311
845,673,USD,ORD,KGL,"Kigali, Rwanda",RW,2026-10-22,1,https://www.aviasales.com/search/ORD2210KGL1?marker=741311
846,673,USD,SEA,BKO,"Bamako, Mali",ML,2026-10-20,2,https://www.aviasales.com/search/SEA2010BKO1?marker=741311
847,677,USD,JFK,VGD,"Vologda, Russia",RU,2026-10-01,3,https://www.aviasales.com/search/JFK0110VGD1?marker=741311
848,679,USD,IAH,JOG,"Yogyakarta, Indonesia",ID,2026-10-10,3,https://www.aviasales.com/search/IAH1010JOG1?marker=741311
849,679,USD,LAX,UPN,"Uruapan, Mexico",MX,2026-12-16,2,https://www.aviasales.com/search/LAX1612UPN1?marker=741311
850,680,USD,SEA,YPA,"Prince Albert, Canada",CA,2026-09-20,3,https://www.aviasales.com/search/SEA2009YPA1?marker=741311
851,681,USD,ORD,VOG,"Volgograd, Russia",RU,2026-09-16,4,https://www.aviasales.com/search/ORD1609VOG1?marker=741311
852,681,USD,LAX,OKA,"Okinawa, Japan",JP,2026-12-27,1,https://www.aviasales.com/search/LAX2712OKA1?marker=741311
853,682,USD,DFW,WEH,"Weihai, China",CN,2026-10-29,3,https://www.aviasales.com/search/DFW2910WEH1?marker=741311
854,686,USD,PDX,URC,"Urumqi, China",CN,2026-10-15,2,https://www.aviasales.com/search/PDX1510URC1?marker=741311
855,689,USD,SEA,HNS,"Haines, United States",US,2026-09-23,1,https://www.aviasales.com/search/SEA2309HNS1?marker=741311
856,691,USD,JFK,DMB,"Taraz, Kazakhstan",KZ,2026-10-09,3,https://www.aviasales.com/search/JFK0910DMB1?marker=741311
857,692,USD,IAD,HRE,"Harare, Zimbabwe",ZW,2026-09-20,1,https://www.aviasales.com/search/IAD2009HRE1?marker=741311
858,695,USD,ORD,FJR,"Fujairah, United Arab Emirates",AE,2026-11-03,3,https://www.aviasales.com/search/ORD0311FJR1?marker=741311
859,698,USD,JFK,GNO,"Grenoble, France",FR,2026-12-23,1,https://www.aviasales.com/search/JFK2312GNO1?marker=741311
860,699,USD,JFK,NDJ,"N'Djamena, Chad",TD,2026-10-29,1,https://www.aviasales.com/search/JFK2910NDJ1?marker=741311
861,700,USD,MIA,SCW,"Syktyvkar, Russia",RU,2027-02-01,4,https://www.aviasales.com/search/MIA0102SCW1?marker=741311
862,700,USD,IAD,JRO,"Kilimanjaro, Tanzania",TZ,2026-10-14,1,https://www.aviasales.com/search/IAD1410JRO1?marker=741311
863,700,USD,AUS,SIA,"Xian, China",CN,2026-09-16,2,https://www.aviasales.com/search/AUS1609SIA1?marker=741311
864,701,USD,LAX,RAR,"Rarotonga, Cook Islands",CK,2026-09-30,2,https://www.aviasales.com/search/LAX3009RAR1?marker=741311
865,703,USD,LAX,TWF,"Twin Falls, United States",US,2026-09-22,3,https://www.aviasales.com/search/LAX2209TWF1?marker=741311
866,706,USD,CLT,BRM,"Barquisimeto, Venezuela",VE,2026-09-21,3,https://www.aviasales.com/search/CLT2109BRM1?marker=741311
867,707,USD,LAX,DRW,"Darwin, Australia",AU,2026-09-28,2,https://www.aviasales.com/search/LAX2809DRW1?marker=741311
868,708,USD,JFK,BAX,"Barnaul, Russia",RU,2026-11-08,3,https://www.aviasales.com/search/JFK0811BAX1?marker=741311
869,709,USD,SFO,VAV,"Vava'u, Tonga",TO,2026-09-19,1,https://www.aviasales.com/search/SFO1909VAV1?marker=741311
870,713,USD,DFW,ARH,"Arkhangelsk, Russia",RU,2026-09-22,4,https://www.aviasales.com/search/DFW2209ARH1?marker=741311
871,717,USD,SFO,OSW,"Orsk, Russia",RU,2027-02-01,3,https://www.aviasales.com/search/SFO0102OSW1?marker=741311
872,720,USD,SFO,PEZ,"Penza, Russia",RU,2027-02-01,4,https://www.aviasales.com/search/SFO0102PEZ1?marker=741311
873,721,USD,IAD,NOZ,"Novokuznetsk, Russia",RU,2026-12-03,4,https://www.aviasales.com/search/IAD0312NOZ1?marker=741311
874,724,USD,DFW,SCO,"Aktau, Kazakhstan",KZ,2026-10-31,3,https://www.aviasales.com/search/DFW3110SCO1?marker=741311
875,727,USD,SAN,MIR,"Monastir, Tunisia",TN,2026-09-18,2,https://www.aviasales.com/search/SAN1809MIR1?marker=741311
876,728,USD,JFK,TOY,"Toyama, Japan",JP,2026-10-15,1,https://www.aviasales.com/search/JFK1510TOY1?marker=741311
877,734,USD,ATL,MGQ,"Mogadishu, Somalia",SO,2027-02-26,1,https://www.aviasales.com/search/ATL2602MGQ1?marker=741311
878,735,USD,AUS,TAG,"Tagbilaran, Philippines",PH,2026-09-25,3,https://www.aviasales.com/search/AUS2509TAG1?marker=741311
879,736,USD,MIA,UYU,"Uyuni, Bolivia",BO,2026-12-13,3,https://www.aviasales.com/search/MIA1312UYU1?marker=741311
880,747,USD,FLL,ASF,"Astrakhan, Russia",RU,2026-10-02,4,https://www.aviasales.com/search/FLL0210ASF1?marker=741311
881,747,USD,JFK,CEK,"Chelyabinsk, Russia",RU,2026-12-30,3,https://www.aviasales.com/search/JFK3012CEK1?marker=741311
882,749,USD,LAX,WLG,"Wellington, New Zealand",NZ,2026-09-28,1,https://www.aviasales.com/search/LAX2809WLG1?marker=741311
883,752,USD,JFK,SUV,"Suva, Fiji",FJ,2026-12-10,3,https://www.aviasales.com/search/JFK1012SUV1?marker=741311
884,753,USD,LAX,ZQN,"Queenstown, New Zealand",NZ,2026-09-25,2,https://www.aviasales.com/search/LAX2509ZQN1?marker=741311
885,754,USD,JFK,JNB,"Johannesburg, South Africa",ZA,2026-09-18,2,https://www.aviasales.com/search/JFK1809JNB1?marker=741311
886,763,USD,LAX,CNS,"Cairns, Australia",AU,2026-09-28,2,https://www.aviasales.com/search/LAX2809CNS1?marker=741311
887,766,USD,ATL,ENI,"El Nido, Philippines",PH,2026-10-15,4,https://www.aviasales.com/search/ATL1510ENI1?marker=741311
888,770,USD,JFK,YBG,"La Baie, Canada",CA,2026-09-26,2,https://www.aviasales.com/search/JFK2609YBG1?marker=741311
889,779,USD,IAD,MLW,"Monrovia, Liberia",LR,2026-12-04,2,https://www.aviasales.com/search/IAD0412MLW1?marker=741311
890,780,USD,LAX,NJC,"Nizhnevartovsk, Russia",RU,2026-12-29,3,https://www.aviasales.com/search/LAX2912NJC1?marker=741311
891,784,USD,JFK,GUM,"Hagatna, Guam",GU,2026-10-11,2,https://www.aviasales.com/search/JFK1110GUM1?marker=741311
892,784,USD,SFO,GME,"Gomel, Belarus",BY,2026-09-21,3,https://www.aviasales.com/search/SFO2109GME1?marker=741311
893,788,USD,BOS,POM,"Port Moresby, Papua New Guinea",PG,2026-11-04,2,https://www.aviasales.com/search/BOS0411POM1?marker=741311
894,793,USD,SEA,BQS,"Blagoveschensk, Russia",RU,2026-09-22,2,https://www.aviasales.com/search/SEA2209BQS1?marker=741311
895,798,USD,LAX,UUD,"Ulan-Ude, Russia",RU,2026-10-01,3,https://www.aviasales.com/search/LAX0110UUD1?marker=741311
896,804,USD,JFK,SDZ,"Shetland Islands, United Kingdom",GB,2026-12-20,3,https://www.aviasales.com/search/JFK2012SDZ1?marker=741311
897,811,USD,IAD,LFW,"Lome, Togo",TG,2026-10-10,0,https://www.aviasales.com/search/IAD1010LFW1?marker=741311
898,812,USD,JFK,LBD,"Khujand, Tajikistan",TJ,2026-10-15,3,https://www.aviasales.com/search/JFK1510LBD1?marker=741311
899,813,USD,LAX,CHC,"Christchurch, New Zealand",NZ,2026-09-29,2,https://www.aviasales.com/search/LAX2909CHC1?marker=741311
900,814,USD,IAH,CHX,"Changuinola, Panama",PA,2026-09-25,3,https://www.aviasales.com/search/IAH2509CHX1?marker=741311
901,815,USD,LAX,OVD,"Asturias, Spain",ES,2026-12-21,3,https://www.aviasales.com/search/LAX2112OVD1?marker=741311
902,816,USD,MCO,PLX,"Semey, Kazakhstan",KZ,2026-11-01,3,https://www.aviasales.com/search/MCO0111PLX1?marker=741311
903,818,USD,JFK,MPN,"Mount Pleasant, Falkland Islands",FK,2026-10-12,3,https://www.aviasales.com/search/JFK1210MPN1?marker=741311
904,823,USD,DFW,CZH,"Corozal, Belize",BZ,2026-09-20,3,https://www.aviasales.com/search/DFW2009CZH1?marker=741311
905,823,USD,JFK,TAE,"Daegu, South Korea",KR,2026-12-31,3,https://www.aviasales.com/search/JFK3112TAE1?marker=741311
906,850,USD,IAH,NIM,"Niamey, Niger",NE,2026-10-12,2,https://www.aviasales.com/search/IAH1210NIM1?marker=741311
907,852,USD,MIA,VLI,"Port Vila, Vanuatu",VU,2026-12-25,2,https://www.aviasales.com/search/MIA2512VLI1?marker=741311
908,855,USD,BOS,LAD,"Luanda, Angola",AO,2026-09-18,2,https://www.aviasales.com/search/BOS1809LAD1?marker=741311
909,856,USD,SEA,PKC,"Petropavlovsk-Kamchatsky, Russia",RU,2026-10-14,4,https://www.aviasales.com/search/SEA1410PKC1?marker=741311
910,863,USD,IAH,HSA,"Turkistan, Kazakhstan",KZ,2026-11-19,4,https://www.aviasales.com/search/IAH1911HSA1?marker=741311
911,865,USD,SEA,PPG,"Pago Pago, American Samoa",AS,2026-12-21,1,https://www.aviasales.com/search/SEA2112PPG1?marker=741311
912,868,USD,JFK,PKR,"Pokhara, Nepal",NP,2026-10-08,3,https://www.aviasales.com/search/JFK0810PKR1?marker=741311
913,868,USD,ATL,MRU,"Mauritius, Mauritius",MU,2027-01-28,1,https://www.aviasales.com/search/ATL2801MRU1?marker=741311
914,876,USD,JFK,YKS,"Yakutsk, Russia",RU,2026-09-20,3,https://www.aviasales.com/search/JFK2009YKS1?marker=741311
915,878,USD,MCO,AZS,"El Catey, Dominican Republic",DO,2026-09-16,2,https://www.aviasales.com/search/MCO1609AZS1?marker=741311
916,879,USD,SLC,MBA,"Mombasa, Kenya",KE,2026-09-29,4,https://www.aviasales.com/search/SLC2909MBA1?marker=741311
917,884,USD,SEA,VFA,"Victoria Falls, Zimbabwe",ZW,2026-09-28,2,https://www.aviasales.com/search/SEA2809VFA1?marker=741311
918,887,USD,JFK,UUS,"Yuzhno-Sakhalinsk, Russia",RU,2026-09-24,3,https://www.aviasales.com/search/JFK2409UUS1?marker=741311
919,909,USD,IAD,HTA,"Chita, Russia",RU,2026-09-29,4,https://www.aviasales.com/search/IAD2909HTA1?marker=741311
920,910,USD,ORD,HEK,"Heihe, China",CN,2027-01-22,2,https://www.aviasales.com/search/ORD2201HEK1?marker=741311
921,911,USD,JFK,GOH,"Nuuk, Greenland",GL,2026-10-01,1,https://www.aviasales.com/search/JFK0110GOH1?marker=741311
922,917,USD,JFK,NUX,"Novy Urengoy, Russia",RU,2026-10-02,3,https://www.aviasales.com/search/JFK0210NUX1?marker=741311
923,920,USD,DFW,CKG,"Chongqing, China",CN,2026-12-13,2,https://www.aviasales.com/search/DFW1312CKG1?marker=741311
924,929,USD,LAX,CSG,"Columbus, United States",US,2026-09-25,3,https://www.aviasales.com/search/LAX2509CSG1?marker=741311
925,944,USD,IAD,IPC,"Easter Island, Chile",CL,2026-09-16,3,https://www.aviasales.com/search/IAD1609IPC1?marker=741311
926,955,USD,MSP,STW,"Stavropol, Russia",RU,2026-09-16,4,https://www.aviasales.com/search/MSP1609STW1?marker=741311
927,957,USD,PHL,ABX,"Albury, Australia",AU,2026-09-25,3,https://www.aviasales.com/search/PHL2509ABX1?marker=741311
928,960,USD,DCA,KSN,"Kostanay, Kazakhstan",KZ,2026-10-09,4,https://www.aviasales.com/search/DCA0910KSN1?marker=741311
929,998,USD,ORD,TUF,"Tours, France",FR,2026-12-31,2,https://www.aviasales.com/search/ORD3112TUF1?marker=741311
930,1007,USD,SFO,ULY,"Ulyanovsk, Russia",RU,2026-10-30,3,https://www.aviasales.com/search/SFO3010ULY1?marker=741311
931,1019,USD,JFK,CYA,"Les Cayes, Haiti",HT,2026-09-17,3,https://www.aviasales.com/search/JFK1709CYA1?marker=741311
932,1024,USD,LAX,ABA,"Abakan, Russia",RU,2026-10-01,4,https://www.aviasales.com/search/LAX0110ABA1?marker=741311
933,1033,USD,DEN,ARK,"Arusha, Tanzania",TZ,2026-12-01,3,https://www.aviasales.com/search/DEN0112ARK1?marker=741311
934,1050,USD,MIA,KEJ,"Kemerovo, Russia",RU,2026-09-17,3,https://www.aviasales.com/search/MIA1709KEJ1?marker=741311
935,1074,USD,DEN,ROR,"Koror, Palau",PW,2026-09-16,3,https://www.aviasales.com/search/DEN1609ROR1?marker=741311
936,1075,USD,LAX,NLA,"Ndola, Zambia",ZM,2026-10-01,4,https://www.aviasales.com/search/LAX0110NLA1?marker=741311
937,1084,USD,FLL,UCT,"Ukhta, Russia",RU,2026-09-17,4,https://www.aviasales.com/search/FLL1709UCT1?marker=741311
938,1095,USD,MIA,ODB,"Cordoba, Spain",ES,2026-09-28,3,https://www.aviasales.com/search/MIA2809ODB1?marker=741311
939,1124,USD,LAS,GDX,"Magadan, Russia",RU,2026-09-19,4,https://www.aviasales.com/search/LAS1909GDX1?marker=741311
940,1142,USD,IAH,CBR,"Canberra, Australia",AU,2026-09-16,2,https://www.aviasales.com/search/IAH1609CBR1?marker=741311
941,1169,USD,SEA,SDP,"Sand Point, United States",US,2026-09-26,1,https://www.aviasales.com/search/SEA2609SDP1?marker=741311
942,1184,USD,FLL,LUN,"Lusaka, Zambia",ZM,2026-09-19,2,https://www.aviasales.com/search/FLL1909LUN1?marker=741311
943,1190,USD,JFK,TTE,"Ternate, Indonesia",ID,2026-12-16,3,https://www.aviasales.com/search/JFK1612TTE1?marker=741311
944,1194,USD,MIA,NVI,"Navoi, Uzbekistan",UZ,2026-09-16,4,https://www.aviasales.com/search/MIA1609NVI1?marker=741311
945,1201,USD,LAX,RMA,"Roma, Australia",AU,2026-10-02,3,https://www.aviasales.com/search/LAX0210RMA1?marker=741311
946,1353,USD,ORD,PLZ,"Port Elizabeth, South Africa",ZA,2026-12-15,2,https://www.aviasales.com/search/ORD1512PLZ1?marker=741311
947,1517,USD,LAX,NAL,"Nalchik, Russia",RU,2026-09-24,2,https://www.aviasales.com/search/LAX2409NAL1?marker=741311
948,1815,USD,MIA,BRN,"Bern, Switzerland",CH,2026-09-29,2,https://www.aviasales.com/search/MIA2909BRN1?marker=741311
949,2064,USD,LAX,GDZ,"Gelendzik, Russia",RU,2026-09-17,3,https://www.aviasales.com/search/LAX1709GDZ1?marker=741311
