rank,price,currency,origin,destination_code,destination_name,country_code,depart,stops,booking_link
1,19,USD,LAX,LAS,"Las Vegas, United States",US,2026-10-20,0,https://www.aviasales.com/search/LAX2010LAS1?t=F917925165001792521180000078LAXLAS_0bb7099f2239a036a45506536ba005d3_1588&search_date=26082026&expected_price_uuid=01a03baf-af08-8040-ad32-7a32f0b53212&static_fare_key=TY%7CP0%7CH0%7CL0%7CCH0%7CR0%7CTBC0&itinerary_key=tCGxT3-Vd1IIYqs1BbBATg&expected_price_source=share&expected_price_currency=usd&expected_price=19&marker=741311
2,19,USD,SFO,LAX,"Los Angeles, United States",US,2026-10-07,0,https://www.aviasales.com/search/SFO0710LAX1?t=F917913636001791369420000097SFOLAX_ca0bd04c8b30b72651cb6665f75cabf4_1568&search_date=23082026&expected_price_uuid=01a02eda-2212-8050-efa6-55595fdba5d7&static_fare_key=TY%7CP1%7CH0%7CL0%7CCH1_0%7CR0%7CTBC0&itinerary_key=P_7wCaVgoIt9LMkXWuFg1w&expected_price_source=share&expected_price_currency=usd&expected_price=19&marker=741311
3,19,USD,LAX,SFO,"San Francisco, United States",US,2026-10-10,0,https://www.aviasales.com/search/LAX1010SFO1?t=F917916589801791664680000095LAXSFO_706b70ed3bce6f5bd02420144ee14973_1570&search_date=21082026&expected_price_uuid=01a02695-193e-8040-2312-4459a10ea953&static_fare_key=TY%7CP0%7CH0%7CL0%7CCH0%7CR0%7CTBC0&itinerary_key=Z6dH9Xz4PLMQj5ARzG9QYw&expected_price_source=share&expected_price_currency=usd&expected_price=19&marker=741311
4,23,USD,MCO,BNA,"Nashville, United States",US,2026-09-24,0,https://www.aviasales.com/search/MCO2409BNA1?t=F917902356001790239680000128MCOBNA_1038ca9a94674a904b842d8ea2072053_1932&search_date=20082026&expected_price_uuid=01a01c7d-e911-8040-ae5d-ad32032ad2c6&static_fare_key=TY%7CP0%7CH0%7CL0%7CCH0%7CR0%7CTBC0&itinerary_key=z_LuE-tE43URmUargs0Y3A&origin_airports=0&expected_price_source=share&expected_price_currency=usd&expected_price=23&marker=741311
5,23,USD,LAS,SAN,"San Diego, United States",US,2026-10-01,0,https://www.aviasales.com/search/LAS0110SAN1?t=F917908809601790885820000081LASSAN_f721e8841a0cbc568e7451b939a81a73_1915&search_date=21082026&expected_price_uuid=01a022ce-b0a5-8050-2165-228e8c61435e&static_fare_key=TY%7CP1%7CH0%7CL0%7CCH0%7CR0%7CTBC0&itinerary_key=EP-u7E4upuQLzsrGeiKg1A&expected_price_source=share&expected_price_currency=usd&expected_price=23&marker=741311
6,24,USD,ATL,CVG,"Cincinnati, United States",US,2026-09-16,0,https://www.aviasales.com/search/ATL1609CVG1?t=F917895532201789558680000091ATLCVG_a51bbc9dfefe0d6eb940f3eadbe6e9fc_1984&search_date=21082026&expected_price_uuid=01a0252e-c990-8040-a2b7-cc41a25fcb61&static_fare_key=TY%7CP0%7CH0%7CL0%7CCH0%7CR0%7CTBC0&itinerary_key=g5DJ-JrQMBQHtAdv4VY5Gw&expected_price_source=share&expected_price_currency=usd&expected_price=24&marker=741311
7,24,USD,ATL,JAX,"Jacksonville, United States",US,2026-10-05,0,https://www.aviasales.com/search/ATL0510JAX1?t=F917912225401791226860000072ATLJAX_1946d9b31346e3de300a06261d0496c0_2050&search_date=26082026&expected_price_uuid=01a03d5b-2b47-8030-67d3-651ffe7ca0ea&static_fare_key=TY%7CP1%7CH0%7CL0%7CCH0%7CR0%7CTBC0&itinerary_key=t0rJKisXEQL4A5J7VyH4Fg&expected_price_source=share&expected_price_currency=usd&expected_price=24&marker=741311
8,24,USD,DFW,MSY,"New Orleans, United States",US,2026-10-27,0,https://www.aviasales.com/search/DFW2710MSY1?t=F917931150001793120880000098DFWMSY_861702cca06f8b2606de498b2e7ad76d_1970&search_date=23082026&expected_price_uuid=01a0309b-2d5d-8051-2c2d-f0cae06cea6c&static_fare_key=TY%7CP1%7CH0%7CL0%7CCH0%7CR0%7CTBC0&itinerary_key=op6FlxkD8zqgSmPMeGjzlA&expected_price_source=share&expected_price_currency=usd&expected_price=24&marker=741311
10,24,USD,LAX,SJC,"San Jose, United States",US,2026-10-01,0,https://www.aviasales.com/search/LAX0110SJC1?t=F917908798201790884380000076LAXSJC_000e9d66e73c10743e3899373c77f869_2023&search_date=19082026&expected_price_uuid=01a01a89-3aa2-8030-2622-30495b66a500&static_fare_key=TY%7CP0%7CH0%7CL0%7CCH0%7CR0%7CTBC0&itinerary_key=38nlBzlRSuILzvOkTrecpw&expected_price_source=share&expected_price_currency=usd&expected_price=24&marker=741311
11,25,USD,ATL,ORL,"Orlando, United States",US,2026-09-24,0,https://www.aviasales.com/search/ATL2409ORL1?t=F917902638001790269740000099ATLMCO_3c1f16394564a175d20f3b895d187f82_2091&search_date=24082026&expected_price_uuid=01a0362f-b9d0-8040-6c77-4b676017fca5&static_fare_key=TY%7CP1%7CH0%7CL0%7CCH1%7CR0%7CTBC0&itinerary_key=0Ca8HZ13E9iNhm0eySrAPg&expected_price_source=share&expected_price_currency=usd&expected_price=25&marker=741311
12,43,USD,LAX,PHX,"Phoenix, United States",US,2026-09-17,0,https://www.aviasales.com/search/LAX1709PHX1?t=G417896648201789670160000089SNAAZA_dd11edc639238b7928c0696f42696f66_3555&search_date=26082026&expected_price_uuid=01a03c7f-cb53-8030-a947-f068c0a25197&static_fare_key=TY%7CP1%7CH0%7CL0%7CCH0%7CR0%7CTBC0&itinerary_key=PpQ9PR_omwtrDSW1uVeTeQ&expected_price_source=share&expected_price_currency=usd&expected_price=42&marker=741311
13,29,USD,DFW,ATL,"Atlanta, United States",US,2026-10-04,0,https://www.aviasales.com/search/DFW0410ATL1?t=F917911432801791155280000140DFWATL_dd33f000e68351e39cc2b190782ea6b4_2398&search_date=23082026&expected_price_uuid=01a02eba-f6c0-8040-698a-c3275e6481a1&static_fare_key=TY%7CP0%7CH0%7CL0%7CCH0%7CR0%7CTBC0&itinerary_key=VvkqITb9D0dPiHu-8RvxfQ&expected_price_source=share&expected_price_currency=usd&expected_price=29&marker=741311
14,31,USD,LAX,DEN,"Denver, United States",US,2026-09-29,0,https://www.aviasales.com/search/LAX2909DEN1?t=F917906619001790674320000147LAXDEN_a19ee907e98472fcf303843556577da1_2609&search_date=25082026&expected_price_uuid=01a03646-1be4-8040-227b-e5281599e4c8&static_fare_key=TY%7CP1%7CH0%7CL0%7CCH0%7CR0%7CTBC0&itinerary_key=3emxCGRskUnBEcYAL8Yh4g&expected_price_source=share&expected_price_currency=usd&expected_price=31&marker=741311
15,31,USD,MCO,RIC,"Richmond, United States",US,2026-09-03,0,https://www.aviasales.com/search/MCO0309RIC1?t=F917884260001788433560000126MCORIC_ebf16722fcd040ca980f6b50213b17f6_2575&search_date=24082026&expected_price_uuid=01a031fc-e2f4-8030-ad06-3cc9200c3e51&static_fare_key=TY%7CP0%7CH0%7CL0%7CCH0%7CR0%7CTBC0&itinerary_key=RxoI3oNbFMZH1CRGUlbFlw&origin_airports=0&expected_price_source=share&expected_price_currency=usd&expected_price=31&marker=741311
16,33,USD,BNA,CHI,"Chicago, United States",US,2026-09-03,0,https://www.aviasales.com/search/BNA0309CHI1?t=G417884424401788447780000089BNARFD_beb5d6a07d6708bf525cfb19eb0934ac_2767&search_date=24082026&expected_price_uuid=01a035e2-c267-8030-ea6c-b05d6e2e86c7&static_fare_key=TY%7CP0%7CH0%7CL0%7CCH0%7CR0%7CTBC0&itinerary_key=57hDqFc-Tj2Uxy2YhTExxg&expected_price_source=share&expected_price_currency=usd&expected_price=33&marker=741311
18,35,USD,DEN,SLC,"Salt Lake City, United States",US,2026-10-15,0,https://www.aviasales.com/search/DEN1510SLC1?t=F917920552201792061100000098DENSLC_8ad0307243ca0e8ebc237835e8c856c6_2894&search_date=23082026&expected_price_uuid=01a02f76-8503-8040-65a8-a286f664a61e&static_fare_key=TY%7CP0%7CH0%7CL0%7CCH0%7CR0%7CTBC0&itinerary_key=xgVdLq0U-8y2rdClugqWKQ&expected_price_source=share&expected_price_currency=usd&expected_price=35&marker=741311
19,30,USD,FLL,SWF,"Newburgh, United States",US,2026-10-01,0,https://www.aviasales.com/search/FLL0110SWF1?t=G417908362001790847480000188FLLSWF_22e9d14ef87dd9dc7e0c986d035c4c3b_2510&search_date=26082026&expected_price_uuid=01a03bb9-2aac-8040-6dfb-979e4e19f0f2&static_fare_key=TY%7CP0%7CH0%7CL0%7CCH0%7CR0%7CTBC0&itinerary_key=xDsCjsoTUZPI-uhcfnDsAg&expected_price_source=share&expected_price_currency=usd&expected_price=30&marker=741311
20,37,USD,FLL,CLE,"Cleveland, United States",US,2026-08-26,0,https://www.aviasales.com/search/FLL2608CLE1?t=F917877759001787786940000184FLLCLE_3fbf16648571bde2127a514ec095bf18_3060&search_date=22082026&expected_price_uuid=01a02bc7-d911-8040-6d25-71b887c4436c&static_fare_key=TY%7CP0%7CH0%7CL0%7CCH0%7CR0%7CTBC0&itinerary_key=tNeJwcsWnjjw2_R6fo03eQ&expected_price_source=share&expected_price_currency=usd&expected_price=37&marker=741311
21,37,USD,FLL,HOU,"Houston, United States",US,2026-09-15,0,https://www.aviasales.com/search/FLL1509HOU1?t=F917894786401789485420000173FLLIAH_9e82088a2ab814d2a1de245b33bf7693_3060&search_date=23082026&expected_price_uuid=01a02d48-8eaf-8040-27fb-b17788fcf3b3&static_fare_key=TY%7CP0%7CH0%7CL0%7CCH0%7CR0%7CTBC0&itinerary_key=JuTmF_FDYcS2DgHoGo8auA&expected_price_source=share&expected_price_currency=usd&expected_price=37&marker=741311
22,39,USD,PHL,FLL,"Fort Lauderdale, United States",US,2026-09-27,0,https://www.aviasales.com/search/PHL2709FLL1?t=G417905111801790521800000177TTNFLL_163d8fa585aeb6ddabae73eb30bcb656_3230&search_date=21082026&expected_price_uuid=01a021de-0a8f-8040-afe1-e67ac16ed6c8&static_fare_key=TY%7CP0%7CH0%7CL0%7CCH0%7CR0%7CTBC0&itinerary_key=7YhQ3gPdcgxSnaJHWAmZtQ&expected_price_source=share&expected_price_currency=usd&expected_price=39&marker=741311
23,40,USD,FLL,CMH,"Columbus, United States",US,2026-11-20,0,https://www.aviasales.com/search/FLL2011CMH1?t=G417951550001795164420000157FLLLCK_a95987408ffdacf49250fc3fc323867e_3330&search_date=24082026&expected_price_uuid=01a033d7-91e0-8040-6592-9f184f57b148&static_fare_key=TY%7CP0%7CH0%7CL0%7CCH0%7CR0%7CTBC0&itinerary_key=ejBTmbFH1oh2qTKSR4JbwA&expected_price_source=share&expected_price_currency=usd&expected_price=40&marker=741311
24,41,USD,ATL,MIA,"Miami, United States",US,2026-09-16,0,https://www.aviasales.com/search/ATL1609MIA1?t=F917895477001789554600000115ATLMIA_134d471d643edb78696db5e28fcbcf51_3431&search_date=24082026&expected_price_uuid=01a03559-2a30-8040-2678-9444f4f0d0a1&static_fare_key=TY%7CP1%7CH0%7CL0%7CCH1_0%7CR0%7CTBC0&itinerary_key=DBRQaWuYkIUCGNmWeoChQw&expected_price_source=share&expected_price_currency=usd&expected_price=41&marker=741311
25,41,USD,DTW,TPA,"Tampa, United States",US,2026-09-19,0,https://www.aviasales.com/search/DTW1909TPA1?t=F917898145201789824180000161DTWTPA_88b5da0d8d38f6a530cc3cbd87349364_3391&search_date=21082026&expected_price_uuid=01a025e9-83c3-8040-a451-32b80a5716bf&static_fare_key=TY%7CP0%7CH0%7CL0%7CCH0%7CR0%7CTBC0&itinerary_key=Hckvov8UYpPK68CwNUxQ2w&origin_airports=0&expected_price_source=share&expected_price_currency=usd&expected_price=41&marker=741311
26,42,USD,TPA,EYW,"Key West, United States",US,2026-09-02,0,https://www.aviasales.com/search/TPA0209EYW1?t=MX17883424801788347160000078TPAEYW_bd9e0eeab7817aef333d5dfccdeb5487_3473&search_date=23082026&expected_price_uuid=01a02d22-eb7e-8030-60fc-c1a01f22ba8c&static_fare_key=TY%7CP0%7CH0%7CL0%7CCH0%7CR0%7CTBC0&itinerary_key=dId9-WfrKqFIJNUlrK1_zw&expected_price_source=share&expected_price_currency=usd&expected_price=42&marker=741311
27,44,USD,MCO,CHS,"Charleston, United States",US,2026-09-02,0,https://www.aviasales.com/search/MCO0209CHS1?t=MX17883348001788340080000088MCOCHS_7ef04b53babc130831e4e8bfd9574c6d_3642&search_date=23082026&expected_price_uuid=01a03085-72e4-8030-69c9-ea25c5fc5677&static_fare_key=TY%7CP0%7CH0%7CL0%7CCH0%7CR0%7CTBC0&itinerary_key=ZXo5F1_EAzpQlOKEtM6wgw&origin_airports=0&expected_price_source=share&expected_price_currency=usd&expected_price=44&marker=741311
28,47,USD,DEN,AUS,"Austin, United States",US,2026-10-10,0,https://www.aviasales.com/search/DEN1010AUS1?t=F917916487801791660360000133DENAUS_74af819bcb24f27ae189dafa1e0de5a5_3912&search_date=20082026&expected_price_uuid=01a01f4e-f6c4-8040-6fc4-788749dc617c&static_fare_key=TY%7CP0%7CH0%7CL0%7CCH0%7CR0%7CTBC0&itinerary_key=t6BEPGy50gJDkL-SmlJ5PQ&expected_price_source=share&expected_price_currency=usd&expected_price=47&marker=741311
29,48,USD,MCO,PNS,"Pensacola, United States",US,2026-09-24,0,https://www.aviasales.com/search/MCO2409PNS1?t=F917902536001790255640000094MCOPNS_3d6e09fae635499ff41c031eb021a418_4025&search_date=24082026&expected_price_uuid=01a034a0-f47b-8040-ab84-3c3dd11d15a1&static_fare_key=TY%7CP0%7CH0%7CL0%7CCH0%7CR0%7CTBC0&itinerary_key=R30X6Sab0MtbRQjIEN5DTw&origin_airports=0&expected_price_source=share&expected_price_currency=usd&expected_price=48&marker=741311
30,50,USD,MCO,PHL,"Philadelphia, United States",US,2026-10-23,0,https://www.aviasales.com/search/MCO2310PHL1?t=F917927724001792781640000154MCOTTN_6eaa45d28a15ee4d06887725563e00e3_4136&search_date=21082026&expected_price_uuid=01a025ea-12db-8040-abfa-2e9f5e9041bf&static_fare_key=TY%7CP0%7CH0%7CL0%7CCH0%7CR0%7CTBC0&itinerary_key=pz_rlX64fmFQgm74yZcQkA&origin_airports=0&expected_price_source=share&expected_price_currency=usd&expected_price=50&marker=741311
31,51,USD,MIA,SJU,"San Juan, Puerto Rico",PR,2026-08-30,0,https://www.aviasales.com/search/MIA3008SJU1?t=F917881264801788136980000175MIASJU_3d754cf42d6fea64fb14df17e0e900ca_4285&search_date=24082026&expected_price_uuid=01a0341e-2062-8040-a836-cf1859629721&static_fare_key=TY%7CP0%7CH0%7CL0%7CCH1%7CR0%7CTBC0&itinerary_key=ZApFtLAsQ4IV-fnnsbpiuQ&expected_price_source=share&expected_price_currency=usd&expected_price=51&marker=741311
32,51,USD,SAN,PDX,"Portland, United States",US,2026-09-19,0,https://www.aviasales.com/search/SAN1909PDX1?t=AS17898415201789850940000157SANPDX_f0b92f425dd16176069468d74d9f66f3_4292&search_date=26082026&expected_price_uuid=01a03d5d-371c-8040-60a3-52a01d8829b0&static_fare_key=TY%7CP0%7CH1%7CL0%7CCH0%7CR0%7CTBC0&itinerary_key=imVlw_Ja3g91VVMV9ta7mQ&expected_price_source=share&expected_price_currency=usd&expected_price=51&marker=741311
33,52,USD,MCO,RDU,"Raleigh, United States",US,2026-08-28,0,https://www.aviasales.com/search/MCO2808RDU1?t=F917879298001787937000000120MCORDU_df4fd9e43c181d1cf104e21e9be6757b_4300&search_date=22082026&expected_price_uuid=01a02a01-bd40-8030-2f4a-596ec5b42dc8&static_fare_key=TY%7CP0%7CH0%7CL0%7CCH0%7CR0%7CTBC0&itinerary_key=ABSivVNgjuH6E1jscLC9CQ&origin_airports=0&expected_price_source=share&expected_price_currency=usd&expected_price=52&marker=741311
34,52,USD,DCA,BOS,"Boston, United States",US,2026-11-10,0,https://www.aviasales.com/search/DCA1011BOS1?t=B617943126001794318000000090DCABOS_00679f5d7035612ee7875ef5829c8ce9_4369&search_date=20082026&expected_price_uuid=01a01cdb-3c9c-8040-a010-a666ba0e5bee&static_fare_key=TY%7CP0%7CH1%7CL0%7CCH0%7CR0%7CTBC0&itinerary_key=zyWWWtdT8sbzPMpekon33Q&origin_airports=0&expected_price_source=share&expected_price_currency=usd&expected_price=52&marker=741311
35,52,USD,MCO,AVL,"Asheville, United States",US,2026-08-31,0,https://www.aviasales.com/search/MCO3108AVL1?t=G417881741201788180600000108MCOAVL_81a070fb1b5a7dbeaf453e56323f8c1a_4301&search_date=21082026&expected_price_uuid=01a025ba-2a4a-8030-6ce2-3485391be75d&static_fare_key=TY%7CP0%7CH0%7CL0%7CCH0%7CR0%7CTBC0&itinerary_key=kl2qzcKKp1J5OLLLaS29UA&origin_airports=0&expected_price_source=share&expected_price_currency=usd&expected_price=52&marker=741311
36,54,USD,FLL,WAS,"Washington, United States",US,2026-09-16,0,https://www.aviasales.com/search/FLL1609WAS1?marker=741311
37,55,USD,MCO,CLT,"Charlotte, United States",US,2026-09-14,0,https://www.aviasales.com/search/MCO1409CLT1?marker=741311
38,56,USD,SAN,SAC,"Sacramento, United States",US,2026-09-24,0,https://www.aviasales.com/search/SAN2409SAC1?marker=741311
39,56,USD,SAN,OAK,"Oakland, United States",US,2026-10-19,0,https://www.aviasales.com/search/SAN1910OAK1?marker=741311
40,56,USD,ORD,STL,"St Louis, United States",US,2026-10-31,0,https://www.aviasales.com/search/ORD3110STL1?marker=741311
41,56,USD,SEA,LGB,"Long Beach, United States",US,2026-10-24,0,https://www.aviasales.com/search/SEA2410LGB1?marker=741311
42,58,USD,ATL,IND,"Indianapolis, United States",US,2026-09-09,0,https://www.aviasales.com/search/ATL0909IND1?marker=741311
43,58,USD,MCO,NYC,"New York, United States",US,2026-10-14,0,https://www.aviasales.com/search/MCO1410NYC1?marker=741311
44,58,USD,DCA,PIT,"Pittsburgh, United States",US,2026-09-29,0,https://www.aviasales.com/search/DCA2909PIT1?marker=741311
45,59,USD,DFW,MSP,"Minneapolis, United States",US,2026-09-15,0,https://www.aviasales.com/search/DFW1509MSP1?marker=741311
46,59,USD,LAX,YVR,"Vancouver, Canada",CA,2026-10-10,2,https://www.aviasales.com/search/LAX1010YVR1?marker=741311
47,59,USD,MCO,GSP,"Greenville, United States",US,2026-09-24,0,https://www.aviasales.com/search/MCO2409GSP1?marker=741311
48,60,USD,BNA,FSD,"Sioux Falls, United States",US,2026-08-31,0,https://www.aviasales.com/search/BNA3108FSD1?marker=741311
49,62,USD,LAX,MCE,"Merced, United States",US,2026-09-03,0,https://www.aviasales.com/search/LAX0309MCE1?marker=741311
50,64,USD,IAD,DFW,"Dallas, United States",US,2026-10-03,0,https://www.aviasales.com/search/IAD0310DFW1?marker=741311
51,65,USD,ATL,ORF,"Norfolk, United States",US,2026-09-08,0,https://www.aviasales.com/search/ATL0809ORF1?marker=741311
52,65,USD,DEN,MKC,"Kansas City, United States",US,2026-09-29,0,https://www.aviasales.com/search/DEN2909MKC1?marker=741311
53,68,USD,MCO,GSO,"Greensboro, United States",US,2027-02-05,0,https://www.aviasales.com/search/MCO0502GSO1?marker=741311
54,69,USD,FLL,YTO,"Toronto, Canada",CA,2026-10-24,0,https://www.aviasales.com/search/FLL2410YTO1?marker=741311
55,69,USD,BNA,HAR,"Harrisburg, United States",US,2026-09-03,0,https://www.aviasales.com/search/BNA0309HAR1?marker=741311
56,73,USD,LAX,SEA,"Seattle, United States",US,2026-10-01,0,https://www.aviasales.com/search/LAX0110SEA1?marker=741311
57,73,USD,LAS,TUL,"Tulsa, United States",US,2026-08-31,0,https://www.aviasales.com/search/LAS3108TUL1?marker=741311
58,74,USD,BOS,LEB,"Lebanon, United States",US,2026-09-03,0,https://www.aviasales.com/search/BOS0309LEB1?marker=741311
59,75,USD,ATL,DTT,"Detroit, United States",US,2026-09-17,1,https://www.aviasales.com/search/ATL1709DTT1?marker=741311
60,75,USD,FLL,DSM,"Des Moines, United States",US,2027-01-28,0,https://www.aviasales.com/search/FLL2801DSM1?marker=741311
61,77,USD,LAS,IDA,"Idaho Falls, United States",US,2026-09-04,0,https://www.aviasales.com/search/LAS0409IDA1?marker=741311
62,79,USD,RDU,PVD,"Providence, United States",US,2026-09-01,0,https://www.aviasales.com/search/RDU0109PVD1?marker=741311
63,83,USD,PHX,YYC,"Calgary, Canada",CA,2026-09-09,0,https://www.aviasales.com/search/PHX0909YYC1?marker=741311
64,83,USD,RDU,BDL,"Hartford, United States",US,2026-09-09,0,https://www.aviasales.com/search/RDU0909BDL1?marker=741311
65,83,USD,AUS,MEX,"Mexico City, Mexico",MX,2026-09-06,1,https://www.aviasales.com/search/AUS0609MEX1?marker=741311
66,83,USD,BOS,PQI,"Presque Isle, United States",US,2026-08-31,0,https://www.aviasales.com/search/BOS3108PQI1?marker=741311
67,86,USD,TPA,SDF,"Louisville, United States",US,2026-09-06,0,https://www.aviasales.com/search/TPA0609SDF1?marker=741311
68,86,USD,DFW,TXK,"Texarkana, United States",US,2026-09-02,0,https://www.aviasales.com/search/DFW0209TXK1?marker=741311
69,87,USD,DFW,HVN,"New Haven, United States",US,2026-09-10,0,https://www.aviasales.com/search/DFW1009HVN1?marker=741311
70,87,USD,DFW,SLP,"San Luis Potosi, Mexico",MX,2027-01-03,0,https://www.aviasales.com/search/DFW0301SLP1?marker=741311
71,87,USD,ORD,UIN,"Quincy, United States",US,2026-08-31,0,https://www.aviasales.com/search/ORD3108UIN1?marker=741311
72,88,USD,TPA,MYR,"Myrtle Beach, United States",US,2026-09-05,0,https://www.aviasales.com/search/TPA0509MYR1?marker=741311
73,88,USD,BOS,RUT,"Rutland, United States",US,2026-09-01,0,https://www.aviasales.com/search/BOS0109RUT1?marker=741311
74,89,USD,LAS,RNO,"Reno, United States",US,2026-11-01,0,https://www.aviasales.com/search/LAS0111RNO1?marker=741311
75,89,USD,IAH,MTY,"Monterrey, Mexico",MX,2026-08-29,0,https://www.aviasales.com/search/IAH2908MTY1?marker=741311
76,89,USD,LAS,YYJ,"Victoria, Canada",CA,2026-09-15,2,https://www.aviasales.com/search/LAS1509YYJ1?marker=741311
77,90,USD,BOS,BUF,"Buffalo, United States",US,2026-08-29,0,https://www.aviasales.com/search/BOS2908BUF1?marker=741311
78,90,USD,BOS,SYR,"Syracuse, United States",US,2026-08-29,0,https://www.aviasales.com/search/BOS2908SYR1?marker=741311
79,90,USD,PHL,SCE,"State College, United States",US,2026-08-29,0,https://www.aviasales.com/search/PHL2908SCE1?marker=741311
80,90,USD,ORD,GRR,"Grand Rapids, United States",US,2026-08-29,0,https://www.aviasales.com/search/ORD2908GRR1?marker=741311
81,91,USD,MIA,NAS,"Nassau, Bahamas",BS,2027-01-07,0,https://www.aviasales.com/search/MIA0701NAS1?marker=741311
82,91,USD,LAS,YLW,"Kelowna, Canada",CA,2026-09-15,2,https://www.aviasales.com/search/LAS1509YLW1?marker=741311
83,92,USD,ORD,BRL,"Burlington, United States",US,2026-08-30,0,https://www.aviasales.com/search/ORD3008BRL1?marker=741311
84,93,USD,IAD,JST,"Johnstown, United States",US,2026-09-25,0,https://www.aviasales.com/search/IAD2509JST1?marker=741311
85,93,USD,FLL,YQR,"Regina, Canada",CA,2026-10-02,1,https://www.aviasales.com/search/FLL0210YQR1?marker=741311
86,94,USD,LAX,GDL,"Guadalajara, Mexico",MX,2026-09-29,0,https://www.aviasales.com/search/LAX2909GDL1?marker=741311
87,94,USD,DFW,MLM,"Morelia, Mexico",MX,2026-09-13,0,https://www.aviasales.com/search/DFW1309MLM1?marker=741311
88,95,USD,DFW,SAT,"San Antonio, United States",US,2026-08-29,0,https://www.aviasales.com/search/DFW2908SAT1?marker=741311
89,96,USD,PHX,FCA,"Kalispell, United States",US,2026-10-22,1,https://www.aviasales.com/search/PHX2210FCA1?marker=741311
90,97,USD,MSP,FMY,"Fort Myers, United States",US,2026-10-30,0,https://www.aviasales.com/search/MSP3010FMY1?marker=741311
91,97,USD,ORD,OMA,"Omaha, United States",US,2026-09-16,1,https://www.aviasales.com/search/ORD1609OMA1?marker=741311
92,97,USD,PHX,SBA,"Santa Barbara, United States",US,2026-11-12,1,https://www.aviasales.com/search/PHX1211SBA1?marker=741311
93,98,USD,MCO,CAK,"Akron, United States",US,2026-08-29,0,https://www.aviasales.com/search/MCO2908CAK1?marker=741311
94,99,USD,RDU,ILM,"Wilmington, United States",US,2026-09-05,1,https://www.aviasales.com/search/RDU0509ILM1?marker=741311
95,99,USD,LAX,IPL,"Imperial, United States",US,2026-09-04,0,https://www.aviasales.com/search/LAX0409IPL1?marker=741311
96,100,USD,LAS,STS,"Santa Rosa, United States",US,2026-08-27,0,https://www.aviasales.com/search/LAS2708STS1?marker=741311
97,100,USD,FLL,YMQ,"Montreal, Canada",CA,2026-09-30,1,https://www.aviasales.com/search/FLL3009YMQ1?marker=741311
98,100,USD,BOS,MSS,"Massena, United States",US,2026-09-01,0,https://www.aviasales.com/search/BOS0109MSS1?marker=741311
99,100,USD,ORD,ELP,"El Paso, United States",US,2026-10-17,1,https://www.aviasales.com/search/ORD1710ELP1?marker=741311
100,100,USD,JFK,BDA,"Bermuda, Bermuda",BM,2026-10-02,0,https://www.aviasales.com/search/JFK0210BDA1?marker=741311
101,102,USD,PHX,SOW,"Show Low, United States",US,2026-09-02,0,https://www.aviasales.com/search/PHX0209SOW1?marker=741311
102,103,USD,MCO,BTV,"Burlington, United States",US,2026-10-03,0,https://www.aviasales.com/search/MCO0310BTV1?marker=741311
103,104,USD,ATL,YWG,"Winnipeg, Canada",CA,2026-11-01,1,https://www.aviasales.com/search/ATL0111YWG1?marker=741311
104,105,USD,DEN,CNY,"Moab, United States",US,2026-09-02,0,https://www.aviasales.com/search/DEN0209CNY1?marker=741311
105,107,USD,ATL,ALB,"Albany, United States",US,2026-11-02,1,https://www.aviasales.com/search/ATL0211ALB1?marker=741311
106,108,USD,FLL,YOW,"Ottawa, Canada",CA,2026-09-12,0,https://www.aviasales.com/search/FLL1209YOW1?marker=741311
107,108,USD,PDX,MFR,"Medford, United States",US,2026-09-04,0,https://www.aviasales.com/search/PDX0409MFR1?marker=741311
108,108,USD,SEA,PSC,"Pasco, United States",US,2026-09-05,0,https://www.aviasales.com/search/SEA0509PSC1?marker=741311
109,109,USD,RDU,ROC,"Rochester, United States",US,2026-09-02,0,https://www.aviasales.com/search/RDU0209ROC1?marker=741311
110,109,USD,JFK,PWM,"Portland, United States",US,2026-09-12,0,https://www.aviasales.com/search/JFK1209PWM1?marker=741311
111,111,USD,DCA,TYS,"Knoxville, United States",US,2026-09-22,1,https://www.aviasales.com/search/DCA2209TYS1?marker=741311
112,112,USD,ATL,DAB,"Daytona Beach, United States",US,2026-09-18,1,https://www.aviasales.com/search/ATL1809DAB1?marker=741311
113,113,USD,MIA,SDQ,"Santo Domingo, Dominican Republic",DO,2026-10-23,0,https://www.aviasales.com/search/MIA2310SDQ1?marker=741311
114,113,USD,DEN,PVU,"Provo, United States",US,2026-09-05,1,https://www.aviasales.com/search/DEN0509PVU1?marker=741311
115,114,USD,DEN,ABQ,"Albuquerque, United States",US,2026-09-07,1,https://www.aviasales.com/search/DEN0709ABQ1?marker=741311
116,115,USD,SEA,GEG,"Spokane, United States",US,2026-09-04,0,https://www.aviasales.com/search/SEA0409GEG1?marker=741311
117,117,USD,MCO,ISP,"Islip, United States",US,2026-08-29,0,https://www.aviasales.com/search/MCO2908ISP1?marker=741311
118,117,USD,DTW,YHZ,"Halifax, Canada",CA,2026-08-31,0,https://www.aviasales.com/search/DTW3108YHZ1?marker=741311
119,119,USD,ORD,HSV,"Huntsville, United States",US,2026-09-03,0,https://www.aviasales.com/search/ORD0309HSV1?marker=741311
120,119,USD,DFW,CUN,"Cancun, Mexico",MX,2026-09-07,1,https://www.aviasales.com/search/DFW0709CUN1?marker=741311
121,119,USD,FLL,SRQ,"Sarasota, United States",US,2026-08-29,1,https://www.aviasales.com/search/FLL2908SRQ1?marker=741311
122,119,USD,LAS,PAE,"Everett, United States",US,2026-10-23,0,https://www.aviasales.com/search/LAS2310PAE1?marker=741311
123,120,USD,DFW,GNV,"Gainesville, United States",US,2026-09-02,0,https://www.aviasales.com/search/DFW0209GNV1?marker=741311
124,120,USD,ORD,HPN,"Westchester County, United States",US,2026-09-01,0,https://www.aviasales.com/search/ORD0109HPN1?marker=741311
125,121,USD,MIA,LIT,"Little Rock, United States",US,2026-08-29,0,https://www.aviasales.com/search/MIA2908LIT1?marker=741311
126,121,USD,SFO,BOI,"Boise, United States",US,2026-09-18,1,https://www.aviasales.com/search/SFO1809BOI1?marker=741311
127,121,USD,DEN,YXE,"Saskatoon, Canada",CA,2026-09-18,1,https://www.aviasales.com/search/DEN1809YXE1?marker=741311
128,122,USD,PDX,RDM,"Redmond, United States",US,2026-09-04,0,https://www.aviasales.com/search/PDX0409RDM1?marker=741311
129,122,USD,ORD,MKG,"Muskegon, United States",US,2026-09-03,0,https://www.aviasales.com/search/ORD0309MKG1?marker=741311
130,122,USD,SEA,YKM,"Yakima, United States",US,2026-09-04,0,https://www.aviasales.com/search/SEA0409YKM1?marker=741311
131,124,USD,DCA,BHM,"Birmingham, United States",US,2026-08-30,0,https://www.aviasales.com/search/DCA3008BHM1?marker=741311
132,125,USD,ATL,BGR,"Bangor, United States",US,2026-09-14,1,https://www.aviasales.com/search/ATL1409BGR1?marker=741311
133,125,USD,JFK,BGI,"Bridgetown, Barbados",BB,2026-10-27,1,https://www.aviasales.com/search/JFK2710BGI1?marker=741311
134,125,USD,LAX,KOA,"Kailua-Kona, United States",US,2026-09-07,0,https://www.aviasales.com/search/LAX0709KOA1?marker=741311
135,125,USD,PDX,FAT,"Fresno, United States",US,2026-09-05,0,https://www.aviasales.com/search/PDX0509FAT1?marker=741311
136,125,USD,SEA,EUG,"Eugene, United States",US,2026-09-04,0,https://www.aviasales.com/search/SEA0409EUG1?marker=741311
137,125,USD,SEA,ACV,"Arcata, United States",US,2026-09-05,0,https://www.aviasales.com/search/SEA0509ACV1?marker=741311
138,126,USD,JFK,ACK,"Nantucket, United States",US,2026-10-07,0,https://www.aviasales.com/search/JFK0710ACK1?marker=741311
139,126,USD,SFO,PSP,"Palm Springs, United States",US,2026-09-01,0,https://www.aviasales.com/search/SFO0109PSP1?marker=741311
140,126,USD,SEA,FAI,"Fairbanks, United States",US,2026-08-30,0,https://www.aviasales.com/search/SEA3008FAI1?marker=741311
141,128,USD,MIA,MDE,"Medellin, Colombia",CO,2026-09-25,1,https://www.aviasales.com/search/MIA2509MDE1?marker=741311
142,129,USD,ORD,LEX,"Lexington, United States",US,2026-08-29,0,https://www.aviasales.com/search/ORD2908LEX1?marker=741311
143,130,USD,DFW,OKC,"Oklahoma City, United States",US,2026-09-08,1,https://www.aviasales.com/search/DFW0809OKC1?marker=741311
144,130,USD,RDU,TRI,"Blountville, United States",US,2026-08-30,1,https://www.aviasales.com/search/RDU3008TRI1?marker=741311
145,131,USD,ATL,MEM,"Memphis, United States",US,2026-09-09,1,https://www.aviasales.com/search/ATL0909MEM1?marker=741311
146,132,USD,MSP,BZN,"Bozeman, United States",US,2026-08-30,0,https://www.aviasales.com/search/MSP3008BZN1?marker=741311
147,132,USD,DEN,CNM,"Carlsbad, United States",US,2026-08-30,0,https://www.aviasales.com/search/DEN3008CNM1?marker=741311
148,133,USD,MIA,MID,"Merida, Mexico",MX,2026-10-23,1,https://www.aviasales.com/search/MIA2310MID1?marker=741311
149,133,USD,LAX,SJD,"San Jose Del Cabo, Mexico",MX,2026-09-08,1,https://www.aviasales.com/search/LAX0809SJD1?marker=741311
150,134,USD,IAD,CKB,"Clarksburg, United States",US,2026-09-03,0,https://www.aviasales.com/search/IAD0309CKB1?marker=741311
151,134,USD,CLT,MKE,"Milwaukee, United States",US,2026-09-30,1,https://www.aviasales.com/search/CLT3009MKE1?marker=741311
152,134,USD,IAH,VER,"Veracruz, Mexico",MX,2026-08-31,1,https://www.aviasales.com/search/IAH3108VER1?marker=741311
153,134,USD,RDU,FYV,"Fayetteville, United States",US,2026-09-02,1,https://www.aviasales.com/search/RDU0209FYV1?marker=741311
154,134,USD,SAN,STC,"Saint Cloud, United States",US,2026-10-01,2,https://www.aviasales.com/search/SAN0110STC1?marker=741311
155,135,USD,MCO,CUU,"Chihuahua, Mexico",MX,2027-01-16,1,https://www.aviasales.com/search/MCO1601CUU1?marker=741311
156,135,USD,SAN,MRY,"Monterey, United States",US,2026-09-03,0,https://www.aviasales.com/search/SAN0309MRY1?marker=741311
157,135,USD,LAS,YZF,"Yellowknife, Canada",CA,2026-09-17,1,https://www.aviasales.com/search/LAS1709YZF1?marker=741311
158,135,USD,LAX,CEN,"Ciudad Obregon, Mexico",MX,2026-08-29,1,https://www.aviasales.com/search/LAX2908CEN1?marker=741311
159,136,USD,IAD,SAV,"Savannah, United States",US,2026-09-01,0,https://www.aviasales.com/search/IAD0109SAV1?marker=741311
160,136,USD,DFW,HOT,"Hot Springs, United States",US,2026-09-02,0,https://www.aviasales.com/search/DFW0209HOT1?marker=741311
161,136,USD,SFO,LIH,"Kauai Island, United States",US,2026-09-22,0,https://www.aviasales.com/search/SFO2209LIH1?marker=741311
162,136,USD,SAN,OGG,"Kahului, United States",US,2026-10-12,0,https://www.aviasales.com/search/SAN1210OGG1?marker=741311
163,137,USD,IAD,MGW,"Morgantown, United States",US,2026-09-01,0,https://www.aviasales.com/search/IAD0109MGW1?marker=741311
164,137,USD,PHX,PGA,"Page, United States",US,2026-08-31,0,https://www.aviasales.com/search/PHX3108PGA1?marker=741311
165,138,USD,IAH,TUS,"Tucson, United States",US,2026-09-24,1,https://www.aviasales.com/search/IAH2409TUS1?marker=741311
166,139,USD,SFO,HNL,"Honolulu, United States",US,2026-10-27,0,https://www.aviasales.com/search/SFO2710HNL1?marker=741311
167,139,USD,JFK,ATH,"Athens, Greece",GR,2026-10-19,0,https://www.aviasales.com/search/JFK1910ATH1?marker=741311
168,139,USD,MSP,HDN,"Hayden, United States",US,2026-09-23,1,https://www.aviasales.com/search/MSP2309HDN1?marker=741311
169,140,USD,MCO,LON,"London, United Kingdom",GB,2026-12-09,0,https://www.aviasales.com/search/MCO0912LON1?marker=741311
170,140,USD,ORD,DEC,"Decatur, United States",US,2026-08-26,0,https://www.aviasales.com/search/ORD2608DEC1?marker=741311
171,140,USD,JFK,HYA,"Hyannis, United States",US,2026-09-02,0,https://www.aviasales.com/search/JFK0209HYA1?marker=741311
172,140,USD,DFW,ZCL,"Zacatecas, Mexico",MX,2026-11-27,2,https://www.aviasales.com/search/DFW2711ZCL1?marker=741311
173,140,USD,IAH,LUL,"Laurel, United States",US,2026-08-26,0,https://www.aviasales.com/search/IAH2608LUL1?marker=741311
174,141,USD,MCO,FAR,"Fargo, United States",US,2026-08-29,1,https://www.aviasales.com/search/MCO2908FAR1?marker=741311
175,141,USD,ORD,ALO,"Waterloo, United States",US,2026-09-05,0,https://www.aviasales.com/search/ORD0509ALO1?marker=741311
176,142,USD,MIA,SXM,"Sint Maarten, Sint Maarten",SX,2027-02-14,1,https://www.aviasales.com/search/MIA1402SXM1?marker=741311
177,143,USD,FLL,TLH,"Tallahassee, United States",US,2026-08-30,0,https://www.aviasales.com/search/FLL3008TLH1?marker=741311
178,143,USD,DCA,LIR,"Liberia, Costa Rica",CR,2026-09-21,1,https://www.aviasales.com/search/DCA2109LIR1?marker=741311
179,144,USD,LAX,MSN,"Madison, United States",US,2026-10-03,1,https://www.aviasales.com/search/LAX0310MSN1?marker=741311
180,145,USD,IAD,LYH,"Lynchburg, United States",US,2026-09-03,0,https://www.aviasales.com/search/IAD0309LYH1?marker=741311
181,145,USD,MIA,GYE,"Guayaquil, Ecuador",EC,2026-08-26,2,https://www.aviasales.com/search/MIA2608GYE1?marker=741311
182,145,USD,ORD,DLH,"Duluth, United States",US,2026-08-30,0,https://www.aviasales.com/search/ORD3008DLH1?marker=741311
183,146,USD,MIA,AUA,"Oranjestad, Aruba",AW,2026-08-30,1,https://www.aviasales.com/search/MIA3008AUA1?marker=741311
184,146,USD,DFW,AMA,"Amarillo, United States",US,2026-08-26,0,https://www.aviasales.com/search/DFW2608AMA1?marker=741311
185,146,USD,JFK,BQN,"Aguadilla, Puerto Rico",PR,2026-12-09,1,https://www.aviasales.com/search/JFK0912BQN1?marker=741311
186,146,USD,PDX,BLI,"Bellingham, United States",US,2026-09-05,0,https://www.aviasales.com/search/PDX0509BLI1?marker=741311
187,147,USD,TPA,SAP,"San Pedro Sula, Honduras",HN,2026-10-20,2,https://www.aviasales.com/search/TPA2010SAP1?marker=741311
188,147,USD,JFK,STI,"Santiago, Dominican Republic",DO,2026-11-30,1,https://www.aviasales.com/search/JFK3011STI1?marker=741311
189,148,USD,AUS,SJO,"San Jose, Costa Rica",CR,2026-11-03,1,https://www.aviasales.com/search/AUS0311SJO1?marker=741311
190,148,USD,MIA,GGT,"George Town, Bahamas",BS,2026-09-01,0,https://www.aviasales.com/search/MIA0109GGT1?marker=741311
191,148,USD,MCO,QRO,"Queretaro, Mexico",MX,2026-11-18,1,https://www.aviasales.com/search/MCO1811QRO1?marker=741311
192,148,USD,LAX,BJX,"Leon/Guanajuato, Mexico",MX,2026-10-08,0,https://www.aviasales.com/search/LAX0810BJX1?marker=741311
193,149,USD,IAD,ROA,"Roanoke, United States",US,2026-08-30,0,https://www.aviasales.com/search/IAD3008ROA1?marker=741311
194,149,USD,IAD,CAE,"Columbia, United States",US,2026-08-30,0,https://www.aviasales.com/search/IAD3008CAE1?marker=741311
195,149,USD,ORD,ICT,"Wichita, United States",US,2026-09-29,0,https://www.aviasales.com/search/ORD2909ICT1?marker=741311
196,149,USD,DEN,BIL,"Billings, United States",US,2026-08-30,0,https://www.aviasales.com/search/DEN3008BIL1?marker=741311
197,149,USD,DEN,GCC,"Gillette, United States",US,2026-08-31,0,https://www.aviasales.com/search/DEN3108GCC1?marker=741311
198,150,USD,DEN,CPR,"Casper, United States",US,2026-08-30,0,https://www.aviasales.com/search/DEN3008CPR1?marker=741311
199,150,USD,SEA,EAT,"Wenatchee, United States",US,2026-09-03,0,https://www.aviasales.com/search/SEA0309EAT1?marker=741311
200,150,USD,ORD,CRW,"Charleston, United States",US,2026-08-31,0,https://www.aviasales.com/search/ORD3108CRW1?marker=741311
201,150,USD,LAS,ANC,"Anchorage, United States",US,2026-09-03,0,https://www.aviasales.com/search/LAS0309ANC1?marker=741311
202,150,USD,MIA,ATW,"Appleton, United States",US,2027-02-07,1,https://www.aviasales.com/search/MIA0702ATW1?marker=741311
203,150,USD,BOS,RKD,"Rockland, United States",US,2026-09-05,0,https://www.aviasales.com/search/BOS0509RKD1?marker=741311
204,150,USD,LAX,RDD,"Redding, United States",US,2026-08-31,0,https://www.aviasales.com/search/LAX3108RDD1?marker=741311
205,151,USD,JFK,ROM,"Rome, Italy",IT,2026-10-20,0,https://www.aviasales.com/search/JFK2010ROM1?marker=741311
206,151,USD,ORD,LAF,"Lafayette, United States",US,2026-08-29,0,https://www.aviasales.com/search/ORD2908LAF1?marker=741311
207,151,USD,BOS,PUJ,"Punta Cana, Dominican Republic",DO,2026-09-01,1,https://www.aviasales.com/search/BOS0109PUJ1?marker=741311
208,152,USD,IAD,SBN,"South Bend, United States",US,2026-08-26,0,https://www.aviasales.com/search/IAD2608SBN1?marker=741311
209,152,USD,LAX,SAL,"San Salvador, El Salvador",SV,2027-01-30,0,https://www.aviasales.com/search/LAX3001SAL1?marker=741311
210,153,USD,JFK,GUA,"Guatemala City, Guatemala",GT,2027-02-23,1,https://www.aviasales.com/search/JFK2302GUA1?marker=741311
211,153,USD,ORD,CMX,"Hancock, United States",US,2026-08-28,0,https://www.aviasales.com/search/ORD2808CMX1?marker=741311
212,153,USD,MIA,CTG,"Cartagena, Colombia",CO,2027-01-25,0,https://www.aviasales.com/search/MIA2501CTG1?marker=741311
213,153,USD,DEN,LBF,"North Platte, United States",US,2026-08-29,0,https://www.aviasales.com/search/DEN2908LBF1?marker=741311
214,153,USD,DEN,ALS,"Alamosa, United States",US,2026-08-30,0,https://www.aviasales.com/search/DEN3008ALS1?marker=741311
215,154,USD,LAS,TIJ,"Tijuana, Mexico",MX,2026-09-15,1,https://www.aviasales.com/search/LAS1509TIJ1?marker=741311
216,156,USD,MSP,IWD,"Ironwood, United States",US,2026-08-31,0,https://www.aviasales.com/search/MSP3108IWD1?marker=741311
217,157,USD,IAH,BRO,"Brownsville, United States",US,2026-08-30,0,https://www.aviasales.com/search/IAH3008BRO1?marker=741311
218,157,USD,DEN,ASE,"Aspen, United States",US,2026-08-30,0,https://www.aviasales.com/search/DEN3008ASE1?marker=741311
219,157,USD,DFW,BFL,"Bakersfield, United States",US,2026-09-03,0,https://www.aviasales.com/search/DFW0309BFL1?marker=741311
220,158,USD,DEN,GJT,"Grand Junction, United States",US,2026-08-30,0,https://www.aviasales.com/search/DEN3008GJT1?marker=741311
221,160,USD,JFK,UIO,"Quito, Ecuador",EC,2026-12-10,1,https://www.aviasales.com/search/JFK1012UIO1?marker=741311
222,161,USD,SEA,LFT,"Lafayette, United States",US,2026-09-18,1,https://www.aviasales.com/search/SEA1809LFT1?marker=741311
223,162,USD,DEN,EAR,"Kearney, United States",US,2026-08-26,0,https://www.aviasales.com/search/DEN2608EAR1?marker=741311
224,163,USD,RDU,SBY,"Salisbury-Ocean City, United States",US,2026-08-31,1,https://www.aviasales.com/search/RDU3108SBY1?marker=741311
225,164,USD,SEA,YEA,"Edmonton, Canada",CA,2026-09-14,1,https://www.aviasales.com/search/SEA1409YEA1?marker=741311
226,164,USD,MCO,CID,"Cedar Rapids, United States",US,2026-08-30,1,https://www.aviasales.com/search/MCO3008CID1?marker=741311
227,164,USD,CLT,PGV,"Greenville, United States",US,2026-09-05,0,https://www.aviasales.com/search/CLT0509PGV1?marker=741311
228,164,USD,IAH,LCH,"Lake Charles, United States",US,2026-09-03,0,https://www.aviasales.com/search/IAH0309LCH1?marker=741311
229,164,USD,LAX,TGZ,"Tuxtla Gutierrez, Mexico",MX,2026-09-01,1,https://www.aviasales.com/search/LAX0109TGZ1?marker=741311
230,164,USD,LAX,PVR,"Puerto Vallarta, Mexico",MX,2026-09-07,1,https://www.aviasales.com/search/LAX0709PVR1?marker=741311
231,165,USD,ORD,AZO,"Kalamazoo, United States",US,2026-09-05,0,https://www.aviasales.com/search/ORD0509AZO1?marker=741311
232,166,USD,LAX,COS,"Colorado Springs, United States",US,2026-09-15,1,https://www.aviasales.com/search/LAX1509COS1?marker=741311
233,166,USD,FLL,MBJ,"Montego Bay, Jamaica",JM,2026-09-14,1,https://www.aviasales.com/search/FLL1409MBJ1?marker=741311
234,167,USD,LAX,OAX,"Oaxaca, Mexico",MX,2026-08-31,2,https://www.aviasales.com/search/LAX3108OAX1?marker=741311
235,168,USD,JFK,PLS,"Providenciales, Turks and Caicos Islands",TC,2026-09-17,1,https://www.aviasales.com/search/JFK1709PLS1?marker=741311
236,168,USD,LAX,CRP,"Corpus Christi, United States",US,2026-09-29,1,https://www.aviasales.com/search/LAX2909CRP1?marker=741311
237,169,USD,ORD,YQB,"Quebec, Canada",CA,2026-09-02,0,https://www.aviasales.com/search/ORD0209YQB1?marker=741311
238,169,USD,DCA,JAN,"Jackson, United States",US,2026-09-01,0,https://www.aviasales.com/search/DCA0109JAN1?marker=741311
239,169,USD,ORD,MWA,"Marion, United States",US,2026-09-01,0,https://www.aviasales.com/search/ORD0109MWA1?marker=741311
240,169,USD,FLL,FPO,"Freeport, Bahamas",BS,2026-08-31,0,https://www.aviasales.com/search/FLL3108FPO1?marker=741311
241,170,USD,FLL,ABE,"Allentown, United States",US,2026-08-29,1,https://www.aviasales.com/search/FLL2908ABE1?marker=741311
242,171,USD,ATL,LNS,"Lancaster, United States",US,2026-09-03,1,https://www.aviasales.com/search/ATL0309LNS1?marker=741311
243,171,USD,LAX,MFE,"McAllen, United States",US,2026-08-29,2,https://www.aviasales.com/search/LAX2908MFE1?marker=741311
244,172,USD,MIA,LIM,"Lima, Peru",PE,2027-02-10,1,https://www.aviasales.com/search/MIA1002LIM1?marker=741311
245,173,USD,BOS,AVP,"Wilkes-Barre, United States",US,2026-10-08,1,https://www.aviasales.com/search/BOS0810AVP1?marker=741311
246,173,USD,MIA,IAG,"Niagara Falls, United States",US,2026-09-12,2,https://www.aviasales.com/search/MIA1209IAG1?marker=741311
247,173,USD,JFK,VPS,"Fort Walton Beach, United States",US,2026-12-31,1,https://www.aviasales.com/search/JFK3112VPS1?marker=741311
248,173,USD,DFW,LBB,"Lubbock, United States",US,2026-08-30,0,https://www.aviasales.com/search/DFW3008LBB1?marker=741311
249,173,USD,MCO,ELM,"Elmira, United States",US,2026-09-03,1,https://www.aviasales.com/search/MCO0309ELM1?marker=741311
250,173,USD,IAH,LMM,"Los Mochis, Mexico",MX,2026-09-04,1,https://www.aviasales.com/search/IAH0409LMM1?marker=741311
251,176,USD,TPA,STX,"Saint Croix, U.S. Virgin Islands",VI,2026-10-03,1,https://www.aviasales.com/search/TPA0310STX1?marker=741311
252,177,USD,CLT,MHT,"Manchester, United States",US,2026-08-30,0,https://www.aviasales.com/search/CLT3008MHT1?marker=741311
253,178,USD,DEN,TRC,"Torreon, Mexico",MX,2026-11-26,1,https://www.aviasales.com/search/DEN2611TRC1?marker=741311
254,179,USD,PHX,GCN,"Grand Canyon, United States",US,2026-08-31,0,https://www.aviasales.com/search/PHX3108GCN1?marker=741311
255,180,USD,JFK,SLU,"Castries, Saint Lucia",LC,2026-10-15,0,https://www.aviasales.com/search/JFK1510SLU1?marker=741311
256,181,USD,ORD,JAC,"Jackson, United States",US,2026-08-30,0,https://www.aviasales.com/search/ORD3008JAC1?marker=741311
257,181,USD,JFK,SAO,"Sao Paulo, Brazil",BR,2026-12-04,2,https://www.aviasales.com/search/JFK0412SAO1?marker=741311
258,181,USD,LAX,MXL,"Mexicali, Mexico",MX,2026-08-30,1,https://www.aviasales.com/search/LAX3008MXL1?marker=741311
259,182,USD,IAD,GPT,"Gulfport, United States",US,2026-08-29,1,https://www.aviasales.com/search/IAD2908GPT1?marker=741311
260,183,USD,DEN,HLN,"Helena, United States",US,2026-09-02,1,https://www.aviasales.com/search/DEN0209HLN1?marker=741311
261,183,USD,SEA,ALW,"Walla Walla, United States",US,2026-09-02,0,https://www.aviasales.com/search/SEA0209ALW1?marker=741311
262,184,USD,JFK,POP,"Puerto Plata, Dominican Republic",DO,2026-10-14,1,https://www.aviasales.com/search/JFK1410POP1?marker=741311
263,184,USD,PDX,LSE,"La Crosse, United States",US,2026-09-01,2,https://www.aviasales.com/search/PDX0109LSE1?marker=741311
264,185,USD,MIA,BOG,"Bogota, Colombia",CO,2026-10-14,1,https://www.aviasales.com/search/MIA1410BOG1?marker=741311
265,186,USD,PDX,HAV,"Havana, Cuba",CU,2026-09-15,2,https://www.aviasales.com/search/PDX1509HAV1?marker=741311
266,186,USD,LAX,SMX,"Santa Maria, United States",US,2026-09-05,1,https://www.aviasales.com/search/LAX0509SMX1?marker=741311
267,187,USD,DEN,LAR,"Laramie, United States",US,2026-09-02,0,https://www.aviasales.com/search/DEN0209LAR1?marker=741311
268,188,USD,ATL,SGF,"Springfield, United States",US,2026-09-02,1,https://www.aviasales.com/search/ATL0209SGF1?marker=741311
269,188,USD,ORD,COU,"Columbia, United States",US,2026-09-04,0,https://www.aviasales.com/search/ORD0409COU1?marker=741311
270,188,USD,ORD,PIA,"Peoria, United States",US,2026-09-01,0,https://www.aviasales.com/search/ORD0109PIA1?marker=741311
271,188,USD,ORD,GRB,"Green Bay, United States",US,2026-09-02,0,https://www.aviasales.com/search/ORD0209GRB1?marker=741311
272,188,USD,ORD,TVC,"Traverse City, United States",US,2026-09-01,0,https://www.aviasales.com/search/ORD0109TVC1?marker=741311
273,189,USD,JFK,LCA,"Larnaca, Cyprus",CY,2026-10-19,1,https://www.aviasales.com/search/JFK1910LCA1?marker=741311
274,189,USD,PHL,PGD,"Punta Gorda, United States",US,2026-11-08,2,https://www.aviasales.com/search/PHL0811PGD1?marker=741311
275,190,USD,MIA,KIN,"Kingston, Jamaica",JM,2027-02-09,0,https://www.aviasales.com/search/MIA0902KIN1?marker=741311
276,190,USD,LAX,LAP,"La Paz, Mexico",MX,2026-09-05,1,https://www.aviasales.com/search/LAX0509LAP1?marker=741311
277,190,USD,LAS,HMO,"Hermosillo, Mexico",MX,2026-09-02,1,https://www.aviasales.com/search/LAS0209HMO1?marker=741311
278,192,USD,FLL,CHA,"Chattanooga, United States",US,2026-08-30,2,https://www.aviasales.com/search/FLL3008CHA1?marker=741311
279,192,USD,JFK,VCE,"Venice, Italy",IT,2026-10-25,2,https://www.aviasales.com/search/JFK2510VCE1?marker=741311
280,193,USD,ORD,FWA,"Fort Wayne, United States",US,2026-08-31,0,https://www.aviasales.com/search/ORD3108FWA1?marker=741311
281,193,USD,SFO,ITO,"Hilo, United States",US,2026-10-28,2,https://www.aviasales.com/search/SFO2810ITO1?marker=741311
282,194,USD,ORD,AUW,"Wausau, United States",US,2026-08-29,0,https://www.aviasales.com/search/ORD2908AUW1?marker=741311
283,195,USD,SEA,CPH,"Copenhagen, Denmark",DK,2026-10-09,1,https://www.aviasales.com/search/SEA0910CPH1?marker=741311
284,195,USD,JFK,BRI,"Bari, Italy",IT,2026-10-13,1,https://www.aviasales.com/search/JFK1310BRI1?marker=741311
285,196,USD,ORD,FNT,"Flint, United States",US,2026-09-03,0,https://www.aviasales.com/search/ORD0309FNT1?marker=741311
286,196,USD,SEA,PUW,"Pullman, United States",US,2026-08-29,0,https://www.aviasales.com/search/SEA2908PUW1?marker=741311
287,196,USD,JFK,MAD,"Madrid, Spain",ES,2026-10-20,1,https://www.aviasales.com/search/JFK2010MAD1?marker=741311
288,196,USD,ORD,SPI,"Springfield, United States",US,2026-09-02,0,https://www.aviasales.com/search/ORD0209SPI1?marker=741311
289,197,USD,MIA,STT,"Saint Thomas, U.S. Virgin Islands",VI,2026-10-24,1,https://www.aviasales.com/search/MIA2410STT1?marker=741311
290,197,USD,PHX,MLI,"Moline, United States",US,2026-09-05,1,https://www.aviasales.com/search/PHX0509MLI1?marker=741311
291,199,USD,CLT,OAJ,"Jacksonville, United States",US,2026-09-02,0,https://www.aviasales.com/search/CLT0209OAJ1?marker=741311
292,199,USD,ORD,CMI,"Champaign, United States",US,2026-09-04,0,https://www.aviasales.com/search/ORD0409CMI1?marker=741311
293,200,USD,ORD,LNK,"Lincoln, United States",US,2026-09-01,1,https://www.aviasales.com/search/ORD0109LNK1?marker=741311
294,201,USD,DFW,CLL,"College Station, United States",US,2026-08-29,0,https://www.aviasales.com/search/DFW2908CLL1?marker=741311
295,201,USD,DFW,MLU,"Monroe, United States",US,2026-09-01,0,https://www.aviasales.com/search/DFW0109MLU1?marker=741311
296,202,USD,DFW,SWO,"Stillwater, United States",US,2026-08-30,0,https://www.aviasales.com/search/DFW3008SWO1?marker=741311
297,202,USD,ORD,EVV,"Evansville, United States",US,2026-09-01,0,https://www.aviasales.com/search/ORD0109EVV1?marker=741311
298,203,USD,ATL,LRD,"Laredo, United States",US,2026-12-21,1,https://www.aviasales.com/search/ATL2112LRD1?marker=741311
299,203,USD,DFW,AEX,"Alexandria, United States",US,2026-08-29,0,https://www.aviasales.com/search/DFW2908AEX1?marker=741311
300,203,USD,ORD,BMI,"Bloomington, United States",US,2026-09-01,0,https://www.aviasales.com/search/ORD0109BMI1?marker=741311
301,204,USD,LAX,MNL,"Manila, Philippines",PH,2026-11-25,2,https://www.aviasales.com/search/LAX2511MNL1?marker=741311
302,204,USD,MIA,GEO,"Georgetown, Guyana",GY,2026-09-03,0,https://www.aviasales.com/search/MIA0309GEO1?marker=741311
303,205,USD,ORD,ERI,"Erie, United States",US,2026-09-01,1,https://www.aviasales.com/search/ORD0109ERI1?marker=741311
304,205,USD,BOS,DUB,"Dublin, Ireland",IE,2026-09-16,1,https://www.aviasales.com/search/BOS1609DUB1?marker=741311
305,205,USD,MIA,XPL,"Comayagua, Honduras",HN,2026-09-12,2,https://www.aviasales.com/search/MIA1209XPL1?marker=741311
306,205,USD,JFK,JMK,"Mikonos, Greece",GR,2026-10-19,1,https://www.aviasales.com/search/JFK1910JMK1?marker=741311
307,205,USD,MCO,SSA,"Salvador, Brazil",BR,2026-09-26,1,https://www.aviasales.com/search/MCO2609SSA1?marker=741311
308,206,USD,JFK,PAR,"Paris, France",FR,2026-10-15,1,https://www.aviasales.com/search/JFK1510PAR1?marker=741311
309,206,USD,ORD,MHK,"Manhattan, United States",US,2026-08-29,0,https://www.aviasales.com/search/ORD2908MHK1?marker=741311
310,206,USD,AUS,HOG,"Holguin, Cuba",CU,2026-09-06,1,https://www.aviasales.com/search/AUS0609HOG1?marker=741311
311,206,USD,SAN,HRL,"Harlingen, United States",US,2026-09-02,1,https://www.aviasales.com/search/SAN0209HRL1?marker=741311
312,207,USD,ATL,FLO,"Florence, United States",US,2026-08-26,1,https://www.aviasales.com/search/ATL2608FLO1?marker=741311
313,207,USD,DFW,SHV,"Shreveport, United States",US,2026-09-01,0,https://www.aviasales.com/search/DFW0109SHV1?marker=741311
314,207,USD,ORD,LAN,"Lansing, United States",US,2026-08-31,0,https://www.aviasales.com/search/ORD3108LAN1?marker=741311
315,207,USD,DFW,BTR,"Baton Rouge, United States",US,2026-09-01,0,https://www.aviasales.com/search/DFW0109BTR1?marker=741311
316,207,USD,LAX,ECP,"Panama City, United States",US,2026-09-05,1,https://www.aviasales.com/search/LAX0509ECP1?marker=741311
317,207,USD,LAS,SCK,"Stockton, United States",US,2026-09-06,0,https://www.aviasales.com/search/LAS0609SCK1?marker=741311
318,208,USD,JFK,FRA,"Frankfurt, Germany",DE,2026-10-25,1,https://www.aviasales.com/search/JFK2510FRA1?marker=741311
319,208,USD,BOS,CLO,"Cali, Colombia",CO,2026-11-26,2,https://www.aviasales.com/search/BOS2611CLO1?marker=741311
320,208,USD,SEA,PBC,"Puebla, Mexico",MX,2026-10-03,2,https://www.aviasales.com/search/SEA0310PBC1?marker=741311
321,208,USD,AUS,BIS,"Bismarck, United States",US,2026-09-07,1,https://www.aviasales.com/search/AUS0709BIS1?marker=741311
322,210,USD,JFK,VIX,"Vitoria, Brazil",BR,2026-09-12,2,https://www.aviasales.com/search/JFK1209VIX1?marker=741311
323,211,USD,LAX,TQO,"Tulum, Mexico",MX,2026-09-18,2,https://www.aviasales.com/search/LAX1809TQO1?marker=741311
324,214,USD,CLT,AGS,"Augusta, United States",US,2026-08-31,0,https://www.aviasales.com/search/CLT3108AGS1?marker=741311
325,215,USD,JFK,POS,"Port Of Spain, Trinidad and Tobago",TT,2026-10-23,0,https://www.aviasales.com/search/JFK2310POS1?marker=741311
326,216,USD,IAD,PEI,"Pereira, Colombia",CO,2026-10-07,1,https://www.aviasales.com/search/IAD0710PEI1?marker=741311
327,216,USD,FLL,VRB,"Vero Beach, United States",US,2026-09-05,1,https://www.aviasales.com/search/FLL0509VRB1?marker=741311
328,216,USD,JFK,MVY,"Martha's Vineyard, United States",US,2026-08-30,0,https://www.aviasales.com/search/JFK3008MVY1?marker=741311
329,218,USD,RDU,USA,"Concord, United States",US,2026-09-03,1,https://www.aviasales.com/search/RDU0309USA1?marker=741311
330,219,USD,JFK,MIL,"Milan, Italy",IT,2026-10-12,1,https://www.aviasales.com/search/JFK1210MIL1?marker=741311
331,219,USD,JFK,BFD,"Bradford, United States",US,2026-09-04,1,https://www.aviasales.com/search/JFK0409BFD1?marker=741311
332,220,USD,MIA,GRI,"Grand Island, United States",US,2026-09-15,3,https://www.aviasales.com/search/MIA1509GRI1?marker=741311
333,220,USD,JFK,ANU,"Saint John's, Antigua and Barbuda",AG,2026-09-05,0,https://www.aviasales.com/search/JFK0509ANU1?marker=741311
334,221,USD,ORD,BLV,"Belleville, United States",US,2026-09-02,1,https://www.aviasales.com/search/ORD0209BLV1?marker=741311
335,222,USD,JFK,EVN,"Yerevan, Armenia",AM,2026-10-20,1,https://www.aviasales.com/search/JFK2010EVN1?marker=741311
336,222,USD,MCO,PTY,"Panama City, Panama",PA,2026-09-03,1,https://www.aviasales.com/search/MCO0309PTY1?marker=741311
337,223,USD,IAD,ITH,"Ithaca, United States",US,2026-09-05,0,https://www.aviasales.com/search/IAD0509ITH1?marker=741311
338,224,USD,JFK,RZE,"Rzeszow, Poland",PL,2026-10-04,1,https://www.aviasales.com/search/JFK0410RZE1?marker=741311
339,225,USD,DEN,DRO,"Durango, United States",US,2026-08-31,0,https://www.aviasales.com/search/DEN3108DRO1?marker=741311
340,226,USD,JFK,PSE,"Ponce, Puerto Rico",PR,2026-09-01,1,https://www.aviasales.com/search/JFK0109PSE1?marker=741311
341,228,USD,JFK,BER,"Berlin, Germany",DE,2026-10-14,2,https://www.aviasales.com/search/JFK1410BER1?marker=741311
342,228,USD,LAX,SUN,"Sun Valley, United States",US,2027-01-21,1,https://www.aviasales.com/search/LAX2101SUN1?marker=741311
343,229,USD,ORD,PLN,"Pellston, United States",US,2026-09-02,0,https://www.aviasales.com/search/ORD0209PLN1?marker=741311
344,229,USD,DEN,PIR,"Pierre, United States",US,2026-08-30,0,https://www.aviasales.com/search/DEN3008PIR1?marker=741311
345,229,USD,DEN,JLN,"Joplin, United States",US,2026-08-30,0,https://www.aviasales.com/search/DEN3008JLN1?marker=741311
346,230,USD,PDX,BKK,"Bangkok, Thailand",TH,2026-09-02,1,https://www.aviasales.com/search/PDX0209BKK1?marker=741311
347,230,USD,JFK,SPU,"Split, Croatia",HR,2026-09-19,1,https://www.aviasales.com/search/JFK1909SPU1?marker=741311
348,231,USD,JFK,SLK,"Saranac Lake, United States",US,2026-08-30,0,https://www.aviasales.com/search/JFK3008SLK1?marker=741311
349,232,USD,JFK,WAW,"Warsaw, Poland",PL,2026-10-23,1,https://www.aviasales.com/search/JFK2310WAW1?marker=741311
350,232,USD,DFW,BZE,"Belize City, Belize",BZ,2026-10-24,1,https://www.aviasales.com/search/DFW2410BZE1?marker=741311
351,234,USD,LAX,PRC,"Prescott, United States",US,2026-08-30,0,https://www.aviasales.com/search/LAX3008PRC1?marker=741311
352,234,USD,PDX,YXX,"Abbotsford, Canada",CA,2026-09-03,2,https://www.aviasales.com/search/PDX0309YXX1?marker=741311
353,236,USD,BOS,TIA,"Tirana, Albania",AL,2026-08-27,2,https://www.aviasales.com/search/BOS2708TIA1?marker=741311
354,236,USD,JFK,DUJ,"Du Bois, United States",US,2026-09-01,2,https://www.aviasales.com/search/JFK0109DUJ1?marker=741311
355,236,USD,MCO,HGR,"Hagerstown, United States",US,2026-08-29,2,https://www.aviasales.com/search/MCO2908HGR1?marker=741311
356,237,USD,IAD,DAY,"Dayton, United States",US,2026-08-30,0,https://www.aviasales.com/search/IAD3008DAY1?marker=741311
357,237,USD,SFO,HAN,"Hanoi, Vietnam",VN,2026-08-29,1,https://www.aviasales.com/search/SFO2908HAN1?marker=741311
358,237,USD,JFK,KRK,"Krakow, Poland",PL,2026-10-09,1,https://www.aviasales.com/search/JFK0910KRK1?marker=741311
359,238,USD,JFK,PRG,"Prague, Czech Republic",CZ,2026-10-19,1,https://www.aviasales.com/search/JFK1910PRG1?marker=741311
360,238,USD,IAD,ORH,"Worcester, United States",US,2026-09-04,2,https://www.aviasales.com/search/IAD0409ORH1?marker=741311
361,239,USD,BNA,CHO,"Charlottesville, United States",US,2026-08-27,1,https://www.aviasales.com/search/BNA2708CHO1?marker=741311
362,239,USD,JFK,GDN,"Gdansk, Poland",PL,2026-10-19,1,https://www.aviasales.com/search/JFK1910GDN1?marker=741311
363,239,USD,SFO,TPE,"Taipei, Taiwan",TW,2026-09-24,1,https://www.aviasales.com/search/SFO2409TPE1?marker=741311
364,240,USD,MIA,MGA,"Managua, Nicaragua",NI,2027-01-05,0,https://www.aviasales.com/search/MIA0501MGA1?marker=741311
365,240,USD,SLC,SGU,"Saint George, United States",US,2026-08-31,1,https://www.aviasales.com/search/SLC3108SGU1?marker=741311
366,241,USD,JFK,BUD,"Budapest, Hungary",HU,2026-09-19,1,https://www.aviasales.com/search/JFK1909BUD1?marker=741311
367,241,USD,JFK,TLL,"Tallinn, Estonia",EE,2026-10-03,1,https://www.aviasales.com/search/JFK0310TLL1?marker=741311
368,241,USD,MSP,BFF,"Scottsbluff, United States",US,2026-08-31,1,https://www.aviasales.com/search/MSP3108BFF1?marker=741311
369,241,USD,DEN,TEX,"Telluride, United States",US,2026-08-31,0,https://www.aviasales.com/search/DEN3108TEX1?marker=741311
370,242,USD,BOS,OSL,"Oslo, Norway",NO,2026-10-31,1,https://www.aviasales.com/search/BOS3110OSL1?marker=741311
371,243,USD,JFK,VNO,"Vilnius, Lithuania",LT,2026-10-03,1,https://www.aviasales.com/search/JFK0310VNO1?marker=741311
372,243,USD,JFK,EDI,"Edinburgh, United Kingdom",GB,2026-10-05,1,https://www.aviasales.com/search/JFK0510EDI1?marker=741311
373,243,USD,BOS,BCN,"Barcelona, Spain",ES,2026-10-28,1,https://www.aviasales.com/search/BOS2810BCN1?marker=741311
374,243,USD,IAD,BKW,"Beckley, United States",US,2026-08-31,2,https://www.aviasales.com/search/IAD3108BKW1?marker=741311
375,244,USD,FLL,OGL,"Georgetown, Guyana",GY,2026-09-07,2,https://www.aviasales.com/search/FLL0709OGL1?marker=741311
376,244,USD,JFK,KSC,"Kosice, Slovakia",SK,2026-09-27,1,https://www.aviasales.com/search/JFK2709KSC1?marker=741311
377,246,USD,MIA,MLB,"Melbourne, United States",US,2026-08-29,2,https://www.aviasales.com/search/MIA2908MLB1?marker=741311
378,246,USD,ORD,TOL,"Toledo, United States",US,2026-08-31,1,https://www.aviasales.com/search/ORD3108TOL1?marker=741311
379,248,USD,ATL,MOB,"Mobile, United States",US,2026-09-22,1,https://www.aviasales.com/search/ATL2209MOB1?marker=741311
380,248,USD,MCO,SMR,"Santa Marta, Colombia",CO,2027-01-16,1,https://www.aviasales.com/search/MCO1601SMR1?marker=741311
381,249,USD,IAD,RAP,"Rapid City, United States",US,2026-09-02,1,https://www.aviasales.com/search/IAD0209RAP1?marker=741311
382,249,USD,PHL,EWN,"New Bern, United States",US,2026-08-31,1,https://www.aviasales.com/search/PHL3108EWN1?marker=741311
383,250,USD,RDU,MUC,"Munich, Germany",DE,2026-10-23,1,https://www.aviasales.com/search/RDU2310MUC1?marker=741311
384,250,USD,SEA,ACA,"Acapulco, Mexico",MX,2026-10-10,3,https://www.aviasales.com/search/SEA1010ACA1?marker=741311
385,251,USD,JFK,MBL,"Manistee, United States",US,2026-09-01,1,https://www.aviasales.com/search/JFK0109MBL1?marker=741311
386,252,USD,MIA,BUE,"Buenos Aires, Argentina",AR,2026-09-04,1,https://www.aviasales.com/search/MIA0409BUE1?marker=741311
387,252,USD,JFK,FRS,"Flores, Guatemala",GT,2026-10-03,1,https://www.aviasales.com/search/JFK0310FRS1?marker=741311
388,252,USD,JFK,REU,"Reus, Spain",ES,2026-10-04,1,https://www.aviasales.com/search/JFK0410REU1?marker=741311
389,255,USD,JFK,PMI,"Palma, Spain",ES,2026-09-21,1,https://www.aviasales.com/search/JFK2109PMI1?marker=741311
390,255,USD,JFK,AUG,"Augusta, United States",US,2026-09-01,1,https://www.aviasales.com/search/JFK0109AUG1?marker=741311
391,256,USD,JFK,BEG,"Belgrade, Serbia",RS,2026-10-23,1,https://www.aviasales.com/search/JFK2310BEG1?marker=741311
392,256,USD,JFK,OLB,"Olbia, Italy",IT,2026-10-13,1,https://www.aviasales.com/search/JFK1310OLB1?marker=741311
393,256,USD,JFK,OWB,"Owensboro, United States",US,2026-09-05,1,https://www.aviasales.com/search/JFK0509OWB1?marker=741311
394,257,USD,ORD,SUX,"Sioux City, United States",US,2026-08-30,0,https://www.aviasales.com/search/ORD3008SUX1?marker=741311
395,257,USD,DEN,AGU,"Aguascalientes, Mexico",MX,2026-08-30,1,https://www.aviasales.com/search/DEN3008AGU1?marker=741311
396,258,USD,JFK,VIE,"Vienna, Austria",AT,2026-09-29,1,https://www.aviasales.com/search/JFK2909VIE1?marker=741311
397,259,USD,JFK,KUT,"Kutaisi, Georgia",GE,2026-10-15,1,https://www.aviasales.com/search/JFK1510KUT1?marker=741311
398,259,USD,JFK,ILG,"Wilmington, United States",US,2026-09-02,2,https://www.aviasales.com/search/JFK0209ILG1?marker=741311
399,260,USD,IAD,HKG,"Hong Kong, Hong Kong",HK,2026-10-23,1,https://www.aviasales.com/search/IAD2310HKG1?marker=741311
400,260,USD,JFK,LIS,"Lisbon, Portugal",PT,2026-10-16,1,https://www.aviasales.com/search/JFK1610LIS1?marker=741311
401,260,USD,DCA,GND,"St. George's, Grenada",GD,2026-09-17,1,https://www.aviasales.com/search/DCA1709GND1?marker=741311
402,261,USD,JFK,TGD,"Podgorica, Montenegro",ME,2026-10-03,1,https://www.aviasales.com/search/JFK0310TGD1?marker=741311
403,261,USD,JFK,CFU,"Kerkyra, Greece",GR,2026-10-06,1,https://www.aviasales.com/search/JFK0610CFU1?marker=741311
404,264,USD,MCO,RIO,"Rio de Janeiro, Brazil",BR,2026-11-20,1,https://www.aviasales.com/search/MCO2011RIO1?marker=741311
405,264,USD,JFK,AMS,"Amsterdam, Netherlands",NL,2026-10-19,2,https://www.aviasales.com/search/JFK1910AMS1?marker=741311
406,264,USD,JFK,AYT,"Antalya, Turkiye",TR,2026-10-03,1,https://www.aviasales.com/search/JFK0310AYT1?marker=741311
407,264,USD,JFK,BAQ,"Barranquilla, Colombia",CO,2026-10-02,1,https://www.aviasales.com/search/JFK0210BAQ1?marker=741311
408,265,USD,JFK,IST,"Istanbul, Turkiye",TR,2026-10-19,2,https://www.aviasales.com/search/JFK1910IST1?marker=741311
409,265,USD,JFK,ZRH,"Zurich, Switzerland",CH,2026-08-26,1,https://www.aviasales.com/search/JFK2608ZRH1?marker=741311
410,267,USD,MIA,SCL,"Santiago, Chile",CL,2026-11-04,1,https://www.aviasales.com/search/MIA0411SCL1?marker=741311
411,267,USD,SEA,SHA,"Shanghai, China",CN,2026-10-29,1,https://www.aviasales.com/search/SEA2910SHA1?marker=741311
412,268,USD,JFK,BTS,"Bratislava, Slovakia",SK,2026-09-27,1,https://www.aviasales.com/search/JFK2709BTS1?marker=741311
413,269,USD,MSP,SSM,"Sault Ste. Marie, United States",US,2026-09-02,1,https://www.aviasales.com/search/MSP0209SSM1?marker=741311
414,271,USD,DCA,HGH,"Hangzhou, China",CN,2026-10-26,2,https://www.aviasales.com/search/DCA2610HGH1?marker=741311
415,271,USD,DFW,WYS,"West Yellowstone, United States",US,2026-09-29,1,https://www.aviasales.com/search/DFW2909WYS1?marker=741311
416,271,USD,MIA,CAP,"Cap Haitien, Haiti",HT,2026-08-27,0,https://www.aviasales.com/search/MIA2708CAP1?marker=741311
417,271,USD,ORD,MZT,"Mazatlan, Mexico",MX,2026-12-25,1,https://www.aviasales.com/search/ORD2512MZT1?marker=741311
418,272,USD,MCO,BRU,"Brussels, Belgium",BE,2026-10-01,1,https://www.aviasales.com/search/MCO0110BRU1?marker=741311
419,272,USD,JFK,RMO,"Chisinau, Moldova",MD,2026-09-21,2,https://www.aviasales.com/search/JFK2109RMO1?marker=741311
420,272,USD,FLL,PBG,"Plattsburgh, United States",US,2026-09-01,1,https://www.aviasales.com/search/FLL0109PBG1?marker=741311
421,273,USD,SLC,FOC,"Fuzhou, China",CN,2026-09-15,2,https://www.aviasales.com/search/SLC1509FOC1?marker=741311
422,273,USD,ORD,NAP,"Naples, Italy",IT,2026-10-06,1,https://www.aviasales.com/search/ORD0610NAP1?marker=741311
423,273,USD,ORD,YKF,"Kitchener, Canada",CA,2026-09-01,1,https://www.aviasales.com/search/ORD0109YKF1?marker=741311
424,273,USD,LAS,JNU,"Juneau, United States",US,2026-09-12,3,https://www.aviasales.com/search/LAS1209JNU1?marker=741311
425,274,USD,JFK,TIV,"Tivat, Montenegro",ME,2026-10-15,2,https://www.aviasales.com/search/JFK1510TIV1?marker=741311
426,274,USD,MIA,MDZ,"Mendoza, Argentina",AR,2026-09-11,1,https://www.aviasales.com/search/MIA1109MDZ1?marker=741311
427,274,USD,JFK,SOF,"Sofia, Bulgaria",BG,2026-10-06,1,https://www.aviasales.com/search/JFK0610SOF1?marker=741311
428,274,USD,IAH,MOT,"Minot, United States",US,2026-08-30,2,https://www.aviasales.com/search/IAH3008MOT1?marker=741311
429,274,USD,SLC,TWF,"Twin Falls, United States",US,2026-08-30,2,https://www.aviasales.com/search/SLC3008TWF1?marker=741311
430,275,USD,JFK,TBS,"Tbilisi, Georgia",GE,2026-10-16,1,https://www.aviasales.com/search/JFK1610TBS1?marker=741311
431,275,USD,MIA,CUZ,"Cusco, Peru",PE,2026-08-30,1,https://www.aviasales.com/search/MIA3008CUZ1?marker=741311
432,275,USD,SAN,MAF,"Midland, United States",US,2026-08-28,2,https://www.aviasales.com/search/SAN2808MAF1?marker=741311
433,276,USD,JFK,ALC,"Alicante, Spain",ES,2026-09-08,1,https://www.aviasales.com/search/JFK0809ALC1?marker=741311
434,278,USD,JFK,RIX,"Riga, Latvia",LV,2026-09-08,1,https://www.aviasales.com/search/JFK0809RIX1?marker=741311
435,278,USD,DFW,CZM,"Cozumel, Mexico",MX,2026-08-26,1,https://www.aviasales.com/search/DFW2608CZM1?marker=741311
436,280,USD,FLL,ELH,"North Eleuthera, Bahamas",BS,2026-10-22,2,https://www.aviasales.com/search/FLL2210ELH1?marker=741311
437,281,USD,JFK,DXB,"Dubai, United Arab Emirates",AE,2026-09-30,1,https://www.aviasales.com/search/JFK3009DXB1?marker=741311
438,281,USD,JFK,IRK,"Kirksville, United States",US,2026-08-31,1,https://www.aviasales.com/search/JFK3108IRK1?marker=741311
439,281,USD,JFK,BOD,"Bordeaux, France",FR,2026-09-24,1,https://www.aviasales.com/search/JFK2409BOD1?marker=741311
440,282,USD,SFO,SKG,"Thessaloniki, Greece",GR,2026-08-30,1,https://www.aviasales.com/search/SFO3008SKG1?marker=741311
441,283,USD,IAD,JED,"Jeddah, Saudi Arabia",SA,2026-11-15,1,https://www.aviasales.com/search/IAD1511JED1?marker=741311
442,283,USD,JFK,DOM,"Dominica, Dominica",DM,2026-09-23,2,https://www.aviasales.com/search/JFK2309DOM1?marker=741311
443,283,USD,JFK,GVA,"Geneva, Switzerland",CH,2026-09-20,2,https://www.aviasales.com/search/JFK2009GVA1?marker=741311
444,285,USD,PHL,BHB,"Bar Harbor, United States",US,2026-08-30,1,https://www.aviasales.com/search/PHL3008BHB1?marker=741311
445,285,USD,JFK,BAK,"Baku, Azerbaijan",AZ,2026-10-24,1,https://www.aviasales.com/search/JFK2410BAK1?marker=741311
446,285,USD,JFK,ISB,"Islamabad, Pakistan",PK,2026-09-24,1,https://www.aviasales.com/search/JFK2409ISB1?marker=741311
447,286,USD,PHX,CVM,"Ciudad Victoria, Mexico",MX,2026-09-01,2,https://www.aviasales.com/search/PHX0109CVM1?marker=741311
448,287,USD,FLL,HTS,"Huntington, United States",US,2026-09-04,1,https://www.aviasales.com/search/FLL0409HTS1?marker=741311
449,288,USD,JFK,STO,"Stockholm, Sweden",SE,2026-09-19,1,https://www.aviasales.com/search/JFK1909STO1?marker=741311
450,288,USD,LAS,PDT,"Pendleton, United States",US,2026-08-31,2,https://www.aviasales.com/search/LAS3108PDT1?marker=741311
451,288,USD,MSP,RHI,"Rhinelander, United States",US,2026-08-28,1,https://www.aviasales.com/search/MSP2808RHI1?marker=741311
452,290,USD,JFK,SRZ,"Santa Cruz, Bolivia",BO,2026-10-21,1,https://www.aviasales.com/search/JFK2110SRZ1?marker=741311
453,291,USD,PHL,DUS,"Dusseldorf, Germany",DE,2026-10-19,2,https://www.aviasales.com/search/PHL1910DUS1?marker=741311
454,291,USD,ORD,NVA,"Neiva, Colombia",CO,2026-11-18,2,https://www.aviasales.com/search/ORD1811NVA1?marker=741311
455,293,USD,DFW,JBR,"Jonesboro, United States",US,2026-09-02,2,https://www.aviasales.com/search/DFW0209JBR1?marker=741311
456,294,USD,DTW,AIA,"Alliance, United States",US,2026-09-01,2,https://www.aviasales.com/search/DTW0109AIA1?marker=741311
457,295,USD,PHL,PKB,"Parkersburg, United States",US,2026-09-03,1,https://www.aviasales.com/search/PHL0309PKB1?marker=741311
458,296,USD,ATL,FAY,"Fayetteville, United States",US,2026-09-02,2,https://www.aviasales.com/search/ATL0209FAY1?marker=741311
459,296,USD,IAH,CME,"Ciudad Del Carmen, Mexico",MX,2026-08-31,1,https://www.aviasales.com/search/IAH3108CME1?marker=741311
460,298,USD,JFK,DEL,"New Delhi, India",IN,2026-09-11,1,https://www.aviasales.com/search/JFK1109DEL1?marker=741311
461,298,USD,BOS,MRS,"Marseille, France",FR,2026-10-16,2,https://www.aviasales.com/search/BOS1610MRS1?marker=741311
462,299,USD,SLC,BTM,"Butte, United States",US,2026-09-03,1,https://www.aviasales.com/search/SLC0309BTM1?marker=741311
463,299,USD,IAH,SLN,"Salina, United States",US,2026-08-31,0,https://www.aviasales.com/search/IAH3108SLN1?marker=741311
464,301,USD,JFK,NCE,"Nice, France",FR,2026-09-14,1,https://www.aviasales.com/search/JFK1409NCE1?marker=741311
465,302,USD,LAX,BIH,"Bishop, United States",US,2026-09-10,1,https://www.aviasales.com/search/LAX1009BIH1?marker=741311
466,302,USD,LAX,CVN,"Clovis, United States",US,2026-09-05,1,https://www.aviasales.com/search/LAX0509CVN1?marker=741311
467,303,USD,JFK,SSH,"Sharm el Sheikh, Egypt",EG,2026-10-11,1,https://www.aviasales.com/search/JFK1110SSH1?marker=741311
468,304,USD,LAX,SIN,"Singapore, Singapore",SG,2026-10-26,1,https://www.aviasales.com/search/LAX2610SIN1?marker=741311
469,305,USD,MIA,BUH,"Bucharest, Romania",RO,2026-11-13,2,https://www.aviasales.com/search/MIA1311BUH1?marker=741311
470,305,USD,JFK,POA,"Porto Alegre, Brazil",BR,2026-09-25,2,https://www.aviasales.com/search/JFK2509POA1?marker=741311
471,306,USD,SFO,MAN,"Manchester, United Kingdom",GB,2026-09-21,2,https://www.aviasales.com/search/SFO2109MAN1?marker=741311
472,306,USD,SEA,UBS,"Columbus, United States",US,2026-10-15,1,https://www.aviasales.com/search/SEA1510UBS1?marker=741311
473,307,USD,IAD,SNN,"Shannon, Ireland",IE,2026-10-24,2,https://www.aviasales.com/search/IAD2410SNN1?marker=741311
474,308,USD,BNA,YYG,"Charlottetown, Canada",CA,2026-08-30,1,https://www.aviasales.com/search/BNA3008YYG1?marker=741311
475,310,USD,LAS,LRM,"La Romana, Dominican Republic",DO,2026-11-01,2,https://www.aviasales.com/search/LAS0111LRM1?marker=741311
476,311,USD,FLL,AGP,"Malaga, Spain",ES,2026-09-19,2,https://www.aviasales.com/search/FLL1909AGP1?marker=741311
477,311,USD,JFK,MLA,"Malta, Malta",MT,2026-11-28,2,https://www.aviasales.com/search/JFK2811MLA1?marker=741311
478,311,USD,JFK,BHX,"Birmingham, United Kingdom",GB,2026-09-06,2,https://www.aviasales.com/search/JFK0609BHX1?marker=741311
479,313,USD,JFK,OPO,"Porto, Portugal",PT,2026-09-20,1,https://www.aviasales.com/search/JFK2009OPO1?marker=741311
480,314,USD,MIA,MEC,"Manta, Ecuador",EC,2026-08-26,1,https://www.aviasales.com/search/MIA2608MEC1?marker=741311
481,316,USD,LAX,TYO,"Tokyo, Japan",JP,2026-09-01,0,https://www.aviasales.com/search/LAX0109TYO1?marker=741311
482,316,USD,JFK,REK,"Reykjavik, Iceland",IS,2026-10-01,0,https://www.aviasales.com/search/JFK0110REK1?marker=741311
483,316,USD,JFK,ANK,"Ankara, Turkiye",TR,2026-09-29,2,https://www.aviasales.com/search/JFK2909ANK1?marker=741311
484,316,USD,JFK,HAM,"Hamburg, Germany",DE,2026-09-26,1,https://www.aviasales.com/search/JFK2609HAM1?marker=741311
485,319,USD,SEA,BLQ,"Bologna, Italy",IT,2026-09-10,2,https://www.aviasales.com/search/SEA1009BLQ1?marker=741311
486,319,USD,JFK,LAL,"Lakeland, United States",US,2026-10-01,2,https://www.aviasales.com/search/JFK0110LAL1?marker=741311
487,320,USD,LAX,AKL,"Auckland, New Zealand",NZ,2026-08-27,1,https://www.aviasales.com/search/LAX2708AKL1?marker=741311
488,322,USD,JFK,BSZ,"Bishkek, Kyrgyzstan",KG,2026-10-19,2,https://www.aviasales.com/search/JFK1910BSZ1?marker=741311
489,323,USD,LAX,CTU,"Chengdu, China",CN,2026-08-31,1,https://www.aviasales.com/search/LAX3108CTU1?marker=741311
490,324,USD,SFO,SEL,"Seoul, South Korea",KR,2026-09-05,0,https://www.aviasales.com/search/SFO0509SEL1?marker=741311
491,324,USD,LAX,BPT,"Beaumont, United States",US,2026-09-01,1,https://www.aviasales.com/search/LAX0109BPT1?marker=741311
492,325,USD,DEN,HEL,"Helsinki, Finland",FI,2026-10-21,2,https://www.aviasales.com/search/DEN2110HEL1?marker=741311
493,326,USD,JFK,CTA,"Catania, Italy",IT,2026-09-13,1,https://www.aviasales.com/search/JFK1309CTA1?marker=741311
494,327,USD,CLT,CUR,"Curacao, Curaçao",CW,2026-09-21,2,https://www.aviasales.com/search/CLT2109CUR1?marker=741311
495,328,USD,ATL,CUC,"Cucuta, Colombia",CO,2026-12-14,3,https://www.aviasales.com/search/ATL1412CUC1?marker=741311
496,328,USD,JFK,CAI,"Cairo, Egypt",EG,2026-09-29,1,https://www.aviasales.com/search/JFK2909CAI1?marker=741311
497,328,USD,MIA,CMN,"Casablanca, Morocco",MA,2026-11-03,2,https://www.aviasales.com/search/MIA0311CMN1?marker=741311
498,328,USD,BOS,VLC,"Valencia, Spain",ES,2026-10-29,2,https://www.aviasales.com/search/BOS2910VLC1?marker=741311
499,328,USD,JFK,PMO,"Palermo, Italy",IT,2026-09-13,1,https://www.aviasales.com/search/JFK1309PMO1?marker=741311
500,328,USD,PHL,AOO,"Altoona, United States",US,2026-08-29,1,https://www.aviasales.com/search/PHL2908AOO1?marker=741311
501,329,USD,BOS,ADD,"Addis Ababa, Ethiopia",ET,2026-08-28,1,https://www.aviasales.com/search/BOS2808ADD1?marker=741311
502,329,USD,JFK,ZIH,"Ixtapa, Mexico",MX,2026-08-31,2,https://www.aviasales.com/search/JFK3108ZIH1?marker=741311
503,329,USD,SEA,YCD,"Nanaimo, Canada",CA,2026-08-31,3,https://www.aviasales.com/search/SEA3108YCD1?marker=741311
504,330,USD,JFK,KHI,"Karachi, Pakistan",PK,2026-09-01,1,https://www.aviasales.com/search/JFK0109KHI1?marker=741311
505,330,USD,LAX,NCL,"Newcastle, United Kingdom",GB,2026-12-01,1,https://www.aviasales.com/search/LAX0112NCL1?marker=741311
506,331,USD,JFK,BOM,"Mumbai, India",IN,2026-09-15,1,https://www.aviasales.com/search/JFK1509BOM1?marker=741311
507,332,USD,JFK,GLA,"Glasgow, United Kingdom",GB,2026-11-19,1,https://www.aviasales.com/search/JFK1911GLA1?marker=741311
508,332,USD,LAS,CEZ,"Cortez, United States",US,2026-09-01,2,https://www.aviasales.com/search/LAS0109CEZ1?marker=741311
509,332,USD,DTW,FLR,"Florence, Italy",IT,2026-10-11,2,https://www.aviasales.com/search/DTW1110FLR1?marker=741311
510,333,USD,DFW,NBO,"Nairobi, Kenya",KE,2027-01-15,2,https://www.aviasales.com/search/DFW1501NBO1?marker=741311
511,333,USD,SEA,GDV,"Glendive, United States",US,2026-09-01,2,https://www.aviasales.com/search/SEA0109GDV1?marker=741311
512,334,USD,IAD,NTE,"Nantes, France",FR,2026-11-05,3,https://www.aviasales.com/search/IAD0511NTE1?marker=741311
513,334,USD,MCO,PVH,"Porto Velho, Brazil",BR,2026-08-31,2,https://www.aviasales.com/search/MCO3108PVH1?marker=741311
514,336,USD,DFW,PTP,"Pointe-a-pitre, Guadeloupe",GP,2026-12-05,2,https://www.aviasales.com/search/DFW0512PTP1?marker=741311
515,336,USD,DEN,CGI,"Cape Girardeau, United States",US,2026-09-02,1,https://www.aviasales.com/search/DEN0209CGI1?marker=741311
516,337,USD,MIA,FLN,"Florianopolis, Brazil",BR,2026-09-30,2,https://www.aviasales.com/search/MIA3009FLN1?marker=741311
517,337,USD,JFK,POZ,"Poznan, Poland",PL,2026-09-14,1,https://www.aviasales.com/search/JFK1409POZ1?marker=741311
518,338,USD,RDU,HHH,"Hilton Head, United States",US,2026-09-04,1,https://www.aviasales.com/search/RDU0409HHH1?marker=741311
519,338,USD,JFK,LPA,"Las Palmas, Spain",ES,2026-09-11,1,https://www.aviasales.com/search/JFK1109LPA1?marker=741311
520,340,USD,BNA,ZLO,"Manzanillo, Mexico",MX,2026-09-06,3,https://www.aviasales.com/search/BNA0609ZLO1?marker=741311
521,341,USD,IAD,VRN,"Verona, Italy",IT,2026-10-16,3,https://www.aviasales.com/search/IAD1610VRN1?marker=741311
522,341,USD,BOS,PDL,"Ponta Delgada, Portugal",PT,2026-09-07,1,https://www.aviasales.com/search/BOS0709PDL1?marker=741311
523,341,USD,TPA,MSL,"Muscle Shoals, United States",US,2026-08-30,2,https://www.aviasales.com/search/TPA3008MSL1?marker=741311
524,341,USD,SEA,YKA,"Kamloops, Canada",CA,2026-09-02,2,https://www.aviasales.com/search/SEA0209YKA1?marker=741311
525,342,USD,LAX,SGN,"Ho Chi Minh City, Vietnam",VN,2026-10-25,1,https://www.aviasales.com/search/LAX2510SGN1?marker=741311
526,342,USD,JFK,FNC,"Funchal, Portugal",PT,2026-09-07,1,https://www.aviasales.com/search/JFK0709FNC1?marker=741311
527,342,USD,LAS,WRO,"Wroclaw, Poland",PL,2026-09-29,3,https://www.aviasales.com/search/LAS2909WRO1?marker=741311
528,343,USD,JFK,TUN,"Tunis, Tunisia",TN,2026-09-26,1,https://www.aviasales.com/search/JFK2609TUN1?marker=741311
529,343,USD,MIA,FOR,"Fortaleza, Brazil",BR,2026-10-05,2,https://www.aviasales.com/search/MIA0510FOR1?marker=741311
530,343,USD,JFK,HAJ,"Hannover, Germany",DE,2027-02-03,1,https://www.aviasales.com/search/JFK0302HAJ1?marker=741311
531,344,USD,ORD,DPS,"Denpasar (Bali), Indonesia",ID,2026-09-07,1,https://www.aviasales.com/search/ORD0709DPS1?marker=741311
532,344,USD,JFK,BSB,"Brasilia, Brazil",BR,2026-10-24,2,https://www.aviasales.com/search/JFK2410BSB1?marker=741311
533,344,USD,SLC,CEC,"Crescent City, United States",US,2026-08-30,2,https://www.aviasales.com/search/SLC3008CEC1?marker=741311
534,345,USD,MCO,PHF,"Newport News, United States",US,2026-09-05,1,https://www.aviasales.com/search/MCO0509PHF1?marker=741311
535,345,USD,BOS,GRO,"Girona, Spain",ES,2026-10-28,2,https://www.aviasales.com/search/BOS2810GRO1?marker=741311
536,345,USD,PHL,KTW,"Katowice, Poland",PL,2026-10-10,2,https://www.aviasales.com/search/PHL1010KTW1?marker=741311
537,346,USD,ATL,MGM,"Montgomery, United States",US,2026-09-05,2,https://www.aviasales.com/search/ATL0509MGM1?marker=741311
538,346,USD,BOS,LYS,"Lyon, France",FR,2026-10-16,1,https://www.aviasales.com/search/BOS1610LYS1?marker=741311
539,347,USD,JFK,RUH,"Riyadh, Saudi Arabia",SA,2026-09-13,1,https://www.aviasales.com/search/JFK1309RUH1?marker=741311
540,348,USD,BOS,SCV,"Suceava, Romania",RO,2026-09-14,3,https://www.aviasales.com/search/BOS1409SCV1?marker=741311
541,348,USD,SEA,YMM,"Fort McMurray, Canada",CA,2026-08-30,3,https://www.aviasales.com/search/SEA3008YMM1?marker=741311
542,349,USD,LAX,RAK,"Marrakech, Morocco",MA,2026-09-27,1,https://www.aviasales.com/search/LAX2709RAK1?marker=741311
543,349,USD,MCO,CWB,"Curitiba, Brazil",BR,2026-09-15,2,https://www.aviasales.com/search/MCO1509CWB1?marker=741311
544,353,USD,ATL,PAH,"Paducah, United States",US,2026-09-05,1,https://www.aviasales.com/search/ATL0509PAH1?marker=741311
545,353,USD,TPA,NVT,"Navegantes, Brazil",BR,2026-10-25,2,https://www.aviasales.com/search/TPA2510NVT1?marker=741311
546,353,USD,JFK,CDR,"Chadron, United States",US,2026-09-09,2,https://www.aviasales.com/search/JFK0909CDR1?marker=741311
547,354,USD,MCO,CCS,"Caracas, Venezuela",VE,2026-09-01,2,https://www.aviasales.com/search/MCO0109CCS1?marker=741311
548,354,USD,JFK,ALA,"Almaty, Kazakhstan",KZ,2026-10-18,2,https://www.aviasales.com/search/JFK1810ALA1?marker=741311
549,354,USD,LAX,JKT,"Jakarta, Indonesia",ID,2026-09-08,1,https://www.aviasales.com/search/LAX0809JKT1?marker=741311
550,356,USD,BOS,TCI,"Tenerife, Spain",ES,2026-09-22,1,https://www.aviasales.com/search/BOS2209TCI1?marker=741311
551,359,USD,DFW,LBL,"Liberal, United States",US,2026-09-01,1,https://www.aviasales.com/search/DFW0109LBL1?marker=741311
552,360,USD,BOS,YSJ,"Saint John, Canada",CA,2026-09-03,1,https://www.aviasales.com/search/BOS0309YSJ1?marker=741311
553,360,USD,JFK,PJM,"Puerto Jimenez, Costa Rica",CR,2026-09-03,1,https://www.aviasales.com/search/JFK0309PJM1?marker=741311
554,361,USD,PDX,BLL,"Billund, Denmark",DK,2026-09-28,1,https://www.aviasales.com/search/PDX2809BLL1?marker=741311
555,362,USD,MIA,SLA,"Salta, Argentina",AR,2027-01-03,1,https://www.aviasales.com/search/MIA0301SLA1?marker=741311
556,362,USD,IAH,CPX,"Culebra, Puerto Rico",PR,2026-10-20,2,https://www.aviasales.com/search/IAH2010CPX1?marker=741311
557,363,USD,LAX,MEL,"Melbourne, Australia",AU,2026-08-27,1,https://www.aviasales.com/search/LAX2708MEL1?marker=741311
558,363,USD,MIA,VRA,"Varadero, Cuba",CU,2026-11-02,0,https://www.aviasales.com/search/MIA0211VRA1?marker=741311
559,364,USD,MSP,DIK,"Dickinson, United States",US,2026-09-05,1,https://www.aviasales.com/search/MSP0509DIK1?marker=741311
560,364,USD,JFK,PVC,"Provincetown, United States",US,2026-08-29,1,https://www.aviasales.com/search/JFK2908PVC1?marker=741311
561,364,USD,JFK,JTR,"Thira, Greece",GR,2026-09-27,1,https://www.aviasales.com/search/JFK2709JTR1?marker=741311
562,365,USD,BOS,SHJ,"Sharjah, United Arab Emirates",AE,2026-09-10,2,https://www.aviasales.com/search/BOS1009SHJ1?marker=741311
563,367,USD,ORD,HKT,"Phuket, Thailand",TH,2026-09-10,1,https://www.aviasales.com/search/ORD1009HKT1?marker=741311
564,367,USD,LAX,ABI,"Abilene, United States",US,2026-09-05,1,https://www.aviasales.com/search/LAX0509ABI1?marker=741311
565,369,USD,JFK,DLM,"Dalaman, Turkiye",TR,2026-08-27,1,https://www.aviasales.com/search/JFK2708DLM1?marker=741311
566,370,USD,JFK,BFS,"Belfast, United Kingdom",GB,2026-09-01,2,https://www.aviasales.com/search/JFK0109BFS1?marker=741311
567,371,USD,LAS,MKL,"Jackson, United States",US,2026-08-30,2,https://www.aviasales.com/search/LAS3008MKL1?marker=741311
568,372,USD,JFK,IBZ,"Ibiza, Spain",ES,2026-08-27,2,https://www.aviasales.com/search/JFK2708IBZ1?marker=741311
569,372,USD,JFK,HRG,"Hurghada, Egypt",EG,2026-09-19,3,https://www.aviasales.com/search/JFK1909HRG1?marker=741311
570,372,USD,LAX,LTO,"Loreto, Mexico",MX,2026-08-31,2,https://www.aviasales.com/search/LAX3108LTO1?marker=741311
571,372,USD,MCO,BHZ,"Belo Horizonte, Brazil",BR,2026-10-14,2,https://www.aviasales.com/search/MCO1410BHZ1?marker=741311
572,373,USD,LAX,NAN,"Nadi, Fiji",FJ,2027-02-01,0,https://www.aviasales.com/search/LAX0102NAN1?marker=741311
573,373,USD,JFK,BGO,"Bergen, Norway",NO,2026-08-28,2,https://www.aviasales.com/search/JFK2808BGO1?marker=741311
574,373,USD,BNA,PXM,"Puerto Escondido, Mexico",MX,2026-09-02,3,https://www.aviasales.com/search/BNA0209PXM1?marker=741311
575,374,USD,LAX,KUL,"Kuala Lumpur, Malaysia",MY,2026-09-03,1,https://www.aviasales.com/search/LAX0309KUL1?marker=741311
576,374,USD,IAD,SHD,"Staunton, United States",US,2026-08-30,2,https://www.aviasales.com/search/IAD3008SHD1?marker=741311
577,374,USD,IAD,MAA,"Chennai, India",IN,2026-09-21,1,https://www.aviasales.com/search/IAD2109MAA1?marker=741311
578,375,USD,MIA,RAI,"Praia, Cape Verde",CV,2026-11-03,2,https://www.aviasales.com/search/MIA0311RAI1?marker=741311
579,375,USD,TPA,EWB,"New Bedford, United States",US,2026-09-01,2,https://www.aviasales.com/search/TPA0109EWB1?marker=741311
580,375,USD,SEA,CRK,"City of Angeles, Philippines",PH,2026-10-06,1,https://www.aviasales.com/search/SEA0610CRK1?marker=741311
581,376,USD,ATL,AUH,"Abu Dhabi, United Arab Emirates",AE,2026-12-06,3,https://www.aviasales.com/search/ATL0612AUH1?marker=741311
582,376,USD,MIA,GDT,"Grand Turk, Turks and Caicos Islands",TC,2026-11-17,2,https://www.aviasales.com/search/MIA1711GDT1?marker=741311
583,376,USD,LAX,ORK,"Cork, Ireland",IE,2026-12-10,2,https://www.aviasales.com/search/LAX1012ORK1?marker=741311
584,377,USD,MCO,PFO,"Paphos, Cyprus",CY,2026-09-18,2,https://www.aviasales.com/search/MCO1809PFO1?marker=741311
585,378,USD,ORD,LET,"Leticia, Colombia",CO,2026-09-26,3,https://www.aviasales.com/search/ORD2609LET1?marker=741311
586,381,USD,MIA,MVD,"Montevideo, Uruguay",UY,2026-12-08,1,https://www.aviasales.com/search/MIA0812MVD1?marker=741311
587,381,USD,BOS,JER,"Jersey, Jersey",JE,2026-10-11,1,https://www.aviasales.com/search/BOS1110JER1?marker=741311
588,381,USD,JFK,IZM,"Izmir, Turkiye",TR,2026-08-26,1,https://www.aviasales.com/search/JFK2608IZM1?marker=741311
589,381,USD,SEA,PPG,"Pago Pago, American Samoa",AS,2026-10-22,1,https://www.aviasales.com/search/SEA2210PPG1?marker=741311
590,382,USD,JFK,OSS,"Osh, Kyrgyzstan",KG,2026-10-15,3,https://www.aviasales.com/search/JFK1510OSS1?marker=741311
591,382,USD,SEA,HER,"Heraklion, Greece",GR,2026-08-31,3,https://www.aviasales.com/search/SEA3108HER1?marker=741311
592,382,USD,LAX,IQT,"Iquitos, Peru",PE,2026-10-20,3,https://www.aviasales.com/search/LAX2010IQT1?marker=741311
593,383,USD,JFK,ALG,"Algiers, Algeria",DZ,2026-09-05,2,https://www.aviasales.com/search/JFK0509ALG1?marker=741311
594,384,USD,ATL,DOH,"Doha, Qatar",QA,2026-08-31,1,https://www.aviasales.com/search/ATL3108DOH1?marker=741311
595,384,USD,MIA,BIO,"Bilbao, Spain",ES,2026-09-21,1,https://www.aviasales.com/search/MIA2109BIO1?marker=741311
596,384,USD,LAX,SZX,"Shenzhen, China",CN,2026-11-10,1,https://www.aviasales.com/search/LAX1011SZX1?marker=741311
597,385,USD,JFK,KWI,"Kuwait City, Kuwait",KW,2026-10-24,2,https://www.aviasales.com/search/JFK2410KWI1?marker=741311
598,385,USD,LAX,SYX,"Sanya, China",CN,2026-10-25,1,https://www.aviasales.com/search/LAX2510SYX1?marker=741311
599,385,USD,JFK,BLR,"Bengaluru, India",IN,2026-09-19,1,https://www.aviasales.com/search/JFK1909BLR1?marker=741311
600,385,USD,IAH,SJT,"San Angelo, United States",US,2026-08-29,1,https://www.aviasales.com/search/IAH2908SJT1?marker=741311
601,386,USD,JFK,KRR,"Krasnodar, Russia",RU,2026-10-21,2,https://www.aviasales.com/search/JFK2110KRR1?marker=741311
602,386,USD,LAX,CAN,"Guangzhou, China",CN,2026-09-29,1,https://www.aviasales.com/search/LAX2909CAN1?marker=741311
603,386,USD,LAX,CEB,"Cebu City, Philippines",PH,2026-08-26,1,https://www.aviasales.com/search/LAX2608CEB1?marker=741311
604,386,USD,LAX,SHE,"Shenyang, China",CN,2026-08-30,1,https://www.aviasales.com/search/LAX3008SHE1?marker=741311
605,386,USD,SLC,LUX,"Luxembourg, Luxembourg",LU,2026-10-07,2,https://www.aviasales.com/search/SLC0710LUX1?marker=741311
606,387,USD,SEA,COD,"Cody, United States",US,2026-09-01,1,https://www.aviasales.com/search/SEA0109COD1?marker=741311
607,387,USD,PHL,GOT,"Gothenburg, Sweden",SE,2026-09-14,2,https://www.aviasales.com/search/PHL1409GOT1?marker=741311
608,388,USD,MIA,REC,"Recife, Brazil",BR,2026-12-04,2,https://www.aviasales.com/search/MIA0412REC1?marker=741311
609,388,USD,MIA,FMM,"Memmingen, Germany",DE,2026-12-06,3,https://www.aviasales.com/search/MIA0612FMM1?marker=741311
610,388,USD,SFO,CSX,"Changsha, China",CN,2027-01-25,1,https://www.aviasales.com/search/SFO2501CSX1?marker=741311
611,389,USD,LAX,BJS,"Beijing, China",CN,2026-09-29,1,https://www.aviasales.com/search/LAX2909BJS1?marker=741311
612,389,USD,JFK,MAM,"Matamoros, Mexico",MX,2026-09-04,2,https://www.aviasales.com/search/JFK0409MAM1?marker=741311
613,389,USD,ORD,MBS,"Saginaw, United States",US,2026-09-02,0,https://www.aviasales.com/search/ORD0209MBS1?marker=741311
614,390,USD,JFK,PBM,"Paramaribo, Suriname",SR,2026-09-10,1,https://www.aviasales.com/search/JFK1009PBM1?marker=741311
615,390,USD,JFK,DAC,"Dhaka, Bangladesh",BD,2027-02-18,1,https://www.aviasales.com/search/JFK1802DAC1?marker=741311
616,393,USD,JFK,GUP,"Gallup, United States",US,2026-09-01,2,https://www.aviasales.com/search/JFK0109GUP1?marker=741311
617,393,USD,TPA,LAW,"Lawton, United States",US,2026-08-31,2,https://www.aviasales.com/search/TPA3108LAW1?marker=741311
618,393,USD,LAX,ZAG,"Zagreb, Croatia",HR,2026-10-02,2,https://www.aviasales.com/search/LAX0210ZAG1?marker=741311
619,394,USD,PHX,YUM,"Yuma, United States",US,2026-09-01,0,https://www.aviasales.com/search/PHX0109YUM1?marker=741311
620,396,USD,BOS,EAP,"Basel, Switzerland",CH,2026-11-13,1,https://www.aviasales.com/search/BOS1311EAP1?marker=741311
621,396,USD,JFK,GPS,"Galapagos Islands, Ecuador",EC,2026-11-16,2,https://www.aviasales.com/search/JFK1611GPS1?marker=741311
622,397,USD,MIA,OCJ,"Ocho Rios, Jamaica",JM,2026-11-30,0,https://www.aviasales.com/search/MIA3011OCJ1?marker=741311
623,398,USD,JFK,TZX,"Trabzon, Turkiye",TR,2026-08-30,3,https://www.aviasales.com/search/JFK3008TZX1?marker=741311
624,398,USD,LAX,LBA,"Leeds, United Kingdom",GB,2026-09-06,3,https://www.aviasales.com/search/LAX0609LBA1?marker=741311
625,399,USD,DTW,DVL,"Devils Lake, United States",US,2026-08-30,1,https://www.aviasales.com/search/DTW3008DVL1?marker=741311
626,399,USD,LAX,CNX,"Chiang Mai, Thailand",TH,2026-09-10,2,https://www.aviasales.com/search/LAX1009CNX1?marker=741311
627,400,USD,SFO,DAD,"Da Nang, Vietnam",VN,2026-10-01,1,https://www.aviasales.com/search/SFO0110DAD1?marker=741311
628,401,USD,JFK,GUW,"Atyrau, Kazakhstan",KZ,2026-10-19,2,https://www.aviasales.com/search/JFK1910GUW1?marker=741311
629,401,USD,JFK,REX,"Reynosa, Mexico",MX,2026-08-30,2,https://www.aviasales.com/search/JFK3008REX1?marker=741311
630,401,USD,LAX,DBV,"Dubrovnik, Croatia",HR,2026-10-19,2,https://www.aviasales.com/search/LAX1910DBV1?marker=741311
631,401,USD,IAH,MCW,"Mason City, United States",US,2026-09-02,1,https://www.aviasales.com/search/IAH0209MCW1?marker=741311
632,402,USD,LAX,SYD,"Sydney, Australia",AU,2026-09-22,0,https://www.aviasales.com/search/LAX2209SYD1?marker=741311
633,403,USD,ORD,PMF,"Parma, Italy",IT,2026-10-21,3,https://www.aviasales.com/search/ORD2110PMF1?marker=741311
634,403,USD,LAX,TAO,"Qingdao, China",CN,2026-09-10,1,https://www.aviasales.com/search/LAX1009TAO1?marker=741311
635,404,USD,BNA,RST,"Rochester, United States",US,2026-09-04,2,https://www.aviasales.com/search/BNA0409RST1?marker=741311
636,404,USD,TPA,NUE,"Nuremberg, Germany",DE,2026-11-02,3,https://www.aviasales.com/search/TPA0211NUE1?marker=741311
637,404,USD,BNA,MQT,"Marquette, United States",US,2026-09-03,2,https://www.aviasales.com/search/BNA0309MQT1?marker=741311
638,405,USD,SEA,OSA,"Osaka, Japan",JP,2026-11-07,1,https://www.aviasales.com/search/SEA0711OSA1?marker=741311
639,405,USD,JFK,BAH,"Manama, Bahrain",BH,2026-08-30,1,https://www.aviasales.com/search/JFK3008BAH1?marker=741311
640,406,USD,ORD,SVG,"Stavanger, Norway",NO,2026-10-15,3,https://www.aviasales.com/search/ORD1510SVG1?marker=741311
641,406,USD,PDX,YQM,"Moncton, Canada",CA,2026-09-03,3,https://www.aviasales.com/search/PDX0309YQM1?marker=741311
642,407,USD,LAX,VAR,"Varna, Bulgaria",BG,2026-09-14,3,https://www.aviasales.com/search/LAX1409VAR1?marker=741311
643,407,USD,JFK,TRS,"Trieste, Italy",IT,2027-02-01,2,https://www.aviasales.com/search/JFK0102TRS1?marker=741311
644,410,USD,IAD,COR,"Cordoba, Argentina",AR,2026-10-11,1,https://www.aviasales.com/search/IAD1110COR1?marker=741311
645,410,USD,BOS,RMU,"Murcia, Spain",ES,2026-10-30,3,https://www.aviasales.com/search/BOS3010RMU1?marker=741311
646,410,USD,IAH,TYR,"Tyler, United States",US,2026-08-30,1,https://www.aviasales.com/search/IAH3008TYR1?marker=741311
647,410,USD,LAS,YXY,"Whitehorse, Canada",CA,2026-09-05,2,https://www.aviasales.com/search/LAS0509YXY1?marker=741311
648,412,USD,ATL,AMD,"Ahmedabad, India",IN,2026-11-04,1,https://www.aviasales.com/search/ATL0411AMD1?marker=741311
649,412,USD,LAX,SJJ,"Sarajevo, Bosnia and Herzegovina",BA,2026-09-13,2,https://www.aviasales.com/search/LAX1309SJJ1?marker=741311
650,413,USD,LAX,HRB,"Harbin, China",CN,2026-12-01,1,https://www.aviasales.com/search/LAX0112HRB1?marker=741311
651,414,USD,JFK,CPT,"Cape Town, South Africa",ZA,2026-10-28,1,https://www.aviasales.com/search/JFK2810CPT1?marker=741311
652,415,USD,IAD,ZSA,"San Salvador, Bahamas",BS,2026-12-16,3,https://www.aviasales.com/search/IAD1612ZSA1?marker=741311
653,415,USD,DCA,PLQ,"Palanga, Lithuania",LT,2026-09-05,2,https://www.aviasales.com/search/DCA0509PLQ1?marker=741311
654,415,USD,DEN,BRS,"Bristol, United Kingdom",GB,2026-09-16,3,https://www.aviasales.com/search/DEN1609BRS1?marker=741311
655,416,USD,LAX,ASU,"Asuncion, Paraguay",PY,2026-09-05,1,https://www.aviasales.com/search/LAX0509ASU1?marker=741311
656,416,USD,DFW,RTB,"Roatan, Honduras",HN,2027-02-10,1,https://www.aviasales.com/search/DFW1002RTB1?marker=741311
657,417,USD,SAN,RKS,"Rock Springs, United States",US,2026-08-30,1,https://www.aviasales.com/search/SAN3008RKS1?marker=741311
658,417,USD,SAN,FMN,"Farmington, United States",US,2026-08-30,1,https://www.aviasales.com/search/SAN3008FMN1?marker=741311
659,419,USD,JFK,KZN,"Kazan, Russia",RU,2026-10-21,2,https://www.aviasales.com/search/JFK2110KZN1?marker=741311
660,419,USD,JFK,NQZ,"Astana, Kazakhstan",KZ,2026-10-14,2,https://www.aviasales.com/search/JFK1410NQZ1?marker=741311
661,420,USD,BOS,SKP,"Skopje, North Macedonia",MK,2026-09-17,2,https://www.aviasales.com/search/BOS1709SKP1?marker=741311
662,420,USD,LAX,LXR,"Luxor, Egypt",EG,2026-09-05,1,https://www.aviasales.com/search/LAX0509LXR1?marker=741311
663,421,USD,LAX,RIW,"Riverton, United States",US,2026-09-04,1,https://www.aviasales.com/search/LAX0409RIW1?marker=741311
664,422,USD,JFK,OSR,"Ostrava, Czech Republic",CZ,2026-09-21,3,https://www.aviasales.com/search/JFK2109OSR1?marker=741311
665,423,USD,ORD,MED,"Medina, Saudi Arabia",SA,2026-08-30,2,https://www.aviasales.com/search/ORD3008MED1?marker=741311
666,423,USD,LAX,BGW,"Baghdad, Iraq",IQ,2026-08-31,1,https://www.aviasales.com/search/LAX3108BGW1?marker=741311
667,425,USD,JFK,SXB,"Strasbourg, France",FR,2026-09-10,2,https://www.aviasales.com/search/JFK1009SXB1?marker=741311
668,425,USD,JFK,NAV,"Nevsehir, Turkiye",TR,2026-09-27,2,https://www.aviasales.com/search/JFK2709NAV1?marker=741311
669,425,USD,SEA,TGM,"Tirgu Mures, Romania",RO,2026-12-07,2,https://www.aviasales.com/search/SEA0712TGM1?marker=741311
670,426,USD,DFW,LOS,"Lagos, Nigeria",NG,2026-08-31,1,https://www.aviasales.com/search/DFW3108LOS1?marker=741311
671,426,USD,JFK,LHE,"Lahore, Pakistan",PK,2026-08-28,1,https://www.aviasales.com/search/JFK2808LHE1?marker=741311
672,426,USD,IAD,STR,"Stuttgart, Germany",DE,2026-09-27,3,https://www.aviasales.com/search/IAD2709STR1?marker=741311
673,426,USD,JFK,EBB,"Entebbe, Uganda",UG,2026-09-16,2,https://www.aviasales.com/search/JFK1609EBB1?marker=741311
674,427,USD,FLL,TGU,"Tegucigalpa, Honduras",HN,2026-09-13,1,https://www.aviasales.com/search/FLL1309TGU1?marker=741311
675,428,USD,JFK,AXM,"Armenia, Colombia",CO,2026-11-25,1,https://www.aviasales.com/search/JFK2511AXM1?marker=741311
676,428,USD,LAS,OTH,"North Bend, United States",US,2026-09-04,1,https://www.aviasales.com/search/LAS0409OTH1?marker=741311
677,429,USD,LAX,PNH,"Phnom Penh, Cambodia",KH,2026-11-01,1,https://www.aviasales.com/search/LAX0111PNH1?marker=741311
678,430,USD,SEA,GZP,"Alanya, Turkiye",TR,2026-10-19,3,https://www.aviasales.com/search/SEA1910GZP1?marker=741311
679,430,USD,MIA,LPB,"La Paz, Bolivia",BO,2027-02-10,2,https://www.aviasales.com/search/MIA1002LPB1?marker=741311
680,431,USD,MIA,CRA,"Craiova, Romania",RO,2026-09-20,3,https://www.aviasales.com/search/MIA2009CRA1?marker=741311
681,433,USD,JFK,CMB,"Colombo, Sri Lanka",LK,2026-09-28,1,https://www.aviasales.com/search/JFK2809CMB1?marker=741311
682,434,USD,JFK,LED,"Saint Petersburg, Russia",RU,2026-10-10,2,https://www.aviasales.com/search/JFK1010LED1?marker=741311
683,434,USD,MIA,JPA,"Joao Pessoa, Brazil",BR,2026-09-02,1,https://www.aviasales.com/search/MIA0209JPA1?marker=741311
684,434,USD,JFK,CYS,"Cheyenne, United States",US,2026-08-31,1,https://www.aviasales.com/search/JFK3108CYS1?marker=741311
685,435,USD,DEN,CWL,"Cardiff, United Kingdom",GB,2026-09-16,3,https://www.aviasales.com/search/DEN1609CWL1?marker=741311
686,440,USD,JFK,MCX,"Makhachkala, Russia",RU,2026-09-02,2,https://www.aviasales.com/search/JFK0209MCX1?marker=741311
687,441,USD,BOS,CGN,"Cologne, Germany",DE,2026-10-15,2,https://www.aviasales.com/search/BOS1510CGN1?marker=741311
688,443,USD,MIA,ALY,"Alexandria, Egypt",EG,2026-09-09,1,https://www.aviasales.com/search/MIA0909ALY1?marker=741311
689,443,USD,JFK,SKB,"Basseterre, Saint Kitts and Nevis",KN,2026-08-30,1,https://www.aviasales.com/search/JFK3008SKB1?marker=741311
690,444,USD,DFW,HVR,"Havre, United States",US,2026-09-04,1,https://www.aviasales.com/search/DFW0409HVR1?marker=741311
691,447,USD,SFO,MAO,"Manaus, Brazil",BR,2026-09-21,3,https://www.aviasales.com/search/SFO2109MAO1?marker=741311
692,448,USD,BOS,FDF,"Fort-de-France, Martinique",MQ,2026-08-27,2,https://www.aviasales.com/search/BOS2708FDF1?marker=741311
693,449,USD,JFK,AER,"Adler/Sochi, Russia",RU,2026-12-05,3,https://www.aviasales.com/search/JFK0512AER1?marker=741311
694,449,USD,JFK,MCT,"Muscat, Oman",OM,2026-10-24,2,https://www.aviasales.com/search/JFK2410MCT1?marker=741311
695,450,USD,SEA,UBN,"Ulaanbaatar, Mongolia",MN,2026-08-28,1,https://www.aviasales.com/search/SEA2808UBN1?marker=741311
696,453,USD,ORD,ART,"Watertown, United States",US,2026-09-02,2,https://www.aviasales.com/search/ORD0209ART1?marker=741311
697,453,USD,SFO,TNA,"Jinan, China",CN,2026-10-29,1,https://www.aviasales.com/search/SFO2910TNA1?marker=741311
698,455,USD,ORD,YQG,"Windsor, Canada",CA,2026-09-04,2,https://www.aviasales.com/search/ORD0409YQG1?marker=741311
699,455,USD,LAX,YIW,"Yiwu, China",CN,2026-09-09,1,https://www.aviasales.com/search/LAX0909YIW1?marker=741311
700,456,USD,PHX,GTF,"Great Falls, United States",US,2026-09-04,1,https://www.aviasales.com/search/PHX0409GTF1?marker=741311
701,456,USD,SEA,YBL,"Campbell River, Canada",CA,2026-08-29,3,https://www.aviasales.com/search/SEA2908YBL1?marker=741311
702,458,USD,JFK,MRV,"Mineralnye Vody, Russia",RU,2027-01-20,3,https://www.aviasales.com/search/JFK2001MRV1?marker=741311
703,459,USD,IAD,LJU,"Ljubljana, Slovenia",SI,2026-11-19,2,https://www.aviasales.com/search/IAD1911LJU1?marker=741311
704,460,USD,IAD,TAS,"Tashkent, Uzbekistan",UZ,2026-10-14,1,https://www.aviasales.com/search/IAD1410TAS1?marker=741311
705,461,USD,MIA,MOW,"Moscow, Russia",RU,2026-11-18,3,https://www.aviasales.com/search/MIA1811MOW1?marker=741311
706,463,USD,SFO,PQC,"Phu Quoc, Vietnam",VN,2026-09-10,1,https://www.aviasales.com/search/SFO1009PQC1?marker=741311
707,463,USD,LAX,KBV,"Krabi, Thailand",TH,2026-11-09,2,https://www.aviasales.com/search/LAX0911KBV1?marker=741311
708,463,USD,SEA,YXS,"Prince George, Canada",CA,2026-08-30,1,https://www.aviasales.com/search/SEA3008YXS1?marker=741311
709,464,USD,LAX,YIN,"Yining, China",CN,2026-11-06,1,https://www.aviasales.com/search/LAX0611YIN1?marker=741311
710,471,USD,ATL,HYD,"Hyderabad, India",IN,2026-09-10,2,https://www.aviasales.com/search/ATL1009HYD1?marker=741311
711,471,USD,JFK,CIT,"Shymkent, Kazakhstan",KZ,2026-09-19,2,https://www.aviasales.com/search/JFK1909CIT1?marker=741311
712,471,USD,LAX,YGK,"Kingston, Canada",CA,2026-08-31,2,https://www.aviasales.com/search/LAX3108YGK1?marker=741311
713,475,USD,LAX,AJU,"Aracaju, Brazil",BR,2026-08-26,2,https://www.aviasales.com/search/LAX2608AJU1?marker=741311
714,476,USD,TPA,AGA,"Agadir, Morocco",MA,2026-10-24,3,https://www.aviasales.com/search/TPA2410AGA1?marker=741311
715,477,USD,JFK,NHA,"Nha Trang, Vietnam",VN,2026-09-22,2,https://www.aviasales.com/search/JFK2209NHA1?marker=741311
716,483,USD,JFK,SPR,"San Pedro, Belize",BZ,2026-10-01,3,https://www.aviasales.com/search/JFK0110SPR1?marker=741311
717,483,USD,LAS,MMH,"Mammoth Lakes, United States",US,2026-09-05,2,https://www.aviasales.com/search/LAS0509MMH1?marker=741311
718,483,USD,LAX,AOR,"Alor Setar, Malaysia",MY,2026-09-02,2,https://www.aviasales.com/search/LAX0209AOR1?marker=741311
719,486,USD,JFK,ABJ,"Abidjan, Ivory Coast",CI,2026-09-26,1,https://www.aviasales.com/search/JFK2609ABJ1?marker=741311
720,487,USD,JFK,SVX,"Yekaterinburg, Russia",RU,2027-01-17,3,https://www.aviasales.com/search/JFK1701SVX1?marker=741311
721,488,USD,SFO,HEK,"Heihe, China",CN,2026-09-17,1,https://www.aviasales.com/search/SFO1709HEK1?marker=741311
722,490,USD,IAH,DAV,"David, Panama",PA,2026-08-31,2,https://www.aviasales.com/search/IAH3108DAV1?marker=741311
723,492,USD,JFK,GNJ,"Ganja, Azerbaijan",AZ,2026-10-11,2,https://www.aviasales.com/search/JFK1110GNJ1?marker=741311
724,494,USD,JFK,LWN,"Gyumri, Armenia",AM,2026-09-21,2,https://www.aviasales.com/search/JFK2109LWN1?marker=741311
725,495,USD,SFO,HPH,"Haiphong, Vietnam",VN,2026-10-01,1,https://www.aviasales.com/search/SFO0110HPH1?marker=741311
726,496,USD,JFK,FMO,"Muenster, Germany",DE,2026-09-19,2,https://www.aviasales.com/search/JFK1909FMO1?marker=741311
727,496,USD,JFK,FEZ,"Fez, Morocco",MA,2026-11-25,3,https://www.aviasales.com/search/JFK2511FEZ1?marker=741311
728,496,USD,LAX,BNE,"Brisbane, Australia",AU,2026-09-08,1,https://www.aviasales.com/search/LAX0809BNE1?marker=741311
729,497,USD,FLL,BIM,"Bimini, Bahamas",BS,2026-10-20,2,https://www.aviasales.com/search/FLL2010BIM1?marker=741311
730,498,USD,LAX,SAI,"Siem Reap, Cambodia",KH,2026-11-03,2,https://www.aviasales.com/search/LAX0311SAI1?marker=741311
731,499,USD,JFK,CKY,"Conakry, Guinea",GN,2026-09-29,1,https://www.aviasales.com/search/JFK2909CKY1?marker=741311
732,499,USD,SFO,SJW,"Shijiazhuang, China",CN,2026-12-01,1,https://www.aviasales.com/search/SFO0112SJW1?marker=741311
733,502,USD,JFK,BUS,"Batumi, Georgia",GE,2026-09-07,2,https://www.aviasales.com/search/JFK0709BUS1?marker=741311
734,502,USD,SFO,ZQN,"Queenstown, New Zealand",NZ,2026-09-10,3,https://www.aviasales.com/search/SFO1009ZQN1?marker=741311
735,503,USD,JFK,HSA,"Turkistan, Kazakhstan",KZ,2026-09-25,3,https://www.aviasales.com/search/JFK2509HSA1?marker=741311
736,503,USD,SFO,GUM,"Hagatna, Guam",GU,2026-09-15,1,https://www.aviasales.com/search/SFO1509GUM1?marker=741311
737,503,USD,LAX,MFM,"Macau, Macau",MO,2026-12-03,1,https://www.aviasales.com/search/LAX0312MFM1?marker=741311
738,504,USD,JFK,SKD,"Samarkand, Uzbekistan",UZ,2026-10-20,3,https://www.aviasales.com/search/JFK2010SKD1?marker=741311
739,504,USD,JFK,DYU,"Dushanbe, Tajikistan",TJ,2026-09-29,3,https://www.aviasales.com/search/JFK2909DYU1?marker=741311
740,504,USD,JFK,GOI,"Goa, India",IN,2026-10-30,2,https://www.aviasales.com/search/JFK3010GOI1?marker=741311
741,509,USD,LAX,MLE,"Male, Maldives",MV,2026-10-29,1,https://www.aviasales.com/search/LAX2910MLE1?marker=741311
742,509,USD,JFK,YNJ,"Yanji, China",CN,2026-09-10,1,https://www.aviasales.com/search/JFK1009YNJ1?marker=741311
743,511,USD,JFK,BOJ,"Bourgas, Bulgaria",BG,2026-08-30,1,https://www.aviasales.com/search/JFK3008BOJ1?marker=741311
744,511,USD,ORD,BCD,"Bacolod, Philippines",PH,2026-11-30,2,https://www.aviasales.com/search/ORD3011BCD1?marker=741311
745,513,USD,SLC,YXC,"Cranbrook, Canada",CA,2026-09-04,3,https://www.aviasales.com/search/SLC0409YXC1?marker=741311
746,514,USD,ATL,BJV,"Bodrum, Turkiye",TR,2026-09-19,3,https://www.aviasales.com/search/ATL1909BJV1?marker=741311
747,514,USD,LAX,SZG,"Salzburg, Austria",AT,2026-09-20,2,https://www.aviasales.com/search/LAX2009SZG1?marker=741311
748,515,USD,MCO,NAT,"Natal, Brazil",BR,2027-01-07,3,https://www.aviasales.com/search/MCO0701NAT1?marker=741311
749,518,USD,JFK,UFA,"Ufa, Russia",RU,2026-10-12,2,https://www.aviasales.com/search/JFK1210UFA1?marker=741311
750,519,USD,SFO,CHC,"Christchurch, New Zealand",NZ,2026-09-09,2,https://www.aviasales.com/search/SFO0909CHC1?marker=741311
751,523,USD,MIA,MCZ,"Maceio, Brazil",BR,2027-01-12,2,https://www.aviasales.com/search/MIA1201MCZ1?marker=741311
752,525,USD,JFK,SJP,"Sao Jose Do Rio Preto, Brazil",BR,2026-08-26,3,https://www.aviasales.com/search/JFK2608SJP1?marker=741311
753,526,USD,SFO,DRS,"Dresden, Germany",DE,2026-10-01,1,https://www.aviasales.com/search/SFO0110DRS1?marker=741311
754,530,USD,SAN,LGK,"Langkawi, Malaysia",MY,2026-09-30,3,https://www.aviasales.com/search/SAN3009LGK1?marker=741311
755,530,USD,ORD,GRZ,"Graz, Austria",AT,2026-10-12,3,https://www.aviasales.com/search/ORD1210GRZ1?marker=741311
756,531,USD,JFK,PPS,"Puerto Princesa, Philippines",PH,2026-09-27,1,https://www.aviasales.com/search/JFK2709PPS1?marker=741311
757,531,USD,SEA,ENA,"Kenai, United States",US,2026-09-09,1,https://www.aviasales.com/search/SEA0909ENA1?marker=741311
758,531,USD,SAN,INN,"Innsbruck, Austria",AT,2026-09-20,3,https://www.aviasales.com/search/SAN2009INN1?marker=741311
759,532,USD,ATL,AGB,"Augsburg, Germany",DE,2026-09-30,1,https://www.aviasales.com/search/ATL3009AGB1?marker=741311
760,532,USD,JFK,FUK,"Fukuoka, Japan",JP,2026-09-27,1,https://www.aviasales.com/search/JFK2709FUK1?marker=741311
761,532,USD,JFK,NGO,"Nagoya, Japan",JP,2026-09-27,1,https://www.aviasales.com/search/JFK2709NGO1?marker=741311
762,535,USD,BOS,LYC,"Lycksele, Sweden",SE,2026-09-19,3,https://www.aviasales.com/search/BOS1909LYC1?marker=741311
763,535,USD,PHL,INI,"Nis, Serbia",RS,2026-09-26,4,https://www.aviasales.com/search/PHL2609INI1?marker=741311
764,536,USD,LAX,OKA,"Okinawa, Japan",JP,2026-10-17,1,https://www.aviasales.com/search/LAX1710OKA1?marker=741311
765,538,USD,PHX,USM,"Koh Samui, Thailand",TH,2026-09-16,2,https://www.aviasales.com/search/PHX1609USM1?marker=741311
766,539,USD,JFK,CHX,"Changuinola, Panama",PA,2026-09-03,3,https://www.aviasales.com/search/JFK0309CHX1?marker=741311
767,539,USD,JFK,URA,"Oral, Kazakhstan",KZ,2026-10-07,2,https://www.aviasales.com/search/JFK0710URA1?marker=741311
768,543,USD,JFK,MEI,"Meridian, United States",US,2026-09-01,1,https://www.aviasales.com/search/JFK0109MEI1?marker=741311
769,544,USD,JFK,MSQ,"Minsk, Belarus",BY,2026-10-19,3,https://www.aviasales.com/search/JFK1910MSQ1?marker=741311
770,546,USD,DCA,FEG,"Fergana, Uzbekistan",UZ,2026-10-14,3,https://www.aviasales.com/search/DCA1410FEG1?marker=741311
771,546,USD,LAS,NKT,"Cizre, Turkiye",TR,2026-10-08,3,https://www.aviasales.com/search/LAS0810NKT1?marker=741311
772,546,USD,LAX,KVO,"Kraljevo, Serbia",RS,2027-02-08,2,https://www.aviasales.com/search/LAX0802KVO1?marker=741311
773,548,USD,SEA,YZZ,"Trail, Canada",CA,2026-08-30,2,https://www.aviasales.com/search/SEA3008YZZ1?marker=741311
774,549,USD,JFK,ACC,"Accra, Ghana",GH,2026-11-01,1,https://www.aviasales.com/search/JFK0111ACC1?marker=741311
775,549,USD,LAS,SCY,"San Cristobal, Ecuador",EC,2026-10-02,3,https://www.aviasales.com/search/LAS0210SCY1?marker=741311
776,550,USD,DCA,LCJ,"Lodz, Poland",PL,2026-08-30,2,https://www.aviasales.com/search/DCA3008LCJ1?marker=741311
777,550,USD,JFK,NDJ,"N'Djamena, Chad",TD,2027-01-06,1,https://www.aviasales.com/search/JFK0601NDJ1?marker=741311
778,554,USD,BNA,BLB,"Balboa, Panama",PA,2026-09-02,2,https://www.aviasales.com/search/BNA0209BLB1?marker=741311
779,556,USD,SFO,BRC,"San Carlos de Bariloche, Argentina",AR,2026-09-07,2,https://www.aviasales.com/search/SFO0709BRC1?marker=741311
780,557,USD,JFK,FAE,"Sorvágur, Faroe Islands",FO,2026-09-05,2,https://www.aviasales.com/search/JFK0509FAE1?marker=741311
781,559,USD,ORD,USH,"Ushuaia, Argentina",AR,2026-11-04,3,https://www.aviasales.com/search/ORD0411USH1?marker=741311
782,560,USD,IAD,FNA,"Freetown, Sierra Leone",SL,2027-01-21,1,https://www.aviasales.com/search/IAD2101FNA1?marker=741311
783,562,USD,MCO,PEE,"Perm, Russia",RU,2026-12-08,3,https://www.aviasales.com/search/MCO0812PEE1?marker=741311
784,562,USD,JFK,SCO,"Aktau, Kazakhstan",KZ,2026-09-05,3,https://www.aviasales.com/search/JFK0509SCO1?marker=741311
785,567,USD,JFK,KTM,"Kathmandu, Nepal",NP,2026-10-24,3,https://www.aviasales.com/search/JFK2410KTM1?marker=741311
786,573,USD,RDU,GOJ,"Nizhniy Novgorod, Russia",RU,2026-12-04,4,https://www.aviasales.com/search/RDU0412GOJ1?marker=741311
787,573,USD,JFK,TJM,"Tyumen, Russia",RU,2026-10-19,3,https://www.aviasales.com/search/JFK1910TJM1?marker=741311
788,575,USD,JFK,KGD,"Kaliningrad, Russia",RU,2026-10-11,3,https://www.aviasales.com/search/JFK1110KGD1?marker=741311
789,576,USD,JFK,NKC,"Nouakchott, Mauritania",MR,2026-08-27,1,https://www.aviasales.com/search/JFK2708NKC1?marker=741311
790,577,USD,JFK,CEK,"Chelyabinsk, Russia",RU,2026-10-14,3,https://www.aviasales.com/search/JFK1410CEK1?marker=741311
791,577,USD,JFK,YZV,"Sept-Iles, Canada",CA,2026-09-01,3,https://www.aviasales.com/search/JFK0109YZV1?marker=741311
792,578,USD,LAX,KOS,"Sihanoukville, Cambodia",KH,2026-09-24,2,https://www.aviasales.com/search/LAX2409KOS1?marker=741311
793,578,USD,LAX,HIR,"Honiara, Solomon Islands",SB,2026-10-19,1,https://www.aviasales.com/search/LAX1910HIR1?marker=741311
794,578,USD,PDX,YCG,"Castlegar, Canada",CA,2026-08-31,2,https://www.aviasales.com/search/PDX3108YCG1?marker=741311
795,579,USD,LAX,PPT,"Papeete, French Polynesia",PF,2026-11-13,1,https://www.aviasales.com/search/LAX1311PPT1?marker=741311
796,580,USD,LAX,PER,"Perth, Australia",AU,2026-09-19,2,https://www.aviasales.com/search/LAX1909PER1?marker=741311
797,581,USD,LAS,EBL,"Erbil, Iraq",IQ,2026-10-06,3,https://www.aviasales.com/search/LAS0610EBL1?marker=741311
798,586,USD,LAX,OOL,"Gold Coast, Australia",AU,2026-09-09,1,https://www.aviasales.com/search/LAX0909OOL1?marker=741311
799,587,USD,JFK,OVB,"Novosibirsk, Russia",RU,2026-10-27,2,https://www.aviasales.com/search/JFK2710OVB1?marker=741311
800,587,USD,SEA,ADQ,"Kodiak, United States",US,2026-08-31,1,https://www.aviasales.com/search/SEA3108ADQ1?marker=741311
801,587,USD,JFK,KUF,"Samara, Russia",RU,2026-10-22,3,https://www.aviasales.com/search/JFK2210KUF1?marker=741311
802,587,USD,JFK,SIT,"Sitka, United States",US,2026-09-08,1,https://www.aviasales.com/search/JFK0809SIT1?marker=741311
803,589,USD,IAD,FIH,"Kinshasa, Democratic Republic of the Congo",CD,2026-09-22,1,https://www.aviasales.com/search/IAD2209FIH1?marker=741311
804,594,USD,LAX,WLG,"Wellington, New Zealand",NZ,2026-09-09,1,https://www.aviasales.com/search/LAX0909WLG1?marker=741311
805,595,USD,SEA,KLO,"Kalibo, Philippines",PH,2027-01-11,2,https://www.aviasales.com/search/SEA1101KLO1?marker=741311
806,598,USD,IAD,KBL,"Kabul, Afghanistan",AF,2026-08-29,2,https://www.aviasales.com/search/IAD2908KBL1?marker=741311
807,599,USD,ORD,XMN,"Xiamen, China",CN,2027-01-03,2,https://www.aviasales.com/search/ORD0301XMN1?marker=741311
808,600,USD,JFK,BKO,"Bamako, Mali",ML,2026-09-14,1,https://www.aviasales.com/search/JFK1409BKO1?marker=741311
809,602,USD,JFK,KGL,"Kigali, Rwanda",RW,2026-09-21,2,https://www.aviasales.com/search/JFK2109KGL1?marker=741311
810,602,USD,LAX,PNT,"Puerto Natales, Chile",CL,2026-10-01,3,https://www.aviasales.com/search/LAX0110PNT1?marker=741311
811,604,USD,BOS,CGO,"Zhengzhou, China",CN,2026-09-08,3,https://www.aviasales.com/search/BOS0809CGO1?marker=741311
812,604,USD,LAX,DRW,"Darwin, Australia",AU,2026-09-10,2,https://www.aviasales.com/search/LAX1009DRW1?marker=741311
813,605,USD,JFK,UTP,"Pattaya, Thailand",TH,2026-10-10,2,https://www.aviasales.com/search/JFK1010UTP1?marker=741311
814,606,USD,MIA,SLL,"Salalah, Oman",OM,2026-09-01,3,https://www.aviasales.com/search/MIA0109SLL1?marker=741311
815,606,USD,JFK,CKG,"Chongqing, China",CN,2026-09-16,3,https://www.aviasales.com/search/JFK1609CKG1?marker=741311
816,608,USD,LAX,VVO,"Vladivostok, Russia",RU,2026-11-03,2,https://www.aviasales.com/search/LAX0311VVO1?marker=741311
817,608,USD,MIA,PEG,"Perugia, Italy",IT,2027-01-03,3,https://www.aviasales.com/search/MIA0301PEG1?marker=741311
818,608,USD,IAH,DKR,"Dakar, Senegal",SN,2026-09-19,2,https://www.aviasales.com/search/IAH1909DKR1?marker=741311
819,609,USD,JFK,BHK,"Bukhara, Uzbekistan",UZ,2026-09-30,2,https://www.aviasales.com/search/JFK3009BHK1?marker=741311
820,611,USD,DFW,KWE,"Guiyang, China",CN,2026-08-28,4,https://www.aviasales.com/search/DFW2808KWE1?marker=741311
821,613,USD,PHX,OGZ,"Vladikavkaz, Russia",RU,2026-10-23,3,https://www.aviasales.com/search/PHX2310OGZ1?marker=741311
822,613,USD,ORD,UKK,"Oskemen, Kazakhstan",KZ,2026-11-13,4,https://www.aviasales.com/search/ORD1311UKK1?marker=741311
823,616,USD,SFO,BOB,"Bora Bora, French Polynesia",PF,2026-09-02,1,https://www.aviasales.com/search/SFO0209BOB1?marker=741311
824,619,USD,IAD,PLX,"Semey, Kazakhstan",KZ,2026-11-13,4,https://www.aviasales.com/search/IAD1311PLX1?marker=741311
825,619,USD,ORD,COK,"Kochi, India",IN,2026-10-27,4,https://www.aviasales.com/search/ORD2710COK1?marker=741311
826,624,USD,JFK,LJG,"Lijiang, China",CN,2026-10-18,3,https://www.aviasales.com/search/JFK1810LJG1?marker=741311
827,625,USD,JFK,NMA,"Namangan, Uzbekistan",UZ,2026-09-20,3,https://www.aviasales.com/search/JFK2009NMA1?marker=741311
828,628,USD,LAX,CNS,"Cairns, Australia",AU,2026-09-07,1,https://www.aviasales.com/search/LAX0709CNS1?marker=741311
829,630,USD,JFK,IKT,"Irkutsk, Russia",RU,2026-09-13,2,https://www.aviasales.com/search/JFK1309IKT1?marker=741311
830,632,USD,IAD,CCU,"Kolkata, India",IN,2026-10-26,2,https://www.aviasales.com/search/IAD2610CCU1?marker=741311
831,632,USD,IAD,SKX,"Saransk, Russia",RU,2026-09-08,4,https://www.aviasales.com/search/IAD0809SKX1?marker=741311
832,632,USD,SFO,XQP,"Quepos, Costa Rica",CR,2026-09-03,4,https://www.aviasales.com/search/SFO0309XQP1?marker=741311
833,634,USD,SEA,HNH,"Hoonah, United States",US,2026-09-01,1,https://www.aviasales.com/search/SEA0109HNH1?marker=741311
834,637,USD,SFO,BAL,"Batman, Turkiye",TR,2026-09-05,3,https://www.aviasales.com/search/SFO0509BAL1?marker=741311
835,638,USD,JFK,YSB,"Sudbury, Canada",CA,2026-08-31,2,https://www.aviasales.com/search/JFK3108YSB1?marker=741311
836,642,USD,JFK,SIA,"Xian, China",CN,2026-09-11,2,https://www.aviasales.com/search/JFK1109SIA1?marker=741311
837,648,USD,JFK,CGQ,"Changchun, China",CN,2026-09-27,2,https://www.aviasales.com/search/JFK2709CGQ1?marker=741311
838,649,USD,MIA,OMS,"Omsk, Russia",RU,2026-10-08,3,https://www.aviasales.com/search/MIA0810OMS1?marker=741311
839,654,USD,ORD,ASB,"Ashgabat, Turkmenistan",TM,2026-10-20,3,https://www.aviasales.com/search/ORD2010ASB1?marker=741311
840,657,USD,DFW,DYG,"Dayong, China",CN,2026-09-17,4,https://www.aviasales.com/search/DFW1709DYG1?marker=741311
841,657,USD,LAX,ISG,"Ishigaki, Japan",JP,2026-10-10,2,https://www.aviasales.com/search/LAX1010ISG1?marker=741311
842,658,USD,JFK,SGC,"Surgut, Russia",RU,2026-10-14,4,https://www.aviasales.com/search/JFK1410SGC1?marker=741311
843,658,USD,SAN,LIO,"Limon, Costa Rica",CR,2026-08-28,4,https://www.aviasales.com/search/SAN2808LIO1?marker=741311
844,663,USD,SFO,PWQ,"Pavlodar, Kazakhstan",KZ,2026-10-15,3,https://www.aviasales.com/search/SFO1510PWQ1?marker=741311
845,663,USD,MSP,OGU,"Ordu, Turkiye",TR,2026-09-18,2,https://www.aviasales.com/search/MSP1809OGU1?marker=741311
846,666,USD,LAX,JNB,"Johannesburg, South Africa",ZA,2026-08-26,1,https://www.aviasales.com/search/LAX2608JNB1?marker=741311
847,667,USD,MIA,LAD,"Luanda, Angola",AO,2026-09-23,1,https://www.aviasales.com/search/MIA2309LAD1?marker=741311
848,668,USD,IAH,MAR,"Maracaibo, Venezuela",VE,2026-12-20,2,https://www.aviasales.com/search/IAH2012MAR1?marker=741311
849,671,USD,JFK,SEZ,"Mahe, Seychelles",SC,2026-11-15,1,https://www.aviasales.com/search/JFK1511SEZ1?marker=741311
850,676,USD,JFK,OUA,"Ouagadougou, Burkina Faso",BF,2026-09-30,1,https://www.aviasales.com/search/JFK3009OUA1?marker=741311
851,678,USD,JFK,RTW,"Saratov, Russia",RU,2026-09-13,3,https://www.aviasales.com/search/JFK1309RTW1?marker=741311
852,680,USD,LAX,UGC,"Urgench, Uzbekistan",UZ,2026-09-01,2,https://www.aviasales.com/search/LAX0109UGC1?marker=741311
853,681,USD,JFK,ZNZ,"Zanzibar, Tanzania",TZ,2026-11-30,3,https://www.aviasales.com/search/JFK3011ZNZ1?marker=741311
854,686,USD,SFO,CJC,"Calama, Chile",CL,2026-09-20,3,https://www.aviasales.com/search/SFO2009CJC1?marker=741311
855,687,USD,SEA,MRU,"Mauritius, Mauritius",MU,2026-10-26,3,https://www.aviasales.com/search/SEA2610MRU1?marker=741311
856,687,USD,IAD,YAO,"Yaounde, Cameroon",CM,2026-11-05,1,https://www.aviasales.com/search/IAD0511YAO1?marker=741311
857,688,USD,MIA,TRV,"Thiruvananthapuram, India",IN,2026-11-02,2,https://www.aviasales.com/search/MIA0211TRV1?marker=741311
858,693,USD,DFW,ABV,"Abuja, Nigeria",NG,2026-11-28,1,https://www.aviasales.com/search/DFW2811ABV1?marker=741311
859,693,USD,JFK,REN,"Orenburg, Russia",RU,2026-09-05,3,https://www.aviasales.com/search/JFK0509REN1?marker=741311
860,694,USD,SEA,BSR,"Basra, Iraq",IQ,2027-01-06,1,https://www.aviasales.com/search/SEA0601BSR1?marker=741311
861,698,USD,LAX,GAN,"Gan Island, Maldives",MV,2026-09-03,4,https://www.aviasales.com/search/LAX0309GAN1?marker=741311
862,699,USD,JFK,VOG,"Volgograd, Russia",RU,2026-09-30,3,https://www.aviasales.com/search/JFK3009VOG1?marker=741311
863,699,USD,SFO,RGN,"Yangon, Myanmar",MM,2027-01-02,2,https://www.aviasales.com/search/SFO0201RGN1?marker=741311
864,700,USD,JFK,SCW,"Syktyvkar, Russia",RU,2026-09-05,3,https://www.aviasales.com/search/JFK0509SCW1?marker=741311
865,700,USD,LAX,AEY,"Akureyri, Iceland",IS,2026-09-10,3,https://www.aviasales.com/search/LAX1009AEY1?marker=741311
866,701,USD,JFK,KJA,"Krasnoyarsk, Russia",RU,2026-10-13,3,https://www.aviasales.com/search/JFK1310KJA1?marker=741311
867,702,USD,MIA,GOA,"Genoa, Italy",IT,2026-08-26,2,https://www.aviasales.com/search/MIA2608GOA1?marker=741311
868,702,USD,FLL,ODB,"Cordoba, Spain",ES,2026-09-04,3,https://www.aviasales.com/search/FLL0409ODB1?marker=741311
869,702,USD,LAX,PAP,"Port-au-Prince, Haiti",HT,2026-08-26,3,https://www.aviasales.com/search/LAX2608PAP1?marker=741311
870,706,USD,ORD,MMK,"Murmansk, Russia",RU,2026-09-24,4,https://www.aviasales.com/search/ORD2409MMK1?marker=741311
871,708,USD,JFK,ASF,"Astrakhan, Russia",RU,2026-09-05,3,https://www.aviasales.com/search/JFK0509ASF1?marker=741311
872,708,USD,PHX,DAR,"Dar Es Salaam, Tanzania",TZ,2027-01-30,2,https://www.aviasales.com/search/PHX3001DAR1?marker=741311
873,710,USD,BOS,SFG,"Saint Martin, Saint Martin",MF,2026-08-31,2,https://www.aviasales.com/search/BOS3108SFG1?marker=741311
874,715,USD,LAX,MMY,"Miyakojima, Japan",JP,2026-10-10,3,https://www.aviasales.com/search/LAX1010MMY1?marker=741311
875,717,USD,JFK,TOF,"Tomsk, Russia",RU,2026-09-06,3,https://www.aviasales.com/search/JFK0609TOF1?marker=741311
876,717,USD,JFK,PDP,"Punta Del Este, Uruguay",UY,2026-09-09,3,https://www.aviasales.com/search/JFK0909PDP1?marker=741311
877,723,USD,JFK,BAX,"Barnaul, Russia",RU,2026-10-15,3,https://www.aviasales.com/search/JFK1510BAX1?marker=741311
878,737,USD,JFK,IKU,"Tamchy, Kyrgyzstan",KG,2026-08-28,3,https://www.aviasales.com/search/JFK2808IKU1?marker=741311
879,738,USD,DFW,STW,"Stavropol, Russia",RU,2026-12-08,4,https://www.aviasales.com/search/DFW0812STW1?marker=741311
880,740,USD,BOS,MGQ,"Mogadishu, Somalia",SO,2026-08-31,2,https://www.aviasales.com/search/BOS3108MGQ1?marker=741311
881,741,USD,MIA,GDZ,"Gelendzik, Russia",RU,2026-10-01,3,https://www.aviasales.com/search/MIA0110GDZ1?marker=741311
882,750,USD,SFO,NYT,"Naypyidaw, Myanmar",MM,2026-09-02,3,https://www.aviasales.com/search/SFO0209NYT1?marker=741311
883,753,USD,JFK,KVX,"Kirov, Russia",RU,2026-12-10,4,https://www.aviasales.com/search/JFK1012KVX1?marker=741311
884,764,USD,JFK,SUI,"Sukhumi, Abkhazia",AB,2026-09-18,4,https://www.aviasales.com/search/JFK1809SUI1?marker=741311
885,765,USD,LAX,DMB,"Taraz, Kazakhstan",KZ,2026-09-27,3,https://www.aviasales.com/search/LAX2709DMB1?marker=741311
886,776,USD,DEN,KGF,"Karagandy, Kazakhstan",KZ,2026-09-05,3,https://www.aviasales.com/search/DEN0509KGF1?marker=741311
887,778,USD,MIA,NJC,"Nizhnevartovsk, Russia",RU,2026-09-19,3,https://www.aviasales.com/search/MIA1909NJC1?marker=741311
888,779,USD,JFK,VGD,"Vologda, Russia",RU,2026-08-31,3,https://www.aviasales.com/search/JFK3108VGD1?marker=741311
889,780,USD,JFK,VTE,"Vientiane, Laos",LA,2026-12-11,2,https://www.aviasales.com/search/JFK1112VTE1?marker=741311
890,786,USD,MIA,UUD,"Ulan-Ude, Russia",RU,2026-08-28,4,https://www.aviasales.com/search/MIA2808UUD1?marker=741311
891,790,USD,ORD,GRV,"Groznyy, Russia",RU,2026-08-30,4,https://www.aviasales.com/search/ORD3008GRV1?marker=741311
892,794,USD,IAH,LLW,"Lilongwe, Malawi",MW,2026-09-19,2,https://www.aviasales.com/search/IAH1909LLW1?marker=741311
893,795,USD,JFK,ADL,"Adelaide, Australia",AU,2026-09-09,3,https://www.aviasales.com/search/JFK0909ADL1?marker=741311
894,797,USD,ATL,PUS,"Busan, South Korea",KR,2026-12-10,3,https://www.aviasales.com/search/ATL1012PUS1?marker=741311
895,810,USD,JFK,LFW,"Lome, Togo",TG,2026-09-19,1,https://www.aviasales.com/search/JFK1909LFW1?marker=741311
896,813,USD,JFK,YYY,"Mont Joli, Canada",CA,2026-08-30,3,https://www.aviasales.com/search/JFK3008YYY1?marker=741311
897,814,USD,JFK,CYA,"Les Cayes, Haiti",HT,2026-09-08,2,https://www.aviasales.com/search/JFK0809CYA1?marker=741311
898,815,USD,ORD,HTA,"Chita, Russia",RU,2026-09-07,4,https://www.aviasales.com/search/ORD0709HTA1?marker=741311
899,816,USD,ORD,LXA,"Lhasa, China",CN,2026-09-24,3,https://www.aviasales.com/search/ORD2409LXA1?marker=741311
900,818,USD,DCA,HOM,"Homer, United States",US,2026-08-30,2,https://www.aviasales.com/search/DCA3008HOM1?marker=741311
901,818,USD,LAX,FRE,"Fera Island, Solomon Islands",SB,2026-10-02,2,https://www.aviasales.com/search/LAX0210FRE1?marker=741311
902,822,USD,RDU,LBD,"Khujand, Tajikistan",TJ,2026-08-31,4,https://www.aviasales.com/search/RDU3108LBD1?marker=741311
903,824,USD,JFK,PRI,"Praslin Island, Seychelles",SC,2026-09-17,4,https://www.aviasales.com/search/JFK1709PRI1?marker=741311
904,827,USD,JFK,JRO,"Kilimanjaro, Tanzania",TZ,2026-11-24,1,https://www.aviasales.com/search/JFK2411JRO1?marker=741311
905,830,USD,LAX,KEJ,"Kemerovo, Russia",RU,2026-10-28,4,https://www.aviasales.com/search/LAX2810KEJ1?marker=741311
906,832,USD,CLT,CZH,"Corozal, Belize",BZ,2026-09-02,4,https://www.aviasales.com/search/CLT0209CZH1?marker=741311
907,836,USD,MIA,NZH,"Manzhouli, China",CN,2026-08-26,4,https://www.aviasales.com/search/MIA2608NZH1?marker=741311
908,840,USD,LAX,NSN,"Nelson, New Zealand",NZ,2026-09-01,2,https://www.aviasales.com/search/LAX0109NSN1?marker=741311
909,845,USD,SEA,VFA,"Victoria Falls, Zimbabwe",ZW,2026-09-08,2,https://www.aviasales.com/search/SEA0809VFA1?marker=741311
910,850,USD,ORD,RUN,"Saint-Denis, Réunion",RE,2026-11-20,2,https://www.aviasales.com/search/ORD2011RUN1?marker=741311
911,854,USD,JFK,MJZ,"Mirnyj, Russia",RU,2026-09-27,4,https://www.aviasales.com/search/JFK2709MJZ1?marker=741311
912,859,USD,LAS,UUA,"Bugulma, Russia",RU,2026-09-30,4,https://www.aviasales.com/search/LAS3009UUA1?marker=741311
913,861,USD,DFW,IPC,"Easter Island, Chile",CL,2026-09-01,3,https://www.aviasales.com/search/DFW0109IPC1?marker=741311
914,864,USD,ORD,UUS,"Yuzhno-Sakhalinsk, Russia",RU,2026-09-07,4,https://www.aviasales.com/search/ORD0709UUS1?marker=741311
915,866,USD,SLC,MBA,"Mombasa, Kenya",KE,2026-09-12,3,https://www.aviasales.com/search/SLC1209MBA1?marker=741311
916,870,USD,JFK,RES,"Resistencia, Argentina",AR,2026-12-22,3,https://www.aviasales.com/search/JFK2212RES1?marker=741311
917,873,USD,JFK,PKV,"Pskov, Russia",RU,2026-08-27,3,https://www.aviasales.com/search/JFK2708PKV1?marker=741311
918,874,USD,BOS,HAK,"Haikou, China",CN,2026-10-09,2,https://www.aviasales.com/search/BOS0910HAK1?marker=741311
919,894,USD,ORD,YKS,"Yakutsk, Russia",RU,2026-09-13,4,https://www.aviasales.com/search/ORD1309YKS1?marker=741311
920,896,USD,LAX,KRT,"Khartoum, Sudan",SD,2026-09-17,2,https://www.aviasales.com/search/LAX1709KRT1?marker=741311
921,899,USD,ATL,NSK,"Norilsk, Russia",RU,2026-10-01,4,https://www.aviasales.com/search/ATL0110NSK1?marker=741311
922,902,USD,IAD,LBV,"Libreville, Gabon",GA,2026-12-19,1,https://www.aviasales.com/search/IAD1912LBV1?marker=741311
923,903,USD,RDU,PBH,"Paro, Bhutan",BT,2026-08-28,3,https://www.aviasales.com/search/RDU2808PBH1?marker=741311
924,910,USD,DFW,DYR,"Anadyr, Russia",RU,2026-11-27,4,https://www.aviasales.com/search/DFW2711DYR1?marker=741311
925,913,USD,JFK,GBE,"Gaborone, Botswana",BW,2026-08-26,2,https://www.aviasales.com/search/JFK2608GBE1?marker=741311
926,925,USD,JFK,GOH,"Nuuk, Greenland",GL,2026-08-30,1,https://www.aviasales.com/search/JFK3008GOH1?marker=741311
927,927,USD,DEN,ARK,"Arusha, Tanzania",TZ,2026-12-01,3,https://www.aviasales.com/search/DEN0112ARK1?marker=741311
928,928,USD,DFW,GDX,"Magadan, Russia",RU,2026-11-27,4,https://www.aviasales.com/search/DFW2711GDX1?marker=741311
929,928,USD,SAN,AZN,"Andijan, Uzbekistan",UZ,2026-09-30,3,https://www.aviasales.com/search/SAN3009AZN1?marker=741311
930,931,USD,BOS,KHV,"Khabarovsk, Russia",RU,2026-08-31,2,https://www.aviasales.com/search/BOS3108KHV1?marker=741311
931,933,USD,DFW,KYZ,"Kyzyl, Russia",RU,2026-09-18,4,https://www.aviasales.com/search/DFW1809KYZ1?marker=741311
932,942,USD,DFW,PKC,"Petropavlovsk-Kamchatsky, Russia",RU,2026-11-27,4,https://www.aviasales.com/search/DFW2711PKC1?marker=741311
933,948,USD,IAD,CBR,"Canberra, Australia",AU,2026-09-17,3,https://www.aviasales.com/search/IAD1709CBR1?marker=741311
934,949,USD,ORD,BQS,"Blagoveschensk, Russia",RU,2026-09-16,3,https://www.aviasales.com/search/ORD1609BQS1?marker=741311
935,958,USD,LAX,NBC,"Naberezhnye Chelny, Russia",RU,2026-09-13,3,https://www.aviasales.com/search/LAX1309NBC1?marker=741311
936,963,USD,JFK,PKR,"Pokhara, Nepal",NP,2026-10-08,3,https://www.aviasales.com/search/JFK0810PKR1?marker=741311
937,963,USD,JFK,WDH,"Windhoek, Namibia",NA,2026-08-31,2,https://www.aviasales.com/search/JFK3108WDH1?marker=741311
938,966,USD,DFW,PES,"Petrozavodsk, Russia",RU,2026-09-09,4,https://www.aviasales.com/search/DFW0909PES1?marker=741311
939,974,USD,SEA,RAR,"Rarotonga, Cook Islands",CK,2026-12-28,2,https://www.aviasales.com/search/SEA2812RAR1?marker=741311
940,984,USD,IAD,OSW,"Orsk, Russia",RU,2026-09-01,3,https://www.aviasales.com/search/IAD0109OSW1?marker=741311
941,988,USD,JFK,GVR,"Governador Valadares, Brazil",BR,2026-12-17,3,https://www.aviasales.com/search/JFK1712GVR1?marker=741311
942,1020,USD,MCO,JIB,"Djibouti, Djibouti",DJ,2026-08-26,2,https://www.aviasales.com/search/MCO2608JIB1?marker=741311
943,1022,USD,JFK,CSY,"Cheboksary, Russia",RU,2026-12-21,3,https://www.aviasales.com/search/JFK2112CSY1?marker=741311
944,1083,USD,SFO,URC,"Urumqi, China",CN,2026-12-22,4,https://www.aviasales.com/search/SFO2212URC1?marker=741311
945,1113,USD,MSP,RGK,"Gorno-Altaysk, Russia",RU,2026-09-01,4,https://www.aviasales.com/search/MSP0109RGK1?marker=741311
946,1132,USD,DEN,KGI,"Kalgoorlie, Australia",AU,2027-01-19,4,https://www.aviasales.com/search/DEN1901KGI1?marker=741311
947,1138,USD,LAX,IAR,"Yaroslavl, Russia",RU,2026-09-10,2,https://www.aviasales.com/search/LAX1009IAR1?marker=741311
948,1140,USD,DEN,KSQ,"Qarshi, Uzbekistan",UZ,2026-08-26,4,https://www.aviasales.com/search/DEN2608KSQ1?marker=741311
949,1176,USD,LAX,ENU,"Enugu, Nigeria",NG,2026-12-23,2,https://www.aviasales.com/search/LAX2312ENU1?marker=741311
950,1180,USD,SFO,VAV,"Vava'u, Tonga",TO,2026-09-24,2,https://www.aviasales.com/search/SFO2409VAV1?marker=741311
951,1250,USD,FLL,PEZ,"Penza, Russia",RU,2026-08-29,4,https://www.aviasales.com/search/FLL2908PEZ1?marker=741311
952,1266,USD,IAD,DEE,"Yuzhno-Kurilsk, Russia",RU,2026-09-03,4,https://www.aviasales.com/search/IAD0309DEE1?marker=741311
953,1322,USD,ORD,YFS,"Fort Simpson, Canada",CA,2026-09-03,3,https://www.aviasales.com/search/ORD0309YFS1?marker=741311
954,1353,USD,TPA,KRO,"Kurgan, Russia",RU,2026-08-30,4,https://www.aviasales.com/search/TPA3008KRO1?marker=741311
955,1397,USD,SLC,TLK,"Talakan, Russia",RU,2026-08-26,4,https://www.aviasales.com/search/SLC2608TLK1?marker=741311
956,1415,USD,IAD,PNI,"Pohnpei, Micronesia",FM,2026-10-10,2,https://www.aviasales.com/search/IAD1010PNI1?marker=741311
957,1420,USD,JFK,INU,"Nauru Island, Nauru",NR,2026-09-09,3,https://www.aviasales.com/search/JFK0909INU1?marker=741311
958,1460,USD,JFK,CCK,"Cocos Islands, Cocos (Keeling) Islands",CC,2026-09-05,4,https://www.aviasales.com/search/JFK0509CCK1?marker=741311
959,1892,USD,IAD,XCH,"Christmas Island, Christmas Island",CX,2026-09-09,4,https://www.aviasales.com/search/IAD0909XCH1?marker=741311
960,4492,USD,LAS,BGM,"Binghamton, United States",US,2026-09-04,2,https://www.aviasales.com/search/LAS0409BGM1?marker=741311
