rank,price,currency,origin,destination_code,destination_name,country_code,depart,stops,booking_link
1,28,USD,LAX,LAS,"Las Vegas, United States",US,2026-10-12,0,https://www.aviasales.com/search/LAX1210LAS1?t=F917918056201791810420000080LAXLAS_c0a0316f4a4ca5afcc59f34bbd00aac6_2220&search_date=01082026&expected_price_uuid=019fbf1c-f18e-8040-6360-4c9b9d12af95&static_fare_key=TY%7CP0%7CH0%7CL0%7CCH0%7CR0%7CTBC0&itinerary_key=aHseyrjnqrnn5fIn1Rc7cg&expected_price_source=share&expected_price_currency=usd&expected_price=28&marker=741311
2,23,USD,SFO,ONT,"Ontario, United States",US,2026-08-24,0,https://www.aviasales.com/search/SFO2408ONT1?t=F917875639801787569320000089SFOONT_2b844e92c64bbbb2fcfedd717bafa853_1822&search_date=31072026&expected_price_uuid=019fb8c2-82fc-8040-20f1-0997828903c6&static_fare_key=TY%7CP0%7CH0%7CL0%7CCH0%7CR0%7CTBC0&itinerary_key=2CkCNVQET2MkSXulV-5QPQ&expected_price_source=share&expected_price_currency=usd&expected_price=23&marker=741311
3,23,USD,SAN,PHX,"Phoenix, United States",US,2026-09-26,0,https://www.aviasales.com/search/SAN2609PHX1?t=F917904494401790454840000090SANPHX_aa22a95d20790cbb6f1d1a904062021e_1822&search_date=01082026&expected_price_uuid=019fbaa8-3d6b-8030-296c-5f1477723549&static_fare_key=TY%7CP0%7CH0%7CL0%7CCH0%7CR0%7CTBC0&itinerary_key=4sufDC2qOX8vuFxYXnLx7A&expected_price_source=share&expected_price_currency=usd&expected_price=23&marker=741311
4,23,USD,SFO,LAX,"Los Angeles, United States",US,2026-09-17,0,https://www.aviasales.com/search/SFO1709LAX1?t=F917896356001789641420000097SFOLAX_d59cb20d061994ad270c1be6e2262394_1836&search_date=31072026&expected_price_uuid=019fb89a-c6bb-8030-e239-194ee4a8ca52&static_fare_key=TY%7CP0%7CH0%7CL0%7CCH0%7CR0%7CTBC0&itinerary_key=P_7wCaVgoIt9LMkXWuFg1w&expected_price_source=share&expected_price_currency=usd&expected_price=23&marker=741311
5,23,USD,PHX,SAN,"San Diego, United States",US,2026-09-05,0,https://www.aviasales.com/search/PHX0509SAN1?t=F917886348001788639300000075PHXSAN_224c35f89b9ebb03785f9fe2bf955ff7_1822&search_date=31072026&expected_price_uuid=019fba4f-2d4b-8030-a431-c8cb5c817981&static_fare_key=TY%7CP0%7CH0%7CL0%7CCH0%7CR0%7CTBC0&itinerary_key=G-ZYTmFCrb0x9cp6pvB76Q&expected_price_source=share&expected_price_currency=usd&expected_price=23&marker=741311
6,23,USD,LAX,SFO,"San Francisco, United States",US,2026-10-22,0,https://www.aviasales.com/search/LAX2210SFO1?t=F917926605001792666020000092LAXSFO_76f657669b141bc50262c6968c7a16e2_1824&search_date=31072026&expected_price_uuid=019fb868-6f87-8030-2656-19a734932e11&static_fare_key=TY%7CP0%7CH0%7CL0%7CCH0%7CR0%7CTBC0&itinerary_key=YF6UTuKpuBIUG_z8K0BpWA&expected_price_source=share&expected_price_currency=usd&expected_price=23&marker=741311
7,23,USD,TPA,ATL,"Atlanta, United States",US,2026-09-24,0,https://www.aviasales.com/search/TPA2409ATL1?t=F917902728001790279640000114TPAATL_50ccb84766c27dd86be4ff418f8feb15_1810&search_date=28072026&expected_price_uuid=019faa97-96aa-8030-e9b7-55dd14d2c9e0&static_fare_key=TY%7CP0%7CH0%7CL0%7CCH0%7CR0%7CTBC0&itinerary_key=-Iv4MT3wbgnSvW9UMojG7w&expected_price_source=share&expected_price_currency=usd&expected_price=23&marker=741311
8,27,USD,ATL,ORL,"Orlando, United States",US,2026-08-24,0,https://www.aviasales.com/search/ATL2408ORL1?t=F917875755001787581560000101ATLMCO_feec5f25acbf559729f3464f262a9ba1_2107&search_date=27072026&expected_price_uuid=019fa409-1c2a-8040-a818-b65a91a26be1&static_fare_key=TY%7CP0%7CH0%7CL0%7CCH0%7CR0%7CTBC0&itinerary_key=SlHAaYbupI0qgKrRM_mPUA&expected_price_source=share&expected_price_currency=usd&expected_price=27&marker=741311
9,24,USD,DTW,FLL,"Fort Lauderdale, United States",US,2026-09-19,0,https://www.aviasales.com/search/DTW1909FLL1?t=F917898349801789846020000184DTWFLL_d3dc69c50fb5fc8bcf504e9d9184e950_1910&search_date=29072026&expected_price_uuid=019fab4b-13f8-8040-2db1-851e59e5596a&static_fare_key=TY%7CP0%7CH0%7CL0%7CCH0%7CR0%7CTBC0&itinerary_key=RW2mrWlwwmKgJ_jPkXXc1Q&origin_airports=0&expected_price_source=share&expected_price_currency=usd&expected_price=24&marker=741311
10,27,USD,ATL,TPA,"Tampa, United States",US,2026-08-21,0,https://www.aviasales.com/search/ATL2108TPA1?t=F917873065801787312400000097ATLTPA_aa56cf9856349b30e41573a54274a5ea_2127&search_date=28072026&expected_price_uuid=019faa1d-9dcd-8040-a21e-1ad56e652cf0&static_fare_key=TY%7CP0%7CH0%7CL0%7CCH0%7CR0%7CTBC0&itinerary_key=RVa4Sj9EQcCg1tM3der7bQ&expected_price_source=share&expected_price_currency=usd&expected_price=27&marker=741311
11,28,USD,CLT,BWI,"Baltimore, United States",US,2026-08-15,0,https://www.aviasales.com/search/CLT1508BWI1?t=F917868010801786807020000099CLTBWI_ccf51e7b9dec8e33f262277565f8a733_2188&search_date=26072026&expected_price_uuid=019f9f40-9cc8-8040-a122-971ada2d6336&static_fare_key=TY%7CP0%7CH0%7CL0%7CCH0%7CR0%7CTBC0&itinerary_key=L9DGNj7TX3TBFtvMqcyUxA&expected_price_source=share&expected_price_currency=usd&expected_price=28&marker=741311
12,28,USD,FLL,CHI,"Chicago, United States",US,2026-09-02,0,https://www.aviasales.com/search/FLL0209CHI1?t=F917883442801788353400000212FLLORD_d85d0aba6e38d02b23ca34d50789fc94_2219&search_date=30072026&expected_price_uuid=019fb4e4-ea2f-8040-6382-90796df43402&static_fare_key=TY%7CP1%7CH0%7CL0%7CCH0%7CR0%7CTBC0&itinerary_key=pT03HbcljL4k6ncE-Nrlkw&expected_price_source=share&expected_price_currency=usd&expected_price=28&marker=741311
14,30,USD,LAX,DEN,"Denver, United States",US,2026-09-14,0,https://www.aviasales.com/search/LAX1409DEN1?t=F917893960801789408740000151LAXDEN_ca22edb033fda4353cb8d5d24f9fc478_2408&search_date=29072026&expected_price_uuid=019faeb4-758d-8030-e9ea-e6ad28518597&static_fare_key=TY%7CP0%7CH0%7CL0%7CCH0%7CR0%7CTBC0&itinerary_key=8XA-B7Mn6yVvp-sXtVTFtw&expected_price_source=share&expected_price_currency=usd&expected_price=30&marker=741311
15,31,USD,ATL,WAS,"Washington, United States",US,2026-08-19,0,https://www.aviasales.com/search/ATL1908WAS1?t=F917871523801787159640000121ATLIAD_a4ce9f68b9b4c0c2a2e18ab8dd60c01b_2458&search_date=01082026&expected_price_uuid=019fbde1-149a-8040-6be1-37dc25166260&static_fare_key=TY%7CP0%7CH0%7CL0%7CCH0%7CR0%7CTBC0&itinerary_key=HwDqGU-DSNmqTY1qlmbbFw&expected_price_source=share&expected_price_currency=usd&expected_price=31&marker=741311
16,32,USD,LAX,SEA,"Seattle, United States",US,2026-10-04,0,https://www.aviasales.com/search/LAX0410SEA1?t=F917911281001791138960000181LAXSEA_461d180cf04f00b7aac27a838a693d65_2521&search_date=29072026&expected_price_uuid=019fab83-fa6b-8040-6337-9b2ef1bea53a&static_fare_key=TY%7CP0%7CH0%7CL0%7CCH0%7CR0%7CTBC0&itinerary_key=L__X7zcBdsENCGdYv3ItkA&expected_price_source=share&expected_price_currency=usd&expected_price=32&marker=741311
17,34,USD,ATL,MSY,"New Orleans, United States",US,2026-08-16,0,https://www.aviasales.com/search/ATL1608MSY1?t=F917868938401786896420000103ATLMSY_9b20f4f77c87e4dbb71f7f049f1d0e09_2706&search_date=01082026&expected_price_uuid=019fbbdb-800e-8030-2696-21ada4fa5261&static_fare_key=TY%7CP0%7CH0%7CL0%7CCH0%7CR0%7CTBC0&itinerary_key=0PzX9FDTet4WH0eLvwUXGw&expected_price_source=share&expected_price_currency=usd&expected_price=34&marker=741311
18,34,USD,ATL,RDU,"Raleigh, United States",US,2026-08-16,0,https://www.aviasales.com/search/ATL1608RDU1?t=F917868624001786867860000091ATLRDU_188d6e560071ac4f3d407ec9ab070645_2706&search_date=01082026&expected_price_uuid=019fbd5e-93d8-8030-ae9c-2ff71db2585a&static_fare_key=TY%7CP0%7CH0%7CL0%7CCH0%7CR0%7CTBC0&itinerary_key=gscHyEEFcPO0f6uERimFWg&expected_price_source=share&expected_price_currency=usd&expected_price=34&marker=741311
19,35,USD,ATL,MIA,"Miami, United States",US,2026-09-06,0,https://www.aviasales.com/search/ATL0609MIA1?t=F917887042201788711660000124ATLMIA_2015aeb71e098feba170706050e1e6e0_2791&search_date=30072026&expected_price_uuid=019fb489-3d6a-8040-297b-889334e3e56a&static_fare_key=TY%7CP0%7CH0%7CL0%7CCH0%7CR0%7CTBC0&itinerary_key=BSViCqdDC89QF_Qm3w6CVw&expected_price_source=share&expected_price_currency=usd&expected_price=35&marker=741311
20,37,USD,ATL,JAX,"Jacksonville, United States",US,2026-08-22,0,https://www.aviasales.com/search/ATL2208JAX1?t=F917874176401787422200000076ATLJAX_6cd5d83d84c8e57553d83c220c039edd_2933&search_date=01082026&expected_price_uuid=019fbd15-2b51-8040-adc1-dfc09fae17b0&static_fare_key=TY%7CP0%7CH0%7CL0%7CCH0%7CR0%7CTBC0&itinerary_key=aBrfD-CwiIX9ptpRF9fWWw&expected_price_source=share&expected_price_currency=usd&expected_price=37&marker=741311
21,38,USD,LAS,SLC,"Salt Lake City, United States",US,2026-10-23,0,https://www.aviasales.com/search/LAS2310SLC1?t=F917927802001792789380000093LASSLC_5a70d5e0089b7ea942e4a32c361ce234_3013&search_date=01082026&expected_price_uuid=019fbedd-d741-8040-a037-23f73aeeef95&static_fare_key=TY%7CP0%7CH0%7CL0%7CCH0%7CR0%7CTBC0&itinerary_key=VJL-zc91FqTwqxv1vRIP-w&expected_price_source=share&expected_price_currency=usd&expected_price=38&marker=741311
22,39,USD,LAS,HOU,"Houston, United States",US,2026-09-09,0,https://www.aviasales.com/search/LAS0909HOU1?t=F917889587401788978300000206LASIAH_3ecde08f790f7ef167df49ffad59cd14_3049&search_date=26072026&expected_price_uuid=019f9ff7-d2e0-8030-af93-e4b6ca214086&static_fare_key=TY%7CP0%7CH0%7CL0%7CCH0%7CR0%7CTBC0&itinerary_key=3ueFBc6IqwRgtzW4Zlh6UQ&expected_price_source=share&expected_price_currency=usd&expected_price=39&marker=741311
23,41,USD,DEN,BNA,"Nashville, United States",US,2026-08-22,0,https://www.aviasales.com/search/DEN2208BNA1?t=F917873874601787400600000159DENBNA_c09448fa86c63d8f94cb52e490be39f2_3280&search_date=30072026&expected_price_uuid=019fb307-e93c-8040-ab20-089d56015d30&static_fare_key=TY%7CP0%7CH0%7CL0%7CCH0%7CR0%7CTBC0&itinerary_key=Oq6q9HHLlc0KrLGABa9WZw&expected_price_source=share&expected_price_currency=usd&expected_price=41&marker=741311
24,41,USD,LAS,FAT,"Fresno, United States",US,2026-10-31,0,https://www.aviasales.com/search/LAS3110FAT1?t=G417934522601793456880000077LASFAT_b37cee3d1aff6173a115e5a7920846bc_3274&search_date=30072026&expected_price_uuid=019fb1a8-d529-8030-e387-b3e371e2836f&static_fare_key=TY%7CP0%7CH0%7CL0%7CCH0%7CR0%7CTBC0&itinerary_key=wJZNHn5TvuFgTII9tuadYg&expected_price_source=share&expected_price_currency=usd&expected_price=41&marker=741311
25,42,USD,DEN,STL,"St Louis, United States",US,2026-09-30,0,https://www.aviasales.com/search/DEN3009STL1?t=F917907847201790795820000125DENSTL_e2d4915ab5fb0afa6152b29e464372c9_3353&search_date=29072026&expected_price_uuid=019fb019-fb45-8030-ef47-b352ec03d11c&static_fare_key=TY%7CP0%7CH0%7CL0%7CCH0%7CR0%7CTBC0&itinerary_key=o0RtN5Ik4VAcFc8sC92CJA&expected_price_source=share&expected_price_currency=usd&expected_price=42&marker=741311
28,47,USD,ATL,PHL,"Philadelphia, United States",US,2026-09-04,0,https://www.aviasales.com/search/ATL0409PHL1?t=F917885530201788561180000136ATLPHL_eee08503d40c70bdad62d1cc7469d13c_3726&search_date=01082026&expected_price_uuid=019fbda7-80e3-8040-2225-f242eb27eaff&static_fare_key=TY%7CP0%7CH0%7CL0%7CCH0%7CR0%7CTBC0&itinerary_key=NtrDLJfo396Omg2lIrPn6w&expected_price_source=share&expected_price_currency=usd&expected_price=47&marker=741311
29,48,USD,MIA,SJU,"San Juan, Puerto Rico",PR,2026-10-05,0,https://www.aviasales.com/search/MIA0510SJU1?t=F917912430001791252780000163MIASJU_49eb8df3a1242e9db380ed0635bf9400_3780&search_date=29072026&expected_price_uuid=019fac0a-b040-8040-2cd0-997d95a76aa3&static_fare_key=TY%7CP0%7CH0%7CL0%7CCH0%7CR0%7CTBC0&itinerary_key=LxCB4juQoAzTlZGbJEatIA&expected_price_source=share&expected_price_currency=usd&expected_price=48&marker=741311
30,49,USD,FLL,BOS,"Boston, United States",US,2026-10-17,0,https://www.aviasales.com/search/FLL1710BOS1?marker=741311
31,50,USD,LAS,RNO,"Reno, United States",US,2026-08-29,0,https://www.aviasales.com/search/LAS2908RNO1?t=F917879953201788000960000094LASRNO_e12bcec31eb60ed25f0e43fa037f7de4_3993&search_date=29072026&expected_price_uuid=019faf6c-356a-8040-ac6d-89db527d2bba&static_fare_key=TY%7CP0%7CH0%7CL0%7CCH0%7CR0%7CTBC0&itinerary_key=j5H9VgAxsXspgTnqM1mFTw&expected_price_source=share&expected_price_currency=usd&expected_price=50&marker=741311
32,53,USD,MCO,NYC,"New York, United States",US,2026-11-03,0,https://www.aviasales.com/search/MCO0311NYC1?t=F917936916001793701620000167MCOEWR_bca84a2f2602a07b97dde22205b5166f_4201&search_date=01082026&expected_price_uuid=019fbd2e-dcb6-8030-ab61-6d9bc9353dac&static_fare_key=TY%7CP0%7CH0%7CL0%7CCH0%7CR0%7CTBC0&itinerary_key=OMVZ0bzvkSGRmSmNt-F7pA&origin_airports=0&expected_price_source=share&expected_price_currency=usd&expected_price=53&marker=741311
34,56,USD,SEA,LGB,"Long Beach, United States",US,2026-09-22,0,https://www.aviasales.com/search/SEA2209LGB1?marker=741311
35,57,USD,SFO,PDX,"Portland, United States",US,2026-09-14,0,https://www.aviasales.com/search/SFO1409PDX1?marker=741311
36,58,USD,DCA,PIT,"Pittsburgh, United States",US,2026-08-27,0,https://www.aviasales.com/search/DCA2708PIT1?t=AA17878159801787820360000073DCAPIT_733e2303c2b4b26a521098c3e7725153_4646&search_date=30072026&expected_price_uuid=019fb278-c6d7-8030-617e-005a3b65d1c6&static_fare_key=TY%7CP0%7CH0%7CL0%7CCH0%7CR0%7CTBC0&itinerary_key=kuZdOfdEJEiOUWibgLc3yQ&origin_airports=0&expected_price_source=share&expected_price_currency=usd&expected_price=58&marker=741311
37,58,USD,DFW,OKC,"Oklahoma City, United States",US,2026-12-16,0,https://www.aviasales.com/search/DFW1612OKC1?marker=741311
38,59,USD,TPA,CLE,"Cleveland, United States",US,2026-08-06,0,https://www.aviasales.com/search/TPA0608CLE1?marker=741311
39,59,USD,MCO,BUF,"Buffalo, United States",US,2026-09-17,0,https://www.aviasales.com/search/MCO1709BUF1?marker=741311
40,59,USD,DEN,ELP,"El Paso, United States",US,2026-09-23,0,https://www.aviasales.com/search/DEN2309ELP1?marker=741311
41,60,USD,ORD,MSP,"Minneapolis, United States",US,2026-10-10,0,https://www.aviasales.com/search/ORD1010MSP1?marker=741311
42,60,USD,TPA,DFW,"Dallas, United States",US,2026-09-10,1,https://www.aviasales.com/search/TPA1009DFW1?marker=741311
43,61,USD,MCO,DTT,"Detroit, United States",US,2026-08-24,1,https://www.aviasales.com/search/MCO2408DTT1?marker=741311
44,61,USD,LAX,YVR,"Vancouver, Canada",CA,2026-08-18,2,https://www.aviasales.com/search/LAX1808YVR1?marker=741311
45,62,USD,LAX,SAC,"Sacramento, United States",US,2026-09-11,0,https://www.aviasales.com/search/LAX1109SAC1?marker=741311
46,62,USD,PHX,SOW,"Show Low, United States",US,2026-09-26,0,https://www.aviasales.com/search/PHX2609SOW1?marker=741311
47,64,USD,MCO,CVG,"Cincinnati, United States",US,2026-09-05,0,https://www.aviasales.com/search/MCO0509CVG1?marker=741311
48,64,USD,MCO,ISP,"Islip, United States",US,2026-08-30,0,https://www.aviasales.com/search/MCO3008ISP1?marker=741311
49,64,USD,TPA,CHA,"Chattanooga, United States",US,2026-08-20,0,https://www.aviasales.com/search/TPA2008CHA1?marker=741311
50,65,USD,MCO,AUS,"Austin, United States",US,2026-08-19,0,https://www.aviasales.com/search/MCO1908AUS1?marker=741311
51,65,USD,LAS,MEM,"Memphis, United States",US,2026-08-14,0,https://www.aviasales.com/search/LAS1408MEM1?marker=741311
52,66,USD,DFW,CMH,"Columbus, United States",US,2026-08-25,1,https://www.aviasales.com/search/DFW2508CMH1?marker=741311
53,69,USD,ORD,IRK,"Kirksville, United States",US,2026-08-14,0,https://www.aviasales.com/search/ORD1408IRK1?marker=741311
54,70,USD,FLL,YTO,"Toronto, Canada",CA,2026-09-29,0,https://www.aviasales.com/search/FLL2909YTO1?marker=741311
55,72,USD,PDX,PDT,"Pendleton, United States",US,2026-08-26,0,https://www.aviasales.com/search/PDX2608PDT1?marker=741311
56,73,USD,ATL,MKC,"Kansas City, United States",US,2026-08-15,0,https://www.aviasales.com/search/ATL1508MKC1?marker=741311
57,73,USD,BOS,LEB,"Lebanon, United States",US,2026-08-07,0,https://www.aviasales.com/search/BOS0708LEB1?marker=741311
58,74,USD,FLL,CLT,"Charlotte, United States",US,2026-08-24,0,https://www.aviasales.com/search/FLL2408CLT1?marker=741311
59,74,USD,BNA,RIC,"Richmond, United States",US,2026-08-06,0,https://www.aviasales.com/search/BNA0608RIC1?marker=741311
60,76,USD,LAS,SAT,"San Antonio, United States",US,2026-10-30,0,https://www.aviasales.com/search/LAS3010SAT1?marker=741311
61,78,USD,PHL,MYR,"Myrtle Beach, United States",US,2026-08-04,0,https://www.aviasales.com/search/PHL0408MYR1?marker=741311
62,78,USD,SAN,BOI,"Boise, United States",US,2026-09-24,0,https://www.aviasales.com/search/SAN2409BOI1?marker=741311
63,79,USD,ATL,PBI,"West Palm Beach, United States",US,2026-08-19,1,https://www.aviasales.com/search/ATL1908PBI1?marker=741311
64,79,USD,AUS,MTY,"Monterrey, Mexico",MX,2026-09-02,0,https://www.aviasales.com/search/AUS0209MTY1?marker=741311
65,79,USD,LAS,BZN,"Bozeman, United States",US,2026-08-06,0,https://www.aviasales.com/search/LAS0608BZN1?marker=741311
66,80,USD,LAS,PAE,"Everett, United States",US,2026-09-09,0,https://www.aviasales.com/search/LAS0909PAE1?marker=741311
67,80,USD,LAX,ABQ,"Albuquerque, United States",US,2026-10-27,0,https://www.aviasales.com/search/LAX2710ABQ1?marker=741311
68,84,USD,SFO,YYC,"Calgary, Canada",CA,2026-08-15,1,https://www.aviasales.com/search/SFO1508YYC1?marker=741311
69,88,USD,IAH,MEX,"Mexico City, Mexico",MX,2026-08-17,0,https://www.aviasales.com/search/IAH1708MEX1?marker=741311
70,88,USD,BOS,AUG,"Augusta, United States",US,2026-08-11,0,https://www.aviasales.com/search/BOS1108AUG1?marker=741311
71,89,USD,FLL,BDL,"Hartford, United States",US,2026-08-25,1,https://www.aviasales.com/search/FLL2508BDL1?marker=741311
72,89,USD,MCO,PNS,"Pensacola, United States",US,2026-09-04,0,https://www.aviasales.com/search/MCO0409PNS1?marker=741311
73,90,USD,PHX,PIA,"Peoria, United States",US,2026-08-27,0,https://www.aviasales.com/search/PHX2708PIA1?marker=741311
74,91,USD,MCO,PWM,"Portland, United States",US,2026-09-11,0,https://www.aviasales.com/search/MCO1109PWM1?marker=741311
75,92,USD,ORD,BRL,"Burlington, United States",US,2026-08-10,0,https://www.aviasales.com/search/ORD1008BRL1?marker=741311
76,92,USD,IAH,BJX,"Leon/Guanajuato, Mexico",MX,2026-08-17,0,https://www.aviasales.com/search/IAH1708BJX1?marker=741311
77,92,USD,LAX,MCE,"Merced, United States",US,2026-08-05,0,https://www.aviasales.com/search/LAX0508MCE1?marker=741311
78,94,USD,BOS,YMQ,"Montreal, Canada",CA,2026-08-28,1,https://www.aviasales.com/search/BOS2808YMQ1?marker=741311
79,94,USD,LAX,GDL,"Guadalajara, Mexico",MX,2026-08-29,0,https://www.aviasales.com/search/LAX2908GDL1?marker=741311
80,94,USD,DEN,FAR,"Fargo, United States",US,2026-08-21,0,https://www.aviasales.com/search/DEN2108FAR1?marker=741311
81,94,USD,SFO,PSP,"Palm Springs, United States",US,2026-08-29,0,https://www.aviasales.com/search/SFO2908PSP1?marker=741311
82,97,USD,MIA,NAS,"Nassau, Bahamas",BS,2026-10-19,0,https://www.aviasales.com/search/MIA1910NAS1?marker=741311
83,97,USD,AUS,MID,"Merida, Mexico",MX,2026-11-27,1,https://www.aviasales.com/search/AUS2711MID1?marker=741311
84,100,USD,ATL,ORF,"Norfolk, United States",US,2026-08-16,0,https://www.aviasales.com/search/ATL1608ORF1?marker=741311
85,100,USD,ORD,IND,"Indianapolis, United States",US,2026-09-08,1,https://www.aviasales.com/search/ORD0809IND1?marker=741311
86,100,USD,FLL,YGK,"Kingston, Canada",CA,2026-10-01,1,https://www.aviasales.com/search/FLL0110YGK1?marker=741311
87,103,USD,DEN,CID,"Cedar Rapids, United States",US,2026-08-06,0,https://www.aviasales.com/search/DEN0608CID1?marker=741311
88,105,USD,SEA,GEG,"Spokane, United States",US,2026-08-09,0,https://www.aviasales.com/search/SEA0908GEG1?marker=741311
89,106,USD,AUS,CUN,"Cancun, Mexico",MX,2026-10-07,1,https://www.aviasales.com/search/AUS0710CUN1?marker=741311
90,108,USD,MCO,SYR,"Syracuse, United States",US,2026-08-26,1,https://www.aviasales.com/search/MCO2608SYR1?marker=741311
91,108,USD,RDU,DAB,"Daytona Beach, United States",US,2026-12-04,0,https://www.aviasales.com/search/RDU0412DAB1?marker=741311
92,108,USD,TPA,ALB,"Albany, United States",US,2026-08-05,0,https://www.aviasales.com/search/TPA0508ALB1?marker=741311
93,108,USD,IAH,MLM,"Morelia, Mexico",MX,2026-10-07,1,https://www.aviasales.com/search/IAH0710MLM1?marker=741311
94,109,USD,LAS,OMA,"Omaha, United States",US,2026-08-31,1,https://www.aviasales.com/search/LAS3108OMA1?marker=741311
95,109,USD,FLL,CHS,"Charleston, United States",US,2026-09-07,1,https://www.aviasales.com/search/FLL0709CHS1?marker=741311
96,112,USD,DEN,MOT,"Minot, United States",US,2026-08-19,1,https://www.aviasales.com/search/DEN1908MOT1?marker=741311
97,113,USD,FLL,TLH,"Tallahassee, United States",US,2026-08-06,0,https://www.aviasales.com/search/FLL0608TLH1?marker=741311
98,113,USD,MCO,HVN,"New Haven, United States",US,2026-08-10,1,https://www.aviasales.com/search/MCO1008HVN1?marker=741311
99,114,USD,SEA,HNL,"Honolulu, United States",US,2026-08-02,1,https://www.aviasales.com/search/SEA0208HNL1?marker=741311
100,114,USD,JFK,ROC,"Rochester, United States",US,2026-10-30,1,https://www.aviasales.com/search/JFK3010ROC1?marker=741311
101,114,USD,DEN,BIL,"Billings, United States",US,2026-08-31,1,https://www.aviasales.com/search/DEN3108BIL1?marker=741311
102,115,USD,IAD,PLS,"Providenciales, Turks and Caicos Islands",TC,2026-10-22,1,https://www.aviasales.com/search/IAD2210PLS1?marker=741311
103,115,USD,DEN,CNY,"Moab, United States",US,2026-08-07,0,https://www.aviasales.com/search/DEN0708CNY1?marker=741311
104,117,USD,PHL,EYW,"Key West, United States",US,2026-08-11,1,https://www.aviasales.com/search/PHL1108EYW1?marker=741311
105,117,USD,RDU,FMY,"Fort Myers, United States",US,2026-08-13,0,https://www.aviasales.com/search/RDU1308FMY1?marker=741311
106,119,USD,ORD,GSP,"Greenville, United States",US,2026-08-24,1,https://www.aviasales.com/search/ORD2408GSP1?marker=741311
107,119,USD,SEA,ALW,"Walla Walla, United States",US,2026-09-01,0,https://www.aviasales.com/search/SEA0109ALW1?marker=741311
108,119,USD,ORD,MKG,"Muskegon, United States",US,2026-08-05,0,https://www.aviasales.com/search/ORD0508MKG1?marker=741311
109,120,USD,MIA,GEO,"Georgetown, Guyana",GY,2026-08-05,1,https://www.aviasales.com/search/MIA0508GEO1?marker=741311
110,120,USD,JFK,BAQ,"Barranquilla, Colombia",CO,2026-11-17,1,https://www.aviasales.com/search/JFK1711BAQ1?marker=741311
111,120,USD,PHX,PVU,"Provo, United States",US,2026-08-01,0,https://www.aviasales.com/search/PHX0108PVU1?marker=741311
112,121,USD,MIA,SAL,"San Salvador, El Salvador",SV,2026-08-18,1,https://www.aviasales.com/search/MIA1808SAL1?marker=741311
113,121,USD,IAH,TIJ,"Tijuana, Mexico",MX,2026-09-02,1,https://www.aviasales.com/search/IAH0209TIJ1?marker=741311
114,121,USD,SAN,SBA,"Santa Barbara, United States",US,2026-08-08,0,https://www.aviasales.com/search/SAN0808SBA1?marker=741311
115,121,USD,PHX,SVC,"Silver City, United States",US,2026-08-06,0,https://www.aviasales.com/search/PHX0608SVC1?marker=741311
116,122,USD,TPA,SDF,"Louisville, United States",US,2026-08-06,0,https://www.aviasales.com/search/TPA0608SDF1?marker=741311
117,122,USD,MCO,QRO,"Queretaro, Mexico",MX,2026-11-19,1,https://www.aviasales.com/search/MCO1911QRO1?marker=741311
118,122,USD,DFW,ACV,"Arcata, United States",US,2026-08-28,1,https://www.aviasales.com/search/DFW2808ACV1?marker=741311
119,122,USD,PHX,EUG,"Eugene, United States",US,2026-10-13,1,https://www.aviasales.com/search/PHX1310EUG1?marker=741311
120,123,USD,MIA,MDE,"Medellin, Colombia",CO,2026-09-18,1,https://www.aviasales.com/search/MIA1809MDE1?marker=741311
121,124,USD,IAD,CAE,"Columbia, United States",US,2026-08-05,0,https://www.aviasales.com/search/IAD0508CAE1?marker=741311
122,124,USD,ORD,AVL,"Asheville, United States",US,2026-08-05,0,https://www.aviasales.com/search/ORD0508AVL1?marker=741311
123,124,USD,IAH,ZIH,"Ixtapa, Mexico",MX,2026-10-07,1,https://www.aviasales.com/search/IAH0710ZIH1?marker=741311
124,125,USD,JFK,GUA,"Guatemala City, Guatemala",GT,2026-11-01,1,https://www.aviasales.com/search/JFK0111GUA1?marker=741311
125,125,USD,BNA,FSD,"Sioux Falls, United States",US,2026-08-07,0,https://www.aviasales.com/search/BNA0708FSD1?marker=741311
126,125,USD,SEA,FCA,"Kalispell, United States",US,2026-08-08,0,https://www.aviasales.com/search/SEA0808FCA1?marker=741311
127,126,USD,IAH,PVR,"Puerto Vallarta, Mexico",MX,2026-08-21,1,https://www.aviasales.com/search/IAH2108PVR1?marker=741311
128,127,USD,ATL,SAV,"Savannah, United States",US,2026-08-20,1,https://www.aviasales.com/search/ATL2008SAV1?marker=741311
129,127,USD,MCO,MSN,"Madison, United States",US,2026-08-15,0,https://www.aviasales.com/search/MCO1508MSN1?marker=741311
130,127,USD,LAX,SJD,"San Jose Del Cabo, Mexico",MX,2026-09-02,1,https://www.aviasales.com/search/LAX0209SJD1?marker=741311
131,128,USD,TPA,TYS,"Knoxville, United States",US,2026-08-01,0,https://www.aviasales.com/search/TPA0108TYS1?marker=741311
132,129,USD,LAS,BFL,"Bakersfield, United States",US,2026-08-11,1,https://www.aviasales.com/search/LAS1108BFL1?marker=741311
133,129,USD,IAD,ROA,"Roanoke, United States",US,2026-08-11,0,https://www.aviasales.com/search/IAD1108ROA1?marker=741311
134,130,USD,LAX,IPL,"Imperial, United States",US,2026-08-08,0,https://www.aviasales.com/search/LAX0808IPL1?marker=741311
135,131,USD,DFW,MKE,"Milwaukee, United States",US,2026-08-22,1,https://www.aviasales.com/search/DFW2208MKE1?marker=741311
136,131,USD,TPA,SAP,"San Pedro Sula, Honduras",HN,2026-11-02,2,https://www.aviasales.com/search/TPA0211SAP1?marker=741311
137,131,USD,MIA,SRQ,"Sarasota, United States",US,2026-08-27,1,https://www.aviasales.com/search/MIA2708SRQ1?marker=741311
138,131,USD,JFK,VPS,"Fort Walton Beach, United States",US,2026-08-21,1,https://www.aviasales.com/search/JFK2108VPS1?marker=741311
139,133,USD,MCO,PVD,"Providence, United States",US,2026-08-05,0,https://www.aviasales.com/search/MCO0508PVD1?marker=741311
140,133,USD,LAX,GRR,"Grand Rapids, United States",US,2026-09-10,1,https://www.aviasales.com/search/LAX1009GRR1?marker=741311
141,133,USD,SEA,GFK,"Grand Forks, United States",US,2026-10-31,1,https://www.aviasales.com/search/SEA3110GFK1?marker=741311
142,134,USD,SAN,OGG,"Kahului, United States",US,2026-08-12,0,https://www.aviasales.com/search/SAN1208OGG1?marker=741311
143,134,USD,LAS,PGA,"Page, United States",US,2026-08-06,0,https://www.aviasales.com/search/LAS0608PGA1?marker=741311
144,135,USD,IAH,LIT,"Little Rock, United States",US,2026-08-10,1,https://www.aviasales.com/search/IAH1008LIT1?marker=741311
145,135,USD,JFK,HYA,"Hyannis, United States",US,2026-08-10,0,https://www.aviasales.com/search/JFK1008HYA1?marker=741311
146,135,USD,IAH,TUS,"Tucson, United States",US,2026-08-19,1,https://www.aviasales.com/search/IAH1908TUS1?marker=741311
147,136,USD,FLL,LEX,"Lexington, United States",US,2026-08-05,1,https://www.aviasales.com/search/FLL0508LEX1?marker=741311
148,137,USD,FLL,SXM,"Sint Maarten, Sint Maarten",SX,2026-09-18,0,https://www.aviasales.com/search/FLL1809SXM1?marker=741311
149,137,USD,SEA,HLN,"Helena, United States",US,2026-08-12,0,https://www.aviasales.com/search/SEA1208HLN1?marker=741311
150,138,USD,JFK,ROM,"Rome, Italy",IT,2026-10-20,0,https://www.aviasales.com/search/JFK2010ROM1?marker=741311
151,138,USD,LAX,STS,"Santa Rosa, United States",US,2026-08-10,0,https://www.aviasales.com/search/LAX1008STS1?marker=741311
152,139,USD,MIA,LIM,"Lima, Peru",PE,2026-10-12,1,https://www.aviasales.com/search/MIA1210LIM1?marker=741311
153,139,USD,JFK,ATH,"Athens, Greece",GR,2026-10-12,0,https://www.aviasales.com/search/JFK1210ATH1?marker=741311
154,139,USD,LAX,MRY,"Monterey, United States",US,2026-08-04,0,https://www.aviasales.com/search/LAX0408MRY1?marker=741311
155,140,USD,ORD,GYE,"Guayaquil, Ecuador",EC,2026-11-01,1,https://www.aviasales.com/search/ORD0111GYE1?marker=741311
156,140,USD,IAH,BHM,"Birmingham, United States",US,2026-08-10,0,https://www.aviasales.com/search/IAH1008BHM1?marker=741311
157,140,USD,PDX,GPT,"Gulfport, United States",US,2026-08-05,2,https://www.aviasales.com/search/PDX0508GPT1?marker=741311
158,141,USD,MCO,LON,"London, United Kingdom",GB,2026-08-02,0,https://www.aviasales.com/search/MCO0208LON1?marker=741311
159,141,USD,MCO,PSE,"Ponce, Puerto Rico",PR,2026-10-08,0,https://www.aviasales.com/search/MCO0810PSE1?marker=741311
160,141,USD,MCO,BQN,"Aguadilla, Puerto Rico",PR,2026-10-17,0,https://www.aviasales.com/search/MCO1710BQN1?marker=741311
161,142,USD,JFK,KIN,"Kingston, Jamaica",JM,2026-09-30,1,https://www.aviasales.com/search/JFK3009KIN1?marker=741311
162,142,USD,ORD,ICT,"Wichita, United States",US,2026-08-04,0,https://www.aviasales.com/search/ORD0408ICT1?marker=741311
163,143,USD,MCO,PUJ,"Punta Cana, Dominican Republic",DO,2026-08-31,1,https://www.aviasales.com/search/MCO3108PUJ1?marker=741311
164,144,USD,JFK,MBJ,"Montego Bay, Jamaica",JM,2026-10-30,1,https://www.aviasales.com/search/JFK3010MBJ1?marker=741311
165,144,USD,MIA,CUR,"Curacao, Curaçao",CW,2026-11-11,1,https://www.aviasales.com/search/MIA1111CUR1?marker=741311
166,144,USD,SFO,BOG,"Bogota, Colombia",CO,2026-08-29,1,https://www.aviasales.com/search/SFO2908BOG1?marker=741311
167,145,USD,JFK,SDQ,"Santo Domingo, Dominican Republic",DO,2026-08-19,1,https://www.aviasales.com/search/JFK1908SDQ1?marker=741311
168,145,USD,MIA,GGT,"George Town, Bahamas",BS,2026-08-01,1,https://www.aviasales.com/search/MIA0108GGT1?marker=741311
169,145,USD,JFK,STI,"Santiago, Dominican Republic",DO,2026-10-13,1,https://www.aviasales.com/search/JFK1310STI1?marker=741311
170,145,USD,PDX,LIH,"Kauai Island, United States",US,2026-09-01,2,https://www.aviasales.com/search/PDX0109LIH1?marker=741311
171,146,USD,ATL,BGR,"Bangor, United States",US,2026-09-02,1,https://www.aviasales.com/search/ATL0209BGR1?marker=741311
172,146,USD,ATL,FWA,"Fort Wayne, United States",US,2026-08-05,1,https://www.aviasales.com/search/ATL0508FWA1?marker=741311
173,146,USD,MIA,CLO,"Cali, Colombia",CO,2026-12-10,0,https://www.aviasales.com/search/MIA1012CLO1?marker=741311
174,146,USD,MIA,HAV,"Havana, Cuba",CU,2026-12-13,1,https://www.aviasales.com/search/MIA1312HAV1?marker=741311
175,146,USD,ORD,RAP,"Rapid City, United States",US,2026-08-26,0,https://www.aviasales.com/search/ORD2608RAP1?marker=741311
176,148,USD,IAD,HSV,"Huntsville, United States",US,2026-08-03,0,https://www.aviasales.com/search/IAD0308HSV1?marker=741311
177,148,USD,ORD,FOD,"Fort Dodge, United States",US,2026-08-17,0,https://www.aviasales.com/search/ORD1708FOD1?marker=741311
178,148,USD,SEA,FAI,"Fairbanks, United States",US,2026-08-10,0,https://www.aviasales.com/search/SEA1008FAI1?marker=741311
179,150,USD,JFK,BDA,"Bermuda, Bermuda",BM,2026-09-21,0,https://www.aviasales.com/search/JFK2109BDA1?marker=741311
180,151,USD,SEA,ANC,"Anchorage, United States",US,2026-08-10,0,https://www.aviasales.com/search/SEA1008ANC1?marker=741311
181,151,USD,DCA,ILM,"Wilmington, United States",US,2026-08-05,0,https://www.aviasales.com/search/DCA0508ILM1?marker=741311
182,152,USD,ORD,MLI,"Moline, United States",US,2026-08-08,0,https://www.aviasales.com/search/ORD0808MLI1?marker=741311
183,152,USD,PHX,GCN,"Grand Canyon, United States",US,2026-08-05,0,https://www.aviasales.com/search/PHX0508GCN1?marker=741311
184,152,USD,ORD,GSO,"Greensboro, United States",US,2026-08-08,0,https://www.aviasales.com/search/ORD0808GSO1?marker=741311
185,152,USD,PHL,DSM,"Des Moines, United States",US,2026-09-05,0,https://www.aviasales.com/search/PHL0509DSM1?marker=741311
186,152,USD,ORD,LAF,"Lafayette, United States",US,2026-08-07,0,https://www.aviasales.com/search/ORD0708LAF1?marker=741311
187,153,USD,DFW,BRO,"Brownsville, United States",US,2026-09-10,1,https://www.aviasales.com/search/DFW1009BRO1?marker=741311
188,153,USD,AUS,CTG,"Cartagena, Colombia",CO,2026-08-22,2,https://www.aviasales.com/search/AUS2208CTG1?marker=741311
189,154,USD,FLL,SJO,"San Jose, Costa Rica",CR,2026-09-08,0,https://www.aviasales.com/search/FLL0809SJO1?marker=741311
190,154,USD,ORD,ORH,"Worcester, United States",US,2026-08-10,1,https://www.aviasales.com/search/ORD1008ORH1?marker=741311
191,155,USD,FLL,YOW,"Ottawa, Canada",CA,2026-10-01,1,https://www.aviasales.com/search/FLL0110YOW1?marker=741311
192,155,USD,MCO,SBN,"South Bend, United States",US,2026-08-21,2,https://www.aviasales.com/search/MCO2108SBN1?marker=741311
193,157,USD,MCO,YWG,"Winnipeg, Canada",CA,2026-08-11,2,https://www.aviasales.com/search/MCO1108YWG1?marker=741311
194,157,USD,SFO,KOA,"Kailua-Kona, United States",US,2026-09-01,0,https://www.aviasales.com/search/SFO0109KOA1?marker=741311
195,158,USD,ORD,SGF,"Springfield, United States",US,2026-09-10,0,https://www.aviasales.com/search/ORD1009SGF1?marker=741311
196,159,USD,ATL,ECP,"Panama City, United States",US,2026-10-23,1,https://www.aviasales.com/search/ATL2310ECP1?marker=741311
197,160,USD,MCO,FYV,"Fayetteville, United States",US,2026-08-03,0,https://www.aviasales.com/search/MCO0308FYV1?marker=741311
198,161,USD,ORD,SPI,"Springfield, United States",US,2026-08-09,0,https://www.aviasales.com/search/ORD0908SPI1?marker=741311
199,162,USD,CLT,AGS,"Augusta, United States",US,2026-08-07,0,https://www.aviasales.com/search/CLT0708AGS1?marker=741311
200,162,USD,DFW,BTR,"Baton Rouge, United States",US,2026-08-08,0,https://www.aviasales.com/search/DFW0808BTR1?marker=741311
201,162,USD,ORD,MHK,"Manhattan, United States",US,2026-08-07,0,https://www.aviasales.com/search/ORD0708MHK1?marker=741311
202,162,USD,DFW,ABI,"Abilene, United States",US,2026-08-08,0,https://www.aviasales.com/search/DFW0808ABI1?marker=741311
203,162,USD,DFW,CRP,"Corpus Christi, United States",US,2026-08-05,1,https://www.aviasales.com/search/DFW0508CRP1?marker=741311
204,162,USD,ORD,BMI,"Bloomington, United States",US,2026-08-04,0,https://www.aviasales.com/search/ORD0408BMI1?marker=741311
205,162,USD,JFK,BGI,"Bridgetown, Barbados",BB,2026-10-05,1,https://www.aviasales.com/search/JFK0510BGI1?marker=741311
206,162,USD,CLT,SBY,"Salisbury-Ocean City, United States",US,2026-08-10,0,https://www.aviasales.com/search/CLT1008SBY1?marker=741311
207,163,USD,IAH,HRL,"Harlingen, United States",US,2026-08-07,1,https://www.aviasales.com/search/IAH0708HRL1?marker=741311
208,163,USD,MCO,SLP,"San Luis Potosi, Mexico",MX,2026-11-18,1,https://www.aviasales.com/search/MCO1811SLP1?marker=741311
209,163,USD,ORD,IWD,"Ironwood, United States",US,2026-08-07,0,https://www.aviasales.com/search/ORD0708IWD1?marker=741311
210,163,USD,AUS,VER,"Veracruz, Mexico",MX,2026-09-02,1,https://www.aviasales.com/search/AUS0209VER1?marker=741311
211,164,USD,LAX,PSC,"Pasco, United States",US,2026-08-09,0,https://www.aviasales.com/search/LAX0908PSC1?marker=741311
212,165,USD,ORD,BTV,"Burlington, United States",US,2026-09-09,0,https://www.aviasales.com/search/ORD0909BTV1?marker=741311
213,165,USD,IAH,CUU,"Chihuahua, Mexico",MX,2026-08-09,1,https://www.aviasales.com/search/IAH0908CUU1?marker=741311
214,165,USD,LAS,LMM,"Los Mochis, Mexico",MX,2026-08-05,1,https://www.aviasales.com/search/LAS0508LMM1?marker=741311
215,168,USD,ORD,MWA,"Marion, United States",US,2026-08-07,0,https://www.aviasales.com/search/ORD0708MWA1?marker=741311
216,169,USD,LAS,MFE,"McAllen, United States",US,2026-08-12,0,https://www.aviasales.com/search/LAS1208MFE1?marker=741311
217,170,USD,LAX,OAX,"Oaxaca, Mexico",MX,2026-10-25,2,https://www.aviasales.com/search/LAX2510OAX1?marker=741311
218,170,USD,FLL,PGD,"Punta Gorda, United States",US,2026-08-07,1,https://www.aviasales.com/search/FLL0708PGD1?marker=741311
219,171,USD,DFW,HMO,"Hermosillo, Mexico",MX,2026-08-11,1,https://www.aviasales.com/search/DFW1108HMO1?marker=741311
220,172,USD,MIA,UIO,"Quito, Ecuador",EC,2026-10-01,2,https://www.aviasales.com/search/MIA0110UIO1?marker=741311
221,172,USD,JFK,STT,"Saint Thomas, U.S. Virgin Islands",VI,2026-12-31,0,https://www.aviasales.com/search/JFK3112STT1?marker=741311
222,174,USD,DFW,ZCL,"Zacatecas, Mexico",MX,2026-09-05,3,https://www.aviasales.com/search/DFW0509ZCL1?marker=741311
223,174,USD,JFK,GCM,"Georgetown, Cayman Islands",KY,2027-01-06,1,https://www.aviasales.com/search/JFK0601GCM1?marker=741311
224,174,USD,LAX,DGO,"Durango, Mexico",MX,2026-08-10,1,https://www.aviasales.com/search/LAX1008DGO1?marker=741311
225,174,USD,SFO,MFR,"Medford, United States",US,2026-08-05,1,https://www.aviasales.com/search/SFO0508MFR1?marker=741311
226,174,USD,SEA,PUW,"Pullman, United States",US,2026-08-17,0,https://www.aviasales.com/search/SEA1708PUW1?marker=741311
227,175,USD,ORD,LBB,"Lubbock, United States",US,2026-09-12,1,https://www.aviasales.com/search/ORD1209LBB1?marker=741311
228,176,USD,ORD,MAD,"Madrid, Spain",ES,2026-09-28,2,https://www.aviasales.com/search/ORD2809MAD1?marker=741311
229,176,USD,LAX,RDD,"Redding, United States",US,2026-09-15,1,https://www.aviasales.com/search/LAX1509RDD1?marker=741311
230,178,USD,JFK,TIA,"Tirana, Albania",AL,2026-09-29,1,https://www.aviasales.com/search/JFK2909TIA1?marker=741311
231,179,USD,ORD,EAU,"Eau Claire, United States",US,2026-08-09,0,https://www.aviasales.com/search/ORD0908EAU1?marker=741311
232,179,USD,SLC,SNU,"Santa Clara, Cuba",CU,2026-09-28,2,https://www.aviasales.com/search/SLC2809SNU1?marker=741311
233,180,USD,JFK,MIL,"Milan, Italy",IT,2026-10-13,2,https://www.aviasales.com/search/JFK1310MIL1?marker=741311
234,180,USD,DEN,EAR,"Kearney, United States",US,2026-08-24,0,https://www.aviasales.com/search/DEN2408EAR1?marker=741311
235,181,USD,LAX,ACA,"Acapulco, Mexico",MX,2026-08-05,1,https://www.aviasales.com/search/LAX0508ACA1?marker=741311
236,182,USD,ATL,MOB,"Mobile, United States",US,2026-08-12,1,https://www.aviasales.com/search/ATL1208MOB1?marker=741311
237,182,USD,TPA,YHZ,"Halifax, Canada",CA,2026-11-01,1,https://www.aviasales.com/search/TPA0111YHZ1?marker=741311
238,184,USD,LAX,LAP,"La Paz, Mexico",MX,2026-08-14,2,https://www.aviasales.com/search/LAX1408LAP1?marker=741311
239,185,USD,MSP,YQR,"Regina, Canada",CA,2026-08-12,2,https://www.aviasales.com/search/MSP1208YQR1?marker=741311
240,185,USD,PHL,CAK,"Akron, United States",US,2026-08-10,1,https://www.aviasales.com/search/PHL1008CAK1?marker=741311
241,185,USD,LAX,ASE,"Aspen, United States",US,2027-01-11,0,https://www.aviasales.com/search/LAX1101ASE1?marker=741311
242,186,USD,SEA,YXS,"Prince George, Canada",CA,2026-08-21,2,https://www.aviasales.com/search/SEA2108YXS1?marker=741311
243,187,USD,ATL,TGZ,"Tuxtla Gutierrez, Mexico",MX,2026-10-01,1,https://www.aviasales.com/search/ATL0110TGZ1?marker=741311
244,187,USD,LAX,BZE,"Belize City, Belize",BZ,2026-09-18,1,https://www.aviasales.com/search/LAX1809BZE1?marker=741311
245,188,USD,ORD,DAY,"Dayton, United States",US,2026-09-01,0,https://www.aviasales.com/search/ORD0109DAY1?marker=741311
246,188,USD,ORD,YCD,"Nanaimo, Canada",CA,2026-08-27,1,https://www.aviasales.com/search/ORD2708YCD1?marker=741311
247,191,USD,JFK,PAR,"Paris, France",FR,2026-10-15,1,https://www.aviasales.com/search/JFK1510PAR1?marker=741311
248,191,USD,SEA,CPH,"Copenhagen, Denmark",DK,2026-08-30,1,https://www.aviasales.com/search/SEA3008CPH1?marker=741311
249,192,USD,FLL,HPN,"Westchester County, United States",US,2026-08-11,1,https://www.aviasales.com/search/FLL1108HPN1?marker=741311
250,192,USD,SAN,YQQ,"Comox, Canada",CA,2026-10-31,1,https://www.aviasales.com/search/SAN3110YQQ1?marker=741311
251,193,USD,JFK,AUA,"Oranjestad, Aruba",AW,2027-01-06,0,https://www.aviasales.com/search/JFK0601AUA1?marker=741311
252,194,USD,ORD,DLH,"Duluth, United States",US,2026-09-12,0,https://www.aviasales.com/search/ORD1209DLH1?marker=741311
253,195,USD,JFK,BCN,"Barcelona, Spain",ES,2026-10-20,1,https://www.aviasales.com/search/JFK2010BCN1?marker=741311
254,195,USD,DFW,MGM,"Montgomery, United States",US,2026-08-08,0,https://www.aviasales.com/search/DFW0808MGM1?marker=741311
255,196,USD,JFK,BUD,"Budapest, Hungary",HU,2026-09-29,1,https://www.aviasales.com/search/JFK2909BUD1?marker=741311
256,199,USD,ORD,JAC,"Jackson, United States",US,2026-09-18,0,https://www.aviasales.com/search/ORD1809JAC1?marker=741311
257,200,USD,ATL,FNT,"Flint, United States",US,2026-08-11,1,https://www.aviasales.com/search/ATL1108FNT1?marker=741311
258,200,USD,DFW,AGU,"Aguascalientes, Mexico",MX,2026-09-04,2,https://www.aviasales.com/search/DFW0409AGU1?marker=741311
259,200,USD,PHX,BLI,"Bellingham, United States",US,2026-08-05,1,https://www.aviasales.com/search/PHX0508BLI1?marker=741311
260,200,USD,LAX,TAM,"Tampico, Mexico",MX,2026-08-04,2,https://www.aviasales.com/search/LAX0408TAM1?marker=741311
261,201,USD,MIA,TQO,"Tulum, Mexico",MX,2026-09-26,2,https://www.aviasales.com/search/MIA2609TQO1?marker=741311
262,202,USD,IAH,LIR,"Liberia, Costa Rica",CR,2026-10-01,1,https://www.aviasales.com/search/IAH0110LIR1?marker=741311
263,203,USD,JFK,POS,"Port Of Spain, Trinidad and Tobago",TT,2026-09-15,0,https://www.aviasales.com/search/JFK1509POS1?marker=741311
264,203,USD,SEA,JNU,"Juneau, United States",US,2026-08-15,0,https://www.aviasales.com/search/SEA1508JNU1?marker=741311
265,203,USD,JFK,OSL,"Oslo, Norway",NO,2027-01-04,1,https://www.aviasales.com/search/JFK0401OSL1?marker=741311
266,204,USD,JFK,WAW,"Warsaw, Poland",PL,2026-10-21,1,https://www.aviasales.com/search/JFK2110WAW1?marker=741311
267,204,USD,DFW,LNK,"Lincoln, United States",US,2026-08-07,1,https://www.aviasales.com/search/DFW0708LNK1?marker=741311
268,205,USD,TPA,LAN,"Lansing, United States",US,2026-08-01,1,https://www.aviasales.com/search/TPA0108LAN1?marker=741311
269,206,USD,MIA,HOG,"Holguin, Cuba",CU,2026-08-13,0,https://www.aviasales.com/search/MIA1308HOG1?marker=741311
270,206,USD,ORD,MHT,"Manchester, United States",US,2026-08-08,0,https://www.aviasales.com/search/ORD0808MHT1?marker=741311
271,206,USD,AUS,TRI,"Blountville, United States",US,2026-08-07,1,https://www.aviasales.com/search/AUS0708TRI1?marker=741311
272,207,USD,JFK,FRA,"Frankfurt, Germany",DE,2026-10-19,2,https://www.aviasales.com/search/JFK1910FRA1?marker=741311
273,207,USD,PHL,MLB,"Melbourne, United States",US,2026-11-12,1,https://www.aviasales.com/search/PHL1211MLB1?marker=741311
274,208,USD,JFK,SKB,"Basseterre, Saint Kitts and Nevis",KN,2026-08-20,0,https://www.aviasales.com/search/JFK2008SKB1?marker=741311
275,208,USD,SEA,YKM,"Yakima, United States",US,2026-08-09,0,https://www.aviasales.com/search/SEA0908YKM1?marker=741311
276,210,USD,DEN,WYS,"West Yellowstone, United States",US,2026-08-28,0,https://www.aviasales.com/search/DEN2808WYS1?marker=741311
277,211,USD,JFK,GDN,"Gdansk, Poland",PL,2026-10-21,3,https://www.aviasales.com/search/JFK2110GDN1?marker=741311
278,213,USD,MCO,AGP,"Malaga, Spain",ES,2026-08-09,1,https://www.aviasales.com/search/MCO0908AGP1?marker=741311
279,213,USD,LAS,IDA,"Idaho Falls, United States",US,2026-08-09,1,https://www.aviasales.com/search/LAS0908IDA1?marker=741311
280,214,USD,JFK,PRG,"Prague, Czech Republic",CZ,2026-08-22,1,https://www.aviasales.com/search/JFK2208PRG1?marker=741311
281,214,USD,LAX,ITO,"Hilo, United States",US,2026-10-01,2,https://www.aviasales.com/search/LAX0110ITO1?marker=741311
282,216,USD,MCO,SVQ,"Sevilla, Spain",ES,2026-08-09,1,https://www.aviasales.com/search/MCO0908SVQ1?marker=741311
283,217,USD,JFK,DUB,"Dublin, Ireland",IE,2026-08-11,1,https://www.aviasales.com/search/JFK1108DUB1?marker=741311
284,217,USD,ORD,SCE,"State College, United States",US,2026-08-07,1,https://www.aviasales.com/search/ORD0708SCE1?marker=741311
285,217,USD,JFK,BRU,"Brussels, Belgium",BE,2026-08-30,1,https://www.aviasales.com/search/JFK3008BRU1?marker=741311
286,218,USD,JFK,GND,"St. George's, Grenada",GD,2026-08-20,1,https://www.aviasales.com/search/JFK2008GND1?marker=741311
287,218,USD,LAX,HAR,"Harrisburg, United States",US,2026-08-18,3,https://www.aviasales.com/search/LAX1808HAR1?marker=741311
288,218,USD,SEA,RST,"Rochester, United States",US,2026-08-07,2,https://www.aviasales.com/search/SEA0708RST1?marker=741311
289,219,USD,DFW,CMX,"Hancock, United States",US,2026-08-01,1,https://www.aviasales.com/search/DFW0108CMX1?marker=741311
290,220,USD,ORD,COS,"Colorado Springs, United States",US,2026-08-19,0,https://www.aviasales.com/search/ORD1908COS1?marker=741311
291,220,USD,LAS,YEA,"Edmonton, Canada",CA,2026-08-14,2,https://www.aviasales.com/search/LAS1408YEA1?marker=741311
292,223,USD,MCO,RIO,"Rio de Janeiro, Brazil",BR,2027-01-20,1,https://www.aviasales.com/search/MCO2001RIO1?marker=741311
293,223,USD,LAX,TYO,"Tokyo, Japan",JP,2026-08-29,0,https://www.aviasales.com/search/LAX2908TYO1?marker=741311
294,224,USD,JFK,VCE,"Venice, Italy",IT,2026-09-28,1,https://www.aviasales.com/search/JFK2809VCE1?marker=741311
295,224,USD,ORD,CKB,"Clarksburg, United States",US,2026-08-08,0,https://www.aviasales.com/search/ORD0808CKB1?marker=741311
296,224,USD,MCO,LRD,"Laredo, United States",US,2026-08-02,2,https://www.aviasales.com/search/MCO0208LRD1?marker=741311
297,225,USD,ORD,BHX,"Birmingham, United Kingdom",GB,2026-11-28,2,https://www.aviasales.com/search/ORD2811BHX1?marker=741311
298,226,USD,BOS,FDF,"Fort-de-France, Martinique",MQ,2026-09-10,2,https://www.aviasales.com/search/BOS1009FDF1?marker=741311
299,226,USD,SEA,KTN,"Ketchikan, United States",US,2026-08-08,0,https://www.aviasales.com/search/SEA0808KTN1?marker=741311
300,227,USD,MIA,BUE,"Buenos Aires, Argentina",AR,2026-10-27,1,https://www.aviasales.com/search/MIA2710BUE1?marker=741311
301,227,USD,JFK,TLL,"Tallinn, Estonia",EE,2026-09-25,1,https://www.aviasales.com/search/JFK2509TLL1?marker=741311
302,228,USD,JFK,VNO,"Vilnius, Lithuania",LT,2026-09-29,2,https://www.aviasales.com/search/JFK2909VNO1?marker=741311
303,228,USD,SFO,PRC,"Prescott, United States",US,2026-08-05,1,https://www.aviasales.com/search/SFO0508PRC1?marker=741311
304,229,USD,ATL,YQB,"Quebec, Canada",CA,2026-09-24,2,https://www.aviasales.com/search/ATL2409YQB1?marker=741311
305,230,USD,MCO,CWB,"Curitiba, Brazil",BR,2026-10-07,2,https://www.aviasales.com/search/MCO0710CWB1?marker=741311
306,231,USD,TPA,PTY,"Panama City, Panama",PA,2026-08-23,1,https://www.aviasales.com/search/TPA2308PTY1?marker=741311
307,232,USD,JFK,BOJ,"Bourgas, Bulgaria",BG,2026-09-25,1,https://www.aviasales.com/search/JFK2509BOJ1?marker=741311
308,233,USD,CLT,ERI,"Erie, United States",US,2026-08-21,1,https://www.aviasales.com/search/CLT2108ERI1?marker=741311
309,233,USD,PDX,RDM,"Redmond, United States",US,2026-08-06,0,https://www.aviasales.com/search/PDX0608RDM1?marker=741311
310,234,USD,ORD,ALO,"Waterloo, United States",US,2026-08-11,0,https://www.aviasales.com/search/ORD1108ALO1?marker=741311
311,236,USD,JFK,KUT,"Kutaisi, Georgia",GE,2026-10-15,2,https://www.aviasales.com/search/JFK1510KUT1?marker=741311
312,237,USD,JFK,AMS,"Amsterdam, Netherlands",NL,2026-09-25,1,https://www.aviasales.com/search/JFK2509AMS1?marker=741311
313,237,USD,SFO,TPE,"Taipei, Taiwan",TW,2026-09-28,1,https://www.aviasales.com/search/SFO2809TPE1?marker=741311
314,237,USD,ORD,ATW,"Appleton, United States",US,2026-08-09,0,https://www.aviasales.com/search/ORD0908ATW1?marker=741311
315,237,USD,ORD,GRB,"Green Bay, United States",US,2026-08-09,0,https://www.aviasales.com/search/ORD0908GRB1?marker=741311
316,238,USD,DTW,TVC,"Traverse City, United States",US,2027-01-28,1,https://www.aviasales.com/search/DTW2801TVC1?marker=741311
317,239,USD,ORD,MBS,"Saginaw, United States",US,2026-08-08,0,https://www.aviasales.com/search/ORD0808MBS1?marker=741311
318,239,USD,SFO,FLO,"Florence, United States",US,2026-10-03,1,https://www.aviasales.com/search/SFO0310FLO1?marker=741311
319,240,USD,JFK,BUH,"Bucharest, Romania",RO,2026-09-14,1,https://www.aviasales.com/search/JFK1409BUH1?marker=741311
320,240,USD,BOS,BHB,"Bar Harbor, United States",US,2026-08-06,0,https://www.aviasales.com/search/BOS0608BHB1?marker=741311
321,241,USD,MIA,LNS,"Lancaster, United States",US,2026-08-06,2,https://www.aviasales.com/search/MIA0608LNS1?marker=741311
322,241,USD,PDX,YKA,"Kamloops, Canada",CA,2026-08-05,1,https://www.aviasales.com/search/PDX0508YKA1?marker=741311
323,242,USD,SEA,BER,"Berlin, Germany",DE,2026-10-21,1,https://www.aviasales.com/search/SEA2110BER1?marker=741311
324,242,USD,LAX,EGE,"Vail, United States",US,2027-01-01,0,https://www.aviasales.com/search/LAX0101EGE1?marker=741311
325,243,USD,JFK,IBZ,"Ibiza, Spain",ES,2026-08-17,1,https://www.aviasales.com/search/JFK1708IBZ1?marker=741311
326,243,USD,MCO,AXM,"Armenia, Colombia",CO,2026-08-15,2,https://www.aviasales.com/search/MCO1508AXM1?marker=741311
327,244,USD,MIA,CUZ,"Cusco, Peru",PE,2026-08-22,2,https://www.aviasales.com/search/MIA2208CUZ1?marker=741311
328,244,USD,PHX,CUL,"Culiacan, Mexico",MX,2026-08-05,1,https://www.aviasales.com/search/PHX0508CUL1?marker=741311
329,245,USD,BOS,RTB,"Roatan, Honduras",HN,2027-01-30,2,https://www.aviasales.com/search/BOS3001RTB1?marker=741311
330,245,USD,BOS,PDL,"Ponta Delgada, Portugal",PT,2026-08-23,1,https://www.aviasales.com/search/BOS2308PDL1?marker=741311
331,246,USD,ORD,MSO,"Missoula, United States",US,2026-08-12,1,https://www.aviasales.com/search/ORD1208MSO1?marker=741311
332,247,USD,MIA,BOD,"Bordeaux, France",FR,2026-09-17,1,https://www.aviasales.com/search/MIA1709BOD1?marker=741311
333,248,USD,PHX,MXL,"Mexicali, Mexico",MX,2026-08-05,1,https://www.aviasales.com/search/PHX0508MXL1?marker=741311
334,248,USD,JFK,OLB,"Olbia, Italy",IT,2026-08-17,1,https://www.aviasales.com/search/JFK1708OLB1?marker=741311
335,248,USD,SEA,EAT,"Wenatchee, United States",US,2026-08-06,0,https://www.aviasales.com/search/SEA0608EAT1?marker=741311
336,249,USD,MIA,SCL,"Santiago, Chile",CL,2026-09-13,2,https://www.aviasales.com/search/MIA1309SCL1?marker=741311
337,249,USD,JFK,FLR,"Florence, Italy",IT,2026-09-25,2,https://www.aviasales.com/search/JFK2509FLR1?marker=741311
338,250,USD,JFK,LCA,"Larnaca, Cyprus",CY,2026-09-20,1,https://www.aviasales.com/search/JFK2009LCA1?marker=741311
339,251,USD,JFK,WRO,"Wroclaw, Poland",PL,2026-09-17,1,https://www.aviasales.com/search/JFK1709WRO1?marker=741311
340,252,USD,JFK,CAI,"Cairo, Egypt",EG,2026-08-20,1,https://www.aviasales.com/search/JFK2008CAI1?marker=741311
341,252,USD,PDX,EVN,"Yerevan, Armenia",AM,2026-09-05,2,https://www.aviasales.com/search/PDX0509EVN1?marker=741311
342,252,USD,MIA,VRB,"Vero Beach, United States",US,2026-09-07,2,https://www.aviasales.com/search/MIA0709VRB1?marker=741311
343,252,USD,MIA,SAO,"Sao Paulo, Brazil",BR,2026-09-26,1,https://www.aviasales.com/search/MIA2609SAO1?marker=741311
344,252,USD,CLT,JAN,"Jackson, United States",US,2026-08-05,1,https://www.aviasales.com/search/CLT0508JAN1?marker=741311
345,253,USD,MIA,AVP,"Wilkes-Barre, United States",US,2026-08-30,3,https://www.aviasales.com/search/MIA3008AVP1?marker=741311
346,253,USD,JFK,MUC,"Munich, Germany",DE,2026-08-27,1,https://www.aviasales.com/search/JFK2708MUC1?marker=741311
347,253,USD,MSP,LSE,"La Crosse, United States",US,2026-08-05,2,https://www.aviasales.com/search/MSP0508LSE1?marker=741311
348,254,USD,MIA,SRZ,"Santa Cruz, Bolivia",BO,2026-09-09,1,https://www.aviasales.com/search/MIA0909SRZ1?marker=741311
349,254,USD,ORD,MNL,"Manila, Philippines",PH,2026-10-19,1,https://www.aviasales.com/search/ORD1910MNL1?marker=741311
350,255,USD,JFK,FRS,"Flores, Guatemala",GT,2026-09-25,2,https://www.aviasales.com/search/JFK2509FRS1?marker=741311
351,255,USD,LAX,YZF,"Yellowknife, Canada",CA,2027-01-19,2,https://www.aviasales.com/search/LAX1901YZF1?marker=741311
352,255,USD,PDX,FSM,"Fort Smith, United States",US,2026-08-09,1,https://www.aviasales.com/search/PDX0908FSM1?marker=741311
353,257,USD,MCO,NAP,"Naples, Italy",IT,2026-08-09,1,https://www.aviasales.com/search/MCO0908NAP1?marker=741311
354,257,USD,DFW,LCH,"Lake Charles, United States",US,2026-08-05,0,https://www.aviasales.com/search/DFW0508LCH1?marker=741311
355,258,USD,MIA,MGA,"Managua, Nicaragua",NI,2026-08-28,0,https://www.aviasales.com/search/MIA2808MGA1?marker=741311
356,258,USD,JFK,TGD,"Podgorica, Montenegro",ME,2026-09-12,1,https://www.aviasales.com/search/JFK1209TGD1?marker=741311
357,259,USD,JFK,IST,"Istanbul, Turkiye",TR,2026-10-20,1,https://www.aviasales.com/search/JFK2010IST1?marker=741311
358,259,USD,MCO,NCE,"Nice, France",FR,2026-08-09,1,https://www.aviasales.com/search/MCO0908NCE1?marker=741311
359,259,USD,JFK,FNC,"Funchal, Portugal",PT,2026-08-21,1,https://www.aviasales.com/search/JFK2108FNC1?marker=741311
360,260,USD,JFK,BEG,"Belgrade, Serbia",RS,2026-10-12,3,https://www.aviasales.com/search/JFK1210BEG1?marker=741311
361,261,USD,JFK,VLC,"Valencia, Spain",ES,2026-08-25,1,https://www.aviasales.com/search/JFK2508VLC1?marker=741311
362,261,USD,SAN,UIN,"Quincy, United States",US,2026-08-05,2,https://www.aviasales.com/search/SAN0508UIN1?marker=741311
363,263,USD,JFK,AYT,"Antalya, Turkiye",TR,2026-08-26,1,https://www.aviasales.com/search/JFK2608AYT1?marker=741311
364,263,USD,JFK,BTS,"Bratislava, Slovakia",SK,2026-09-10,2,https://www.aviasales.com/search/JFK1009BTS1?marker=741311
365,264,USD,JFK,EDI,"Edinburgh, United Kingdom",GB,2026-08-24,1,https://www.aviasales.com/search/JFK2408EDI1?marker=741311
366,264,USD,JFK,STO,"Stockholm, Sweden",SE,2026-09-12,2,https://www.aviasales.com/search/JFK1209STO1?marker=741311
367,264,USD,ORD,ABE,"Allentown, United States",US,2026-08-08,0,https://www.aviasales.com/search/ORD0808ABE1?marker=741311
368,265,USD,ORD,ALC,"Alicante, Spain",ES,2026-09-22,3,https://www.aviasales.com/search/ORD2209ALC1?marker=741311
369,265,USD,ORD,XPL,"Comayagua, Honduras",HN,2026-12-01,1,https://www.aviasales.com/search/ORD0112XPL1?marker=741311
370,265,USD,JFK,KRK,"Krakow, Poland",PL,2026-09-17,2,https://www.aviasales.com/search/JFK1709KRK1?marker=741311
371,265,USD,MCO,SCU,"Santiago, Cuba",CU,2026-08-20,1,https://www.aviasales.com/search/MCO2008SCU1?marker=741311
372,265,USD,ORD,YKF,"Kitchener, Canada",CA,2026-08-05,1,https://www.aviasales.com/search/ORD0508YKF1?marker=741311
373,266,USD,ORD,TUL,"Tulsa, United States",US,2026-08-10,0,https://www.aviasales.com/search/ORD1008TUL1?marker=741311
374,267,USD,JFK,RMO,"Chisinau, Moldova",MD,2026-10-10,2,https://www.aviasales.com/search/JFK1010RMO1?marker=741311
375,267,USD,JFK,POP,"Puerto Plata, Dominican Republic",DO,2026-08-18,0,https://www.aviasales.com/search/JFK1808POP1?marker=741311
376,267,USD,LAX,SMX,"Santa Maria, United States",US,2026-08-05,2,https://www.aviasales.com/search/LAX0508SMX1?marker=741311
377,268,USD,JFK,VIE,"Vienna, Austria",AT,2026-08-31,2,https://www.aviasales.com/search/JFK3108VIE1?marker=741311
378,269,USD,FLL,CAP,"Cap Haitien, Haiti",HT,2026-08-03,0,https://www.aviasales.com/search/FLL0308CAP1?marker=741311
379,271,USD,JFK,LIS,"Lisbon, Portugal",PT,2026-08-30,2,https://www.aviasales.com/search/JFK3008LIS1?marker=741311
380,271,USD,JFK,TCI,"Tenerife, Spain",ES,2026-09-17,1,https://www.aviasales.com/search/JFK1709TCI1?marker=741311
381,272,USD,JFK,ANU,"Saint John's, Antigua and Barbuda",AG,2026-12-31,1,https://www.aviasales.com/search/JFK3112ANU1?marker=741311
382,273,USD,JFK,IAG,"Niagara Falls, United States",US,2026-09-02,2,https://www.aviasales.com/search/JFK0209IAG1?marker=741311
383,274,USD,DFW,KUL,"Kuala Lumpur, Malaysia",MY,2026-08-03,1,https://www.aviasales.com/search/DFW0308KUL1?marker=741311
384,275,USD,LAX,MAM,"Matamoros, Mexico",MX,2026-08-10,2,https://www.aviasales.com/search/LAX1008MAM1?marker=741311
385,276,USD,JFK,OAJ,"Jacksonville, United States",US,2026-09-14,1,https://www.aviasales.com/search/JFK1409OAJ1?marker=741311
386,277,USD,JFK,RIX,"Riga, Latvia",LV,2026-08-17,2,https://www.aviasales.com/search/JFK1708RIX1?marker=741311
387,277,USD,SEA,SOF,"Sofia, Bulgaria",BG,2026-09-04,2,https://www.aviasales.com/search/SEA0409SOF1?marker=741311
388,277,USD,JFK,YXE,"Saskatoon, Canada",CA,2026-09-12,3,https://www.aviasales.com/search/JFK1209YXE1?marker=741311
389,277,USD,ORD,CMI,"Champaign, United States",US,2026-08-09,0,https://www.aviasales.com/search/ORD0908CMI1?marker=741311
390,278,USD,JFK,LYS,"Lyon, France",FR,2026-08-23,1,https://www.aviasales.com/search/JFK2308LYS1?marker=741311
391,278,USD,IAD,ISB,"Islamabad, Pakistan",PK,2026-09-16,1,https://www.aviasales.com/search/IAD1609ISB1?marker=741311
392,280,USD,BOS,OPO,"Porto, Portugal",PT,2026-11-01,1,https://www.aviasales.com/search/BOS0111OPO1?marker=741311
393,280,USD,ORD,NVA,"Neiva, Colombia",CO,2026-11-18,2,https://www.aviasales.com/search/ORD1811NVA1?marker=741311
394,280,USD,DEN,GUC,"Gunnison, United States",US,2026-08-11,0,https://www.aviasales.com/search/DEN1108GUC1?marker=741311
395,281,USD,SFO,TAP,"Tapachula, Mexico",MX,2026-08-19,2,https://www.aviasales.com/search/SFO1908TAP1?marker=741311
396,283,USD,BOS,DXB,"Dubai, United Arab Emirates",AE,2026-09-16,1,https://www.aviasales.com/search/BOS1609DXB1?marker=741311
397,283,USD,JFK,SPU,"Split, Croatia",HR,2026-08-03,1,https://www.aviasales.com/search/JFK0308SPU1?marker=741311
398,284,USD,LAX,YPW,"Powell River, Canada",CA,2026-08-07,1,https://www.aviasales.com/search/LAX0708YPW1?marker=741311
399,285,USD,JFK,HAM,"Hamburg, Germany",DE,2026-10-26,2,https://www.aviasales.com/search/JFK2610HAM1?marker=741311
400,285,USD,SLC,VEL,"Vernal, United States",US,2026-08-08,2,https://www.aviasales.com/search/SLC0808VEL1?marker=741311
401,285,USD,FLL,IPT,"Williamsport, United States",US,2026-08-10,1,https://www.aviasales.com/search/FLL1008IPT1?marker=741311
402,287,USD,MIA,ELH,"North Eleuthera, Bahamas",BS,2026-12-31,1,https://www.aviasales.com/search/MIA3112ELH1?marker=741311
403,287,USD,JFK,CGN,"Cologne, Germany",DE,2026-08-26,1,https://www.aviasales.com/search/JFK2608CGN1?marker=741311
404,289,USD,JFK,REU,"Reus, Spain",ES,2026-09-27,1,https://www.aviasales.com/search/JFK2709REU1?marker=741311
405,289,USD,ORD,JBR,"Jonesboro, United States",US,2026-08-10,2,https://www.aviasales.com/search/ORD1008JBR1?marker=741311
406,289,USD,LAS,CVN,"Clovis, United States",US,2027-01-03,1,https://www.aviasales.com/search/LAS0301CVN1?marker=741311
407,290,USD,JFK,MRS,"Marseille, France",FR,2026-08-16,1,https://www.aviasales.com/search/JFK1608MRS1?marker=741311
408,290,USD,JFK,VRN,"Verona, Italy",IT,2026-08-09,1,https://www.aviasales.com/search/JFK0908VRN1?marker=741311
409,291,USD,MIA,SLA,"Salta, Argentina",AR,2026-08-20,2,https://www.aviasales.com/search/MIA2008SLA1?marker=741311
410,291,USD,PHL,DUS,"Dusseldorf, Germany",DE,2026-10-12,2,https://www.aviasales.com/search/PHL1210DUS1?marker=741311
411,291,USD,ORD,DAV,"David, Panama",PA,2026-09-13,2,https://www.aviasales.com/search/ORD1309DAV1?marker=741311
412,292,USD,ORD,MTJ,"Montrose, United States",US,2026-08-07,0,https://www.aviasales.com/search/ORD0708MTJ1?marker=741311
413,295,USD,MIA,BIQ,"Biarritz, France",FR,2026-09-24,2,https://www.aviasales.com/search/MIA2409BIQ1?marker=741311
414,295,USD,ORD,CHO,"Charlottesville, United States",US,2026-08-10,0,https://www.aviasales.com/search/ORD1008CHO1?marker=741311
415,296,USD,BOS,POZ,"Poznan, Poland",PL,2026-09-23,2,https://www.aviasales.com/search/BOS2309POZ1?marker=741311
416,296,USD,DEN,PQI,"Presque Isle, United States",US,2026-08-04,2,https://www.aviasales.com/search/DEN0408PQI1?marker=741311
417,297,USD,LAX,SUN,"Sun Valley, United States",US,2026-08-03,1,https://www.aviasales.com/search/LAX0308SUN1?marker=741311
418,298,USD,MIA,TYL,"Talara, Peru",PE,2026-08-21,2,https://www.aviasales.com/search/MIA2108TYL1?marker=741311
419,299,USD,PDX,YXX,"Abbotsford, Canada",CA,2026-08-08,2,https://www.aviasales.com/search/PDX0808YXX1?marker=741311
420,300,USD,MIA,MDZ,"Mendoza, Argentina",AR,2026-08-10,1,https://www.aviasales.com/search/MIA1008MDZ1?marker=741311
421,300,USD,LAX,JKT,"Jakarta, Indonesia",ID,2026-08-15,1,https://www.aviasales.com/search/LAX1508JKT1?marker=741311
422,301,USD,MIA,SMR,"Santa Marta, Colombia",CO,2026-08-03,1,https://www.aviasales.com/search/MIA0308SMR1?marker=741311
423,302,USD,MIA,PHF,"Newport News, United States",US,2026-08-16,1,https://www.aviasales.com/search/MIA1608PHF1?marker=741311
424,302,USD,JFK,JMK,"Mikonos, Greece",GR,2026-08-10,1,https://www.aviasales.com/search/JFK1008JMK1?marker=741311
425,303,USD,ATL,HHH,"Hilton Head, United States",US,2026-08-10,2,https://www.aviasales.com/search/ATL1008HHH1?marker=741311
426,303,USD,JFK,PIS,"Poitiers, France",FR,2026-09-24,1,https://www.aviasales.com/search/JFK2409PIS1?marker=741311
427,303,USD,FLL,PBG,"Plattsburgh, United States",US,2026-08-07,2,https://www.aviasales.com/search/FLL0708PBG1?marker=741311
428,304,USD,MCO,HGR,"Hagerstown, United States",US,2026-08-08,1,https://www.aviasales.com/search/MCO0808HGR1?marker=741311
429,304,USD,LAX,SHV,"Shreveport, United States",US,2026-08-07,2,https://www.aviasales.com/search/LAX0708SHV1?marker=741311
430,306,USD,ATL,CRW,"Charleston, United States",US,2026-08-09,2,https://www.aviasales.com/search/ATL0908CRW1?marker=741311
431,306,USD,LAX,HAN,"Hanoi, Vietnam",VN,2026-09-08,1,https://www.aviasales.com/search/LAX0809HAN1?marker=741311
432,306,USD,JFK,CUE,"Cuenca, Ecuador",EC,2027-01-01,2,https://www.aviasales.com/search/JFK0101CUE1?marker=741311
433,306,USD,ORD,LBA,"Leeds, United Kingdom",GB,2026-09-09,2,https://www.aviasales.com/search/ORD0909LBA1?marker=741311
434,307,USD,MIA,FLN,"Florianopolis, Brazil",BR,2026-09-24,1,https://www.aviasales.com/search/MIA2409FLN1?marker=741311
435,307,USD,TPA,NUE,"Nuremberg, Germany",DE,2026-11-02,2,https://www.aviasales.com/search/TPA0211NUE1?marker=741311
436,308,USD,ORD,GNV,"Gainesville, United States",US,2026-08-30,2,https://www.aviasales.com/search/ORD3008GNV1?marker=741311
437,309,USD,ATL,BOM,"Mumbai, India",IN,2026-09-13,1,https://www.aviasales.com/search/ATL1309BOM1?marker=741311
438,309,USD,LAX,SHA,"Shanghai, China",CN,2026-10-28,1,https://www.aviasales.com/search/LAX2810SHA1?marker=741311
439,309,USD,JFK,HEL,"Helsinki, Finland",FI,2026-09-19,1,https://www.aviasales.com/search/JFK1909HEL1?marker=741311
440,309,USD,JFK,DLM,"Dalaman, Turkiye",TR,2026-09-14,2,https://www.aviasales.com/search/JFK1409DLM1?marker=741311
441,309,USD,BOS,COU,"Columbia, United States",US,2026-08-07,1,https://www.aviasales.com/search/BOS0708COU1?marker=741311
442,309,USD,JFK,MEC,"Manta, Ecuador",EC,2026-08-23,1,https://www.aviasales.com/search/JFK2308MEC1?marker=741311
443,310,USD,DFW,KUN,"Kaunas, Lithuania",LT,2026-10-12,4,https://www.aviasales.com/search/DFW1210KUN1?marker=741311
444,310,USD,LAS,DEC,"Decatur, United States",US,2026-08-05,1,https://www.aviasales.com/search/LAS0508DEC1?marker=741311
445,310,USD,LAS,CNM,"Carlsbad, United States",US,2026-08-06,1,https://www.aviasales.com/search/LAS0608CNM1?marker=741311
446,311,USD,DFW,NAN,"Nadi, Fiji",FJ,2026-08-13,0,https://www.aviasales.com/search/DFW1308NAN1?marker=741311
447,311,USD,JFK,PMF,"Parma, Italy",IT,2026-10-13,2,https://www.aviasales.com/search/JFK1310PMF1?marker=741311
448,312,USD,IAD,ILG,"Wilmington, United States",US,2026-08-06,1,https://www.aviasales.com/search/IAD0608ILG1?marker=741311
449,313,USD,JFK,TUN,"Tunis, Tunisia",TN,2026-08-22,1,https://www.aviasales.com/search/JFK2208TUN1?marker=741311
450,315,USD,JFK,TBS,"Tbilisi, Georgia",GE,2026-10-19,3,https://www.aviasales.com/search/JFK1910TBS1?marker=741311
451,315,USD,MIA,VIX,"Vitoria, Brazil",BR,2026-11-09,2,https://www.aviasales.com/search/MIA0911VIX1?marker=741311
452,315,USD,MCO,ANK,"Ankara, Turkiye",TR,2026-10-16,3,https://www.aviasales.com/search/MCO1610ANK1?marker=741311
453,315,USD,LAS,LAR,"Laramie, United States",US,2026-08-05,1,https://www.aviasales.com/search/LAS0508LAR1?marker=741311
454,316,USD,LAX,BKK,"Bangkok, Thailand",TH,2026-10-08,1,https://www.aviasales.com/search/LAX0810BKK1?marker=741311
455,318,USD,JFK,RMI,"Rimini, Italy",IT,2026-08-05,1,https://www.aviasales.com/search/JFK0508RMI1?marker=741311
456,318,USD,PDX,HOT,"Hot Springs, United States",US,2026-08-05,1,https://www.aviasales.com/search/PDX0508HOT1?marker=741311
457,319,USD,SEA,CEB,"Cebu City, Philippines",PH,2026-10-14,1,https://www.aviasales.com/search/SEA1410CEB1?marker=741311
458,320,USD,JFK,ZRH,"Zurich, Switzerland",CH,2026-09-22,2,https://www.aviasales.com/search/JFK2209ZRH1?marker=741311
459,320,USD,JFK,AMD,"Ahmedabad, India",IN,2026-08-24,1,https://www.aviasales.com/search/JFK2408AMD1?marker=741311
460,321,USD,LAX,BPT,"Beaumont, United States",US,2026-08-05,1,https://www.aviasales.com/search/LAX0508BPT1?marker=741311
461,322,USD,MIA,CTA,"Catania, Italy",IT,2026-09-08,2,https://www.aviasales.com/search/MIA0809CTA1?marker=741311
462,322,USD,JFK,POA,"Porto Alegre, Brazil",BR,2026-09-26,1,https://www.aviasales.com/search/JFK2609POA1?marker=741311
463,322,USD,DFW,CVM,"Ciudad Victoria, Mexico",MX,2026-08-09,2,https://www.aviasales.com/search/DFW0908CVM1?marker=741311
464,322,USD,JFK,HER,"Heraklion, Greece",GR,2026-08-26,1,https://www.aviasales.com/search/JFK2608HER1?marker=741311
465,324,USD,MCO,MVD,"Montevideo, Uruguay",UY,2026-09-04,2,https://www.aviasales.com/search/MCO0409MVD1?marker=741311
466,325,USD,JFK,SKG,"Thessaloniki, Greece",GR,2026-08-10,1,https://www.aviasales.com/search/JFK1008SKG1?marker=741311
467,326,USD,MIA,CFU,"Kerkyra, Greece",GR,2026-09-10,2,https://www.aviasales.com/search/MIA1009CFU1?marker=741311
468,326,USD,DFW,TRN,"Turin, Italy",IT,2026-08-25,2,https://www.aviasales.com/search/DFW2508TRN1?marker=741311
469,327,USD,SFO,PPT,"Papeete, French Polynesia",PF,2026-09-13,0,https://www.aviasales.com/search/SFO1309PPT1?marker=741311
470,327,USD,PHX,TRC,"Torreon, Mexico",MX,2026-08-01,1,https://www.aviasales.com/search/PHX0108TRC1?marker=741311
471,328,USD,JFK,GLA,"Glasgow, United Kingdom",GB,2026-08-20,1,https://www.aviasales.com/search/JFK2008GLA1?marker=741311
472,329,USD,JFK,CMN,"Casablanca, Morocco",MA,2026-09-20,2,https://www.aviasales.com/search/JFK2009CMN1?marker=741311
473,329,USD,ORD,FPO,"Freeport, Bahamas",BS,2026-12-01,1,https://www.aviasales.com/search/ORD0112FPO1?marker=741311
474,330,USD,MIA,MDQ,"Mar Del Plata, Argentina",AR,2026-08-12,2,https://www.aviasales.com/search/MIA1208MDQ1?marker=741311
475,331,USD,SAN,SGU,"Saint George, United States",US,2026-08-08,1,https://www.aviasales.com/search/SAN0808SGU1?marker=741311
476,332,USD,JFK,BAK,"Baku, Azerbaijan",AZ,2026-09-26,2,https://www.aviasales.com/search/JFK2609BAK1?marker=741311
477,332,USD,JFK,OGL,"Georgetown, Guyana",GY,2026-08-20,1,https://www.aviasales.com/search/JFK2008OGL1?marker=741311
478,334,USD,ATL,BLQ,"Bologna, Italy",IT,2026-08-29,3,https://www.aviasales.com/search/ATL2908BLQ1?marker=741311
479,334,USD,JFK,MKL,"Jackson, United States",US,2026-08-08,1,https://www.aviasales.com/search/JFK0808MKL1?marker=741311
480,335,USD,JFK,SSH,"Sharm el Sheikh, Egypt",EG,2026-08-18,2,https://www.aviasales.com/search/JFK1808SSH1?marker=741311
481,335,USD,ORD,CDR,"Chadron, United States",US,2026-08-09,1,https://www.aviasales.com/search/ORD0908CDR1?marker=741311
482,336,USD,JFK,REK,"Reykjavik, Iceland",IS,2026-10-19,2,https://www.aviasales.com/search/JFK1910REK1?marker=741311
483,336,USD,JFK,KHI,"Karachi, Pakistan",PK,2026-09-09,1,https://www.aviasales.com/search/JFK0909KHI1?marker=741311
484,336,USD,DEN,MAF,"Midland, United States",US,2026-08-09,0,https://www.aviasales.com/search/DEN0908MAF1?marker=741311
485,338,USD,SFO,SEL,"Seoul, South Korea",KR,2026-08-24,0,https://www.aviasales.com/search/SFO2408SEL1?marker=741311
486,338,USD,IAD,LJU,"Ljubljana, Slovenia",SI,2026-10-03,2,https://www.aviasales.com/search/IAD0310LJU1?marker=741311
487,338,USD,SFO,DLC,"Dalian, China",CN,2026-08-24,1,https://www.aviasales.com/search/SFO2408DLC1?marker=741311
488,338,USD,SEA,BIS,"Bismarck, United States",US,2026-08-08,2,https://www.aviasales.com/search/SEA0808BIS1?marker=741311
489,338,USD,BNA,PAH,"Paducah, United States",US,2026-08-10,1,https://www.aviasales.com/search/BNA1008PAH1?marker=741311
490,339,USD,JFK,TIV,"Tivat, Montenegro",ME,2026-10-01,2,https://www.aviasales.com/search/JFK0110TIV1?marker=741311
491,339,USD,DFW,DRO,"Durango, United States",US,2026-08-05,0,https://www.aviasales.com/search/DFW0508DRO1?marker=741311
492,340,USD,BOS,XRY,"Jerez de la Frontera, Spain",ES,2026-09-20,3,https://www.aviasales.com/search/BOS2009XRY1?marker=741311
493,340,USD,JFK,PSA,"Pisa, Italy",IT,2026-08-01,1,https://www.aviasales.com/search/JFK0108PSA1?marker=741311
494,341,USD,LAX,CEZ,"Cortez, United States",US,2026-08-05,1,https://www.aviasales.com/search/LAX0508CEZ1?marker=741311
495,342,USD,MIA,ASU,"Asuncion, Paraguay",PY,2026-09-15,1,https://www.aviasales.com/search/MIA1509ASU1?marker=741311
496,342,USD,JFK,DEL,"New Delhi, India",IN,2026-09-23,1,https://www.aviasales.com/search/JFK2309DEL1?marker=741311
497,343,USD,PHL,ITH,"Ithaca, United States",US,2026-08-05,1,https://www.aviasales.com/search/PHL0508ITH1?marker=741311
498,343,USD,IAD,MHH,"Marsh Harbour, Bahamas",BS,2026-11-01,2,https://www.aviasales.com/search/IAD0111MHH1?marker=741311
499,343,USD,IAD,CLJ,"Cluj-Napoca, Romania",RO,2026-12-08,2,https://www.aviasales.com/search/IAD0812CLJ1?marker=741311
500,346,USD,SEA,VAR,"Varna, Bulgaria",BG,2026-09-04,3,https://www.aviasales.com/search/SEA0409VAR1?marker=741311
501,347,USD,JFK,BSB,"Brasilia, Brazil",BR,2026-09-04,2,https://www.aviasales.com/search/JFK0409BSB1?marker=741311
502,347,USD,DFW,ALS,"Alamosa, United States",US,2026-08-07,1,https://www.aviasales.com/search/DFW0708ALS1?marker=741311
503,348,USD,MCO,PRN,"Pristina, Kosovo",XK,2026-08-07,3,https://www.aviasales.com/search/MCO0708PRN1?marker=741311
504,349,USD,BOS,BHZ,"Belo Horizonte, Brazil",BR,2026-09-17,2,https://www.aviasales.com/search/BOS1709BHZ1?marker=741311
505,349,USD,JFK,RZE,"Rzeszow, Poland",PL,2026-08-09,2,https://www.aviasales.com/search/JFK0908RZE1?marker=741311
506,350,USD,SFO,HKG,"Hong Kong, Hong Kong",HK,2026-08-26,1,https://www.aviasales.com/search/SFO2608HKG1?marker=741311
507,350,USD,JFK,AER,"Adler/Sochi, Russia",RU,2026-10-21,3,https://www.aviasales.com/search/JFK2110AER1?marker=741311
508,351,USD,JFK,LHE,"Lahore, Pakistan",PK,2026-09-07,1,https://www.aviasales.com/search/JFK0709LHE1?marker=741311
509,352,USD,LAX,YQT,"Thunder Bay, Canada",CA,2026-08-05,2,https://www.aviasales.com/search/LAX0508YQT1?marker=741311
510,352,USD,PDX,YYJ,"Victoria, Canada",CA,2026-08-11,1,https://www.aviasales.com/search/PDX1108YYJ1?marker=741311
511,354,USD,ORD,FMM,"Memmingen, Germany",DE,2026-09-10,2,https://www.aviasales.com/search/ORD1009FMM1?marker=741311
512,356,USD,LAX,SGN,"Ho Chi Minh City, Vietnam",VN,2026-09-14,1,https://www.aviasales.com/search/LAX1409SGN1?marker=741311
513,356,USD,JFK,ALG,"Algiers, Algeria",DZ,2026-08-14,2,https://www.aviasales.com/search/JFK1408ALG1?marker=741311
514,356,USD,JFK,COV,"Mersin, Turkiye",TR,2026-08-16,2,https://www.aviasales.com/search/JFK1608COV1?marker=741311
515,356,USD,JFK,HTS,"Huntington, United States",US,2026-08-15,2,https://www.aviasales.com/search/JFK1508HTS1?marker=741311
516,356,USD,ORD,SVD,"St Vincent, Saint Vincent and the Grenadines",VC,2026-12-01,1,https://www.aviasales.com/search/ORD0112SVD1?marker=741311
517,356,USD,IAH,AGA,"Agadir, Morocco",MA,2026-10-03,2,https://www.aviasales.com/search/IAH0310AGA1?marker=741311
518,357,USD,JFK,MCT,"Muscat, Oman",OM,2026-08-20,1,https://www.aviasales.com/search/JFK2008MCT1?marker=741311
519,358,USD,SFO,SIN,"Singapore, Singapore",SG,2026-08-06,0,https://www.aviasales.com/search/SFO0608SIN1?marker=741311
520,358,USD,TPA,CZM,"Cozumel, Mexico",MX,2026-08-09,1,https://www.aviasales.com/search/TPA0908CZM1?marker=741311
521,363,USD,LAS,FMN,"Farmington, United States",US,2026-08-04,1,https://www.aviasales.com/search/LAS0408FMN1?marker=741311
522,363,USD,AUS,SJW,"Shijiazhuang, China",CN,2026-08-25,2,https://www.aviasales.com/search/AUS2508SJW1?marker=741311
523,364,USD,LAX,CAN,"Guangzhou, China",CN,2026-09-13,1,https://www.aviasales.com/search/LAX1309CAN1?marker=741311
524,364,USD,JFK,HRG,"Hurghada, Egypt",EG,2026-09-28,1,https://www.aviasales.com/search/JFK2809HRG1?marker=741311
525,364,USD,JFK,SZG,"Salzburg, Austria",AT,2026-08-27,2,https://www.aviasales.com/search/JFK2708SZG1?marker=741311
526,364,USD,ORD,MLA,"Malta, Malta",MT,2026-09-20,2,https://www.aviasales.com/search/ORD2009MLA1?marker=741311
527,364,USD,LAX,YQG,"Windsor, Canada",CA,2026-08-06,2,https://www.aviasales.com/search/LAX0608YQG1?marker=741311
528,365,USD,ATL,LWB,"Lewisburg, United States",US,2026-08-11,2,https://www.aviasales.com/search/ATL1108LWB1?marker=741311
529,365,USD,JFK,KSC,"Kosice, Slovakia",SK,2026-08-03,1,https://www.aviasales.com/search/JFK0308KSC1?marker=741311
530,367,USD,TPA,VRA,"Varadero, Cuba",CU,2026-08-15,2,https://www.aviasales.com/search/TPA1508VRA1?marker=741311
531,368,USD,JFK,BAH,"Manama, Bahrain",BH,2026-10-01,1,https://www.aviasales.com/search/JFK0110BAH1?marker=741311
532,370,USD,BNA,MAN,"Manchester, United Kingdom",GB,2026-08-26,3,https://www.aviasales.com/search/BNA2608MAN1?marker=741311
533,370,USD,SAN,HUX,"Huatulco, Mexico",MX,2026-08-04,3,https://www.aviasales.com/search/SAN0408HUX1?marker=741311
534,372,USD,ATL,ILE,"Killeen, United States",US,2026-11-25,2,https://www.aviasales.com/search/ATL2511ILE1?marker=741311
535,372,USD,BOS,SHJ,"Sharjah, United Arab Emirates",AE,2026-09-16,1,https://www.aviasales.com/search/BOS1609SHJ1?marker=741311
536,372,USD,JFK,LRM,"La Romana, Dominican Republic",DO,2026-11-09,2,https://www.aviasales.com/search/JFK0911LRM1?marker=741311
537,372,USD,IAD,ZAG,"Zagreb, Croatia",HR,2026-11-01,1,https://www.aviasales.com/search/IAD0111ZAG1?marker=741311
538,372,USD,JFK,BLR,"Bengaluru, India",IN,2026-09-21,1,https://www.aviasales.com/search/JFK2109BLR1?marker=741311
539,372,USD,JFK,DEB,"Debrecen, Hungary",HU,2026-08-14,1,https://www.aviasales.com/search/JFK1408DEB1?marker=741311
540,373,USD,SFO,FOC,"Fuzhou, China",CN,2026-10-20,2,https://www.aviasales.com/search/SFO2010FOC1?marker=741311
541,374,USD,JFK,NBO,"Nairobi, Kenya",KE,2026-08-23,1,https://www.aviasales.com/search/JFK2308NBO1?marker=741311
542,374,USD,DFW,MAO,"Manaus, Brazil",BR,2026-10-31,3,https://www.aviasales.com/search/DFW3110MAO1?marker=741311
543,376,USD,LAX,UBS,"Columbus, United States",US,2026-08-05,1,https://www.aviasales.com/search/LAX0508UBS1?marker=741311
544,377,USD,ORD,HKT,"Phuket, Thailand",TH,2026-09-24,1,https://www.aviasales.com/search/ORD2409HKT1?marker=741311
545,378,USD,FLL,GPS,"Galapagos Islands, Ecuador",EC,2027-01-08,2,https://www.aviasales.com/search/FLL0801GPS1?marker=741311
546,378,USD,JFK,PBM,"Paramaribo, Suriname",SR,2026-11-20,1,https://www.aviasales.com/search/JFK2011PBM1?marker=741311
547,379,USD,LAX,BJS,"Beijing, China",CN,2026-09-11,1,https://www.aviasales.com/search/LAX1109BJS1?marker=741311
548,379,USD,JFK,CKY,"Conakry, Guinea",GN,2026-10-01,1,https://www.aviasales.com/search/JFK0110CKY1?marker=741311
549,379,USD,ORD,AZO,"Kalamazoo, United States",US,2026-08-06,0,https://www.aviasales.com/search/ORD0608AZO1?marker=741311
550,379,USD,LAX,GOT,"Gothenburg, Sweden",SE,2026-11-10,1,https://www.aviasales.com/search/LAX1011GOT1?marker=741311
551,380,USD,LAX,HGH,"Hangzhou, China",CN,2026-09-08,1,https://www.aviasales.com/search/LAX0809HGH1?marker=741311
552,380,USD,LAX,TOL,"Toledo, United States",US,2026-08-06,1,https://www.aviasales.com/search/LAX0608TOL1?marker=741311
553,381,USD,JFK,LWN,"Gyumri, Armenia",AM,2026-09-21,3,https://www.aviasales.com/search/JFK2109LWN1?marker=741311
554,381,USD,JFK,RUH,"Riyadh, Saudi Arabia",SA,2026-08-08,1,https://www.aviasales.com/search/JFK0808RUH1?marker=741311
555,381,USD,JFK,REG,"Reggio Calabria, Italy",IT,2026-08-14,2,https://www.aviasales.com/search/JFK1408REG1?marker=741311
556,381,USD,SEA,YPR,"Prince Rupert, Canada",CA,2026-08-08,1,https://www.aviasales.com/search/SEA0808YPR1?marker=741311
557,382,USD,JFK,AUH,"Abu Dhabi, United Arab Emirates",AE,2026-11-15,3,https://www.aviasales.com/search/JFK1511AUH1?marker=741311
558,382,USD,LAX,SYX,"Sanya, China",CN,2026-08-25,1,https://www.aviasales.com/search/LAX2508SYX1?marker=741311
559,382,USD,LAX,TSN,"Tianjin, China",CN,2026-09-11,1,https://www.aviasales.com/search/LAX1109TSN1?marker=741311
560,383,USD,JFK,RAI,"Praia, Cape Verde",CV,2026-10-06,2,https://www.aviasales.com/search/JFK0610RAI1?marker=741311
561,384,USD,LAX,PMI,"Palma, Spain",ES,2026-09-15,2,https://www.aviasales.com/search/LAX1509PMI1?marker=741311
562,384,USD,JFK,STR,"Stuttgart, Germany",DE,2026-11-05,1,https://www.aviasales.com/search/JFK0511STR1?marker=741311
563,384,USD,ORD,DBV,"Dubrovnik, Croatia",HR,2026-08-09,2,https://www.aviasales.com/search/ORD0908DBV1?marker=741311
564,386,USD,LAX,SYD,"Sydney, Australia",AU,2026-09-15,0,https://www.aviasales.com/search/LAX1509SYD1?marker=741311
565,386,USD,LAX,PMO,"Palermo, Italy",IT,2026-12-13,2,https://www.aviasales.com/search/LAX1312PMO1?marker=741311
566,386,USD,ORD,AUW,"Wausau, United States",US,2026-08-11,0,https://www.aviasales.com/search/ORD1108AUW1?marker=741311
567,387,USD,ORD,AOO,"Altoona, United States",US,2026-08-09,2,https://www.aviasales.com/search/ORD0908AOO1?marker=741311
568,388,USD,JFK,BSZ,"Bishkek, Kyrgyzstan",KG,2026-09-29,3,https://www.aviasales.com/search/JFK2909BSZ1?marker=741311
569,389,USD,ORD,TER,"Terceira, Portugal",PT,2026-10-04,1,https://www.aviasales.com/search/ORD0410TER1?marker=741311
570,389,USD,IAH,TXK,"Texarkana, United States",US,2026-08-05,1,https://www.aviasales.com/search/IAH0508TXK1?marker=741311
571,390,USD,JFK,BDQ,"Vadodara, India",IN,2026-10-06,2,https://www.aviasales.com/search/JFK0610BDQ1?marker=741311
572,390,USD,PHX,TEX,"Telluride, United States",US,2026-08-11,2,https://www.aviasales.com/search/PHX1108TEX1?marker=741311
573,391,USD,AUS,NLD,"Nuevo Laredo, Mexico",MX,2026-08-06,2,https://www.aviasales.com/search/AUS0608NLD1?marker=741311
574,392,USD,JFK,TAB,"Tobago, Trinidad and Tobago",TT,2026-11-21,1,https://www.aviasales.com/search/JFK2111TAB1?marker=741311
575,392,USD,MCO,RBA,"Rabat, Morocco",MA,2026-08-03,3,https://www.aviasales.com/search/MCO0308RBA1?marker=741311
576,393,USD,CLT,ALA,"Almaty, Kazakhstan",KZ,2027-01-20,4,https://www.aviasales.com/search/CLT2001ALA1?marker=741311
577,393,USD,BOS,BNX,"Banja Luka, Bosnia and Herzegovina",BA,2026-08-20,2,https://www.aviasales.com/search/BOS2008BNX1?marker=741311
578,393,USD,IAD,ZSA,"San Salvador, Bahamas",BS,2026-11-20,2,https://www.aviasales.com/search/IAD2011ZSA1?marker=741311
579,393,USD,LAX,GVA,"Geneva, Switzerland",CH,2026-09-08,2,https://www.aviasales.com/search/LAX0809GVA1?marker=741311
580,394,USD,JFK,IZM,"Izmir, Turkiye",TR,2026-08-10,1,https://www.aviasales.com/search/JFK1008IZM1?marker=741311
581,394,USD,SEA,PFO,"Paphos, Cyprus",CY,2026-08-11,1,https://www.aviasales.com/search/SEA1108PFO1?marker=741311
582,395,USD,JFK,DOM,"Dominica, Dominica",DM,2026-08-22,1,https://www.aviasales.com/search/JFK2208DOM1?marker=741311
583,396,USD,ORD,JSI,"Skiathos, Greece",GR,2026-09-24,3,https://www.aviasales.com/search/ORD2409JSI1?marker=741311
584,397,USD,IAD,YFC,"Fredericton, Canada",CA,2026-08-05,2,https://www.aviasales.com/search/IAD0508YFC1?marker=741311
585,397,USD,LAS,GGG,"Longview, United States",US,2026-08-05,1,https://www.aviasales.com/search/LAS0508GGG1?marker=741311
586,397,USD,SAN,EWN,"New Bern, United States",US,2026-08-05,2,https://www.aviasales.com/search/SAN0508EWN1?marker=741311
587,398,USD,JFK,FRL,"Forli, Italy",IT,2026-08-06,2,https://www.aviasales.com/search/JFK0608FRL1?marker=741311
588,398,USD,JFK,ADZ,"San Andres Island, Colombia",CO,2026-12-31,1,https://www.aviasales.com/search/JFK3112ADZ1?marker=741311
589,398,USD,ORD,JED,"Jeddah, Saudi Arabia",SA,2026-08-12,1,https://www.aviasales.com/search/ORD1208JED1?marker=741311
590,398,USD,SEA,NNG,"Nanning, China",CN,2027-01-17,2,https://www.aviasales.com/search/SEA1701NNG1?marker=741311
591,401,USD,MIA,OCJ,"Ocho Rios, Jamaica",JM,2026-12-09,0,https://www.aviasales.com/search/MIA0912OCJ1?marker=741311
592,401,USD,SEA,JTR,"Thira, Greece",GR,2026-09-14,2,https://www.aviasales.com/search/SEA1409JTR1?marker=741311
593,402,USD,IAH,AHO,"Alghero, Italy",IT,2026-08-25,3,https://www.aviasales.com/search/IAH2508AHO1?marker=741311
594,402,USD,IAH,LPA,"Las Palmas, Spain",ES,2026-09-23,3,https://www.aviasales.com/search/IAH2309LPA1?marker=741311
595,402,USD,LAX,SSM,"Sault Ste. Marie, United States",US,2026-08-05,1,https://www.aviasales.com/search/LAX0508SSM1?marker=741311
596,403,USD,ORD,LED,"Saint Petersburg, Russia",RU,2026-10-20,4,https://www.aviasales.com/search/ORD2010LED1?marker=741311
597,403,USD,JFK,LUL,"Laurel, United States",US,2026-08-20,1,https://www.aviasales.com/search/JFK2008LUL1?marker=741311
598,404,USD,JFK,VQS,"Vieques, Puerto Rico",PR,2026-12-31,1,https://www.aviasales.com/search/JFK3112VQS1?marker=741311
599,404,USD,JFK,RAK,"Marrakech, Morocco",MA,2026-08-21,2,https://www.aviasales.com/search/JFK2108RAK1?marker=741311
600,405,USD,SEA,CTU,"Chengdu, China",CN,2026-08-16,2,https://www.aviasales.com/search/SEA1608CTU1?marker=741311
601,406,USD,LAX,SZX,"Shenzhen, China",CN,2026-08-24,1,https://www.aviasales.com/search/LAX2408SZX1?marker=741311
602,407,USD,ORD,OSA,"Osaka, Japan",JP,2026-08-08,1,https://www.aviasales.com/search/ORD0808OSA1?marker=741311
603,408,USD,IAH,ACT,"Waco, United States",US,2026-08-10,1,https://www.aviasales.com/search/IAH1008ACT1?marker=741311
604,409,USD,SFO,MKK,"Hoolehua, United States",US,2026-08-07,2,https://www.aviasales.com/search/SFO0708MKK1?marker=741311
605,410,USD,BOS,AEX,"Alexandria, United States",US,2026-08-08,2,https://www.aviasales.com/search/BOS0808AEX1?marker=741311
606,410,USD,IAD,BGW,"Baghdad, Iraq",IQ,2026-08-09,1,https://www.aviasales.com/search/IAD0908BGW1?marker=741311
607,410,USD,PHL,DAC,"Dhaka, Bangladesh",BD,2026-09-30,2,https://www.aviasales.com/search/PHL3009DAC1?marker=741311
608,412,USD,LAX,HOB,"Hobbs, United States",US,2026-08-06,1,https://www.aviasales.com/search/LAX0608HOB1?marker=741311
609,412,USD,SEA,MSS,"Massena, United States",US,2026-08-05,1,https://www.aviasales.com/search/SEA0508MSS1?marker=741311
610,413,USD,SAN,CHQ,"Chania, Greece",GR,2026-08-20,2,https://www.aviasales.com/search/SAN2008CHQ1?marker=741311
611,414,USD,BOS,IOM,"Isle Of Man, Isle of Man",IM,2026-08-17,2,https://www.aviasales.com/search/BOS1708IOM1?marker=741311
612,414,USD,LAX,SKP,"Skopje, North Macedonia",MK,2026-09-29,3,https://www.aviasales.com/search/LAX2909SKP1?marker=741311
613,416,USD,JFK,MOW,"Moscow, Russia",RU,2026-09-26,2,https://www.aviasales.com/search/JFK2609MOW1?marker=741311
614,416,USD,JFK,JER,"Jersey, Jersey",JE,2026-08-01,1,https://www.aviasales.com/search/JFK0108JER1?marker=741311
615,417,USD,LAX,YUM,"Yuma, United States",US,2026-08-05,1,https://www.aviasales.com/search/LAX0508YUM1?marker=741311
616,417,USD,SAN,OTH,"North Bend, United States",US,2026-08-05,1,https://www.aviasales.com/search/SAN0508OTH1?marker=741311
617,418,USD,SFO,KOJ,"Kagoshima, Japan",JP,2026-08-25,1,https://www.aviasales.com/search/SFO2508KOJ1?marker=741311
618,418,USD,SAN,ACK,"Nantucket, United States",US,2026-08-05,3,https://www.aviasales.com/search/SAN0508ACK1?marker=741311
619,420,USD,JFK,LOS,"Lagos, Nigeria",NG,2026-12-01,1,https://www.aviasales.com/search/JFK0112LOS1?marker=741311
620,420,USD,JFK,MRV,"Mineralnye Vody, Russia",RU,2026-10-05,2,https://www.aviasales.com/search/JFK0510MRV1?marker=741311
621,420,USD,JFK,ELM,"Elmira, United States",US,2026-08-11,2,https://www.aviasales.com/search/JFK1108ELM1?marker=741311
622,421,USD,ORD,DVL,"Devils Lake, United States",US,2026-08-09,1,https://www.aviasales.com/search/ORD0908DVL1?marker=741311
623,421,USD,SLC,DIK,"Dickinson, United States",US,2026-08-07,1,https://www.aviasales.com/search/SLC0708DIK1?marker=741311
624,423,USD,LAX,DAD,"Da Nang, Vietnam",VN,2026-11-03,1,https://www.aviasales.com/search/LAX0311DAD1?marker=741311
625,424,USD,FLL,GCK,"Garden City, United States",US,2026-08-11,1,https://www.aviasales.com/search/FLL1108GCK1?marker=741311
626,426,USD,ATL,AAR,"Aarhus, Denmark",DK,2026-08-11,3,https://www.aviasales.com/search/ATL1108AAR1?marker=741311
627,426,USD,JFK,BJL,"Banjul, Gambia",GM,2026-10-26,3,https://www.aviasales.com/search/JFK2610BJL1?marker=741311
628,426,USD,JFK,LIL,"Lille, France",FR,2026-08-06,2,https://www.aviasales.com/search/JFK0608LIL1?marker=741311
629,426,USD,JFK,RDO,"Radom, Poland",PL,2026-08-14,1,https://www.aviasales.com/search/JFK1408RDO1?marker=741311
630,426,USD,JFK,CCS,"Caracas, Venezuela",VE,2026-09-18,2,https://www.aviasales.com/search/JFK1809CCS1?marker=741311
631,426,USD,JFK,BRN,"Bern, Switzerland",CH,2026-08-30,1,https://www.aviasales.com/search/JFK3008BRN1?marker=741311
632,429,USD,ORD,PLQ,"Palanga, Lithuania",LT,2026-09-02,2,https://www.aviasales.com/search/ORD0209PLQ1?marker=741311
633,431,USD,MIA,BJV,"Bodrum, Turkiye",TR,2026-09-08,2,https://www.aviasales.com/search/MIA0809BJV1?marker=741311
634,431,USD,SEA,DRS,"Dresden, Germany",DE,2026-10-21,1,https://www.aviasales.com/search/SEA2110DRS1?marker=741311
635,433,USD,JFK,TAS,"Tashkent, Uzbekistan",UZ,2026-10-21,3,https://www.aviasales.com/search/JFK2110TAS1?marker=741311
636,433,USD,IAH,BRE,"Bremen, Germany",DE,2026-09-11,2,https://www.aviasales.com/search/IAH1109BRE1?marker=741311
637,434,USD,ORD,BGA,"Bucaramanga, Colombia",CO,2026-08-01,2,https://www.aviasales.com/search/ORD0108BGA1?marker=741311
638,434,USD,MCO,BON,"Kralendijk, Caribbean Netherlands",BQ,2026-08-27,3,https://www.aviasales.com/search/MCO2708BON1?marker=741311
639,435,USD,JFK,ACC,"Accra, Ghana",GH,2026-09-08,1,https://www.aviasales.com/search/JFK0809ACC1?marker=741311
640,435,USD,ORD,MLU,"Monroe, United States",US,2026-08-08,2,https://www.aviasales.com/search/ORD0808MLU1?marker=741311
641,436,USD,JFK,NQZ,"Astana, Kazakhstan",KZ,2026-09-30,2,https://www.aviasales.com/search/JFK3009NQZ1?marker=741311
642,436,USD,JFK,SJJ,"Sarajevo, Bosnia and Herzegovina",BA,2026-11-02,1,https://www.aviasales.com/search/JFK0211SJJ1?marker=741311
643,436,USD,LAX,CGO,"Zhengzhou, China",CN,2026-09-26,1,https://www.aviasales.com/search/LAX2609CGO1?marker=741311
644,437,USD,ATL,USH,"Ushuaia, Argentina",AR,2026-08-20,3,https://www.aviasales.com/search/ATL2008USH1?marker=741311
645,437,USD,BOS,YQX,"Gander, Canada",CA,2026-08-05,2,https://www.aviasales.com/search/BOS0508YQX1?marker=741311
646,437,USD,JFK,SCO,"Aktau, Kazakhstan",KZ,2026-08-20,2,https://www.aviasales.com/search/JFK2008SCO1?marker=741311
647,437,USD,ORD,ATQ,"Amritsar, India",IN,2026-09-13,2,https://www.aviasales.com/search/ORD1309ATQ1?marker=741311
648,438,USD,JFK,KRR,"Krasnodar, Russia",RU,2026-10-11,3,https://www.aviasales.com/search/JFK1110KRR1?marker=741311
649,438,USD,SFO,DPS,"Denpasar (Bali), Indonesia",ID,2026-09-10,1,https://www.aviasales.com/search/SFO1009DPS1?marker=741311
650,439,USD,IAH,CAG,"Cagliari, Italy",IT,2026-08-25,2,https://www.aviasales.com/search/IAH2508CAG1?marker=741311
651,440,USD,AUS,AGB,"Augsburg, Germany",DE,2026-10-13,1,https://www.aviasales.com/search/AUS1310AGB1?marker=741311
652,440,USD,JFK,DKR,"Dakar, Senegal",SN,2026-08-03,1,https://www.aviasales.com/search/JFK0308DKR1?marker=741311
653,441,USD,SFO,FUK,"Fukuoka, Japan",JP,2026-08-05,1,https://www.aviasales.com/search/SFO0508FUK1?marker=741311
654,443,USD,DFW,CLL,"College Station, United States",US,2026-08-07,0,https://www.aviasales.com/search/DFW0708CLL1?marker=741311
655,444,USD,IAH,SUF,"Lamezia Terme, Italy",IT,2026-10-05,3,https://www.aviasales.com/search/IAH0510SUF1?marker=741311
656,447,USD,JFK,DOH,"Doha, Qatar",QA,2026-08-09,2,https://www.aviasales.com/search/JFK0908DOH1?marker=741311
657,447,USD,LAX,BLA,"Barcelona, Venezuela",VE,2026-08-26,2,https://www.aviasales.com/search/LAX2608BLA1?marker=741311
658,449,USD,JFK,GZP,"Alanya, Turkiye",TR,2026-08-09,2,https://www.aviasales.com/search/JFK0908GZP1?marker=741311
659,450,USD,JFK,ABJ,"Abidjan, Ivory Coast",CI,2026-09-16,1,https://www.aviasales.com/search/JFK1609ABJ1?marker=741311
660,450,USD,LAX,NHA,"Nha Trang, Vietnam",VN,2027-01-17,2,https://www.aviasales.com/search/LAX1701NHA1?marker=741311
661,450,USD,JFK,SID,"Sal, Cape Verde",CV,2026-09-15,1,https://www.aviasales.com/search/JFK1509SID1?marker=741311
662,453,USD,JFK,FEZ,"Fez, Morocco",MA,2026-11-15,3,https://www.aviasales.com/search/JFK1511FEZ1?marker=741311
663,455,USD,MIA,BFS,"Belfast, United Kingdom",GB,2026-08-06,2,https://www.aviasales.com/search/MIA0608BFS1?marker=741311
664,456,USD,JFK,MLE,"Male, Maldives",MV,2026-11-14,3,https://www.aviasales.com/search/JFK1411MLE1?marker=741311
665,457,USD,ATL,SOU,"Southampton, United Kingdom",GB,2026-08-07,3,https://www.aviasales.com/search/ATL0708SOU1?marker=741311
666,461,USD,MIA,PGV,"Greenville, United States",US,2026-08-07,1,https://www.aviasales.com/search/MIA0708PGV1?marker=741311
667,461,USD,JFK,PBC,"Puebla, Mexico",MX,2026-08-08,3,https://www.aviasales.com/search/JFK0808PBC1?marker=741311
668,464,USD,LAX,CGY,"Cagayan De Oro, Philippines",PH,2026-10-14,2,https://www.aviasales.com/search/LAX1410CGY1?marker=741311
669,467,USD,ORD,SKD,"Samarkand, Uzbekistan",UZ,2026-12-07,4,https://www.aviasales.com/search/ORD0712SKD1?marker=741311
670,468,USD,JFK,SVX,"Yekaterinburg, Russia",RU,2026-10-14,3,https://www.aviasales.com/search/JFK1410SVX1?marker=741311
671,468,USD,MIA,UFA,"Ufa, Russia",RU,2026-10-08,2,https://www.aviasales.com/search/MIA0810UFA1?marker=741311
672,468,USD,LAX,EAP,"Basel, Switzerland",CH,2026-12-30,3,https://www.aviasales.com/search/LAX3012EAP1?marker=741311
673,469,USD,JFK,KZN,"Kazan, Russia",RU,2026-10-14,2,https://www.aviasales.com/search/JFK1410KZN1?marker=741311
674,470,USD,JFK,BUS,"Batumi, Georgia",GE,2026-10-05,3,https://www.aviasales.com/search/JFK0510BUS1?marker=741311
675,472,USD,AUS,GYN,"Goiania, Brazil",BR,2026-09-02,2,https://www.aviasales.com/search/AUS0209GYN1?marker=741311
676,475,USD,LAX,XMN,"Xiamen, China",CN,2026-08-02,1,https://www.aviasales.com/search/LAX0208XMN1?marker=741311
677,475,USD,LAX,KBV,"Krabi, Thailand",TH,2026-11-09,2,https://www.aviasales.com/search/LAX0911KBV1?marker=741311
678,476,USD,JFK,UBN,"Ulaanbaatar, Mongolia",MN,2026-10-28,1,https://www.aviasales.com/search/JFK2810UBN1?marker=741311
679,477,USD,JFK,HAJ,"Hannover, Germany",DE,2026-09-09,2,https://www.aviasales.com/search/JFK0909HAJ1?marker=741311
680,478,USD,LAX,PQC,"Phu Quoc, Vietnam",VN,2026-10-20,2,https://www.aviasales.com/search/LAX2010PQC1?marker=741311
681,481,USD,JFK,DYU,"Dushanbe, Tajikistan",TJ,2026-09-10,3,https://www.aviasales.com/search/JFK1009DYU1?marker=741311
682,481,USD,LAX,MEL,"Melbourne, Australia",AU,2026-08-17,0,https://www.aviasales.com/search/LAX1708MEL1?marker=741311
683,481,USD,BNA,CPR,"Casper, United States",US,2026-08-07,1,https://www.aviasales.com/search/BNA0708CPR1?marker=741311
684,481,USD,DFW,FIH,"Kinshasa, Democratic Republic of the Congo",CD,2026-08-15,1,https://www.aviasales.com/search/DFW1508FIH1?marker=741311
685,482,USD,MIA,TOS,"Tromso, Norway",NO,2026-11-20,3,https://www.aviasales.com/search/MIA2011TOS1?marker=741311
686,486,USD,SFO,KTM,"Kathmandu, Nepal",NP,2026-09-10,1,https://www.aviasales.com/search/SFO1009KTM1?marker=741311
687,486,USD,JFK,CNX,"Chiang Mai, Thailand",TH,2026-11-24,2,https://www.aviasales.com/search/JFK2411CNX1?marker=741311
688,486,USD,PDX,YBL,"Campbell River, Canada",CA,2026-08-09,2,https://www.aviasales.com/search/PDX0908YBL1?marker=741311
689,487,USD,ORD,YYT,"St. John's, Canada",CA,2026-08-08,1,https://www.aviasales.com/search/ORD0808YYT1?marker=741311
690,489,USD,JFK,ADD,"Addis Ababa, Ethiopia",ET,2026-08-29,1,https://www.aviasales.com/search/JFK2908ADD1?marker=741311
691,489,USD,IAD,FNA,"Freetown, Sierra Leone",SL,2026-08-26,1,https://www.aviasales.com/search/IAD2608FNA1?marker=741311
692,491,USD,PHX,RIW,"Riverton, United States",US,2026-08-03,1,https://www.aviasales.com/search/PHX0308RIW1?marker=741311
693,492,USD,MCO,KWI,"Kuwait City, Kuwait",KW,2026-08-14,2,https://www.aviasales.com/search/MCO1408KWI1?marker=741311
694,494,USD,JFK,HYD,"Hyderabad, India",IN,2026-08-02,2,https://www.aviasales.com/search/JFK0208HYD1?marker=741311
695,495,USD,SAN,EBL,"Erbil, Iraq",IQ,2026-09-28,2,https://www.aviasales.com/search/SAN2809EBL1?marker=741311
696,497,USD,JFK,PUS,"Busan, South Korea",KR,2026-08-25,1,https://www.aviasales.com/search/JFK2508PUS1?marker=741311
697,498,USD,DTW,SSA,"Salvador, Brazil",BR,2026-10-15,3,https://www.aviasales.com/search/DTW1510SSA1?marker=741311
698,499,USD,JFK,USA,"Concord, United States",US,2026-08-01,1,https://www.aviasales.com/search/JFK0108USA1?marker=741311
699,500,USD,LAX,KHH,"Kaohsiung, Taiwan",TW,2027-01-19,1,https://www.aviasales.com/search/LAX1901KHH1?marker=741311
700,502,USD,ORD,MLO,"Milos, Greece",GR,2026-08-07,1,https://www.aviasales.com/search/ORD0708MLO1?marker=741311
701,502,USD,LAX,BKI,"Kota-Kinabalu, Malaysia",MY,2026-08-27,2,https://www.aviasales.com/search/LAX2708BKI1?marker=741311
702,503,USD,ORD,PAS,"Paros, Greece",GR,2026-08-08,1,https://www.aviasales.com/search/ORD0808PAS1?marker=741311
703,504,USD,JFK,COO,"Cotonou, Benin",BJ,2026-11-16,1,https://www.aviasales.com/search/JFK1611COO1?marker=741311
704,504,USD,LAS,NKT,"Cizre, Turkiye",TR,2026-09-29,3,https://www.aviasales.com/search/LAS2909NKT1?marker=741311
705,504,USD,SAN,MTT,"Minatitlan, Mexico",MX,2026-08-07,3,https://www.aviasales.com/search/SAN0708MTT1?marker=741311
706,505,USD,SLC,BTM,"Butte, United States",US,2026-08-05,1,https://www.aviasales.com/search/SLC0508BTM1?marker=741311
707,507,USD,SEA,HRB,"Harbin, China",CN,2026-08-20,2,https://www.aviasales.com/search/SEA2008HRB1?marker=741311
708,508,USD,ORD,ART,"Watertown, United States",US,2026-08-09,1,https://www.aviasales.com/search/ORD0908ART1?marker=741311
709,511,USD,JFK,GUW,"Atyrau, Kazakhstan",KZ,2026-09-18,2,https://www.aviasales.com/search/JFK1809GUW1?marker=741311
710,511,USD,ORD,PMY,"Puerto Madryn, Argentina",AR,2026-10-10,2,https://www.aviasales.com/search/ORD1010PMY1?marker=741311
711,511,USD,LAX,BNE,"Brisbane, Australia",AU,2026-08-06,1,https://www.aviasales.com/search/LAX0608BNE1?marker=741311
712,511,USD,FLL,RTM,"Rotterdam, Netherlands",NL,2026-08-05,2,https://www.aviasales.com/search/FLL0508RTM1?marker=741311
713,512,USD,JFK,MSQ,"Minsk, Belarus",BY,2026-09-25,3,https://www.aviasales.com/search/JFK2509MSQ1?marker=741311
714,514,USD,IAH,CRK,"City of Angeles, Philippines",PH,2026-08-07,2,https://www.aviasales.com/search/IAH0708CRK1?marker=741311
715,514,USD,LAX,GUM,"Hagatna, Guam",GU,2026-09-16,3,https://www.aviasales.com/search/LAX1609GUM1?marker=741311
716,515,USD,JFK,YYD,"Smithers, Canada",CA,2026-08-27,3,https://www.aviasales.com/search/JFK2708YYD1?marker=741311
717,517,USD,JFK,COR,"Cordoba, Argentina",AR,2026-11-20,2,https://www.aviasales.com/search/JFK2011COR1?marker=741311
718,519,USD,JFK,LPB,"La Paz, Bolivia",BO,2026-08-12,4,https://www.aviasales.com/search/JFK1208LPB1?marker=741311
719,519,USD,MCO,GRI,"Grand Island, United States",US,2026-08-03,1,https://www.aviasales.com/search/MCO0308GRI1?marker=741311
720,523,USD,SFO,AAN,"Al Ain, United Arab Emirates",AE,2026-08-05,2,https://www.aviasales.com/search/SFO0508AAN1?marker=741311
721,524,USD,MIA,PAP,"Port-au-Prince, Haiti",HT,2026-10-01,1,https://www.aviasales.com/search/MIA0110PAP1?marker=741311
722,525,USD,ORD,NGB,"Ningbo, China",CN,2026-08-07,2,https://www.aviasales.com/search/ORD0708NGB1?marker=741311
723,526,USD,JFK,DGT,"Dumaguete, Philippines",PH,2026-09-01,2,https://www.aviasales.com/search/JFK0109DGT1?marker=741311
724,527,USD,FLL,FAE,"Sorvágur, Faroe Islands",FO,2026-08-29,3,https://www.aviasales.com/search/FLL2908FAE1?marker=741311
725,529,USD,BOS,TUU,"Tabuk, Saudi Arabia",SA,2026-09-14,2,https://www.aviasales.com/search/BOS1409TUU1?marker=741311
726,529,USD,ORD,CSX,"Changsha, China",CN,2026-08-17,2,https://www.aviasales.com/search/ORD1708CSX1?marker=741311
727,529,USD,PDX,YAZ,"Tofino, Canada",CA,2026-08-11,1,https://www.aviasales.com/search/PDX1108YAZ1?marker=741311
728,532,USD,JFK,MCX,"Makhachkala, Russia",RU,2026-09-01,2,https://www.aviasales.com/search/JFK0109MCX1?marker=741311
729,533,USD,SFO,BDS,"Brindisi, Italy",IT,2026-09-03,3,https://www.aviasales.com/search/SFO0309BDS1?marker=741311
730,534,USD,JFK,FEG,"Fergana, Uzbekistan",UZ,2026-08-24,2,https://www.aviasales.com/search/JFK2408FEG1?marker=741311
731,535,USD,JFK,KGD,"Kaliningrad, Russia",RU,2026-08-25,3,https://www.aviasales.com/search/JFK2508KGD1?marker=741311
732,535,USD,FLL,OGD,"Ogden, United States",US,2026-08-05,3,https://www.aviasales.com/search/FLL0508OGD1?marker=741311
733,536,USD,JFK,NGO,"Nagoya, Japan",JP,2026-09-27,1,https://www.aviasales.com/search/JFK2709NGO1?marker=741311
734,537,USD,JFK,CPT,"Cape Town, South Africa",ZA,2026-10-18,1,https://www.aviasales.com/search/JFK1810CPT1?marker=741311
735,537,USD,JFK,PPS,"Puerto Princesa, Philippines",PH,2026-09-27,1,https://www.aviasales.com/search/JFK2709PPS1?marker=741311
736,538,USD,SEA,PEG,"Perugia, Italy",IT,2026-12-28,2,https://www.aviasales.com/search/SEA2812PEG1?marker=741311
737,540,USD,IAH,MED,"Medina, Saudi Arabia",SA,2026-08-10,3,https://www.aviasales.com/search/IAH1008MED1?marker=741311
738,540,USD,JFK,BPN,"Balikpapan, Indonesia",ID,2026-10-22,2,https://www.aviasales.com/search/JFK2210BPN1?marker=741311
739,541,USD,ATL,AKX,"Aktobe, Kazakhstan",KZ,2026-10-17,4,https://www.aviasales.com/search/ATL1710AKX1?marker=741311
740,542,USD,IAD,KBL,"Kabul, Afghanistan",AF,2026-09-04,1,https://www.aviasales.com/search/IAD0409KBL1?marker=741311
741,542,USD,LAX,OKA,"Okinawa, Japan",JP,2026-08-07,1,https://www.aviasales.com/search/LAX0708OKA1?marker=741311
742,543,USD,SFO,VCA,"Can Tho, Vietnam",VN,2026-08-06,2,https://www.aviasales.com/search/SFO0608VCA1?marker=741311
743,544,USD,JFK,OSS,"Osh, Kyrgyzstan",KG,2026-10-06,2,https://www.aviasales.com/search/JFK0610OSS1?marker=741311
744,547,USD,JFK,KGL,"Kigali, Rwanda",RW,2026-09-03,1,https://www.aviasales.com/search/JFK0309KGL1?marker=741311
745,548,USD,IAD,RGN,"Yangon, Myanmar",MM,2026-09-13,2,https://www.aviasales.com/search/IAD1309RGN1?marker=741311
746,551,USD,MIA,SBH,"Saint Barthelemy, Guadeloupe",GP,2026-09-01,2,https://www.aviasales.com/search/MIA0109SBH1?marker=741311
747,551,USD,PHL,JHM,"Kapalua, United States",US,2026-08-06,2,https://www.aviasales.com/search/PHL0608JHM1?marker=741311
748,552,USD,JFK,OVB,"Novosibirsk, Russia",RU,2026-10-12,3,https://www.aviasales.com/search/JFK1210OVB1?marker=741311
749,552,USD,SFO,SPK,"Sapporo, Japan",JP,2026-12-30,1,https://www.aviasales.com/search/SFO3012SPK1?marker=741311
750,553,USD,MIA,VLN,"Valencia, Venezuela",VE,2026-08-06,2,https://www.aviasales.com/search/MIA0608VLN1?marker=741311
751,555,USD,SFO,SIA,"Xian, China",CN,2026-08-04,1,https://www.aviasales.com/search/SFO0408SIA1?marker=741311
752,555,USD,JFK,BZO,"Bolzano, Italy",IT,2026-11-23,2,https://www.aviasales.com/search/JFK2311BZO1?marker=741311
753,556,USD,JFK,BKO,"Bamako, Mali",ML,2026-08-12,1,https://www.aviasales.com/search/JFK1208BKO1?marker=741311
754,557,USD,LAX,UTP,"Pattaya, Thailand",TH,2026-09-12,3,https://www.aviasales.com/search/LAX1209UTP1?marker=741311
755,558,USD,JFK,LIO,"Limon, Costa Rica",CR,2026-12-31,1,https://www.aviasales.com/search/JFK3112LIO1?marker=741311
756,561,USD,CLT,TGU,"Tegucigalpa, Honduras",HN,2026-08-07,3,https://www.aviasales.com/search/CLT0708TGU1?marker=741311
757,563,USD,JFK,BWN,"Bandar Seri Begawan, Brunei",BN,2026-09-08,2,https://www.aviasales.com/search/JFK0809BWN1?marker=741311
758,563,USD,LAX,OOL,"Gold Coast, Australia",AU,2026-08-06,1,https://www.aviasales.com/search/LAX0608OOL1?marker=741311
759,565,USD,JFK,CEK,"Chelyabinsk, Russia",RU,2026-09-06,2,https://www.aviasales.com/search/JFK0609CEK1?marker=741311
760,566,USD,SFO,BTH,"Batam, Indonesia",ID,2026-08-05,2,https://www.aviasales.com/search/SFO0508BTH1?marker=741311
761,568,USD,MIA,SFG,"Saint Martin, Saint Martin",MF,2026-08-16,2,https://www.aviasales.com/search/MIA1608SFG1?marker=741311
762,575,USD,SFO,CMB,"Colombo, Sri Lanka",LK,2026-09-24,1,https://www.aviasales.com/search/SFO2409CMB1?marker=741311
763,576,USD,JFK,REN,"Orenburg, Russia",RU,2027-01-19,4,https://www.aviasales.com/search/JFK1901REN1?marker=741311
764,579,USD,SFO,INN,"Innsbruck, Austria",AT,2026-08-06,2,https://www.aviasales.com/search/SFO0608INN1?marker=741311
765,580,USD,LAX,CNS,"Cairns, Australia",AU,2026-08-16,2,https://www.aviasales.com/search/LAX1608CNS1?marker=741311
766,580,USD,LAS,CAC,"Cascavel, Brazil",BR,2026-10-11,2,https://www.aviasales.com/search/LAS1110CAC1?marker=741311
767,586,USD,LAX,VVO,"Vladivostok, Russia",RU,2026-11-29,2,https://www.aviasales.com/search/LAX2911VVO1?marker=741311
768,586,USD,LAX,BLL,"Billund, Denmark",DK,2026-08-06,2,https://www.aviasales.com/search/LAX0608BLL1?marker=741311
769,588,USD,BOS,LDB,"Londrina, Brazil",BR,2026-08-10,3,https://www.aviasales.com/search/BOS1008LDB1?marker=741311
770,590,USD,JFK,MRU,"Mauritius, Mauritius",MU,2026-10-13,1,https://www.aviasales.com/search/JFK1310MRU1?marker=741311
771,592,USD,PHL,PHS,"Phitsanulok, Thailand",TH,2026-08-21,2,https://www.aviasales.com/search/PHL2108PHS1?marker=741311
772,593,USD,JFK,KUF,"Samara, Russia",RU,2026-08-11,3,https://www.aviasales.com/search/JFK1108KUF1?marker=741311
773,595,USD,BOS,LGK,"Langkawi, Malaysia",MY,2026-09-29,3,https://www.aviasales.com/search/BOS2909LGK1?marker=741311
774,598,USD,JFK,NMA,"Namangan, Uzbekistan",UZ,2026-08-10,2,https://www.aviasales.com/search/JFK1008NMA1?marker=741311
775,601,USD,SEA,AKL,"Auckland, New Zealand",NZ,2027-01-21,2,https://www.aviasales.com/search/SEA2101AKL1?marker=741311
776,602,USD,LAS,URC,"Urumqi, China",CN,2026-08-10,2,https://www.aviasales.com/search/LAS1008URC1?marker=741311
777,604,USD,SFO,LXR,"Luxor, Egypt",EG,2026-08-14,3,https://www.aviasales.com/search/SFO1408LXR1?marker=741311
778,605,USD,LAX,NCL,"Newcastle, United Kingdom",GB,2026-08-01,2,https://www.aviasales.com/search/LAX0108NCL1?marker=741311
779,607,USD,SFO,PER,"Perth, Australia",AU,2026-08-14,2,https://www.aviasales.com/search/SFO1408PER1?marker=741311
780,609,USD,JFK,GAN,"Gan Island, Maldives",MV,2026-08-08,3,https://www.aviasales.com/search/JFK0808GAN1?marker=741311
781,610,USD,JFK,DMB,"Taraz, Kazakhstan",KZ,2026-08-13,3,https://www.aviasales.com/search/JFK1308DMB1?marker=741311
782,610,USD,ORD,DAR,"Dar Es Salaam, Tanzania",TZ,2026-08-03,2,https://www.aviasales.com/search/ORD0308DAR1?marker=741311
783,611,USD,JFK,CKG,"Chongqing, China",CN,2026-08-30,2,https://www.aviasales.com/search/JFK3008CKG1?marker=741311
784,613,USD,JFK,CIT,"Shymkent, Kazakhstan",KZ,2026-08-19,2,https://www.aviasales.com/search/JFK1908CIT1?marker=741311
785,614,USD,CLT,DVO,"Davao City, Philippines",PH,2026-08-25,4,https://www.aviasales.com/search/CLT2508DVO1?marker=741311
786,617,USD,FLL,NAV,"Nevsehir, Turkiye",TR,2026-08-04,3,https://www.aviasales.com/search/FLL0408NAV1?marker=741311
787,621,USD,JFK,PEE,"Perm, Russia",RU,2026-09-15,4,https://www.aviasales.com/search/JFK1509PEE1?marker=741311
788,623,USD,JFK,JNB,"Johannesburg, South Africa",ZA,2026-08-24,3,https://www.aviasales.com/search/JFK2408JNB1?marker=741311
789,623,USD,JFK,ZNZ,"Zanzibar, Tanzania",TZ,2026-09-04,3,https://www.aviasales.com/search/JFK0409ZNZ1?marker=741311
790,626,USD,JFK,TJM,"Tyumen, Russia",RU,2026-08-12,3,https://www.aviasales.com/search/JFK1208TJM1?marker=741311
791,626,USD,MSP,KSN,"Kostanay, Kazakhstan",KZ,2026-08-17,4,https://www.aviasales.com/search/MSP1708KSN1?marker=741311
792,628,USD,JFK,KJA,"Krasnoyarsk, Russia",RU,2026-09-15,4,https://www.aviasales.com/search/JFK1509KJA1?marker=741311
793,629,USD,DFW,URA,"Oral, Kazakhstan",KZ,2026-09-15,3,https://www.aviasales.com/search/DFW1509URA1?marker=741311
794,631,USD,JFK,AZN,"Andijan, Uzbekistan",UZ,2026-08-05,3,https://www.aviasales.com/search/JFK0508AZN1?marker=741311
795,631,USD,JFK,ULY,"Ulyanovsk, Russia",RU,2026-10-17,4,https://www.aviasales.com/search/JFK1710ULY1?marker=741311
796,635,USD,JFK,RTW,"Saratov, Russia",RU,2026-10-11,4,https://www.aviasales.com/search/JFK1110RTW1?marker=741311
797,635,USD,JFK,MLW,"Monrovia, Liberia",LR,2027-01-25,1,https://www.aviasales.com/search/JFK2501MLW1?marker=741311
798,635,USD,SFO,TNJ,"Tanjung Pinang, Indonesia",ID,2026-08-07,3,https://www.aviasales.com/search/SFO0708TNJ1?marker=741311
799,636,USD,JFK,TOF,"Tomsk, Russia",RU,2026-10-14,3,https://www.aviasales.com/search/JFK1410TOF1?marker=741311
800,637,USD,JFK,ASB,"Ashgabat, Turkmenistan",TM,2026-08-21,1,https://www.aviasales.com/search/JFK2108ASB1?marker=741311
801,637,USD,DFW,DYG,"Dayong, China",CN,2026-10-28,2,https://www.aviasales.com/search/DFW2810DYG1?marker=741311
802,638,USD,SFO,CFR,"Caen, France",FR,2026-08-10,3,https://www.aviasales.com/search/SFO1008CFR1?marker=741311
803,638,USD,SLC,LAL,"Lakeland, United States",US,2026-08-04,2,https://www.aviasales.com/search/SLC0408LAL1?marker=741311
804,639,USD,SFO,WJU,"Wonju, South Korea",KR,2026-08-06,3,https://www.aviasales.com/search/SFO0608WJU1?marker=741311
805,640,USD,LAX,IKT,"Irkutsk, Russia",RU,2026-09-03,2,https://www.aviasales.com/search/LAX0309IKT1?marker=741311
806,642,USD,SFO,MMH,"Mammoth Lakes, United States",US,2026-08-02,1,https://www.aviasales.com/search/SFO0208MMH1?marker=741311
807,645,USD,JFK,OUA,"Ouagadougou, Burkina Faso",BF,2026-09-15,3,https://www.aviasales.com/search/JFK1509OUA1?marker=741311
808,649,USD,MIA,OMS,"Omsk, Russia",RU,2026-09-15,3,https://www.aviasales.com/search/MIA1509OMS1?marker=741311
809,654,USD,ORD,VOG,"Volgograd, Russia",RU,2026-09-06,4,https://www.aviasales.com/search/ORD0609VOG1?marker=741311
810,655,USD,JFK,UGC,"Urgench, Uzbekistan",UZ,2026-10-10,2,https://www.aviasales.com/search/JFK1010UGC1?marker=741311
811,659,USD,SEA,NTL,"Newcastle, Australia",AU,2026-08-05,2,https://www.aviasales.com/search/SEA0508NTL1?marker=741311
812,665,USD,JFK,DUR,"Durban, South Africa",ZA,2026-08-24,2,https://www.aviasales.com/search/JFK2408DUR1?marker=741311
813,666,USD,JFK,BHK,"Bukhara, Uzbekistan",UZ,2026-08-20,2,https://www.aviasales.com/search/JFK2008BHK1?marker=741311
814,669,USD,SFO,NAJ,"Nakhichevan, Azerbaijan",AZ,2026-08-15,3,https://www.aviasales.com/search/SFO1508NAJ1?marker=741311
815,669,USD,ORD,IJK,"Izhevsk, Russia",RU,2026-10-10,4,https://www.aviasales.com/search/ORD1010IJK1?marker=741311
816,669,USD,SLC,WNP,"Naga, Philippines",PH,2026-08-26,4,https://www.aviasales.com/search/SLC2608WNP1?marker=741311
817,670,USD,ATL,VTE,"Vientiane, Laos",LA,2026-08-04,2,https://www.aviasales.com/search/ATL0408VTE1?marker=741311
818,670,USD,LAS,VIL,"Dakhla, Morocco",MA,2026-08-28,2,https://www.aviasales.com/search/LAS2808VIL1?marker=741311
819,673,USD,JFK,BJM,"Bujumbura, Burundi",BI,2026-09-28,2,https://www.aviasales.com/search/JFK2809BJM1?marker=741311
820,680,USD,JFK,MES,"Medan, Indonesia",ID,2026-08-06,2,https://www.aviasales.com/search/JFK0608MES1?marker=741311
821,681,USD,JFK,SEZ,"Mahe, Seychelles",SC,2026-08-24,1,https://www.aviasales.com/search/JFK2408SEZ1?marker=741311
822,681,USD,JFK,ARH,"Arkhangelsk, Russia",RU,2026-09-24,3,https://www.aviasales.com/search/JFK2409ARH1?marker=741311
823,683,USD,LAX,DRW,"Darwin, Australia",AU,2026-08-15,1,https://www.aviasales.com/search/LAX1508DRW1?marker=741311
824,686,USD,LAX,BOB,"Bora Bora, French Polynesia",PF,2026-08-21,2,https://www.aviasales.com/search/LAX2108BOB1?marker=741311
825,691,USD,BOS,LAD,"Luanda, Angola",AO,2026-10-19,3,https://www.aviasales.com/search/BOS1910LAD1?marker=741311
826,694,USD,LAX,ENI,"El Nido, Philippines",PH,2026-12-26,2,https://www.aviasales.com/search/LAX2612ENI1?marker=741311
827,695,USD,ORD,NAL,"Nalchik, Russia",RU,2026-09-22,4,https://www.aviasales.com/search/ORD2209NAL1?marker=741311
828,696,USD,FLL,HAK,"Haikou, China",CN,2026-08-28,2,https://www.aviasales.com/search/FLL2808HAK1?marker=741311
829,696,USD,DTW,MSR,"Mus, Turkiye",TR,2026-08-10,3,https://www.aviasales.com/search/DTW1008MSR1?marker=741311
830,698,USD,FLL,SJK,"Sao Jose Dos Campos, Brazil",BR,2026-08-05,2,https://www.aviasales.com/search/FLL0508SJK1?marker=741311
831,699,USD,ORD,STW,"Stavropol, Russia",RU,2026-10-01,4,https://www.aviasales.com/search/ORD0110STW1?marker=741311
832,700,USD,SAN,HIA,"Huai'an, China",CN,2026-10-06,2,https://www.aviasales.com/search/SAN0610HIA1?marker=741311
833,705,USD,DTW,BSR,"Basra, Iraq",IQ,2026-12-25,1,https://www.aviasales.com/search/DTW2512BSR1?marker=741311
834,705,USD,RDU,HHR,"Hawthorne, United States",US,2026-08-12,3,https://www.aviasales.com/search/RDU1208HHR1?marker=741311
835,715,USD,JFK,TNR,"Antananarivo, Madagascar",MG,2026-10-15,3,https://www.aviasales.com/search/JFK1510TNR1?marker=741311
836,715,USD,TPA,RLG,"Rostock, Germany",DE,2026-10-01,3,https://www.aviasales.com/search/TPA0110RLG1?marker=741311
837,716,USD,JFK,CSY,"Cheboksary, Russia",RU,2026-08-20,4,https://www.aviasales.com/search/JFK2008CSY1?marker=741311
838,717,USD,ORD,TMJ,"Termez, Uzbekistan",UZ,2026-10-15,4,https://www.aviasales.com/search/ORD1510TMJ1?marker=741311
839,718,USD,BOS,USM,"Koh Samui, Thailand",TH,2026-08-11,2,https://www.aviasales.com/search/BOS1108USM1?marker=741311
840,719,USD,MIA,ODB,"Cordoba, Spain",ES,2026-08-14,2,https://www.aviasales.com/search/MIA1408ODB1?marker=741311
841,719,USD,JFK,BOC,"Bocas Del Toro, Panama",PA,2026-12-11,2,https://www.aviasales.com/search/JFK1112BOC1?marker=741311
842,723,USD,JFK,ASF,"Astrakhan, Russia",RU,2026-08-14,3,https://www.aviasales.com/search/JFK1408ASF1?marker=741311
843,727,USD,ORD,RGK,"Gorno-Altaysk, Russia",RU,2026-08-24,4,https://www.aviasales.com/search/ORD2408RGK1?marker=741311
844,728,USD,PHX,BLB,"Balboa, Panama",PA,2026-08-09,3,https://www.aviasales.com/search/PHX0908BLB1?marker=741311
845,730,USD,LAS,OGZ,"Vladikavkaz, Russia",RU,2026-08-08,3,https://www.aviasales.com/search/LAS0808OGZ1?marker=741311
846,730,USD,SFO,KHV,"Khabarovsk, Russia",RU,2026-09-18,2,https://www.aviasales.com/search/SFO1809KHV1?marker=741311
847,730,USD,LAX,IPC,"Easter Island, Chile",CL,2026-10-19,3,https://www.aviasales.com/search/LAX1910IPC1?marker=741311
848,735,USD,SFO,KVX,"Kirov, Russia",RU,2026-12-01,4,https://www.aviasales.com/search/SFO0112KVX1?marker=741311
849,736,USD,JFK,SGC,"Surgut, Russia",RU,2026-08-05,3,https://www.aviasales.com/search/JFK0508SGC1?marker=741311
850,739,USD,SFO,RAR,"Rarotonga, Cook Islands",CK,2026-08-20,2,https://www.aviasales.com/search/SFO2008RAR1?marker=741311
851,741,USD,JFK,CBB,"Cochabamba, Bolivia",BO,2026-08-10,3,https://www.aviasales.com/search/JFK1008CBB1?marker=741311
852,745,USD,JFK,WDH,"Windhoek, Namibia",NA,2026-09-07,3,https://www.aviasales.com/search/JFK0709WDH1?marker=741311
853,746,USD,ORD,NTG,"Nantong, China",CN,2026-08-08,3,https://www.aviasales.com/search/ORD0808NTG1?marker=741311
854,747,USD,ORD,SCC,"Prudhoe Bay/Deadhorse, United States",US,2026-08-10,1,https://www.aviasales.com/search/ORD1008SCC1?marker=741311
855,748,USD,RDU,PES,"Petrozavodsk, Russia",RU,2026-08-06,4,https://www.aviasales.com/search/RDU0608PES1?marker=741311
856,753,USD,DFW,CHC,"Christchurch, New Zealand",NZ,2026-11-13,3,https://www.aviasales.com/search/DFW1311CHC1?marker=741311
857,756,USD,SFO,FJR,"Fujairah, United Arab Emirates",AE,2026-08-05,2,https://www.aviasales.com/search/SFO0508FJR1?marker=741311
858,758,USD,JFK,LFW,"Lome, Togo",TG,2026-11-29,1,https://www.aviasales.com/search/JFK2911LFW1?marker=741311
859,760,USD,LAS,BAX,"Barnaul, Russia",RU,2026-09-25,4,https://www.aviasales.com/search/LAS2509BAX1?marker=741311
860,764,USD,SFO,RKT,"Ras Al Khaimah, United Arab Emirates",AE,2026-08-06,2,https://www.aviasales.com/search/SFO0608RKT1?marker=741311
861,768,USD,BOS,UUD,"Ulan-Ude, Russia",RU,2026-09-07,4,https://www.aviasales.com/search/BOS0709UUD1?marker=741311
862,768,USD,JFK,GRV,"Groznyy, Russia",RU,2026-08-05,3,https://www.aviasales.com/search/JFK0508GRV1?marker=741311
863,768,USD,JFK,CJU,"Jeju, South Korea",KR,2026-08-07,2,https://www.aviasales.com/search/JFK0708CJU1?marker=741311
864,769,USD,BOS,OME,"Nome, United States",US,2026-08-05,2,https://www.aviasales.com/search/BOS0508OME1?marker=741311
865,773,USD,LAX,MMK,"Murmansk, Russia",RU,2026-08-06,3,https://www.aviasales.com/search/LAX0608MMK1?marker=741311
866,773,USD,SFO,MAA,"Chennai, India",IN,2026-12-11,3,https://www.aviasales.com/search/SFO1112MAA1?marker=741311
867,778,USD,ORD,LBD,"Khujand, Tajikistan",TJ,2026-08-10,3,https://www.aviasales.com/search/ORD1008LBD1?marker=741311
868,784,USD,LAX,KVK,"Kirovsk, Russia",RU,2026-08-04,4,https://www.aviasales.com/search/LAX0408KVK1?marker=741311
869,784,USD,SAN,HOM,"Homer, United States",US,2026-08-07,2,https://www.aviasales.com/search/SAN0708HOM1?marker=741311
870,786,USD,LAX,SCW,"Syktyvkar, Russia",RU,2026-08-04,4,https://www.aviasales.com/search/LAX0408SCW1?marker=741311
871,797,USD,SFO,WLG,"Wellington, New Zealand",NZ,2026-08-14,2,https://www.aviasales.com/search/SFO1408WLG1?marker=741311
872,797,USD,SAN,HSA,"Turkistan, Kazakhstan",KZ,2026-09-19,3,https://www.aviasales.com/search/SAN1909HSA1?marker=741311
873,799,USD,BOS,JPR,"Ji-Parana, Brazil",BR,2026-10-31,3,https://www.aviasales.com/search/BOS3110JPR1?marker=741311
874,801,USD,ORD,IKU,"Tamchy, Kyrgyzstan",KG,2026-08-03,3,https://www.aviasales.com/search/ORD0308IKU1?marker=741311
875,803,USD,JFK,GVR,"Governador Valadares, Brazil",BR,2026-12-17,2,https://www.aviasales.com/search/JFK1712GVR1?marker=741311
876,805,USD,IAD,GNJ,"Ganja, Azerbaijan",AZ,2026-08-07,3,https://www.aviasales.com/search/IAD0708GNJ1?marker=741311
877,807,USD,JFK,JRO,"Kilimanjaro, Tanzania",TZ,2026-08-04,1,https://www.aviasales.com/search/JFK0408JRO1?marker=741311
878,815,USD,SEA,GOJ,"Nizhniy Novgorod, Russia",RU,2026-08-06,4,https://www.aviasales.com/search/SEA0608GOJ1?marker=741311
879,816,USD,MIA,VLI,"Port Vila, Vanuatu",VU,2026-08-21,2,https://www.aviasales.com/search/MIA2108VLI1?marker=741311
880,818,USD,SFO,AIT,"Aitutaki, Cook Islands",CK,2026-08-20,2,https://www.aviasales.com/search/SFO2008AIT1?marker=741311
881,835,USD,JFK,EBB,"Entebbe, Uganda",UG,2026-08-01,1,https://www.aviasales.com/search/JFK0108EBB1?marker=741311
882,838,USD,JFK,MFM,"Macau, Macau",MO,2026-12-11,1,https://www.aviasales.com/search/JFK1112MFM1?marker=741311
883,840,USD,LAX,TBU,"Nuku'alofa, Tonga",TO,2026-08-01,2,https://www.aviasales.com/search/LAX0108TBU1?marker=741311
884,840,USD,FLL,MST,"Maastricht, Netherlands",NL,2026-08-06,3,https://www.aviasales.com/search/FLL0608MST1?marker=741311
885,841,USD,JFK,YKS,"Yakutsk, Russia",RU,2026-08-10,3,https://www.aviasales.com/search/JFK1008YKS1?marker=741311
886,841,USD,JFK,GOH,"Nuuk, Greenland",GL,2026-11-01,1,https://www.aviasales.com/search/JFK0111GOH1?marker=741311
887,847,USD,JFK,THL,"Tachilek, Myanmar",MM,2026-08-14,4,https://www.aviasales.com/search/JFK1408THL1?marker=741311
888,854,USD,SFO,HTA,"Chita, Russia",RU,2026-09-01,4,https://www.aviasales.com/search/SFO0109HTA1?marker=741311
889,857,USD,JFK,UUS,"Yuzhno-Sakhalinsk, Russia",RU,2026-08-03,4,https://www.aviasales.com/search/JFK0308UUS1?marker=741311
890,857,USD,BNA,DLA,"Douala, Cameroon",CM,2026-08-03,2,https://www.aviasales.com/search/BNA0308DLA1?marker=741311
891,872,USD,JFK,NSK,"Norilsk, Russia",RU,2026-10-01,3,https://www.aviasales.com/search/JFK0110NSK1?marker=741311
892,874,USD,DEN,ARK,"Arusha, Tanzania",TZ,2026-12-01,3,https://www.aviasales.com/search/DEN0112ARK1?marker=741311
893,879,USD,IAH,NJF,"Al-Najaf, Iraq",IQ,2026-09-01,2,https://www.aviasales.com/search/IAH0109NJF1?marker=741311
894,890,USD,LAX,GOI,"Goa, India",IN,2026-12-14,4,https://www.aviasales.com/search/LAX1412GOI1?marker=741311
895,893,USD,JFK,GBE,"Gaborone, Botswana",BW,2026-08-04,3,https://www.aviasales.com/search/JFK0408GBE1?marker=741311
896,905,USD,LAX,PKC,"Petropavlovsk-Kamchatsky, Russia",RU,2026-09-07,3,https://www.aviasales.com/search/LAX0709PKC1?marker=741311
897,924,USD,FLL,NJC,"Nizhnevartovsk, Russia",RU,2026-09-07,4,https://www.aviasales.com/search/FLL0709NJC1?marker=741311
898,933,USD,SFO,SUI,"Sukhumi, Abkhazia",AB,2026-08-15,3,https://www.aviasales.com/search/SFO1508SUI1?marker=741311
899,938,USD,LAX,PEZ,"Penza, Russia",RU,2026-10-09,4,https://www.aviasales.com/search/LAX0910PEZ1?marker=741311
900,945,USD,JFK,ACH,"Altenrhein, Switzerland",CH,2026-08-22,2,https://www.aviasales.com/search/JFK2208ACH1?marker=741311
901,959,USD,JFK,BQS,"Blagoveschensk, Russia",RU,2026-08-13,4,https://www.aviasales.com/search/JFK1308BQS1?marker=741311
902,964,USD,SEA,KEJ,"Kemerovo, Russia",RU,2026-08-01,3,https://www.aviasales.com/search/SEA0108KEJ1?marker=741311
903,972,USD,ORD,NBC,"Naberezhnye Chelny, Russia",RU,2026-08-05,4,https://www.aviasales.com/search/ORD0508NBC1?marker=741311
904,978,USD,SFO,NLK,"Norfolk Island, Norfolk Island",NF,2026-08-25,2,https://www.aviasales.com/search/SFO2508NLK1?marker=741311
905,982,USD,SEA,NVI,"Navoi, Uzbekistan",UZ,2026-08-28,2,https://www.aviasales.com/search/SEA2808NVI1?marker=741311
906,1002,USD,JFK,CXI,"Christmas Island, Kiribati",KI,2026-08-15,2,https://www.aviasales.com/search/JFK1508CXI1?marker=741311
907,1004,USD,JFK,LXA,"Lhasa, China",CN,2026-08-06,3,https://www.aviasales.com/search/JFK0608LXA1?marker=741311
908,1006,USD,IAD,YAO,"Yaounde, Cameroon",CM,2026-08-01,1,https://www.aviasales.com/search/IAD0108YAO1?marker=741311
909,1007,USD,LAX,KGF,"Karagandy, Kazakhstan",KZ,2026-09-05,2,https://www.aviasales.com/search/LAX0509KGF1?marker=741311
910,1011,USD,LAX,UKK,"Oskemen, Kazakhstan",KZ,2026-08-01,3,https://www.aviasales.com/search/LAX0108UKK1?marker=741311
911,1015,USD,JFK,MQF,"Magnitogorsk, Russia",RU,2026-08-01,3,https://www.aviasales.com/search/JFK0108MQF1?marker=741311
912,1032,USD,JFK,ALH,"Albany, Australia",AU,2026-08-05,3,https://www.aviasales.com/search/JFK0508ALH1?marker=741311
913,1059,USD,JFK,INU,"Nauru Island, Nauru",NR,2026-08-22,2,https://www.aviasales.com/search/JFK2208INU1?marker=741311
914,1060,USD,JFK,WVB,"Walvis Bay, Namibia",NA,2026-09-07,3,https://www.aviasales.com/search/JFK0709WVB1?marker=741311
915,1064,USD,MCO,PVH,"Porto Velho, Brazil",BR,2026-08-01,2,https://www.aviasales.com/search/MCO0108PVH1?marker=741311
916,1073,USD,ORD,SMT,"Sorriso, Brazil",BR,2026-08-07,3,https://www.aviasales.com/search/ORD0708SMT1?marker=741311
917,1087,USD,IAD,LBV,"Libreville, Gabon",GA,2026-08-02,1,https://www.aviasales.com/search/IAD0208LBV1?marker=741311
918,1089,USD,BNA,NOZ,"Novokuznetsk, Russia",RU,2026-08-07,4,https://www.aviasales.com/search/BNA0708NOZ1?marker=741311
919,1109,USD,ORD,DIG,"Diqing, China",CN,2026-09-30,3,https://www.aviasales.com/search/ORD3009DIG1?marker=741311
920,1124,USD,MIA,SPN,"Saipan, Northern Mariana Islands",MP,2027-01-08,2,https://www.aviasales.com/search/MIA0801SPN1?marker=741311
921,1142,USD,MSP,BQT,"Brest, Belarus",BY,2026-08-02,4,https://www.aviasales.com/search/MSP0208BQT1?marker=741311
922,1149,USD,SEA,VFA,"Victoria Falls, Zimbabwe",ZW,2026-08-09,3,https://www.aviasales.com/search/SEA0908VFA1?marker=741311
923,1205,USD,MSP,TKK,"Truk, Micronesia",FM,2026-12-22,2,https://www.aviasales.com/search/MSP2212TKK1?marker=741311
924,1254,USD,JFK,ANR,"Antwerp, Belgium",BE,2026-08-01,1,https://www.aviasales.com/search/JFK0108ANR1?marker=741311
925,1335,USD,JFK,PNI,"Pohnpei, Micronesia",FM,2026-08-19,3,https://www.aviasales.com/search/JFK1908PNI1?marker=741311
926,1357,USD,PHL,NOS,"Nossi-Be, Madagascar",MG,2026-09-30,2,https://www.aviasales.com/search/PHL3009NOS1?marker=741311
927,1453,USD,JFK,DUT,"Dutch Harbor, United States",US,2026-08-06,2,https://www.aviasales.com/search/JFK0608DUT1?marker=741311
928,1509,USD,DFW,HRI,"Hambantota, Sri Lanka",LK,2026-12-24,4,https://www.aviasales.com/search/DFW2412HRI1?marker=741311
929,1532,USD,MIA,MAJ,"Majuro, Marshall Islands",MH,2026-08-01,2,https://www.aviasales.com/search/MIA0108MAJ1?marker=741311
930,2263,USD,JFK,JHS,"Sisimiut, Greenland",GL,2026-08-13,2,https://www.aviasales.com/search/JFK1308JHS1?marker=741311
