date,code,name,origin,price,benchmark
2026-06-22,SJU,"San Juan, Puerto Rico",MCO,122,400
2026-06-22,MDE,"Medellin, Colombia",TPA,204,600
2026-06-22,SJD,"Los Cabos, Mexico",LAX,179,520
2026-06-22,GUA,Guatemala City,MIA,190,550
2026-06-22,SDQ,"Santo Domingo, Dom. Rep.",MIA,188,520
2026-06-22,AUA,Aruba,BWI,216,600
2026-06-22,SAL,San Salvador,LGA,182,500
2026-06-22,YVR,"Vancouver, Canada",LAX,163,450
2026-06-22,BGI,"Bridgetown, Barbados",MIA,268,750
2026-06-22,CUN,"Cancun, Mexico",ATL,166,450
2026-06-22,SJO,"San Jose, Costa Rica",MIA,207,560
2026-06-22,BOG,"Bogota, Colombia",MIA,216,550
2026-06-22,MEX,"Mexico City, Mexico",MCO,178,450
2026-06-22,OAX,"Oaxaca, Mexico",LAX,207,500
2026-06-22,MBJ,"Montego Bay, Jamaica",TPA,217,520
2026-06-22,SCL,"Santiago, Chile",MCO,355,820
2026-06-22,KIN,"Kingston, Jamaica",JFK,246,560
2026-06-22,GYE,"Guayaquil, Ecuador",MIA,309,700
2026-06-22,PUJ,"Punta Cana, Dom. Rep.",ATL,229,520
2026-06-22,KHI,"Karachi, Pakistan",JFK,649,1470
2026-06-22,POS,"Port of Spain, Trinidad",FLL,317,700
2026-06-22,CLO,"Cali, Colombia",DFW,277,610
2026-06-22,HYD,"Hyderabad, India",ORD,765,1640
2026-06-22,KTI,"Krong Ta Khmau, Cambodia",LAX,760,1630
2026-06-22,BSB,"Brasilia, Brazil",MIA,387,820
2026-06-22,AKL,"Auckland, New Zealand",DFW,701,1450
2026-06-22,BNE,"Brisbane, Australia",LAX,718,1500
2026-06-22,SIN,Singapore,LAX,577,1200
2026-06-22,GRU,"Sao Paulo, Brazil",BOS,437,900
2026-06-22,SGN,"Ho Chi Minh, Vietnam",SFO,536,1100
2026-06-22,DXB,"Dubai, UAE",JFK,550,1100
2026-06-22,TAS,"Tashkent, Uzbekistan",LAX,736,1460
2026-06-22,ARN,"Stockholm, Sweden",JFK,422,830
2026-06-22,DAC,"Dhaka, Bangladesh",ATL,858,1680
2026-06-22,FCO,"Rome, Italy",JFK,439,850
2026-06-22,BKK,"Bangkok, Thailand",LAX,568,1100
2026-06-22,LHE,"Lahore, Pakistan",SFO,780,1510
2026-06-22,TIA,"Tirana, Albania",JFK,517,1000
2026-06-22,EBB,"Kampala, Uganda",ATL,808,1550
2026-06-22,VIE,"Vienna, Austria",JFK,459,860
2026-06-22,GIG,"Rio de Janeiro, Brazil",IAD,502,950
2026-06-22,CRK,"Angeles City, Philippines",LAS,782,1480
2026-06-22,CUR,Curacao,EWR,349,650
2026-06-22,CTG,"Cartagena, Colombia",ATL,322,600
2026-06-22,MGA,"Managua, Nicaragua",MIA,299,550
2026-06-22,CPH,"Copenhagen, Denmark",RDU,466,860
2026-06-22,NRT,"Tokyo, Japan",HNL,644,1200
2026-06-22,EBL,"Arbil, Iraq",LAX,808,1500
2026-06-22,MLM,"Morelia, Mexico",LAX,236,440
2026-06-22,ATH,"Athens, Greece",JFK,492,900
2026-06-22,CAI,"Cairo, Egypt",ORD,600,1100
2026-06-22,SKP,"Skopje, North Macedonia",JFK,552,1010
2026-06-22,XMN,"Xiamen, China",SFO,739,1350
2026-06-22,JTR,"Santorini Island, Greece",JFK,595,1080
2026-06-22,OSL,"Oslo, Norway",JFK,464,830
2026-06-22,PTY,"Panama City, Panama",ATL,307,550
2026-06-22,TBS,"Tbilisi, Georgia",JFK,642,1150
2026-06-22,LIR,"Liberia, Costa Rica",PDX,338,600
2026-06-22,JED,"Jeddah, Saudi Arabia",ORD,722,1300
2026-06-22,PVG,"Shanghai, China",LAX,617,1100
2026-06-22,CAN,"Guangzhou, China",LAX,640,1150
2026-06-22,EZE,"Buenos Aires, Argentina",AUS,529,950
2026-06-22,ALA,"Almaty, Kazakhstan",LAX,799,1420
2026-06-22,SHJ,"Sharjah, UAE",ATL,850,1520
2026-06-22,MID,"Merida, Mexico",OAK,323,580
2026-06-22,BUD,"Budapest, Hungary",EWR,483,850
2026-06-22,LOS,"Lagos, Nigeria",IAD,774,1350
2026-06-22,CEB,"Cebu, Philippines",LAX,688,1200
2026-06-22,PPT,"Papeete, Tahiti",OAK,773,1350
2026-06-22,ASU,"Asuncion, Paraguay",PHX,651,1140
2026-06-22,CDG,"Paris, France",EWR,464,800
2026-06-22,MNL,"Manila, Philippines",LAX,634,1100
2026-06-22,DPS,"Bali, Indonesia",SEA,756,1300
2026-06-22,HKG,Hong Kong,SFO,634,1100
2026-06-22,SYD,"Sydney, Australia",DFW,875,1500
2026-06-22,FIH,"Kinshasa, Congo",DFW,891,1540
2026-06-22,NAS,"Nassau, Bahamas",MIA,266,450
2026-06-22,BCN,"Barcelona, Spain",EWR,471,800
2026-06-22,VNO,"Vilnius, Lithuania",BOS,514,870
2026-06-22,WAW,"Warsaw, Poland",IAD,470,800
2026-06-22,ICN,"Seoul, South Korea",LAX,647,1100
2026-06-22,NAN,"Nadi, Fiji",HNL,765,1300
2026-06-22,SYX,"Sanya, China",LAX,899,1530
2026-06-22,YYC,"Calgary, Canada",SFO,269,450
2026-06-22,CMN,"Casablanca, Morocco",LGA,540,900
2026-06-22,BZE,"Belize City, Belize",IAD,334,560
2026-06-22,GDL,"Guadalajara, Mexico",LAX,245,410
2026-06-22,PLS,"Providenciales, Turks",BOS,336,550
2026-06-22,LIM,"Lima, Peru",MIA,398,650
2026-06-22,MXP,"Milan, Italy",SFO,501,820
2026-06-22,HEL,"Helsinki, Finland",MSP,528,860
2026-06-22,SSH,"Sharm El Sheikh, Egypt",EWR,667,1100
2026-06-22,NBO,"Nairobi, Kenya",TPA,799,1300
2026-06-22,PEK,"Beijing, China",LAX,669,1100
2026-06-22,QRO,"Queretaro, Mexico",DFW,202,330
2026-06-22,SJJ,"Sarajevo, Bosnia and Herzegovina",LAX,803,1320
2026-06-22,HAK,"Haikou, China",SFO,879,1450
2026-06-22,YUL,"Montreal, Canada",BOS,217,350
2026-06-22,IST,"Istanbul, Turkey",JFK,561,900
2026-06-22,HKT,"Phuket, Thailand",DFW,738,1200
2026-06-22,BGW,"Baghdad, Iraq",ORD,823,1320
2026-06-22,GEO,"Georgetown, Guyana",MIA,330,530
2026-06-22,MED,"Medina, Saudi Arabia",ORD,854,1380
2026-06-22,CWB,"Curitiba, Brazil",CLT,630,1010
2026-06-22,JMK,"Mykonos Island, Greece",LAX,885,1420
2026-06-22,SHA,"Shanghai, China",LAX,820,1330
2026-06-22,WUH,"Wuhan, China",SFO,821,1320
2026-06-22,YYZ,"Toronto, Canada",BOS,220,350
2026-06-22,MAD,"Madrid, Spain",EWR,519,820
2026-06-22,ZNZ,"Zanzibar, Tanzania",ORD,918,1450
2026-06-22,TPE,"Taipei, Taiwan",LAX,664,1050
2026-06-22,JNB,"Johannesburg, S. Africa",IAH,820,1300
2026-06-22,AMD,"Ahmedabad, India",ORD,982,1560
2026-06-22,PQC,"Duong Dong, Vietnam",ORD,1092,1730
2026-06-22,ABV,"Abuja, Nigeria",LAX,986,1560
2026-06-22,LHR,"London, UK",BWI,482,750
2026-06-22,RAK,"Marrakech, Morocco",BOS,628,980
2026-06-22,MAA,"Chennai, India",BOS,833,1300
2026-06-22,PMI,"Palma De Mallorca, Spain",ATL,643,1000
2026-06-22,SNU,"Santa Clara, Cuba",DEN,326,510
2026-06-22,KUT,"Kutaisi, Georgia",LAX,918,1430
2026-06-22,CKG,"Chongqing, China",SFO,883,1390
2026-06-22,DEL,"Delhi, India",IAD,783,1200
2026-06-22,DBV,"Dubrovnik, Croatia",ATL,617,950
2026-06-22,DAD,"Da Nang, Vietnam",LAX,750,1150
2026-06-22,RIX,"Riga, Latvia",SEA,569,870
2026-06-22,BSR,"Basrah, Iraq",PDX,942,1440
2026-06-22,KEF,"Reykjavik, Iceland",ORD,394,600
2026-06-22,DUB,"Dublin, Ireland",ORD,461,700
2026-06-22,BOM,"Mumbai, India",BOS,854,1300
2026-06-22,BRU,"Brussels, Belgium",CLT,527,800
2026-06-22,AYT,"Antalya, Türkiye",BOS,709,1080
2026-06-22,UIO,"Quito, Ecuador",MIA,468,700
2026-06-22,VCE,"Venice, Italy",EWR,587,880
2026-06-22,EVN,"Yerevan, Armenia",LAX,775,1150
2026-06-22,GVA,"Geneva, Switzerland",MCO,587,880
2026-06-22,POA,"Porto Alegre, Brazil",RDU,700,1050
2026-06-22,MLA,"Luqa, Malta",ORD,730,1090
2026-06-22,FRA,"Frankfurt, Germany",JFK,541,800
2026-06-22,PRG,"Prague, Czechia",LAX,581,850
2026-06-22,HAN,"Hanoi, Vietnam",LAX,786,1150
2026-06-22,GDN,"Gdańsk, Poland",JFK,612,900
2026-06-22,AMS,"Amsterdam, Netherlands",JFK,527,760
2026-06-22,TUN,"Tunis, Tunisia",JFK,658,950
2026-06-22,STT,"St. Thomas, USVI",MIA,389,560
2026-06-22,OKA,"Okinawa, Japan",TPA,891,1300
2026-06-22,KIX,"Osaka, Japan",LAX,864,1250
2026-06-22,LCA,"Larnarca, Cyprus",DFW,956,1380
2026-06-22,SHE,"Shenyang, China",SFO,813,1170
2026-06-22,KUL,"Kuala Lumpur, Malaysia",DFW,836,1200
2026-06-22,CGK,"Jakarta, Indonesia",ORD,880,1250
2026-06-22,BAQ,"Barranquilla, Colombia",MIA,258,370
2026-06-22,COR,"Cordoba, Argentina",MIA,627,900
2026-06-22,BIO,"Bilbao, Spain",LAX,835,1190
2026-06-22,KRK,"Krakow, Poland",JFK,587,830
2026-06-22,SVO,"Moscow, Russia",MIA,1230,1722
2026-06-22,VKO,"Moscow, Russia",ORD,1182,1655
2026-06-22,LED,"St. Petersburg, Russia",IAD,1211,1695
2026-06-22,STI,"Santiago, Dominican Republic",EWR,220,308
2026-06-22,SAW,"Istanbul, Türkiye",PDX,712,997
2026-06-22,DME,"Moscow, Russia",ORD,1215,1701
2026-06-22,LGW,"London, UK",MCO,392,549
2026-06-22,RMO,"Chișinău, Moldova",EWR,667,934
2026-06-22,BJX,"Silao, Mexico",IAH,249,349
2026-06-22,POP,"Puerto Plata, Dominican Republic",LGA,388,543
2026-06-22,HER,"Heraklion, Greece",IAD,844,1182
2026-06-22,HND,"Tokyo, Japan",HNL,690,966
2026-06-22,ORY,"Paris, France",MIA,446,624
2026-06-22,XPL,"Comayagua, Honduras",MCO,358,501
2026-06-22,SKD,"Samarkand, Uzbekistan",IAD,1074,1504
2026-06-22,YTZ,"Toronto, Canada",ORD,220,308
2026-06-22,FOC,"Fuzhou, China",IAD,1056,1478
2026-06-22,VVI,"Santa Cruz, Bolivia",IAD,710,994
2026-06-22,NLU,"Reyes Acozac, Mexico",LAX,264,370
2026-06-22,TLC,"Toluca, Mexico",IAH,250,350
2026-06-22,KBL,"Kabul, Afghanistan",IAD,861,1205
2026-06-22,CNF,"Belo Horizonte, Brazil",BOS,427,598
2026-06-22,GOT,"Gothenburg, Sweden",EWR,541,757
2026-06-22,ISB,"Islamabad, Pakistan",IAD,631,883
2026-06-22,YEG,"Edmonton, Canada",ATL,348,487
2026-06-22,WMI,"Warsaw, Poland",MIA,720,1008
2026-06-22,DLA,"Douala, Cameroon",IAD,1159,1623
2026-06-22,PRN,Lipjan,IAD,684,958
2026-06-22,BRI,"Bari, Italy",IAD,816,1142
2026-06-22,ROB,"Monrovia, Liberia",CMH,1376,1926
2026-06-22,SVD,"Argyle, Saint Vincent and the Grenadines",EWR,346,484
2026-06-22,BVA,"Beauvais/Tille, France",JFK,620,868
2026-06-22,VCP,"Campinas, Brazil",FLL,560,784
2026-06-22,BJM,"Bujumbura, Burundi",ORD,899,1259
2026-06-22,DAR,"Dar es Salaam, Tanzania",IAD,939,1315
2026-06-22,CXR,"Nha Trang, Vietnam",SFO,1072,1501
2026-06-22,MVD,"Montevideo, Uruguay",IAD,476,666
2026-06-22,STN,"London, UK",LGA,748,1047
2026-06-22,HHN,"Hahn, Germany",IAD,766,1072
2026-06-22,CIA,"Roma, Italy",BWI,778,1089
2026-06-22,ISU,"Sulaymaniyah, Iraq",DCA,1121,1569
2026-06-22,SDU,"Rio De Janeiro, Brazil",CLT,699,979
2026-06-22,AEP,"Buenos Aires, Argentina",MIA,511,715
2026-06-22,LIN,"Milan, Italy",IAD,724,1014
2026-06-22,ZIA,"Zhukovsky, Russia",DFW,1435,2009
2026-06-22,PEI,"Pereira, Colombia",IAD,463,648
2026-06-22,SNN,"Shannon, Ireland",EWR,656,918
2026-06-22,RBA,"Rabat, Morocco",MCO,690,966
2026-06-22,ADB,"Izmir, Türkiye",IAD,854,1196
2026-06-22,LFW,"Lome, Togo",IAD,1122,1571
2026-06-22,FNA,"Freetown, Sierra Leone",IAH,1407,1970
2026-06-22,CTM,"Chetumal, Mexico",IAH,348,487
2026-06-22,YXE,"Saskatoon, Canada",LGA,507,710
2026-06-22,LTN,"London, UK",BWI,669,937
2026-06-22,PMO,"Palermo, Italy",MCO,826,1156
2026-06-22,PKX,"Beijing, China",LAX,669,937
2026-06-22,CEK,"Chelyabinsk, Russia",IAD,1325,1855
2026-06-22,PHC,"Port Harcourt, Nigeria",IAH,1687,2362
2026-06-22,YWG,"Winnipeg, Canada",EWR,415,581
2026-06-22,MHH,"Marsh Harbour, Bahamas",FLL,450,630
2026-06-22,SKG,"Thessaloniki, Greece",EWR,563,788
2026-06-22,LTO,"Loreto, Mexico",DFW,632,885
2026-06-22,TFN,"Tenerife Island, Spain",IAD,681,953
2026-06-22,BRE,"Bremen, Germany",IAD,815,1141
2026-06-22,TFS,"Tenerife Island, Spain",BWI,854,1196
2026-06-22,AXA,"The Valley, Anguilla",MIA,1000,1400
2026-06-22,SOU,"Southampton, UK",IAD,1045,1463
2026-06-22,COV,"Tarsus, Türkiye",IAH,1173,1642
2026-06-22,COO,"Cotonou, Benin",IAH,1225,1715
2026-06-22,DSS,"Diass, Senegal",CLT,1387,1942
2026-06-22,NIM,"Niamey, Niger",IND,1656,2318
2026-06-22,TFU,"Tianfu, China",IAD,1774,2484
2026-06-22,LUN,"Lusaka, Zambia",IAD,1944,2722
2026-06-22,WRO,"Wrocław, Poland",EWR,585,819
2026-06-22,EIS,"Road Town, Virgin Islands",MCO,636,890
2026-06-22,CGH,"Sao Paulo, Brazil",MIA,694,972
2026-06-22,DGO,"Durango, Mexico",MKE,700,980
2026-06-22,HBE,"Alexandria, Egypt",BOS,867,1214
2026-06-22,HAJ,"Hannover, Germany",DTW,885,1239
2026-06-22,PNT,"Puerto Natales, Chile",FLL,1001,1401
2026-06-22,NEV,"Charlestown, Saint Kitts and Nevis",STL,1344,1882
2026-06-22,NSI,"Yaounde, Cameroon",SAT,1410,1974
2026-06-22,GOX,"Mopa, India",MIA,1592,2229
2026-06-22,ITM,"Osaka, Japan",SJC,1719,2407
2026-06-22,ABJ,"Abidjan, Côte d'Ivoire",IAH,1944,2722
2026-06-22,EOH,"Medellin, Colombia",MCO,224,314
2026-06-22,ZCL,"Zacatecas, Mexico",RSW,481,673
2026-06-22,BIM,"South Bimini, Bahamas",IND,504,706
2026-06-22,YHU,"Longueuil, Canada",BWI,532,745
2026-06-22,OCJ,"Ocho Rios, Jamaica",MCO,591,827
2026-06-22,ZMB,ZMB,BOS,678,949
2026-06-22,TRF,"Torp, Norway",SFO,721,1009
2026-06-22,FMO,"Munster, Germany",DTW,762,1067
2026-06-22,BOC,"Isla Colon, Panama",DFW,829,1161
2026-06-22,SUF,"Lamezia Terme, Italy",IAH,835,1169
2026-06-22,BEL,"Belem, Brazil",MCO,843,1180
2026-06-22,GMP,"Seoul, South Korea",HNL,881,1233
2026-06-22,SJW,"Shijiazhuang, China",LAX,931,1310
2026-06-22,PVH,"Porto Velho, Brazil",MCO,967,1354
2026-06-22,TAM,"Tampico, Mexico",SEA,976,1366
2026-06-22,MJI,"Tripoli, Libya",ATL,1085,1519
2026-06-22,CRL,"Brussels, Belgium",DFW,1201,1681
2026-06-22,LYP,"Faisalabad, Pakistan",SMF,1218,1705
2026-06-22,NBJ,"Luanda, Angola",SEA,1244,1742
2026-06-22,ESB,"Ankara, Türkiye",ORD,1275,1785
2026-06-22,IPN,"Ipatinga, Brazil",FLL,1298,1817
2026-06-22,BDS,"Brindisi, Italy",DTW,1352,1893
2026-06-22,XIY,"Xianyang, China",CVG,1352,1893
2026-06-22,SPR,SPR,MIA,1565,2191
2026-06-22,VAN,"Van, Türkiye",SNA,1595,2233
2026-06-22,PEW,"Peshawar, Pakistan",SNA,1794,2512
2026-06-22,KGL,"Kigali, Rwanda",MCI,1870,2618
2026-06-22,YKF,"Waterloo, Canada",MDW,2265,3171
2026-06-22,ULV,"Ulyanovsk, Russia",DFW,2476,3466
2026-06-22,GVN,"Sovetskaya Gavan, Russia",SNA,3142,4399
2026-06-22,ABA,"Abakan, Russia",SFO,5267,7374
2026-06-22,AGP,"Malaga, Spain",JFK,608,840
2026-06-22,SPU,"Split, Croatia",JFK,658,920
2026-06-22,ADD,"Addis Ababa, Ethiopia",BOS,966,1350
2026-06-22,MAR,"Maracaibo, Venezuela",MIA,279,390
2026-06-22,ALC,"Alicante, Spain",BOS,597,820
2026-06-22,LLW,"Lilongwe, Malawi",ORD,1232,1680
2026-06-22,IGU,"Foz Do Iguacu, Brazil",BOS,755,1030
2026-06-22,BLQ,"Bologna, Italy",ATL,652,880
2026-06-22,BOJ,"Burgas, Bulgaria",MIA,905,1220
2026-06-22,SZX,"Shenzhen, China",ORD,1140,1550
2026-06-22,OPO,"Porto, Portugal",BOS,579,770
2026-06-22,PVK,"Preveza/Lefkada, Greece",BOS,742,990
2026-06-22,KTM,"Kathmandu, Nepal",HNL,1066,1400
2026-06-22,ZAG,"Zagreb, Croatia",CLE,668,880
2026-06-22,TGD,"Podgorica, Montenegro",ORD,818,1080
2026-06-22,HRE,"Harare, Zimbabwe",ORD,1280,1690
2026-06-22,NUE,"Nuremberg, Germany",MIA,801,1050
2026-06-22,YYJ,"Victoria, Canada",TPA,484,640
2026-06-22,SXM,St. Maarten,LGA,462,600
2026-06-22,SOF,"Sofia, Bulgaria",JFK,652,850
2026-06-22,UVF,St. Lucia,PIT,542,700
2026-06-22,BUS,"Batumi, Georgia",ORD,943,1220
2026-06-22,UBN,"Ulaanbaatar, Mongolia",ORD,975,1270
2026-06-22,IBZ,"Ibiza, Spain",JFK,663,860
2026-06-22,GCM,Grand Cayman,EWR,470,600
2026-06-22,LIS,"Lisbon, Portugal",EWR,586,750
2026-06-22,FOR,"Fortaleza, Brazil",MCO,743,950
2026-06-22,OTP,"Bucharest, Romania",MCO,637,820
2026-06-22,PVR,"Puerto Vallarta, Mexico",LAX,311,400
2026-06-22,VIX,"Vitoria, Brazil",MIA,716,920
2026-06-22,OUA,"Ouagadougou, Burkina Faso",SEA,1099,1410
2026-06-22,EFL,"Kefallinia Island, Greece",PHX,1053,1350
2026-06-22,MEL,"Melbourne, Australia",HNL,1190,1500
2026-06-22,SEZ,"Mahe Island, Seychelles",ORD,1403,1780
2026-06-22,SVG,"Stavanger, Norway",DFW,806,1020
2026-06-22,MUC,"Munich, Germany",JFK,654,820
2026-06-22,CUE,"Cuenca, Ecuador",MIA,424,530
2026-06-22,NCE,"Nice, France",MIA,709,880
2026-06-22,TIV,"Tivat, Montenegro",SEA,975,1200
2026-06-22,SAP,"La Mesa, Honduras",MIA,268,330
2026-06-22,FRS,"San Benito, Guatemala",JFK,422,520
2026-06-22,VVC,"Villavicencio, Colombia",LAX,660,810
2026-06-22,RZE,"Rzeszow, Poland",ORD,838,1030
2026-06-22,JPA,"Joao Pessoa, Brazil",LAX,1025,1260
2026-06-22,CLJ,"Cluj-Napoca, Romania",SFO,1035,1280
2026-06-22,TLL,"Tallinn, Estonia",LGA,720,880
2026-06-22,FLR,"Florence, Italy",RDU,735,900
2026-06-22,GYD,"Baku, Azerbaijan",IAD,946,1150
2026-06-22,ZRH,"Zurich, Switzerland",ORD,707,860
2026-06-22,COK,"Kochi, India",MIA,1070,1300
2026-06-22,SVQ,"Seville, Spain",SFO,706,860
2026-06-22,YLW,"Kelowna, Canada",PHX,320,390
2026-06-22,ANU,Antigua,JFK,538,650
2026-06-22,FLN,"Florianopolis, Brazil",MIA,833,1000
2026-06-22,AUH,"Abu Dhabi, UAE",MIA,912,1100
2026-06-22,NAP,"Naples, Italy",LAX,743,900
2026-06-22,CPT,"Cape Town, S. Africa",MIA,1210,1450
2026-06-22,CMB,"Colombo, Sri Lanka",ORD,1073,1300
2026-06-22,BSZ,"Bishkek, Kyrgyzstan",ORD,1102,1320
2026-06-22,BJV,"Bodrum, Türkiye",ORD,982,1180
2026-06-22,RHO,"Rodes Island, Greece",PIT,947,1140
2026-06-22,ASM,"Asmara, Eritrea",SEA,1313,1590
2026-06-22,TQO,"Tulum, Mexico",JFK,396,470
2026-06-22,FPO,"Freeport, Bahamas",FLL,410,480
2026-06-22,GYN,"Goiania, Brazil",BNA,817,960
2026-06-22,BGO,"Bergen, Norway",BOS,645,760
2026-06-22,TER,"Lajes, Portugal",SFO,892,1050
2026-06-22,VLC,"Valencia, Spain",ORD,720,840
2026-06-22,MTY,"Monterrey, Mexico",SAT,198,230
2026-06-22,TAB,"Scarborough, Trinidad and Tobago",JFK,491,570
2026-06-22,EDI,"Edinburgh, Scotland",ORD,673,770
2026-06-22,IGD,"Igdir, Türkiye",DFW,1203,1390
2026-06-22,BEG,"Belgrade, Serbia",BOS,728,830
2026-06-22,MRS,"Marseille, France",ORD,765,870
2026-06-22,SJP,"Sao Jose Do Rio Preto, Brazil",LAX,1077,1230
2026-06-22,PFO,"Paphos, Cyprus",PDX,1193,1360
2026-06-22,DYU,"Dushanbe, Tajikistan",ORD,1216,1360
2026-06-22,AER,"Sochi, Russia",MIA,1151,1300
2026-06-22,ACC,"Accra, Ghana",DFW,1174,1300
2026-06-22,ALG,"Algiers, Algeria",BOS,773,860
2026-06-22,VGO,"Vigo, Spain",ORD,779,870
2026-06-22,MAN,"Manchester, UK",IAD,686,750
2026-06-22,GLA,"Glasgow, Scotland",ATL,710,780
2026-06-22,MLE,"Male, Maldives",ORD,1228,1350
2026-06-22,BER,"Berlin, Germany",SEA,728,800
2026-06-22,NQZ,"Astana, Kazakhstan",ORD,1114,1220
2026-06-22,VRN,"Verona, Italy",BOS,796,870
2026-06-22,DLM,"Dalaman, Türkiye",ATL,1115,1230
2026-06-22,TOS,"Tromsø, Norway",MSP,783,860
2026-06-22,CUL,"Culiacan, Mexico",SEA,453,490
2026-06-22,YXY,"Whitehorse, Canada",BNA,605,660
2026-06-22,LNZ,"Linz, Austria",ATL,971,1050
2026-06-22,HAM,"Hamburg, Germany",SEA,759,820
2026-06-22,BPN,"Balikpapan, Borneo Island, Indonesia",AUS,1720,1850
2026-06-22,HRG,"Hurghada, Egypt",DFW,1030,1100
2026-06-22,NJF,"Najaf, Iraq",PDX,1331,1420
2026-06-22,SCO,"Aktau, Kazakhstan",ORD,1179,1240
2026-06-22,UGC,"Urgench, Uzbekistan",ORD,1241,1300
2026-06-22,GND,Grenada,MIA,674,700
2026-06-22,RUH,"Riyadh, Saudi Arabia",DTW,1196,1250
2026-06-22,GZP,"Gazipasa, Türkiye",BWI,1109,1160
2026-06-22,YQB,"Quebec City, Canada",AUS,483,500
2026-06-22,TGZ,"Tuxtla Gutierrez, Mexico",DEN,476,490
2026-06-22,CFU,"Kerkyra Island, Greece",BOS,959,980
2026-06-22,BPS,"Porto Seguro, Brazil",PHL,957,980
2026-06-22,KSN,"Kostanay, Kazakhstan",MIA,1316,1340
2026-06-22,LDB,"Londrina, Brazil",MIA,854,870
2026-06-22,BRS,"Bristol, UK",DFW,977,1000
2026-06-22,MBA,"Mombasa, Kenya",ATL,1339,1350
2026-06-22,VER,"Veracruz, Mexico",DFW,345,350
2026-06-22,CCS,"Caracas, Venezuela",MIA,422,420
2026-06-22,MPM,"Maputo, Mozambique",MSP,1818,1810
2026-06-22,WDH,"Windhoek, Namibia",MSP,1679,1650
2026-06-22,AXM,"Armenia, Colombia",JFK,640,620
2026-06-22,ZQN,"Queenstown, NZ",IND,1606,1550
2026-06-22,MRU,Mauritius,ORD,1572,1500
2026-06-22,SSA,"Salvador, Brazil",MSY,993,950
2026-06-22,ROS,"Rosario, Argentina",MIA,984,930
2026-06-22,CCP,"Concepcion, Chile",SLC,1290,1220
2026-06-22,PSA,"Pisa, Italy",BOS,933,880
2026-06-22,PEG,"Perugia, Italy",ORD,1096,1020
2026-06-22,BLR,"Bangalore, India",IAD,1400,1300
2026-06-22,KRR,"Krasnodar, Russia",DFW,1412,1310
2026-06-22,IKT,"Irkutsk, Russia",BOS,1322,1220
2026-06-22,CGN,"Cologne, Germany",ORD,896,820
2026-06-22,HAV,"Havana, Cuba",MIA,239,220
2026-06-22,SZZ,"Goleniow, Poland",SEA,1173,1070
2026-06-22,WEH,"Weihai, China",SEA,1240,1130
2026-06-22,TSN,"Tianjin, China",PHX,1474,1330
2026-06-22,BLZ,"Blantyre, Malawi",CMH,1841,1660
2026-06-22,BOB,"Motu Mute, French Polynesia",LAX,1020,910
2026-06-22,FAO,"Faro, Portugal",ORD,906,800
2026-06-22,CSX,"Changsha, China",CLT,1797,1590
2026-06-22,ZLO,"Manzanillo, Mexico",BWI,640,560
2026-06-22,SCV,"Suceava, Romania",SFO,1459,1280
2026-06-22,HOG,"Holguin, Cuba",SAT,517,450
2026-06-22,BDA,"Hamilton, Bermuda",JFK,359,310
2026-06-22,CMW,"Camaguey, Cuba",AUS,489,420
2026-06-22,USM,"Koh Samui, Thailand",DFW,1459,1250
2026-06-22,PDL,"Ponta Delgada, Portugal",BOS,701,600
2026-06-22,CAG,"Cagliari, Italy",ORD,1202,1030
2026-06-22,TAO,"Qingdao, China",LAS,1523,1300
2026-06-22,MRV,"Mineralnyye Vody, Russia",MIA,1559,1320
2026-06-22,SJZ,"Velas, Portugal",SFO,1222,1040
2026-06-22,RAI,"Praia, Cabo Verde",BOS,930,780
2026-06-22,CUZ,"Cusco, Peru",PIT,1008,850
2026-06-22,OGZ,"Beslan, Russia",CLT,1496,1250
2026-06-22,RTB,"Roatan Island, Honduras",JFK,616,510
2026-06-22,USH,"Ushuahia, Argentina",SFO,1758,1440
2026-06-22,LWN,"Gyumri, Armenia",SFO,1719,1410
2026-06-22,LYS,"Lyon, France",LAX,1061,860
2026-06-22,MZT,"Mazatlan, Mexico",SAT,368,300
2026-06-22,OHD,"Ohrid, North Macedonia",BOS,1197,970
2026-06-22,PBC,"Puebla, Mexico",DEN,542,440
2026-06-22,BON,"Kralendijk, Bonaire",ATL,627,500
2026-06-22,SLP,"San Luis Potosi, Mexico",DFW,400,320
2026-06-22,SKB,"Basseterre, Saint Kitts and Nevis",JFK,619,490
2026-06-22,CZM,"Cozumel, Mexico",DEN,607,480
2026-06-22,OVB,"Novosibirsk, Russia",DEN,1552,1220
2026-06-22,CUU,"Chihuahua, Mexico",DEN,406,320
2026-06-22,VTE,"Vientiane, Laos",SAN,2038,1610
2026-06-22,KUF,"Samara, Russia",AUS,1661,1300
2026-06-22,KTW,"Katowice, Poland",MSP,1296,1010
2026-06-22,PTP,"Pointe-a-Pitre Le Raizet, Guadeloupe",AUS,791,620
2026-06-22,VXE,"Sao Pedro, Cabo Verde",BOS,966,750
2026-06-22,PSO,"Pasto, Colombia",SLC,1039,800
2026-06-22,UFA,"Ufa, Russia",BOS,1401,1070
2026-06-22,KZN,"Kazan, Russia",BOS,1362,1030
2026-06-22,ACA,"Acapulco, Mexico",MIA,568,430
2026-06-22,CAP,"Cap Haitien, Haiti",JFK,585,440
2026-06-22,YHZ,"Halifax, Canada",PHL,402,300
2026-06-22,NMA,"Namangan, Uzbekistan",PIT,1807,1340
2026-06-22,SVX,"Yekaterinburg, Russia",SEA,1508,1110
2026-06-22,GGT,"George Town, Bahamas",MIA,327,240
2026-06-22,CIT,"Shymkent, Kazakhstan",SFO,1893,1390
2026-06-22,CHC,"Christchurch, NZ",SNA,2123,1550
2026-06-22,FNC,"Funchal, Portugal",FLL,1165,850
2026-06-22,CNX,"Chiang Mai, Thailand",SFO,1672,1200
2026-06-22,YDF,"Deer Lake, Canada",IND,646,460
2026-06-22,REC,"Recife, Brazil",MCO,1335,950
2026-06-22,GUM,"Tamuning, Guam",DFW,2057,1460
2026-06-22,TPQ,"Tepic, Mexico",LAX,550,390
2026-06-22,KGF,"Karaganda, Kazakhstan",MIA,2007,1420
2026-06-22,FBM,"Lubumbashi, Congo",IND,2238,1590
2026-06-22,RGK,"Gorno-Altaysk, Russia",SAN,1877,1320
2026-06-22,REX,"Reynosa, Mexico",ORD,575,400
2026-06-22,DOH,"Doha, Qatar",TPA,1668,1150
2026-06-22,GUW,"Atyrau, Kazakhstan",IND,1794,1230
2026-06-22,HOR,"Horta, Portugal",BOS,839,570
2026-06-22,TIJ,"Tijuana, Mexico",LAX,296,200
2026-06-22,MGQ,"Mogadishu, Somalia",SEA,2596,1760
2026-06-22,YOW,"Ottawa, Canada",CMH,401,270
2026-06-22,VVO,"Vladivostok, Russia",SEA,1510,1010
2026-06-22,DOM,"Marigot, Dominica",ATL,780,520
2026-06-22,MSQ,"Minsk, Belarus",SEA,1674,1100
2026-06-22,NVT,"Navegantes, Brazil",BOS,1627,1060
2026-06-22,TRC,"Torreon, Mexico",DEN,553,360
2026-06-22,AGU,"Aguascalientes, Mexico",DFW,523,330
2026-06-22,ZIH,"Ixtapa, Mexico",LAX,722,450
2026-06-22,NDJ,"N'Djamena, Chad",IND,2061,1290
2026-06-22,KJA,"Krasnoyarsk, Russia",LAS,1960,1220
2026-06-22,CUK,"Caye Caulker, Belize",SFO,1003,620
2026-06-22,TJM,"Tyumen, Russia",DFW,2040,1260
2026-06-22,BAX,"Barnaul, Russia",MIA,2311,1400
2026-06-22,LBD,"Khudzhand, Tajikistan",DFW,2441,1470
2026-06-22,TGU,"Tegucigalpa, Honduras",RDU,932,550
2026-06-22,INN,"Innsbruck, Austria",AUS,1962,1160
2026-06-22,ELH,"North Eleuthera, Bahamas",MIA,379,220
2026-06-22,ROR,"Babelthuap Island, Palau",MSP,2688,1560
2026-06-22,NGS,"Nagasaki, Japan",ATL,2575,1480
2026-06-22,KHV,"Khabarovsk, Russia",MIA,2430,1390
2026-06-22,URA,"Uralsk, Kazakhstan",MSP,2011,1150
2026-06-22,SID,"Espargos, Cabo Verde",FLL,1495,840
2026-06-22,VOG,"Volgograd, Russia",CLE,2039,1140
2026-06-22,STW,"Stavropol, Russia",SFO,2471,1360
2026-06-22,SCU,"Santiago, Cuba",LAS,1241,640
2026-06-22,YXU,"London, Canada",ORD,580,240
2026-06-22,ASF,"Astrakhan, Russia",BOS,2740,1110
2026-06-22,PEE,"Perm, Russia",BOS,2811,1040
2026-06-22,ADZ,"San Andres, Colombia",FLL,1093,350
2026-06-22,ITU,ITU,ATL,3316,1000
2026-06-22,SJU,"San Juan, Puerto Rico",MCO,122,400
2026-06-22,MDE,"Medellin, Colombia",TPA,204,600
2026-06-22,SJD,"Los Cabos, Mexico",LAX,179,520
2026-06-22,GUA,Guatemala City,MIA,190,550
2026-06-22,SDQ,"Santo Domingo, Dom. Rep.",MIA,188,520
2026-06-22,AUA,Aruba,BWI,216,600
2026-06-22,SAL,San Salvador,LGA,182,500
2026-06-22,YVR,"Vancouver, Canada",LAX,163,450
2026-06-22,BGI,"Bridgetown, Barbados",MIA,268,750
2026-06-22,CUN,"Cancun, Mexico",ATL,166,450
2026-06-22,SJO,"San Jose, Costa Rica",MIA,207,560
2026-06-22,BOG,"Bogota, Colombia",MIA,216,550
2026-06-22,MEX,"Mexico City, Mexico",MCO,178,450
2026-06-22,OAX,"Oaxaca, Mexico",LAX,207,500
2026-06-22,MBJ,"Montego Bay, Jamaica",TPA,217,520
2026-06-22,SCL,"Santiago, Chile",MCO,355,820
2026-06-22,KIN,"Kingston, Jamaica",JFK,246,560
2026-06-22,GYE,"Guayaquil, Ecuador",MIA,309,700
2026-06-22,PUJ,"Punta Cana, Dom. Rep.",ATL,229,520
2026-06-22,KHI,"Karachi, Pakistan",JFK,649,1470
2026-06-22,POS,"Port of Spain, Trinidad",FLL,317,700
2026-06-22,CLO,"Cali, Colombia",DFW,277,610
2026-06-22,HYD,"Hyderabad, India",ORD,765,1640
2026-06-22,KTI,"Krong Ta Khmau, Cambodia",LAX,760,1630
2026-06-22,BSB,"Brasilia, Brazil",MIA,387,820
2026-06-22,AKL,"Auckland, New Zealand",DFW,701,1450
2026-06-22,BNE,"Brisbane, Australia",LAX,718,1500
2026-06-22,SIN,Singapore,LAX,577,1200
2026-06-22,GRU,"Sao Paulo, Brazil",BOS,437,900
2026-06-22,SGN,"Ho Chi Minh, Vietnam",SFO,536,1100
2026-06-22,DXB,"Dubai, UAE",JFK,550,1100
2026-06-22,TAS,"Tashkent, Uzbekistan",LAX,736,1460
2026-06-22,ARN,"Stockholm, Sweden",JFK,422,830
2026-06-22,DAC,"Dhaka, Bangladesh",ATL,858,1680
2026-06-22,FCO,"Rome, Italy",JFK,439,850
2026-06-22,BKK,"Bangkok, Thailand",LAX,568,1100
2026-06-22,LHE,"Lahore, Pakistan",SFO,780,1510
2026-06-22,TIA,"Tirana, Albania",JFK,517,1000
2026-06-22,EBB,"Kampala, Uganda",ATL,808,1550
2026-06-22,VIE,"Vienna, Austria",JFK,459,860
2026-06-22,GIG,"Rio de Janeiro, Brazil",IAD,502,950
2026-06-22,CRK,"Angeles City, Philippines",LAS,782,1480
2026-06-22,CUR,Curacao,EWR,349,650
2026-06-22,CTG,"Cartagena, Colombia",ATL,322,600
2026-06-22,MGA,"Managua, Nicaragua",MIA,299,550
2026-06-22,CPH,"Copenhagen, Denmark",RDU,466,860
2026-06-22,NRT,"Tokyo, Japan",HNL,644,1200
2026-06-22,EBL,"Arbil, Iraq",LAX,808,1500
2026-06-22,MLM,"Morelia, Mexico",LAX,236,440
2026-06-22,ATH,"Athens, Greece",JFK,492,900
2026-06-22,CAI,"Cairo, Egypt",ORD,600,1100
2026-06-22,SKP,"Skopje, North Macedonia",JFK,552,1010
2026-06-22,XMN,"Xiamen, China",SFO,739,1350
2026-06-22,JTR,"Santorini Island, Greece",JFK,595,1080
2026-06-22,OSL,"Oslo, Norway",JFK,464,830
2026-06-22,PTY,"Panama City, Panama",ATL,307,550
2026-06-22,TBS,"Tbilisi, Georgia",JFK,642,1150
2026-06-22,LIR,"Liberia, Costa Rica",PDX,338,600
2026-06-22,JED,"Jeddah, Saudi Arabia",ORD,722,1300
2026-06-22,PVG,"Shanghai, China",LAX,617,1100
2026-06-22,CAN,"Guangzhou, China",LAX,640,1150
2026-06-22,EZE,"Buenos Aires, Argentina",AUS,529,950
2026-06-22,ALA,"Almaty, Kazakhstan",LAX,799,1420
2026-06-22,SHJ,"Sharjah, UAE",ATL,850,1520
2026-06-22,MID,"Merida, Mexico",OAK,323,580
2026-06-22,BUD,"Budapest, Hungary",EWR,483,850
2026-06-22,LOS,"Lagos, Nigeria",IAD,774,1350
2026-06-22,CEB,"Cebu, Philippines",LAX,688,1200
2026-06-22,PPT,"Papeete, Tahiti",OAK,773,1350
2026-06-22,ASU,"Asuncion, Paraguay",PHX,651,1140
2026-06-22,CDG,"Paris, France",EWR,464,800
2026-06-22,MNL,"Manila, Philippines",LAX,634,1100
2026-06-22,DPS,"Bali, Indonesia",SEA,756,1300
2026-06-22,HKG,Hong Kong,SFO,634,1100
2026-06-22,SYD,"Sydney, Australia",DFW,875,1500
2026-06-22,FIH,"Kinshasa, Congo",DFW,891,1540
2026-06-22,NAS,"Nassau, Bahamas",MIA,266,450
2026-06-22,BCN,"Barcelona, Spain",EWR,471,800
2026-06-22,VNO,"Vilnius, Lithuania",BOS,514,870
2026-06-22,WAW,"Warsaw, Poland",IAD,470,800
2026-06-22,ICN,"Seoul, South Korea",LAX,647,1100
2026-06-22,NAN,"Nadi, Fiji",HNL,765,1300
2026-06-22,SYX,"Sanya, China",LAX,899,1530
2026-06-22,YYC,"Calgary, Canada",SFO,269,450
2026-06-22,CMN,"Casablanca, Morocco",LGA,540,900
2026-06-22,BZE,"Belize City, Belize",IAD,334,560
2026-06-22,GDL,"Guadalajara, Mexico",LAX,245,410
2026-06-22,PLS,"Providenciales, Turks",BOS,336,550
2026-06-22,LIM,"Lima, Peru",MIA,398,650
2026-06-22,MXP,"Milan, Italy",SFO,501,820
2026-06-22,HEL,"Helsinki, Finland",MSP,528,860
2026-06-22,SSH,"Sharm El Sheikh, Egypt",EWR,667,1100
2026-06-22,NBO,"Nairobi, Kenya",TPA,799,1300
2026-06-22,PEK,"Beijing, China",LAX,669,1100
2026-06-22,QRO,"Queretaro, Mexico",DFW,202,330
2026-06-22,SJJ,"Sarajevo, Bosnia and Herzegovina",LAX,803,1320
2026-06-22,HAK,"Haikou, China",SFO,879,1450
2026-06-22,YUL,"Montreal, Canada",BOS,217,350
2026-06-22,IST,"Istanbul, Turkey",JFK,561,900
2026-06-22,HKT,"Phuket, Thailand",DFW,738,1200
2026-06-22,BGW,"Baghdad, Iraq",ORD,823,1320
2026-06-22,GEO,"Georgetown, Guyana",MIA,330,530
2026-06-22,MED,"Medina, Saudi Arabia",ORD,854,1380
2026-06-22,CWB,"Curitiba, Brazil",CLT,630,1010
2026-06-22,JMK,"Mykonos Island, Greece",LAX,885,1420
2026-06-22,SHA,"Shanghai, China",LAX,820,1330
2026-06-22,WUH,"Wuhan, China",SFO,821,1320
2026-06-22,YYZ,"Toronto, Canada",BOS,220,350
2026-06-22,MAD,"Madrid, Spain",EWR,519,820
2026-06-22,ZNZ,"Zanzibar, Tanzania",ORD,918,1450
2026-06-22,TPE,"Taipei, Taiwan",LAX,664,1050
2026-06-22,JNB,"Johannesburg, S. Africa",IAH,820,1300
2026-06-22,AMD,"Ahmedabad, India",ORD,982,1560
2026-06-22,PQC,"Duong Dong, Vietnam",ORD,1092,1730
2026-06-22,ABV,"Abuja, Nigeria",LAX,986,1560
2026-06-22,LHR,"London, UK",BWI,482,750
2026-06-22,RAK,"Marrakech, Morocco",BOS,628,980
2026-06-22,MAA,"Chennai, India",BOS,833,1300
2026-06-22,PMI,"Palma De Mallorca, Spain",ATL,643,1000
2026-06-22,SNU,"Santa Clara, Cuba",DEN,326,510
2026-06-22,KUT,"Kutaisi, Georgia",LAX,918,1430
2026-06-22,CKG,"Chongqing, China",SFO,883,1390
2026-06-22,DEL,"Delhi, India",IAD,783,1200
2026-06-22,DBV,"Dubrovnik, Croatia",ATL,617,950
2026-06-22,DAD,"Da Nang, Vietnam",LAX,750,1150
2026-06-22,RIX,"Riga, Latvia",SEA,569,870
2026-06-22,BSR,"Basrah, Iraq",PDX,942,1440
2026-06-22,KEF,"Reykjavik, Iceland",ORD,394,600
2026-06-22,DUB,"Dublin, Ireland",ORD,461,700
2026-06-22,BOM,"Mumbai, India",BOS,854,1300
2026-06-22,BRU,"Brussels, Belgium",CLT,527,800
2026-06-22,AYT,"Antalya, Türkiye",BOS,709,1080
2026-06-22,UIO,"Quito, Ecuador",MIA,468,700
2026-06-22,VCE,"Venice, Italy",EWR,587,880
2026-06-22,EVN,"Yerevan, Armenia",LAX,775,1150
2026-06-22,GVA,"Geneva, Switzerland",MCO,587,880
2026-06-22,POA,"Porto Alegre, Brazil",RDU,700,1050
2026-06-22,MLA,"Luqa, Malta",ORD,730,1090
2026-06-22,FRA,"Frankfurt, Germany",JFK,541,800
2026-06-22,PRG,"Prague, Czechia",LAX,581,850
2026-06-22,HAN,"Hanoi, Vietnam",LAX,786,1150
2026-06-22,GDN,"Gdańsk, Poland",JFK,612,900
2026-06-22,AMS,"Amsterdam, Netherlands",JFK,527,760
2026-06-22,TUN,"Tunis, Tunisia",JFK,658,950
2026-06-22,STT,"St. Thomas, USVI",MIA,389,560
2026-06-22,OKA,"Okinawa, Japan",TPA,891,1300
2026-06-22,KIX,"Osaka, Japan",LAX,864,1250
2026-06-22,LCA,"Larnarca, Cyprus",DFW,956,1380
2026-06-22,SHE,"Shenyang, China",SFO,813,1170
2026-06-22,KUL,"Kuala Lumpur, Malaysia",DFW,836,1200
2026-06-22,CGK,"Jakarta, Indonesia",ORD,880,1250
2026-06-22,BAQ,"Barranquilla, Colombia",MIA,258,370
2026-06-22,COR,"Cordoba, Argentina",MIA,627,900
2026-06-22,BIO,"Bilbao, Spain",LAX,835,1190
2026-06-22,KRK,"Krakow, Poland",JFK,587,830
2026-06-22,SVO,"Moscow, Russia",MIA,1230,1722
2026-06-22,VKO,"Moscow, Russia",ORD,1182,1655
2026-06-22,LED,"St. Petersburg, Russia",IAD,1211,1695
2026-06-22,STI,"Santiago, Dominican Republic",EWR,220,308
2026-06-22,SAW,"Istanbul, Türkiye",PDX,712,997
2026-06-22,DME,"Moscow, Russia",ORD,1215,1701
2026-06-22,LGW,"London, UK",MCO,392,549
2026-06-22,RMO,"Chișinău, Moldova",EWR,667,934
2026-06-22,BJX,"Silao, Mexico",IAH,249,349
2026-06-22,POP,"Puerto Plata, Dominican Republic",LGA,388,543
2026-06-22,HER,"Heraklion, Greece",IAD,844,1182
2026-06-22,HND,"Tokyo, Japan",HNL,690,966
2026-06-22,ORY,"Paris, France",MIA,446,624
2026-06-22,XPL,"Comayagua, Honduras",MCO,358,501
2026-06-22,SKD,"Samarkand, Uzbekistan",IAD,1074,1504
2026-06-22,YTZ,"Toronto, Canada",ORD,220,308
2026-06-22,FOC,"Fuzhou, China",IAD,1056,1478
2026-06-22,VVI,"Santa Cruz, Bolivia",IAD,710,994
2026-06-22,NLU,"Reyes Acozac, Mexico",LAX,264,370
2026-06-22,TLC,"Toluca, Mexico",IAH,250,350
2026-06-22,KBL,"Kabul, Afghanistan",IAD,861,1205
2026-06-22,CNF,"Belo Horizonte, Brazil",BOS,427,598
2026-06-22,GOT,"Gothenburg, Sweden",EWR,541,757
2026-06-22,ISB,"Islamabad, Pakistan",IAD,631,883
2026-06-22,YEG,"Edmonton, Canada",ATL,348,487
2026-06-22,WMI,"Warsaw, Poland",MIA,720,1008
2026-06-22,DLA,"Douala, Cameroon",IAD,1159,1623
2026-06-22,PRN,Lipjan,IAD,684,958
2026-06-22,BRI,"Bari, Italy",IAD,816,1142
2026-06-22,ROB,"Monrovia, Liberia",CMH,1376,1926
2026-06-22,SVD,"Argyle, Saint Vincent and the Grenadines",EWR,346,484
2026-06-22,BVA,"Beauvais/Tille, France",JFK,620,868
2026-06-22,VCP,"Campinas, Brazil",FLL,560,784
2026-06-22,BJM,"Bujumbura, Burundi",ORD,899,1259
2026-06-22,DAR,"Dar es Salaam, Tanzania",IAD,939,1315
2026-06-22,CXR,"Nha Trang, Vietnam",SFO,1072,1501
2026-06-22,MVD,"Montevideo, Uruguay",IAD,476,666
2026-06-22,STN,"London, UK",LGA,748,1047
2026-06-22,HHN,"Hahn, Germany",IAD,766,1072
2026-06-22,CIA,"Roma, Italy",BWI,778,1089
2026-06-22,ISU,"Sulaymaniyah, Iraq",DCA,1121,1569
2026-06-22,SDU,"Rio De Janeiro, Brazil",CLT,699,979
2026-06-22,AEP,"Buenos Aires, Argentina",MIA,511,715
2026-06-22,LIN,"Milan, Italy",IAD,724,1014
2026-06-22,ZIA,"Zhukovsky, Russia",DFW,1435,2009
2026-06-22,PEI,"Pereira, Colombia",IAD,463,648
2026-06-22,SNN,"Shannon, Ireland",EWR,656,918
2026-06-22,RBA,"Rabat, Morocco",MCO,690,966
2026-06-22,ADB,"Izmir, Türkiye",IAD,854,1196
2026-06-22,LFW,"Lome, Togo",IAD,1122,1571
2026-06-22,FNA,"Freetown, Sierra Leone",IAH,1407,1970
2026-06-22,CTM,"Chetumal, Mexico",IAH,348,487
2026-06-22,YXE,"Saskatoon, Canada",LGA,507,710
2026-06-22,LTN,"London, UK",BWI,669,937
2026-06-22,PMO,"Palermo, Italy",MCO,826,1156
2026-06-22,PKX,"Beijing, China",LAX,669,937
2026-06-22,CEK,"Chelyabinsk, Russia",IAD,1325,1855
2026-06-22,PHC,"Port Harcourt, Nigeria",IAH,1687,2362
2026-06-22,YWG,"Winnipeg, Canada",EWR,415,581
2026-06-22,MHH,"Marsh Harbour, Bahamas",FLL,450,630
2026-06-22,SKG,"Thessaloniki, Greece",EWR,563,788
2026-06-22,LTO,"Loreto, Mexico",DFW,632,885
2026-06-22,TFN,"Tenerife Island, Spain",IAD,681,953
2026-06-22,BRE,"Bremen, Germany",IAD,815,1141
2026-06-22,TFS,"Tenerife Island, Spain",BWI,854,1196
2026-06-22,AXA,"The Valley, Anguilla",MIA,1000,1400
2026-06-22,SOU,"Southampton, UK",IAD,1045,1463
2026-06-22,COV,"Tarsus, Türkiye",IAH,1173,1642
2026-06-22,COO,"Cotonou, Benin",IAH,1225,1715
2026-06-22,DSS,"Diass, Senegal",CLT,1387,1942
2026-06-22,NIM,"Niamey, Niger",IND,1656,2318
2026-06-22,TFU,"Tianfu, China",IAD,1774,2484
2026-06-22,LUN,"Lusaka, Zambia",IAD,1944,2722
2026-06-22,WRO,"Wrocław, Poland",EWR,585,819
2026-06-22,EIS,"Road Town, Virgin Islands",MCO,636,890
2026-06-22,CGH,"Sao Paulo, Brazil",MIA,694,972
2026-06-22,DGO,"Durango, Mexico",MKE,700,980
2026-06-22,HBE,"Alexandria, Egypt",BOS,867,1214
2026-06-22,HAJ,"Hannover, Germany",DTW,885,1239
2026-06-22,PNT,"Puerto Natales, Chile",FLL,1001,1401
2026-06-22,NEV,"Charlestown, Saint Kitts and Nevis",STL,1344,1882
2026-06-22,NSI,"Yaounde, Cameroon",SAT,1410,1974
2026-06-22,GOX,"Mopa, India",MIA,1592,2229
2026-06-22,ITM,"Osaka, Japan",SJC,1719,2407
2026-06-22,ABJ,"Abidjan, Côte d'Ivoire",IAH,1944,2722
2026-06-22,EOH,"Medellin, Colombia",MCO,224,314
2026-06-22,ZCL,"Zacatecas, Mexico",RSW,481,673
2026-06-22,BIM,"South Bimini, Bahamas",IND,504,706
2026-06-22,YHU,"Longueuil, Canada",BWI,532,745
2026-06-22,OCJ,"Ocho Rios, Jamaica",MCO,591,827
2026-06-22,ZMB,ZMB,BOS,678,949
2026-06-22,TRF,"Torp, Norway",SFO,721,1009
2026-06-22,FMO,"Munster, Germany",DTW,762,1067
2026-06-22,BOC,"Isla Colon, Panama",DFW,829,1161
2026-06-22,SUF,"Lamezia Terme, Italy",IAH,835,1169
2026-06-22,BEL,"Belem, Brazil",MCO,843,1180
2026-06-22,GMP,"Seoul, South Korea",HNL,881,1233
2026-06-22,SJW,"Shijiazhuang, China",LAX,931,1310
2026-06-22,PVH,"Porto Velho, Brazil",MCO,967,1354
2026-06-22,TAM,"Tampico, Mexico",SEA,976,1366
2026-06-22,MJI,"Tripoli, Libya",ATL,1085,1519
2026-06-22,CRL,"Brussels, Belgium",DFW,1201,1681
2026-06-22,LYP,"Faisalabad, Pakistan",SMF,1218,1705
2026-06-22,NBJ,"Luanda, Angola",SEA,1244,1742
2026-06-22,ESB,"Ankara, Türkiye",ORD,1275,1785
2026-06-22,IPN,"Ipatinga, Brazil",FLL,1298,1817
2026-06-22,BDS,"Brindisi, Italy",DTW,1352,1893
2026-06-22,XIY,"Xianyang, China",CVG,1352,1893
2026-06-22,SPR,SPR,MIA,1565,2191
2026-06-22,VAN,"Van, Türkiye",SNA,1595,2233
2026-06-22,PEW,"Peshawar, Pakistan",SNA,1794,2512
2026-06-22,KGL,"Kigali, Rwanda",MCI,1870,2618
2026-06-22,YKF,"Waterloo, Canada",MDW,2265,3171
2026-06-22,ULV,"Ulyanovsk, Russia",DFW,2476,3466
2026-06-22,GVN,"Sovetskaya Gavan, Russia",SNA,3142,4399
2026-06-22,ABA,"Abakan, Russia",SFO,5267,7374
2026-06-22,AGP,"Malaga, Spain",JFK,608,840
2026-06-22,SPU,"Split, Croatia",JFK,658,920
2026-06-22,ADD,"Addis Ababa, Ethiopia",BOS,966,1350
2026-06-22,MAR,"Maracaibo, Venezuela",MIA,279,390
2026-06-22,ALC,"Alicante, Spain",BOS,597,820
2026-06-22,LLW,"Lilongwe, Malawi",ORD,1232,1680
2026-06-22,IGU,"Foz Do Iguacu, Brazil",BOS,755,1030
2026-06-22,BLQ,"Bologna, Italy",ATL,652,880
2026-06-22,BOJ,"Burgas, Bulgaria",MIA,905,1220
2026-06-22,SZX,"Shenzhen, China",ORD,1140,1550
2026-06-22,OPO,"Porto, Portugal",BOS,579,770
2026-06-22,PVK,"Preveza/Lefkada, Greece",BOS,742,990
2026-06-22,KTM,"Kathmandu, Nepal",HNL,1066,1400
2026-06-22,ZAG,"Zagreb, Croatia",CLE,668,880
2026-06-22,TGD,"Podgorica, Montenegro",ORD,818,1080
2026-06-22,HRE,"Harare, Zimbabwe",ORD,1280,1690
2026-06-22,NUE,"Nuremberg, Germany",MIA,801,1050
2026-06-22,YYJ,"Victoria, Canada",TPA,484,640
2026-06-22,SXM,St. Maarten,LGA,462,600
2026-06-22,SOF,"Sofia, Bulgaria",JFK,652,850
2026-06-22,UVF,St. Lucia,PIT,542,700
2026-06-22,BUS,"Batumi, Georgia",ORD,943,1220
2026-06-22,UBN,"Ulaanbaatar, Mongolia",ORD,975,1270
2026-06-22,IBZ,"Ibiza, Spain",JFK,663,860
2026-06-22,GCM,Grand Cayman,EWR,470,600
2026-06-22,LIS,"Lisbon, Portugal",EWR,586,750
2026-06-22,FOR,"Fortaleza, Brazil",MCO,743,950
2026-06-22,OTP,"Bucharest, Romania",MCO,637,820
2026-06-22,PVR,"Puerto Vallarta, Mexico",LAX,311,400
2026-06-22,VIX,"Vitoria, Brazil",MIA,716,920
2026-06-22,OUA,"Ouagadougou, Burkina Faso",SEA,1099,1410
2026-06-22,EFL,"Kefallinia Island, Greece",PHX,1053,1350
2026-06-22,MEL,"Melbourne, Australia",HNL,1190,1500
2026-06-22,SEZ,"Mahe Island, Seychelles",ORD,1403,1780
2026-06-22,SVG,"Stavanger, Norway",DFW,806,1020
2026-06-22,MUC,"Munich, Germany",JFK,654,820
2026-06-22,CUE,"Cuenca, Ecuador",MIA,424,530
2026-06-22,NCE,"Nice, France",MIA,709,880
2026-06-22,TIV,"Tivat, Montenegro",SEA,975,1200
2026-06-22,SAP,"La Mesa, Honduras",MIA,268,330
2026-06-22,FRS,"San Benito, Guatemala",JFK,422,520
2026-06-22,VVC,"Villavicencio, Colombia",LAX,660,810
2026-06-22,RZE,"Rzeszow, Poland",ORD,838,1030
2026-06-22,JPA,"Joao Pessoa, Brazil",LAX,1025,1260
2026-06-22,CLJ,"Cluj-Napoca, Romania",SFO,1035,1280
2026-06-22,TLL,"Tallinn, Estonia",LGA,720,880
2026-06-22,FLR,"Florence, Italy",RDU,735,900
2026-06-22,GYD,"Baku, Azerbaijan",IAD,946,1150
2026-06-22,ZRH,"Zurich, Switzerland",ORD,707,860
2026-06-22,COK,"Kochi, India",MIA,1070,1300
2026-06-22,SVQ,"Seville, Spain",SFO,706,860
2026-06-22,YLW,"Kelowna, Canada",PHX,320,390
2026-06-22,ANU,Antigua,JFK,538,650
2026-06-22,FLN,"Florianopolis, Brazil",MIA,833,1000
2026-06-22,AUH,"Abu Dhabi, UAE",MIA,912,1100
2026-06-22,NAP,"Naples, Italy",LAX,743,900
2026-06-22,CPT,"Cape Town, S. Africa",MIA,1210,1450
2026-06-22,CMB,"Colombo, Sri Lanka",ORD,1073,1300
2026-06-22,BSZ,"Bishkek, Kyrgyzstan",ORD,1102,1320
2026-06-22,BJV,"Bodrum, Türkiye",ORD,982,1180
2026-06-22,RHO,"Rodes Island, Greece",PIT,947,1140
2026-06-22,ASM,"Asmara, Eritrea",SEA,1313,1590
2026-06-22,TQO,"Tulum, Mexico",JFK,396,470
2026-06-22,FPO,"Freeport, Bahamas",FLL,410,480
2026-06-22,GYN,"Goiania, Brazil",BNA,817,960
2026-06-22,BGO,"Bergen, Norway",BOS,645,760
2026-06-22,TER,"Lajes, Portugal",SFO,892,1050
2026-06-22,VLC,"Valencia, Spain",ORD,720,840
2026-06-22,MTY,"Monterrey, Mexico",SAT,198,230
2026-06-22,TAB,"Scarborough, Trinidad and Tobago",JFK,491,570
2026-06-22,EDI,"Edinburgh, Scotland",ORD,673,770
2026-06-22,IGD,"Igdir, Türkiye",DFW,1203,1390
2026-06-22,BEG,"Belgrade, Serbia",BOS,728,830
2026-06-22,MRS,"Marseille, France",ORD,765,870
2026-06-22,SJP,"Sao Jose Do Rio Preto, Brazil",LAX,1077,1230
2026-06-22,PFO,"Paphos, Cyprus",PDX,1193,1360
2026-06-22,DYU,"Dushanbe, Tajikistan",ORD,1216,1360
2026-06-22,AER,"Sochi, Russia",MIA,1151,1300
2026-06-22,ACC,"Accra, Ghana",DFW,1174,1300
2026-06-22,ALG,"Algiers, Algeria",BOS,773,860
2026-06-22,VGO,"Vigo, Spain",ORD,779,870
2026-06-22,MAN,"Manchester, UK",IAD,686,750
2026-06-22,GLA,"Glasgow, Scotland",ATL,710,780
2026-06-22,MLE,"Male, Maldives",ORD,1228,1350
2026-06-22,BER,"Berlin, Germany",SEA,728,800
2026-06-22,NQZ,"Astana, Kazakhstan",ORD,1114,1220
2026-06-22,VRN,"Verona, Italy",BOS,796,870
2026-06-22,DLM,"Dalaman, Türkiye",ATL,1115,1230
2026-06-22,TOS,"Tromsø, Norway",MSP,783,860
2026-06-22,CUL,"Culiacan, Mexico",SEA,453,490
2026-06-22,YXY,"Whitehorse, Canada",BNA,605,660
2026-06-22,LNZ,"Linz, Austria",ATL,971,1050
2026-06-22,HAM,"Hamburg, Germany",SEA,759,820
2026-06-22,BPN,"Balikpapan, Borneo Island, Indonesia",AUS,1720,1850
2026-06-22,HRG,"Hurghada, Egypt",DFW,1030,1100
2026-06-22,NJF,"Najaf, Iraq",PDX,1331,1420
2026-06-22,SCO,"Aktau, Kazakhstan",ORD,1179,1240
2026-06-22,UGC,"Urgench, Uzbekistan",ORD,1241,1300
2026-06-22,GND,Grenada,MIA,674,700
2026-06-22,RUH,"Riyadh, Saudi Arabia",DTW,1196,1250
2026-06-22,GZP,"Gazipasa, Türkiye",BWI,1109,1160
2026-06-22,YQB,"Quebec City, Canada",AUS,483,500
2026-06-22,TGZ,"Tuxtla Gutierrez, Mexico",DEN,476,490
2026-06-22,CFU,"Kerkyra Island, Greece",BOS,959,980
2026-06-22,BPS,"Porto Seguro, Brazil",PHL,957,980
2026-06-22,KSN,"Kostanay, Kazakhstan",MIA,1316,1340
2026-06-22,LDB,"Londrina, Brazil",MIA,854,870
2026-06-22,BRS,"Bristol, UK",DFW,977,1000
2026-06-22,MBA,"Mombasa, Kenya",ATL,1339,1350
2026-06-22,VER,"Veracruz, Mexico",DFW,345,350
2026-06-22,CCS,"Caracas, Venezuela",MIA,422,420
2026-06-22,MPM,"Maputo, Mozambique",MSP,1818,1810
2026-06-22,WDH,"Windhoek, Namibia",MSP,1679,1650
2026-06-22,AXM,"Armenia, Colombia",JFK,640,620
2026-06-22,ZQN,"Queenstown, NZ",IND,1606,1550
2026-06-22,MRU,Mauritius,ORD,1572,1500
2026-06-22,SSA,"Salvador, Brazil",MSY,993,950
2026-06-22,ROS,"Rosario, Argentina",MIA,984,930
2026-06-22,CCP,"Concepcion, Chile",SLC,1290,1220
2026-06-22,PSA,"Pisa, Italy",BOS,933,880
2026-06-22,PEG,"Perugia, Italy",ORD,1096,1020
2026-06-22,BLR,"Bangalore, India",IAD,1400,1300
2026-06-22,KRR,"Krasnodar, Russia",DFW,1412,1310
2026-06-22,IKT,"Irkutsk, Russia",BOS,1322,1220
2026-06-22,CGN,"Cologne, Germany",ORD,896,820
2026-06-22,HAV,"Havana, Cuba",MIA,239,220
2026-06-22,SZZ,"Goleniow, Poland",SEA,1173,1070
2026-06-22,WEH,"Weihai, China",SEA,1240,1130
2026-06-22,TSN,"Tianjin, China",PHX,1474,1330
2026-06-22,BLZ,"Blantyre, Malawi",CMH,1841,1660
2026-06-22,BOB,"Motu Mute, French Polynesia",LAX,1020,910
2026-06-22,FAO,"Faro, Portugal",ORD,906,800
2026-06-22,CSX,"Changsha, China",CLT,1797,1590
2026-06-22,ZLO,"Manzanillo, Mexico",BWI,640,560
2026-06-22,SCV,"Suceava, Romania",SFO,1459,1280
2026-06-22,HOG,"Holguin, Cuba",SAT,517,450
2026-06-22,BDA,"Hamilton, Bermuda",JFK,359,310
2026-06-22,CMW,"Camaguey, Cuba",AUS,489,420
2026-06-22,USM,"Koh Samui, Thailand",DFW,1459,1250
2026-06-22,PDL,"Ponta Delgada, Portugal",BOS,701,600
2026-06-22,CAG,"Cagliari, Italy",ORD,1202,1030
2026-06-22,TAO,"Qingdao, China",LAS,1523,1300
2026-06-22,MRV,"Mineralnyye Vody, Russia",MIA,1559,1320
2026-06-22,SJZ,"Velas, Portugal",SFO,1222,1040
2026-06-22,RAI,"Praia, Cabo Verde",BOS,930,780
2026-06-22,CUZ,"Cusco, Peru",PIT,1008,850
2026-06-22,OGZ,"Beslan, Russia",CLT,1496,1250
2026-06-22,RTB,"Roatan Island, Honduras",JFK,616,510
2026-06-22,USH,"Ushuahia, Argentina",SFO,1758,1440
2026-06-22,LWN,"Gyumri, Armenia",SFO,1719,1410
2026-06-22,LYS,"Lyon, France",LAX,1061,860
2026-06-22,MZT,"Mazatlan, Mexico",SAT,368,300
2026-06-22,OHD,"Ohrid, North Macedonia",BOS,1197,970
2026-06-22,PBC,"Puebla, Mexico",DEN,542,440
2026-06-22,BON,"Kralendijk, Bonaire",ATL,627,500
2026-06-22,SLP,"San Luis Potosi, Mexico",DFW,400,320
2026-06-22,SKB,"Basseterre, Saint Kitts and Nevis",JFK,619,490
2026-06-22,CZM,"Cozumel, Mexico",DEN,607,480
2026-06-22,OVB,"Novosibirsk, Russia",DEN,1552,1220
2026-06-22,CUU,"Chihuahua, Mexico",DEN,406,320
2026-06-22,VTE,"Vientiane, Laos",SAN,2038,1610
2026-06-22,KUF,"Samara, Russia",AUS,1661,1300
2026-06-22,KTW,"Katowice, Poland",MSP,1296,1010
2026-06-22,PTP,"Pointe-a-Pitre Le Raizet, Guadeloupe",AUS,791,620
2026-06-22,VXE,"Sao Pedro, Cabo Verde",BOS,966,750
2026-06-22,PSO,"Pasto, Colombia",SLC,1039,800
2026-06-22,UFA,"Ufa, Russia",BOS,1401,1070
2026-06-22,KZN,"Kazan, Russia",BOS,1362,1030
2026-06-22,ACA,"Acapulco, Mexico",MIA,568,430
2026-06-22,CAP,"Cap Haitien, Haiti",JFK,585,440
2026-06-22,YHZ,"Halifax, Canada",PHL,402,300
2026-06-22,NMA,"Namangan, Uzbekistan",PIT,1807,1340
2026-06-22,SVX,"Yekaterinburg, Russia",SEA,1508,1110
2026-06-22,GGT,"George Town, Bahamas",MIA,327,240
2026-06-22,CIT,"Shymkent, Kazakhstan",SFO,1893,1390
2026-06-22,CHC,"Christchurch, NZ",SNA,2123,1550
2026-06-22,FNC,"Funchal, Portugal",FLL,1165,850
2026-06-22,CNX,"Chiang Mai, Thailand",SFO,1672,1200
2026-06-22,YDF,"Deer Lake, Canada",IND,646,460
2026-06-22,REC,"Recife, Brazil",MCO,1335,950
2026-06-22,GUM,"Tamuning, Guam",DFW,2057,1460
2026-06-22,TPQ,"Tepic, Mexico",LAX,550,390
2026-06-22,KGF,"Karaganda, Kazakhstan",MIA,2007,1420
2026-06-22,FBM,"Lubumbashi, Congo",IND,2238,1590
2026-06-22,RGK,"Gorno-Altaysk, Russia",SAN,1877,1320
2026-06-22,REX,"Reynosa, Mexico",ORD,575,400
2026-06-22,DOH,"Doha, Qatar",TPA,1668,1150
2026-06-22,GUW,"Atyrau, Kazakhstan",IND,1794,1230
2026-06-22,HOR,"Horta, Portugal",BOS,839,570
2026-06-22,TIJ,"Tijuana, Mexico",LAX,296,200
2026-06-22,MGQ,"Mogadishu, Somalia",SEA,2596,1760
2026-06-22,YOW,"Ottawa, Canada",CMH,401,270
2026-06-22,VVO,"Vladivostok, Russia",SEA,1510,1010
2026-06-22,DOM,"Marigot, Dominica",ATL,780,520
2026-06-22,MSQ,"Minsk, Belarus",SEA,1674,1100
2026-06-22,NVT,"Navegantes, Brazil",BOS,1627,1060
2026-06-22,TRC,"Torreon, Mexico",DEN,553,360
2026-06-22,AGU,"Aguascalientes, Mexico",DFW,523,330
2026-06-22,ZIH,"Ixtapa, Mexico",LAX,722,450
2026-06-22,NDJ,"N'Djamena, Chad",IND,2061,1290
2026-06-22,KJA,"Krasnoyarsk, Russia",LAS,1960,1220
2026-06-22,CUK,"Caye Caulker, Belize",SFO,1003,620
2026-06-22,TJM,"Tyumen, Russia",DFW,2040,1260
2026-06-22,BAX,"Barnaul, Russia",MIA,2311,1400
2026-06-22,LBD,"Khudzhand, Tajikistan",DFW,2441,1470
2026-06-22,TGU,"Tegucigalpa, Honduras",RDU,932,550
2026-06-22,INN,"Innsbruck, Austria",AUS,1962,1160
2026-06-22,ELH,"North Eleuthera, Bahamas",MIA,379,220
2026-06-22,ROR,"Babelthuap Island, Palau",MSP,2688,1560
2026-06-22,NGS,"Nagasaki, Japan",ATL,2575,1480
2026-06-22,KHV,"Khabarovsk, Russia",MIA,2430,1390
2026-06-22,URA,"Uralsk, Kazakhstan",MSP,2011,1150
2026-06-22,SID,"Espargos, Cabo Verde",FLL,1495,840
2026-06-22,VOG,"Volgograd, Russia",CLE,2039,1140
2026-06-22,STW,"Stavropol, Russia",SFO,2471,1360
2026-06-22,SCU,"Santiago, Cuba",LAS,1241,640
2026-06-22,YXU,"London, Canada",ORD,580,240
2026-06-22,ASF,"Astrakhan, Russia",BOS,2740,1110
2026-06-22,PEE,"Perm, Russia",BOS,2811,1040
2026-06-22,ADZ,"San Andres, Colombia",FLL,1093,350
2026-06-22,ITU,ITU,ATL,3316,1000
2026-06-22,SJU,"San Juan, Puerto Rico",FLL,134,400
2026-06-22,GUA,Guatemala City,MIA,190,550
2026-06-22,SDQ,"Santo Domingo, Dom. Rep.",MIA,188,520
2026-06-22,AUA,Aruba,BWI,216,600
2026-06-22,SAL,San Salvador,LGA,182,500
2026-06-22,MDE,"Medellin, Colombia",MCO,217,600
2026-06-22,YVR,"Vancouver, Canada",LAX,163,450
2026-06-22,CUN,"Cancun, Mexico",ATL,166,450
2026-06-22,SJO,"San Jose, Costa Rica",MIA,207,560
2026-06-22,BOG,"Bogota, Colombia",MIA,216,550
2026-06-22,MEX,"Mexico City, Mexico",MCO,178,450
2026-06-22,OAX,"Oaxaca, Mexico",LAX,207,500
2026-06-22,MBJ,"Montego Bay, Jamaica",TPA,217,520
2026-06-22,SCL,"Santiago, Chile",MCO,355,820
2026-06-22,KIN,"Kingston, Jamaica",JFK,246,560
2026-06-22,GYE,"Guayaquil, Ecuador",MIA,309,700
2026-06-22,PUJ,"Punta Cana, Dom. Rep.",ATL,229,520
2026-06-22,KHI,"Karachi, Pakistan",JFK,649,1470
2026-06-22,POS,"Port of Spain, Trinidad",FLL,317,700
2026-06-22,CLO,"Cali, Colombia",DFW,277,610
2026-06-22,HYD,"Hyderabad, India",ORD,765,1640
2026-06-22,KTI,"Krong Ta Khmau, Cambodia",LAX,760,1630
2026-06-22,BSB,"Brasilia, Brazil",MIA,387,820
2026-06-22,AKL,"Auckland, New Zealand",DFW,701,1450
2026-06-22,BNE,"Brisbane, Australia",LAX,718,1500
2026-06-22,SIN,Singapore,LAX,577,1200
2026-06-22,GRU,"Sao Paulo, Brazil",BOS,437,900
2026-06-22,DXB,"Dubai, UAE",JFK,550,1100
2026-06-22,TAS,"Tashkent, Uzbekistan",LAX,736,1460
2026-06-22,ARN,"Stockholm, Sweden",JFK,422,830
2026-06-22,SJD,"Los Cabos, Mexico",EWR,264,520
2026-06-22,DAC,"Dhaka, Bangladesh",ATL,858,1680
2026-06-22,FCO,"Rome, Italy",JFK,439,850
2026-06-22,BKK,"Bangkok, Thailand",LAX,568,1100
2026-06-22,LHE,"Lahore, Pakistan",SFO,780,1510
2026-06-22,TIA,"Tirana, Albania",JFK,517,1000
2026-06-22,EBB,"Kampala, Uganda",ATL,808,1550
2026-06-22,VIE,"Vienna, Austria",JFK,459,860
2026-06-22,GIG,"Rio de Janeiro, Brazil",IAD,502,950
2026-06-22,CRK,"Angeles City, Philippines",LAS,782,1480
2026-06-22,CUR,Curacao,EWR,349,650
2026-06-22,CTG,"Cartagena, Colombia",ATL,322,600
2026-06-22,MGA,"Managua, Nicaragua",MIA,299,550
2026-06-22,CPH,"Copenhagen, Denmark",RDU,466,860
2026-06-22,NRT,"Tokyo, Japan",HNL,644,1200
2026-06-22,EBL,"Arbil, Iraq",LAX,808,1500
2026-06-22,MLM,"Morelia, Mexico",LAX,236,440
2026-06-22,ATH,"Athens, Greece",JFK,492,900
2026-06-22,CAI,"Cairo, Egypt",ORD,600,1100
2026-06-22,SKP,"Skopje, North Macedonia",JFK,552,1010
2026-06-22,XMN,"Xiamen, China",SFO,739,1350
2026-06-22,JTR,"Santorini Island, Greece",JFK,595,1080
2026-06-22,OSL,"Oslo, Norway",JFK,465,830
2026-06-22,PTY,"Panama City, Panama",ATL,307,550
2026-06-22,TBS,"Tbilisi, Georgia",JFK,642,1150
2026-06-22,LIR,"Liberia, Costa Rica",PDX,338,600
2026-06-22,JED,"Jeddah, Saudi Arabia",ORD,722,1300
2026-06-22,PVG,"Shanghai, China",LAX,617,1100
2026-06-22,CAN,"Guangzhou, China",LAX,640,1150
2026-06-22,EZE,"Buenos Aires, Argentina",AUS,529,950
2026-06-22,ALA,"Almaty, Kazakhstan",LAX,799,1420
2026-06-22,SHJ,"Sharjah, UAE",ATL,850,1520
2026-06-22,MID,"Merida, Mexico",OAK,323,580
2026-06-22,BUD,"Budapest, Hungary",EWR,483,850
2026-06-22,LOS,"Lagos, Nigeria",IAD,774,1350
2026-06-22,PPT,"Papeete, Tahiti",OAK,773,1350
2026-06-22,ASU,"Asuncion, Paraguay",PHX,651,1140
2026-06-22,CDG,"Paris, France",EWR,464,800
2026-06-22,MNL,"Manila, Philippines",LAX,634,1100
2026-06-22,DPS,"Bali, Indonesia",SEA,756,1300
2026-06-22,HKG,Hong Kong,SFO,634,1100
2026-06-22,CEB,"Cebu, Philippines",LAX,701,1200
2026-06-22,SYD,"Sydney, Australia",DFW,875,1500
2026-06-22,FIH,"Kinshasa, Congo",DFW,891,1540
2026-06-22,NAS,"Nassau, Bahamas",MIA,266,450
2026-06-22,BCN,"Barcelona, Spain",EWR,471,800
2026-06-22,VNO,"Vilnius, Lithuania",BOS,514,870
2026-06-22,WAW,"Warsaw, Poland",IAD,470,800
2026-06-22,ICN,"Seoul, South Korea",LAX,647,1100
2026-06-22,NAN,"Nadi, Fiji",HNL,765,1300
2026-06-22,SYX,"Sanya, China",LAX,901,1530
2026-06-22,YYC,"Calgary, Canada",SFO,269,450
2026-06-22,CMN,"Casablanca, Morocco",LGA,540,900
2026-06-22,BZE,"Belize City, Belize",IAD,334,560
2026-06-22,GDL,"Guadalajara, Mexico",LAX,245,410
2026-06-22,PLS,"Providenciales, Turks",BOS,336,550
2026-06-22,MXP,"Milan, Italy",SFO,501,820
2026-06-22,HEL,"Helsinki, Finland",MSP,528,860
2026-06-22,BGI,"Bridgetown, Barbados",DCA,457,750
2026-06-22,SSH,"Sharm El Sheikh, Egypt",EWR,667,1100
2026-06-22,NBO,"Nairobi, Kenya",TPA,799,1300
2026-06-22,PEK,"Beijing, China",LAX,669,1100
2026-06-22,QRO,"Queretaro, Mexico",DFW,202,330
2026-06-22,SJJ,"Sarajevo, Bosnia and Herzegovina",LAX,803,1320
2026-06-22,HAK,"Haikou, China",SFO,879,1450
2026-06-22,YUL,"Montreal, Canada",BOS,217,350
2026-06-22,LIM,"Lima, Peru",MIA,404,650
2026-06-22,IST,"Istanbul, Turkey",JFK,561,900
2026-06-22,HKT,"Phuket, Thailand",DFW,738,1200
2026-06-22,SGN,"Ho Chi Minh, Vietnam",SFO,684,1100
2026-06-22,BGW,"Baghdad, Iraq",ORD,823,1320
2026-06-22,GEO,"Georgetown, Guyana",MIA,330,530
2026-06-22,MED,"Medina, Saudi Arabia",ORD,854,1380
2026-06-22,CWB,"Curitiba, Brazil",CLT,630,1010
2026-06-22,JMK,"Mykonos Island, Greece",LAX,885,1420
2026-06-22,SHA,"Shanghai, China",LAX,820,1330
2026-06-22,WUH,"Wuhan, China",SFO,821,1320
2026-06-22,YYZ,"Toronto, Canada",BOS,220,350
2026-06-22,MAD,"Madrid, Spain",EWR,519,820
2026-06-22,ZNZ,"Zanzibar, Tanzania",ORD,918,1450
2026-06-22,TPE,"Taipei, Taiwan",LAX,664,1050
2026-06-22,JNB,"Johannesburg, S. Africa",IAH,820,1300
2026-06-22,PQC,"Duong Dong, Vietnam",ORD,1092,1730
2026-06-22,ABV,"Abuja, Nigeria",LAX,986,1560
2026-06-22,LHR,"London, UK",BWI,482,750
2026-06-22,RAK,"Marrakech, Morocco",BOS,628,980
2026-06-22,MAA,"Chennai, India",BOS,833,1300
2026-06-22,PMI,"Palma De Mallorca, Spain",ATL,643,1000
2026-06-22,SNU,"Santa Clara, Cuba",DEN,326,510
2026-06-22,KUT,"Kutaisi, Georgia",LAX,918,1430
2026-06-22,CKG,"Chongqing, China",SFO,883,1390
2026-06-22,DEL,"Delhi, India",IAD,783,1200
2026-06-22,DBV,"Dubrovnik, Croatia",ATL,617,950
2026-06-22,DAD,"Da Nang, Vietnam",LAX,750,1150
2026-06-22,RIX,"Riga, Latvia",SEA,569,870
2026-06-22,SVD,"Argyle, Saint Vincent and the Grenadines",JFK,350,540
2026-06-22,BSR,"Basrah, Iraq",PDX,942,1440
2026-06-22,KEF,"Reykjavik, Iceland",ORD,394,600
2026-06-22,DUB,"Dublin, Ireland",ORD,461,700
2026-06-22,BOM,"Mumbai, India",BOS,854,1300
2026-06-22,BRU,"Brussels, Belgium",CLT,527,800
2026-06-22,AYT,"Antalya, Türkiye",BOS,709,1080
2026-06-22,UIO,"Quito, Ecuador",MIA,468,700
2026-06-22,VCE,"Venice, Italy",EWR,587,880
2026-06-22,EVN,"Yerevan, Armenia",LAX,775,1150
2026-06-22,GVA,"Geneva, Switzerland",MCO,587,880
2026-06-22,POA,"Porto Alegre, Brazil",RDU,700,1050
2026-06-22,MLA,"Luqa, Malta",ORD,730,1090
2026-06-22,FRA,"Frankfurt, Germany",JFK,541,800
2026-06-22,PRG,"Prague, Czechia",LAX,581,850
2026-06-22,MLE,"Male, Maldives",MSY,917,1350
2026-06-22,HAN,"Hanoi, Vietnam",LAX,786,1150
2026-06-22,GDN,"Gdańsk, Poland",JFK,612,900
2026-06-22,AMS,"Amsterdam, Netherlands",JFK,527,760
2026-06-22,TUN,"Tunis, Tunisia",JFK,658,950
2026-06-22,STT,"St. Thomas, USVI",MIA,389,560
2026-06-22,OKA,"Okinawa, Japan",TPA,891,1300
2026-06-22,KIX,"Osaka, Japan",LAX,864,1250
2026-06-22,LCA,"Larnarca, Cyprus",DFW,956,1380
2026-06-22,SHE,"Shenyang, China",SFO,813,1170
2026-06-22,KUL,"Kuala Lumpur, Malaysia",DFW,836,1200
2026-06-22,CGK,"Jakarta, Indonesia",ORD,880,1250
2026-06-22,BAQ,"Barranquilla, Colombia",MIA,258,370
2026-06-22,COR,"Cordoba, Argentina",MIA,627,900
2026-06-22,BIO,"Bilbao, Spain",LAX,835,1190
2026-06-22,KRK,"Krakow, Poland",JFK,587,830
2026-06-22,SVO,"Moscow, Russia",MIA,1230,1722
2026-06-22,VKO,"Moscow, Russia",ORD,1182,1655
2026-06-22,LED,"St. Petersburg, Russia",IAD,1211,1695
2026-06-22,STI,"Santiago, Dominican Republic",EWR,220,308
2026-06-22,SAW,"Istanbul, Türkiye",JFK,662,927
2026-06-22,DME,"Moscow, Russia",ORD,1215,1701
2026-06-22,LGW,"London, UK",MCO,392,549
2026-06-22,RMO,"Chișinău, Moldova",EWR,667,934
2026-06-22,BJX,"Silao, Mexico",IAH,249,349
2026-06-22,HND,"Tokyo, Japan",HNL,690,966
2026-06-22,POP,"Puerto Plata, Dominican Republic",LGA,388,543
2026-06-22,HER,"Heraklion, Greece",IAD,844,1182
2026-06-22,ORY,"Paris, France",MIA,446,624
2026-06-22,XPL,"Comayagua, Honduras",MCO,358,501
2026-06-22,SKD,"Samarkand, Uzbekistan",IAD,1074,1504
2026-06-22,YTZ,"Toronto, Canada",ORD,220,308
2026-06-22,FOC,"Fuzhou, China",IAD,1056,1478
2026-06-22,VVI,"Santa Cruz, Bolivia",IAD,710,994
2026-06-22,NLU,"Reyes Acozac, Mexico",LAX,264,370
2026-06-22,TLC,"Toluca, Mexico",IAH,250,350
2026-06-22,KBL,"Kabul, Afghanistan",IAD,861,1205
2026-06-22,CNF,"Belo Horizonte, Brazil",BOS,427,598
2026-06-22,GOT,"Gothenburg, Sweden",EWR,541,757
2026-06-22,YEG,"Edmonton, Canada",ATL,348,487
2026-06-22,ISB,"Islamabad, Pakistan",IAD,631,883
2026-06-22,WMI,"Warsaw, Poland",MIA,720,1008
2026-06-22,AMD,"Ahmedabad, India",IAD,929,1301
2026-06-22,DLA,"Douala, Cameroon",IAD,1159,1623
2026-06-22,PRN,Lipjan,IAD,684,958
2026-06-22,BRI,"Bari, Italy",IAD,816,1142
2026-06-22,ROB,"Monrovia, Liberia",CMH,1376,1926
2026-06-22,VCP,"Campinas, Brazil",FLL,560,784
2026-06-22,BVA,"Beauvais/Tille, France",JFK,620,868
2026-06-22,BJM,"Bujumbura, Burundi",ORD,899,1259
2026-06-22,CXR,"Nha Trang, Vietnam",SFO,1072,1501
2026-06-22,MVD,"Montevideo, Uruguay",IAD,476,666
2026-06-22,DAR,"Dar es Salaam, Tanzania",IAD,939,1315
2026-06-22,STN,"London, UK",LGA,748,1047
2026-06-22,HHN,"Hahn, Germany",IAD,766,1072
2026-06-22,CIA,"Roma, Italy",BWI,778,1089
2026-06-22,ISU,"Sulaymaniyah, Iraq",DCA,1121,1569
2026-06-22,SDU,"Rio De Janeiro, Brazil",CLT,699,979
2026-06-22,AEP,"Buenos Aires, Argentina",MIA,511,715
2026-06-22,LIN,"Milan, Italy",IAD,724,1014
2026-06-22,ZIA,"Zhukovsky, Russia",DFW,1435,2009
2026-06-22,PEI,"Pereira, Colombia",IAD,463,648
2026-06-22,SNN,"Shannon, Ireland",EWR,656,918
2026-06-22,RBA,"Rabat, Morocco",MCO,690,966
2026-06-22,ADB,"Izmir, Türkiye",IAD,854,1196
2026-06-22,LFW,"Lome, Togo",IAD,1122,1571
2026-06-22,FNA,"Freetown, Sierra Leone",IAH,1407,1970
2026-06-22,CTM,"Chetumal, Mexico",IAH,348,487
2026-06-22,YXE,"Saskatoon, Canada",LGA,507,710
2026-06-22,LTN,"London, UK",BWI,669,937
2026-06-22,PMO,"Palermo, Italy",MCO,826,1156
2026-06-22,PKX,"Beijing, China",LAX,669,937
2026-06-22,CEK,"Chelyabinsk, Russia",IAD,1325,1855
2026-06-22,PHC,"Port Harcourt, Nigeria",IAH,1687,2362
2026-06-22,YWG,"Winnipeg, Canada",EWR,415,581
2026-06-22,MHH,"Marsh Harbour, Bahamas",FLL,450,630
2026-06-22,SKG,"Thessaloniki, Greece",EWR,563,788
2026-06-22,LTO,"Loreto, Mexico",DFW,632,885
2026-06-22,TFN,"Tenerife Island, Spain",IAD,681,953
2026-06-22,BRE,"Bremen, Germany",IAD,815,1141
2026-06-22,TFS,"Tenerife Island, Spain",BWI,854,1196
2026-06-22,AXA,"The Valley, Anguilla",MIA,1000,1400
2026-06-22,SOU,"Southampton, UK",IAD,1045,1463
2026-06-22,COV,"Tarsus, Türkiye",IAH,1173,1642
2026-06-22,COO,"Cotonou, Benin",IAH,1225,1715
2026-06-22,DSS,"Diass, Senegal",CLT,1387,1942
2026-06-22,NIM,"Niamey, Niger",IND,1656,2318
2026-06-22,TFU,"Tianfu, China",IAD,1774,2484
2026-06-22,LUN,"Lusaka, Zambia",IAD,1944,2722
2026-06-22,WRO,"Wrocław, Poland",EWR,585,819
2026-06-22,EIS,"Road Town, Virgin Islands",MCO,636,890
2026-06-22,CGH,"Sao Paulo, Brazil",MIA,694,972
2026-06-22,DGO,"Durango, Mexico",MKE,700,980
2026-06-22,HBE,"Alexandria, Egypt",BOS,867,1214
2026-06-22,HAJ,"Hannover, Germany",DTW,885,1239
2026-06-22,PNT,"Puerto Natales, Chile",FLL,1001,1401
2026-06-22,NEV,"Charlestown, Saint Kitts and Nevis",STL,1344,1882
2026-06-22,NSI,"Yaounde, Cameroon",SAT,1410,1974
2026-06-22,GOX,"Mopa, India",MIA,1592,2229
2026-06-22,ITM,"Osaka, Japan",SJC,1719,2407
2026-06-22,ABJ,"Abidjan, Côte d'Ivoire",IAH,1944,2722
2026-06-22,EOH,"Medellin, Colombia",MCO,224,314
2026-06-22,ZCL,"Zacatecas, Mexico",RSW,481,673
2026-06-22,BIM,"South Bimini, Bahamas",IND,504,706
2026-06-22,YHU,"Longueuil, Canada",BWI,532,745
2026-06-22,OCJ,"Ocho Rios, Jamaica",MCO,591,827
2026-06-22,MEC,"Manta, Ecuador",MIA,644,902
2026-06-22,ZMB,ZMB,BOS,678,949
2026-06-22,TRF,"Torp, Norway",SFO,721,1009
2026-06-22,FMO,"Munster, Germany",DTW,762,1067
2026-06-22,BOC,"Isla Colon, Panama",DFW,829,1161
2026-06-22,SUF,"Lamezia Terme, Italy",IAH,835,1169
2026-06-22,BEL,"Belem, Brazil",MCO,843,1180
2026-06-22,GMP,"Seoul, South Korea",HNL,881,1233
2026-06-22,SJW,"Shijiazhuang, China",LAX,931,1310
2026-06-22,PVH,"Porto Velho, Brazil",MCO,967,1354
2026-06-22,TAM,"Tampico, Mexico",SEA,976,1366
2026-06-22,UKB,"Kobe, Japan",LAX,1081,1513
2026-06-22,MJI,"Tripoli, Libya",ATL,1085,1519
2026-06-22,CRL,"Brussels, Belgium",DFW,1201,1681
2026-06-22,LYP,"Faisalabad, Pakistan",SMF,1218,1705
2026-06-22,NBJ,"Luanda, Angola",SEA,1244,1742
2026-06-22,ESB,"Ankara, Türkiye",ORD,1275,1785
2026-06-22,IPN,"Ipatinga, Brazil",FLL,1298,1817
2026-06-22,BDS,"Brindisi, Italy",DTW,1352,1893
2026-06-22,XIY,"Xianyang, China",CVG,1352,1893
2026-06-22,SPR,SPR,MIA,1565,2191
2026-06-22,VAN,"Van, Türkiye",SNA,1595,2233
2026-06-22,PEW,"Peshawar, Pakistan",SNA,1794,2512
2026-06-22,KGL,"Kigali, Rwanda",MCI,1870,2618
2026-06-22,YKF,"Waterloo, Canada",MDW,2265,3171
2026-06-22,ULV,"Ulyanovsk, Russia",DFW,2476,3466
2026-06-22,GVN,"Sovetskaya Gavan, Russia",SNA,3142,4399
2026-06-22,ABA,"Abakan, Russia",SFO,5267,7374
2026-06-22,AGP,"Malaga, Spain",JFK,608,840
2026-06-22,SPU,"Split, Croatia",JFK,658,920
2026-06-22,ADD,"Addis Ababa, Ethiopia",BOS,966,1350
2026-06-22,MAR,"Maracaibo, Venezuela",MIA,279,390
2026-06-22,ALC,"Alicante, Spain",BOS,597,820
2026-06-22,LLW,"Lilongwe, Malawi",ORD,1232,1680
2026-06-22,IGU,"Foz Do Iguacu, Brazil",BOS,755,1030
2026-06-22,BLQ,"Bologna, Italy",ATL,652,880
2026-06-22,BOJ,"Burgas, Bulgaria",MIA,905,1220
2026-06-22,SZX,"Shenzhen, China",ORD,1140,1550
2026-06-22,OPO,"Porto, Portugal",BOS,579,770
2026-06-22,PVK,"Preveza/Lefkada, Greece",BOS,742,990
2026-06-22,KTM,"Kathmandu, Nepal",HNL,1066,1400
2026-06-22,ZAG,"Zagreb, Croatia",CLE,668,880
2026-06-22,TGD,"Podgorica, Montenegro",ORD,818,1080
2026-06-22,HRE,"Harare, Zimbabwe",ORD,1280,1690
2026-06-22,NUE,"Nuremberg, Germany",MIA,801,1050
2026-06-22,YYJ,"Victoria, Canada",TPA,484,640
2026-06-22,SOF,"Sofia, Bulgaria",JFK,652,850
2026-06-22,UVF,St. Lucia,PIT,542,700
2026-06-22,BUS,"Batumi, Georgia",ORD,943,1220
2026-06-22,UBN,"Ulaanbaatar, Mongolia",ORD,975,1270
2026-06-22,IBZ,"Ibiza, Spain",JFK,663,860
2026-06-22,SXM,St. Maarten,LGA,467,600
2026-06-22,GCM,Grand Cayman,EWR,470,600
2026-06-22,LIS,"Lisbon, Portugal",EWR,586,750
2026-06-22,FOR,"Fortaleza, Brazil",MCO,743,950
2026-06-22,OTP,"Bucharest, Romania",MCO,637,820
2026-06-22,PVR,"Puerto Vallarta, Mexico",LAX,311,400
2026-06-22,VIX,"Vitoria, Brazil",MIA,716,920
2026-06-22,OUA,"Ouagadougou, Burkina Faso",SEA,1099,1410
2026-06-22,EFL,"Kefallinia Island, Greece",PHX,1053,1350
2026-06-22,MEL,"Melbourne, Australia",HNL,1190,1500
2026-06-22,SEZ,"Mahe Island, Seychelles",ORD,1403,1780
2026-06-22,SVG,"Stavanger, Norway",DFW,806,1020
2026-06-22,MUC,"Munich, Germany",JFK,654,820
2026-06-22,CUE,"Cuenca, Ecuador",MIA,424,530
2026-06-22,NCE,"Nice, France",MIA,709,880
2026-06-22,TIV,"Tivat, Montenegro",SEA,975,1200
2026-06-22,SAP,"La Mesa, Honduras",MIA,268,330
2026-06-22,FRS,"San Benito, Guatemala",JFK,422,520
2026-06-22,VVC,"Villavicencio, Colombia",LAX,660,810
2026-06-22,RZE,"Rzeszow, Poland",ORD,838,1030
2026-06-22,JPA,"Joao Pessoa, Brazil",LAX,1025,1260
2026-06-22,CLJ,"Cluj-Napoca, Romania",SFO,1035,1280
2026-06-22,TLL,"Tallinn, Estonia",LGA,720,880
2026-06-22,FLR,"Florence, Italy",RDU,735,900
2026-06-22,GYD,"Baku, Azerbaijan",IAD,946,1150
2026-06-22,ZRH,"Zurich, Switzerland",ORD,707,860
2026-06-22,COK,"Kochi, India",MIA,1070,1300
2026-06-22,SVQ,"Seville, Spain",SFO,706,860
2026-06-22,YLW,"Kelowna, Canada",PHX,320,390
2026-06-22,ANU,Antigua,JFK,538,650
2026-06-22,FLN,"Florianopolis, Brazil",MIA,833,1000
2026-06-22,AUH,"Abu Dhabi, UAE",MIA,912,1100
2026-06-22,NAP,"Naples, Italy",LAX,743,900
2026-06-22,CPT,"Cape Town, S. Africa",MIA,1210,1450
2026-06-22,CMB,"Colombo, Sri Lanka",ORD,1073,1300
2026-06-22,BSZ,"Bishkek, Kyrgyzstan",ORD,1102,1320
2026-06-22,BJV,"Bodrum, Türkiye",ORD,982,1180
2026-06-22,RHO,"Rodes Island, Greece",PIT,947,1140
2026-06-22,ASM,"Asmara, Eritrea",SEA,1313,1590
2026-06-22,TQO,"Tulum, Mexico",JFK,396,470
2026-06-22,FPO,"Freeport, Bahamas",FLL,410,480
2026-06-22,GYN,"Goiania, Brazil",BNA,817,960
2026-06-22,BGO,"Bergen, Norway",BOS,645,760
2026-06-22,TER,"Lajes, Portugal",SFO,892,1050
2026-06-22,VLC,"Valencia, Spain",ORD,720,840
2026-06-22,MTY,"Monterrey, Mexico",SAT,198,230
2026-06-22,EDI,"Edinburgh, Scotland",ORD,673,770
2026-06-22,IGD,"Igdir, Türkiye",DFW,1203,1390
2026-06-22,BEG,"Belgrade, Serbia",BOS,728,830
2026-06-22,MRS,"Marseille, France",ORD,765,870
2026-06-22,SJP,"Sao Jose Do Rio Preto, Brazil",LAX,1077,1230
2026-06-22,PFO,"Paphos, Cyprus",PDX,1193,1360
2026-06-22,DYU,"Dushanbe, Tajikistan",ORD,1216,1360
2026-06-22,AER,"Sochi, Russia",MIA,1151,1300
2026-06-22,ACC,"Accra, Ghana",DFW,1174,1300
2026-06-22,ALG,"Algiers, Algeria",BOS,773,860
2026-06-22,VGO,"Vigo, Spain",ORD,779,870
2026-06-22,MAN,"Manchester, UK",IAD,686,750
2026-06-22,GLA,"Glasgow, Scotland",ATL,710,780
2026-06-22,BER,"Berlin, Germany",SEA,728,800
2026-06-22,NQZ,"Astana, Kazakhstan",ORD,1114,1220
2026-06-22,VRN,"Verona, Italy",BOS,796,870
2026-06-22,DLM,"Dalaman, Türkiye",ATL,1115,1230
2026-06-22,TAB,"Scarborough, Trinidad and Tobago",JFK,518,570
2026-06-22,TOS,"Tromsø, Norway",MSP,783,860
2026-06-22,CUL,"Culiacan, Mexico",SEA,453,490
2026-06-22,YXY,"Whitehorse, Canada",BNA,605,660
2026-06-22,LNZ,"Linz, Austria",ATL,971,1050
2026-06-22,HAM,"Hamburg, Germany",SEA,759,820
2026-06-22,BPN,"Balikpapan, Borneo Island, Indonesia",AUS,1720,1850
2026-06-22,HRG,"Hurghada, Egypt",DFW,1030,1100
2026-06-22,NJF,"Najaf, Iraq",PDX,1331,1420
2026-06-22,SCO,"Aktau, Kazakhstan",ORD,1179,1240
2026-06-22,UGC,"Urgench, Uzbekistan",ORD,1241,1300
2026-06-22,GND,Grenada,MIA,674,700
2026-06-22,RUH,"Riyadh, Saudi Arabia",DTW,1196,1250
2026-06-22,GZP,"Gazipasa, Türkiye",BWI,1109,1160
2026-06-22,YQB,"Quebec City, Canada",AUS,483,500
2026-06-22,TGZ,"Tuxtla Gutierrez, Mexico",DEN,476,490
2026-06-22,CFU,"Kerkyra Island, Greece",BOS,959,980
2026-06-22,BPS,"Porto Seguro, Brazil",PHL,957,980
2026-06-22,KSN,"Kostanay, Kazakhstan",MIA,1316,1340
2026-06-22,LDB,"Londrina, Brazil",MIA,854,870
2026-06-22,BRS,"Bristol, UK",DFW,977,1000
2026-06-22,MBA,"Mombasa, Kenya",ATL,1339,1350
2026-06-22,VER,"Veracruz, Mexico",DFW,345,350
2026-06-22,CCS,"Caracas, Venezuela",MIA,422,420
2026-06-22,MPM,"Maputo, Mozambique",MSP,1818,1810
2026-06-22,WDH,"Windhoek, Namibia",MSP,1679,1650
2026-06-22,AXM,"Armenia, Colombia",JFK,640,620
2026-06-22,ZQN,"Queenstown, NZ",IND,1606,1550
2026-06-22,MRU,Mauritius,ORD,1572,1500
2026-06-22,SSA,"Salvador, Brazil",MSY,993,950
2026-06-22,ROS,"Rosario, Argentina",MIA,984,930
2026-06-22,CCP,"Concepcion, Chile",SLC,1290,1220
2026-06-22,PSA,"Pisa, Italy",BOS,933,880
2026-06-22,PEG,"Perugia, Italy",ORD,1096,1020
2026-06-22,BLR,"Bangalore, India",IAD,1400,1300
2026-06-22,KRR,"Krasnodar, Russia",DFW,1412,1310
2026-06-22,IKT,"Irkutsk, Russia",BOS,1322,1220
2026-06-22,CGN,"Cologne, Germany",ORD,896,820
2026-06-22,HAV,"Havana, Cuba",MIA,239,220
2026-06-22,SZZ,"Goleniow, Poland",SEA,1173,1070
2026-06-22,WEH,"Weihai, China",SEA,1240,1130
2026-06-22,TSN,"Tianjin, China",PHX,1474,1330
2026-06-22,BLZ,"Blantyre, Malawi",CMH,1841,1660
2026-06-22,BOB,"Motu Mute, French Polynesia",LAX,1020,910
2026-06-22,FAO,"Faro, Portugal",ORD,906,800
2026-06-22,CSX,"Changsha, China",CLT,1797,1590
2026-06-22,ZLO,"Manzanillo, Mexico",BWI,640,560
2026-06-22,SCV,"Suceava, Romania",SFO,1459,1280
2026-06-22,HOG,"Holguin, Cuba",SAT,517,450
2026-06-22,BDA,"Hamilton, Bermuda",JFK,359,310
2026-06-22,CMW,"Camaguey, Cuba",AUS,489,420
2026-06-22,USM,"Koh Samui, Thailand",DFW,1459,1250
2026-06-22,PDL,"Ponta Delgada, Portugal",BOS,701,600
2026-06-22,CAG,"Cagliari, Italy",ORD,1202,1030
2026-06-22,TAO,"Qingdao, China",LAS,1523,1300
2026-06-22,MRV,"Mineralnyye Vody, Russia",MIA,1559,1320
2026-06-22,SJZ,"Velas, Portugal",SFO,1222,1040
2026-06-22,RAI,"Praia, Cabo Verde",BOS,930,780
2026-06-22,CUZ,"Cusco, Peru",PIT,1008,850
2026-06-22,OGZ,"Beslan, Russia",CLT,1496,1250
2026-06-22,RTB,"Roatan Island, Honduras",JFK,616,510
2026-06-22,USH,"Ushuahia, Argentina",SFO,1758,1440
2026-06-22,LWN,"Gyumri, Armenia",SFO,1719,1410
2026-06-22,LYS,"Lyon, France",LAX,1061,860
2026-06-22,MZT,"Mazatlan, Mexico",SAT,368,300
2026-06-22,OHD,"Ohrid, North Macedonia",BOS,1197,970
2026-06-22,PBC,"Puebla, Mexico",DEN,542,440
2026-06-22,BON,"Kralendijk, Bonaire",ATL,627,500
2026-06-22,SLP,"San Luis Potosi, Mexico",DFW,400,320
2026-06-22,SKB,"Basseterre, Saint Kitts and Nevis",JFK,619,490
2026-06-22,CZM,"Cozumel, Mexico",DEN,607,480
2026-06-22,OVB,"Novosibirsk, Russia",DEN,1552,1220
2026-06-22,CUU,"Chihuahua, Mexico",DEN,406,320
2026-06-22,VTE,"Vientiane, Laos",SAN,2038,1610
2026-06-22,KUF,"Samara, Russia",AUS,1661,1300
2026-06-22,KTW,"Katowice, Poland",MSP,1296,1010
2026-06-22,PTP,"Pointe-a-Pitre Le Raizet, Guadeloupe",AUS,791,620
2026-06-22,VXE,"Sao Pedro, Cabo Verde",BOS,966,750
2026-06-22,PSO,"Pasto, Colombia",SLC,1039,800
2026-06-22,UFA,"Ufa, Russia",BOS,1401,1070
2026-06-22,KZN,"Kazan, Russia",BOS,1362,1030
2026-06-22,ACA,"Acapulco, Mexico",MIA,568,430
2026-06-22,CAP,"Cap Haitien, Haiti",JFK,585,440
2026-06-22,YHZ,"Halifax, Canada",PHL,402,300
2026-06-22,NMA,"Namangan, Uzbekistan",PIT,1807,1340
2026-06-22,INN,"Innsbruck, Austria",AUS,1571,1160
2026-06-22,SVX,"Yekaterinburg, Russia",SEA,1508,1110
2026-06-22,GGT,"George Town, Bahamas",MIA,327,240
2026-06-22,CIT,"Shymkent, Kazakhstan",SFO,1893,1390
2026-06-22,CHC,"Christchurch, NZ",SNA,2123,1550
2026-06-22,FNC,"Funchal, Portugal",FLL,1165,850
2026-06-22,CNX,"Chiang Mai, Thailand",SFO,1672,1200
2026-06-22,YDF,"Deer Lake, Canada",IND,646,460
2026-06-22,REC,"Recife, Brazil",MCO,1335,950
2026-06-22,GUM,"Tamuning, Guam",DFW,2057,1460
2026-06-22,TPQ,"Tepic, Mexico",LAX,550,390
2026-06-22,KGF,"Karaganda, Kazakhstan",MIA,2007,1420
2026-06-22,FBM,"Lubumbashi, Congo",IND,2238,1590
2026-06-22,RGK,"Gorno-Altaysk, Russia",SAN,1877,1320
2026-06-22,REX,"Reynosa, Mexico",ORD,575,400
2026-06-22,GUW,"Atyrau, Kazakhstan",IND,1794,1230
2026-06-22,HOR,"Horta, Portugal",BOS,839,570
2026-06-22,TIJ,"Tijuana, Mexico",LAX,296,200
2026-06-22,MGQ,"Mogadishu, Somalia",SEA,2596,1760
2026-06-22,DOH,"Doha, Qatar",LAS,1712,1150
2026-06-22,YOW,"Ottawa, Canada",CMH,401,270
2026-06-22,VVO,"Vladivostok, Russia",SEA,1510,1010
2026-06-22,DOM,"Marigot, Dominica",ATL,780,520
2026-06-22,MSQ,"Minsk, Belarus",SEA,1674,1100
2026-06-22,NVT,"Navegantes, Brazil",BOS,1627,1060
2026-06-22,TRC,"Torreon, Mexico",DEN,553,360
2026-06-22,AGU,"Aguascalientes, Mexico",DFW,523,330
2026-06-22,ZIH,"Ixtapa, Mexico",LAX,722,450
2026-06-22,NDJ,"N'Djamena, Chad",IND,2061,1290
2026-06-22,KJA,"Krasnoyarsk, Russia",LAS,1960,1220
2026-06-22,CUK,"Caye Caulker, Belize",SFO,1003,620
2026-06-22,TJM,"Tyumen, Russia",DFW,2040,1260
2026-06-22,BAX,"Barnaul, Russia",MIA,2311,1400
2026-06-22,LBD,"Khudzhand, Tajikistan",DFW,2441,1470
2026-06-22,TGU,"Tegucigalpa, Honduras",RDU,932,550
2026-06-22,ELH,"North Eleuthera, Bahamas",MIA,379,220
2026-06-22,ROR,"Babelthuap Island, Palau",MSP,2688,1560
2026-06-22,NGS,"Nagasaki, Japan",ATL,2575,1480
2026-06-22,KHV,"Khabarovsk, Russia",MIA,2430,1390
2026-06-22,URA,"Uralsk, Kazakhstan",MSP,2011,1150
2026-06-22,SID,"Espargos, Cabo Verde",FLL,1495,840
2026-06-22,VOG,"Volgograd, Russia",CLE,2039,1140
2026-06-22,STW,"Stavropol, Russia",SFO,2471,1360
2026-06-22,SCU,"Santiago, Cuba",LAS,1241,640
2026-06-22,YXU,"London, Canada",ORD,580,240
2026-06-22,ASF,"Astrakhan, Russia",BOS,2740,1110
2026-06-22,PEE,"Perm, Russia",BOS,2811,1040
2026-06-22,ADZ,"San Andres, Colombia",FLL,1093,350
2026-06-22,ITU,ITU,ATL,3316,1000
2026-06-23,SJU,"San Juan, Puerto Rico",MCO,135,400
2026-06-23,GUA,Guatemala City,MIA,190,550
2026-06-23,SDQ,"Santo Domingo, Dom. Rep.",MIA,188,520
2026-06-23,AUA,Aruba,BWI,216,600
2026-06-23,SAL,San Salvador,LGA,182,500
2026-06-23,MDE,"Medellin, Colombia",MCO,217,600
2026-06-23,YVR,"Vancouver, Canada",LAX,163,450
2026-06-23,CUN,"Cancun, Mexico",ATL,166,450
2026-06-23,SJO,"San Jose, Costa Rica",MIA,207,560
2026-06-23,BOG,"Bogota, Colombia",MIA,216,550
2026-06-23,MEX,"Mexico City, Mexico",MCO,178,450
2026-06-23,OAX,"Oaxaca, Mexico",LAX,207,500
2026-06-23,MBJ,"Montego Bay, Jamaica",TPA,217,520
2026-06-23,SCL,"Santiago, Chile",MCO,355,820
2026-06-23,KIN,"Kingston, Jamaica",JFK,246,560
2026-06-23,GYE,"Guayaquil, Ecuador",MIA,309,700
2026-06-23,PUJ,"Punta Cana, Dom. Rep.",ATL,229,520
2026-06-23,KHI,"Karachi, Pakistan",JFK,649,1470
2026-06-23,POS,"Port of Spain, Trinidad",FLL,317,700
2026-06-23,CLO,"Cali, Colombia",DFW,277,610
2026-06-23,HYD,"Hyderabad, India",ORD,765,1640
2026-06-23,KTI,"Krong Ta Khmau, Cambodia",LAX,760,1630
2026-06-23,BSB,"Brasilia, Brazil",MIA,387,820
2026-06-23,AKL,"Auckland, New Zealand",DFW,701,1450
2026-06-23,BNE,"Brisbane, Australia",LAX,718,1500
2026-06-23,SIN,Singapore,LAX,577,1200
2026-06-23,GRU,"Sao Paulo, Brazil",BOS,437,900
2026-06-23,DXB,"Dubai, UAE",JFK,550,1100
2026-06-23,TAS,"Tashkent, Uzbekistan",LAX,736,1460
2026-06-23,ARN,"Stockholm, Sweden",JFK,422,830
2026-06-23,SJD,"Los Cabos, Mexico",EWR,264,520
2026-06-23,DAC,"Dhaka, Bangladesh",ATL,858,1680
2026-06-23,FCO,"Rome, Italy",JFK,439,850
2026-06-23,LHE,"Lahore, Pakistan",SFO,780,1510
2026-06-23,TIA,"Tirana, Albania",JFK,517,1000
2026-06-23,EBB,"Kampala, Uganda",ATL,808,1550
2026-06-23,VIE,"Vienna, Austria",JFK,459,860
2026-06-23,GIG,"Rio de Janeiro, Brazil",IAD,502,950
2026-06-23,CRK,"Angeles City, Philippines",LAS,782,1480
2026-06-23,CTG,"Cartagena, Colombia",ATL,322,600
2026-06-23,CUR,Curacao,EWR,349,650
2026-06-23,MGA,"Managua, Nicaragua",MIA,299,550
2026-06-23,CPH,"Copenhagen, Denmark",RDU,466,860
2026-06-23,NRT,"Tokyo, Japan",HNL,644,1200
2026-06-23,GVA,"Geneva, Switzerland",MCO,477,880
2026-06-23,EBL,"Arbil, Iraq",LAX,808,1500
2026-06-23,MLM,"Morelia, Mexico",LAX,236,440
2026-06-23,ATH,"Athens, Greece",JFK,492,900
2026-06-23,CAI,"Cairo, Egypt",ORD,600,1100
2026-06-23,SKP,"Skopje, North Macedonia",JFK,552,1010
2026-06-23,XMN,"Xiamen, China",SFO,739,1350
2026-06-23,JTR,"Santorini Island, Greece",JFK,595,1080
2026-06-23,OSL,"Oslo, Norway",JFK,465,830
2026-06-23,PTY,"Panama City, Panama",ATL,307,550
2026-06-23,TBS,"Tbilisi, Georgia",JFK,642,1150
2026-06-23,LIR,"Liberia, Costa Rica",PDX,338,600
2026-06-23,JED,"Jeddah, Saudi Arabia",ORD,722,1300
2026-06-23,PVG,"Shanghai, China",LAX,617,1100
2026-06-23,CAN,"Guangzhou, China",LAX,640,1150
2026-06-23,EZE,"Buenos Aires, Argentina",AUS,529,950
2026-06-23,ALA,"Almaty, Kazakhstan",LAX,799,1420
2026-06-23,SHJ,"Sharjah, UAE",ATL,850,1520
2026-06-23,MID,"Merida, Mexico",OAK,323,580
2026-06-23,BUD,"Budapest, Hungary",EWR,483,850
2026-06-23,LOS,"Lagos, Nigeria",IAD,774,1350
2026-06-23,PPT,"Papeete, Tahiti",OAK,773,1350
2026-06-23,ASU,"Asuncion, Paraguay",PHX,651,1140
2026-06-23,CDG,"Paris, France",EWR,464,800
2026-06-23,MNL,"Manila, Philippines",LAX,634,1100
2026-06-23,HKG,Hong Kong,SFO,634,1100
2026-06-23,DPS,"Bali, Indonesia",SEA,756,1300
2026-06-23,CEB,"Cebu, Philippines",LAX,701,1200
2026-06-23,SYD,"Sydney, Australia",DFW,875,1500
2026-06-23,FIH,"Kinshasa, Congo",DFW,891,1540
2026-06-23,NAS,"Nassau, Bahamas",MIA,266,450
2026-06-23,BCN,"Barcelona, Spain",EWR,471,800
2026-06-23,VNO,"Vilnius, Lithuania",BOS,514,870
2026-06-23,WAW,"Warsaw, Poland",IAD,470,800
2026-06-23,ICN,"Seoul, South Korea",LAX,647,1100
2026-06-23,NAN,"Nadi, Fiji",HNL,765,1300
2026-06-23,SYX,"Sanya, China",LAX,901,1530
2026-06-23,YYC,"Calgary, Canada",SFO,269,450
2026-06-23,CMN,"Casablanca, Morocco",LGA,540,900
2026-06-23,BKK,"Bangkok, Thailand",SFO,662,1100
2026-06-23,BZE,"Belize City, Belize",IAD,334,560
2026-06-23,GDL,"Guadalajara, Mexico",LAX,245,410
2026-06-23,PLS,"Providenciales, Turks",BOS,336,550
2026-06-23,MXP,"Milan, Italy",SFO,501,820
2026-06-23,HEL,"Helsinki, Finland",MSP,528,860
2026-06-23,BGI,"Bridgetown, Barbados",DCA,457,750
2026-06-23,SSH,"Sharm El Sheikh, Egypt",EWR,667,1100
2026-06-23,NBO,"Nairobi, Kenya",TPA,799,1300
2026-06-23,PEK,"Beijing, China",LAX,669,1100
2026-06-23,QRO,"Queretaro, Mexico",DFW,202,330
2026-06-23,SJJ,"Sarajevo, Bosnia and Herzegovina",LAX,803,1320
2026-06-23,HAK,"Haikou, China",SFO,879,1450
2026-06-23,YUL,"Montreal, Canada",BOS,217,350
2026-06-23,LIM,"Lima, Peru",MIA,404,650
2026-06-23,IST,"Istanbul, Turkey",JFK,561,900
2026-06-23,HKT,"Phuket, Thailand",DFW,738,1200
2026-06-23,SGN,"Ho Chi Minh, Vietnam",SFO,684,1100
2026-06-23,BGW,"Baghdad, Iraq",ORD,823,1320
2026-06-23,GEO,"Georgetown, Guyana",MIA,330,530
2026-06-23,MED,"Medina, Saudi Arabia",ORD,854,1380
2026-06-23,CWB,"Curitiba, Brazil",CLT,630,1010
2026-06-23,JMK,"Mykonos Island, Greece",LAX,885,1420
2026-06-23,SHA,"Shanghai, China",LAX,820,1330
2026-06-23,WUH,"Wuhan, China",SFO,821,1320
2026-06-23,MAD,"Madrid, Spain",EWR,519,820
2026-06-23,ZNZ,"Zanzibar, Tanzania",ORD,918,1450
2026-06-23,TPE,"Taipei, Taiwan",LAX,664,1050
2026-06-23,JNB,"Johannesburg, S. Africa",IAH,820,1300
2026-06-23,PQC,"Duong Dong, Vietnam",ORD,1092,1730
2026-06-23,ABV,"Abuja, Nigeria",LAX,986,1560
2026-06-23,LHR,"London, UK",BWI,482,750
2026-06-23,RAK,"Marrakech, Morocco",BOS,628,980
2026-06-23,MAA,"Chennai, India",BOS,833,1300
2026-06-23,PMI,"Palma De Mallorca, Spain",ATL,643,1000
2026-06-23,SNU,"Santa Clara, Cuba",DEN,326,510
2026-06-23,KUT,"Kutaisi, Georgia",LAX,918,1430
2026-06-23,CKG,"Chongqing, China",SFO,883,1390
2026-06-23,DEL,"Delhi, India",IAD,783,1200
2026-06-23,DBV,"Dubrovnik, Croatia",ATL,617,950
2026-06-23,DAD,"Da Nang, Vietnam",LAX,750,1150
2026-06-23,RIX,"Riga, Latvia",SEA,569,870
2026-06-23,SVD,"Argyle, Saint Vincent and the Grenadines",JFK,350,540
2026-06-23,BSR,"Basrah, Iraq",PDX,942,1440
2026-06-23,KEF,"Reykjavik, Iceland",ORD,394,600
2026-06-23,DUB,"Dublin, Ireland",ORD,461,700
2026-06-23,BOM,"Mumbai, India",BOS,854,1300
2026-06-23,BRU,"Brussels, Belgium",CLT,527,800
2026-06-23,AYT,"Antalya, Türkiye",BOS,709,1080
2026-06-23,POA,"Porto Alegre, Brazil",BOS,716,1090
2026-06-23,UIO,"Quito, Ecuador",MIA,468,700
2026-06-23,VCE,"Venice, Italy",EWR,587,880
2026-06-23,EVN,"Yerevan, Armenia",LAX,775,1150
2026-06-23,MLA,"Luqa, Malta",ORD,730,1090
2026-06-23,YYZ,"Toronto, Canada",AUS,239,350
2026-06-23,FRA,"Frankfurt, Germany",JFK,541,800
2026-06-23,PRG,"Prague, Czechia",LAX,581,850
2026-06-23,MLE,"Male, Maldives",MSY,917,1350
2026-06-23,HAN,"Hanoi, Vietnam",LAX,786,1150
2026-06-23,GDN,"Gdańsk, Poland",JFK,612,900
2026-06-23,AMS,"Amsterdam, Netherlands",JFK,527,760
2026-06-23,TUN,"Tunis, Tunisia",JFK,658,950
2026-06-23,STT,"St. Thomas, USVI",MIA,389,560
2026-06-23,OKA,"Okinawa, Japan",TPA,891,1300
2026-06-23,KIX,"Osaka, Japan",LAX,864,1250
2026-06-23,LCA,"Larnarca, Cyprus",DFW,956,1380
2026-06-23,SHE,"Shenyang, China",SFO,813,1170
2026-06-23,KUL,"Kuala Lumpur, Malaysia",DFW,836,1200
2026-06-23,CGK,"Jakarta, Indonesia",ORD,880,1250
2026-06-23,BAQ,"Barranquilla, Colombia",MIA,258,370
2026-06-23,COR,"Cordoba, Argentina",MIA,627,900
2026-06-23,BIO,"Bilbao, Spain",LAX,835,1190
2026-06-23,KRK,"Krakow, Poland",JFK,587,830
2026-06-23,SVO,"Moscow, Russia",MIA,1230,1722
2026-06-23,VKO,"Moscow, Russia",ORD,1182,1655
2026-06-23,LED,"St. Petersburg, Russia",IAD,1211,1695
2026-06-23,STI,"Santiago, Dominican Republic",EWR,220,308
2026-06-23,SAW,"Istanbul, Türkiye",JFK,662,927
2026-06-23,DME,"Moscow, Russia",ORD,1215,1701
2026-06-23,LGW,"London, UK",MCO,392,549
2026-06-23,RMO,"Chișinău, Moldova",EWR,667,934
2026-06-23,BJX,"Silao, Mexico",IAH,249,349
2026-06-23,HND,"Tokyo, Japan",HNL,690,966
2026-06-23,POP,"Puerto Plata, Dominican Republic",LGA,388,543
2026-06-23,ORY,"Paris, France",MIA,446,624
2026-06-23,XPL,"Comayagua, Honduras",MCO,358,501
2026-06-23,SKD,"Samarkand, Uzbekistan",IAD,1074,1504
2026-06-23,YTZ,"Toronto, Canada",ORD,220,308
2026-06-23,FOC,"Fuzhou, China",IAD,1056,1478
2026-06-23,VVI,"Santa Cruz, Bolivia",IAD,710,994
2026-06-23,NLU,"Reyes Acozac, Mexico",LAX,264,370
2026-06-23,TLC,"Toluca, Mexico",IAH,250,350
2026-06-23,KBL,"Kabul, Afghanistan",IAD,861,1205
2026-06-23,CNF,"Belo Horizonte, Brazil",BOS,427,598
2026-06-23,GOT,"Gothenburg, Sweden",EWR,541,757
2026-06-23,YEG,"Edmonton, Canada",ATL,348,487
2026-06-23,ISB,"Islamabad, Pakistan",IAD,631,883
2026-06-23,DLA,"Douala, Cameroon",IAD,1159,1623
2026-06-23,WMI,"Warsaw, Poland",MIA,720,1008
2026-06-23,PRN,Lipjan,IAD,684,958
2026-06-23,AMD,"Ahmedabad, India",IAD,929,1301
2026-06-23,BRI,"Bari, Italy",IAD,816,1142
2026-06-23,ROB,"Monrovia, Liberia",CMH,1376,1926
2026-06-23,VCP,"Campinas, Brazil",FLL,560,784
2026-06-23,BVA,"Beauvais/Tille, France",JFK,620,868
2026-06-23,BJM,"Bujumbura, Burundi",ORD,899,1259
2026-06-23,CXR,"Nha Trang, Vietnam",SFO,1072,1501
2026-06-23,MVD,"Montevideo, Uruguay",IAD,476,666
2026-06-23,DAR,"Dar es Salaam, Tanzania",IAD,939,1315
2026-06-23,STN,"London, UK",LGA,748,1047
2026-06-23,HHN,"Hahn, Germany",IAD,766,1072
2026-06-23,CIA,"Roma, Italy",BWI,778,1089
2026-06-23,ISU,"Sulaymaniyah, Iraq",DCA,1121,1569
2026-06-23,VXE,"Sao Pedro, Cabo Verde",DCA,1296,1814
2026-06-23,AEP,"Buenos Aires, Argentina",MIA,511,715
2026-06-23,SDU,"Rio De Janeiro, Brazil",CLT,699,979
2026-06-23,LIN,"Milan, Italy",IAD,724,1014
2026-06-23,HER,"Heraklion, Greece",IAD,944,1322
2026-06-23,ZIA,"Zhukovsky, Russia",DFW,1435,2009
2026-06-23,PEI,"Pereira, Colombia",IAD,463,648
2026-06-23,SNN,"Shannon, Ireland",EWR,656,918
2026-06-23,RBA,"Rabat, Morocco",MCO,690,966
2026-06-23,ADB,"Izmir, Türkiye",IAD,854,1196
2026-06-23,LFW,"Lome, Togo",IAD,1122,1571
2026-06-23,FNA,"Freetown, Sierra Leone",IAH,1407,1970
2026-06-23,CTM,"Chetumal, Mexico",IAH,348,487
2026-06-23,YXE,"Saskatoon, Canada",LGA,507,710
2026-06-23,LTN,"London, UK",BWI,669,937
2026-06-23,PMO,"Palermo, Italy",MCO,826,1156
2026-06-23,PKX,"Beijing, China",LAX,669,937
2026-06-23,CEK,"Chelyabinsk, Russia",IAD,1325,1855
2026-06-23,PHC,"Port Harcourt, Nigeria",IAH,1687,2362
2026-06-23,YWG,"Winnipeg, Canada",EWR,415,581
2026-06-23,MHH,"Marsh Harbour, Bahamas",FLL,449,629
2026-06-23,SKG,"Thessaloniki, Greece",EWR,563,788
2026-06-23,LTO,"Loreto, Mexico",DFW,632,885
2026-06-23,TFN,"Tenerife Island, Spain",IAD,681,953
2026-06-23,OLB,"Olbia, Italy",IAD,701,981
2026-06-23,BRE,"Bremen, Germany",IAD,815,1141
2026-06-23,TFS,"Tenerife Island, Spain",BWI,854,1196
2026-06-23,AXA,"The Valley, Anguilla",MIA,1000,1400
2026-06-23,SOU,"Southampton, UK",IAD,1045,1463
2026-06-23,COV,"Tarsus, Türkiye",IAH,1173,1642
2026-06-23,COO,"Cotonou, Benin",IAH,1225,1715
2026-06-23,DSS,"Diass, Senegal",CLT,1387,1942
2026-06-23,NIM,"Niamey, Niger",IND,1656,2318
2026-06-23,TFU,"Tianfu, China",IAD,1774,2484
2026-06-23,LUN,"Lusaka, Zambia",IAD,1944,2722
2026-06-23,WRO,"Wrocław, Poland",EWR,585,819
2026-06-23,EIS,"Road Town, Virgin Islands",MCO,636,890
2026-06-23,CGH,"Sao Paulo, Brazil",MIA,694,972
2026-06-23,DGO,"Durango, Mexico",MKE,700,980
2026-06-23,FMO,"Munster, Germany",DTW,762,1067
2026-06-23,HBE,"Alexandria, Egypt",BOS,867,1214
2026-06-23,HAJ,"Hannover, Germany",DTW,885,1239
2026-06-23,PNT,"Puerto Natales, Chile",FLL,1001,1401
2026-06-23,NEV,"Charlestown, Saint Kitts and Nevis",STL,1344,1882
2026-06-23,NSI,"Yaounde, Cameroon",SAT,1410,1974
2026-06-23,GOX,"Mopa, India",MIA,1592,2229
2026-06-23,ITM,"Osaka, Japan",SJC,1719,2407
2026-06-23,ABJ,"Abidjan, Côte d'Ivoire",IAH,1944,2722
2026-06-23,EOH,"Medellin, Colombia",MCO,224,314
2026-06-23,ZCL,"Zacatecas, Mexico",RSW,481,673
2026-06-23,BIM,"South Bimini, Bahamas",IND,504,706
2026-06-23,YHU,"Longueuil, Canada",BWI,532,745
2026-06-23,OCJ,"Ocho Rios, Jamaica",MCO,591,827
2026-06-23,MEC,"Manta, Ecuador",MIA,644,902
2026-06-23,ZMB,ZMB,BOS,678,949
2026-06-23,TRF,"Torp, Norway",SFO,721,1009
2026-06-23,BOC,"Isla Colon, Panama",DFW,829,1161
2026-06-23,SUF,"Lamezia Terme, Italy",IAH,835,1169
2026-06-23,BEL,"Belem, Brazil",MCO,843,1180
2026-06-23,GMP,"Seoul, South Korea",HNL,881,1233
2026-06-23,SJW,"Shijiazhuang, China",LAX,931,1310
2026-06-23,PVH,"Porto Velho, Brazil",MCO,967,1354
2026-06-23,TAM,"Tampico, Mexico",SEA,976,1366
2026-06-23,UKB,"Kobe, Japan",LAX,1081,1513
2026-06-23,MJI,"Tripoli, Libya",ATL,1085,1519
2026-06-23,XNB,XNB,ORD,1167,1634
2026-06-23,CRL,"Brussels, Belgium",DFW,1201,1681
2026-06-23,LYP,"Faisalabad, Pakistan",SMF,1218,1705
2026-06-23,NBJ,"Luanda, Angola",SEA,1244,1742
2026-06-23,ESB,"Ankara, Türkiye",ORD,1275,1785
2026-06-23,IPN,"Ipatinga, Brazil",FLL,1298,1817
2026-06-23,BDS,"Brindisi, Italy",DTW,1352,1893
2026-06-23,XIY,"Xianyang, China",CVG,1352,1893
2026-06-23,SPR,SPR,MIA,1565,2191
2026-06-23,VAN,"Van, Türkiye",SNA,1595,2233
2026-06-23,PEW,"Peshawar, Pakistan",SNA,1794,2512
2026-06-23,KGL,"Kigali, Rwanda",MCI,1870,2618
2026-06-23,YKF,"Waterloo, Canada",MDW,2265,3171
2026-06-23,ULV,"Ulyanovsk, Russia",DFW,2476,3466
2026-06-23,GVN,"Sovetskaya Gavan, Russia",SNA,3142,4399
2026-06-23,ABA,"Abakan, Russia",SFO,5267,7374
2026-06-23,AGP,"Malaga, Spain",JFK,608,840
2026-06-23,SPU,"Split, Croatia",JFK,658,920
2026-06-23,ADD,"Addis Ababa, Ethiopia",BOS,966,1350
2026-06-23,MAR,"Maracaibo, Venezuela",MIA,279,390
2026-06-23,ALC,"Alicante, Spain",BOS,597,820
2026-06-23,LLW,"Lilongwe, Malawi",ORD,1232,1680
2026-06-23,IGU,"Foz Do Iguacu, Brazil",BOS,755,1030
2026-06-23,BLQ,"Bologna, Italy",ATL,652,880
2026-06-23,BOJ,"Burgas, Bulgaria",MIA,905,1220
2026-06-23,SZX,"Shenzhen, China",ORD,1140,1550
2026-06-23,OPO,"Porto, Portugal",BOS,579,770
2026-06-23,PVK,"Preveza/Lefkada, Greece",BOS,742,990
2026-06-23,KTM,"Kathmandu, Nepal",HNL,1066,1400
2026-06-23,ZAG,"Zagreb, Croatia",CLE,668,880
2026-06-23,TGD,"Podgorica, Montenegro",ORD,818,1080
2026-06-23,HRE,"Harare, Zimbabwe",ORD,1280,1690
2026-06-23,NUE,"Nuremberg, Germany",MIA,801,1050
2026-06-23,YYJ,"Victoria, Canada",TPA,484,640
2026-06-23,SOF,"Sofia, Bulgaria",JFK,652,850
2026-06-23,UVF,St. Lucia,PIT,542,700
2026-06-23,BUS,"Batumi, Georgia",ORD,943,1220
2026-06-23,UBN,"Ulaanbaatar, Mongolia",ORD,975,1270
2026-06-23,IBZ,"Ibiza, Spain",JFK,663,860
2026-06-23,SXM,St. Maarten,LGA,467,600
2026-06-23,GCM,Grand Cayman,EWR,470,600
2026-06-23,LIS,"Lisbon, Portugal",EWR,586,750
2026-06-23,FOR,"Fortaleza, Brazil",MCO,743,950
2026-06-23,OTP,"Bucharest, Romania",MCO,637,820
2026-06-23,PVR,"Puerto Vallarta, Mexico",LAX,311,400
2026-06-23,VIX,"Vitoria, Brazil",MIA,716,920
2026-06-23,OUA,"Ouagadougou, Burkina Faso",SEA,1099,1410
2026-06-23,EFL,"Kefallinia Island, Greece",PHX,1053,1350
2026-06-23,MEL,"Melbourne, Australia",HNL,1190,1500
2026-06-23,SEZ,"Mahe Island, Seychelles",ORD,1403,1780
2026-06-23,SVG,"Stavanger, Norway",DFW,806,1020
2026-06-23,MUC,"Munich, Germany",JFK,654,820
2026-06-23,CUE,"Cuenca, Ecuador",MIA,424,530
2026-06-23,NCE,"Nice, France",MIA,709,880
2026-06-23,TIV,"Tivat, Montenegro",SEA,975,1200
2026-06-23,SAP,"La Mesa, Honduras",MIA,268,330
2026-06-23,VVC,"Villavicencio, Colombia",LAX,660,810
2026-06-23,RZE,"Rzeszow, Poland",ORD,838,1030
2026-06-23,JPA,"Joao Pessoa, Brazil",LAX,1025,1260
2026-06-23,CLJ,"Cluj-Napoca, Romania",SFO,1035,1280
2026-06-23,TLL,"Tallinn, Estonia",LGA,720,880
2026-06-23,FLR,"Florence, Italy",RDU,735,900
2026-06-23,GYD,"Baku, Azerbaijan",IAD,946,1150
2026-06-23,ZRH,"Zurich, Switzerland",ORD,707,860
2026-06-23,COK,"Kochi, India",MIA,1070,1300
2026-06-23,SVQ,"Seville, Spain",SFO,706,860
2026-06-23,YLW,"Kelowna, Canada",PHX,320,390
2026-06-23,ANU,Antigua,JFK,538,650
2026-06-23,FLN,"Florianopolis, Brazil",MIA,833,1000
2026-06-23,AUH,"Abu Dhabi, UAE",MIA,912,1100
2026-06-23,NAP,"Naples, Italy",LAX,743,900
2026-06-23,CPT,"Cape Town, S. Africa",MIA,1210,1450
2026-06-23,CMB,"Colombo, Sri Lanka",ORD,1073,1300
2026-06-23,BSZ,"Bishkek, Kyrgyzstan",ORD,1102,1320
2026-06-23,BJV,"Bodrum, Türkiye",ORD,982,1180
2026-06-23,RHO,"Rodes Island, Greece",PIT,947,1140
2026-06-23,ASM,"Asmara, Eritrea",SEA,1313,1590
2026-06-23,TQO,"Tulum, Mexico",JFK,396,470
2026-06-23,FPO,"Freeport, Bahamas",FLL,410,480
2026-06-23,GYN,"Goiania, Brazil",BNA,817,960
2026-06-23,BGO,"Bergen, Norway",BOS,645,760
2026-06-23,TER,"Lajes, Portugal",SFO,892,1050
2026-06-23,VLC,"Valencia, Spain",ORD,720,840
2026-06-23,MTY,"Monterrey, Mexico",SAT,198,230
2026-06-23,EDI,"Edinburgh, Scotland",ORD,673,770
2026-06-23,IGD,"Igdir, Türkiye",DFW,1203,1390
2026-06-23,BEG,"Belgrade, Serbia",BOS,728,830
2026-06-23,MRS,"Marseille, France",ORD,765,870
2026-06-23,SJP,"Sao Jose Do Rio Preto, Brazil",LAX,1077,1230
2026-06-23,PFO,"Paphos, Cyprus",PDX,1193,1360
2026-06-23,DYU,"Dushanbe, Tajikistan",ORD,1216,1360
2026-06-23,AER,"Sochi, Russia",MIA,1151,1300
2026-06-23,ACC,"Accra, Ghana",DFW,1174,1300
2026-06-23,ALG,"Algiers, Algeria",BOS,773,860
2026-06-23,VGO,"Vigo, Spain",ORD,779,870
2026-06-23,MAN,"Manchester, UK",IAD,686,750
2026-06-23,GLA,"Glasgow, Scotland",ATL,710,780
2026-06-23,BER,"Berlin, Germany",SEA,728,800
2026-06-23,NQZ,"Astana, Kazakhstan",ORD,1114,1220
2026-06-23,VRN,"Verona, Italy",BOS,796,870
2026-06-23,DLM,"Dalaman, Türkiye",ATL,1115,1230
2026-06-23,TAB,"Scarborough, Trinidad and Tobago",JFK,518,570
2026-06-23,TOS,"Tromsø, Norway",MSP,783,860
2026-06-23,CUL,"Culiacan, Mexico",SEA,453,490
2026-06-23,YXY,"Whitehorse, Canada",BNA,605,660
2026-06-23,LNZ,"Linz, Austria",ATL,971,1050
2026-06-23,HAM,"Hamburg, Germany",SEA,759,820
2026-06-23,BPN,"Balikpapan, Borneo Island, Indonesia",AUS,1720,1850
2026-06-23,HRG,"Hurghada, Egypt",DFW,1030,1100
2026-06-23,NJF,"Najaf, Iraq",PDX,1331,1420
2026-06-23,SCO,"Aktau, Kazakhstan",ORD,1179,1240
2026-06-23,UGC,"Urgench, Uzbekistan",ORD,1241,1300
2026-06-23,GND,Grenada,MIA,674,700
2026-06-23,RUH,"Riyadh, Saudi Arabia",DTW,1196,1250
2026-06-23,GZP,"Gazipasa, Türkiye",BWI,1109,1160
2026-06-23,YQB,"Quebec City, Canada",AUS,483,500
2026-06-23,TGZ,"Tuxtla Gutierrez, Mexico",DEN,476,490
2026-06-23,CFU,"Kerkyra Island, Greece",BOS,959,980
2026-06-23,BPS,"Porto Seguro, Brazil",PHL,957,980
2026-06-23,BRS,"Bristol, UK",DFW,977,1000
2026-06-23,KSN,"Kostanay, Kazakhstan",MIA,1316,1340
2026-06-23,LDB,"Londrina, Brazil",MIA,854,870
2026-06-23,MBA,"Mombasa, Kenya",ATL,1339,1350
2026-06-23,VER,"Veracruz, Mexico",DFW,345,350
2026-06-23,CCS,"Caracas, Venezuela",MIA,422,420
2026-06-23,MPM,"Maputo, Mozambique",MSP,1818,1810
2026-06-23,WDH,"Windhoek, Namibia",MSP,1679,1650
2026-06-23,AXM,"Armenia, Colombia",JFK,640,620
2026-06-23,ZQN,"Queenstown, NZ",IND,1606,1550
2026-06-23,FRS,"San Benito, Guatemala",JFK,542,520
2026-06-23,MRU,Mauritius,ORD,1572,1500
2026-06-23,SSA,"Salvador, Brazil",MSY,993,950
2026-06-23,ROS,"Rosario, Argentina",MIA,984,930
2026-06-23,CCP,"Concepcion, Chile",SLC,1290,1220
2026-06-23,PSA,"Pisa, Italy",BOS,933,880
2026-06-23,PEG,"Perugia, Italy",ORD,1096,1020
2026-06-23,BLR,"Bangalore, India",IAD,1400,1300
2026-06-23,KRR,"Krasnodar, Russia",DFW,1412,1310
2026-06-23,IKT,"Irkutsk, Russia",BOS,1322,1220
2026-06-23,CGN,"Cologne, Germany",ORD,896,820
2026-06-23,HAV,"Havana, Cuba",MIA,239,220
2026-06-23,SZZ,"Goleniow, Poland",SEA,1173,1070
2026-06-23,WEH,"Weihai, China",SEA,1240,1130
2026-06-23,TSN,"Tianjin, China",PHX,1474,1330
2026-06-23,BLZ,"Blantyre, Malawi",CMH,1841,1660
2026-06-23,BOB,"Motu Mute, French Polynesia",LAX,1020,910
2026-06-23,FAO,"Faro, Portugal",ORD,906,800
2026-06-23,CSX,"Changsha, China",CLT,1797,1590
2026-06-23,ZLO,"Manzanillo, Mexico",BWI,640,560
2026-06-23,SCV,"Suceava, Romania",SFO,1459,1280
2026-06-23,HOG,"Holguin, Cuba",SAT,517,450
2026-06-23,BDA,"Hamilton, Bermuda",JFK,359,310
2026-06-23,CMW,"Camaguey, Cuba",AUS,489,420
2026-06-23,USM,"Koh Samui, Thailand",DFW,1459,1250
2026-06-23,PDL,"Ponta Delgada, Portugal",BOS,701,600
2026-06-23,CAG,"Cagliari, Italy",ORD,1202,1030
2026-06-23,TAO,"Qingdao, China",LAS,1523,1300
2026-06-23,MRV,"Mineralnyye Vody, Russia",MIA,1559,1320
2026-06-23,SJZ,"Velas, Portugal",SFO,1222,1040
2026-06-23,RAI,"Praia, Cabo Verde",BOS,930,780
2026-06-23,CUZ,"Cusco, Peru",PIT,1008,850
2026-06-23,OGZ,"Beslan, Russia",CLT,1496,1250
2026-06-23,RTB,"Roatan Island, Honduras",JFK,616,510
2026-06-23,USH,"Ushuahia, Argentina",SFO,1758,1440
2026-06-23,LWN,"Gyumri, Armenia",SFO,1719,1410
2026-06-23,LYS,"Lyon, France",LAX,1061,860
2026-06-23,MZT,"Mazatlan, Mexico",SAT,368,300
2026-06-23,OHD,"Ohrid, North Macedonia",BOS,1197,970
2026-06-23,PBC,"Puebla, Mexico",DEN,542,440
2026-06-23,BON,"Kralendijk, Bonaire",ATL,627,500
2026-06-23,SLP,"San Luis Potosi, Mexico",DFW,400,320
2026-06-23,SKB,"Basseterre, Saint Kitts and Nevis",JFK,619,490
2026-06-23,CZM,"Cozumel, Mexico",DEN,607,480
2026-06-23,OVB,"Novosibirsk, Russia",DEN,1552,1220
2026-06-23,CUU,"Chihuahua, Mexico",DEN,406,320
2026-06-23,VTE,"Vientiane, Laos",SAN,2038,1610
2026-06-23,KUF,"Samara, Russia",AUS,1661,1300
2026-06-23,KTW,"Katowice, Poland",MSP,1296,1010
2026-06-23,PTP,"Pointe-a-Pitre Le Raizet, Guadeloupe",AUS,791,620
2026-06-23,PSO,"Pasto, Colombia",SLC,1039,800
2026-06-23,CFE,"Clermont-Ferrand/Auvergne, France",MIA,1315,1010
2026-06-23,UFA,"Ufa, Russia",BOS,1401,1070
2026-06-23,KZN,"Kazan, Russia",BOS,1362,1030
2026-06-23,CAP,"Cap Haitien, Haiti",JFK,585,440
2026-06-23,YHZ,"Halifax, Canada",PHL,402,300
2026-06-23,NMA,"Namangan, Uzbekistan",PIT,1807,1340
2026-06-23,INN,"Innsbruck, Austria",AUS,1571,1160
2026-06-23,FNC,"Funchal, Portugal",MIA,1158,850
2026-06-23,SVX,"Yekaterinburg, Russia",SEA,1508,1110
2026-06-23,GGT,"George Town, Bahamas",MIA,327,240
2026-06-23,CIT,"Shymkent, Kazakhstan",SFO,1893,1390
2026-06-23,CHC,"Christchurch, NZ",SNA,2123,1550
2026-06-23,CNX,"Chiang Mai, Thailand",SFO,1672,1200
2026-06-23,YDF,"Deer Lake, Canada",IND,646,460
2026-06-23,REC,"Recife, Brazil",MCO,1335,950
2026-06-23,GUM,"Tamuning, Guam",DFW,2057,1460
2026-06-23,TPQ,"Tepic, Mexico",LAX,550,390
2026-06-23,KGF,"Karaganda, Kazakhstan",MIA,2007,1420
2026-06-23,FBM,"Lubumbashi, Congo",IND,2238,1590
2026-06-23,RGK,"Gorno-Altaysk, Russia",SAN,1877,1320
2026-06-23,REX,"Reynosa, Mexico",ORD,575,400
2026-06-23,GUW,"Atyrau, Kazakhstan",IND,1794,1230
2026-06-23,HOR,"Horta, Portugal",BOS,839,570
2026-06-23,TIJ,"Tijuana, Mexico",LAX,296,200
2026-06-23,MGQ,"Mogadishu, Somalia",SEA,2596,1760
2026-06-23,YOW,"Ottawa, Canada",CMH,401,270
2026-06-23,VVO,"Vladivostok, Russia",SEA,1510,1010
2026-06-23,DOM,"Marigot, Dominica",ATL,780,520
2026-06-23,MSQ,"Minsk, Belarus",SEA,1674,1100
2026-06-23,DOH,"Doha, Qatar",OAK,1756,1150
2026-06-23,NVT,"Navegantes, Brazil",BOS,1627,1060
2026-06-23,TRC,"Torreon, Mexico",DEN,553,360
2026-06-23,AGU,"Aguascalientes, Mexico",DFW,523,330
2026-06-23,ZIH,"Ixtapa, Mexico",LAX,720,450
2026-06-23,NDJ,"N'Djamena, Chad",IND,2061,1290
2026-06-23,KJA,"Krasnoyarsk, Russia",LAS,1960,1220
2026-06-23,CUK,"Caye Caulker, Belize",SFO,1003,620
2026-06-23,TJM,"Tyumen, Russia",DFW,2040,1260
2026-06-23,BAX,"Barnaul, Russia",MIA,2311,1400
2026-06-23,LBD,"Khudzhand, Tajikistan",DFW,2441,1470
2026-06-23,TGU,"Tegucigalpa, Honduras",RDU,932,550
2026-06-23,ELH,"North Eleuthera, Bahamas",MIA,379,220
2026-06-23,ROR,"Babelthuap Island, Palau",MSP,2688,1560
2026-06-23,NGS,"Nagasaki, Japan",ATL,2575,1480
2026-06-23,KHV,"Khabarovsk, Russia",MIA,2430,1390
2026-06-23,URA,"Uralsk, Kazakhstan",MSP,2011,1150
2026-06-23,SID,"Espargos, Cabo Verde",FLL,1495,840
2026-06-23,VOG,"Volgograd, Russia",CLE,2039,1140
2026-06-23,STW,"Stavropol, Russia",SFO,2471,1360
2026-06-23,SCU,"Santiago, Cuba",LAS,1241,640
2026-06-23,YXU,"London, Canada",ORD,580,240
2026-06-23,ASF,"Astrakhan, Russia",BOS,2740,1110
2026-06-23,PEE,"Perm, Russia",BOS,2811,1040
2026-06-23,ADZ,"San Andres, Colombia",FLL,1093,350
2026-06-23,ITU,ITU,ATL,3316,1000
2026-06-25,PUJ,"Punta Cana, Dom. Rep.",MIA,128,229
2026-06-25,SCU,"Santiago, Cuba",MIA,697,1241
2026-06-25,VTE,"Vientiane, Laos",SEA,1148,2038
2026-06-25,REC,"Recife, Brazil",MIA,771,1335
2026-06-25,OUA,"Ouagadougou, Burkina Faso",JFK,654,1099
2026-06-25,TAM,"Tampico, Mexico",ATL,591,976
2026-06-25,CGO,"Zhengzhou, China",SFO,806,1290
2026-06-25,BLR,"Bangalore, India",IAD,879,1400
2026-06-25,UIO,"Quito, Ecuador",JFK,298,468
2026-06-25,AXA,"The Valley, Anguilla",MIA,647,1000
2026-06-25,PZU,"Port Sudan, Sudan",SFO,1072,1650
2026-06-25,NVT,"Navegantes, Brazil",BOS,1084,1627
2026-06-25,TGD,"Podgorica, Montenegro",ORD,559,818
2026-06-25,CTG,"Cartagena, Colombia",FLL,223,322
2026-06-25,ESB,"Ankara, Türkiye",IAD,894,1275
2026-06-25,OLB,"Olbia, Italy",IAD,701,981
2026-06-25,CCU,"Kolkata, India",IAD,1013,1418
2026-06-25,RMI,"Rimini, Italy",DCA,1092,1529
2026-06-25,TSR,"Timisoara, Romania",IAD,1175,1645
2026-06-25,DUR,"Durban, South Africa",IAD,1364,1910
2026-06-25,YHM,"Hamilton, Canada",FLL,243,340
2026-06-25,AQP,"Arequipa, Peru",MCO,688,963
2026-06-25,IAS,"Iasi, Romania",LGA,764,1070
2026-06-25,MUX,"Multan, Pakistan",DTW,907,1270
2026-06-25,XSC,"South Caicos Airport, Turks and Caicos Islands",IAH,977,1368
2026-06-25,UKB,"Kobe, Japan",LAX,1081,1513
2026-06-25,HGA,"Hargeisa, Somalia",ATL,1143,1600
2026-06-25,CEI,"Chiang Rai, Thailand",IAH,1476,2066
2026-06-25,XNB,XNB,ATL,1674,2344
2026-06-25,LCY,"London, UK",MCO,1689,2365
2026-06-25,KRS,"Kjevik, Norway",BNA,1765,2471
2026-06-25,IKU,"Tamchy, Kyrgyzstan",PDX,2946,4124
2026-06-25,URC,"Urumqi, China",SNA,4838,6773
2026-06-25,TLL,"Tallinn, Estonia",EWR,533,720
2026-06-25,AGU,"Aguascalientes, Mexico",DFW,386,523
2026-06-25,GYE,"Guayaquil, Ecuador",JFK,234,309
2026-06-25,MAD,"Madrid, Spain",EWR,397,519
2026-06-25,CIX,"Chiclayo, Peru",SFO,695,910
2026-06-25,HAV,"Havana, Cuba",MIA,184,239
2026-06-25,BER,"Berlin, Germany",JFK,583,728
2026-06-25,GCM,Grand Cayman,IAD,383,470
2026-06-25,ACC,"Accra, Ghana",IAD,954,1174
2026-06-25,UBN,"Ulaanbaatar, Mongolia",ORD,786,975
2026-06-25,ZRH,"Zurich, Switzerland",BWI,577,707
2026-06-25,HAM,"Hamburg, Germany",JFK,621,759
2026-06-25,MEL,"Melbourne, Australia",DTW,981,1190
2026-06-25,NGO,"Tokoname, Japan",CLT,1167,1420
2026-06-25,MNL,"Manila, Philippines",LAX,528,634
2026-06-25,VIX,"Vitoria, Brazil",BOS,596,716
2026-06-25,KUL,"Kuala Lumpur, Malaysia",SFO,702,836
2026-06-25,CLO,"Cali, Colombia",MCO,234,277
2026-06-25,GVA,"Geneva, Switzerland",MCO,477,559
2026-06-25,CEB,"Cebu, Philippines",LAX,591,694
2026-06-25,SYD,"Sydney, Australia",LAX,741,875
2026-06-25,CUZ,"Cusco, Peru",BWI,858,1008
2026-06-25,GIG,"Rio de Janeiro, Brazil",TPA,431,502
2026-06-25,MLE,"Male, Maldives",MSY,917,1072
2026-06-25,RMO,"Chișinău, Moldova",EWR,579,667
2026-06-25,PDL,"Ponta Delgada, Portugal",BOS,610,701
2026-06-25,PTY,"Panama City, Panama",JFK,269,307
2026-06-25,DOH,"Doha, Qatar",IAD,1501,1701
2026-06-25,MSQ,"Minsk, Belarus",IAD,1471,1674
2026-06-25,YTZ,"Toronto, Canada",ORD,195,220
2026-06-25,MTY,"Monterrey, Mexico",DFW,176,198
2026-06-25,STN,"London, UK",SEA,668,748
2026-06-25,TGZ,"Tuxtla Gutierrez, Mexico",IAH,426,476
2026-06-25,INN,"Innsbruck, Austria",AUS,1571,1766
2026-06-25,ROR,"Babelthuap Island, Palau",HNL,2380,2688
2026-06-25,NBO,"Nairobi, Kenya",IAD,722,799
2026-06-25,STI,"Santiago, Dominican Republic",EWR,197,220
2026-06-25,JDO,"Juazeiro Do Norte, Brazil",MIA,730,810
2026-06-25,YYZ,"Toronto, Canada",FLL,203,224
2026-06-25,BEG,"Belgrade, Serbia",JFK,662,728
2026-06-25,NAN,"Nadi, Fiji",LAX,694,765
2026-06-25,CBB,"Cochabamba, Bolivia",LAX,953,1050
2026-06-25,UVF,St. Lucia,JFK,499,542
2026-06-25,VLC,"Valencia, Spain",BOS,664,720
2026-06-25,MEX,"Mexico City, Mexico",IAH,165,178
2026-06-25,CGN,"Cologne, Germany",ORD,836,896
2026-06-25,KWI,Kuwait City,DEN,1115,1200
2026-06-25,SVO,"Moscow, Russia",MIA,1145,1230
2026-06-25,BSZ,"Bishkek, Kyrgyzstan",ORD,1025,1102
2026-06-25,TPP,"Tarapoto, Peru",MIA,538,580
2026-06-25,BGA,"Bucaramanga, Colombia",JFK,548,590
2026-06-25,EVN,"Yerevan, Armenia",BOS,727,775
2026-06-25,HRG,"Hurghada, Egypt",LAX,973,1030
2026-06-25,WMI,"Warsaw, Poland",ORD,679,720
2026-06-25,AGP,"Malaga, Spain",JFK,579,608
2026-06-25,SHJ,"Sharjah, UAE",ATL,809,850
2026-06-25,YQB,"Quebec City, Canada",SAN,457,483
2026-06-25,HOR,"Horta, Portugal",BOS,797,839
2026-06-25,SID,"Espargos, Cabo Verde",FLL,1422,1495
2026-06-25,SAW,"Istanbul, Türkiye",JFK,662,687
2026-06-25,CNF,"Belo Horizonte, Brazil",BOS,411,427
2026-06-25,SNN,"Shannon, Ireland",EWR,630,656
2026-06-25,RAI,"Praia, Cabo Verde",BOS,891,930
2026-06-25,FNC,"Funchal, Portugal",SFO,1113,1163
2026-06-25,XRY,"Jerez de la Forntera, Spain",MIA,910,950
2026-06-25,STW,"Stavropol, Russia",SFO,2361,2471
2026-06-25,ARN,"Stockholm, Sweden",JFK,408,422
2026-06-25,BUS,"Batumi, Georgia",IAD,913,943
2026-06-25,SKD,"Samarkand, Uzbekistan",IAD,1047,1074
2026-06-25,AMD,"Ahmedabad, India",IAD,929,955
2026-06-25,GZP,"Gazipasa, Türkiye",BWI,1074,1109
2026-06-25,ALG,"Algiers, Algeria",BOS,750,773
2026-06-25,FRA,"Frankfurt, Germany",JFK,532,541
2026-06-25,OPO,"Porto, Portugal",BOS,568,579
2026-06-25,SOF,"Sofia, Bulgaria",JFK,640,652
2026-06-25,BRI,"Bari, Italy",IAD,799,816
2026-06-25,RHO,"Rodes Island, Greece",LAX,925,947
2026-06-25,HHN,"Hahn, Germany",IAD,754,766
2026-06-25,PVH,"Porto Velho, Brazil",MCO,948,967
2026-06-25,CUR,Curacao,EWR,345,349
2026-06-25,DUB,"Dublin, Ireland",ORD,457,461
2026-06-25,LIM,"Lima, Peru",MIA,397,401
2026-06-25,MUC,"Munich, Germany",JFK,647,654
2026-06-25,BLQ,"Bologna, Italy",ATL,648,652
2026-06-25,DAD,"Da Nang, Vietnam",SFO,743,750
2026-06-25,VKO,"Moscow, Russia",IAD,1165,1182
2026-06-25,AYT,"Antalya, Türkiye",BOS,705,709
2026-06-25,KTI,"Krong Ta Khmau, Cambodia",SEA,749,760
2026-06-25,SDU,"Rio De Janeiro, Brazil",EWR,695,699
2026-06-25,SJJ,"Sarajevo, Bosnia and Herzegovina",LAX,793,803
2026-06-25,PEI,"Pereira, Colombia",MCO,459,463
2026-06-25,PAS,"Paros Island, Greece",MIA,1217,1230
2026-06-25,SDQ,"Santo Domingo, Dom. Rep.",MIA,188,188
2026-06-25,KIN,"Kingston, Jamaica",JFK,246,246
2026-06-25,GUA,Guatemala City,MIA,190,190
2026-06-25,MBJ,"Montego Bay, Jamaica",TPA,217,217
2026-06-25,CUN,"Cancun, Mexico",ATL,166,166
2026-06-25,NAS,"Nassau, Bahamas",MIA,266,266
2026-06-25,KEF,"Reykjavik, Iceland",ORD,394,394
2026-06-25,YVR,"Vancouver, Canada",LAX,163,163
2026-06-25,POS,"Port of Spain, Trinidad",FLL,317,317
2026-06-25,YYC,"Calgary, Canada",SAN,270,269
2026-06-25,SJO,"San Jose, Costa Rica",MIA,207,207
2026-06-25,VIE,"Vienna, Austria",JFK,459,459
2026-06-25,OSL,"Oslo, Norway",JFK,465,464
2026-06-25,BUD,"Budapest, Hungary",EWR,483,483
2026-06-25,CDG,"Paris, France",EWR,464,464
2026-06-25,AMS,"Amsterdam, Netherlands",JFK,527,527
2026-06-25,MXP,"Milan, Italy",SFO,501,501
2026-06-25,MGA,"Managua, Nicaragua",MIA,299,299
2026-06-25,ANU,Antigua,JFK,538,538
2026-06-25,DXB,"Dubai, UAE",JFK,550,550
2026-06-25,WAW,"Warsaw, Poland",IAD,470,470
2026-06-25,IST,"Istanbul, Turkey",JFK,561,561
2026-06-25,CMN,"Casablanca, Morocco",LGA,540,540
2026-06-25,CPH,"Copenhagen, Denmark",RDU,466,466
2026-06-25,KRK,"Krakow, Poland",JFK,587,587
2026-06-25,VCE,"Venice, Italy",EWR,587,587
2026-06-25,LHR,"London, UK",BWI,482,482
2026-06-25,TBS,"Tbilisi, Georgia",JFK,642,642
2026-06-25,HEL,"Helsinki, Finland",MSP,529,528
2026-06-25,TUN,"Tunis, Tunisia",JFK,658,658
2026-06-25,YUL,"Montreal, Canada",BOS,217,217
2026-06-25,PRG,"Prague, Czechia",LAX,581,581
2026-06-25,FPO,"Freeport, Bahamas",FLL,410,410
2026-06-25,SSH,"Sharm El Sheikh, Egypt",EWR,667,667
2026-06-25,GND,Grenada,MIA,674,674
2026-06-25,RAK,"Marrakech, Morocco",BOS,628,628
2026-06-25,NAP,"Naples, Italy",LAX,743,743
2026-06-25,BOM,"Mumbai, India",BOS,854,854
2026-06-25,BRU,"Brussels, Belgium",BWI,528,527
2026-06-25,ADD,"Addis Ababa, Ethiopia",BOS,966,966
2026-06-25,JED,"Jeddah, Saudi Arabia",ORD,722,722
2026-06-25,GYD,"Baku, Azerbaijan",IAD,946,946
2026-06-25,HKG,Hong Kong,SFO,634,634
2026-06-25,PEK,"Beijing, China",LAX,669,669
2026-06-25,KTM,"Kathmandu, Nepal",HNL,1066,1066
2026-06-25,CAN,"Guangzhou, China",LAX,640,640
2026-06-25,BZE,"Belize City, Belize",IAD,334,334
2026-06-25,STT,"St. Thomas, USVI",MIA,389,389
2026-06-25,EZE,"Buenos Aires, Argentina",AUS,529,529
2026-06-25,MAN,"Manchester, UK",IAD,686,686
2026-06-25,DEL,"Delhi, India",IAD,783,783
2026-06-25,PVG,"Shanghai, China",LAX,617,617
2026-06-25,LIR,"Liberia, Costa Rica",PDX,338,338
2026-06-25,NRT,"Tokyo, Japan",HNL,644,644
2026-06-25,RUH,"Riyadh, Saudi Arabia",DTW,1196,1196
2026-06-25,DBV,"Dubrovnik, Croatia",ATL,617,617
2026-06-25,ZAG,"Zagreb, Croatia",CLE,668,668
2026-06-25,GLA,"Glasgow, Scotland",ATL,710,710
2026-06-25,SCL,"Santiago, Chile",MCO,355,355
2026-06-25,EDI,"Edinburgh, Scotland",ORD,673,673
2026-06-25,ZNZ,"Zanzibar, Tanzania",ORD,918,918
2026-06-25,AUH,"Abu Dhabi, UAE",MIA,912,912
2026-06-25,MBA,"Mombasa, Kenya",ATL,1339,1339
2026-06-25,RIX,"Riga, Latvia",SEA,569,569
2026-06-25,BNE,"Brisbane, Australia",LAX,718,718
2026-06-25,OKA,"Okinawa, Japan",TPA,891,891
2026-06-25,HAN,"Hanoi, Vietnam",LAX,786,786
2026-06-25,AKL,"Auckland, New Zealand",DFW,701,701
2026-06-25,MRS,"Marseille, France",ORD,765,765
2026-06-25,FAO,"Faro, Portugal",ORD,906,906
2026-06-25,CMB,"Colombo, Sri Lanka",ORD,1073,1073
2026-06-25,KIX,"Osaka, Japan",LAX,864,864
2026-06-25,MRU,Mauritius,ORD,1572,1572
2026-06-25,TGU,"Tegucigalpa, Honduras",RDU,932,932
2026-06-25,LYS,"Lyon, France",LAX,1061,1061
2026-06-25,ZQN,"Queenstown, NZ",IND,1606,1606
2026-06-25,TAS,"Tashkent, Uzbekistan",LAX,736,736
2026-06-25,LED,"St. Petersburg, Russia",IAD,1211,1211
2026-06-25,ALA,"Almaty, Kazakhstan",LAX,797,799
2026-06-25,LGW,"London, UK",MCO,391,392
2026-06-25,DME,"Moscow, Russia",ORD,1215,1215
2026-06-25,GDL,"Guadalajara, Mexico",LAX,245,245
2026-06-25,BJX,"Silao, Mexico",IAH,249,249
2026-06-25,TIV,"Tivat, Montenegro",SEA,975,975
2026-06-25,SAP,"La Mesa, Honduras",MIA,268,268
2026-06-25,LHE,"Lahore, Pakistan",SFO,780,780
2026-06-25,XPL,"Comayagua, Honduras",MCO,358,358
2026-06-25,UFA,"Ufa, Russia",BOS,1401,1401
2026-06-25,ISB,"Islamabad, Pakistan",IAD,631,631
2026-06-25,PMI,"Palma De Mallorca, Spain",ATL,644,643
2026-06-25,FOC,"Fuzhou, China",IAD,1056,1056
2026-06-25,MLM,"Morelia, Mexico",LAX,236,236
2026-06-25,TIA,"Tirana, Albania",JFK,517,517
2026-06-25,SVX,"Yekaterinburg, Russia",SEA,1508,1508
2026-06-25,BGW,"Baghdad, Iraq",ORD,823,823
2026-06-25,TLC,"Toluca, Mexico",IAH,250,250
2026-06-25,CCS,"Caracas, Venezuela",MIA,422,422
2026-06-25,BVA,"Beauvais/Tille, France",JFK,620,620
2026-06-25,VVI,"Santa Cruz, Bolivia",IAD,710,710
2026-06-25,AER,"Sochi, Russia",MIA,1151,1151
2026-06-25,OVB,"Novosibirsk, Russia",DEN,1552,1552
2026-06-25,YEG,"Edmonton, Canada",ATL,348,348
2026-06-25,OAX,"Oaxaca, Mexico",LAX,207,207
2026-06-25,BSB,"Brasilia, Brazil",MIA,387,387
2026-06-25,PRN,Lipjan,IAD,684,684
2026-06-25,FIH,"Kinshasa, Congo",DFW,891,891
2026-06-25,MED,"Medina, Saudi Arabia",ORD,854,854
2026-06-25,BAQ,"Barranquilla, Colombia",MIA,258,258
2026-06-25,DAC,"Dhaka, Bangladesh",ATL,857,858
2026-06-25,CFU,"Kerkyra Island, Greece",BOS,959,959
2026-06-25,CXR,"Nha Trang, Vietnam",SFO,1072,1072
2026-06-25,BDA,"Hamilton, Bermuda",JFK,359,359
2026-06-25,KHI,"Karachi, Pakistan",JFK,649,649
2026-06-25,KBL,"Kabul, Afghanistan",IAD,861,861
2026-06-25,MID,"Merida, Mexico",OAK,323,323
2026-06-25,GEO,"Georgetown, Guyana",MIA,330,330
2026-06-25,MVD,"Montevideo, Uruguay",IAD,476,476
2026-06-25,HOG,"Holguin, Cuba",SAT,517,517
2026-06-25,RTB,"Roatan Island, Honduras",JFK,616,616
2026-06-25,LIN,"Milan, Italy",IAD,724,724
2026-06-25,CIA,"Roma, Italy",BWI,778,778
2026-06-25,CRK,"Angeles City, Philippines",LAS,782,782
2026-06-25,ROB,"Monrovia, Liberia",CMH,1376,1376
2026-06-25,EBB,"Kampala, Uganda",ATL,808,808
2026-06-25,SEZ,"Mahe Island, Seychelles",ORD,1403,1403
2026-06-25,VVO,"Vladivostok, Russia",SEA,1510,1510
2026-06-25,MZT,"Mazatlan, Mexico",SAT,368,368
2026-06-25,NSI,"Yaounde, Cameroon",SAT,1410,1410
2026-06-25,VER,"Veracruz, Mexico",DFW,345,345
2026-06-25,RBA,"Rabat, Morocco",MCO,690,690
2026-06-25,PVK,"Preveza/Lefkada, Greece",BOS,742,742
2026-06-25,DAR,"Dar es Salaam, Tanzania",IAD,939,939
2026-06-25,LFW,"Lome, Togo",IAD,1122,1122
2026-06-25,HRE,"Harare, Zimbabwe",ORD,1280,1280
2026-06-25,FNA,"Freetown, Sierra Leone",IAH,1407,1407
2026-06-25,KUF,"Samara, Russia",AUS,1661,1661
2026-06-25,KHV,"Khabarovsk, Russia",MIA,2438,2430
2026-06-25,YXE,"Saskatoon, Canada",LGA,507,507
2026-06-25,CWB,"Curitiba, Brazil",CLT,630,630
2026-06-25,PKX,"Beijing, China",LAX,669,669
2026-06-25,BJV,"Bodrum, Türkiye",ORD,982,982
2026-06-25,BOB,"Motu Mute, French Polynesia",LAX,1020,1020
2026-06-25,KTW,"Katowice, Poland",MSP,1296,1296
2026-06-25,ABJ,"Abidjan, Côte d'Ivoire",IAH,1944,1944
2026-06-25,MAR,"Maracaibo, Venezuela",MIA,279,279
2026-06-25,XMN,"Xiamen, China",SFO,739,739
2026-06-25,CKG,"Chongqing, China",SFO,883,883
2026-06-25,SYX,"Sanya, China",LAX,900,900
2026-06-25,BOJ,"Burgas, Bulgaria",MIA,905,905
2026-06-25,BSR,"Basrah, Iraq",PDX,942,942
2026-06-25,PQC,"Duong Dong, Vietnam",ORD,1092,1092
2026-06-25,CTM,"Chetumal, Mexico",IAH,348,348
2026-06-25,MHH,"Marsh Harbour, Bahamas",FLL,449,449
2026-06-25,CUL,"Culiacan, Mexico",SEA,453,453
2026-06-25,CMW,"Camaguey, Cuba",AUS,489,489
2026-06-25,GDN,"Gdańsk, Poland",JFK,612,612
2026-06-25,SKB,"Basseterre, Saint Kitts and Nevis",JFK,619,619
2026-06-25,LTO,"Loreto, Mexico",DFW,632,632
2026-06-25,ZLO,"Manzanillo, Mexico",BWI,640,640
2026-06-25,DGO,"Durango, Mexico",MKE,700,700
2026-06-25,ZIH,"Ixtapa, Mexico",LAX,720,721
2026-06-25,MLA,"Luqa, Malta",ORD,730,730
2026-06-25,VRN,"Verona, Italy",BOS,796,796
2026-06-25,SOU,"Southampton, UK",IAD,1045,1045
2026-06-25,COV,"Tarsus, Türkiye",IAH,1173,1173
2026-06-25,OHD,"Ohrid, North Macedonia",BOS,1197,1197
2026-06-25,COO,"Cotonou, Benin",IAH,1223,1225
2026-06-25,KSN,"Kostanay, Kazakhstan",MIA,1316,1316
2026-06-25,IKT,"Irkutsk, Russia",BOS,1322,1322
2026-06-25,KRR,"Krasnodar, Russia",DFW,1412,1412
2026-06-25,GOX,"Mopa, India",MIA,1592,1592
2026-06-25,NIM,"Niamey, Niger",IND,1656,1656
2026-06-25,PHC,"Port Harcourt, Nigeria",IAH,1687,1687
2026-06-25,TFU,"Tianfu, China",IAD,1774,1774
2026-06-25,LUN,"Lusaka, Zambia",IAD,1944,1944
2026-06-25,TIJ,"Tijuana, Mexico",LAX,296,296
2026-06-25,YOW,"Ottawa, Canada",CMH,401,401
2026-06-25,YXY,"Whitehorse, Canada",BNA,605,605
2026-06-25,AXM,"Armenia, Colombia",JFK,640,640
2026-06-25,NUE,"Nuremberg, Germany",MIA,801,801
2026-06-25,SHA,"Shanghai, China",LAX,820,820
2026-06-25,WUH,"Wuhan, China",SFO,821,821
2026-06-25,RZE,"Rzeszow, Poland",ORD,838,838
2026-06-25,HBE,"Alexandria, Egypt",BOS,867,867
2026-06-25,HAK,"Haikou, China",SFO,879,879
2026-06-25,HAJ,"Hannover, Germany",DTW,885,885
2026-06-25,PNT,"Puerto Natales, Chile",FLL,1001,1001
2026-06-25,CUK,"Caye Caulker, Belize",SFO,1003,1003
2026-06-25,JPA,"Joao Pessoa, Brazil",LAX,1025,1025
2026-06-25,CLJ,"Cluj-Napoca, Romania",SFO,1035,1035
2026-06-25,SZX,"Shenzhen, China",ORD,1140,1140
2026-06-25,IGD,"Igdir, Türkiye",DFW,1203,1203
2026-06-25,CCP,"Concepcion, Chile",SLC,1290,1290
2026-06-25,DSS,"Diass, Senegal",CLT,1387,1387
2026-06-25,LWN,"Gyumri, Armenia",SFO,1719,1719
2026-06-25,USH,"Ushuahia, Argentina",SFO,1758,1758
2026-06-25,NMA,"Namangan, Uzbekistan",PIT,1807,1807
2026-06-25,KJA,"Krasnoyarsk, Russia",LAS,1960,1960
2026-06-25,YLW,"Kelowna, Canada",PHX,320,320
2026-06-25,ELH,"North Eleuthera, Bahamas",MIA,379,379
2026-06-25,YHZ,"Halifax, Canada",PHL,402,402
2026-06-25,CUU,"Chihuahua, Mexico",DEN,406,406
2026-06-25,BIM,"South Bimini, Bahamas",IND,504,504
2026-06-25,YHU,"Longueuil, Canada",BWI,532,532
2026-06-25,PBC,"Puebla, Mexico",DEN,542,542
2026-06-25,TRC,"Torreon, Mexico",DEN,553,553
2026-06-25,REX,"Reynosa, Mexico",ORD,575,575
2026-06-25,YXU,"London, Canada",ORD,580,580
2026-06-25,JTR,"Santorini Island, Greece",JFK,595,595
2026-06-25,CZM,"Cozumel, Mexico",DEN,607,607
2026-06-25,EIS,"Road Town, Virgin Islands",MCO,636,636
2026-06-25,TRF,"Torp, Norway",SFO,721,721
2026-06-25,FMO,"Munster, Germany",DTW,762,762
2026-06-25,VGO,"Vigo, Spain",ORD,779,779
2026-06-25,TOS,"Tromsø, Norway",MSP,783,783
2026-06-25,PTP,"Pointe-a-Pitre Le Raizet, Guadeloupe",AUS,791,791
2026-06-25,SHE,"Shenyang, China",SFO,813,813
2026-06-25,BOC,"Isla Colon, Panama",DFW,829,829
2026-06-25,SUF,"Lamezia Terme, Italy",IAH,835,835
2026-06-25,GMP,"Seoul, South Korea",HNL,881,881
2026-06-25,TER,"Lajes, Portugal",SFO,892,892
2026-06-25,PSA,"Pisa, Italy",BOS,933,933
2026-06-25,EFL,"Kefallinia Island, Greece",PHX,1053,1053
2026-06-25,MJI,"Tripoli, Libya",ATL,1085,1085
2026-06-25,ADZ,"San Andres, Colombia",FLL,1093,1093
2026-06-25,PEG,"Perugia, Italy",ORD,1096,1096
2026-06-25,SCO,"Aktau, Kazakhstan",ORD,1179,1179
2026-06-25,PFO,"Paphos, Cyprus",PDX,1193,1193
2026-06-25,CRL,"Brussels, Belgium",DFW,1201,1201
2026-06-25,LYP,"Faisalabad, Pakistan",SMF,1218,1218
2026-06-25,SJZ,"Velas, Portugal",SFO,1222,1222
2026-06-25,WEH,"Weihai, China",SEA,1240,1240
2026-06-25,NBJ,"Luanda, Angola",SEA,1244,1244
2026-06-25,IPN,"Ipatinga, Brazil",FLL,1298,1298
2026-06-25,NEV,"Charlestown, Saint Kitts and Nevis",STL,1344,1344
2026-06-25,BDS,"Brindisi, Italy",DTW,1352,1352
2026-06-25,XIY,"Xianyang, China",CVG,1352,1352
2026-06-25,TSN,"Tianjin, China",PHX,1474,1474
2026-06-25,SPR,SPR,MIA,1565,1565
2026-06-25,GUW,"Atyrau, Kazakhstan",IND,1794,1794
2026-06-25,BLZ,"Blantyre, Malawi",CMH,1841,1841
2026-06-25,CIT,"Shymkent, Kazakhstan",SFO,1893,1893
2026-06-25,KGF,"Karaganda, Kazakhstan",MIA,2007,2007
2026-06-25,URA,"Uralsk, Kazakhstan",MSP,2011,2011
2026-06-25,NDJ,"N'Djamena, Chad",IND,2061,2061
2026-06-25,FBM,"Lubumbashi, Congo",IND,2238,2238
2026-06-25,YKF,"Waterloo, Canada",MDW,2265,2265
2026-06-25,BAX,"Barnaul, Russia",MIA,2311,2311
2026-06-25,LBD,"Khudzhand, Tajikistan",DFW,2441,2441
2026-06-25,ULV,"Ulyanovsk, Russia",DFW,2476,2476
2026-06-25,NGS,"Nagasaki, Japan",ATL,2575,2575
2026-06-25,MGQ,"Mogadishu, Somalia",SEA,2596,2596
2026-06-25,ASF,"Astrakhan, Russia",BOS,2740,2740
2026-06-25,GVN,"Sovetskaya Gavan, Russia",SNA,3142,3142
2026-06-25,ITU,ITU,ATL,3316,3316
2026-06-25,SXM,St. Maarten,LGA,468,464
2026-06-25,SGN,"Ho Chi Minh, Vietnam",LAX,618,610
2026-06-25,FOR,"Fortaleza, Brazil",MIA,753,743
2026-06-25,PVR,"Puerto Vallarta, Mexico",LAX,315,311
2026-06-25,BON,"Kralendijk, Bonaire",ATL,631,627
2026-06-25,CGH,"Sao Paulo, Brazil",MIA,698,694
2026-06-25,LCA,"Larnarca, Cyprus",ORD,970,956
2026-06-25,WDH,"Windhoek, Namibia",MIA,1689,1679
2026-06-25,GRU,"Sao Paulo, Brazil",MIA,446,437
2026-06-25,NQZ,"Astana, Kazakhstan",IAH,1134,1114
2026-06-25,KZN,"Kazan, Russia",FLL,1390,1362
2026-06-25,ALC,"Alicante, Spain",BOS,609,597
2026-06-25,POA,"Porto Alegre, Brazil",BOS,716,704
2026-06-25,ISU,"Sulaymaniyah, Iraq",DCA,1143,1121
2026-06-25,TAO,"Qingdao, China",MIA,1554,1523
2026-06-25,SAL,San Salvador,LGA,187,182
2026-06-25,BCN,"Barcelona, Spain",ORD,484,471
2026-06-25,JNB,"Johannesburg, S. Africa",IAH,844,820
2026-06-25,YWG,"Winnipeg, Canada",EWR,427,415
2026-06-25,LLW,"Lilongwe, Malawi",ORD,1263,1232
2026-06-25,TAB,"Scarborough, Trinidad and Tobago",JFK,518,504
2026-06-25,PMO,"Palermo, Italy",ORD,851,826
2026-06-25,FLR,"Florence, Italy",BOS,764,735
2026-06-25,HKT,"Phuket, Thailand",LAX,768,738
2026-06-25,ICN,"Seoul, South Korea",SFO,672,647
2026-06-25,CPT,"Cape Town, S. Africa",ORD,1254,1210
2026-06-25,TQO,"Tulum, Mexico",LGA,411,396
2026-06-25,FCO,"Rome, Italy",LAX,460,439
2026-06-25,LIS,"Lisbon, Portugal",JFK,614,586
2026-06-25,OTP,"Bucharest, Romania",MIA,670,637
2026-06-25,DYU,"Dushanbe, Tajikistan",ORD,1282,1216
2026-06-25,NLU,"Reyes Acozac, Mexico",LAX,278,264
2026-06-25,ZIA,"Zhukovsky, Russia",IAD,1505,1435
2026-06-25,MGF,"Maringa, Brazil",BOS,1058,1010
2026-06-25,VNO,"Vilnius, Lithuania",LAX,546,514
2026-06-25,CAI,"Cairo, Egypt",IAD,634,600
2026-06-25,PPT,"Papeete, Tahiti",SFO,821,773
2026-06-25,USM,"Koh Samui, Thailand",DFW,1548,1459
2026-06-25,CNX,"Chiang Mai, Thailand",SFO,1769,1672
2026-06-25,ORY,"Paris, France",JFK,474,446
2026-06-25,CAP,"Cap Haitien, Haiti",FLL,622,585
2026-06-25,UGC,"Urgench, Uzbekistan",ORD,1321,1241
2026-06-25,ADB,"Izmir, Türkiye",IAD,910,854
2026-06-25,CSX,"Changsha, China",CLT,1919,1797
2026-06-25,ATH,"Athens, Greece",JFK,533,492
2026-06-25,DPS,"Bali, Indonesia",SEA,815,756
2026-06-25,VCP,"Campinas, Brazil",FLL,604,560
2026-06-25,DLA,"Douala, Cameroon",DTW,1246,1159
2026-06-25,MRV,"Mineralnyye Vody, Russia",MIA,1680,1559
2026-06-25,BPS,"Porto Seguro, Brazil",PHL,1037,957
2026-06-25,LBA,"Leeds, UK",ATL,983,910
2026-06-25,NCE,"Nice, France",MIA,772,709
2026-06-25,COK,"Kochi, India",MIA,1167,1070
2026-06-25,HER,"Heraklion, Greece",BOS,950,869
2026-06-25,JMK,"Mykonos Island, Greece",LAX,966,885
2026-06-25,NJF,"Najaf, Iraq",MSP,1445,1331
2026-06-25,TPE,"Taipei, Taiwan",ORD,731,664
2026-06-25,SSA,"Salvador, Brazil",MSY,1095,993
2026-06-25,POP,"Puerto Plata, Dominican Republic",MIA,428,388
2026-06-25,SVG,"Stavanger, Norway",ATL,883,806
2026-06-25,SNU,"Santa Clara, Cuba",MIA,362,326
2026-06-25,GYN,"Goiania, Brazil",BNA,907,817
2026-06-25,AUA,Aruba,TPA,242,216
2026-06-25,BKK,"Bangkok, Thailand",SFO,662,591
2026-06-25,SVD,"Argyle, Saint Vincent and the Grenadines",EWR,389,348
2026-06-25,SLP,"San Luis Potosi, Mexico",DFW,450,400
2026-06-25,CJU,"Jeju City, South Korea",CLT,1663,1480
2026-06-25,OGZ,"Beslan, Russia",CLT,1683,1496
2026-06-25,SJU,"San Juan, Puerto Rico",TPA,145,128
2026-06-25,MOC,"Montes Claros, Brazil",MSP,1257,1110
2026-06-25,EBL,"Arbil, Iraq",SAN,921,808
2026-06-25,BPN,"Balikpapan, Borneo Island, Indonesia",CLT,1970,1720
2026-06-25,YDF,"Deer Lake, Canada",IND,751,646
2026-06-25,FLN,"Florianopolis, Brazil",BOS,971,833
2026-06-25,BJM,"Bujumbura, Burundi",LAX,1053,899
2026-06-25,SIN,Singapore,SFO,678,577
2026-06-25,LTN,"London, UK",LGA,787,669
2026-06-25,SJD,"Los Cabos, Mexico",EWR,264,221
2026-06-25,SKG,"Thessaloniki, Greece",DTW,671,563
2026-06-25,MDE,"Medellin, Colombia",FLL,252,210
2026-06-25,LOS,"Lagos, Nigeria",IND,925,774
2026-06-25,HND,"Tokyo, Japan",SFO,829,690
2026-06-25,CGR,"Campo Grande, Brazil",BWI,1172,950
2026-06-25,AEP,"Buenos Aires, Argentina",MIA,627,511
2026-06-25,DLM,"Dalaman, Türkiye",ORD,1381,1115
2026-06-25,BOG,"Bogota, Colombia",AUS,271,216
2026-06-25,BGI,"Bridgetown, Barbados",DCA,457,362
2026-06-25,IBZ,"Ibiza, Spain",IAD,845,663
2026-06-25,APW,"Apia, Samoa",PHX,1399,1090
2026-06-25,DUS,"Dusseldorf, Germany",LAX,1054,820
2026-06-25,HYD,"Hyderabad, India",ORD,988,765
2026-06-25,SKP,"Skopje, North Macedonia",CVG,711,552
2026-06-25,PLS,"Providenciales, Turks",JFK,436,336
2026-06-25,CFE,"Clermont-Ferrand/Auvergne, France",MIA,1315,1010
2026-06-25,CEK,"Chelyabinsk, Russia",IAH,1735,1325
2026-06-25,MAA,"Chennai, India",ORD,1097,833
2026-06-25,MPM,"Maputo, Mozambique",MSP,2405,1818
2026-06-25,CUE,"Cuenca, Ecuador",ATL,570,424
2026-06-25,GOT,"Gothenburg, Sweden",SFO,730,541
2026-06-25,VXE,"Sao Pedro, Cabo Verde",BOS,1416,1048
2026-06-25,QRO,"Queretaro, Mexico",RDU,279,202
2026-06-25,ASU,"Asuncion, Paraguay",MIA,908,651
2026-06-25,LEJ,"Leipzig, Germany",ANC,1382,990
2026-06-25,MQM,"Mardin, Türkiye",BOS,1659,1150
2026-06-25,MCX,"Makhachkala, Russia",SFO,2019,1390
2026-06-25,OSS,"Osh, Kyrgyzstan",DFW,2151,1480
2026-06-25,CGK,"Jakarta, Indonesia",PHX,1291,880
2026-06-25,SVQ,"Seville, Spain",STL,1069,706
2026-06-25,VRA,"Varadero, Cuba",SFO,1007,640
2026-06-25,LPB,"La Paz / El Alto, Bolivia",BWI,1378,870
2026-06-25,KKN,"Kirkenes, Norway",ORD,1500,910
2026-06-25,GGT,"George Town, Bahamas",MIA,558,327
2026-06-25,YZF,"Yellowknife, Canada",ORD,862,500
2026-06-25,GOI,"Goa, India",ATL,2295,1300
2026-06-25,ABV,"Abuja, Nigeria",TPA,1937,986
2026-06-25,KUT,"Kutaisi, Georgia",OAK,1804,918
2026-06-25,BLA,"Barcelona, Venezuela",BOS,1445,580
2026-06-25,UUD,"Ulan Ude, Russia",SEA,2652,1060
2026-06-25,SBH,"Gustavia, Saint Barthélemy",MIA,1040,400
2026-06-25,EOH,"Medellin, Colombia",DFW,815,224
2026-06-25,PUJ,"Punta Cana, Dom. Rep.",MIA,128,208
2026-06-25,SCU,"Santiago, Cuba",MIA,697,1132
2026-06-25,CGO,"Zhengzhou, China",SFO,806,1290
2026-06-25,VTE,"Vientiane, Laos",SEA,1148,1860
2026-06-25,REC,"Recife, Brazil",MIA,771,1222
2026-06-25,OUA,"Ouagadougou, Burkina Faso",JFK,654,1010
2026-06-25,PZU,"Port Sudan, Sudan",SFO,1072,1650
2026-06-25,TAM,"Tampico, Mexico",ATL,591,899
2026-06-25,BLR,"Bangalore, India",IAD,879,1295
2026-06-25,UIO,"Quito, Ecuador",JFK,298,434
2026-06-25,AXA,"The Valley, Anguilla",MIA,647,929
2026-06-25,OLB,"Olbia, Italy",IAD,701,981
2026-06-25,CCU,"Kolkata, India",IAD,1013,1418
2026-06-25,RMI,"Rimini, Italy",DCA,1092,1529
2026-06-25,TSR,"Timisoara, Romania",IAD,1175,1645
2026-06-25,DUR,"Durban, South Africa",IAD,1415,1981
2026-06-25,YHM,"Hamilton, Canada",FLL,243,340
2026-06-25,NVT,"Navegantes, Brazil",BOS,1084,1518
2026-06-25,AQP,"Arequipa, Peru",MCO,688,963
2026-06-25,IAS,"Iasi, Romania",LGA,764,1070
2026-06-25,MUX,"Multan, Pakistan",DTW,907,1270
2026-06-25,XSC,"South Caicos Airport, Turks and Caicos Islands",IAH,977,1368
2026-06-25,HGA,"Hargeisa, Somalia",ATL,1143,1600
2026-06-25,VLN,"Valencia, Venezuela",DFW,1357,1900
2026-06-25,CEI,"Chiang Rai, Thailand",IAH,1476,2066
2026-06-25,LCY,"London, UK",MCO,1689,2365
2026-06-25,KRS,"Kjevik, Norway",BNA,1765,2471
2026-06-25,IKU,"Tamchy, Kyrgyzstan",PDX,2946,4124
2026-06-25,URC,"Urumqi, China",SNA,4838,6773
2026-06-25,TGD,"Podgorica, Montenegro",ORD,559,766
2026-06-25,CTG,"Cartagena, Colombia",FLL,223,302
2026-06-25,ESB,"Ankara, Türkiye",IAD,894,1198
2026-06-25,CIX,"Chiclayo, Peru",SFO,695,910
2026-06-25,TLL,"Tallinn, Estonia",EWR,533,682
2026-06-25,AGU,"Aguascalientes, Mexico",DFW,386,495
2026-06-25,BIM,"South Bimini, Bahamas",IND,394,504
2026-06-25,GYE,"Guayaquil, Ecuador",JFK,234,294
2026-06-25,MAD,"Madrid, Spain",EWR,397,494
2026-06-25,HAV,"Havana, Cuba",MIA,184,228
2026-06-25,NGO,"Tokoname, Japan",CLT,1167,1420
2026-06-25,BER,"Berlin, Germany",JFK,583,699
2026-06-25,ACC,"Accra, Ghana",IAD,954,1130
2026-06-25,UBN,"Ulaanbaatar, Mongolia",ORD,786,937
2026-06-25,GCM,Grand Cayman,IAD,383,452
2026-06-25,ZRH,"Zurich, Switzerland",BWI,577,681
2026-06-25,HAM,"Hamburg, Germany",JFK,621,731
2026-06-25,MEL,"Melbourne, Australia",DTW,981,1148
2026-06-25,MNL,"Manila, Philippines",LAX,528,612
2026-06-25,VIX,"Vitoria, Brazil",BOS,596,692
2026-06-25,KUL,"Kuala Lumpur, Malaysia",SFO,702,809
2026-06-25,SYD,"Sydney, Australia",LAX,741,848
2026-06-25,CLO,"Cali, Colombia",MCO,234,268
2026-06-25,MLE,"Male, Maldives",MSY,917,1041
2026-06-25,GVA,"Geneva, Switzerland",MCO,477,543
2026-06-25,CEB,"Cebu, Philippines",LAX,591,673
2026-06-25,CUZ,"Cusco, Peru",BWI,858,978
2026-06-25,GIG,"Rio de Janeiro, Brazil",TPA,431,487
2026-06-25,RMO,"Chișinău, Moldova",EWR,579,649
2026-06-25,PDL,"Ponta Delgada, Portugal",BOS,610,682
2026-06-25,PTY,"Panama City, Panama",JFK,269,299
2026-06-25,DOH,"Doha, Qatar",IAD,1501,1661
2026-06-25,MSQ,"Minsk, Belarus",IAD,1471,1633
2026-06-25,JDO,"Juazeiro Do Norte, Brazil",MIA,730,810
2026-06-25,YTZ,"Toronto, Canada",ORD,195,215
2026-06-25,MTY,"Monterrey, Mexico",DFW,176,193
2026-06-25,STN,"London, UK",SEA,668,732
2026-06-25,TGZ,"Tuxtla Gutierrez, Mexico",IAH,426,466
2026-06-25,CBB,"Cochabamba, Bolivia",LAX,953,1050
2026-06-25,INN,"Innsbruck, Austria",AUS,1571,1727
2026-06-25,ROR,"Babelthuap Island, Palau",HNL,2380,2626
2026-06-25,YYZ,"Toronto, Canada",FLL,203,220
2026-06-25,NBO,"Nairobi, Kenya",IAD,722,783
2026-06-25,STI,"Santiago, Dominican Republic",EWR,197,215
2026-06-25,BEG,"Belgrade, Serbia",JFK,662,714
2026-06-25,NAN,"Nadi, Fiji",LAX,694,750
2026-06-25,KWI,Kuwait City,DEN,1115,1200
2026-06-25,TPP,"Tarapoto, Peru",MIA,538,580
2026-06-25,TFU,"Tianfu, China",DCA,1649,1774
2026-06-25,BGA,"Bucaramanga, Colombia",JFK,548,590
2026-06-25,MEX,"Mexico City, Mexico",IAH,165,175
2026-06-25,UVF,St. Lucia,JFK,499,533
2026-06-25,VLC,"Valencia, Spain",BOS,664,708
2026-06-25,SVO,"Moscow, Russia",MIA,1145,1213
2026-06-25,BSZ,"Bishkek, Kyrgyzstan",ORD,1025,1086
2026-06-25,EVN,"Yerevan, Armenia",BOS,727,765
2026-06-25,CGN,"Cologne, Germany",ORD,836,884
2026-06-25,BRI,"Bari, Italy",IAD,774,812
2026-06-25,WMI,"Warsaw, Poland",ORD,679,711
2026-06-25,AGP,"Malaga, Spain",JFK,579,602
2026-06-25,HRG,"Hurghada, Egypt",LAX,973,1018
2026-06-25,SHJ,"Sharjah, UAE",ATL,809,841
2026-06-25,YQB,"Quebec City, Canada",SAN,457,477
2026-06-25,HOR,"Horta, Portugal",BOS,797,830
2026-06-25,XRY,"Jerez de la Forntera, Spain",MIA,910,950
2026-06-25,SID,"Espargos, Cabo Verde",FLL,1422,1480
2026-06-25,STW,"Stavropol, Russia",SFO,2361,2449
2026-06-25,ARN,"Stockholm, Sweden",JFK,408,419
2026-06-25,SAW,"Istanbul, Türkiye",JFK,662,682
2026-06-25,BUS,"Batumi, Georgia",IAD,913,937
2026-06-25,CNF,"Belo Horizonte, Brazil",BOS,411,423
2026-06-25,KTI,"Krong Ta Khmau, Cambodia",LAX,735,757
2026-06-25,GZP,"Gazipasa, Türkiye",BWI,1074,1102
2026-06-25,SNN,"Shannon, Ireland",EWR,630,650
2026-06-25,RAI,"Praia, Cabo Verde",BOS,891,922
2026-06-25,FNC,"Funchal, Portugal",SFO,1113,1153
2026-06-25,SKD,"Samarkand, Uzbekistan",IAD,1047,1068
2026-06-25,AMD,"Ahmedabad, India",IAD,929,950
2026-06-25,RHO,"Rodes Island, Greece",LAX,925,942
2026-06-25,ALG,"Algiers, Algeria",BOS,750,768
2026-06-25,PVH,"Porto Velho, Brazil",MCO,948,963
2026-06-25,CUR,Curacao,EWR,345,348
2026-06-25,DUB,"Dublin, Ireland",ORD,457,460
2026-06-25,LIM,"Lima, Peru",MIA,397,400
2026-06-25,FRA,"Frankfurt, Germany",JFK,532,539
2026-06-25,OPO,"Porto, Portugal",BOS,568,576
2026-06-25,SOF,"Sofia, Bulgaria",JFK,640,649
2026-06-25,MUC,"Munich, Germany",JFK,647,652
2026-06-25,DAD,"Da Nang, Vietnam",SFO,743,748
2026-06-25,VKO,"Moscow, Russia",IAD,1165,1178
2026-06-25,PEI,"Pereira, Colombia",MCO,459,462
2026-06-25,HHN,"Hahn, Germany",IAD,754,763
2026-06-25,SJJ,"Sarajevo, Bosnia and Herzegovina",LAX,793,801
2026-06-25,PAS,"Paros Island, Greece",MIA,1217,1230
2026-06-25,SDQ,"Santo Domingo, Dom. Rep.",MIA,188,188
2026-06-25,KIN,"Kingston, Jamaica",JFK,246,246
2026-06-25,GUA,Guatemala City,MIA,190,190
2026-06-25,MBJ,"Montego Bay, Jamaica",TPA,217,217
2026-06-25,CUN,"Cancun, Mexico",ATL,166,166
2026-06-25,NAS,"Nassau, Bahamas",MIA,266,266
2026-06-25,KEF,"Reykjavik, Iceland",ORD,394,394
2026-06-25,YVR,"Vancouver, Canada",LAX,163,163
2026-06-25,POS,"Port of Spain, Trinidad",FLL,317,317
2026-06-25,SJO,"San Jose, Costa Rica",MIA,207,207
2026-06-25,YYC,"Calgary, Canada",SAN,270,269
2026-06-25,VIE,"Vienna, Austria",JFK,459,459
2026-06-25,OSL,"Oslo, Norway",JFK,465,464
2026-06-25,BUD,"Budapest, Hungary",EWR,483,483
2026-06-25,CDG,"Paris, France",EWR,464,464
2026-06-25,AMS,"Amsterdam, Netherlands",JFK,527,527
2026-06-25,MXP,"Milan, Italy",SFO,501,501
2026-06-25,MGA,"Managua, Nicaragua",MIA,299,299
2026-06-25,ANU,Antigua,JFK,538,538
2026-06-25,DXB,"Dubai, UAE",JFK,550,550
2026-06-25,WAW,"Warsaw, Poland",IAD,470,470
2026-06-25,IST,"Istanbul, Turkey",JFK,561,561
2026-06-25,CMN,"Casablanca, Morocco",LGA,540,540
2026-06-25,CPH,"Copenhagen, Denmark",RDU,466,466
2026-06-25,KRK,"Krakow, Poland",JFK,587,587
2026-06-25,VCE,"Venice, Italy",EWR,587,587
2026-06-25,LHR,"London, UK",BWI,482,482
2026-06-25,TBS,"Tbilisi, Georgia",JFK,642,642
2026-06-25,HEL,"Helsinki, Finland",MSP,529,528
2026-06-25,TUN,"Tunis, Tunisia",JFK,658,658
2026-06-25,YUL,"Montreal, Canada",BOS,217,217
2026-06-25,PRG,"Prague, Czechia",LAX,581,581
2026-06-25,FPO,"Freeport, Bahamas",FLL,410,410
2026-06-25,SSH,"Sharm El Sheikh, Egypt",EWR,667,667
2026-06-25,GND,Grenada,MIA,674,674
2026-06-25,RAK,"Marrakech, Morocco",BOS,628,628
2026-06-25,NAP,"Naples, Italy",LAX,743,743
2026-06-25,BOM,"Mumbai, India",BOS,854,854
2026-06-25,BRU,"Brussels, Belgium",BWI,528,527
2026-06-25,ADD,"Addis Ababa, Ethiopia",BOS,966,966
2026-06-25,JED,"Jeddah, Saudi Arabia",ORD,722,722
2026-06-25,GYD,"Baku, Azerbaijan",IAD,946,946
2026-06-25,HKG,Hong Kong,SFO,634,634
2026-06-25,PEK,"Beijing, China",LAX,669,669
2026-06-25,KTM,"Kathmandu, Nepal",HNL,1066,1066
2026-06-25,CAN,"Guangzhou, China",LAX,640,640
2026-06-25,BZE,"Belize City, Belize",IAD,334,334
2026-06-25,STT,"St. Thomas, USVI",MIA,389,389
2026-06-25,EZE,"Buenos Aires, Argentina",AUS,529,529
2026-06-25,MAN,"Manchester, UK",IAD,686,686
2026-06-25,DEL,"Delhi, India",IAD,783,783
2026-06-25,PVG,"Shanghai, China",LAX,617,617
2026-06-25,LIR,"Liberia, Costa Rica",PDX,338,338
2026-06-25,NRT,"Tokyo, Japan",HNL,644,644
2026-06-25,RUH,"Riyadh, Saudi Arabia",DTW,1196,1196
2026-06-25,DBV,"Dubrovnik, Croatia",ATL,617,617
2026-06-25,BLQ,"Bologna, Italy",ATL,648,651
2026-06-25,ZAG,"Zagreb, Croatia",CLE,668,668
2026-06-25,GLA,"Glasgow, Scotland",ATL,710,710
2026-06-25,SCL,"Santiago, Chile",MCO,355,355
2026-06-25,EDI,"Edinburgh, Scotland",ORD,673,673
2026-06-25,ZNZ,"Zanzibar, Tanzania",ORD,918,918
2026-06-25,MBA,"Mombasa, Kenya",ATL,1339,1339
2026-06-25,AUH,"Abu Dhabi, UAE",MIA,912,912
2026-06-25,RIX,"Riga, Latvia",SEA,569,569
2026-06-25,BNE,"Brisbane, Australia",LAX,718,718
2026-06-25,OKA,"Okinawa, Japan",TPA,891,891
2026-06-25,HAN,"Hanoi, Vietnam",LAX,786,786
2026-06-25,AKL,"Auckland, New Zealand",DFW,701,701
2026-06-25,MRS,"Marseille, France",ORD,765,765
2026-06-25,FAO,"Faro, Portugal",ORD,906,906
2026-06-25,CMB,"Colombo, Sri Lanka",ORD,1073,1073
2026-06-25,KIX,"Osaka, Japan",LAX,861,864
2026-06-25,MRU,Mauritius,ORD,1572,1572
2026-06-25,TGU,"Tegucigalpa, Honduras",RDU,932,932
2026-06-25,LYS,"Lyon, France",LAX,1061,1061
2026-06-25,ZQN,"Queenstown, NZ",IND,1606,1606
2026-06-25,TAS,"Tashkent, Uzbekistan",LAX,736,736
2026-06-25,LED,"St. Petersburg, Russia",IAD,1211,1211
2026-06-25,ALA,"Almaty, Kazakhstan",LAX,797,798
2026-06-25,LGW,"London, UK",MCO,391,391
2026-06-25,DME,"Moscow, Russia",ORD,1215,1215
2026-06-25,GDL,"Guadalajara, Mexico",LAX,245,245
2026-06-25,BJX,"Silao, Mexico",IAH,249,249
2026-06-25,AYT,"Antalya, Türkiye",BOS,705,708
2026-06-25,TIV,"Tivat, Montenegro",SEA,975,975
2026-06-25,SAP,"La Mesa, Honduras",MIA,268,268
2026-06-25,LHE,"Lahore, Pakistan",SFO,780,780
2026-06-25,XPL,"Comayagua, Honduras",MCO,358,358
2026-06-25,UFA,"Ufa, Russia",BOS,1401,1401
2026-06-25,ISB,"Islamabad, Pakistan",IAD,631,631
2026-06-25,PMI,"Palma De Mallorca, Spain",ATL,644,643
2026-06-25,FOC,"Fuzhou, China",IAD,1056,1056
2026-06-25,MLM,"Morelia, Mexico",LAX,236,236
2026-06-25,TIA,"Tirana, Albania",JFK,517,517
2026-06-25,SVX,"Yekaterinburg, Russia",SEA,1508,1508
2026-06-25,BGW,"Baghdad, Iraq",ORD,823,823
2026-06-25,TLC,"Toluca, Mexico",IAH,250,250
2026-06-25,CCS,"Caracas, Venezuela",MIA,422,422
2026-06-25,BVA,"Beauvais/Tille, France",JFK,620,620
2026-06-25,VVI,"Santa Cruz, Bolivia",IAD,710,710
2026-06-25,AER,"Sochi, Russia",MIA,1151,1151
2026-06-25,OVB,"Novosibirsk, Russia",DEN,1552,1552
2026-06-25,YEG,"Edmonton, Canada",ATL,348,348
2026-06-25,OAX,"Oaxaca, Mexico",LAX,207,207
2026-06-25,BSB,"Brasilia, Brazil",MIA,387,387
2026-06-25,PRN,Lipjan,IAD,684,684
2026-06-25,FIH,"Kinshasa, Congo",DFW,891,891
2026-06-25,MED,"Medina, Saudi Arabia",ORD,854,854
2026-06-25,BAQ,"Barranquilla, Colombia",MIA,258,258
2026-06-25,DAC,"Dhaka, Bangladesh",ATL,857,857
2026-06-25,CFU,"Kerkyra Island, Greece",BOS,959,959
2026-06-25,CXR,"Nha Trang, Vietnam",SFO,1072,1072
2026-06-25,BDA,"Hamilton, Bermuda",JFK,359,359
2026-06-25,KHI,"Karachi, Pakistan",JFK,649,649
2026-06-25,MID,"Merida, Mexico",OAK,323,323
2026-06-25,GEO,"Georgetown, Guyana",MIA,330,330
2026-06-25,MVD,"Montevideo, Uruguay",IAD,476,476
2026-06-25,RTB,"Roatan Island, Honduras",JFK,616,616
2026-06-25,LIN,"Milan, Italy",IAD,724,724
2026-06-25,CIA,"Roma, Italy",BWI,778,778
2026-06-25,CRK,"Angeles City, Philippines",LAS,782,782
2026-06-25,KBL,"Kabul, Afghanistan",IAD,861,861
2026-06-25,ROB,"Monrovia, Liberia",CMH,1376,1376
2026-06-25,HOG,"Holguin, Cuba",SAT,517,517
2026-06-25,EBB,"Kampala, Uganda",ATL,808,808
2026-06-25,SEZ,"Mahe Island, Seychelles",ORD,1403,1403
2026-06-25,VVO,"Vladivostok, Russia",SEA,1510,1510
2026-06-25,MZT,"Mazatlan, Mexico",SAT,368,368
2026-06-25,SDU,"Rio De Janeiro, Brazil",CLT,699,698
2026-06-25,NSI,"Yaounde, Cameroon",SAT,1410,1410
2026-06-25,VER,"Veracruz, Mexico",DFW,345,345
2026-06-25,PVK,"Preveza/Lefkada, Greece",BOS,742,742
2026-06-25,DAR,"Dar es Salaam, Tanzania",IAD,939,939
2026-06-25,LFW,"Lome, Togo",IAD,1122,1122
2026-06-25,HRE,"Harare, Zimbabwe",ORD,1280,1280
2026-06-25,FNA,"Freetown, Sierra Leone",IAH,1407,1407
2026-06-25,KUF,"Samara, Russia",AUS,1661,1661
2026-06-25,KHV,"Khabarovsk, Russia",MIA,2438,2431
2026-06-25,YXE,"Saskatoon, Canada",LGA,507,507
2026-06-25,CWB,"Curitiba, Brazil",CLT,630,630
2026-06-25,PKX,"Beijing, China",LAX,669,669
2026-06-25,RBA,"Rabat, Morocco",MCO,690,690
2026-06-25,BJV,"Bodrum, Türkiye",ORD,982,982
2026-06-25,BOB,"Motu Mute, French Polynesia",LAX,1020,1020
2026-06-25,KTW,"Katowice, Poland",MSP,1296,1296
2026-06-25,ABJ,"Abidjan, Côte d'Ivoire",IAH,1944,1944
2026-06-25,MAR,"Maracaibo, Venezuela",MIA,279,279
2026-06-25,XMN,"Xiamen, China",SFO,739,739
2026-06-25,CKG,"Chongqing, China",SFO,883,883
2026-06-25,SYX,"Sanya, China",LAX,900,900
2026-06-25,BOJ,"Burgas, Bulgaria",MIA,905,905
2026-06-25,BSR,"Basrah, Iraq",PDX,942,942
2026-06-25,PQC,"Duong Dong, Vietnam",ORD,1092,1092
2026-06-25,CTM,"Chetumal, Mexico",IAH,348,348
2026-06-25,MHH,"Marsh Harbour, Bahamas",FLL,449,449
2026-06-25,CUL,"Culiacan, Mexico",SEA,453,453
2026-06-25,CMW,"Camaguey, Cuba",AUS,489,489
2026-06-25,GDN,"Gdańsk, Poland",JFK,612,612
2026-06-25,SKB,"Basseterre, Saint Kitts and Nevis",JFK,619,619
2026-06-25,LTO,"Loreto, Mexico",DFW,632,632
2026-06-25,ZLO,"Manzanillo, Mexico",BWI,640,640
2026-06-25,DGO,"Durango, Mexico",MKE,700,700
2026-06-25,MLA,"Luqa, Malta",ORD,730,730
2026-06-25,VRN,"Verona, Italy",BOS,796,796
2026-06-25,SOU,"Southampton, UK",IAD,1045,1045
2026-06-25,COV,"Tarsus, Türkiye",IAH,1173,1173
2026-06-25,OHD,"Ohrid, North Macedonia",BOS,1197,1197
2026-06-25,COO,"Cotonou, Benin",IAH,1223,1224
2026-06-25,KSN,"Kostanay, Kazakhstan",MIA,1316,1316
2026-06-25,IKT,"Irkutsk, Russia",BOS,1322,1322
2026-06-25,KRR,"Krasnodar, Russia",DFW,1412,1412
2026-06-25,GOX,"Mopa, India",MIA,1592,1592
2026-06-25,NIM,"Niamey, Niger",IND,1656,1656
2026-06-25,PHC,"Port Harcourt, Nigeria",IAH,1687,1687
2026-06-25,LUN,"Lusaka, Zambia",IAD,1944,1944
2026-06-25,TIJ,"Tijuana, Mexico",LAX,296,296
2026-06-25,YOW,"Ottawa, Canada",CMH,401,401
2026-06-25,YXY,"Whitehorse, Canada",BNA,605,605
2026-06-25,AXM,"Armenia, Colombia",JFK,640,640
2026-06-25,ZIH,"Ixtapa, Mexico",LAX,720,721
2026-06-25,NUE,"Nuremberg, Germany",MIA,801,801
2026-06-25,SHA,"Shanghai, China",LAX,820,820
2026-06-25,WUH,"Wuhan, China",SFO,821,821
2026-06-25,RZE,"Rzeszow, Poland",ORD,838,838
2026-06-25,HBE,"Alexandria, Egypt",BOS,867,867
2026-06-25,HAK,"Haikou, China",SFO,879,879
2026-06-25,HAJ,"Hannover, Germany",DTW,885,885
2026-06-25,PNT,"Puerto Natales, Chile",FLL,1001,1001
2026-06-25,CUK,"Caye Caulker, Belize",SFO,1003,1003
2026-06-25,JPA,"Joao Pessoa, Brazil",LAX,1025,1025
2026-06-25,CLJ,"Cluj-Napoca, Romania",SFO,1035,1035
2026-06-25,SZX,"Shenzhen, China",ORD,1140,1140
2026-06-25,IGD,"Igdir, Türkiye",DFW,1203,1203
2026-06-25,CCP,"Concepcion, Chile",SLC,1290,1290
2026-06-25,DSS,"Diass, Senegal",CLT,1387,1387
2026-06-25,LWN,"Gyumri, Armenia",SFO,1719,1719
2026-06-25,USH,"Ushuahia, Argentina",SFO,1758,1758
2026-06-25,NMA,"Namangan, Uzbekistan",PIT,1807,1807
2026-06-25,KJA,"Krasnoyarsk, Russia",LAS,1960,1960
2026-06-25,YLW,"Kelowna, Canada",PHX,320,320
2026-06-25,ELH,"North Eleuthera, Bahamas",MIA,379,379
2026-06-25,YHZ,"Halifax, Canada",PHL,402,402
2026-06-25,CUU,"Chihuahua, Mexico",DEN,406,406
2026-06-25,YHU,"Longueuil, Canada",BWI,532,532
2026-06-25,PBC,"Puebla, Mexico",DEN,542,542
2026-06-25,TRC,"Torreon, Mexico",DEN,553,553
2026-06-25,REX,"Reynosa, Mexico",ORD,575,575
2026-06-25,YXU,"London, Canada",ORD,580,580
2026-06-25,JTR,"Santorini Island, Greece",JFK,595,595
2026-06-25,CZM,"Cozumel, Mexico",DEN,607,607
2026-06-25,EIS,"Road Town, Virgin Islands",MCO,636,636
2026-06-25,TRF,"Torp, Norway",SFO,721,721
2026-06-25,FMO,"Munster, Germany",DTW,762,762
2026-06-25,VGO,"Vigo, Spain",ORD,779,779
2026-06-25,TOS,"Tromsø, Norway",MSP,783,783
2026-06-25,PTP,"Pointe-a-Pitre Le Raizet, Guadeloupe",AUS,791,791
2026-06-25,SHE,"Shenyang, China",SFO,813,813
2026-06-25,BOC,"Isla Colon, Panama",DFW,829,829
2026-06-25,SUF,"Lamezia Terme, Italy",IAH,835,835
2026-06-25,GMP,"Seoul, South Korea",HNL,881,881
2026-06-25,TER,"Lajes, Portugal",SFO,892,892
2026-06-25,PSA,"Pisa, Italy",BOS,933,933
2026-06-25,EFL,"Kefallinia Island, Greece",PHX,1053,1053
2026-06-25,MJI,"Tripoli, Libya",ATL,1085,1085
2026-06-25,ADZ,"San Andres, Colombia",FLL,1093,1093
2026-06-25,PEG,"Perugia, Italy",ORD,1096,1096
2026-06-25,SCO,"Aktau, Kazakhstan",ORD,1179,1179
2026-06-25,PFO,"Paphos, Cyprus",PDX,1193,1193
2026-06-25,CRL,"Brussels, Belgium",DFW,1201,1201
2026-06-25,LYP,"Faisalabad, Pakistan",SMF,1218,1218
2026-06-25,SJZ,"Velas, Portugal",SFO,1222,1222
2026-06-25,WEH,"Weihai, China",SEA,1240,1240
2026-06-25,NBJ,"Luanda, Angola",SEA,1244,1244
2026-06-25,IPN,"Ipatinga, Brazil",FLL,1298,1298
2026-06-25,NEV,"Charlestown, Saint Kitts and Nevis",STL,1344,1344
2026-06-25,BDS,"Brindisi, Italy",DTW,1352,1352
2026-06-25,XIY,"Xianyang, China",CVG,1352,1352
2026-06-25,TSN,"Tianjin, China",PHX,1474,1474
2026-06-25,SPR,SPR,MIA,1565,1565
2026-06-25,WDH,"Windhoek, Namibia",MIA,1689,1681
2026-06-25,GUW,"Atyrau, Kazakhstan",IND,1794,1794
2026-06-25,BLZ,"Blantyre, Malawi",CMH,1841,1841
2026-06-25,CIT,"Shymkent, Kazakhstan",SFO,1893,1893
2026-06-25,KGF,"Karaganda, Kazakhstan",MIA,2007,2007
2026-06-25,URA,"Uralsk, Kazakhstan",MSP,2011,2011
2026-06-25,NDJ,"N'Djamena, Chad",IND,2061,2061
2026-06-25,FBM,"Lubumbashi, Congo",IND,2238,2238
2026-06-25,YKF,"Waterloo, Canada",MDW,2265,2265
2026-06-25,BAX,"Barnaul, Russia",MIA,2311,2311
2026-06-25,LBD,"Khudzhand, Tajikistan",DFW,2441,2441
2026-06-25,ULV,"Ulyanovsk, Russia",DFW,2476,2476
2026-06-25,NGS,"Nagasaki, Japan",ATL,2575,2575
2026-06-25,MGQ,"Mogadishu, Somalia",SEA,2596,2596
2026-06-25,ASF,"Astrakhan, Russia",BOS,2740,2740
2026-06-25,GVN,"Sovetskaya Gavan, Russia",SNA,3142,3142
2026-06-25,ITU,ITU,ATL,3316,3316
2026-06-25,SXM,St. Maarten,LGA,468,465
2026-06-25,SGN,"Ho Chi Minh, Vietnam",LAX,618,611
2026-06-25,FOR,"Fortaleza, Brazil",MIA,753,745
2026-06-25,NQZ,"Astana, Kazakhstan",IAH,1134,1118
2026-06-25,PVR,"Puerto Vallarta, Mexico",LAX,315,311
2026-06-25,POA,"Porto Alegre, Brazil",BOS,716,706
2026-06-25,BON,"Kralendijk, Bonaire",ATL,631,627
2026-06-25,CGH,"Sao Paulo, Brazil",MIA,698,694
2026-06-25,LCA,"Larnarca, Cyprus",ORD,970,958
2026-06-25,SAL,San Salvador,LGA,187,183
2026-06-25,BCN,"Barcelona, Spain",ORD,484,473
2026-06-25,GRU,"Sao Paulo, Brazil",MIA,446,438
2026-06-25,JNB,"Johannesburg, S. Africa",IAH,844,824
2026-06-25,KZN,"Kazan, Russia",FLL,1390,1367
2026-06-25,ALC,"Alicante, Spain",BOS,609,599
2026-06-25,ISU,"Sulaymaniyah, Iraq",DCA,1143,1125
2026-06-25,YWG,"Winnipeg, Canada",LGA,427,417
2026-06-25,LLW,"Lilongwe, Malawi",ORD,1263,1238
2026-06-25,TAO,"Qingdao, China",MIA,1554,1529
2026-06-25,TAB,"Scarborough, Trinidad and Tobago",JFK,518,507
2026-06-25,PMO,"Palermo, Italy",ORD,851,831
2026-06-25,FLR,"Florence, Italy",BOS,764,740
2026-06-25,HKT,"Phuket, Thailand",LAX,768,744
2026-06-25,ICN,"Seoul, South Korea",SFO,672,652
2026-06-25,CPT,"Cape Town, S. Africa",ORD,1254,1218
2026-06-25,TQO,"Tulum, Mexico",LGA,411,399
2026-06-25,FCO,"Rome, Italy",LAX,460,443
2026-06-25,LIS,"Lisbon, Portugal",JFK,614,591
2026-06-25,OTP,"Bucharest, Romania",MIA,670,643
2026-06-25,DYU,"Dushanbe, Tajikistan",ORD,1282,1229
2026-06-25,ZIA,"Zhukovsky, Russia",IAD,1505,1449
2026-06-25,VNO,"Vilnius, Lithuania",LAX,546,520
2026-06-25,CAI,"Cairo, Egypt",IAD,634,606
2026-06-25,PPT,"Papeete, Tahiti",SFO,821,782
2026-06-25,USM,"Koh Samui, Thailand",DFW,1548,1476
2026-06-25,CNX,"Chiang Mai, Thailand",SFO,1769,1691
2026-06-25,ORY,"Paris, France",JFK,474,451
2026-06-25,NLU,"Reyes Acozac, Mexico",LAX,278,266
2026-06-25,CAP,"Cap Haitien, Haiti",FLL,622,592
2026-06-25,ADB,"Izmir, Türkiye",IAD,910,865
2026-06-25,MGF,"Maringa, Brazil",BOS,1058,1010
2026-06-25,UGC,"Urgench, Uzbekistan",ORD,1321,1257
2026-06-25,CSX,"Changsha, China",CLT,1919,1821
2026-06-25,DPS,"Bali, Indonesia",SEA,815,767
2026-06-25,VCP,"Campinas, Brazil",FLL,604,568
2026-06-25,DLA,"Douala, Cameroon",DTW,1246,1176
2026-06-25,MRV,"Mineralnyye Vody, Russia",MIA,1680,1583
2026-06-25,ATH,"Athens, Greece",JFK,533,500
2026-06-25,NCE,"Nice, France",MIA,772,721
2026-06-25,COK,"Kochi, India",MIA,1167,1089
2026-06-25,BPS,"Porto Seguro, Brazil",PHL,1037,973
2026-06-25,HER,"Heraklion, Greece",BOS,950,885
2026-06-25,JMK,"Mykonos Island, Greece",LAX,966,901
2026-06-25,NJF,"Najaf, Iraq",MSP,1445,1353
2026-06-25,TPE,"Taipei, Taiwan",ORD,731,677
2026-06-25,SSA,"Salvador, Brazil",MSY,1095,1013
2026-06-25,POP,"Puerto Plata, Dominican Republic",MIA,428,396
2026-06-25,SLP,"San Luis Potosi, Mexico",DFW,441,410
2026-06-25,SVG,"Stavanger, Norway",ATL,883,821
2026-06-25,LBA,"Leeds, UK",ATL,983,910
2026-06-25,BKK,"Bangkok, Thailand",SFO,662,605
2026-06-25,SVD,"Argyle, Saint Vincent and the Grenadines",EWR,389,356
2026-06-25,SNU,"Santa Clara, Cuba",MIA,362,333
2026-06-25,GYN,"Goiania, Brazil",BNA,907,835
2026-06-25,AUA,Aruba,TPA,242,221
2026-06-25,OGZ,"Beslan, Russia",CLT,1683,1533
2026-06-25,SJU,"San Juan, Puerto Rico",TPA,145,131
2026-06-25,EBL,"Arbil, Iraq",SAN,921,830
2026-06-25,BPN,"Balikpapan, Borneo Island, Indonesia",CLT,1970,1770
2026-06-25,CJU,"Jeju City, South Korea",CLT,1663,1480
2026-06-25,FLN,"Florianopolis, Brazil",BOS,971,860
2026-06-25,BJM,"Bujumbura, Burundi",LAX,1053,929
2026-06-25,YDF,"Deer Lake, Canada",IND,751,667
2026-06-25,MOC,"Montes Claros, Brazil",MSP,1257,1110
2026-06-25,SIN,Singapore,SFO,678,597
2026-06-25,LTN,"London, UK",LGA,787,692
2026-06-25,SJD,"Los Cabos, Mexico",EWR,264,230
2026-06-25,LOS,"Lagos, Nigeria",IND,925,804
2026-06-25,SKG,"Thessaloniki, Greece",DTW,671,584
2026-06-25,MDE,"Medellin, Colombia",FLL,252,218
2026-06-25,HND,"Tokyo, Japan",SFO,829,717
2026-06-25,AEP,"Buenos Aires, Argentina",MIA,627,534
2026-06-25,DLM,"Dalaman, Türkiye",ORD,1381,1168
2026-06-25,BOG,"Bogota, Colombia",AUS,271,227
2026-06-25,BGI,"Bridgetown, Barbados",DCA,457,381
2026-06-25,IBZ,"Ibiza, Spain",IAD,845,699
2026-06-25,PLS,"Providenciales, Turks",JFK,436,356
2026-06-25,HYD,"Hyderabad, India",ORD,988,809
2026-06-25,SKP,"Skopje, North Macedonia",CVG,711,583
2026-06-25,CGR,"Campo Grande, Brazil",BWI,1172,950
2026-06-25,CEK,"Chelyabinsk, Russia",IAH,1735,1407
2026-06-25,MAA,"Chennai, India",ORD,1097,885
2026-06-25,MPM,"Maputo, Mozambique",MSP,2405,1935
2026-06-25,GOT,"Gothenburg, Sweden",SFO,730,578
2026-06-25,CUE,"Cuenca, Ecuador",ATL,570,453
2026-06-25,VXE,"Sao Pedro, Cabo Verde",BOS,1416,1122
2026-06-25,APW,"Apia, Samoa",PHX,1399,1090
2026-06-25,DUS,"Dusseldorf, Germany",LAX,1054,820
2026-06-25,QRO,"Queretaro, Mexico",RDU,279,217
2026-06-25,ASU,"Asuncion, Paraguay",MIA,908,702
2026-06-25,CFE,"Clermont-Ferrand/Auvergne, France",MIA,1315,1010
2026-06-25,CGK,"Jakarta, Indonesia",PHX,1291,962
2026-06-25,SVQ,"Seville, Spain",STL,1069,778
2026-06-25,LEJ,"Leipzig, Germany",ANC,1382,990
2026-06-25,MQM,"Mardin, Türkiye",BOS,1659,1150
2026-06-25,MCX,"Makhachkala, Russia",SFO,2019,1390
2026-06-25,OSS,"Osh, Kyrgyzstan",DFW,2151,1480
2026-06-25,GGT,"George Town, Bahamas",MIA,558,373
2026-06-25,VRA,"Varadero, Cuba",SFO,1007,640
2026-06-25,LPB,"La Paz / El Alto, Bolivia",BWI,1378,870
2026-06-25,KKN,"Kirkenes, Norway",ORD,1500,910
2026-06-25,KUT,"Kutaisi, Georgia",OAK,1804,1095
2026-06-25,ABV,"Abuja, Nigeria",TPA,1937,1176
2026-06-25,YZF,"Yellowknife, Canada",ORD,862,500
2026-06-25,GOI,"Goa, India",ATL,2295,1300
2026-06-25,EOH,"Medellin, Colombia",DFW,815,342
2026-06-25,BLA,"Barcelona, Venezuela",BOS,1445,580
2026-06-25,UUD,"Ulan Ude, Russia",SEA,2652,1060
2026-06-25,SBH,"Gustavia, Saint Barthélemy",MIA,1040,400
2026-06-25,CGO,"Zhengzhou, China",SFO,806,1290
2026-06-25,PZU,"Port Sudan, Sudan",SFO,1072,1650
2026-06-25,PUJ,"Punta Cana, Dom. Rep.",MIA,128,195
2026-06-25,SCU,"Santiago, Cuba",MIA,697,1059
2026-06-25,VTE,"Vientiane, Laos",SEA,1148,1741
2026-06-25,REC,"Recife, Brazil",MIA,771,1147
2026-06-25,OUA,"Ouagadougou, Burkina Faso",JFK,654,950
2026-06-25,TAM,"Tampico, Mexico",ATL,591,847
2026-06-25,OLB,"Olbia, Italy",IAD,701,981
2026-06-25,CCU,"Kolkata, India",IAD,1013,1418
2026-06-25,RMI,"Rimini, Italy",DCA,1092,1529
2026-06-25,TSR,"Timisoara, Romania",IAD,1175,1645
2026-06-25,DUR,"Durban, South Africa",IAD,1415,1981
2026-06-25,YHM,"Hamilton, Canada",FLL,243,340
2026-06-25,AQP,"Arequipa, Peru",MCO,688,963
2026-06-25,IAS,"Iasi, Romania",LGA,764,1070
2026-06-25,MUX,"Multan, Pakistan",DTW,907,1270
2026-06-25,XSC,"South Caicos Airport, Turks and Caicos Islands",IAH,977,1368
2026-06-25,HGA,"Hargeisa, Somalia",ATL,1143,1600
2026-06-25,VLN,"Valencia, Venezuela",DFW,1357,1900
2026-06-25,CEI,"Chiang Rai, Thailand",IAH,1476,2066
2026-06-25,LCY,"London, UK",MCO,1689,2365
2026-06-25,KRS,"Kjevik, Norway",BNA,1765,2471
2026-06-25,IKU,"Tamchy, Kyrgyzstan",PDX,2946,4124
2026-06-25,URC,"Urumqi, China",SNA,4838,6773
2026-06-25,BLR,"Bangalore, India",IAD,879,1226
2026-06-25,UIO,"Quito, Ecuador",JFK,298,411
2026-06-25,AXA,"The Valley, Anguilla",MIA,647,882
2026-06-25,NVT,"Navegantes, Brazil",BOS,1084,1446
2026-06-25,TGD,"Podgorica, Montenegro",ORD,559,731
2026-06-25,CIX,"Chiclayo, Peru",SFO,695,910
2026-06-25,CTG,"Cartagena, Colombia",FLL,223,289
2026-06-25,ESB,"Ankara, Türkiye",IAD,894,1148
2026-06-25,TLL,"Tallinn, Estonia",EWR,533,657
2026-06-25,AGU,"Aguascalientes, Mexico",DFW,386,477
2026-06-25,BIM,"South Bimini, Bahamas",IND,394,485
2026-06-25,GYE,"Guayaquil, Ecuador",JFK,234,284
2026-06-25,NGO,"Tokoname, Japan",CLT,1167,1420
2026-06-25,MAD,"Madrid, Spain",EWR,397,478
2026-06-25,HAV,"Havana, Cuba",MIA,184,220
2026-06-25,BER,"Berlin, Germany",JFK,583,679
2026-06-25,UBN,"Ulaanbaatar, Mongolia",ORD,786,912
2026-06-25,GCM,Grand Cayman,IAD,383,441
2026-06-25,ZRH,"Zurich, Switzerland",BWI,577,663
2026-06-25,HAM,"Hamburg, Germany",JFK,621,713
2026-06-25,ACC,"Accra, Ghana",IAD,954,1100
2026-06-25,MNL,"Manila, Philippines",LAX,528,598
2026-06-25,MEL,"Melbourne, Australia",DTW,981,1120
2026-06-25,VIX,"Vitoria, Brazil",BOS,596,676
2026-06-25,KUL,"Kuala Lumpur, Malaysia",SFO,702,791
2026-06-25,SYD,"Sydney, Australia",LAX,741,830
2026-06-25,CLO,"Cali, Colombia",MCO,234,262
2026-06-25,GIG,"Rio de Janeiro, Brazil",TPA,431,478
2026-06-25,MLE,"Male, Maldives",MSY,917,1020
2026-06-25,GVA,"Geneva, Switzerland",MCO,477,532
2026-06-25,CEB,"Cebu, Philippines",LAX,591,660
2026-06-25,CUZ,"Cusco, Peru",BWI,858,958
2026-06-25,JDO,"Juazeiro Do Norte, Brazil",MIA,730,810
2026-06-25,PTY,"Panama City, Panama",JFK,269,294
2026-06-25,RMO,"Chișinău, Moldova",EWR,579,637
2026-06-25,PDL,"Ponta Delgada, Portugal",BOS,610,670
2026-06-25,CBB,"Cochabamba, Bolivia",LAX,953,1050
2026-06-25,DOH,"Doha, Qatar",IAD,1501,1634
2026-06-25,MSQ,"Minsk, Belarus",IAD,1471,1606
2026-06-25,YTZ,"Toronto, Canada",ORD,195,211
2026-06-25,INN,"Innsbruck, Austria",AUS,1571,1701
2026-06-25,ROR,"Babelthuap Island, Palau",HNL,2380,2585
2026-06-25,NBO,"Nairobi, Kenya",IAD,722,773
2026-06-25,KWI,Kuwait City,DEN,1115,1200
2026-06-25,STI,"Santiago, Dominican Republic",EWR,197,212
2026-06-25,MTY,"Monterrey, Mexico",DFW,176,190
2026-06-25,STN,"London, UK",SEA,668,721
2026-06-25,TGZ,"Tuxtla Gutierrez, Mexico",IAH,426,459
2026-06-25,TPP,"Tarapoto, Peru",MIA,538,580
2026-06-25,BGA,"Bucaramanga, Colombia",JFK,548,590
2026-06-25,YYZ,"Toronto, Canada",FLL,203,217
2026-06-25,BEG,"Belgrade, Serbia",JFK,662,706
2026-06-25,NAN,"Nadi, Fiji",LAX,694,741
2026-06-25,TFU,"Tianfu, China",DCA,1649,1753
2026-06-25,MEX,"Mexico City, Mexico",IAH,165,173
2026-06-25,UVF,St. Lucia,JFK,499,527
2026-06-25,VLC,"Valencia, Spain",BOS,664,701
2026-06-25,CGN,"Cologne, Germany",ORD,836,876
2026-06-25,SVO,"Moscow, Russia",MIA,1145,1201
2026-06-25,BSZ,"Bishkek, Kyrgyzstan",ORD,1025,1076
2026-06-25,EVN,"Yerevan, Armenia",BOS,727,759
2026-06-25,HRG,"Hurghada, Egypt",LAX,973,1011
2026-06-25,BRI,"Bari, Italy",IAD,774,806
2026-06-25,WMI,"Warsaw, Poland",ORD,679,706
2026-06-25,YQB,"Quebec City, Canada",SAN,457,474
2026-06-25,XRY,"Jerez de la Forntera, Spain",MIA,910,950
2026-06-25,AGP,"Malaga, Spain",JFK,579,598
2026-06-25,KTI,"Krong Ta Khmau, Cambodia",LAX,735,754
2026-06-25,SHJ,"Sharjah, UAE",ATL,809,836
2026-06-25,SNN,"Shannon, Ireland",EWR,630,647
2026-06-25,RAI,"Praia, Cabo Verde",BOS,891,917
2026-06-25,FNC,"Funchal, Portugal",SFO,1113,1146
2026-06-25,HOR,"Horta, Portugal",BOS,797,825
2026-06-25,SID,"Espargos, Cabo Verde",FLL,1422,1470
2026-06-25,STW,"Stavropol, Russia",SFO,2361,2434
2026-06-25,ARN,"Stockholm, Sweden",JFK,408,417
2026-06-25,SAW,"Istanbul, Türkiye",JFK,662,678
2026-06-25,BUS,"Batumi, Georgia",IAD,913,933
2026-06-25,SKD,"Samarkand, Uzbekistan",IAD,1047,1065
2026-06-25,CNF,"Belo Horizonte, Brazil",BOS,411,421
2026-06-25,AMD,"Ahmedabad, India",IAD,929,946
2026-06-25,GZP,"Gazipasa, Türkiye",BWI,1074,1097
2026-06-25,ALG,"Algiers, Algeria",BOS,750,765
2026-06-25,CUR,Curacao,EWR,345,347
2026-06-25,LIM,"Lima, Peru",MIA,397,399
2026-06-25,FRA,"Frankfurt, Germany",JFK,532,538
2026-06-25,OPO,"Porto, Portugal",BOS,568,575
2026-06-25,SOF,"Sofia, Bulgaria",JFK,640,648
2026-06-25,MUC,"Munich, Germany",JFK,647,651
2026-06-25,DAD,"Da Nang, Vietnam",SFO,743,747
2026-06-25,VKO,"Moscow, Russia",IAD,1165,1176
2026-06-25,RHO,"Rodes Island, Greece",LAX,925,939
2026-06-25,HHN,"Hahn, Germany",IAD,754,762
2026-06-25,SJJ,"Sarajevo, Bosnia and Herzegovina",LAX,793,799
2026-06-25,PAS,"Paros Island, Greece",MIA,1217,1230
2026-06-25,PVH,"Porto Velho, Brazil",MCO,948,960
2026-06-25,SDQ,"Santo Domingo, Dom. Rep.",MIA,188,188
2026-06-25,KIN,"Kingston, Jamaica",JFK,246,246
2026-06-25,GUA,Guatemala City,MIA,190,190
2026-06-25,MBJ,"Montego Bay, Jamaica",TPA,217,217
2026-06-25,CUN,"Cancun, Mexico",ATL,166,166
2026-06-25,NAS,"Nassau, Bahamas",MIA,266,266
2026-06-25,KEF,"Reykjavik, Iceland",ORD,394,394
2026-06-25,YVR,"Vancouver, Canada",LAX,163,163
2026-06-25,POS,"Port of Spain, Trinidad",FLL,317,317
2026-06-25,SJO,"San Jose, Costa Rica",MIA,207,207
2026-06-25,YYC,"Calgary, Canada",SAN,270,269
2026-06-25,VIE,"Vienna, Austria",JFK,459,459
2026-06-25,OSL,"Oslo, Norway",JFK,465,464
2026-06-25,BUD,"Budapest, Hungary",EWR,483,483
2026-06-25,CDG,"Paris, France",EWR,464,464
2026-06-25,DUB,"Dublin, Ireland",ORD,457,459
2026-06-25,AMS,"Amsterdam, Netherlands",JFK,527,527
2026-06-25,MXP,"Milan, Italy",SFO,501,501
2026-06-25,MGA,"Managua, Nicaragua",MIA,299,299
2026-06-25,ANU,Antigua,JFK,538,538
2026-06-25,DXB,"Dubai, UAE",JFK,550,550
2026-06-25,WAW,"Warsaw, Poland",IAD,470,470
2026-06-25,IST,"Istanbul, Turkey",JFK,561,561
2026-06-25,CMN,"Casablanca, Morocco",LGA,540,540
2026-06-25,CPH,"Copenhagen, Denmark",RDU,466,466
2026-06-25,KRK,"Krakow, Poland",JFK,587,587
2026-06-25,VCE,"Venice, Italy",EWR,587,587
2026-06-25,LHR,"London, UK",BWI,482,482
2026-06-25,TBS,"Tbilisi, Georgia",JFK,642,642
2026-06-25,HEL,"Helsinki, Finland",MSP,529,528
2026-06-25,TUN,"Tunis, Tunisia",JFK,658,658
2026-06-25,YUL,"Montreal, Canada",BOS,217,217
2026-06-25,PRG,"Prague, Czechia",LAX,581,581
2026-06-25,FPO,"Freeport, Bahamas",FLL,410,410
2026-06-25,SSH,"Sharm El Sheikh, Egypt",EWR,667,667
2026-06-25,GND,Grenada,MIA,674,674
2026-06-25,RAK,"Marrakech, Morocco",BOS,628,628
2026-06-25,NAP,"Naples, Italy",LAX,743,743
2026-06-25,BOM,"Mumbai, India",BOS,854,854
2026-06-25,BRU,"Brussels, Belgium",BWI,528,527
2026-06-25,ADD,"Addis Ababa, Ethiopia",BOS,966,966
2026-06-25,JED,"Jeddah, Saudi Arabia",ORD,722,722
2026-06-25,GYD,"Baku, Azerbaijan",IAD,946,946
2026-06-25,HKG,Hong Kong,SFO,634,634
2026-06-25,PEK,"Beijing, China",LAX,669,669
2026-06-25,KTM,"Kathmandu, Nepal",HNL,1066,1066
2026-06-25,CAN,"Guangzhou, China",LAX,640,640
2026-06-25,BZE,"Belize City, Belize",IAD,334,334
2026-06-25,STT,"St. Thomas, USVI",MIA,389,389
2026-06-25,EZE,"Buenos Aires, Argentina",AUS,529,529
2026-06-25,MAN,"Manchester, UK",IAD,686,686
2026-06-25,DEL,"Delhi, India",IAD,783,783
2026-06-25,PVG,"Shanghai, China",LAX,617,617
2026-06-25,LIR,"Liberia, Costa Rica",PDX,338,338
2026-06-25,NRT,"Tokyo, Japan",HNL,644,644
2026-06-25,RUH,"Riyadh, Saudi Arabia",DTW,1196,1196
2026-06-25,DBV,"Dubrovnik, Croatia",ATL,617,617
2026-06-25,BLQ,"Bologna, Italy",ATL,648,650
2026-06-25,ZAG,"Zagreb, Croatia",CLE,668,668
2026-06-25,GLA,"Glasgow, Scotland",ATL,710,710
2026-06-25,SCL,"Santiago, Chile",MCO,355,355
2026-06-25,EDI,"Edinburgh, Scotland",ORD,673,673
2026-06-25,ZNZ,"Zanzibar, Tanzania",ORD,918,918
2026-06-25,MBA,"Mombasa, Kenya",ATL,1339,1339
2026-06-25,AUH,"Abu Dhabi, UAE",MIA,912,912
2026-06-25,RIX,"Riga, Latvia",SEA,569,569
2026-06-25,BNE,"Brisbane, Australia",LAX,718,718
2026-06-25,OKA,"Okinawa, Japan",TPA,891,891
2026-06-25,HAN,"Hanoi, Vietnam",LAX,786,786
2026-06-25,AKL,"Auckland, New Zealand",DFW,701,701
2026-06-25,MRS,"Marseille, France",ORD,765,765
2026-06-25,FAO,"Faro, Portugal",ORD,906,906
2026-06-25,CMB,"Colombo, Sri Lanka",ORD,1073,1073
2026-06-25,KIX,"Osaka, Japan",LAX,861,863
2026-06-25,MRU,Mauritius,ORD,1572,1572
2026-06-25,TGU,"Tegucigalpa, Honduras",RDU,932,932
2026-06-25,LYS,"Lyon, France",LAX,1061,1061
2026-06-25,ZQN,"Queenstown, NZ",IND,1606,1606
2026-06-25,TAS,"Tashkent, Uzbekistan",LAX,736,736
2026-06-25,LED,"St. Petersburg, Russia",IAD,1211,1211
2026-06-25,ALA,"Almaty, Kazakhstan",LAX,797,798
2026-06-25,LGW,"London, UK",MCO,391,391
2026-06-25,DME,"Moscow, Russia",ORD,1215,1215
2026-06-25,GDL,"Guadalajara, Mexico",LAX,245,245
2026-06-25,BJX,"Silao, Mexico",IAH,249,249
2026-06-25,AYT,"Antalya, Türkiye",BOS,705,707
2026-06-25,TIV,"Tivat, Montenegro",SEA,975,975
2026-06-25,SAP,"La Mesa, Honduras",MIA,268,268
2026-06-25,LHE,"Lahore, Pakistan",SFO,780,780
2026-06-25,XPL,"Comayagua, Honduras",MCO,358,358
2026-06-25,UFA,"Ufa, Russia",BOS,1401,1401
2026-06-25,ISB,"Islamabad, Pakistan",IAD,631,631
2026-06-25,PMI,"Palma De Mallorca, Spain",ATL,644,643
2026-06-25,FOC,"Fuzhou, China",IAD,1056,1056
2026-06-25,MLM,"Morelia, Mexico",LAX,236,236
2026-06-25,TIA,"Tirana, Albania",JFK,517,517
2026-06-25,SVX,"Yekaterinburg, Russia",SEA,1508,1508
2026-06-25,BGW,"Baghdad, Iraq",ORD,823,823
2026-06-25,TLC,"Toluca, Mexico",IAH,250,250
2026-06-25,CCS,"Caracas, Venezuela",MIA,422,422
2026-06-25,BVA,"Beauvais/Tille, France",JFK,620,620
2026-06-25,VVI,"Santa Cruz, Bolivia",IAD,710,710
2026-06-25,AER,"Sochi, Russia",MIA,1151,1151
2026-06-25,OVB,"Novosibirsk, Russia",DEN,1552,1552
2026-06-25,YEG,"Edmonton, Canada",ATL,348,348
2026-06-25,OAX,"Oaxaca, Mexico",LAX,207,207
2026-06-25,BSB,"Brasilia, Brazil",MIA,387,387
2026-06-25,PRN,Lipjan,IAD,684,684
2026-06-25,FIH,"Kinshasa, Congo",DFW,891,891
2026-06-25,MED,"Medina, Saudi Arabia",ORD,854,854
2026-06-25,BAQ,"Barranquilla, Colombia",MIA,258,258
2026-06-25,DAC,"Dhaka, Bangladesh",ATL,857,857
2026-06-25,CFU,"Kerkyra Island, Greece",BOS,959,959
2026-06-25,CXR,"Nha Trang, Vietnam",SFO,1072,1072
2026-06-25,BDA,"Hamilton, Bermuda",JFK,359,359
2026-06-25,KHI,"Karachi, Pakistan",JFK,649,649
2026-06-25,MID,"Merida, Mexico",OAK,323,323
2026-06-25,GEO,"Georgetown, Guyana",MIA,330,330
2026-06-25,MVD,"Montevideo, Uruguay",IAD,476,476
2026-06-25,RTB,"Roatan Island, Honduras",JFK,616,616
2026-06-25,LIN,"Milan, Italy",IAD,724,724
2026-06-25,CIA,"Roma, Italy",BWI,778,778
2026-06-25,CRK,"Angeles City, Philippines",LAS,782,782
2026-06-25,KBL,"Kabul, Afghanistan",IAD,861,861
2026-06-25,ROB,"Monrovia, Liberia",CMH,1376,1376
2026-06-25,HOG,"Holguin, Cuba",SAT,517,517
2026-06-25,EBB,"Kampala, Uganda",ATL,808,808
2026-06-25,SEZ,"Mahe Island, Seychelles",ORD,1403,1403
2026-06-25,VVO,"Vladivostok, Russia",SEA,1510,1510
2026-06-25,MZT,"Mazatlan, Mexico",SAT,368,368
2026-06-25,PEI,"Pereira, Colombia",MCO,459,461
2026-06-25,SDU,"Rio De Janeiro, Brazil",CLT,699,698
2026-06-25,NSI,"Yaounde, Cameroon",SAT,1410,1410
2026-06-25,VER,"Veracruz, Mexico",DFW,345,345
2026-06-25,PVK,"Preveza/Lefkada, Greece",BOS,742,742
2026-06-25,DAR,"Dar es Salaam, Tanzania",IAD,939,939
2026-06-25,LFW,"Lome, Togo",IAD,1122,1122
2026-06-25,HRE,"Harare, Zimbabwe",ORD,1280,1280
2026-06-25,FNA,"Freetown, Sierra Leone",IAH,1407,1407
2026-06-25,KUF,"Samara, Russia",AUS,1661,1661
2026-06-25,KHV,"Khabarovsk, Russia",MIA,2438,2432
2026-06-25,YXE,"Saskatoon, Canada",LGA,507,507
2026-06-25,CWB,"Curitiba, Brazil",CLT,630,630
2026-06-25,PKX,"Beijing, China",LAX,669,669
2026-06-25,RBA,"Rabat, Morocco",MCO,690,690
2026-06-25,BJV,"Bodrum, Türkiye",ORD,982,982
2026-06-25,BOB,"Motu Mute, French Polynesia",LAX,1020,1020
2026-06-25,KTW,"Katowice, Poland",MSP,1296,1296
2026-06-25,ABJ,"Abidjan, Côte d'Ivoire",IAH,1944,1944
2026-06-25,MAR,"Maracaibo, Venezuela",MIA,279,279
2026-06-25,XMN,"Xiamen, China",SFO,739,739
2026-06-25,CKG,"Chongqing, China",SFO,883,883
2026-06-25,SYX,"Sanya, China",LAX,900,900
2026-06-25,BOJ,"Burgas, Bulgaria",MIA,905,905
2026-06-25,BSR,"Basrah, Iraq",PDX,942,942
2026-06-25,PQC,"Duong Dong, Vietnam",ORD,1092,1092
2026-06-25,CTM,"Chetumal, Mexico",IAH,348,348
2026-06-25,MHH,"Marsh Harbour, Bahamas",FLL,449,449
2026-06-25,CUL,"Culiacan, Mexico",SEA,453,453
2026-06-25,CMW,"Camaguey, Cuba",AUS,489,489
2026-06-25,GDN,"Gdańsk, Poland",JFK,612,612
2026-06-25,SKB,"Basseterre, Saint Kitts and Nevis",JFK,619,619
2026-06-25,BON,"Kralendijk, Bonaire",ATL,631,628
2026-06-25,LTO,"Loreto, Mexico",DFW,632,632
2026-06-25,ZLO,"Manzanillo, Mexico",BWI,640,640
2026-06-25,CGH,"Sao Paulo, Brazil",MIA,698,695
2026-06-25,DGO,"Durango, Mexico",MKE,700,700
2026-06-25,MLA,"Luqa, Malta",ORD,730,730
2026-06-25,VRN,"Verona, Italy",BOS,796,796
2026-06-25,SOU,"Southampton, UK",IAD,1045,1045
2026-06-25,COV,"Tarsus, Türkiye",IAH,1173,1173
2026-06-25,OHD,"Ohrid, North Macedonia",BOS,1197,1197
2026-06-25,COO,"Cotonou, Benin",IAH,1223,1224
2026-06-25,KSN,"Kostanay, Kazakhstan",MIA,1316,1316
2026-06-25,IKT,"Irkutsk, Russia",BOS,1322,1322
2026-06-25,KRR,"Krasnodar, Russia",DFW,1412,1412
2026-06-25,GOX,"Mopa, India",MIA,1592,1592
2026-06-25,NIM,"Niamey, Niger",IND,1656,1656
2026-06-25,PHC,"Port Harcourt, Nigeria",IAH,1687,1687
2026-06-25,LUN,"Lusaka, Zambia",IAD,1944,1944
2026-06-25,TIJ,"Tijuana, Mexico",LAX,296,296
2026-06-25,YOW,"Ottawa, Canada",CMH,401,401
2026-06-25,YXY,"Whitehorse, Canada",BNA,605,605
2026-06-25,AXM,"Armenia, Colombia",JFK,640,640
2026-06-25,ZIH,"Ixtapa, Mexico",LAX,720,721
2026-06-25,NUE,"Nuremberg, Germany",MIA,801,801
2026-06-25,SHA,"Shanghai, China",LAX,820,820
2026-06-25,WUH,"Wuhan, China",SFO,821,821
2026-06-25,RZE,"Rzeszow, Poland",ORD,838,838
2026-06-25,HBE,"Alexandria, Egypt",BOS,867,867
2026-06-25,HAK,"Haikou, China",SFO,879,879
2026-06-25,HAJ,"Hannover, Germany",DTW,885,885
2026-06-25,PNT,"Puerto Natales, Chile",FLL,1001,1001
2026-06-25,CUK,"Caye Caulker, Belize",SFO,1003,1003
2026-06-25,JPA,"Joao Pessoa, Brazil",LAX,1025,1025
2026-06-25,CLJ,"Cluj-Napoca, Romania",SFO,1035,1035
2026-06-25,SZX,"Shenzhen, China",ORD,1140,1140
2026-06-25,IGD,"Igdir, Türkiye",DFW,1203,1203
2026-06-25,CCP,"Concepcion, Chile",SLC,1290,1290
2026-06-25,DSS,"Diass, Senegal",CLT,1387,1387
2026-06-25,LWN,"Gyumri, Armenia",SFO,1719,1719
2026-06-25,USH,"Ushuahia, Argentina",SFO,1758,1758
2026-06-25,NMA,"Namangan, Uzbekistan",PIT,1807,1807
2026-06-25,KJA,"Krasnoyarsk, Russia",LAS,1960,1960
2026-06-25,YLW,"Kelowna, Canada",PHX,320,320
2026-06-25,ELH,"North Eleuthera, Bahamas",MIA,379,379
2026-06-25,YHZ,"Halifax, Canada",PHL,402,402
2026-06-25,CUU,"Chihuahua, Mexico",DEN,406,406
2026-06-25,YHU,"Longueuil, Canada",BWI,532,532
2026-06-25,PBC,"Puebla, Mexico",DEN,542,542
2026-06-25,TRC,"Torreon, Mexico",DEN,553,553
2026-06-25,REX,"Reynosa, Mexico",ORD,575,575
2026-06-25,YXU,"London, Canada",ORD,580,580
2026-06-25,JTR,"Santorini Island, Greece",JFK,595,595
2026-06-25,CZM,"Cozumel, Mexico",DEN,607,607
2026-06-25,EIS,"Road Town, Virgin Islands",MCO,636,636
2026-06-25,TRF,"Torp, Norway",SFO,721,721
2026-06-25,FMO,"Munster, Germany",DTW,762,762
2026-06-25,VGO,"Vigo, Spain",ORD,779,779
2026-06-25,TOS,"Tromsø, Norway",MSP,783,783
2026-06-25,PTP,"Pointe-a-Pitre Le Raizet, Guadeloupe",AUS,791,791
2026-06-25,SHE,"Shenyang, China",SFO,813,813
2026-06-25,BOC,"Isla Colon, Panama",DFW,829,829
2026-06-25,SUF,"Lamezia Terme, Italy",IAH,835,835
2026-06-25,GMP,"Seoul, South Korea",HNL,881,881
2026-06-25,TER,"Lajes, Portugal",SFO,892,892
2026-06-25,PSA,"Pisa, Italy",BOS,933,933
2026-06-25,EFL,"Kefallinia Island, Greece",PHX,1053,1053
2026-06-25,MJI,"Tripoli, Libya",ATL,1085,1085
2026-06-25,ADZ,"San Andres, Colombia",FLL,1093,1093
2026-06-25,PEG,"Perugia, Italy",ORD,1096,1096
2026-06-25,SCO,"Aktau, Kazakhstan",ORD,1179,1179
2026-06-25,PFO,"Paphos, Cyprus",PDX,1193,1193
2026-06-25,CRL,"Brussels, Belgium",DFW,1201,1201
2026-06-25,LYP,"Faisalabad, Pakistan",SMF,1218,1218
2026-06-25,SJZ,"Velas, Portugal",SFO,1222,1222
2026-06-25,WEH,"Weihai, China",SEA,1240,1240
2026-06-25,NBJ,"Luanda, Angola",SEA,1244,1244
2026-06-25,IPN,"Ipatinga, Brazil",FLL,1298,1298
2026-06-25,NEV,"Charlestown, Saint Kitts and Nevis",STL,1344,1344
2026-06-25,BDS,"Brindisi, Italy",DTW,1352,1352
2026-06-25,XIY,"Xianyang, China",CVG,1352,1352
2026-06-25,TSN,"Tianjin, China",PHX,1474,1474
2026-06-25,SPR,SPR,MIA,1565,1565
2026-06-25,WDH,"Windhoek, Namibia",MIA,1689,1682
2026-06-25,GUW,"Atyrau, Kazakhstan",IND,1794,1794
2026-06-25,BLZ,"Blantyre, Malawi",CMH,1841,1841
2026-06-25,CIT,"Shymkent, Kazakhstan",SFO,1893,1893
2026-06-25,KGF,"Karaganda, Kazakhstan",MIA,2007,2007
2026-06-25,URA,"Uralsk, Kazakhstan",MSP,2011,2011
2026-06-25,NDJ,"N'Djamena, Chad",IND,2061,2061
2026-06-25,FBM,"Lubumbashi, Congo",IND,2238,2238
2026-06-25,YKF,"Waterloo, Canada",MDW,2265,2265
2026-06-25,BAX,"Barnaul, Russia",MIA,2311,2311
2026-06-25,LBD,"Khudzhand, Tajikistan",DFW,2441,2441
2026-06-25,ULV,"Ulyanovsk, Russia",DFW,2476,2476
2026-06-25,NGS,"Nagasaki, Japan",ATL,2575,2575
2026-06-25,MGQ,"Mogadishu, Somalia",SEA,2596,2596
2026-06-25,ASF,"Astrakhan, Russia",BOS,2740,2740
2026-06-25,GVN,"Sovetskaya Gavan, Russia",SNA,3142,3142
2026-06-25,ITU,ITU,ATL,3316,3316
2026-06-25,SXM,St. Maarten,LGA,468,465
2026-06-25,GRU,"Sao Paulo, Brazil",MIA,446,440
2026-06-25,SGN,"Ho Chi Minh, Vietnam",LAX,618,612
2026-06-25,FOR,"Fortaleza, Brazil",MIA,753,746
2026-06-25,NQZ,"Astana, Kazakhstan",IAH,1134,1120
2026-06-25,KZN,"Kazan, Russia",FLL,1390,1371
2026-06-25,PVR,"Puerto Vallarta, Mexico",LAX,315,312
2026-06-25,ALC,"Alicante, Spain",BOS,609,601
2026-06-25,POA,"Porto Alegre, Brazil",BOS,716,708
2026-06-25,ISU,"Sulaymaniyah, Iraq",DCA,1143,1128
2026-06-25,LCA,"Larnarca, Cyprus",ORD,970,960
2026-06-25,TAO,"Qingdao, China",MIA,1554,1533
2026-06-25,SAL,San Salvador,LGA,187,183
2026-06-25,BCN,"Barcelona, Spain",ORD,484,475
2026-06-25,JNB,"Johannesburg, S. Africa",IAH,844,828
2026-06-25,CPT,"Cape Town, S. Africa",ORD,1254,1224
2026-06-25,TQO,"Tulum, Mexico",LGA,411,401
2026-06-25,YWG,"Winnipeg, Canada",LGA,427,419
2026-06-25,LLW,"Lilongwe, Malawi",ORD,1263,1242
2026-06-25,TAB,"Scarborough, Trinidad and Tobago",JFK,518,509
2026-06-25,PMO,"Palermo, Italy",ORD,851,834
2026-06-25,FCO,"Rome, Italy",LAX,460,446
2026-06-25,LIS,"Lisbon, Portugal",JFK,614,595
2026-06-25,OTP,"Bucharest, Romania",MIA,670,648
2026-06-25,FLR,"Florence, Italy",BOS,764,744
2026-06-25,HKT,"Phuket, Thailand",LAX,768,748
2026-06-25,ICN,"Seoul, South Korea",SFO,672,655
2026-06-25,ZIA,"Zhukovsky, Russia",IAD,1505,1458
2026-06-25,VNO,"Vilnius, Lithuania",LAX,546,524
2026-06-25,CAI,"Cairo, Egypt",IAD,634,611
2026-06-25,PPT,"Papeete, Tahiti",SFO,821,789
2026-06-25,USM,"Koh Samui, Thailand",DFW,1548,1488
2026-06-25,CNX,"Chiang Mai, Thailand",SFO,1769,1704
2026-06-25,ORY,"Paris, France",JFK,474,455
2026-06-25,DYU,"Dushanbe, Tajikistan",ORD,1282,1238
2026-06-25,NLU,"Reyes Acozac, Mexico",LAX,278,268
2026-06-25,CAP,"Cap Haitien, Haiti",FLL,622,597
2026-06-25,ADB,"Izmir, Türkiye",IAD,910,872
2026-06-25,UGC,"Urgench, Uzbekistan",ORD,1321,1267
2026-06-25,CSX,"Changsha, China",CLT,1919,1837
2026-06-25,DPS,"Bali, Indonesia",SEA,815,775
2026-06-25,VCP,"Campinas, Brazil",FLL,604,574
2026-06-25,DLA,"Douala, Cameroon",DTW,1246,1188
2026-06-25,MRV,"Mineralnyye Vody, Russia",MIA,1680,1599
2026-06-25,BPS,"Porto Seguro, Brazil",PHL,1037,983
2026-06-25,MGF,"Maringa, Brazil",BOS,1058,1010
2026-06-25,ATH,"Athens, Greece",JFK,533,505
2026-06-25,NCE,"Nice, France",MIA,772,730
2026-06-25,COK,"Kochi, India",MIA,1167,1102
2026-06-25,SLP,"San Luis Potosi, Mexico",DFW,441,415
2026-06-25,HER,"Heraklion, Greece",BOS,950,896
2026-06-25,SVG,"Stavanger, Norway",ATL,883,831
2026-06-25,JMK,"Mykonos Island, Greece",LAX,966,912
2026-06-25,NJF,"Najaf, Iraq",MSP,1445,1369
2026-06-25,TPE,"Taipei, Taiwan",ORD,731,686
2026-06-25,SSA,"Salvador, Brazil",MSY,1095,1027
2026-06-25,POP,"Puerto Plata, Dominican Republic",MIA,428,401
2026-06-25,SNU,"Santa Clara, Cuba",MIA,362,338
2026-06-25,GYN,"Goiania, Brazil",BNA,907,847
2026-06-25,AUA,Aruba,TPA,242,224
2026-06-25,BKK,"Bangkok, Thailand",SFO,662,615
2026-06-25,SVD,"Argyle, Saint Vincent and the Grenadines",EWR,389,361
2026-06-25,LBA,"Leeds, UK",ATL,983,910
2026-06-25,OGZ,"Beslan, Russia",CLT,1683,1558
2026-06-25,SJU,"San Juan, Puerto Rico",TPA,145,133
2026-06-25,EBL,"Arbil, Iraq",SAN,921,845
2026-06-25,BPN,"Balikpapan, Borneo Island, Indonesia",CLT,1970,1803
2026-06-25,FLN,"Florianopolis, Brazil",BOS,971,879
2026-06-25,YDF,"Deer Lake, Canada",IND,751,681
2026-06-25,SIN,Singapore,SFO,678,610
2026-06-25,BJM,"Bujumbura, Burundi",LAX,1053,950
2026-06-25,LTN,"London, UK",LGA,787,708
2026-06-25,MDE,"Medellin, Colombia",FLL,252,224
2026-06-25,SJD,"Los Cabos, Mexico",EWR,264,235
2026-06-25,LOS,"Lagos, Nigeria",IND,925,824
2026-06-25,SKG,"Thessaloniki, Greece",DTW,671,599
2026-06-25,CJU,"Jeju City, South Korea",CLT,1663,1480
2026-06-25,HND,"Tokyo, Japan",SFO,829,736
2026-06-25,MOC,"Montes Claros, Brazil",MSP,1257,1110
2026-06-25,AEP,"Buenos Aires, Argentina",MIA,627,549
2026-06-25,DLM,"Dalaman, Türkiye",ORD,1381,1203
2026-06-25,BOG,"Bogota, Colombia",AUS,271,234
2026-06-25,BGI,"Bridgetown, Barbados",DCA,457,394
2026-06-25,IBZ,"Ibiza, Spain",IAD,845,723
2026-06-25,PLS,"Providenciales, Turks",JFK,436,369
2026-06-25,HYD,"Hyderabad, India",ORD,988,839
2026-06-25,SKP,"Skopje, North Macedonia",CVG,711,605
2026-06-25,MAA,"Chennai, India",ORD,1097,921
2026-06-25,CEK,"Chelyabinsk, Russia",IAH,1735,1461
2026-06-25,MPM,"Maputo, Mozambique",MSP,2405,2013
2026-06-25,GOT,"Gothenburg, Sweden",SFO,730,604
2026-06-25,CUE,"Cuenca, Ecuador",ATL,570,472
2026-06-25,VXE,"Sao Pedro, Cabo Verde",BOS,1416,1171
2026-06-25,QRO,"Queretaro, Mexico",RDU,279,227
2026-06-25,CGR,"Campo Grande, Brazil",BWI,1172,950
2026-06-25,ASU,"Asuncion, Paraguay",MIA,908,736
2026-06-25,CGK,"Jakarta, Indonesia",PHX,1291,1017
2026-06-25,APW,"Apia, Samoa",PHX,1399,1090
2026-06-25,DUS,"Dusseldorf, Germany",LAX,1054,820
2026-06-25,SVQ,"Seville, Spain",STL,1069,827
2026-06-25,CFE,"Clermont-Ferrand/Auvergne, France",MIA,1315,1010
2026-06-25,GGT,"George Town, Bahamas",MIA,558,404
2026-06-25,LEJ,"Leipzig, Germany",ANC,1382,990
2026-06-25,MQM,"Mardin, Türkiye",BOS,1659,1150
2026-06-25,MCX,"Makhachkala, Russia",SFO,2019,1390
2026-06-25,OSS,"Osh, Kyrgyzstan",DFW,2151,1480
2026-06-25,KUT,"Kutaisi, Georgia",OAK,1804,1213
2026-06-25,ABV,"Abuja, Nigeria",TPA,1937,1303
2026-06-25,VRA,"Varadero, Cuba",SFO,1007,640
2026-06-25,LPB,"La Paz / El Alto, Bolivia",BWI,1378,870
2026-06-25,KKN,"Kirkenes, Norway",ORD,1500,910
2026-06-25,YZF,"Yellowknife, Canada",ORD,862,500
2026-06-25,GOI,"Goa, India",ATL,2295,1300
2026-06-25,EOH,"Medellin, Colombia",DFW,815,421
2026-06-25,BLA,"Barcelona, Venezuela",BOS,1445,580
2026-06-25,UUD,"Ulan Ude, Russia",SEA,2652,1060
2026-06-25,SBH,"Gustavia, Saint Barthélemy",MIA,1040,400
2026-06-25,CGO,"Zhengzhou, China",SFO,806,1290
2026-06-25,PZU,"Port Sudan, Sudan",SFO,1072,1650
2026-06-25,PUJ,"Punta Cana, Dom. Rep.",MIA,128,185
2026-06-25,SCU,"Santiago, Cuba",MIA,697,1007
2026-06-25,VTE,"Vientiane, Laos",SEA,1148,1656
2026-06-25,REC,"Recife, Brazil",MIA,771,1093
2026-06-25,CCU,"Kolkata, India",IAD,1013,1418
2026-06-25,RMI,"Rimini, Italy",DCA,1092,1529
2026-06-25,TSR,"Timisoara, Romania",IAD,1175,1645
2026-06-25,DUR,"Durban, South Africa",IAD,1415,1981
2026-06-25,YHM,"Hamilton, Canada",FLL,243,340
2026-06-25,BGY,"Bergamo, Italy",BOS,599,839
2026-06-25,AQP,"Arequipa, Peru",MCO,688,963
2026-06-25,IAS,"Iasi, Romania",LGA,764,1070
2026-06-25,MUX,"Multan, Pakistan",DTW,907,1270
2026-06-25,XSC,"South Caicos Airport, Turks and Caicos Islands",IAH,977,1368
2026-06-25,HGA,"Hargeisa, Somalia",ATL,1143,1600
2026-06-25,VLN,"Valencia, Venezuela",DFW,1357,1900
2026-06-25,CEI,"Chiang Rai, Thailand",IAH,1476,2066
2026-06-25,LCY,"London, UK",MCO,1689,2365
2026-06-25,KRS,"Kjevik, Norway",BNA,1765,2471
2026-06-25,IKU,"Tamchy, Kyrgyzstan",PDX,2946,4124
2026-06-25,URC,"Urumqi, China",SNA,4838,6773
2026-06-25,OUA,"Ouagadougou, Burkina Faso",JFK,654,908
2026-06-25,TAM,"Tampico, Mexico",ATL,591,811
2026-06-25,UIO,"Quito, Ecuador",JFK,298,395
2026-06-25,BLR,"Bangalore, India",IAD,879,1176
2026-06-25,AXA,"The Valley, Anguilla",MIA,647,848
2026-06-25,CIX,"Chiclayo, Peru",SFO,695,910
2026-06-25,NVT,"Navegantes, Brazil",BOS,1084,1394
2026-06-25,TGD,"Podgorica, Montenegro",ORD,559,707
2026-06-25,CTG,"Cartagena, Colombia",FLL,223,279
2026-06-25,ESB,"Ankara, Türkiye",IAD,894,1111
2026-06-25,NGO,"Tokoname, Japan",CLT,1167,1420
2026-06-25,TLL,"Tallinn, Estonia",EWR,533,639
2026-06-25,AGU,"Aguascalientes, Mexico",DFW,386,464
2026-06-25,BIM,"South Bimini, Bahamas",IND,394,472
2026-06-25,GYE,"Guayaquil, Ecuador",JFK,234,276
2026-06-25,MAD,"Madrid, Spain",EWR,397,466
2026-06-25,HAV,"Havana, Cuba",MIA,184,215
2026-06-25,BER,"Berlin, Germany",JFK,583,665
2026-06-25,ACC,"Accra, Ghana",IAD,954,1079
2026-06-25,UBN,"Ulaanbaatar, Mongolia",ORD,786,894
2026-06-25,GCM,Grand Cayman,IAD,383,432
2026-06-25,ZRH,"Zurich, Switzerland",BWI,577,651
2026-06-25,HAM,"Hamburg, Germany",JFK,621,699
2026-06-25,MEL,"Melbourne, Australia",DTW,981,1100
2026-06-25,MNL,"Manila, Philippines",LAX,528,588
2026-06-25,KUL,"Kuala Lumpur, Malaysia",SFO,702,778
2026-06-25,VIX,"Vitoria, Brazil",BOS,596,664
2026-06-25,JDO,"Juazeiro Do Norte, Brazil",MIA,730,810
2026-06-25,MLE,"Male, Maldives",MSY,917,1005
2026-06-25,GVA,"Geneva, Switzerland",MCO,477,524
2026-06-25,CEB,"Cebu, Philippines",LAX,591,650
2026-06-25,SYD,"Sydney, Australia",LAX,741,817
2026-06-25,CLO,"Cali, Colombia",MCO,234,258
2026-06-25,CUZ,"Cusco, Peru",BWI,858,943
2026-06-25,CBB,"Cochabamba, Bolivia",LAX,953,1050
2026-06-25,GIG,"Rio de Janeiro, Brazil",TPA,431,471
2026-06-25,RMO,"Chișinău, Moldova",EWR,579,629
2026-06-25,PDL,"Ponta Delgada, Portugal",BOS,610,662
2026-06-25,PTY,"Panama City, Panama",JFK,269,290
2026-06-25,DOH,"Doha, Qatar",IAD,1501,1615
2026-06-25,KWI,Kuwait City,DEN,1115,1200
2026-06-25,YTZ,"Toronto, Canada",ORD,195,209
2026-06-25,MSQ,"Minsk, Belarus",IAD,1471,1587
2026-06-25,TPP,"Tarapoto, Peru",MIA,538,580
2026-06-25,BGA,"Bucaramanga, Colombia",JFK,548,590
2026-06-25,INN,"Innsbruck, Austria",AUS,1571,1682
2026-06-25,ROR,"Babelthuap Island, Palau",HNL,2380,2556
2026-06-25,YYZ,"Toronto, Canada",FLL,203,215
2026-06-25,NBO,"Nairobi, Kenya",IAD,722,766
2026-06-25,STI,"Santiago, Dominican Republic",EWR,197,210
2026-06-25,MTY,"Monterrey, Mexico",DFW,176,188
2026-06-25,STN,"London, UK",SEA,668,713
2026-06-25,TGZ,"Tuxtla Gutierrez, Mexico",IAH,426,454
2026-06-25,UVF,St. Lucia,JFK,499,523
2026-06-25,BEG,"Belgrade, Serbia",JFK,662,699
2026-06-25,VLC,"Valencia, Spain",BOS,664,696
2026-06-25,NAN,"Nadi, Fiji",LAX,694,734
2026-06-25,TFU,"Tianfu, China",DCA,1649,1738
2026-06-25,MEX,"Mexico City, Mexico",IAH,165,172
2026-06-25,EVN,"Yerevan, Armenia",BOS,727,754
2026-06-25,CGN,"Cologne, Germany",ORD,836,870
2026-06-25,SVO,"Moscow, Russia",MIA,1145,1193
2026-06-25,BSZ,"Bishkek, Kyrgyzstan",ORD,1025,1069
2026-06-25,XRY,"Jerez de la Forntera, Spain",MIA,910,950
2026-06-25,AGP,"Malaga, Spain",JFK,579,595
2026-06-25,HRG,"Hurghada, Egypt",LAX,973,1005
2026-06-25,SHJ,"Sharjah, UAE",ATL,809,832
2026-06-25,BRI,"Bari, Italy",IAD,774,801
2026-06-25,WMI,"Warsaw, Poland",ORD,679,702
2026-06-25,YQB,"Quebec City, Canada",SAN,457,471
2026-06-25,HOR,"Horta, Portugal",BOS,797,821
2026-06-25,SID,"Espargos, Cabo Verde",FLL,1422,1463
2026-06-25,STW,"Stavropol, Russia",SFO,2361,2423
2026-06-25,ARN,"Stockholm, Sweden",JFK,408,416
2026-06-25,SAW,"Istanbul, Türkiye",JFK,662,676
2026-06-25,BUS,"Batumi, Georgia",IAD,913,930
2026-06-25,CNF,"Belo Horizonte, Brazil",BOS,411,420
2026-06-25,KTI,"Krong Ta Khmau, Cambodia",LAX,735,751
2026-06-25,AMD,"Ahmedabad, India",IAD,929,944
2026-06-25,GZP,"Gazipasa, Türkiye",BWI,1074,1094
2026-06-25,SNN,"Shannon, Ireland",EWR,630,644
2026-06-25,ALG,"Algiers, Algeria",BOS,750,763
2026-06-25,RAI,"Praia, Cabo Verde",BOS,891,913
2026-06-25,FNC,"Funchal, Portugal",SFO,1113,1141
2026-06-25,CUR,Curacao,EWR,345,347
2026-06-25,LIM,"Lima, Peru",MIA,397,399
2026-06-25,FRA,"Frankfurt, Germany",JFK,532,537
2026-06-25,OPO,"Porto, Portugal",BOS,568,574
2026-06-25,SOF,"Sofia, Bulgaria",JFK,640,646
2026-06-25,MUC,"Munich, Germany",JFK,647,651
2026-06-25,DAD,"Da Nang, Vietnam",SFO,743,747
2026-06-25,VKO,"Moscow, Russia",IAD,1165,1174
2026-06-25,SKD,"Samarkand, Uzbekistan",IAD,1047,1062
2026-06-25,RHO,"Rodes Island, Greece",LAX,925,937
2026-06-25,HHN,"Hahn, Germany",IAD,754,760
2026-06-25,SJJ,"Sarajevo, Bosnia and Herzegovina",LAX,793,798
2026-06-25,PAS,"Paros Island, Greece",MIA,1217,1230
2026-06-25,PVH,"Porto Velho, Brazil",MCO,948,958
2026-06-25,SDQ,"Santo Domingo, Dom. Rep.",MIA,188,188
2026-06-25,KIN,"Kingston, Jamaica",JFK,246,246
2026-06-25,GUA,Guatemala City,MIA,190,190
2026-06-25,MBJ,"Montego Bay, Jamaica",TPA,217,217
2026-06-25,CUN,"Cancun, Mexico",ATL,166,166
2026-06-25,NAS,"Nassau, Bahamas",MIA,266,266
2026-06-25,KEF,"Reykjavik, Iceland",ORD,394,394
2026-06-25,YVR,"Vancouver, Canada",LAX,163,163
2026-06-25,POS,"Port of Spain, Trinidad",FLL,317,317
2026-06-25,SJO,"San Jose, Costa Rica",MIA,207,207
2026-06-25,YYC,"Calgary, Canada",SAN,270,269
2026-06-25,VIE,"Vienna, Austria",JFK,459,459
2026-06-25,OSL,"Oslo, Norway",JFK,465,464
2026-06-25,BUD,"Budapest, Hungary",EWR,483,483
2026-06-25,CDG,"Paris, France",EWR,464,464
2026-06-25,DUB,"Dublin, Ireland",ORD,457,459
2026-06-25,SXM,St. Maarten,LGA,468,466
2026-06-25,AMS,"Amsterdam, Netherlands",JFK,527,527
2026-06-25,MXP,"Milan, Italy",SFO,501,501
2026-06-25,MGA,"Managua, Nicaragua",MIA,299,299
2026-06-25,ANU,Antigua,JFK,538,538
2026-06-25,DXB,"Dubai, UAE",JFK,550,550
2026-06-25,WAW,"Warsaw, Poland",IAD,470,470
2026-06-25,IST,"Istanbul, Turkey",JFK,561,561
2026-06-25,CMN,"Casablanca, Morocco",LGA,540,540
2026-06-25,CPH,"Copenhagen, Denmark",RDU,466,466
2026-06-25,KRK,"Krakow, Poland",JFK,587,587
2026-06-25,VCE,"Venice, Italy",EWR,587,587
2026-06-25,LHR,"London, UK",BWI,482,482
2026-06-25,TBS,"Tbilisi, Georgia",JFK,642,642
2026-06-25,HEL,"Helsinki, Finland",MSP,529,528
2026-06-25,TUN,"Tunis, Tunisia",JFK,658,658
2026-06-25,YUL,"Montreal, Canada",BOS,217,217
2026-06-25,PRG,"Prague, Czechia",LAX,581,581
2026-06-25,FPO,"Freeport, Bahamas",FLL,410,410
2026-06-25,SSH,"Sharm El Sheikh, Egypt",EWR,667,667
2026-06-25,GND,Grenada,MIA,674,674
2026-06-25,RAK,"Marrakech, Morocco",BOS,628,628
2026-06-25,NAP,"Naples, Italy",LAX,743,743
2026-06-25,BOM,"Mumbai, India",BOS,854,854
2026-06-25,BRU,"Brussels, Belgium",BWI,528,527
2026-06-25,ADD,"Addis Ababa, Ethiopia",BOS,966,966
2026-06-25,JED,"Jeddah, Saudi Arabia",ORD,722,722
2026-06-25,GYD,"Baku, Azerbaijan",IAD,946,946
2026-06-25,HKG,Hong Kong,SFO,634,634
2026-06-25,PEK,"Beijing, China",LAX,669,669
2026-06-25,KTM,"Kathmandu, Nepal",HNL,1066,1066
2026-06-25,CAN,"Guangzhou, China",LAX,640,640
2026-06-25,BZE,"Belize City, Belize",IAD,334,334
2026-06-25,STT,"St. Thomas, USVI",MIA,389,389
2026-06-25,EZE,"Buenos Aires, Argentina",AUS,529,529
2026-06-25,MAN,"Manchester, UK",IAD,686,686
2026-06-25,DEL,"Delhi, India",IAD,783,783
2026-06-25,PVG,"Shanghai, China",LAX,617,617
2026-06-25,LIR,"Liberia, Costa Rica",PDX,338,338
2026-06-25,NRT,"Tokyo, Japan",HNL,644,644
2026-06-25,RUH,"Riyadh, Saudi Arabia",DTW,1196,1196
2026-06-25,DBV,"Dubrovnik, Croatia",ATL,617,617
2026-06-25,BLQ,"Bologna, Italy",ATL,648,650
2026-06-25,ZAG,"Zagreb, Croatia",CLE,668,668
2026-06-25,GLA,"Glasgow, Scotland",ATL,710,710
2026-06-25,SCL,"Santiago, Chile",MCO,355,355
2026-06-25,EDI,"Edinburgh, Scotland",ORD,673,673
2026-06-25,ZNZ,"Zanzibar, Tanzania",ORD,918,918
2026-06-25,MBA,"Mombasa, Kenya",ATL,1339,1339
2026-06-25,AUH,"Abu Dhabi, UAE",MIA,912,912
2026-06-25,RIX,"Riga, Latvia",SEA,569,569
2026-06-25,BNE,"Brisbane, Australia",LAX,718,718
2026-06-25,OKA,"Okinawa, Japan",TPA,891,891
2026-06-25,HAN,"Hanoi, Vietnam",LAX,786,786
2026-06-25,AKL,"Auckland, New Zealand",DFW,701,701
2026-06-25,MRS,"Marseille, France",ORD,765,765
2026-06-25,FAO,"Faro, Portugal",ORD,906,906
2026-06-25,CMB,"Colombo, Sri Lanka",ORD,1073,1073
2026-06-25,KIX,"Osaka, Japan",LAX,861,863
2026-06-25,MRU,Mauritius,ORD,1572,1572
2026-06-25,TGU,"Tegucigalpa, Honduras",RDU,932,932
2026-06-25,LYS,"Lyon, France",LAX,1061,1061
2026-06-25,ZQN,"Queenstown, NZ",IND,1606,1606
2026-06-25,TAS,"Tashkent, Uzbekistan",LAX,736,736
2026-06-25,LED,"St. Petersburg, Russia",IAD,1211,1211
2026-06-25,ALA,"Almaty, Kazakhstan",LAX,797,798
2026-06-25,LGW,"London, UK",MCO,391,391
2026-06-25,DME,"Moscow, Russia",ORD,1215,1215
2026-06-25,GDL,"Guadalajara, Mexico",LAX,245,245
2026-06-25,BJX,"Silao, Mexico",IAH,249,249
2026-06-25,AYT,"Antalya, Türkiye",BOS,705,707
2026-06-25,TIV,"Tivat, Montenegro",SEA,975,975
2026-06-25,SAP,"La Mesa, Honduras",MIA,268,268
2026-06-25,LHE,"Lahore, Pakistan",SFO,780,780
2026-06-25,XPL,"Comayagua, Honduras",MCO,358,358
2026-06-25,UFA,"Ufa, Russia",BOS,1401,1401
2026-06-25,ISB,"Islamabad, Pakistan",IAD,631,631
2026-06-25,PMI,"Palma De Mallorca, Spain",ATL,644,643
2026-06-25,FOC,"Fuzhou, China",IAD,1056,1056
2026-06-25,MLM,"Morelia, Mexico",LAX,236,236
2026-06-25,TIA,"Tirana, Albania",JFK,517,517
2026-06-25,SVX,"Yekaterinburg, Russia",SEA,1508,1508
2026-06-25,BGW,"Baghdad, Iraq",ORD,823,823
2026-06-25,TLC,"Toluca, Mexico",IAH,250,250
2026-06-25,CCS,"Caracas, Venezuela",MIA,422,422
2026-06-25,BVA,"Beauvais/Tille, France",JFK,620,620
2026-06-25,VVI,"Santa Cruz, Bolivia",IAD,710,710
2026-06-25,AER,"Sochi, Russia",MIA,1151,1151
2026-06-25,OVB,"Novosibirsk, Russia",DEN,1552,1552
2026-06-25,YEG,"Edmonton, Canada",ATL,348,348
2026-06-25,OAX,"Oaxaca, Mexico",LAX,207,207
2026-06-25,BSB,"Brasilia, Brazil",MIA,387,387
2026-06-25,PRN,Lipjan,IAD,684,684
2026-06-25,FIH,"Kinshasa, Congo",DFW,891,891
2026-06-25,MED,"Medina, Saudi Arabia",ORD,854,854
2026-06-25,BAQ,"Barranquilla, Colombia",MIA,258,258
2026-06-25,DAC,"Dhaka, Bangladesh",ATL,857,857
2026-06-25,CFU,"Kerkyra Island, Greece",BOS,959,959
2026-06-25,CXR,"Nha Trang, Vietnam",SFO,1072,1072
2026-06-25,BDA,"Hamilton, Bermuda",JFK,359,359
2026-06-25,KHI,"Karachi, Pakistan",JFK,649,649
2026-06-25,MID,"Merida, Mexico",OAK,323,323
2026-06-25,GEO,"Georgetown, Guyana",MIA,330,330
2026-06-25,MVD,"Montevideo, Uruguay",IAD,476,476
2026-06-25,RTB,"Roatan Island, Honduras",JFK,616,616
2026-06-25,LIN,"Milan, Italy",IAD,724,724
2026-06-25,CIA,"Roma, Italy",BWI,778,778
2026-06-25,CRK,"Angeles City, Philippines",LAS,782,782
2026-06-25,KBL,"Kabul, Afghanistan",IAD,861,861
2026-06-25,ROB,"Monrovia, Liberia",CMH,1376,1376
2026-06-25,HOG,"Holguin, Cuba",SAT,517,517
2026-06-25,EBB,"Kampala, Uganda",ATL,808,808
2026-06-25,SEZ,"Mahe Island, Seychelles",ORD,1403,1403
2026-06-25,VVO,"Vladivostok, Russia",SEA,1510,1510
2026-06-25,MZT,"Mazatlan, Mexico",SAT,368,368
2026-06-25,PEI,"Pereira, Colombia",MCO,459,461
2026-06-25,SDU,"Rio De Janeiro, Brazil",CLT,699,698
2026-06-25,NSI,"Yaounde, Cameroon",SAT,1410,1410
2026-06-25,VER,"Veracruz, Mexico",DFW,345,345
2026-06-25,PVK,"Preveza/Lefkada, Greece",BOS,742,742
2026-06-25,DAR,"Dar es Salaam, Tanzania",IAD,939,939
2026-06-25,LFW,"Lome, Togo",IAD,1122,1122
2026-06-25,HRE,"Harare, Zimbabwe",ORD,1280,1280
2026-06-25,FNA,"Freetown, Sierra Leone",IAH,1407,1407
2026-06-25,KUF,"Samara, Russia",AUS,1661,1661
2026-06-25,KHV,"Khabarovsk, Russia",MIA,2438,2433
2026-06-25,YXE,"Saskatoon, Canada",LGA,507,507
2026-06-25,CWB,"Curitiba, Brazil",CLT,630,630
2026-06-25,PKX,"Beijing, China",LAX,669,669
2026-06-25,RBA,"Rabat, Morocco",MCO,690,690
2026-06-25,BJV,"Bodrum, Türkiye",ORD,982,982
2026-06-25,BOB,"Motu Mute, French Polynesia",LAX,1020,1020
2026-06-25,KTW,"Katowice, Poland",MSP,1296,1296
2026-06-25,ABJ,"Abidjan, Côte d'Ivoire",IAH,1944,1944
2026-06-25,MAR,"Maracaibo, Venezuela",MIA,279,279
2026-06-25,XMN,"Xiamen, China",SFO,739,739
2026-06-25,CKG,"Chongqing, China",SFO,883,883
2026-06-25,SYX,"Sanya, China",LAX,900,900
2026-06-25,BOJ,"Burgas, Bulgaria",MIA,905,905
2026-06-25,BSR,"Basrah, Iraq",PDX,942,942
2026-06-25,PQC,"Duong Dong, Vietnam",ORD,1092,1092
2026-06-25,CTM,"Chetumal, Mexico",IAH,348,348
2026-06-25,MHH,"Marsh Harbour, Bahamas",FLL,449,449
2026-06-25,CUL,"Culiacan, Mexico",SEA,453,453
2026-06-25,CMW,"Camaguey, Cuba",AUS,489,489
2026-06-25,GDN,"Gdańsk, Poland",JFK,612,612
2026-06-25,SKB,"Basseterre, Saint Kitts and Nevis",JFK,619,619
2026-06-25,BON,"Kralendijk, Bonaire",ATL,631,628
2026-06-25,LTO,"Loreto, Mexico",DFW,632,632
2026-06-25,ZLO,"Manzanillo, Mexico",BWI,640,640
2026-06-25,CGH,"Sao Paulo, Brazil",MIA,698,695
2026-06-25,DGO,"Durango, Mexico",MKE,700,700
2026-06-25,OLB,"Olbia, Italy",IAD,701,701
2026-06-25,MLA,"Luqa, Malta",ORD,730,730
2026-06-25,VRN,"Verona, Italy",BOS,796,796
2026-06-25,SOU,"Southampton, UK",IAD,1045,1045
2026-06-25,COV,"Tarsus, Türkiye",IAH,1173,1173
2026-06-25,OHD,"Ohrid, North Macedonia",BOS,1197,1197
2026-06-25,COO,"Cotonou, Benin",IAH,1223,1224
2026-06-25,KSN,"Kostanay, Kazakhstan",MIA,1316,1316
2026-06-25,IKT,"Irkutsk, Russia",BOS,1322,1322
2026-06-25,KRR,"Krasnodar, Russia",DFW,1412,1412
2026-06-25,GOX,"Mopa, India",MIA,1592,1592
2026-06-25,NIM,"Niamey, Niger",IND,1656,1656
2026-06-25,PHC,"Port Harcourt, Nigeria",IAH,1687,1687
2026-06-25,LUN,"Lusaka, Zambia",IAD,1944,1944
2026-06-25,TIJ,"Tijuana, Mexico",LAX,296,296
2026-06-25,YOW,"Ottawa, Canada",CMH,401,401
2026-06-25,YXY,"Whitehorse, Canada",BNA,605,605
2026-06-25,AXM,"Armenia, Colombia",JFK,640,640
2026-06-25,ZIH,"Ixtapa, Mexico",LAX,720,720
2026-06-25,NUE,"Nuremberg, Germany",MIA,801,801
2026-06-25,SHA,"Shanghai, China",LAX,820,820
2026-06-25,WUH,"Wuhan, China",SFO,821,821
2026-06-25,RZE,"Rzeszow, Poland",ORD,838,838
2026-06-25,HBE,"Alexandria, Egypt",BOS,867,867
2026-06-25,HAK,"Haikou, China",SFO,879,879
2026-06-25,HAJ,"Hannover, Germany",DTW,885,885
2026-06-25,PNT,"Puerto Natales, Chile",FLL,1001,1001
2026-06-25,CUK,"Caye Caulker, Belize",SFO,1003,1003
2026-06-25,JPA,"Joao Pessoa, Brazil",LAX,1025,1025
2026-06-25,CLJ,"Cluj-Napoca, Romania",SFO,1035,1035
2026-06-25,SZX,"Shenzhen, China",ORD,1140,1140
2026-06-25,IGD,"Igdir, Türkiye",DFW,1203,1203
2026-06-25,CCP,"Concepcion, Chile",SLC,1290,1290
2026-06-25,DSS,"Diass, Senegal",CLT,1387,1387
2026-06-25,LWN,"Gyumri, Armenia",SFO,1719,1719
2026-06-25,USH,"Ushuahia, Argentina",SFO,1758,1758
2026-06-25,NMA,"Namangan, Uzbekistan",PIT,1807,1807
2026-06-25,KJA,"Krasnoyarsk, Russia",LAS,1960,1960
2026-06-25,YLW,"Kelowna, Canada",PHX,320,320
2026-06-25,ELH,"North Eleuthera, Bahamas",MIA,379,379
2026-06-25,YHZ,"Halifax, Canada",PHL,402,402
2026-06-25,CUU,"Chihuahua, Mexico",DEN,406,406
2026-06-25,YHU,"Longueuil, Canada",BWI,532,532
2026-06-25,PBC,"Puebla, Mexico",DEN,542,542
2026-06-25,TRC,"Torreon, Mexico",DEN,553,553
2026-06-25,REX,"Reynosa, Mexico",ORD,575,575
2026-06-25,YXU,"London, Canada",ORD,580,580
2026-06-25,JTR,"Santorini Island, Greece",JFK,595,595
2026-06-25,CZM,"Cozumel, Mexico",DEN,607,607
2026-06-25,EIS,"Road Town, Virgin Islands",MCO,636,636
2026-06-25,TRF,"Torp, Norway",SFO,721,721
2026-06-25,FMO,"Munster, Germany",DTW,762,762
2026-06-25,VGO,"Vigo, Spain",ORD,779,779
2026-06-25,TOS,"Tromsø, Norway",MSP,783,783
2026-06-25,PTP,"Pointe-a-Pitre Le Raizet, Guadeloupe",AUS,791,791
2026-06-25,SHE,"Shenyang, China",SFO,813,813
2026-06-25,BOC,"Isla Colon, Panama",DFW,829,829
2026-06-25,SUF,"Lamezia Terme, Italy",IAH,835,835
2026-06-25,GMP,"Seoul, South Korea",HNL,881,881
2026-06-25,TER,"Lajes, Portugal",SFO,892,892
2026-06-25,PSA,"Pisa, Italy",BOS,933,933
2026-06-25,EFL,"Kefallinia Island, Greece",PHX,1053,1053
2026-06-25,MJI,"Tripoli, Libya",ATL,1085,1085
2026-06-25,ADZ,"San Andres, Colombia",FLL,1093,1093
2026-06-25,PEG,"Perugia, Italy",ORD,1096,1096
2026-06-25,SCO,"Aktau, Kazakhstan",ORD,1179,1179
2026-06-25,PFO,"Paphos, Cyprus",PDX,1193,1193
2026-06-25,CRL,"Brussels, Belgium",DFW,1201,1201
2026-06-25,LYP,"Faisalabad, Pakistan",SMF,1218,1218
2026-06-25,SJZ,"Velas, Portugal",SFO,1222,1222
2026-06-25,WEH,"Weihai, China",SEA,1240,1240
2026-06-25,NBJ,"Luanda, Angola",SEA,1244,1244
2026-06-25,IPN,"Ipatinga, Brazil",FLL,1298,1298
2026-06-25,CFE,"Clermont-Ferrand/Auvergne, France",MIA,1315,1315
2026-06-25,NEV,"Charlestown, Saint Kitts and Nevis",STL,1344,1344
2026-06-25,BDS,"Brindisi, Italy",DTW,1352,1352
2026-06-25,XIY,"Xianyang, China",CVG,1352,1352
2026-06-25,TSN,"Tianjin, China",PHX,1474,1474
2026-06-25,SPR,SPR,MIA,1565,1565
2026-06-25,WDH,"Windhoek, Namibia",MIA,1689,1683
2026-06-25,GUW,"Atyrau, Kazakhstan",IND,1794,1794
2026-06-25,BLZ,"Blantyre, Malawi",CMH,1841,1841
2026-06-25,CIT,"Shymkent, Kazakhstan",SFO,1893,1893
2026-06-25,KGF,"Karaganda, Kazakhstan",MIA,2007,2007
2026-06-25,URA,"Uralsk, Kazakhstan",MSP,2011,2011
2026-06-25,NDJ,"N'Djamena, Chad",IND,2061,2061
2026-06-25,FBM,"Lubumbashi, Congo",IND,2238,2238
2026-06-25,YKF,"Waterloo, Canada",MDW,2265,2265
2026-06-25,BAX,"Barnaul, Russia",MIA,2311,2311
2026-06-25,LBD,"Khudzhand, Tajikistan",DFW,2441,2441
2026-06-25,ULV,"Ulyanovsk, Russia",DFW,2476,2476
2026-06-25,NGS,"Nagasaki, Japan",ATL,2575,2575
2026-06-25,MGQ,"Mogadishu, Somalia",SEA,2596,2596
2026-06-25,ASF,"Astrakhan, Russia",BOS,2740,2740
2026-06-25,GVN,"Sovetskaya Gavan, Russia",SNA,3142,3142
2026-06-25,ITU,ITU,ATL,3316,3316
2026-06-25,GRU,"Sao Paulo, Brazil",MIA,446,440
2026-06-25,SGN,"Ho Chi Minh, Vietnam",LAX,618,613
2026-06-25,FOR,"Fortaleza, Brazil",MIA,753,747
2026-06-25,NQZ,"Astana, Kazakhstan",IAH,1134,1122
2026-06-25,KZN,"Kazan, Russia",FLL,1390,1374
2026-06-25,PVR,"Puerto Vallarta, Mexico",LAX,315,312
2026-06-25,ALC,"Alicante, Spain",BOS,609,602
2026-06-25,POA,"Porto Alegre, Brazil",BOS,716,709
2026-06-25,ISU,"Sulaymaniyah, Iraq",DCA,1143,1130
2026-06-25,LCA,"Larnarca, Cyprus",ORD,970,962
2026-06-25,LLW,"Lilongwe, Malawi",ORD,1263,1245
2026-06-25,TAO,"Qingdao, China",MIA,1554,1536
2026-06-25,SAL,San Salvador,LGA,187,184
2026-06-25,BCN,"Barcelona, Spain",ORD,484,476
2026-06-25,FLR,"Florence, Italy",BOS,764,747
2026-06-25,HKT,"Phuket, Thailand",LAX,768,750
2026-06-25,ICN,"Seoul, South Korea",SFO,672,657
2026-06-25,JNB,"Johannesburg, S. Africa",IAH,844,830
2026-06-25,CPT,"Cape Town, S. Africa",ORD,1254,1228
2026-06-25,TQO,"Tulum, Mexico",LGA,411,402
2026-06-25,YWG,"Winnipeg, Canada",LGA,427,420
2026-06-25,TAB,"Scarborough, Trinidad and Tobago",JFK,518,510
2026-06-25,PMO,"Palermo, Italy",ORD,851,836
2026-06-25,FCO,"Rome, Italy",LAX,460,448
2026-06-25,LIS,"Lisbon, Portugal",JFK,614,598
2026-06-25,CAI,"Cairo, Egypt",IAD,634,614
2026-06-25,OTP,"Bucharest, Romania",MIA,670,651
2026-06-25,USM,"Koh Samui, Thailand",DFW,1548,1497
2026-06-25,CNX,"Chiang Mai, Thailand",SFO,1769,1713
2026-06-25,ORY,"Paris, France",JFK,474,458
2026-06-25,DYU,"Dushanbe, Tajikistan",ORD,1282,1244
2026-06-25,NLU,"Reyes Acozac, Mexico",LAX,278,270
2026-06-25,ZIA,"Zhukovsky, Russia",IAD,1505,1465
2026-06-25,VNO,"Vilnius, Lithuania",LAX,546,527
2026-06-25,DPS,"Bali, Indonesia",SEA,815,781
2026-06-25,PPT,"Papeete, Tahiti",SFO,821,793
2026-06-25,VCP,"Campinas, Brazil",FLL,604,578
2026-06-25,DLA,"Douala, Cameroon",DTW,1246,1196
2026-06-25,MRV,"Mineralnyye Vody, Russia",MIA,1680,1610
2026-06-25,CAP,"Cap Haitien, Haiti",FLL,622,600
2026-06-25,ADB,"Izmir, Türkiye",IAD,910,878
2026-06-25,UGC,"Urgench, Uzbekistan",ORD,1321,1275
2026-06-25,CSX,"Changsha, China",CLT,1919,1849
2026-06-25,ATH,"Athens, Greece",JFK,533,509
2026-06-25,NCE,"Nice, France",MIA,772,736
2026-06-25,COK,"Kochi, India",MIA,1167,1111
2026-06-25,BPS,"Porto Seguro, Brazil",PHL,1037,991
2026-06-25,HER,"Heraklion, Greece",BOS,950,903
2026-06-25,SVG,"Stavanger, Norway",ATL,883,839
2026-06-25,JMK,"Mykonos Island, Greece",LAX,966,919
2026-06-25,MGF,"Maringa, Brazil",BOS,1058,1010
2026-06-25,NJF,"Najaf, Iraq",MSP,1445,1379
2026-06-25,TPE,"Taipei, Taiwan",ORD,731,692
2026-06-25,SSA,"Salvador, Brazil",MSY,1095,1036
2026-06-25,POP,"Puerto Plata, Dominican Republic",MIA,428,405
2026-06-25,SNU,"Santa Clara, Cuba",MIA,362,341
2026-06-25,GYN,"Goiania, Brazil",BNA,907,855
2026-06-25,SLP,"San Luis Potosi, Mexico",DFW,441,418
2026-06-25,SJU,"San Juan, Puerto Rico",TPA,145,135
2026-06-25,AUA,Aruba,TPA,242,227
2026-06-25,BKK,"Bangkok, Thailand",SFO,662,621
2026-06-25,SVD,"Argyle, Saint Vincent and the Grenadines",EWR,389,365
2026-06-25,OGZ,"Beslan, Russia",CLT,1683,1576
2026-06-25,EBL,"Arbil, Iraq",SAN,921,856
2026-06-25,LBA,"Leeds, UK",ATL,983,910
2026-06-25,BPN,"Balikpapan, Borneo Island, Indonesia",CLT,1970,1827
2026-06-25,FLN,"Florianopolis, Brazil",BOS,971,892
2026-06-25,SIN,Singapore,SFO,678,620
2026-06-25,BJM,"Bujumbura, Burundi",LAX,1053,965
2026-06-25,LTN,"London, UK",LGA,787,719
2026-06-25,YDF,"Deer Lake, Canada",IND,751,691
2026-06-25,SJD,"Los Cabos, Mexico",EWR,264,239
2026-06-25,LOS,"Lagos, Nigeria",IND,925,838
2026-06-25,SKG,"Thessaloniki, Greece",DTW,671,609
2026-06-25,MDE,"Medellin, Colombia",FLL,252,228
2026-06-25,HND,"Tokyo, Japan",SFO,829,749
2026-06-25,AEP,"Buenos Aires, Argentina",MIA,627,560
2026-06-25,DLM,"Dalaman, Türkiye",ORD,1381,1229
2026-06-25,CJU,"Jeju City, South Korea",CLT,1663,1480
2026-06-25,BOG,"Bogota, Colombia",AUS,271,239
2026-06-25,BGI,"Bridgetown, Barbados",DCA,457,403
2026-06-25,MOC,"Montes Claros, Brazil",MSP,1257,1110
2026-06-25,IBZ,"Ibiza, Spain",IAD,845,741
2026-06-25,PLS,"Providenciales, Turks",JFK,436,378
2026-06-25,HYD,"Hyderabad, India",ORD,988,860
2026-06-25,SKP,"Skopje, North Macedonia",CVG,711,620
2026-06-25,MAA,"Chennai, India",ORD,1097,946
2026-06-25,CEK,"Chelyabinsk, Russia",IAH,1735,1500
2026-06-25,MPM,"Maputo, Mozambique",MSP,2405,2069
2026-06-25,GOT,"Gothenburg, Sweden",SFO,730,622
2026-06-25,CUE,"Cuenca, Ecuador",ATL,570,486
2026-06-25,VXE,"Sao Pedro, Cabo Verde",BOS,1416,1206
2026-06-25,QRO,"Queretaro, Mexico",RDU,279,235
2026-06-25,ASU,"Asuncion, Paraguay",MIA,908,761
2026-06-25,CGK,"Jakarta, Indonesia",PHX,1291,1056
2026-06-25,CGR,"Campo Grande, Brazil",BWI,1172,950
2026-06-25,SVQ,"Seville, Spain",STL,1069,861
2026-06-25,APW,"Apia, Samoa",PHX,1399,1090
2026-06-25,DUS,"Dusseldorf, Germany",LAX,1054,820
2026-06-25,GGT,"George Town, Bahamas",MIA,558,426
2026-06-25,KUT,"Kutaisi, Georgia",OAK,1804,1297
2026-06-25,ABV,"Abuja, Nigeria",TPA,1937,1393
2026-06-25,LEJ,"Leipzig, Germany",ANC,1382,990
2026-06-25,MQM,"Mardin, Türkiye",BOS,1659,1150
2026-06-25,MCX,"Makhachkala, Russia",SFO,2019,1390
2026-06-25,OSS,"Osh, Kyrgyzstan",DFW,2151,1480
2026-06-25,VRA,"Varadero, Cuba",SFO,1007,640
2026-06-25,LPB,"La Paz / El Alto, Bolivia",BWI,1378,870
2026-06-25,KKN,"Kirkenes, Norway",ORD,1500,910
2026-06-25,EOH,"Medellin, Colombia",DFW,815,477
2026-06-25,YZF,"Yellowknife, Canada",ORD,862,500
2026-06-25,GOI,"Goa, India",ATL,2295,1300
2026-06-25,BLA,"Barcelona, Venezuela",BOS,1445,580
2026-06-25,UUD,"Ulan Ude, Russia",SEA,2652,1060
2026-06-25,SBH,"Gustavia, Saint Barthélemy",MIA,1040,400
2026-06-25,BGY,"Bergamo, Italy",BOS,599,839
2026-06-25,VLN,"Valencia, Venezuela",DFW,1357,1900
2026-06-25,PUJ,"Punta Cana, Dom. Rep.",MIA,128,178
2026-06-25,SCU,"Santiago, Cuba",MIA,697,969
2026-06-25,VTE,"Vientiane, Laos",SEA,1148,1593
2026-06-25,REC,"Recife, Brazil",MIA,771,1053
2026-06-25,OUA,"Ouagadougou, Burkina Faso",JFK,654,876
2026-06-25,TAM,"Tampico, Mexico",ATL,591,783
2026-06-25,BLR,"Bangalore, India",IAD,879,1139
2026-06-25,UIO,"Quito, Ecuador",JFK,298,383
2026-06-25,AXA,"The Valley, Anguilla",MIA,647,823
2026-06-25,NVT,"Navegantes, Brazil",BOS,1084,1355
2026-06-25,TGD,"Podgorica, Montenegro",ORD,559,688
2026-06-25,CTG,"Cartagena, Colombia",FLL,223,272
2026-06-25,ESB,"Ankara, Türkiye",IAD,894,1084
2026-06-25,TLL,"Tallinn, Estonia",EWR,533,626
2026-06-25,AGU,"Aguascalientes, Mexico",DFW,386,454
2026-06-25,BIM,"South Bimini, Bahamas",IND,394,462
2026-06-25,GYE,"Guayaquil, Ecuador",JFK,234,271
2026-06-25,MAD,"Madrid, Spain",EWR,397,458
2026-06-25,HAV,"Havana, Cuba",MIA,184,211
2026-06-25,BER,"Berlin, Germany",JFK,583,655
2026-06-25,UBN,"Ulaanbaatar, Mongolia",ORD,786,880
2026-06-25,GCM,Grand Cayman,IAD,383,426
2026-06-25,ZRH,"Zurich, Switzerland",BWI,577,642
2026-06-25,HAM,"Hamburg, Germany",JFK,621,690
2026-06-25,ACC,"Accra, Ghana",IAD,954,1064
2026-06-25,MEL,"Melbourne, Australia",DTW,981,1085
2026-06-25,MNL,"Manila, Philippines",LAX,528,581
2026-06-25,KUL,"Kuala Lumpur, Malaysia",SFO,702,769
2026-06-25,VIX,"Vitoria, Brazil",BOS,596,656
2026-06-25,GIG,"Rio de Janeiro, Brazil",TPA,431,466
2026-06-25,MLE,"Male, Maldives",MSY,917,994
2026-06-25,GVA,"Geneva, Switzerland",MCO,477,518
2026-06-25,CEB,"Cebu, Philippines",LAX,591,642
2026-06-25,SYD,"Sydney, Australia",LAX,741,808
2026-06-25,CLO,"Cali, Colombia",MCO,234,255
2026-06-25,CUZ,"Cusco, Peru",BWI,858,933
2026-06-25,PTY,"Panama City, Panama",JFK,269,288
2026-06-25,RMO,"Chișinău, Moldova",EWR,579,623
2026-06-25,PDL,"Ponta Delgada, Portugal",BOS,610,655
2026-06-25,DOH,"Doha, Qatar",IAD,1501,1601
2026-06-25,YTZ,"Toronto, Canada",ORD,195,207
2026-06-25,MSQ,"Minsk, Belarus",IAD,1471,1572
2026-06-25,MTY,"Monterrey, Mexico",DFW,176,187
2026-06-25,STN,"London, UK",SEA,668,708
2026-06-25,TGZ,"Tuxtla Gutierrez, Mexico",IAH,426,451
2026-06-25,INN,"Innsbruck, Austria",AUS,1571,1668
2026-06-25,ROR,"Babelthuap Island, Palau",HNL,2380,2534
2026-06-25,YYZ,"Toronto, Canada",FLL,203,213
2026-06-25,BEG,"Belgrade, Serbia",JFK,662,695
2026-06-25,NBO,"Nairobi, Kenya",IAD,722,760
2026-06-25,NAN,"Nadi, Fiji",LAX,694,729
2026-06-25,STI,"Santiago, Dominican Republic",EWR,197,208
2026-06-25,TFU,"Tianfu, China",DCA,1649,1727
2026-06-25,MEX,"Mexico City, Mexico",IAH,165,171
2026-06-25,UVF,St. Lucia,JFK,499,520
2026-06-25,VLC,"Valencia, Spain",BOS,664,692
2026-06-25,SVO,"Moscow, Russia",MIA,1145,1187
2026-06-25,BSZ,"Bishkek, Kyrgyzstan",ORD,1025,1063
2026-06-25,EVN,"Yerevan, Armenia",BOS,727,751
2026-06-25,HRG,"Hurghada, Egypt",LAX,973,1001
2026-06-25,CGN,"Cologne, Germany",ORD,836,866
2026-06-25,BRI,"Bari, Italy",IAD,774,798
2026-06-25,WMI,"Warsaw, Poland",ORD,679,699
2026-06-25,YQB,"Quebec City, Canada",SAN,457,470
2026-06-25,HOR,"Horta, Portugal",BOS,797,818
2026-06-25,ARN,"Stockholm, Sweden",JFK,408,415
2026-06-25,AGP,"Malaga, Spain",JFK,579,593
2026-06-25,SAW,"Istanbul, Türkiye",JFK,662,674
2026-06-25,BUS,"Batumi, Georgia",IAD,913,928
2026-06-25,CNF,"Belo Horizonte, Brazil",BOS,411,419
2026-06-25,KTI,"Krong Ta Khmau, Cambodia",LAX,735,749
2026-06-25,SHJ,"Sharjah, UAE",ATL,809,829
2026-06-25,GZP,"Gazipasa, Türkiye",BWI,1074,1091
2026-06-25,SNN,"Shannon, Ireland",EWR,630,643
2026-06-25,RAI,"Praia, Cabo Verde",BOS,891,910
2026-06-25,FNC,"Funchal, Portugal",SFO,1113,1138
2026-06-25,SID,"Espargos, Cabo Verde",FLL,1422,1458
2026-06-25,STW,"Stavropol, Russia",SFO,2361,2416
2026-06-25,CUR,Curacao,EWR,345,347
2026-06-25,LIM,"Lima, Peru",MIA,397,399
2026-06-25,FRA,"Frankfurt, Germany",JFK,532,536
2026-06-25,OPO,"Porto, Portugal",BOS,568,573
2026-06-25,SOF,"Sofia, Bulgaria",JFK,640,646
2026-06-25,VKO,"Moscow, Russia",IAD,1165,1173
2026-06-25,SKD,"Samarkand, Uzbekistan",IAD,1047,1060
2026-06-25,AMD,"Ahmedabad, India",IAD,929,942
2026-06-25,RHO,"Rodes Island, Greece",LAX,925,936
2026-06-25,ALG,"Algiers, Algeria",BOS,750,761
2026-06-25,HHN,"Hahn, Germany",IAD,754,760
2026-06-25,SJJ,"Sarajevo, Bosnia and Herzegovina",LAX,793,798
2026-06-25,PVH,"Porto Velho, Brazil",MCO,948,957
2026-06-25,SDQ,"Santo Domingo, Dom. Rep.",MIA,188,188
2026-06-25,KIN,"Kingston, Jamaica",JFK,246,246
2026-06-25,GUA,Guatemala City,MIA,190,190
2026-06-25,MBJ,"Montego Bay, Jamaica",TPA,217,217
2026-06-25,CUN,"Cancun, Mexico",ATL,166,166
2026-06-25,NAS,"Nassau, Bahamas",MIA,266,266
2026-06-25,KEF,"Reykjavik, Iceland",ORD,394,394
2026-06-25,YVR,"Vancouver, Canada",LAX,163,163
2026-06-25,POS,"Port of Spain, Trinidad",FLL,317,317
2026-06-25,SJO,"San Jose, Costa Rica",MIA,207,207
2026-06-25,YYC,"Calgary, Canada",SAN,270,269
2026-06-25,VIE,"Vienna, Austria",JFK,459,459
2026-06-25,OSL,"Oslo, Norway",JFK,465,464
2026-06-25,BUD,"Budapest, Hungary",EWR,483,483
2026-06-25,CDG,"Paris, France",EWR,464,464
2026-06-25,DUB,"Dublin, Ireland",ORD,457,459
2026-06-25,SXM,St. Maarten,LGA,468,466
2026-06-25,AMS,"Amsterdam, Netherlands",JFK,527,527
2026-06-25,MXP,"Milan, Italy",SFO,501,501
2026-06-25,MGA,"Managua, Nicaragua",MIA,299,299
2026-06-25,ANU,Antigua,JFK,538,538
2026-06-25,DXB,"Dubai, UAE",JFK,550,550
2026-06-25,WAW,"Warsaw, Poland",IAD,470,470
2026-06-25,IST,"Istanbul, Turkey",JFK,561,561
2026-06-25,CMN,"Casablanca, Morocco",LGA,540,540
2026-06-25,CPH,"Copenhagen, Denmark",RDU,466,466
2026-06-25,KRK,"Krakow, Poland",JFK,587,587
2026-06-25,VCE,"Venice, Italy",EWR,587,587
2026-06-25,LHR,"London, UK",BWI,482,482
2026-06-25,TBS,"Tbilisi, Georgia",JFK,642,642
2026-06-25,HEL,"Helsinki, Finland",MSP,529,528
2026-06-25,MUC,"Munich, Germany",JFK,647,650
2026-06-25,TUN,"Tunis, Tunisia",JFK,658,658
2026-06-25,YUL,"Montreal, Canada",BOS,217,217
2026-06-25,PRG,"Prague, Czechia",LAX,581,581
2026-06-25,FPO,"Freeport, Bahamas",FLL,410,410
2026-06-25,SSH,"Sharm El Sheikh, Egypt",EWR,667,667
2026-06-25,GND,Grenada,MIA,674,674
2026-06-25,RAK,"Marrakech, Morocco",BOS,628,628
2026-06-25,NAP,"Naples, Italy",LAX,743,743
2026-06-25,BOM,"Mumbai, India",BOS,854,854
2026-06-25,BRU,"Brussels, Belgium",BWI,528,527
2026-06-25,ADD,"Addis Ababa, Ethiopia",BOS,966,966
2026-06-25,JED,"Jeddah, Saudi Arabia",ORD,722,722
2026-06-25,GYD,"Baku, Azerbaijan",IAD,946,946
2026-06-25,HKG,Hong Kong,SFO,634,634
2026-06-25,PEK,"Beijing, China",LAX,669,669
2026-06-25,KTM,"Kathmandu, Nepal",HNL,1066,1066
2026-06-25,CAN,"Guangzhou, China",LAX,640,640
2026-06-25,BZE,"Belize City, Belize",IAD,334,334
2026-06-25,STT,"St. Thomas, USVI",MIA,389,389
2026-06-25,EZE,"Buenos Aires, Argentina",AUS,529,529
2026-06-25,MAN,"Manchester, UK",IAD,686,686
2026-06-25,DEL,"Delhi, India",IAD,783,783
2026-06-25,PVG,"Shanghai, China",LAX,617,617
2026-06-25,LIR,"Liberia, Costa Rica",PDX,338,338
2026-06-25,NRT,"Tokyo, Japan",HNL,644,644
2026-06-25,RUH,"Riyadh, Saudi Arabia",DTW,1196,1196
2026-06-25,DBV,"Dubrovnik, Croatia",ATL,617,617
2026-06-25,BLQ,"Bologna, Italy",ATL,648,650
2026-06-25,ZAG,"Zagreb, Croatia",CLE,668,668
2026-06-25,GLA,"Glasgow, Scotland",ATL,710,710
2026-06-25,SCL,"Santiago, Chile",MCO,355,355
2026-06-25,EDI,"Edinburgh, Scotland",ORD,673,673
2026-06-25,ZNZ,"Zanzibar, Tanzania",ORD,918,918
2026-06-25,MBA,"Mombasa, Kenya",ATL,1339,1339
2026-06-25,DAD,"Da Nang, Vietnam",SFO,743,746
2026-06-25,GOI,"Goa, India",ATL,2295,2295
2026-06-25,AUH,"Abu Dhabi, UAE",MIA,912,912
2026-06-25,RIX,"Riga, Latvia",SEA,569,569
2026-06-25,BNE,"Brisbane, Australia",LAX,718,718
2026-06-25,OKA,"Okinawa, Japan",TPA,891,891
2026-06-25,HAN,"Hanoi, Vietnam",LAX,786,786
2026-06-25,AKL,"Auckland, New Zealand",DFW,701,701
2026-06-25,MRS,"Marseille, France",ORD,765,765
2026-06-25,FAO,"Faro, Portugal",ORD,906,906
2026-06-25,CMB,"Colombo, Sri Lanka",ORD,1073,1073
2026-06-25,KIX,"Osaka, Japan",LAX,861,862
2026-06-25,MRU,Mauritius,ORD,1572,1572
2026-06-25,TGU,"Tegucigalpa, Honduras",RDU,932,932
2026-06-25,KWI,Kuwait City,DEN,1115,1115
2026-06-25,DUS,"Dusseldorf, Germany",LAX,1054,1054
2026-06-25,LYS,"Lyon, France",LAX,1061,1061
2026-06-25,ZQN,"Queenstown, NZ",IND,1606,1606
2026-06-25,TAS,"Tashkent, Uzbekistan",LAX,736,736
2026-06-25,LED,"St. Petersburg, Russia",IAD,1211,1211
2026-06-25,ALA,"Almaty, Kazakhstan",LAX,797,798
2026-06-25,LGW,"London, UK",MCO,391,391
2026-06-25,DME,"Moscow, Russia",ORD,1215,1215
2026-06-25,GDL,"Guadalajara, Mexico",LAX,245,245
2026-06-25,BJX,"Silao, Mexico",IAH,249,249
2026-06-25,SAP,"La Mesa, Honduras",MIA,268,268
2026-06-25,AYT,"Antalya, Türkiye",BOS,705,707
2026-06-25,TIV,"Tivat, Montenegro",SEA,975,975
2026-06-25,LHE,"Lahore, Pakistan",SFO,780,780
2026-06-25,XPL,"Comayagua, Honduras",MCO,358,358
2026-06-25,UFA,"Ufa, Russia",BOS,1401,1401
2026-06-25,ISB,"Islamabad, Pakistan",IAD,631,631
2026-06-25,PMI,"Palma De Mallorca, Spain",ATL,644,643
2026-06-25,FOC,"Fuzhou, China",IAD,1056,1056
2026-06-25,MLM,"Morelia, Mexico",LAX,236,236
2026-06-25,TIA,"Tirana, Albania",JFK,517,517
2026-06-25,SVX,"Yekaterinburg, Russia",SEA,1508,1508
2026-06-25,BGW,"Baghdad, Iraq",ORD,823,823
2026-06-25,TLC,"Toluca, Mexico",IAH,250,250
2026-06-25,CCS,"Caracas, Venezuela",MIA,422,422
2026-06-25,BVA,"Beauvais/Tille, France",JFK,620,620
2026-06-25,VVI,"Santa Cruz, Bolivia",IAD,710,710
2026-06-25,AER,"Sochi, Russia",MIA,1151,1151
2026-06-25,OVB,"Novosibirsk, Russia",DEN,1552,1552
2026-06-25,YEG,"Edmonton, Canada",ATL,348,348
2026-06-25,OAX,"Oaxaca, Mexico",LAX,207,207
2026-06-25,BSB,"Brasilia, Brazil",MIA,387,387
2026-06-25,PRN,Lipjan,IAD,684,684
2026-06-25,FIH,"Kinshasa, Congo",DFW,891,891
2026-06-25,MED,"Medina, Saudi Arabia",ORD,854,854
2026-06-25,BAQ,"Barranquilla, Colombia",MIA,258,258
2026-06-25,CFU,"Kerkyra Island, Greece",BOS,959,959
2026-06-25,CXR,"Nha Trang, Vietnam",SFO,1072,1072
2026-06-25,BDA,"Hamilton, Bermuda",JFK,359,359
2026-06-25,KHI,"Karachi, Pakistan",JFK,649,649
2026-06-25,DAC,"Dhaka, Bangladesh",ATL,857,857
2026-06-25,MID,"Merida, Mexico",OAK,323,323
2026-06-25,GEO,"Georgetown, Guyana",MIA,330,330
2026-06-25,MVD,"Montevideo, Uruguay",IAD,476,476
2026-06-25,RTB,"Roatan Island, Honduras",JFK,616,616
2026-06-25,LIN,"Milan, Italy",IAD,724,724
2026-06-25,CIA,"Roma, Italy",BWI,778,778
2026-06-25,CRK,"Angeles City, Philippines",LAS,782,782
2026-06-25,KBL,"Kabul, Afghanistan",IAD,861,861
2026-06-25,ROB,"Monrovia, Liberia",CMH,1376,1376
2026-06-25,HOG,"Holguin, Cuba",SAT,517,517
2026-06-25,EBB,"Kampala, Uganda",ATL,808,808
2026-06-25,DAR,"Dar es Salaam, Tanzania",IAD,939,939
2026-06-25,SEZ,"Mahe Island, Seychelles",ORD,1403,1403
2026-06-25,VVO,"Vladivostok, Russia",SEA,1510,1510
2026-06-25,VER,"Veracruz, Mexico",DFW,345,345
2026-06-25,MZT,"Mazatlan, Mexico",SAT,368,368
2026-06-25,PEI,"Pereira, Colombia",MCO,459,461
2026-06-25,SDU,"Rio De Janeiro, Brazil",CLT,699,698
2026-06-25,NSI,"Yaounde, Cameroon",SAT,1410,1410
2026-06-25,PVK,"Preveza/Lefkada, Greece",BOS,742,742
2026-06-25,LFW,"Lome, Togo",IAD,1122,1122
2026-06-25,CGR,"Campo Grande, Brazil",BWI,1172,1172
2026-06-25,HRE,"Harare, Zimbabwe",ORD,1280,1280
2026-06-25,FNA,"Freetown, Sierra Leone",IAH,1407,1407
2026-06-25,KUF,"Samara, Russia",AUS,1661,1661
2026-06-25,KHV,"Khabarovsk, Russia",MIA,2438,2434
2026-06-25,YXE,"Saskatoon, Canada",LGA,507,507
2026-06-25,CWB,"Curitiba, Brazil",CLT,630,630
2026-06-25,PKX,"Beijing, China",LAX,669,669
2026-06-25,RBA,"Rabat, Morocco",MCO,690,690
2026-06-25,BJV,"Bodrum, Türkiye",ORD,982,982
2026-06-25,BOB,"Motu Mute, French Polynesia",LAX,1020,1020
2026-06-25,KTW,"Katowice, Poland",MSP,1296,1296
2026-06-25,ABJ,"Abidjan, Côte d'Ivoire",IAH,1944,1944
2026-06-25,MAR,"Maracaibo, Venezuela",MIA,279,279
2026-06-25,XMN,"Xiamen, China",SFO,739,739
2026-06-25,CKG,"Chongqing, China",SFO,883,883
2026-06-25,SYX,"Sanya, China",LAX,900,900
2026-06-25,BOJ,"Burgas, Bulgaria",MIA,905,905
2026-06-25,BSR,"Basrah, Iraq",PDX,942,942
2026-06-25,PQC,"Duong Dong, Vietnam",ORD,1092,1092
2026-06-25,CTM,"Chetumal, Mexico",IAH,348,348
2026-06-25,MHH,"Marsh Harbour, Bahamas",FLL,449,449
2026-06-25,CUL,"Culiacan, Mexico",SEA,453,453
2026-06-25,CMW,"Camaguey, Cuba",AUS,489,489
2026-06-25,TPP,"Tarapoto, Peru",MIA,538,538
2026-06-25,GDN,"Gdańsk, Poland",JFK,612,612
2026-06-25,SKB,"Basseterre, Saint Kitts and Nevis",JFK,619,619
2026-06-25,BON,"Kralendijk, Bonaire",ATL,631,629
2026-06-25,LTO,"Loreto, Mexico",DFW,632,632
2026-06-25,ZLO,"Manzanillo, Mexico",BWI,640,640
2026-06-25,CGH,"Sao Paulo, Brazil",MIA,698,696
2026-06-25,DGO,"Durango, Mexico",MKE,700,700
2026-06-25,OLB,"Olbia, Italy",IAD,701,701
2026-06-25,MLA,"Luqa, Malta",ORD,730,730
2026-06-25,VRN,"Verona, Italy",BOS,796,796
2026-06-25,CCU,"Kolkata, India",IAD,1013,1013
2026-06-25,SOU,"Southampton, UK",IAD,1045,1045
2026-06-25,PZU,"Port Sudan, Sudan",SFO,1072,1072
2026-06-25,RMI,"Rimini, Italy",DCA,1092,1092
2026-06-25,COV,"Tarsus, Türkiye",IAH,1173,1173
2026-06-25,TSR,"Timisoara, Romania",IAD,1175,1175
2026-06-25,OHD,"Ohrid, North Macedonia",BOS,1197,1197
2026-06-25,COO,"Cotonou, Benin",IAH,1223,1224
2026-06-25,KSN,"Kostanay, Kazakhstan",MIA,1316,1316
2026-06-25,IKT,"Irkutsk, Russia",BOS,1322,1322
2026-06-25,LPB,"La Paz / El Alto, Bolivia",BWI,1378,1378
2026-06-25,KRR,"Krasnodar, Russia",DFW,1412,1412
2026-06-25,GOX,"Mopa, India",MIA,1592,1592
2026-06-25,NIM,"Niamey, Niger",IND,1656,1656
2026-06-25,PHC,"Port Harcourt, Nigeria",IAH,1687,1687
2026-06-25,LUN,"Lusaka, Zambia",IAD,1944,1944
2026-06-25,MCX,"Makhachkala, Russia",SFO,2019,2019
2026-06-25,YHM,"Hamilton, Canada",FLL,243,243
2026-06-25,TIJ,"Tijuana, Mexico",LAX,296,296
2026-06-25,YOW,"Ottawa, Canada",CMH,401,401
2026-06-25,YXY,"Whitehorse, Canada",BNA,605,605
2026-06-25,AXM,"Armenia, Colombia",JFK,640,640
2026-06-25,ZIH,"Ixtapa, Mexico",LAX,720,720
2026-06-25,NUE,"Nuremberg, Germany",MIA,801,801
2026-06-25,CGO,"Zhengzhou, China",SFO,806,806
2026-06-25,SHA,"Shanghai, China",LAX,820,820
2026-06-25,WUH,"Wuhan, China",SFO,821,821
2026-06-25,RZE,"Rzeszow, Poland",ORD,838,838
2026-06-25,YZF,"Yellowknife, Canada",ORD,862,862
2026-06-25,HBE,"Alexandria, Egypt",BOS,867,867
2026-06-25,HAK,"Haikou, China",SFO,879,879
2026-06-25,HAJ,"Hannover, Germany",DTW,885,885
2026-06-25,XRY,"Jerez de la Forntera, Spain",MIA,910,910
2026-06-25,CBB,"Cochabamba, Bolivia",LAX,953,953
2026-06-25,PNT,"Puerto Natales, Chile",FLL,1001,1001
2026-06-25,CUK,"Caye Caulker, Belize",SFO,1003,1003
2026-06-25,VRA,"Varadero, Cuba",SFO,1007,1007
2026-06-25,JPA,"Joao Pessoa, Brazil",LAX,1025,1025
2026-06-25,CLJ,"Cluj-Napoca, Romania",SFO,1035,1035
2026-06-25,SZX,"Shenzhen, China",ORD,1140,1140
2026-06-25,IGD,"Igdir, Türkiye",DFW,1203,1203
2026-06-25,PAS,"Paros Island, Greece",MIA,1217,1217
2026-06-25,CCP,"Concepcion, Chile",SLC,1290,1290
2026-06-25,DSS,"Diass, Senegal",CLT,1387,1387
2026-06-25,LWN,"Gyumri, Armenia",SFO,1719,1719
2026-06-25,USH,"Ushuahia, Argentina",SFO,1758,1758
2026-06-25,NMA,"Namangan, Uzbekistan",PIT,1807,1807
2026-06-25,KJA,"Krasnoyarsk, Russia",LAS,1960,1960
2026-06-25,UUD,"Ulan Ude, Russia",SEA,2652,2652
2026-06-25,YLW,"Kelowna, Canada",PHX,320,320
2026-06-25,ELH,"North Eleuthera, Bahamas",MIA,379,379
2026-06-25,YHZ,"Halifax, Canada",PHL,402,402
2026-06-25,CUU,"Chihuahua, Mexico",DEN,406,406
2026-06-25,YHU,"Longueuil, Canada",BWI,532,532
2026-06-25,PBC,"Puebla, Mexico",DEN,542,542
2026-06-25,BGA,"Bucaramanga, Colombia",JFK,548,548
2026-06-25,TRC,"Torreon, Mexico",DEN,553,553
2026-06-25,REX,"Reynosa, Mexico",ORD,575,575
2026-06-25,YXU,"London, Canada",ORD,580,580
2026-06-25,JTR,"Santorini Island, Greece",JFK,595,595
2026-06-25,CZM,"Cozumel, Mexico",DEN,607,607
2026-06-25,EIS,"Road Town, Virgin Islands",MCO,636,636
2026-06-25,AQP,"Arequipa, Peru",MCO,688,688
2026-06-25,CIX,"Chiclayo, Peru",SFO,695,695
2026-06-25,TRF,"Torp, Norway",SFO,721,721
2026-06-25,JDO,"Juazeiro Do Norte, Brazil",MIA,730,730
2026-06-25,FMO,"Munster, Germany",DTW,762,762
2026-06-25,IAS,"Iasi, Romania",LGA,764,764
2026-06-25,VGO,"Vigo, Spain",ORD,779,779
2026-06-25,TOS,"Tromsø, Norway",MSP,783,783
2026-06-25,PTP,"Pointe-a-Pitre Le Raizet, Guadeloupe",AUS,791,791
2026-06-25,SHE,"Shenyang, China",SFO,813,813
2026-06-25,BOC,"Isla Colon, Panama",DFW,829,829
2026-06-25,SUF,"Lamezia Terme, Italy",IAH,835,835
2026-06-25,GMP,"Seoul, South Korea",HNL,881,881
2026-06-25,TER,"Lajes, Portugal",SFO,892,892
2026-06-25,MUX,"Multan, Pakistan",DTW,907,907
2026-06-25,PSA,"Pisa, Italy",BOS,933,933
2026-06-25,XSC,"South Caicos Airport, Turks and Caicos Islands",IAH,977,977
2026-06-25,LBA,"Leeds, UK",ATL,983,983
2026-06-25,SBH,"Gustavia, Saint Barthélemy",MIA,1040,1040
2026-06-25,EFL,"Kefallinia Island, Greece",PHX,1053,1053
2026-06-25,MGF,"Maringa, Brazil",BOS,1058,1058
2026-06-25,MJI,"Tripoli, Libya",ATL,1085,1085
2026-06-25,ADZ,"San Andres, Colombia",FLL,1093,1093
2026-06-25,PEG,"Perugia, Italy",ORD,1096,1096
2026-06-25,HGA,"Hargeisa, Somalia",ATL,1143,1143
2026-06-25,NGO,"Tokoname, Japan",CLT,1167,1167
2026-06-25,SCO,"Aktau, Kazakhstan",ORD,1179,1179
2026-06-25,PFO,"Paphos, Cyprus",PDX,1193,1193
2026-06-25,CRL,"Brussels, Belgium",DFW,1201,1201
2026-06-25,LYP,"Faisalabad, Pakistan",SMF,1218,1218
2026-06-25,SJZ,"Velas, Portugal",SFO,1222,1222
2026-06-25,WEH,"Weihai, China",SEA,1240,1240
2026-06-25,NBJ,"Luanda, Angola",SEA,1244,1244
2026-06-25,MOC,"Montes Claros, Brazil",MSP,1257,1257
2026-06-25,IPN,"Ipatinga, Brazil",FLL,1298,1298
2026-06-25,CFE,"Clermont-Ferrand/Auvergne, France",MIA,1315,1315
2026-06-25,NEV,"Charlestown, Saint Kitts and Nevis",STL,1344,1344
2026-06-25,BDS,"Brindisi, Italy",DTW,1352,1352
2026-06-25,XIY,"Xianyang, China",CVG,1352,1352
2026-06-25,LEJ,"Leipzig, Germany",ANC,1382,1382
2026-06-25,APW,"Apia, Samoa",PHX,1399,1399
2026-06-25,BLA,"Barcelona, Venezuela",BOS,1445,1445
2026-06-25,TSN,"Tianjin, China",PHX,1474,1474
2026-06-25,CEI,"Chiang Rai, Thailand",IAH,1476,1476
2026-06-25,KKN,"Kirkenes, Norway",ORD,1500,1500
2026-06-25,SPR,SPR,MIA,1565,1565
2026-06-25,MQM,"Mardin, Türkiye",BOS,1659,1659
2026-06-25,CJU,"Jeju City, South Korea",CLT,1663,1663
2026-06-25,WDH,"Windhoek, Namibia",MIA,1689,1684
2026-06-25,KRS,"Kjevik, Norway",BNA,1765,1765
2026-06-25,GUW,"Atyrau, Kazakhstan",IND,1794,1794
2026-06-25,BLZ,"Blantyre, Malawi",CMH,1841,1841
2026-06-25,CIT,"Shymkent, Kazakhstan",SFO,1893,1893
2026-06-25,KGF,"Karaganda, Kazakhstan",MIA,2007,2007
2026-06-25,URA,"Uralsk, Kazakhstan",MSP,2011,2011
2026-06-25,NDJ,"N'Djamena, Chad",IND,2061,2061
2026-06-25,OSS,"Osh, Kyrgyzstan",DFW,2151,2151
2026-06-25,FBM,"Lubumbashi, Congo",IND,2238,2238
2026-06-25,YKF,"Waterloo, Canada",MDW,2265,2265
2026-06-25,BAX,"Barnaul, Russia",MIA,2311,2311
2026-06-25,LBD,"Khudzhand, Tajikistan",DFW,2441,2441
2026-06-25,ULV,"Ulyanovsk, Russia",DFW,2476,2476
2026-06-25,NGS,"Nagasaki, Japan",ATL,2575,2575
2026-06-25,MGQ,"Mogadishu, Somalia",SEA,2596,2596
2026-06-25,ASF,"Astrakhan, Russia",BOS,2740,2740
2026-06-25,IKU,"Tamchy, Kyrgyzstan",PDX,2946,2946
2026-06-25,GVN,"Sovetskaya Gavan, Russia",SNA,3142,3142
2026-06-25,ITU,ITU,ATL,3316,3316
2026-06-25,URC,"Urumqi, China",SNA,4838,4838
2026-06-25,BCN,"Barcelona, Spain",ORD,484,477
2026-06-25,GRU,"Sao Paulo, Brazil",MIA,446,441
2026-06-25,SGN,"Ho Chi Minh, Vietnam",LAX,618,614
2026-06-25,FOR,"Fortaleza, Brazil",MIA,753,748
2026-06-25,JNB,"Johannesburg, S. Africa",IAH,844,832
2026-06-25,NQZ,"Astana, Kazakhstan",IAH,1134,1124
2026-06-25,KZN,"Kazan, Russia",FLL,1390,1376
2026-06-25,PVR,"Puerto Vallarta, Mexico",LAX,315,313
2026-06-25,ALC,"Alicante, Spain",BOS,609,603
2026-06-25,POA,"Porto Alegre, Brazil",BOS,716,710
2026-06-25,ISU,"Sulaymaniyah, Iraq",DCA,1143,1132
2026-06-25,YWG,"Winnipeg, Canada",LGA,427,421
2026-06-25,LCA,"Larnarca, Cyprus",ORD,970,963
2026-06-25,LLW,"Lilongwe, Malawi",ORD,1263,1247
2026-06-25,DUR,"Durban, South Africa",IAD,1415,1402
2026-06-25,TAO,"Qingdao, China",MIA,1554,1538
2026-06-25,TAB,"Scarborough, Trinidad and Tobago",JFK,518,511
2026-06-25,SAL,San Salvador,LGA,187,184
2026-06-25,FCO,"Rome, Italy",LAX,460,449
2026-06-25,LIS,"Lisbon, Portugal",JFK,614,600
2026-06-25,FLR,"Florence, Italy",BOS,764,749
2026-06-25,HKT,"Phuket, Thailand",LAX,768,753
2026-06-25,ICN,"Seoul, South Korea",SFO,672,659
2026-06-25,CPT,"Cape Town, S. Africa",ORD,1254,1232
2026-06-25,TQO,"Tulum, Mexico",LGA,411,403
2026-06-25,ZIA,"Zhukovsky, Russia",IAD,1505,1470
2026-06-25,PMO,"Palermo, Italy",ORD,851,838
2026-06-25,VNO,"Vilnius, Lithuania",LAX,546,530
2026-06-25,CAI,"Cairo, Egypt",IAD,634,617
2026-06-25,OTP,"Bucharest, Romania",MIA,670,653
2026-06-25,PPT,"Papeete, Tahiti",SFO,821,797
2026-06-25,USM,"Koh Samui, Thailand",DFW,1548,1503
2026-06-25,CNX,"Chiang Mai, Thailand",SFO,1769,1720
2026-06-25,ORY,"Paris, France",JFK,474,460
2026-06-25,DYU,"Dushanbe, Tajikistan",ORD,1282,1249
2026-06-25,NLU,"Reyes Acozac, Mexico",LAX,278,271
2026-06-25,CAP,"Cap Haitien, Haiti",FLL,622,603
2026-06-25,ADB,"Izmir, Türkiye",IAD,910,882
2026-06-25,UGC,"Urgench, Uzbekistan",ORD,1321,1281
2026-06-25,CSX,"Changsha, China",CLT,1919,1858
2026-06-25,ATH,"Athens, Greece",JFK,533,512
2026-06-25,DPS,"Bali, Indonesia",SEA,815,785
2026-06-25,NCE,"Nice, France",MIA,772,740
2026-06-25,COK,"Kochi, India",MIA,1167,1118
2026-06-25,VCP,"Campinas, Brazil",FLL,604,582
2026-06-25,DLA,"Douala, Cameroon",DTW,1246,1202
2026-06-25,MRV,"Mineralnyye Vody, Russia",MIA,1680,1619
2026-06-25,BPS,"Porto Seguro, Brazil",PHL,1037,997
2026-06-25,JMK,"Mykonos Island, Greece",LAX,966,925
2026-06-25,NJF,"Najaf, Iraq",MSP,1445,1388
2026-06-25,TPE,"Taipei, Taiwan",ORD,731,697
2026-06-25,SSA,"Salvador, Brazil",MSY,1095,1044
2026-06-25,POP,"Puerto Plata, Dominican Republic",MIA,428,408
2026-06-25,SNU,"Santa Clara, Cuba",MIA,362,344
2026-06-25,GYN,"Goiania, Brazil",BNA,907,862
2026-06-25,SLP,"San Luis Potosi, Mexico",DFW,441,421
2026-06-25,HER,"Heraklion, Greece",BOS,950,909
2026-06-25,SVG,"Stavanger, Norway",ATL,883,844
2026-06-25,AUA,Aruba,TPA,242,229
2026-06-25,BKK,"Bangkok, Thailand",SFO,662,626
2026-06-25,SVD,"Argyle, Saint Vincent and the Grenadines",EWR,389,368
2026-06-25,OGZ,"Beslan, Russia",CLT,1683,1589
2026-06-25,SJU,"San Juan, Puerto Rico",TPA,145,136
2026-06-25,EBL,"Arbil, Iraq",SAN,921,864
2026-06-25,BPN,"Balikpapan, Borneo Island, Indonesia",CLT,1970,1845
2026-06-25,FLN,"Florianopolis, Brazil",BOS,971,902
2026-06-25,SIN,Singapore,SFO,678,627
2026-06-25,BJM,"Bujumbura, Burundi",LAX,1053,976
2026-06-25,LTN,"London, UK",LGA,787,728
2026-06-25,YDF,"Deer Lake, Canada",IND,751,698
2026-06-25,MDE,"Medellin, Colombia",FLL,252,231
2026-06-25,SJD,"Los Cabos, Mexico",EWR,264,242
2026-06-25,LOS,"Lagos, Nigeria",IND,925,849
2026-06-25,HND,"Tokyo, Japan",SFO,829,759
2026-06-25,SKG,"Thessaloniki, Greece",DTW,671,617
2026-06-25,AEP,"Buenos Aires, Argentina",MIA,627,569
2026-06-25,DLM,"Dalaman, Türkiye",ORD,1381,1248
2026-06-25,BOG,"Bogota, Colombia",AUS,271,243
2026-06-25,BGI,"Bridgetown, Barbados",DCA,457,409
2026-06-25,IBZ,"Ibiza, Spain",IAD,845,754
2026-06-25,PLS,"Providenciales, Turks",JFK,436,386
2026-06-25,HYD,"Hyderabad, India",ORD,988,876
2026-06-25,CEK,"Chelyabinsk, Russia",IAH,1735,1530
2026-06-25,SKP,"Skopje, North Macedonia",CVG,711,631
2026-06-25,MAA,"Chennai, India",ORD,1097,965
2026-06-25,MPM,"Maputo, Mozambique",MSP,2405,2111
2026-06-25,GOT,"Gothenburg, Sweden",SFO,730,635
2026-06-25,CUE,"Cuenca, Ecuador",ATL,570,497
2026-06-25,VXE,"Sao Pedro, Cabo Verde",BOS,1416,1232
2026-06-25,QRO,"Queretaro, Mexico",RDU,279,240
2026-06-25,ASU,"Asuncion, Paraguay",MIA,908,779
2026-06-25,CGK,"Jakarta, Indonesia",PHX,1291,1085
2026-06-25,SVQ,"Seville, Spain",STL,1069,887
2026-06-25,GGT,"George Town, Bahamas",MIA,558,442
2026-06-25,KUT,"Kutaisi, Georgia",OAK,1804,1361
2026-06-25,ABV,"Abuja, Nigeria",TPA,1937,1461
2026-06-25,EOH,"Medellin, Colombia",DFW,815,519
2026-06-25,BGY,"Bergamo, Italy",BOS,599,839
2026-06-25,PUJ,"Punta Cana, Dom. Rep.",MIA,128,172
2026-06-25,SCU,"Santiago, Cuba",MIA,697,938
2026-06-25,VTE,"Vientiane, Laos",SEA,1148,1543
2026-06-25,REC,"Recife, Brazil",MIA,771,1021
2026-06-25,OUA,"Ouagadougou, Burkina Faso",JFK,654,851
2026-06-25,TAM,"Tampico, Mexico",ATL,591,762
2026-06-25,BLR,"Bangalore, India",IAD,879,1110
2026-06-25,YEG,"Edmonton, Canada",SLC,274,348
2026-06-25,UIO,"Quito, Ecuador",JFK,298,373
2026-06-25,AXA,"The Valley, Anguilla",MIA,647,803
2026-06-25,TGD,"Podgorica, Montenegro",ORD,559,674
2026-06-25,CTG,"Cartagena, Colombia",FLL,223,267
2026-06-25,ESB,"Ankara, Türkiye",IAD,894,1063
2026-06-25,MNL,"Manila, Philippines",LAX,495,575
2026-06-25,TLL,"Tallinn, Estonia",EWR,533,616
2026-06-25,AGU,"Aguascalientes, Mexico",DFW,386,446
2026-06-25,BIM,"South Bimini, Bahamas",IND,394,455
2026-06-25,GYE,"Guayaquil, Ecuador",JFK,234,267
2026-06-25,MAD,"Madrid, Spain",EWR,397,451
2026-06-25,HAV,"Havana, Cuba",MIA,184,208
2026-06-25,BER,"Berlin, Germany",JFK,583,647
2026-06-25,UBN,"Ulaanbaatar, Mongolia",ORD,786,870
2026-06-25,GCM,Grand Cayman,IAD,383,421
2026-06-25,ZRH,"Zurich, Switzerland",BWI,577,634
2026-06-25,HAM,"Hamburg, Germany",JFK,621,682
2026-06-25,ACC,"Accra, Ghana",IAD,954,1051
2026-06-25,MEL,"Melbourne, Australia",DTW,981,1073
2026-06-25,KUL,"Kuala Lumpur, Malaysia",SFO,702,761
2026-06-25,CLO,"Cali, Colombia",MCO,234,253
2026-06-25,VIX,"Vitoria, Brazil",BOS,596,649
2026-06-25,GIG,"Rio de Janeiro, Brazil",TPA,431,462
2026-06-25,MLE,"Male, Maldives",MSY,917,986
2026-06-25,GVA,"Geneva, Switzerland",MCO,477,513
2026-06-25,CEB,"Cebu, Philippines",LAX,591,637
2026-06-25,SYD,"Sydney, Australia",LAX,741,800
2026-06-25,CUZ,"Cusco, Peru",BWI,858,924
2026-06-25,PTY,"Panama City, Panama",JFK,269,285
2026-06-25,DOH,"Doha, Qatar",IAD,1501,1589
2026-06-25,RMO,"Chișinău, Moldova",EWR,579,618
2026-06-25,MSQ,"Minsk, Belarus",IAD,1471,1561
2026-06-25,PDL,"Ponta Delgada, Portugal",BOS,610,650
2026-06-25,STI,"Santiago, Dominican Republic",EWR,197,207
2026-06-25,YTZ,"Toronto, Canada",ORD,195,206
2026-06-25,MTY,"Monterrey, Mexico",DFW,176,185
2026-06-25,STN,"London, UK",SEA,668,703
2026-06-25,TGZ,"Tuxtla Gutierrez, Mexico",IAH,426,448
2026-06-25,INN,"Innsbruck, Austria",AUS,1571,1657
2026-06-25,ROR,"Babelthuap Island, Palau",HNL,2380,2516
2026-06-25,UVF,St. Lucia,JFK,499,518
2026-06-25,YYZ,"Toronto, Canada",FLL,203,212
2026-06-25,BEG,"Belgrade, Serbia",JFK,662,691
2026-06-25,NBO,"Nairobi, Kenya",IAD,722,756
2026-06-25,NAN,"Nadi, Fiji",LAX,694,725
2026-06-25,TFU,"Tianfu, China",DCA,1649,1718
2026-06-25,MEX,"Mexico City, Mexico",IAH,165,170
2026-06-25,VLC,"Valencia, Spain",BOS,664,688
2026-06-25,EVN,"Yerevan, Armenia",BOS,727,748
2026-06-25,HRG,"Hurghada, Egypt",LAX,973,998
2026-06-25,CGN,"Cologne, Germany",ORD,836,862
2026-06-25,SVO,"Moscow, Russia",MIA,1145,1182
2026-06-25,BSZ,"Bishkek, Kyrgyzstan",ORD,1025,1059
2026-06-25,BRI,"Bari, Italy",IAD,774,795
2026-06-25,WMI,"Warsaw, Poland",ORD,679,697
2026-06-25,AGP,"Malaga, Spain",JFK,579,591
2026-06-25,SAW,"Istanbul, Türkiye",JFK,662,673
2026-06-25,CNF,"Belo Horizonte, Brazil",BOS,411,418
2026-06-25,KTI,"Krong Ta Khmau, Cambodia",LAX,735,747
2026-06-25,SHJ,"Sharjah, UAE",ATL,809,827
2026-06-25,SNN,"Shannon, Ireland",EWR,630,641
2026-06-25,RAI,"Praia, Cabo Verde",BOS,891,908
2026-06-25,YQB,"Quebec City, Canada",SAN,457,468
2026-06-25,FNC,"Funchal, Portugal",SFO,1113,1135
2026-06-25,HOR,"Horta, Portugal",BOS,797,815
2026-06-25,SID,"Espargos, Cabo Verde",FLL,1422,1454
2026-06-25,STW,"Stavropol, Russia",SFO,2361,2409
2026-06-25,ARN,"Stockholm, Sweden",JFK,408,414
2026-06-25,FRA,"Frankfurt, Germany",JFK,532,536
2026-06-25,OPO,"Porto, Portugal",BOS,568,572
2026-06-25,SOF,"Sofia, Bulgaria",JFK,640,645
2026-06-25,VKO,"Moscow, Russia",IAD,1165,1172
2026-06-25,BUS,"Batumi, Georgia",IAD,913,926
2026-06-25,SKD,"Samarkand, Uzbekistan",IAD,1047,1059
2026-06-25,AMD,"Ahmedabad, India",IAD,929,940
2026-06-25,GZP,"Gazipasa, Türkiye",BWI,1074,1089
2026-06-25,RHO,"Rodes Island, Greece",LAX,925,934
2026-06-25,ALG,"Algiers, Algeria",BOS,750,760
2026-06-25,HHN,"Hahn, Germany",IAD,754,759
2026-06-25,SJJ,"Sarajevo, Bosnia and Herzegovina",LAX,793,797
2026-06-25,PVH,"Porto Velho, Brazil",MCO,948,956
2026-06-25,KIN,"Kingston, Jamaica",JFK,246,246
2026-06-25,GUA,Guatemala City,MIA,190,190
2026-06-25,MBJ,"Montego Bay, Jamaica",TPA,217,217
2026-06-25,CUN,"Cancun, Mexico",ATL,166,166
2026-06-25,NAS,"Nassau, Bahamas",MIA,266,266
2026-06-25,KEF,"Reykjavik, Iceland",ORD,394,394
2026-06-25,YVR,"Vancouver, Canada",LAX,163,163
2026-06-25,POS,"Port of Spain, Trinidad",FLL,317,317
2026-06-25,SJO,"San Jose, Costa Rica",MIA,207,207
2026-06-25,CUR,Curacao,EWR,345,346
2026-06-25,YYC,"Calgary, Canada",SAN,270,269
2026-06-25,VIE,"Vienna, Austria",JFK,459,459
2026-06-25,OSL,"Oslo, Norway",JFK,465,464
2026-06-25,BUD,"Budapest, Hungary",EWR,483,483
2026-06-25,CDG,"Paris, France",EWR,464,464
2026-06-25,DUB,"Dublin, Ireland",ORD,457,458
2026-06-25,LIM,"Lima, Peru",MIA,397,398
2026-06-25,SXM,St. Maarten,LGA,468,466
2026-06-25,AMS,"Amsterdam, Netherlands",JFK,527,527
2026-06-25,MXP,"Milan, Italy",SFO,501,501
2026-06-25,MGA,"Managua, Nicaragua",MIA,299,299
2026-06-25,ANU,Antigua,JFK,538,538
2026-06-25,DXB,"Dubai, UAE",JFK,550,550
2026-06-25,WAW,"Warsaw, Poland",IAD,470,470
2026-06-25,IST,"Istanbul, Turkey",JFK,561,561
2026-06-25,CMN,"Casablanca, Morocco",LGA,540,540
2026-06-25,CPH,"Copenhagen, Denmark",RDU,466,466
2026-06-25,KRK,"Krakow, Poland",JFK,587,587
2026-06-25,VCE,"Venice, Italy",EWR,587,587
2026-06-25,LHR,"London, UK",BWI,482,482
2026-06-25,TBS,"Tbilisi, Georgia",JFK,642,642
2026-06-25,HEL,"Helsinki, Finland",MSP,529,528
2026-06-25,MUC,"Munich, Germany",JFK,647,650
2026-06-25,TUN,"Tunis, Tunisia",JFK,658,658
2026-06-25,YUL,"Montreal, Canada",BOS,217,217
2026-06-25,PRG,"Prague, Czechia",LAX,581,581
2026-06-25,FPO,"Freeport, Bahamas",FLL,410,410
2026-06-25,SSH,"Sharm El Sheikh, Egypt",EWR,667,667
2026-06-25,GND,Grenada,MIA,674,674
2026-06-25,RAK,"Marrakech, Morocco",BOS,628,628
2026-06-25,NAP,"Naples, Italy",LAX,743,743
2026-06-25,BOM,"Mumbai, India",BOS,854,854
2026-06-25,BRU,"Brussels, Belgium",BWI,528,527
2026-06-25,ADD,"Addis Ababa, Ethiopia",BOS,966,966
2026-06-25,JED,"Jeddah, Saudi Arabia",ORD,722,722
2026-06-25,GYD,"Baku, Azerbaijan",IAD,946,946
2026-06-25,HKG,Hong Kong,SFO,634,634
2026-06-25,PEK,"Beijing, China",LAX,669,669
2026-06-25,KTM,"Kathmandu, Nepal",HNL,1066,1066
2026-06-25,CAN,"Guangzhou, China",SFO,640,640
2026-06-25,BZE,"Belize City, Belize",IAD,334,334
2026-06-25,STT,"St. Thomas, USVI",MIA,389,389
2026-06-25,EZE,"Buenos Aires, Argentina",AUS,529,529
2026-06-25,MAN,"Manchester, UK",IAD,686,686
2026-06-25,DEL,"Delhi, India",IAD,783,783
2026-06-25,PVG,"Shanghai, China",LAX,617,617
2026-06-25,LIR,"Liberia, Costa Rica",PDX,338,338
2026-06-25,NRT,"Tokyo, Japan",HNL,644,644
2026-06-25,DBV,"Dubrovnik, Croatia",ATL,617,617
2026-06-25,BLQ,"Bologna, Italy",ATL,648,649
2026-06-25,ZAG,"Zagreb, Croatia",CLE,668,668
2026-06-25,GLA,"Glasgow, Scotland",ATL,710,710
2026-06-25,SCL,"Santiago, Chile",MCO,355,355
2026-06-25,EDI,"Edinburgh, Scotland",ORD,673,673
2026-06-25,ZNZ,"Zanzibar, Tanzania",ORD,918,918
2026-06-25,MBA,"Mombasa, Kenya",ATL,1339,1339
2026-06-25,DAD,"Da Nang, Vietnam",SFO,743,746
2026-06-25,GOI,"Goa, India",ATL,2295,2295
2026-06-25,AUH,"Abu Dhabi, UAE",MIA,912,912
2026-06-25,RIX,"Riga, Latvia",SEA,569,569
2026-06-25,BNE,"Brisbane, Australia",LAX,718,718
2026-06-25,OKA,"Okinawa, Japan",TPA,891,891
2026-06-25,HAN,"Hanoi, Vietnam",LAX,786,786
2026-06-25,AKL,"Auckland, New Zealand",DFW,701,701
2026-06-25,MRS,"Marseille, France",ORD,765,765
2026-06-25,FAO,"Faro, Portugal",ORD,906,906
2026-06-25,CMB,"Colombo, Sri Lanka",ORD,1073,1073
2026-06-25,KIX,"Osaka, Japan",LAX,861,862
2026-06-25,MRU,Mauritius,ORD,1572,1572
2026-06-25,TGU,"Tegucigalpa, Honduras",RDU,932,932
2026-06-25,KWI,Kuwait City,DEN,1115,1115
2026-06-25,LYS,"Lyon, France",LAX,1061,1061
2026-06-25,ZQN,"Queenstown, NZ",IND,1606,1606
2026-06-25,LED,"St. Petersburg, Russia",IAD,1211,1211
2026-06-25,ALA,"Almaty, Kazakhstan",LAX,797,797
2026-06-25,DME,"Moscow, Russia",ORD,1215,1215
2026-06-25,LGW,"London, UK",MCO,391,391
2026-06-25,GDL,"Guadalajara, Mexico",LAX,245,245
2026-06-25,BJX,"Silao, Mexico",IAH,249,249
2026-06-25,SAP,"La Mesa, Honduras",MIA,268,268
2026-06-25,AYT,"Antalya, Türkiye",BOS,705,706
2026-06-25,TIV,"Tivat, Montenegro",SEA,975,975
2026-06-25,LHE,"Lahore, Pakistan",SFO,780,780
2026-06-25,XPL,"Comayagua, Honduras",MCO,358,358
2026-06-25,ISB,"Islamabad, Pakistan",IAD,631,631
2026-06-25,PMI,"Palma De Mallorca, Spain",ATL,644,643
2026-06-25,FOC,"Fuzhou, China",IAD,1056,1056
2026-06-25,UFA,"Ufa, Russia",BOS,1401,1401
2026-06-25,MLM,"Morelia, Mexico",LAX,236,236
2026-06-25,TIA,"Tirana, Albania",JFK,517,517
2026-06-25,SVX,"Yekaterinburg, Russia",SEA,1508,1508
2026-06-25,BGW,"Baghdad, Iraq",ORD,823,823
2026-06-25,TLC,"Toluca, Mexico",IAH,250,250
2026-06-25,CCS,"Caracas, Venezuela",MIA,422,422
2026-06-25,BVA,"Beauvais/Tille, France",JFK,620,620
2026-06-25,VVI,"Santa Cruz, Bolivia",IAD,710,710
2026-06-25,AER,"Sochi, Russia",MIA,1151,1151
2026-06-25,OVB,"Novosibirsk, Russia",DEN,1552,1552
2026-06-25,OAX,"Oaxaca, Mexico",LAX,207,207
2026-06-25,BSB,"Brasilia, Brazil",MIA,387,387
2026-06-25,PRN,Lipjan,IAD,684,684
2026-06-25,MED,"Medina, Saudi Arabia",ORD,854,854
2026-06-25,BAQ,"Barranquilla, Colombia",MIA,258,258
2026-06-25,CFU,"Kerkyra Island, Greece",BOS,959,959
2026-06-25,CXR,"Nha Trang, Vietnam",SFO,1072,1072
2026-06-25,KHI,"Karachi, Pakistan",JFK,649,649
2026-06-25,DAC,"Dhaka, Bangladesh",ATL,857,857
2026-06-25,MID,"Merida, Mexico",OAK,323,323
2026-06-25,GEO,"Georgetown, Guyana",MIA,330,330
2026-06-25,BDA,"Hamilton, Bermuda",JFK,359,359
2026-06-25,MVD,"Montevideo, Uruguay",IAD,476,476
2026-06-25,RTB,"Roatan Island, Honduras",JFK,616,616
2026-06-25,CIA,"Roma, Italy",BWI,778,778
2026-06-25,ROB,"Monrovia, Liberia",CMH,1376,1376
2026-06-25,HOG,"Holguin, Cuba",SAT,517,517
2026-06-25,SDU,"Rio De Janeiro, Brazil",EWR,695,698
2026-06-25,LIN,"Milan, Italy",IAD,724,724
2026-06-25,EBB,"Kampala, Uganda",ATL,808,808
2026-06-25,KBL,"Kabul, Afghanistan",IAD,861,861
2026-06-25,DAR,"Dar es Salaam, Tanzania",IAD,939,939
2026-06-25,SEZ,"Mahe Island, Seychelles",ORD,1403,1403
2026-06-25,VVO,"Vladivostok, Russia",SEA,1510,1510
2026-06-25,VER,"Veracruz, Mexico",DFW,345,345
2026-06-25,MZT,"Mazatlan, Mexico",SAT,368,368
2026-06-25,PEI,"Pereira, Colombia",MCO,459,460
2026-06-25,NSI,"Yaounde, Cameroon",SAT,1410,1410
2026-06-25,LFW,"Lome, Togo",IAD,1122,1122
2026-06-25,CGR,"Campo Grande, Brazil",BWI,1172,1172
2026-06-25,HRE,"Harare, Zimbabwe",ORD,1280,1280
2026-06-25,FNA,"Freetown, Sierra Leone",IAH,1407,1407
2026-06-25,KUF,"Samara, Russia",AUS,1661,1661
2026-06-25,KHV,"Khabarovsk, Russia",MIA,2438,2434
2026-06-25,YXE,"Saskatoon, Canada",LGA,507,507
2026-06-25,CWB,"Curitiba, Brazil",CLT,630,630
2026-06-25,PKX,"Beijing, China",LAX,669,669
2026-06-25,RBA,"Rabat, Morocco",MCO,690,690
2026-06-25,PVK,"Preveza/Lefkada, Greece",BOS,742,742
2026-06-25,BJV,"Bodrum, Türkiye",ORD,982,982
2026-06-25,BOB,"Motu Mute, French Polynesia",LAX,1020,1020
2026-06-25,KTW,"Katowice, Poland",MSP,1296,1296
2026-06-25,ABJ,"Abidjan, Côte d'Ivoire",IAH,1944,1944
2026-06-25,MAR,"Maracaibo, Venezuela",MIA,279,279
2026-06-25,XMN,"Xiamen, China",SFO,739,739
2026-06-25,CKG,"Chongqing, China",SFO,883,883
2026-06-25,SYX,"Sanya, China",LAX,900,900
2026-06-25,BOJ,"Burgas, Bulgaria",MIA,905,905
2026-06-25,BSR,"Basrah, Iraq",PDX,942,942
2026-06-25,PQC,"Duong Dong, Vietnam",ORD,1092,1092
2026-06-25,CTM,"Chetumal, Mexico",IAH,348,348
2026-06-25,MHH,"Marsh Harbour, Bahamas",FLL,449,449
2026-06-25,CUL,"Culiacan, Mexico",SEA,453,453
2026-06-25,CMW,"Camaguey, Cuba",AUS,489,489
2026-06-25,TPP,"Tarapoto, Peru",MIA,538,538
2026-06-25,GDN,"Gdańsk, Poland",JFK,612,612
2026-06-25,SKB,"Basseterre, Saint Kitts and Nevis",JFK,619,619
2026-06-25,BON,"Kralendijk, Bonaire",ATL,631,629
2026-06-25,LTO,"Loreto, Mexico",DFW,632,632
2026-06-25,ZLO,"Manzanillo, Mexico",BWI,640,640
2026-06-25,CGH,"Sao Paulo, Brazil",MIA,698,696
2026-06-25,DGO,"Durango, Mexico",MKE,700,700
2026-06-25,OLB,"Olbia, Italy",IAD,701,701
2026-06-25,MLA,"Luqa, Malta",ORD,730,730
2026-06-25,VRN,"Verona, Italy",BOS,796,796
2026-06-25,CCU,"Kolkata, India",IAD,1013,1013
2026-06-25,SOU,"Southampton, UK",IAD,1045,1045
2026-06-25,PZU,"Port Sudan, Sudan",SFO,1072,1072
2026-06-25,RMI,"Rimini, Italy",DCA,1092,1092
2026-06-25,SZX,"Shenzhen, China",ORD,1140,1140
2026-06-25,COV,"Tarsus, Türkiye",IAH,1173,1173
2026-06-25,TSR,"Timisoara, Romania",IAD,1175,1175
2026-06-25,COO,"Cotonou, Benin",IAH,1223,1223
2026-06-25,KSN,"Kostanay, Kazakhstan",MIA,1316,1316
2026-06-25,IKT,"Irkutsk, Russia",BOS,1322,1322
2026-06-25,LPB,"La Paz / El Alto, Bolivia",BWI,1378,1378
2026-06-25,KRR,"Krasnodar, Russia",DFW,1412,1412
2026-06-25,GOX,"Mopa, India",MIA,1592,1592
2026-06-25,NIM,"Niamey, Niger",IND,1656,1656
2026-06-25,PHC,"Port Harcourt, Nigeria",IAH,1687,1687
2026-06-25,LUN,"Lusaka, Zambia",IAD,1944,1944
2026-06-25,MCX,"Makhachkala, Russia",SFO,2019,2019
2026-06-25,YHM,"Hamilton, Canada",FLL,243,243
2026-06-25,TIJ,"Tijuana, Mexico",LAX,296,296
2026-06-25,YOW,"Ottawa, Canada",CMH,401,401
2026-06-25,BGA,"Bucaramanga, Colombia",JFK,548,548
2026-06-25,YXY,"Whitehorse, Canada",BNA,605,605
2026-06-25,AXM,"Armenia, Colombia",JFK,640,640
2026-06-25,ZIH,"Ixtapa, Mexico",LAX,720,720
2026-06-25,NUE,"Nuremberg, Germany",MIA,801,801
2026-06-25,CGO,"Zhengzhou, China",SFO,806,806
2026-06-25,SHA,"Shanghai, China",LAX,820,820
2026-06-25,WUH,"Wuhan, China",SFO,821,821
2026-06-25,RZE,"Rzeszow, Poland",ORD,838,838
2026-06-25,YZF,"Yellowknife, Canada",ORD,862,862
2026-06-25,HBE,"Alexandria, Egypt",BOS,867,867
2026-06-25,HAK,"Haikou, China",SFO,879,879
2026-06-25,HAJ,"Hannover, Germany",DTW,885,885
2026-06-25,XRY,"Jerez de la Forntera, Spain",MIA,910,910
2026-06-25,CBB,"Cochabamba, Bolivia",LAX,953,953
2026-06-25,PNT,"Puerto Natales, Chile",FLL,1001,1001
2026-06-25,CUK,"Caye Caulker, Belize",SFO,1003,1003
2026-06-25,VRA,"Varadero, Cuba",SFO,1007,1007
2026-06-25,CLJ,"Cluj-Napoca, Romania",SFO,1035,1035
2026-06-25,IGD,"Igdir, Türkiye",DFW,1203,1203
2026-06-25,PAS,"Paros Island, Greece",MIA,1217,1217
2026-06-25,CCP,"Concepcion, Chile",SLC,1290,1290
2026-06-25,DSS,"Diass, Senegal",CLT,1387,1387
2026-06-25,LWN,"Gyumri, Armenia",SFO,1719,1719
2026-06-25,USH,"Ushuahia, Argentina",SFO,1758,1758
2026-06-25,NMA,"Namangan, Uzbekistan",PIT,1807,1807
2026-06-25,KJA,"Krasnoyarsk, Russia",LAS,1960,1960
2026-06-25,UUD,"Ulan Ude, Russia",SEA,2652,2652
2026-06-25,YLW,"Kelowna, Canada",PHX,320,320
2026-06-25,ELH,"North Eleuthera, Bahamas",MIA,379,379
2026-06-25,YHZ,"Halifax, Canada",PHL,402,402
2026-06-25,CUU,"Chihuahua, Mexico",DEN,406,406
2026-06-25,YHU,"Longueuil, Canada",BWI,532,532
2026-06-25,PBC,"Puebla, Mexico",DEN,542,542
2026-06-25,TRC,"Torreon, Mexico",DEN,553,553
2026-06-25,REX,"Reynosa, Mexico",ORD,575,575
2026-06-25,YXU,"London, Canada",ORD,580,580
2026-06-25,JTR,"Santorini Island, Greece",JFK,595,595
2026-06-25,CZM,"Cozumel, Mexico",DEN,607,607
2026-06-25,EIS,"Road Town, Virgin Islands",MCO,636,636
2026-06-25,AQP,"Arequipa, Peru",MCO,688,688
2026-06-25,CIX,"Chiclayo, Peru",SFO,695,695
2026-06-25,TRF,"Torp, Norway",SFO,721,721
2026-06-25,FMO,"Munster, Germany",DTW,762,762
2026-06-25,IAS,"Iasi, Romania",LGA,764,764
2026-06-25,VGO,"Vigo, Spain",ORD,779,779
2026-06-25,TOS,"Tromsø, Norway",MSP,783,783
2026-06-25,PTP,"Pointe-a-Pitre Le Raizet, Guadeloupe",AUS,791,791
2026-06-25,SHE,"Shenyang, China",SFO,813,813
2026-06-25,BOC,"Isla Colon, Panama",DFW,829,829
2026-06-25,SUF,"Lamezia Terme, Italy",IAH,835,835
2026-06-25,GMP,"Seoul, South Korea",HNL,881,881
2026-06-25,TER,"Lajes, Portugal",SFO,892,892
2026-06-25,MUX,"Multan, Pakistan",DTW,907,907
2026-06-25,PSA,"Pisa, Italy",BOS,933,933
2026-06-25,XSC,"South Caicos Airport, Turks and Caicos Islands",IAH,977,977
2026-06-25,LBA,"Leeds, UK",ATL,983,983
2026-06-25,SBH,"Gustavia, Saint Barthélemy",MIA,1040,1040
2026-06-25,EFL,"Kefallinia Island, Greece",PHX,1053,1053
2026-06-25,MGF,"Maringa, Brazil",BOS,1058,1058
2026-06-25,MJI,"Tripoli, Libya",ATL,1085,1085
2026-06-25,ADZ,"San Andres, Colombia",FLL,1093,1093
2026-06-25,PEG,"Perugia, Italy",ORD,1096,1096
2026-06-25,HGA,"Hargeisa, Somalia",ATL,1143,1143
2026-06-25,NGO,"Tokoname, Japan",CLT,1167,1167
2026-06-25,SCO,"Aktau, Kazakhstan",ORD,1179,1179
2026-06-25,PFO,"Paphos, Cyprus",PDX,1193,1193
2026-06-25,CRL,"Brussels, Belgium",DFW,1201,1201
2026-06-25,LYP,"Faisalabad, Pakistan",SMF,1218,1218
2026-06-25,SJZ,"Velas, Portugal",SFO,1222,1222
2026-06-25,WEH,"Weihai, China",SEA,1240,1240
2026-06-25,NBJ,"Luanda, Angola",SEA,1244,1244
2026-06-25,MOC,"Montes Claros, Brazil",MSP,1257,1257
2026-06-25,CFE,"Clermont-Ferrand/Auvergne, France",MIA,1315,1315
2026-06-25,NEV,"Charlestown, Saint Kitts and Nevis",STL,1344,1344
2026-06-25,BDS,"Brindisi, Italy",DTW,1352,1352
2026-06-25,XIY,"Xianyang, China",CVG,1352,1352
2026-06-25,VLN,"Valencia, Venezuela",DFW,1357,1357
2026-06-25,LEJ,"Leipzig, Germany",ANC,1382,1382
2026-06-25,APW,"Apia, Samoa",PHX,1399,1399
2026-06-25,BLA,"Barcelona, Venezuela",BOS,1445,1445
2026-06-25,TSN,"Tianjin, China",PHX,1474,1474
2026-06-25,CEI,"Chiang Rai, Thailand",IAH,1476,1476
2026-06-25,KKN,"Kirkenes, Norway",ORD,1500,1500
2026-06-25,SPR,SPR,MIA,1565,1565
2026-06-25,MQM,"Mardin, Türkiye",BOS,1659,1659
2026-06-25,CJU,"Jeju City, South Korea",CLT,1663,1663
2026-06-25,WDH,"Windhoek, Namibia",MIA,1689,1684
2026-06-25,KRS,"Kjevik, Norway",BNA,1765,1765
2026-06-25,GUW,"Atyrau, Kazakhstan",IND,1794,1794
2026-06-25,BLZ,"Blantyre, Malawi",CMH,1841,1841
2026-06-25,CIT,"Shymkent, Kazakhstan",SFO,1893,1893
2026-06-25,KGF,"Karaganda, Kazakhstan",MIA,2007,2007
2026-06-25,URA,"Uralsk, Kazakhstan",MSP,2011,2011
2026-06-25,NDJ,"N'Djamena, Chad",IND,2061,2061
2026-06-25,OSS,"Osh, Kyrgyzstan",DFW,2151,2151
2026-06-25,FBM,"Lubumbashi, Congo",IND,2238,2238
2026-06-25,YKF,"Waterloo, Canada",MDW,2265,2265
2026-06-25,BAX,"Barnaul, Russia",MIA,2311,2311
2026-06-25,LBD,"Khudzhand, Tajikistan",DFW,2441,2441
2026-06-25,ULV,"Ulyanovsk, Russia",DFW,2476,2476
2026-06-25,NGS,"Nagasaki, Japan",ATL,2575,2575
2026-06-25,MGQ,"Mogadishu, Somalia",SEA,2596,2596
2026-06-25,ASF,"Astrakhan, Russia",BOS,2740,2740
2026-06-25,IKU,"Tamchy, Kyrgyzstan",PDX,2946,2946
2026-06-25,GVN,"Sovetskaya Gavan, Russia",SNA,3142,3142
2026-06-25,ITU,ITU,ATL,3316,3316
2026-06-25,URC,"Urumqi, China",SNA,4838,4838
2026-06-25,SDQ,"Santo Domingo, Dom. Rep.",EWR,190,188
2026-06-25,BCN,"Barcelona, Spain",ORD,484,478
2026-06-25,GRU,"Sao Paulo, Brazil",MIA,446,442
2026-06-25,SGN,"Ho Chi Minh, Vietnam",LAX,618,614
2026-06-25,FOR,"Fortaleza, Brazil",MIA,753,748
2026-06-25,JNB,"Johannesburg, S. Africa",IAH,844,833
2026-06-25,TAS,"Tashkent, Uzbekistan",LAX,743,736
2026-06-25,NQZ,"Astana, Kazakhstan",IAH,1134,1125
2026-06-25,KZN,"Kazan, Russia",FLL,1390,1377
2026-06-25,PVR,"Puerto Vallarta, Mexico",LAX,315,313
2026-06-25,ALC,"Alicante, Spain",BOS,609,603
2026-06-25,POA,"Porto Alegre, Brazil",BOS,716,710
2026-06-25,ISU,"Sulaymaniyah, Iraq",DCA,1143,1133
2026-06-25,YWG,"Winnipeg, Canada",LGA,427,421
2026-06-25,LCA,"Larnarca, Cyprus",ORD,970,963
2026-06-25,LLW,"Lilongwe, Malawi",ORD,1263,1249
2026-06-25,DUR,"Durban, South Africa",IAD,1415,1404
2026-06-25,TAO,"Qingdao, China",MIA,1554,1540
2026-06-25,TAB,"Scarborough, Trinidad and Tobago",JFK,518,512
2026-06-25,PMO,"Palermo, Italy",ORD,851,839
2026-06-25,SAL,San Salvador,LGA,187,184
2026-06-25,FCO,"Rome, Italy",LAX,460,450
2026-06-25,LIS,"Lisbon, Portugal",JFK,614,601
2026-06-25,OTP,"Bucharest, Romania",MIA,670,655
2026-06-25,FLR,"Florence, Italy",BOS,764,751
2026-06-25,HKT,"Phuket, Thailand",LAX,768,754
2026-06-25,ICN,"Seoul, South Korea",SFO,672,660
2026-06-25,CPT,"Cape Town, S. Africa",ORD,1254,1234
2026-06-25,TQO,"Tulum, Mexico",LGA,411,404
2026-06-25,DYU,"Dushanbe, Tajikistan",ORD,1282,1252
2026-06-25,ZIA,"Zhukovsky, Russia",IAD,1505,1473
2026-06-25,VNO,"Vilnius, Lithuania",LAX,546,531
2026-06-25,CAI,"Cairo, Egypt",IAD,634,618
2026-06-25,DPS,"Bali, Indonesia",SEA,815,788
2026-06-25,PPT,"Papeete, Tahiti",SFO,821,799
2026-06-25,USM,"Koh Samui, Thailand",DFW,1548,1508
2026-06-25,CNX,"Chiang Mai, Thailand",SFO,1769,1725
2026-06-25,ORY,"Paris, France",JFK,474,461
2026-06-25,VCP,"Campinas, Brazil",FLL,604,584
2026-06-25,FIH,"Kinshasa, Congo",DFW,915,891
2026-06-25,NLU,"Reyes Acozac, Mexico",LAX,278,271
2026-06-25,DLA,"Douala, Cameroon",DTW,1246,1207
2026-06-25,MRV,"Mineralnyye Vody, Russia",MIA,1680,1626
2026-06-25,CAP,"Cap Haitien, Haiti",FLL,622,605
2026-06-25,ADB,"Izmir, Türkiye",IAD,910,885
2026-06-25,UGC,"Urgench, Uzbekistan",ORD,1321,1285
2026-06-25,CSX,"Changsha, China",CLT,1919,1864
2026-06-25,ATH,"Athens, Greece",JFK,533,514
2026-06-25,NCE,"Nice, France",MIA,772,744
2026-06-25,TPE,"Taipei, Taiwan",ORD,731,701
2026-06-25,COK,"Kochi, India",MIA,1167,1123
2026-06-25,SSA,"Salvador, Brazil",MSY,1095,1049
2026-06-25,POP,"Puerto Plata, Dominican Republic",MIA,428,410
2026-06-25,BPS,"Porto Seguro, Brazil",PHL,1037,1001
2026-06-25,SLP,"San Luis Potosi, Mexico",DFW,441,423
2026-06-25,HER,"Heraklion, Greece",BOS,950,914
2026-06-25,SVG,"Stavanger, Norway",ATL,883,848
2026-06-25,JMK,"Mykonos Island, Greece",LAX,966,930
2026-06-25,NJF,"Najaf, Iraq",MSP,1445,1394
2026-06-25,AUA,Aruba,TPA,242,230
2026-06-25,BKK,"Bangkok, Thailand",SFO,662,630
2026-06-25,SVD,"Argyle, Saint Vincent and the Grenadines",EWR,389,370
2026-06-25,SNU,"Santa Clara, Cuba",MIA,362,346
2026-06-25,GYN,"Goiania, Brazil",BNA,907,867
2026-06-25,OGZ,"Beslan, Russia",CLT,1683,1599
2026-06-25,SJU,"San Juan, Puerto Rico",TPA,145,137
2026-06-25,EBL,"Arbil, Iraq",SAN,921,870
2026-06-25,BPN,"Balikpapan, Borneo Island, Indonesia",CLT,1970,1858
2026-06-25,FLN,"Florianopolis, Brazil",BOS,971,909
2026-06-25,SIN,Singapore,SFO,678,633
2026-06-25,BJM,"Bujumbura, Burundi",LAX,1053,984
2026-06-25,LTN,"London, UK",LGA,787,734
2026-06-25,YDF,"Deer Lake, Canada",IND,751,704
2026-06-25,MDE,"Medellin, Colombia",FLL,252,233
2026-06-25,SJD,"Los Cabos, Mexico",EWR,264,245
2026-06-25,LOS,"Lagos, Nigeria",IND,925,857
2026-06-25,HND,"Tokyo, Japan",SFO,829,767
2026-06-25,SKG,"Thessaloniki, Greece",DTW,671,623
2026-06-25,AEP,"Buenos Aires, Argentina",MIA,627,575
2026-06-25,DLM,"Dalaman, Türkiye",ORD,1381,1262
2026-06-25,BOG,"Bogota, Colombia",AUS,271,246
2026-06-25,BGI,"Bridgetown, Barbados",DCA,457,415
2026-06-25,HYD,"Hyderabad, India",ORD,988,888
2026-06-25,SKP,"Skopje, North Macedonia",CVG,711,640
2026-06-25,IBZ,"Ibiza, Spain",IAD,845,764
2026-06-25,PLS,"Providenciales, Turks",JFK,436,391
2026-06-25,MAA,"Chennai, India",ORD,1097,979
2026-06-25,CEK,"Chelyabinsk, Russia",IAH,1735,1552
2026-06-25,MPM,"Maputo, Mozambique",MSP,2405,2144
2026-06-25,GOT,"Gothenburg, Sweden",SFO,730,646
2026-06-25,CUE,"Cuenca, Ecuador",ATL,570,505
2026-06-25,VXE,"Sao Pedro, Cabo Verde",BOS,1416,1252
2026-06-25,QRO,"Queretaro, Mexico",RDU,279,244
2026-06-25,ASU,"Asuncion, Paraguay",MIA,908,793
2026-06-25,CGK,"Jakarta, Indonesia",PHX,1291,1108
2026-06-25,CRK,"Angeles City, Philippines",LAX,914,782
2026-06-25,SVQ,"Seville, Spain",STL,1069,907
2026-06-25,RUH,"Riyadh, Saudi Arabia",DCA,1470,1196
2026-06-25,GGT,"George Town, Bahamas",MIA,558,455
2026-06-25,NVT,"Navegantes, Brazil",BOS,1627,1325
2026-06-25,KUT,"Kutaisi, Georgia",OAK,1804,1410
2026-06-25,ABV,"Abuja, Nigeria",TPA,1937,1514
2026-06-25,EOH,"Medellin, Colombia",DFW,815,552
2026-06-25,BGY,"Bergamo, Italy",BOS,599,839
2026-06-25,YBP,"Yibin, China",DFW,2384,3338
2026-06-25,PUJ,"Punta Cana, Dom. Rep.",MIA,128,168
2026-06-25,PEK,"Beijing, China",SEA,510,669
2026-06-25,SCU,"Santiago, Cuba",MIA,697,914
2026-06-25,VTE,"Vientiane, Laos",SEA,1148,1504
2026-06-25,REC,"Recife, Brazil",MIA,771,996
2026-06-25,OUA,"Ouagadougou, Burkina Faso",JFK,654,832
2026-06-25,TAM,"Tampico, Mexico",ATL,591,745
2026-06-25,UIO,"Quito, Ecuador",JFK,298,366
2026-06-25,BLR,"Bangalore, India",IAD,879,1087
2026-06-25,YEG,"Edmonton, Canada",SLC,274,340
2026-06-25,AXA,"The Valley, Anguilla",MIA,647,788
2026-06-25,TGD,"Podgorica, Montenegro",ORD,559,662
2026-06-25,CTG,"Cartagena, Colombia",FLL,223,262
2026-06-25,ESB,"Ankara, Türkiye",IAD,894,1046
2026-06-25,MNL,"Manila, Philippines",LAX,495,567
2026-06-25,TLL,"Tallinn, Estonia",EWR,533,607
2026-06-25,AGU,"Aguascalientes, Mexico",DFW,386,440
2026-06-25,BIM,"South Bimini, Bahamas",IND,394,449
2026-06-25,GYE,"Guayaquil, Ecuador",JFK,234,264
2026-06-25,MAD,"Madrid, Spain",EWR,397,445
2026-06-25,HAV,"Havana, Cuba",MIA,184,206
2026-06-25,BER,"Berlin, Germany",JFK,583,641
2026-06-25,UBN,"Ulaanbaatar, Mongolia",ORD,786,861
2026-06-25,GCM,Grand Cayman,IAD,383,417
2026-06-25,ZRH,"Zurich, Switzerland",BWI,577,629
2026-06-25,HAM,"Hamburg, Germany",JFK,621,676
2026-06-25,ACC,"Accra, Ghana",IAD,954,1042
2026-06-25,MEL,"Melbourne, Australia",DTW,981,1064
2026-06-25,KUL,"Kuala Lumpur, Malaysia",SFO,702,755
2026-06-25,SYD,"Sydney, Australia",LAX,741,794
2026-06-25,CLO,"Cali, Colombia",MCO,234,251
2026-06-25,VIX,"Vitoria, Brazil",BOS,596,644
2026-06-25,CUZ,"Cusco, Peru",BWI,858,918
2026-06-25,GIG,"Rio de Janeiro, Brazil",TPA,431,459
2026-06-25,MLE,"Male, Maldives",MSY,917,979
2026-06-25,GVA,"Geneva, Switzerland",MCO,477,510
2026-06-25,CEB,"Cebu, Philippines",LAX,591,632
2026-06-25,RMO,"Chișinău, Moldova",EWR,579,614
2026-06-25,PDL,"Ponta Delgada, Portugal",BOS,610,646
2026-06-25,PTY,"Panama City, Panama",JFK,269,284
2026-06-25,DOH,"Doha, Qatar",IAD,1501,1581
2026-06-25,YTZ,"Toronto, Canada",ORD,195,205
2026-06-25,MSQ,"Minsk, Belarus",IAD,1471,1552
2026-06-25,STN,"London, UK",SEA,668,700
2026-06-25,INN,"Innsbruck, Austria",AUS,1571,1649
2026-06-25,ROR,"Babelthuap Island, Palau",HNL,2380,2503
2026-06-25,YYZ,"Toronto, Canada",FLL,203,211
2026-06-25,BEG,"Belgrade, Serbia",JFK,662,688
2026-06-25,NBO,"Nairobi, Kenya",IAD,722,752
2026-06-25,NAN,"Nadi, Fiji",LAX,694,722
2026-06-25,STI,"Santiago, Dominican Republic",EWR,197,206
2026-06-25,MTY,"Monterrey, Mexico",DFW,176,184
2026-06-25,TGZ,"Tuxtla Gutierrez, Mexico",IAH,426,446
2026-06-25,TFU,"Tianfu, China",DCA,1649,1711
2026-06-25,MEX,"Mexico City, Mexico",IAH,165,170
2026-06-25,UVF,St. Lucia,JFK,499,516
2026-06-25,VLC,"Valencia, Spain",BOS,664,686
2026-06-25,EVN,"Yerevan, Armenia",BOS,727,746
2026-06-25,CGN,"Cologne, Germany",ORD,836,860
2026-06-25,SVO,"Moscow, Russia",MIA,1145,1179
2026-06-25,BSZ,"Bishkek, Kyrgyzstan",ORD,1025,1055
2026-06-25,AGP,"Malaga, Spain",JFK,579,590
2026-06-25,HRG,"Hurghada, Egypt",LAX,973,995
2026-06-25,SHJ,"Sharjah, UAE",ATL,809,825
2026-06-25,SNN,"Shannon, Ireland",EWR,630,640
2026-06-25,BRI,"Bari, Italy",IAD,774,793
2026-06-25,WMI,"Warsaw, Poland",ORD,679,695
2026-06-25,RAI,"Praia, Cabo Verde",BOS,891,906
2026-06-25,YQB,"Quebec City, Canada",SAN,457,467
2026-06-25,FNC,"Funchal, Portugal",SFO,1113,1133
2026-06-25,HOR,"Horta, Portugal",BOS,797,813
2026-06-25,SID,"Espargos, Cabo Verde",FLL,1422,1451
2026-06-25,STW,"Stavropol, Russia",SFO,2361,2405
2026-06-25,ARN,"Stockholm, Sweden",JFK,408,413
2026-06-25,FRA,"Frankfurt, Germany",JFK,532,535
2026-06-25,OPO,"Porto, Portugal",BOS,568,572
2026-06-25,SOF,"Sofia, Bulgaria",JFK,640,644
2026-06-25,VKO,"Moscow, Russia",IAD,1165,1171
2026-06-25,SAW,"Istanbul, Türkiye",JFK,662,672
2026-06-25,BUS,"Batumi, Georgia",IAD,913,925
2026-06-25,SKD,"Samarkand, Uzbekistan",IAD,1047,1057
2026-06-25,CNF,"Belo Horizonte, Brazil",BOS,411,417
2026-06-25,KTI,"Krong Ta Khmau, Cambodia",LAX,735,746
2026-06-25,AMD,"Ahmedabad, India",IAD,929,939
2026-06-25,GZP,"Gazipasa, Türkiye",BWI,1074,1088
2026-06-25,ALG,"Algiers, Algeria",BOS,750,759
2026-06-25,RHO,"Rodes Island, Greece",LAX,925,933
2026-06-25,HHN,"Hahn, Germany",IAD,754,758
2026-06-25,SJJ,"Sarajevo, Bosnia and Herzegovina",LAX,793,797
2026-06-25,PVH,"Porto Velho, Brazil",MCO,948,955
2026-06-25,KIN,"Kingston, Jamaica",JFK,246,246
2026-06-25,GUA,Guatemala City,MIA,190,190
2026-06-25,MBJ,"Montego Bay, Jamaica",TPA,217,217
2026-06-25,CUN,"Cancun, Mexico",ATL,166,166
2026-06-25,NAS,"Nassau, Bahamas",MIA,266,266
2026-06-25,KEF,"Reykjavik, Iceland",ORD,394,394
2026-06-25,YVR,"Vancouver, Canada",LAX,163,163
2026-06-25,POS,"Port of Spain, Trinidad",FLL,317,317
2026-06-25,SJO,"San Jose, Costa Rica",MIA,207,207
2026-06-25,CUR,Curacao,EWR,345,346
2026-06-25,YYC,"Calgary, Canada",SAN,270,269
2026-06-25,VIE,"Vienna, Austria",JFK,459,459
2026-06-25,OSL,"Oslo, Norway",JFK,465,464
2026-06-25,BUD,"Budapest, Hungary",EWR,483,483
2026-06-25,CDG,"Paris, France",EWR,464,464
2026-06-25,DUB,"Dublin, Ireland",ORD,457,458
2026-06-25,LIM,"Lima, Peru",MIA,397,398
2026-06-25,SXM,St. Maarten,LGA,468,466
2026-06-25,AMS,"Amsterdam, Netherlands",JFK,527,527
2026-06-25,MXP,"Milan, Italy",SFO,501,501
2026-06-25,MGA,"Managua, Nicaragua",MIA,299,299
2026-06-25,ANU,Antigua,JFK,538,538
2026-06-25,DXB,"Dubai, UAE",JFK,550,550
2026-06-25,WAW,"Warsaw, Poland",IAD,470,470
2026-06-25,IST,"Istanbul, Turkey",JFK,561,561
2026-06-25,CMN,"Casablanca, Morocco",LGA,540,540
2026-06-25,CPH,"Copenhagen, Denmark",RDU,466,466
2026-06-25,KRK,"Krakow, Poland",JFK,587,587
2026-06-25,VCE,"Venice, Italy",EWR,587,587
2026-06-25,LHR,"London, UK",BWI,482,482
2026-06-25,TBS,"Tbilisi, Georgia",JFK,642,642
2026-06-25,HEL,"Helsinki, Finland",MSP,529,528
2026-06-25,MUC,"Munich, Germany",JFK,647,649
2026-06-25,TUN,"Tunis, Tunisia",JFK,658,658
2026-06-25,YUL,"Montreal, Canada",BOS,217,217
2026-06-25,PRG,"Prague, Czechia",LAX,581,581
2026-06-25,FPO,"Freeport, Bahamas",FLL,410,410
2026-06-25,SSH,"Sharm El Sheikh, Egypt",EWR,667,667
2026-06-25,GND,Grenada,MIA,674,674
2026-06-25,RAK,"Marrakech, Morocco",BOS,628,628
2026-06-25,NAP,"Naples, Italy",LAX,743,743
2026-06-25,BOM,"Mumbai, India",BOS,854,854
2026-06-25,BRU,"Brussels, Belgium",BWI,528,527
2026-06-25,ADD,"Addis Ababa, Ethiopia",BOS,966,966
2026-06-25,JED,"Jeddah, Saudi Arabia",ORD,722,722
2026-06-25,GYD,"Baku, Azerbaijan",IAD,946,946
2026-06-25,HKG,Hong Kong,SFO,634,634
2026-06-25,KTM,"Kathmandu, Nepal",HNL,1066,1066
2026-06-25,CAN,"Guangzhou, China",SFO,640,640
2026-06-25,BZE,"Belize City, Belize",IAD,334,334
2026-06-25,STT,"St. Thomas, USVI",MIA,389,389
2026-06-25,EZE,"Buenos Aires, Argentina",AUS,529,529
2026-06-25,MAN,"Manchester, UK",IAD,686,686
2026-06-25,DEL,"Delhi, India",IAD,783,783
2026-06-25,PVG,"Shanghai, China",LAX,617,617
2026-06-25,LIR,"Liberia, Costa Rica",PDX,338,338
2026-06-25,NRT,"Tokyo, Japan",HNL,644,644
2026-06-25,DBV,"Dubrovnik, Croatia",ATL,617,617
2026-06-25,BLQ,"Bologna, Italy",ATL,648,649
2026-06-25,ZAG,"Zagreb, Croatia",CLE,668,668
2026-06-25,GLA,"Glasgow, Scotland",ATL,710,710
2026-06-25,SCL,"Santiago, Chile",MCO,355,355
2026-06-25,EDI,"Edinburgh, Scotland",ORD,673,673
2026-06-25,ZNZ,"Zanzibar, Tanzania",ORD,918,918
2026-06-25,MBA,"Mombasa, Kenya",ATL,1339,1339
2026-06-25,DAD,"Da Nang, Vietnam",SFO,743,745
2026-06-25,GOI,"Goa, India",ATL,2295,2295
2026-06-25,AUH,"Abu Dhabi, UAE",MIA,912,912
2026-06-25,RIX,"Riga, Latvia",SEA,569,569
2026-06-25,BNE,"Brisbane, Australia",LAX,718,718
2026-06-25,OKA,"Okinawa, Japan",TPA,891,891
2026-06-25,HAN,"Hanoi, Vietnam",LAX,786,786
2026-06-25,AKL,"Auckland, New Zealand",DFW,701,701
2026-06-25,MRS,"Marseille, France",ORD,765,765
2026-06-25,FAO,"Faro, Portugal",ORD,906,906
2026-06-25,CMB,"Colombo, Sri Lanka",ORD,1073,1073
2026-06-25,KIX,"Osaka, Japan",LAX,861,862
2026-06-25,MRU,Mauritius,ORD,1572,1572
2026-06-25,TGU,"Tegucigalpa, Honduras",RDU,932,932
2026-06-25,KWI,Kuwait City,DEN,1115,1115
2026-06-25,LYS,"Lyon, France",LAX,1061,1061
2026-06-25,ZQN,"Queenstown, NZ",IND,1606,1606
2026-06-25,LED,"St. Petersburg, Russia",IAD,1211,1211
2026-06-25,ALA,"Almaty, Kazakhstan",LAX,797,797
2026-06-25,DME,"Moscow, Russia",ORD,1215,1215
2026-06-25,LGW,"London, UK",MCO,391,391
2026-06-25,GDL,"Guadalajara, Mexico",LAX,245,245
2026-06-25,BJX,"Silao, Mexico",IAH,249,249
2026-06-25,SAP,"La Mesa, Honduras",MIA,268,268
2026-06-25,AYT,"Antalya, Türkiye",BOS,705,706
2026-06-25,TIV,"Tivat, Montenegro",SEA,975,975
2026-06-25,LHE,"Lahore, Pakistan",SFO,780,780
2026-06-25,XPL,"Comayagua, Honduras",MCO,358,358
2026-06-25,ISB,"Islamabad, Pakistan",IAD,631,631
2026-06-25,PMI,"Palma De Mallorca, Spain",ATL,644,643
2026-06-25,FOC,"Fuzhou, China",IAD,1056,1056
2026-06-25,UFA,"Ufa, Russia",BOS,1401,1401
2026-06-25,MLM,"Morelia, Mexico",LAX,236,236
2026-06-25,TIA,"Tirana, Albania",JFK,517,517
2026-06-25,SVX,"Yekaterinburg, Russia",SEA,1508,1508
2026-06-25,BGW,"Baghdad, Iraq",ORD,823,823
2026-06-25,OVB,"Novosibirsk, Russia",DEN,1552,1552
2026-06-25,TLC,"Toluca, Mexico",IAH,250,250
2026-06-25,CCS,"Caracas, Venezuela",MIA,422,422
2026-06-25,BVA,"Beauvais/Tille, France",JFK,620,620
2026-06-25,VVI,"Santa Cruz, Bolivia",IAD,710,710
2026-06-25,OAX,"Oaxaca, Mexico",LAX,207,207
2026-06-25,BSB,"Brasilia, Brazil",MIA,387,387
2026-06-25,PRN,Lipjan,IAD,684,684
2026-06-25,AER,"Sochi, Russia",MIA,1151,1151
2026-06-25,BAQ,"Barranquilla, Colombia",MIA,258,258
2026-06-25,MED,"Medina, Saudi Arabia",ORD,854,854
2026-06-25,CFU,"Kerkyra Island, Greece",BOS,959,959
2026-06-25,CXR,"Nha Trang, Vietnam",SFO,1072,1072
2026-06-25,KHI,"Karachi, Pakistan",JFK,649,649
2026-06-25,DAC,"Dhaka, Bangladesh",ATL,857,857
2026-06-25,MID,"Merida, Mexico",OAK,323,323
2026-06-25,GEO,"Georgetown, Guyana",MIA,330,330
2026-06-25,BDA,"Hamilton, Bermuda",JFK,359,359
2026-06-25,MVD,"Montevideo, Uruguay",IAD,476,476
2026-06-25,RTB,"Roatan Island, Honduras",JFK,616,616
2026-06-25,CIA,"Roma, Italy",BWI,778,778
2026-06-25,ROB,"Monrovia, Liberia",CMH,1376,1376
2026-06-25,HOG,"Holguin, Cuba",SAT,517,517
2026-06-25,SDU,"Rio De Janeiro, Brazil",EWR,695,698
2026-06-25,LIN,"Milan, Italy",IAD,724,724
2026-06-25,EBB,"Kampala, Uganda",ATL,808,808
2026-06-25,KBL,"Kabul, Afghanistan",IAD,861,861
2026-06-25,DAR,"Dar es Salaam, Tanzania",IAD,939,939
2026-06-25,SEZ,"Mahe Island, Seychelles",ORD,1403,1403
2026-06-25,VVO,"Vladivostok, Russia",SEA,1510,1510
2026-06-25,VER,"Veracruz, Mexico",DFW,345,345
2026-06-25,MZT,"Mazatlan, Mexico",SAT,368,368
2026-06-25,PEI,"Pereira, Colombia",MCO,459,460
2026-06-25,NSI,"Yaounde, Cameroon",SAT,1410,1410
2026-06-25,LFW,"Lome, Togo",IAD,1122,1122
2026-06-25,CGR,"Campo Grande, Brazil",BWI,1172,1172
2026-06-25,HRE,"Harare, Zimbabwe",ORD,1280,1280
2026-06-25,FNA,"Freetown, Sierra Leone",IAH,1407,1407
2026-06-25,KUF,"Samara, Russia",AUS,1661,1661
2026-06-25,KHV,"Khabarovsk, Russia",MIA,2438,2434
2026-06-25,YXE,"Saskatoon, Canada",LGA,507,507
2026-06-25,CWB,"Curitiba, Brazil",CLT,630,630
2026-06-25,PKX,"Beijing, China",LAX,669,669
2026-06-25,RBA,"Rabat, Morocco",MCO,690,690
2026-06-25,PVK,"Preveza/Lefkada, Greece",BOS,742,742
2026-06-25,BJV,"Bodrum, Türkiye",ORD,982,982
2026-06-25,BOB,"Motu Mute, French Polynesia",LAX,1020,1020
2026-06-25,KTW,"Katowice, Poland",MSP,1296,1296
2026-06-25,ABJ,"Abidjan, Côte d'Ivoire",IAH,1944,1944
2026-06-25,MAR,"Maracaibo, Venezuela",MIA,279,279
2026-06-25,XMN,"Xiamen, China",SFO,739,739
2026-06-25,CKG,"Chongqing, China",SFO,883,883
2026-06-25,SYX,"Sanya, China",LAX,900,900
2026-06-25,BOJ,"Burgas, Bulgaria",MIA,905,905
2026-06-25,BSR,"Basrah, Iraq",PDX,942,942
2026-06-25,PQC,"Duong Dong, Vietnam",ORD,1092,1092
2026-06-25,CTM,"Chetumal, Mexico",IAH,348,348
2026-06-25,MHH,"Marsh Harbour, Bahamas",FLL,449,449
2026-06-25,CUL,"Culiacan, Mexico",SEA,453,453
2026-06-25,CMW,"Camaguey, Cuba",AUS,489,489
2026-06-25,TPP,"Tarapoto, Peru",MIA,538,538
2026-06-25,GDN,"Gdańsk, Poland",JFK,612,612
2026-06-25,SKB,"Basseterre, Saint Kitts and Nevis",JFK,619,619
2026-06-25,BON,"Kralendijk, Bonaire",ATL,631,629
2026-06-25,LTO,"Loreto, Mexico",DFW,632,632
2026-06-25,ZLO,"Manzanillo, Mexico",BWI,640,640
2026-06-25,CGH,"Sao Paulo, Brazil",MIA,698,696
2026-06-25,DGO,"Durango, Mexico",MKE,700,700
2026-06-25,OLB,"Olbia, Italy",IAD,701,701
2026-06-25,MLA,"Luqa, Malta",ORD,730,730
2026-06-25,VRN,"Verona, Italy",BOS,796,796
2026-06-25,CCU,"Kolkata, India",IAD,1013,1013
2026-06-25,SOU,"Southampton, UK",IAD,1045,1045
2026-06-25,PZU,"Port Sudan, Sudan",SFO,1072,1072
2026-06-25,RMI,"Rimini, Italy",DCA,1092,1092
2026-06-25,COV,"Tarsus, Türkiye",IAH,1173,1173
2026-06-25,TSR,"Timisoara, Romania",IAD,1175,1175
2026-06-25,COO,"Cotonou, Benin",IAH,1223,1223
2026-06-25,KSN,"Kostanay, Kazakhstan",MIA,1316,1316
2026-06-25,IKT,"Irkutsk, Russia",BOS,1322,1322
2026-06-25,LPB,"La Paz / El Alto, Bolivia",BWI,1378,1378
2026-06-25,KRR,"Krasnodar, Russia",DFW,1412,1412
2026-06-25,NIM,"Niamey, Niger",IND,1656,1656
2026-06-25,PHC,"Port Harcourt, Nigeria",IAH,1687,1687
2026-06-25,LUN,"Lusaka, Zambia",IAD,1944,1944
2026-06-25,MCX,"Makhachkala, Russia",SFO,2019,2019
2026-06-25,YHM,"Hamilton, Canada",FLL,243,243
2026-06-25,TIJ,"Tijuana, Mexico",LAX,296,296
2026-06-25,YOW,"Ottawa, Canada",CMH,401,401
2026-06-25,YXY,"Whitehorse, Canada",BNA,605,605
2026-06-25,AXM,"Armenia, Colombia",JFK,640,640
2026-06-25,ZIH,"Ixtapa, Mexico",LAX,720,720
2026-06-25,NUE,"Nuremberg, Germany",MIA,801,801
2026-06-25,CGO,"Zhengzhou, China",SFO,806,806
2026-06-25,SHA,"Shanghai, China",LAX,820,820
2026-06-25,WUH,"Wuhan, China",SFO,821,821
2026-06-25,RZE,"Rzeszow, Poland",ORD,838,838
2026-06-25,YZF,"Yellowknife, Canada",ORD,862,862
2026-06-25,HBE,"Alexandria, Egypt",BOS,867,867
2026-06-25,HAK,"Haikou, China",SFO,879,879
2026-06-25,HAJ,"Hannover, Germany",DTW,885,885
2026-06-25,XRY,"Jerez de la Forntera, Spain",MIA,910,910
2026-06-25,CBB,"Cochabamba, Bolivia",LAX,953,953
2026-06-25,PNT,"Puerto Natales, Chile",FLL,1001,1001
2026-06-25,CUK,"Caye Caulker, Belize",SFO,1003,1003
2026-06-25,VRA,"Varadero, Cuba",SFO,1007,1007
2026-06-25,CLJ,"Cluj-Napoca, Romania",SFO,1035,1035
2026-06-25,SZX,"Shenzhen, China",ORD,1140,1140
2026-06-25,IGD,"Igdir, Türkiye",DFW,1203,1203
2026-06-25,PAS,"Paros Island, Greece",MIA,1217,1217
2026-06-25,CCP,"Concepcion, Chile",SLC,1290,1290
2026-06-25,DSS,"Diass, Senegal",CLT,1387,1387
2026-06-25,LWN,"Gyumri, Armenia",SFO,1719,1719
2026-06-25,USH,"Ushuahia, Argentina",SFO,1758,1758
2026-06-25,NMA,"Namangan, Uzbekistan",PIT,1807,1807
2026-06-25,KJA,"Krasnoyarsk, Russia",LAS,1960,1960
2026-06-25,UUD,"Ulan Ude, Russia",SEA,2652,2652
2026-06-25,YLW,"Kelowna, Canada",PHX,320,320
2026-06-25,ELH,"North Eleuthera, Bahamas",MIA,379,379
2026-06-25,YHZ,"Halifax, Canada",PHL,402,402
2026-06-25,CUU,"Chihuahua, Mexico",DEN,406,406
2026-06-25,YHU,"Longueuil, Canada",BWI,532,532
2026-06-25,PBC,"Puebla, Mexico",DEN,542,542
2026-06-25,BGA,"Bucaramanga, Colombia",JFK,548,548
2026-06-25,TRC,"Torreon, Mexico",DEN,553,553
2026-06-25,REX,"Reynosa, Mexico",ORD,575,575
2026-06-25,YXU,"London, Canada",ORD,580,580
2026-06-25,JTR,"Santorini Island, Greece",JFK,595,595
2026-06-25,CZM,"Cozumel, Mexico",DEN,607,607
2026-06-25,EIS,"Road Town, Virgin Islands",MCO,636,636
2026-06-25,AQP,"Arequipa, Peru",MCO,688,688
2026-06-25,CIX,"Chiclayo, Peru",SFO,695,695
2026-06-25,TRF,"Torp, Norway",SFO,721,721
2026-06-25,FMO,"Munster, Germany",DTW,762,762
2026-06-25,IAS,"Iasi, Romania",LGA,764,764
2026-06-25,VGO,"Vigo, Spain",ORD,779,779
2026-06-25,TOS,"Tromsø, Norway",MSP,783,783
2026-06-25,PTP,"Pointe-a-Pitre Le Raizet, Guadeloupe",AUS,791,791
2026-06-25,SHE,"Shenyang, China",SFO,813,813
2026-06-25,BOC,"Isla Colon, Panama",DFW,829,829
2026-06-25,SUF,"Lamezia Terme, Italy",IAH,835,835
2026-06-25,GMP,"Seoul, South Korea",HNL,881,881
2026-06-25,TER,"Lajes, Portugal",SFO,892,892
2026-06-25,MUX,"Multan, Pakistan",DTW,907,907
2026-06-25,PSA,"Pisa, Italy",BOS,933,933
2026-06-25,XSC,"South Caicos Airport, Turks and Caicos Islands",IAH,977,977
2026-06-25,LBA,"Leeds, UK",ATL,983,983
2026-06-25,SBH,"Gustavia, Saint Barthélemy",MIA,1040,1040
2026-06-25,EFL,"Kefallinia Island, Greece",PHX,1053,1053
2026-06-25,MGF,"Maringa, Brazil",BOS,1058,1058
2026-06-25,MJI,"Tripoli, Libya",ATL,1085,1085
2026-06-25,ADZ,"San Andres, Colombia",FLL,1093,1093
2026-06-25,PEG,"Perugia, Italy",ORD,1096,1096
2026-06-25,HGA,"Hargeisa, Somalia",ATL,1143,1143
2026-06-25,NGO,"Tokoname, Japan",CLT,1167,1167
2026-06-25,SCO,"Aktau, Kazakhstan",ORD,1179,1179
2026-06-25,PFO,"Paphos, Cyprus",PDX,1193,1193
2026-06-25,CRL,"Brussels, Belgium",DFW,1201,1201
2026-06-25,LYP,"Faisalabad, Pakistan",SMF,1218,1218
2026-06-25,SJZ,"Velas, Portugal",SFO,1222,1222
2026-06-25,WEH,"Weihai, China",SEA,1240,1240
2026-06-25,NBJ,"Luanda, Angola",SEA,1244,1244
2026-06-25,MOC,"Montes Claros, Brazil",MSP,1257,1257
2026-06-25,CFE,"Clermont-Ferrand/Auvergne, France",MIA,1315,1315
2026-06-25,NEV,"Charlestown, Saint Kitts and Nevis",STL,1344,1344
2026-06-25,BDS,"Brindisi, Italy",DTW,1352,1352
2026-06-25,XIY,"Xianyang, China",CVG,1352,1352
2026-06-25,VLN,"Valencia, Venezuela",DFW,1357,1357
2026-06-25,LEJ,"Leipzig, Germany",ANC,1382,1382
2026-06-25,APW,"Apia, Samoa",PHX,1399,1399
2026-06-25,BLA,"Barcelona, Venezuela",BOS,1445,1445
2026-06-25,TSN,"Tianjin, China",PHX,1474,1474
2026-06-25,CEI,"Chiang Rai, Thailand",IAH,1476,1476
2026-06-25,KKN,"Kirkenes, Norway",ORD,1500,1500
2026-06-25,SPR,SPR,MIA,1565,1565
2026-06-25,MQM,"Mardin, Türkiye",BOS,1659,1659
2026-06-25,CJU,"Jeju City, South Korea",CLT,1663,1663
2026-06-25,WDH,"Windhoek, Namibia",MIA,1689,1685
2026-06-25,KRS,"Kjevik, Norway",BNA,1765,1765
2026-06-25,GUW,"Atyrau, Kazakhstan",IND,1794,1794
2026-06-25,BLZ,"Blantyre, Malawi",CMH,1841,1841
2026-06-25,CIT,"Shymkent, Kazakhstan",SFO,1893,1893
2026-06-25,KGF,"Karaganda, Kazakhstan",MIA,2007,2007
2026-06-25,URA,"Uralsk, Kazakhstan",MSP,2011,2011
2026-06-25,NDJ,"N'Djamena, Chad",IND,2061,2061
2026-06-25,OSS,"Osh, Kyrgyzstan",DFW,2151,2151
2026-06-25,FBM,"Lubumbashi, Congo",IND,2238,2238
2026-06-25,YKF,"Waterloo, Canada",MDW,2265,2265
2026-06-25,BAX,"Barnaul, Russia",MIA,2311,2311
2026-06-25,LBD,"Khudzhand, Tajikistan",DFW,2441,2441
2026-06-25,ULV,"Ulyanovsk, Russia",DFW,2476,2476
2026-06-25,NGS,"Nagasaki, Japan",ATL,2575,2575
2026-06-25,MGQ,"Mogadishu, Somalia",SEA,2596,2596
2026-06-25,ASF,"Astrakhan, Russia",BOS,2740,2740
2026-06-25,IKU,"Tamchy, Kyrgyzstan",PDX,2946,2946
2026-06-25,GVN,"Sovetskaya Gavan, Russia",SNA,3142,3142
2026-06-25,ITU,ITU,ATL,3316,3316
2026-06-25,URC,"Urumqi, China",SNA,4838,4838
2026-06-25,SDQ,"Santo Domingo, Dom. Rep.",EWR,190,188
2026-06-25,SAL,San Salvador,LGA,187,185
2026-06-25,BCN,"Barcelona, Spain",ORD,484,478
2026-06-25,GRU,"Sao Paulo, Brazil",MIA,446,442
2026-06-25,SGN,"Ho Chi Minh, Vietnam",LAX,618,614
2026-06-25,FOR,"Fortaleza, Brazil",MIA,753,749
2026-06-25,JNB,"Johannesburg, S. Africa",IAH,844,834
2026-06-25,CPT,"Cape Town, S. Africa",ORD,1254,1236
2026-06-25,TAS,"Tashkent, Uzbekistan",LAX,743,736
2026-06-25,NQZ,"Astana, Kazakhstan",IAH,1134,1126
2026-06-25,KZN,"Kazan, Russia",FLL,1390,1378
2026-06-25,PVR,"Puerto Vallarta, Mexico",LAX,315,313
2026-06-25,TQO,"Tulum, Mexico",LGA,411,405
2026-06-25,ALC,"Alicante, Spain",BOS,609,604
2026-06-25,POA,"Porto Alegre, Brazil",BOS,716,711
2026-06-25,ISU,"Sulaymaniyah, Iraq",DCA,1143,1134
2026-06-25,YWG,"Winnipeg, Canada",LGA,427,422
2026-06-25,LCA,"Larnarca, Cyprus",ORD,970,964
2026-06-25,LLW,"Lilongwe, Malawi",ORD,1263,1250
2026-06-25,DUR,"Durban, South Africa",IAD,1415,1406
2026-06-25,TAO,"Qingdao, China",MIA,1554,1541
2026-06-25,TAB,"Scarborough, Trinidad and Tobago",JFK,518,512
2026-06-25,PMO,"Palermo, Italy",ORD,851,841
2026-06-25,FCO,"Rome, Italy",LAX,460,451
2026-06-25,VNO,"Vilnius, Lithuania",LAX,546,533
2026-06-25,LIS,"Lisbon, Portugal",JFK,614,602
2026-06-25,CAI,"Cairo, Egypt",IAD,634,620
2026-06-25,OTP,"Bucharest, Romania",MIA,670,656
2026-06-25,FLR,"Florence, Italy",BOS,764,752
2026-06-25,HKT,"Phuket, Thailand",LAX,768,756
2026-06-25,ICN,"Seoul, South Korea",SFO,672,662
2026-06-25,PPT,"Papeete, Tahiti",SFO,821,801
2026-06-25,USM,"Koh Samui, Thailand",DFW,1548,1512
2026-06-25,CNX,"Chiang Mai, Thailand",SFO,1769,1730
2026-06-25,DYU,"Dushanbe, Tajikistan",ORD,1282,1255
2026-06-25,FIH,"Kinshasa, Congo",DFW,915,893
2026-06-25,NLU,"Reyes Acozac, Mexico",LAX,278,272
2026-06-25,ZIA,"Zhukovsky, Russia",IAD,1505,1477
2026-06-25,CAP,"Cap Haitien, Haiti",FLL,622,607
2026-06-25,UGC,"Urgench, Uzbekistan",ORD,1321,1289
2026-06-25,ATH,"Athens, Greece",JFK,533,516
2026-06-25,DPS,"Bali, Indonesia",SEA,815,791
2026-06-25,NCE,"Nice, France",MIA,772,746
2026-06-25,COK,"Kochi, India",MIA,1167,1128
2026-06-25,ORY,"Paris, France",JFK,474,462
2026-06-25,VCP,"Campinas, Brazil",FLL,604,586
2026-06-25,DLA,"Douala, Cameroon",DTW,1246,1211
2026-06-25,MRV,"Mineralnyye Vody, Russia",MIA,1680,1631
2026-06-25,BPS,"Porto Seguro, Brazil",PHL,1037,1005
2026-06-25,ADB,"Izmir, Türkiye",IAD,910,887
2026-06-25,NJF,"Najaf, Iraq",MSP,1445,1399
2026-06-25,CSX,"Changsha, China",CLT,1919,1870
2026-06-25,TPE,"Taipei, Taiwan",ORD,731,704
2026-06-25,SSA,"Salvador, Brazil",MSY,1095,1054
2026-06-25,POP,"Puerto Plata, Dominican Republic",MIA,428,412
2026-06-25,SNU,"Santa Clara, Cuba",MIA,362,347
2026-06-25,GYN,"Goiania, Brazil",BNA,907,871
2026-06-25,SLP,"San Luis Potosi, Mexico",DFW,441,425
2026-06-25,HER,"Heraklion, Greece",BOS,950,917
2026-06-25,SVG,"Stavanger, Norway",ATL,883,852
2026-06-25,JMK,"Mykonos Island, Greece",LAX,966,933
2026-06-25,SJU,"San Juan, Puerto Rico",TPA,145,138
2026-06-25,AUA,Aruba,TPA,242,231
2026-06-25,BKK,"Bangkok, Thailand",SFO,662,633
2026-06-25,EBL,"Arbil, Iraq",SAN,921,875
2026-06-25,SVD,"Argyle, Saint Vincent and the Grenadines",EWR,389,372
2026-06-25,OGZ,"Beslan, Russia",CLT,1683,1608
2026-06-25,BPN,"Balikpapan, Borneo Island, Indonesia",CLT,1970,1870
2026-06-25,FLN,"Florianopolis, Brazil",BOS,971,915
2026-06-25,SIN,Singapore,SFO,678,637
2026-06-25,BJM,"Bujumbura, Burundi",LAX,1053,991
2026-06-25,LTN,"London, UK",LGA,787,739
2026-06-25,YDF,"Deer Lake, Canada",IND,751,709
2026-06-25,MDE,"Medellin, Colombia",FLL,252,235
2026-06-25,SJD,"Los Cabos, Mexico",EWR,264,247
2026-06-25,LOS,"Lagos, Nigeria",IND,925,864
2026-06-25,HND,"Tokyo, Japan",SFO,829,773
2026-06-25,SKG,"Thessaloniki, Greece",DTW,671,627
2026-06-25,AEP,"Buenos Aires, Argentina",MIA,627,580
2026-06-25,DLM,"Dalaman, Türkiye",ORD,1381,1274
2026-06-25,BOG,"Bogota, Colombia",AUS,271,249
2026-06-25,BGI,"Bridgetown, Barbados",DCA,457,419
2026-06-25,IBZ,"Ibiza, Spain",IAD,845,772
2026-06-25,PLS,"Providenciales, Turks",JFK,436,396
2026-06-25,HYD,"Hyderabad, India",ORD,988,898
2026-06-25,CEK,"Chelyabinsk, Russia",IAH,1735,1571
2026-06-25,SKP,"Skopje, North Macedonia",CVG,711,647
2026-06-25,MAA,"Chennai, India",ORD,1097,991
2026-06-25,GOX,"Mopa, India",SNA,1767,1592
2026-06-25,MPM,"Maputo, Mozambique",MSP,2405,2170
2026-06-25,GOT,"Gothenburg, Sweden",SFO,730,654
2026-06-25,QRO,"Queretaro, Mexico",RDU,279,248
2026-06-25,CUE,"Cuenca, Ecuador",ATL,570,511
2026-06-25,VXE,"Sao Pedro, Cabo Verde",BOS,1416,1269
2026-06-25,ASU,"Asuncion, Paraguay",MIA,908,805
2026-06-25,CGK,"Jakarta, Indonesia",PHX,1291,1126
2026-06-25,CRK,"Angeles City, Philippines",LAX,914,795
2026-06-25,SVQ,"Seville, Spain",STL,1069,923
2026-06-25,RUH,"Riyadh, Saudi Arabia",DCA,1470,1223
2026-06-25,GGT,"George Town, Bahamas",MIA,558,465
2026-06-25,NVT,"Navegantes, Brazil",BOS,1627,1355
2026-06-25,KUT,"Kutaisi, Georgia",OAK,1804,1449
2026-06-25,ABV,"Abuja, Nigeria",TPA,1937,1556
2026-06-25,EOH,"Medellin, Colombia",DFW,815,578
2026-06-25,YBP,"Yibin, China",DFW,2384,3338
2026-06-25,PUJ,"Punta Cana, Dom. Rep.",MIA,128,164
2026-06-25,PEK,"Beijing, China",SEA,510,654
2026-06-25,SCU,"Santiago, Cuba",MIA,697,894
2026-06-25,VTE,"Vientiane, Laos",SEA,1148,1471
2026-06-25,REC,"Recife, Brazil",MIA,771,976
2026-06-25,OUA,"Ouagadougou, Burkina Faso",JFK,654,815
2026-06-25,TAM,"Tampico, Mexico",ATL,591,731
2026-06-25,BLR,"Bangalore, India",IAD,879,1068
2026-06-25,YEG,"Edmonton, Canada",SLC,274,334
2026-06-25,UIO,"Quito, Ecuador",JFK,298,359
2026-06-25,AXA,"The Valley, Anguilla",MIA,647,775
2026-06-25,RUH,"Riyadh, Saudi Arabia",IAD,1048,1245
2026-06-25,CTG,"Cartagena, Colombia",FLL,223,259
2026-06-25,TGD,"Podgorica, Montenegro",ORD,559,653
2026-06-25,ESB,"Ankara, Türkiye",IAD,894,1032
2026-06-25,MNL,"Manila, Philippines",LAX,495,560
2026-06-25,TLL,"Tallinn, Estonia",EWR,533,601
2026-06-25,AGU,"Aguascalientes, Mexico",DFW,386,435
2026-06-25,BIM,"South Bimini, Bahamas",IND,394,444
2026-06-25,GYE,"Guayaquil, Ecuador",JFK,234,261
2026-06-25,MAD,"Madrid, Spain",EWR,397,441
2026-06-25,HAV,"Havana, Cuba",MIA,184,204
2026-06-25,BER,"Berlin, Germany",JFK,583,635
2026-06-25,ZRH,"Zurich, Switzerland",BWI,577,624
2026-06-25,ACC,"Accra, Ghana",IAD,954,1034
2026-06-25,UBN,"Ulaanbaatar, Mongolia",ORD,786,854
2026-06-25,GCM,Grand Cayman,IAD,383,414
2026-06-25,HAM,"Hamburg, Germany",JFK,621,671
2026-06-25,MEL,"Melbourne, Australia",DTW,981,1057
2026-06-25,VIX,"Vitoria, Brazil",BOS,596,639
2026-06-25,KUL,"Kuala Lumpur, Malaysia",SFO,702,750
2026-06-25,MLE,"Male, Maldives",MSY,917,973
2026-06-25,GVA,"Geneva, Switzerland",MCO,477,507
2026-06-25,CEB,"Cebu, Philippines",LAX,591,628
2026-06-25,SYD,"Sydney, Australia",LAX,741,789
2026-06-25,CLO,"Cali, Colombia",MCO,234,249
2026-06-25,CUZ,"Cusco, Peru",BWI,858,912
2026-06-25,PTY,"Panama City, Panama",JFK,269,282
2026-06-25,GIG,"Rio de Janeiro, Brazil",TPA,431,456
2026-06-25,DOH,"Doha, Qatar",IAD,1501,1573
2026-06-25,RMO,"Chișinău, Moldova",EWR,579,611
2026-06-25,MSQ,"Minsk, Belarus",IAD,1471,1544
2026-06-25,PDL,"Ponta Delgada, Portugal",BOS,610,643
2026-06-25,NBO,"Nairobi, Kenya",IAD,722,750
2026-06-25,STI,"Santiago, Dominican Republic",EWR,197,205
2026-06-25,YTZ,"Toronto, Canada",ORD,195,204
2026-06-25,MTY,"Monterrey, Mexico",DFW,176,184
2026-06-25,STN,"London, UK",SEA,668,697
2026-06-25,TGZ,"Tuxtla Gutierrez, Mexico",IAH,426,444
2026-06-25,INN,"Innsbruck, Austria",AUS,1571,1642
2026-06-25,ROR,"Babelthuap Island, Palau",HNL,2380,2492
2026-06-25,UVF,St. Lucia,JFK,499,514
2026-06-25,YYZ,"Toronto, Canada",FLL,203,210
2026-06-25,BEG,"Belgrade, Serbia",JFK,662,686
2026-06-25,VLC,"Valencia, Spain",BOS,664,684
2026-06-25,NAN,"Nadi, Fiji",LAX,694,719
2026-06-25,SVO,"Moscow, Russia",MIA,1145,1175
2026-06-25,BSZ,"Bishkek, Kyrgyzstan",ORD,1025,1053
2026-06-25,TFU,"Tianfu, China",DCA,1649,1705
2026-06-25,MEX,"Mexico City, Mexico",IAH,165,169
2026-06-25,AGP,"Malaga, Spain",JFK,579,589
2026-06-25,EVN,"Yerevan, Armenia",BOS,727,744
2026-06-25,HRG,"Hurghada, Egypt",LAX,973,993
2026-06-25,CGN,"Cologne, Germany",ORD,836,857
2026-06-25,SHJ,"Sharjah, UAE",ATL,809,823
2026-06-25,BRI,"Bari, Italy",IAD,774,791
2026-06-25,RAI,"Praia, Cabo Verde",BOS,891,905
2026-06-25,YQB,"Quebec City, Canada",SAN,457,466
2026-06-25,FNC,"Funchal, Portugal",SFO,1113,1131
2026-06-25,WMI,"Warsaw, Poland",ORD,679,693
2026-06-25,HOR,"Horta, Portugal",BOS,797,812
2026-06-25,SID,"Espargos, Cabo Verde",FLL,1422,1448
2026-06-25,STW,"Stavropol, Russia",SFO,2361,2401
2026-06-25,ARN,"Stockholm, Sweden",JFK,408,413
2026-06-25,FRA,"Frankfurt, Germany",JFK,532,535
2026-06-25,OPO,"Porto, Portugal",BOS,568,572
2026-06-25,SOF,"Sofia, Bulgaria",JFK,640,644
2026-06-25,VKO,"Moscow, Russia",IAD,1165,1171
2026-06-25,SAW,"Istanbul, Türkiye",JFK,662,671
2026-06-25,BUS,"Batumi, Georgia",IAD,913,923
2026-06-25,SKD,"Samarkand, Uzbekistan",IAD,1047,1056
2026-06-25,CNF,"Belo Horizonte, Brazil",BOS,411,416
2026-06-25,KTI,"Krong Ta Khmau, Cambodia",LAX,735,745
2026-06-25,AMD,"Ahmedabad, India",IAD,929,938
2026-06-25,GZP,"Gazipasa, Türkiye",BWI,1074,1086
2026-06-25,SNN,"Shannon, Ireland",EWR,630,639
2026-06-25,RHO,"Rodes Island, Greece",LAX,925,933
2026-06-25,ALG,"Algiers, Algeria",BOS,750,758
2026-06-25,HHN,"Hahn, Germany",IAD,754,758
2026-06-25,PVH,"Porto Velho, Brazil",MCO,948,954
2026-06-25,KIN,"Kingston, Jamaica",JFK,246,246
2026-06-25,GUA,Guatemala City,MIA,190,190
2026-06-25,MBJ,"Montego Bay, Jamaica",TPA,217,217
2026-06-25,CUN,"Cancun, Mexico",ATL,166,166
2026-06-25,NAS,"Nassau, Bahamas",MIA,266,266
2026-06-25,KEF,"Reykjavik, Iceland",ORD,394,394
2026-06-25,YVR,"Vancouver, Canada",LAX,163,163
2026-06-25,POS,"Port of Spain, Trinidad",FLL,317,317
2026-06-25,SJO,"San Jose, Costa Rica",MIA,207,207
2026-06-25,CUR,Curacao,EWR,345,346
2026-06-25,YYC,"Calgary, Canada",SAN,270,269
2026-06-25,VIE,"Vienna, Austria",JFK,459,459
2026-06-25,OSL,"Oslo, Norway",JFK,465,464
2026-06-25,BUD,"Budapest, Hungary",EWR,483,483
2026-06-25,CDG,"Paris, France",EWR,464,464
2026-06-25,DUB,"Dublin, Ireland",ORD,457,458
2026-06-25,LIM,"Lima, Peru",MIA,397,398
2026-06-25,SXM,St. Maarten,LGA,468,466
2026-06-25,AMS,"Amsterdam, Netherlands",JFK,527,527
2026-06-25,MXP,"Milan, Italy",SFO,501,501
2026-06-25,MGA,"Managua, Nicaragua",MIA,299,299
2026-06-25,ANU,Antigua,JFK,538,538
2026-06-25,DXB,"Dubai, UAE",JFK,550,550
2026-06-25,WAW,"Warsaw, Poland",IAD,470,470
2026-06-25,IST,"Istanbul, Turkey",JFK,561,561
2026-06-25,CMN,"Casablanca, Morocco",LGA,540,540
2026-06-25,CPH,"Copenhagen, Denmark",RDU,466,466
2026-06-25,KRK,"Krakow, Poland",JFK,587,587
2026-06-25,VCE,"Venice, Italy",EWR,587,587
2026-06-25,LHR,"London, UK",BWI,482,482
2026-06-25,TBS,"Tbilisi, Georgia",JFK,642,642
2026-06-25,HEL,"Helsinki, Finland",MSP,529,528
2026-06-25,MUC,"Munich, Germany",JFK,647,649
2026-06-25,TUN,"Tunis, Tunisia",JFK,658,658
2026-06-25,YUL,"Montreal, Canada",BOS,217,217
2026-06-25,PRG,"Prague, Czechia",LAX,581,581
2026-06-25,FPO,"Freeport, Bahamas",FLL,410,410
2026-06-25,SSH,"Sharm El Sheikh, Egypt",EWR,667,667
2026-06-25,GND,Grenada,MIA,674,674
2026-06-25,RAK,"Marrakech, Morocco",BOS,628,628
2026-06-25,NAP,"Naples, Italy",LAX,743,743
2026-06-25,BOM,"Mumbai, India",BOS,854,854
2026-06-25,BRU,"Brussels, Belgium",BWI,528,527
2026-06-25,ADD,"Addis Ababa, Ethiopia",BOS,966,966
2026-06-25,JED,"Jeddah, Saudi Arabia",ORD,722,722
2026-06-25,SGN,"Ho Chi Minh, Vietnam",LAX,618,615
2026-06-25,GYD,"Baku, Azerbaijan",IAD,946,946
2026-06-25,HKG,Hong Kong,SFO,634,634
2026-06-25,KTM,"Kathmandu, Nepal",HNL,1066,1066
2026-06-25,CAN,"Guangzhou, China",SFO,640,640
2026-06-25,BZE,"Belize City, Belize",IAD,334,334
2026-06-25,STT,"St. Thomas, USVI",MIA,389,389
2026-06-25,EZE,"Buenos Aires, Argentina",AUS,529,529
2026-06-25,MAN,"Manchester, UK",IAD,686,686
2026-06-25,DEL,"Delhi, India",IAD,783,783
2026-06-25,PVG,"Shanghai, China",LAX,617,617
2026-06-25,LIR,"Liberia, Costa Rica",PDX,338,338
2026-06-25,NRT,"Tokyo, Japan",HNL,644,644
2026-06-25,DBV,"Dubrovnik, Croatia",ATL,617,617
2026-06-25,BLQ,"Bologna, Italy",ATL,648,649
2026-06-25,ZAG,"Zagreb, Croatia",CLE,668,668
2026-06-25,GLA,"Glasgow, Scotland",ATL,710,710
2026-06-25,SCL,"Santiago, Chile",MCO,355,355
2026-06-25,EDI,"Edinburgh, Scotland",ORD,673,673
2026-06-25,ZNZ,"Zanzibar, Tanzania",ORD,918,918
2026-06-25,MBA,"Mombasa, Kenya",ATL,1339,1339
2026-06-25,DAD,"Da Nang, Vietnam",SFO,743,745
2026-06-25,GOI,"Goa, India",ATL,2295,2295
2026-06-25,AUH,"Abu Dhabi, UAE",MIA,912,912
2026-06-25,RIX,"Riga, Latvia",SEA,569,569
2026-06-25,BNE,"Brisbane, Australia",LAX,718,718
2026-06-25,HAN,"Hanoi, Vietnam",LAX,786,786
2026-06-25,AKL,"Auckland, New Zealand",DFW,701,701
2026-06-25,MRS,"Marseille, France",ORD,765,765
2026-06-25,FAO,"Faro, Portugal",ORD,906,906
2026-06-25,CMB,"Colombo, Sri Lanka",ORD,1073,1073
2026-06-25,KIX,"Osaka, Japan",LAX,861,862
2026-06-25,MRU,Mauritius,ORD,1572,1572
2026-06-25,TGU,"Tegucigalpa, Honduras",RDU,932,932
2026-06-25,KWI,Kuwait City,DEN,1115,1115
2026-06-25,LYS,"Lyon, France",LAX,1061,1061
2026-06-25,ZQN,"Queenstown, NZ",IND,1606,1606
2026-06-25,LED,"St. Petersburg, Russia",IAD,1211,1211
2026-06-25,ALA,"Almaty, Kazakhstan",LAX,797,797
2026-06-25,DME,"Moscow, Russia",ORD,1215,1215
2026-06-25,LGW,"London, UK",MCO,391,391
2026-06-25,GDL,"Guadalajara, Mexico",LAX,245,245
2026-06-25,SAP,"La Mesa, Honduras",MIA,268,268
2026-06-25,BJX,"Silao, Mexico",IAH,249,249
2026-06-25,AYT,"Antalya, Türkiye",BOS,705,706
2026-06-25,TIV,"Tivat, Montenegro",SEA,975,975
2026-06-25,XPL,"Comayagua, Honduras",MCO,358,358
2026-06-25,LHE,"Lahore, Pakistan",SFO,780,780
2026-06-25,ISB,"Islamabad, Pakistan",IAD,631,631
2026-06-25,FOC,"Fuzhou, China",IAD,1056,1056
2026-06-25,UFA,"Ufa, Russia",BOS,1401,1401
2026-06-25,PMI,"Palma De Mallorca, Spain",ATL,644,643
2026-06-25,MLM,"Morelia, Mexico",LAX,236,236
2026-06-25,TIA,"Tirana, Albania",JFK,517,517
2026-06-25,BGW,"Baghdad, Iraq",ORD,823,823
2026-06-25,SVX,"Yekaterinburg, Russia",SEA,1508,1508
2026-06-25,OVB,"Novosibirsk, Russia",DEN,1552,1552
2026-06-25,TLC,"Toluca, Mexico",IAH,250,250
2026-06-25,CCS,"Caracas, Venezuela",MIA,422,422
2026-06-25,BVA,"Beauvais/Tille, France",JFK,620,620
2026-06-25,VVI,"Santa Cruz, Bolivia",IAD,710,710
2026-06-25,OAX,"Oaxaca, Mexico",LAX,207,207
2026-06-25,BSB,"Brasilia, Brazil",MIA,387,387
2026-06-25,PRN,Lipjan,IAD,684,684
2026-06-25,AER,"Sochi, Russia",MIA,1151,1151
2026-06-25,BAQ,"Barranquilla, Colombia",MIA,258,258
2026-06-25,MED,"Medina, Saudi Arabia",ORD,854,854
2026-06-25,CFU,"Kerkyra Island, Greece",BOS,959,959
2026-06-25,CXR,"Nha Trang, Vietnam",SFO,1072,1072
2026-06-25,KHI,"Karachi, Pakistan",JFK,649,649
2026-06-25,DAC,"Dhaka, Bangladesh",ATL,857,857
2026-06-25,MID,"Merida, Mexico",OAK,323,323
2026-06-25,GEO,"Georgetown, Guyana",MIA,330,330
2026-06-25,BDA,"Hamilton, Bermuda",JFK,359,359
2026-06-25,MVD,"Montevideo, Uruguay",IAD,476,476
2026-06-25,RTB,"Roatan Island, Honduras",JFK,616,616
2026-06-25,CIA,"Roma, Italy",BWI,778,778
2026-06-25,KBL,"Kabul, Afghanistan",IAD,861,861
2026-06-25,ROB,"Monrovia, Liberia",CMH,1376,1376
2026-06-25,HOG,"Holguin, Cuba",SAT,517,517
2026-06-25,SDU,"Rio De Janeiro, Brazil",EWR,695,697
2026-06-25,DAR,"Dar es Salaam, Tanzania",IAD,939,939
2026-06-25,SEZ,"Mahe Island, Seychelles",ORD,1403,1403
2026-06-25,MZT,"Mazatlan, Mexico",SAT,368,368
2026-06-25,PEI,"Pereira, Colombia",MCO,459,460
2026-06-25,EBB,"Kampala, Uganda",ATL,808,808
2026-06-25,NSI,"Yaounde, Cameroon",SAT,1410,1410
2026-06-25,VVO,"Vladivostok, Russia",SEA,1510,1510
2026-06-25,VER,"Veracruz, Mexico",DFW,345,345
2026-06-25,LFW,"Lome, Togo",IAD,1122,1122
2026-06-25,CGR,"Campo Grande, Brazil",BWI,1172,1172
2026-06-25,HRE,"Harare, Zimbabwe",ORD,1280,1280
2026-06-25,FNA,"Freetown, Sierra Leone",IAH,1407,1407
2026-06-25,KUF,"Samara, Russia",AUS,1661,1661
2026-06-25,KHV,"Khabarovsk, Russia",MIA,2438,2435
2026-06-25,YXE,"Saskatoon, Canada",LGA,507,507
2026-06-25,CWB,"Curitiba, Brazil",CLT,630,630
2026-06-25,PKX,"Beijing, China",LAX,669,669
2026-06-25,RBA,"Rabat, Morocco",MCO,690,690
2026-06-25,PVK,"Preveza/Lefkada, Greece",BOS,742,742
2026-06-25,SJJ,"Sarajevo, Bosnia and Herzegovina",LAX,793,796
2026-06-25,BJV,"Bodrum, Türkiye",ORD,982,982
2026-06-25,BOB,"Motu Mute, French Polynesia",LAX,1020,1020
2026-06-25,KTW,"Katowice, Poland",MSP,1296,1296
2026-06-25,ABJ,"Abidjan, Côte d'Ivoire",IAH,1944,1944
2026-06-25,MAR,"Maracaibo, Venezuela",MIA,279,279
2026-06-25,XMN,"Xiamen, China",SFO,739,739
2026-06-25,CKG,"Chongqing, China",SFO,883,883
2026-06-25,SYX,"Sanya, China",LAX,900,900
2026-06-25,BOJ,"Burgas, Bulgaria",MIA,905,905
2026-06-25,BSR,"Basrah, Iraq",PDX,942,942
2026-06-25,PQC,"Duong Dong, Vietnam",ORD,1092,1092
2026-06-25,CTM,"Chetumal, Mexico",IAH,348,348
2026-06-25,MHH,"Marsh Harbour, Bahamas",FLL,449,449
2026-06-25,CUL,"Culiacan, Mexico",SEA,453,453
2026-06-25,CMW,"Camaguey, Cuba",AUS,489,489
2026-06-25,TPP,"Tarapoto, Peru",MIA,538,538
2026-06-25,GDN,"Gdańsk, Poland",JFK,612,612
2026-06-25,SKB,"Basseterre, Saint Kitts and Nevis",JFK,619,619
2026-06-25,BON,"Kralendijk, Bonaire",ATL,631,629
2026-06-25,LTO,"Loreto, Mexico",DFW,632,632
2026-06-25,ZLO,"Manzanillo, Mexico",BWI,640,640
2026-06-25,CGH,"Sao Paulo, Brazil",MIA,698,696
2026-06-25,DGO,"Durango, Mexico",MKE,700,700
2026-06-25,OLB,"Olbia, Italy",IAD,701,701
2026-06-25,MLA,"Luqa, Malta",ORD,730,730
2026-06-25,VRN,"Verona, Italy",BOS,796,796
2026-06-25,CCU,"Kolkata, India",IAD,1013,1013
2026-06-25,SOU,"Southampton, UK",IAD,1045,1045
2026-06-25,PZU,"Port Sudan, Sudan",SFO,1072,1072
2026-06-25,RMI,"Rimini, Italy",DCA,1092,1092
2026-06-25,COV,"Tarsus, Türkiye",IAH,1173,1173
2026-06-25,TSR,"Timisoara, Romania",IAD,1175,1175
2026-06-25,COO,"Cotonou, Benin",IAH,1223,1223
2026-06-25,KSN,"Kostanay, Kazakhstan",MIA,1316,1316
2026-06-25,IKT,"Irkutsk, Russia",BOS,1322,1322
2026-06-25,LPB,"La Paz / El Alto, Bolivia",BWI,1378,1378
2026-06-25,KRR,"Krasnodar, Russia",DFW,1412,1412
2026-06-25,NIM,"Niamey, Niger",IND,1656,1656
2026-06-25,PHC,"Port Harcourt, Nigeria",IAH,1687,1687
2026-06-25,LUN,"Lusaka, Zambia",IAD,1944,1944
2026-06-25,MCX,"Makhachkala, Russia",SFO,2019,2019
2026-06-25,YHM,"Hamilton, Canada",FLL,243,243
2026-06-25,TIJ,"Tijuana, Mexico",LAX,296,296
2026-06-25,YOW,"Ottawa, Canada",CMH,401,401
2026-06-25,BGA,"Bucaramanga, Colombia",JFK,548,548
2026-06-25,BGY,"Bergamo, Italy",BOS,599,599
2026-06-25,YXY,"Whitehorse, Canada",BNA,605,605
2026-06-25,AXM,"Armenia, Colombia",JFK,640,640
2026-06-25,ZIH,"Ixtapa, Mexico",LAX,720,720
2026-06-25,NUE,"Nuremberg, Germany",MIA,801,801
2026-06-25,CGO,"Zhengzhou, China",SFO,806,806
2026-06-25,SHA,"Shanghai, China",LAX,820,820
2026-06-25,WUH,"Wuhan, China",SFO,821,821
2026-06-25,RZE,"Rzeszow, Poland",ORD,838,838
2026-06-25,YZF,"Yellowknife, Canada",ORD,862,862
2026-06-25,HBE,"Alexandria, Egypt",BOS,867,867
2026-06-25,HAK,"Haikou, China",SFO,879,879
2026-06-25,HAJ,"Hannover, Germany",DTW,885,885
2026-06-25,XRY,"Jerez de la Forntera, Spain",MIA,910,910
2026-06-25,CBB,"Cochabamba, Bolivia",LAX,953,953
2026-06-25,PNT,"Puerto Natales, Chile",FLL,1001,1001
2026-06-25,CUK,"Caye Caulker, Belize",SFO,1003,1003
2026-06-25,VRA,"Varadero, Cuba",SFO,1007,1007
2026-06-25,CLJ,"Cluj-Napoca, Romania",SFO,1035,1035
2026-06-25,SZX,"Shenzhen, China",ORD,1140,1140
2026-06-25,IGD,"Igdir, Türkiye",DFW,1203,1203
2026-06-25,PAS,"Paros Island, Greece",MIA,1217,1217
2026-06-25,NBJ,"Luanda, Angola",SEA,1244,1244
2026-06-25,CCP,"Concepcion, Chile",SLC,1290,1290
2026-06-25,DSS,"Diass, Senegal",CLT,1387,1387
2026-06-25,LWN,"Gyumri, Armenia",SFO,1719,1719
2026-06-25,USH,"Ushuahia, Argentina",SFO,1758,1758
2026-06-25,NMA,"Namangan, Uzbekistan",PIT,1807,1807
2026-06-25,KJA,"Krasnoyarsk, Russia",LAS,1960,1960
2026-06-25,UUD,"Ulan Ude, Russia",SEA,2652,2652
2026-06-25,YLW,"Kelowna, Canada",PHX,320,320
2026-06-25,ELH,"North Eleuthera, Bahamas",MIA,379,379
2026-06-25,YHZ,"Halifax, Canada",PHL,402,402
2026-06-25,CUU,"Chihuahua, Mexico",DEN,406,406
2026-06-25,YHU,"Longueuil, Canada",BWI,532,532
2026-06-25,PBC,"Puebla, Mexico",DEN,542,542
2026-06-25,TRC,"Torreon, Mexico",DEN,553,553
2026-06-25,REX,"Reynosa, Mexico",ORD,575,575
2026-06-25,YXU,"London, Canada",ORD,580,580
2026-06-25,JTR,"Santorini Island, Greece",JFK,595,595
2026-06-25,CZM,"Cozumel, Mexico",DEN,607,607
2026-06-25,EIS,"Road Town, Virgin Islands",MCO,636,636
2026-06-25,AQP,"Arequipa, Peru",MCO,688,688
2026-06-25,CIX,"Chiclayo, Peru",SFO,695,695
2026-06-25,TRF,"Torp, Norway",SFO,721,721
2026-06-25,FMO,"Munster, Germany",DTW,762,762
2026-06-25,IAS,"Iasi, Romania",LGA,764,764
2026-06-25,VGO,"Vigo, Spain",ORD,779,779
2026-06-25,TOS,"Tromsø, Norway",MSP,783,783
2026-06-25,PTP,"Pointe-a-Pitre Le Raizet, Guadeloupe",AUS,791,791
2026-06-25,SHE,"Shenyang, China",SFO,813,813
2026-06-25,BOC,"Isla Colon, Panama",DFW,829,829
2026-06-25,SUF,"Lamezia Terme, Italy",IAH,835,835
2026-06-25,GMP,"Seoul, South Korea",HNL,881,881
2026-06-25,TER,"Lajes, Portugal",SFO,892,892
2026-06-25,MUX,"Multan, Pakistan",DTW,907,907
2026-06-25,PSA,"Pisa, Italy",BOS,933,933
2026-06-25,XSC,"South Caicos Airport, Turks and Caicos Islands",IAH,977,977
2026-06-25,LBA,"Leeds, UK",ATL,983,983
2026-06-25,SBH,"Gustavia, Saint Barthélemy",MIA,1040,1040
2026-06-25,EFL,"Kefallinia Island, Greece",PHX,1053,1053
2026-06-25,MGF,"Maringa, Brazil",BOS,1058,1058
2026-06-25,MJI,"Tripoli, Libya",ATL,1085,1085
2026-06-25,ADZ,"San Andres, Colombia",FLL,1093,1093
2026-06-25,PEG,"Perugia, Italy",ORD,1096,1096
2026-06-25,HGA,"Hargeisa, Somalia",ATL,1143,1143
2026-06-25,NGO,"Tokoname, Japan",CLT,1167,1167
2026-06-25,SCO,"Aktau, Kazakhstan",ORD,1179,1179
2026-06-25,PFO,"Paphos, Cyprus",PDX,1193,1193
2026-06-25,CRL,"Brussels, Belgium",DFW,1201,1201
2026-06-25,LYP,"Faisalabad, Pakistan",SMF,1218,1218
2026-06-25,SJZ,"Velas, Portugal",SFO,1222,1222
2026-06-25,WEH,"Weihai, China",SEA,1240,1240
2026-06-25,MOC,"Montes Claros, Brazil",MSP,1257,1257
2026-06-25,CFE,"Clermont-Ferrand/Auvergne, France",MIA,1315,1315
2026-06-25,NEV,"Charlestown, Saint Kitts and Nevis",STL,1344,1344
2026-06-25,BDS,"Brindisi, Italy",DTW,1352,1352
2026-06-25,XIY,"Xianyang, China",CVG,1352,1352
2026-06-25,VLN,"Valencia, Venezuela",DFW,1357,1357
2026-06-25,LEJ,"Leipzig, Germany",ANC,1382,1382
2026-06-25,APW,"Apia, Samoa",PHX,1399,1399
2026-06-25,BLA,"Barcelona, Venezuela",BOS,1445,1445
2026-06-25,TSN,"Tianjin, China",PHX,1474,1474
2026-06-25,CEI,"Chiang Rai, Thailand",IAH,1476,1476
2026-06-25,KKN,"Kirkenes, Norway",ORD,1500,1500
2026-06-25,SPR,SPR,MIA,1565,1565
2026-06-25,MQM,"Mardin, Türkiye",BOS,1659,1659
2026-06-25,CJU,"Jeju City, South Korea",CLT,1663,1663
2026-06-25,WDH,"Windhoek, Namibia",MIA,1689,1685
2026-06-25,KRS,"Kjevik, Norway",BNA,1765,1765
2026-06-25,GUW,"Atyrau, Kazakhstan",IND,1794,1794
2026-06-25,BLZ,"Blantyre, Malawi",CMH,1841,1841
2026-06-25,CIT,"Shymkent, Kazakhstan",SFO,1893,1893
2026-06-25,KGF,"Karaganda, Kazakhstan",MIA,2007,2007
2026-06-25,URA,"Uralsk, Kazakhstan",MSP,2011,2011
2026-06-25,NDJ,"N'Djamena, Chad",IND,2061,2061
2026-06-25,OSS,"Osh, Kyrgyzstan",DFW,2151,2151
2026-06-25,FBM,"Lubumbashi, Congo",IND,2238,2238
2026-06-25,YKF,"Waterloo, Canada",MDW,2265,2265
2026-06-25,BAX,"Barnaul, Russia",MIA,2311,2311
2026-06-25,LBD,"Khudzhand, Tajikistan",DFW,2441,2441
2026-06-25,NGS,"Nagasaki, Japan",ATL,2575,2575
2026-06-25,MGQ,"Mogadishu, Somalia",SEA,2596,2596
2026-06-25,ASF,"Astrakhan, Russia",BOS,2740,2740
2026-06-25,IKU,"Tamchy, Kyrgyzstan",PDX,2946,2946
2026-06-25,GVN,"Sovetskaya Gavan, Russia",SNA,3142,3142
2026-06-25,ITU,ITU,ATL,3316,3316
2026-06-25,URC,"Urumqi, China",SNA,4838,4838
2026-06-25,SDQ,"Santo Domingo, Dom. Rep.",EWR,190,188
2026-06-25,SAL,San Salvador,LGA,187,185
2026-06-25,BCN,"Barcelona, Spain",ORD,484,479
2026-06-25,GRU,"Sao Paulo, Brazil",MIA,446,442
2026-06-25,FLR,"Florence, Italy",BOS,764,753
2026-06-25,HKT,"Phuket, Thailand",LAX,768,757
2026-06-25,FOR,"Fortaleza, Brazil",MIA,753,749
2026-06-25,JNB,"Johannesburg, S. Africa",IAH,844,835
2026-06-25,CPT,"Cape Town, S. Africa",ORD,1254,1238
2026-06-25,TAS,"Tashkent, Uzbekistan",LAX,743,737
2026-06-25,NQZ,"Astana, Kazakhstan",IAH,1134,1126
2026-06-25,KZN,"Kazan, Russia",FLL,1390,1379
2026-06-25,PVR,"Puerto Vallarta, Mexico",LAX,315,313
2026-06-25,TQO,"Tulum, Mexico",LGA,411,405
2026-06-25,ALC,"Alicante, Spain",BOS,609,604
2026-06-25,POA,"Porto Alegre, Brazil",BOS,716,711
2026-06-25,ISU,"Sulaymaniyah, Iraq",DCA,1143,1135
2026-06-25,YWG,"Winnipeg, Canada",LGA,427,422
2026-06-25,LCA,"Larnarca, Cyprus",ORD,970,964
2026-06-25,LLW,"Lilongwe, Malawi",ORD,1263,1251
2026-06-25,DUR,"Durban, South Africa",IAD,1415,1407
2026-06-25,TAO,"Qingdao, China",MIA,1554,1542
2026-06-25,TAB,"Scarborough, Trinidad and Tobago",JFK,518,513
2026-06-25,PMO,"Palermo, Italy",ORD,851,841
2026-06-25,FCO,"Rome, Italy",LAX,460,452
2026-06-25,VNO,"Vilnius, Lithuania",LAX,546,534
2026-06-25,LIS,"Lisbon, Portugal",JFK,614,603
2026-06-25,CAI,"Cairo, Egypt",IAD,634,621
2026-06-25,OTP,"Bucharest, Romania",MIA,670,658
2026-06-25,ICN,"Seoul, South Korea",SFO,672,662
2026-06-25,PPT,"Papeete, Tahiti",SFO,821,803
2026-06-25,USM,"Koh Samui, Thailand",DFW,1548,1515
2026-06-25,CNX,"Chiang Mai, Thailand",SFO,1769,1733
2026-06-25,ORY,"Paris, France",JFK,474,463
2026-06-25,DYU,"Dushanbe, Tajikistan",ORD,1282,1258
2026-06-25,FIH,"Kinshasa, Congo",DFW,915,895
2026-06-25,NLU,"Reyes Acozac, Mexico",LAX,278,272
2026-06-25,ZIA,"Zhukovsky, Russia",IAD,1505,1479
2026-06-25,CAP,"Cap Haitien, Haiti",FLL,622,608
2026-06-25,ADB,"Izmir, Türkiye",IAD,910,889
2026-06-25,UGC,"Urgench, Uzbekistan",ORD,1321,1291
2026-06-25,CSX,"Changsha, China",CLT,1919,1874
2026-06-25,ATH,"Athens, Greece",JFK,533,518
2026-06-25,DPS,"Bali, Indonesia",SEA,815,793
2026-06-25,NCE,"Nice, France",MIA,772,749
2026-06-25,COK,"Kochi, India",MIA,1167,1131
2026-06-25,VCP,"Campinas, Brazil",FLL,604,588
2026-06-25,DLA,"Douala, Cameroon",DTW,1246,1214
2026-06-25,MRV,"Mineralnyye Vody, Russia",MIA,1680,1636
2026-06-25,BPS,"Porto Seguro, Brazil",PHL,1037,1007
2026-06-25,HER,"Heraklion, Greece",BOS,950,920
2026-06-25,SVG,"Stavanger, Norway",ATL,883,855
2026-06-25,JMK,"Mykonos Island, Greece",LAX,966,936
2026-06-25,NJF,"Najaf, Iraq",MSP,1445,1403
2026-06-25,AUA,Aruba,TPA,242,232
2026-06-25,BKK,"Bangkok, Thailand",SFO,662,636
2026-06-25,TPE,"Taipei, Taiwan",ORD,731,706
2026-06-25,SSA,"Salvador, Brazil",MSY,1095,1057
2026-06-25,POP,"Puerto Plata, Dominican Republic",MIA,428,413
2026-06-25,SVD,"Argyle, Saint Vincent and the Grenadines",EWR,389,374
2026-06-25,SNU,"Santa Clara, Cuba",MIA,362,348
2026-06-25,GYN,"Goiania, Brazil",BNA,907,874
2026-06-25,SLP,"San Luis Potosi, Mexico",DFW,441,426
2026-06-25,OGZ,"Beslan, Russia",CLT,1683,1615
2026-06-25,SJU,"San Juan, Puerto Rico",TPA,145,138
2026-06-25,EBL,"Arbil, Iraq",SAN,921,879
2026-06-25,YDF,"Deer Lake, Canada",IND,751,712
2026-06-25,BPN,"Balikpapan, Borneo Island, Indonesia",CLT,1970,1879
2026-06-25,SJD,"Los Cabos, Mexico",EWR,264,248
2026-06-25,FLN,"Florianopolis, Brazil",BOS,971,920
2026-06-25,LOS,"Lagos, Nigeria",IND,925,870
2026-06-25,SIN,Singapore,SFO,678,641
2026-06-25,BJM,"Bujumbura, Burundi",LAX,1053,997
2026-06-25,LTN,"London, UK",LGA,787,744
2026-06-25,SKG,"Thessaloniki, Greece",DTW,671,631
2026-06-25,MDE,"Medellin, Colombia",FLL,252,236
2026-06-25,HND,"Tokyo, Japan",SFO,829,778
2026-06-25,AEP,"Buenos Aires, Argentina",MIA,627,584
2026-06-25,BOG,"Bogota, Colombia",AUS,271,251
2026-06-25,BGI,"Bridgetown, Barbados",DCA,457,422
2026-06-25,DLM,"Dalaman, Türkiye",ORD,1381,1284
2026-06-25,PLS,"Providenciales, Turks",JFK,436,399
2026-06-25,HYD,"Hyderabad, India",ORD,988,906
2026-06-25,CEK,"Chelyabinsk, Russia",IAH,1735,1585
2026-06-25,SKP,"Skopje, North Macedonia",CVG,711,653
2026-06-25,IBZ,"Ibiza, Spain",IAD,845,778
2026-06-25,MAA,"Chennai, India",ORD,1097,1001
2026-06-25,OKA,"Okinawa, Japan",SFO,979,891
2026-06-25,GOT,"Gothenburg, Sweden",SFO,730,661
2026-06-25,CUE,"Cuenca, Ecuador",ATL,570,516
2026-06-25,VXE,"Sao Pedro, Cabo Verde",BOS,1416,1282
2026-06-25,GOX,"Mopa, India",SNA,1767,1607
2026-06-25,MPM,"Maputo, Mozambique",MSP,2405,2191
2026-06-25,QRO,"Queretaro, Mexico",RDU,279,251
2026-06-25,LIN,"Milan, Italy",LAX,806,724
2026-06-25,ASU,"Asuncion, Paraguay",MIA,908,814
2026-06-25,CGK,"Jakarta, Indonesia",PHX,1291,1141
2026-06-25,CRK,"Angeles City, Philippines",LAX,914,806
2026-06-25,SVQ,"Seville, Spain",STL,1069,937
2026-06-25,GGT,"George Town, Bahamas",MIA,558,474
2026-06-25,NVT,"Navegantes, Brazil",BOS,1627,1380
2026-06-25,KUT,"Kutaisi, Georgia",OAK,1804,1481
2026-06-25,ABV,"Abuja, Nigeria",TPA,1937,1591
2026-06-25,EOH,"Medellin, Colombia",DFW,815,600
2026-06-25,DVO,"Davao City, Philippines",SFO,931,1440
2026-06-25,YBP,"Yibin, China",DFW,2384,3338
2026-06-25,PEK,"Beijing, China",SEA,510,642
2026-06-25,SCU,"Santiago, Cuba",MIA,697,878
2026-06-25,PUJ,"Punta Cana, Dom. Rep.",MIA,128,161
2026-06-25,REC,"Recife, Brazil",MIA,771,959
2026-06-25,VTE,"Vientiane, Laos",SEA,1148,1444
2026-06-25,OUA,"Ouagadougou, Burkina Faso",JFK,654,802
2026-06-25,TAM,"Tampico, Mexico",ATL,591,719
2026-06-25,YEG,"Edmonton, Canada",SLC,274,329
2026-06-25,UIO,"Quito, Ecuador",JFK,298,354
2026-06-25,BLR,"Bangalore, India",IAD,879,1052
2026-06-25,RUH,"Riyadh, Saudi Arabia",IAD,1048,1229
2026-06-25,AXA,"The Valley, Anguilla",MIA,647,764
2026-06-25,CTG,"Cartagena, Colombia",FLL,223,256
2026-06-25,TGD,"Podgorica, Montenegro",ORD,559,645
2026-06-25,ESB,"Ankara, Türkiye",IAD,894,1021
2026-06-25,MNL,"Manila, Philippines",LAX,495,555
2026-06-25,GYE,"Guayaquil, Ecuador",JFK,234,259
2026-06-25,TLL,"Tallinn, Estonia",EWR,533,595
2026-06-25,AGU,"Aguascalientes, Mexico",DFW,386,431
2026-06-25,BIM,"South Bimini, Bahamas",IND,394,439
2026-06-25,MAD,"Madrid, Spain",EWR,397,437
2026-06-25,HAV,"Havana, Cuba",MIA,184,202
2026-06-25,BER,"Berlin, Germany",JFK,583,631
2026-06-25,GCM,Grand Cayman,IAD,383,412
2026-06-25,ZRH,"Zurich, Switzerland",BWI,577,620
2026-06-25,HAM,"Hamburg, Germany",JFK,621,667
2026-06-25,ACC,"Accra, Ghana",IAD,954,1027
2026-06-25,MEL,"Melbourne, Australia",DTW,981,1050
2026-06-25,UBN,"Ulaanbaatar, Mongolia",ORD,786,849
2026-06-25,KUL,"Kuala Lumpur, Malaysia",SFO,702,746
2026-06-25,SYD,"Sydney, Australia",LAX,741,785
2026-06-25,CLO,"Cali, Colombia",MCO,234,248
2026-06-25,VIX,"Vitoria, Brazil",BOS,596,636
2026-06-25,CUZ,"Cusco, Peru",BWI,858,908
2026-06-25,GIG,"Rio de Janeiro, Brazil",TPA,431,454
2026-06-25,RIX,"Riga, Latvia",JFK,542,569
2026-06-25,MLE,"Male, Maldives",MSY,917,968
2026-06-25,GVA,"Geneva, Switzerland",MCO,477,504
2026-06-25,CEB,"Cebu, Philippines",LAX,591,625
2026-06-25,RMO,"Chișinău, Moldova",EWR,579,608
2026-06-25,PDL,"Ponta Delgada, Portugal",BOS,610,640
2026-06-25,PTY,"Panama City, Panama",JFK,269,281
2026-06-25,DOH,"Doha, Qatar",IAD,1501,1567
2026-06-25,YTZ,"Toronto, Canada",ORD,195,203
2026-06-25,MSQ,"Minsk, Belarus",IAD,1471,1538
2026-06-25,MTY,"Monterrey, Mexico",DFW,176,183
2026-06-25,STN,"London, UK",SEA,668,694
2026-06-25,TGZ,"Tuxtla Gutierrez, Mexico",IAH,426,442
2026-06-25,INN,"Innsbruck, Austria",AUS,1571,1636
2026-06-25,ROR,"Babelthuap Island, Palau",HNL,2380,2482
2026-06-25,UVF,St. Lucia,JFK,499,513
2026-06-25,YYZ,"Toronto, Canada",FLL,203,210
2026-06-25,BEG,"Belgrade, Serbia",JFK,662,684
2026-06-25,VLC,"Valencia, Spain",BOS,664,682
2026-06-25,NBO,"Nairobi, Kenya",IAD,722,747
2026-06-25,NAN,"Nadi, Fiji",LAX,694,717
2026-06-25,STI,"Santiago, Dominican Republic",EWR,197,204
2026-06-25,TFU,"Tianfu, China",DCA,1649,1701
2026-06-25,MEX,"Mexico City, Mexico",IAH,165,169
2026-06-25,AGP,"Malaga, Spain",JFK,579,588
2026-06-25,EVN,"Yerevan, Armenia",BOS,727,743
2026-06-25,HRG,"Hurghada, Egypt",LAX,973,992
2026-06-25,CGN,"Cologne, Germany",ORD,836,856
2026-06-25,SVO,"Moscow, Russia",MIA,1145,1173
2026-06-25,BSZ,"Bishkek, Kyrgyzstan",ORD,1025,1050
2026-06-25,SHJ,"Sharjah, UAE",ATL,809,822
2026-06-25,BRI,"Bari, Italy",IAD,774,790
2026-06-25,YQB,"Quebec City, Canada",SAN,457,465
2026-06-25,WMI,"Warsaw, Poland",ORD,679,692
2026-06-25,HOR,"Horta, Portugal",BOS,797,811
2026-06-25,SID,"Espargos, Cabo Verde",FLL,1422,1446
2026-06-25,STW,"Stavropol, Russia",SFO,2361,2397
2026-06-25,ARN,"Stockholm, Sweden",JFK,408,412
2026-06-25,FRA,"Frankfurt, Germany",JFK,532,535
2026-06-25,OPO,"Porto, Portugal",BOS,568,571
2026-06-25,SOF,"Sofia, Bulgaria",JFK,640,644
2026-06-25,SAW,"Istanbul, Türkiye",JFK,662,670
2026-06-25,BUS,"Batumi, Georgia",IAD,913,923
2026-06-25,SKD,"Samarkand, Uzbekistan",IAD,1047,1056
2026-06-25,CNF,"Belo Horizonte, Brazil",BOS,411,416
2026-06-25,KTI,"Krong Ta Khmau, Cambodia",LAX,735,744
2026-06-25,AMD,"Ahmedabad, India",IAD,929,937
2026-06-25,GZP,"Gazipasa, Türkiye",BWI,1074,1085
2026-06-25,SNN,"Shannon, Ireland",EWR,630,638
2026-06-25,RHO,"Rodes Island, Greece",LAX,925,932
2026-06-25,ALG,"Algiers, Algeria",BOS,750,757
2026-06-25,RAI,"Praia, Cabo Verde",BOS,891,904
2026-06-25,FNC,"Funchal, Portugal",SFO,1113,1129
2026-06-25,HHN,"Hahn, Germany",IAD,754,758
2026-06-25,PVH,"Porto Velho, Brazil",MCO,948,954
2026-06-25,KIN,"Kingston, Jamaica",JFK,246,246
2026-06-25,GUA,Guatemala City,MIA,190,190
2026-06-25,MBJ,"Montego Bay, Jamaica",TPA,217,217
2026-06-25,CUN,"Cancun, Mexico",ATL,166,166
2026-06-25,NAS,"Nassau, Bahamas",MIA,266,266
2026-06-25,KEF,"Reykjavik, Iceland",ORD,394,394
2026-06-25,YVR,"Vancouver, Canada",LAX,163,163
2026-06-25,POS,"Port of Spain, Trinidad",FLL,317,317
2026-06-25,SJO,"San Jose, Costa Rica",MIA,207,207
2026-06-25,CUR,Curacao,EWR,345,346
2026-06-25,YYC,"Calgary, Canada",SAN,270,269
2026-06-25,VIE,"Vienna, Austria",JFK,459,459
2026-06-25,OSL,"Oslo, Norway",JFK,465,464
2026-06-25,BUD,"Budapest, Hungary",EWR,483,483
2026-06-25,CDG,"Paris, France",EWR,464,464
2026-06-25,DUB,"Dublin, Ireland",ORD,457,458
2026-06-25,LIM,"Lima, Peru",MIA,397,398
2026-06-25,SXM,St. Maarten,LGA,468,466
2026-06-25,AMS,"Amsterdam, Netherlands",JFK,527,527
2026-06-25,MXP,"Milan, Italy",SFO,501,501
2026-06-25,MGA,"Managua, Nicaragua",MIA,299,299
2026-06-25,ANU,Antigua,JFK,538,538
2026-06-25,DXB,"Dubai, UAE",JFK,550,550
2026-06-25,WAW,"Warsaw, Poland",IAD,470,470
2026-06-25,IST,"Istanbul, Turkey",JFK,561,561
2026-06-25,CMN,"Casablanca, Morocco",LGA,540,540
2026-06-25,CPH,"Copenhagen, Denmark",RDU,466,466
2026-06-25,KRK,"Krakow, Poland",JFK,587,587
2026-06-25,VCE,"Venice, Italy",EWR,587,587
2026-06-25,LHR,"London, UK",BWI,482,482
2026-06-25,TBS,"Tbilisi, Georgia",JFK,642,642
2026-06-25,HEL,"Helsinki, Finland",MSP,529,528
2026-06-25,MUC,"Munich, Germany",JFK,647,649
2026-06-25,TUN,"Tunis, Tunisia",JFK,658,658
2026-06-25,YUL,"Montreal, Canada",BOS,217,217
2026-06-25,PRG,"Prague, Czechia",LAX,581,581
2026-06-25,FPO,"Freeport, Bahamas",FLL,410,410
2026-06-25,SSH,"Sharm El Sheikh, Egypt",EWR,667,667
2026-06-25,GND,Grenada,MIA,674,674
2026-06-25,RAK,"Marrakech, Morocco",BOS,628,628
2026-06-25,NAP,"Naples, Italy",LAX,743,743
2026-06-25,BOM,"Mumbai, India",BOS,854,854
2026-06-25,BRU,"Brussels, Belgium",BWI,528,527
2026-06-25,ADD,"Addis Ababa, Ethiopia",BOS,966,966
2026-06-25,JED,"Jeddah, Saudi Arabia",ORD,722,722
2026-06-25,SGN,"Ho Chi Minh, Vietnam",LAX,618,615
2026-06-25,GYD,"Baku, Azerbaijan",IAD,946,946
2026-06-25,HKG,Hong Kong,SFO,634,634
2026-06-25,KTM,"Kathmandu, Nepal",HNL,1066,1066
2026-06-25,CAN,"Guangzhou, China",SFO,640,640
2026-06-25,BZE,"Belize City, Belize",IAD,334,334
2026-06-25,STT,"St. Thomas, USVI",MIA,389,389
2026-06-25,EZE,"Buenos Aires, Argentina",AUS,529,529
2026-06-25,MAN,"Manchester, UK",IAD,686,686
2026-06-25,DEL,"Delhi, India",IAD,783,783
2026-06-25,PVG,"Shanghai, China",LAX,617,617
2026-06-25,LIR,"Liberia, Costa Rica",PDX,338,338
2026-06-25,NRT,"Tokyo, Japan",HNL,644,644
2026-06-25,DBV,"Dubrovnik, Croatia",ATL,617,617
2026-06-25,BLQ,"Bologna, Italy",ATL,648,649
2026-06-25,ZAG,"Zagreb, Croatia",CLE,668,668
2026-06-25,GLA,"Glasgow, Scotland",ATL,710,710
2026-06-25,SCL,"Santiago, Chile",MCO,355,355
2026-06-25,EDI,"Edinburgh, Scotland",ORD,673,673
2026-06-25,ZNZ,"Zanzibar, Tanzania",ORD,918,918
2026-06-25,MBA,"Mombasa, Kenya",ATL,1339,1339
2026-06-25,DAD,"Da Nang, Vietnam",SFO,743,745
2026-06-25,GOI,"Goa, India",ATL,2295,2295
2026-06-25,AUH,"Abu Dhabi, UAE",MIA,912,912
2026-06-25,BNE,"Brisbane, Australia",LAX,718,718
2026-06-25,HAN,"Hanoi, Vietnam",LAX,786,786
2026-06-25,AKL,"Auckland, New Zealand",DFW,701,701
2026-06-25,MRS,"Marseille, France",ORD,765,765
2026-06-25,FAO,"Faro, Portugal",ORD,906,906
2026-06-25,CMB,"Colombo, Sri Lanka",ORD,1073,1073
2026-06-25,KIX,"Osaka, Japan",LAX,861,862
2026-06-25,MRU,Mauritius,ORD,1572,1572
2026-06-25,TGU,"Tegucigalpa, Honduras",RDU,932,932
2026-06-25,KWI,Kuwait City,DEN,1115,1115
2026-06-25,LYS,"Lyon, France",LAX,1061,1061
2026-06-25,ZQN,"Queenstown, NZ",IND,1606,1606
2026-06-25,VKO,"Moscow, Russia",IAD,1165,1170
2026-06-25,LED,"St. Petersburg, Russia",IAD,1211,1211
2026-06-25,ALA,"Almaty, Kazakhstan",LAX,797,797
2026-06-25,DME,"Moscow, Russia",ORD,1215,1215
2026-06-25,LGW,"London, UK",MCO,391,391
2026-06-25,GDL,"Guadalajara, Mexico",LAX,245,245
2026-06-25,BJX,"Silao, Mexico",IAH,249,249
2026-06-25,SAP,"La Mesa, Honduras",MIA,268,268
2026-06-25,AYT,"Antalya, Türkiye",BOS,705,706
2026-06-25,TIV,"Tivat, Montenegro",SEA,975,975
2026-06-25,XPL,"Comayagua, Honduras",MCO,358,358
2026-06-25,LHE,"Lahore, Pakistan",SFO,780,780
2026-06-25,ISB,"Islamabad, Pakistan",IAD,631,631
2026-06-25,FOC,"Fuzhou, China",IAD,1056,1056
2026-06-25,UFA,"Ufa, Russia",BOS,1401,1401
2026-06-25,PMI,"Palma De Mallorca, Spain",ATL,644,643
2026-06-25,MLM,"Morelia, Mexico",LAX,236,236
2026-06-25,TIA,"Tirana, Albania",JFK,517,517
2026-06-25,SVX,"Yekaterinburg, Russia",SEA,1508,1508
2026-06-25,BGW,"Baghdad, Iraq",ORD,823,823
2026-06-25,OVB,"Novosibirsk, Russia",DEN,1552,1552
2026-06-25,TLC,"Toluca, Mexico",IAH,250,250
2026-06-25,CCS,"Caracas, Venezuela",MIA,422,422
2026-06-25,BVA,"Beauvais/Tille, France",JFK,620,620
2026-06-25,VVI,"Santa Cruz, Bolivia",IAD,710,710
2026-06-25,OAX,"Oaxaca, Mexico",LAX,207,207
2026-06-25,BSB,"Brasilia, Brazil",MIA,387,387
2026-06-25,PRN,Lipjan,IAD,684,684
2026-06-25,AER,"Sochi, Russia",MIA,1151,1151
2026-06-25,BAQ,"Barranquilla, Colombia",MIA,258,258
2026-06-25,MED,"Medina, Saudi Arabia",ORD,854,854
2026-06-25,CFU,"Kerkyra Island, Greece",BOS,959,959
2026-06-25,CXR,"Nha Trang, Vietnam",SFO,1072,1072
2026-06-25,KHI,"Karachi, Pakistan",JFK,649,649
2026-06-25,DAC,"Dhaka, Bangladesh",ATL,857,857
2026-06-25,MID,"Merida, Mexico",OAK,323,323
2026-06-25,GEO,"Georgetown, Guyana",MIA,330,330
2026-06-25,BDA,"Hamilton, Bermuda",JFK,359,359
2026-06-25,MVD,"Montevideo, Uruguay",IAD,476,476
2026-06-25,RTB,"Roatan Island, Honduras",JFK,616,616
2026-06-25,CIA,"Roma, Italy",BWI,778,778
2026-06-25,KBL,"Kabul, Afghanistan",IAD,861,861
2026-06-25,ROB,"Monrovia, Liberia",CMH,1376,1376
2026-06-25,HOG,"Holguin, Cuba",SAT,517,517
2026-06-25,SDU,"Rio De Janeiro, Brazil",EWR,695,697
2026-06-25,DAR,"Dar es Salaam, Tanzania",IAD,939,939
2026-06-25,SEZ,"Mahe Island, Seychelles",ORD,1403,1403
2026-06-25,MZT,"Mazatlan, Mexico",SAT,368,368
2026-06-25,PEI,"Pereira, Colombia",MCO,459,460
2026-06-25,EBB,"Kampala, Uganda",ATL,808,808
2026-06-25,NSI,"Yaounde, Cameroon",SAT,1410,1410
2026-06-25,VVO,"Vladivostok, Russia",SEA,1510,1510
2026-06-25,VER,"Veracruz, Mexico",DFW,345,345
2026-06-25,LFW,"Lome, Togo",IAD,1122,1122
2026-06-25,CGR,"Campo Grande, Brazil",BWI,1172,1172
2026-06-25,HRE,"Harare, Zimbabwe",ORD,1280,1280
2026-06-25,FNA,"Freetown, Sierra Leone",IAH,1407,1407
2026-06-25,KUF,"Samara, Russia",AUS,1661,1661
2026-06-25,KHV,"Khabarovsk, Russia",MIA,2438,2435
2026-06-25,YXE,"Saskatoon, Canada",LGA,507,507
2026-06-25,CWB,"Curitiba, Brazil",CLT,630,630
2026-06-25,PKX,"Beijing, China",LAX,669,669
2026-06-25,RBA,"Rabat, Morocco",MCO,690,690
2026-06-25,PVK,"Preveza/Lefkada, Greece",BOS,742,742
2026-06-25,SJJ,"Sarajevo, Bosnia and Herzegovina",LAX,793,796
2026-06-25,BJV,"Bodrum, Türkiye",ORD,982,982
2026-06-25,BOB,"Motu Mute, French Polynesia",LAX,1020,1020
2026-06-25,KTW,"Katowice, Poland",MSP,1296,1296
2026-06-25,ABJ,"Abidjan, Côte d'Ivoire",IAH,1944,1944
2026-06-25,MAR,"Maracaibo, Venezuela",MIA,279,279
2026-06-25,XMN,"Xiamen, China",SFO,739,739
2026-06-25,CKG,"Chongqing, China",SFO,883,883
2026-06-25,SYX,"Sanya, China",LAX,900,900
2026-06-25,BOJ,"Burgas, Bulgaria",MIA,905,905
2026-06-25,BSR,"Basrah, Iraq",PDX,942,942
2026-06-25,PQC,"Duong Dong, Vietnam",ORD,1092,1092
2026-06-25,CTM,"Chetumal, Mexico",IAH,348,348
2026-06-25,MHH,"Marsh Harbour, Bahamas",FLL,449,449
2026-06-25,CUL,"Culiacan, Mexico",SEA,453,453
2026-06-25,CMW,"Camaguey, Cuba",AUS,489,489
2026-06-25,TPP,"Tarapoto, Peru",MIA,538,538
2026-06-25,GDN,"Gdańsk, Poland",JFK,612,612
2026-06-25,SKB,"Basseterre, Saint Kitts and Nevis",JFK,619,619
2026-06-25,BON,"Kralendijk, Bonaire",ATL,631,629
2026-06-25,LTO,"Loreto, Mexico",DFW,632,632
2026-06-25,ZLO,"Manzanillo, Mexico",BWI,640,640
2026-06-25,CGH,"Sao Paulo, Brazil",MIA,698,696
2026-06-25,DGO,"Durango, Mexico",MKE,700,700
2026-06-25,OLB,"Olbia, Italy",IAD,701,701
2026-06-25,MLA,"Luqa, Malta",ORD,730,730
2026-06-25,VRN,"Verona, Italy",BOS,796,796
2026-06-25,HAK,"Haikou, China",SFO,878,879
2026-06-25,CCU,"Kolkata, India",IAD,1013,1013
2026-06-25,SOU,"Southampton, UK",IAD,1045,1045
2026-06-25,PZU,"Port Sudan, Sudan",SFO,1072,1072
2026-06-25,RMI,"Rimini, Italy",DCA,1092,1092
2026-06-25,COV,"Tarsus, Türkiye",IAH,1173,1173
2026-06-25,TSR,"Timisoara, Romania",IAD,1175,1175
2026-06-25,COO,"Cotonou, Benin",IAH,1223,1223
2026-06-25,KSN,"Kostanay, Kazakhstan",MIA,1316,1316
2026-06-25,IKT,"Irkutsk, Russia",BOS,1322,1322
2026-06-25,LPB,"La Paz / El Alto, Bolivia",BWI,1378,1378
2026-06-25,KRR,"Krasnodar, Russia",DFW,1412,1412
2026-06-25,DUR,"Durban, South Africa",IAD,1415,1408
2026-06-25,NIM,"Niamey, Niger",IND,1656,1656
2026-06-25,PHC,"Port Harcourt, Nigeria",IAH,1687,1687
2026-06-25,LUN,"Lusaka, Zambia",IAD,1944,1944
2026-06-25,MCX,"Makhachkala, Russia",SFO,2019,2019
2026-06-25,YHM,"Hamilton, Canada",FLL,243,243
2026-06-25,TIJ,"Tijuana, Mexico",LAX,296,296
2026-06-25,YOW,"Ottawa, Canada",CMH,401,401
2026-06-25,BGY,"Bergamo, Italy",BOS,599,599
2026-06-25,YXY,"Whitehorse, Canada",BNA,605,605
2026-06-25,AXM,"Armenia, Colombia",JFK,640,640
2026-06-25,ZIH,"Ixtapa, Mexico",LAX,720,720
2026-06-25,NUE,"Nuremberg, Germany",MIA,801,801
2026-06-25,CGO,"Zhengzhou, China",SFO,806,806
2026-06-25,SHA,"Shanghai, China",LAX,820,820
2026-06-25,WUH,"Wuhan, China",SFO,821,821
2026-06-25,RZE,"Rzeszow, Poland",ORD,838,838
2026-06-25,YZF,"Yellowknife, Canada",ORD,862,862
2026-06-25,HBE,"Alexandria, Egypt",BOS,867,867
2026-06-25,HAJ,"Hannover, Germany",DTW,885,885
2026-06-25,XRY,"Jerez de la Forntera, Spain",MIA,910,910
2026-06-25,CBB,"Cochabamba, Bolivia",LAX,953,953
2026-06-25,PNT,"Puerto Natales, Chile",FLL,1001,1001
2026-06-25,CUK,"Caye Caulker, Belize",SFO,1003,1003
2026-06-25,VRA,"Varadero, Cuba",SFO,1007,1007
2026-06-25,CLJ,"Cluj-Napoca, Romania",SFO,1035,1035
2026-06-25,SZX,"Shenzhen, China",ORD,1140,1140
2026-06-25,IGD,"Igdir, Türkiye",DFW,1203,1203
2026-06-25,PAS,"Paros Island, Greece",MIA,1217,1217
2026-06-25,NBJ,"Luanda, Angola",SEA,1244,1244
2026-06-25,CCP,"Concepcion, Chile",SLC,1290,1290
2026-06-25,DSS,"Diass, Senegal",CLT,1387,1387
2026-06-25,LWN,"Gyumri, Armenia",SFO,1719,1719
2026-06-25,USH,"Ushuahia, Argentina",SFO,1758,1758
2026-06-25,NMA,"Namangan, Uzbekistan",PIT,1807,1807
2026-06-25,KJA,"Krasnoyarsk, Russia",LAS,1960,1960
2026-06-25,UUD,"Ulan Ude, Russia",SEA,2652,2652
2026-06-25,YLW,"Kelowna, Canada",PHX,320,320
2026-06-25,ELH,"North Eleuthera, Bahamas",MIA,379,379
2026-06-25,YHZ,"Halifax, Canada",PHL,402,402
2026-06-25,CUU,"Chihuahua, Mexico",DEN,406,406
2026-06-25,YHU,"Longueuil, Canada",BWI,532,532
2026-06-25,PBC,"Puebla, Mexico",DEN,542,542
2026-06-25,BGA,"Bucaramanga, Colombia",JFK,548,548
2026-06-25,TRC,"Torreon, Mexico",DEN,553,553
2026-06-25,REX,"Reynosa, Mexico",ORD,575,575
2026-06-25,YXU,"London, Canada",ORD,580,580
2026-06-25,JTR,"Santorini Island, Greece",JFK,595,595
2026-06-25,CZM,"Cozumel, Mexico",DEN,607,607
2026-06-25,EIS,"Road Town, Virgin Islands",MCO,636,636
2026-06-25,AQP,"Arequipa, Peru",MCO,688,688
2026-06-25,CIX,"Chiclayo, Peru",SFO,695,695
2026-06-25,TRF,"Torp, Norway",SFO,721,721
2026-06-25,FMO,"Munster, Germany",DTW,762,762
2026-06-25,IAS,"Iasi, Romania",LGA,764,764
2026-06-25,VGO,"Vigo, Spain",ORD,779,779
2026-06-25,TOS,"Tromsø, Norway",MSP,783,783
2026-06-25,PTP,"Pointe-a-Pitre Le Raizet, Guadeloupe",AUS,791,791
2026-06-25,SHE,"Shenyang, China",SFO,813,813
2026-06-25,BOC,"Isla Colon, Panama",DFW,829,829
2026-06-25,SUF,"Lamezia Terme, Italy",IAH,835,835
2026-06-25,GMP,"Seoul, South Korea",HNL,881,881
2026-06-25,TER,"Lajes, Portugal",SFO,892,892
2026-06-25,MUX,"Multan, Pakistan",DTW,907,907
2026-06-25,PSA,"Pisa, Italy",BOS,933,933
2026-06-25,XSC,"South Caicos Airport, Turks and Caicos Islands",IAH,977,977
2026-06-25,LBA,"Leeds, UK",ATL,983,983
2026-06-25,SBH,"Gustavia, Saint Barthélemy",MIA,1040,1040
2026-06-25,EFL,"Kefallinia Island, Greece",PHX,1053,1053
2026-06-25,MGF,"Maringa, Brazil",BOS,1058,1058
2026-06-25,MJI,"Tripoli, Libya",ATL,1085,1085
2026-06-25,ADZ,"San Andres, Colombia",FLL,1093,1093
2026-06-25,PEG,"Perugia, Italy",ORD,1096,1096
2026-06-25,HGA,"Hargeisa, Somalia",ATL,1143,1143
2026-06-25,NGO,"Tokoname, Japan",CLT,1167,1167
2026-06-25,SCO,"Aktau, Kazakhstan",ORD,1179,1179
2026-06-25,PFO,"Paphos, Cyprus",PDX,1193,1193
2026-06-25,CRL,"Brussels, Belgium",DFW,1201,1201
2026-06-25,LYP,"Faisalabad, Pakistan",SMF,1218,1218
2026-06-25,SJZ,"Velas, Portugal",SFO,1222,1222
2026-06-25,WEH,"Weihai, China",SEA,1240,1240
2026-06-25,MOC,"Montes Claros, Brazil",MSP,1257,1257
2026-06-25,CFE,"Clermont-Ferrand/Auvergne, France",MIA,1315,1315
2026-06-25,NEV,"Charlestown, Saint Kitts and Nevis",STL,1344,1344
2026-06-25,BDS,"Brindisi, Italy",DTW,1352,1352
2026-06-25,XIY,"Xianyang, China",CVG,1352,1352
2026-06-25,VLN,"Valencia, Venezuela",DFW,1357,1357
2026-06-25,LEJ,"Leipzig, Germany",ANC,1382,1382
2026-06-25,APW,"Apia, Samoa",PHX,1399,1399
2026-06-25,BLA,"Barcelona, Venezuela",BOS,1445,1445
2026-06-25,TSN,"Tianjin, China",PHX,1474,1474
2026-06-25,CEI,"Chiang Rai, Thailand",IAH,1476,1476
2026-06-25,KKN,"Kirkenes, Norway",ORD,1500,1500
2026-06-25,SPR,SPR,MIA,1565,1565
2026-06-25,MQM,"Mardin, Türkiye",BOS,1659,1659
2026-06-25,CJU,"Jeju City, South Korea",CLT,1663,1663
2026-06-25,WDH,"Windhoek, Namibia",MIA,1689,1685
2026-06-25,KRS,"Kjevik, Norway",BNA,1765,1765
2026-06-25,GUW,"Atyrau, Kazakhstan",IND,1794,1794
2026-06-25,BLZ,"Blantyre, Malawi",CMH,1841,1841
2026-06-25,CIT,"Shymkent, Kazakhstan",SFO,1893,1893
2026-06-25,KGF,"Karaganda, Kazakhstan",MIA,2007,2007
2026-06-25,URA,"Uralsk, Kazakhstan",MSP,2011,2011
2026-06-25,NDJ,"N'Djamena, Chad",IND,2061,2061
2026-06-25,OSS,"Osh, Kyrgyzstan",DFW,2151,2151
2026-06-25,FBM,"Lubumbashi, Congo",IND,2238,2238
2026-06-25,YKF,"Waterloo, Canada",MDW,2265,2265
2026-06-25,BAX,"Barnaul, Russia",MIA,2311,2311
2026-06-25,LBD,"Khudzhand, Tajikistan",DFW,2441,2441
2026-06-25,NGS,"Nagasaki, Japan",ATL,2575,2575
2026-06-25,MGQ,"Mogadishu, Somalia",SEA,2596,2596
2026-06-25,ASF,"Astrakhan, Russia",BOS,2740,2740
2026-06-25,IKU,"Tamchy, Kyrgyzstan",PDX,2946,2946
2026-06-25,GVN,"Sovetskaya Gavan, Russia",SNA,3142,3142
2026-06-25,ITU,ITU,ATL,3316,3316
2026-06-25,URC,"Urumqi, China",SNA,4838,4838
2026-06-25,SDQ,"Santo Domingo, Dom. Rep.",EWR,190,188
2026-06-25,SAL,San Salvador,LGA,187,185
2026-06-25,BCN,"Barcelona, Spain",ORD,484,479
2026-06-25,GRU,"Sao Paulo, Brazil",MIA,446,443
2026-06-25,FLR,"Florence, Italy",BOS,764,754
2026-06-25,HKT,"Phuket, Thailand",LAX,768,758
2026-06-25,FOR,"Fortaleza, Brazil",MIA,753,749
2026-06-25,ICN,"Seoul, South Korea",SFO,672,663
2026-06-25,JNB,"Johannesburg, S. Africa",IAH,844,836
2026-06-25,CPT,"Cape Town, S. Africa",ORD,1254,1239
2026-06-25,TAS,"Tashkent, Uzbekistan",LAX,743,737
2026-06-25,NQZ,"Astana, Kazakhstan",IAH,1134,1127
2026-06-25,KZN,"Kazan, Russia",FLL,1390,1380
2026-06-25,PVR,"Puerto Vallarta, Mexico",LAX,315,313
2026-06-25,TQO,"Tulum, Mexico",LGA,411,406
2026-06-25,ALC,"Alicante, Spain",BOS,609,605
2026-06-25,POA,"Porto Alegre, Brazil",BOS,716,712
2026-06-25,ISU,"Sulaymaniyah, Iraq",DCA,1143,1135
2026-06-25,YWG,"Winnipeg, Canada",LGA,427,423
2026-06-25,LCA,"Larnarca, Cyprus",ORD,970,965
2026-06-25,LLW,"Lilongwe, Malawi",ORD,1263,1252
2026-06-25,TAO,"Qingdao, China",MIA,1554,1543
2026-06-25,TAB,"Scarborough, Trinidad and Tobago",JFK,518,513
2026-06-25,PMO,"Palermo, Italy",ORD,851,842
2026-06-25,FCO,"Rome, Italy",LAX,460,453
2026-06-25,VNO,"Vilnius, Lithuania",LAX,546,535
2026-06-25,LIS,"Lisbon, Portugal",JFK,614,604
2026-06-25,CAI,"Cairo, Egypt",IAD,634,622
2026-06-25,OTP,"Bucharest, Romania",MIA,670,659
2026-06-25,PPT,"Papeete, Tahiti",SFO,821,805
2026-06-25,USM,"Koh Samui, Thailand",DFW,1548,1518
2026-06-25,CNX,"Chiang Mai, Thailand",SFO,1769,1736
2026-06-25,ORY,"Paris, France",JFK,474,464
2026-06-25,DYU,"Dushanbe, Tajikistan",ORD,1282,1260
2026-06-25,FIH,"Kinshasa, Congo",DFW,915,897
2026-06-25,NLU,"Reyes Acozac, Mexico",LAX,278,273
2026-06-25,DLA,"Douala, Cameroon",DTW,1246,1217
2026-06-25,ZIA,"Zhukovsky, Russia",IAD,1505,1481
2026-06-25,CAP,"Cap Haitien, Haiti",FLL,622,609
2026-06-25,ADB,"Izmir, Türkiye",IAD,910,891
2026-06-25,UGC,"Urgench, Uzbekistan",ORD,1321,1294
2026-06-25,CSX,"Changsha, China",CLT,1919,1878
2026-06-25,ATH,"Athens, Greece",JFK,533,519
2026-06-25,DPS,"Bali, Indonesia",SEA,815,795
2026-06-25,NCE,"Nice, France",MIA,772,751
2026-06-25,TPE,"Taipei, Taiwan",ORD,731,708
2026-06-25,COK,"Kochi, India",MIA,1167,1134
2026-06-25,SSA,"Salvador, Brazil",MSY,1095,1061
2026-06-25,POP,"Puerto Plata, Dominican Republic",MIA,428,414
2026-06-25,VCP,"Campinas, Brazil",FLL,604,589
2026-06-25,SNU,"Santa Clara, Cuba",MIA,362,350
2026-06-25,GYN,"Goiania, Brazil",BNA,907,877
2026-06-25,MRV,"Mineralnyye Vody, Russia",MIA,1680,1639
2026-06-25,BPS,"Porto Seguro, Brazil",PHL,1037,1010
2026-06-25,SLP,"San Luis Potosi, Mexico",DFW,441,428
2026-06-25,HER,"Heraklion, Greece",BOS,950,923
2026-06-25,SVG,"Stavanger, Norway",ATL,883,857
2026-06-25,JMK,"Mykonos Island, Greece",LAX,966,939
2026-06-25,NJF,"Najaf, Iraq",MSP,1445,1407
2026-06-25,SJU,"San Juan, Puerto Rico",TPA,145,139
2026-06-25,AUA,Aruba,TPA,242,233
2026-06-25,BKK,"Bangkok, Thailand",SFO,662,638
2026-06-25,EBL,"Arbil, Iraq",SAN,921,883
2026-06-25,SVD,"Argyle, Saint Vincent and the Grenadines",EWR,389,375
2026-06-25,OGZ,"Beslan, Russia",CLT,1683,1620
2026-06-25,BPN,"Balikpapan, Borneo Island, Indonesia",CLT,1970,1886
2026-06-25,FLN,"Florianopolis, Brazil",BOS,971,925
2026-06-25,SIN,Singapore,SFO,678,644
2026-06-25,BJM,"Bujumbura, Burundi",LAX,1053,1001
2026-06-25,LTN,"London, UK",LGA,787,747
2026-06-25,YDF,"Deer Lake, Canada",IND,751,716
2026-06-25,MDE,"Medellin, Colombia",FLL,252,238
2026-06-25,SJD,"Los Cabos, Mexico",EWR,264,249
2026-06-25,LOS,"Lagos, Nigeria",IND,925,874
2026-06-25,HND,"Tokyo, Japan",SFO,829,782
2026-06-25,SKG,"Thessaloniki, Greece",DTW,671,635
2026-06-25,AEP,"Buenos Aires, Argentina",MIA,627,588
2026-06-25,DLM,"Dalaman, Türkiye",ORD,1381,1292
2026-06-25,PLS,"Providenciales, Turks",JFK,436,402
2026-06-25,BOG,"Bogota, Colombia",AUS,271,252
2026-06-25,BGI,"Bridgetown, Barbados",DCA,457,425
2026-06-25,HYD,"Hyderabad, India",ORD,988,913
2026-06-25,SKP,"Skopje, North Macedonia",CVG,711,658
2026-06-25,IBZ,"Ibiza, Spain",IAD,845,784
2026-06-25,MAA,"Chennai, India",ORD,1097,1009
2026-06-25,OKA,"Okinawa, Japan",SFO,979,898
2026-06-25,GOT,"Gothenburg, Sweden",SFO,730,667
2026-06-25,CUE,"Cuenca, Ecuador",ATL,570,521
2026-06-25,CEK,"Chelyabinsk, Russia",IAH,1735,1598
2026-06-25,GOX,"Mopa, India",SNA,1767,1621
2026-06-25,MPM,"Maputo, Mozambique",MSP,2405,2209
2026-06-25,QRO,"Queretaro, Mexico",RDU,279,253
2026-06-25,LIN,"Milan, Italy",LAX,806,730
2026-06-25,VXE,"Sao Pedro, Cabo Verde",BOS,1416,1293
2026-06-25,ASU,"Asuncion, Paraguay",MIA,908,822
2026-06-25,CGK,"Jakarta, Indonesia",PHX,1291,1154
2026-06-25,CRK,"Angeles City, Philippines",LAX,914,815
2026-06-25,SVQ,"Seville, Spain",STL,1069,948
2026-06-25,GGT,"George Town, Bahamas",MIA,558,481
2026-06-25,NVT,"Navegantes, Brazil",BOS,1627,1400
2026-06-25,KUT,"Kutaisi, Georgia",OAK,1804,1508
2026-06-25,ABV,"Abuja, Nigeria",TPA,1937,1620
2026-06-25,EOH,"Medellin, Colombia",DFW,815,618
2026-06-25,CUC,"Cucuta, Colombia",IND,846,600
2026-06-25,DVO,"Davao City, Philippines",SFO,931,1440
2026-06-25,YBP,"Yibin, China",DFW,2384,3338
2026-06-25,PUJ,"Punta Cana, Dom. Rep.",MIA,128,159
2026-06-25,PEK,"Beijing, China",SEA,510,632
2026-06-25,SCU,"Santiago, Cuba",MIA,697,864
2026-06-25,VTE,"Vientiane, Laos",SEA,1148,1421
2026-06-25,REC,"Recife, Brazil",MIA,771,944
2026-06-25,OUA,"Ouagadougou, Burkina Faso",JFK,654,790
2026-06-25,TAM,"Tampico, Mexico",ATL,591,709
2026-06-25,YEG,"Edmonton, Canada",SLC,274,325
2026-06-25,UIO,"Quito, Ecuador",JFK,298,350
2026-06-25,BLR,"Bangalore, India",IAD,879,1039
2026-06-25,RUH,"Riyadh, Saudi Arabia",IAD,1048,1215
2026-06-25,AXA,"The Valley, Anguilla",MIA,647,755
2026-06-25,CTG,"Cartagena, Colombia",FLL,223,253
2026-06-25,TGD,"Podgorica, Montenegro",ORD,559,638
2026-06-25,ESB,"Ankara, Türkiye",IAD,894,1011
2026-06-25,TLL,"Tallinn, Estonia",EWR,533,590
2026-06-25,MNL,"Manila, Philippines",LAX,495,550
2026-06-25,AGU,"Aguascalientes, Mexico",DFW,386,428
2026-06-25,BIM,"South Bimini, Bahamas",IND,394,436
2026-06-25,GYE,"Guayaquil, Ecuador",JFK,234,257
2026-06-25,MAD,"Madrid, Spain",EWR,397,434
2026-06-25,HAV,"Havana, Cuba",MIA,184,200
2026-06-25,BER,"Berlin, Germany",JFK,583,627
2026-06-25,ACC,"Accra, Ghana",IAD,954,1021
2026-06-25,UBN,"Ulaanbaatar, Mongolia",ORD,786,844
2026-06-25,GCM,Grand Cayman,IAD,383,409
2026-06-25,ZRH,"Zurich, Switzerland",BWI,577,617
2026-06-25,HAM,"Hamburg, Germany",JFK,621,663
2026-06-25,KUL,"Kuala Lumpur, Malaysia",SFO,702,743
2026-06-25,MEL,"Melbourne, Australia",DTW,981,1045
2026-06-25,VIX,"Vitoria, Brazil",BOS,596,632
2026-06-25,GIG,"Rio de Janeiro, Brazil",TPA,431,452
2026-06-25,MLE,"Male, Maldives",MSY,917,964
2026-06-25,GVA,"Geneva, Switzerland",MCO,477,502
2026-06-25,CEB,"Cebu, Philippines",LAX,591,622
2026-06-25,SYD,"Sydney, Australia",LAX,741,782
2026-06-25,CLO,"Cali, Colombia",MCO,234,247
2026-06-25,CUZ,"Cusco, Peru",BWI,858,904
2026-06-25,PTY,"Panama City, Panama",JFK,269,280
2026-06-25,RIX,"Riga, Latvia",JFK,542,566
2026-06-25,DOH,"Doha, Qatar",IAD,1501,1562
2026-06-25,RMO,"Chișinău, Moldova",EWR,579,606
2026-06-25,MSQ,"Minsk, Belarus",IAD,1471,1533
2026-06-25,PDL,"Ponta Delgada, Portugal",BOS,610,638
2026-06-25,INN,"Innsbruck, Austria",AUS,1571,1631
2026-06-25,ROR,"Babelthuap Island, Palau",HNL,2380,2474
2026-06-25,UVF,St. Lucia,JFK,499,512
2026-06-25,YYZ,"Toronto, Canada",FLL,203,209
2026-06-25,BEG,"Belgrade, Serbia",JFK,662,682
2026-06-25,NBO,"Nairobi, Kenya",IAD,722,745
2026-06-25,NAN,"Nadi, Fiji",LAX,694,715
2026-06-25,STI,"Santiago, Dominican Republic",EWR,197,204
2026-06-25,YTZ,"Toronto, Canada",ORD,195,202
2026-06-25,MTY,"Monterrey, Mexico",DFW,176,182
2026-06-25,STN,"London, UK",SEA,668,692
2026-06-25,TGZ,"Tuxtla Gutierrez, Mexico",IAH,426,441
2026-06-25,TFU,"Tianfu, China",DCA,1649,1697
2026-06-25,MEX,"Mexico City, Mexico",IAH,165,169
2026-06-25,VLC,"Valencia, Spain",BOS,664,681
2026-06-25,EVN,"Yerevan, Armenia",BOS,727,741
2026-06-25,HRG,"Hurghada, Egypt",LAX,973,990
2026-06-25,CGN,"Cologne, Germany",ORD,836,854
2026-06-25,SVO,"Moscow, Russia",MIA,1145,1171
2026-06-25,BSZ,"Bishkek, Kyrgyzstan",ORD,1025,1048
2026-06-25,BRI,"Bari, Italy",IAD,774,788
2026-06-25,YQB,"Quebec City, Canada",SAN,457,465
2026-06-25,WMI,"Warsaw, Poland",ORD,679,691
2026-06-25,SID,"Espargos, Cabo Verde",FLL,1422,1444
2026-06-25,ARN,"Stockholm, Sweden",JFK,408,412
2026-06-25,AGP,"Malaga, Spain",JFK,579,587
2026-06-25,OPO,"Porto, Portugal",BOS,568,571
2026-06-25,SAW,"Istanbul, Türkiye",JFK,662,669
2026-06-25,BUS,"Batumi, Georgia",IAD,913,922
2026-06-25,SKD,"Samarkand, Uzbekistan",IAD,1047,1055
2026-06-25,CNF,"Belo Horizonte, Brazil",BOS,411,415
2026-06-25,KTI,"Krong Ta Khmau, Cambodia",LAX,735,743
2026-06-25,SHJ,"Sharjah, UAE",ATL,809,821
2026-06-25,AMD,"Ahmedabad, India",IAD,929,937
2026-06-25,GZP,"Gazipasa, Türkiye",BWI,1074,1084
2026-06-25,SNN,"Shannon, Ireland",EWR,630,638
2026-06-25,RHO,"Rodes Island, Greece",LAX,925,931
2026-06-25,ALG,"Algiers, Algeria",BOS,750,757
2026-06-25,RAI,"Praia, Cabo Verde",BOS,891,903
2026-06-25,FNC,"Funchal, Portugal",SFO,1113,1128
2026-06-25,HOR,"Horta, Portugal",BOS,797,809
2026-06-25,PVH,"Porto Velho, Brazil",MCO,948,953
2026-06-25,STW,"Stavropol, Russia",SFO,2361,2394
2026-06-25,KIN,"Kingston, Jamaica",JFK,246,246
2026-06-25,GUA,Guatemala City,MIA,190,190
2026-06-25,MBJ,"Montego Bay, Jamaica",TPA,217,217
2026-06-25,CUN,"Cancun, Mexico",ATL,166,166
2026-06-25,NAS,"Nassau, Bahamas",MIA,266,266
2026-06-25,KEF,"Reykjavik, Iceland",ORD,394,394
2026-06-25,YVR,"Vancouver, Canada",LAX,163,163
2026-06-25,POS,"Port of Spain, Trinidad",FLL,317,317
2026-06-25,SJO,"San Jose, Costa Rica",MIA,207,207
2026-06-25,CUR,Curacao,EWR,345,346
2026-06-25,YYC,"Calgary, Canada",SAN,270,269
2026-06-25,VIE,"Vienna, Austria",JFK,459,459
2026-06-25,OSL,"Oslo, Norway",JFK,465,464
2026-06-25,BUD,"Budapest, Hungary",EWR,483,483
2026-06-25,CDG,"Paris, France",EWR,464,464
2026-06-25,DUB,"Dublin, Ireland",ORD,457,458
2026-06-25,LIM,"Lima, Peru",MIA,397,398
2026-06-25,SXM,St. Maarten,LGA,468,466
2026-06-25,AMS,"Amsterdam, Netherlands",JFK,527,527
2026-06-25,FRA,"Frankfurt, Germany",JFK,532,534
2026-06-25,MXP,"Milan, Italy",SFO,501,501
2026-06-25,MGA,"Managua, Nicaragua",MIA,299,299
2026-06-25,ANU,Antigua,JFK,538,538
2026-06-25,DXB,"Dubai, UAE",JFK,550,550
2026-06-25,WAW,"Warsaw, Poland",IAD,470,470
2026-06-25,IST,"Istanbul, Turkey",JFK,561,561
2026-06-25,CMN,"Casablanca, Morocco",LGA,540,540
2026-06-25,CPH,"Copenhagen, Denmark",RDU,466,466
2026-06-25,KRK,"Krakow, Poland",JFK,587,587
2026-06-25,VCE,"Venice, Italy",EWR,587,587
2026-06-25,LHR,"London, UK",BWI,482,482
2026-06-25,SOF,"Sofia, Bulgaria",JFK,640,643
2026-06-25,TBS,"Tbilisi, Georgia",JFK,642,642
2026-06-25,HEL,"Helsinki, Finland",MSP,529,528
2026-06-25,MUC,"Munich, Germany",JFK,647,649
2026-06-25,TUN,"Tunis, Tunisia",JFK,658,658
2026-06-25,YUL,"Montreal, Canada",BOS,217,217
2026-06-25,PRG,"Prague, Czechia",LAX,581,581
2026-06-25,FPO,"Freeport, Bahamas",FLL,410,410
2026-06-25,SSH,"Sharm El Sheikh, Egypt",EWR,667,667
2026-06-25,GND,Grenada,MIA,674,674
2026-06-25,RAK,"Marrakech, Morocco",BOS,628,628
2026-06-25,NAP,"Naples, Italy",LAX,743,743
2026-06-25,BOM,"Mumbai, India",BOS,854,854
2026-06-25,BRU,"Brussels, Belgium",BWI,528,527
2026-06-25,ADD,"Addis Ababa, Ethiopia",BOS,966,966
2026-06-25,JED,"Jeddah, Saudi Arabia",ORD,722,722
2026-06-25,SGN,"Ho Chi Minh, Vietnam",LAX,618,615
2026-06-25,GYD,"Baku, Azerbaijan",IAD,946,946
2026-06-25,HKG,Hong Kong,SFO,634,634
2026-06-25,KTM,"Kathmandu, Nepal",HNL,1066,1066
2026-06-25,CAN,"Guangzhou, China",SFO,640,640
2026-06-25,BZE,"Belize City, Belize",IAD,334,334
2026-06-25,STT,"St. Thomas, USVI",MIA,389,389
2026-06-25,EZE,"Buenos Aires, Argentina",AUS,529,529
2026-06-25,MAN,"Manchester, UK",IAD,686,686
2026-06-25,DEL,"Delhi, India",IAD,783,783
2026-06-25,PVG,"Shanghai, China",LAX,617,617
2026-06-25,LIR,"Liberia, Costa Rica",PDX,338,338
2026-06-25,NRT,"Tokyo, Japan",HNL,644,644
2026-06-25,DBV,"Dubrovnik, Croatia",ATL,617,617
2026-06-25,BLQ,"Bologna, Italy",ATL,648,649
2026-06-25,ZAG,"Zagreb, Croatia",CLE,668,668
2026-06-25,GLA,"Glasgow, Scotland",ATL,710,710
2026-06-25,SCL,"Santiago, Chile",MCO,355,355
2026-06-25,EDI,"Edinburgh, Scotland",ORD,673,673
2026-06-25,ZNZ,"Zanzibar, Tanzania",ORD,918,918
2026-06-25,MBA,"Mombasa, Kenya",ATL,1339,1339
2026-06-25,DAD,"Da Nang, Vietnam",SFO,743,745
2026-06-25,GOI,"Goa, India",ATL,2295,2295
2026-06-25,AUH,"Abu Dhabi, UAE",MIA,912,912
2026-06-25,BNE,"Brisbane, Australia",LAX,718,718
2026-06-25,HAN,"Hanoi, Vietnam",LAX,786,786
2026-06-25,AKL,"Auckland, New Zealand",DFW,701,701
2026-06-25,MRS,"Marseille, France",ORD,765,765
2026-06-25,FAO,"Faro, Portugal",ORD,906,906
2026-06-25,CMB,"Colombo, Sri Lanka",ORD,1073,1073
2026-06-25,KIX,"Osaka, Japan",LAX,861,862
2026-06-25,MRU,Mauritius,ORD,1572,1572
2026-06-25,TGU,"Tegucigalpa, Honduras",RDU,932,932
2026-06-25,KWI,Kuwait City,DEN,1115,1115
2026-06-25,LYS,"Lyon, France",LAX,1061,1061
2026-06-25,ZQN,"Queenstown, NZ",IND,1606,1606
2026-06-25,VKO,"Moscow, Russia",IAD,1165,1170
2026-06-25,LED,"St. Petersburg, Russia",IAD,1211,1211
2026-06-25,ALA,"Almaty, Kazakhstan",LAX,797,797
2026-06-25,DME,"Moscow, Russia",ORD,1215,1215
2026-06-25,LGW,"London, UK",MCO,391,391
2026-06-25,GDL,"Guadalajara, Mexico",LAX,245,245
2026-06-25,BJX,"Silao, Mexico",IAH,249,249
2026-06-25,SAP,"La Mesa, Honduras",MIA,268,268
2026-06-25,AYT,"Antalya, Türkiye",BOS,705,706
2026-06-25,TIV,"Tivat, Montenegro",SEA,975,975
2026-06-25,XPL,"Comayagua, Honduras",MCO,358,358
2026-06-25,LHE,"Lahore, Pakistan",SFO,780,780
2026-06-25,ISB,"Islamabad, Pakistan",IAD,631,631
2026-06-25,FOC,"Fuzhou, China",IAD,1056,1056
2026-06-25,UFA,"Ufa, Russia",BOS,1401,1401
2026-06-25,PMI,"Palma De Mallorca, Spain",ATL,644,643
2026-06-25,MLM,"Morelia, Mexico",LAX,236,236
2026-06-25,TIA,"Tirana, Albania",JFK,517,517
2026-06-25,SVX,"Yekaterinburg, Russia",SEA,1508,1508
2026-06-25,BGW,"Baghdad, Iraq",ORD,823,823
2026-06-25,OVB,"Novosibirsk, Russia",DEN,1552,1552
2026-06-25,TLC,"Toluca, Mexico",IAH,250,250
2026-06-25,CCS,"Caracas, Venezuela",MIA,422,422
2026-06-25,BVA,"Beauvais/Tille, France",JFK,620,620
2026-06-25,VVI,"Santa Cruz, Bolivia",IAD,710,710
2026-06-25,OAX,"Oaxaca, Mexico",LAX,207,207
2026-06-25,BSB,"Brasilia, Brazil",MIA,387,387
2026-06-25,PRN,Lipjan,IAD,684,684
2026-06-25,AER,"Sochi, Russia",MIA,1151,1151
2026-06-25,BAQ,"Barranquilla, Colombia",MIA,258,258
2026-06-25,MED,"Medina, Saudi Arabia",ORD,854,854
2026-06-25,CFU,"Kerkyra Island, Greece",BOS,959,959
2026-06-25,CXR,"Nha Trang, Vietnam",SFO,1072,1072
2026-06-25,KHI,"Karachi, Pakistan",JFK,649,649
2026-06-25,DAC,"Dhaka, Bangladesh",ATL,857,857
2026-06-25,MID,"Merida, Mexico",OAK,323,323
2026-06-25,GEO,"Georgetown, Guyana",MIA,330,330
2026-06-25,BDA,"Hamilton, Bermuda",JFK,359,359
2026-06-25,MVD,"Montevideo, Uruguay",IAD,476,476
2026-06-25,RTB,"Roatan Island, Honduras",JFK,616,616
2026-06-25,CIA,"Roma, Italy",BWI,778,778
2026-06-25,KBL,"Kabul, Afghanistan",IAD,861,861
2026-06-25,ROB,"Monrovia, Liberia",CMH,1376,1376
2026-06-25,HOG,"Holguin, Cuba",SAT,517,517
2026-06-25,SDU,"Rio De Janeiro, Brazil",EWR,695,697
2026-06-25,DAR,"Dar es Salaam, Tanzania",IAD,939,939
2026-06-25,SEZ,"Mahe Island, Seychelles",ORD,1403,1403
2026-06-25,MZT,"Mazatlan, Mexico",SAT,368,368
2026-06-25,PEI,"Pereira, Colombia",MCO,459,460
2026-06-25,EBB,"Kampala, Uganda",ATL,808,808
2026-06-25,NSI,"Yaounde, Cameroon",SAT,1410,1410
2026-06-25,VVO,"Vladivostok, Russia",SEA,1510,1510
2026-06-25,VER,"Veracruz, Mexico",DFW,345,345
2026-06-25,HHN,"Hahn, Germany",IAD,754,757
2026-06-25,LFW,"Lome, Togo",IAD,1122,1122
2026-06-25,CGR,"Campo Grande, Brazil",BWI,1172,1172
2026-06-25,HRE,"Harare, Zimbabwe",ORD,1280,1280
2026-06-25,FNA,"Freetown, Sierra Leone",IAH,1407,1407
2026-06-25,KUF,"Samara, Russia",AUS,1661,1661
2026-06-25,KHV,"Khabarovsk, Russia",MIA,2438,2435
2026-06-25,YXE,"Saskatoon, Canada",LGA,507,507
2026-06-25,CWB,"Curitiba, Brazil",CLT,630,630
2026-06-25,PKX,"Beijing, China",LAX,669,669
2026-06-25,RBA,"Rabat, Morocco",MCO,690,690
2026-06-25,PVK,"Preveza/Lefkada, Greece",BOS,742,742
2026-06-25,SJJ,"Sarajevo, Bosnia and Herzegovina",LAX,793,796
2026-06-25,BJV,"Bodrum, Türkiye",ORD,982,982
2026-06-25,BOB,"Motu Mute, French Polynesia",LAX,1020,1020
2026-06-25,KTW,"Katowice, Poland",MSP,1296,1296
2026-06-25,ABJ,"Abidjan, Côte d'Ivoire",IAH,1944,1944
2026-06-25,MAR,"Maracaibo, Venezuela",MIA,279,279
2026-06-25,XMN,"Xiamen, China",SFO,739,739
2026-06-25,CKG,"Chongqing, China",SFO,883,883
2026-06-25,SYX,"Sanya, China",LAX,900,900
2026-06-25,BOJ,"Burgas, Bulgaria",MIA,905,905
2026-06-25,BSR,"Basrah, Iraq",PDX,942,942
2026-06-25,PQC,"Duong Dong, Vietnam",ORD,1092,1092
2026-06-25,CTM,"Chetumal, Mexico",IAH,348,348
2026-06-25,MHH,"Marsh Harbour, Bahamas",FLL,449,449
2026-06-25,CUL,"Culiacan, Mexico",SEA,453,453
2026-06-25,CMW,"Camaguey, Cuba",AUS,489,489
2026-06-25,TPP,"Tarapoto, Peru",MIA,538,538
2026-06-25,GDN,"Gdańsk, Poland",JFK,612,612
2026-06-25,SKB,"Basseterre, Saint Kitts and Nevis",JFK,619,619
2026-06-25,BON,"Kralendijk, Bonaire",ATL,631,629
2026-06-25,LTO,"Loreto, Mexico",DFW,632,632
2026-06-25,ZLO,"Manzanillo, Mexico",BWI,640,640
2026-06-25,CGH,"Sao Paulo, Brazil",MIA,698,696
2026-06-25,DGO,"Durango, Mexico",MKE,700,700
2026-06-25,OLB,"Olbia, Italy",IAD,701,701
2026-06-25,MLA,"Luqa, Malta",ORD,730,730
2026-06-25,VRN,"Verona, Italy",BOS,796,796
2026-06-25,HAK,"Haikou, China",SFO,878,878
2026-06-25,CCU,"Kolkata, India",IAD,1013,1013
2026-06-25,SOU,"Southampton, UK",IAD,1045,1045
2026-06-25,PZU,"Port Sudan, Sudan",SFO,1072,1072
2026-06-25,RMI,"Rimini, Italy",DCA,1092,1092
2026-06-25,COV,"Tarsus, Türkiye",IAH,1173,1173
2026-06-25,TSR,"Timisoara, Romania",IAD,1175,1175
2026-06-25,COO,"Cotonou, Benin",IAH,1223,1223
2026-06-25,KSN,"Kostanay, Kazakhstan",MIA,1316,1316
2026-06-25,IKT,"Irkutsk, Russia",BOS,1322,1322
2026-06-25,LPB,"La Paz / El Alto, Bolivia",BWI,1378,1378
2026-06-25,KRR,"Krasnodar, Russia",DFW,1412,1412
2026-06-25,DUR,"Durban, South Africa",IAD,1415,1409
2026-06-25,NIM,"Niamey, Niger",IND,1656,1656
2026-06-25,PHC,"Port Harcourt, Nigeria",IAH,1687,1687
2026-06-25,LUN,"Lusaka, Zambia",IAD,1944,1944
2026-06-25,MCX,"Makhachkala, Russia",SFO,2019,2019
2026-06-25,YHM,"Hamilton, Canada",FLL,243,243
2026-06-25,TIJ,"Tijuana, Mexico",LAX,296,296
2026-06-25,YOW,"Ottawa, Canada",CMH,401,401
2026-06-25,BGY,"Bergamo, Italy",BOS,599,599
2026-06-25,YXY,"Whitehorse, Canada",BNA,605,605
2026-06-25,AXM,"Armenia, Colombia",JFK,640,640
2026-06-25,ZIH,"Ixtapa, Mexico",LAX,720,720
2026-06-25,NUE,"Nuremberg, Germany",MIA,801,801
2026-06-25,CGO,"Zhengzhou, China",SFO,806,806
2026-06-25,SHA,"Shanghai, China",LAX,820,820
2026-06-25,WUH,"Wuhan, China",SFO,821,821
2026-06-25,RZE,"Rzeszow, Poland",ORD,838,838
2026-06-25,YZF,"Yellowknife, Canada",ORD,862,862
2026-06-25,HBE,"Alexandria, Egypt",BOS,867,867
2026-06-25,HAJ,"Hannover, Germany",DTW,885,885
2026-06-25,XRY,"Jerez de la Forntera, Spain",MIA,910,910
2026-06-25,CBB,"Cochabamba, Bolivia",LAX,953,953
2026-06-25,PNT,"Puerto Natales, Chile",FLL,1001,1001
2026-06-25,CUK,"Caye Caulker, Belize",SFO,1003,1003
2026-06-25,VRA,"Varadero, Cuba",SFO,1007,1007
2026-06-25,CLJ,"Cluj-Napoca, Romania",SFO,1035,1035
2026-06-25,SZX,"Shenzhen, China",ORD,1140,1140
2026-06-25,IGD,"Igdir, Türkiye",DFW,1203,1203
2026-06-25,PAS,"Paros Island, Greece",MIA,1217,1217
2026-06-25,NBJ,"Luanda, Angola",SEA,1244,1244
2026-06-25,CCP,"Concepcion, Chile",SLC,1290,1290
2026-06-25,DSS,"Diass, Senegal",CLT,1387,1387
2026-06-25,LWN,"Gyumri, Armenia",SFO,1719,1719
2026-06-25,USH,"Ushuahia, Argentina",SFO,1758,1758
2026-06-25,NMA,"Namangan, Uzbekistan",PIT,1807,1807
2026-06-25,KJA,"Krasnoyarsk, Russia",LAS,1960,1960
2026-06-25,UUD,"Ulan Ude, Russia",SEA,2652,2652
2026-06-25,YLW,"Kelowna, Canada",PHX,320,320
2026-06-25,ELH,"North Eleuthera, Bahamas",MIA,379,379
2026-06-25,YHZ,"Halifax, Canada",PHL,402,402
2026-06-25,CUU,"Chihuahua, Mexico",DEN,406,406
2026-06-25,YHU,"Longueuil, Canada",BWI,532,532
2026-06-25,PBC,"Puebla, Mexico",DEN,542,542
2026-06-25,BGA,"Bucaramanga, Colombia",JFK,548,548
2026-06-25,TRC,"Torreon, Mexico",DEN,553,553
2026-06-25,REX,"Reynosa, Mexico",ORD,575,575
2026-06-25,YXU,"London, Canada",ORD,580,580
2026-06-25,JTR,"Santorini Island, Greece",JFK,595,595
2026-06-25,CZM,"Cozumel, Mexico",DEN,607,607
2026-06-25,EIS,"Road Town, Virgin Islands",MCO,636,636
2026-06-25,AQP,"Arequipa, Peru",MCO,688,688
2026-06-25,CIX,"Chiclayo, Peru",SFO,695,695
2026-06-25,TRF,"Torp, Norway",SFO,721,721
2026-06-25,FMO,"Munster, Germany",DTW,762,762
2026-06-25,IAS,"Iasi, Romania",LGA,764,764
2026-06-25,VGO,"Vigo, Spain",ORD,779,779
2026-06-25,TOS,"Tromsø, Norway",MSP,783,783
2026-06-25,PTP,"Pointe-a-Pitre Le Raizet, Guadeloupe",AUS,791,791
2026-06-25,SHE,"Shenyang, China",SFO,813,813
2026-06-25,BOC,"Isla Colon, Panama",DFW,829,829
2026-06-25,SUF,"Lamezia Terme, Italy",IAH,835,835
2026-06-25,GMP,"Seoul, South Korea",HNL,881,881
2026-06-25,TER,"Lajes, Portugal",SFO,892,892
2026-06-25,MUX,"Multan, Pakistan",DTW,907,907
2026-06-25,PSA,"Pisa, Italy",BOS,933,933
2026-06-25,XSC,"South Caicos Airport, Turks and Caicos Islands",IAH,977,977
2026-06-25,LBA,"Leeds, UK",ATL,983,983
2026-06-25,SBH,"Gustavia, Saint Barthélemy",MIA,1040,1040
2026-06-25,EFL,"Kefallinia Island, Greece",PHX,1053,1053
2026-06-25,MGF,"Maringa, Brazil",BOS,1058,1058
2026-06-25,MJI,"Tripoli, Libya",ATL,1085,1085
2026-06-25,ADZ,"San Andres, Colombia",FLL,1093,1093
2026-06-25,PEG,"Perugia, Italy",ORD,1096,1096
2026-06-25,HGA,"Hargeisa, Somalia",ATL,1143,1143
2026-06-25,NGO,"Tokoname, Japan",CLT,1167,1167
2026-06-25,SCO,"Aktau, Kazakhstan",ORD,1179,1179
2026-06-25,PFO,"Paphos, Cyprus",PDX,1193,1193
2026-06-25,CRL,"Brussels, Belgium",DFW,1201,1201
2026-06-25,LYP,"Faisalabad, Pakistan",SMF,1218,1218
2026-06-25,SJZ,"Velas, Portugal",SFO,1222,1222
2026-06-25,WEH,"Weihai, China",SEA,1240,1240
2026-06-25,MOC,"Montes Claros, Brazil",MSP,1257,1257
2026-06-25,CFE,"Clermont-Ferrand/Auvergne, France",MIA,1315,1315
2026-06-25,NEV,"Charlestown, Saint Kitts and Nevis",STL,1344,1344
2026-06-25,BDS,"Brindisi, Italy",DTW,1352,1352
2026-06-25,XIY,"Xianyang, China",CVG,1352,1352
2026-06-25,VLN,"Valencia, Venezuela",DFW,1357,1357
2026-06-25,LEJ,"Leipzig, Germany",ANC,1382,1382
2026-06-25,APW,"Apia, Samoa",PHX,1399,1399
2026-06-25,BLA,"Barcelona, Venezuela",BOS,1445,1445
2026-06-25,TSN,"Tianjin, China",PHX,1474,1474
2026-06-25,CEI,"Chiang Rai, Thailand",IAH,1476,1476
2026-06-25,KKN,"Kirkenes, Norway",ORD,1500,1500
2026-06-25,SPR,SPR,MIA,1565,1565
2026-06-25,MQM,"Mardin, Türkiye",BOS,1659,1659
2026-06-25,CJU,"Jeju City, South Korea",CLT,1663,1663
2026-06-25,WDH,"Windhoek, Namibia",MIA,1689,1685
2026-06-25,KRS,"Kjevik, Norway",BNA,1765,1765
2026-06-25,GUW,"Atyrau, Kazakhstan",IND,1794,1794
2026-06-25,BLZ,"Blantyre, Malawi",CMH,1841,1841
2026-06-25,CIT,"Shymkent, Kazakhstan",SFO,1893,1893
2026-06-25,KGF,"Karaganda, Kazakhstan",MIA,2007,2007
2026-06-25,URA,"Uralsk, Kazakhstan",MSP,2011,2011
2026-06-25,NDJ,"N'Djamena, Chad",IND,2061,2061
2026-06-25,OSS,"Osh, Kyrgyzstan",DFW,2151,2151
2026-06-25,FBM,"Lubumbashi, Congo",IND,2238,2238
2026-06-25,YKF,"Waterloo, Canada",MDW,2265,2265
2026-06-25,BAX,"Barnaul, Russia",MIA,2311,2311
2026-06-25,LBD,"Khudzhand, Tajikistan",DFW,2441,2441
2026-06-25,NGS,"Nagasaki, Japan",ATL,2575,2575
2026-06-25,MGQ,"Mogadishu, Somalia",SEA,2596,2596
2026-06-25,ASF,"Astrakhan, Russia",BOS,2740,2740
2026-06-25,IKU,"Tamchy, Kyrgyzstan",PDX,2946,2946
2026-06-25,GVN,"Sovetskaya Gavan, Russia",SNA,3142,3142
2026-06-25,ITU,ITU,ATL,3316,3316
2026-06-25,URC,"Urumqi, China",SNA,4838,4838
2026-06-25,SDQ,"Santo Domingo, Dom. Rep.",EWR,190,188
2026-06-25,SAL,San Salvador,LGA,187,185
2026-06-25,BCN,"Barcelona, Spain",ORD,484,480
2026-06-25,LIS,"Lisbon, Portugal",JFK,614,605
2026-06-25,GRU,"Sao Paulo, Brazil",MIA,446,443
2026-06-25,FLR,"Florence, Italy",BOS,764,755
2026-06-25,HKT,"Phuket, Thailand",LAX,768,758
2026-06-25,FOR,"Fortaleza, Brazil",MIA,753,749
2026-06-25,ICN,"Seoul, South Korea",SFO,672,664
2026-06-25,JNB,"Johannesburg, S. Africa",IAH,844,836
2026-06-25,CPT,"Cape Town, S. Africa",ORD,1254,1240
2026-06-25,TAS,"Tashkent, Uzbekistan",LAX,743,738
2026-06-25,NQZ,"Astana, Kazakhstan",IAH,1134,1127
2026-06-25,KZN,"Kazan, Russia",FLL,1390,1381
2026-06-25,PVR,"Puerto Vallarta, Mexico",LAX,315,313
2026-06-25,TQO,"Tulum, Mexico",LGA,411,406
2026-06-25,ALC,"Alicante, Spain",BOS,609,605
2026-06-25,POA,"Porto Alegre, Brazil",BOS,716,712
2026-06-25,ZIA,"Zhukovsky, Russia",IAD,1505,1483
2026-06-25,ISU,"Sulaymaniyah, Iraq",DCA,1143,1136
2026-06-25,YWG,"Winnipeg, Canada",LGA,427,423
2026-06-25,LCA,"Larnarca, Cyprus",ORD,970,965
2026-06-25,LLW,"Lilongwe, Malawi",ORD,1263,1253
2026-06-25,TAO,"Qingdao, China",MIA,1554,1544
2026-06-25,TAB,"Scarborough, Trinidad and Tobago",JFK,518,513
2026-06-25,PMO,"Palermo, Italy",ORD,851,843
2026-06-25,FCO,"Rome, Italy",LAX,460,453
2026-06-25,ATH,"Athens, Greece",JFK,533,520
2026-06-25,VNO,"Vilnius, Lithuania",LAX,546,536
2026-06-25,CAI,"Cairo, Egypt",IAD,634,623
2026-06-25,OTP,"Bucharest, Romania",MIA,670,659
2026-06-25,DPS,"Bali, Indonesia",SEA,815,796
2026-06-25,PPT,"Papeete, Tahiti",SFO,821,806
2026-06-25,USM,"Koh Samui, Thailand",DFW,1548,1520
2026-06-25,CNX,"Chiang Mai, Thailand",SFO,1769,1739
2026-06-25,ORY,"Paris, France",JFK,474,465
2026-06-25,DYU,"Dushanbe, Tajikistan",ORD,1282,1261
2026-06-25,VCP,"Campinas, Brazil",FLL,604,590
2026-06-25,FIH,"Kinshasa, Congo",DFW,915,898
2026-06-25,NLU,"Reyes Acozac, Mexico",LAX,278,273
2026-06-25,DLA,"Douala, Cameroon",DTW,1246,1219
2026-06-25,CAP,"Cap Haitien, Haiti",FLL,622,610
2026-06-25,MRV,"Mineralnyye Vody, Russia",MIA,1680,1642
2026-06-25,BPS,"Porto Seguro, Brazil",PHL,1037,1012
2026-06-25,ADB,"Izmir, Türkiye",IAD,910,892
2026-06-25,UGC,"Urgench, Uzbekistan",ORD,1321,1296
2026-06-25,CSX,"Changsha, China",CLT,1919,1881
2026-06-25,AUA,Aruba,TPA,242,234
2026-06-25,BKK,"Bangkok, Thailand",SFO,662,640
2026-06-25,NCE,"Nice, France",MIA,772,752
2026-06-25,TPE,"Taipei, Taiwan",ORD,731,710
2026-06-25,COK,"Kochi, India",MIA,1167,1137
2026-06-25,SSA,"Salvador, Brazil",MSY,1095,1063
2026-06-25,POP,"Puerto Plata, Dominican Republic",MIA,428,415
2026-06-25,SVD,"Argyle, Saint Vincent and the Grenadines",EWR,389,376
2026-06-25,SNU,"Santa Clara, Cuba",MIA,362,350
2026-06-25,GYN,"Goiania, Brazil",BNA,907,879
2026-06-25,SLP,"San Luis Potosi, Mexico",DFW,441,429
2026-06-25,HER,"Heraklion, Greece",BOS,950,925
2026-06-25,SVG,"Stavanger, Norway",ATL,883,859
2026-06-25,JMK,"Mykonos Island, Greece",LAX,966,941
2026-06-25,NJF,"Najaf, Iraq",MSP,1445,1409
2026-06-25,SJU,"San Juan, Puerto Rico",TPA,145,139
2026-06-25,EBL,"Arbil, Iraq",SAN,921,886
2026-06-25,OGZ,"Beslan, Russia",CLT,1683,1625
2026-06-25,BPN,"Balikpapan, Borneo Island, Indonesia",CLT,1970,1893
2026-06-25,MDE,"Medellin, Colombia",FLL,252,239
2026-06-25,FLN,"Florianopolis, Brazil",BOS,971,928
2026-06-25,LOS,"Lagos, Nigeria",IND,925,878
2026-06-25,SIN,Singapore,SFO,678,646
2026-06-25,HND,"Tokyo, Japan",SFO,829,786
2026-06-25,BJM,"Bujumbura, Burundi",LAX,1053,1005
2026-06-25,LTN,"London, UK",LGA,787,750
2026-06-25,SKG,"Thessaloniki, Greece",DTW,671,637
2026-06-25,YDF,"Deer Lake, Canada",IND,751,718
2026-06-25,SJD,"Los Cabos, Mexico",EWR,264,250
2026-06-25,AEP,"Buenos Aires, Argentina",MIA,627,591
2026-06-25,DLM,"Dalaman, Türkiye",ORD,1381,1299
2026-06-25,BOG,"Bogota, Colombia",AUS,271,254
2026-06-25,BGI,"Bridgetown, Barbados",DCA,457,427
2026-06-25,SKP,"Skopje, North Macedonia",CVG,711,662
2026-06-25,IBZ,"Ibiza, Spain",IAD,845,789
2026-06-25,PLS,"Providenciales, Turks",JFK,436,405
2026-06-25,MAA,"Chennai, India",ORD,1097,1015
2026-06-25,OKA,"Okinawa, Japan",SFO,979,904
2026-06-25,HYD,"Hyderabad, India",ORD,988,919
2026-06-25,CEK,"Chelyabinsk, Russia",IAH,1735,1608
2026-06-25,GOX,"Mopa, India",SNA,1767,1632
2026-06-25,MPM,"Maputo, Mozambique",MSP,2405,2224
2026-06-25,GOT,"Gothenburg, Sweden",SFO,730,671
2026-06-25,QRO,"Queretaro, Mexico",RDU,279,255
2026-06-25,CUE,"Cuenca, Ecuador",ATL,570,525
2026-06-25,VXE,"Sao Pedro, Cabo Verde",BOS,1416,1302
2026-06-25,LIN,"Milan, Italy",LAX,806,736
2026-06-25,ASU,"Asuncion, Paraguay",MIA,908,828
2026-06-25,CGK,"Jakarta, Indonesia",PHX,1291,1164
2026-06-25,CRK,"Angeles City, Philippines",LAX,914,822
2026-06-25,SVQ,"Seville, Spain",STL,1069,957
2026-06-25,GGT,"George Town, Bahamas",MIA,558,486
2026-06-25,NVT,"Navegantes, Brazil",BOS,1627,1418
2026-06-25,KUT,"Kutaisi, Georgia",OAK,1804,1531
2026-06-25,ABV,"Abuja, Nigeria",TPA,1937,1644
2026-06-25,EOH,"Medellin, Colombia",DFW,815,633
2026-06-25,CUC,"Cucuta, Colombia",IND,846,600
2026-06-25,DVO,"Davao City, Philippines",SFO,931,1440
2026-06-25,PUJ,"Punta Cana, Dom. Rep.",MIA,128,156
2026-06-25,PEK,"Beijing, China",SEA,510,623
2026-06-25,SCU,"Santiago, Cuba",MIA,697,852
2026-06-25,VTE,"Vientiane, Laos",SEA,1148,1402
2026-06-25,REC,"Recife, Brazil",MIA,771,932
2026-06-25,OUA,"Ouagadougou, Burkina Faso",JFK,654,781
2026-06-25,TAM,"Tampico, Mexico",ATL,591,701
2026-06-25,YEG,"Edmonton, Canada",SLC,274,321
2026-06-25,UIO,"Quito, Ecuador",JFK,298,346
2026-06-25,BLR,"Bangalore, India",IAD,879,1027
2026-06-25,RUH,"Riyadh, Saudi Arabia",IAD,1048,1203
2026-06-25,AXA,"The Valley, Anguilla",MIA,647,747
2026-06-25,TGD,"Podgorica, Montenegro",ORD,559,633
2026-06-25,CTG,"Cartagena, Colombia",FLL,223,251
2026-06-25,ESB,"Ankara, Türkiye",IAD,894,1002
2026-06-25,TLL,"Tallinn, Estonia",EWR,533,586
2026-06-25,MNL,"Manila, Philippines",LAX,495,546
2026-06-25,AGU,"Aguascalientes, Mexico",DFW,386,425
2026-06-25,BIM,"South Bimini, Bahamas",IND,394,433
2026-06-25,GYE,"Guayaquil, Ecuador",JFK,234,255
2026-06-25,MAD,"Madrid, Spain",EWR,397,431
2026-06-25,HAV,"Havana, Cuba",MIA,184,199
2026-06-25,BER,"Berlin, Germany",JFK,583,624
2026-06-25,GCM,Grand Cayman,IAD,383,407
2026-06-25,ZRH,"Zurich, Switzerland",BWI,577,614
2026-06-25,HAM,"Hamburg, Germany",JFK,621,660
2026-06-25,ACC,"Accra, Ghana",IAD,954,1016
2026-06-25,MEL,"Melbourne, Australia",DTW,981,1040
2026-06-25,UBN,"Ulaanbaatar, Mongolia",ORD,786,840
2026-06-25,KUL,"Kuala Lumpur, Malaysia",SFO,702,740
2026-06-25,MLE,"Male, Maldives",MSY,917,961
2026-06-25,GVA,"Geneva, Switzerland",MCO,477,500
2026-06-25,CEB,"Cebu, Philippines",LAX,591,620
2026-06-25,SYD,"Sydney, Australia",LAX,741,779
2026-06-25,CLO,"Cali, Colombia",MCO,234,246
2026-06-25,VIX,"Vitoria, Brazil",BOS,596,630
2026-06-25,CUZ,"Cusco, Peru",BWI,858,900
2026-06-25,PTY,"Panama City, Panama",JFK,269,279
2026-06-25,GIG,"Rio de Janeiro, Brazil",TPA,431,451
2026-06-25,RIX,"Riga, Latvia",JFK,542,565
2026-06-25,DOH,"Doha, Qatar",IAD,1501,1558
2026-06-25,RMO,"Chișinău, Moldova",EWR,579,604
2026-06-25,MSQ,"Minsk, Belarus",IAD,1471,1529
2026-06-25,PDL,"Ponta Delgada, Portugal",BOS,610,636
2026-06-25,ROR,"Babelthuap Island, Palau",HNL,2380,2468
2026-06-25,YYZ,"Toronto, Canada",FLL,203,209
2026-06-25,BEG,"Belgrade, Serbia",JFK,662,680
2026-06-25,NBO,"Nairobi, Kenya",IAD,722,744
2026-06-25,NAN,"Nadi, Fiji",LAX,694,714
2026-06-25,STI,"Santiago, Dominican Republic",EWR,197,203
2026-06-25,YTZ,"Toronto, Canada",ORD,195,202
2026-06-25,MTY,"Monterrey, Mexico",DFW,176,182
2026-06-25,STN,"London, UK",SEA,668,690
2026-06-25,TGZ,"Tuxtla Gutierrez, Mexico",IAH,426,440
2026-06-25,TFU,"Tianfu, China",DCA,1649,1693
2026-06-25,INN,"Innsbruck, Austria",AUS,1571,1626
2026-06-25,MEX,"Mexico City, Mexico",IAH,165,168
2026-06-25,UVF,St. Lucia,JFK,499,511
2026-06-25,VLC,"Valencia, Spain",BOS,664,680
2026-06-25,EVN,"Yerevan, Armenia",BOS,727,740
2026-06-25,HRG,"Hurghada, Egypt",LAX,973,989
2026-06-25,CGN,"Cologne, Germany",ORD,836,853
2026-06-25,SVO,"Moscow, Russia",MIA,1145,1169
2026-06-25,BSZ,"Bishkek, Kyrgyzstan",ORD,1025,1047
2026-06-25,BRI,"Bari, Italy",IAD,774,787
2026-06-25,YQB,"Quebec City, Canada",SAN,457,464
2026-06-25,WMI,"Warsaw, Poland",ORD,679,690
2026-06-25,ARN,"Stockholm, Sweden",JFK,408,412
2026-06-25,AGP,"Malaga, Spain",JFK,579,587
2026-06-25,OPO,"Porto, Portugal",BOS,568,571
2026-06-25,SAW,"Istanbul, Türkiye",JFK,662,669
2026-06-25,BUS,"Batumi, Georgia",IAD,913,921
2026-06-25,SKD,"Samarkand, Uzbekistan",IAD,1047,1054
2026-06-25,CNF,"Belo Horizonte, Brazil",BOS,411,415
2026-06-25,KTI,"Krong Ta Khmau, Cambodia",LAX,735,743
2026-06-25,SHJ,"Sharjah, UAE",ATL,809,820
2026-06-25,AMD,"Ahmedabad, India",IAD,929,936
2026-06-25,GZP,"Gazipasa, Türkiye",BWI,1074,1084
2026-06-25,SNN,"Shannon, Ireland",EWR,630,637
2026-06-25,RHO,"Rodes Island, Greece",LAX,925,931
2026-06-25,ALG,"Algiers, Algeria",BOS,750,756
2026-06-25,RAI,"Praia, Cabo Verde",BOS,891,902
2026-06-25,FNC,"Funchal, Portugal",SFO,1113,1127
2026-06-25,HOR,"Horta, Portugal",BOS,797,809
2026-06-25,PVH,"Porto Velho, Brazil",MCO,948,953
2026-06-25,SID,"Espargos, Cabo Verde",FLL,1422,1442
2026-06-25,STW,"Stavropol, Russia",SFO,2361,2392
2026-06-25,KIN,"Kingston, Jamaica",JFK,246,246
2026-06-25,GUA,Guatemala City,MIA,190,190
2026-06-25,MBJ,"Montego Bay, Jamaica",TPA,217,217
2026-06-25,CUN,"Cancun, Mexico",ATL,166,166
2026-06-25,NAS,"Nassau, Bahamas",MIA,266,266
2026-06-25,KEF,"Reykjavik, Iceland",ORD,394,394
2026-06-25,YVR,"Vancouver, Canada",LAX,163,163
2026-06-25,POS,"Port of Spain, Trinidad",FLL,317,317
2026-06-25,SJO,"San Jose, Costa Rica",MIA,207,207
2026-06-25,CUR,Curacao,EWR,345,346
2026-06-25,YYC,"Calgary, Canada",SAN,270,269
2026-06-25,VIE,"Vienna, Austria",JFK,459,459
2026-06-25,OSL,"Oslo, Norway",JFK,465,464
2026-06-25,BUD,"Budapest, Hungary",EWR,483,483
2026-06-25,CDG,"Paris, France",EWR,464,464
2026-06-25,DUB,"Dublin, Ireland",ORD,457,458
2026-06-25,LIM,"Lima, Peru",MIA,397,398
2026-06-25,SXM,St. Maarten,LGA,468,467
2026-06-25,AMS,"Amsterdam, Netherlands",JFK,527,527
2026-06-25,FRA,"Frankfurt, Germany",JFK,532,534
2026-06-25,MXP,"Milan, Italy",SFO,501,501
2026-06-25,MGA,"Managua, Nicaragua",MIA,299,299
2026-06-25,ANU,Antigua,JFK,538,538
2026-06-25,DXB,"Dubai, UAE",JFK,550,550
2026-06-25,WAW,"Warsaw, Poland",IAD,470,470
2026-06-25,IST,"Istanbul, Turkey",JFK,561,561
2026-06-25,CMN,"Casablanca, Morocco",LGA,540,540
2026-06-25,CPH,"Copenhagen, Denmark",RDU,466,466
2026-06-25,KRK,"Krakow, Poland",JFK,587,587
2026-06-25,VCE,"Venice, Italy",EWR,587,587
2026-06-25,LHR,"London, UK",BWI,482,482
2026-06-25,SOF,"Sofia, Bulgaria",JFK,640,643
2026-06-25,TBS,"Tbilisi, Georgia",JFK,642,642
2026-06-25,HEL,"Helsinki, Finland",MSP,529,528
2026-06-25,MUC,"Munich, Germany",JFK,647,649
2026-06-25,TUN,"Tunis, Tunisia",JFK,658,658
2026-06-25,YUL,"Montreal, Canada",BOS,217,217
2026-06-25,PRG,"Prague, Czechia",LAX,581,581
2026-06-25,FPO,"Freeport, Bahamas",FLL,410,410
2026-06-25,SSH,"Sharm El Sheikh, Egypt",EWR,667,667
2026-06-25,GND,Grenada,MIA,674,674
2026-06-25,RAK,"Marrakech, Morocco",BOS,628,628
2026-06-25,NAP,"Naples, Italy",LAX,743,743
2026-06-25,BOM,"Mumbai, India",BOS,854,854
2026-06-25,BRU,"Brussels, Belgium",BWI,528,527
2026-06-25,ADD,"Addis Ababa, Ethiopia",BOS,966,966
2026-06-25,JED,"Jeddah, Saudi Arabia",ORD,722,722
2026-06-25,SGN,"Ho Chi Minh, Vietnam",LAX,618,615
2026-06-25,GYD,"Baku, Azerbaijan",IAD,946,946
2026-06-25,HKG,Hong Kong,SFO,634,634
2026-06-25,KTM,"Kathmandu, Nepal",HNL,1066,1066
2026-06-25,CAN,"Guangzhou, China",SFO,640,640
2026-06-25,BZE,"Belize City, Belize",IAD,334,334
2026-06-25,STT,"St. Thomas, USVI",MIA,389,389
2026-06-25,EZE,"Buenos Aires, Argentina",AUS,529,529
2026-06-25,MAN,"Manchester, UK",IAD,686,686
2026-06-25,DEL,"Delhi, India",IAD,783,783
2026-06-25,PVG,"Shanghai, China",LAX,617,617
2026-06-25,LIR,"Liberia, Costa Rica",PDX,338,338
2026-06-25,NRT,"Tokyo, Japan",HNL,644,644
2026-06-25,DBV,"Dubrovnik, Croatia",ATL,617,617
2026-06-25,BLQ,"Bologna, Italy",ATL,648,649
2026-06-25,ZAG,"Zagreb, Croatia",CLE,668,668
2026-06-25,GLA,"Glasgow, Scotland",ATL,710,710
2026-06-25,SCL,"Santiago, Chile",MCO,355,355
2026-06-25,EDI,"Edinburgh, Scotland",ORD,673,673
2026-06-25,FOR,"Fortaleza, Brazil",MIA,753,750
2026-06-25,ZNZ,"Zanzibar, Tanzania",ORD,918,918
2026-06-25,MBA,"Mombasa, Kenya",ATL,1339,1339
2026-06-25,DAD,"Da Nang, Vietnam",SFO,743,745
2026-06-25,GOI,"Goa, India",ATL,2295,2295
2026-06-25,AUH,"Abu Dhabi, UAE",MIA,912,912
2026-06-25,BNE,"Brisbane, Australia",LAX,718,718
2026-06-25,HAN,"Hanoi, Vietnam",LAX,786,786
2026-06-25,AKL,"Auckland, New Zealand",DFW,701,701
2026-06-25,MRS,"Marseille, France",ORD,765,765
2026-06-25,FAO,"Faro, Portugal",ORD,906,906
2026-06-25,CMB,"Colombo, Sri Lanka",ORD,1073,1073
2026-06-25,KIX,"Osaka, Japan",LAX,861,862
2026-06-25,MRU,Mauritius,ORD,1572,1572
2026-06-25,TGU,"Tegucigalpa, Honduras",RDU,932,932
2026-06-25,KWI,Kuwait City,DEN,1115,1115
2026-06-25,LYS,"Lyon, France",LAX,1061,1061
2026-06-25,ZQN,"Queenstown, NZ",IND,1606,1606
2026-06-25,VKO,"Moscow, Russia",IAD,1165,1169
2026-06-25,LED,"St. Petersburg, Russia",IAD,1211,1211
2026-06-25,ALA,"Almaty, Kazakhstan",LAX,797,797
2026-06-25,DME,"Moscow, Russia",ORD,1215,1215
2026-06-25,LGW,"London, UK",MCO,391,391
2026-06-25,GDL,"Guadalajara, Mexico",LAX,245,245
2026-06-25,BJX,"Silao, Mexico",IAH,249,249
2026-06-25,SAP,"La Mesa, Honduras",MIA,268,268
2026-06-25,AYT,"Antalya, Türkiye",BOS,705,706
2026-06-25,TIV,"Tivat, Montenegro",SEA,975,975
2026-06-25,XPL,"Comayagua, Honduras",MCO,358,358
2026-06-25,LHE,"Lahore, Pakistan",SFO,780,780
2026-06-25,ISB,"Islamabad, Pakistan",IAD,631,631
2026-06-25,FOC,"Fuzhou, China",IAD,1056,1056
2026-06-25,UFA,"Ufa, Russia",BOS,1401,1401
2026-06-25,PMI,"Palma De Mallorca, Spain",ATL,644,643
2026-06-25,MLM,"Morelia, Mexico",LAX,236,236
2026-06-25,TIA,"Tirana, Albania",JFK,517,517
2026-06-25,SVX,"Yekaterinburg, Russia",SEA,1508,1508
2026-06-25,BGW,"Baghdad, Iraq",ORD,823,823
2026-06-25,OVB,"Novosibirsk, Russia",DEN,1552,1552
2026-06-25,TLC,"Toluca, Mexico",IAH,250,250
2026-06-25,CCS,"Caracas, Venezuela",MIA,422,422
2026-06-25,BVA,"Beauvais/Tille, France",JFK,620,620
2026-06-25,VVI,"Santa Cruz, Bolivia",IAD,710,710
2026-06-25,OAX,"Oaxaca, Mexico",LAX,207,207
2026-06-25,BSB,"Brasilia, Brazil",MIA,387,387
2026-06-25,PRN,Lipjan,IAD,684,684
2026-06-25,AER,"Sochi, Russia",MIA,1151,1151
2026-06-25,BAQ,"Barranquilla, Colombia",MIA,258,258
2026-06-25,MED,"Medina, Saudi Arabia",ORD,854,854
2026-06-25,CFU,"Kerkyra Island, Greece",BOS,959,959
2026-06-25,CXR,"Nha Trang, Vietnam",SFO,1072,1072
2026-06-25,KHI,"Karachi, Pakistan",JFK,649,649
2026-06-25,DAC,"Dhaka, Bangladesh",ATL,857,857
2026-06-25,MID,"Merida, Mexico",OAK,323,323
2026-06-25,GEO,"Georgetown, Guyana",MIA,330,330
2026-06-25,BDA,"Hamilton, Bermuda",JFK,359,359
2026-06-25,MVD,"Montevideo, Uruguay",IAD,476,476
2026-06-25,RTB,"Roatan Island, Honduras",JFK,616,616
2026-06-25,CIA,"Roma, Italy",BWI,778,778
2026-06-25,KBL,"Kabul, Afghanistan",IAD,861,861
2026-06-25,ROB,"Monrovia, Liberia",CMH,1376,1376
2026-06-25,HOG,"Holguin, Cuba",SAT,517,517
2026-06-25,SDU,"Rio De Janeiro, Brazil",EWR,695,697
2026-06-25,DAR,"Dar es Salaam, Tanzania",IAD,939,939
2026-06-25,SEZ,"Mahe Island, Seychelles",ORD,1403,1403
2026-06-25,MZT,"Mazatlan, Mexico",SAT,368,368
2026-06-25,PEI,"Pereira, Colombia",MCO,459,460
2026-06-25,EBB,"Kampala, Uganda",ATL,808,808
2026-06-25,NSI,"Yaounde, Cameroon",SAT,1410,1410
2026-06-25,VVO,"Vladivostok, Russia",SEA,1510,1510
2026-06-25,VER,"Veracruz, Mexico",DFW,345,345
2026-06-25,HHN,"Hahn, Germany",IAD,754,757
2026-06-25,LFW,"Lome, Togo",IAD,1122,1122
2026-06-25,CGR,"Campo Grande, Brazil",BWI,1172,1172
2026-06-25,HRE,"Harare, Zimbabwe",ORD,1280,1280
2026-06-25,FNA,"Freetown, Sierra Leone",IAH,1407,1407
2026-06-25,KUF,"Samara, Russia",AUS,1661,1661
2026-06-25,KHV,"Khabarovsk, Russia",MIA,2438,2435
2026-06-25,YXE,"Saskatoon, Canada",LGA,507,507
2026-06-25,CWB,"Curitiba, Brazil",CLT,630,630
2026-06-25,PKX,"Beijing, China",LAX,669,669
2026-06-25,RBA,"Rabat, Morocco",MCO,690,690
2026-06-25,PVK,"Preveza/Lefkada, Greece",BOS,742,742
2026-06-25,SJJ,"Sarajevo, Bosnia and Herzegovina",LAX,793,795
2026-06-25,BJV,"Bodrum, Türkiye",ORD,982,982
2026-06-25,BOB,"Motu Mute, French Polynesia",LAX,1020,1020
2026-06-25,KTW,"Katowice, Poland",MSP,1296,1296
2026-06-25,ABJ,"Abidjan, Côte d'Ivoire",IAH,1944,1944
2026-06-25,MAR,"Maracaibo, Venezuela",MIA,279,279
2026-06-25,XMN,"Xiamen, China",SFO,739,739
2026-06-25,CKG,"Chongqing, China",SFO,883,883
2026-06-25,SYX,"Sanya, China",LAX,900,900
2026-06-25,BOJ,"Burgas, Bulgaria",MIA,905,905
2026-06-25,BSR,"Basrah, Iraq",PDX,942,942
2026-06-25,LCA,"Larnarca, Cyprus",ORD,970,966
2026-06-25,PQC,"Duong Dong, Vietnam",ORD,1092,1092
2026-06-25,CTM,"Chetumal, Mexico",IAH,348,348
2026-06-25,MHH,"Marsh Harbour, Bahamas",FLL,449,449
2026-06-25,CUL,"Culiacan, Mexico",SEA,453,453
2026-06-25,CMW,"Camaguey, Cuba",AUS,489,489
2026-06-25,TPP,"Tarapoto, Peru",MIA,538,538
2026-06-25,GDN,"Gdańsk, Poland",JFK,612,612
2026-06-25,SKB,"Basseterre, Saint Kitts and Nevis",JFK,619,619
2026-06-25,BON,"Kralendijk, Bonaire",ATL,631,629
2026-06-25,LTO,"Loreto, Mexico",DFW,632,632
2026-06-25,ZLO,"Manzanillo, Mexico",BWI,640,640
2026-06-25,CGH,"Sao Paulo, Brazil",MIA,698,696
2026-06-25,DGO,"Durango, Mexico",MKE,700,700
2026-06-25,OLB,"Olbia, Italy",IAD,701,701
2026-06-25,MLA,"Luqa, Malta",ORD,730,730
2026-06-25,VRN,"Verona, Italy",BOS,796,796
2026-06-25,HAK,"Haikou, China",SFO,878,878
2026-06-25,CCU,"Kolkata, India",IAD,1013,1013
2026-06-25,SOU,"Southampton, UK",IAD,1045,1045
2026-06-25,PZU,"Port Sudan, Sudan",SFO,1072,1072
2026-06-25,RMI,"Rimini, Italy",DCA,1092,1092
2026-06-25,COV,"Tarsus, Türkiye",IAH,1173,1173
2026-06-25,TSR,"Timisoara, Romania",IAD,1175,1175
2026-06-25,COO,"Cotonou, Benin",IAH,1223,1223
2026-06-25,KSN,"Kostanay, Kazakhstan",MIA,1316,1316
2026-06-25,IKT,"Irkutsk, Russia",BOS,1322,1322
2026-06-25,LPB,"La Paz / El Alto, Bolivia",BWI,1378,1378
2026-06-25,KRR,"Krasnodar, Russia",DFW,1412,1412
2026-06-25,DUR,"Durban, South Africa",IAD,1415,1409
2026-06-25,NIM,"Niamey, Niger",IND,1656,1656
2026-06-25,PHC,"Port Harcourt, Nigeria",IAH,1687,1687
2026-06-25,LUN,"Lusaka, Zambia",IAD,1944,1944
2026-06-25,MCX,"Makhachkala, Russia",SFO,2019,2019
2026-06-25,YHM,"Hamilton, Canada",FLL,243,243
2026-06-25,TIJ,"Tijuana, Mexico",LAX,296,296
2026-06-25,YOW,"Ottawa, Canada",CMH,401,401
2026-06-25,BGY,"Bergamo, Italy",BOS,599,599
2026-06-25,YXY,"Whitehorse, Canada",BNA,605,605
2026-06-25,AXM,"Armenia, Colombia",JFK,640,640
2026-06-25,ZIH,"Ixtapa, Mexico",LAX,720,720
2026-06-25,NUE,"Nuremberg, Germany",MIA,801,801
2026-06-25,CGO,"Zhengzhou, China",SFO,806,806
2026-06-25,SHA,"Shanghai, China",LAX,820,820
2026-06-25,WUH,"Wuhan, China",SFO,821,821
2026-06-25,RZE,"Rzeszow, Poland",ORD,838,838
2026-06-25,YZF,"Yellowknife, Canada",ORD,862,862
2026-06-25,HBE,"Alexandria, Egypt",BOS,867,867
2026-06-25,HAJ,"Hannover, Germany",DTW,885,885
2026-06-25,XRY,"Jerez de la Forntera, Spain",MIA,910,910
2026-06-25,CBB,"Cochabamba, Bolivia",LAX,953,953
2026-06-25,PNT,"Puerto Natales, Chile",FLL,1001,1001
2026-06-25,CUK,"Caye Caulker, Belize",SFO,1003,1003
2026-06-25,VRA,"Varadero, Cuba",SFO,1007,1007
2026-06-25,CLJ,"Cluj-Napoca, Romania",SFO,1035,1035
2026-06-25,SZX,"Shenzhen, China",ORD,1140,1140
2026-06-25,IGD,"Igdir, Türkiye",DFW,1203,1203
2026-06-25,PAS,"Paros Island, Greece",MIA,1217,1217
2026-06-25,NBJ,"Luanda, Angola",SEA,1244,1244
2026-06-25,CCP,"Concepcion, Chile",SLC,1290,1290
2026-06-25,DSS,"Diass, Senegal",CLT,1387,1387
2026-06-25,LWN,"Gyumri, Armenia",SFO,1719,1719
2026-06-25,USH,"Ushuahia, Argentina",SFO,1758,1758
2026-06-25,NMA,"Namangan, Uzbekistan",PIT,1807,1807
2026-06-25,KJA,"Krasnoyarsk, Russia",LAS,1960,1960
2026-06-25,UUD,"Ulan Ude, Russia",SEA,2652,2652
2026-06-25,YLW,"Kelowna, Canada",PHX,320,320
2026-06-25,ELH,"North Eleuthera, Bahamas",MIA,379,379
2026-06-25,YHZ,"Halifax, Canada",PHL,402,402
2026-06-25,CUU,"Chihuahua, Mexico",DEN,406,406
2026-06-25,YHU,"Longueuil, Canada",BWI,532,532
2026-06-25,PBC,"Puebla, Mexico",DEN,542,542
2026-06-25,BGA,"Bucaramanga, Colombia",JFK,548,548
2026-06-25,TRC,"Torreon, Mexico",DEN,553,553
2026-06-25,REX,"Reynosa, Mexico",ORD,575,575
2026-06-25,YXU,"London, Canada",ORD,580,580
2026-06-25,JTR,"Santorini Island, Greece",JFK,595,595
2026-06-25,CZM,"Cozumel, Mexico",DEN,607,607
2026-06-25,EIS,"Road Town, Virgin Islands",MCO,636,636
2026-06-25,AQP,"Arequipa, Peru",MCO,688,688
2026-06-25,CIX,"Chiclayo, Peru",SFO,695,695
2026-06-25,TRF,"Torp, Norway",SFO,721,721
2026-06-25,FMO,"Munster, Germany",DTW,762,762
2026-06-25,IAS,"Iasi, Romania",LGA,764,764
2026-06-25,VGO,"Vigo, Spain",ORD,779,779
2026-06-25,TOS,"Tromsø, Norway",MSP,783,783
2026-06-25,PTP,"Pointe-a-Pitre Le Raizet, Guadeloupe",AUS,791,791
2026-06-25,SHE,"Shenyang, China",SFO,813,813
2026-06-25,BOC,"Isla Colon, Panama",DFW,829,829
2026-06-25,SUF,"Lamezia Terme, Italy",IAH,835,835
2026-06-25,GMP,"Seoul, South Korea",HNL,881,881
2026-06-25,TER,"Lajes, Portugal",SFO,892,892
2026-06-25,MUX,"Multan, Pakistan",DTW,907,907
2026-06-25,PSA,"Pisa, Italy",BOS,933,933
2026-06-25,XSC,"South Caicos Airport, Turks and Caicos Islands",IAH,977,977
2026-06-25,LBA,"Leeds, UK",ATL,983,983
2026-06-25,SBH,"Gustavia, Saint Barthélemy",MIA,1040,1040
2026-06-25,EFL,"Kefallinia Island, Greece",PHX,1053,1053
2026-06-25,MGF,"Maringa, Brazil",BOS,1058,1058
2026-06-25,MJI,"Tripoli, Libya",ATL,1085,1085
2026-06-25,ADZ,"San Andres, Colombia",FLL,1093,1093
2026-06-25,PEG,"Perugia, Italy",ORD,1096,1096
2026-06-25,HGA,"Hargeisa, Somalia",ATL,1143,1143
2026-06-25,NGO,"Tokoname, Japan",CLT,1167,1167
2026-06-25,SCO,"Aktau, Kazakhstan",ORD,1179,1179
2026-06-25,PFO,"Paphos, Cyprus",PDX,1193,1193
2026-06-25,CRL,"Brussels, Belgium",DFW,1201,1201
2026-06-25,LYP,"Faisalabad, Pakistan",SMF,1218,1218
2026-06-25,SJZ,"Velas, Portugal",SFO,1222,1222
2026-06-25,WEH,"Weihai, China",SEA,1240,1240
2026-06-25,MOC,"Montes Claros, Brazil",MSP,1257,1257
2026-06-25,CFE,"Clermont-Ferrand/Auvergne, France",MIA,1315,1315
2026-06-25,NEV,"Charlestown, Saint Kitts and Nevis",STL,1344,1344
2026-06-25,BDS,"Brindisi, Italy",DTW,1352,1352
2026-06-25,XIY,"Xianyang, China",CVG,1352,1352
2026-06-25,VLN,"Valencia, Venezuela",DFW,1357,1357
2026-06-25,LEJ,"Leipzig, Germany",ANC,1382,1382
2026-06-25,APW,"Apia, Samoa",PHX,1399,1399
2026-06-25,BLA,"Barcelona, Venezuela",BOS,1445,1445
2026-06-25,TSN,"Tianjin, China",PHX,1474,1474
2026-06-25,CEI,"Chiang Rai, Thailand",IAH,1476,1476
2026-06-25,KKN,"Kirkenes, Norway",ORD,1500,1500
2026-06-25,SPR,SPR,MIA,1565,1565
2026-06-25,MQM,"Mardin, Türkiye",BOS,1659,1659
2026-06-25,CJU,"Jeju City, South Korea",CLT,1663,1663
2026-06-25,WDH,"Windhoek, Namibia",MIA,1689,1686
2026-06-25,KRS,"Kjevik, Norway",BNA,1765,1765
2026-06-25,GUW,"Atyrau, Kazakhstan",IND,1794,1794
2026-06-25,BLZ,"Blantyre, Malawi",CMH,1841,1841
2026-06-25,CIT,"Shymkent, Kazakhstan",SFO,1893,1893
2026-06-25,KGF,"Karaganda, Kazakhstan",MIA,2007,2007
2026-06-25,URA,"Uralsk, Kazakhstan",MSP,2011,2011
2026-06-25,NDJ,"N'Djamena, Chad",IND,2061,2061
2026-06-25,OSS,"Osh, Kyrgyzstan",DFW,2151,2151
2026-06-25,FBM,"Lubumbashi, Congo",IND,2238,2238
2026-06-25,YKF,"Waterloo, Canada",MDW,2265,2265
2026-06-25,BAX,"Barnaul, Russia",MIA,2311,2311
2026-06-25,YBP,"Yibin, China",DFW,2384,2384
2026-06-25,LBD,"Khudzhand, Tajikistan",DFW,2441,2441
2026-06-25,NGS,"Nagasaki, Japan",ATL,2575,2575
2026-06-25,MGQ,"Mogadishu, Somalia",SEA,2596,2596
2026-06-25,ASF,"Astrakhan, Russia",BOS,2740,2740
2026-06-25,IKU,"Tamchy, Kyrgyzstan",PDX,2946,2946
2026-06-25,GVN,"Sovetskaya Gavan, Russia",SNA,3142,3142
2026-06-25,ITU,ITU,ATL,3316,3316
2026-06-25,URC,"Urumqi, China",SNA,4838,4838
2026-06-25,SDQ,"Santo Domingo, Dom. Rep.",EWR,190,188
2026-06-25,SAL,San Salvador,LGA,187,185
2026-06-25,FCO,"Rome, Italy",LAX,460,454
2026-06-25,BCN,"Barcelona, Spain",ORD,484,480
2026-06-25,LIS,"Lisbon, Portugal",JFK,614,606
2026-06-25,GRU,"Sao Paulo, Brazil",MIA,446,443
2026-06-25,FLR,"Florence, Italy",BOS,764,755
2026-06-25,HKT,"Phuket, Thailand",LAX,768,759
2026-06-25,ICN,"Seoul, South Korea",SFO,672,664
2026-06-25,JNB,"Johannesburg, S. Africa",IAH,844,837
2026-06-25,CPT,"Cape Town, S. Africa",ORD,1254,1241
2026-06-25,TAS,"Tashkent, Uzbekistan",LAX,743,738
2026-06-25,NQZ,"Astana, Kazakhstan",IAH,1134,1128
2026-06-25,KZN,"Kazan, Russia",FLL,1390,1382
2026-06-25,PVR,"Puerto Vallarta, Mexico",LAX,315,313
2026-06-25,TQO,"Tulum, Mexico",LGA,411,406
2026-06-25,ALC,"Alicante, Spain",BOS,609,605
2026-06-25,NLU,"Reyes Acozac, Mexico",LAX,278,274
2026-06-25,POA,"Porto Alegre, Brazil",BOS,716,712
2026-06-25,ZIA,"Zhukovsky, Russia",IAD,1505,1485
2026-06-25,ISU,"Sulaymaniyah, Iraq",DCA,1143,1136
2026-06-25,YWG,"Winnipeg, Canada",LGA,427,423
2026-06-25,LLW,"Lilongwe, Malawi",ORD,1263,1254
2026-06-25,TAO,"Qingdao, China",MIA,1554,1545
2026-06-25,TAB,"Scarborough, Trinidad and Tobago",JFK,518,514
2026-06-25,PMO,"Palermo, Italy",ORD,851,843
2026-06-25,ATH,"Athens, Greece",JFK,533,521
2026-06-25,VNO,"Vilnius, Lithuania",LAX,546,536
2026-06-25,CAI,"Cairo, Egypt",IAD,634,624
2026-06-25,OTP,"Bucharest, Romania",MIA,670,660
2026-06-25,DPS,"Bali, Indonesia",SEA,815,798
2026-06-25,NCE,"Nice, France",MIA,772,754
2026-06-25,COK,"Kochi, India",MIA,1167,1139
2026-06-25,PPT,"Papeete, Tahiti",SFO,821,807
2026-06-25,USM,"Koh Samui, Thailand",DFW,1548,1522
2026-06-25,CNX,"Chiang Mai, Thailand",SFO,1769,1741
2026-06-25,ORY,"Paris, France",JFK,474,466
2026-06-25,DYU,"Dushanbe, Tajikistan",ORD,1282,1263
2026-06-25,VCP,"Campinas, Brazil",FLL,604,591
2026-06-25,FIH,"Kinshasa, Congo",DFW,915,899
2026-06-25,DLA,"Douala, Cameroon",DTW,1246,1221
2026-06-25,CAP,"Cap Haitien, Haiti",FLL,622,611
2026-06-25,MRV,"Mineralnyye Vody, Russia",MIA,1680,1645
2026-06-25,BPS,"Porto Seguro, Brazil",PHL,1037,1014
2026-06-25,ADB,"Izmir, Türkiye",IAD,910,894
2026-06-25,UGC,"Urgench, Uzbekistan",ORD,1321,1298
2026-06-25,NJF,"Najaf, Iraq",MSP,1445,1412
2026-06-25,CSX,"Changsha, China",CLT,1919,1884
2026-06-25,AUA,Aruba,TPA,242,234
2026-06-25,BKK,"Bangkok, Thailand",SFO,662,641
2026-06-25,TPE,"Taipei, Taiwan",ORD,731,711
2026-06-25,SSA,"Salvador, Brazil",MSY,1095,1065
2026-06-25,POP,"Puerto Plata, Dominican Republic",MIA,428,416
2026-06-25,SVD,"Argyle, Saint Vincent and the Grenadines",EWR,389,377
2026-06-25,SNU,"Santa Clara, Cuba",MIA,362,351
2026-06-25,GYN,"Goiania, Brazil",BNA,907,881
2026-06-25,SLP,"San Luis Potosi, Mexico",DFW,441,429
2026-06-25,HER,"Heraklion, Greece",BOS,950,926
2026-06-25,SVG,"Stavanger, Norway",ATL,883,861
2026-06-25,JMK,"Mykonos Island, Greece",LAX,966,942
2026-06-25,OGZ,"Beslan, Russia",CLT,1683,1629
2026-06-25,SJU,"San Juan, Puerto Rico",TPA,145,140
2026-06-25,FLN,"Florianopolis, Brazil",BOS,971,931
2026-06-25,SIN,Singapore,SFO,678,649
2026-06-25,EBL,"Arbil, Iraq",SAN,921,888
2026-06-25,BJM,"Bujumbura, Burundi",LAX,1053,1009
2026-06-25,YDF,"Deer Lake, Canada",IND,751,721
2026-06-25,BPN,"Balikpapan, Borneo Island, Indonesia",CLT,1970,1898
2026-06-25,MDE,"Medellin, Colombia",FLL,252,240
2026-06-25,SJD,"Los Cabos, Mexico",EWR,264,251
2026-06-25,LOS,"Lagos, Nigeria",IND,925,881
2026-06-25,HND,"Tokyo, Japan",SFO,829,789
2026-06-25,LTN,"London, UK",LGA,787,753
2026-06-25,SKG,"Thessaloniki, Greece",DTW,671,640
2026-06-25,BOG,"Bogota, Colombia",AUS,271,255
2026-06-25,BGI,"Bridgetown, Barbados",DCA,457,430
2026-06-25,AEP,"Buenos Aires, Argentina",MIA,627,593
2026-06-25,DLM,"Dalaman, Türkiye",ORD,1381,1305
2026-06-25,PLS,"Providenciales, Turks",JFK,436,407
2026-06-25,MAA,"Chennai, India",ORD,1097,1021
2026-06-25,HYD,"Hyderabad, India",ORD,988,924
2026-06-25,CEK,"Chelyabinsk, Russia",IAH,1735,1617
2026-06-25,SKP,"Skopje, North Macedonia",CVG,711,665
2026-06-25,IBZ,"Ibiza, Spain",IAD,845,793
2026-06-25,OKA,"Okinawa, Japan",SFO,979,909
2026-06-25,GOT,"Gothenburg, Sweden",SFO,730,676
2026-06-25,CUE,"Cuenca, Ecuador",ATL,570,528
2026-06-25,VXE,"Sao Pedro, Cabo Verde",BOS,1416,1311
2026-06-25,GOX,"Mopa, India",SNA,1767,1642
2026-06-25,MPM,"Maputo, Mozambique",MSP,2405,2237
2026-06-25,QRO,"Queretaro, Mexico",RDU,279,257
2026-06-25,LIN,"Milan, Italy",LAX,806,741
2026-06-25,ASU,"Asuncion, Paraguay",MIA,908,834
2026-06-25,CGK,"Jakarta, Indonesia",PHX,1291,1173
2026-06-25,CRK,"Angeles City, Philippines",LAX,914,829
2026-06-25,SVQ,"Seville, Spain",STL,1069,965
2026-06-25,GGT,"George Town, Bahamas",MIA,558,492
2026-06-25,NVT,"Navegantes, Brazil",BOS,1627,1433
2026-06-25,KUT,"Kutaisi, Georgia",OAK,1804,1550
2026-06-25,ABV,"Abuja, Nigeria",TPA,1937,1665
2026-06-25,EOH,"Medellin, Colombia",DFW,815,646
2026-06-25,CUC,"Cucuta, Colombia",IND,846,600
2026-06-25,DVO,"Davao City, Philippines",SFO,931,1440
2026-06-25,PUJ,"Punta Cana, Dom. Rep.",MIA,128,154
2026-06-25,PEK,"Beijing, China",SEA,510,616
2026-06-25,SCU,"Santiago, Cuba",MIA,697,842
2026-06-25,VTE,"Vientiane, Laos",SEA,1148,1385
2026-06-25,REC,"Recife, Brazil",MIA,771,921
2026-06-25,OUA,"Ouagadougou, Burkina Faso",JFK,654,772
2026-06-25,TAM,"Tampico, Mexico",ATL,591,693
2026-06-25,BLR,"Bangalore, India",IAD,879,1017
2026-06-25,YEG,"Edmonton, Canada",SLC,274,318
2026-06-25,UIO,"Quito, Ecuador",JFK,298,343
2026-06-25,AXA,"The Valley, Anguilla",MIA,647,741
2026-06-25,RUH,"Riyadh, Saudi Arabia",IAD,1048,1193
2026-06-25,TGD,"Podgorica, Montenegro",ORD,559,628
2026-06-25,CTG,"Cartagena, Colombia",FLL,223,249
2026-06-25,ESB,"Ankara, Türkiye",IAD,894,995
2026-06-25,MNL,"Manila, Philippines",LAX,495,543
2026-06-25,AGU,"Aguascalientes, Mexico",DFW,386,422
2026-06-25,GYE,"Guayaquil, Ecuador",JFK,234,254
2026-06-25,TLL,"Tallinn, Estonia",EWR,533,582
2026-06-25,BIM,"South Bimini, Bahamas",IND,394,430
2026-06-25,MAD,"Madrid, Spain",EWR,397,429
2026-06-25,HAV,"Havana, Cuba",MIA,184,198
2026-06-25,GCM,Grand Cayman,IAD,383,406
2026-06-25,BER,"Berlin, Germany",JFK,583,621
2026-06-25,ZRH,"Zurich, Switzerland",BWI,577,611
2026-06-25,ACC,"Accra, Ghana",IAD,954,1012
2026-06-25,UBN,"Ulaanbaatar, Mongolia",ORD,786,836
2026-06-25,HAM,"Hamburg, Germany",JFK,621,657
2026-06-25,KUL,"Kuala Lumpur, Malaysia",SFO,702,737
2026-06-25,MEL,"Melbourne, Australia",DTW,981,1036
2026-06-25,SYD,"Sydney, Australia",LAX,741,776
2026-06-25,VIX,"Vitoria, Brazil",BOS,596,628
2026-06-25,PTY,"Panama City, Panama",JFK,269,279
2026-06-25,GIG,"Rio de Janeiro, Brazil",TPA,431,449
2026-06-25,RIX,"Riga, Latvia",JFK,542,563
2026-06-25,MLE,"Male, Maldives",MSY,917,958
2026-06-25,GVA,"Geneva, Switzerland",MCO,477,499
2026-06-25,CEB,"Cebu, Philippines",LAX,591,618
2026-06-25,RMO,"Chișinău, Moldova",EWR,579,602
2026-06-25,MSQ,"Minsk, Belarus",IAD,1471,1525
2026-06-25,CLO,"Cali, Colombia",MCO,234,245
2026-06-25,PDL,"Ponta Delgada, Portugal",BOS,610,634
2026-06-25,CUZ,"Cusco, Peru",BWI,858,898
2026-06-25,BEG,"Belgrade, Serbia",JFK,662,679
2026-06-25,NBO,"Nairobi, Kenya",IAD,722,742
2026-06-25,DOH,"Doha, Qatar",IAD,1501,1554
2026-06-25,NAN,"Nadi, Fiji",LAX,694,712
2026-06-25,STI,"Santiago, Dominican Republic",EWR,197,203
2026-06-25,YTZ,"Toronto, Canada",ORD,195,201
2026-06-25,MTY,"Monterrey, Mexico",DFW,176,181
2026-06-25,STN,"London, UK",SEA,668,689
2026-06-25,TGZ,"Tuxtla Gutierrez, Mexico",IAH,426,439
2026-06-25,INN,"Innsbruck, Austria",AUS,1571,1623
2026-06-25,ROR,"Babelthuap Island, Palau",HNL,2380,2462
2026-06-25,MEX,"Mexico City, Mexico",IAH,165,168
2026-06-25,UVF,St. Lucia,JFK,499,510
2026-06-25,YYZ,"Toronto, Canada",FLL,203,208
2026-06-25,VLC,"Valencia, Spain",BOS,664,678
2026-06-25,EVN,"Yerevan, Armenia",BOS,727,739
2026-06-25,HRG,"Hurghada, Egypt",LAX,973,988
2026-06-25,CGN,"Cologne, Germany",ORD,836,852
2026-06-25,SVO,"Moscow, Russia",MIA,1145,1167
2026-06-25,BSZ,"Bishkek, Kyrgyzstan",ORD,1025,1045
2026-06-25,BRI,"Bari, Italy",IAD,774,786
2026-06-25,TFU,"Tianfu, China",DCA,1649,1690
2026-06-25,ARN,"Stockholm, Sweden",JFK,408,411
2026-06-25,AGP,"Malaga, Spain",JFK,579,586
2026-06-25,SAW,"Istanbul, Türkiye",JFK,662,668
2026-06-25,BUS,"Batumi, Georgia",IAD,913,921
2026-06-25,SKD,"Samarkand, Uzbekistan",IAD,1047,1054
2026-06-25,CNF,"Belo Horizonte, Brazil",BOS,411,415
2026-06-25,KTI,"Krong Ta Khmau, Cambodia",LAX,735,742
2026-06-25,SHJ,"Sharjah, UAE",ATL,809,819
2026-06-25,AMD,"Ahmedabad, India",IAD,929,936
2026-06-25,GZP,"Gazipasa, Türkiye",BWI,1074,1083
2026-06-25,SNN,"Shannon, Ireland",EWR,630,636
2026-06-25,RHO,"Rodes Island, Greece",LAX,925,930
2026-06-25,ALG,"Algiers, Algeria",BOS,750,756
2026-06-25,RAI,"Praia, Cabo Verde",BOS,891,901
2026-06-25,YQB,"Quebec City, Canada",SAN,457,463
2026-06-25,FNC,"Funchal, Portugal",SFO,1113,1126
2026-06-25,WMI,"Warsaw, Poland",ORD,679,689
2026-06-25,HOR,"Horta, Portugal",BOS,797,808
2026-06-25,PVH,"Porto Velho, Brazil",MCO,948,953
2026-06-25,SID,"Espargos, Cabo Verde",FLL,1422,1441
2026-06-25,STW,"Stavropol, Russia",SFO,2361,2390
2026-06-25,KIN,"Kingston, Jamaica",JFK,246,246
2026-06-25,GUA,Guatemala City,MIA,190,190
2026-06-25,MBJ,"Montego Bay, Jamaica",TPA,217,217
2026-06-25,CUN,"Cancun, Mexico",ATL,166,166
2026-06-25,NAS,"Nassau, Bahamas",MIA,266,266
2026-06-25,KEF,"Reykjavik, Iceland",ORD,394,394
2026-06-25,YVR,"Vancouver, Canada",LAX,163,163
2026-06-25,POS,"Port of Spain, Trinidad",FLL,317,317
2026-06-25,SJO,"San Jose, Costa Rica",MIA,207,207
2026-06-25,CUR,Curacao,EWR,345,346
2026-06-25,YYC,"Calgary, Canada",SAN,270,269
2026-06-25,VIE,"Vienna, Austria",JFK,459,459
2026-06-25,OSL,"Oslo, Norway",JFK,465,464
2026-06-25,BUD,"Budapest, Hungary",EWR,483,483
2026-06-25,CDG,"Paris, France",EWR,464,464
2026-06-25,DUB,"Dublin, Ireland",ORD,457,458
2026-06-25,LIM,"Lima, Peru",MIA,397,398
2026-06-25,SXM,St. Maarten,LGA,468,467
2026-06-25,AMS,"Amsterdam, Netherlands",JFK,527,527
2026-06-25,FRA,"Frankfurt, Germany",JFK,532,534
2026-06-25,MXP,"Milan, Italy",SFO,501,501
2026-06-25,MGA,"Managua, Nicaragua",MIA,299,299
2026-06-25,ANU,Antigua,JFK,538,538
2026-06-25,DXB,"Dubai, UAE",JFK,550,550
2026-06-25,WAW,"Warsaw, Poland",IAD,470,470
2026-06-25,IST,"Istanbul, Turkey",JFK,561,561
2026-06-25,CMN,"Casablanca, Morocco",LGA,540,540
2026-06-25,CPH,"Copenhagen, Denmark",RDU,466,466
2026-06-25,KRK,"Krakow, Poland",JFK,587,587
2026-06-25,VCE,"Venice, Italy",EWR,587,587
2026-06-25,LHR,"London, UK",BWI,482,482
2026-06-25,OPO,"Porto, Portugal",BOS,568,570
2026-06-25,SOF,"Sofia, Bulgaria",JFK,640,643
2026-06-25,TBS,"Tbilisi, Georgia",JFK,642,642
2026-06-25,HEL,"Helsinki, Finland",MSP,529,528
2026-06-25,MUC,"Munich, Germany",JFK,647,648
2026-06-25,TUN,"Tunis, Tunisia",JFK,658,658
2026-06-25,YUL,"Montreal, Canada",BOS,217,217
2026-06-25,PRG,"Prague, Czechia",LAX,581,581
2026-06-25,FPO,"Freeport, Bahamas",FLL,410,410
2026-06-25,SSH,"Sharm El Sheikh, Egypt",EWR,667,667
2026-06-25,GND,Grenada,MIA,674,674
2026-06-25,RAK,"Marrakech, Morocco",BOS,628,628
2026-06-25,NAP,"Naples, Italy",LAX,743,743
2026-06-25,BOM,"Mumbai, India",BOS,854,854
2026-06-25,BRU,"Brussels, Belgium",BWI,528,527
2026-06-25,ADD,"Addis Ababa, Ethiopia",BOS,966,966
2026-06-25,JED,"Jeddah, Saudi Arabia",ORD,722,722
2026-06-25,SGN,"Ho Chi Minh, Vietnam",LAX,618,615
2026-06-25,GYD,"Baku, Azerbaijan",IAD,946,946
2026-06-25,HKG,Hong Kong,SFO,634,634
2026-06-25,KTM,"Kathmandu, Nepal",HNL,1066,1066
2026-06-25,CAN,"Guangzhou, China",SFO,640,640
2026-06-25,BZE,"Belize City, Belize",IAD,334,334
2026-06-25,STT,"St. Thomas, USVI",MIA,389,389
2026-06-25,EZE,"Buenos Aires, Argentina",AUS,529,529
2026-06-25,MAN,"Manchester, UK",IAD,686,686
2026-06-25,DEL,"Delhi, India",IAD,783,783
2026-06-25,PVG,"Shanghai, China",LAX,617,617
2026-06-25,LIR,"Liberia, Costa Rica",PDX,338,338
2026-06-25,NRT,"Tokyo, Japan",HNL,644,644
2026-06-25,DBV,"Dubrovnik, Croatia",ATL,617,617
2026-06-25,BLQ,"Bologna, Italy",ATL,648,649
2026-06-25,ZAG,"Zagreb, Croatia",CLE,668,668
2026-06-25,GLA,"Glasgow, Scotland",ATL,710,710
2026-06-25,SCL,"Santiago, Chile",MCO,355,355
2026-06-25,EDI,"Edinburgh, Scotland",ORD,673,673
2026-06-25,FOR,"Fortaleza, Brazil",MIA,753,750
2026-06-25,ZNZ,"Zanzibar, Tanzania",ORD,918,918
2026-06-25,MBA,"Mombasa, Kenya",ATL,1339,1339
2026-06-25,DAD,"Da Nang, Vietnam",SFO,743,744
2026-06-25,GOI,"Goa, India",ATL,2295,2295
2026-06-25,AUH,"Abu Dhabi, UAE",MIA,912,912
2026-06-25,BNE,"Brisbane, Australia",LAX,718,718
2026-06-25,HAN,"Hanoi, Vietnam",LAX,786,786
2026-06-25,AKL,"Auckland, New Zealand",DFW,701,701
2026-06-25,MRS,"Marseille, France",ORD,765,765
2026-06-25,FAO,"Faro, Portugal",ORD,906,906
2026-06-25,CMB,"Colombo, Sri Lanka",ORD,1073,1073
2026-06-25,KIX,"Osaka, Japan",LAX,861,862
2026-06-25,MRU,Mauritius,ORD,1572,1572
2026-06-25,TGU,"Tegucigalpa, Honduras",RDU,932,932
2026-06-25,KWI,Kuwait City,DEN,1115,1115
2026-06-25,LYS,"Lyon, France",LAX,1061,1061
2026-06-25,ZQN,"Queenstown, NZ",IND,1606,1606
2026-06-25,VKO,"Moscow, Russia",IAD,1165,1169
2026-06-25,LED,"St. Petersburg, Russia",IAD,1211,1211
2026-06-25,ALA,"Almaty, Kazakhstan",LAX,797,797
2026-06-25,DME,"Moscow, Russia",ORD,1215,1215
2026-06-25,LGW,"London, UK",MCO,391,391
2026-06-25,GDL,"Guadalajara, Mexico",LAX,245,245
2026-06-25,BJX,"Silao, Mexico",IAH,249,249
2026-06-25,SAP,"La Mesa, Honduras",MIA,268,268
2026-06-25,AYT,"Antalya, Türkiye",BOS,705,706
2026-06-25,TIV,"Tivat, Montenegro",SEA,975,975
2026-06-25,XPL,"Comayagua, Honduras",MCO,358,358
2026-06-25,LHE,"Lahore, Pakistan",SFO,780,780
2026-06-25,ISB,"Islamabad, Pakistan",IAD,631,631
2026-06-25,FOC,"Fuzhou, China",IAD,1056,1056
2026-06-25,UFA,"Ufa, Russia",BOS,1401,1401
2026-06-25,PMI,"Palma De Mallorca, Spain",ATL,644,643
2026-06-25,MLM,"Morelia, Mexico",LAX,236,236
2026-06-25,TIA,"Tirana, Albania",JFK,517,517
2026-06-25,SVX,"Yekaterinburg, Russia",SEA,1508,1508
2026-06-25,BGW,"Baghdad, Iraq",ORD,823,823
2026-06-25,OVB,"Novosibirsk, Russia",DEN,1552,1552
2026-06-25,TLC,"Toluca, Mexico",IAH,250,250
2026-06-25,CCS,"Caracas, Venezuela",MIA,422,422
2026-06-25,BVA,"Beauvais/Tille, France",JFK,620,620
2026-06-25,VVI,"Santa Cruz, Bolivia",IAD,710,710
2026-06-25,OAX,"Oaxaca, Mexico",LAX,207,207
2026-06-25,BSB,"Brasilia, Brazil",MIA,387,387
2026-06-25,PRN,Lipjan,IAD,684,684
2026-06-25,AER,"Sochi, Russia",MIA,1151,1151
2026-06-25,BAQ,"Barranquilla, Colombia",MIA,258,258
2026-06-25,MED,"Medina, Saudi Arabia",ORD,854,854
2026-06-25,CFU,"Kerkyra Island, Greece",BOS,959,959
2026-06-25,CXR,"Nha Trang, Vietnam",SFO,1072,1072
2026-06-25,KHI,"Karachi, Pakistan",JFK,649,649
2026-06-25,DAC,"Dhaka, Bangladesh",ATL,857,857
2026-06-25,MID,"Merida, Mexico",OAK,323,323
2026-06-25,GEO,"Georgetown, Guyana",MIA,330,330
2026-06-25,BDA,"Hamilton, Bermuda",JFK,359,359
2026-06-25,MVD,"Montevideo, Uruguay",IAD,476,476
2026-06-25,RTB,"Roatan Island, Honduras",JFK,616,616
2026-06-25,CIA,"Roma, Italy",BWI,778,778
2026-06-25,KBL,"Kabul, Afghanistan",IAD,861,861
2026-06-25,ROB,"Monrovia, Liberia",CMH,1376,1376
2026-06-25,HOG,"Holguin, Cuba",SAT,517,517
2026-06-25,SDU,"Rio De Janeiro, Brazil",EWR,695,697
2026-06-25,DAR,"Dar es Salaam, Tanzania",IAD,939,939
2026-06-25,SEZ,"Mahe Island, Seychelles",ORD,1403,1403
2026-06-25,MZT,"Mazatlan, Mexico",SAT,368,368
2026-06-25,PEI,"Pereira, Colombia",MCO,459,460
2026-06-25,EBB,"Kampala, Uganda",ATL,808,808
2026-06-25,NSI,"Yaounde, Cameroon",SAT,1410,1410
2026-06-25,VVO,"Vladivostok, Russia",SEA,1510,1510
2026-06-25,VER,"Veracruz, Mexico",DFW,345,345
2026-06-25,HHN,"Hahn, Germany",IAD,754,757
2026-06-25,LFW,"Lome, Togo",IAD,1122,1122
2026-06-25,CGR,"Campo Grande, Brazil",BWI,1172,1172
2026-06-25,HRE,"Harare, Zimbabwe",ORD,1280,1280
2026-06-25,FNA,"Freetown, Sierra Leone",IAH,1407,1407
2026-06-25,KUF,"Samara, Russia",AUS,1661,1661
2026-06-25,KHV,"Khabarovsk, Russia",MIA,2438,2435
2026-06-25,YXE,"Saskatoon, Canada",LGA,507,507
2026-06-25,CWB,"Curitiba, Brazil",CLT,630,630
2026-06-25,PKX,"Beijing, China",LAX,669,669
2026-06-25,RBA,"Rabat, Morocco",MCO,690,690
2026-06-25,PVK,"Preveza/Lefkada, Greece",BOS,742,742
2026-06-25,SJJ,"Sarajevo, Bosnia and Herzegovina",LAX,793,795
2026-06-25,BJV,"Bodrum, Türkiye",ORD,982,982
2026-06-25,BOB,"Motu Mute, French Polynesia",LAX,1020,1020
2026-06-25,KTW,"Katowice, Poland",MSP,1296,1296
2026-06-25,ABJ,"Abidjan, Côte d'Ivoire",IAH,1944,1944
2026-06-25,MAR,"Maracaibo, Venezuela",MIA,279,279
2026-06-25,XMN,"Xiamen, China",SFO,739,739
2026-06-25,CKG,"Chongqing, China",SFO,883,883
2026-06-25,SYX,"Sanya, China",LAX,900,900
2026-06-25,BOJ,"Burgas, Bulgaria",MIA,905,905
2026-06-25,BSR,"Basrah, Iraq",PDX,942,942
2026-06-25,LCA,"Larnarca, Cyprus",ORD,970,966
2026-06-25,PQC,"Duong Dong, Vietnam",ORD,1092,1092
2026-06-25,CTM,"Chetumal, Mexico",IAH,348,348
2026-06-25,MHH,"Marsh Harbour, Bahamas",FLL,449,449
2026-06-25,CUL,"Culiacan, Mexico",SEA,453,453
2026-06-25,CMW,"Camaguey, Cuba",AUS,489,489
2026-06-25,TPP,"Tarapoto, Peru",MIA,538,538
2026-06-25,GDN,"Gdańsk, Poland",JFK,612,612
2026-06-25,SKB,"Basseterre, Saint Kitts and Nevis",JFK,619,619
2026-06-25,BON,"Kralendijk, Bonaire",ATL,631,629
2026-06-25,LTO,"Loreto, Mexico",DFW,632,632
2026-06-25,ZLO,"Manzanillo, Mexico",BWI,640,640
2026-06-25,CGH,"Sao Paulo, Brazil",MIA,698,696
2026-06-25,DGO,"Durango, Mexico",MKE,700,700
2026-06-25,OLB,"Olbia, Italy",IAD,701,701
2026-06-25,MLA,"Luqa, Malta",ORD,730,730
2026-06-25,VRN,"Verona, Italy",BOS,796,796
2026-06-25,HAK,"Haikou, China",SFO,878,878
2026-06-25,CCU,"Kolkata, India",IAD,1013,1013
2026-06-25,SOU,"Southampton, UK",IAD,1045,1045
2026-06-25,PZU,"Port Sudan, Sudan",SFO,1072,1072
2026-06-25,RMI,"Rimini, Italy",DCA,1092,1092
2026-06-25,COV,"Tarsus, Türkiye",IAH,1173,1173
2026-06-25,TSR,"Timisoara, Romania",IAD,1175,1175
2026-06-25,COO,"Cotonou, Benin",IAH,1223,1223
2026-06-25,KSN,"Kostanay, Kazakhstan",MIA,1316,1316
2026-06-25,IKT,"Irkutsk, Russia",BOS,1322,1322
2026-06-25,LPB,"La Paz / El Alto, Bolivia",BWI,1378,1378
2026-06-25,KRR,"Krasnodar, Russia",DFW,1412,1412
2026-06-25,DUR,"Durban, South Africa",IAD,1415,1410
2026-06-25,NIM,"Niamey, Niger",IND,1656,1656
2026-06-25,PHC,"Port Harcourt, Nigeria",IAH,1687,1687
2026-06-25,LUN,"Lusaka, Zambia",IAD,1944,1944
2026-06-25,MCX,"Makhachkala, Russia",SFO,2019,2019
2026-06-25,YHM,"Hamilton, Canada",FLL,243,243
2026-06-25,TIJ,"Tijuana, Mexico",LAX,296,296
2026-06-25,YOW,"Ottawa, Canada",CMH,401,401
2026-06-25,BGY,"Bergamo, Italy",BOS,599,599
2026-06-25,YXY,"Whitehorse, Canada",BNA,605,605
2026-06-25,AXM,"Armenia, Colombia",JFK,640,640
2026-06-25,ZIH,"Ixtapa, Mexico",LAX,720,720
2026-06-25,NUE,"Nuremberg, Germany",MIA,801,801
2026-06-25,CGO,"Zhengzhou, China",SFO,806,806
2026-06-25,SHA,"Shanghai, China",LAX,820,820
2026-06-25,WUH,"Wuhan, China",SFO,821,821
2026-06-25,RZE,"Rzeszow, Poland",ORD,838,838
2026-06-25,YZF,"Yellowknife, Canada",ORD,862,862
2026-06-25,HBE,"Alexandria, Egypt",BOS,867,867
2026-06-25,HAJ,"Hannover, Germany",DTW,885,885
2026-06-25,XRY,"Jerez de la Forntera, Spain",MIA,910,910
2026-06-25,CBB,"Cochabamba, Bolivia",LAX,953,953
2026-06-25,PNT,"Puerto Natales, Chile",FLL,1001,1001
2026-06-25,CUK,"Caye Caulker, Belize",SFO,1003,1003
2026-06-25,VRA,"Varadero, Cuba",SFO,1007,1007
2026-06-25,CLJ,"Cluj-Napoca, Romania",SFO,1035,1035
2026-06-25,SZX,"Shenzhen, China",ORD,1140,1140
2026-06-25,IGD,"Igdir, Türkiye",DFW,1203,1203
2026-06-25,PAS,"Paros Island, Greece",MIA,1217,1217
2026-06-25,NBJ,"Luanda, Angola",SEA,1244,1244
2026-06-25,CCP,"Concepcion, Chile",SLC,1290,1290
2026-06-25,DSS,"Diass, Senegal",CLT,1387,1387
2026-06-25,LWN,"Gyumri, Armenia",SFO,1719,1719
2026-06-25,USH,"Ushuahia, Argentina",SFO,1758,1758
2026-06-25,NMA,"Namangan, Uzbekistan",PIT,1807,1807
2026-06-25,KJA,"Krasnoyarsk, Russia",LAS,1960,1960
2026-06-25,UUD,"Ulan Ude, Russia",SEA,2652,2652
2026-06-25,YLW,"Kelowna, Canada",PHX,320,320
2026-06-25,ELH,"North Eleuthera, Bahamas",MIA,379,379
2026-06-25,YHZ,"Halifax, Canada",PHL,402,402
2026-06-25,CUU,"Chihuahua, Mexico",DEN,406,406
2026-06-25,YHU,"Longueuil, Canada",BWI,532,532
2026-06-25,PBC,"Puebla, Mexico",DEN,542,542
2026-06-25,BGA,"Bucaramanga, Colombia",JFK,548,548
2026-06-25,TRC,"Torreon, Mexico",DEN,553,553
2026-06-25,REX,"Reynosa, Mexico",ORD,575,575
2026-06-25,YXU,"London, Canada",ORD,580,580
2026-06-25,JTR,"Santorini Island, Greece",JFK,595,595
2026-06-25,CZM,"Cozumel, Mexico",DEN,607,607
2026-06-25,EIS,"Road Town, Virgin Islands",MCO,636,636
2026-06-25,AQP,"Arequipa, Peru",MCO,688,688
2026-06-25,CIX,"Chiclayo, Peru",SFO,695,695
2026-06-25,TRF,"Torp, Norway",SFO,721,721
2026-06-25,FMO,"Munster, Germany",DTW,762,762
2026-06-25,IAS,"Iasi, Romania",LGA,764,764
2026-06-25,VGO,"Vigo, Spain",ORD,779,779
2026-06-25,TOS,"Tromsø, Norway",MSP,783,783
2026-06-25,PTP,"Pointe-a-Pitre Le Raizet, Guadeloupe",AUS,791,791
2026-06-25,SHE,"Shenyang, China",SFO,813,813
2026-06-25,BOC,"Isla Colon, Panama",DFW,829,829
2026-06-25,SUF,"Lamezia Terme, Italy",IAH,835,835
2026-06-25,GMP,"Seoul, South Korea",HNL,881,881
2026-06-25,TER,"Lajes, Portugal",SFO,892,892
2026-06-25,MUX,"Multan, Pakistan",DTW,907,907
2026-06-25,PSA,"Pisa, Italy",BOS,933,933
2026-06-25,XSC,"South Caicos Airport, Turks and Caicos Islands",IAH,977,977
2026-06-25,LBA,"Leeds, UK",ATL,983,983
2026-06-25,SBH,"Gustavia, Saint Barthélemy",MIA,1040,1040
2026-06-25,EFL,"Kefallinia Island, Greece",PHX,1053,1053
2026-06-25,MGF,"Maringa, Brazil",BOS,1058,1058
2026-06-25,MJI,"Tripoli, Libya",ATL,1085,1085
2026-06-25,ADZ,"San Andres, Colombia",FLL,1093,1093
2026-06-25,PEG,"Perugia, Italy",ORD,1096,1096
2026-06-25,HGA,"Hargeisa, Somalia",ATL,1143,1143
2026-06-25,NGO,"Tokoname, Japan",CLT,1167,1167
2026-06-25,SCO,"Aktau, Kazakhstan",ORD,1179,1179
2026-06-25,PFO,"Paphos, Cyprus",PDX,1193,1193
2026-06-25,CRL,"Brussels, Belgium",DFW,1201,1201
2026-06-25,LYP,"Faisalabad, Pakistan",SMF,1218,1218
2026-06-25,SJZ,"Velas, Portugal",SFO,1222,1222
2026-06-25,WEH,"Weihai, China",SEA,1240,1240
2026-06-25,MOC,"Montes Claros, Brazil",MSP,1257,1257
2026-06-25,CFE,"Clermont-Ferrand/Auvergne, France",MIA,1315,1315
2026-06-25,NEV,"Charlestown, Saint Kitts and Nevis",STL,1344,1344
2026-06-25,BDS,"Brindisi, Italy",DTW,1352,1352
2026-06-25,XIY,"Xianyang, China",CVG,1352,1352
2026-06-25,VLN,"Valencia, Venezuela",DFW,1357,1357
2026-06-25,LEJ,"Leipzig, Germany",ANC,1382,1382
2026-06-25,APW,"Apia, Samoa",PHX,1399,1399
2026-06-25,BLA,"Barcelona, Venezuela",BOS,1445,1445
2026-06-25,TSN,"Tianjin, China",PHX,1474,1474
2026-06-25,CEI,"Chiang Rai, Thailand",IAH,1476,1476
2026-06-25,KKN,"Kirkenes, Norway",ORD,1500,1500
2026-06-25,SPR,SPR,MIA,1565,1565
2026-06-25,MQM,"Mardin, Türkiye",BOS,1659,1659
2026-06-25,CJU,"Jeju City, South Korea",CLT,1663,1663
2026-06-25,WDH,"Windhoek, Namibia",MIA,1689,1686
2026-06-25,KRS,"Kjevik, Norway",BNA,1765,1765
2026-06-25,GUW,"Atyrau, Kazakhstan",IND,1794,1794
2026-06-25,BLZ,"Blantyre, Malawi",CMH,1841,1841
2026-06-25,CIT,"Shymkent, Kazakhstan",SFO,1893,1893
2026-06-25,KGF,"Karaganda, Kazakhstan",MIA,2007,2007
2026-06-25,URA,"Uralsk, Kazakhstan",MSP,2011,2011
2026-06-25,NDJ,"N'Djamena, Chad",IND,2061,2061
2026-06-25,OSS,"Osh, Kyrgyzstan",DFW,2151,2151
2026-06-25,FBM,"Lubumbashi, Congo",IND,2238,2238
2026-06-25,YKF,"Waterloo, Canada",MDW,2265,2265
2026-06-25,BAX,"Barnaul, Russia",MIA,2311,2311
2026-06-25,YBP,"Yibin, China",DFW,2384,2384
2026-06-25,LBD,"Khudzhand, Tajikistan",DFW,2441,2441
2026-06-25,NGS,"Nagasaki, Japan",ATL,2575,2575
2026-06-25,MGQ,"Mogadishu, Somalia",SEA,2596,2596
2026-06-25,ASF,"Astrakhan, Russia",BOS,2740,2740
2026-06-25,IKU,"Tamchy, Kyrgyzstan",PDX,2946,2946
2026-06-25,GVN,"Sovetskaya Gavan, Russia",SNA,3142,3142
2026-06-25,ITU,ITU,ATL,3316,3316
2026-06-25,URC,"Urumqi, China",SNA,4838,4838
2026-06-25,SDQ,"Santo Domingo, Dom. Rep.",EWR,190,188
2026-06-25,SAL,San Salvador,LGA,187,185
2026-06-25,FCO,"Rome, Italy",LAX,460,454
2026-06-25,BCN,"Barcelona, Spain",ORD,484,480
2026-06-25,LIS,"Lisbon, Portugal",JFK,614,606
2026-06-25,GRU,"Sao Paulo, Brazil",MIA,446,443
2026-06-25,OTP,"Bucharest, Romania",MIA,670,661
2026-06-25,FLR,"Florence, Italy",BOS,764,756
2026-06-25,HKT,"Phuket, Thailand",LAX,768,760
2026-06-25,ICN,"Seoul, South Korea",SFO,672,665
2026-06-25,JNB,"Johannesburg, S. Africa",IAH,844,837
2026-06-25,CPT,"Cape Town, S. Africa",ORD,1254,1242
2026-06-25,CNX,"Chiang Mai, Thailand",SFO,1769,1743
2026-06-25,TAS,"Tashkent, Uzbekistan",LAX,743,738
2026-06-25,NQZ,"Astana, Kazakhstan",IAH,1134,1128
2026-06-25,KZN,"Kazan, Russia",FLL,1390,1382
2026-06-25,PVR,"Puerto Vallarta, Mexico",LAX,315,313
2026-06-25,TQO,"Tulum, Mexico",LGA,411,407
2026-06-25,DYU,"Dushanbe, Tajikistan",ORD,1282,1264
2026-06-25,ALC,"Alicante, Spain",BOS,609,605
2026-06-25,NLU,"Reyes Acozac, Mexico",LAX,278,274
2026-06-25,POA,"Porto Alegre, Brazil",BOS,716,712
2026-06-25,ZIA,"Zhukovsky, Russia",IAD,1505,1486
2026-06-25,ISU,"Sulaymaniyah, Iraq",DCA,1143,1137
2026-06-25,YWG,"Winnipeg, Canada",LGA,427,423
2026-06-25,LLW,"Lilongwe, Malawi",ORD,1263,1254
2026-06-25,TAO,"Qingdao, China",MIA,1554,1545
2026-06-25,TAB,"Scarborough, Trinidad and Tobago",JFK,518,514
2026-06-25,PMO,"Palermo, Italy",ORD,851,844
2026-06-25,ATH,"Athens, Greece",JFK,533,522
2026-06-25,VNO,"Vilnius, Lithuania",LAX,546,537
2026-06-25,CAI,"Cairo, Egypt",IAD,634,624
2026-06-25,DPS,"Bali, Indonesia",SEA,815,799
2026-06-25,NCE,"Nice, France",MIA,772,755
2026-06-25,COK,"Kochi, India",MIA,1167,1141
2026-06-25,PPT,"Papeete, Tahiti",SFO,821,808
2026-06-25,USM,"Koh Samui, Thailand",DFW,1548,1524
2026-06-25,ORY,"Paris, France",JFK,474,466
2026-06-25,VCP,"Campinas, Brazil",FLL,604,592
2026-06-25,FIH,"Kinshasa, Congo",DFW,915,900
2026-06-25,DLA,"Douala, Cameroon",DTW,1246,1222
2026-06-25,CAP,"Cap Haitien, Haiti",FLL,622,612
2026-06-25,MRV,"Mineralnyye Vody, Russia",MIA,1680,1647
2026-06-25,BPS,"Porto Seguro, Brazil",PHL,1037,1015
2026-06-25,ADB,"Izmir, Türkiye",IAD,910,895
2026-06-25,HER,"Heraklion, Greece",BOS,950,928
2026-06-25,SVG,"Stavanger, Norway",ATL,883,862
2026-06-25,JMK,"Mykonos Island, Greece",LAX,966,944
2026-06-25,UGC,"Urgench, Uzbekistan",ORD,1321,1299
2026-06-25,NJF,"Najaf, Iraq",MSP,1445,1414
2026-06-25,CSX,"Changsha, China",CLT,1919,1886
2026-06-25,AUA,Aruba,TPA,242,235
2026-06-25,BKK,"Bangkok, Thailand",SFO,662,643
2026-06-25,TPE,"Taipei, Taiwan",ORD,731,713
2026-06-25,SSA,"Salvador, Brazil",MSY,1095,1067
2026-06-25,POP,"Puerto Plata, Dominican Republic",MIA,428,417
2026-06-25,EBL,"Arbil, Iraq",SAN,921,890
2026-06-25,SVD,"Argyle, Saint Vincent and the Grenadines",EWR,389,378
2026-06-25,SNU,"Santa Clara, Cuba",MIA,362,352
2026-06-25,GYN,"Goiania, Brazil",BNA,907,883
2026-06-25,SLP,"San Luis Potosi, Mexico",DFW,441,430
2026-06-25,OGZ,"Beslan, Russia",CLT,1683,1633
2026-06-25,SJU,"San Juan, Puerto Rico",TPA,145,140
2026-06-25,FLN,"Florianopolis, Brazil",BOS,971,934
2026-06-25,SIN,Singapore,SFO,678,651
2026-06-25,BJM,"Bujumbura, Burundi",LAX,1053,1011
2026-06-25,LTN,"London, UK",LGA,787,755
2026-06-25,YDF,"Deer Lake, Canada",IND,751,723
2026-06-25,BPN,"Balikpapan, Borneo Island, Indonesia",CLT,1970,1903
2026-06-25,MDE,"Medellin, Colombia",FLL,252,240
2026-06-25,SJD,"Los Cabos, Mexico",EWR,264,252
2026-06-25,LOS,"Lagos, Nigeria",IND,925,884
2026-06-25,HND,"Tokyo, Japan",SFO,829,791
2026-06-25,AEP,"Buenos Aires, Argentina",MIA,627,596
2026-06-25,SKG,"Thessaloniki, Greece",DTW,671,642
2026-06-25,DLM,"Dalaman, Türkiye",ORD,1381,1310
2026-06-25,BOG,"Bogota, Colombia",AUS,271,256
2026-06-25,BGI,"Bridgetown, Barbados",DCA,457,431
2026-06-25,HYD,"Hyderabad, India",ORD,988,928
2026-06-25,SKP,"Skopje, North Macedonia",CVG,711,668
2026-06-25,IBZ,"Ibiza, Spain",IAD,845,796
2026-06-25,PLS,"Providenciales, Turks",JFK,436,409
2026-06-25,MAA,"Chennai, India",ORD,1097,1026
2026-06-25,OKA,"Okinawa, Japan",SFO,979,914
2026-06-25,CUE,"Cuenca, Ecuador",ATL,570,531
2026-06-25,VXE,"Sao Pedro, Cabo Verde",BOS,1416,1318
2026-06-25,CEK,"Chelyabinsk, Russia",IAH,1735,1625
2026-06-25,GOX,"Mopa, India",SNA,1767,1650
2026-06-25,MPM,"Maputo, Mozambique",MSP,2405,2248
2026-06-25,GOT,"Gothenburg, Sweden",SFO,730,679
2026-06-25,QRO,"Queretaro, Mexico",RDU,279,258
2026-06-25,LIN,"Milan, Italy",LAX,806,745
2026-06-25,ASU,"Asuncion, Paraguay",MIA,908,839
2026-06-25,CGK,"Jakarta, Indonesia",PHX,1291,1181
2026-06-25,SVQ,"Seville, Spain",STL,1069,972
2026-06-25,CRK,"Angeles City, Philippines",LAX,914,834
2026-06-25,GGT,"George Town, Bahamas",MIA,558,496
2026-06-25,NVT,"Navegantes, Brazil",BOS,1627,1446
2026-06-25,KUT,"Kutaisi, Georgia",OAK,1804,1567
2026-06-25,ABV,"Abuja, Nigeria",TPA,1937,1683
2026-06-25,EOH,"Medellin, Colombia",DFW,815,657
2026-06-25,CUC,"Cucuta, Colombia",IND,846,600
2026-06-25,PUJ,"Punta Cana, Dom. Rep.",MIA,128,153
2026-06-25,PEK,"Beijing, China",SEA,510,609
2026-06-25,SCU,"Santiago, Cuba",MIA,697,833
2026-06-25,VTE,"Vientiane, Laos",SEA,1148,1370
2026-06-25,REC,"Recife, Brazil",MIA,771,912
2026-06-25,OUA,"Ouagadougou, Burkina Faso",JFK,654,765
2026-06-25,TAM,"Tampico, Mexico",ATL,591,687
2026-06-25,BLR,"Bangalore, India",IAD,879,1009
2026-06-25,YEG,"Edmonton, Canada",SLC,274,315
2026-06-25,UIO,"Quito, Ecuador",JFK,298,340
2026-06-25,AXA,"The Valley, Anguilla",MIA,647,735
2026-06-25,RUH,"Riyadh, Saudi Arabia",IAD,1048,1184
2026-06-25,CTG,"Cartagena, Colombia",FLL,223,247
2026-06-25,HAM,"Hamburg, Germany",JFK,589,655
2026-06-25,TGD,"Podgorica, Montenegro",ORD,559,623
2026-06-25,ESB,"Ankara, Türkiye",IAD,894,989
2026-06-25,TLL,"Tallinn, Estonia",EWR,533,579
2026-06-25,MNL,"Manila, Philippines",LAX,495,540
2026-06-25,AGU,"Aguascalientes, Mexico",DFW,386,420
2026-06-25,BIM,"South Bimini, Bahamas",IND,394,428
2026-06-25,GYE,"Guayaquil, Ecuador",JFK,234,252
2026-06-25,MAD,"Madrid, Spain",EWR,397,427
2026-06-25,HAV,"Havana, Cuba",MIA,184,197
2026-06-25,BER,"Berlin, Germany",JFK,583,619
2026-06-25,UBN,"Ulaanbaatar, Mongolia",ORD,786,833
2026-06-25,GCM,Grand Cayman,IAD,383,404
2026-06-25,ZRH,"Zurich, Switzerland",BWI,577,609
2026-06-25,ACC,"Accra, Ghana",IAD,954,1009
2026-06-25,MEL,"Melbourne, Australia",DTW,981,1033
2026-06-25,VIX,"Vitoria, Brazil",BOS,596,626
2026-06-25,GIG,"Rio de Janeiro, Brazil",TPA,431,448
2026-06-25,RIX,"Riga, Latvia",JFK,542,562
2026-06-25,KUL,"Kuala Lumpur, Malaysia",SFO,702,735
2026-06-25,MLE,"Male, Maldives",MSY,917,955
2026-06-25,GVA,"Geneva, Switzerland",MCO,477,497
2026-06-25,CEB,"Cebu, Philippines",LAX,591,616
2026-06-25,SYD,"Sydney, Australia",LAX,741,774
2026-06-25,RMO,"Chișinău, Moldova",EWR,579,601
2026-06-25,CLO,"Cali, Colombia",MCO,234,244
2026-06-25,CUZ,"Cusco, Peru",BWI,858,895
2026-06-25,PTY,"Panama City, Panama",JFK,269,278
2026-06-25,NBO,"Nairobi, Kenya",IAD,722,741
2026-06-25,DOH,"Doha, Qatar",IAD,1501,1551
2026-06-25,YTZ,"Toronto, Canada",ORD,195,201
2026-06-25,MSQ,"Minsk, Belarus",IAD,1471,1521
2026-06-25,MTY,"Monterrey, Mexico",DFW,176,181
2026-06-25,STN,"London, UK",SEA,668,688
2026-06-25,PDL,"Ponta Delgada, Portugal",BOS,610,632
2026-06-25,TGZ,"Tuxtla Gutierrez, Mexico",IAH,426,438
2026-06-25,INN,"Innsbruck, Austria",AUS,1571,1619
2026-06-25,ROR,"Babelthuap Island, Palau",HNL,2380,2457
2026-06-25,MEX,"Mexico City, Mexico",IAH,165,168
2026-06-25,UVF,St. Lucia,JFK,499,509
2026-06-25,YYZ,"Toronto, Canada",FLL,203,208
2026-06-25,BEG,"Belgrade, Serbia",JFK,662,678
2026-06-25,VLC,"Valencia, Spain",BOS,664,678
2026-06-25,EVN,"Yerevan, Armenia",BOS,727,739
2026-06-25,NAN,"Nadi, Fiji",LAX,694,711
2026-06-25,CGN,"Cologne, Germany",ORD,836,851
2026-06-25,SVO,"Moscow, Russia",MIA,1145,1166
2026-06-25,STI,"Santiago, Dominican Republic",EWR,197,202
2026-06-25,BSZ,"Bishkek, Kyrgyzstan",ORD,1025,1044
2026-06-25,BRI,"Bari, Italy",IAD,774,786
2026-06-25,TFU,"Tianfu, China",DCA,1649,1688
2026-06-25,ARN,"Stockholm, Sweden",JFK,408,411
2026-06-25,AGP,"Malaga, Spain",JFK,579,586
2026-06-25,HRG,"Hurghada, Egypt",LAX,973,987
2026-06-25,SAW,"Istanbul, Türkiye",JFK,662,668
2026-06-25,BUS,"Batumi, Georgia",IAD,913,920
2026-06-25,SKD,"Samarkand, Uzbekistan",IAD,1047,1053
2026-06-25,CNF,"Belo Horizonte, Brazil",BOS,411,415
2026-06-25,KTI,"Krong Ta Khmau, Cambodia",LAX,735,742
2026-06-25,SHJ,"Sharjah, UAE",ATL,809,819
2026-06-25,AMD,"Ahmedabad, India",IAD,929,935
2026-06-25,GZP,"Gazipasa, Türkiye",BWI,1074,1082
2026-06-25,SNN,"Shannon, Ireland",EWR,630,636
2026-06-25,RHO,"Rodes Island, Greece",LAX,925,930
2026-06-25,ALG,"Algiers, Algeria",BOS,750,755
2026-06-25,RAI,"Praia, Cabo Verde",BOS,891,900
2026-06-25,YQB,"Quebec City, Canada",SAN,457,463
2026-06-25,FNC,"Funchal, Portugal",SFO,1113,1125
2026-06-25,WMI,"Warsaw, Poland",ORD,679,689
2026-06-25,HOR,"Horta, Portugal",BOS,797,807
2026-06-25,SID,"Espargos, Cabo Verde",FLL,1422,1440
2026-06-25,STW,"Stavropol, Russia",SFO,2361,2388
2026-06-25,KIN,"Kingston, Jamaica",JFK,246,246
2026-06-25,GUA,Guatemala City,MIA,190,190
2026-06-25,MBJ,"Montego Bay, Jamaica",TPA,217,217
2026-06-25,CUN,"Cancun, Mexico",ATL,166,166
2026-06-25,NAS,"Nassau, Bahamas",MIA,266,266
2026-06-25,KEF,"Reykjavik, Iceland",ORD,394,394
2026-06-25,YVR,"Vancouver, Canada",LAX,163,163
2026-06-25,POS,"Port of Spain, Trinidad",FLL,317,317
2026-06-25,SJO,"San Jose, Costa Rica",MIA,207,207
2026-06-25,CUR,Curacao,EWR,345,346
2026-06-25,YYC,"Calgary, Canada",SAN,270,269
2026-06-25,VIE,"Vienna, Austria",JFK,459,459
2026-06-25,OSL,"Oslo, Norway",JFK,465,464
2026-06-25,BUD,"Budapest, Hungary",EWR,483,483
2026-06-25,CDG,"Paris, France",EWR,464,464
2026-06-25,DUB,"Dublin, Ireland",ORD,457,458
2026-06-25,LIM,"Lima, Peru",MIA,397,398
2026-06-25,SXM,St. Maarten,LGA,468,467
2026-06-25,AMS,"Amsterdam, Netherlands",JFK,527,527
2026-06-25,FRA,"Frankfurt, Germany",JFK,532,534
2026-06-25,MXP,"Milan, Italy",SFO,501,501
2026-06-25,MGA,"Managua, Nicaragua",MIA,299,299
2026-06-25,ANU,Antigua,JFK,538,538
2026-06-25,DXB,"Dubai, UAE",JFK,550,550
2026-06-25,WAW,"Warsaw, Poland",IAD,470,470
2026-06-25,IST,"Istanbul, Turkey",JFK,561,561
2026-06-25,CMN,"Casablanca, Morocco",LGA,540,540
2026-06-25,CPH,"Copenhagen, Denmark",RDU,466,466
2026-06-25,KRK,"Krakow, Poland",JFK,587,587
2026-06-25,VCE,"Venice, Italy",EWR,587,587
2026-06-25,LHR,"London, UK",BWI,482,482
2026-06-25,OPO,"Porto, Portugal",BOS,568,570
2026-06-25,SOF,"Sofia, Bulgaria",JFK,640,643
2026-06-25,TBS,"Tbilisi, Georgia",JFK,642,642
2026-06-25,HEL,"Helsinki, Finland",MSP,529,528
2026-06-25,MUC,"Munich, Germany",JFK,647,648
2026-06-25,TUN,"Tunis, Tunisia",JFK,658,658
2026-06-25,YUL,"Montreal, Canada",BOS,217,217
2026-06-25,PRG,"Prague, Czechia",LAX,581,581
2026-06-25,FPO,"Freeport, Bahamas",FLL,410,410
2026-06-25,SSH,"Sharm El Sheikh, Egypt",EWR,667,667
2026-06-25,GND,Grenada,MIA,674,674
2026-06-25,RAK,"Marrakech, Morocco",BOS,628,628
2026-06-25,NAP,"Naples, Italy",LAX,743,743
2026-06-25,BOM,"Mumbai, India",BOS,854,854
2026-06-25,BRU,"Brussels, Belgium",BWI,528,527
2026-06-25,ADD,"Addis Ababa, Ethiopia",BOS,966,966
2026-06-25,JED,"Jeddah, Saudi Arabia",ORD,722,722
2026-06-25,SGN,"Ho Chi Minh, Vietnam",LAX,618,616
2026-06-25,GYD,"Baku, Azerbaijan",IAD,946,946
2026-06-25,HKG,Hong Kong,SFO,634,634
2026-06-25,KTM,"Kathmandu, Nepal",HNL,1066,1066
2026-06-25,CAN,"Guangzhou, China",SFO,640,640
2026-06-25,BZE,"Belize City, Belize",IAD,334,334
2026-06-25,STT,"St. Thomas, USVI",MIA,389,389
2026-06-25,EZE,"Buenos Aires, Argentina",AUS,529,529
2026-06-25,MAN,"Manchester, UK",IAD,686,686
2026-06-25,DEL,"Delhi, India",IAD,783,783
2026-06-25,PVG,"Shanghai, China",LAX,617,617
2026-06-25,LIR,"Liberia, Costa Rica",PDX,338,338
2026-06-25,NRT,"Tokyo, Japan",HNL,644,644
2026-06-25,DBV,"Dubrovnik, Croatia",ATL,617,617
2026-06-25,BLQ,"Bologna, Italy",ATL,648,649
2026-06-25,ZAG,"Zagreb, Croatia",CLE,668,668
2026-06-25,GLA,"Glasgow, Scotland",ATL,710,710
2026-06-25,SCL,"Santiago, Chile",MCO,355,355
2026-06-25,EDI,"Edinburgh, Scotland",ORD,673,673
2026-06-25,FOR,"Fortaleza, Brazil",MIA,753,750
2026-06-25,ZNZ,"Zanzibar, Tanzania",ORD,918,918
2026-06-25,MBA,"Mombasa, Kenya",ATL,1339,1339
2026-06-25,DAD,"Da Nang, Vietnam",SFO,743,744
2026-06-25,GOI,"Goa, India",ATL,2295,2295
2026-06-25,AUH,"Abu Dhabi, UAE",MIA,912,912
2026-06-25,BNE,"Brisbane, Australia",LAX,718,718
2026-06-25,HAN,"Hanoi, Vietnam",LAX,786,786
2026-06-25,AKL,"Auckland, New Zealand",DFW,701,701
2026-06-25,MRS,"Marseille, France",ORD,765,765
2026-06-25,FAO,"Faro, Portugal",ORD,906,906
2026-06-25,CMB,"Colombo, Sri Lanka",ORD,1073,1073
2026-06-25,KIX,"Osaka, Japan",LAX,861,861
2026-06-25,MRU,Mauritius,ORD,1572,1572
2026-06-25,TGU,"Tegucigalpa, Honduras",RDU,932,932
2026-06-25,KWI,Kuwait City,DEN,1115,1115
2026-06-25,ZQN,"Queenstown, NZ",IND,1606,1606
2026-06-25,VKO,"Moscow, Russia",IAD,1165,1169
2026-06-25,LED,"St. Petersburg, Russia",IAD,1211,1211
2026-06-25,ALA,"Almaty, Kazakhstan",LAX,797,797
2026-06-25,NQZ,"Astana, Kazakhstan",IAH,1134,1129
2026-06-25,DME,"Moscow, Russia",ORD,1215,1215
2026-06-25,LGW,"London, UK",MCO,391,391
2026-06-25,GDL,"Guadalajara, Mexico",LAX,245,245
2026-06-25,BJX,"Silao, Mexico",IAH,249,249
2026-06-25,SAP,"La Mesa, Honduras",MIA,268,268
2026-06-25,AYT,"Antalya, Türkiye",BOS,705,706
2026-06-25,TIV,"Tivat, Montenegro",SEA,975,975
2026-06-25,XPL,"Comayagua, Honduras",MCO,358,358
2026-06-25,PVR,"Puerto Vallarta, Mexico",LAX,315,314
2026-06-25,LHE,"Lahore, Pakistan",SFO,780,780
2026-06-25,ISB,"Islamabad, Pakistan",IAD,631,631
2026-06-25,FOC,"Fuzhou, China",IAD,1056,1056
2026-06-25,UFA,"Ufa, Russia",BOS,1401,1401
2026-06-25,PMI,"Palma De Mallorca, Spain",ATL,644,643
2026-06-25,MLM,"Morelia, Mexico",LAX,236,236
2026-06-25,TIA,"Tirana, Albania",JFK,517,517
2026-06-25,SVX,"Yekaterinburg, Russia",SEA,1508,1508
2026-06-25,BGW,"Baghdad, Iraq",ORD,823,823
2026-06-25,OVB,"Novosibirsk, Russia",DEN,1552,1552
2026-06-25,TLC,"Toluca, Mexico",IAH,250,250
2026-06-25,CCS,"Caracas, Venezuela",MIA,422,422
2026-06-25,BVA,"Beauvais/Tille, France",JFK,620,620
2026-06-25,VVI,"Santa Cruz, Bolivia",IAD,710,710
2026-06-25,OAX,"Oaxaca, Mexico",LAX,207,207
2026-06-25,BSB,"Brasilia, Brazil",MIA,387,387
2026-06-25,PRN,Lipjan,IAD,684,684
2026-06-25,AER,"Sochi, Russia",MIA,1151,1151
2026-06-25,ALC,"Alicante, Spain",BOS,609,606
2026-06-25,BAQ,"Barranquilla, Colombia",MIA,258,258
2026-06-25,MED,"Medina, Saudi Arabia",ORD,854,854
2026-06-25,GEO,"Georgetown, Guyana",MIA,330,330
2026-06-25,POA,"Porto Alegre, Brazil",BOS,716,713
2026-06-25,CFU,"Kerkyra Island, Greece",BOS,959,959
2026-06-25,CXR,"Nha Trang, Vietnam",SFO,1072,1072
2026-06-25,KHI,"Karachi, Pakistan",JFK,649,649
2026-06-25,DAC,"Dhaka, Bangladesh",ATL,857,857
2026-06-25,MID,"Merida, Mexico",OAK,323,323
2026-06-25,BDA,"Hamilton, Bermuda",JFK,359,359
2026-06-25,MVD,"Montevideo, Uruguay",IAD,476,476
2026-06-25,RTB,"Roatan Island, Honduras",JFK,616,616
2026-06-25,CIA,"Roma, Italy",BWI,778,778
2026-06-25,KBL,"Kabul, Afghanistan",IAD,861,861
2026-06-25,ROB,"Monrovia, Liberia",CMH,1376,1376
2026-06-25,HOG,"Holguin, Cuba",SAT,517,517
2026-06-25,DAR,"Dar es Salaam, Tanzania",IAD,939,939
2026-06-25,SEZ,"Mahe Island, Seychelles",ORD,1403,1403
2026-06-25,MZT,"Mazatlan, Mexico",SAT,368,368
2026-06-25,PEI,"Pereira, Colombia",MCO,459,460
2026-06-25,SDU,"Rio De Janeiro, Brazil",CLT,699,697
2026-06-25,EBB,"Kampala, Uganda",ATL,808,808
2026-06-25,NSI,"Yaounde, Cameroon",SAT,1410,1410
2026-06-25,VVO,"Vladivostok, Russia",SEA,1510,1510
2026-06-25,VER,"Veracruz, Mexico",DFW,345,345
2026-06-25,HHN,"Hahn, Germany",IAD,754,757
2026-06-25,LFW,"Lome, Togo",IAD,1122,1122
2026-06-25,CGR,"Campo Grande, Brazil",BWI,1172,1172
2026-06-25,HRE,"Harare, Zimbabwe",ORD,1280,1280
2026-06-25,FNA,"Freetown, Sierra Leone",IAH,1407,1407
2026-06-25,KUF,"Samara, Russia",AUS,1661,1661
2026-06-25,KHV,"Khabarovsk, Russia",MIA,2438,2436
2026-06-25,YXE,"Saskatoon, Canada",LGA,507,507
2026-06-25,CWB,"Curitiba, Brazil",CLT,630,630
2026-06-25,PKX,"Beijing, China",LAX,669,669
2026-06-25,RBA,"Rabat, Morocco",MCO,690,690
2026-06-25,PVK,"Preveza/Lefkada, Greece",BOS,742,742
2026-06-25,SJJ,"Sarajevo, Bosnia and Herzegovina",LAX,793,795
2026-06-25,BJV,"Bodrum, Türkiye",ORD,982,982
2026-06-25,BOB,"Motu Mute, French Polynesia",LAX,1020,1020
2026-06-25,KTW,"Katowice, Poland",MSP,1296,1296
2026-06-25,ABJ,"Abidjan, Côte d'Ivoire",IAH,1944,1944
2026-06-25,MAR,"Maracaibo, Venezuela",MIA,279,279
2026-06-25,XMN,"Xiamen, China",SFO,739,739
2026-06-25,CKG,"Chongqing, China",SFO,883,883
2026-06-25,SYX,"Sanya, China",LAX,900,900
2026-06-25,BOJ,"Burgas, Bulgaria",MIA,905,905
2026-06-25,BSR,"Basrah, Iraq",PDX,942,942
2026-06-25,LCA,"Larnarca, Cyprus",ORD,970,966
2026-06-25,PQC,"Duong Dong, Vietnam",ORD,1092,1092
2026-06-25,CTM,"Chetumal, Mexico",IAH,348,348
2026-06-25,MHH,"Marsh Harbour, Bahamas",FLL,449,449
2026-06-25,CUL,"Culiacan, Mexico",SEA,453,453
2026-06-25,CMW,"Camaguey, Cuba",AUS,489,489
2026-06-25,TPP,"Tarapoto, Peru",MIA,538,538
2026-06-25,GDN,"Gdańsk, Poland",JFK,612,612
2026-06-25,SKB,"Basseterre, Saint Kitts and Nevis",JFK,619,619
2026-06-25,BON,"Kralendijk, Bonaire",ATL,631,630
2026-06-25,LTO,"Loreto, Mexico",DFW,632,632
2026-06-25,ZLO,"Manzanillo, Mexico",BWI,640,640
2026-06-25,CGH,"Sao Paulo, Brazil",MIA,698,697
2026-06-25,DGO,"Durango, Mexico",MKE,700,700
2026-06-25,OLB,"Olbia, Italy",IAD,701,701
2026-06-25,MLA,"Luqa, Malta",ORD,730,730
2026-06-25,VRN,"Verona, Italy",BOS,796,796
2026-06-25,HAK,"Haikou, China",SFO,878,878
2026-06-25,CCU,"Kolkata, India",IAD,1013,1013
2026-06-25,SOU,"Southampton, UK",IAD,1045,1045
2026-06-25,PZU,"Port Sudan, Sudan",SFO,1072,1072
2026-06-25,RMI,"Rimini, Italy",DCA,1092,1092
2026-06-25,COV,"Tarsus, Türkiye",IAH,1173,1173
2026-06-25,TSR,"Timisoara, Romania",IAD,1175,1175
2026-06-25,COO,"Cotonou, Benin",IAH,1223,1223
2026-06-25,KSN,"Kostanay, Kazakhstan",MIA,1316,1316
2026-06-25,IKT,"Irkutsk, Russia",BOS,1322,1322
2026-06-25,LPB,"La Paz / El Alto, Bolivia",BWI,1378,1378
2026-06-25,KRR,"Krasnodar, Russia",DFW,1412,1412
2026-06-25,DUR,"Durban, South Africa",IAD,1415,1410
2026-06-25,NIM,"Niamey, Niger",IND,1656,1656
2026-06-25,PHC,"Port Harcourt, Nigeria",IAH,1687,1687
2026-06-25,LUN,"Lusaka, Zambia",IAD,1944,1944
2026-06-25,MCX,"Makhachkala, Russia",SFO,2019,2019
2026-06-25,YHM,"Hamilton, Canada",FLL,243,243
2026-06-25,TIJ,"Tijuana, Mexico",LAX,296,296
2026-06-25,YOW,"Ottawa, Canada",CMH,401,401
2026-06-25,BGY,"Bergamo, Italy",BOS,599,599
2026-06-25,YXY,"Whitehorse, Canada",BNA,605,605
2026-06-25,AXM,"Armenia, Colombia",JFK,640,640
2026-06-25,ZIH,"Ixtapa, Mexico",LAX,720,720
2026-06-25,NUE,"Nuremberg, Germany",MIA,801,801
2026-06-25,CGO,"Zhengzhou, China",SFO,806,806
2026-06-25,SHA,"Shanghai, China",LAX,820,820
2026-06-25,WUH,"Wuhan, China",SFO,821,821
2026-06-25,RZE,"Rzeszow, Poland",ORD,838,838
2026-06-25,YZF,"Yellowknife, Canada",ORD,862,862
2026-06-25,HBE,"Alexandria, Egypt",BOS,867,867
2026-06-25,HAJ,"Hannover, Germany",DTW,885,885
2026-06-25,XRY,"Jerez de la Forntera, Spain",MIA,910,910
2026-06-25,CBB,"Cochabamba, Bolivia",LAX,953,953
2026-06-25,PNT,"Puerto Natales, Chile",FLL,1001,1001
2026-06-25,CUK,"Caye Caulker, Belize",SFO,1003,1003
2026-06-25,VRA,"Varadero, Cuba",SFO,1007,1007
2026-06-25,CLJ,"Cluj-Napoca, Romania",SFO,1035,1035
2026-06-25,SZX,"Shenzhen, China",ORD,1140,1140
2026-06-25,IGD,"Igdir, Türkiye",DFW,1203,1203
2026-06-25,PAS,"Paros Island, Greece",MIA,1217,1217
2026-06-25,NBJ,"Luanda, Angola",SEA,1244,1244
2026-06-25,CCP,"Concepcion, Chile",SLC,1290,1290
2026-06-25,DSS,"Diass, Senegal",CLT,1387,1387
2026-06-25,LWN,"Gyumri, Armenia",SFO,1719,1719
2026-06-25,USH,"Ushuahia, Argentina",SFO,1758,1758
2026-06-25,NMA,"Namangan, Uzbekistan",PIT,1807,1807
2026-06-25,KJA,"Krasnoyarsk, Russia",LAS,1960,1960
2026-06-25,UUD,"Ulan Ude, Russia",SEA,2652,2652
2026-06-25,YLW,"Kelowna, Canada",PHX,320,320
2026-06-25,ELH,"North Eleuthera, Bahamas",MIA,379,379
2026-06-25,YHZ,"Halifax, Canada",PHL,402,402
2026-06-25,CUU,"Chihuahua, Mexico",DEN,406,406
2026-06-25,YHU,"Longueuil, Canada",BWI,532,532
2026-06-25,PBC,"Puebla, Mexico",DEN,542,542
2026-06-25,BGA,"Bucaramanga, Colombia",JFK,548,548
2026-06-25,TRC,"Torreon, Mexico",DEN,553,553
2026-06-25,REX,"Reynosa, Mexico",ORD,575,575
2026-06-25,YXU,"London, Canada",ORD,580,580
2026-06-25,JTR,"Santorini Island, Greece",JFK,595,595
2026-06-25,CZM,"Cozumel, Mexico",DEN,607,607
2026-06-25,EIS,"Road Town, Virgin Islands",MCO,636,636
2026-06-25,AQP,"Arequipa, Peru",MCO,688,688
2026-06-25,CIX,"Chiclayo, Peru",SFO,695,695
2026-06-25,TRF,"Torp, Norway",SFO,721,721
2026-06-25,FMO,"Munster, Germany",DTW,762,762
2026-06-25,IAS,"Iasi, Romania",LGA,764,764
2026-06-25,VGO,"Vigo, Spain",ORD,779,779
2026-06-25,TOS,"Tromsø, Norway",MSP,783,783
2026-06-25,PTP,"Pointe-a-Pitre Le Raizet, Guadeloupe",AUS,791,791
2026-06-25,SHE,"Shenyang, China",SFO,813,813
2026-06-25,BOC,"Isla Colon, Panama",DFW,829,829
2026-06-25,SUF,"Lamezia Terme, Italy",IAH,835,835
2026-06-25,CUC,"Cucuta, Colombia",IND,846,846
2026-06-25,GMP,"Seoul, South Korea",HNL,881,881
2026-06-25,TER,"Lajes, Portugal",SFO,892,892
2026-06-25,MUX,"Multan, Pakistan",DTW,907,907
2026-06-25,DVO,"Davao City, Philippines",SFO,931,931
2026-06-25,PSA,"Pisa, Italy",BOS,933,933
2026-06-25,PVH,"Porto Velho, Brazil",MCO,948,952
2026-06-25,XSC,"South Caicos Airport, Turks and Caicos Islands",IAH,977,977
2026-06-25,LBA,"Leeds, UK",ATL,983,983
2026-06-25,SBH,"Gustavia, Saint Barthélemy",MIA,1040,1040
2026-06-25,EFL,"Kefallinia Island, Greece",PHX,1053,1053
2026-06-25,MGF,"Maringa, Brazil",BOS,1058,1058
2026-06-25,MJI,"Tripoli, Libya",ATL,1085,1085
2026-06-25,ADZ,"San Andres, Colombia",FLL,1093,1093
2026-06-25,PEG,"Perugia, Italy",ORD,1096,1096
2026-06-25,HGA,"Hargeisa, Somalia",ATL,1143,1143
2026-06-25,NGO,"Tokoname, Japan",CLT,1167,1167
2026-06-25,SCO,"Aktau, Kazakhstan",ORD,1179,1179
2026-06-25,PFO,"Paphos, Cyprus",PDX,1193,1193
2026-06-25,CRL,"Brussels, Belgium",DFW,1201,1201
2026-06-25,LYP,"Faisalabad, Pakistan",SMF,1218,1218
2026-06-25,SJZ,"Velas, Portugal",SFO,1222,1222
2026-06-25,WEH,"Weihai, China",SEA,1240,1240
2026-06-25,MOC,"Montes Claros, Brazil",MSP,1257,1257
2026-06-25,CFE,"Clermont-Ferrand/Auvergne, France",MIA,1315,1315
2026-06-25,NEV,"Charlestown, Saint Kitts and Nevis",STL,1344,1344
2026-06-25,BDS,"Brindisi, Italy",DTW,1352,1352
2026-06-25,XIY,"Xianyang, China",CVG,1352,1352
2026-06-25,VLN,"Valencia, Venezuela",DFW,1357,1357
2026-06-25,LEJ,"Leipzig, Germany",ANC,1382,1382
2026-06-25,APW,"Apia, Samoa",PHX,1399,1399
2026-06-25,BLA,"Barcelona, Venezuela",BOS,1445,1445
2026-06-25,TSN,"Tianjin, China",PHX,1474,1474
2026-06-25,CEI,"Chiang Rai, Thailand",IAH,1476,1476
2026-06-25,KKN,"Kirkenes, Norway",ORD,1500,1500
2026-06-25,SPR,SPR,MIA,1565,1565
2026-06-25,MQM,"Mardin, Türkiye",BOS,1659,1659
2026-06-25,CJU,"Jeju City, South Korea",CLT,1663,1663
2026-06-25,WDH,"Windhoek, Namibia",MIA,1689,1686
2026-06-25,KRS,"Kjevik, Norway",BNA,1765,1765
2026-06-25,GUW,"Atyrau, Kazakhstan",IND,1794,1794
2026-06-25,BLZ,"Blantyre, Malawi",CMH,1841,1841
2026-06-25,CIT,"Shymkent, Kazakhstan",SFO,1893,1893
2026-06-25,KGF,"Karaganda, Kazakhstan",MIA,2007,2007
2026-06-25,URA,"Uralsk, Kazakhstan",MSP,2011,2011
2026-06-25,NDJ,"N'Djamena, Chad",IND,2061,2061
2026-06-25,OSS,"Osh, Kyrgyzstan",DFW,2151,2151
2026-06-25,FBM,"Lubumbashi, Congo",IND,2238,2238
2026-06-25,YKF,"Waterloo, Canada",MDW,2265,2265
2026-06-25,BAX,"Barnaul, Russia",MIA,2311,2311
2026-06-25,YBP,"Yibin, China",DFW,2384,2384
2026-06-25,LBD,"Khudzhand, Tajikistan",DFW,2441,2441
2026-06-25,NGS,"Nagasaki, Japan",ATL,2575,2575
2026-06-25,MGQ,"Mogadishu, Somalia",SEA,2596,2596
2026-06-25,ASF,"Astrakhan, Russia",BOS,2740,2740
2026-06-25,IKU,"Tamchy, Kyrgyzstan",PDX,2946,2946
2026-06-25,GVN,"Sovetskaya Gavan, Russia",SNA,3142,3142
2026-06-25,ITU,ITU,ATL,3316,3316
2026-06-25,URC,"Urumqi, China",SNA,4838,4838
2026-06-25,SDQ,"Santo Domingo, Dom. Rep.",EWR,190,188
2026-06-25,SAL,San Salvador,LGA,187,185
2026-06-25,FCO,"Rome, Italy",LAX,460,454
2026-06-25,BCN,"Barcelona, Spain",ORD,484,480
2026-06-25,VNO,"Vilnius, Lithuania",LAX,546,538
2026-06-25,LIS,"Lisbon, Portugal",JFK,614,607
2026-06-25,GRU,"Sao Paulo, Brazil",MIA,446,443
2026-06-25,CAI,"Cairo, Egypt",IAD,634,625
2026-06-25,OTP,"Bucharest, Romania",MIA,670,661
2026-06-25,FLR,"Florence, Italy",BOS,764,756
2026-06-25,HKT,"Phuket, Thailand",LAX,768,760
2026-06-25,ICN,"Seoul, South Korea",SFO,672,665
2026-06-25,JNB,"Johannesburg, S. Africa",IAH,844,838
2026-06-25,CPT,"Cape Town, S. Africa",ORD,1254,1243
2026-06-25,PPT,"Papeete, Tahiti",SFO,821,809
2026-06-25,CNX,"Chiang Mai, Thailand",SFO,1769,1744
2026-06-25,TAS,"Tashkent, Uzbekistan",LAX,743,739
2026-06-25,KZN,"Kazan, Russia",FLL,1390,1383
2026-06-25,ORY,"Paris, France",JFK,474,467
2026-06-25,TQO,"Tulum, Mexico",LGA,411,407
2026-06-25,DYU,"Dushanbe, Tajikistan",ORD,1282,1265
2026-06-25,NLU,"Reyes Acozac, Mexico",LAX,278,274
2026-06-25,ZIA,"Zhukovsky, Russia",IAD,1505,1487
2026-06-25,ISU,"Sulaymaniyah, Iraq",DCA,1143,1137
2026-06-25,YWG,"Winnipeg, Canada",LGA,427,424
2026-06-25,LLW,"Lilongwe, Malawi",ORD,1263,1255
2026-06-25,TAO,"Qingdao, China",MIA,1554,1546
2026-06-25,TAB,"Scarborough, Trinidad and Tobago",JFK,518,514
2026-06-25,PMO,"Palermo, Italy",ORD,851,844
2026-06-25,ATH,"Athens, Greece",JFK,533,522
2026-06-25,DPS,"Bali, Indonesia",SEA,815,800
2026-06-25,NCE,"Nice, France",MIA,772,756
2026-06-25,TPE,"Taipei, Taiwan",ORD,731,714
2026-06-25,COK,"Kochi, India",MIA,1167,1142
2026-06-25,USM,"Koh Samui, Thailand",DFW,1548,1525
2026-06-25,SSA,"Salvador, Brazil",MSY,1095,1069
2026-06-25,POP,"Puerto Plata, Dominican Republic",MIA,428,418
2026-06-25,VCP,"Campinas, Brazil",FLL,604,593
2026-06-25,FIH,"Kinshasa, Congo",DFW,915,901
2026-06-25,DLA,"Douala, Cameroon",DTW,1246,1224
2026-06-25,CAP,"Cap Haitien, Haiti",FLL,622,612
2026-06-25,MRV,"Mineralnyye Vody, Russia",MIA,1680,1649
2026-06-25,BPS,"Porto Seguro, Brazil",PHL,1037,1017
2026-06-25,SLP,"San Luis Potosi, Mexico",DFW,441,431
2026-06-25,ADB,"Izmir, Türkiye",IAD,910,896
2026-06-25,HER,"Heraklion, Greece",BOS,950,929
2026-06-25,SVG,"Stavanger, Norway",ATL,883,863
2026-06-25,JMK,"Mykonos Island, Greece",LAX,966,945
2026-06-25,UGC,"Urgench, Uzbekistan",ORD,1321,1301
2026-06-25,NJF,"Najaf, Iraq",MSP,1445,1416
2026-06-25,CSX,"Changsha, China",CLT,1919,1888
2026-06-25,AUA,Aruba,TPA,242,235
2026-06-25,BKK,"Bangkok, Thailand",SFO,662,644
2026-06-25,EBL,"Arbil, Iraq",SAN,921,892
2026-06-25,SVD,"Argyle, Saint Vincent and the Grenadines",EWR,389,378
2026-06-25,SNU,"Santa Clara, Cuba",MIA,362,353
2026-06-25,GYN,"Goiania, Brazil",BNA,907,884
2026-06-25,OGZ,"Beslan, Russia",CLT,1683,1636
2026-06-25,BPN,"Balikpapan, Borneo Island, Indonesia",CLT,1970,1907
2026-06-25,SJU,"San Juan, Puerto Rico",TPA,145,140
2026-06-25,SJD,"Los Cabos, Mexico",EWR,264,253
2026-06-25,FLN,"Florianopolis, Brazil",BOS,971,936
2026-06-25,LOS,"Lagos, Nigeria",IND,925,887
2026-06-25,SIN,Singapore,SFO,678,652
2026-06-25,HND,"Tokyo, Japan",SFO,829,794
2026-06-25,BJM,"Bujumbura, Burundi",LAX,1053,1014
2026-06-25,LTN,"London, UK",LGA,787,757
2026-06-25,SKG,"Thessaloniki, Greece",DTW,671,644
2026-06-25,YDF,"Deer Lake, Canada",IND,751,724
2026-06-25,MDE,"Medellin, Colombia",FLL,252,241
2026-06-25,BOG,"Bogota, Colombia",AUS,271,257
2026-06-25,AEP,"Buenos Aires, Argentina",MIA,627,598
2026-06-25,DLM,"Dalaman, Türkiye",ORD,1381,1314
2026-06-25,PLS,"Providenciales, Turks",JFK,436,411
2026-06-25,BGI,"Bridgetown, Barbados",DCA,457,433
2026-06-25,MAA,"Chennai, India",ORD,1097,1031
2026-06-25,HYD,"Hyderabad, India",ORD,988,932
2026-06-25,CEK,"Chelyabinsk, Russia",IAH,1735,1632
2026-06-25,SKP,"Skopje, North Macedonia",CVG,711,671
2026-06-25,IBZ,"Ibiza, Spain",IAD,845,799
2026-06-25,OKA,"Okinawa, Japan",SFO,979,918
2026-06-25,GOT,"Gothenburg, Sweden",SFO,730,682
2026-06-25,CUE,"Cuenca, Ecuador",ATL,570,533
2026-06-25,VXE,"Sao Pedro, Cabo Verde",BOS,1416,1324
2026-06-25,GOX,"Mopa, India",SNA,1767,1657
2026-06-25,MPM,"Maputo, Mozambique",MSP,2405,2258
2026-06-25,QRO,"Queretaro, Mexico",RDU,279,259
2026-06-25,LIN,"Milan, Italy",LAX,806,749
2026-06-25,ASU,"Asuncion, Paraguay",MIA,908,843
2026-06-25,CGK,"Jakarta, Indonesia",PHX,1291,1188
2026-06-25,SVQ,"Seville, Spain",STL,1069,978
2026-06-25,CRK,"Angeles City, Philippines",LAX,914,839
2026-06-25,GGT,"George Town, Bahamas",MIA,558,500
2026-06-25,NVT,"Navegantes, Brazil",BOS,1627,1457
2026-06-25,KUT,"Kutaisi, Georgia",OAK,1804,1582
2026-06-25,ABV,"Abuja, Nigeria",TPA,1937,1699
2026-06-25,EOH,"Medellin, Colombia",DFW,815,667
2026-06-25,ZYR,ZYR,LAX,600,840
2026-06-25,SCU,"Santiago, Cuba",MIA,697,825
2026-06-25,PUJ,"Punta Cana, Dom. Rep.",MIA,128,151
2026-06-25,PEK,"Beijing, China",SEA,510,603
2026-06-25,REC,"Recife, Brazil",MIA,771,903
2026-06-25,VTE,"Vientiane, Laos",SEA,1148,1357
2026-06-25,OUA,"Ouagadougou, Burkina Faso",JFK,654,758
2026-06-25,TAM,"Tampico, Mexico",ATL,591,681
2026-06-25,UIO,"Quito, Ecuador",JFK,298,338
2026-06-25,BLR,"Bangalore, India",IAD,879,1001
2026-06-25,YEG,"Edmonton, Canada",SLC,274,313
2026-06-25,RUH,"Riyadh, Saudi Arabia",IAD,1048,1176
2026-06-25,AXA,"The Valley, Anguilla",MIA,647,730
2026-06-25,HAM,"Hamburg, Germany",JFK,589,651
2026-06-25,TGD,"Podgorica, Montenegro",ORD,559,619
2026-06-25,CTG,"Cartagena, Colombia",FLL,223,246
2026-06-25,ESB,"Ankara, Türkiye",IAD,894,983
2026-06-25,TLL,"Tallinn, Estonia",EWR,533,577
2026-06-25,MNL,"Manila, Philippines",LAX,495,537
2026-06-25,AGU,"Aguascalientes, Mexico",DFW,386,418
2026-06-25,BIM,"South Bimini, Bahamas",IND,394,426
2026-06-25,GYE,"Guayaquil, Ecuador",JFK,234,251
2026-06-25,MAD,"Madrid, Spain",EWR,397,425
2026-06-25,BER,"Berlin, Germany",JFK,583,617
2026-06-25,HAV,"Havana, Cuba",MIA,184,196
2026-06-25,GCM,Grand Cayman,IAD,383,403
2026-06-25,ZRH,"Zurich, Switzerland",BWI,577,607
2026-06-25,ACC,"Accra, Ghana",IAD,954,1005
2026-06-25,MEL,"Melbourne, Australia",DTW,981,1030
2026-06-25,UBN,"Ulaanbaatar, Mongolia",ORD,786,830
2026-06-25,GIG,"Rio de Janeiro, Brazil",TPA,431,447
2026-06-25,KUL,"Kuala Lumpur, Malaysia",SFO,702,733
2026-06-25,MLE,"Male, Maldives",MSY,917,953
2026-06-25,GVA,"Geneva, Switzerland",MCO,477,496
2026-06-25,CEB,"Cebu, Philippines",LAX,591,615
2026-06-25,SYD,"Sydney, Australia",LAX,741,772
2026-06-25,CLO,"Cali, Colombia",MCO,234,244
2026-06-25,VIX,"Vitoria, Brazil",BOS,596,624
2026-06-25,CUZ,"Cusco, Peru",BWI,858,893
2026-06-25,PTY,"Panama City, Panama",JFK,269,277
2026-06-25,RIX,"Riga, Latvia",JFK,542,561
2026-06-25,DOH,"Doha, Qatar",IAD,1501,1548
2026-06-25,RMO,"Chișinău, Moldova",EWR,579,599
2026-06-25,MSQ,"Minsk, Belarus",IAD,1471,1518
2026-06-25,MTY,"Monterrey, Mexico",DFW,176,181
2026-06-25,STN,"London, UK",SEA,668,686
2026-06-25,PDL,"Ponta Delgada, Portugal",BOS,610,631
2026-06-25,TGZ,"Tuxtla Gutierrez, Mexico",IAH,426,437
2026-06-25,INN,"Innsbruck, Austria",AUS,1571,1617
2026-06-25,ROR,"Babelthuap Island, Palau",HNL,2380,2452
2026-06-25,MEX,"Mexico City, Mexico",IAH,165,168
2026-06-25,UVF,St. Lucia,JFK,499,509
2026-06-25,YYZ,"Toronto, Canada",FLL,203,208
2026-06-25,BEG,"Belgrade, Serbia",JFK,662,677
2026-06-25,VLC,"Valencia, Spain",BOS,664,677
2026-06-25,NBO,"Nairobi, Kenya",IAD,722,740
2026-06-25,NAN,"Nadi, Fiji",LAX,694,710
2026-06-25,CGN,"Cologne, Germany",ORD,836,850
2026-06-25,SVO,"Moscow, Russia",MIA,1145,1165
2026-06-25,STI,"Santiago, Dominican Republic",EWR,197,202
2026-06-25,BSZ,"Bishkek, Kyrgyzstan",ORD,1025,1043
2026-06-25,YTZ,"Toronto, Canada",ORD,195,200
2026-06-25,TFU,"Tianfu, China",DCA,1649,1685
2026-06-25,ARN,"Stockholm, Sweden",JFK,408,411
2026-06-25,AGP,"Malaga, Spain",JFK,579,585
2026-06-25,EVN,"Yerevan, Armenia",BOS,727,738
2026-06-25,HRG,"Hurghada, Egypt",LAX,973,986
2026-06-25,SAW,"Istanbul, Türkiye",JFK,662,667
2026-06-25,BUS,"Batumi, Georgia",IAD,913,920
2026-06-25,SKD,"Samarkand, Uzbekistan",IAD,1047,1053
2026-06-25,CNF,"Belo Horizonte, Brazil",BOS,411,414
2026-06-25,KTI,"Krong Ta Khmau, Cambodia",LAX,735,741
2026-06-25,SHJ,"Sharjah, UAE",ATL,809,818
2026-06-25,AMD,"Ahmedabad, India",IAD,929,935
2026-06-25,GZP,"Gazipasa, Türkiye",BWI,1074,1082
2026-06-25,SNN,"Shannon, Ireland",EWR,630,636
2026-06-25,BRI,"Bari, Italy",IAD,774,785
2026-06-25,RHO,"Rodes Island, Greece",LAX,925,930
2026-06-25,ALG,"Algiers, Algeria",BOS,750,755
2026-06-25,RAI,"Praia, Cabo Verde",BOS,891,900
2026-06-25,YQB,"Quebec City, Canada",SAN,457,463
2026-06-25,FNC,"Funchal, Portugal",SFO,1113,1124
2026-06-25,WMI,"Warsaw, Poland",ORD,679,688
2026-06-25,HOR,"Horta, Portugal",BOS,797,806
2026-06-25,SID,"Espargos, Cabo Verde",FLL,1422,1439
2026-06-25,STW,"Stavropol, Russia",SFO,2361,2386
2026-06-25,KIN,"Kingston, Jamaica",JFK,246,246
2026-06-25,GUA,Guatemala City,MIA,190,190
2026-06-25,MBJ,"Montego Bay, Jamaica",TPA,217,217
2026-06-25,CUN,"Cancun, Mexico",ATL,166,166
2026-06-25,NAS,"Nassau, Bahamas",MIA,266,266
2026-06-25,KEF,"Reykjavik, Iceland",ORD,394,394
2026-06-25,YVR,"Vancouver, Canada",LAX,163,163
2026-06-25,POS,"Port of Spain, Trinidad",FLL,317,317
2026-06-25,SJO,"San Jose, Costa Rica",MIA,207,207
2026-06-25,CUR,Curacao,EWR,345,345
2026-06-25,YYC,"Calgary, Canada",SAN,270,269
2026-06-25,VIE,"Vienna, Austria",JFK,459,459
2026-06-25,OSL,"Oslo, Norway",JFK,465,464
2026-06-25,BUD,"Budapest, Hungary",EWR,483,483
2026-06-25,CDG,"Paris, France",EWR,464,464
2026-06-25,DUB,"Dublin, Ireland",ORD,457,457
2026-06-25,LIM,"Lima, Peru",MIA,397,397
2026-06-25,SXM,St. Maarten,LGA,468,467
2026-06-25,AMS,"Amsterdam, Netherlands",JFK,527,527
2026-06-25,FRA,"Frankfurt, Germany",JFK,532,534
2026-06-25,MXP,"Milan, Italy",SFO,501,501
2026-06-25,MGA,"Managua, Nicaragua",MIA,299,299
2026-06-25,ANU,Antigua,JFK,538,538
2026-06-25,DXB,"Dubai, UAE",JFK,550,550
2026-06-25,WAW,"Warsaw, Poland",IAD,470,470
2026-06-25,IST,"Istanbul, Turkey",JFK,561,561
2026-06-25,CMN,"Casablanca, Morocco",LGA,540,540
2026-06-25,CPH,"Copenhagen, Denmark",RDU,466,466
2026-06-25,KRK,"Krakow, Poland",JFK,587,587
2026-06-25,VCE,"Venice, Italy",EWR,587,587
2026-06-25,LHR,"London, UK",BWI,482,482
2026-06-25,OPO,"Porto, Portugal",BOS,568,570
2026-06-25,SOF,"Sofia, Bulgaria",JFK,640,642
2026-06-25,TBS,"Tbilisi, Georgia",JFK,642,642
2026-06-25,HEL,"Helsinki, Finland",MSP,529,528
2026-06-25,MUC,"Munich, Germany",JFK,647,648
2026-06-25,TUN,"Tunis, Tunisia",JFK,658,658
2026-06-25,YUL,"Montreal, Canada",BOS,217,217
2026-06-25,PRG,"Prague, Czechia",LAX,581,581
2026-06-25,FPO,"Freeport, Bahamas",FLL,410,410
2026-06-25,SSH,"Sharm El Sheikh, Egypt",EWR,667,667
2026-06-25,GND,Grenada,MIA,674,674
2026-06-25,RAK,"Marrakech, Morocco",BOS,628,628
2026-06-25,NAP,"Naples, Italy",LAX,743,743
2026-06-25,BOM,"Mumbai, India",BOS,854,854
2026-06-25,BRU,"Brussels, Belgium",BWI,528,527
2026-06-25,ADD,"Addis Ababa, Ethiopia",BOS,966,966
2026-06-25,JED,"Jeddah, Saudi Arabia",ORD,722,722
2026-06-25,SGN,"Ho Chi Minh, Vietnam",LAX,618,616
2026-06-25,GYD,"Baku, Azerbaijan",IAD,946,946
2026-06-25,HKG,Hong Kong,SFO,634,634
2026-06-25,KTM,"Kathmandu, Nepal",HNL,1066,1066
2026-06-25,CAN,"Guangzhou, China",SFO,640,640
2026-06-25,BZE,"Belize City, Belize",IAD,334,334
2026-06-25,STT,"St. Thomas, USVI",MIA,389,389
2026-06-25,EZE,"Buenos Aires, Argentina",AUS,529,529
2026-06-25,MAN,"Manchester, UK",IAD,686,686
2026-06-25,DEL,"Delhi, India",IAD,783,783
2026-06-25,PVG,"Shanghai, China",LAX,617,617
2026-06-25,LIR,"Liberia, Costa Rica",PDX,338,338
2026-06-25,NRT,"Tokyo, Japan",HNL,644,644
2026-06-25,DBV,"Dubrovnik, Croatia",ATL,617,617
2026-06-25,BLQ,"Bologna, Italy",ATL,648,648
2026-06-25,ZAG,"Zagreb, Croatia",CLE,668,668
2026-06-25,GLA,"Glasgow, Scotland",ATL,710,710
2026-06-25,SCL,"Santiago, Chile",MCO,355,355
2026-06-25,EDI,"Edinburgh, Scotland",ORD,673,673
2026-06-25,FOR,"Fortaleza, Brazil",MIA,753,750
2026-06-25,ZNZ,"Zanzibar, Tanzania",ORD,918,918
2026-06-25,MBA,"Mombasa, Kenya",ATL,1339,1339
2026-06-25,DAD,"Da Nang, Vietnam",SFO,743,744
2026-06-25,GOI,"Goa, India",ATL,2295,2295
2026-06-25,AUH,"Abu Dhabi, UAE",MIA,912,912
2026-06-25,BNE,"Brisbane, Australia",LAX,718,718
2026-06-25,HAN,"Hanoi, Vietnam",LAX,786,786
2026-06-25,AKL,"Auckland, New Zealand",DFW,701,701
2026-06-25,MRS,"Marseille, France",ORD,765,765
2026-06-25,FAO,"Faro, Portugal",ORD,906,906
2026-06-25,CMB,"Colombo, Sri Lanka",ORD,1073,1073
2026-06-25,KIX,"Osaka, Japan",LAX,861,861
2026-06-25,MRU,Mauritius,ORD,1572,1572
2026-06-25,TGU,"Tegucigalpa, Honduras",RDU,932,932
2026-06-25,KWI,Kuwait City,DEN,1115,1115
2026-06-25,ZQN,"Queenstown, NZ",IND,1606,1606
2026-06-25,VKO,"Moscow, Russia",IAD,1165,1169
2026-06-25,LED,"St. Petersburg, Russia",IAD,1211,1211
2026-06-25,ALA,"Almaty, Kazakhstan",LAX,797,797
2026-06-25,NQZ,"Astana, Kazakhstan",IAH,1134,1129
2026-06-25,DME,"Moscow, Russia",ORD,1215,1215
2026-06-25,LGW,"London, UK",MCO,391,391
2026-06-25,GDL,"Guadalajara, Mexico",LAX,245,245
2026-06-25,BJX,"Silao, Mexico",IAH,249,249
2026-06-25,SAP,"La Mesa, Honduras",MIA,268,268
2026-06-25,AYT,"Antalya, Türkiye",BOS,705,705
2026-06-25,TIV,"Tivat, Montenegro",SEA,975,975
2026-06-25,XPL,"Comayagua, Honduras",MCO,358,358
2026-06-25,LHE,"Lahore, Pakistan",SFO,780,780
2026-06-25,PVR,"Puerto Vallarta, Mexico",LAX,315,314
2026-06-25,ISB,"Islamabad, Pakistan",IAD,631,631
2026-06-25,FOC,"Fuzhou, China",IAD,1056,1056
2026-06-25,UFA,"Ufa, Russia",BOS,1401,1401
2026-06-25,PMI,"Palma De Mallorca, Spain",ATL,644,643
2026-06-25,MLM,"Morelia, Mexico",LAX,236,236
2026-06-25,TIA,"Tirana, Albania",JFK,517,517
2026-06-25,SVX,"Yekaterinburg, Russia",SEA,1508,1508
2026-06-25,BGW,"Baghdad, Iraq",ORD,823,823
2026-06-25,OVB,"Novosibirsk, Russia",DEN,1552,1552
2026-06-25,TLC,"Toluca, Mexico",IAH,250,250
2026-06-25,CCS,"Caracas, Venezuela",MIA,422,422
2026-06-25,BVA,"Beauvais/Tille, France",JFK,620,620
2026-06-25,VVI,"Santa Cruz, Bolivia",IAD,710,710
2026-06-25,OAX,"Oaxaca, Mexico",LAX,207,207
2026-06-25,BSB,"Brasilia, Brazil",MIA,387,387
2026-06-25,PRN,Lipjan,IAD,684,684
2026-06-25,AER,"Sochi, Russia",MIA,1151,1151
2026-06-25,ALC,"Alicante, Spain",BOS,609,606
2026-06-25,BAQ,"Barranquilla, Colombia",MIA,258,258
2026-06-25,MED,"Medina, Saudi Arabia",ORD,854,854
2026-06-25,GEO,"Georgetown, Guyana",MIA,330,330
2026-06-25,POA,"Porto Alegre, Brazil",BOS,716,713
2026-06-25,CFU,"Kerkyra Island, Greece",BOS,959,959
2026-06-25,KHI,"Karachi, Pakistan",JFK,649,649
2026-06-25,DAC,"Dhaka, Bangladesh",ATL,857,857
2026-06-25,CXR,"Nha Trang, Vietnam",SFO,1072,1072
2026-06-25,MID,"Merida, Mexico",OAK,323,323
2026-06-25,BDA,"Hamilton, Bermuda",JFK,359,359
2026-06-25,MVD,"Montevideo, Uruguay",IAD,476,476
2026-06-25,RTB,"Roatan Island, Honduras",JFK,616,616
2026-06-25,CIA,"Roma, Italy",BWI,778,778
2026-06-25,KBL,"Kabul, Afghanistan",IAD,861,861
2026-06-25,ROB,"Monrovia, Liberia",CMH,1376,1376
2026-06-25,MZT,"Mazatlan, Mexico",SAT,368,368
2026-06-25,HOG,"Holguin, Cuba",SAT,517,517
2026-06-25,DAR,"Dar es Salaam, Tanzania",IAD,939,939
2026-06-25,SEZ,"Mahe Island, Seychelles",ORD,1403,1403
2026-06-25,PEI,"Pereira, Colombia",MCO,459,459
2026-06-25,SDU,"Rio De Janeiro, Brazil",CLT,699,697
2026-06-25,EBB,"Kampala, Uganda",ATL,808,808
2026-06-25,NSI,"Yaounde, Cameroon",SAT,1410,1410
2026-06-25,VVO,"Vladivostok, Russia",SEA,1510,1510
2026-06-25,VER,"Veracruz, Mexico",DFW,345,345
2026-06-25,HHN,"Hahn, Germany",IAD,754,756
2026-06-25,LFW,"Lome, Togo",IAD,1122,1122
2026-06-25,CGR,"Campo Grande, Brazil",BWI,1172,1172
2026-06-25,HRE,"Harare, Zimbabwe",ORD,1280,1280
2026-06-25,FNA,"Freetown, Sierra Leone",IAH,1407,1407
2026-06-25,KUF,"Samara, Russia",AUS,1661,1661
2026-06-25,KHV,"Khabarovsk, Russia",MIA,2438,2436
2026-06-25,YXE,"Saskatoon, Canada",LGA,507,507
2026-06-25,CWB,"Curitiba, Brazil",CLT,630,630
2026-06-25,PKX,"Beijing, China",LAX,669,669
2026-06-25,RBA,"Rabat, Morocco",MCO,690,690
2026-06-25,PVK,"Preveza/Lefkada, Greece",BOS,742,742
2026-06-25,SJJ,"Sarajevo, Bosnia and Herzegovina",LAX,793,795
2026-06-25,BJV,"Bodrum, Türkiye",ORD,982,982
2026-06-25,BOB,"Motu Mute, French Polynesia",LAX,1020,1020
2026-06-25,KTW,"Katowice, Poland",MSP,1296,1296
2026-06-25,ABJ,"Abidjan, Côte d'Ivoire",IAH,1944,1944
2026-06-25,MAR,"Maracaibo, Venezuela",MIA,279,279
2026-06-25,XMN,"Xiamen, China",SFO,739,739
2026-06-25,CKG,"Chongqing, China",SFO,883,883
2026-06-25,SYX,"Sanya, China",LAX,900,900
2026-06-25,BOJ,"Burgas, Bulgaria",MIA,905,905
2026-06-25,BSR,"Basrah, Iraq",PDX,942,942
2026-06-25,LCA,"Larnarca, Cyprus",ORD,970,966
2026-06-25,PQC,"Duong Dong, Vietnam",ORD,1092,1092
2026-06-25,CTM,"Chetumal, Mexico",IAH,348,348
2026-06-25,MHH,"Marsh Harbour, Bahamas",FLL,449,449
2026-06-25,CMW,"Camaguey, Cuba",AUS,489,489
2026-06-25,TPP,"Tarapoto, Peru",MIA,538,538
2026-06-25,GDN,"Gdańsk, Poland",JFK,612,612
2026-06-25,SKB,"Basseterre, Saint Kitts and Nevis",JFK,619,619
2026-06-25,BON,"Kralendijk, Bonaire",ATL,631,630
2026-06-25,LTO,"Loreto, Mexico",DFW,632,632
2026-06-25,ZLO,"Manzanillo, Mexico",BWI,640,640
2026-06-25,CGH,"Sao Paulo, Brazil",MIA,698,697
2026-06-25,DGO,"Durango, Mexico",MKE,700,700
2026-06-25,OLB,"Olbia, Italy",IAD,701,701
2026-06-25,MLA,"Luqa, Malta",ORD,730,730
2026-06-25,VRN,"Verona, Italy",BOS,796,796
2026-06-25,HAK,"Haikou, China",SFO,878,878
2026-06-25,CCU,"Kolkata, India",IAD,1013,1013
2026-06-25,SOU,"Southampton, UK",IAD,1045,1045
2026-06-25,PZU,"Port Sudan, Sudan",SFO,1072,1072
2026-06-25,RMI,"Rimini, Italy",DCA,1092,1092
2026-06-25,COV,"Tarsus, Türkiye",IAH,1173,1173
2026-06-25,TSR,"Timisoara, Romania",IAD,1175,1175
2026-06-25,COO,"Cotonou, Benin",IAH,1223,1223
2026-06-25,KSN,"Kostanay, Kazakhstan",MIA,1316,1316
2026-06-25,IKT,"Irkutsk, Russia",BOS,1322,1322
2026-06-25,LPB,"La Paz / El Alto, Bolivia",BWI,1378,1378
2026-06-25,KRR,"Krasnodar, Russia",DFW,1412,1412
2026-06-25,DUR,"Durban, South Africa",IAD,1415,1411
2026-06-25,NIM,"Niamey, Niger",IND,1656,1656
2026-06-25,PHC,"Port Harcourt, Nigeria",IAH,1687,1687
2026-06-25,LUN,"Lusaka, Zambia",IAD,1944,1944
2026-06-25,MCX,"Makhachkala, Russia",SFO,2019,2019
2026-06-25,YHM,"Hamilton, Canada",FLL,243,243
2026-06-25,TIJ,"Tijuana, Mexico",LAX,296,296
2026-06-25,YOW,"Ottawa, Canada",CMH,401,401
2026-06-25,BGY,"Bergamo, Italy",BOS,599,599
2026-06-25,YXY,"Whitehorse, Canada",BNA,605,605
2026-06-25,AXM,"Armenia, Colombia",JFK,640,640
2026-06-25,ZIH,"Ixtapa, Mexico",LAX,720,720
2026-06-25,NUE,"Nuremberg, Germany",MIA,801,801
2026-06-25,CGO,"Zhengzhou, China",SFO,806,806
2026-06-25,SHA,"Shanghai, China",LAX,820,820
2026-06-25,WUH,"Wuhan, China",SFO,821,821
2026-06-25,RZE,"Rzeszow, Poland",ORD,838,838
2026-06-25,YZF,"Yellowknife, Canada",ORD,862,862
2026-06-25,HBE,"Alexandria, Egypt",BOS,867,867
2026-06-25,HAJ,"Hannover, Germany",DTW,885,885
2026-06-25,XRY,"Jerez de la Forntera, Spain",MIA,910,910
2026-06-25,CBB,"Cochabamba, Bolivia",LAX,953,953
2026-06-25,PNT,"Puerto Natales, Chile",FLL,1001,1001
2026-06-25,CUK,"Caye Caulker, Belize",SFO,1003,1003
2026-06-25,VRA,"Varadero, Cuba",SFO,1007,1007
2026-06-25,CLJ,"Cluj-Napoca, Romania",SFO,1035,1035
2026-06-25,SZX,"Shenzhen, China",ORD,1140,1140
2026-06-25,IGD,"Igdir, Türkiye",DFW,1203,1203
2026-06-25,PAS,"Paros Island, Greece",MIA,1217,1217
2026-06-25,NBJ,"Luanda, Angola",SEA,1244,1244
2026-06-25,CCP,"Concepcion, Chile",SLC,1290,1290
2026-06-25,DSS,"Diass, Senegal",CLT,1387,1387
2026-06-25,LWN,"Gyumri, Armenia",SFO,1719,1719
2026-06-25,USH,"Ushuahia, Argentina",SFO,1758,1758
2026-06-25,NMA,"Namangan, Uzbekistan",PIT,1807,1807
2026-06-25,KJA,"Krasnoyarsk, Russia",LAS,1960,1960
2026-06-25,UUD,"Ulan Ude, Russia",SEA,2652,2652
2026-06-25,YLW,"Kelowna, Canada",PHX,320,320
2026-06-25,ELH,"North Eleuthera, Bahamas",MIA,379,379
2026-06-25,YHZ,"Halifax, Canada",PHL,402,402
2026-06-25,CUU,"Chihuahua, Mexico",DEN,406,406
2026-06-25,YHU,"Longueuil, Canada",BWI,532,532
2026-06-25,PBC,"Puebla, Mexico",DEN,542,542
2026-06-25,BGA,"Bucaramanga, Colombia",JFK,548,548
2026-06-25,TRC,"Torreon, Mexico",DEN,553,553
2026-06-25,REX,"Reynosa, Mexico",ORD,575,575
2026-06-25,YXU,"London, Canada",ORD,580,580
2026-06-25,JTR,"Santorini Island, Greece",JFK,595,595
2026-06-25,CZM,"Cozumel, Mexico",DEN,607,607
2026-06-25,EIS,"Road Town, Virgin Islands",MCO,636,636
2026-06-25,AQP,"Arequipa, Peru",MCO,688,688
2026-06-25,CIX,"Chiclayo, Peru",SFO,695,695
2026-06-25,TRF,"Torp, Norway",SFO,721,721
2026-06-25,FMO,"Munster, Germany",DTW,762,762
2026-06-25,IAS,"Iasi, Romania",LGA,764,764
2026-06-25,VGO,"Vigo, Spain",ORD,779,779
2026-06-25,TOS,"Tromsø, Norway",MSP,783,783
2026-06-25,PTP,"Pointe-a-Pitre Le Raizet, Guadeloupe",AUS,791,791
2026-06-25,SHE,"Shenyang, China",SFO,813,813
2026-06-25,BOC,"Isla Colon, Panama",DFW,829,829
2026-06-25,SUF,"Lamezia Terme, Italy",IAH,835,835
2026-06-25,CUC,"Cucuta, Colombia",IND,846,846
2026-06-25,GMP,"Seoul, South Korea",HNL,881,881
2026-06-25,TER,"Lajes, Portugal",SFO,892,892
2026-06-25,MUX,"Multan, Pakistan",DTW,907,907
2026-06-25,DVO,"Davao City, Philippines",SFO,931,931
2026-06-25,PSA,"Pisa, Italy",BOS,933,933
2026-06-25,PVH,"Porto Velho, Brazil",MCO,948,952
2026-06-25,XSC,"South Caicos Airport, Turks and Caicos Islands",IAH,977,977
2026-06-25,LBA,"Leeds, UK",ATL,983,983
2026-06-25,SBH,"Gustavia, Saint Barthélemy",MIA,1040,1040
2026-06-25,EFL,"Kefallinia Island, Greece",PHX,1053,1053
2026-06-25,MGF,"Maringa, Brazil",BOS,1058,1058
2026-06-25,MJI,"Tripoli, Libya",ATL,1085,1085
2026-06-25,ADZ,"San Andres, Colombia",FLL,1093,1093
2026-06-25,PEG,"Perugia, Italy",ORD,1096,1096
2026-06-25,HGA,"Hargeisa, Somalia",ATL,1143,1143
2026-06-25,NGO,"Tokoname, Japan",CLT,1167,1167
2026-06-25,SCO,"Aktau, Kazakhstan",ORD,1179,1179
2026-06-25,PFO,"Paphos, Cyprus",PDX,1193,1193
2026-06-25,CRL,"Brussels, Belgium",DFW,1201,1201
2026-06-25,LYP,"Faisalabad, Pakistan",SMF,1218,1218
2026-06-25,SJZ,"Velas, Portugal",SFO,1222,1222
2026-06-25,WEH,"Weihai, China",SEA,1240,1240
2026-06-25,MOC,"Montes Claros, Brazil",MSP,1257,1257
2026-06-25,CFE,"Clermont-Ferrand/Auvergne, France",MIA,1315,1315
2026-06-25,NEV,"Charlestown, Saint Kitts and Nevis",STL,1344,1344
2026-06-25,BDS,"Brindisi, Italy",DTW,1352,1352
2026-06-25,XIY,"Xianyang, China",CVG,1352,1352
2026-06-25,VLN,"Valencia, Venezuela",DFW,1357,1357
2026-06-25,LEJ,"Leipzig, Germany",ANC,1382,1382
2026-06-25,APW,"Apia, Samoa",PHX,1399,1399
2026-06-25,BLA,"Barcelona, Venezuela",BOS,1445,1445
2026-06-25,TSN,"Tianjin, China",PHX,1474,1474
2026-06-25,CEI,"Chiang Rai, Thailand",IAH,1476,1476
2026-06-25,KKN,"Kirkenes, Norway",ORD,1500,1500
2026-06-25,SPR,SPR,MIA,1565,1565
2026-06-25,MQM,"Mardin, Türkiye",BOS,1659,1659
2026-06-25,CJU,"Jeju City, South Korea",CLT,1663,1663
2026-06-25,WDH,"Windhoek, Namibia",MIA,1689,1686
2026-06-25,KRS,"Kjevik, Norway",BNA,1765,1765
2026-06-25,GUW,"Atyrau, Kazakhstan",IND,1794,1794
2026-06-25,BLZ,"Blantyre, Malawi",CMH,1841,1841
2026-06-25,CIT,"Shymkent, Kazakhstan",SFO,1893,1893
2026-06-25,KGF,"Karaganda, Kazakhstan",MIA,2007,2007
2026-06-25,URA,"Uralsk, Kazakhstan",MSP,2011,2011
2026-06-25,NDJ,"N'Djamena, Chad",IND,2061,2061
2026-06-25,OSS,"Osh, Kyrgyzstan",DFW,2151,2151
2026-06-25,FBM,"Lubumbashi, Congo",IND,2238,2238
2026-06-25,YKF,"Waterloo, Canada",MDW,2265,2265
2026-06-25,BAX,"Barnaul, Russia",MIA,2311,2311
2026-06-25,YBP,"Yibin, China",DFW,2384,2384
2026-06-25,LBD,"Khudzhand, Tajikistan",DFW,2441,2441
2026-06-25,NGS,"Nagasaki, Japan",ATL,2575,2575
2026-06-25,MGQ,"Mogadishu, Somalia",SEA,2596,2596
2026-06-25,ASF,"Astrakhan, Russia",BOS,2740,2740
2026-06-25,IKU,"Tamchy, Kyrgyzstan",PDX,2946,2946
2026-06-25,GVN,"Sovetskaya Gavan, Russia",SNA,3142,3142
2026-06-25,ITU,ITU,ATL,3316,3316
2026-06-25,URC,"Urumqi, China",SNA,4838,4838
2026-06-25,SDQ,"Santo Domingo, Dom. Rep.",EWR,190,188
2026-06-25,SAL,San Salvador,LGA,187,185
2026-06-25,FCO,"Rome, Italy",LAX,460,455
2026-06-25,BCN,"Barcelona, Spain",ORD,484,480
2026-06-25,VNO,"Vilnius, Lithuania",LAX,546,538
2026-06-25,LIS,"Lisbon, Portugal",JFK,614,607
2026-06-25,GRU,"Sao Paulo, Brazil",MIA,446,443
2026-06-25,CAI,"Cairo, Egypt",IAD,634,626
2026-06-25,OTP,"Bucharest, Romania",MIA,670,662
2026-06-25,FLR,"Florence, Italy",BOS,764,757
2026-06-25,HKT,"Phuket, Thailand",LAX,768,760
2026-06-25,ICN,"Seoul, South Korea",SFO,672,666
2026-06-25,JNB,"Johannesburg, S. Africa",IAH,844,838
2026-06-25,CPT,"Cape Town, S. Africa",ORD,1254,1243
2026-06-25,PPT,"Papeete, Tahiti",SFO,821,809
2026-06-25,USM,"Koh Samui, Thailand",DFW,1548,1527
2026-06-25,CNX,"Chiang Mai, Thailand",SFO,1769,1746
2026-06-25,TAS,"Tashkent, Uzbekistan",LAX,743,739
2026-06-25,KZN,"Kazan, Russia",FLL,1390,1383
2026-06-25,ORY,"Paris, France",JFK,474,467
2026-06-25,TQO,"Tulum, Mexico",LGA,411,407
2026-06-25,DYU,"Dushanbe, Tajikistan",ORD,1282,1266
2026-06-25,FIH,"Kinshasa, Congo",DFW,915,902
2026-06-25,NLU,"Reyes Acozac, Mexico",LAX,278,274
2026-06-25,ZIA,"Zhukovsky, Russia",IAD,1505,1488
2026-06-25,ISU,"Sulaymaniyah, Iraq",DCA,1143,1137
2026-06-25,CAP,"Cap Haitien, Haiti",FLL,622,613
2026-06-25,YWG,"Winnipeg, Canada",LGA,427,424
2026-06-25,LLW,"Lilongwe, Malawi",ORD,1263,1255
2026-06-25,TAO,"Qingdao, China",MIA,1554,1546
2026-06-25,TAB,"Scarborough, Trinidad and Tobago",JFK,518,514
2026-06-25,PMO,"Palermo, Italy",ORD,851,845
2026-06-25,UGC,"Urgench, Uzbekistan",ORD,1321,1302
2026-06-25,ATH,"Athens, Greece",JFK,533,523
2026-06-25,DPS,"Bali, Indonesia",SEA,815,801
2026-06-25,NCE,"Nice, France",MIA,772,757
2026-06-25,TPE,"Taipei, Taiwan",ORD,731,715
2026-06-25,COK,"Kochi, India",MIA,1167,1144
2026-06-25,SSA,"Salvador, Brazil",MSY,1095,1071
2026-06-25,POP,"Puerto Plata, Dominican Republic",MIA,428,418
2026-06-25,VCP,"Campinas, Brazil",FLL,604,593
2026-06-25,DLA,"Douala, Cameroon",DTW,1246,1225
2026-06-25,GYN,"Goiania, Brazil",BNA,907,885
2026-06-25,MRV,"Mineralnyye Vody, Russia",MIA,1680,1651
2026-06-25,BPS,"Porto Seguro, Brazil",PHL,1037,1018
2026-06-25,SLP,"San Luis Potosi, Mexico",DFW,441,431
2026-06-25,ADB,"Izmir, Türkiye",IAD,910,896
2026-06-25,HER,"Heraklion, Greece",BOS,950,930
2026-06-25,SVG,"Stavanger, Norway",ATL,883,864
2026-06-25,JMK,"Mykonos Island, Greece",LAX,966,946
2026-06-25,NJF,"Najaf, Iraq",MSP,1445,1418
2026-06-25,CSX,"Changsha, China",CLT,1919,1890
2026-06-25,SJU,"San Juan, Puerto Rico",TPA,145,141
2026-06-25,AUA,Aruba,TPA,242,235
2026-06-25,BKK,"Bangkok, Thailand",SFO,662,645
2026-06-25,EBL,"Arbil, Iraq",SAN,921,894
2026-06-25,SVD,"Argyle, Saint Vincent and the Grenadines",EWR,389,379
2026-06-25,SNU,"Santa Clara, Cuba",MIA,362,353
2026-06-25,YDF,"Deer Lake, Canada",IND,751,726
2026-06-25,OGZ,"Beslan, Russia",CLT,1683,1639
2026-06-25,BPN,"Balikpapan, Borneo Island, Indonesia",CLT,1970,1911
2026-06-25,MDE,"Medellin, Colombia",FLL,252,242
2026-06-25,SJD,"Los Cabos, Mexico",EWR,264,254
2026-06-25,FLN,"Florianopolis, Brazil",BOS,971,938
2026-06-25,LOS,"Lagos, Nigeria",IND,925,889
2026-06-25,SIN,Singapore,SFO,678,654
2026-06-25,HND,"Tokyo, Japan",SFO,829,796
2026-06-25,BJM,"Bujumbura, Burundi",LAX,1053,1016
2026-06-25,LTN,"London, UK",LGA,787,759
2026-06-25,SKG,"Thessaloniki, Greece",DTW,671,645
2026-06-25,BOG,"Bogota, Colombia",AUS,271,258
2026-06-25,BGI,"Bridgetown, Barbados",DCA,457,434
2026-06-25,AEP,"Buenos Aires, Argentina",MIA,627,599
2026-06-25,IBZ,"Ibiza, Spain",IAD,845,802
2026-06-25,DLM,"Dalaman, Türkiye",ORD,1381,1318
2026-06-25,PLS,"Providenciales, Turks",JFK,436,412
2026-06-25,MAA,"Chennai, India",ORD,1097,1034
2026-06-25,OKA,"Okinawa, Japan",SFO,979,922
2026-06-25,HYD,"Hyderabad, India",ORD,988,935
2026-06-25,CEK,"Chelyabinsk, Russia",IAH,1735,1638
2026-06-25,SKP,"Skopje, North Macedonia",CVG,711,673
2026-06-25,GOX,"Mopa, India",SNA,1767,1664
2026-06-25,MPM,"Maputo, Mozambique",MSP,2405,2266
2026-06-25,GOT,"Gothenburg, Sweden",SFO,730,685
2026-06-25,QRO,"Queretaro, Mexico",RDU,279,260
2026-06-25,CUE,"Cuenca, Ecuador",ATL,570,535
2026-06-25,LIN,"Milan, Italy",LAX,806,752
2026-06-25,VXE,"Sao Pedro, Cabo Verde",BOS,1416,1329
2026-06-25,ASU,"Asuncion, Paraguay",MIA,908,847
2026-06-25,CGK,"Jakarta, Indonesia",PHX,1291,1194
2026-06-25,CRK,"Angeles City, Philippines",LAX,914,844
2026-06-25,SVQ,"Seville, Spain",STL,1069,983
2026-06-25,GGT,"George Town, Bahamas",MIA,558,503
2026-06-25,NVT,"Navegantes, Brazil",BOS,1627,1467
2026-06-25,KUT,"Kutaisi, Georgia",OAK,1804,1595
2026-06-25,ABV,"Abuja, Nigeria",TPA,1937,1713
2026-06-25,EOH,"Medellin, Colombia",DFW,815,675
2026-06-25,CUL,"Culiacan, Mexico",SEA,619,453
2026-06-25,BKI,"Kota Kinabalu, Malaysia",LAX,1046,1590
2026-06-25,ZYR,ZYR,LAX,600,840
2026-06-25,PUJ,"Punta Cana, Dom. Rep.",MIA,128,150
2026-06-25,PEK,"Beijing, China",SEA,510,598
2026-06-25,SCU,"Santiago, Cuba",MIA,697,817
2026-06-25,VTE,"Vientiane, Laos",SEA,1148,1345
2026-06-25,REC,"Recife, Brazil",MIA,771,896
2026-06-25,HND,"Tokyo, Japan",LAX,689,798
2026-06-25,OUA,"Ouagadougou, Burkina Faso",JFK,654,752
2026-06-25,TAM,"Tampico, Mexico",ATL,591,676
2026-06-25,BLR,"Bangalore, India",IAD,879,994
2026-06-25,YEG,"Edmonton, Canada",SLC,274,311
2026-06-25,UIO,"Quito, Ecuador",JFK,298,335
2026-06-25,AXA,"The Valley, Anguilla",MIA,647,725
2026-06-25,RUH,"Riyadh, Saudi Arabia",IAD,1048,1168
2026-06-25,OGU,"Ordu, Türkiye",BOS,988,1100
2026-06-25,CTG,"Cartagena, Colombia",FLL,223,245
2026-06-25,HAM,"Hamburg, Germany",JFK,589,648
2026-06-25,TGD,"Podgorica, Montenegro",ORD,559,616
2026-06-25,ESB,"Ankara, Türkiye",IAD,894,978
2026-06-25,BDA,"Hamilton, Bermuda",EWR,329,359
2026-06-25,TLL,"Tallinn, Estonia",EWR,533,574
2026-06-25,MNL,"Manila, Philippines",LAX,495,535
2026-06-25,AGU,"Aguascalientes, Mexico",DFW,386,416
2026-06-25,BIM,"South Bimini, Bahamas",IND,394,424
2026-06-25,GYE,"Guayaquil, Ecuador",JFK,234,250
2026-06-25,MAD,"Madrid, Spain",EWR,397,424
2026-06-25,HAV,"Havana, Cuba",MIA,184,196
2026-06-25,GCM,Grand Cayman,IAD,383,402
2026-06-25,BER,"Berlin, Germany",JFK,583,615
2026-06-25,ZRH,"Zurich, Switzerland",BWI,577,605
2026-06-25,ACC,"Accra, Ghana",IAD,954,1002
2026-06-25,UBN,"Ulaanbaatar, Mongolia",ORD,786,828
2026-06-25,KUL,"Kuala Lumpur, Malaysia",SFO,702,731
2026-06-25,MLE,"Male, Maldives",MSY,917,951
2026-06-25,MEL,"Melbourne, Australia",DTW,981,1027
2026-06-25,GVA,"Geneva, Switzerland",MCO,477,495
2026-06-25,CEB,"Cebu, Philippines",LAX,591,614
2026-06-25,SYD,"Sydney, Australia",LAX,741,770
2026-06-25,CLO,"Cali, Colombia",MCO,234,243
2026-06-25,VIX,"Vitoria, Brazil",BOS,596,622
2026-06-25,CUZ,"Cusco, Peru",BWI,858,891
2026-06-25,PTY,"Panama City, Panama",JFK,269,277
2026-06-25,VNO,"Vilnius, Lithuania",EWR,524,538
2026-06-25,GIG,"Rio de Janeiro, Brazil",TPA,431,446
2026-06-25,RIX,"Riga, Latvia",JFK,542,560
2026-06-25,DOH,"Doha, Qatar",IAD,1501,1545
2026-06-25,RMO,"Chișinău, Moldova",EWR,579,598
2026-06-25,MSQ,"Minsk, Belarus",IAD,1471,1516
2026-06-25,PDL,"Ponta Delgada, Portugal",BOS,610,630
2026-06-25,TGZ,"Tuxtla Gutierrez, Mexico",IAH,426,437
2026-06-25,INN,"Innsbruck, Austria",AUS,1571,1614
2026-06-25,ROR,"Babelthuap Island, Palau",HNL,2380,2448
2026-06-25,UVF,St. Lucia,JFK,499,508
2026-06-25,YYZ,"Toronto, Canada",FLL,203,207
2026-06-25,BEG,"Belgrade, Serbia",JFK,662,676
2026-06-25,VLC,"Valencia, Spain",BOS,664,676
2026-06-25,NBO,"Nairobi, Kenya",IAD,722,739
2026-06-25,NAN,"Nadi, Fiji",LAX,694,709
2026-06-25,CGN,"Cologne, Germany",ORD,836,849
2026-06-25,SVO,"Moscow, Russia",MIA,1145,1163
2026-06-25,STI,"Santiago, Dominican Republic",EWR,197,202
2026-06-25,BSZ,"Bishkek, Kyrgyzstan",ORD,1025,1042
2026-06-25,YTZ,"Toronto, Canada",ORD,195,200
2026-06-25,MTY,"Monterrey, Mexico",DFW,176,180
2026-06-25,STN,"London, UK",SEA,668,685
2026-06-25,TFU,"Tianfu, China",DCA,1649,1683
2026-06-25,MEX,"Mexico City, Mexico",IAH,165,167
2026-06-25,ARN,"Stockholm, Sweden",JFK,408,411
2026-06-25,AGP,"Malaga, Spain",JFK,579,585
2026-06-25,EVN,"Yerevan, Armenia",BOS,727,737
2026-06-25,HRG,"Hurghada, Egypt",LAX,973,985
2026-06-25,SAW,"Istanbul, Türkiye",JFK,662,667
2026-06-25,BUS,"Batumi, Georgia",IAD,913,919
2026-06-25,SKD,"Samarkand, Uzbekistan",IAD,1047,1053
2026-06-25,CNF,"Belo Horizonte, Brazil",BOS,411,414
2026-06-25,KTI,"Krong Ta Khmau, Cambodia",LAX,735,741
2026-06-25,ROB,"Monrovia, Liberia",PHL,1367,1376
2026-06-25,GZP,"Gazipasa, Türkiye",BWI,1074,1081
2026-06-25,SHJ,"Sharjah, UAE",ATL,809,818
2026-06-25,AMD,"Ahmedabad, India",IAD,929,934
2026-06-25,SNN,"Shannon, Ireland",EWR,630,635
2026-06-25,BRI,"Bari, Italy",IAD,774,784
2026-06-25,ALG,"Algiers, Algeria",BOS,750,755
2026-06-25,RAI,"Praia, Cabo Verde",BOS,891,899
2026-06-25,YQB,"Quebec City, Canada",SAN,457,462
2026-06-25,FNC,"Funchal, Portugal",SFO,1113,1124
2026-06-25,WMI,"Warsaw, Poland",ORD,679,688
2026-06-25,HOR,"Horta, Portugal",BOS,797,806
2026-06-25,SID,"Espargos, Cabo Verde",FLL,1422,1438
2026-06-25,STW,"Stavropol, Russia",SFO,2361,2385
2026-06-25,KIN,"Kingston, Jamaica",JFK,246,246
2026-06-25,GUA,Guatemala City,MIA,190,190
2026-06-25,MBJ,"Montego Bay, Jamaica",TPA,217,217
2026-06-25,CUN,"Cancun, Mexico",ATL,166,166
2026-06-25,NAS,"Nassau, Bahamas",MIA,266,266
2026-06-25,KEF,"Reykjavik, Iceland",ORD,394,394
2026-06-25,YVR,"Vancouver, Canada",LAX,163,163
2026-06-25,POS,"Port of Spain, Trinidad",FLL,317,317
2026-06-25,SJO,"San Jose, Costa Rica",MIA,207,207
2026-06-25,CUR,Curacao,EWR,345,345
2026-06-25,YYC,"Calgary, Canada",SAN,270,269
2026-06-25,VIE,"Vienna, Austria",JFK,459,459
2026-06-25,OSL,"Oslo, Norway",JFK,465,464
2026-06-25,BUD,"Budapest, Hungary",EWR,483,483
2026-06-25,CDG,"Paris, France",EWR,464,464
2026-06-25,DUB,"Dublin, Ireland",ORD,457,457
2026-06-25,LIM,"Lima, Peru",MIA,397,397
2026-06-25,SXM,St. Maarten,LGA,468,467
2026-06-25,AMS,"Amsterdam, Netherlands",JFK,527,527
2026-06-25,FRA,"Frankfurt, Germany",JFK,532,534
2026-06-25,MXP,"Milan, Italy",SFO,501,501
2026-06-25,MGA,"Managua, Nicaragua",MIA,299,299
2026-06-25,ANU,Antigua,JFK,538,538
2026-06-25,DXB,"Dubai, UAE",JFK,550,550
2026-06-25,WAW,"Warsaw, Poland",IAD,470,470
2026-06-25,IST,"Istanbul, Turkey",JFK,561,561
2026-06-25,CMN,"Casablanca, Morocco",LGA,540,540
2026-06-25,CPH,"Copenhagen, Denmark",RDU,466,466
2026-06-25,KRK,"Krakow, Poland",JFK,587,587
2026-06-25,VCE,"Venice, Italy",EWR,587,587
2026-06-25,LHR,"London, UK",BWI,482,482
2026-06-25,OPO,"Porto, Portugal",BOS,568,570
2026-06-25,SOF,"Sofia, Bulgaria",JFK,640,642
2026-06-25,TBS,"Tbilisi, Georgia",JFK,642,642
2026-06-25,HEL,"Helsinki, Finland",MSP,529,528
2026-06-25,MUC,"Munich, Germany",JFK,647,648
2026-06-25,TUN,"Tunis, Tunisia",JFK,658,658
2026-06-25,YUL,"Montreal, Canada",BOS,217,217
2026-06-25,GRU,"Sao Paulo, Brazil",MIA,446,444
2026-06-25,PRG,"Prague, Czechia",LAX,581,581
2026-06-25,FPO,"Freeport, Bahamas",FLL,410,410
2026-06-25,SSH,"Sharm El Sheikh, Egypt",EWR,667,667
2026-06-25,GND,Grenada,MIA,674,674
2026-06-25,RAK,"Marrakech, Morocco",BOS,628,628
2026-06-25,NAP,"Naples, Italy",LAX,743,743
2026-06-25,BOM,"Mumbai, India",BOS,854,854
2026-06-25,BRU,"Brussels, Belgium",BWI,528,527
2026-06-25,ADD,"Addis Ababa, Ethiopia",BOS,966,966
2026-06-25,JED,"Jeddah, Saudi Arabia",ORD,722,722
2026-06-25,SGN,"Ho Chi Minh, Vietnam",LAX,618,616
2026-06-25,GYD,"Baku, Azerbaijan",IAD,946,946
2026-06-25,HKG,Hong Kong,SFO,634,634
2026-06-25,KTM,"Kathmandu, Nepal",HNL,1066,1066
2026-06-25,CAN,"Guangzhou, China",SFO,640,640
2026-06-25,BZE,"Belize City, Belize",IAD,334,334
2026-06-25,STT,"St. Thomas, USVI",MIA,389,389
2026-06-25,EZE,"Buenos Aires, Argentina",AUS,529,529
2026-06-25,MAN,"Manchester, UK",IAD,686,686
2026-06-25,DEL,"Delhi, India",IAD,783,783
2026-06-25,PVG,"Shanghai, China",LAX,617,617
2026-06-25,LIR,"Liberia, Costa Rica",PDX,338,338
2026-06-25,NRT,"Tokyo, Japan",HNL,644,644
2026-06-25,DBV,"Dubrovnik, Croatia",ATL,617,617
2026-06-25,BLQ,"Bologna, Italy",ATL,648,648
2026-06-25,ZAG,"Zagreb, Croatia",CLE,668,668
2026-06-25,GLA,"Glasgow, Scotland",ATL,710,710
2026-06-25,SCL,"Santiago, Chile",MCO,355,355
2026-06-25,EDI,"Edinburgh, Scotland",ORD,673,673
2026-06-25,FOR,"Fortaleza, Brazil",MIA,753,750
2026-06-25,ZNZ,"Zanzibar, Tanzania",ORD,918,918
2026-06-25,MBA,"Mombasa, Kenya",ATL,1339,1339
2026-06-25,DAD,"Da Nang, Vietnam",SFO,743,744
2026-06-25,GOI,"Goa, India",ATL,2295,2295
2026-06-25,AUH,"Abu Dhabi, UAE",MIA,912,912
2026-06-25,BNE,"Brisbane, Australia",LAX,718,718
2026-06-25,HAN,"Hanoi, Vietnam",LAX,786,786
2026-06-25,AKL,"Auckland, New Zealand",DFW,701,701
2026-06-25,MRS,"Marseille, France",ORD,765,765
2026-06-25,FAO,"Faro, Portugal",ORD,906,906
2026-06-25,CMB,"Colombo, Sri Lanka",ORD,1073,1073
2026-06-25,KIX,"Osaka, Japan",LAX,861,861
2026-06-25,MRU,Mauritius,ORD,1572,1572
2026-06-25,TGU,"Tegucigalpa, Honduras",RDU,932,932
2026-06-25,KWI,Kuwait City,DEN,1115,1115
2026-06-25,LYS,"Lyon, France",LAX,1061,1061
2026-06-25,ZQN,"Queenstown, NZ",IND,1606,1606
2026-06-25,VKO,"Moscow, Russia",IAD,1165,1168
2026-06-25,LED,"St. Petersburg, Russia",IAD,1211,1211
2026-06-25,ALA,"Almaty, Kazakhstan",LAX,797,797
2026-06-25,NQZ,"Astana, Kazakhstan",IAH,1134,1129
2026-06-25,DME,"Moscow, Russia",ORD,1215,1215
2026-06-25,LGW,"London, UK",MCO,391,391
2026-06-25,GDL,"Guadalajara, Mexico",LAX,245,245
2026-06-25,BJX,"Silao, Mexico",IAH,249,249
2026-06-25,AYT,"Antalya, Türkiye",BOS,705,705
2026-06-25,TIV,"Tivat, Montenegro",SEA,975,975
2026-06-25,SAP,"La Mesa, Honduras",MIA,268,268
2026-06-25,XPL,"Comayagua, Honduras",MCO,358,358
2026-06-25,PVR,"Puerto Vallarta, Mexico",LAX,315,314
2026-06-25,LHE,"Lahore, Pakistan",SFO,780,780
2026-06-25,ISB,"Islamabad, Pakistan",IAD,631,631
2026-06-25,FOC,"Fuzhou, China",IAD,1056,1056
2026-06-25,UFA,"Ufa, Russia",BOS,1401,1401
2026-06-25,MLM,"Morelia, Mexico",LAX,236,236
2026-06-25,TIA,"Tirana, Albania",JFK,517,517
2026-06-25,PMI,"Palma De Mallorca, Spain",ATL,644,643
2026-06-25,SVX,"Yekaterinburg, Russia",SEA,1508,1508
2026-06-25,BGW,"Baghdad, Iraq",ORD,823,823
2026-06-25,TLC,"Toluca, Mexico",IAH,250,250
2026-06-25,CCS,"Caracas, Venezuela",MIA,422,422
2026-06-25,BVA,"Beauvais/Tille, France",JFK,620,620
2026-06-25,VVI,"Santa Cruz, Bolivia",IAD,710,710
2026-06-25,OVB,"Novosibirsk, Russia",DEN,1552,1552
2026-06-25,BSB,"Brasilia, Brazil",MIA,387,387
2026-06-25,PRN,Lipjan,IAD,684,684
2026-06-25,AER,"Sochi, Russia",MIA,1151,1151
2026-06-25,ALC,"Alicante, Spain",BOS,609,606
2026-06-25,OAX,"Oaxaca, Mexico",LAX,207,207
2026-06-25,BAQ,"Barranquilla, Colombia",MIA,258,258
2026-06-25,KHI,"Karachi, Pakistan",JFK,649,649
2026-06-25,GEO,"Georgetown, Guyana",MIA,330,330
2026-06-25,POA,"Porto Alegre, Brazil",BOS,716,713
2026-06-25,CFU,"Kerkyra Island, Greece",BOS,959,959
2026-06-25,RTB,"Roatan Island, Honduras",JFK,616,616
2026-06-25,MED,"Medina, Saudi Arabia",ORD,854,854
2026-06-25,DAC,"Dhaka, Bangladesh",ATL,857,857
2026-06-25,MID,"Merida, Mexico",OAK,323,323
2026-06-25,MVD,"Montevideo, Uruguay",IAD,476,476
2026-06-25,CIA,"Roma, Italy",BWI,778,778
2026-06-25,KBL,"Kabul, Afghanistan",IAD,861,861
2026-06-25,RHO,"Rodes Island, Greece",LAX,925,929
2026-06-25,HOG,"Holguin, Cuba",SAT,517,517
2026-06-25,SDU,"Rio De Janeiro, Brazil",EWR,695,697
2026-06-25,DAR,"Dar es Salaam, Tanzania",IAD,939,939
2026-06-25,CXR,"Nha Trang, Vietnam",SFO,1072,1072
2026-06-25,SEZ,"Mahe Island, Seychelles",ORD,1403,1403
2026-06-25,VVO,"Vladivostok, Russia",SEA,1510,1510
2026-06-25,MZT,"Mazatlan, Mexico",SAT,368,368
2026-06-25,PEI,"Pereira, Colombia",MCO,459,459
2026-06-25,EBB,"Kampala, Uganda",ATL,808,808
2026-06-25,VER,"Veracruz, Mexico",DFW,345,345
2026-06-25,HHN,"Hahn, Germany",IAD,754,756
2026-06-25,LFW,"Lome, Togo",IAD,1122,1122
2026-06-25,ISU,"Sulaymaniyah, Iraq",DCA,1143,1138
2026-06-25,CGR,"Campo Grande, Brazil",BWI,1172,1172
2026-06-25,HRE,"Harare, Zimbabwe",ORD,1280,1280
2026-06-25,KTW,"Katowice, Poland",MSP,1296,1296
2026-06-25,FNA,"Freetown, Sierra Leone",IAH,1407,1407
2026-06-25,NSI,"Yaounde, Cameroon",DFW,1414,1410
2026-06-25,KUF,"Samara, Russia",AUS,1661,1661
2026-06-25,KHV,"Khabarovsk, Russia",MIA,2438,2436
2026-06-25,YXE,"Saskatoon, Canada",LGA,507,507
2026-06-25,CWB,"Curitiba, Brazil",CLT,630,630
2026-06-25,PKX,"Beijing, China",LAX,669,669
2026-06-25,RBA,"Rabat, Morocco",MCO,690,690
2026-06-25,PVK,"Preveza/Lefkada, Greece",BOS,742,742
2026-06-25,BJV,"Bodrum, Türkiye",ORD,982,982
2026-06-25,MAR,"Maracaibo, Venezuela",MIA,279,279
2026-06-25,XMN,"Xiamen, China",SFO,739,739
2026-06-25,CKG,"Chongqing, China",SFO,883,883
2026-06-25,SYX,"Sanya, China",LAX,900,900
2026-06-25,BOJ,"Burgas, Bulgaria",MIA,905,905
2026-06-25,BSR,"Basrah, Iraq",PDX,942,942
2026-06-25,LCA,"Larnarca, Cyprus",ORD,970,966
2026-06-25,PQC,"Duong Dong, Vietnam",ORD,1092,1092
2026-06-25,CTM,"Chetumal, Mexico",IAH,348,348
2026-06-25,MHH,"Marsh Harbour, Bahamas",FLL,449,449
2026-06-25,CMW,"Camaguey, Cuba",AUS,489,489
2026-06-25,TPP,"Tarapoto, Peru",MIA,538,538
2026-06-25,GDN,"Gdańsk, Poland",JFK,612,612
2026-06-25,SKB,"Basseterre, Saint Kitts and Nevis",JFK,619,619
2026-06-25,BON,"Kralendijk, Bonaire",ATL,631,630
2026-06-25,LTO,"Loreto, Mexico",DFW,632,632
2026-06-25,ZLO,"Manzanillo, Mexico",BWI,640,640
2026-06-25,CGH,"Sao Paulo, Brazil",MIA,698,697
2026-06-25,DGO,"Durango, Mexico",MKE,700,700
2026-06-25,OLB,"Olbia, Italy",IAD,701,701
2026-06-25,MLA,"Luqa, Malta",ORD,730,730
2026-06-25,VRN,"Verona, Italy",BOS,796,796
2026-06-25,HAK,"Haikou, China",SFO,878,878
2026-06-25,CCU,"Kolkata, India",IAD,1013,1013
2026-06-25,SOU,"Southampton, UK",IAD,1045,1045
2026-06-25,PZU,"Port Sudan, Sudan",SFO,1072,1072
2026-06-25,RMI,"Rimini, Italy",DCA,1092,1092
2026-06-25,COV,"Tarsus, Türkiye",IAH,1173,1173
2026-06-25,TSR,"Timisoara, Romania",IAD,1175,1175
2026-06-25,COO,"Cotonou, Benin",IAH,1223,1223
2026-06-25,KSN,"Kostanay, Kazakhstan",MIA,1316,1316
2026-06-25,IKT,"Irkutsk, Russia",BOS,1322,1322
2026-06-25,LPB,"La Paz / El Alto, Bolivia",BWI,1378,1378
2026-06-25,KRR,"Krasnodar, Russia",DFW,1412,1412
2026-06-25,DUR,"Durban, South Africa",IAD,1415,1411
2026-06-25,NIM,"Niamey, Niger",IND,1656,1656
2026-06-25,PHC,"Port Harcourt, Nigeria",IAH,1687,1687
2026-06-25,LUN,"Lusaka, Zambia",IAD,1944,1944
2026-06-25,MCX,"Makhachkala, Russia",SFO,2019,2019
2026-06-25,YHM,"Hamilton, Canada",FLL,243,243
2026-06-25,TIJ,"Tijuana, Mexico",LAX,296,296
2026-06-25,YOW,"Ottawa, Canada",CMH,401,401
2026-06-25,BGA,"Bucaramanga, Colombia",JFK,548,548
2026-06-25,BGY,"Bergamo, Italy",BOS,599,599
2026-06-25,YXY,"Whitehorse, Canada",BNA,605,605
2026-06-25,AXM,"Armenia, Colombia",JFK,640,640
2026-06-25,ZIH,"Ixtapa, Mexico",LAX,720,720
2026-06-25,NUE,"Nuremberg, Germany",MIA,801,801
2026-06-25,CGO,"Zhengzhou, China",SFO,806,806
2026-06-25,SHA,"Shanghai, China",LAX,820,820
2026-06-25,WUH,"Wuhan, China",SFO,821,821
2026-06-25,RZE,"Rzeszow, Poland",ORD,838,838
2026-06-25,YZF,"Yellowknife, Canada",ORD,862,862
2026-06-25,HBE,"Alexandria, Egypt",BOS,867,867
2026-06-25,HAJ,"Hannover, Germany",DTW,885,885
2026-06-25,XRY,"Jerez de la Forntera, Spain",MIA,910,910
2026-06-25,CBB,"Cochabamba, Bolivia",LAX,953,953
2026-06-25,PNT,"Puerto Natales, Chile",FLL,1001,1001
2026-06-25,CUK,"Caye Caulker, Belize",SFO,1003,1003
2026-06-25,VRA,"Varadero, Cuba",SFO,1007,1007
2026-06-25,CLJ,"Cluj-Napoca, Romania",SFO,1035,1035
2026-06-25,SZX,"Shenzhen, China",ORD,1140,1140
2026-06-25,IGD,"Igdir, Türkiye",DFW,1203,1203
2026-06-25,PAS,"Paros Island, Greece",MIA,1217,1217
2026-06-25,NBJ,"Luanda, Angola",SEA,1244,1244
2026-06-25,CCP,"Concepcion, Chile",SLC,1290,1290
2026-06-25,DSS,"Diass, Senegal",CLT,1387,1387
2026-06-25,TAO,"Qingdao, China",MIA,1554,1547
2026-06-25,LWN,"Gyumri, Armenia",SFO,1719,1719
2026-06-25,USH,"Ushuahia, Argentina",SFO,1758,1758
2026-06-25,NMA,"Namangan, Uzbekistan",PIT,1807,1807
2026-06-25,KJA,"Krasnoyarsk, Russia",LAS,1960,1960
2026-06-25,UUD,"Ulan Ude, Russia",SEA,2652,2652
2026-06-25,YLW,"Kelowna, Canada",PHX,320,320
2026-06-25,ELH,"North Eleuthera, Bahamas",MIA,379,379
2026-06-25,YHZ,"Halifax, Canada",PHL,402,402
2026-06-25,CUU,"Chihuahua, Mexico",DEN,406,406
2026-06-25,YHU,"Longueuil, Canada",BWI,532,532
2026-06-25,PBC,"Puebla, Mexico",DEN,542,542
2026-06-25,TRC,"Torreon, Mexico",DEN,553,553
2026-06-25,REX,"Reynosa, Mexico",ORD,575,575
2026-06-25,YXU,"London, Canada",ORD,580,580
2026-06-25,JTR,"Santorini Island, Greece",JFK,595,595
2026-06-25,CZM,"Cozumel, Mexico",DEN,607,607
2026-06-25,EIS,"Road Town, Virgin Islands",MCO,636,636
2026-06-25,AQP,"Arequipa, Peru",MCO,688,688
2026-06-25,CIX,"Chiclayo, Peru",SFO,695,695
2026-06-25,TRF,"Torp, Norway",SFO,721,721
2026-06-25,FMO,"Munster, Germany",DTW,762,762
2026-06-25,IAS,"Iasi, Romania",LGA,764,764
2026-06-25,VGO,"Vigo, Spain",ORD,779,779
2026-06-25,TOS,"Tromsø, Norway",MSP,783,783
2026-06-25,PTP,"Pointe-a-Pitre Le Raizet, Guadeloupe",AUS,791,791
2026-06-25,SHE,"Shenyang, China",SFO,813,813
2026-06-25,BOC,"Isla Colon, Panama",DFW,829,829
2026-06-25,SUF,"Lamezia Terme, Italy",IAH,835,835
2026-06-25,CUC,"Cucuta, Colombia",IND,846,846
2026-06-25,GMP,"Seoul, South Korea",HNL,881,881
2026-06-25,TER,"Lajes, Portugal",SFO,892,892
2026-06-25,MUX,"Multan, Pakistan",DTW,907,907
2026-06-25,DVO,"Davao City, Philippines",SFO,931,931
2026-06-25,PSA,"Pisa, Italy",BOS,933,933
2026-06-25,PVH,"Porto Velho, Brazil",MCO,948,952
2026-06-25,XSC,"South Caicos Airport, Turks and Caicos Islands",IAH,977,977
2026-06-25,LBA,"Leeds, UK",ATL,983,983
2026-06-25,SBH,"Gustavia, Saint Barthélemy",MIA,1040,1040
2026-06-25,EFL,"Kefallinia Island, Greece",PHX,1053,1053
2026-06-25,MGF,"Maringa, Brazil",BOS,1058,1058
2026-06-25,MJI,"Tripoli, Libya",ATL,1085,1085
2026-06-25,ADZ,"San Andres, Colombia",FLL,1093,1093
2026-06-25,PEG,"Perugia, Italy",ORD,1096,1096
2026-06-25,HGA,"Hargeisa, Somalia",ATL,1143,1143
2026-06-25,NGO,"Tokoname, Japan",CLT,1167,1167
2026-06-25,SCO,"Aktau, Kazakhstan",ORD,1179,1179
2026-06-25,PFO,"Paphos, Cyprus",PDX,1193,1193
2026-06-25,CRL,"Brussels, Belgium",DFW,1201,1201
2026-06-25,LYP,"Faisalabad, Pakistan",SMF,1218,1218
2026-06-25,SJZ,"Velas, Portugal",SFO,1222,1222
2026-06-25,WEH,"Weihai, China",SEA,1240,1240
2026-06-25,MOC,"Montes Claros, Brazil",MSP,1257,1257
2026-06-25,CFE,"Clermont-Ferrand/Auvergne, France",MIA,1315,1315
2026-06-25,NEV,"Charlestown, Saint Kitts and Nevis",STL,1344,1344
2026-06-25,BDS,"Brindisi, Italy",DTW,1352,1352
2026-06-25,XIY,"Xianyang, China",CVG,1352,1352
2026-06-25,VLN,"Valencia, Venezuela",DFW,1357,1357
2026-06-25,LEJ,"Leipzig, Germany",ANC,1382,1382
2026-06-25,APW,"Apia, Samoa",PHX,1399,1399
2026-06-25,BLA,"Barcelona, Venezuela",BOS,1445,1445
2026-06-25,TSN,"Tianjin, China",PHX,1474,1474
2026-06-25,CEI,"Chiang Rai, Thailand",IAH,1476,1476
2026-06-25,KKN,"Kirkenes, Norway",ORD,1500,1500
2026-06-25,SPR,SPR,MIA,1565,1565
2026-06-25,MQM,"Mardin, Türkiye",BOS,1659,1659
2026-06-25,CJU,"Jeju City, South Korea",CLT,1663,1663
2026-06-25,WDH,"Windhoek, Namibia",MIA,1689,1686
2026-06-25,KRS,"Kjevik, Norway",BNA,1765,1765
2026-06-25,GUW,"Atyrau, Kazakhstan",IND,1794,1794
2026-06-25,BLZ,"Blantyre, Malawi",CMH,1841,1841
2026-06-25,CIT,"Shymkent, Kazakhstan",SFO,1893,1893
2026-06-25,KGF,"Karaganda, Kazakhstan",MIA,2007,2007
2026-06-25,URA,"Uralsk, Kazakhstan",MSP,2011,2011
2026-06-25,NDJ,"N'Djamena, Chad",IND,2061,2061
2026-06-25,OSS,"Osh, Kyrgyzstan",DFW,2151,2151
2026-06-25,FBM,"Lubumbashi, Congo",IND,2238,2238
2026-06-25,YKF,"Waterloo, Canada",MDW,2265,2265
2026-06-25,BAX,"Barnaul, Russia",MIA,2311,2311
2026-06-25,YBP,"Yibin, China",DFW,2384,2384
2026-06-25,LBD,"Khudzhand, Tajikistan",DFW,2441,2441
2026-06-25,NGS,"Nagasaki, Japan",ATL,2575,2575
2026-06-25,MGQ,"Mogadishu, Somalia",SEA,2596,2596
2026-06-25,ASF,"Astrakhan, Russia",BOS,2740,2740
2026-06-25,IKU,"Tamchy, Kyrgyzstan",PDX,2946,2946
2026-06-25,GVN,"Sovetskaya Gavan, Russia",SNA,3142,3142
2026-06-25,ITU,ITU,ATL,3316,3316
2026-06-25,URC,"Urumqi, China",SNA,4838,4838
2026-06-25,SDQ,"Santo Domingo, Dom. Rep.",EWR,190,189
2026-06-25,SAL,San Salvador,LGA,187,185
2026-06-25,FCO,"Rome, Italy",LAX,460,455
2026-06-25,LIS,"Lisbon, Portugal",JFK,614,607
2026-06-25,CAI,"Cairo, Egypt",IAD,634,626
2026-06-25,OTP,"Bucharest, Romania",MIA,670,662
2026-06-25,FLR,"Florence, Italy",BOS,764,757
2026-06-25,HKT,"Phuket, Thailand",LAX,768,761
2026-06-25,ICN,"Seoul, South Korea",SFO,672,666
2026-06-25,JNB,"Johannesburg, S. Africa",IAH,844,838
2026-06-25,CPT,"Cape Town, S. Africa",ORD,1254,1244
2026-06-25,PPT,"Papeete, Tahiti",SFO,821,810
2026-06-25,USM,"Koh Samui, Thailand",DFW,1548,1528
2026-06-25,CNX,"Chiang Mai, Thailand",SFO,1769,1747
2026-06-25,TAS,"Tashkent, Uzbekistan",LAX,743,739
2026-06-25,KZN,"Kazan, Russia",FLL,1390,1383
2026-06-25,ORY,"Paris, France",JFK,474,467
2026-06-25,TQO,"Tulum, Mexico",LGA,411,407
2026-06-25,DYU,"Dushanbe, Tajikistan",ORD,1282,1267
2026-06-25,FIH,"Kinshasa, Congo",DFW,915,903
2026-06-25,NLU,"Reyes Acozac, Mexico",LAX,278,274
2026-06-25,ZIA,"Zhukovsky, Russia",IAD,1505,1489
2026-06-25,CAP,"Cap Haitien, Haiti",FLL,622,613
2026-06-25,SJJ,"Sarajevo, Bosnia and Herzegovina",LAX,803,795
2026-06-25,YWG,"Winnipeg, Canada",LGA,427,424
2026-06-25,ADB,"Izmir, Türkiye",IAD,910,897
2026-06-25,LLW,"Lilongwe, Malawi",ORD,1263,1256
2026-06-25,TAB,"Scarborough, Trinidad and Tobago",JFK,518,515
2026-06-25,PMO,"Palermo, Italy",ORD,851,845
2026-06-25,UGC,"Urgench, Uzbekistan",ORD,1321,1303
2026-06-25,CSX,"Changsha, China",CLT,1919,1891
2026-06-25,ATH,"Athens, Greece",JFK,533,523
2026-06-25,BKK,"Bangkok, Thailand",SFO,662,646
2026-06-25,DPS,"Bali, Indonesia",SEA,815,801
2026-06-25,NCE,"Nice, France",MIA,772,758
2026-06-25,TPE,"Taipei, Taiwan",ORD,731,716
2026-06-25,COK,"Kochi, India",MIA,1167,1145
2026-06-25,SSA,"Salvador, Brazil",MSY,1095,1072
2026-06-25,POP,"Puerto Plata, Dominican Republic",MIA,428,419
2026-06-25,VCP,"Campinas, Brazil",FLL,604,594
2026-06-25,DLA,"Douala, Cameroon",DTW,1246,1226
2026-06-25,SNU,"Santa Clara, Cuba",MIA,362,354
2026-06-25,GYN,"Goiania, Brazil",BNA,907,887
2026-06-25,MRV,"Mineralnyye Vody, Russia",MIA,1680,1653
2026-06-25,BPS,"Porto Seguro, Brazil",PHL,1037,1019
2026-06-25,SLP,"San Luis Potosi, Mexico",DFW,441,432
2026-06-25,HER,"Heraklion, Greece",BOS,950,932
2026-06-25,SVG,"Stavanger, Norway",ATL,883,865
2026-06-25,JMK,"Mykonos Island, Greece",LAX,966,948
2026-06-25,NJF,"Najaf, Iraq",MSP,1445,1419
2026-06-25,SJU,"San Juan, Puerto Rico",TPA,145,141
2026-06-25,AUA,Aruba,TPA,242,236
2026-06-25,FLN,"Florianopolis, Brazil",BOS,971,940
2026-06-25,EBL,"Arbil, Iraq",SAN,921,895
2026-06-25,SVD,"Argyle, Saint Vincent and the Grenadines",EWR,389,379
2026-06-25,BJM,"Bujumbura, Burundi",LAX,1053,1018
2026-06-25,YDF,"Deer Lake, Canada",IND,751,727
2026-06-25,OGZ,"Beslan, Russia",CLT,1683,1641
2026-06-25,BPN,"Balikpapan, Borneo Island, Indonesia",CLT,1970,1914
2026-06-25,MDE,"Medellin, Colombia",FLL,252,242
2026-06-25,SJD,"Los Cabos, Mexico",EWR,264,254
2026-06-25,LOS,"Lagos, Nigeria",IND,925,891
2026-06-25,SIN,Singapore,SFO,678,655
2026-06-25,LTN,"London, UK",LGA,787,760
2026-06-25,AEP,"Buenos Aires, Argentina",MIA,627,601
2026-06-25,SKG,"Thessaloniki, Greece",DTW,671,647
2026-06-25,BOG,"Bogota, Colombia",AUS,271,258
2026-06-25,BGI,"Bridgetown, Barbados",DCA,457,436
2026-06-25,HYD,"Hyderabad, India",ORD,988,938
2026-06-25,SKP,"Skopje, North Macedonia",CVG,711,675
2026-06-25,IBZ,"Ibiza, Spain",IAD,845,804
2026-06-25,DLM,"Dalaman, Türkiye",ORD,1381,1321
2026-06-25,PLS,"Providenciales, Turks",JFK,436,413
2026-06-25,MAA,"Chennai, India",ORD,1097,1038
2026-06-25,OKA,"Okinawa, Japan",SFO,979,925
2026-06-25,GOT,"Gothenburg, Sweden",SFO,730,688
2026-06-25,CUE,"Cuenca, Ecuador",ATL,570,537
2026-06-25,VXE,"Sao Pedro, Cabo Verde",BOS,1416,1334
2026-06-25,CEK,"Chelyabinsk, Russia",IAH,1735,1643
2026-06-25,GOX,"Mopa, India",SNA,1767,1669
2026-06-25,MPM,"Maputo, Mozambique",MSP,2405,2274
2026-06-25,QRO,"Queretaro, Mexico",RDU,279,261
2026-06-25,LIN,"Milan, Italy",LAX,806,755
2026-06-25,ASU,"Asuncion, Paraguay",MIA,908,850
2026-06-25,CGK,"Jakarta, Indonesia",PHX,1291,1199
2026-06-25,SVQ,"Seville, Spain",STL,1069,988
2026-06-25,CRK,"Angeles City, Philippines",LAX,914,848
2026-06-25,GGT,"George Town, Bahamas",MIA,558,506
2026-06-25,NVT,"Navegantes, Brazil",BOS,1627,1476
2026-06-25,KUT,"Kutaisi, Georgia",OAK,1804,1607
2026-06-25,ABV,"Abuja, Nigeria",TPA,1937,1725
2026-06-25,BCN,"Barcelona, Spain",JFK,544,481
2026-06-25,ABJ,"Abidjan, Côte d'Ivoire",IAH,2228,1944
2026-06-25,EOH,"Medellin, Colombia",DFW,815,683
2026-06-25,CUL,"Culiacan, Mexico",SEA,619,462
2026-06-25,BOB,"Motu Mute, French Polynesia",CMH,1671,1020
2026-06-25,BKI,"Kota Kinabalu, Malaysia",LAX,1046,1590
2026-06-25,ZYR,ZYR,LAX,600,840
2026-06-25,UKB,"Kobe, Japan",LAX,1081,1513
2026-06-25,LGK,"Langkawi, Malaysia",ORD,1289,1780
2026-06-25,PUJ,"Punta Cana, Dom. Rep.",MIA,128,149
2026-06-25,PEK,"Beijing, China",SEA,510,593
2026-06-25,SCU,"Santiago, Cuba",MIA,697,811
2026-06-25,VTE,"Vientiane, Laos",SEA,1148,1335
2026-06-25,REC,"Recife, Brazil",MIA,771,889
2026-06-25,HND,"Tokyo, Japan",LAX,689,792
2026-06-25,OUA,"Ouagadougou, Burkina Faso",JFK,654,747
2026-06-25,TAM,"Tampico, Mexico",ATL,591,672
2026-06-25,UIO,"Quito, Ecuador",JFK,298,333
2026-06-25,BLR,"Bangalore, India",IAD,879,988
2026-06-25,YEG,"Edmonton, Canada",SLC,274,309
2026-06-25,FRA,"Frankfurt, Germany",JFK,481,533
2026-06-25,RUH,"Riyadh, Saudi Arabia",IAD,1048,1162
2026-06-25,AXA,"The Valley, Anguilla",MIA,647,721
2026-06-25,OGU,"Ordu, Türkiye",BOS,988,1100
2026-06-25,HAM,"Hamburg, Germany",JFK,589,645
2026-06-25,TGD,"Podgorica, Montenegro",ORD,559,613
2026-06-25,CTG,"Cartagena, Colombia",FLL,223,243
2026-06-25,BAH,Bahrain,DTW,1102,1200
2026-06-25,BDA,"Hamilton, Bermuda",EWR,329,357
2026-06-25,ESB,"Ankara, Türkiye",IAD,894,974
2026-06-25,TLL,"Tallinn, Estonia",EWR,533,572
2026-06-25,MNL,"Manila, Philippines",LAX,495,532
2026-06-25,AGU,"Aguascalientes, Mexico",DFW,386,414
2026-06-25,BIM,"South Bimini, Bahamas",IND,394,422
2026-06-25,GYE,"Guayaquil, Ecuador",JFK,234,249
2026-06-25,MAD,"Madrid, Spain",EWR,397,422
2026-06-25,HAV,"Havana, Cuba",MIA,184,195
2026-06-25,BER,"Berlin, Germany",JFK,583,613
2026-06-25,ACC,"Accra, Ghana",IAD,954,1000
2026-06-25,UBN,"Ulaanbaatar, Mongolia",ORD,786,825
2026-06-25,GCM,Grand Cayman,IAD,383,401
2026-06-25,ZRH,"Zurich, Switzerland",BWI,577,604
2026-06-25,KUL,"Kuala Lumpur, Malaysia",SFO,702,730
2026-06-25,MEL,"Melbourne, Australia",DTW,981,1025
2026-06-25,SYD,"Sydney, Australia",LAX,741,769
2026-06-25,CLO,"Cali, Colombia",MCO,234,243
2026-06-25,VIX,"Vitoria, Brazil",BOS,596,621
2026-06-25,PTY,"Panama City, Panama",JFK,269,277
2026-06-25,VNO,"Vilnius, Lithuania",EWR,524,538
2026-06-25,GIG,"Rio de Janeiro, Brazil",TPA,431,445
2026-06-25,RIX,"Riga, Latvia",JFK,542,559
2026-06-25,DOH,"Doha, Qatar",IAD,1501,1543
2026-06-25,MLE,"Male, Maldives",MSY,917,949
2026-06-25,GVA,"Geneva, Switzerland",MCO,477,494
2026-06-25,CEB,"Cebu, Philippines",LAX,591,612
2026-06-25,RMO,"Chișinău, Moldova",EWR,579,597
2026-06-25,MSQ,"Minsk, Belarus",IAD,1471,1513
2026-06-25,PDL,"Ponta Delgada, Portugal",BOS,610,629
2026-06-25,CUZ,"Cusco, Peru",BWI,858,889
2026-06-25,ROR,"Babelthuap Island, Palau",HNL,2380,2444
2026-06-25,UVF,St. Lucia,JFK,499,508
2026-06-25,YYZ,"Toronto, Canada",FLL,203,207
2026-06-25,BEG,"Belgrade, Serbia",JFK,662,675
2026-06-25,VLC,"Valencia, Spain",BOS,664,675
2026-06-25,NBO,"Nairobi, Kenya",IAD,722,738
2026-06-25,NAN,"Nadi, Fiji",LAX,694,708
2026-06-25,STI,"Santiago, Dominican Republic",EWR,197,201
2026-06-25,BSZ,"Bishkek, Kyrgyzstan",ORD,1025,1041
2026-06-25,YTZ,"Toronto, Canada",ORD,195,200
2026-06-25,MTY,"Monterrey, Mexico",DFW,176,180
2026-06-25,STN,"London, UK",SEA,668,684
2026-06-25,TGZ,"Tuxtla Gutierrez, Mexico",IAH,426,436
2026-06-25,TFU,"Tianfu, China",DCA,1649,1681
2026-06-25,MEX,"Mexico City, Mexico",IAH,165,167
2026-06-25,AGP,"Malaga, Spain",JFK,579,585
2026-06-25,EVN,"Yerevan, Armenia",BOS,727,737
2026-06-25,HRG,"Hurghada, Egypt",LAX,973,985
2026-06-25,CGN,"Cologne, Germany",ORD,836,848
2026-06-25,SVO,"Moscow, Russia",MIA,1145,1162
2026-06-25,SAW,"Istanbul, Türkiye",JFK,662,667
2026-06-25,BUS,"Batumi, Georgia",IAD,913,919
2026-06-25,CNF,"Belo Horizonte, Brazil",BOS,411,414
2026-06-25,KTI,"Krong Ta Khmau, Cambodia",LAX,735,741
2026-06-25,ROB,"Monrovia, Liberia",PHL,1367,1375
2026-06-25,SHJ,"Sharjah, UAE",ATL,809,817
2026-06-25,GZP,"Gazipasa, Türkiye",BWI,1074,1081
2026-06-25,AMD,"Ahmedabad, India",IAD,929,934
2026-06-25,SNN,"Shannon, Ireland",EWR,630,635
2026-06-25,BRI,"Bari, Italy",IAD,774,784
2026-06-25,ALG,"Algiers, Algeria",BOS,750,754
2026-06-25,RAI,"Praia, Cabo Verde",BOS,891,899
2026-06-25,YQB,"Quebec City, Canada",SAN,457,462
2026-06-25,FNC,"Funchal, Portugal",SFO,1113,1123
2026-06-25,WMI,"Warsaw, Poland",ORD,679,687
2026-06-25,HOR,"Horta, Portugal",BOS,797,805
2026-06-25,SID,"Espargos, Cabo Verde",FLL,1422,1437
2026-06-25,STW,"Stavropol, Russia",SFO,2361,2384
2026-06-25,KIN,"Kingston, Jamaica",JFK,246,246
2026-06-25,GUA,Guatemala City,MIA,190,190
2026-06-25,MBJ,"Montego Bay, Jamaica",TPA,217,217
2026-06-25,CUN,"Cancun, Mexico",ATL,166,166
2026-06-25,NAS,"Nassau, Bahamas",MIA,266,266
2026-06-25,KEF,"Reykjavik, Iceland",ORD,394,394
2026-06-25,ARN,"Stockholm, Sweden",JFK,408,410
2026-06-25,YVR,"Vancouver, Canada",LAX,163,163
2026-06-25,POS,"Port of Spain, Trinidad",FLL,317,317
2026-06-25,SJO,"San Jose, Costa Rica",MIA,207,207
2026-06-25,CUR,Curacao,EWR,345,345
2026-06-25,YYC,"Calgary, Canada",SAN,270,269
2026-06-25,VIE,"Vienna, Austria",JFK,459,459
2026-06-25,OSL,"Oslo, Norway",JFK,465,464
2026-06-25,BUD,"Budapest, Hungary",EWR,483,483
2026-06-25,CDG,"Paris, France",EWR,464,464
2026-06-25,DUB,"Dublin, Ireland",ORD,457,457
2026-06-25,LIM,"Lima, Peru",MIA,397,397
2026-06-25,SXM,St. Maarten,LGA,468,467
2026-06-25,AMS,"Amsterdam, Netherlands",JFK,527,527
2026-06-25,MXP,"Milan, Italy",SFO,501,501
2026-06-25,MGA,"Managua, Nicaragua",MIA,299,299
2026-06-25,ANU,Antigua,JFK,538,538
2026-06-25,DXB,"Dubai, UAE",JFK,550,550
2026-06-25,WAW,"Warsaw, Poland",IAD,470,470
2026-06-25,IST,"Istanbul, Turkey",JFK,561,561
2026-06-25,CMN,"Casablanca, Morocco",LGA,540,540
2026-06-25,CPH,"Copenhagen, Denmark",RDU,466,466
2026-06-25,KRK,"Krakow, Poland",JFK,587,587
2026-06-25,VCE,"Venice, Italy",EWR,587,587
2026-06-25,LHR,"London, UK",BWI,482,482
2026-06-25,OPO,"Porto, Portugal",BOS,568,570
2026-06-25,SOF,"Sofia, Bulgaria",JFK,640,642
2026-06-25,TBS,"Tbilisi, Georgia",JFK,642,642
2026-06-25,HEL,"Helsinki, Finland",MSP,529,528
2026-06-25,MUC,"Munich, Germany",JFK,647,648
2026-06-25,TUN,"Tunis, Tunisia",JFK,658,658
2026-06-25,YUL,"Montreal, Canada",BOS,217,217
2026-06-25,GRU,"Sao Paulo, Brazil",MIA,446,444
2026-06-25,PRG,"Prague, Czechia",LAX,581,581
2026-06-25,FPO,"Freeport, Bahamas",FLL,410,410
2026-06-25,SSH,"Sharm El Sheikh, Egypt",EWR,667,667
2026-06-25,GND,Grenada,MIA,674,674
2026-06-25,RAK,"Marrakech, Morocco",BOS,628,628
2026-06-25,NAP,"Naples, Italy",LAX,743,743
2026-06-25,BOM,"Mumbai, India",BOS,854,854
2026-06-25,BRU,"Brussels, Belgium",BWI,528,527
2026-06-25,ADD,"Addis Ababa, Ethiopia",BOS,966,966
2026-06-25,JED,"Jeddah, Saudi Arabia",ORD,722,722
2026-06-25,SGN,"Ho Chi Minh, Vietnam",LAX,618,616
2026-06-25,GYD,"Baku, Azerbaijan",IAD,946,946
2026-06-25,HKG,Hong Kong,SFO,634,634
2026-06-25,KTM,"Kathmandu, Nepal",HNL,1066,1066
2026-06-25,CAN,"Guangzhou, China",SFO,640,640
2026-06-25,BZE,"Belize City, Belize",IAD,334,334
2026-06-25,STT,"St. Thomas, USVI",MIA,389,389
2026-06-25,EZE,"Buenos Aires, Argentina",AUS,529,529
2026-06-25,MAN,"Manchester, UK",IAD,686,686
2026-06-25,DEL,"Delhi, India",IAD,783,783
2026-06-25,PVG,"Shanghai, China",LAX,617,617
2026-06-25,LIR,"Liberia, Costa Rica",PDX,338,338
2026-06-25,NRT,"Tokyo, Japan",HNL,644,644
2026-06-25,DBV,"Dubrovnik, Croatia",ATL,617,617
2026-06-25,BLQ,"Bologna, Italy",ATL,648,648
2026-06-25,ZAG,"Zagreb, Croatia",CLE,668,668
2026-06-25,GLA,"Glasgow, Scotland",ATL,710,710
2026-06-25,SCL,"Santiago, Chile",MCO,355,355
2026-06-25,EDI,"Edinburgh, Scotland",ORD,673,673
2026-06-25,FOR,"Fortaleza, Brazil",MIA,753,750
2026-06-25,ZNZ,"Zanzibar, Tanzania",ORD,918,918
2026-06-25,MBA,"Mombasa, Kenya",ATL,1339,1339
2026-06-25,DAD,"Da Nang, Vietnam",SFO,743,744
2026-06-25,GOI,"Goa, India",ATL,2295,2295
2026-06-25,AUH,"Abu Dhabi, UAE",MIA,912,912
2026-06-25,BNE,"Brisbane, Australia",LAX,718,718
2026-06-25,HAN,"Hanoi, Vietnam",LAX,786,786
2026-06-25,AKL,"Auckland, New Zealand",DFW,701,701
2026-06-25,MRS,"Marseille, France",ORD,765,765
2026-06-25,FAO,"Faro, Portugal",ORD,906,906
2026-06-25,CMB,"Colombo, Sri Lanka",ORD,1073,1073
2026-06-25,KIX,"Osaka, Japan",LAX,861,861
2026-06-25,MRU,Mauritius,ORD,1572,1572
2026-06-25,TGU,"Tegucigalpa, Honduras",RDU,932,932
2026-06-25,KWI,Kuwait City,DEN,1115,1115
2026-06-25,LYS,"Lyon, France",LAX,1061,1061
2026-06-25,ZQN,"Queenstown, NZ",IND,1606,1606
2026-06-25,VKO,"Moscow, Russia",IAD,1165,1168
2026-06-25,LED,"St. Petersburg, Russia",IAD,1211,1211
2026-06-25,ALA,"Almaty, Kazakhstan",LAX,797,797
2026-06-25,NQZ,"Astana, Kazakhstan",IAH,1134,1129
2026-06-25,DME,"Moscow, Russia",ORD,1215,1215
2026-06-25,LGW,"London, UK",MCO,391,391
2026-06-25,GDL,"Guadalajara, Mexico",LAX,245,245
2026-06-25,AYT,"Antalya, Türkiye",BOS,705,705
2026-06-25,BJX,"Silao, Mexico",IAH,249,249
2026-06-25,TIV,"Tivat, Montenegro",SEA,975,975
2026-06-25,SKD,"Samarkand, Uzbekistan",IAD,1047,1052
2026-06-25,SAP,"La Mesa, Honduras",MIA,268,268
2026-06-25,KZN,"Kazan, Russia",FLL,1390,1384
2026-06-25,XPL,"Comayagua, Honduras",MCO,358,358
2026-06-25,PVR,"Puerto Vallarta, Mexico",LAX,315,314
2026-06-25,LHE,"Lahore, Pakistan",SFO,780,780
2026-06-25,ISB,"Islamabad, Pakistan",IAD,631,631
2026-06-25,FOC,"Fuzhou, China",IAD,1056,1056
2026-06-25,MLM,"Morelia, Mexico",LAX,236,236
2026-06-25,TIA,"Tirana, Albania",JFK,517,517
2026-06-25,PMI,"Palma De Mallorca, Spain",ATL,644,643
2026-06-25,SVX,"Yekaterinburg, Russia",SEA,1508,1508
2026-06-25,BGW,"Baghdad, Iraq",ORD,823,823
2026-06-25,TLC,"Toluca, Mexico",IAH,250,250
2026-06-25,CCS,"Caracas, Venezuela",MIA,422,422
2026-06-25,BVA,"Beauvais/Tille, France",JFK,620,620
2026-06-25,PRN,Lipjan,IAD,684,684
2026-06-25,VVI,"Santa Cruz, Bolivia",IAD,710,710
2026-06-25,OVB,"Novosibirsk, Russia",DEN,1552,1552
2026-06-25,BSB,"Brasilia, Brazil",MIA,387,387
2026-06-25,AER,"Sochi, Russia",MIA,1151,1151
2026-06-25,ALC,"Alicante, Spain",BOS,609,606
2026-06-25,OAX,"Oaxaca, Mexico",LAX,207,207
2026-06-25,BAQ,"Barranquilla, Colombia",MIA,258,258
2026-06-25,KHI,"Karachi, Pakistan",JFK,649,649
2026-06-25,GEO,"Georgetown, Guyana",MIA,330,330
2026-06-25,POA,"Porto Alegre, Brazil",BOS,716,713
2026-06-25,CFU,"Kerkyra Island, Greece",BOS,959,959
2026-06-25,RTB,"Roatan Island, Honduras",JFK,616,616
2026-06-25,MED,"Medina, Saudi Arabia",ORD,854,854
2026-06-25,DAC,"Dhaka, Bangladesh",ATL,857,857
2026-06-25,DAR,"Dar es Salaam, Tanzania",IAD,939,939
2026-06-25,MID,"Merida, Mexico",OAK,323,323
2026-06-25,MVD,"Montevideo, Uruguay",IAD,476,476
2026-06-25,CIA,"Roma, Italy",BWI,778,778
2026-06-25,KBL,"Kabul, Afghanistan",IAD,861,861
2026-06-25,RHO,"Rodes Island, Greece",LAX,925,929
2026-06-25,HOG,"Holguin, Cuba",SAT,517,517
2026-06-25,CXR,"Nha Trang, Vietnam",SFO,1072,1072
2026-06-25,SEZ,"Mahe Island, Seychelles",ORD,1403,1403
2026-06-25,VVO,"Vladivostok, Russia",SEA,1510,1510
2026-06-25,MZT,"Mazatlan, Mexico",SAT,368,368
2026-06-25,PEI,"Pereira, Colombia",MCO,459,459
2026-06-25,SDU,"Rio De Janeiro, Brazil",CLT,699,697
2026-06-25,EBB,"Kampala, Uganda",ATL,808,808
2026-06-25,VER,"Veracruz, Mexico",DFW,345,345
2026-06-25,HHN,"Hahn, Germany",IAD,754,756
2026-06-25,LFW,"Lome, Togo",IAD,1122,1122
2026-06-25,ISU,"Sulaymaniyah, Iraq",DCA,1143,1138
2026-06-25,CGR,"Campo Grande, Brazil",BWI,1172,1172
2026-06-25,HRE,"Harare, Zimbabwe",ORD,1280,1280
2026-06-25,KTW,"Katowice, Poland",MSP,1296,1296
2026-06-25,FNA,"Freetown, Sierra Leone",IAH,1407,1407
2026-06-25,NSI,"Yaounde, Cameroon",DFW,1414,1410
2026-06-25,KUF,"Samara, Russia",AUS,1661,1661
2026-06-25,KHV,"Khabarovsk, Russia",MIA,2438,2436
2026-06-25,YXE,"Saskatoon, Canada",LGA,507,507
2026-06-25,CWB,"Curitiba, Brazil",CLT,630,630
2026-06-25,PKX,"Beijing, China",LAX,669,669
2026-06-25,RBA,"Rabat, Morocco",MCO,690,690
2026-06-25,PVK,"Preveza/Lefkada, Greece",BOS,742,742
2026-06-25,BOJ,"Burgas, Bulgaria",MIA,905,905
2026-06-25,BJV,"Bodrum, Türkiye",ORD,982,982
2026-06-25,IKT,"Irkutsk, Russia",BOS,1322,1322
2026-06-25,XMN,"Xiamen, China",SFO,739,739
2026-06-25,CKG,"Chongqing, China",SFO,883,883
2026-06-25,SYX,"Sanya, China",LAX,900,900
2026-06-25,BSR,"Basrah, Iraq",PDX,942,942
2026-06-25,LCA,"Larnarca, Cyprus",ORD,970,967
2026-06-25,PQC,"Duong Dong, Vietnam",ORD,1092,1092
2026-06-25,CTM,"Chetumal, Mexico",IAH,348,348
2026-06-25,MHH,"Marsh Harbour, Bahamas",FLL,449,449
2026-06-25,CMW,"Camaguey, Cuba",AUS,489,489
2026-06-25,TPP,"Tarapoto, Peru",MIA,538,538
2026-06-25,GDN,"Gdańsk, Poland",JFK,612,612
2026-06-25,SKB,"Basseterre, Saint Kitts and Nevis",JFK,619,619
2026-06-25,BON,"Kralendijk, Bonaire",ATL,631,630
2026-06-25,LTO,"Loreto, Mexico",DFW,632,632
2026-06-25,ZLO,"Manzanillo, Mexico",BWI,640,640
2026-06-25,CGH,"Sao Paulo, Brazil",MIA,698,697
2026-06-25,DGO,"Durango, Mexico",MKE,700,700
2026-06-25,OLB,"Olbia, Italy",IAD,701,701
2026-06-25,MLA,"Luqa, Malta",ORD,730,730
2026-06-25,VRN,"Verona, Italy",BOS,796,796
2026-06-25,HAK,"Haikou, China",SFO,878,878
2026-06-25,CCU,"Kolkata, India",IAD,1013,1013
2026-06-25,SOU,"Southampton, UK",IAD,1045,1045
2026-06-25,PZU,"Port Sudan, Sudan",SFO,1072,1072
2026-06-25,RMI,"Rimini, Italy",DCA,1092,1092
2026-06-25,COV,"Tarsus, Türkiye",IAH,1173,1173
2026-06-25,TSR,"Timisoara, Romania",IAD,1175,1175
2026-06-25,COO,"Cotonou, Benin",IAH,1223,1223
2026-06-25,KSN,"Kostanay, Kazakhstan",MIA,1316,1316
2026-06-25,LPB,"La Paz / El Alto, Bolivia",BWI,1378,1378
2026-06-25,KRR,"Krasnodar, Russia",DFW,1412,1412
2026-06-25,DUR,"Durban, South Africa",IAD,1415,1411
2026-06-25,NIM,"Niamey, Niger",IND,1656,1656
2026-06-25,PHC,"Port Harcourt, Nigeria",IAH,1687,1687
2026-06-25,LUN,"Lusaka, Zambia",IAD,1944,1944
2026-06-25,MCX,"Makhachkala, Russia",SFO,2019,2019
2026-06-25,YHM,"Hamilton, Canada",FLL,243,243
2026-06-25,MAR,"Maracaibo, Venezuela",MIA,279,279
2026-06-25,TIJ,"Tijuana, Mexico",LAX,296,296
2026-06-25,YOW,"Ottawa, Canada",CMH,401,401
2026-06-25,BGY,"Bergamo, Italy",BOS,599,599
2026-06-25,YXY,"Whitehorse, Canada",BNA,605,605
2026-06-25,AXM,"Armenia, Colombia",JFK,640,640
2026-06-25,ZIH,"Ixtapa, Mexico",LAX,720,720
2026-06-25,NUE,"Nuremberg, Germany",MIA,801,801
2026-06-25,CGO,"Zhengzhou, China",SFO,806,806
2026-06-25,SHA,"Shanghai, China",LAX,820,820
2026-06-25,WUH,"Wuhan, China",SFO,821,821
2026-06-25,RZE,"Rzeszow, Poland",ORD,838,838
2026-06-25,YZF,"Yellowknife, Canada",ORD,862,862
2026-06-25,HBE,"Alexandria, Egypt",BOS,867,867
2026-06-25,HAJ,"Hannover, Germany",DTW,885,885
2026-06-25,XRY,"Jerez de la Forntera, Spain",MIA,910,910
2026-06-25,CBB,"Cochabamba, Bolivia",LAX,953,953
2026-06-25,PNT,"Puerto Natales, Chile",FLL,1001,1001
2026-06-25,CUK,"Caye Caulker, Belize",SFO,1003,1003
2026-06-25,VRA,"Varadero, Cuba",SFO,1007,1007
2026-06-25,CLJ,"Cluj-Napoca, Romania",SFO,1035,1035
2026-06-25,SZX,"Shenzhen, China",ORD,1140,1140
2026-06-25,IGD,"Igdir, Türkiye",DFW,1203,1203
2026-06-25,PAS,"Paros Island, Greece",MIA,1217,1217
2026-06-25,NBJ,"Luanda, Angola",SEA,1244,1244
2026-06-25,CCP,"Concepcion, Chile",SLC,1290,1290
2026-06-25,DSS,"Diass, Senegal",CLT,1387,1387
2026-06-25,TAO,"Qingdao, China",MIA,1554,1547
2026-06-25,LWN,"Gyumri, Armenia",SFO,1719,1719
2026-06-25,USH,"Ushuahia, Argentina",SFO,1758,1758
2026-06-25,NMA,"Namangan, Uzbekistan",PIT,1807,1807
2026-06-25,KJA,"Krasnoyarsk, Russia",LAS,1960,1960
2026-06-25,UUD,"Ulan Ude, Russia",SEA,2652,2652
2026-06-25,YLW,"Kelowna, Canada",PHX,320,320
2026-06-25,ELH,"North Eleuthera, Bahamas",MIA,379,379
2026-06-25,YHZ,"Halifax, Canada",PHL,402,402
2026-06-25,CUU,"Chihuahua, Mexico",DEN,406,406
2026-06-25,YHU,"Longueuil, Canada",BWI,532,532
2026-06-25,PBC,"Puebla, Mexico",DEN,542,542
2026-06-25,BGA,"Bucaramanga, Colombia",JFK,548,548
2026-06-25,TRC,"Torreon, Mexico",DEN,553,553
2026-06-25,REX,"Reynosa, Mexico",ORD,575,575
2026-06-25,YXU,"London, Canada",ORD,580,580
2026-06-25,JTR,"Santorini Island, Greece",JFK,595,595
2026-06-25,CZM,"Cozumel, Mexico",DEN,607,607
2026-06-25,EIS,"Road Town, Virgin Islands",MCO,636,636
2026-06-25,AQP,"Arequipa, Peru",MCO,688,688
2026-06-25,CIX,"Chiclayo, Peru",SFO,695,695
2026-06-25,TRF,"Torp, Norway",SFO,721,721
2026-06-25,FMO,"Munster, Germany",DTW,762,762
2026-06-25,IAS,"Iasi, Romania",LGA,764,764
2026-06-25,VGO,"Vigo, Spain",ORD,779,779
2026-06-25,TOS,"Tromsø, Norway",MSP,783,783
2026-06-25,PTP,"Pointe-a-Pitre Le Raizet, Guadeloupe",AUS,791,791
2026-06-25,SHE,"Shenyang, China",SFO,813,813
2026-06-25,BOC,"Isla Colon, Panama",DFW,829,829
2026-06-25,SUF,"Lamezia Terme, Italy",IAH,835,835
2026-06-25,CUC,"Cucuta, Colombia",IND,846,846
2026-06-25,GMP,"Seoul, South Korea",HNL,881,881
2026-06-25,TER,"Lajes, Portugal",SFO,892,892
2026-06-25,MUX,"Multan, Pakistan",DTW,907,907
2026-06-25,DVO,"Davao City, Philippines",SFO,931,931
2026-06-25,PSA,"Pisa, Italy",BOS,933,933
2026-06-25,PVH,"Porto Velho, Brazil",MCO,948,952
2026-06-25,XSC,"South Caicos Airport, Turks and Caicos Islands",IAH,977,977
2026-06-25,LBA,"Leeds, UK",ATL,983,983
2026-06-25,SBH,"Gustavia, Saint Barthélemy",MIA,1040,1040
2026-06-25,EFL,"Kefallinia Island, Greece",PHX,1053,1053
2026-06-25,MGF,"Maringa, Brazil",BOS,1058,1058
2026-06-25,MJI,"Tripoli, Libya",ATL,1085,1085
2026-06-25,ADZ,"San Andres, Colombia",FLL,1093,1093
2026-06-25,PEG,"Perugia, Italy",ORD,1096,1096
2026-06-25,HGA,"Hargeisa, Somalia",ATL,1143,1143
2026-06-25,NGO,"Tokoname, Japan",CLT,1167,1167
2026-06-25,SCO,"Aktau, Kazakhstan",ORD,1179,1179
2026-06-25,PFO,"Paphos, Cyprus",PDX,1193,1193
2026-06-25,CRL,"Brussels, Belgium",DFW,1201,1201
2026-06-25,LYP,"Faisalabad, Pakistan",SMF,1218,1218
2026-06-25,SJZ,"Velas, Portugal",SFO,1222,1222
2026-06-25,WEH,"Weihai, China",SEA,1240,1240
2026-06-25,MOC,"Montes Claros, Brazil",MSP,1257,1257
2026-06-25,CFE,"Clermont-Ferrand/Auvergne, France",MIA,1315,1315
2026-06-25,NEV,"Charlestown, Saint Kitts and Nevis",STL,1344,1344
2026-06-25,BDS,"Brindisi, Italy",DTW,1352,1352
2026-06-25,XIY,"Xianyang, China",CVG,1352,1352
2026-06-25,VLN,"Valencia, Venezuela",DFW,1357,1357
2026-06-25,LEJ,"Leipzig, Germany",ANC,1382,1382
2026-06-25,APW,"Apia, Samoa",PHX,1399,1399
2026-06-25,BLA,"Barcelona, Venezuela",BOS,1445,1445
2026-06-25,TSN,"Tianjin, China",PHX,1474,1474
2026-06-25,CEI,"Chiang Rai, Thailand",IAH,1476,1476
2026-06-25,KKN,"Kirkenes, Norway",ORD,1500,1500
2026-06-25,SPR,SPR,MIA,1565,1565
2026-06-25,MQM,"Mardin, Türkiye",BOS,1659,1659
2026-06-25,CJU,"Jeju City, South Korea",CLT,1663,1663
2026-06-25,WDH,"Windhoek, Namibia",MIA,1689,1686
2026-06-25,KRS,"Kjevik, Norway",BNA,1765,1765
2026-06-25,GUW,"Atyrau, Kazakhstan",IND,1794,1794
2026-06-25,BLZ,"Blantyre, Malawi",CMH,1841,1841
2026-06-25,CIT,"Shymkent, Kazakhstan",SFO,1893,1893
2026-06-25,KGF,"Karaganda, Kazakhstan",MIA,2007,2007
2026-06-25,URA,"Uralsk, Kazakhstan",MSP,2011,2011
2026-06-25,OSS,"Osh, Kyrgyzstan",DFW,2151,2151
2026-06-25,FBM,"Lubumbashi, Congo",IND,2238,2238
2026-06-25,YKF,"Waterloo, Canada",MDW,2265,2265
2026-06-25,BAX,"Barnaul, Russia",MIA,2311,2311
2026-06-25,YBP,"Yibin, China",DFW,2384,2384
2026-06-25,LBD,"Khudzhand, Tajikistan",DFW,2441,2441
2026-06-25,NGS,"Nagasaki, Japan",ATL,2575,2575
2026-06-25,MGQ,"Mogadishu, Somalia",SEA,2596,2596
2026-06-25,ASF,"Astrakhan, Russia",BOS,2740,2740
2026-06-25,IKU,"Tamchy, Kyrgyzstan",PDX,2946,2946
2026-06-25,GVN,"Sovetskaya Gavan, Russia",SNA,3142,3142
2026-06-25,ITU,ITU,ATL,3316,3316
2026-06-25,SDQ,"Santo Domingo, Dom. Rep.",EWR,190,189
2026-06-25,SAL,San Salvador,LGA,187,185
2026-06-25,FCO,"Rome, Italy",LAX,460,455
2026-06-25,LIS,"Lisbon, Portugal",JFK,614,608
2026-06-25,CAI,"Cairo, Egypt",IAD,634,626
2026-06-25,OTP,"Bucharest, Romania",MIA,670,663
2026-06-25,FLR,"Florence, Italy",BOS,764,757
2026-06-25,HKT,"Phuket, Thailand",LAX,768,761
2026-06-25,ICN,"Seoul, South Korea",SFO,672,666
2026-06-25,CPT,"Cape Town, S. Africa",ORD,1254,1244
2026-06-25,PPT,"Papeete, Tahiti",SFO,821,810
2026-06-25,USM,"Koh Samui, Thailand",DFW,1548,1529
2026-06-25,CNX,"Chiang Mai, Thailand",SFO,1769,1748
2026-06-25,TAS,"Tashkent, Uzbekistan",LAX,743,739
2026-06-25,ORY,"Paris, France",JFK,474,468
2026-06-25,UFA,"Ufa, Russia",BOS,1415,1401
2026-06-25,TQO,"Tulum, Mexico",LGA,411,407
2026-06-25,DYU,"Dushanbe, Tajikistan",ORD,1282,1268
2026-06-25,FIH,"Kinshasa, Congo",DFW,915,903
2026-06-25,NLU,"Reyes Acozac, Mexico",LAX,278,275
2026-06-25,ZIA,"Zhukovsky, Russia",IAD,1505,1490
2026-06-25,CAP,"Cap Haitien, Haiti",FLL,622,614
2026-06-25,SJJ,"Sarajevo, Bosnia and Herzegovina",LAX,803,795
2026-06-25,YWG,"Winnipeg, Canada",LGA,427,424
2026-06-25,ADB,"Izmir, Türkiye",IAD,910,898
2026-06-25,LLW,"Lilongwe, Malawi",ORD,1263,1256
2026-06-25,TAB,"Scarborough, Trinidad and Tobago",JFK,518,515
2026-06-25,PMO,"Palermo, Italy",ORD,851,845
2026-06-25,UGC,"Urgench, Uzbekistan",ORD,1321,1304
2026-06-25,CSX,"Changsha, China",CLT,1919,1893
2026-06-25,ATH,"Athens, Greece",JFK,533,524
2026-06-25,BKK,"Bangkok, Thailand",SFO,662,647
2026-06-25,DPS,"Bali, Indonesia",SEA,815,802
2026-06-25,NCE,"Nice, France",MIA,772,758
2026-06-25,TPE,"Taipei, Taiwan",ORD,731,716
2026-06-25,COK,"Kochi, India",MIA,1167,1146
2026-06-25,SSA,"Salvador, Brazil",MSY,1095,1073
2026-06-25,POP,"Puerto Plata, Dominican Republic",MIA,428,419
2026-06-25,VCP,"Campinas, Brazil",FLL,604,594
2026-06-25,DLA,"Douala, Cameroon",DTW,1246,1227
2026-06-25,SNU,"Santa Clara, Cuba",MIA,362,354
2026-06-25,GYN,"Goiania, Brazil",BNA,907,888
2026-06-25,MRV,"Mineralnyye Vody, Russia",MIA,1680,1654
2026-06-25,BPS,"Porto Seguro, Brazil",PHL,1037,1020
2026-06-25,SLP,"San Luis Potosi, Mexico",DFW,441,432
2026-06-25,HER,"Heraklion, Greece",BOS,950,932
2026-06-25,SVG,"Stavanger, Norway",ATL,883,866
2026-06-25,JMK,"Mykonos Island, Greece",LAX,966,948
2026-06-25,NJF,"Najaf, Iraq",MSP,1445,1421
2026-06-25,OGZ,"Beslan, Russia",CLT,1683,1643
2026-06-25,SJU,"San Juan, Puerto Rico",TPA,145,141
2026-06-25,AUA,Aruba,TPA,242,236
2026-06-25,FLN,"Florianopolis, Brazil",BOS,971,941
2026-06-25,SIN,Singapore,SFO,678,656
2026-06-25,EBL,"Arbil, Iraq",SAN,921,897
2026-06-25,BJM,"Bujumbura, Burundi",LAX,1053,1020
2026-06-25,LTN,"London, UK",LGA,787,762
2026-06-25,YDF,"Deer Lake, Canada",IND,751,728
2026-06-25,BPN,"Balikpapan, Borneo Island, Indonesia",CLT,1970,1917
2026-06-25,MDE,"Medellin, Colombia",FLL,252,243
2026-06-25,SJD,"Los Cabos, Mexico",EWR,264,255
2026-06-25,LOS,"Lagos, Nigeria",IND,925,893
2026-06-25,SVD,"Argyle, Saint Vincent and the Grenadines",EWR,397,380
2026-06-25,AEP,"Buenos Aires, Argentina",MIA,627,602
2026-06-25,DLM,"Dalaman, Türkiye",ORD,1381,1325
2026-06-25,SKG,"Thessaloniki, Greece",DTW,671,648
2026-06-25,PLS,"Providenciales, Turks",JFK,436,414
2026-06-25,BOG,"Bogota, Colombia",AUS,271,259
2026-06-25,BGI,"Bridgetown, Barbados",DCA,457,437
2026-06-25,MAA,"Chennai, India",ORD,1097,1041
2026-06-25,OKA,"Okinawa, Japan",SFO,979,928
2026-06-25,HYD,"Hyderabad, India",ORD,988,941
2026-06-25,CEK,"Chelyabinsk, Russia",IAH,1735,1648
2026-06-25,SKP,"Skopje, North Macedonia",CVG,711,677
2026-06-25,IBZ,"Ibiza, Spain",IAD,845,806
2026-06-25,MPM,"Maputo, Mozambique",MSP,2405,2281
2026-06-25,GOT,"Gothenburg, Sweden",SFO,730,690
2026-06-25,QRO,"Queretaro, Mexico",RDU,279,262
2026-06-25,CUE,"Cuenca, Ecuador",ATL,570,539
2026-06-25,LIN,"Milan, Italy",LAX,806,758
2026-06-25,VXE,"Sao Pedro, Cabo Verde",BOS,1416,1338
2026-06-25,ASU,"Asuncion, Paraguay",MIA,908,853
2026-06-25,GOX,"Mopa, India",SNA,1767,1674
2026-06-25,CGK,"Jakarta, Indonesia",PHX,1291,1204
2026-06-25,CRK,"Angeles City, Philippines",LAX,914,851
2026-06-25,SVQ,"Seville, Spain",STL,1069,992
2026-06-25,JNB,"Johannesburg, S. Africa",IAH,921,838
2026-06-25,GGT,"George Town, Bahamas",MIA,558,509
2026-06-25,NVT,"Navegantes, Brazil",BOS,1627,1484
2026-06-25,BCN,"Barcelona, Spain",JFK,544,484
2026-06-25,KUT,"Kutaisi, Georgia",OAK,1804,1617
2026-06-25,ABV,"Abuja, Nigeria",TPA,1937,1736
2026-06-25,ABJ,"Abidjan, Côte d'Ivoire",IAH,2228,1958
2026-06-25,EOH,"Medellin, Colombia",DFW,815,690
2026-06-25,CUL,"Culiacan, Mexico",SEA,619,470
2026-06-25,INN,"Innsbruck, Austria",AUS,2411,1612
2026-06-25,BOB,"Motu Mute, French Polynesia",CMH,1671,1054
2026-06-25,BKI,"Kota Kinabalu, Malaysia",LAX,1046,1590
2026-06-25,ZYR,ZYR,LAX,600,840
2026-06-25,LGK,"Langkawi, Malaysia",ORD,1289,1780
2026-06-25,PUJ,"Punta Cana, Dom. Rep.",MIA,128,148
2026-06-25,PEK,"Beijing, China",SEA,510,589
2026-06-25,REC,"Recife, Brazil",MIA,771,883
2026-06-25,SCU,"Santiago, Cuba",MIA,697,805
2026-06-25,VTE,"Vientiane, Laos",SEA,1148,1326
2026-06-25,HND,"Tokyo, Japan",LAX,689,787
2026-06-25,OUA,"Ouagadougou, Burkina Faso",JFK,654,743
2026-06-25,TAM,"Tampico, Mexico",ATL,591,668
2026-06-25,BLR,"Bangalore, India",IAD,879,983
2026-06-25,YEG,"Edmonton, Canada",SLC,274,307
2026-06-25,UIO,"Quito, Ecuador",JFK,298,332
2026-06-25,AXA,"The Valley, Anguilla",MIA,647,717
2026-06-25,OGU,"Ordu, Türkiye",BOS,988,1100
2026-06-25,FRA,"Frankfurt, Germany",JFK,481,531
2026-06-25,RUH,"Riyadh, Saudi Arabia",IAD,1048,1156
2026-06-25,CTG,"Cartagena, Colombia",FLL,223,242
2026-06-25,HAM,"Hamburg, Germany",JFK,589,642
2026-06-25,BAH,Bahrain,DTW,1102,1200
2026-06-25,TGD,"Podgorica, Montenegro",ORD,559,610
2026-06-25,BDA,"Hamilton, Bermuda",EWR,329,356
2026-06-25,ESB,"Ankara, Türkiye",IAD,894,970
2026-06-25,MNL,"Manila, Philippines",LAX,495,531
2026-06-25,AGU,"Aguascalientes, Mexico",DFW,386,413
2026-06-25,GYE,"Guayaquil, Ecuador",JFK,234,249
2026-06-25,MAD,"Madrid, Spain",EWR,397,421
2026-06-25,TLL,"Tallinn, Estonia",EWR,533,570
2026-06-25,HAV,"Havana, Cuba",MIA,184,195
2026-06-25,BIM,"South Bimini, Bahamas",IND,394,421
2026-06-25,BER,"Berlin, Germany",JFK,583,612
2026-06-25,GCM,Grand Cayman,IAD,383,400
2026-06-25,ZRH,"Zurich, Switzerland",BWI,577,603
2026-06-25,ACC,"Accra, Ghana",IAD,954,998
2026-06-25,KUL,"Kuala Lumpur, Malaysia",SFO,702,728
2026-06-25,MEL,"Melbourne, Australia",DTW,981,1022
2026-06-25,UBN,"Ulaanbaatar, Mongolia",ORD,786,823
2026-06-25,VIX,"Vitoria, Brazil",BOS,596,620
2026-06-25,PTY,"Panama City, Panama",JFK,269,276
2026-06-25,GIG,"Rio de Janeiro, Brazil",TPA,431,445
2026-06-25,RIX,"Riga, Latvia",JFK,542,558
2026-06-25,DOH,"Doha, Qatar",IAD,1501,1541
2026-06-25,CEB,"Cebu, Philippines",LAX,591,611
2026-06-25,MLE,"Male, Maldives",MSY,917,948
2026-06-25,GVA,"Geneva, Switzerland",MCO,477,493
2026-06-25,SYD,"Sydney, Australia",LAX,741,767
2026-06-25,RMO,"Chișinău, Moldova",EWR,579,596
2026-06-25,MSQ,"Minsk, Belarus",IAD,1471,1511
2026-06-25,CLO,"Cali, Colombia",MCO,234,242
2026-06-25,PDL,"Ponta Delgada, Portugal",BOS,610,628
2026-06-25,CUZ,"Cusco, Peru",BWI,858,888
2026-06-25,UVF,St. Lucia,JFK,499,507
2026-06-25,YYZ,"Toronto, Canada",FLL,203,207
2026-06-25,VNO,"Vilnius, Lithuania",EWR,524,537
2026-06-25,BEG,"Belgrade, Serbia",JFK,662,675
2026-06-25,VLC,"Valencia, Spain",BOS,664,675
2026-06-25,NBO,"Nairobi, Kenya",IAD,722,737
2026-06-25,NAN,"Nadi, Fiji",LAX,694,708
2026-06-25,STI,"Santiago, Dominican Republic",EWR,197,201
2026-06-25,YTZ,"Toronto, Canada",ORD,195,200
2026-06-25,MTY,"Monterrey, Mexico",DFW,176,180
2026-06-25,STN,"London, UK",SEA,668,684
2026-06-25,TGZ,"Tuxtla Gutierrez, Mexico",IAH,426,436
2026-06-25,TFU,"Tianfu, China",DCA,1649,1680
2026-06-25,ROR,"Babelthuap Island, Palau",HNL,2380,2441
2026-06-25,MEX,"Mexico City, Mexico",IAH,165,167
2026-06-25,AGP,"Malaga, Spain",JFK,579,584
2026-06-25,EVN,"Yerevan, Armenia",BOS,727,736
2026-06-25,HRG,"Hurghada, Egypt",LAX,973,984
2026-06-25,CGN,"Cologne, Germany",ORD,836,848
2026-06-25,SVO,"Moscow, Russia",MIA,1145,1162
2026-06-25,SAW,"Istanbul, Türkiye",JFK,662,667
2026-06-25,BUS,"Batumi, Georgia",IAD,913,919
2026-06-25,BSZ,"Bishkek, Kyrgyzstan",ORD,1025,1040
2026-06-25,CNF,"Belo Horizonte, Brazil",BOS,411,414
2026-06-25,KTI,"Krong Ta Khmau, Cambodia",LAX,735,740
2026-06-25,ROB,"Monrovia, Liberia",PHL,1367,1375
2026-06-25,SHJ,"Sharjah, UAE",ATL,809,817
2026-06-25,GZP,"Gazipasa, Türkiye",BWI,1074,1081
2026-06-25,AMD,"Ahmedabad, India",IAD,929,934
2026-06-25,SNN,"Shannon, Ireland",EWR,630,635
2026-06-25,BRI,"Bari, Italy",IAD,774,783
2026-06-25,ALG,"Algiers, Algeria",BOS,750,754
2026-06-25,RAI,"Praia, Cabo Verde",BOS,891,898
2026-06-25,YQB,"Quebec City, Canada",SAN,457,462
2026-06-25,FNC,"Funchal, Portugal",SFO,1113,1123
2026-06-25,KTW,"Katowice, Poland",MSP,1280,1296
2026-06-25,WMI,"Warsaw, Poland",ORD,679,687
2026-06-25,HOR,"Horta, Portugal",BOS,797,805
2026-06-25,SID,"Espargos, Cabo Verde",FLL,1422,1436
2026-06-25,STW,"Stavropol, Russia",SFO,2361,2383
2026-06-25,KIN,"Kingston, Jamaica",JFK,246,246
2026-06-25,GUA,Guatemala City,MIA,190,190
2026-06-25,MBJ,"Montego Bay, Jamaica",TPA,217,217
2026-06-25,CUN,"Cancun, Mexico",ATL,166,166
2026-06-25,NAS,"Nassau, Bahamas",MIA,266,266
2026-06-25,KEF,"Reykjavik, Iceland",ORD,394,394
2026-06-25,ARN,"Stockholm, Sweden",JFK,408,410
2026-06-25,YVR,"Vancouver, Canada",LAX,163,163
2026-06-25,POS,"Port of Spain, Trinidad",FLL,317,317
2026-06-25,SJO,"San Jose, Costa Rica",MIA,207,207
2026-06-25,CUR,Curacao,EWR,345,345
2026-06-25,YYC,"Calgary, Canada",SAN,270,269
2026-06-25,VIE,"Vienna, Austria",JFK,459,459
2026-06-25,OSL,"Oslo, Norway",JFK,465,464
2026-06-25,BUD,"Budapest, Hungary",EWR,483,483
2026-06-25,CDG,"Paris, France",EWR,464,464
2026-06-25,DUB,"Dublin, Ireland",ORD,457,457
2026-06-25,LIM,"Lima, Peru",MIA,397,397
2026-06-25,SXM,St. Maarten,LGA,468,467
2026-06-25,AMS,"Amsterdam, Netherlands",JFK,527,527
2026-06-25,MXP,"Milan, Italy",SFO,501,501
2026-06-25,MGA,"Managua, Nicaragua",MIA,299,299
2026-06-25,ANU,Antigua,JFK,538,538
2026-06-25,DXB,"Dubai, UAE",JFK,550,550
2026-06-25,WAW,"Warsaw, Poland",IAD,470,470
2026-06-25,IST,"Istanbul, Turkey",JFK,561,561
2026-06-25,CMN,"Casablanca, Morocco",LGA,540,540
2026-06-25,CPH,"Copenhagen, Denmark",RDU,466,466
2026-06-25,KRK,"Krakow, Poland",JFK,587,587
2026-06-25,VCE,"Venice, Italy",EWR,587,587
2026-06-25,LHR,"London, UK",BWI,482,482
2026-06-25,OPO,"Porto, Portugal",BOS,568,570
2026-06-25,SOF,"Sofia, Bulgaria",JFK,640,642
2026-06-25,TBS,"Tbilisi, Georgia",JFK,642,642
2026-06-25,HEL,"Helsinki, Finland",MSP,529,528
2026-06-25,MUC,"Munich, Germany",JFK,647,648
2026-06-25,TUN,"Tunis, Tunisia",JFK,658,658
2026-06-25,YUL,"Montreal, Canada",BOS,217,217
2026-06-25,PRG,"Prague, Czechia",LAX,581,581
2026-06-25,SSH,"Sharm El Sheikh, Egypt",EWR,667,667
2026-06-25,GRU,"Sao Paulo, Brazil",MIA,446,444
2026-06-25,GND,Grenada,MIA,674,674
2026-06-25,RAK,"Marrakech, Morocco",BOS,628,628
2026-06-25,NAP,"Naples, Italy",LAX,743,743
2026-06-25,BOM,"Mumbai, India",BOS,854,854
2026-06-25,BRU,"Brussels, Belgium",BWI,528,527
2026-06-25,ADD,"Addis Ababa, Ethiopia",BOS,966,966
2026-06-25,JED,"Jeddah, Saudi Arabia",ORD,722,722
2026-06-25,SGN,"Ho Chi Minh, Vietnam",LAX,618,616
2026-06-25,GYD,"Baku, Azerbaijan",IAD,946,946
2026-06-25,HKG,Hong Kong,SFO,634,634
2026-06-25,KTM,"Kathmandu, Nepal",HNL,1066,1066
2026-06-25,CAN,"Guangzhou, China",SFO,640,640
2026-06-25,BZE,"Belize City, Belize",IAD,334,334
2026-06-25,STT,"St. Thomas, USVI",MIA,389,389
2026-06-25,EZE,"Buenos Aires, Argentina",AUS,529,529
2026-06-25,MAN,"Manchester, UK",IAD,686,686
2026-06-25,DEL,"Delhi, India",IAD,783,783
2026-06-25,PVG,"Shanghai, China",LAX,617,617
2026-06-25,LIR,"Liberia, Costa Rica",PDX,338,338
2026-06-25,NRT,"Tokyo, Japan",HNL,644,644
2026-06-25,DBV,"Dubrovnik, Croatia",ATL,617,617
2026-06-25,BLQ,"Bologna, Italy",ATL,648,648
2026-06-25,ZAG,"Zagreb, Croatia",CLE,668,668
2026-06-25,GLA,"Glasgow, Scotland",ATL,710,710
2026-06-25,SCL,"Santiago, Chile",MCO,355,355
2026-06-25,EDI,"Edinburgh, Scotland",ORD,673,673
2026-06-25,FOR,"Fortaleza, Brazil",MIA,753,751
2026-06-25,ZNZ,"Zanzibar, Tanzania",ORD,918,918
2026-06-25,MBA,"Mombasa, Kenya",ATL,1339,1339
2026-06-25,DAD,"Da Nang, Vietnam",SFO,743,744
2026-06-25,GOI,"Goa, India",ATL,2295,2295
2026-06-25,AUH,"Abu Dhabi, UAE",MIA,912,912
2026-06-25,BNE,"Brisbane, Australia",LAX,718,718
2026-06-25,HAN,"Hanoi, Vietnam",LAX,786,786
2026-06-25,AKL,"Auckland, New Zealand",DFW,701,701
2026-06-25,MRS,"Marseille, France",ORD,765,765
2026-06-25,FAO,"Faro, Portugal",ORD,906,906
2026-06-25,CMB,"Colombo, Sri Lanka",ORD,1073,1073
2026-06-25,KIX,"Osaka, Japan",LAX,861,861
2026-06-25,MRU,Mauritius,ORD,1572,1572
2026-06-25,TGU,"Tegucigalpa, Honduras",RDU,932,932
2026-06-25,KWI,Kuwait City,DEN,1115,1115
2026-06-25,LYS,"Lyon, France",LAX,1061,1061
2026-06-25,ZQN,"Queenstown, NZ",IND,1606,1606
2026-06-25,VKO,"Moscow, Russia",IAD,1165,1168
2026-06-25,LED,"St. Petersburg, Russia",IAD,1211,1211
2026-06-25,ALA,"Almaty, Kazakhstan",LAX,797,797
2026-06-25,NQZ,"Astana, Kazakhstan",IAH,1134,1130
2026-06-25,DME,"Moscow, Russia",ORD,1215,1215
2026-06-25,LGW,"London, UK",MCO,391,391
2026-06-25,GDL,"Guadalajara, Mexico",LAX,245,245
2026-06-25,AYT,"Antalya, Türkiye",BOS,705,705
2026-06-25,BJX,"Silao, Mexico",IAH,249,249
2026-06-25,SKD,"Samarkand, Uzbekistan",IAD,1047,1052
2026-06-25,TIV,"Tivat, Montenegro",SEA,975,975
2026-06-25,SAP,"La Mesa, Honduras",MIA,268,268
2026-06-25,XPL,"Comayagua, Honduras",MCO,358,358
2026-06-25,KZN,"Kazan, Russia",FLL,1390,1384
2026-06-25,PVR,"Puerto Vallarta, Mexico",LAX,315,314
2026-06-25,LHE,"Lahore, Pakistan",SFO,780,780
2026-06-25,ISB,"Islamabad, Pakistan",IAD,631,631
2026-06-25,FOC,"Fuzhou, China",IAD,1056,1056
2026-06-25,MLM,"Morelia, Mexico",LAX,236,236
2026-06-25,TIA,"Tirana, Albania",JFK,517,517
2026-06-25,PMI,"Palma De Mallorca, Spain",ATL,644,643
2026-06-25,SVX,"Yekaterinburg, Russia",SEA,1508,1508
2026-06-25,BGW,"Baghdad, Iraq",ORD,823,823
2026-06-25,TLC,"Toluca, Mexico",IAH,250,250
2026-06-25,CCS,"Caracas, Venezuela",MIA,422,422
2026-06-25,BVA,"Beauvais/Tille, France",JFK,620,620
2026-06-25,PRN,Lipjan,IAD,684,684
2026-06-25,VVI,"Santa Cruz, Bolivia",IAD,710,710
2026-06-25,OVB,"Novosibirsk, Russia",DEN,1552,1552
2026-06-25,BSB,"Brasilia, Brazil",MIA,387,387
2026-06-25,AER,"Sochi, Russia",MIA,1151,1151
2026-06-25,ALC,"Alicante, Spain",BOS,609,606
2026-06-25,OAX,"Oaxaca, Mexico",LAX,207,207
2026-06-25,BAQ,"Barranquilla, Colombia",MIA,258,258
2026-06-25,KHI,"Karachi, Pakistan",JFK,649,649
2026-06-25,GEO,"Georgetown, Guyana",MIA,330,330
2026-06-25,POA,"Porto Alegre, Brazil",BOS,716,713
2026-06-25,CFU,"Kerkyra Island, Greece",BOS,959,959
2026-06-25,MID,"Merida, Mexico",OAK,323,323
2026-06-25,RTB,"Roatan Island, Honduras",JFK,616,616
2026-06-25,MED,"Medina, Saudi Arabia",ORD,854,854
2026-06-25,DAC,"Dhaka, Bangladesh",ATL,857,857
2026-06-25,DAR,"Dar es Salaam, Tanzania",IAD,939,939
2026-06-25,MVD,"Montevideo, Uruguay",IAD,476,476
2026-06-25,SDU,"Rio De Janeiro, Brazil",EWR,695,697
2026-06-25,CIA,"Roma, Italy",BWI,778,778
2026-06-25,KBL,"Kabul, Afghanistan",IAD,861,861
2026-06-25,RHO,"Rodes Island, Greece",LAX,925,929
2026-06-25,HOG,"Holguin, Cuba",SAT,517,517
2026-06-25,CXR,"Nha Trang, Vietnam",SFO,1072,1072
2026-06-25,SEZ,"Mahe Island, Seychelles",ORD,1403,1403
2026-06-25,VVO,"Vladivostok, Russia",SEA,1510,1510
2026-06-25,MZT,"Mazatlan, Mexico",SAT,368,368
2026-06-25,PEI,"Pereira, Colombia",MCO,459,459
2026-06-25,EBB,"Kampala, Uganda",ATL,808,808
2026-06-25,ISU,"Sulaymaniyah, Iraq",DCA,1143,1138
2026-06-25,VER,"Veracruz, Mexico",DFW,345,345
2026-06-25,HHN,"Hahn, Germany",IAD,754,756
2026-06-25,LFW,"Lome, Togo",IAD,1122,1122
2026-06-25,CGR,"Campo Grande, Brazil",BWI,1172,1172
2026-06-25,HRE,"Harare, Zimbabwe",ORD,1280,1280
2026-06-25,FNA,"Freetown, Sierra Leone",IAH,1407,1407
2026-06-25,NSI,"Yaounde, Cameroon",DFW,1414,1410
2026-06-25,KUF,"Samara, Russia",AUS,1661,1661
2026-06-25,KHV,"Khabarovsk, Russia",MIA,2438,2436
2026-06-25,YXE,"Saskatoon, Canada",LGA,507,507
2026-06-25,CWB,"Curitiba, Brazil",CLT,630,630
2026-06-25,PKX,"Beijing, China",LAX,669,669
2026-06-25,RBA,"Rabat, Morocco",MCO,690,690
2026-06-25,PVK,"Preveza/Lefkada, Greece",BOS,742,742
2026-06-25,LCA,"Larnarca, Cyprus",ORD,970,967
2026-06-25,BJV,"Bodrum, Türkiye",ORD,982,982
2026-06-25,IKT,"Irkutsk, Russia",BOS,1322,1322
2026-06-25,XMN,"Xiamen, China",SFO,739,739
2026-06-25,CKG,"Chongqing, China",SFO,883,883
2026-06-25,SYX,"Sanya, China",LAX,900,900
2026-06-25,BOJ,"Burgas, Bulgaria",MIA,905,905
2026-06-25,BSR,"Basrah, Iraq",PDX,942,942
2026-06-25,PQC,"Duong Dong, Vietnam",ORD,1092,1092
2026-06-25,CTM,"Chetumal, Mexico",IAH,348,348
2026-06-25,MHH,"Marsh Harbour, Bahamas",FLL,449,449
2026-06-25,CMW,"Camaguey, Cuba",AUS,489,489
2026-06-25,TPP,"Tarapoto, Peru",MIA,538,538
2026-06-25,GDN,"Gdańsk, Poland",JFK,612,612
2026-06-25,SKB,"Basseterre, Saint Kitts and Nevis",JFK,619,619
2026-06-25,BON,"Kralendijk, Bonaire",ATL,631,630
2026-06-25,LTO,"Loreto, Mexico",DFW,632,632
2026-06-25,ZLO,"Manzanillo, Mexico",BWI,640,640
2026-06-25,CGH,"Sao Paulo, Brazil",MIA,698,697
2026-06-25,DGO,"Durango, Mexico",MKE,700,700
2026-06-25,OLB,"Olbia, Italy",IAD,701,701
2026-06-25,MLA,"Luqa, Malta",ORD,730,730
2026-06-25,HAK,"Haikou, China",SFO,878,878
2026-06-25,CCU,"Kolkata, India",IAD,1013,1013
2026-06-25,SOU,"Southampton, UK",IAD,1045,1045
2026-06-25,PZU,"Port Sudan, Sudan",SFO,1072,1072
2026-06-25,RMI,"Rimini, Italy",DCA,1092,1092
2026-06-25,COV,"Tarsus, Türkiye",IAH,1173,1173
2026-06-25,TSR,"Timisoara, Romania",IAD,1175,1175
2026-06-25,COO,"Cotonou, Benin",IAH,1223,1223
2026-06-25,KSN,"Kostanay, Kazakhstan",MIA,1316,1316
2026-06-25,LPB,"La Paz / El Alto, Bolivia",BWI,1378,1378
2026-06-25,KRR,"Krasnodar, Russia",DFW,1412,1412
2026-06-25,DUR,"Durban, South Africa",IAD,1415,1411
2026-06-25,NIM,"Niamey, Niger",IND,1656,1656
2026-06-25,PHC,"Port Harcourt, Nigeria",IAH,1687,1687
2026-06-25,LUN,"Lusaka, Zambia",IAD,1944,1944
2026-06-25,MCX,"Makhachkala, Russia",SFO,2019,2019
2026-06-25,YHM,"Hamilton, Canada",FLL,243,243
2026-06-25,MAR,"Maracaibo, Venezuela",MIA,279,279
2026-06-25,TIJ,"Tijuana, Mexico",LAX,296,296
2026-06-25,YOW,"Ottawa, Canada",CMH,401,401
2026-06-25,BGA,"Bucaramanga, Colombia",JFK,548,548
2026-06-25,BGY,"Bergamo, Italy",BOS,599,599
2026-06-25,YXY,"Whitehorse, Canada",BNA,605,605
2026-06-25,AXM,"Armenia, Colombia",JFK,640,640
2026-06-25,ZIH,"Ixtapa, Mexico",LAX,720,720
2026-06-25,NUE,"Nuremberg, Germany",MIA,801,801
2026-06-25,CGO,"Zhengzhou, China",SFO,806,806
2026-06-25,SHA,"Shanghai, China",LAX,820,820
2026-06-25,WUH,"Wuhan, China",SFO,821,821
2026-06-25,RZE,"Rzeszow, Poland",ORD,838,838
2026-06-25,YZF,"Yellowknife, Canada",ORD,862,862
2026-06-25,HBE,"Alexandria, Egypt",BOS,867,867
2026-06-25,XRY,"Jerez de la Forntera, Spain",MIA,910,910
2026-06-25,CBB,"Cochabamba, Bolivia",LAX,953,953
2026-06-25,PNT,"Puerto Natales, Chile",FLL,1001,1001
2026-06-25,CUK,"Caye Caulker, Belize",SFO,1003,1003
2026-06-25,VRA,"Varadero, Cuba",SFO,1007,1007
2026-06-25,CLJ,"Cluj-Napoca, Romania",SFO,1035,1035
2026-06-25,SZX,"Shenzhen, China",ORD,1140,1140
2026-06-25,IGD,"Igdir, Türkiye",DFW,1203,1203
2026-06-25,PAS,"Paros Island, Greece",MIA,1217,1217
2026-06-25,NBJ,"Luanda, Angola",SEA,1244,1244
2026-06-25,CCP,"Concepcion, Chile",SLC,1290,1290
2026-06-25,DSS,"Diass, Senegal",CLT,1387,1387
2026-06-25,TAO,"Qingdao, China",MIA,1554,1547
2026-06-25,LWN,"Gyumri, Armenia",SFO,1719,1719
2026-06-25,USH,"Ushuahia, Argentina",SFO,1758,1758
2026-06-25,NMA,"Namangan, Uzbekistan",PIT,1807,1807
2026-06-25,KJA,"Krasnoyarsk, Russia",LAS,1960,1960
2026-06-25,UUD,"Ulan Ude, Russia",SEA,2652,2652
2026-06-25,YLW,"Kelowna, Canada",PHX,320,320
2026-06-25,ELH,"North Eleuthera, Bahamas",MIA,379,379
2026-06-25,YHZ,"Halifax, Canada",PHL,402,402
2026-06-25,CUU,"Chihuahua, Mexico",DEN,406,406
2026-06-25,YHU,"Longueuil, Canada",BWI,532,532
2026-06-25,PBC,"Puebla, Mexico",DEN,542,542
2026-06-25,TRC,"Torreon, Mexico",DEN,553,553
2026-06-25,REX,"Reynosa, Mexico",ORD,575,575
2026-06-25,YXU,"London, Canada",ORD,580,580
2026-06-25,JTR,"Santorini Island, Greece",JFK,595,595
2026-06-25,CZM,"Cozumel, Mexico",DEN,607,607
2026-06-25,EIS,"Road Town, Virgin Islands",MCO,636,636
2026-06-25,AQP,"Arequipa, Peru",MCO,688,688
2026-06-25,CIX,"Chiclayo, Peru",SFO,695,695
2026-06-25,TRF,"Torp, Norway",SFO,721,721
2026-06-25,FMO,"Munster, Germany",DTW,762,762
2026-06-25,IAS,"Iasi, Romania",LGA,764,764
2026-06-25,VGO,"Vigo, Spain",ORD,779,779
2026-06-25,TOS,"Tromsø, Norway",MSP,783,783
2026-06-25,PTP,"Pointe-a-Pitre Le Raizet, Guadeloupe",AUS,791,791
2026-06-25,SHE,"Shenyang, China",SFO,813,813
2026-06-25,BOC,"Isla Colon, Panama",DFW,829,829
2026-06-25,SUF,"Lamezia Terme, Italy",IAH,835,835
2026-06-25,CUC,"Cucuta, Colombia",IND,846,846
2026-06-25,GMP,"Seoul, South Korea",HNL,881,881
2026-06-25,TER,"Lajes, Portugal",SFO,892,892
2026-06-25,MUX,"Multan, Pakistan",DTW,907,907
2026-06-25,DVO,"Davao City, Philippines",SFO,931,931
2026-06-25,PSA,"Pisa, Italy",BOS,933,933
2026-06-25,PVH,"Porto Velho, Brazil",MCO,948,951
2026-06-25,XSC,"South Caicos Airport, Turks and Caicos Islands",IAH,977,977
2026-06-25,LBA,"Leeds, UK",ATL,983,983
2026-06-25,SBH,"Gustavia, Saint Barthélemy",MIA,1040,1040
2026-06-25,EFL,"Kefallinia Island, Greece",PHX,1053,1053
2026-06-25,MGF,"Maringa, Brazil",BOS,1058,1058
2026-06-25,UKB,"Kobe, Japan",LAX,1081,1081
2026-06-25,MJI,"Tripoli, Libya",ATL,1085,1085
2026-06-25,ADZ,"San Andres, Colombia",FLL,1093,1093
2026-06-25,PEG,"Perugia, Italy",ORD,1096,1096
2026-06-25,HGA,"Hargeisa, Somalia",ATL,1143,1143
2026-06-25,NGO,"Tokoname, Japan",CLT,1167,1167
2026-06-25,SCO,"Aktau, Kazakhstan",ORD,1179,1179
2026-06-25,PFO,"Paphos, Cyprus",PDX,1193,1193
2026-06-25,CRL,"Brussels, Belgium",DFW,1201,1201
2026-06-25,LYP,"Faisalabad, Pakistan",SMF,1218,1218
2026-06-25,SJZ,"Velas, Portugal",SFO,1222,1222
2026-06-25,WEH,"Weihai, China",SEA,1240,1240
2026-06-25,MOC,"Montes Claros, Brazil",MSP,1257,1257
2026-06-25,CFE,"Clermont-Ferrand/Auvergne, France",MIA,1315,1315
2026-06-25,NEV,"Charlestown, Saint Kitts and Nevis",STL,1344,1344
2026-06-25,BDS,"Brindisi, Italy",DTW,1352,1352
2026-06-25,XIY,"Xianyang, China",CVG,1352,1352
2026-06-25,VLN,"Valencia, Venezuela",DFW,1357,1357
2026-06-25,LEJ,"Leipzig, Germany",ANC,1382,1382
2026-06-25,APW,"Apia, Samoa",PHX,1399,1399
2026-06-25,BLA,"Barcelona, Venezuela",BOS,1445,1445
2026-06-25,TSN,"Tianjin, China",PHX,1474,1474
2026-06-25,CEI,"Chiang Rai, Thailand",IAH,1476,1476
2026-06-25,KKN,"Kirkenes, Norway",ORD,1500,1500
2026-06-25,SPR,SPR,MIA,1565,1565
2026-06-25,MQM,"Mardin, Türkiye",BOS,1659,1659
2026-06-25,CJU,"Jeju City, South Korea",CLT,1663,1663
2026-06-25,WDH,"Windhoek, Namibia",MIA,1689,1687
2026-06-25,KRS,"Kjevik, Norway",BNA,1765,1765
2026-06-25,GUW,"Atyrau, Kazakhstan",IND,1794,1794
2026-06-25,BLZ,"Blantyre, Malawi",CMH,1841,1841
2026-06-25,CIT,"Shymkent, Kazakhstan",SFO,1893,1893
2026-06-25,KGF,"Karaganda, Kazakhstan",MIA,2007,2007
2026-06-25,URA,"Uralsk, Kazakhstan",MSP,2011,2011
2026-06-25,OSS,"Osh, Kyrgyzstan",DFW,2151,2151
2026-06-25,FBM,"Lubumbashi, Congo",IND,2238,2238
2026-06-25,YKF,"Waterloo, Canada",MDW,2265,2265
2026-06-25,BAX,"Barnaul, Russia",MIA,2311,2311
2026-06-25,YBP,"Yibin, China",DFW,2384,2384
2026-06-25,LBD,"Khudzhand, Tajikistan",DFW,2441,2441
2026-06-25,NGS,"Nagasaki, Japan",ATL,2575,2575
2026-06-25,MGQ,"Mogadishu, Somalia",SEA,2596,2596
2026-06-25,ASF,"Astrakhan, Russia",BOS,2740,2740
2026-06-25,IKU,"Tamchy, Kyrgyzstan",PDX,2946,2946
2026-06-25,GVN,"Sovetskaya Gavan, Russia",SNA,3142,3142
2026-06-25,ITU,ITU,ATL,3316,3316
2026-06-25,SDQ,"Santo Domingo, Dom. Rep.",EWR,190,189
2026-06-25,SAL,San Salvador,LGA,187,186
2026-06-25,FCO,"Rome, Italy",LAX,460,455
2026-06-25,LIS,"Lisbon, Portugal",JFK,614,608
2026-06-25,CAI,"Cairo, Egypt",IAD,634,627
2026-06-25,OTP,"Bucharest, Romania",MIA,670,663
2026-06-25,FLR,"Florence, Italy",BOS,764,758
2026-06-25,DPS,"Bali, Indonesia",SEA,815,803
2026-06-25,HKT,"Phuket, Thailand",LAX,768,762
2026-06-25,ICN,"Seoul, South Korea",SFO,672,667
2026-06-25,CPT,"Cape Town, S. Africa",ORD,1254,1245
2026-06-25,PPT,"Papeete, Tahiti",SFO,821,811
2026-06-25,USM,"Koh Samui, Thailand",DFW,1548,1530
2026-06-25,CNX,"Chiang Mai, Thailand",SFO,1769,1749
2026-06-25,TAS,"Tashkent, Uzbekistan",LAX,743,739
2026-06-25,ORY,"Paris, France",JFK,474,468
2026-06-25,UFA,"Ufa, Russia",BOS,1415,1401
2026-06-25,TQO,"Tulum, Mexico",LGA,411,408
2026-06-25,DYU,"Dushanbe, Tajikistan",ORD,1282,1268
2026-06-25,FIH,"Kinshasa, Congo",DFW,915,904
2026-06-25,NLU,"Reyes Acozac, Mexico",LAX,278,275
2026-06-25,DLA,"Douala, Cameroon",DTW,1246,1228
2026-06-25,ZIA,"Zhukovsky, Russia",IAD,1505,1491
2026-06-25,CAP,"Cap Haitien, Haiti",FLL,622,614
2026-06-25,SJJ,"Sarajevo, Bosnia and Herzegovina",LAX,803,796
2026-06-25,YWG,"Winnipeg, Canada",LGA,427,424
2026-06-25,ADB,"Izmir, Türkiye",IAD,910,898
2026-06-25,LLW,"Lilongwe, Malawi",ORD,1263,1256
2026-06-25,TAB,"Scarborough, Trinidad and Tobago",JFK,518,515
2026-06-25,PMO,"Palermo, Italy",ORD,851,846
2026-06-25,UGC,"Urgench, Uzbekistan",ORD,1321,1305
2026-06-25,CSX,"Changsha, China",CLT,1919,1894
2026-06-25,ATH,"Athens, Greece",JFK,533,524
2026-06-25,BKK,"Bangkok, Thailand",SFO,662,647
2026-06-25,NCE,"Nice, France",MIA,772,759
2026-06-25,COK,"Kochi, India",MIA,1167,1147
2026-06-25,TPE,"Taipei, Taiwan",ORD,731,717
2026-06-25,SSA,"Salvador, Brazil",MSY,1095,1074
2026-06-25,POP,"Puerto Plata, Dominican Republic",MIA,428,420
2026-06-25,VCP,"Campinas, Brazil",FLL,604,595
2026-06-25,SNU,"Santa Clara, Cuba",MIA,362,354
2026-06-25,GYN,"Goiania, Brazil",BNA,907,889
2026-06-25,MRV,"Mineralnyye Vody, Russia",MIA,1680,1655
2026-06-25,BPS,"Porto Seguro, Brazil",PHL,1037,1021
2026-06-25,SLP,"San Luis Potosi, Mexico",DFW,441,433
2026-06-25,HER,"Heraklion, Greece",BOS,950,933
2026-06-25,SVG,"Stavanger, Norway",ATL,883,867
2026-06-25,JMK,"Mykonos Island, Greece",LAX,966,949
2026-06-25,NJF,"Najaf, Iraq",MSP,1445,1422
2026-06-25,OGZ,"Beslan, Russia",CLT,1683,1645
2026-06-25,SJU,"San Juan, Puerto Rico",TPA,145,141
2026-06-25,AUA,Aruba,TPA,242,236
2026-06-25,FLN,"Florianopolis, Brazil",BOS,971,943
2026-06-25,LOS,"Lagos, Nigeria",IND,925,894
2026-06-25,SIN,Singapore,SFO,678,657
2026-06-25,EBL,"Arbil, Iraq",SAN,921,898
2026-06-25,BJM,"Bujumbura, Burundi",LAX,1053,1022
2026-06-25,LTN,"London, UK",LGA,787,763
2026-06-25,SKG,"Thessaloniki, Greece",DTW,671,649
2026-06-25,YDF,"Deer Lake, Canada",IND,751,730
2026-06-25,BPN,"Balikpapan, Borneo Island, Indonesia",CLT,1970,1920
2026-06-25,MDE,"Medellin, Colombia",FLL,252,243
2026-06-25,SJD,"Los Cabos, Mexico",EWR,264,255
2026-06-25,BOG,"Bogota, Colombia",AUS,271,260
2026-06-25,BGI,"Bridgetown, Barbados",DCA,457,438
2026-06-25,AEP,"Buenos Aires, Argentina",MIA,627,603
2026-06-25,VRN,"Verona, Italy",BOS,824,796
2026-06-25,DLM,"Dalaman, Türkiye",ORD,1381,1327
2026-06-25,PLS,"Providenciales, Turks",JFK,436,416
2026-06-25,MAA,"Chennai, India",ORD,1097,1044
2026-06-25,OKA,"Okinawa, Japan",SFO,979,930
2026-06-25,GOT,"Gothenburg, Sweden",SFO,730,692
2026-06-25,HYD,"Hyderabad, India",ORD,988,943
2026-06-25,CEK,"Chelyabinsk, Russia",IAH,1735,1653
2026-06-25,SKP,"Skopje, North Macedonia",CVG,711,679
2026-06-25,IBZ,"Ibiza, Spain",IAD,845,808
2026-06-25,GOX,"Mopa, India",SNA,1767,1679
2026-06-25,MPM,"Maputo, Mozambique",MSP,2405,2287
2026-06-25,QRO,"Queretaro, Mexico",RDU,279,263
2026-06-25,CUE,"Cuenca, Ecuador",ATL,570,540
2026-06-25,LIN,"Milan, Italy",LAX,806,760
2026-06-25,VXE,"Sao Pedro, Cabo Verde",BOS,1416,1342
2026-06-25,ASU,"Asuncion, Paraguay",MIA,908,856
2026-06-25,CGK,"Jakarta, Indonesia",PHX,1291,1208
2026-06-25,SVQ,"Seville, Spain",STL,1069,996
2026-06-25,CRK,"Angeles City, Philippines",LAX,914,854
2026-06-25,JNB,"Johannesburg, S. Africa",IAH,921,843
2026-06-25,GGT,"George Town, Bahamas",MIA,558,511
2026-06-25,NVT,"Navegantes, Brazil",BOS,1627,1491
2026-06-25,KUT,"Kutaisi, Georgia",OAK,1804,1626
2026-06-25,ABV,"Abuja, Nigeria",TPA,1937,1746
2026-06-25,BCN,"Barcelona, Spain",JFK,544,487
2026-06-25,ABJ,"Abidjan, Côte d'Ivoire",IAH,2228,1972
2026-06-25,SVD,"Argyle, Saint Vincent and the Grenadines",EWR,440,381
2026-06-25,EOH,"Medellin, Colombia",DFW,815,696
2026-06-25,CUL,"Culiacan, Mexico",SEA,619,477
2026-06-25,INN,"Innsbruck, Austria",AUS,2411,1652
2026-06-25,FPO,"Freeport, Bahamas",IAH,606,410
2026-06-25,BOB,"Motu Mute, French Polynesia",CMH,1671,1085
2026-06-25,NDJ,"N'Djamena, Chad",IND,3742,2061
2026-06-25,BKI,"Kota Kinabalu, Malaysia",LAX,1046,1590
2026-06-25,MDZ,"Mendoza, Argentina",MDW,1013,1418
2026-06-25,LGK,"Langkawi, Malaysia",ORD,1289,1780
2026-06-25,PUJ,"Punta Cana, Dom. Rep.",MIA,128,147
2026-06-25,PEK,"Beijing, China",SEA,510,585
2026-06-25,SCU,"Santiago, Cuba",MIA,697,800
2026-06-25,VTE,"Vientiane, Laos",SEA,1148,1317
2026-06-25,REC,"Recife, Brazil",MIA,771,878
2026-06-25,HND,"Tokyo, Japan",LAX,689,782
2026-06-25,OUA,"Ouagadougou, Burkina Faso",JFK,654,738
2026-06-25,TAM,"Tampico, Mexico",ATL,591,664
2026-06-25,UIO,"Quito, Ecuador",JFK,298,330
2026-06-25,BLR,"Bangalore, India",IAD,879,978
2026-06-25,YEG,"Edmonton, Canada",SLC,274,305
2026-06-25,OGU,"Ordu, Türkiye",BOS,988,1100
2026-06-25,FRA,"Frankfurt, Germany",JFK,481,528
2026-06-25,RUH,"Riyadh, Saudi Arabia",IAD,1048,1151
2026-06-25,AXA,"The Valley, Anguilla",MIA,647,714
2026-06-25,COO,"Cotonou, Benin",IAH,1110,1223
2026-06-25,HAM,"Hamburg, Germany",JFK,589,639
2026-06-25,BAH,Bahrain,DTW,1102,1200
2026-06-25,TGD,"Podgorica, Montenegro",ORD,559,608
2026-06-25,CTG,"Cartagena, Colombia",FLL,223,241
2026-06-25,BDA,"Hamilton, Bermuda",EWR,329,354
2026-06-25,ESB,"Ankara, Türkiye",IAD,894,966
2026-06-25,GYE,"Guayaquil, Ecuador",JFK,234,248
2026-06-25,TLL,"Tallinn, Estonia",EWR,533,568
2026-06-25,MNL,"Manila, Philippines",LAX,495,529
2026-06-25,AGU,"Aguascalientes, Mexico",DFW,386,412
2026-06-25,BIM,"South Bimini, Bahamas",IND,394,420
2026-06-25,MAD,"Madrid, Spain",EWR,397,420
2026-06-25,HAV,"Havana, Cuba",MIA,184,194
2026-06-25,GCM,Grand Cayman,IAD,383,399
2026-06-25,BER,"Berlin, Germany",JFK,583,610
2026-06-25,ZRH,"Zurich, Switzerland",BWI,577,601
2026-06-25,ACC,"Accra, Ghana",IAD,954,995
2026-06-25,MEL,"Melbourne, Australia",DTW,981,1020
2026-06-25,UBN,"Ulaanbaatar, Mongolia",ORD,786,822
2026-06-25,VIX,"Vitoria, Brazil",BOS,596,618
2026-06-25,PTY,"Panama City, Panama",JFK,269,276
2026-06-25,GIG,"Rio de Janeiro, Brazil",TPA,431,444
2026-06-25,RIX,"Riga, Latvia",JFK,542,557
2026-06-25,KUL,"Kuala Lumpur, Malaysia",SFO,702,727
2026-06-25,CEB,"Cebu, Philippines",LAX,591,610
2026-06-25,MLE,"Male, Maldives",MSY,917,946
2026-06-25,GVA,"Geneva, Switzerland",MCO,477,492
2026-06-25,SYD,"Sydney, Australia",LAX,741,766
2026-06-25,RMO,"Chișinău, Moldova",EWR,579,595
2026-06-25,MSQ,"Minsk, Belarus",IAD,1471,1509
2026-06-25,CLO,"Cali, Colombia",MCO,234,242
2026-06-25,PDL,"Ponta Delgada, Portugal",BOS,610,627
2026-06-25,CUZ,"Cusco, Peru",BWI,858,886
2026-06-25,UVF,St. Lucia,JFK,499,507
2026-06-25,YYZ,"Toronto, Canada",FLL,203,207
2026-06-25,VNO,"Vilnius, Lithuania",EWR,524,536
2026-06-25,BEG,"Belgrade, Serbia",JFK,662,674
2026-06-25,NBO,"Nairobi, Kenya",IAD,722,736
2026-06-25,DOH,"Doha, Qatar",IAD,1501,1539
2026-06-25,NAN,"Nadi, Fiji",LAX,694,707
2026-06-25,STI,"Santiago, Dominican Republic",EWR,197,201
2026-06-25,YTZ,"Toronto, Canada",ORD,195,199
2026-06-25,MTY,"Monterrey, Mexico",DFW,176,180
2026-06-25,STN,"London, UK",SEA,668,683
2026-06-25,TGZ,"Tuxtla Gutierrez, Mexico",IAH,426,435
2026-06-25,TFU,"Tianfu, China",DCA,1649,1678
2026-06-25,ROR,"Babelthuap Island, Palau",HNL,2380,2438
2026-06-25,MEX,"Mexico City, Mexico",IAH,165,167
2026-06-25,AGP,"Malaga, Spain",JFK,579,584
2026-06-25,VLC,"Valencia, Spain",BOS,664,674
2026-06-25,EVN,"Yerevan, Armenia",BOS,727,736
2026-06-25,HRG,"Hurghada, Egypt",LAX,973,983
2026-06-25,CGN,"Cologne, Germany",ORD,836,847
2026-06-25,SVO,"Moscow, Russia",MIA,1145,1161
2026-06-25,SAW,"Istanbul, Türkiye",JFK,662,666
2026-06-25,BUS,"Batumi, Georgia",IAD,913,918
2026-06-25,BSZ,"Bishkek, Kyrgyzstan",ORD,1025,1039
2026-06-25,KTI,"Krong Ta Khmau, Cambodia",LAX,735,740
2026-06-25,ROB,"Monrovia, Liberia",PHL,1367,1374
2026-06-25,SHJ,"Sharjah, UAE",ATL,809,816
2026-06-25,GZP,"Gazipasa, Türkiye",BWI,1074,1080
2026-06-25,AMD,"Ahmedabad, India",IAD,929,934
2026-06-25,SNN,"Shannon, Ireland",EWR,630,634
2026-06-25,BRI,"Bari, Italy",IAD,774,783
2026-06-25,ALG,"Algiers, Algeria",BOS,750,754
2026-06-25,RAI,"Praia, Cabo Verde",BOS,891,898
2026-06-25,YQB,"Quebec City, Canada",SAN,457,461
2026-06-25,FNC,"Funchal, Portugal",SFO,1113,1122
2026-06-25,KTW,"Katowice, Poland",MSP,1280,1295
2026-06-25,WMI,"Warsaw, Poland",ORD,679,686
2026-06-25,HOR,"Horta, Portugal",BOS,797,805
2026-06-25,SID,"Espargos, Cabo Verde",FLL,1422,1435
2026-06-25,STW,"Stavropol, Russia",SFO,2361,2381
2026-06-25,KIN,"Kingston, Jamaica",JFK,246,246
2026-06-25,GUA,Guatemala City,MIA,190,190
2026-06-25,MBJ,"Montego Bay, Jamaica",TPA,217,217
2026-06-25,CUN,"Cancun, Mexico",ATL,166,166
2026-06-25,NAS,"Nassau, Bahamas",MIA,266,266
2026-06-25,KEF,"Reykjavik, Iceland",ORD,394,394
2026-06-25,ARN,"Stockholm, Sweden",JFK,408,410
2026-06-25,YVR,"Vancouver, Canada",LAX,163,163
2026-06-25,POS,"Port of Spain, Trinidad",FLL,317,317
2026-06-25,SJO,"San Jose, Costa Rica",MIA,207,207
2026-06-25,CUR,Curacao,EWR,345,345
2026-06-25,YYC,"Calgary, Canada",SAN,270,269
2026-06-25,VIE,"Vienna, Austria",JFK,459,459
2026-06-25,OSL,"Oslo, Norway",JFK,465,464
2026-06-25,BUD,"Budapest, Hungary",EWR,483,483
2026-06-25,CDG,"Paris, France",EWR,464,464
2026-06-25,DUB,"Dublin, Ireland",ORD,457,457
2026-06-25,LIM,"Lima, Peru",MIA,397,397
2026-06-25,SXM,St. Maarten,LGA,468,467
2026-06-25,AMS,"Amsterdam, Netherlands",JFK,527,527
2026-06-25,MXP,"Milan, Italy",SFO,501,501
2026-06-25,MGA,"Managua, Nicaragua",MIA,299,299
2026-06-25,ANU,Antigua,JFK,538,538
2026-06-25,DXB,"Dubai, UAE",JFK,550,550
2026-06-25,WAW,"Warsaw, Poland",IAD,470,470
2026-06-25,IST,"Istanbul, Turkey",JFK,561,561
2026-06-25,CMN,"Casablanca, Morocco",LGA,540,540
2026-06-25,CPH,"Copenhagen, Denmark",RDU,466,466
2026-06-25,KRK,"Krakow, Poland",JFK,587,587
2026-06-25,VCE,"Venice, Italy",EWR,587,587
2026-06-25,LHR,"London, UK",BWI,482,482
2026-06-25,OPO,"Porto, Portugal",BOS,568,570
2026-06-25,SOF,"Sofia, Bulgaria",JFK,640,642
2026-06-25,TBS,"Tbilisi, Georgia",JFK,642,642
2026-06-25,HEL,"Helsinki, Finland",MSP,529,528
2026-06-25,MUC,"Munich, Germany",JFK,647,648
2026-06-25,TUN,"Tunis, Tunisia",JFK,658,658
2026-06-25,YUL,"Montreal, Canada",BOS,217,217
2026-06-25,PRG,"Prague, Czechia",LAX,581,581
2026-06-25,SSH,"Sharm El Sheikh, Egypt",EWR,667,667
2026-06-25,GRU,"Sao Paulo, Brazil",MIA,446,444
2026-06-25,GND,Grenada,MIA,674,674
2026-06-25,RAK,"Marrakech, Morocco",BOS,628,628
2026-06-25,NAP,"Naples, Italy",LAX,743,743
2026-06-25,BOM,"Mumbai, India",BOS,854,854
2026-06-25,BRU,"Brussels, Belgium",BWI,528,527
2026-06-25,ADD,"Addis Ababa, Ethiopia",BOS,966,966
2026-06-25,JED,"Jeddah, Saudi Arabia",ORD,722,722
2026-06-25,SGN,"Ho Chi Minh, Vietnam",LAX,618,616
2026-06-25,GYD,"Baku, Azerbaijan",IAD,946,946
2026-06-25,HKG,Hong Kong,SFO,634,634
2026-06-25,KTM,"Kathmandu, Nepal",HNL,1066,1066
2026-06-25,CAN,"Guangzhou, China",SFO,640,640
2026-06-25,BZE,"Belize City, Belize",IAD,334,334
2026-06-25,STT,"St. Thomas, USVI",MIA,389,389
2026-06-25,EZE,"Buenos Aires, Argentina",AUS,529,529
2026-06-25,MAN,"Manchester, UK",IAD,686,686
2026-06-25,DEL,"Delhi, India",IAD,783,783
2026-06-25,PVG,"Shanghai, China",LAX,617,617
2026-06-25,LIR,"Liberia, Costa Rica",PDX,338,338
2026-06-25,NRT,"Tokyo, Japan",HNL,644,644
2026-06-25,DBV,"Dubrovnik, Croatia",ATL,617,617
2026-06-25,BLQ,"Bologna, Italy",ATL,648,648
2026-06-25,ZAG,"Zagreb, Croatia",CLE,668,668
2026-06-25,GLA,"Glasgow, Scotland",ATL,710,710
2026-06-25,SCL,"Santiago, Chile",MCO,355,355
2026-06-25,EDI,"Edinburgh, Scotland",ORD,673,673
2026-06-25,FOR,"Fortaleza, Brazil",MIA,753,751
2026-06-25,ZNZ,"Zanzibar, Tanzania",ORD,918,918
2026-06-25,MBA,"Mombasa, Kenya",ATL,1339,1339
2026-06-25,DAD,"Da Nang, Vietnam",SFO,743,744
2026-06-25,GOI,"Goa, India",ATL,2295,2295
2026-06-25,AUH,"Abu Dhabi, UAE",MIA,912,912
2026-06-25,BNE,"Brisbane, Australia",LAX,718,718
2026-06-25,HAN,"Hanoi, Vietnam",LAX,786,786
2026-06-25,AKL,"Auckland, New Zealand",DFW,701,701
2026-06-25,MRS,"Marseille, France",ORD,765,765
2026-06-25,FAO,"Faro, Portugal",ORD,906,906
2026-06-25,CMB,"Colombo, Sri Lanka",ORD,1073,1073
2026-06-25,KIX,"Osaka, Japan",LAX,861,861
2026-06-25,MRU,Mauritius,ORD,1572,1572
2026-06-25,TGU,"Tegucigalpa, Honduras",RDU,932,932
2026-06-25,KWI,Kuwait City,DEN,1115,1115
2026-06-25,LYS,"Lyon, France",LAX,1061,1061
2026-06-25,ZQN,"Queenstown, NZ",IND,1606,1606
2026-06-25,TAS,"Tashkent, Uzbekistan",LAX,743,740
2026-06-25,VKO,"Moscow, Russia",IAD,1165,1168
2026-06-25,LED,"St. Petersburg, Russia",IAD,1211,1211
2026-06-25,ALA,"Almaty, Kazakhstan",LAX,797,797
2026-06-25,NQZ,"Astana, Kazakhstan",IAH,1134,1130
2026-06-25,DME,"Moscow, Russia",ORD,1215,1215
2026-06-25,LGW,"London, UK",MCO,391,391
2026-06-25,GDL,"Guadalajara, Mexico",LAX,245,245
2026-06-25,AYT,"Antalya, Türkiye",BOS,705,705
2026-06-25,BJX,"Silao, Mexico",IAH,249,249
2026-06-25,SKD,"Samarkand, Uzbekistan",IAD,1047,1052
2026-06-25,TIV,"Tivat, Montenegro",SEA,975,975
2026-06-25,SAP,"La Mesa, Honduras",MIA,268,268
2026-06-25,XPL,"Comayagua, Honduras",MCO,358,358
2026-06-25,KZN,"Kazan, Russia",FLL,1390,1384
2026-06-25,PVR,"Puerto Vallarta, Mexico",LAX,315,314
2026-06-25,LHE,"Lahore, Pakistan",SFO,780,780
2026-06-25,ISB,"Islamabad, Pakistan",IAD,631,631
2026-06-25,FOC,"Fuzhou, China",IAD,1056,1056
2026-06-25,MLM,"Morelia, Mexico",LAX,236,236
2026-06-25,TIA,"Tirana, Albania",JFK,517,517
2026-06-25,PMI,"Palma De Mallorca, Spain",ATL,644,643
2026-06-25,SVX,"Yekaterinburg, Russia",SEA,1508,1508
2026-06-25,BGW,"Baghdad, Iraq",ORD,823,823
2026-06-25,TLC,"Toluca, Mexico",IAH,250,250
2026-06-25,CCS,"Caracas, Venezuela",MIA,422,422
2026-06-25,BVA,"Beauvais/Tille, France",JFK,620,620
2026-06-25,PRN,Lipjan,IAD,684,684
2026-06-25,VVI,"Santa Cruz, Bolivia",IAD,710,710
2026-06-25,OVB,"Novosibirsk, Russia",DEN,1552,1552
2026-06-25,BSB,"Brasilia, Brazil",MIA,387,387
2026-06-25,AER,"Sochi, Russia",MIA,1151,1151
2026-06-25,ALC,"Alicante, Spain",BOS,609,606
2026-06-25,OAX,"Oaxaca, Mexico",LAX,207,207
2026-06-25,BAQ,"Barranquilla, Colombia",MIA,258,258
2026-06-25,KHI,"Karachi, Pakistan",JFK,649,649
2026-06-25,GEO,"Georgetown, Guyana",MIA,330,330
2026-06-25,POA,"Porto Alegre, Brazil",BOS,716,713
2026-06-25,CFU,"Kerkyra Island, Greece",BOS,959,959
2026-06-25,MID,"Merida, Mexico",OAK,323,323
2026-06-25,RTB,"Roatan Island, Honduras",JFK,616,616
2026-06-25,MED,"Medina, Saudi Arabia",ORD,854,854
2026-06-25,DAC,"Dhaka, Bangladesh",ATL,857,857
2026-06-25,DAR,"Dar es Salaam, Tanzania",IAD,939,939
2026-06-25,MVD,"Montevideo, Uruguay",IAD,476,476
2026-06-25,CIA,"Roma, Italy",BWI,778,778
2026-06-25,KBL,"Kabul, Afghanistan",IAD,861,861
2026-06-25,RHO,"Rodes Island, Greece",LAX,925,929
2026-06-25,HOG,"Holguin, Cuba",SAT,517,517
2026-06-25,SDU,"Rio De Janeiro, Brazil",CLT,699,697
2026-06-25,CXR,"Nha Trang, Vietnam",SFO,1072,1072
2026-06-25,SEZ,"Mahe Island, Seychelles",ORD,1403,1403
2026-06-25,VVO,"Vladivostok, Russia",SEA,1510,1510
2026-06-25,MZT,"Mazatlan, Mexico",SAT,368,368
2026-06-25,PEI,"Pereira, Colombia",MCO,459,459
2026-06-25,EBB,"Kampala, Uganda",ATL,808,808
2026-06-25,ISU,"Sulaymaniyah, Iraq",DCA,1143,1138
2026-06-25,VER,"Veracruz, Mexico",DFW,345,345
2026-06-25,HHN,"Hahn, Germany",IAD,754,756
2026-06-25,LFW,"Lome, Togo",IAD,1122,1122
2026-06-25,CGR,"Campo Grande, Brazil",BWI,1172,1172
2026-06-25,HRE,"Harare, Zimbabwe",ORD,1280,1280
2026-06-25,FNA,"Freetown, Sierra Leone",IAH,1407,1407
2026-06-25,NSI,"Yaounde, Cameroon",DFW,1414,1410
2026-06-25,KUF,"Samara, Russia",AUS,1661,1661
2026-06-25,KHV,"Khabarovsk, Russia",MIA,2438,2436
2026-06-25,YXE,"Saskatoon, Canada",LGA,507,507
2026-06-25,CWB,"Curitiba, Brazil",CLT,630,630
2026-06-25,PKX,"Beijing, China",LAX,669,669
2026-06-25,RBA,"Rabat, Morocco",MCO,690,690
2026-06-25,PVK,"Preveza/Lefkada, Greece",BOS,742,742
2026-06-25,LCA,"Larnarca, Cyprus",ORD,970,967
2026-06-25,BJV,"Bodrum, Türkiye",ORD,982,982
2026-06-25,IKT,"Irkutsk, Russia",BOS,1322,1322
2026-06-25,XMN,"Xiamen, China",SFO,739,739
2026-06-25,CKG,"Chongqing, China",SFO,883,883
2026-06-25,SYX,"Sanya, China",LAX,900,900
2026-06-25,BOJ,"Burgas, Bulgaria",MIA,905,905
2026-06-25,BSR,"Basrah, Iraq",PDX,942,942
2026-06-25,PQC,"Duong Dong, Vietnam",ORD,1092,1092
2026-06-25,CTM,"Chetumal, Mexico",IAH,348,348
2026-06-25,MHH,"Marsh Harbour, Bahamas",FLL,449,449
2026-06-25,CMW,"Camaguey, Cuba",AUS,489,489
2026-06-25,TPP,"Tarapoto, Peru",MIA,538,538
2026-06-25,GDN,"Gdańsk, Poland",JFK,612,612
2026-06-25,SKB,"Basseterre, Saint Kitts and Nevis",JFK,619,619
2026-06-25,BON,"Kralendijk, Bonaire",ATL,631,630
2026-06-25,LTO,"Loreto, Mexico",DFW,632,632
2026-06-25,ZLO,"Manzanillo, Mexico",BWI,640,640
2026-06-25,CGH,"Sao Paulo, Brazil",MIA,698,697
2026-06-25,DGO,"Durango, Mexico",MKE,700,700
2026-06-25,OLB,"Olbia, Italy",IAD,701,701
2026-06-25,MLA,"Luqa, Malta",ORD,730,730
2026-06-25,HAK,"Haikou, China",SFO,878,878
2026-06-25,CCU,"Kolkata, India",IAD,1013,1013
2026-06-25,SOU,"Southampton, UK",IAD,1045,1045
2026-06-25,PZU,"Port Sudan, Sudan",SFO,1072,1072
2026-06-25,RMI,"Rimini, Italy",DCA,1092,1092
2026-06-25,COV,"Tarsus, Türkiye",IAH,1173,1173
2026-06-25,TSR,"Timisoara, Romania",IAD,1175,1175
2026-06-25,LLW,"Lilongwe, Malawi",ORD,1263,1257
2026-06-25,KSN,"Kostanay, Kazakhstan",MIA,1316,1316
2026-06-25,LPB,"La Paz / El Alto, Bolivia",BWI,1378,1378
2026-06-25,KRR,"Krasnodar, Russia",DFW,1412,1412
2026-06-25,DUR,"Durban, South Africa",IAD,1415,1412
2026-06-25,NIM,"Niamey, Niger",IND,1656,1656
2026-06-25,PHC,"Port Harcourt, Nigeria",IAH,1687,1687
2026-06-25,LUN,"Lusaka, Zambia",IAD,1944,1944
2026-06-25,MCX,"Makhachkala, Russia",SFO,2019,2019
2026-06-25,YHM,"Hamilton, Canada",FLL,243,243
2026-06-25,MAR,"Maracaibo, Venezuela",MIA,279,279
2026-06-25,TIJ,"Tijuana, Mexico",LAX,296,296
2026-06-25,YOW,"Ottawa, Canada",CMH,401,401
2026-06-25,BGY,"Bergamo, Italy",BOS,599,599
2026-06-25,YXY,"Whitehorse, Canada",BNA,605,605
2026-06-25,AXM,"Armenia, Colombia",JFK,640,640
2026-06-25,ZIH,"Ixtapa, Mexico",LAX,720,720
2026-06-25,NUE,"Nuremberg, Germany",MIA,801,801
2026-06-25,CGO,"Zhengzhou, China",SFO,806,806
2026-06-25,SHA,"Shanghai, China",LAX,820,820
2026-06-25,WUH,"Wuhan, China",SFO,821,821
2026-06-25,RZE,"Rzeszow, Poland",ORD,838,838
2026-06-25,YZF,"Yellowknife, Canada",ORD,862,862
2026-06-25,HBE,"Alexandria, Egypt",BOS,867,867
2026-06-25,XRY,"Jerez de la Forntera, Spain",MIA,910,910
2026-06-25,CBB,"Cochabamba, Bolivia",LAX,953,953
2026-06-25,PNT,"Puerto Natales, Chile",FLL,1001,1001
2026-06-25,CUK,"Caye Caulker, Belize",SFO,1003,1003
2026-06-25,VRA,"Varadero, Cuba",SFO,1007,1007
2026-06-25,CLJ,"Cluj-Napoca, Romania",SFO,1035,1035
2026-06-25,SZX,"Shenzhen, China",ORD,1140,1140
2026-06-25,IGD,"Igdir, Türkiye",DFW,1203,1203
2026-06-25,PAS,"Paros Island, Greece",MIA,1217,1217
2026-06-25,NBJ,"Luanda, Angola",SEA,1244,1244
2026-06-25,CCP,"Concepcion, Chile",SLC,1290,1290
2026-06-25,DSS,"Diass, Senegal",CLT,1387,1387
2026-06-25,TAO,"Qingdao, China",MIA,1554,1548
2026-06-25,LWN,"Gyumri, Armenia",SFO,1719,1719
2026-06-25,USH,"Ushuahia, Argentina",SFO,1758,1758
2026-06-25,NMA,"Namangan, Uzbekistan",PIT,1807,1807
2026-06-25,KJA,"Krasnoyarsk, Russia",LAS,1960,1960
2026-06-25,UUD,"Ulan Ude, Russia",SEA,2652,2652
2026-06-25,YLW,"Kelowna, Canada",PHX,320,320
2026-06-25,ELH,"North Eleuthera, Bahamas",MIA,379,379
2026-06-25,YHZ,"Halifax, Canada",PHL,402,402
2026-06-25,CUU,"Chihuahua, Mexico",DEN,406,406
2026-06-25,YHU,"Longueuil, Canada",BWI,532,532
2026-06-25,PBC,"Puebla, Mexico",DEN,542,542
2026-06-25,BGA,"Bucaramanga, Colombia",JFK,548,548
2026-06-25,TRC,"Torreon, Mexico",DEN,553,553
2026-06-25,REX,"Reynosa, Mexico",ORD,575,575
2026-06-25,YXU,"London, Canada",ORD,580,580
2026-06-25,JTR,"Santorini Island, Greece",JFK,595,595
2026-06-25,ZYR,ZYR,LAX,600,600
2026-06-25,CZM,"Cozumel, Mexico",DEN,607,607
2026-06-25,EIS,"Road Town, Virgin Islands",MCO,636,636
2026-06-25,AQP,"Arequipa, Peru",MCO,688,688
2026-06-25,CIX,"Chiclayo, Peru",SFO,695,695
2026-06-25,TRF,"Torp, Norway",SFO,721,721
2026-06-25,FMO,"Munster, Germany",DTW,762,762
2026-06-25,IAS,"Iasi, Romania",LGA,764,764
2026-06-25,VGO,"Vigo, Spain",ORD,779,779
2026-06-25,TOS,"Tromsø, Norway",MSP,783,783
2026-06-25,PTP,"Pointe-a-Pitre Le Raizet, Guadeloupe",AUS,791,791
2026-06-25,SHE,"Shenyang, China",SFO,813,813
2026-06-25,BOC,"Isla Colon, Panama",DFW,829,829
2026-06-25,SUF,"Lamezia Terme, Italy",IAH,835,835
2026-06-25,CUC,"Cucuta, Colombia",IND,846,846
2026-06-25,GMP,"Seoul, South Korea",HNL,881,881
2026-06-25,TER,"Lajes, Portugal",SFO,892,892
2026-06-25,MUX,"Multan, Pakistan",DTW,907,907
2026-06-25,DVO,"Davao City, Philippines",SFO,931,931
2026-06-25,PSA,"Pisa, Italy",BOS,933,933
2026-06-25,PVH,"Porto Velho, Brazil",MCO,948,951
2026-06-25,XSC,"South Caicos Airport, Turks and Caicos Islands",IAH,977,977
2026-06-25,LBA,"Leeds, UK",ATL,983,983
2026-06-25,SBH,"Gustavia, Saint Barthélemy",MIA,1040,1040
2026-06-25,EFL,"Kefallinia Island, Greece",PHX,1053,1053
2026-06-25,MGF,"Maringa, Brazil",BOS,1058,1058
2026-06-25,UKB,"Kobe, Japan",LAX,1081,1081
2026-06-25,MJI,"Tripoli, Libya",ATL,1085,1085
2026-06-25,ADZ,"San Andres, Colombia",FLL,1093,1093
2026-06-25,PEG,"Perugia, Italy",ORD,1096,1096
2026-06-25,HGA,"Hargeisa, Somalia",ATL,1143,1143
2026-06-25,NGO,"Tokoname, Japan",CLT,1167,1167
2026-06-25,SCO,"Aktau, Kazakhstan",ORD,1179,1179
2026-06-25,PFO,"Paphos, Cyprus",PDX,1193,1193
2026-06-25,CRL,"Brussels, Belgium",DFW,1201,1201
2026-06-25,LYP,"Faisalabad, Pakistan",SMF,1218,1218
2026-06-25,SJZ,"Velas, Portugal",SFO,1222,1222
2026-06-25,WEH,"Weihai, China",SEA,1240,1240
2026-06-25,MOC,"Montes Claros, Brazil",MSP,1257,1257
2026-06-25,CFE,"Clermont-Ferrand/Auvergne, France",MIA,1315,1315
2026-06-25,NEV,"Charlestown, Saint Kitts and Nevis",STL,1344,1344
2026-06-25,BDS,"Brindisi, Italy",DTW,1352,1352
2026-06-25,XIY,"Xianyang, China",CVG,1352,1352
2026-06-25,VLN,"Valencia, Venezuela",DFW,1357,1357
2026-06-25,LEJ,"Leipzig, Germany",ANC,1382,1382
2026-06-25,APW,"Apia, Samoa",PHX,1399,1399
2026-06-25,BLA,"Barcelona, Venezuela",BOS,1445,1445
2026-06-25,TSN,"Tianjin, China",PHX,1474,1474
2026-06-25,CEI,"Chiang Rai, Thailand",IAH,1476,1476
2026-06-25,KKN,"Kirkenes, Norway",ORD,1500,1500
2026-06-25,SPR,SPR,MIA,1565,1565
2026-06-25,MQM,"Mardin, Türkiye",BOS,1659,1659
2026-06-25,CJU,"Jeju City, South Korea",CLT,1663,1663
2026-06-25,WDH,"Windhoek, Namibia",MIA,1689,1687
2026-06-25,KRS,"Kjevik, Norway",BNA,1765,1765
2026-06-25,GUW,"Atyrau, Kazakhstan",IND,1794,1794
2026-06-25,BLZ,"Blantyre, Malawi",CMH,1841,1841
2026-06-25,CIT,"Shymkent, Kazakhstan",SFO,1893,1893
2026-06-25,KGF,"Karaganda, Kazakhstan",MIA,2007,2007
2026-06-25,URA,"Uralsk, Kazakhstan",MSP,2011,2011
2026-06-25,OSS,"Osh, Kyrgyzstan",DFW,2151,2151
2026-06-25,FBM,"Lubumbashi, Congo",IND,2238,2238
2026-06-25,YKF,"Waterloo, Canada",MDW,2265,2265
2026-06-25,BAX,"Barnaul, Russia",MIA,2311,2311
2026-06-25,YBP,"Yibin, China",DFW,2384,2384
2026-06-25,LBD,"Khudzhand, Tajikistan",DFW,2441,2441
2026-06-25,NGS,"Nagasaki, Japan",ATL,2575,2575
2026-06-25,MGQ,"Mogadishu, Somalia",SEA,2596,2596
2026-06-25,ASF,"Astrakhan, Russia",BOS,2740,2740
2026-06-25,IKU,"Tamchy, Kyrgyzstan",PDX,2946,2946
2026-06-25,GVN,"Sovetskaya Gavan, Russia",SNA,3142,3142
2026-06-25,ITU,ITU,ATL,3316,3316
2026-06-25,SDQ,"Santo Domingo, Dom. Rep.",EWR,190,189
2026-06-25,SAL,San Salvador,LGA,187,186
2026-06-25,FCO,"Rome, Italy",LAX,460,456
2026-06-25,LIS,"Lisbon, Portugal",JFK,614,608
2026-06-25,CAI,"Cairo, Egypt",IAD,634,627
2026-06-25,OTP,"Bucharest, Romania",MIA,670,663
2026-06-25,FLR,"Florence, Italy",BOS,764,758
2026-06-25,DPS,"Bali, Indonesia",SEA,815,803
2026-06-25,HKT,"Phuket, Thailand",LAX,768,762
2026-06-25,ICN,"Seoul, South Korea",SFO,672,667
2026-06-25,CPT,"Cape Town, S. Africa",ORD,1254,1245
2026-06-25,PPT,"Papeete, Tahiti",SFO,821,811
2026-06-25,USM,"Koh Samui, Thailand",DFW,1548,1531
2026-06-25,CNX,"Chiang Mai, Thailand",SFO,1769,1750
2026-06-25,ORY,"Paris, France",JFK,474,468
2026-06-25,UFA,"Ufa, Russia",BOS,1415,1402
2026-06-25,TQO,"Tulum, Mexico",LGA,411,408
2026-06-25,DYU,"Dushanbe, Tajikistan",ORD,1282,1269
2026-06-25,FIH,"Kinshasa, Congo",DFW,915,904
2026-06-25,NLU,"Reyes Acozac, Mexico",LAX,278,275
2026-06-25,DLA,"Douala, Cameroon",DTW,1246,1229
2026-06-25,ZIA,"Zhukovsky, Russia",IAD,1505,1491
2026-06-25,CAP,"Cap Haitien, Haiti",FLL,622,614
2026-06-25,MRV,"Mineralnyye Vody, Russia",MIA,1680,1656
2026-06-25,SJJ,"Sarajevo, Bosnia and Herzegovina",LAX,803,796
2026-06-25,YWG,"Winnipeg, Canada",LGA,427,424
2026-06-25,ADB,"Izmir, Türkiye",IAD,910,899
2026-06-25,TAB,"Scarborough, Trinidad and Tobago",JFK,518,515
2026-06-25,PMO,"Palermo, Italy",ORD,851,846
2026-06-25,UGC,"Urgench, Uzbekistan",ORD,1321,1305
2026-06-25,CSX,"Changsha, China",CLT,1919,1895
2026-06-25,AUA,Aruba,TPA,242,237
2026-06-25,ATH,"Athens, Greece",JFK,533,525
2026-06-25,BKK,"Bangkok, Thailand",SFO,662,648
2026-06-25,NCE,"Nice, France",MIA,772,760
2026-06-25,COK,"Kochi, India",MIA,1167,1148
2026-06-25,TPE,"Taipei, Taiwan",ORD,731,718
2026-06-25,SSA,"Salvador, Brazil",MSY,1095,1075
2026-06-25,EBL,"Arbil, Iraq",SAN,921,899
2026-06-25,POP,"Puerto Plata, Dominican Republic",MIA,428,420
2026-06-25,VCP,"Campinas, Brazil",FLL,604,595
2026-06-25,SNU,"Santa Clara, Cuba",MIA,362,355
2026-06-25,GYN,"Goiania, Brazil",BNA,907,889
2026-06-25,BPS,"Porto Seguro, Brazil",PHL,1037,1021
2026-06-25,SLP,"San Luis Potosi, Mexico",DFW,441,433
2026-06-25,HER,"Heraklion, Greece",BOS,950,934
2026-06-25,SVG,"Stavanger, Norway",ATL,883,868
2026-06-25,JMK,"Mykonos Island, Greece",LAX,966,950
2026-06-25,NJF,"Najaf, Iraq",MSP,1445,1423
2026-06-25,OGZ,"Beslan, Russia",CLT,1683,1647
2026-06-25,BPN,"Balikpapan, Borneo Island, Indonesia",CLT,1970,1922
2026-06-25,SJU,"San Juan, Puerto Rico",TPA,145,141
2026-06-25,MDE,"Medellin, Colombia",FLL,252,244
2026-06-25,FLN,"Florianopolis, Brazil",BOS,971,944
2026-06-25,LOS,"Lagos, Nigeria",IND,925,896
2026-06-25,SIN,Singapore,SFO,678,658
2026-06-25,BJM,"Bujumbura, Burundi",LAX,1053,1023
2026-06-25,LTN,"London, UK",LGA,787,764
2026-06-25,VRN,"Verona, Italy",BOS,824,797
2026-06-25,SKG,"Thessaloniki, Greece",DTW,671,650
2026-06-25,YDF,"Deer Lake, Canada",IND,751,731
2026-06-25,BOG,"Bogota, Colombia",AUS,271,260
2026-06-25,BGI,"Bridgetown, Barbados",DCA,457,439
2026-06-25,CNF,"Belo Horizonte, Brazil",BOS,429,414
2026-06-25,AEP,"Buenos Aires, Argentina",MIA,627,604
2026-06-25,IBZ,"Ibiza, Spain",IAD,845,810
2026-06-25,DLM,"Dalaman, Türkiye",ORD,1381,1330
2026-06-25,PLS,"Providenciales, Turks",JFK,436,416
2026-06-25,MAA,"Chennai, India",ORD,1097,1046
2026-06-25,OKA,"Okinawa, Japan",SFO,979,932
2026-06-25,GOT,"Gothenburg, Sweden",SFO,730,694
2026-06-25,HYD,"Hyderabad, India",ORD,988,945
2026-06-25,CUE,"Cuenca, Ecuador",ATL,570,542
2026-06-25,VXE,"Sao Pedro, Cabo Verde",BOS,1416,1346
2026-06-25,CEK,"Chelyabinsk, Russia",IAH,1735,1656
2026-06-25,SKP,"Skopje, North Macedonia",CVG,711,680
2026-06-25,GOX,"Mopa, India",SNA,1767,1683
2026-06-25,MPM,"Maputo, Mozambique",MSP,2405,2293
2026-06-25,QRO,"Queretaro, Mexico",RDU,279,264
2026-06-25,LIN,"Milan, Italy",LAX,806,763
2026-06-25,ASU,"Asuncion, Paraguay",MIA,908,859
2026-06-25,CGK,"Jakarta, Indonesia",PHX,1291,1212
2026-06-25,SVQ,"Seville, Spain",STL,1069,999
2026-06-25,CRK,"Angeles City, Philippines",LAX,914,857
2026-06-25,JNB,"Johannesburg, S. Africa",IAH,921,846
2026-06-25,GGT,"George Town, Bahamas",MIA,558,514
2026-06-25,NVT,"Navegantes, Brazil",BOS,1627,1497
2026-06-25,KUT,"Kutaisi, Georgia",OAK,1804,1635
2026-06-25,ABV,"Abuja, Nigeria",TPA,1937,1755
2026-06-25,BCN,"Barcelona, Spain",JFK,544,490
2026-06-25,ABJ,"Abidjan, Côte d'Ivoire",IAH,2228,1984
2026-06-25,SVD,"Argyle, Saint Vincent and the Grenadines",EWR,440,384
2026-06-25,EOH,"Medellin, Colombia",DFW,815,702
2026-06-25,SJD,"Los Cabos, Mexico",LAX,311,255
2026-06-25,CUL,"Culiacan, Mexico",SEA,619,484
2026-06-25,FPO,"Freeport, Bahamas",IAH,606,419
2026-06-25,BOB,"Motu Mute, French Polynesia",CMH,1671,1113
2026-06-25,NDJ,"N'Djamena, Chad",IND,3742,2145
2026-06-25,MDZ,"Mendoza, Argentina",MDW,1013,1418
2026-06-25,LGK,"Langkawi, Malaysia",ORD,1289,1780
2026-06-25,ABV,"Abuja, Nigeria",DFW,1480,1764
2026-06-25,PUJ,"Punta Cana, Dom. Rep.",MIA,128,146
2026-06-25,PEK,"Beijing, China",SEA,510,582
2026-06-25,REC,"Recife, Brazil",MIA,771,873
2026-06-25,SCU,"Santiago, Cuba",MIA,697,795
2026-06-25,VTE,"Vientiane, Laos",SEA,1148,1309
2026-06-25,HND,"Tokyo, Japan",LAX,689,778
2026-06-25,OUA,"Ouagadougou, Burkina Faso",JFK,654,734
2026-06-25,TAM,"Tampico, Mexico",ATL,591,661
2026-06-25,BLR,"Bangalore, India",IAD,879,973
2026-06-25,YEG,"Edmonton, Canada",SLC,274,304
2026-06-25,UIO,"Quito, Ecuador",JFK,298,328
2026-06-25,FRA,"Frankfurt, Germany",JFK,481,526
2026-06-25,RUH,"Riyadh, Saudi Arabia",IAD,1048,1146
2026-06-25,AXA,"The Valley, Anguilla",MIA,647,711
2026-06-25,SJJ,"Sarajevo, Bosnia and Herzegovina",MSP,727,796
2026-06-25,COO,"Cotonou, Benin",IAH,1110,1218
2026-06-25,HAM,"Hamburg, Germany",JFK,589,637
2026-06-25,BAH,Bahrain,DTW,1102,1200
2026-06-25,TGD,"Podgorica, Montenegro",ORD,559,606
2026-06-25,IAS,"Iasi, Romania",EWR,702,764
2026-06-25,CTG,"Cartagena, Colombia",FLL,223,241
2026-06-25,BDA,"Hamilton, Bermuda",EWR,329,353
2026-06-25,ESB,"Ankara, Türkiye",IAD,894,963
2026-06-25,TLL,"Tallinn, Estonia",EWR,533,567
2026-06-25,MNL,"Manila, Philippines",LAX,495,527
2026-06-25,AGU,"Aguascalientes, Mexico",DFW,386,410
2026-06-25,BIM,"South Bimini, Bahamas",IND,394,419
2026-06-25,GYE,"Guayaquil, Ecuador",JFK,234,247
2026-06-25,MAD,"Madrid, Spain",EWR,397,419
2026-06-25,HAV,"Havana, Cuba",MIA,184,194
2026-06-25,GCM,Grand Cayman,IAD,383,398
2026-06-25,BER,"Berlin, Germany",JFK,583,609
2026-06-25,ZRH,"Zurich, Switzerland",BWI,577,600
2026-06-25,ACC,"Accra, Ghana",IAD,954,994
2026-06-25,MEL,"Melbourne, Australia",DTW,981,1019
2026-06-25,UBN,"Ulaanbaatar, Mongolia",ORD,786,820
2026-06-25,GIG,"Rio de Janeiro, Brazil",TPA,431,443
2026-06-25,RIX,"Riga, Latvia",JFK,542,556
2026-06-25,KUL,"Kuala Lumpur, Malaysia",SFO,702,726
2026-06-25,CEB,"Cebu, Philippines",LAX,591,609
2026-06-25,MLE,"Male, Maldives",MSY,917,945
2026-06-25,GVA,"Geneva, Switzerland",MCO,477,492
2026-06-25,SYD,"Sydney, Australia",LAX,741,765
2026-06-25,RMO,"Chișinău, Moldova",EWR,579,595
2026-06-25,CLO,"Cali, Colombia",MCO,234,241
2026-06-25,VIX,"Vitoria, Brazil",BOS,596,617
2026-06-25,PDL,"Ponta Delgada, Portugal",BOS,610,626
2026-06-25,CUZ,"Cusco, Peru",BWI,858,885
2026-06-25,PTY,"Panama City, Panama",JFK,269,275
2026-06-25,VNO,"Vilnius, Lithuania",EWR,524,536
2026-06-25,BEG,"Belgrade, Serbia",JFK,662,674
2026-06-25,NBO,"Nairobi, Kenya",IAD,722,736
2026-06-25,DOH,"Doha, Qatar",IAD,1501,1537
2026-06-25,NAN,"Nadi, Fiji",LAX,694,706
2026-06-25,STI,"Santiago, Dominican Republic",EWR,197,201
2026-06-25,YTZ,"Toronto, Canada",ORD,195,199
2026-06-25,MSQ,"Minsk, Belarus",IAD,1471,1507
2026-06-25,MTY,"Monterrey, Mexico",DFW,176,180
2026-06-25,STN,"London, UK",SEA,668,682
2026-06-25,TGZ,"Tuxtla Gutierrez, Mexico",IAH,426,435
2026-06-25,TFU,"Tianfu, China",DCA,1649,1677
2026-06-25,ROR,"Babelthuap Island, Palau",HNL,2380,2436
2026-06-25,MEX,"Mexico City, Mexico",IAH,165,167
2026-06-25,UVF,St. Lucia,JFK,499,506
2026-06-25,YYZ,"Toronto, Canada",FLL,203,206
2026-06-25,AGP,"Malaga, Spain",JFK,579,584
2026-06-25,VLC,"Valencia, Spain",BOS,664,674
2026-06-25,EVN,"Yerevan, Armenia",BOS,727,735
2026-06-25,HRG,"Hurghada, Egypt",LAX,973,983
2026-06-25,CGN,"Cologne, Germany",ORD,836,846
2026-06-25,SVO,"Moscow, Russia",MIA,1145,1160
2026-06-25,SAW,"Istanbul, Türkiye",JFK,662,666
2026-06-25,BUS,"Batumi, Georgia",IAD,913,918
2026-06-25,BSZ,"Bishkek, Kyrgyzstan",ORD,1025,1039
2026-06-25,KTI,"Krong Ta Khmau, Cambodia",LAX,735,740
2026-06-25,ROB,"Monrovia, Liberia",PHL,1367,1374
2026-06-25,SHJ,"Sharjah, UAE",ATL,809,816
2026-06-25,GZP,"Gazipasa, Türkiye",BWI,1074,1080
2026-06-25,SNN,"Shannon, Ireland",EWR,630,634
2026-06-25,BRI,"Bari, Italy",IAD,774,782
2026-06-25,ALG,"Algiers, Algeria",BOS,750,754
2026-06-25,RAI,"Praia, Cabo Verde",BOS,891,898
2026-06-25,YQB,"Quebec City, Canada",SAN,457,461
2026-06-25,FNC,"Funchal, Portugal",SFO,1113,1122
2026-06-25,KTW,"Katowice, Poland",MSP,1280,1294
2026-06-25,WMI,"Warsaw, Poland",ORD,679,686
2026-06-25,HOR,"Horta, Portugal",BOS,797,804
2026-06-25,SID,"Espargos, Cabo Verde",FLL,1422,1435
2026-06-25,STW,"Stavropol, Russia",SFO,2361,2381
2026-06-25,KIN,"Kingston, Jamaica",JFK,246,246
2026-06-25,MBJ,"Montego Bay, Jamaica",TPA,217,217
2026-06-25,CUN,"Cancun, Mexico",ATL,166,166
2026-06-25,NAS,"Nassau, Bahamas",MIA,266,266
2026-06-25,KEF,"Reykjavik, Iceland",ORD,394,394
2026-06-25,ARN,"Stockholm, Sweden",JFK,408,410
2026-06-25,YVR,"Vancouver, Canada",LAX,163,163
2026-06-25,POS,"Port of Spain, Trinidad",FLL,317,317
2026-06-25,SJO,"San Jose, Costa Rica",MIA,207,207
2026-06-25,CUR,Curacao,EWR,345,345
2026-06-25,YYC,"Calgary, Canada",SAN,270,269
2026-06-25,VIE,"Vienna, Austria",JFK,459,459
2026-06-25,OSL,"Oslo, Norway",JFK,465,464
2026-06-25,BUD,"Budapest, Hungary",EWR,483,483
2026-06-25,CDG,"Paris, France",EWR,464,464
2026-06-25,DUB,"Dublin, Ireland",ORD,457,457
2026-06-25,LIM,"Lima, Peru",MIA,397,397
2026-06-25,SXM,St. Maarten,LGA,468,467
2026-06-25,AMS,"Amsterdam, Netherlands",JFK,527,527
2026-06-25,MXP,"Milan, Italy",SFO,501,501
2026-06-25,MGA,"Managua, Nicaragua",MIA,299,299
2026-06-25,ANU,Antigua,JFK,538,538
2026-06-25,DXB,"Dubai, UAE",JFK,550,550
2026-06-25,WAW,"Warsaw, Poland",IAD,470,470
2026-06-25,IST,"Istanbul, Turkey",JFK,561,561
2026-06-25,CMN,"Casablanca, Morocco",LGA,540,540
2026-06-25,CPH,"Copenhagen, Denmark",RDU,466,466
2026-06-25,KRK,"Krakow, Poland",JFK,587,587
2026-06-25,VCE,"Venice, Italy",EWR,587,587
2026-06-25,LHR,"London, UK",BWI,482,482
2026-06-25,OPO,"Porto, Portugal",BOS,568,570
2026-06-25,SOF,"Sofia, Bulgaria",JFK,640,642
2026-06-25,TBS,"Tbilisi, Georgia",JFK,642,642
2026-06-25,HEL,"Helsinki, Finland",MSP,529,528
2026-06-25,MUC,"Munich, Germany",JFK,647,648
2026-06-25,TUN,"Tunis, Tunisia",JFK,658,658
2026-06-25,YUL,"Montreal, Canada",BOS,217,217
2026-06-25,PRG,"Prague, Czechia",LAX,581,581
2026-06-25,SSH,"Sharm El Sheikh, Egypt",EWR,667,667
2026-06-25,GRU,"Sao Paulo, Brazil",MIA,446,444
2026-06-25,GND,Grenada,MIA,674,674
2026-06-25,RAK,"Marrakech, Morocco",BOS,628,628
2026-06-25,NAP,"Naples, Italy",LAX,743,743
2026-06-25,BOM,"Mumbai, India",BOS,854,854
2026-06-25,BRU,"Brussels, Belgium",BWI,528,527
2026-06-25,ADD,"Addis Ababa, Ethiopia",BOS,966,966
2026-06-25,JED,"Jeddah, Saudi Arabia",ORD,722,722
2026-06-25,SGN,"Ho Chi Minh, Vietnam",LAX,618,616
2026-06-25,GYD,"Baku, Azerbaijan",IAD,946,946
2026-06-25,HKG,Hong Kong,SFO,634,634
2026-06-25,KTM,"Kathmandu, Nepal",HNL,1066,1066
2026-06-25,CAN,"Guangzhou, China",SFO,640,640
2026-06-25,BZE,"Belize City, Belize",IAD,334,334
2026-06-25,STT,"St. Thomas, USVI",MIA,389,389
2026-06-25,EZE,"Buenos Aires, Argentina",AUS,529,529
2026-06-25,MAN,"Manchester, UK",IAD,686,686
2026-06-25,DEL,"Delhi, India",IAD,783,783
2026-06-25,PVG,"Shanghai, China",LAX,617,617
2026-06-25,LIR,"Liberia, Costa Rica",PDX,338,338
2026-06-25,NRT,"Tokyo, Japan",HNL,644,644
2026-06-25,DBV,"Dubrovnik, Croatia",ATL,617,617
2026-06-25,BLQ,"Bologna, Italy",ATL,648,648
2026-06-25,ZAG,"Zagreb, Croatia",CLE,668,668
2026-06-25,GLA,"Glasgow, Scotland",ATL,710,710
2026-06-25,SCL,"Santiago, Chile",MCO,355,355
2026-06-25,EDI,"Edinburgh, Scotland",ORD,673,673
2026-06-25,FOR,"Fortaleza, Brazil",MIA,753,751
2026-06-25,ZNZ,"Zanzibar, Tanzania",ORD,918,918
2026-06-25,MBA,"Mombasa, Kenya",ATL,1339,1339
2026-06-25,DAD,"Da Nang, Vietnam",SFO,743,744
2026-06-25,GOI,"Goa, India",ATL,2295,2295
2026-06-25,AUH,"Abu Dhabi, UAE",MIA,912,912
2026-06-25,BNE,"Brisbane, Australia",LAX,718,718
2026-06-25,HAN,"Hanoi, Vietnam",LAX,786,786
2026-06-25,AKL,"Auckland, New Zealand",DFW,701,701
2026-06-25,MRS,"Marseille, France",ORD,765,765
2026-06-25,FAO,"Faro, Portugal",ORD,906,906
2026-06-25,CMB,"Colombo, Sri Lanka",ORD,1073,1073
2026-06-25,KIX,"Osaka, Japan",LAX,861,861
2026-06-25,MRU,Mauritius,ORD,1572,1572
2026-06-25,TGU,"Tegucigalpa, Honduras",RDU,932,932
2026-06-25,KWI,Kuwait City,DEN,1115,1115
2026-06-25,LYS,"Lyon, France",LAX,1061,1061
2026-06-25,ZQN,"Queenstown, NZ",IND,1606,1606
2026-06-25,TAS,"Tashkent, Uzbekistan",LAX,743,740
2026-06-25,VKO,"Moscow, Russia",IAD,1165,1168
2026-06-25,LED,"St. Petersburg, Russia",IAD,1211,1211
2026-06-25,ALA,"Almaty, Kazakhstan",LAX,797,797
2026-06-25,NQZ,"Astana, Kazakhstan",IAH,1134,1130
2026-06-25,DME,"Moscow, Russia",ORD,1215,1215
2026-06-25,LGW,"London, UK",MCO,391,391
2026-06-25,GDL,"Guadalajara, Mexico",LAX,245,245
2026-06-25,AYT,"Antalya, Türkiye",BOS,705,705
2026-06-25,BJX,"Silao, Mexico",IAH,249,249
2026-06-25,SKD,"Samarkand, Uzbekistan",IAD,1047,1051
2026-06-25,TIV,"Tivat, Montenegro",SEA,975,975
2026-06-25,XPL,"Comayagua, Honduras",MCO,358,358
2026-06-25,KZN,"Kazan, Russia",FLL,1390,1384
2026-06-25,SAP,"La Mesa, Honduras",MIA,268,268
2026-06-25,PVR,"Puerto Vallarta, Mexico",LAX,315,314
2026-06-25,LHE,"Lahore, Pakistan",SFO,780,780
2026-06-25,ISB,"Islamabad, Pakistan",IAD,631,631
2026-06-25,FOC,"Fuzhou, China",IAD,1056,1056
2026-06-25,MLM,"Morelia, Mexico",LAX,236,236
2026-06-25,TIA,"Tirana, Albania",JFK,517,517
2026-06-25,PMI,"Palma De Mallorca, Spain",ATL,644,643
2026-06-25,SVX,"Yekaterinburg, Russia",SEA,1508,1508
2026-06-25,BGW,"Baghdad, Iraq",ORD,823,823
2026-06-25,TLC,"Toluca, Mexico",IAH,250,250
2026-06-25,BVA,"Beauvais/Tille, France",JFK,620,620
2026-06-25,PRN,Lipjan,IAD,684,684
2026-06-25,VVI,"Santa Cruz, Bolivia",IAD,710,710
2026-06-25,CCS,"Caracas, Venezuela",MIA,422,422
2026-06-25,OVB,"Novosibirsk, Russia",DEN,1552,1552
2026-06-25,BSB,"Brasilia, Brazil",MIA,387,387
2026-06-25,AER,"Sochi, Russia",MIA,1151,1151
2026-06-25,ALC,"Alicante, Spain",BOS,609,606
2026-06-25,OAX,"Oaxaca, Mexico",LAX,207,207
2026-06-25,BAQ,"Barranquilla, Colombia",MIA,258,258
2026-06-25,KHI,"Karachi, Pakistan",JFK,649,649
2026-06-25,GEO,"Georgetown, Guyana",MIA,330,330
2026-06-25,POA,"Porto Alegre, Brazil",BOS,716,713
2026-06-25,CFU,"Kerkyra Island, Greece",BOS,959,959
2026-06-25,MID,"Merida, Mexico",OAK,323,323
2026-06-25,RTB,"Roatan Island, Honduras",JFK,616,616
2026-06-25,MED,"Medina, Saudi Arabia",ORD,854,854
2026-06-25,DAC,"Dhaka, Bangladesh",ATL,857,857
2026-06-25,AMD,"Ahmedabad, India",IAD,929,933
2026-06-25,DAR,"Dar es Salaam, Tanzania",IAD,939,939
2026-06-25,MVD,"Montevideo, Uruguay",IAD,476,476
2026-06-25,SDU,"Rio De Janeiro, Brazil",EWR,695,697
2026-06-25,CIA,"Roma, Italy",BWI,778,778
2026-06-25,KBL,"Kabul, Afghanistan",IAD,861,861
2026-06-25,RHO,"Rodes Island, Greece",LAX,925,929
2026-06-25,HOG,"Holguin, Cuba",SAT,517,517
2026-06-25,CXR,"Nha Trang, Vietnam",SFO,1072,1072
2026-06-25,SEZ,"Mahe Island, Seychelles",ORD,1403,1403
2026-06-25,VVO,"Vladivostok, Russia",SEA,1510,1510
2026-06-25,MZT,"Mazatlan, Mexico",SAT,368,368
2026-06-25,PEI,"Pereira, Colombia",MCO,459,459
2026-06-25,EBB,"Kampala, Uganda",ATL,808,808
2026-06-25,ISU,"Sulaymaniyah, Iraq",DCA,1143,1139
2026-06-25,VER,"Veracruz, Mexico",DFW,345,345
2026-06-25,HHN,"Hahn, Germany",IAD,754,756
2026-06-25,LFW,"Lome, Togo",IAD,1122,1122
2026-06-25,CGR,"Campo Grande, Brazil",BWI,1172,1172
2026-06-25,HRE,"Harare, Zimbabwe",ORD,1280,1280
2026-06-25,FNA,"Freetown, Sierra Leone",IAH,1407,1407
2026-06-25,NSI,"Yaounde, Cameroon",DFW,1414,1410
2026-06-25,KUF,"Samara, Russia",AUS,1661,1661
2026-06-25,KHV,"Khabarovsk, Russia",MIA,2438,2436
2026-06-25,YXE,"Saskatoon, Canada",LGA,507,507
2026-06-25,CWB,"Curitiba, Brazil",CLT,630,630
2026-06-25,PKX,"Beijing, China",LAX,669,669
2026-06-25,RBA,"Rabat, Morocco",MCO,690,690
2026-06-25,PVK,"Preveza/Lefkada, Greece",BOS,742,742
2026-06-25,BOJ,"Burgas, Bulgaria",MIA,905,905
2026-06-25,LCA,"Larnarca, Cyprus",ORD,970,967
2026-06-25,XMN,"Xiamen, China",SFO,739,739
2026-06-25,CKG,"Chongqing, China",SFO,883,883
2026-06-25,SYX,"Sanya, China",LAX,900,900
2026-06-25,BSR,"Basrah, Iraq",PDX,942,942
2026-06-25,BJV,"Bodrum, Türkiye",ORD,982,982
2026-06-25,PQC,"Duong Dong, Vietnam",ORD,1092,1092
2026-06-25,CTM,"Chetumal, Mexico",IAH,348,348
2026-06-25,MHH,"Marsh Harbour, Bahamas",FLL,449,449
2026-06-25,CMW,"Camaguey, Cuba",AUS,489,489
2026-06-25,TPP,"Tarapoto, Peru",MIA,538,538
2026-06-25,GDN,"Gdańsk, Poland",JFK,612,612
2026-06-25,SKB,"Basseterre, Saint Kitts and Nevis",JFK,619,619
2026-06-25,BON,"Kralendijk, Bonaire",ATL,631,630
2026-06-25,LTO,"Loreto, Mexico",DFW,632,632
2026-06-25,ZLO,"Manzanillo, Mexico",BWI,640,640
2026-06-25,CGH,"Sao Paulo, Brazil",MIA,698,697
2026-06-25,DGO,"Durango, Mexico",MKE,700,700
2026-06-25,OLB,"Olbia, Italy",IAD,701,701
2026-06-25,MLA,"Luqa, Malta",ORD,730,730
2026-06-25,HAK,"Haikou, China",SFO,878,878
2026-06-25,CCU,"Kolkata, India",IAD,1013,1013
2026-06-25,SOU,"Southampton, UK",IAD,1045,1045
2026-06-25,PZU,"Port Sudan, Sudan",SFO,1072,1072
2026-06-25,RMI,"Rimini, Italy",DCA,1092,1092
2026-06-25,COV,"Tarsus, Türkiye",IAH,1173,1173
2026-06-25,TSR,"Timisoara, Romania",IAD,1175,1175
2026-06-25,LLW,"Lilongwe, Malawi",ORD,1263,1257
2026-06-25,KSN,"Kostanay, Kazakhstan",MIA,1316,1316
2026-06-25,LPB,"La Paz / El Alto, Bolivia",BWI,1378,1378
2026-06-25,KRR,"Krasnodar, Russia",DFW,1412,1412
2026-06-25,DUR,"Durban, South Africa",IAD,1415,1412
2026-06-25,NIM,"Niamey, Niger",IND,1656,1656
2026-06-25,PHC,"Port Harcourt, Nigeria",IAH,1687,1687
2026-06-25,LUN,"Lusaka, Zambia",IAD,1944,1944
2026-06-25,MCX,"Makhachkala, Russia",SFO,2019,2019
2026-06-25,YHM,"Hamilton, Canada",FLL,243,243
2026-06-25,MAR,"Maracaibo, Venezuela",MIA,279,279
2026-06-25,TIJ,"Tijuana, Mexico",LAX,296,296
2026-06-25,YOW,"Ottawa, Canada",CMH,401,401
2026-06-25,BGA,"Bucaramanga, Colombia",JFK,548,548
2026-06-25,BGY,"Bergamo, Italy",BOS,599,599
2026-06-25,YXY,"Whitehorse, Canada",BNA,605,605
2026-06-25,AXM,"Armenia, Colombia",JFK,640,640
2026-06-25,ZIH,"Ixtapa, Mexico",LAX,720,720
2026-06-25,NUE,"Nuremberg, Germany",MIA,801,801
2026-06-25,CGO,"Zhengzhou, China",SFO,806,806
2026-06-25,SHA,"Shanghai, China",LAX,820,820
2026-06-25,WUH,"Wuhan, China",SFO,821,821
2026-06-25,RZE,"Rzeszow, Poland",ORD,838,838
2026-06-25,YZF,"Yellowknife, Canada",ORD,862,862
2026-06-25,HBE,"Alexandria, Egypt",BOS,867,867
2026-06-25,XRY,"Jerez de la Forntera, Spain",MIA,910,910
2026-06-25,CBB,"Cochabamba, Bolivia",LAX,953,953
2026-06-25,PNT,"Puerto Natales, Chile",FLL,1001,1001
2026-06-25,CUK,"Caye Caulker, Belize",SFO,1003,1003
2026-06-25,VRA,"Varadero, Cuba",SFO,1007,1007
2026-06-25,CLJ,"Cluj-Napoca, Romania",SFO,1035,1035
2026-06-25,SZX,"Shenzhen, China",ORD,1140,1140
2026-06-25,IGD,"Igdir, Türkiye",DFW,1203,1203
2026-06-25,PAS,"Paros Island, Greece",MIA,1217,1217
2026-06-25,NBJ,"Luanda, Angola",SEA,1244,1244
2026-06-25,DSS,"Diass, Senegal",CLT,1387,1387
2026-06-25,TAO,"Qingdao, China",MIA,1554,1548
2026-06-25,LWN,"Gyumri, Armenia",SFO,1719,1719
2026-06-25,USH,"Ushuahia, Argentina",SFO,1758,1758
2026-06-25,NMA,"Namangan, Uzbekistan",PIT,1807,1807
2026-06-25,KJA,"Krasnoyarsk, Russia",LAS,1960,1960
2026-06-25,UUD,"Ulan Ude, Russia",SEA,2652,2652
2026-06-25,YLW,"Kelowna, Canada",PHX,320,320
2026-06-25,ELH,"North Eleuthera, Bahamas",MIA,379,379
2026-06-25,YHZ,"Halifax, Canada",PHL,402,402
2026-06-25,CUU,"Chihuahua, Mexico",DEN,406,406
2026-06-25,YHU,"Longueuil, Canada",BWI,532,532
2026-06-25,PBC,"Puebla, Mexico",DEN,542,542
2026-06-25,TRC,"Torreon, Mexico",DEN,553,553
2026-06-25,REX,"Reynosa, Mexico",ORD,575,575
2026-06-25,YXU,"London, Canada",ORD,580,580
2026-06-25,JTR,"Santorini Island, Greece",JFK,595,595
2026-06-25,ZYR,ZYR,LAX,600,600
2026-06-25,CZM,"Cozumel, Mexico",DEN,607,607
2026-06-25,EIS,"Road Town, Virgin Islands",MCO,636,636
2026-06-25,AQP,"Arequipa, Peru",MCO,688,688
2026-06-25,CIX,"Chiclayo, Peru",SFO,695,695
2026-06-25,TRF,"Torp, Norway",SFO,721,721
2026-06-25,FMO,"Munster, Germany",DTW,762,762
2026-06-25,VGO,"Vigo, Spain",ORD,779,779
2026-06-25,TOS,"Tromsø, Norway",MSP,783,783
2026-06-25,PTP,"Pointe-a-Pitre Le Raizet, Guadeloupe",AUS,791,791
2026-06-25,SHE,"Shenyang, China",SFO,813,813
2026-06-25,BOC,"Isla Colon, Panama",DFW,829,829
2026-06-25,SUF,"Lamezia Terme, Italy",IAH,835,835
2026-06-25,CUC,"Cucuta, Colombia",IND,846,846
2026-06-25,GMP,"Seoul, South Korea",HNL,881,881
2026-06-25,TER,"Lajes, Portugal",SFO,892,892
2026-06-25,MUX,"Multan, Pakistan",DTW,907,907
2026-06-25,DVO,"Davao City, Philippines",SFO,931,931
2026-06-25,PSA,"Pisa, Italy",BOS,933,933
2026-06-25,PVH,"Porto Velho, Brazil",MCO,948,951
2026-06-25,XSC,"South Caicos Airport, Turks and Caicos Islands",IAH,977,977
2026-06-25,LBA,"Leeds, UK",ATL,983,983
2026-06-25,OGU,"Ordu, Türkiye",BOS,988,988
2026-06-25,SBH,"Gustavia, Saint Barthélemy",MIA,1040,1040
2026-06-25,BKI,"Kota Kinabalu, Malaysia",LAX,1046,1046
2026-06-25,EFL,"Kefallinia Island, Greece",PHX,1053,1053
2026-06-25,MGF,"Maringa, Brazil",BOS,1058,1058
2026-06-25,UKB,"Kobe, Japan",LAX,1081,1081
2026-06-25,MJI,"Tripoli, Libya",ATL,1085,1085
2026-06-25,ADZ,"San Andres, Colombia",FLL,1093,1093
2026-06-25,PEG,"Perugia, Italy",ORD,1096,1096
2026-06-25,HGA,"Hargeisa, Somalia",ATL,1143,1143
2026-06-25,NGO,"Tokoname, Japan",CLT,1167,1167
2026-06-25,SCO,"Aktau, Kazakhstan",ORD,1179,1179
2026-06-25,PFO,"Paphos, Cyprus",PDX,1193,1193
2026-06-25,CRL,"Brussels, Belgium",DFW,1201,1201
2026-06-25,LYP,"Faisalabad, Pakistan",SMF,1218,1218
2026-06-25,SJZ,"Velas, Portugal",SFO,1222,1222
2026-06-25,WEH,"Weihai, China",SEA,1240,1240
2026-06-25,MOC,"Montes Claros, Brazil",MSP,1257,1257
2026-06-25,CFE,"Clermont-Ferrand/Auvergne, France",MIA,1315,1315
2026-06-25,NEV,"Charlestown, Saint Kitts and Nevis",STL,1344,1344
2026-06-25,BDS,"Brindisi, Italy",DTW,1352,1352
2026-06-25,XIY,"Xianyang, China",CVG,1352,1352
2026-06-25,VLN,"Valencia, Venezuela",DFW,1357,1357
2026-06-25,LEJ,"Leipzig, Germany",ANC,1382,1382
2026-06-25,APW,"Apia, Samoa",PHX,1399,1399
2026-06-25,BLA,"Barcelona, Venezuela",BOS,1445,1445
2026-06-25,TSN,"Tianjin, China",PHX,1474,1474
2026-06-25,CEI,"Chiang Rai, Thailand",IAH,1476,1476
2026-06-25,KKN,"Kirkenes, Norway",ORD,1500,1500
2026-06-25,SPR,SPR,MIA,1565,1565
2026-06-25,MQM,"Mardin, Türkiye",BOS,1659,1659
2026-06-25,CJU,"Jeju City, South Korea",CLT,1663,1663
2026-06-25,WDH,"Windhoek, Namibia",MIA,1689,1687
2026-06-25,KRS,"Kjevik, Norway",BNA,1765,1765
2026-06-25,BLZ,"Blantyre, Malawi",CMH,1841,1841
2026-06-25,CIT,"Shymkent, Kazakhstan",SFO,1893,1893
2026-06-25,KGF,"Karaganda, Kazakhstan",MIA,2007,2007
2026-06-25,URA,"Uralsk, Kazakhstan",MSP,2011,2011
2026-06-25,OSS,"Osh, Kyrgyzstan",DFW,2151,2151
2026-06-25,FBM,"Lubumbashi, Congo",IND,2238,2238
2026-06-25,YKF,"Waterloo, Canada",MDW,2265,2265
2026-06-25,BAX,"Barnaul, Russia",MIA,2311,2311
2026-06-25,YBP,"Yibin, China",DFW,2384,2384
2026-06-25,LBD,"Khudzhand, Tajikistan",DFW,2441,2441
2026-06-25,NGS,"Nagasaki, Japan",ATL,2575,2575
2026-06-25,MGQ,"Mogadishu, Somalia",SEA,2596,2596
2026-06-25,ASF,"Astrakhan, Russia",BOS,2740,2740
2026-06-25,IKU,"Tamchy, Kyrgyzstan",PDX,2946,2946
2026-06-25,GVN,"Sovetskaya Gavan, Russia",SNA,3142,3142
2026-06-25,ITU,ITU,ATL,3316,3316
2026-06-25,URC,"Urumqi, China",SNA,4838,4838
2026-06-25,SDQ,"Santo Domingo, Dom. Rep.",EWR,190,189
2026-06-25,SAL,San Salvador,LGA,187,186
2026-06-25,FCO,"Rome, Italy",LAX,460,456
2026-06-25,LIS,"Lisbon, Portugal",JFK,614,608
2026-06-25,CAI,"Cairo, Egypt",IAD,634,627
2026-06-25,OTP,"Bucharest, Romania",MIA,670,664
2026-06-25,FLR,"Florence, Italy",BOS,764,758
2026-06-25,DPS,"Bali, Indonesia",SEA,815,804
2026-06-25,HKT,"Phuket, Thailand",LAX,768,762
2026-06-25,ICN,"Seoul, South Korea",SFO,672,667
2026-06-25,CPT,"Cape Town, S. Africa",ORD,1254,1246
2026-06-25,PPT,"Papeete, Tahiti",SFO,821,812
2026-06-25,USM,"Koh Samui, Thailand",DFW,1548,1531
2026-06-25,CNX,"Chiang Mai, Thailand",SFO,1769,1751
2026-06-25,ORY,"Paris, France",JFK,474,468
2026-06-25,UFA,"Ufa, Russia",BOS,1415,1402
2026-06-25,TQO,"Tulum, Mexico",LGA,411,408
2026-06-25,DYU,"Dushanbe, Tajikistan",ORD,1282,1270
2026-06-25,VCP,"Campinas, Brazil",FLL,604,596
2026-06-25,FIH,"Kinshasa, Congo",DFW,915,905
2026-06-25,NLU,"Reyes Acozac, Mexico",LAX,278,275
2026-06-25,DLA,"Douala, Cameroon",DTW,1246,1230
2026-06-25,ZIA,"Zhukovsky, Russia",IAD,1505,1492
2026-06-25,CAP,"Cap Haitien, Haiti",FLL,622,615
2026-06-25,MRV,"Mineralnyye Vody, Russia",MIA,1680,1658
2026-06-25,BPS,"Porto Seguro, Brazil",PHL,1037,1022
2026-06-25,YWG,"Winnipeg, Canada",LGA,427,424
2026-06-25,ADB,"Izmir, Türkiye",IAD,910,899
2026-06-25,TAB,"Scarborough, Trinidad and Tobago",JFK,518,515
2026-06-25,PMO,"Palermo, Italy",ORD,851,846
2026-06-25,UGC,"Urgench, Uzbekistan",ORD,1321,1306
2026-06-25,NJF,"Najaf, Iraq",MSP,1445,1424
2026-06-25,CSX,"Changsha, China",CLT,1919,1896
2026-06-25,ATH,"Athens, Greece",JFK,533,525
2026-06-25,BKK,"Bangkok, Thailand",SFO,662,649
2026-06-25,NCE,"Nice, France",MIA,772,760
2026-06-25,COK,"Kochi, India",MIA,1167,1149
2026-06-25,TPE,"Taipei, Taiwan",ORD,731,718
2026-06-25,SSA,"Salvador, Brazil",MSY,1095,1076
2026-06-25,EBL,"Arbil, Iraq",SAN,921,900
2026-06-25,POP,"Puerto Plata, Dominican Republic",MIA,428,420
2026-06-25,SNU,"Santa Clara, Cuba",MIA,362,355
2026-06-25,GYN,"Goiania, Brazil",BNA,907,890
2026-06-25,SLP,"San Luis Potosi, Mexico",DFW,441,433
2026-06-25,HER,"Heraklion, Greece",BOS,950,935
2026-06-25,SVG,"Stavanger, Norway",ATL,883,869
2026-06-25,JMK,"Mykonos Island, Greece",LAX,966,951
2026-06-25,OGZ,"Beslan, Russia",CLT,1683,1649
2026-06-25,BPN,"Balikpapan, Borneo Island, Indonesia",CLT,1970,1924
2026-06-25,SJU,"San Juan, Puerto Rico",TPA,145,141
2026-06-25,MDE,"Medellin, Colombia",FLL,252,244
2026-06-25,FLN,"Florianopolis, Brazil",BOS,971,945
2026-06-25,LOS,"Lagos, Nigeria",IND,925,897
2026-06-25,SIN,Singapore,SFO,678,659
2026-06-25,BJM,"Bujumbura, Burundi",LAX,1053,1025
2026-06-25,LTN,"London, UK",LGA,787,765
2026-06-25,VRN,"Verona, Italy",BOS,824,798
2026-06-25,SKG,"Thessaloniki, Greece",DTW,671,651
2026-06-25,YDF,"Deer Lake, Canada",IND,751,731
2026-06-25,BOG,"Bogota, Colombia",AUS,271,261
2026-06-25,BGI,"Bridgetown, Barbados",DCA,457,439
2026-06-25,CNF,"Belo Horizonte, Brazil",BOS,429,414
2026-06-25,HYD,"Hyderabad, India",ORD,988,947
2026-06-25,AEP,"Buenos Aires, Argentina",MIA,627,605
2026-06-25,SKP,"Skopje, North Macedonia",CVG,711,682
2026-06-25,IBZ,"Ibiza, Spain",IAD,845,811
2026-06-25,DLM,"Dalaman, Türkiye",ORD,1381,1332
2026-06-25,PLS,"Providenciales, Turks",JFK,436,417
2026-06-25,MAA,"Chennai, India",ORD,1097,1049
2026-06-25,OKA,"Okinawa, Japan",SFO,979,935
2026-06-25,GOT,"Gothenburg, Sweden",SFO,730,695
2026-06-25,QRO,"Queretaro, Mexico",RDU,279,265
2026-06-25,CUE,"Cuenca, Ecuador",ATL,570,543
2026-06-25,LIN,"Milan, Italy",LAX,806,765
2026-06-25,VXE,"Sao Pedro, Cabo Verde",BOS,1416,1349
2026-06-25,CEK,"Chelyabinsk, Russia",IAH,1735,1660
2026-06-25,ASU,"Asuncion, Paraguay",MIA,908,861
2026-06-25,GOX,"Mopa, India",SNA,1767,1687
2026-06-25,MPM,"Maputo, Mozambique",MSP,2405,2298
2026-06-25,CGK,"Jakarta, Indonesia",PHX,1291,1216
2026-06-25,CRK,"Angeles City, Philippines",LAX,914,860
2026-06-25,SVQ,"Seville, Spain",STL,1069,1003
2026-06-25,JNB,"Johannesburg, S. Africa",IAH,921,850
2026-06-25,GGT,"George Town, Bahamas",MIA,558,516
2026-06-25,KUT,"Kutaisi, Georgia",OAK,1804,1642
2026-06-25,BCN,"Barcelona, Spain",JFK,544,492
2026-06-25,ABJ,"Abidjan, Côte d'Ivoire",IAH,2228,1995
2026-06-25,SVD,"Argyle, Saint Vincent and the Grenadines",EWR,440,386
2026-06-25,EOH,"Medellin, Colombia",DFW,815,707
2026-06-25,SJD,"Los Cabos, Mexico",LAX,311,258
2026-06-25,GUA,Guatemala City,MIA,237,190
2026-06-25,CUL,"Culiacan, Mexico",SEA,619,490
2026-06-25,FPO,"Freeport, Bahamas",IAH,606,427
2026-06-25,BOB,"Motu Mute, French Polynesia",CMH,1671,1138
2026-06-25,AUA,Aruba,BWI,381,237
2026-06-25,IKT,"Irkutsk, Russia",SLC,2127,1322
2026-06-25,NDJ,"N'Djamena, Chad",IND,3742,2221
2026-06-25,PUQ,"Punta Arenas, Chile",BOS,1025,1435
2026-06-25,MDZ,"Mendoza, Argentina",MDW,1013,1418
2026-06-25,SJJ,"Sarajevo, Bosnia and Herzegovina",ATL,639,793
2026-06-25,GIG,"Rio de Janeiro, Brazil",TPA,366,443
2026-06-25,CIA,"Roma, Italy",JFK,645,778
2026-06-25,IBZ,"Ibiza, Spain",BOS,681,813
2026-06-25,STN,"London, UK",SEA,580,681
2026-06-25,ABV,"Abuja, Nigeria",DFW,1480,1751
2026-06-25,PUJ,"Punta Cana, Dom. Rep.",MIA,128,145
2026-06-25,PEK,"Beijing, China",SEA,510,579
2026-06-25,SCU,"Santiago, Cuba",MIA,697,791
2026-06-25,VTE,"Vientiane, Laos",SEA,1148,1302
2026-06-25,REC,"Recife, Brazil",MIA,771,869
2026-06-25,HND,"Tokyo, Japan",LAX,689,774
2026-06-25,OUA,"Ouagadougou, Burkina Faso",JFK,654,731
2026-06-25,VLC,"Valencia, Spain",IAD,603,673
2026-06-25,TAM,"Tampico, Mexico",ATL,591,657
2026-06-25,UIO,"Quito, Ecuador",JFK,298,327
2026-06-25,BLR,"Bangalore, India",IAD,879,969
2026-06-25,YEG,"Edmonton, Canada",SLC,274,302
2026-06-25,AXA,"The Valley, Anguilla",MIA,647,708
2026-06-25,COR,"Cordoba, Argentina",MIA,571,627
2026-06-25,FRA,"Frankfurt, Germany",JFK,481,524
2026-06-25,RUH,"Riyadh, Saudi Arabia",IAD,1048,1142
2026-06-25,COO,"Cotonou, Benin",IAH,1110,1213
2026-06-25,IAS,"Iasi, Romania",EWR,702,760
2026-06-25,CTG,"Cartagena, Colombia",FLL,223,240
2026-06-25,HAM,"Hamburg, Germany",JFK,589,635
2026-06-25,TGD,"Podgorica, Montenegro",ORD,559,604
2026-06-25,BDA,"Hamilton, Bermuda",EWR,329,352
2026-06-25,ESB,"Ankara, Türkiye",IAD,894,960
2026-06-25,TLL,"Tallinn, Estonia",EWR,533,565
2026-06-25,MNL,"Manila, Philippines",LAX,495,526
2026-06-25,AGU,"Aguascalientes, Mexico",DFW,386,409
2026-06-25,BIM,"South Bimini, Bahamas",IND,394,417
2026-06-25,GYE,"Guayaquil, Ecuador",JFK,234,247
2026-06-25,MAD,"Madrid, Spain",EWR,397,418
2026-06-25,HAV,"Havana, Cuba",MIA,184,193
2026-06-25,GCM,Grand Cayman,IAD,383,398
2026-06-25,BER,"Berlin, Germany",JFK,583,608
2026-06-25,ZRH,"Zurich, Switzerland",BWI,577,599
2026-06-25,ACC,"Accra, Ghana",IAD,954,992
2026-06-25,MEL,"Melbourne, Australia",DTW,981,1017
2026-06-25,UBN,"Ulaanbaatar, Mongolia",ORD,786,818
2026-06-25,RIX,"Riga, Latvia",JFK,542,556
2026-06-25,KUL,"Kuala Lumpur, Malaysia",SFO,702,725
2026-06-25,CEB,"Cebu, Philippines",LAX,591,609
2026-06-25,MLE,"Male, Maldives",MSY,917,944
2026-06-25,GVA,"Geneva, Switzerland",MCO,477,491
2026-06-25,SYD,"Sydney, Australia",LAX,741,764
2026-06-25,RMO,"Chișinău, Moldova",EWR,579,594
2026-06-25,CLO,"Cali, Colombia",MCO,234,241
2026-06-25,VIX,"Vitoria, Brazil",BOS,596,616
2026-06-25,CUZ,"Cusco, Peru",BWI,858,884
2026-06-25,PTY,"Panama City, Panama",JFK,269,275
2026-06-25,VNO,"Vilnius, Lithuania",EWR,524,535
2026-06-25,BEG,"Belgrade, Serbia",JFK,662,673
2026-06-25,NBO,"Nairobi, Kenya",IAD,722,735
2026-06-25,DOH,"Doha, Qatar",IAD,1501,1535
2026-06-25,NAN,"Nadi, Fiji",LAX,694,706
2026-06-25,STI,"Santiago, Dominican Republic",EWR,197,201
2026-06-25,YTZ,"Toronto, Canada",ORD,195,199
2026-06-25,MSQ,"Minsk, Belarus",IAD,1471,1506
2026-06-25,MTY,"Monterrey, Mexico",DFW,176,179
2026-06-25,PDL,"Ponta Delgada, Portugal",BOS,610,625
2026-06-25,TGZ,"Tuxtla Gutierrez, Mexico",IAH,426,434
2026-06-25,TFU,"Tianfu, China",DCA,1649,1676
2026-06-25,ROR,"Babelthuap Island, Palau",HNL,2380,2433
2026-06-25,MEX,"Mexico City, Mexico",IAH,165,167
2026-06-25,UVF,St. Lucia,JFK,499,506
2026-06-25,YYZ,"Toronto, Canada",FLL,203,206
2026-06-25,AGP,"Malaga, Spain",JFK,579,584
2026-06-25,EVN,"Yerevan, Armenia",BOS,727,735
2026-06-25,HRG,"Hurghada, Egypt",LAX,973,982
2026-06-25,CGN,"Cologne, Germany",ORD,836,846
2026-06-25,SVO,"Moscow, Russia",MIA,1145,1159
2026-06-25,VKO,"Moscow, Russia",IAD,1157,1167
2026-06-25,SAW,"Istanbul, Türkiye",JFK,662,666
2026-06-25,BUS,"Batumi, Georgia",IAD,913,918
2026-06-25,BSZ,"Bishkek, Kyrgyzstan",ORD,1025,1038
2026-06-25,KTI,"Krong Ta Khmau, Cambodia",LAX,735,739
2026-06-25,ROB,"Monrovia, Liberia",PHL,1367,1374
2026-06-25,SHJ,"Sharjah, UAE",ATL,809,816
2026-06-25,GZP,"Gazipasa, Türkiye",BWI,1074,1080
2026-06-25,SNN,"Shannon, Ireland",EWR,630,634
2026-06-25,BRI,"Bari, Italy",IAD,774,782
2026-06-25,ALG,"Algiers, Algeria",BOS,750,754
2026-06-25,RAI,"Praia, Cabo Verde",BOS,891,897
2026-06-25,YQB,"Quebec City, Canada",SAN,457,461
2026-06-25,FNC,"Funchal, Portugal",SFO,1113,1121
2026-06-25,KTW,"Katowice, Poland",MSP,1280,1293
2026-06-25,WMI,"Warsaw, Poland",ORD,679,686
2026-06-25,HOR,"Horta, Portugal",BOS,797,804
2026-06-25,SID,"Espargos, Cabo Verde",FLL,1422,1434
2026-06-25,STW,"Stavropol, Russia",SFO,2361,2380
2026-06-25,KIN,"Kingston, Jamaica",JFK,246,246
2026-06-25,MBJ,"Montego Bay, Jamaica",TPA,217,217
2026-06-25,CUN,"Cancun, Mexico",ATL,166,166
2026-06-25,NAS,"Nassau, Bahamas",MIA,266,266
2026-06-25,KEF,"Reykjavik, Iceland",ORD,394,394
2026-06-25,ARN,"Stockholm, Sweden",JFK,408,410
2026-06-25,YVR,"Vancouver, Canada",LAX,163,163
2026-06-25,POS,"Port of Spain, Trinidad",FLL,317,317
2026-06-25,SJO,"San Jose, Costa Rica",MIA,207,207
2026-06-25,CUR,Curacao,EWR,345,345
2026-06-25,YYC,"Calgary, Canada",SAN,270,269
2026-06-25,VIE,"Vienna, Austria",JFK,459,459
2026-06-25,OSL,"Oslo, Norway",JFK,465,464
2026-06-25,BUD,"Budapest, Hungary",EWR,483,483
2026-06-25,CDG,"Paris, France",EWR,464,464
2026-06-25,DUB,"Dublin, Ireland",ORD,457,457
2026-06-25,LIM,"Lima, Peru",MIA,397,397
2026-06-25,SXM,St. Maarten,LGA,468,467
2026-06-25,AMS,"Amsterdam, Netherlands",JFK,527,527
2026-06-25,MXP,"Milan, Italy",SFO,501,501
2026-06-25,MGA,"Managua, Nicaragua",MIA,299,299
2026-06-25,ANU,Antigua,JFK,538,538
2026-06-25,DXB,"Dubai, UAE",JFK,550,550
2026-06-25,WAW,"Warsaw, Poland",IAD,470,470
2026-06-25,IST,"Istanbul, Turkey",JFK,561,561
2026-06-25,CMN,"Casablanca, Morocco",LGA,540,540
2026-06-25,CPH,"Copenhagen, Denmark",RDU,466,466
2026-06-25,KRK,"Krakow, Poland",JFK,587,587
2026-06-25,VCE,"Venice, Italy",EWR,587,587
2026-06-25,LHR,"London, UK",BWI,482,482
2026-06-25,OPO,"Porto, Portugal",BOS,568,569
2026-06-25,SOF,"Sofia, Bulgaria",JFK,640,642
2026-06-25,TBS,"Tbilisi, Georgia",JFK,642,642
2026-06-25,HEL,"Helsinki, Finland",MSP,529,528
2026-06-25,MUC,"Munich, Germany",JFK,647,648
2026-06-25,TUN,"Tunis, Tunisia",JFK,658,658
2026-06-25,YUL,"Montreal, Canada",BOS,218,217
2026-06-25,PRG,"Prague, Czechia",LAX,581,581
2026-06-25,SSH,"Sharm El Sheikh, Egypt",EWR,667,667
2026-06-25,GRU,"Sao Paulo, Brazil",MIA,446,444
2026-06-25,GND,Grenada,MIA,674,674
2026-06-25,RAK,"Marrakech, Morocco",BOS,628,628
2026-06-25,NAP,"Naples, Italy",LAX,743,743
2026-06-25,BOM,"Mumbai, India",BOS,854,854
2026-06-25,BRU,"Brussels, Belgium",BWI,528,527
2026-06-25,ADD,"Addis Ababa, Ethiopia",BOS,966,966
2026-06-25,JED,"Jeddah, Saudi Arabia",ORD,722,722
2026-06-25,SGN,"Ho Chi Minh, Vietnam",LAX,618,616
2026-06-25,GYD,"Baku, Azerbaijan",IAD,946,946
2026-06-25,HKG,Hong Kong,SFO,634,634
2026-06-25,KTM,"Kathmandu, Nepal",HNL,1066,1066
2026-06-25,CAN,"Guangzhou, China",SFO,640,640
2026-06-25,BZE,"Belize City, Belize",IAD,334,334
2026-06-25,STT,"St. Thomas, USVI",MIA,389,389
2026-06-25,EZE,"Buenos Aires, Argentina",AUS,529,529
2026-06-25,MAN,"Manchester, UK",IAD,686,686
2026-06-25,DEL,"Delhi, India",IAD,783,783
2026-06-25,PVG,"Shanghai, China",LAX,617,617
2026-06-25,LIR,"Liberia, Costa Rica",PDX,338,338
2026-06-25,NRT,"Tokyo, Japan",HNL,644,644
2026-06-25,DBV,"Dubrovnik, Croatia",ATL,617,617
2026-06-25,BLQ,"Bologna, Italy",ATL,648,648
2026-06-25,ZAG,"Zagreb, Croatia",CLE,668,668
2026-06-25,GLA,"Glasgow, Scotland",ATL,710,710
2026-06-25,SCL,"Santiago, Chile",MCO,355,355
2026-06-25,EDI,"Edinburgh, Scotland",ORD,673,673
2026-06-25,FOR,"Fortaleza, Brazil",MIA,753,751
2026-06-25,ZNZ,"Zanzibar, Tanzania",ORD,918,918
2026-06-25,MBA,"Mombasa, Kenya",ATL,1339,1339
2026-06-25,DAD,"Da Nang, Vietnam",SFO,743,744
2026-06-25,GOI,"Goa, India",ATL,2295,2295
2026-06-25,AUH,"Abu Dhabi, UAE",MIA,912,912
2026-06-25,BNE,"Brisbane, Australia",LAX,718,718
2026-06-25,HAN,"Hanoi, Vietnam",LAX,786,786
2026-06-25,AKL,"Auckland, New Zealand",DFW,701,701
2026-06-25,MRS,"Marseille, France",ORD,765,765
2026-06-25,FAO,"Faro, Portugal",ORD,906,906
2026-06-25,KIX,"Osaka, Japan",LAX,861,861
2026-06-25,MRU,Mauritius,ORD,1572,1572
2026-06-25,BAH,Bahrain,DTW,1102,1102
2026-06-25,TGU,"Tegucigalpa, Honduras",RDU,932,932
2026-06-25,KWI,Kuwait City,DEN,1115,1115
2026-06-25,LYS,"Lyon, France",LAX,1061,1061
2026-06-25,ZQN,"Queenstown, NZ",IND,1606,1606
2026-06-25,TAS,"Tashkent, Uzbekistan",LAX,743,740
2026-06-25,LED,"St. Petersburg, Russia",IAD,1211,1211
2026-06-25,ALA,"Almaty, Kazakhstan",LAX,797,797
2026-06-25,NQZ,"Astana, Kazakhstan",IAH,1134,1130
2026-06-25,LGW,"London, UK",MCO,391,391
2026-06-25,DME,"Moscow, Russia",ORD,1215,1215
2026-06-25,GDL,"Guadalajara, Mexico",LAX,245,245
2026-06-25,AYT,"Antalya, Türkiye",BOS,705,705
2026-06-25,BJX,"Silao, Mexico",IAH,249,249
2026-06-25,TIV,"Tivat, Montenegro",SEA,975,975
2026-06-25,SKD,"Samarkand, Uzbekistan",IAD,1047,1051
2026-06-25,XPL,"Comayagua, Honduras",MCO,358,358
2026-06-25,KZN,"Kazan, Russia",FLL,1390,1385
2026-06-25,SAP,"La Mesa, Honduras",MIA,268,268
2026-06-25,PVR,"Puerto Vallarta, Mexico",LAX,315,314
2026-06-25,LHE,"Lahore, Pakistan",SFO,780,780
2026-06-25,ISB,"Islamabad, Pakistan",IAD,631,631
2026-06-25,FOC,"Fuzhou, China",IAD,1056,1056
2026-06-25,MLM,"Morelia, Mexico",LAX,236,236
2026-06-25,PMI,"Palma De Mallorca, Spain",ATL,644,643
2026-06-25,SVX,"Yekaterinburg, Russia",SEA,1508,1508
2026-06-25,BGW,"Baghdad, Iraq",ORD,823,823
2026-06-25,TLC,"Toluca, Mexico",IAH,250,250
2026-06-25,VVI,"Santa Cruz, Bolivia",IAD,710,710
2026-06-25,OVB,"Novosibirsk, Russia",DEN,1552,1552
2026-06-25,BSB,"Brasilia, Brazil",MIA,387,387
2026-06-25,CCS,"Caracas, Venezuela",MIA,422,422
2026-06-25,BVA,"Beauvais/Tille, France",JFK,620,620
2026-06-25,PRN,Lipjan,IAD,684,684
2026-06-25,AER,"Sochi, Russia",MIA,1151,1151
2026-06-25,KBL,"Kabul, Afghanistan",IAD,861,861
2026-06-25,OAX,"Oaxaca, Mexico",LAX,207,207
2026-06-25,ALC,"Alicante, Spain",BOS,609,606
2026-06-25,KHI,"Karachi, Pakistan",JFK,649,649
2026-06-25,BAQ,"Barranquilla, Colombia",MIA,258,258
2026-06-25,GEO,"Georgetown, Guyana",MIA,330,330
2026-06-25,POA,"Porto Alegre, Brazil",BOS,716,713
2026-06-25,CFU,"Kerkyra Island, Greece",BOS,959,959
2026-06-25,MID,"Merida, Mexico",OAK,323,323
2026-06-25,RTB,"Roatan Island, Honduras",JFK,616,616
2026-06-25,SDU,"Rio De Janeiro, Brazil",EWR,695,697
2026-06-25,MED,"Medina, Saudi Arabia",ORD,854,854
2026-06-25,DAC,"Dhaka, Bangladesh",ATL,857,857
2026-06-25,AMD,"Ahmedabad, India",IAD,929,933
2026-06-25,DAR,"Dar es Salaam, Tanzania",IAD,939,939
2026-06-25,ISU,"Sulaymaniyah, Iraq",DCA,1143,1139
2026-06-25,RHO,"Rodes Island, Greece",LAX,925,928
2026-06-25,CXR,"Nha Trang, Vietnam",SFO,1072,1072
2026-06-25,SEZ,"Mahe Island, Seychelles",ORD,1403,1403
2026-06-25,VVO,"Vladivostok, Russia",SEA,1510,1510
2026-06-25,MZT,"Mazatlan, Mexico",SAT,368,368
2026-06-25,PEI,"Pereira, Colombia",MCO,459,459
2026-06-25,MVD,"Montevideo, Uruguay",IAD,476,476
2026-06-25,HOG,"Holguin, Cuba",SAT,517,517
2026-06-25,EBB,"Kampala, Uganda",ATL,808,808
2026-06-25,SYX,"Sanya, China",LAX,900,900
2026-06-25,KUF,"Samara, Russia",AUS,1661,1661
2026-06-25,VER,"Veracruz, Mexico",DFW,345,345
2026-06-25,HHN,"Hahn, Germany",IAD,754,756
2026-06-25,LFW,"Lome, Togo",IAD,1122,1122
2026-06-25,CGR,"Campo Grande, Brazil",BWI,1172,1172
2026-06-25,HRE,"Harare, Zimbabwe",ORD,1280,1280
2026-06-25,FNA,"Freetown, Sierra Leone",IAH,1407,1407
2026-06-25,NSI,"Yaounde, Cameroon",DFW,1414,1410
2026-06-25,KHV,"Khabarovsk, Russia",MIA,2438,2436
2026-06-25,YXE,"Saskatoon, Canada",LGA,507,507
2026-06-25,CWB,"Curitiba, Brazil",CLT,630,630
2026-06-25,PKX,"Beijing, China",LAX,669,669
2026-06-25,PVK,"Preveza/Lefkada, Greece",BOS,742,742
2026-06-25,BOJ,"Burgas, Bulgaria",MIA,905,905
2026-06-25,LCA,"Larnarca, Cyprus",ORD,970,967
2026-06-25,BJV,"Bodrum, Türkiye",ORD,982,982
2026-06-25,XMN,"Xiamen, China",SFO,739,739
2026-06-25,CKG,"Chongqing, China",SFO,883,883
2026-06-25,BSR,"Basrah, Iraq",PDX,942,942
2026-06-25,PQC,"Duong Dong, Vietnam",ORD,1092,1092
2026-06-25,CTM,"Chetumal, Mexico",IAH,348,348
2026-06-25,MHH,"Marsh Harbour, Bahamas",FLL,449,449
2026-06-25,CMW,"Camaguey, Cuba",AUS,489,489
2026-06-25,TPP,"Tarapoto, Peru",MIA,538,538
2026-06-25,GDN,"Gdańsk, Poland",JFK,612,612
2026-06-25,SKB,"Basseterre, Saint Kitts and Nevis",JFK,619,619
2026-06-25,BON,"Kralendijk, Bonaire",ATL,631,630
2026-06-25,LTO,"Loreto, Mexico",DFW,632,632
2026-06-25,ZLO,"Manzanillo, Mexico",BWI,640,640
2026-06-25,CGH,"Sao Paulo, Brazil",MIA,698,697
2026-06-25,DGO,"Durango, Mexico",MKE,700,700
2026-06-25,OLB,"Olbia, Italy",IAD,701,701
2026-06-25,MLA,"Luqa, Malta",ORD,730,730
2026-06-25,HAK,"Haikou, China",SFO,878,878
2026-06-25,CCU,"Kolkata, India",IAD,1013,1013
2026-06-25,SOU,"Southampton, UK",IAD,1045,1045
2026-06-25,PZU,"Port Sudan, Sudan",SFO,1072,1072
2026-06-25,RMI,"Rimini, Italy",DCA,1092,1092
2026-06-25,COV,"Tarsus, Türkiye",IAH,1173,1173
2026-06-25,TSR,"Timisoara, Romania",IAD,1175,1175
2026-06-25,LLW,"Lilongwe, Malawi",ORD,1263,1257
2026-06-25,KSN,"Kostanay, Kazakhstan",MIA,1316,1316
2026-06-25,LPB,"La Paz / El Alto, Bolivia",BWI,1378,1378
2026-06-25,KRR,"Krasnodar, Russia",DFW,1412,1412
2026-06-25,DUR,"Durban, South Africa",IAD,1415,1412
2026-06-25,NIM,"Niamey, Niger",IND,1656,1656
2026-06-25,PHC,"Port Harcourt, Nigeria",IAH,1687,1687
2026-06-25,LUN,"Lusaka, Zambia",IAD,1944,1944
2026-06-25,MCX,"Makhachkala, Russia",SFO,2019,2019
2026-06-25,YHM,"Hamilton, Canada",FLL,243,243
2026-06-25,MAR,"Maracaibo, Venezuela",MIA,279,279
2026-06-25,TIJ,"Tijuana, Mexico",LAX,296,296
2026-06-25,YOW,"Ottawa, Canada",CMH,401,401
2026-06-25,BGA,"Bucaramanga, Colombia",JFK,548,548
2026-06-25,BGY,"Bergamo, Italy",BOS,599,599
2026-06-25,YXY,"Whitehorse, Canada",BNA,605,605
2026-06-25,AXM,"Armenia, Colombia",JFK,640,640
2026-06-25,ZIH,"Ixtapa, Mexico",LAX,720,720
2026-06-25,NUE,"Nuremberg, Germany",MIA,801,801
2026-06-25,CGO,"Zhengzhou, China",SFO,806,806
2026-06-25,WUH,"Wuhan, China",SFO,821,821
2026-06-25,RZE,"Rzeszow, Poland",ORD,838,838
2026-06-25,YZF,"Yellowknife, Canada",ORD,862,862
2026-06-25,HBE,"Alexandria, Egypt",BOS,867,867
2026-06-25,XRY,"Jerez de la Forntera, Spain",MIA,910,910
2026-06-25,CBB,"Cochabamba, Bolivia",LAX,953,953
2026-06-25,CUK,"Caye Caulker, Belize",SFO,1003,1003
2026-06-25,VRA,"Varadero, Cuba",SFO,1007,1007
2026-06-25,CLJ,"Cluj-Napoca, Romania",SFO,1035,1035
2026-06-25,IGD,"Igdir, Türkiye",DFW,1203,1203
2026-06-25,PAS,"Paros Island, Greece",MIA,1217,1217
2026-06-25,NBJ,"Luanda, Angola",SEA,1244,1244
2026-06-25,DSS,"Diass, Senegal",CLT,1387,1387
2026-06-25,TAO,"Qingdao, China",MIA,1554,1548
2026-06-25,LWN,"Gyumri, Armenia",SFO,1719,1719
2026-06-25,USH,"Ushuahia, Argentina",SFO,1758,1758
2026-06-25,NMA,"Namangan, Uzbekistan",PIT,1807,1807
2026-06-25,KJA,"Krasnoyarsk, Russia",LAS,1960,1960
2026-06-25,UUD,"Ulan Ude, Russia",SEA,2652,2652
2026-06-25,YLW,"Kelowna, Canada",PHX,320,320
2026-06-25,ELH,"North Eleuthera, Bahamas",MIA,379,379
2026-06-25,YHZ,"Halifax, Canada",PHL,402,402
2026-06-25,CUU,"Chihuahua, Mexico",DEN,406,406
2026-06-25,YHU,"Longueuil, Canada",BWI,532,532
2026-06-25,PBC,"Puebla, Mexico",DEN,542,542
2026-06-25,TRC,"Torreon, Mexico",DEN,553,553
2026-06-25,REX,"Reynosa, Mexico",ORD,575,575
2026-06-25,YXU,"London, Canada",ORD,580,580
2026-06-25,JTR,"Santorini Island, Greece",JFK,595,595
2026-06-25,ZYR,ZYR,LAX,600,600
2026-06-25,CZM,"Cozumel, Mexico",DEN,607,607
2026-06-25,EIS,"Road Town, Virgin Islands",MCO,636,636
2026-06-25,AQP,"Arequipa, Peru",MCO,688,688
2026-06-25,CIX,"Chiclayo, Peru",SFO,695,695
2026-06-25,TRF,"Torp, Norway",SFO,721,721
2026-06-25,FMO,"Munster, Germany",DTW,762,762
2026-06-25,VGO,"Vigo, Spain",ORD,779,779
2026-06-25,TOS,"Tromsø, Norway",MSP,783,783
2026-06-25,PTP,"Pointe-a-Pitre Le Raizet, Guadeloupe",AUS,791,791
2026-06-25,SHE,"Shenyang, China",SFO,813,813
2026-06-25,BOC,"Isla Colon, Panama",DFW,829,829
2026-06-25,SUF,"Lamezia Terme, Italy",IAH,835,835
2026-06-25,CUC,"Cucuta, Colombia",IND,846,846
2026-06-25,TER,"Lajes, Portugal",SFO,892,892
2026-06-25,MUX,"Multan, Pakistan",DTW,907,907
2026-06-25,DVO,"Davao City, Philippines",SFO,931,931
2026-06-25,PSA,"Pisa, Italy",BOS,933,933
2026-06-25,PVH,"Porto Velho, Brazil",MCO,948,951
2026-06-25,XSC,"South Caicos Airport, Turks and Caicos Islands",IAH,977,977
2026-06-25,LBA,"Leeds, UK",ATL,983,983
2026-06-25,OGU,"Ordu, Türkiye",BOS,988,988
2026-06-25,SBH,"Gustavia, Saint Barthélemy",MIA,1040,1040
2026-06-25,BKI,"Kota Kinabalu, Malaysia",LAX,1046,1046
2026-06-25,EFL,"Kefallinia Island, Greece",PHX,1053,1053
2026-06-25,MGF,"Maringa, Brazil",BOS,1058,1058
2026-06-25,UKB,"Kobe, Japan",LAX,1081,1081
2026-06-25,MJI,"Tripoli, Libya",ATL,1085,1085
2026-06-25,ADZ,"San Andres, Colombia",FLL,1093,1093
2026-06-25,PEG,"Perugia, Italy",ORD,1096,1096
2026-06-25,HGA,"Hargeisa, Somalia",ATL,1143,1143
2026-06-25,NGO,"Tokoname, Japan",CLT,1167,1167
2026-06-25,SCO,"Aktau, Kazakhstan",ORD,1179,1179
2026-06-25,PFO,"Paphos, Cyprus",PDX,1193,1193
2026-06-25,CRL,"Brussels, Belgium",DFW,1201,1201
2026-06-25,LYP,"Faisalabad, Pakistan",SMF,1218,1218
2026-06-25,SJZ,"Velas, Portugal",SFO,1222,1222
2026-06-25,WEH,"Weihai, China",SEA,1240,1240
2026-06-25,MOC,"Montes Claros, Brazil",MSP,1257,1257
2026-06-25,LGK,"Langkawi, Malaysia",ORD,1289,1289
2026-06-25,NEV,"Charlestown, Saint Kitts and Nevis",STL,1344,1344
2026-06-25,BDS,"Brindisi, Italy",DTW,1352,1352
2026-06-25,XIY,"Xianyang, China",CVG,1352,1352
2026-06-25,VLN,"Valencia, Venezuela",DFW,1357,1357
2026-06-25,LEJ,"Leipzig, Germany",ANC,1382,1382
2026-06-25,APW,"Apia, Samoa",PHX,1399,1399
2026-06-25,BLA,"Barcelona, Venezuela",BOS,1445,1445
2026-06-25,TSN,"Tianjin, China",PHX,1474,1474
2026-06-25,CEI,"Chiang Rai, Thailand",IAH,1476,1476
2026-06-25,KKN,"Kirkenes, Norway",ORD,1500,1500
2026-06-25,SPR,SPR,MIA,1565,1565
2026-06-25,MQM,"Mardin, Türkiye",BOS,1659,1659
2026-06-25,CJU,"Jeju City, South Korea",CLT,1663,1663
2026-06-25,WDH,"Windhoek, Namibia",MIA,1689,1687
2026-06-25,KRS,"Kjevik, Norway",BNA,1765,1765
2026-06-25,BLZ,"Blantyre, Malawi",CMH,1841,1841
2026-06-25,CIT,"Shymkent, Kazakhstan",SFO,1893,1893
2026-06-25,KGF,"Karaganda, Kazakhstan",MIA,2007,2007
2026-06-25,URA,"Uralsk, Kazakhstan",MSP,2011,2011
2026-06-25,OSS,"Osh, Kyrgyzstan",DFW,2151,2151
2026-06-25,FBM,"Lubumbashi, Congo",IND,2238,2238
2026-06-25,YKF,"Waterloo, Canada",MDW,2265,2265
2026-06-25,BAX,"Barnaul, Russia",MIA,2311,2311
2026-06-25,YBP,"Yibin, China",DFW,2384,2384
2026-06-25,LBD,"Khudzhand, Tajikistan",DFW,2441,2441
2026-06-25,NGS,"Nagasaki, Japan",ATL,2575,2575
2026-06-25,MGQ,"Mogadishu, Somalia",SEA,2596,2596
2026-06-25,ASF,"Astrakhan, Russia",BOS,2740,2740
2026-06-25,IKU,"Tamchy, Kyrgyzstan",PDX,2946,2946
2026-06-25,GVN,"Sovetskaya Gavan, Russia",SNA,3142,3142
2026-06-25,ITU,ITU,ATL,3316,3316
2026-06-25,URC,"Urumqi, China",SNA,4838,4838
2026-06-25,SDQ,"Santo Domingo, Dom. Rep.",EWR,190,189
2026-06-25,SAL,San Salvador,LGA,187,186
2026-06-25,FCO,"Rome, Italy",LAX,460,456
2026-06-25,LIS,"Lisbon, Portugal",JFK,614,609
2026-06-25,CAI,"Cairo, Egypt",IAD,634,628
2026-06-25,OTP,"Bucharest, Romania",MIA,670,664
2026-06-25,FLR,"Florence, Italy",BOS,764,758
2026-06-25,DPS,"Bali, Indonesia",SEA,815,804
2026-06-25,HKT,"Phuket, Thailand",LAX,768,762
2026-06-25,NCE,"Nice, France",MIA,772,761
2026-06-25,ICN,"Seoul, South Korea",SFO,672,667
2026-06-25,COK,"Kochi, India",MIA,1167,1150
2026-06-25,CPT,"Cape Town, S. Africa",ORD,1254,1246
2026-06-25,PPT,"Papeete, Tahiti",SFO,821,812
2026-06-25,USM,"Koh Samui, Thailand",DFW,1548,1532
2026-06-25,CNX,"Chiang Mai, Thailand",SFO,1769,1752
2026-06-25,ORY,"Paris, France",JFK,474,469
2026-06-25,UFA,"Ufa, Russia",BOS,1415,1403
2026-06-25,TQO,"Tulum, Mexico",LGA,411,408
2026-06-25,DYU,"Dushanbe, Tajikistan",ORD,1282,1270
2026-06-25,FIH,"Kinshasa, Congo",DFW,914,905
2026-06-25,GOT,"Gothenburg, Sweden",SEA,707,697
2026-06-25,VCP,"Campinas, Brazil",FLL,604,596
2026-06-25,NLU,"Reyes Acozac, Mexico",LAX,278,275
2026-06-25,DLA,"Douala, Cameroon",DTW,1246,1230
2026-06-25,ZIA,"Zhukovsky, Russia",IAD,1505,1492
2026-06-25,CAP,"Cap Haitien, Haiti",FLL,622,615
2026-06-25,MRV,"Mineralnyye Vody, Russia",MIA,1680,1658
2026-06-25,BPS,"Porto Seguro, Brazil",PHL,1037,1023
2026-06-25,YWG,"Winnipeg, Canada",LGA,427,424
2026-06-25,ADB,"Izmir, Türkiye",IAD,910,900
2026-06-25,TAB,"Scarborough, Trinidad and Tobago",JFK,518,515
2026-06-25,PMO,"Palermo, Italy",ORD,851,846
2026-06-25,UGC,"Urgench, Uzbekistan",ORD,1321,1307
2026-06-25,NJF,"Najaf, Iraq",MSP,1445,1425
2026-06-25,CSX,"Changsha, China",CLT,1919,1897
2026-06-25,SJU,"San Juan, Puerto Rico",TPA,145,142
2026-06-25,ATH,"Athens, Greece",JFK,533,525
2026-06-25,BKK,"Bangkok, Thailand",SFO,662,649
2026-06-25,TPE,"Taipei, Taiwan",ORD,731,719
2026-06-25,SSA,"Salvador, Brazil",MSY,1095,1077
2026-06-25,EBL,"Arbil, Iraq",SAN,921,901
2026-06-25,POP,"Puerto Plata, Dominican Republic",MIA,428,421
2026-06-25,SNU,"Santa Clara, Cuba",MIA,362,355
2026-06-25,GYN,"Goiania, Brazil",BNA,907,891
2026-06-25,SLP,"San Luis Potosi, Mexico",DFW,441,434
2026-06-25,HER,"Heraklion, Greece",BOS,950,935
2026-06-25,SVG,"Stavanger, Norway",ATL,883,869
2026-06-25,JMK,"Mykonos Island, Greece",LAX,966,951
2026-06-25,OGZ,"Beslan, Russia",CLT,1683,1650
2026-06-25,BPN,"Balikpapan, Borneo Island, Indonesia",CLT,1970,1926
2026-06-25,MDE,"Medellin, Colombia",FLL,252,244
2026-06-25,FLN,"Florianopolis, Brazil",BOS,971,947
2026-06-25,LOS,"Lagos, Nigeria",IND,925,898
2026-06-25,SIN,Singapore,SFO,678,660
2026-06-25,TIA,"Tirana, Albania",JFK,531,517
2026-06-25,CNF,"Belo Horizonte, Brazil",BOS,429,415
2026-06-25,BJM,"Bujumbura, Burundi",LAX,1053,1026
2026-06-25,LTN,"London, UK",LGA,787,766
2026-06-25,AEP,"Buenos Aires, Argentina",MIA,627,606
2026-06-25,VRN,"Verona, Italy",BOS,824,799
2026-06-25,SKG,"Thessaloniki, Greece",DTW,671,652
2026-06-25,YDF,"Deer Lake, Canada",IND,751,732
2026-06-25,PLS,"Providenciales, Turks",JFK,436,418
2026-06-25,BOG,"Bogota, Colombia",AUS,271,261
2026-06-25,BGI,"Bridgetown, Barbados",DCA,457,440
2026-06-25,MAA,"Chennai, India",ORD,1097,1051
2026-06-25,HYD,"Hyderabad, India",ORD,988,949
2026-06-25,SKP,"Skopje, North Macedonia",CVG,711,683
2026-06-25,CEK,"Chelyabinsk, Russia",IAH,1735,1663
2026-06-25,DLM,"Dalaman, Türkiye",ORD,1381,1334
2026-06-25,MPM,"Maputo, Mozambique",MSP,2405,2302
2026-06-25,OKA,"Okinawa, Japan",SFO,979,936
2026-06-25,QRO,"Queretaro, Mexico",RDU,279,265
2026-06-25,CUE,"Cuenca, Ecuador",ATL,570,544
2026-06-25,LIN,"Milan, Italy",LAX,806,766
2026-06-25,VXE,"Sao Pedro, Cabo Verde",BOS,1416,1352
2026-06-25,ASU,"Asuncion, Paraguay",MIA,908,863
2026-06-25,GOX,"Mopa, India",SNA,1767,1690
2026-06-25,CGK,"Jakarta, Indonesia",PHX,1291,1219
2026-06-25,SVQ,"Seville, Spain",STL,1069,1005
2026-06-25,CRK,"Angeles City, Philippines",LAX,914,862
2026-06-25,JNB,"Johannesburg, S. Africa",IAH,921,853
2026-06-25,GGT,"George Town, Bahamas",MIA,558,517
2026-06-25,ABJ,"Abidjan, Côte d'Ivoire",IAH,2173,2005
2026-06-25,KUT,"Kutaisi, Georgia",OAK,1804,1649
2026-06-25,BCN,"Barcelona, Spain",JFK,544,494
2026-06-25,SVD,"Argyle, Saint Vincent and the Grenadines",EWR,440,388
2026-06-25,BGO,"Bergen, Norway",PHL,738,645
2026-06-25,EOH,"Medellin, Colombia",DFW,815,712
2026-06-25,SJD,"Los Cabos, Mexico",LAX,311,260
2026-06-25,RBA,"Rabat, Morocco",ORD,841,690
2026-06-25,GUA,Guatemala City,MIA,237,192
2026-06-25,CUL,"Culiacan, Mexico",SEA,619,496
2026-06-25,ORN,"Oran, Algeria",RDU,1272,930
2026-06-25,FPO,"Freeport, Bahamas",IAH,606,435
2026-06-25,CMB,"Colombo, Sri Lanka",ORD,1504,1073
2026-06-25,BOB,"Motu Mute, French Polynesia",CMH,1671,1161
2026-06-25,AUA,Aruba,BWI,381,243
2026-06-25,IKT,"Irkutsk, Russia",SLC,2127,1357
2026-06-25,PUQ,"Punta Arenas, Chile",BOS,1025,1435
2026-06-25,MDZ,"Mendoza, Argentina",MDW,1013,1418
2026-06-25,SJJ,"Sarajevo, Bosnia and Herzegovina",ATL,639,787
2026-06-25,GIG,"Rio de Janeiro, Brazil",TPA,366,440
2026-06-25,CIA,"Roma, Italy",JFK,645,772
2026-06-25,IBZ,"Ibiza, Spain",BOS,681,807
2026-06-25,ABV,"Abuja, Nigeria",DFW,1480,1740
2026-06-25,STN,"London, UK",SEA,580,677
2026-06-25,LFW,"Lome, Togo",ATL,976,1122
2026-06-25,PUJ,"Punta Cana, Dom. Rep.",MIA,128,144
2026-06-25,PEK,"Beijing, China",SEA,510,576
2026-06-25,REC,"Recife, Brazil",MIA,771,865
2026-06-25,HND,"Tokyo, Japan",LAX,689,770
2026-06-25,SCU,"Santiago, Cuba",MIA,697,787
2026-06-25,VTE,"Vientiane, Laos",SEA,1148,1296
2026-06-25,VLC,"Valencia, Spain",IAD,603,670
2026-06-25,OUA,"Ouagadougou, Burkina Faso",JFK,654,728
2026-06-25,TAM,"Tampico, Mexico",ATL,591,655
2026-06-25,BLR,"Bangalore, India",IAD,879,965
2026-06-25,YEG,"Edmonton, Canada",SLC,274,301
2026-06-25,FRA,"Frankfurt, Germany",JFK,481,522
2026-06-25,RUH,"Riyadh, Saudi Arabia",IAD,1048,1138
2026-06-25,AXA,"The Valley, Anguilla",MIA,647,705
2026-06-25,COO,"Cotonou, Benin",IAH,1110,1209
2026-06-25,CTG,"Cartagena, Colombia",FLL,223,239
2026-06-25,HAM,"Hamburg, Germany",JFK,589,633
2026-06-25,TGD,"Podgorica, Montenegro",ORD,559,602
2026-06-25,ESB,"Ankara, Türkiye",IAD,894,957
2026-06-25,COR,"Cordoba, Argentina",MIA,571,615
2026-06-25,IAS,"Iasi, Romania",EWR,702,757
2026-06-25,MNL,"Manila, Philippines",LAX,495,525
2026-06-25,BDA,"Hamilton, Bermuda",EWR,329,351
2026-06-25,GYE,"Guayaquil, Ecuador",JFK,234,246
2026-06-25,MAD,"Madrid, Spain",EWR,397,417
2026-06-25,TLL,"Tallinn, Estonia",EWR,533,564
2026-06-25,HAV,"Havana, Cuba",MIA,184,193
2026-06-25,AGU,"Aguascalientes, Mexico",DFW,386,408
2026-06-25,BIM,"South Bimini, Bahamas",IND,394,416
2026-06-25,GCM,Grand Cayman,IAD,383,397
2026-06-25,BER,"Berlin, Germany",JFK,583,607
2026-06-25,ZRH,"Zurich, Switzerland",BWI,577,598
2026-06-25,ACC,"Accra, Ghana",IAD,954,990
2026-06-25,UBN,"Ulaanbaatar, Mongolia",ORD,786,817
2026-06-25,KUL,"Kuala Lumpur, Malaysia",SFO,702,724
2026-06-25,CEB,"Cebu, Philippines",LAX,591,608
2026-06-25,MLE,"Male, Maldives",MSY,917,942
2026-06-25,MEL,"Melbourne, Australia",DTW,981,1015
2026-06-25,GVA,"Geneva, Switzerland",MCO,477,490
2026-06-25,SYD,"Sydney, Australia",LAX,741,763
2026-06-25,CLO,"Cali, Colombia",MCO,234,241
2026-06-25,VIX,"Vitoria, Brazil",BOS,596,616
2026-06-25,CUZ,"Cusco, Peru",BWI,858,883
2026-06-25,PTY,"Panama City, Panama",JFK,269,275
2026-06-25,VNO,"Vilnius, Lithuania",EWR,524,535
2026-06-25,RIX,"Riga, Latvia",JFK,542,555
2026-06-25,BEG,"Belgrade, Serbia",JFK,662,673
2026-06-25,NBO,"Nairobi, Kenya",IAD,722,734
2026-06-25,DOH,"Doha, Qatar",IAD,1501,1534
2026-06-25,NAN,"Nadi, Fiji",LAX,694,705
2026-06-25,STI,"Santiago, Dominican Republic",EWR,197,200
2026-06-25,RMO,"Chișinău, Moldova",EWR,579,593
2026-06-25,YTZ,"Toronto, Canada",ORD,195,199
2026-06-25,MSQ,"Minsk, Belarus",IAD,1471,1504
2026-06-25,MTY,"Monterrey, Mexico",DFW,176,179
2026-06-25,PDL,"Ponta Delgada, Portugal",BOS,610,625
2026-06-25,TGZ,"Tuxtla Gutierrez, Mexico",IAH,426,434
2026-06-25,TFU,"Tianfu, China",DCA,1649,1675
2026-06-25,ROR,"Babelthuap Island, Palau",HNL,2380,2431
2026-06-25,MEX,"Mexico City, Mexico",IAH,165,167
2026-06-25,UVF,St. Lucia,JFK,499,506
2026-06-25,YYZ,"Toronto, Canada",FLL,203,206
2026-06-25,AGP,"Malaga, Spain",JFK,579,583
2026-06-25,EVN,"Yerevan, Armenia",BOS,727,735
2026-06-25,HRG,"Hurghada, Egypt",LAX,973,982
2026-06-25,CGN,"Cologne, Germany",ORD,836,846
2026-06-25,SVO,"Moscow, Russia",MIA,1145,1159
2026-06-25,VKO,"Moscow, Russia",IAD,1157,1167
2026-06-25,SAW,"Istanbul, Türkiye",JFK,662,666
2026-06-25,BUS,"Batumi, Georgia",IAD,913,918
2026-06-25,BSZ,"Bishkek, Kyrgyzstan",ORD,1025,1037
2026-06-25,KTI,"Krong Ta Khmau, Cambodia",LAX,735,739
2026-06-25,SHJ,"Sharjah, UAE",ATL,809,815
2026-06-25,SNN,"Shannon, Ireland",EWR,630,634
2026-06-25,BRI,"Bari, Italy",IAD,774,782
2026-06-25,RAI,"Praia, Cabo Verde",BOS,891,897
2026-06-25,YQB,"Quebec City, Canada",SAN,457,461
2026-06-25,FNC,"Funchal, Portugal",SFO,1113,1121
2026-06-25,KTW,"Katowice, Poland",MSP,1280,1293
2026-06-25,WMI,"Warsaw, Poland",ORD,679,685
2026-06-25,HOR,"Horta, Portugal",BOS,797,804
2026-06-25,SID,"Espargos, Cabo Verde",FLL,1422,1434
2026-06-25,STW,"Stavropol, Russia",SFO,2361,2379
2026-06-25,KIN,"Kingston, Jamaica",JFK,246,246
2026-06-25,MBJ,"Montego Bay, Jamaica",TPA,217,217
2026-06-25,CUN,"Cancun, Mexico",ATL,166,166
2026-06-25,NAS,"Nassau, Bahamas",MIA,266,266
2026-06-25,KEF,"Reykjavik, Iceland",ORD,394,394
2026-06-25,ARN,"Stockholm, Sweden",JFK,408,410
2026-06-25,YVR,"Vancouver, Canada",LAX,163,163
2026-06-25,POS,"Port of Spain, Trinidad",FLL,317,317
2026-06-25,SJO,"San Jose, Costa Rica",MIA,207,207
2026-06-25,CUR,Curacao,EWR,345,345
2026-06-25,YYC,"Calgary, Canada",SAN,270,269
2026-06-25,VIE,"Vienna, Austria",JFK,459,459
2026-06-25,OSL,"Oslo, Norway",JFK,465,464
2026-06-25,BUD,"Budapest, Hungary",EWR,483,483
2026-06-25,CDG,"Paris, France",EWR,464,464
2026-06-25,DUB,"Dublin, Ireland",ORD,457,457
2026-06-25,LIM,"Lima, Peru",MIA,397,397
2026-06-25,SXM,St. Maarten,LGA,468,467
2026-06-25,AMS,"Amsterdam, Netherlands",JFK,527,527
2026-06-25,MXP,"Milan, Italy",SFO,501,501
2026-06-25,MGA,"Managua, Nicaragua",MIA,299,299
2026-06-25,ANU,Antigua,JFK,538,538
2026-06-25,DXB,"Dubai, UAE",JFK,550,550
2026-06-25,WAW,"Warsaw, Poland",IAD,470,470
2026-06-25,IST,"Istanbul, Turkey",JFK,561,561
2026-06-25,CMN,"Casablanca, Morocco",LGA,540,540
2026-06-25,CPH,"Copenhagen, Denmark",RDU,466,466
2026-06-25,KRK,"Krakow, Poland",JFK,587,587
2026-06-25,VCE,"Venice, Italy",EWR,587,587
2026-06-25,LHR,"London, UK",BWI,482,482
2026-06-25,OPO,"Porto, Portugal",BOS,568,569
2026-06-25,SOF,"Sofia, Bulgaria",JFK,640,642
2026-06-25,TBS,"Tbilisi, Georgia",JFK,642,642
2026-06-25,HEL,"Helsinki, Finland",MSP,529,528
2026-06-25,MUC,"Munich, Germany",JFK,647,648
2026-06-25,TUN,"Tunis, Tunisia",JFK,658,658
2026-06-25,YUL,"Montreal, Canada",BOS,218,217
2026-06-25,PRG,"Prague, Czechia",LAX,581,581
2026-06-25,SSH,"Sharm El Sheikh, Egypt",EWR,667,667
2026-06-25,GRU,"Sao Paulo, Brazil",MIA,446,444
2026-06-25,GND,Grenada,MIA,674,674
2026-06-25,RAK,"Marrakech, Morocco",BOS,628,628
2026-06-25,NAP,"Naples, Italy",LAX,743,743
2026-06-25,BOM,"Mumbai, India",BOS,854,854
2026-06-25,BRU,"Brussels, Belgium",BWI,528,527
2026-06-25,ADD,"Addis Ababa, Ethiopia",BOS,966,966
2026-06-25,JED,"Jeddah, Saudi Arabia",ORD,722,722
2026-06-25,SGN,"Ho Chi Minh, Vietnam",LAX,618,616
2026-06-25,GYD,"Baku, Azerbaijan",IAD,946,946
2026-06-25,HKG,Hong Kong,SFO,634,634
2026-06-25,KTM,"Kathmandu, Nepal",HNL,1066,1066
2026-06-25,CAN,"Guangzhou, China",SFO,640,640
2026-06-25,BZE,"Belize City, Belize",IAD,334,334
2026-06-25,STT,"St. Thomas, USVI",MIA,389,389
2026-06-25,EZE,"Buenos Aires, Argentina",AUS,529,529
2026-06-25,MAN,"Manchester, UK",IAD,686,686
2026-06-25,DEL,"Delhi, India",IAD,783,783
2026-06-25,PVG,"Shanghai, China",LAX,617,617
2026-06-25,LIR,"Liberia, Costa Rica",PDX,338,338
2026-06-25,NRT,"Tokyo, Japan",HNL,644,644
2026-06-25,DBV,"Dubrovnik, Croatia",ATL,617,617
2026-06-25,BLQ,"Bologna, Italy",ATL,648,648
2026-06-25,ZAG,"Zagreb, Croatia",CLE,668,668
2026-06-25,GLA,"Glasgow, Scotland",ATL,710,710
2026-06-25,SCL,"Santiago, Chile",MCO,355,355
2026-06-25,EDI,"Edinburgh, Scotland",ORD,673,673
2026-06-25,FOR,"Fortaleza, Brazil",MIA,753,751
2026-06-25,ZNZ,"Zanzibar, Tanzania",ORD,918,918
2026-06-25,MBA,"Mombasa, Kenya",ATL,1339,1339
2026-06-25,DAD,"Da Nang, Vietnam",SFO,743,744
2026-06-25,GOI,"Goa, India",ATL,2295,2295
2026-06-25,AUH,"Abu Dhabi, UAE",MIA,912,912
2026-06-25,BNE,"Brisbane, Australia",LAX,718,718
2026-06-25,HAN,"Hanoi, Vietnam",LAX,786,786
2026-06-25,AKL,"Auckland, New Zealand",DFW,701,701
2026-06-25,MRS,"Marseille, France",ORD,765,765
2026-06-25,FAO,"Faro, Portugal",ORD,906,906
2026-06-25,KIX,"Osaka, Japan",LAX,861,861
2026-06-25,MRU,Mauritius,ORD,1572,1572
2026-06-25,BAH,Bahrain,DTW,1102,1102
2026-06-25,TGU,"Tegucigalpa, Honduras",RDU,932,932
2026-06-25,KWI,Kuwait City,DEN,1115,1115
2026-06-25,LYS,"Lyon, France",LAX,1061,1061
2026-06-25,ZQN,"Queenstown, NZ",IND,1606,1606
2026-06-25,TAS,"Tashkent, Uzbekistan",LAX,743,740
2026-06-25,LED,"St. Petersburg, Russia",IAD,1211,1211
2026-06-25,ALA,"Almaty, Kazakhstan",LAX,797,797
2026-06-25,NQZ,"Astana, Kazakhstan",IAH,1134,1130
2026-06-25,DME,"Moscow, Russia",ORD,1215,1215
2026-06-25,LGW,"London, UK",MCO,391,391
2026-06-25,GDL,"Guadalajara, Mexico",LAX,245,245
2026-06-25,AYT,"Antalya, Türkiye",BOS,705,705
2026-06-25,BJX,"Silao, Mexico",IAH,249,249
2026-06-25,TIV,"Tivat, Montenegro",SEA,975,975
2026-06-25,SKD,"Samarkand, Uzbekistan",IAD,1047,1051
2026-06-25,XPL,"Comayagua, Honduras",MCO,358,358
2026-06-25,KZN,"Kazan, Russia",FLL,1390,1385
2026-06-25,SAP,"La Mesa, Honduras",MIA,268,268
2026-06-25,PVR,"Puerto Vallarta, Mexico",LAX,315,314
2026-06-25,LHE,"Lahore, Pakistan",SFO,780,780
2026-06-25,ISB,"Islamabad, Pakistan",IAD,631,631
2026-06-25,FOC,"Fuzhou, China",IAD,1056,1056
2026-06-25,MLM,"Morelia, Mexico",LAX,236,236
2026-06-25,PMI,"Palma De Mallorca, Spain",ATL,644,643
2026-06-25,SVX,"Yekaterinburg, Russia",SEA,1508,1508
2026-06-25,BGW,"Baghdad, Iraq",ORD,823,823
2026-06-25,TLC,"Toluca, Mexico",IAH,250,250
2026-06-25,VVI,"Santa Cruz, Bolivia",IAD,710,710
2026-06-25,OVB,"Novosibirsk, Russia",DEN,1552,1552
2026-06-25,BSB,"Brasilia, Brazil",MIA,387,387
2026-06-25,CCS,"Caracas, Venezuela",MIA,422,422
2026-06-25,BVA,"Beauvais/Tille, France",JFK,620,620
2026-06-25,PRN,Lipjan,IAD,684,684
2026-06-25,AER,"Sochi, Russia",MIA,1151,1151
2026-06-25,KBL,"Kabul, Afghanistan",IAD,861,861
2026-06-25,ROB,"Monrovia, Liberia",PHL,1367,1373
2026-06-25,OAX,"Oaxaca, Mexico",LAX,207,207
2026-06-25,ALC,"Alicante, Spain",BOS,609,607
2026-06-25,KHI,"Karachi, Pakistan",JFK,649,649
2026-06-25,BAQ,"Barranquilla, Colombia",MIA,258,258
2026-06-25,GZP,"Gazipasa, Türkiye",BWI,1074,1079
2026-06-25,GEO,"Georgetown, Guyana",MIA,330,330
2026-06-25,POA,"Porto Alegre, Brazil",BOS,716,714
2026-06-25,CFU,"Kerkyra Island, Greece",BOS,959,959
2026-06-25,MID,"Merida, Mexico",OAK,323,323
2026-06-25,SDU,"Rio De Janeiro, Brazil",EWR,695,697
2026-06-25,MED,"Medina, Saudi Arabia",ORD,854,854
2026-06-25,DAC,"Dhaka, Bangladesh",ATL,857,857
2026-06-25,AMD,"Ahmedabad, India",IAD,929,933
2026-06-25,DAR,"Dar es Salaam, Tanzania",IAD,939,939
2026-06-25,ISU,"Sulaymaniyah, Iraq",DCA,1143,1139
2026-06-25,RTB,"Roatan Island, Honduras",JFK,616,616
2026-06-25,RHO,"Rodes Island, Greece",LAX,925,928
2026-06-25,ALG,"Algiers, Algeria",BOS,750,753
2026-06-25,CXR,"Nha Trang, Vietnam",SFO,1072,1072
2026-06-25,SEZ,"Mahe Island, Seychelles",ORD,1403,1403
2026-06-25,VVO,"Vladivostok, Russia",SEA,1510,1510
2026-06-25,MZT,"Mazatlan, Mexico",SAT,368,368
2026-06-25,PEI,"Pereira, Colombia",MCO,459,459
2026-06-25,MVD,"Montevideo, Uruguay",IAD,476,476
2026-06-25,HOG,"Holguin, Cuba",SAT,517,517
2026-06-25,EBB,"Kampala, Uganda",ATL,808,808
2026-06-25,SYX,"Sanya, China",LAX,900,900
2026-06-25,KUF,"Samara, Russia",AUS,1661,1661
2026-06-25,VER,"Veracruz, Mexico",DFW,345,345
2026-06-25,HHN,"Hahn, Germany",IAD,754,756
2026-06-25,CGR,"Campo Grande, Brazil",BWI,1172,1172
2026-06-25,HRE,"Harare, Zimbabwe",ORD,1280,1280
2026-06-25,FNA,"Freetown, Sierra Leone",IAH,1407,1407
2026-06-25,NSI,"Yaounde, Cameroon",DFW,1414,1411
2026-06-25,KHV,"Khabarovsk, Russia",MIA,2438,2436
2026-06-25,YXE,"Saskatoon, Canada",LGA,507,507
2026-06-25,CWB,"Curitiba, Brazil",CLT,630,630
2026-06-25,PKX,"Beijing, China",LAX,669,669
2026-06-25,PVK,"Preveza/Lefkada, Greece",BOS,742,742
2026-06-25,BOJ,"Burgas, Bulgaria",MIA,905,905
2026-06-25,LCA,"Larnarca, Cyprus",ORD,970,967
2026-06-25,BJV,"Bodrum, Türkiye",ORD,982,982
2026-06-25,XMN,"Xiamen, China",SFO,739,739
2026-06-25,CKG,"Chongqing, China",SFO,883,883
2026-06-25,BSR,"Basrah, Iraq",PDX,942,942
2026-06-25,PQC,"Duong Dong, Vietnam",ORD,1092,1092
2026-06-25,CTM,"Chetumal, Mexico",IAH,348,348
2026-06-25,YWG,"Winnipeg, Canada",LGA,427,425
2026-06-25,MHH,"Marsh Harbour, Bahamas",FLL,449,449
2026-06-25,CMW,"Camaguey, Cuba",AUS,489,489
2026-06-25,TPP,"Tarapoto, Peru",MIA,538,538
2026-06-25,GDN,"Gdańsk, Poland",JFK,612,612
2026-06-25,SKB,"Basseterre, Saint Kitts and Nevis",JFK,619,619
2026-06-25,BON,"Kralendijk, Bonaire",ATL,631,630
2026-06-25,LTO,"Loreto, Mexico",DFW,632,632
2026-06-25,ZLO,"Manzanillo, Mexico",BWI,640,640
2026-06-25,CGH,"Sao Paulo, Brazil",MIA,698,697
2026-06-25,DGO,"Durango, Mexico",MKE,700,700
2026-06-25,OLB,"Olbia, Italy",IAD,701,701
2026-06-25,MLA,"Luqa, Malta",ORD,730,730
2026-06-25,HAK,"Haikou, China",SFO,878,878
2026-06-25,CCU,"Kolkata, India",IAD,1013,1013
2026-06-25,SOU,"Southampton, UK",IAD,1045,1045
2026-06-25,PZU,"Port Sudan, Sudan",SFO,1072,1072
2026-06-25,RMI,"Rimini, Italy",DCA,1092,1092
2026-06-25,COV,"Tarsus, Türkiye",IAH,1173,1173
2026-06-25,TSR,"Timisoara, Romania",IAD,1175,1175
2026-06-25,LLW,"Lilongwe, Malawi",ORD,1263,1257
2026-06-25,KSN,"Kostanay, Kazakhstan",MIA,1316,1316
2026-06-25,LPB,"La Paz / El Alto, Bolivia",BWI,1378,1378
2026-06-25,KRR,"Krasnodar, Russia",DFW,1412,1412
2026-06-25,DUR,"Durban, South Africa",IAD,1415,1412
2026-06-25,NIM,"Niamey, Niger",IND,1656,1656
2026-06-25,PHC,"Port Harcourt, Nigeria",IAH,1687,1687
2026-06-25,LUN,"Lusaka, Zambia",IAD,1944,1944
2026-06-25,MCX,"Makhachkala, Russia",SFO,2019,2019
2026-06-25,YHM,"Hamilton, Canada",FLL,243,243
2026-06-25,MAR,"Maracaibo, Venezuela",MIA,279,279
2026-06-25,TIJ,"Tijuana, Mexico",LAX,296,296
2026-06-25,YOW,"Ottawa, Canada",CMH,401,401
2026-06-25,BGA,"Bucaramanga, Colombia",JFK,548,548
2026-06-25,BGY,"Bergamo, Italy",BOS,599,599
2026-06-25,YXY,"Whitehorse, Canada",BNA,605,605
2026-06-25,AXM,"Armenia, Colombia",JFK,640,640
2026-06-25,ZIH,"Ixtapa, Mexico",LAX,720,720
2026-06-25,NUE,"Nuremberg, Germany",MIA,801,801
2026-06-25,CGO,"Zhengzhou, China",SFO,806,806
2026-06-25,WUH,"Wuhan, China",SFO,821,821
2026-06-25,RZE,"Rzeszow, Poland",ORD,838,838
2026-06-25,YZF,"Yellowknife, Canada",ORD,862,862
2026-06-25,HBE,"Alexandria, Egypt",BOS,867,867
2026-06-25,XRY,"Jerez de la Forntera, Spain",MIA,910,910
2026-06-25,CBB,"Cochabamba, Bolivia",LAX,953,953
2026-06-25,CUK,"Caye Caulker, Belize",SFO,1003,1003
2026-06-25,VRA,"Varadero, Cuba",SFO,1007,1007
2026-06-25,CLJ,"Cluj-Napoca, Romania",SFO,1035,1035
2026-06-25,IGD,"Igdir, Türkiye",DFW,1203,1203
2026-06-25,PAS,"Paros Island, Greece",MIA,1217,1217
2026-06-25,NBJ,"Luanda, Angola",SEA,1244,1244
2026-06-25,DSS,"Diass, Senegal",CLT,1387,1387
2026-06-25,TAO,"Qingdao, China",MIA,1554,1548
2026-06-25,LWN,"Gyumri, Armenia",SFO,1719,1719
2026-06-25,USH,"Ushuahia, Argentina",SFO,1758,1758
2026-06-25,NMA,"Namangan, Uzbekistan",PIT,1807,1807
2026-06-25,KJA,"Krasnoyarsk, Russia",LAS,1960,1960
2026-06-25,UUD,"Ulan Ude, Russia",SEA,2652,2652
2026-06-25,YLW,"Kelowna, Canada",PHX,320,320
2026-06-25,ELH,"North Eleuthera, Bahamas",MIA,379,379
2026-06-25,YHZ,"Halifax, Canada",PHL,402,402
2026-06-25,CUU,"Chihuahua, Mexico",DEN,406,406
2026-06-25,YHU,"Longueuil, Canada",BWI,532,532
2026-06-25,PBC,"Puebla, Mexico",DEN,542,542
2026-06-25,TRC,"Torreon, Mexico",DEN,553,553
2026-06-25,REX,"Reynosa, Mexico",ORD,575,575
2026-06-25,YXU,"London, Canada",ORD,580,580
2026-06-25,JTR,"Santorini Island, Greece",JFK,595,595
2026-06-25,ZYR,ZYR,LAX,600,600
2026-06-25,CZM,"Cozumel, Mexico",DEN,607,607
2026-06-25,EIS,"Road Town, Virgin Islands",MCO,636,636
2026-06-25,AQP,"Arequipa, Peru",MCO,688,688
2026-06-25,CIX,"Chiclayo, Peru",SFO,695,695
2026-06-25,TRF,"Torp, Norway",SFO,721,721
2026-06-25,FMO,"Munster, Germany",DTW,762,762
2026-06-25,VGO,"Vigo, Spain",ORD,779,779
2026-06-25,TOS,"Tromsø, Norway",MSP,783,783
2026-06-25,PTP,"Pointe-a-Pitre Le Raizet, Guadeloupe",AUS,791,791
2026-06-25,SHE,"Shenyang, China",SFO,813,813
2026-06-25,BOC,"Isla Colon, Panama",DFW,829,829
2026-06-25,SUF,"Lamezia Terme, Italy",IAH,835,835
2026-06-25,CUC,"Cucuta, Colombia",IND,846,846
2026-06-25,TER,"Lajes, Portugal",SFO,892,892
2026-06-25,MUX,"Multan, Pakistan",DTW,907,907
2026-06-25,DVO,"Davao City, Philippines",SFO,931,931
2026-06-25,PSA,"Pisa, Italy",BOS,933,933
2026-06-25,PVH,"Porto Velho, Brazil",MCO,948,951
2026-06-25,XSC,"South Caicos Airport, Turks and Caicos Islands",IAH,977,977
2026-06-25,LBA,"Leeds, UK",ATL,983,983
2026-06-25,OGU,"Ordu, Türkiye",BOS,988,988
2026-06-25,SBH,"Gustavia, Saint Barthélemy",MIA,1040,1040
2026-06-25,BKI,"Kota Kinabalu, Malaysia",LAX,1046,1046
2026-06-25,EFL,"Kefallinia Island, Greece",PHX,1053,1053
2026-06-25,MGF,"Maringa, Brazil",BOS,1058,1058
2026-06-25,UKB,"Kobe, Japan",LAX,1081,1081
2026-06-25,MJI,"Tripoli, Libya",ATL,1085,1085
2026-06-25,ADZ,"San Andres, Colombia",FLL,1093,1093
2026-06-25,PEG,"Perugia, Italy",ORD,1096,1096
2026-06-25,HGA,"Hargeisa, Somalia",ATL,1143,1143
2026-06-25,NGO,"Tokoname, Japan",CLT,1167,1167
2026-06-25,SCO,"Aktau, Kazakhstan",ORD,1179,1179
2026-06-25,PFO,"Paphos, Cyprus",PDX,1193,1193
2026-06-25,CRL,"Brussels, Belgium",DFW,1201,1201
2026-06-25,LYP,"Faisalabad, Pakistan",SMF,1218,1218
2026-06-25,SJZ,"Velas, Portugal",SFO,1222,1222
2026-06-25,WEH,"Weihai, China",SEA,1240,1240
2026-06-25,MOC,"Montes Claros, Brazil",MSP,1257,1257
2026-06-25,LGK,"Langkawi, Malaysia",ORD,1289,1289
2026-06-25,NEV,"Charlestown, Saint Kitts and Nevis",STL,1344,1344
2026-06-25,BDS,"Brindisi, Italy",DTW,1352,1352
2026-06-25,XIY,"Xianyang, China",CVG,1352,1352
2026-06-25,VLN,"Valencia, Venezuela",DFW,1357,1357
2026-06-25,LEJ,"Leipzig, Germany",ANC,1382,1382
2026-06-25,APW,"Apia, Samoa",PHX,1399,1399
2026-06-25,BLA,"Barcelona, Venezuela",BOS,1445,1445
2026-06-25,TSN,"Tianjin, China",PHX,1474,1474
2026-06-25,CEI,"Chiang Rai, Thailand",IAH,1476,1476
2026-06-25,KKN,"Kirkenes, Norway",ORD,1500,1500
2026-06-25,SPR,SPR,MIA,1565,1565
2026-06-25,MQM,"Mardin, Türkiye",BOS,1659,1659
2026-06-25,CJU,"Jeju City, South Korea",CLT,1663,1663
2026-06-25,WDH,"Windhoek, Namibia",MIA,1689,1687
2026-06-25,KRS,"Kjevik, Norway",BNA,1765,1765
2026-06-25,BLZ,"Blantyre, Malawi",CMH,1841,1841
2026-06-25,CIT,"Shymkent, Kazakhstan",SFO,1893,1893
2026-06-25,KGF,"Karaganda, Kazakhstan",MIA,2007,2007
2026-06-25,URA,"Uralsk, Kazakhstan",MSP,2011,2011
2026-06-25,OSS,"Osh, Kyrgyzstan",DFW,2151,2151
2026-06-25,FBM,"Lubumbashi, Congo",IND,2238,2238
2026-06-25,YKF,"Waterloo, Canada",MDW,2265,2265
2026-06-25,BAX,"Barnaul, Russia",MIA,2311,2311
2026-06-25,YBP,"Yibin, China",DFW,2384,2384
2026-06-25,LBD,"Khudzhand, Tajikistan",DFW,2441,2441
2026-06-25,NGS,"Nagasaki, Japan",ATL,2575,2575
2026-06-25,MGQ,"Mogadishu, Somalia",SEA,2596,2596
2026-06-25,ASF,"Astrakhan, Russia",BOS,2740,2740
2026-06-25,IKU,"Tamchy, Kyrgyzstan",PDX,2946,2946
2026-06-25,GVN,"Sovetskaya Gavan, Russia",SNA,3142,3142
2026-06-25,ITU,ITU,ATL,3316,3316
2026-06-25,URC,"Urumqi, China",SNA,4838,4838
2026-06-25,SDQ,"Santo Domingo, Dom. Rep.",EWR,190,189
2026-06-25,SAL,San Salvador,LGA,187,186
2026-06-25,FCO,"Rome, Italy",LAX,460,456
2026-06-25,ATH,"Athens, Greece",JFK,533,526
2026-06-25,LIS,"Lisbon, Portugal",JFK,614,609
2026-06-25,CAI,"Cairo, Egypt",IAD,634,628
2026-06-25,OTP,"Bucharest, Romania",MIA,670,664
2026-06-25,FLR,"Florence, Italy",BOS,764,759
2026-06-25,DPS,"Bali, Indonesia",SEA,815,805
2026-06-25,HKT,"Phuket, Thailand",LAX,768,763
2026-06-25,NCE,"Nice, France",MIA,772,761
2026-06-25,ICN,"Seoul, South Korea",SFO,672,667
2026-06-25,COK,"Kochi, India",MIA,1167,1150
2026-06-25,CPT,"Cape Town, S. Africa",ORD,1254,1246
2026-06-25,PPT,"Papeete, Tahiti",SFO,821,813
2026-06-25,USM,"Koh Samui, Thailand",DFW,1548,1533
2026-06-25,CNX,"Chiang Mai, Thailand",SFO,1769,1752
2026-06-25,ORY,"Paris, France",JFK,474,469
2026-06-25,UFA,"Ufa, Russia",BOS,1415,1403
2026-06-25,TQO,"Tulum, Mexico",LGA,411,408
2026-06-25,DYU,"Dushanbe, Tajikistan",ORD,1282,1271
2026-06-25,FIH,"Kinshasa, Congo",DFW,914,905
2026-06-25,GOT,"Gothenburg, Sweden",SEA,707,697
2026-06-25,VCP,"Campinas, Brazil",FLL,604,596
2026-06-25,NLU,"Reyes Acozac, Mexico",LAX,278,275
2026-06-25,DLA,"Douala, Cameroon",DTW,1246,1231
2026-06-25,ZIA,"Zhukovsky, Russia",IAD,1505,1493
2026-06-25,CAP,"Cap Haitien, Haiti",FLL,622,615
2026-06-25,MRV,"Mineralnyye Vody, Russia",MIA,1680,1659
2026-06-25,BPS,"Porto Seguro, Brazil",PHL,1037,1023
2026-06-25,ADB,"Izmir, Türkiye",IAD,910,900
2026-06-25,HER,"Heraklion, Greece",BOS,950,936
2026-06-25,TAB,"Scarborough, Trinidad and Tobago",JFK,518,515
2026-06-25,PMO,"Palermo, Italy",ORD,851,846
2026-06-25,SVG,"Stavanger, Norway",ATL,883,870
2026-06-25,JMK,"Mykonos Island, Greece",LAX,966,952
2026-06-25,UGC,"Urgench, Uzbekistan",ORD,1321,1307
2026-06-25,NJF,"Najaf, Iraq",MSP,1445,1426
2026-06-25,CSX,"Changsha, China",CLT,1919,1898
2026-06-25,SJU,"San Juan, Puerto Rico",TPA,145,142
2026-06-25,BKK,"Bangkok, Thailand",SFO,662,650
2026-06-25,FLN,"Florianopolis, Brazil",BOS,971,948
2026-06-25,TPE,"Taipei, Taiwan",ORD,731,719
2026-06-25,SSA,"Salvador, Brazil",MSY,1095,1078
2026-06-25,EBL,"Arbil, Iraq",SAN,921,902
2026-06-25,POP,"Puerto Plata, Dominican Republic",MIA,428,421
2026-06-25,SNU,"Santa Clara, Cuba",MIA,362,356
2026-06-25,GYN,"Goiania, Brazil",BNA,907,892
2026-06-25,SLP,"San Luis Potosi, Mexico",DFW,441,434
2026-06-25,YDF,"Deer Lake, Canada",IND,751,733
2026-06-25,OGZ,"Beslan, Russia",CLT,1683,1651
2026-06-25,BPN,"Balikpapan, Borneo Island, Indonesia",CLT,1970,1928
2026-06-25,MDE,"Medellin, Colombia",FLL,252,245
2026-06-25,LOS,"Lagos, Nigeria",IND,925,899
2026-06-25,SIN,Singapore,SFO,678,661
2026-06-25,TIA,"Tirana, Albania",JFK,531,517
2026-06-25,CNF,"Belo Horizonte, Brazil",BOS,429,415
2026-06-25,BJM,"Bujumbura, Burundi",LAX,1053,1027
2026-06-25,LTN,"London, UK",LGA,787,767
2026-06-25,AEP,"Buenos Aires, Argentina",MIA,627,607
2026-06-25,VRN,"Verona, Italy",BOS,824,800
2026-06-25,DLM,"Dalaman, Türkiye",ORD,1381,1336
2026-06-25,SKG,"Thessaloniki, Greece",DTW,671,653
2026-06-25,PLS,"Providenciales, Turks",JFK,436,419
2026-06-25,BOG,"Bogota, Colombia",AUS,271,261
2026-06-25,BGI,"Bridgetown, Barbados",DCA,457,441
2026-06-25,MAA,"Chennai, India",ORD,1097,1053
2026-06-25,OKA,"Okinawa, Japan",SFO,979,938
2026-06-25,HYD,"Hyderabad, India",ORD,988,950
2026-06-25,SKP,"Skopje, North Macedonia",CVG,711,684
2026-06-25,CEK,"Chelyabinsk, Russia",IAH,1735,1666
2026-06-25,GOX,"Mopa, India",SNA,1767,1694
2026-06-25,MPM,"Maputo, Mozambique",MSP,2405,2307
2026-06-25,UIO,"Quito, Ecuador",JFK,343,326
2026-06-25,QRO,"Queretaro, Mexico",RDU,279,266
2026-06-25,CUE,"Cuenca, Ecuador",ATL,570,545
2026-06-25,LIN,"Milan, Italy",LAX,806,768
2026-06-25,VXE,"Sao Pedro, Cabo Verde",BOS,1416,1354
2026-06-25,ASU,"Asuncion, Paraguay",MIA,908,865
2026-06-25,CGK,"Jakarta, Indonesia",PHX,1291,1222
2026-06-25,SVQ,"Seville, Spain",STL,1069,1008
2026-06-25,CRK,"Angeles City, Philippines",LAX,914,864
2026-06-25,JNB,"Johannesburg, S. Africa",IAH,921,856
2026-06-25,GGT,"George Town, Bahamas",MIA,558,519
2026-06-25,ABJ,"Abidjan, Côte d'Ivoire",IAH,2173,2012
2026-06-25,KUT,"Kutaisi, Georgia",OAK,1804,1656
2026-06-25,BCN,"Barcelona, Spain",JFK,544,496
2026-06-25,BGO,"Bergen, Norway",PHL,738,663
2026-06-25,SVD,"Argyle, Saint Vincent and the Grenadines",EWR,440,391
2026-06-25,EOH,"Medellin, Colombia",DFW,815,716
2026-06-25,SJD,"Los Cabos, Mexico",LAX,311,262
2026-06-25,RBA,"Rabat, Morocco",ORD,841,696
2026-06-25,GUA,Guatemala City,MIA,237,193
2026-06-25,CUL,"Culiacan, Mexico",SEA,619,501
2026-06-25,FPO,"Freeport, Bahamas",IAH,606,442
2026-06-25,ORN,"Oran, Algeria",RDU,1272,930
2026-06-25,CMB,"Colombo, Sri Lanka",ORD,1504,1090
2026-06-25,BOB,"Motu Mute, French Polynesia",CMH,1671,1182
2026-06-25,AUA,Aruba,BWI,381,249
2026-06-25,IKT,"Irkutsk, Russia",SLC,2127,1389
2026-06-25,DGO,"Durango, Mexico",DFW,455,700
2026-06-25,PUQ,"Punta Arenas, Chile",BOS,1025,1435
2026-06-25,SJJ,"Sarajevo, Bosnia and Herzegovina",ATL,639,781
2026-06-25,GIG,"Rio de Janeiro, Brazil",TPA,366,437
2026-06-25,CIA,"Roma, Italy",JFK,645,767
2026-06-25,IBZ,"Ibiza, Spain",BOS,681,802
2026-06-25,STN,"London, UK",SEA,580,673
2026-06-25,ABV,"Abuja, Nigeria",DFW,1480,1730
2026-06-25,LFW,"Lome, Togo",ATL,976,1116
2026-06-25,PUJ,"Punta Cana, Dom. Rep.",MIA,128,144
2026-06-25,PEK,"Beijing, China",SEA,510,573
2026-06-25,SCU,"Santiago, Cuba",MIA,697,784
2026-06-25,VTE,"Vientiane, Laos",SEA,1148,1290
2026-06-25,VLC,"Valencia, Spain",IAD,603,668
2026-06-25,REC,"Recife, Brazil",MIA,771,861
2026-06-25,HND,"Tokyo, Japan",LAX,689,767
2026-06-25,OUA,"Ouagadougou, Burkina Faso",JFK,654,725
2026-06-25,BLR,"Bangalore, India",IAD,879,962
2026-06-25,YEG,"Edmonton, Canada",SLC,274,300
2026-06-25,TAM,"Tampico, Mexico",ATL,591,652
2026-06-25,FRA,"Frankfurt, Germany",JFK,481,521
2026-06-25,RUH,"Riyadh, Saudi Arabia",IAD,1048,1135
2026-06-25,AXA,"The Valley, Anguilla",MIA,647,703
2026-06-25,COO,"Cotonou, Benin",IAH,1110,1205
2026-06-25,POS,"Port of Spain, Trinidad",FLL,296,317
2026-06-25,HAM,"Hamburg, Germany",JFK,589,631
2026-06-25,TGD,"Podgorica, Montenegro",ORD,559,600
2026-06-25,IAS,"Iasi, Romania",EWR,702,755
2026-06-25,CTG,"Cartagena, Colombia",FLL,223,238
2026-06-25,BDA,"Hamilton, Bermuda",EWR,329,350
2026-06-25,ESB,"Ankara, Türkiye",IAD,894,954
2026-06-25,COR,"Cordoba, Argentina",MIA,571,608
2026-06-25,GYE,"Guayaquil, Ecuador",JFK,234,246
2026-06-25,MAD,"Madrid, Spain",EWR,397,416
2026-06-25,TLL,"Tallinn, Estonia",EWR,533,562
2026-06-25,MNL,"Manila, Philippines",LAX,495,523
2026-06-25,AGU,"Aguascalientes, Mexico",DFW,386,407
2026-06-25,BIM,"South Bimini, Bahamas",IND,394,416
2026-06-25,BER,"Berlin, Germany",JFK,583,606
2026-06-25,ACC,"Accra, Ghana",IAD,954,989
2026-06-25,HAV,"Havana, Cuba",MIA,184,192
2026-06-25,UBN,"Ulaanbaatar, Mongolia",ORD,786,816
2026-06-25,CZM,"Cozumel, Mexico",DFW,583,607
2026-06-25,GCM,Grand Cayman,IAD,383,396
2026-06-25,ZRH,"Zurich, Switzerland",BWI,577,597
2026-06-25,KUL,"Kuala Lumpur, Malaysia",SFO,702,723
2026-06-25,CEB,"Cebu, Philippines",LAX,591,607
2026-06-25,MLE,"Male, Maldives",MSY,917,941
2026-06-25,MEL,"Melbourne, Australia",DTW,981,1014
2026-06-25,GVA,"Geneva, Switzerland",MCO,477,490
2026-06-25,SYD,"Sydney, Australia",LAX,741,762
2026-06-25,VIX,"Vitoria, Brazil",BOS,596,615
2026-06-25,CUZ,"Cusco, Peru",BWI,858,882
2026-06-25,PTY,"Panama City, Panama",JFK,269,275
2026-06-25,VNO,"Vilnius, Lithuania",EWR,524,534
2026-06-25,RIX,"Riga, Latvia",JFK,542,554
2026-06-25,NBO,"Nairobi, Kenya",IAD,722,734
2026-06-25,DOH,"Doha, Qatar",IAD,1501,1533
2026-06-25,NAN,"Nadi, Fiji",LAX,694,705
2026-06-25,STI,"Santiago, Dominican Republic",EWR,197,200
2026-06-25,RMO,"Chișinău, Moldova",EWR,579,593
2026-06-25,YTZ,"Toronto, Canada",ORD,195,199
2026-06-25,MSQ,"Minsk, Belarus",IAD,1471,1503
2026-06-25,CLO,"Cali, Colombia",MCO,234,240
2026-06-25,MTY,"Monterrey, Mexico",DFW,176,179
2026-06-25,PDL,"Ponta Delgada, Portugal",BOS,610,624
2026-06-25,TGZ,"Tuxtla Gutierrez, Mexico",IAH,426,434
2026-06-25,ROR,"Babelthuap Island, Palau",HNL,2380,2429
2026-06-25,MEX,"Mexico City, Mexico",IAH,165,167
2026-06-25,UVF,St. Lucia,JFK,499,505
2026-06-25,YYZ,"Toronto, Canada",FLL,203,206
2026-06-25,AGP,"Malaga, Spain",JFK,579,583
2026-06-25,BEG,"Belgrade, Serbia",JFK,662,672
2026-06-25,EVN,"Yerevan, Armenia",BOS,727,734
2026-06-25,HRG,"Hurghada, Egypt",LAX,973,982
2026-06-25,CGN,"Cologne, Germany",ORD,836,845
2026-06-25,SVO,"Moscow, Russia",MIA,1145,1158
2026-06-25,VKO,"Moscow, Russia",IAD,1157,1167
2026-06-25,SAW,"Istanbul, Türkiye",JFK,662,666
2026-06-25,BSZ,"Bishkek, Kyrgyzstan",ORD,1025,1037
2026-06-25,KTI,"Krong Ta Khmau, Cambodia",LAX,735,739
2026-06-25,SHJ,"Sharjah, UAE",ATL,809,815
2026-06-25,SNN,"Shannon, Ireland",EWR,630,634
2026-06-25,BRI,"Bari, Italy",IAD,774,781
2026-06-25,YQB,"Quebec City, Canada",SAN,457,461
2026-06-25,RAI,"Praia, Cabo Verde",BOS,891,897
2026-06-25,FNC,"Funchal, Portugal",SFO,1113,1121
2026-06-25,KTW,"Katowice, Poland",MSP,1280,1292
2026-06-25,WMI,"Warsaw, Poland",ORD,679,685
2026-06-25,TFU,"Tianfu, China",DCA,1649,1674
2026-06-25,HOR,"Horta, Portugal",BOS,797,803
2026-06-25,SID,"Espargos, Cabo Verde",FLL,1422,1433
2026-06-25,STW,"Stavropol, Russia",SFO,2361,2378
2026-06-25,KIN,"Kingston, Jamaica",JFK,246,246
2026-06-25,MBJ,"Montego Bay, Jamaica",TPA,217,217
2026-06-25,CUN,"Cancun, Mexico",ATL,166,166
2026-06-25,NAS,"Nassau, Bahamas",MIA,266,266
2026-06-25,ARN,"Stockholm, Sweden",JFK,408,410
2026-06-25,YVR,"Vancouver, Canada",LAX,163,163
2026-06-25,CUR,Curacao,EWR,345,345
2026-06-25,YYC,"Calgary, Canada",SAN,270,269
2026-06-25,VIE,"Vienna, Austria",JFK,459,459
2026-06-25,OSL,"Oslo, Norway",JFK,465,464
2026-06-25,BUD,"Budapest, Hungary",EWR,483,483
2026-06-25,CDG,"Paris, France",EWR,464,464
2026-06-25,DUB,"Dublin, Ireland",ORD,458,457
2026-06-25,LIM,"Lima, Peru",MIA,397,397
2026-06-25,SXM,St. Maarten,LGA,468,467
2026-06-25,AMS,"Amsterdam, Netherlands",JFK,527,527
2026-06-25,MXP,"Milan, Italy",SFO,501,501
2026-06-25,MGA,"Managua, Nicaragua",MIA,299,299
2026-06-25,ANU,Antigua,JFK,538,538
2026-06-25,DXB,"Dubai, UAE",JFK,550,550
2026-06-25,WAW,"Warsaw, Poland",IAD,470,470
2026-06-25,IST,"Istanbul, Turkey",JFK,561,561
2026-06-25,CPH,"Copenhagen, Denmark",RDU,466,466
2026-06-25,KRK,"Krakow, Poland",JFK,587,587
2026-06-25,VCE,"Venice, Italy",EWR,587,587
2026-06-25,LHR,"London, UK",BWI,482,482
2026-06-25,OPO,"Porto, Portugal",BOS,568,569
2026-06-25,SOF,"Sofia, Bulgaria",JFK,640,641
2026-06-25,TBS,"Tbilisi, Georgia",JFK,642,642
2026-06-25,HEL,"Helsinki, Finland",MSP,529,528
2026-06-25,MUC,"Munich, Germany",JFK,647,648
2026-06-25,TUN,"Tunis, Tunisia",JFK,658,658
2026-06-25,YUL,"Montreal, Canada",BOS,218,217
2026-06-25,PRG,"Prague, Czechia",LAX,581,581
2026-06-25,SSH,"Sharm El Sheikh, Egypt",EWR,667,667
2026-06-25,GRU,"Sao Paulo, Brazil",MIA,446,444
2026-06-25,GND,Grenada,MIA,674,674
2026-06-25,KEF,"Reykjavik, Iceland",ORD,394,394
2026-06-25,RAK,"Marrakech, Morocco",BOS,628,628
2026-06-25,NAP,"Naples, Italy",LAX,743,743
2026-06-25,BOM,"Mumbai, India",BOS,854,854
2026-06-25,BRU,"Brussels, Belgium",BWI,528,527
2026-06-25,ADD,"Addis Ababa, Ethiopia",BOS,966,966
2026-06-25,JED,"Jeddah, Saudi Arabia",ORD,722,722
2026-06-25,SGN,"Ho Chi Minh, Vietnam",LAX,618,616
2026-06-25,GYD,"Baku, Azerbaijan",IAD,946,946
2026-06-25,HKG,Hong Kong,SFO,634,634
2026-06-25,KTM,"Kathmandu, Nepal",HNL,1066,1066
2026-06-25,CAN,"Guangzhou, China",SFO,640,640
2026-06-25,BZE,"Belize City, Belize",IAD,334,334
2026-06-25,STT,"St. Thomas, USVI",MIA,389,389
2026-06-25,EZE,"Buenos Aires, Argentina",AUS,529,529
2026-06-25,MAN,"Manchester, UK",IAD,686,686
2026-06-25,DEL,"Delhi, India",IAD,783,783
2026-06-25,PVG,"Shanghai, China",LAX,617,617
2026-06-25,LIR,"Liberia, Costa Rica",PDX,338,338
2026-06-25,NRT,"Tokyo, Japan",HNL,644,644
2026-06-25,DBV,"Dubrovnik, Croatia",ATL,617,617
2026-06-25,BLQ,"Bologna, Italy",ATL,648,648
2026-06-25,ZAG,"Zagreb, Croatia",CLE,668,668
2026-06-25,GLA,"Glasgow, Scotland",ATL,710,710
2026-06-25,SCL,"Santiago, Chile",MCO,355,355
2026-06-25,EDI,"Edinburgh, Scotland",ORD,673,673
2026-06-25,FOR,"Fortaleza, Brazil",MIA,753,751
2026-06-25,ZNZ,"Zanzibar, Tanzania",ORD,918,918
2026-06-25,MBA,"Mombasa, Kenya",ATL,1339,1339
2026-06-25,DAD,"Da Nang, Vietnam",SFO,743,744
2026-06-25,GOI,"Goa, India",ATL,2295,2295
2026-06-25,AUH,"Abu Dhabi, UAE",MIA,912,912
2026-06-25,BNE,"Brisbane, Australia",LAX,718,718
2026-06-25,HAN,"Hanoi, Vietnam",LAX,786,786
2026-06-25,AKL,"Auckland, New Zealand",DFW,701,701
2026-06-25,MRS,"Marseille, France",ORD,765,765
2026-06-25,FAO,"Faro, Portugal",ORD,906,906
2026-06-25,KIX,"Osaka, Japan",LAX,861,861
2026-06-25,MRU,Mauritius,ORD,1572,1572
2026-06-25,BAH,Bahrain,DTW,1102,1102
2026-06-25,TGU,"Tegucigalpa, Honduras",RDU,932,932
2026-06-25,KWI,Kuwait City,DEN,1115,1115
2026-06-25,LYS,"Lyon, France",LAX,1061,1061
2026-06-25,ZQN,"Queenstown, NZ",IND,1606,1606
2026-06-25,TAS,"Tashkent, Uzbekistan",LAX,743,740
2026-06-25,LED,"St. Petersburg, Russia",IAD,1211,1211
2026-06-25,BUS,"Batumi, Georgia",IAD,913,917
2026-06-25,ALA,"Almaty, Kazakhstan",LAX,797,797
2026-06-25,NQZ,"Astana, Kazakhstan",IAH,1134,1130
2026-06-25,DME,"Moscow, Russia",ORD,1215,1215
2026-06-25,LGW,"London, UK",MCO,391,391
2026-06-25,AYT,"Antalya, Türkiye",BOS,705,705
2026-06-25,BJX,"Silao, Mexico",IAH,249,249
2026-06-25,TIV,"Tivat, Montenegro",SEA,975,975
2026-06-25,SKD,"Samarkand, Uzbekistan",IAD,1047,1051
2026-06-25,SAP,"La Mesa, Honduras",MIA,268,268
2026-06-25,XPL,"Comayagua, Honduras",MCO,358,358
2026-06-25,KZN,"Kazan, Russia",FLL,1390,1385
2026-06-25,LHE,"Lahore, Pakistan",SFO,780,780
2026-06-25,PVR,"Puerto Vallarta, Mexico",LAX,315,314
2026-06-25,ISB,"Islamabad, Pakistan",IAD,631,631
2026-06-25,FOC,"Fuzhou, China",IAD,1056,1056
2026-06-25,MLM,"Morelia, Mexico",LAX,236,236
2026-06-25,PMI,"Palma De Mallorca, Spain",ATL,644,643
2026-06-25,SVX,"Yekaterinburg, Russia",SEA,1508,1508
2026-06-25,BGW,"Baghdad, Iraq",ORD,823,823
2026-06-25,TLC,"Toluca, Mexico",IAH,250,250
2026-06-25,VVI,"Santa Cruz, Bolivia",IAD,710,710
2026-06-25,OVB,"Novosibirsk, Russia",DEN,1552,1552
2026-06-25,BSB,"Brasilia, Brazil",MIA,387,387
2026-06-25,CCS,"Caracas, Venezuela",MIA,422,422
2026-06-25,BVA,"Beauvais/Tille, France",JFK,620,620
2026-06-25,PRN,Lipjan,IAD,684,684
2026-06-25,AER,"Sochi, Russia",MIA,1151,1151
2026-06-25,KBL,"Kabul, Afghanistan",IAD,861,861
2026-06-25,ROB,"Monrovia, Liberia",PHL,1367,1373
2026-06-25,OAX,"Oaxaca, Mexico",LAX,207,207
2026-06-25,BAQ,"Barranquilla, Colombia",MIA,258,258
2026-06-25,ALC,"Alicante, Spain",BOS,609,607
2026-06-25,KHI,"Karachi, Pakistan",JFK,649,649
2026-06-25,GZP,"Gazipasa, Türkiye",BWI,1074,1079
2026-06-25,GEO,"Georgetown, Guyana",MIA,330,330
2026-06-25,POA,"Porto Alegre, Brazil",BOS,716,714
2026-06-25,AMD,"Ahmedabad, India",IAD,929,933
2026-06-25,CFU,"Kerkyra Island, Greece",BOS,959,959
2026-06-25,MID,"Merida, Mexico",OAK,323,323
2026-06-25,SDU,"Rio De Janeiro, Brazil",EWR,695,696
2026-06-25,MED,"Medina, Saudi Arabia",ORD,854,854
2026-06-25,DAC,"Dhaka, Bangladesh",ATL,857,857
2026-06-25,DAR,"Dar es Salaam, Tanzania",IAD,939,939
2026-06-25,ISU,"Sulaymaniyah, Iraq",DCA,1143,1139
2026-06-25,RTB,"Roatan Island, Honduras",JFK,616,616
2026-06-25,RHO,"Rodes Island, Greece",LAX,925,928
2026-06-25,ALG,"Algiers, Algeria",BOS,750,753
2026-06-25,CXR,"Nha Trang, Vietnam",SFO,1072,1072
2026-06-25,SEZ,"Mahe Island, Seychelles",ORD,1403,1403
2026-06-25,VVO,"Vladivostok, Russia",SEA,1510,1510
2026-06-25,MZT,"Mazatlan, Mexico",SAT,368,368
2026-06-25,MVD,"Montevideo, Uruguay",IAD,476,476
2026-06-25,HOG,"Holguin, Cuba",SAT,517,517
2026-06-25,EBB,"Kampala, Uganda",ATL,808,808
2026-06-25,SYX,"Sanya, China",LAX,900,900
2026-06-25,BJV,"Bodrum, Türkiye",ORD,982,982
2026-06-25,KUF,"Samara, Russia",AUS,1661,1661
2026-06-25,VER,"Veracruz, Mexico",DFW,345,345
2026-06-25,PEI,"Pereira, Colombia",MCO,459,459
2026-06-25,HHN,"Hahn, Germany",IAD,754,755
2026-06-25,CGR,"Campo Grande, Brazil",BWI,1172,1172
2026-06-25,HRE,"Harare, Zimbabwe",ORD,1280,1280
2026-06-25,FNA,"Freetown, Sierra Leone",IAH,1407,1407
2026-06-25,NSI,"Yaounde, Cameroon",DFW,1414,1411
2026-06-25,KHV,"Khabarovsk, Russia",MIA,2438,2436
2026-06-25,YXE,"Saskatoon, Canada",LGA,507,507
2026-06-25,CWB,"Curitiba, Brazil",CLT,630,630
2026-06-25,PKX,"Beijing, China",LAX,669,669
2026-06-25,PVK,"Preveza/Lefkada, Greece",BOS,742,742
2026-06-25,BOJ,"Burgas, Bulgaria",MIA,905,905
2026-06-25,LCA,"Larnarca, Cyprus",ORD,970,967
2026-06-25,CGH,"Sao Paulo, Brazil",MIA,698,697
2026-06-25,XMN,"Xiamen, China",SFO,739,739
2026-06-25,CKG,"Chongqing, China",SFO,883,883
2026-06-25,BSR,"Basrah, Iraq",PDX,942,942
2026-06-25,MDZ,"Mendoza, Argentina",MDW,1013,1013
2026-06-25,PQC,"Duong Dong, Vietnam",ORD,1092,1092
2026-06-25,YHM,"Hamilton, Canada",FLL,243,243
2026-06-25,CTM,"Chetumal, Mexico",IAH,348,348
2026-06-25,YWG,"Winnipeg, Canada",LGA,427,425
2026-06-25,MHH,"Marsh Harbour, Bahamas",FLL,449,449
2026-06-25,CMW,"Camaguey, Cuba",AUS,489,489
2026-06-25,TPP,"Tarapoto, Peru",MIA,538,538
2026-06-25,GDN,"Gdańsk, Poland",JFK,612,612
2026-06-25,SKB,"Basseterre, Saint Kitts and Nevis",JFK,619,619
2026-06-25,BON,"Kralendijk, Bonaire",ATL,631,630
2026-06-25,LTO,"Loreto, Mexico",DFW,632,632
2026-06-25,ZLO,"Manzanillo, Mexico",BWI,640,640
2026-06-25,OLB,"Olbia, Italy",IAD,701,701
2026-06-25,MLA,"Luqa, Malta",ORD,730,730
2026-06-25,HAK,"Haikou, China",SFO,878,878
2026-06-25,CCU,"Kolkata, India",IAD,1013,1013
2026-06-25,SOU,"Southampton, UK",IAD,1045,1045
2026-06-25,PZU,"Port Sudan, Sudan",SFO,1072,1072
2026-06-25,RMI,"Rimini, Italy",DCA,1092,1092
2026-06-25,COV,"Tarsus, Türkiye",IAH,1173,1173
2026-06-25,TSR,"Timisoara, Romania",IAD,1175,1175
2026-06-25,LLW,"Lilongwe, Malawi",ORD,1263,1258
2026-06-25,KSN,"Kostanay, Kazakhstan",MIA,1316,1316
2026-06-25,LPB,"La Paz / El Alto, Bolivia",BWI,1378,1378
2026-06-25,KRR,"Krasnodar, Russia",DFW,1412,1412
2026-06-25,DUR,"Durban, South Africa",IAD,1415,1412
2026-06-25,PHC,"Port Harcourt, Nigeria",IAH,1687,1687
2026-06-25,LUN,"Lusaka, Zambia",IAD,1944,1944
2026-06-25,MCX,"Makhachkala, Russia",SFO,2019,2019
2026-06-25,MAR,"Maracaibo, Venezuela",MIA,279,279
2026-06-25,TIJ,"Tijuana, Mexico",LAX,296,296
2026-06-25,YOW,"Ottawa, Canada",CMH,401,401
2026-06-25,BGA,"Bucaramanga, Colombia",JFK,548,548
2026-06-25,BGY,"Bergamo, Italy",BOS,599,599
2026-06-25,YXY,"Whitehorse, Canada",BNA,605,605
2026-06-25,AXM,"Armenia, Colombia",JFK,640,640
2026-06-25,ZIH,"Ixtapa, Mexico",LAX,720,720
2026-06-25,NUE,"Nuremberg, Germany",MIA,801,801
2026-06-25,CGO,"Zhengzhou, China",SFO,806,806
2026-06-25,WUH,"Wuhan, China",SFO,821,821
2026-06-25,RZE,"Rzeszow, Poland",ORD,838,838
2026-06-25,YZF,"Yellowknife, Canada",ORD,862,862
2026-06-25,HBE,"Alexandria, Egypt",BOS,867,867
2026-06-25,XRY,"Jerez de la Forntera, Spain",MIA,910,910
2026-06-25,CBB,"Cochabamba, Bolivia",LAX,953,953
2026-06-25,CUK,"Caye Caulker, Belize",SFO,1003,1003
2026-06-25,VRA,"Varadero, Cuba",SFO,1007,1007
2026-06-25,CLJ,"Cluj-Napoca, Romania",SFO,1035,1035
2026-06-25,IGD,"Igdir, Türkiye",DFW,1203,1203
2026-06-25,PAS,"Paros Island, Greece",MIA,1217,1217
2026-06-25,NBJ,"Luanda, Angola",SEA,1244,1244
2026-06-25,DSS,"Diass, Senegal",CLT,1387,1387
2026-06-25,TAO,"Qingdao, China",MIA,1554,1549
2026-06-25,LWN,"Gyumri, Armenia",SFO,1719,1719
2026-06-25,USH,"Ushuahia, Argentina",SFO,1758,1758
2026-06-25,NMA,"Namangan, Uzbekistan",PIT,1807,1807
2026-06-25,KJA,"Krasnoyarsk, Russia",LAS,1960,1960
2026-06-25,UUD,"Ulan Ude, Russia",SEA,2652,2652
2026-06-25,YLW,"Kelowna, Canada",PHX,320,320
2026-06-25,ELH,"North Eleuthera, Bahamas",MIA,379,379
2026-06-25,YHZ,"Halifax, Canada",PHL,402,402
2026-06-25,CUU,"Chihuahua, Mexico",DEN,406,406
2026-06-25,YHU,"Longueuil, Canada",BWI,532,532
2026-06-25,PBC,"Puebla, Mexico",DEN,542,542
2026-06-25,REX,"Reynosa, Mexico",ORD,575,575
2026-06-25,YXU,"London, Canada",ORD,580,580
2026-06-25,JTR,"Santorini Island, Greece",JFK,595,595
2026-06-25,ZYR,ZYR,LAX,600,600
2026-06-25,EIS,"Road Town, Virgin Islands",MCO,636,636
2026-06-25,AQP,"Arequipa, Peru",MCO,688,688
2026-06-25,CIX,"Chiclayo, Peru",SFO,695,695
2026-06-25,TRF,"Torp, Norway",SFO,721,721
2026-06-25,FMO,"Munster, Germany",DTW,762,762
2026-06-25,VGO,"Vigo, Spain",ORD,779,779
2026-06-25,TOS,"Tromsø, Norway",MSP,783,783
2026-06-25,PTP,"Pointe-a-Pitre Le Raizet, Guadeloupe",AUS,791,791
2026-06-25,SHE,"Shenyang, China",SFO,813,813
2026-06-25,BOC,"Isla Colon, Panama",DFW,829,829
2026-06-25,SUF,"Lamezia Terme, Italy",IAH,835,835
2026-06-25,CUC,"Cucuta, Colombia",IND,846,846
2026-06-25,PMO,"Palermo, Italy",ORD,851,847
2026-06-25,TER,"Lajes, Portugal",SFO,892,892
2026-06-25,MUX,"Multan, Pakistan",DTW,907,907
2026-06-25,DVO,"Davao City, Philippines",SFO,931,931
2026-06-25,PSA,"Pisa, Italy",BOS,933,933
2026-06-25,PVH,"Porto Velho, Brazil",MCO,948,951
2026-06-25,XSC,"South Caicos Airport, Turks and Caicos Islands",IAH,977,977
2026-06-25,LBA,"Leeds, UK",ATL,983,983
2026-06-25,OGU,"Ordu, Türkiye",BOS,988,988
2026-06-25,SBH,"Gustavia, Saint Barthélemy",MIA,1040,1040
2026-06-25,BKI,"Kota Kinabalu, Malaysia",LAX,1046,1046
2026-06-25,EFL,"Kefallinia Island, Greece",PHX,1053,1053
2026-06-25,MGF,"Maringa, Brazil",BOS,1058,1058
2026-06-25,UKB,"Kobe, Japan",LAX,1081,1081
2026-06-25,MJI,"Tripoli, Libya",ATL,1085,1085
2026-06-25,ADZ,"San Andres, Colombia",FLL,1093,1093
2026-06-25,PEG,"Perugia, Italy",ORD,1096,1096
2026-06-25,HGA,"Hargeisa, Somalia",ATL,1143,1143
2026-06-25,NGO,"Tokoname, Japan",CLT,1167,1167
2026-06-25,SCO,"Aktau, Kazakhstan",ORD,1179,1179
2026-06-25,PFO,"Paphos, Cyprus",PDX,1193,1193
2026-06-25,CRL,"Brussels, Belgium",DFW,1201,1201
2026-06-25,LYP,"Faisalabad, Pakistan",SMF,1218,1218
2026-06-25,SJZ,"Velas, Portugal",SFO,1222,1222
2026-06-25,WEH,"Weihai, China",SEA,1240,1240
2026-06-25,MOC,"Montes Claros, Brazil",MSP,1257,1257
2026-06-25,LGK,"Langkawi, Malaysia",ORD,1289,1289
2026-06-25,NEV,"Charlestown, Saint Kitts and Nevis",STL,1344,1344
2026-06-25,BDS,"Brindisi, Italy",DTW,1352,1352
2026-06-25,XIY,"Xianyang, China",CVG,1352,1352
2026-06-25,VLN,"Valencia, Venezuela",DFW,1357,1357
2026-06-25,LEJ,"Leipzig, Germany",ANC,1382,1382
2026-06-25,APW,"Apia, Samoa",PHX,1399,1399
2026-06-25,BLA,"Barcelona, Venezuela",BOS,1445,1445
2026-06-25,TSN,"Tianjin, China",PHX,1474,1474
2026-06-25,CEI,"Chiang Rai, Thailand",IAH,1476,1476
2026-06-25,KKN,"Kirkenes, Norway",ORD,1500,1500
2026-06-25,SPR,SPR,MIA,1565,1565
2026-06-25,MQM,"Mardin, Türkiye",BOS,1659,1659
2026-06-25,CJU,"Jeju City, South Korea",CLT,1663,1663
2026-06-25,WDH,"Windhoek, Namibia",MIA,1689,1687
2026-06-25,KRS,"Kjevik, Norway",BNA,1765,1765
2026-06-25,BLZ,"Blantyre, Malawi",CMH,1841,1841
2026-06-25,CIT,"Shymkent, Kazakhstan",SFO,1893,1893
2026-06-25,KGF,"Karaganda, Kazakhstan",MIA,2007,2007
2026-06-25,URA,"Uralsk, Kazakhstan",MSP,2011,2011
2026-06-25,OSS,"Osh, Kyrgyzstan",DFW,2151,2151
2026-06-25,FBM,"Lubumbashi, Congo",IND,2238,2238
2026-06-25,YKF,"Waterloo, Canada",MDW,2265,2265
2026-06-25,BAX,"Barnaul, Russia",MIA,2311,2311
2026-06-25,YBP,"Yibin, China",DFW,2384,2384
2026-06-25,LBD,"Khudzhand, Tajikistan",DFW,2441,2441
2026-06-25,NGS,"Nagasaki, Japan",ATL,2575,2575
2026-06-25,MGQ,"Mogadishu, Somalia",SEA,2596,2596
2026-06-25,ASF,"Astrakhan, Russia",BOS,2740,2740
2026-06-25,IKU,"Tamchy, Kyrgyzstan",PDX,2946,2946
2026-06-25,GVN,"Sovetskaya Gavan, Russia",SNA,3142,3142
2026-06-25,ITU,ITU,ATL,3316,3316
2026-06-25,URC,"Urumqi, China",SNA,4838,4838
2026-06-25,SDQ,"Santo Domingo, Dom. Rep.",EWR,190,189
2026-06-25,SAL,San Salvador,LGA,187,186
2026-06-25,FCO,"Rome, Italy",LAX,460,456
2026-06-25,ATH,"Athens, Greece",JFK,533,526
2026-06-25,LIS,"Lisbon, Portugal",JFK,614,609
2026-06-25,CAI,"Cairo, Egypt",IAD,634,628
2026-06-25,OTP,"Bucharest, Romania",MIA,670,664
2026-06-25,FLR,"Florence, Italy",BOS,764,759
2026-06-25,DPS,"Bali, Indonesia",SEA,815,805
2026-06-25,HKT,"Phuket, Thailand",LAX,768,763
2026-06-25,NCE,"Nice, France",MIA,772,761
2026-06-25,ICN,"Seoul, South Korea",SFO,672,668
2026-06-25,COK,"Kochi, India",MIA,1167,1151
2026-06-25,CPT,"Cape Town, S. Africa",ORD,1254,1246
2026-06-25,PPT,"Papeete, Tahiti",SFO,821,813
2026-06-25,USM,"Koh Samui, Thailand",DFW,1548,1533
2026-06-25,CNX,"Chiang Mai, Thailand",SFO,1769,1753
2026-06-25,ORY,"Paris, France",JFK,474,469
2026-06-25,UFA,"Ufa, Russia",BOS,1415,1404
2026-06-25,TQO,"Tulum, Mexico",LGA,411,408
2026-06-25,FIH,"Kinshasa, Congo",DFW,914,906
2026-06-25,DYU,"Dushanbe, Tajikistan",ORD,1282,1271
2026-06-25,GOT,"Gothenburg, Sweden",SEA,707,697
2026-06-25,VCP,"Campinas, Brazil",FLL,604,596
2026-06-25,NLU,"Reyes Acozac, Mexico",LAX,278,275
2026-06-25,DLA,"Douala, Cameroon",DTW,1246,1232
2026-06-25,ZIA,"Zhukovsky, Russia",IAD,1505,1493
2026-06-25,CAP,"Cap Haitien, Haiti",FLL,622,616
2026-06-25,MRV,"Mineralnyye Vody, Russia",MIA,1680,1660
2026-06-25,BPS,"Porto Seguro, Brazil",PHL,1037,1024
2026-06-25,ADB,"Izmir, Türkiye",IAD,910,901
2026-06-25,HER,"Heraklion, Greece",BOS,950,937
2026-06-25,TAB,"Scarborough, Trinidad and Tobago",JFK,518,515
2026-06-25,SVG,"Stavanger, Norway",ATL,883,870
2026-06-25,JMK,"Mykonos Island, Greece",LAX,966,953
2026-06-25,UGC,"Urgench, Uzbekistan",ORD,1321,1308
2026-06-25,NJF,"Najaf, Iraq",MSP,1445,1426
2026-06-25,CSX,"Changsha, China",CLT,1919,1899
2026-06-25,SJU,"San Juan, Puerto Rico",TPA,145,142
2026-06-25,BKK,"Bangkok, Thailand",SFO,662,650
2026-06-25,FLN,"Florianopolis, Brazil",BOS,971,948
2026-06-25,TPE,"Taipei, Taiwan",ORD,731,720
2026-06-25,SSA,"Salvador, Brazil",MSY,1095,1078
2026-06-25,EBL,"Arbil, Iraq",SAN,921,902
2026-06-25,POP,"Puerto Plata, Dominican Republic",MIA,428,421
2026-06-25,BJM,"Bujumbura, Burundi",LAX,1053,1028
2026-06-25,LTN,"London, UK",LGA,787,768
2026-06-25,SNU,"Santa Clara, Cuba",MIA,362,356
2026-06-25,GYN,"Goiania, Brazil",BNA,907,892
2026-06-25,SLP,"San Luis Potosi, Mexico",DFW,441,434
2026-06-25,YDF,"Deer Lake, Canada",IND,751,734
2026-06-25,OGZ,"Beslan, Russia",CLT,1683,1653
2026-06-25,BPN,"Balikpapan, Borneo Island, Indonesia",CLT,1970,1930
2026-06-25,MDE,"Medellin, Colombia",FLL,252,245
2026-06-25,BOG,"Bogota, Colombia",AUS,271,262
2026-06-25,LOS,"Lagos, Nigeria",IND,925,900
2026-06-25,SIN,Singapore,SFO,678,661
2026-06-25,TIA,"Tirana, Albania",JFK,531,518
2026-06-25,CNF,"Belo Horizonte, Brazil",BOS,429,416
2026-06-25,AEP,"Buenos Aires, Argentina",MIA,627,608
2026-06-25,VRN,"Verona, Italy",BOS,824,801
2026-06-25,SKG,"Thessaloniki, Greece",DTW,671,653
2026-06-25,PLS,"Providenciales, Turks",JFK,436,420
2026-06-25,BGI,"Bridgetown, Barbados",DCA,457,441
2026-06-25,MAA,"Chennai, India",ORD,1097,1054
2026-06-25,OKA,"Okinawa, Japan",SFO,979,940
2026-06-25,HYD,"Hyderabad, India",ORD,988,952
2026-06-25,CUE,"Cuenca, Ecuador",ATL,570,546
2026-06-25,SKP,"Skopje, North Macedonia",CVG,711,685
2026-06-25,VXE,"Sao Pedro, Cabo Verde",BOS,1416,1357
2026-06-25,CEK,"Chelyabinsk, Russia",IAH,1735,1669
2026-06-25,GOX,"Mopa, India",SNA,1767,1697
2026-06-25,MPM,"Maputo, Mozambique",MSP,2405,2311
2026-06-25,UIO,"Quito, Ecuador",JFK,343,327
2026-06-25,CGK,"Jakarta, Indonesia",PHX,1291,1225
2026-06-25,QRO,"Queretaro, Mexico",RDU,279,266
2026-06-25,LIN,"Milan, Italy",LAX,806,769
2026-06-25,ASU,"Asuncion, Paraguay",MIA,908,866
2026-06-25,SVQ,"Seville, Spain",STL,1069,1010
2026-06-25,CRK,"Angeles City, Philippines",LAX,914,866
2026-06-25,JNB,"Johannesburg, S. Africa",IAH,921,858
2026-06-25,GGT,"George Town, Bahamas",MIA,558,521
2026-06-25,ABJ,"Abidjan, Côte d'Ivoire",IAH,2173,2019
2026-06-25,BCN,"Barcelona, Spain",JFK,544,498
2026-06-25,GDL,"Guadalajara, Mexico",LAX,266,245
2026-06-25,BGO,"Bergen, Norway",PHL,738,676
2026-06-25,KUT,"Kutaisi, Georgia",OAK,1804,1662
2026-06-25,SVD,"Argyle, Saint Vincent and the Grenadines",EWR,440,392
2026-06-25,EOH,"Medellin, Colombia",DFW,815,720
2026-06-25,SJO,"San Jose, Costa Rica",MIA,237,207
2026-06-25,CMN,"Casablanca, Morocco",JFK,622,540
2026-06-25,DOM,"Marigot, Dominica",MIA,911,780
2026-06-25,SJD,"Los Cabos, Mexico",LAX,311,264
2026-06-25,RBA,"Rabat, Morocco",ORD,841,702
2026-06-25,GUA,Guatemala City,MIA,237,195
2026-06-25,CUL,"Culiacan, Mexico",SEA,619,506
2026-06-25,MFM,"Taipa, Macao",DTW,2110,1570
2026-06-25,FPO,"Freeport, Bahamas",IAH,606,449
2026-06-25,CMB,"Colombo, Sri Lanka",ORD,1504,1107
2026-06-25,ORN,"Oran, Algeria",RDU,1272,930
2026-06-25,BOB,"Motu Mute, French Polynesia",CMH,1671,1202
2026-06-25,AUA,Aruba,BWI,381,254
2026-06-25,IKT,"Irkutsk, Russia",SLC,2127,1418
2026-06-25,UKK,"Ust Kamenogorsk, Kazakhstan",CLT,2006,1320
2026-06-25,DLM,"Dalaman, Türkiye",SEA,2121,1338
2026-06-25,UUS,"Yuzhno-Sakhalinsk, Russia",DFW,2143,1210
2026-06-25,NBC,"Nizhnekamsk, Russia",ATL,2344,1200
2026-06-25,DGO,"Durango, Mexico",DFW,455,690
2026-06-25,PUQ,"Punta Arenas, Chile",BOS,1025,1435
2026-06-25,TBU,"Nuku'alofa, Tonga",SFO,887,1120
2026-06-25,SJJ,"Sarajevo, Bosnia and Herzegovina",ATL,639,775
2026-06-25,GIG,"Rio de Janeiro, Brazil",TPA,366,434
2026-06-25,NAN,"Nadi, Fiji",DFW,591,704
2026-06-25,CIA,"Roma, Italy",JFK,645,762
2026-06-25,IBZ,"Ibiza, Spain",BOS,681,798
2026-06-25,ABV,"Abuja, Nigeria",DFW,1480,1720
2026-06-25,STN,"London, UK",SEA,580,670
2026-06-25,LFW,"Lome, Togo",ATL,976,1110
2026-06-25,PEK,"Beijing, China",SEA,510,571
2026-06-25,ZIA,"Zhukovsky, Russia",DFW,1337,1494
2026-06-25,SCU,"Santiago, Cuba",MIA,697,780
2026-06-25,VTE,"Vientiane, Laos",SEA,1148,1284
2026-06-25,PUJ,"Punta Cana, Dom. Rep.",MIA,128,143
2026-06-25,REC,"Recife, Brazil",MIA,771,857
2026-06-25,HND,"Tokyo, Japan",LAX,689,764
2026-06-25,VLC,"Valencia, Spain",IAD,603,665
2026-06-25,OUA,"Ouagadougou, Burkina Faso",JFK,654,722
2026-06-25,TAM,"Tampico, Mexico",ATL,591,650
2026-06-25,BLR,"Bangalore, India",IAD,879,959
2026-06-25,YEG,"Edmonton, Canada",SLC,274,299
2026-06-25,AXA,"The Valley, Anguilla",MIA,647,701
2026-06-25,COO,"Cotonou, Benin",IAH,1110,1201
2026-06-25,FRA,"Frankfurt, Germany",JFK,481,519
2026-06-25,RUH,"Riyadh, Saudi Arabia",IAD,1048,1131
2026-06-25,TGD,"Podgorica, Montenegro",ORD,559,598
2026-06-25,IAS,"Iasi, Romania",EWR,702,752
2026-06-25,POS,"Port of Spain, Trinidad",FLL,296,316
2026-06-25,CTG,"Cartagena, Colombia",FLL,223,238
2026-06-25,HAM,"Hamburg, Germany",JFK,589,629
2026-06-25,BDA,"Hamilton, Bermuda",EWR,329,349
2026-06-25,ESB,"Ankara, Türkiye",IAD,894,952
2026-06-25,TLL,"Tallinn, Estonia",EWR,533,561
2026-06-25,MNL,"Manila, Philippines",LAX,495,522
2026-06-25,AGU,"Aguascalientes, Mexico",DFW,386,407
2026-06-25,COR,"Cordoba, Argentina",MIA,571,603
2026-06-25,BIM,"South Bimini, Bahamas",IND,394,415
2026-06-25,GYE,"Guayaquil, Ecuador",JFK,234,245
2026-06-25,MAD,"Madrid, Spain",EWR,397,415
2026-06-25,BER,"Berlin, Germany",JFK,583,605
2026-06-25,HAV,"Havana, Cuba",MIA,184,192
2026-06-25,UBN,"Ulaanbaatar, Mongolia",ORD,786,815
2026-06-25,CZM,"Cozumel, Mexico",DFW,583,606
2026-06-25,GCM,Grand Cayman,IAD,383,396
2026-06-25,ZRH,"Zurich, Switzerland",BWI,577,597
2026-06-25,ACC,"Accra, Ghana",IAD,954,987
2026-06-25,KUL,"Kuala Lumpur, Malaysia",SFO,702,722
2026-06-25,MEL,"Melbourne, Australia",DTW,981,1013
2026-06-25,SYD,"Sydney, Australia",LAX,741,761
2026-06-25,SHJ,"Sharjah, UAE",SEA,793,815
2026-06-25,VIX,"Vitoria, Brazil",BOS,596,614
2026-06-25,CUZ,"Cusco, Peru",BWI,858,881
2026-06-25,PTY,"Panama City, Panama",JFK,269,274
2026-06-25,VNO,"Vilnius, Lithuania",EWR,524,534
2026-06-25,RIX,"Riga, Latvia",JFK,542,554
2026-06-25,NBO,"Nairobi, Kenya",IAD,722,733
2026-06-25,DOH,"Doha, Qatar",IAD,1501,1531
2026-06-25,CEB,"Cebu, Philippines",LAX,591,606
2026-06-25,MLE,"Male, Maldives",MSY,917,940
2026-06-25,GVA,"Geneva, Switzerland",MCO,477,489
2026-06-25,STI,"Santiago, Dominican Republic",EWR,197,200
2026-06-25,RMO,"Chișinău, Moldova",EWR,579,592
2026-06-25,YTZ,"Toronto, Canada",ORD,195,198
2026-06-25,MSQ,"Minsk, Belarus",IAD,1471,1502
2026-06-25,CLO,"Cali, Colombia",MCO,234,240
2026-06-25,MTY,"Monterrey, Mexico",DFW,176,179
2026-06-25,PDL,"Ponta Delgada, Portugal",BOS,610,624
2026-06-25,TGZ,"Tuxtla Gutierrez, Mexico",IAH,426,433
2026-06-25,ROR,"Babelthuap Island, Palau",HNL,2380,2427
2026-06-25,MEX,"Mexico City, Mexico",IAH,165,167
2026-06-25,UVF,St. Lucia,JFK,499,505
2026-06-25,YYZ,"Toronto, Canada",FLL,203,206
2026-06-25,AGP,"Malaga, Spain",JFK,579,583
2026-06-25,BEG,"Belgrade, Serbia",JFK,662,672
2026-06-25,EVN,"Yerevan, Armenia",BOS,727,734
2026-06-25,HRG,"Hurghada, Egypt",LAX,973,981
2026-06-25,CGN,"Cologne, Germany",ORD,836,845
2026-06-25,SVO,"Moscow, Russia",MIA,1145,1158
2026-06-25,VKO,"Moscow, Russia",IAD,1157,1166
2026-06-25,BSZ,"Bishkek, Kyrgyzstan",ORD,1025,1036
2026-06-25,KTI,"Krong Ta Khmau, Cambodia",LAX,735,739
2026-06-25,SNN,"Shannon, Ireland",EWR,630,634
2026-06-25,BRI,"Bari, Italy",IAD,774,781
2026-06-25,YQB,"Quebec City, Canada",SAN,457,461
2026-06-25,RAI,"Praia, Cabo Verde",BOS,891,897
2026-06-25,FNC,"Funchal, Portugal",SFO,1113,1120
2026-06-25,KTW,"Katowice, Poland",MSP,1280,1292
2026-06-25,WMI,"Warsaw, Poland",ORD,679,685
2026-06-25,TFU,"Tianfu, China",DCA,1649,1673
2026-06-25,HOR,"Horta, Portugal",BOS,797,803
2026-06-25,SID,"Espargos, Cabo Verde",FLL,1422,1433
2026-06-25,STW,"Stavropol, Russia",SFO,2361,2377
2026-06-25,KIN,"Kingston, Jamaica",JFK,246,246
2026-06-25,MBJ,"Montego Bay, Jamaica",TPA,217,217
2026-06-25,CUN,"Cancun, Mexico",ATL,166,166
2026-06-25,NAS,"Nassau, Bahamas",MIA,266,266
2026-06-25,ARN,"Stockholm, Sweden",JFK,408,410
2026-06-25,YVR,"Vancouver, Canada",LAX,163,163
2026-06-25,CUR,Curacao,EWR,345,345
2026-06-25,YYC,"Calgary, Canada",SAN,270,269
2026-06-25,VIE,"Vienna, Austria",JFK,459,459
2026-06-25,OSL,"Oslo, Norway",JFK,465,464
2026-06-25,BUD,"Budapest, Hungary",EWR,483,483
2026-06-25,CDG,"Paris, France",EWR,464,464
2026-06-25,DUB,"Dublin, Ireland",ORD,458,457
2026-06-25,LIM,"Lima, Peru",MIA,397,397
2026-06-25,SXM,St. Maarten,LGA,468,467
2026-06-25,AMS,"Amsterdam, Netherlands",JFK,527,527
2026-06-25,MXP,"Milan, Italy",SFO,501,501
2026-06-25,MGA,"Managua, Nicaragua",MIA,299,299
2026-06-25,ANU,Antigua,JFK,538,538
2026-06-25,DXB,"Dubai, UAE",JFK,550,550
2026-06-25,WAW,"Warsaw, Poland",IAD,470,470
2026-06-25,IST,"Istanbul, Turkey",JFK,561,561
2026-06-25,CPH,"Copenhagen, Denmark",RDU,466,466
2026-06-25,KRK,"Krakow, Poland",JFK,587,587
2026-06-25,VCE,"Venice, Italy",EWR,587,587
2026-06-25,LHR,"London, UK",BWI,482,482
2026-06-25,OPO,"Porto, Portugal",BOS,568,569
2026-06-25,SOF,"Sofia, Bulgaria",JFK,640,641
2026-06-25,TBS,"Tbilisi, Georgia",JFK,642,642
2026-06-25,HEL,"Helsinki, Finland",MSP,529,528
2026-06-25,MUC,"Munich, Germany",JFK,647,648
2026-06-25,TUN,"Tunis, Tunisia",JFK,658,658
2026-06-25,YUL,"Montreal, Canada",BOS,218,217
2026-06-25,PRG,"Prague, Czechia",LAX,581,581
2026-06-25,SSH,"Sharm El Sheikh, Egypt",EWR,667,667
2026-06-25,GRU,"Sao Paulo, Brazil",MIA,446,444
2026-06-25,GND,Grenada,MIA,674,674
2026-06-25,KEF,"Reykjavik, Iceland",ORD,394,394
2026-06-25,RAK,"Marrakech, Morocco",BOS,628,628
2026-06-25,NAP,"Naples, Italy",LAX,743,743
2026-06-25,BOM,"Mumbai, India",BOS,854,854
2026-06-25,BRU,"Brussels, Belgium",BWI,528,527
2026-06-25,ADD,"Addis Ababa, Ethiopia",BOS,966,966
2026-06-25,JED,"Jeddah, Saudi Arabia",ORD,722,722
2026-06-25,SGN,"Ho Chi Minh, Vietnam",LAX,618,616
2026-06-25,GYD,"Baku, Azerbaijan",IAD,946,946
2026-06-25,HKG,Hong Kong,SFO,634,634
2026-06-25,KTM,"Kathmandu, Nepal",HNL,1066,1066
2026-06-25,CAN,"Guangzhou, China",SFO,640,640
2026-06-25,BZE,"Belize City, Belize",IAD,334,334
2026-06-25,STT,"St. Thomas, USVI",MIA,389,389
2026-06-25,EZE,"Buenos Aires, Argentina",AUS,529,529
2026-06-25,MAN,"Manchester, UK",IAD,686,686
2026-06-25,DEL,"Delhi, India",IAD,783,783
2026-06-25,PVG,"Shanghai, China",LAX,617,617
2026-06-25,LIR,"Liberia, Costa Rica",PDX,338,338
2026-06-25,NRT,"Tokyo, Japan",HNL,644,644
2026-06-25,DBV,"Dubrovnik, Croatia",ATL,617,617
2026-06-25,BLQ,"Bologna, Italy",ATL,648,648
2026-06-25,ZAG,"Zagreb, Croatia",CLE,668,668
2026-06-25,GLA,"Glasgow, Scotland",ATL,710,710
2026-06-25,SCL,"Santiago, Chile",MCO,355,355
2026-06-25,EDI,"Edinburgh, Scotland",ORD,673,673
2026-06-25,FOR,"Fortaleza, Brazil",MIA,753,751
2026-06-25,ZNZ,"Zanzibar, Tanzania",ORD,918,918
2026-06-25,MBA,"Mombasa, Kenya",ATL,1339,1339
2026-06-25,DAD,"Da Nang, Vietnam",SFO,743,744
2026-06-25,GOI,"Goa, India",ATL,2295,2295
2026-06-25,AUH,"Abu Dhabi, UAE",MIA,912,912
2026-06-25,BNE,"Brisbane, Australia",LAX,718,718
2026-06-25,HAN,"Hanoi, Vietnam",LAX,786,786
2026-06-25,AKL,"Auckland, New Zealand",DFW,701,701
2026-06-25,MRS,"Marseille, France",ORD,765,765
2026-06-25,FAO,"Faro, Portugal",ORD,906,906
2026-06-25,KIX,"Osaka, Japan",LAX,861,861
2026-06-25,MRU,Mauritius,ORD,1572,1572
2026-06-25,BAH,Bahrain,DTW,1102,1102
2026-06-25,TGU,"Tegucigalpa, Honduras",RDU,932,932
2026-06-25,KWI,Kuwait City,DEN,1115,1115
2026-06-25,LYS,"Lyon, France",LAX,1061,1061
2026-06-25,ZQN,"Queenstown, NZ",IND,1606,1606
2026-06-25,TAS,"Tashkent, Uzbekistan",LAX,743,740
2026-06-25,LED,"St. Petersburg, Russia",IAD,1211,1211
2026-06-25,SAW,"Istanbul, Türkiye",JFK,662,665
2026-06-25,BUS,"Batumi, Georgia",IAD,913,917
2026-06-25,ALA,"Almaty, Kazakhstan",LAX,797,797
2026-06-25,NQZ,"Astana, Kazakhstan",IAH,1134,1130
2026-06-25,LGW,"London, UK",MCO,391,391
2026-06-25,DME,"Moscow, Russia",ORD,1215,1215
2026-06-25,AYT,"Antalya, Türkiye",BOS,705,705
2026-06-25,BJX,"Silao, Mexico",IAH,249,249
2026-06-25,TIV,"Tivat, Montenegro",SEA,975,975
2026-06-25,SKD,"Samarkand, Uzbekistan",IAD,1047,1051
2026-06-25,SAP,"La Mesa, Honduras",MIA,268,268
2026-06-25,XPL,"Comayagua, Honduras",MCO,358,358
2026-06-25,KZN,"Kazan, Russia",FLL,1390,1385
2026-06-25,PVR,"Puerto Vallarta, Mexico",LAX,315,314
2026-06-25,LHE,"Lahore, Pakistan",SFO,780,780
2026-06-25,ISB,"Islamabad, Pakistan",IAD,631,631
2026-06-25,FOC,"Fuzhou, China",IAD,1056,1056
2026-06-25,MLM,"Morelia, Mexico",LAX,236,236
2026-06-25,PMI,"Palma De Mallorca, Spain",ATL,644,643
2026-06-25,BGW,"Baghdad, Iraq",ORD,823,823
2026-06-25,SVX,"Yekaterinburg, Russia",SEA,1508,1508
2026-06-25,TLC,"Toluca, Mexico",IAH,250,250
2026-06-25,VVI,"Santa Cruz, Bolivia",IAD,710,710
2026-06-25,OVB,"Novosibirsk, Russia",DEN,1552,1552
2026-06-25,CCS,"Caracas, Venezuela",MIA,422,422
2026-06-25,BVA,"Beauvais/Tille, France",JFK,620,620
2026-06-25,PRN,Lipjan,IAD,684,684
2026-06-25,AER,"Sochi, Russia",MIA,1151,1151
2026-06-25,KBL,"Kabul, Afghanistan",IAD,861,861
2026-06-25,ROB,"Monrovia, Liberia",PHL,1367,1373
2026-06-25,OAX,"Oaxaca, Mexico",LAX,207,207
2026-06-25,BAQ,"Barranquilla, Colombia",MIA,258,258
2026-06-25,ALC,"Alicante, Spain",BOS,609,607
2026-06-25,KHI,"Karachi, Pakistan",JFK,649,649
2026-06-25,GEO,"Georgetown, Guyana",MIA,330,330
2026-06-25,POA,"Porto Alegre, Brazil",BOS,716,714
2026-06-25,AMD,"Ahmedabad, India",IAD,929,933
2026-06-25,CFU,"Kerkyra Island, Greece",BOS,959,959
2026-06-25,GZP,"Gazipasa, Türkiye",BWI,1074,1079
2026-06-25,MID,"Merida, Mexico",OAK,323,323
2026-06-25,SDU,"Rio De Janeiro, Brazil",EWR,695,696
2026-06-25,MED,"Medina, Saudi Arabia",ORD,854,854
2026-06-25,DAC,"Dhaka, Bangladesh",ATL,857,857
2026-06-25,DAR,"Dar es Salaam, Tanzania",IAD,939,939
2026-06-25,ISU,"Sulaymaniyah, Iraq",DCA,1143,1139
2026-06-25,RTB,"Roatan Island, Honduras",JFK,616,616
2026-06-25,ALG,"Algiers, Algeria",BOS,750,753
2026-06-25,SEZ,"Mahe Island, Seychelles",ORD,1403,1403
2026-06-25,VVO,"Vladivostok, Russia",SEA,1510,1510
2026-06-25,MZT,"Mazatlan, Mexico",SAT,368,368
2026-06-25,MVD,"Montevideo, Uruguay",IAD,476,476
2026-06-25,HOG,"Holguin, Cuba",SAT,517,517
2026-06-25,EBB,"Kampala, Uganda",ATL,808,808
2026-06-25,SYX,"Sanya, China",LAX,900,900
2026-06-25,RHO,"Rodes Island, Greece",LAX,925,928
2026-06-25,BJV,"Bodrum, Türkiye",ORD,982,982
2026-06-25,KUF,"Samara, Russia",AUS,1661,1661
2026-06-25,VER,"Veracruz, Mexico",DFW,345,345
2026-06-25,PEI,"Pereira, Colombia",MCO,459,459
2026-06-25,HHN,"Hahn, Germany",IAD,754,755
2026-06-25,LCA,"Larnarca, Cyprus",ORD,964,967
2026-06-25,CGR,"Campo Grande, Brazil",BWI,1172,1172
2026-06-25,HRE,"Harare, Zimbabwe",ORD,1280,1280
2026-06-25,FNA,"Freetown, Sierra Leone",IAH,1407,1407
2026-06-25,NSI,"Yaounde, Cameroon",DFW,1414,1411
2026-06-25,KHV,"Khabarovsk, Russia",MIA,2438,2436
2026-06-25,YXE,"Saskatoon, Canada",LGA,507,507
2026-06-25,CWB,"Curitiba, Brazil",CLT,630,630
2026-06-25,PKX,"Beijing, China",LAX,669,669
2026-06-25,BOJ,"Burgas, Bulgaria",MIA,905,905
2026-06-25,CGH,"Sao Paulo, Brazil",MIA,698,697
2026-06-25,XMN,"Xiamen, China",SFO,739,739
2026-06-25,BSR,"Basrah, Iraq",PDX,942,942
2026-06-25,MDZ,"Mendoza, Argentina",MDW,1013,1013
2026-06-25,PQC,"Duong Dong, Vietnam",ORD,1092,1092
2026-06-25,YHM,"Hamilton, Canada",FLL,243,243
2026-06-25,CTM,"Chetumal, Mexico",IAH,348,348
2026-06-25,YWG,"Winnipeg, Canada",LGA,427,425
2026-06-25,MHH,"Marsh Harbour, Bahamas",FLL,449,449
2026-06-25,CMW,"Camaguey, Cuba",AUS,489,489
2026-06-25,TPP,"Tarapoto, Peru",MIA,538,538
2026-06-25,BGY,"Bergamo, Italy",BOS,599,599
2026-06-25,GDN,"Gdańsk, Poland",JFK,612,612
2026-06-25,SKB,"Basseterre, Saint Kitts and Nevis",JFK,619,619
2026-06-25,BON,"Kralendijk, Bonaire",ATL,631,630
2026-06-25,LTO,"Loreto, Mexico",DFW,632,632
2026-06-25,OLB,"Olbia, Italy",IAD,701,701
2026-06-25,MLA,"Luqa, Malta",ORD,730,730
2026-06-25,PVK,"Preveza/Lefkada, Greece",BOS,742,742
2026-06-25,HAK,"Haikou, China",SFO,878,878
2026-06-25,CCU,"Kolkata, India",IAD,1013,1013
2026-06-25,SOU,"Southampton, UK",IAD,1045,1045
2026-06-25,PZU,"Port Sudan, Sudan",SFO,1072,1072
2026-06-25,RMI,"Rimini, Italy",DCA,1092,1092
2026-06-25,TSR,"Timisoara, Romania",IAD,1175,1175
2026-06-25,LLW,"Lilongwe, Malawi",ORD,1263,1258
2026-06-25,KSN,"Kostanay, Kazakhstan",MIA,1316,1316
2026-06-25,LPB,"La Paz / El Alto, Bolivia",BWI,1378,1378
2026-06-25,DSS,"Diass, Senegal",CLT,1387,1387
2026-06-25,KRR,"Krasnodar, Russia",DFW,1412,1412
2026-06-25,DUR,"Durban, South Africa",IAD,1415,1412
2026-06-25,PHC,"Port Harcourt, Nigeria",IAH,1687,1687
2026-06-25,LUN,"Lusaka, Zambia",IAD,1944,1944
2026-06-25,MCX,"Makhachkala, Russia",SFO,2019,2019
2026-06-25,MAR,"Maracaibo, Venezuela",MIA,279,279
2026-06-25,TIJ,"Tijuana, Mexico",LAX,296,296
2026-06-25,YOW,"Ottawa, Canada",CMH,401,401
2026-06-25,BGA,"Bucaramanga, Colombia",JFK,548,548
2026-06-25,YXY,"Whitehorse, Canada",BNA,605,605
2026-06-25,AXM,"Armenia, Colombia",JFK,640,640
2026-06-25,NUE,"Nuremberg, Germany",MIA,801,801
2026-06-25,CGO,"Zhengzhou, China",SFO,806,806
2026-06-25,WUH,"Wuhan, China",SFO,821,821
2026-06-25,RZE,"Rzeszow, Poland",ORD,838,838
2026-06-25,YZF,"Yellowknife, Canada",ORD,862,862
2026-06-25,HBE,"Alexandria, Egypt",BOS,867,867
2026-06-25,XRY,"Jerez de la Forntera, Spain",MIA,910,910
2026-06-25,CBB,"Cochabamba, Bolivia",LAX,953,953
2026-06-25,CUK,"Caye Caulker, Belize",SFO,1003,1003
2026-06-25,VRA,"Varadero, Cuba",SFO,1007,1007
2026-06-25,CLJ,"Cluj-Napoca, Romania",SFO,1035,1035
2026-06-25,COV,"Tarsus, Türkiye",IAH,1173,1173
2026-06-25,IGD,"Igdir, Türkiye",DFW,1203,1203
2026-06-25,PAS,"Paros Island, Greece",MIA,1217,1217
2026-06-25,NBJ,"Luanda, Angola",SEA,1244,1244
2026-06-25,TAO,"Qingdao, China",MIA,1554,1549
2026-06-25,LWN,"Gyumri, Armenia",SFO,1719,1719
2026-06-25,USH,"Ushuahia, Argentina",SFO,1758,1758
2026-06-25,NMA,"Namangan, Uzbekistan",PIT,1807,1807
2026-06-25,KJA,"Krasnoyarsk, Russia",LAS,1960,1960
2026-06-25,UUD,"Ulan Ude, Russia",SEA,2652,2652
2026-06-25,YLW,"Kelowna, Canada",PHX,320,320
2026-06-25,ELH,"North Eleuthera, Bahamas",MIA,379,379
2026-06-25,YHZ,"Halifax, Canada",PHL,402,402
2026-06-25,CUU,"Chihuahua, Mexico",DEN,406,406
2026-06-25,YHU,"Longueuil, Canada",BWI,532,532
2026-06-25,PBC,"Puebla, Mexico",DEN,542,542
2026-06-25,REX,"Reynosa, Mexico",ORD,575,575
2026-06-25,YXU,"London, Canada",ORD,580,580
2026-06-25,JTR,"Santorini Island, Greece",JFK,595,595
2026-06-25,ZYR,ZYR,LAX,600,600
2026-06-25,EIS,"Road Town, Virgin Islands",MCO,636,636
2026-06-25,AQP,"Arequipa, Peru",MCO,688,688
2026-06-25,CIX,"Chiclayo, Peru",SFO,695,695
2026-06-25,ZIH,"Ixtapa, Mexico",LAX,720,720
2026-06-25,TRF,"Torp, Norway",SFO,721,721
2026-06-25,FMO,"Munster, Germany",DTW,762,762
2026-06-25,TOS,"Tromsø, Norway",MSP,783,783
2026-06-25,PTP,"Pointe-a-Pitre Le Raizet, Guadeloupe",AUS,791,791
2026-06-25,SHE,"Shenyang, China",SFO,813,813
2026-06-25,BOC,"Isla Colon, Panama",DFW,829,829
2026-06-25,CUC,"Cucuta, Colombia",IND,846,846
2026-06-25,PMO,"Palermo, Italy",ORD,851,847
2026-06-25,TER,"Lajes, Portugal",SFO,892,892
2026-06-25,MUX,"Multan, Pakistan",DTW,907,907
2026-06-25,DVO,"Davao City, Philippines",SFO,931,931
2026-06-25,PSA,"Pisa, Italy",BOS,933,933
2026-06-25,PVH,"Porto Velho, Brazil",MCO,948,950
2026-06-25,XSC,"South Caicos Airport, Turks and Caicos Islands",IAH,977,977
2026-06-25,LBA,"Leeds, UK",ATL,983,983
2026-06-25,OGU,"Ordu, Türkiye",BOS,988,988
2026-06-25,SBH,"Gustavia, Saint Barthélemy",MIA,1040,1040
2026-06-25,BKI,"Kota Kinabalu, Malaysia",LAX,1046,1046
2026-06-25,EFL,"Kefallinia Island, Greece",PHX,1053,1053
2026-06-25,MGF,"Maringa, Brazil",BOS,1058,1058
2026-06-25,UKB,"Kobe, Japan",LAX,1081,1081
2026-06-25,MJI,"Tripoli, Libya",ATL,1085,1085
2026-06-25,ADZ,"San Andres, Colombia",FLL,1093,1093
2026-06-25,PEG,"Perugia, Italy",ORD,1096,1096
2026-06-25,HGA,"Hargeisa, Somalia",ATL,1143,1143
2026-06-25,NGO,"Tokoname, Japan",CLT,1167,1167
2026-06-25,SCO,"Aktau, Kazakhstan",ORD,1179,1179
2026-06-25,PFO,"Paphos, Cyprus",PDX,1193,1193
2026-06-25,CRL,"Brussels, Belgium",DFW,1201,1201
2026-06-25,SJZ,"Velas, Portugal",SFO,1222,1222
2026-06-25,WEH,"Weihai, China",SEA,1240,1240
2026-06-25,MOC,"Montes Claros, Brazil",MSP,1257,1257
2026-06-25,LGK,"Langkawi, Malaysia",ORD,1289,1289
2026-06-25,NEV,"Charlestown, Saint Kitts and Nevis",STL,1344,1344
2026-06-25,BDS,"Brindisi, Italy",DTW,1352,1352
2026-06-25,XIY,"Xianyang, China",CVG,1352,1352
2026-06-25,VLN,"Valencia, Venezuela",DFW,1357,1357
2026-06-25,LEJ,"Leipzig, Germany",ANC,1382,1382
2026-06-25,APW,"Apia, Samoa",PHX,1399,1399
2026-06-25,BLA,"Barcelona, Venezuela",BOS,1445,1445
2026-06-25,TSN,"Tianjin, China",PHX,1474,1474
2026-06-25,CEI,"Chiang Rai, Thailand",IAH,1476,1476
2026-06-25,KKN,"Kirkenes, Norway",ORD,1500,1500
2026-06-25,SPR,SPR,MIA,1565,1565
2026-06-25,MQM,"Mardin, Türkiye",BOS,1659,1659
2026-06-25,CJU,"Jeju City, South Korea",CLT,1663,1663
2026-06-25,WDH,"Windhoek, Namibia",MIA,1689,1687
2026-06-25,KRS,"Kjevik, Norway",BNA,1765,1765
2026-06-25,BLZ,"Blantyre, Malawi",CMH,1841,1841
2026-06-25,KGF,"Karaganda, Kazakhstan",MIA,2007,2007
2026-06-25,URA,"Uralsk, Kazakhstan",MSP,2011,2011
2026-06-25,OSS,"Osh, Kyrgyzstan",DFW,2151,2151
2026-06-25,FBM,"Lubumbashi, Congo",IND,2238,2238
2026-06-25,YKF,"Waterloo, Canada",MDW,2265,2265
2026-06-25,BAX,"Barnaul, Russia",MIA,2311,2311
2026-06-25,YBP,"Yibin, China",DFW,2384,2384
2026-06-25,LBD,"Khudzhand, Tajikistan",DFW,2441,2441
2026-06-25,NGS,"Nagasaki, Japan",ATL,2575,2575
2026-06-25,MGQ,"Mogadishu, Somalia",SEA,2596,2596
2026-06-25,ASF,"Astrakhan, Russia",BOS,2740,2740
2026-06-25,IKU,"Tamchy, Kyrgyzstan",PDX,2946,2946
2026-06-25,GVN,"Sovetskaya Gavan, Russia",SNA,3142,3142
2026-06-25,ITU,ITU,ATL,3316,3316
2026-06-25,URC,"Urumqi, China",SNA,4838,4838
2026-06-25,SDQ,"Santo Domingo, Dom. Rep.",EWR,190,189
2026-06-25,SAL,San Salvador,LGA,187,186
2026-06-25,FCO,"Rome, Italy",LAX,460,456
2026-06-25,ATH,"Athens, Greece",JFK,533,526
2026-06-25,LIS,"Lisbon, Portugal",JFK,614,609
2026-06-25,CAI,"Cairo, Egypt",IAD,634,628
2026-06-25,OTP,"Bucharest, Romania",MIA,670,664
2026-06-25,FLR,"Florence, Italy",BOS,764,759
2026-06-25,DPS,"Bali, Indonesia",SEA,815,805
2026-06-25,HKT,"Phuket, Thailand",LAX,768,763
2026-06-25,NCE,"Nice, France",MIA,772,762
2026-06-25,ICN,"Seoul, South Korea",SFO,672,668
2026-06-25,COK,"Kochi, India",MIA,1167,1152
2026-06-25,CPT,"Cape Town, S. Africa",ORD,1254,1247
2026-06-25,PPT,"Papeete, Tahiti",SFO,821,813
2026-06-25,USM,"Koh Samui, Thailand",DFW,1548,1534
2026-06-25,SSA,"Salvador, Brazil",MSY,1095,1079
2026-06-25,CNX,"Chiang Mai, Thailand",SFO,1769,1754
2026-06-25,ORY,"Paris, France",JFK,474,469
2026-06-25,UFA,"Ufa, Russia",BOS,1415,1404
2026-06-25,TQO,"Tulum, Mexico",LGA,411,408
2026-06-25,FIH,"Kinshasa, Congo",DFW,914,906
2026-06-25,DYU,"Dushanbe, Tajikistan",ORD,1282,1271
2026-06-25,GOT,"Gothenburg, Sweden",SEA,707,698
2026-06-25,VCP,"Campinas, Brazil",FLL,604,597
2026-06-25,NLU,"Reyes Acozac, Mexico",LAX,278,275
2026-06-25,DLA,"Douala, Cameroon",DTW,1246,1232
2026-06-25,CAP,"Cap Haitien, Haiti",FLL,622,616
2026-06-25,MRV,"Mineralnyye Vody, Russia",MIA,1680,1661
2026-06-25,BPS,"Porto Seguro, Brazil",PHL,1037,1024
2026-06-25,SLP,"San Luis Potosi, Mexico",DFW,441,435
2026-06-25,ADB,"Izmir, Türkiye",IAD,910,901
2026-06-25,HER,"Heraklion, Greece",BOS,950,937
2026-06-25,TAB,"Scarborough, Trinidad and Tobago",JFK,518,515
2026-06-25,SVG,"Stavanger, Norway",ATL,883,871
2026-06-25,JMK,"Mykonos Island, Greece",LAX,966,953
2026-06-25,UGC,"Urgench, Uzbekistan",ORD,1321,1308
2026-06-25,NJF,"Najaf, Iraq",MSP,1445,1427
2026-06-25,CSX,"Changsha, China",CLT,1919,1900
2026-06-25,SJU,"San Juan, Puerto Rico",TPA,145,142
2026-06-25,BKK,"Bangkok, Thailand",SFO,662,651
2026-06-25,FLN,"Florianopolis, Brazil",BOS,971,949
2026-06-25,SIN,Singapore,SFO,678,662
2026-06-25,TPE,"Taipei, Taiwan",ORD,731,720
2026-06-25,EBL,"Arbil, Iraq",SAN,921,903
2026-06-25,POP,"Puerto Plata, Dominican Republic",MIA,428,421
2026-06-25,BJM,"Bujumbura, Burundi",LAX,1053,1029
2026-06-25,LTN,"London, UK",LGA,787,768
2026-06-25,SNU,"Santa Clara, Cuba",MIA,362,356
2026-06-25,GYN,"Goiania, Brazil",BNA,907,893
2026-06-25,YDF,"Deer Lake, Canada",IND,751,734
2026-06-25,OGZ,"Beslan, Russia",CLT,1683,1654
2026-06-25,BPN,"Balikpapan, Borneo Island, Indonesia",CLT,1970,1931
2026-06-25,MDE,"Medellin, Colombia",FLL,252,245
2026-06-25,BOG,"Bogota, Colombia",AUS,271,262
2026-06-25,BGI,"Bridgetown, Barbados",DCA,457,442
2026-06-25,LOS,"Lagos, Nigeria",IND,925,901
2026-06-25,TIA,"Tirana, Albania",JFK,531,518
2026-06-25,CNF,"Belo Horizonte, Brazil",BOS,429,416
2026-06-25,AEP,"Buenos Aires, Argentina",MIA,627,609
2026-06-25,VRN,"Verona, Italy",BOS,824,802
2026-06-25,SKG,"Thessaloniki, Greece",DTW,671,654
2026-06-25,PLS,"Providenciales, Turks",JFK,436,420
2026-06-25,MAA,"Chennai, India",ORD,1097,1056
2026-06-25,OKA,"Okinawa, Japan",SFO,979,941
2026-06-25,QRO,"Queretaro, Mexico",RDU,279,267
2026-06-25,HYD,"Hyderabad, India",ORD,988,953
2026-06-25,CUE,"Cuenca, Ecuador",ATL,570,547
2026-06-25,SKP,"Skopje, North Macedonia",CVG,711,686
2026-06-25,VXE,"Sao Pedro, Cabo Verde",BOS,1416,1359
2026-06-25,CEK,"Chelyabinsk, Russia",IAH,1735,1671
2026-06-25,GOX,"Mopa, India",SNA,1767,1699
2026-06-25,MPM,"Maputo, Mozambique",MSP,2405,2314
2026-06-25,UIO,"Quito, Ecuador",JFK,343,327
2026-06-25,CGK,"Jakarta, Indonesia",PHX,1291,1227
2026-06-25,LIN,"Milan, Italy",LAX,806,771
2026-06-25,CRK,"Angeles City, Philippines",LAX,914,868
2026-06-25,ASU,"Asuncion, Paraguay",MIA,908,868
2026-06-25,SVQ,"Seville, Spain",STL,1069,1013
2026-06-25,JNB,"Johannesburg, S. Africa",IAH,921,861
2026-06-25,GGT,"George Town, Bahamas",MIA,558,522
2026-06-25,ABJ,"Abidjan, Côte d'Ivoire",IAH,2173,2025
2026-06-25,CXR,"Nha Trang, Vietnam",ORD,1158,1072
2026-06-25,BGO,"Bergen, Norway",PHL,738,684
2026-06-25,PNQ,"Pune, India",CVG,1779,1640
2026-06-25,KUT,"Kutaisi, Georgia",OAK,1804,1667
2026-06-25,BCN,"Barcelona, Spain",JFK,544,500
2026-06-25,GDL,"Guadalajara, Mexico",LAX,266,245
2026-06-25,SVD,"Argyle, Saint Vincent and the Grenadines",EWR,440,394
2026-06-25,DOM,"Marigot, Dominica",MIA,911,806
2026-06-25,EOH,"Medellin, Colombia",DFW,815,724
2026-06-25,SJO,"San Jose, Costa Rica",MIA,237,208
2026-06-25,CMN,"Casablanca, Morocco",JFK,622,543
2026-06-25,SJD,"Los Cabos, Mexico",LAX,311,266
2026-06-25,RBA,"Rabat, Morocco",ORD,841,707
2026-06-25,GUA,Guatemala City,MIA,237,197
2026-06-25,CUL,"Culiacan, Mexico",SEA,619,510
2026-06-25,CKG,"Chongqing, China",ORD,1163,883
2026-06-25,FPO,"Freeport, Bahamas",IAH,606,455
2026-06-25,CMB,"Colombo, Sri Lanka",ORD,1504,1122
2026-06-25,MFM,"Taipa, Macao",DTW,2110,1570
2026-06-25,BOB,"Motu Mute, French Polynesia",CMH,1671,1220
2026-06-25,ORN,"Oran, Algeria",RDU,1272,930
2026-06-25,AUA,Aruba,BWI,381,259
2026-06-25,IKT,"Irkutsk, Russia",SLC,2127,1445
2026-06-25,BSB,"Brasilia, Brazil",MIA,573,387
2026-06-25,UKK,"Ust Kamenogorsk, Kazakhstan",CLT,2006,1320
2026-06-25,DLM,"Dalaman, Türkiye",SEA,2121,1368
2026-06-25,UUS,"Yuzhno-Sakhalinsk, Russia",DFW,2143,1210
2026-06-25,NBC,"Nizhnekamsk, Russia",ATL,2344,1200
2026-06-25,DGO,"Durango, Mexico",DFW,455,681
2026-06-25,ZIH,"Ixtapa, Mexico",DEN,501,720
2026-06-25,SPX,"Giza, Egypt",IAD,2097,2936
2026-06-25,TBU,"Nuku'alofa, Tonga",SFO,887,1120
2026-06-25,HAM,"Hamburg, Germany",BOS,512,628
2026-06-25,SJJ,"Sarajevo, Bosnia and Herzegovina",ATL,639,770
2026-06-25,NAN,"Nadi, Fiji",DFW,591,700
2026-06-25,GIG,"Rio de Janeiro, Brazil",TPA,366,431
2026-06-25,CIA,"Roma, Italy",JFK,645,758
2026-06-25,ZIA,"Zhukovsky, Russia",DFW,1283,1488
2026-06-25,IBZ,"Ibiza, Spain",BOS,681,793
2026-06-25,ABV,"Abuja, Nigeria",DFW,1480,1711
2026-06-25,STN,"London, UK",SEA,580,666
2026-06-25,LFW,"Lome, Togo",ATL,976,1105
2026-06-25,PUJ,"Punta Cana, Dom. Rep.",MIA,128,142
2026-06-25,PEK,"Beijing, China",SEA,510,568
2026-06-25,REC,"Recife, Brazil",MIA,771,854
2026-06-25,SCU,"Santiago, Cuba",MIA,697,777
2026-06-25,VTE,"Vientiane, Laos",SEA,1148,1279
2026-06-25,VLC,"Valencia, Spain",IAD,603,663
2026-06-25,HND,"Tokyo, Japan",LAX,689,761
2026-06-25,OUA,"Ouagadougou, Burkina Faso",JFK,654,719
2026-06-25,TAM,"Tampico, Mexico",ATL,591,648
2026-06-25,BLR,"Bangalore, India",IAD,879,956
2026-06-25,YEG,"Edmonton, Canada",SLC,274,298
2026-06-25,FRA,"Frankfurt, Germany",JFK,481,518
2026-06-25,CAN,"Guangzhou, China",LAX,596,640
2026-06-25,RUH,"Riyadh, Saudi Arabia",IAD,1048,1128
2026-06-25,LIN,"Milan, Italy",CLT,721,772
2026-06-25,AXA,"The Valley, Anguilla",MIA,647,699
2026-06-25,COO,"Cotonou, Benin",IAH,1110,1198
2026-06-25,POS,"Port of Spain, Trinidad",FLL,296,315
2026-06-25,CTG,"Cartagena, Colombia",FLL,223,237
2026-06-25,TGD,"Podgorica, Montenegro",ORD,559,597
2026-06-25,BDA,"Hamilton, Bermuda",EWR,329,349
2026-06-25,ESB,"Ankara, Türkiye",IAD,894,950
2026-06-25,IAS,"Iasi, Romania",EWR,702,750
2026-06-25,TLL,"Tallinn, Estonia",EWR,533,560
2026-06-25,MNL,"Manila, Philippines",LAX,495,521
2026-06-25,AGU,"Aguascalientes, Mexico",DFW,386,406
2026-06-25,COR,"Cordoba, Argentina",MIA,571,599
2026-06-25,BIM,"South Bimini, Bahamas",IND,394,414
2026-06-25,GYE,"Guayaquil, Ecuador",JFK,234,245
2026-06-25,MAD,"Madrid, Spain",EWR,397,415
2026-06-25,HAV,"Havana, Cuba",MIA,184,192
2026-06-25,CZM,"Cozumel, Mexico",DFW,583,605
2026-06-25,GCM,Grand Cayman,IAD,383,395
2026-06-25,BER,"Berlin, Germany",JFK,583,604
2026-06-25,ZRH,"Zurich, Switzerland",BWI,577,596
2026-06-25,ACC,"Accra, Ghana",IAD,954,986
2026-06-25,KUL,"Kuala Lumpur, Malaysia",SFO,702,721
2026-06-25,MEL,"Melbourne, Australia",DTW,981,1011
2026-06-25,UBN,"Ulaanbaatar, Mongolia",ORD,786,814
2026-06-25,SHJ,"Sharjah, UAE",SEA,793,814
2026-06-25,VIX,"Vitoria, Brazil",BOS,596,613
2026-06-25,PTY,"Panama City, Panama",JFK,269,274
2026-06-25,VNO,"Vilnius, Lithuania",EWR,524,533
2026-06-25,RIX,"Riga, Latvia",JFK,542,554
2026-06-25,NBO,"Nairobi, Kenya",IAD,722,733
2026-06-25,DOH,"Doha, Qatar",IAD,1501,1530
2026-06-25,CEB,"Cebu, Philippines",LAX,591,606
2026-06-25,MLE,"Male, Maldives",MSY,917,940
2026-06-25,GVA,"Geneva, Switzerland",MCO,477,489
2026-06-25,SYD,"Sydney, Australia",LAX,741,760
2026-06-25,STI,"Santiago, Dominican Republic",EWR,197,200
2026-06-25,RMO,"Chișinău, Moldova",EWR,579,592
2026-06-25,YTZ,"Toronto, Canada",ORD,195,198
2026-06-25,MSQ,"Minsk, Belarus",IAD,1471,1501
2026-06-25,POP,"Puerto Plata, Dominican Republic",BOS,413,422
2026-06-25,CLO,"Cali, Colombia",MCO,234,240
2026-06-25,MTY,"Monterrey, Mexico",DFW,176,179
2026-06-25,PDL,"Ponta Delgada, Portugal",BOS,610,623
2026-06-25,TGZ,"Tuxtla Gutierrez, Mexico",IAH,426,433
2026-06-25,CUZ,"Cusco, Peru",BWI,858,880
2026-06-25,ROR,"Babelthuap Island, Palau",HNL,2380,2425
2026-06-25,MEX,"Mexico City, Mexico",IAH,165,166
2026-06-25,UVF,St. Lucia,JFK,499,505
2026-06-25,YYZ,"Toronto, Canada",FLL,203,206
2026-06-25,AGP,"Malaga, Spain",JFK,579,583
2026-06-25,BEG,"Belgrade, Serbia",JFK,662,671
2026-06-25,EVN,"Yerevan, Armenia",BOS,727,734
2026-06-25,HRG,"Hurghada, Egypt",LAX,973,981
2026-06-25,CGN,"Cologne, Germany",ORD,836,844
2026-06-25,SVO,"Moscow, Russia",MIA,1145,1157
2026-06-25,VKO,"Moscow, Russia",IAD,1157,1166
2026-06-25,BSZ,"Bishkek, Kyrgyzstan",ORD,1025,1036
2026-06-25,KTI,"Krong Ta Khmau, Cambodia",LAX,735,739
2026-06-25,BRI,"Bari, Italy",IAD,774,781
2026-06-25,YQB,"Quebec City, Canada",SAN,457,460
2026-06-25,RAI,"Praia, Cabo Verde",BOS,891,896
2026-06-25,FNC,"Funchal, Portugal",SFO,1113,1120
2026-06-25,WMI,"Warsaw, Poland",ORD,679,685
2026-06-25,TFU,"Tianfu, China",DCA,1649,1672
2026-06-25,HOR,"Horta, Portugal",BOS,797,803
2026-06-25,SID,"Espargos, Cabo Verde",FLL,1422,1432
2026-06-25,STW,"Stavropol, Russia",SFO,2361,2377
2026-06-25,KIN,"Kingston, Jamaica",JFK,246,246
2026-06-25,MBJ,"Montego Bay, Jamaica",TPA,217,217
2026-06-25,CUN,"Cancun, Mexico",ATL,166,166
2026-06-25,NAS,"Nassau, Bahamas",MIA,266,266
2026-06-25,ARN,"Stockholm, Sweden",JFK,408,410
2026-06-25,YVR,"Vancouver, Canada",LAX,163,163
2026-06-25,CUR,Curacao,EWR,345,345
2026-06-25,YYC,"Calgary, Canada",SAN,270,269
2026-06-25,VIE,"Vienna, Austria",JFK,459,459
2026-06-25,OSL,"Oslo, Norway",JFK,465,464
2026-06-25,BUD,"Budapest, Hungary",EWR,483,483
2026-06-25,CDG,"Paris, France",EWR,464,464
2026-06-25,DUB,"Dublin, Ireland",ORD,458,457
2026-06-25,LIM,"Lima, Peru",MIA,397,397
2026-06-25,SXM,St. Maarten,LGA,468,467
2026-06-25,AMS,"Amsterdam, Netherlands",JFK,527,527
2026-06-25,MXP,"Milan, Italy",SFO,501,501
2026-06-25,MGA,"Managua, Nicaragua",MIA,299,299
2026-06-25,ANU,Antigua,JFK,538,538
2026-06-25,DXB,"Dubai, UAE",JFK,550,550
2026-06-25,WAW,"Warsaw, Poland",IAD,470,470
2026-06-25,IST,"Istanbul, Turkey",JFK,561,561
2026-06-25,CPH,"Copenhagen, Denmark",RDU,466,466
2026-06-25,KRK,"Krakow, Poland",JFK,587,587
2026-06-25,VCE,"Venice, Italy",EWR,587,587
2026-06-25,LHR,"London, UK",BWI,482,482
2026-06-25,OPO,"Porto, Portugal",BOS,568,569
2026-06-25,SOF,"Sofia, Bulgaria",JFK,640,641
2026-06-25,TBS,"Tbilisi, Georgia",JFK,642,642
2026-06-25,HEL,"Helsinki, Finland",MSP,529,528
2026-06-25,MUC,"Munich, Germany",JFK,647,648
2026-06-25,TUN,"Tunis, Tunisia",JFK,658,658
2026-06-25,YUL,"Montreal, Canada",BOS,218,217
2026-06-25,PRG,"Prague, Czechia",LAX,581,581
2026-06-25,SSH,"Sharm El Sheikh, Egypt",EWR,667,667
2026-06-25,GRU,"Sao Paulo, Brazil",MIA,446,444
2026-06-25,GND,Grenada,MIA,674,674
2026-06-25,KEF,"Reykjavik, Iceland",ORD,394,394
2026-06-25,RAK,"Marrakech, Morocco",BOS,628,628
2026-06-25,NAP,"Naples, Italy",LAX,743,743
2026-06-25,BOM,"Mumbai, India",BOS,854,854
2026-06-25,BRU,"Brussels, Belgium",BWI,528,527
2026-06-25,ADD,"Addis Ababa, Ethiopia",BOS,966,966
2026-06-25,JED,"Jeddah, Saudi Arabia",ORD,722,722
2026-06-25,SGN,"Ho Chi Minh, Vietnam",LAX,618,616
2026-06-25,GYD,"Baku, Azerbaijan",IAD,946,946
2026-06-25,HKG,Hong Kong,SFO,634,634
2026-06-25,KTM,"Kathmandu, Nepal",HNL,1066,1066
2026-06-25,BZE,"Belize City, Belize",IAD,334,334
2026-06-25,STT,"St. Thomas, USVI",MIA,389,389
2026-06-25,EZE,"Buenos Aires, Argentina",AUS,529,529
2026-06-25,MAN,"Manchester, UK",IAD,686,686
2026-06-25,DEL,"Delhi, India",IAD,783,783
2026-06-25,PVG,"Shanghai, China",LAX,617,617
2026-06-25,NRT,"Tokyo, Japan",HNL,644,644
2026-06-25,LIR,"Liberia, Costa Rica",PDX,338,338
2026-06-25,DBV,"Dubrovnik, Croatia",ATL,617,617
2026-06-25,BLQ,"Bologna, Italy",ATL,648,648
2026-06-25,ZAG,"Zagreb, Croatia",CLE,668,668
2026-06-25,SCL,"Santiago, Chile",MCO,355,355
2026-06-25,EDI,"Edinburgh, Scotland",ORD,673,673
2026-06-25,FOR,"Fortaleza, Brazil",MIA,753,751
2026-06-25,ZNZ,"Zanzibar, Tanzania",ORD,918,918
2026-06-25,MBA,"Mombasa, Kenya",ATL,1339,1339
2026-06-25,DAD,"Da Nang, Vietnam",SFO,743,744
2026-06-25,GOI,"Goa, India",ATL,2295,2295
2026-06-25,AUH,"Abu Dhabi, UAE",MIA,912,912
2026-06-25,BNE,"Brisbane, Australia",LAX,718,718
2026-06-25,HAN,"Hanoi, Vietnam",LAX,786,786
2026-06-25,AKL,"Auckland, New Zealand",DFW,701,701
2026-06-25,MRS,"Marseille, France",ORD,765,765
2026-06-25,FAO,"Faro, Portugal",ORD,906,906
2026-06-25,KIX,"Osaka, Japan",LAX,861,861
2026-06-25,BAH,Bahrain,DTW,1102,1102
2026-06-25,TGU,"Tegucigalpa, Honduras",RDU,932,932
2026-06-25,KWI,Kuwait City,DEN,1115,1115
2026-06-25,LYS,"Lyon, France",LAX,1061,1061
2026-06-25,ZQN,"Queenstown, NZ",IND,1606,1606
2026-06-25,TAS,"Tashkent, Uzbekistan",LAX,743,740
2026-06-25,LED,"St. Petersburg, Russia",IAD,1211,1211
2026-06-25,SAW,"Istanbul, Türkiye",JFK,662,665
2026-06-25,ALA,"Almaty, Kazakhstan",LAX,797,797
2026-06-25,BUS,"Batumi, Georgia",IAD,913,917
2026-06-25,NQZ,"Astana, Kazakhstan",IAH,1134,1131
2026-06-25,DME,"Moscow, Russia",ORD,1215,1215
2026-06-25,LGW,"London, UK",MCO,391,391
2026-06-25,AYT,"Antalya, Türkiye",BOS,705,705
2026-06-25,TIV,"Tivat, Montenegro",SEA,975,975
2026-06-25,BJX,"Silao, Mexico",IAH,249,249
2026-06-25,SKD,"Samarkand, Uzbekistan",IAD,1047,1051
2026-06-25,SAP,"La Mesa, Honduras",MIA,268,268
2026-06-25,KZN,"Kazan, Russia",FLL,1390,1385
2026-06-25,PVR,"Puerto Vallarta, Mexico",LAX,315,314
2026-06-25,LHE,"Lahore, Pakistan",SFO,780,780
2026-06-25,FOC,"Fuzhou, China",IAD,1056,1056
2026-06-25,MLM,"Morelia, Mexico",LAX,236,236
2026-06-25,PMI,"Palma De Mallorca, Spain",ATL,644,643
2026-06-25,BGW,"Baghdad, Iraq",ORD,823,823
2026-06-25,SVX,"Yekaterinburg, Russia",SEA,1508,1508
2026-06-25,TLC,"Toluca, Mexico",IAH,250,250
2026-06-25,VVI,"Santa Cruz, Bolivia",IAD,710,710
2026-06-25,CCS,"Caracas, Venezuela",MIA,422,422
2026-06-25,BVA,"Beauvais/Tille, France",JFK,620,620
2026-06-25,KBL,"Kabul, Afghanistan",IAD,861,861
2026-06-25,PRN,Lipjan,IAD,684,684
2026-06-25,OVB,"Novosibirsk, Russia",DEN,1552,1552
2026-06-25,ROB,"Monrovia, Liberia",PHL,1367,1373
2026-06-25,OAX,"Oaxaca, Mexico",LAX,207,207
2026-06-25,BAQ,"Barranquilla, Colombia",MIA,258,258
2026-06-25,GEO,"Georgetown, Guyana",MIA,330,330
2026-06-25,ALC,"Alicante, Spain",BOS,609,607
2026-06-25,KHI,"Karachi, Pakistan",JFK,649,649
2026-06-25,AER,"Sochi, Russia",MIA,1151,1151
2026-06-25,MID,"Merida, Mexico",OAK,323,323
2026-06-25,POA,"Porto Alegre, Brazil",BOS,716,714
2026-06-25,DAC,"Dhaka, Bangladesh",ATL,857,857
2026-06-25,AMD,"Ahmedabad, India",IAD,929,932
2026-06-25,GZP,"Gazipasa, Türkiye",BWI,1074,1079
2026-06-25,SNN,"Shannon, Ireland",EWR,630,633
2026-06-25,SDU,"Rio De Janeiro, Brazil",EWR,695,696
2026-06-25,MED,"Medina, Saudi Arabia",ORD,854,854
2026-06-25,DAR,"Dar es Salaam, Tanzania",IAD,939,939
2026-06-25,ISU,"Sulaymaniyah, Iraq",DCA,1143,1139
2026-06-25,MZT,"Mazatlan, Mexico",SAT,368,368
2026-06-25,RTB,"Roatan Island, Honduras",JFK,616,616
2026-06-25,ALG,"Algiers, Algeria",BOS,750,753
2026-06-25,PUQ,"Punta Arenas, Chile",BOS,1025,1025
2026-06-25,SEZ,"Mahe Island, Seychelles",ORD,1403,1403
2026-06-25,MVD,"Montevideo, Uruguay",IAD,476,476
2026-06-25,HOG,"Holguin, Cuba",SAT,517,517
2026-06-25,EBB,"Kampala, Uganda",ATL,808,808
2026-06-25,SYX,"Sanya, China",LAX,900,900
2026-06-25,RHO,"Rodes Island, Greece",LAX,925,928
2026-06-25,BJV,"Bodrum, Türkiye",ORD,982,982
2026-06-25,KTW,"Katowice, Poland",MSP,1292,1291
2026-06-25,VER,"Veracruz, Mexico",DFW,345,345
2026-06-25,PEI,"Pereira, Colombia",MCO,459,459
2026-06-25,HHN,"Hahn, Germany",IAD,754,755
2026-06-25,LCA,"Larnarca, Cyprus",ORD,964,967
2026-06-25,CGR,"Campo Grande, Brazil",BWI,1172,1172
2026-06-25,HRE,"Harare, Zimbabwe",ORD,1280,1280
2026-06-25,FNA,"Freetown, Sierra Leone",IAH,1407,1407
2026-06-25,NSI,"Yaounde, Cameroon",DFW,1414,1411
2026-06-25,VVO,"Vladivostok, Russia",SEA,1510,1510
2026-06-25,KUF,"Samara, Russia",AUS,1661,1661
2026-06-25,KHV,"Khabarovsk, Russia",MIA,2438,2436
2026-06-25,YXE,"Saskatoon, Canada",LGA,507,507
2026-06-25,CWB,"Curitiba, Brazil",CLT,630,630
2026-06-25,PKX,"Beijing, China",LAX,669,669
2026-06-25,BOJ,"Burgas, Bulgaria",MIA,905,905
2026-06-25,CGH,"Sao Paulo, Brazil",MIA,698,697
2026-06-25,XMN,"Xiamen, China",SFO,739,739
2026-06-25,BSR,"Basrah, Iraq",PDX,942,942
2026-06-25,MDZ,"Mendoza, Argentina",MDW,1013,1013
2026-06-25,PQC,"Duong Dong, Vietnam",ORD,1092,1092
2026-06-25,YHM,"Hamilton, Canada",FLL,243,243
2026-06-25,CTM,"Chetumal, Mexico",IAH,348,348
2026-06-25,YWG,"Winnipeg, Canada",LGA,427,425
2026-06-25,MHH,"Marsh Harbour, Bahamas",FLL,449,449
2026-06-25,CMW,"Camaguey, Cuba",AUS,489,489
2026-06-25,TPP,"Tarapoto, Peru",MIA,538,538
2026-06-25,BGY,"Bergamo, Italy",BOS,599,599
2026-06-25,GDN,"Gdańsk, Poland",JFK,612,612
2026-06-25,SKB,"Basseterre, Saint Kitts and Nevis",JFK,619,619
2026-06-25,BON,"Kralendijk, Bonaire",ATL,631,630
2026-06-25,LTO,"Loreto, Mexico",DFW,632,632
2026-06-25,OLB,"Olbia, Italy",IAD,701,701
2026-06-25,MLA,"Luqa, Malta",ORD,730,730
2026-06-25,PVK,"Preveza/Lefkada, Greece",BOS,742,742
2026-06-25,HAK,"Haikou, China",SFO,878,878
2026-06-25,CCU,"Kolkata, India",IAD,1013,1013
2026-06-25,SOU,"Southampton, UK",IAD,1045,1045
2026-06-25,PZU,"Port Sudan, Sudan",SFO,1072,1072
2026-06-25,RMI,"Rimini, Italy",DCA,1092,1092
2026-06-25,TSR,"Timisoara, Romania",IAD,1175,1175
2026-06-25,LLW,"Lilongwe, Malawi",ORD,1263,1258
2026-06-25,KSN,"Kostanay, Kazakhstan",MIA,1316,1316
2026-06-25,LPB,"La Paz / El Alto, Bolivia",BWI,1378,1378
2026-06-25,DSS,"Diass, Senegal",CLT,1387,1387
2026-06-25,KRR,"Krasnodar, Russia",DFW,1412,1412
2026-06-25,DUR,"Durban, South Africa",IAD,1415,1412
2026-06-25,PHC,"Port Harcourt, Nigeria",IAH,1687,1687
2026-06-25,LUN,"Lusaka, Zambia",IAD,1944,1944
2026-06-25,MCX,"Makhachkala, Russia",SFO,2019,2019
2026-06-25,MAR,"Maracaibo, Venezuela",MIA,279,279
2026-06-25,TIJ,"Tijuana, Mexico",LAX,296,296
2026-06-25,YOW,"Ottawa, Canada",CMH,401,401
2026-06-25,BGA,"Bucaramanga, Colombia",JFK,548,548
2026-06-25,YXY,"Whitehorse, Canada",BNA,605,605
2026-06-25,AXM,"Armenia, Colombia",JFK,640,640
2026-06-25,NUE,"Nuremberg, Germany",MIA,801,801
2026-06-25,CGO,"Zhengzhou, China",SFO,806,806
2026-06-25,WUH,"Wuhan, China",SFO,821,821
2026-06-25,RZE,"Rzeszow, Poland",ORD,838,838
2026-06-25,YZF,"Yellowknife, Canada",ORD,862,862
2026-06-25,HBE,"Alexandria, Egypt",BOS,867,867
2026-06-25,XRY,"Jerez de la Forntera, Spain",MIA,910,910
2026-06-25,CBB,"Cochabamba, Bolivia",LAX,953,953
2026-06-25,CUK,"Caye Caulker, Belize",SFO,1003,1003
2026-06-25,VRA,"Varadero, Cuba",SFO,1007,1007
2026-06-25,CLJ,"Cluj-Napoca, Romania",SFO,1035,1035
2026-06-25,COV,"Tarsus, Türkiye",IAH,1173,1173
2026-06-25,IGD,"Igdir, Türkiye",DFW,1203,1203
2026-06-25,PAS,"Paros Island, Greece",MIA,1217,1217
2026-06-25,NBJ,"Luanda, Angola",SEA,1244,1244
2026-06-25,TAO,"Qingdao, China",MIA,1554,1549
2026-06-25,LWN,"Gyumri, Armenia",SFO,1719,1719
2026-06-25,USH,"Ushuahia, Argentina",SFO,1758,1758
2026-06-25,NMA,"Namangan, Uzbekistan",PIT,1807,1807
2026-06-25,KJA,"Krasnoyarsk, Russia",LAS,1960,1960
2026-06-25,UUD,"Ulan Ude, Russia",SEA,2652,2652
2026-06-25,YLW,"Kelowna, Canada",PHX,320,320
2026-06-25,ELH,"North Eleuthera, Bahamas",MIA,379,379
2026-06-25,YHZ,"Halifax, Canada",PHL,402,402
2026-06-25,CUU,"Chihuahua, Mexico",DEN,406,406
2026-06-25,TAB,"Scarborough, Trinidad and Tobago",JFK,518,516
2026-06-25,YHU,"Longueuil, Canada",BWI,532,532
2026-06-25,PBC,"Puebla, Mexico",DEN,542,542
2026-06-25,REX,"Reynosa, Mexico",ORD,575,575
2026-06-25,YXU,"London, Canada",ORD,580,580
2026-06-25,JTR,"Santorini Island, Greece",JFK,595,595
2026-06-25,ZYR,ZYR,LAX,600,600
2026-06-25,EIS,"Road Town, Virgin Islands",MCO,636,636
2026-06-25,AQP,"Arequipa, Peru",MCO,688,688
2026-06-25,CIX,"Chiclayo, Peru",SFO,695,695
2026-06-25,TRF,"Torp, Norway",SFO,721,721
2026-06-25,FMO,"Munster, Germany",DTW,762,762
2026-06-25,TOS,"Tromsø, Norway",MSP,783,783
2026-06-25,PTP,"Pointe-a-Pitre Le Raizet, Guadeloupe",AUS,791,791
2026-06-25,SHE,"Shenyang, China",SFO,813,813
2026-06-25,BOC,"Isla Colon, Panama",DFW,829,829
2026-06-25,CUC,"Cucuta, Colombia",IND,846,846
2026-06-25,PMO,"Palermo, Italy",ORD,851,847
2026-06-25,TER,"Lajes, Portugal",SFO,892,892
2026-06-25,MUX,"Multan, Pakistan",DTW,907,907
2026-06-25,DVO,"Davao City, Philippines",SFO,931,931
2026-06-25,PSA,"Pisa, Italy",BOS,933,933
2026-06-25,PVH,"Porto Velho, Brazil",MCO,948,950
2026-06-25,XSC,"South Caicos Airport, Turks and Caicos Islands",IAH,977,977
2026-06-25,LBA,"Leeds, UK",ATL,983,983
2026-06-25,OGU,"Ordu, Türkiye",BOS,988,988
2026-06-25,SBH,"Gustavia, Saint Barthélemy",MIA,1040,1040
2026-06-25,BKI,"Kota Kinabalu, Malaysia",LAX,1046,1046
2026-06-25,EFL,"Kefallinia Island, Greece",PHX,1053,1053
2026-06-25,MGF,"Maringa, Brazil",BOS,1058,1058
2026-06-25,UKB,"Kobe, Japan",LAX,1081,1081
2026-06-25,MJI,"Tripoli, Libya",ATL,1085,1085
2026-06-25,ADZ,"San Andres, Colombia",FLL,1093,1093
2026-06-25,PEG,"Perugia, Italy",ORD,1096,1096
2026-06-25,HGA,"Hargeisa, Somalia",ATL,1143,1143
2026-06-25,NGO,"Tokoname, Japan",CLT,1167,1167
2026-06-25,SCO,"Aktau, Kazakhstan",ORD,1179,1179
2026-06-25,PFO,"Paphos, Cyprus",PDX,1193,1193
2026-06-25,CRL,"Brussels, Belgium",DFW,1201,1201
2026-06-25,SJZ,"Velas, Portugal",SFO,1222,1222
2026-06-25,WEH,"Weihai, China",SEA,1240,1240
2026-06-25,MOC,"Montes Claros, Brazil",MSP,1257,1257
2026-06-25,ORN,"Oran, Algeria",RDU,1272,1272
2026-06-25,LGK,"Langkawi, Malaysia",ORD,1289,1289
2026-06-25,NEV,"Charlestown, Saint Kitts and Nevis",STL,1344,1344
2026-06-25,BDS,"Brindisi, Italy",DTW,1352,1352
2026-06-25,XIY,"Xianyang, China",CVG,1352,1352
2026-06-25,VLN,"Valencia, Venezuela",DFW,1357,1357
2026-06-25,LEJ,"Leipzig, Germany",ANC,1382,1382
2026-06-25,APW,"Apia, Samoa",PHX,1399,1399
2026-06-25,BLA,"Barcelona, Venezuela",BOS,1445,1445
2026-06-25,TSN,"Tianjin, China",PHX,1474,1474
2026-06-25,CEI,"Chiang Rai, Thailand",IAH,1476,1476
2026-06-25,KKN,"Kirkenes, Norway",ORD,1500,1500
2026-06-25,SPR,SPR,MIA,1565,1565
2026-06-25,MQM,"Mardin, Türkiye",BOS,1659,1659
2026-06-25,CJU,"Jeju City, South Korea",CLT,1663,1663
2026-06-25,WDH,"Windhoek, Namibia",MIA,1689,1687
2026-06-25,KRS,"Kjevik, Norway",BNA,1765,1765
2026-06-25,BLZ,"Blantyre, Malawi",CMH,1841,1841
2026-06-25,KGF,"Karaganda, Kazakhstan",MIA,2007,2007
2026-06-25,URA,"Uralsk, Kazakhstan",MSP,2011,2011
2026-06-25,OSS,"Osh, Kyrgyzstan",DFW,2151,2151
2026-06-25,FBM,"Lubumbashi, Congo",IND,2238,2238
2026-06-25,YKF,"Waterloo, Canada",MDW,2265,2265
2026-06-25,BAX,"Barnaul, Russia",MIA,2311,2311
2026-06-25,YBP,"Yibin, China",DFW,2384,2384
2026-06-25,LBD,"Khudzhand, Tajikistan",DFW,2441,2441
2026-06-25,NGS,"Nagasaki, Japan",ATL,2575,2575
2026-06-25,MGQ,"Mogadishu, Somalia",SEA,2596,2596
2026-06-25,ASF,"Astrakhan, Russia",BOS,2740,2740
2026-06-25,IKU,"Tamchy, Kyrgyzstan",PDX,2946,2946
2026-06-25,GVN,"Sovetskaya Gavan, Russia",SNA,3142,3142
2026-06-25,ITU,ITU,ATL,3316,3316
2026-06-25,URC,"Urumqi, China",SNA,4838,4838
2026-06-25,SDQ,"Santo Domingo, Dom. Rep.",EWR,190,189
2026-06-25,SAL,San Salvador,LGA,187,186
2026-06-25,FCO,"Rome, Italy",LAX,460,456
2026-06-25,ATH,"Athens, Greece",JFK,533,526
2026-06-25,LIS,"Lisbon, Portugal",JFK,614,609
2026-06-25,CAI,"Cairo, Egypt",IAD,634,628
2026-06-25,OTP,"Bucharest, Romania",MIA,670,665
2026-06-25,FLR,"Florence, Italy",BOS,764,759
2026-06-25,DPS,"Bali, Indonesia",SEA,815,806
2026-06-25,HKT,"Phuket, Thailand",LAX,768,763
2026-06-25,NCE,"Nice, France",MIA,772,762
2026-06-25,ICN,"Seoul, South Korea",SFO,672,668
2026-06-25,COK,"Kochi, India",MIA,1167,1152
2026-06-25,CPT,"Cape Town, S. Africa",ORD,1254,1247
2026-06-25,TPE,"Taipei, Taiwan",ORD,731,721
2026-06-25,PPT,"Papeete, Tahiti",SFO,821,813
2026-06-25,USM,"Koh Samui, Thailand",DFW,1548,1534
2026-06-25,SSA,"Salvador, Brazil",MSY,1095,1079
2026-06-25,CNX,"Chiang Mai, Thailand",SFO,1769,1754
2026-06-25,ORY,"Paris, France",JFK,474,469
2026-06-25,UFA,"Ufa, Russia",BOS,1415,1405
2026-06-25,TQO,"Tulum, Mexico",LGA,411,408
2026-06-25,FIH,"Kinshasa, Congo",DFW,914,906
2026-06-25,DYU,"Dushanbe, Tajikistan",ORD,1282,1272
2026-06-25,VCP,"Campinas, Brazil",FLL,604,597
2026-06-25,GOT,"Gothenburg, Sweden",SEA,707,698
2026-06-25,NLU,"Reyes Acozac, Mexico",LAX,278,275
2026-06-25,DLA,"Douala, Cameroon",DTW,1246,1233
2026-06-25,CAP,"Cap Haitien, Haiti",FLL,622,616
2026-06-25,MRV,"Mineralnyye Vody, Russia",MIA,1680,1662
2026-06-25,SLP,"San Luis Potosi, Mexico",DFW,441,435
2026-06-25,BPS,"Porto Seguro, Brazil",PHL,1037,1025
2026-06-25,ADB,"Izmir, Türkiye",IAD,910,901
2026-06-25,HER,"Heraklion, Greece",BOS,950,938
2026-06-25,SVG,"Stavanger, Norway",ATL,883,871
2026-06-25,JMK,"Mykonos Island, Greece",LAX,966,954
2026-06-25,UGC,"Urgench, Uzbekistan",ORD,1321,1309
2026-06-25,NJF,"Najaf, Iraq",MSP,1445,1428
2026-06-25,CSX,"Changsha, China",CLT,1919,1900
2026-06-25,SJU,"San Juan, Puerto Rico",TPA,145,142
2026-06-25,BKK,"Bangkok, Thailand",SFO,662,651
2026-06-25,FLN,"Florianopolis, Brazil",BOS,971,950
2026-06-25,SIN,Singapore,SFO,678,663
2026-06-25,EBL,"Arbil, Iraq",SAN,921,904
2026-06-25,TIA,"Tirana, Albania",JFK,531,519
2026-06-25,BJM,"Bujumbura, Burundi",LAX,1053,1030
2026-06-25,LTN,"London, UK",LGA,787,769
2026-06-25,SNU,"Santa Clara, Cuba",MIA,362,356
2026-06-25,GYN,"Goiania, Brazil",BNA,907,893
2026-06-25,SKG,"Thessaloniki, Greece",DTW,671,655
2026-06-25,YDF,"Deer Lake, Canada",IND,751,735
2026-06-25,OGZ,"Beslan, Russia",CLT,1683,1655
2026-06-25,BPN,"Balikpapan, Borneo Island, Indonesia",CLT,1970,1932
2026-06-25,MDE,"Medellin, Colombia",FLL,252,245
2026-06-25,BOG,"Bogota, Colombia",AUS,271,262
2026-06-25,BGI,"Bridgetown, Barbados",DCA,457,443
2026-06-25,LOS,"Lagos, Nigeria",IND,925,902
2026-06-25,CNF,"Belo Horizonte, Brazil",BOS,429,417
2026-06-25,SKP,"Skopje, North Macedonia",CVG,711,687
2026-06-25,AEP,"Buenos Aires, Argentina",MIA,627,609
2026-06-25,VRN,"Verona, Italy",BOS,824,803
2026-06-25,PLS,"Providenciales, Turks",JFK,436,421
2026-06-25,MAA,"Chennai, India",ORD,1097,1057
2026-06-25,OKA,"Okinawa, Japan",SFO,979,943
2026-06-25,QRO,"Queretaro, Mexico",RDU,279,267
2026-06-25,HYD,"Hyderabad, India",ORD,988,954
2026-06-25,CUE,"Cuenca, Ecuador",ATL,570,548
2026-06-25,VXE,"Sao Pedro, Cabo Verde",BOS,1416,1361
2026-06-25,CEK,"Chelyabinsk, Russia",IAH,1735,1674
2026-06-25,ASU,"Asuncion, Paraguay",MIA,908,869
2026-06-25,GOX,"Mopa, India",SNA,1767,1702
2026-06-25,CFU,"Kerkyra Island, Greece",MSY,1000,959
2026-06-25,MPM,"Maputo, Mozambique",MSP,2405,2318
2026-06-25,UIO,"Quito, Ecuador",JFK,343,328
2026-06-25,CGK,"Jakarta, Indonesia",PHX,1291,1230
2026-06-25,SVQ,"Seville, Spain",STL,1069,1015
2026-06-25,CRK,"Angeles City, Philippines",LAX,914,870
2026-06-25,JNB,"Johannesburg, S. Africa",IAH,921,863
2026-06-25,GGT,"George Town, Bahamas",MIA,558,523
2026-06-25,ABJ,"Abidjan, Côte d'Ivoire",IAH,2173,2030
2026-06-25,BGO,"Bergen, Norway",PHL,738,691
2026-06-25,BCN,"Barcelona, Spain",JFK,544,502
2026-06-25,GDL,"Guadalajara, Mexico",LAX,266,246
2026-06-25,CXR,"Nha Trang, Vietnam",ORD,1158,1075
2026-06-25,PNQ,"Pune, India",CVG,1779,1640
2026-06-25,KUT,"Kutaisi, Georgia",OAK,1804,1672
2026-06-25,SVD,"Argyle, Saint Vincent and the Grenadines",EWR,440,396
2026-06-25,DOM,"Marigot, Dominica",MIA,911,823
2026-06-25,SJO,"San Jose, Costa Rica",MIA,237,209
2026-06-25,CMN,"Casablanca, Morocco",JFK,622,546
2026-06-25,SJD,"Los Cabos, Mexico",LAX,311,268
2026-06-25,GLA,"Glasgow, Scotland",MDW,826,710
2026-06-25,RBA,"Rabat, Morocco",ORD,841,712
2026-06-25,GUA,Guatemala City,MIA,237,198
2026-06-25,CUL,"Culiacan, Mexico",SEA,619,514
2026-06-25,XPL,"Comayagua, Honduras",DFW,432,358
2026-06-25,ISB,"Islamabad, Pakistan",IAD,819,631
2026-06-25,CKG,"Chongqing, China",ORD,1163,893
2026-06-25,CMB,"Colombo, Sri Lanka",ORD,1504,1136
2026-06-25,FPO,"Freeport, Bahamas",IAH,606,460
2026-06-25,BOB,"Motu Mute, French Polynesia",CMH,1671,1237
2026-06-25,AUA,Aruba,BWI,381,263
2026-06-25,IKT,"Irkutsk, Russia",SLC,2127,1471
2026-06-25,BSB,"Brasilia, Brazil",MIA,573,393
2026-06-25,UKK,"Ust Kamenogorsk, Kazakhstan",CLT,2006,1320
2026-06-25,DLM,"Dalaman, Türkiye",SEA,2121,1396
2026-06-25,UUS,"Yuzhno-Sakhalinsk, Russia",DFW,2143,1210
2026-06-25,NBC,"Nizhnekamsk, Russia",ATL,2344,1200
2026-06-25,DGO,"Durango, Mexico",DFW,455,673
2026-06-25,ZIH,"Ixtapa, Mexico",DEN,501,712
2026-06-25,SPX,"Giza, Egypt",IAD,2097,2936
2026-06-25,TBU,"Nuku'alofa, Tonga",SFO,887,1120
2026-06-25,HAM,"Hamburg, Germany",BOS,512,624
2026-06-25,SJJ,"Sarajevo, Bosnia and Herzegovina",ATL,639,766
2026-06-25,GIG,"Rio de Janeiro, Brazil",TPA,366,429
2026-06-25,NAN,"Nadi, Fiji",DFW,591,696
2026-06-25,CIA,"Roma, Italy",JFK,645,754
2026-06-25,IBZ,"Ibiza, Spain",BOS,681,789
2026-06-25,STN,"London, UK",SEA,580,663
2026-06-25,ZIA,"Zhukovsky, Russia",DFW,1283,1481
2026-06-25,ABV,"Abuja, Nigeria",DFW,1480,1703
2026-06-25,LFW,"Lome, Togo",ATL,976,1101
2026-06-25,PUJ,"Punta Cana, Dom. Rep.",MIA,128,142
2026-06-25,PEK,"Beijing, China",SEA,510,566
2026-06-25,SCU,"Santiago, Cuba",MIA,697,774
2026-06-25,VTE,"Vientiane, Laos",SEA,1148,1275
2026-06-25,VLC,"Valencia, Spain",IAD,603,661
2026-06-25,REC,"Recife, Brazil",MIA,771,851
2026-06-25,HND,"Tokyo, Japan",LAX,689,759
2026-06-25,OUA,"Ouagadougou, Burkina Faso",JFK,654,717
2026-06-25,TAM,"Tampico, Mexico",ATL,591,646
2026-06-25,BLR,"Bangalore, India",IAD,879,953
2026-06-25,YEG,"Edmonton, Canada",SLC,274,297
2026-06-25,FRA,"Frankfurt, Germany",JFK,481,516
2026-06-25,CAN,"Guangzhou, China",LAX,596,638
2026-06-25,RUH,"Riyadh, Saudi Arabia",IAD,1048,1125
2026-06-25,AXA,"The Valley, Anguilla",MIA,647,697
2026-06-25,COO,"Cotonou, Benin",IAH,1110,1195
2026-06-25,POS,"Port of Spain, Trinidad",FLL,296,314
2026-06-25,CTG,"Cartagena, Colombia",FLL,223,237
2026-06-25,TGD,"Podgorica, Montenegro",ORD,559,596
2026-06-25,LIN,"Milan, Italy",CLT,721,770
2026-06-25,ESB,"Ankara, Türkiye",IAD,894,948
2026-06-25,IAS,"Iasi, Romania",EWR,702,748
2026-06-25,TLL,"Tallinn, Estonia",EWR,533,559
2026-06-25,MNL,"Manila, Philippines",LAX,495,520
2026-06-25,BDA,"Hamilton, Bermuda",EWR,329,348
2026-06-25,AGU,"Aguascalientes, Mexico",DFW,386,405
2026-06-25,BIM,"South Bimini, Bahamas",IND,394,413
2026-06-25,GYE,"Guayaquil, Ecuador",JFK,234,244
2026-06-25,MAD,"Madrid, Spain",EWR,397,414
2026-06-25,HAV,"Havana, Cuba",MIA,184,191
2026-06-25,COR,"Cordoba, Argentina",MIA,571,595
2026-06-25,GCM,Grand Cayman,IAD,383,395
2026-06-25,BER,"Berlin, Germany",JFK,583,603
2026-06-25,ZRH,"Zurich, Switzerland",BWI,577,595
2026-06-25,ACC,"Accra, Ghana",IAD,954,985
2026-06-25,KUL,"Kuala Lumpur, Malaysia",SFO,702,721
2026-06-25,MEL,"Melbourne, Australia",DTW,981,1010
2026-06-25,UBN,"Ulaanbaatar, Mongolia",ORD,786,813
2026-06-25,VIX,"Vitoria, Brazil",BOS,596,613
2026-06-25,CZM,"Cozumel, Mexico",DFW,583,604
2026-06-25,PTY,"Panama City, Panama",JFK,269,274
2026-06-25,VNO,"Vilnius, Lithuania",EWR,524,533
2026-06-25,RIX,"Riga, Latvia",JFK,542,553
2026-06-25,NBO,"Nairobi, Kenya",IAD,722,733
2026-06-25,DOH,"Doha, Qatar",IAD,1501,1529
2026-06-25,CEB,"Cebu, Philippines",LAX,591,605
2026-06-25,MLE,"Male, Maldives",MSY,917,939
2026-06-25,GVA,"Geneva, Switzerland",MCO,477,488
2026-06-25,SYD,"Sydney, Australia",LAX,741,760
2026-06-25,STI,"Santiago, Dominican Republic",EWR,197,200
2026-06-25,RMO,"Chișinău, Moldova",EWR,579,591
2026-06-25,YTZ,"Toronto, Canada",ORD,195,198
2026-06-25,MSQ,"Minsk, Belarus",IAD,1471,1500
2026-06-25,POP,"Puerto Plata, Dominican Republic",BOS,413,421
2026-06-25,CLO,"Cali, Colombia",MCO,234,240
2026-06-25,MTY,"Monterrey, Mexico",DFW,176,179
2026-06-25,SHJ,"Sharjah, UAE",SEA,793,813
2026-06-25,PDL,"Ponta Delgada, Portugal",BOS,610,623
2026-06-25,TGZ,"Tuxtla Gutierrez, Mexico",IAH,426,433
2026-06-25,CUZ,"Cusco, Peru",BWI,858,879
2026-06-25,ROR,"Babelthuap Island, Palau",HNL,2380,2424
2026-06-25,MEX,"Mexico City, Mexico",IAH,165,166
2026-06-25,UVF,St. Lucia,JFK,499,505
2026-06-25,YYZ,"Toronto, Canada",FLL,203,206
2026-06-25,AGP,"Malaga, Spain",JFK,579,583
2026-06-25,BEG,"Belgrade, Serbia",JFK,662,671
2026-06-25,EVN,"Yerevan, Armenia",BOS,727,733
2026-06-25,HRG,"Hurghada, Egypt",LAX,973,981
2026-06-25,CGN,"Cologne, Germany",ORD,836,844
2026-06-25,SVO,"Moscow, Russia",MIA,1145,1157
2026-06-25,VKO,"Moscow, Russia",IAD,1157,1166
2026-06-25,BSZ,"Bishkek, Kyrgyzstan",ORD,1025,1036
2026-06-25,KTI,"Krong Ta Khmau, Cambodia",LAX,735,739
2026-06-25,BRI,"Bari, Italy",IAD,774,780
2026-06-25,YQB,"Quebec City, Canada",SAN,457,460
2026-06-25,RAI,"Praia, Cabo Verde",BOS,891,896
2026-06-25,FNC,"Funchal, Portugal",SFO,1113,1120
2026-06-25,WMI,"Warsaw, Poland",ORD,679,684
2026-06-25,TFU,"Tianfu, China",DCA,1649,1671
2026-06-25,HOR,"Horta, Portugal",BOS,797,803
2026-06-25,SID,"Espargos, Cabo Verde",FLL,1422,1432
2026-06-25,STW,"Stavropol, Russia",SFO,2361,2376
2026-06-25,KIN,"Kingston, Jamaica",JFK,246,246
2026-06-25,MBJ,"Montego Bay, Jamaica",TPA,217,217
2026-06-25,CUN,"Cancun, Mexico",ATL,166,166
2026-06-25,NAS,"Nassau, Bahamas",MIA,266,266
2026-06-25,ARN,"Stockholm, Sweden",JFK,408,410
2026-06-25,YVR,"Vancouver, Canada",LAX,163,163
2026-06-25,CUR,Curacao,EWR,345,345
2026-06-25,YYC,"Calgary, Canada",SAN,270,269
2026-06-25,VIE,"Vienna, Austria",JFK,459,459
2026-06-25,OSL,"Oslo, Norway",JFK,465,464
2026-06-25,BUD,"Budapest, Hungary",EWR,483,483
2026-06-25,CDG,"Paris, France",EWR,464,464
2026-06-25,DUB,"Dublin, Ireland",ORD,458,457
2026-06-25,LIM,"Lima, Peru",MIA,397,397
2026-06-25,SXM,St. Maarten,LGA,468,467
2026-06-25,AMS,"Amsterdam, Netherlands",JFK,527,527
2026-06-25,MXP,"Milan, Italy",SFO,501,501
2026-06-25,MGA,"Managua, Nicaragua",MIA,299,299
2026-06-25,ANU,Antigua,JFK,538,538
2026-06-25,DXB,"Dubai, UAE",JFK,550,550
2026-06-25,WAW,"Warsaw, Poland",IAD,470,470
2026-06-25,IST,"Istanbul, Turkey",JFK,561,561
2026-06-25,CPH,"Copenhagen, Denmark",RDU,466,466
2026-06-25,KRK,"Krakow, Poland",JFK,587,587
2026-06-25,VCE,"Venice, Italy",EWR,587,587
2026-06-25,LHR,"London, UK",BWI,482,482
2026-06-25,OPO,"Porto, Portugal",BOS,568,569
2026-06-25,SOF,"Sofia, Bulgaria",JFK,640,641
2026-06-25,TBS,"Tbilisi, Georgia",JFK,642,642
2026-06-25,HEL,"Helsinki, Finland",MSP,529,528
2026-06-25,MUC,"Munich, Germany",JFK,647,648
2026-06-25,TUN,"Tunis, Tunisia",JFK,658,658
2026-06-25,YUL,"Montreal, Canada",BOS,218,217
2026-06-25,PRG,"Prague, Czechia",LAX,581,581
2026-06-25,SSH,"Sharm El Sheikh, Egypt",EWR,667,667
2026-06-25,GRU,"Sao Paulo, Brazil",MIA,446,444
2026-06-25,GND,Grenada,MIA,674,674
2026-06-25,KEF,"Reykjavik, Iceland",ORD,394,394
2026-06-25,RAK,"Marrakech, Morocco",BOS,628,628
2026-06-25,NAP,"Naples, Italy",LAX,743,743
2026-06-25,BOM,"Mumbai, India",BOS,854,854
2026-06-25,BRU,"Brussels, Belgium",BWI,528,527
2026-06-25,ADD,"Addis Ababa, Ethiopia",BOS,966,966
2026-06-25,JED,"Jeddah, Saudi Arabia",ORD,722,722
2026-06-25,SGN,"Ho Chi Minh, Vietnam",LAX,618,616
2026-06-25,GYD,"Baku, Azerbaijan",IAD,946,946
2026-06-25,HKG,Hong Kong,SFO,634,634
2026-06-25,KTM,"Kathmandu, Nepal",HNL,1066,1066
2026-06-25,BZE,"Belize City, Belize",IAD,334,334
2026-06-25,STT,"St. Thomas, USVI",MIA,389,389
2026-06-25,EZE,"Buenos Aires, Argentina",AUS,529,529
2026-06-25,MAN,"Manchester, UK",IAD,686,686
2026-06-25,DEL,"Delhi, India",IAD,783,783
2026-06-25,PVG,"Shanghai, China",LAX,617,617
2026-06-25,NRT,"Tokyo, Japan",HNL,644,644
2026-06-25,LIR,"Liberia, Costa Rica",PDX,338,338
2026-06-25,DBV,"Dubrovnik, Croatia",ATL,617,617
2026-06-25,BLQ,"Bologna, Italy",ATL,648,648
2026-06-25,ZAG,"Zagreb, Croatia",CLE,668,668
2026-06-25,SCL,"Santiago, Chile",MCO,355,355
2026-06-25,EDI,"Edinburgh, Scotland",ORD,673,673
2026-06-25,FOR,"Fortaleza, Brazil",MIA,753,751
2026-06-25,ZNZ,"Zanzibar, Tanzania",ORD,918,918
2026-06-25,MBA,"Mombasa, Kenya",ATL,1339,1339
2026-06-25,DAD,"Da Nang, Vietnam",SFO,743,744
2026-06-25,GOI,"Goa, India",ATL,2295,2295
2026-06-25,AUH,"Abu Dhabi, UAE",MIA,912,912
2026-06-25,BNE,"Brisbane, Australia",LAX,718,718
2026-06-25,HAN,"Hanoi, Vietnam",LAX,786,786
2026-06-25,AKL,"Auckland, New Zealand",DFW,701,701
2026-06-25,MRS,"Marseille, France",ORD,765,765
2026-06-25,FAO,"Faro, Portugal",ORD,906,906
2026-06-25,KIX,"Osaka, Japan",LAX,861,861
2026-06-25,BAH,Bahrain,DTW,1102,1102
2026-06-25,TGU,"Tegucigalpa, Honduras",RDU,932,932
2026-06-25,KWI,Kuwait City,DEN,1115,1115
2026-06-25,LYS,"Lyon, France",LAX,1061,1061
2026-06-25,ZQN,"Queenstown, NZ",IND,1606,1606
2026-06-25,TAS,"Tashkent, Uzbekistan",LAX,743,740
2026-06-25,LED,"St. Petersburg, Russia",IAD,1211,1211
2026-06-25,SAW,"Istanbul, Türkiye",JFK,662,665
2026-06-25,ALA,"Almaty, Kazakhstan",LAX,797,797
2026-06-25,BUS,"Batumi, Georgia",IAD,913,917
2026-06-25,NQZ,"Astana, Kazakhstan",IAH,1134,1131
2026-06-25,DME,"Moscow, Russia",ORD,1215,1215
2026-06-25,LGW,"London, UK",MCO,391,391
2026-06-25,AYT,"Antalya, Türkiye",BOS,705,705
2026-06-25,TIV,"Tivat, Montenegro",SEA,975,975
2026-06-25,BJX,"Silao, Mexico",IAH,249,249
2026-06-25,SKD,"Samarkand, Uzbekistan",IAD,1047,1050
2026-06-25,SAP,"La Mesa, Honduras",MIA,268,268
2026-06-25,KZN,"Kazan, Russia",FLL,1390,1386
2026-06-25,PVR,"Puerto Vallarta, Mexico",LAX,315,314
2026-06-25,LHE,"Lahore, Pakistan",SFO,780,780
2026-06-25,FOC,"Fuzhou, China",IAD,1056,1056
2026-06-25,MLM,"Morelia, Mexico",LAX,236,236
2026-06-25,PMI,"Palma De Mallorca, Spain",ATL,644,643
2026-06-25,BGW,"Baghdad, Iraq",ORD,823,823
2026-06-25,SVX,"Yekaterinburg, Russia",SEA,1508,1508
2026-06-25,TLC,"Toluca, Mexico",IAH,250,250
2026-06-25,VVI,"Santa Cruz, Bolivia",IAD,710,710
2026-06-25,CCS,"Caracas, Venezuela",MIA,422,422
2026-06-25,BVA,"Beauvais/Tille, France",JFK,620,620
2026-06-25,KBL,"Kabul, Afghanistan",IAD,861,861
2026-06-25,PRN,Lipjan,IAD,684,684
2026-06-25,OVB,"Novosibirsk, Russia",DEN,1552,1552
2026-06-25,ROB,"Monrovia, Liberia",PHL,1367,1372
2026-06-25,OAX,"Oaxaca, Mexico",LAX,207,207
2026-06-25,BAQ,"Barranquilla, Colombia",MIA,258,258
2026-06-25,GEO,"Georgetown, Guyana",MIA,330,330
2026-06-25,ALC,"Alicante, Spain",BOS,609,607
2026-06-25,KHI,"Karachi, Pakistan",JFK,649,649
2026-06-25,AER,"Sochi, Russia",MIA,1151,1151
2026-06-25,MID,"Merida, Mexico",OAK,323,323
2026-06-25,POA,"Porto Alegre, Brazil",BOS,716,714
2026-06-25,DAC,"Dhaka, Bangladesh",ATL,857,857
2026-06-25,AMD,"Ahmedabad, India",IAD,929,932
2026-06-25,GZP,"Gazipasa, Türkiye",BWI,1074,1079
2026-06-25,SNN,"Shannon, Ireland",EWR,630,633
2026-06-25,SDU,"Rio De Janeiro, Brazil",EWR,695,696
2026-06-25,MED,"Medina, Saudi Arabia",ORD,854,854
2026-06-25,DAR,"Dar es Salaam, Tanzania",IAD,939,939
2026-06-25,ISU,"Sulaymaniyah, Iraq",DCA,1143,1139
2026-06-25,MZT,"Mazatlan, Mexico",SAT,368,368
2026-06-25,RTB,"Roatan Island, Honduras",JFK,616,616
2026-06-25,ALG,"Algiers, Algeria",BOS,750,753
2026-06-25,PUQ,"Punta Arenas, Chile",BOS,1025,1025
2026-06-25,SEZ,"Mahe Island, Seychelles",ORD,1403,1403
2026-06-25,MVD,"Montevideo, Uruguay",IAD,476,476
2026-06-25,HOG,"Holguin, Cuba",SAT,517,517
2026-06-25,EBB,"Kampala, Uganda",ATL,808,808
2026-06-25,SYX,"Sanya, China",LAX,900,900
2026-06-25,RHO,"Rodes Island, Greece",LAX,925,928
2026-06-25,BJV,"Bodrum, Türkiye",ORD,982,982
2026-06-25,KTW,"Katowice, Poland",MSP,1292,1291
2026-06-25,VER,"Veracruz, Mexico",DFW,345,345
2026-06-25,PEI,"Pereira, Colombia",MCO,459,459
2026-06-25,HHN,"Hahn, Germany",IAD,754,755
2026-06-25,LCA,"Larnarca, Cyprus",ORD,964,967
2026-06-25,CGR,"Campo Grande, Brazil",BWI,1172,1172
2026-06-25,HRE,"Harare, Zimbabwe",ORD,1280,1280
2026-06-25,FNA,"Freetown, Sierra Leone",IAH,1407,1407
2026-06-25,NSI,"Yaounde, Cameroon",DFW,1414,1411
2026-06-25,VVO,"Vladivostok, Russia",SEA,1510,1510
2026-06-25,KUF,"Samara, Russia",AUS,1661,1661
2026-06-25,KHV,"Khabarovsk, Russia",MIA,2438,2436
2026-06-25,YXE,"Saskatoon, Canada",LGA,507,507
2026-06-25,CWB,"Curitiba, Brazil",CLT,630,630
2026-06-25,PKX,"Beijing, China",LAX,669,669
2026-06-25,BOJ,"Burgas, Bulgaria",MIA,905,905
2026-06-25,CGH,"Sao Paulo, Brazil",MIA,698,697
2026-06-25,XMN,"Xiamen, China",SFO,739,739
2026-06-25,BSR,"Basrah, Iraq",PDX,942,942
2026-06-25,MDZ,"Mendoza, Argentina",MDW,1013,1013
2026-06-25,PQC,"Duong Dong, Vietnam",ORD,1092,1092
2026-06-25,YHM,"Hamilton, Canada",FLL,243,243
2026-06-25,CTM,"Chetumal, Mexico",IAH,348,348
2026-06-25,YWG,"Winnipeg, Canada",LGA,427,425
2026-06-25,MHH,"Marsh Harbour, Bahamas",FLL,449,449
2026-06-25,CMW,"Camaguey, Cuba",AUS,489,489
2026-06-25,TPP,"Tarapoto, Peru",MIA,538,538
2026-06-25,BGY,"Bergamo, Italy",BOS,599,599
2026-06-25,GDN,"Gdańsk, Poland",JFK,612,612
2026-06-25,SKB,"Basseterre, Saint Kitts and Nevis",JFK,619,619
2026-06-25,BON,"Kralendijk, Bonaire",ATL,631,630
2026-06-25,LTO,"Loreto, Mexico",DFW,632,632
2026-06-25,OLB,"Olbia, Italy",IAD,701,701
2026-06-25,MLA,"Luqa, Malta",ORD,730,730
2026-06-25,PVK,"Preveza/Lefkada, Greece",BOS,742,742
2026-06-25,HAK,"Haikou, China",SFO,878,878
2026-06-25,CCU,"Kolkata, India",IAD,1013,1013
2026-06-25,SOU,"Southampton, UK",IAD,1045,1045
2026-06-25,PZU,"Port Sudan, Sudan",SFO,1072,1072
2026-06-25,RMI,"Rimini, Italy",DCA,1092,1092
2026-06-25,TSR,"Timisoara, Romania",IAD,1175,1175
2026-06-25,LLW,"Lilongwe, Malawi",ORD,1263,1258
2026-06-25,KSN,"Kostanay, Kazakhstan",MIA,1316,1316
2026-06-25,LPB,"La Paz / El Alto, Bolivia",BWI,1378,1378
2026-06-25,DSS,"Diass, Senegal",CLT,1387,1387
2026-06-25,KRR,"Krasnodar, Russia",DFW,1412,1412
2026-06-25,DUR,"Durban, South Africa",IAD,1415,1412
2026-06-25,PHC,"Port Harcourt, Nigeria",IAH,1687,1687
2026-06-25,LUN,"Lusaka, Zambia",IAD,1944,1944
2026-06-25,MCX,"Makhachkala, Russia",SFO,2019,2019
2026-06-25,MAR,"Maracaibo, Venezuela",MIA,279,279
2026-06-25,TIJ,"Tijuana, Mexico",LAX,296,296
2026-06-25,YOW,"Ottawa, Canada",CMH,401,401
2026-06-25,BGA,"Bucaramanga, Colombia",JFK,548,548
2026-06-25,YXY,"Whitehorse, Canada",BNA,605,605
2026-06-25,AXM,"Armenia, Colombia",JFK,640,640
2026-06-25,NUE,"Nuremberg, Germany",MIA,801,801
2026-06-25,CGO,"Zhengzhou, China",SFO,806,806
2026-06-25,WUH,"Wuhan, China",SFO,821,821
2026-06-25,RZE,"Rzeszow, Poland",ORD,838,838
2026-06-25,YZF,"Yellowknife, Canada",ORD,862,862
2026-06-25,HBE,"Alexandria, Egypt",BOS,867,867
2026-06-25,XRY,"Jerez de la Forntera, Spain",MIA,910,910
2026-06-25,CBB,"Cochabamba, Bolivia",LAX,953,953
2026-06-25,CUK,"Caye Caulker, Belize",SFO,1003,1003
2026-06-25,VRA,"Varadero, Cuba",SFO,1007,1007
2026-06-25,CLJ,"Cluj-Napoca, Romania",SFO,1035,1035
2026-06-25,COV,"Tarsus, Türkiye",IAH,1173,1173
2026-06-25,IGD,"Igdir, Türkiye",DFW,1203,1203
2026-06-25,PAS,"Paros Island, Greece",MIA,1217,1217
2026-06-25,NBJ,"Luanda, Angola",SEA,1244,1244
2026-06-25,TAO,"Qingdao, China",MIA,1554,1549
2026-06-25,LWN,"Gyumri, Armenia",SFO,1719,1719
2026-06-25,USH,"Ushuahia, Argentina",SFO,1758,1758
2026-06-25,NMA,"Namangan, Uzbekistan",PIT,1807,1807
2026-06-25,KJA,"Krasnoyarsk, Russia",LAS,1960,1960
2026-06-25,UUD,"Ulan Ude, Russia",SEA,2652,2652
2026-06-25,YLW,"Kelowna, Canada",PHX,320,320
2026-06-25,ELH,"North Eleuthera, Bahamas",MIA,379,379
2026-06-25,YHZ,"Halifax, Canada",PHL,402,402
2026-06-25,CUU,"Chihuahua, Mexico",DEN,406,406
2026-06-25,TAB,"Scarborough, Trinidad and Tobago",JFK,518,516
2026-06-25,YHU,"Longueuil, Canada",BWI,532,532
2026-06-25,PBC,"Puebla, Mexico",DEN,542,542
2026-06-25,REX,"Reynosa, Mexico",ORD,575,575
2026-06-25,YXU,"London, Canada",ORD,580,580
2026-06-25,JTR,"Santorini Island, Greece",JFK,595,595
2026-06-25,ZYR,ZYR,LAX,600,600
2026-06-25,EIS,"Road Town, Virgin Islands",MCO,636,636
2026-06-25,AQP,"Arequipa, Peru",MCO,688,688
2026-06-25,CIX,"Chiclayo, Peru",SFO,695,695
2026-06-25,TRF,"Torp, Norway",SFO,721,721
2026-06-25,FMO,"Munster, Germany",DTW,762,762
2026-06-25,TOS,"Tromsø, Norway",MSP,783,783
2026-06-25,PTP,"Pointe-a-Pitre Le Raizet, Guadeloupe",AUS,791,791
2026-06-25,SHE,"Shenyang, China",SFO,813,813
2026-06-25,BOC,"Isla Colon, Panama",DFW,829,829
2026-06-25,CUC,"Cucuta, Colombia",IND,846,846
2026-06-25,PMO,"Palermo, Italy",ORD,851,847
2026-06-25,TER,"Lajes, Portugal",SFO,892,892
2026-06-25,MUX,"Multan, Pakistan",DTW,907,907
2026-06-25,DVO,"Davao City, Philippines",SFO,931,931
2026-06-25,PSA,"Pisa, Italy",BOS,933,933
2026-06-25,PVH,"Porto Velho, Brazil",MCO,948,950
2026-06-25,XSC,"South Caicos Airport, Turks and Caicos Islands",IAH,977,977
2026-06-25,LBA,"Leeds, UK",ATL,983,983
2026-06-25,OGU,"Ordu, Türkiye",BOS,988,988
2026-06-25,SBH,"Gustavia, Saint Barthélemy",MIA,1040,1040
2026-06-25,BKI,"Kota Kinabalu, Malaysia",LAX,1046,1046
2026-06-25,EFL,"Kefallinia Island, Greece",PHX,1053,1053
2026-06-25,MGF,"Maringa, Brazil",BOS,1058,1058
2026-06-25,UKB,"Kobe, Japan",LAX,1081,1081
2026-06-25,MJI,"Tripoli, Libya",ATL,1085,1085
2026-06-25,ADZ,"San Andres, Colombia",FLL,1093,1093
2026-06-25,PEG,"Perugia, Italy",ORD,1096,1096
2026-06-25,HGA,"Hargeisa, Somalia",ATL,1143,1143
2026-06-25,NGO,"Tokoname, Japan",CLT,1167,1167
2026-06-25,SCO,"Aktau, Kazakhstan",ORD,1179,1179
2026-06-25,PFO,"Paphos, Cyprus",PDX,1193,1193
2026-06-25,CRL,"Brussels, Belgium",DFW,1201,1201
2026-06-25,SJZ,"Velas, Portugal",SFO,1222,1222
2026-06-25,WEH,"Weihai, China",SEA,1240,1240
2026-06-25,MOC,"Montes Claros, Brazil",MSP,1257,1257
2026-06-25,ORN,"Oran, Algeria",RDU,1272,1272
2026-06-25,LGK,"Langkawi, Malaysia",ORD,1289,1289
2026-06-25,NEV,"Charlestown, Saint Kitts and Nevis",STL,1344,1344
2026-06-25,BDS,"Brindisi, Italy",DTW,1352,1352
2026-06-25,XIY,"Xianyang, China",CVG,1352,1352
2026-06-25,VLN,"Valencia, Venezuela",DFW,1357,1357
2026-06-25,LEJ,"Leipzig, Germany",ANC,1382,1382
2026-06-25,APW,"Apia, Samoa",PHX,1399,1399
2026-06-25,BLA,"Barcelona, Venezuela",BOS,1445,1445
2026-06-25,TSN,"Tianjin, China",PHX,1474,1474
2026-06-25,CEI,"Chiang Rai, Thailand",IAH,1476,1476
2026-06-25,KKN,"Kirkenes, Norway",ORD,1500,1500
2026-06-25,SPR,SPR,MIA,1565,1565
2026-06-25,MQM,"Mardin, Türkiye",BOS,1659,1659
2026-06-25,CJU,"Jeju City, South Korea",CLT,1663,1663
2026-06-25,WDH,"Windhoek, Namibia",MIA,1689,1687
2026-06-25,KRS,"Kjevik, Norway",BNA,1765,1765
2026-06-25,BLZ,"Blantyre, Malawi",CMH,1841,1841
2026-06-25,KGF,"Karaganda, Kazakhstan",MIA,2007,2007
2026-06-25,URA,"Uralsk, Kazakhstan",MSP,2011,2011
2026-06-25,OSS,"Osh, Kyrgyzstan",DFW,2151,2151
2026-06-25,FBM,"Lubumbashi, Congo",IND,2238,2238
2026-06-25,YKF,"Waterloo, Canada",MDW,2265,2265
2026-06-25,BAX,"Barnaul, Russia",MIA,2311,2311
2026-06-25,YBP,"Yibin, China",DFW,2384,2384
2026-06-25,LBD,"Khudzhand, Tajikistan",DFW,2441,2441
2026-06-25,NGS,"Nagasaki, Japan",ATL,2575,2575
2026-06-25,MGQ,"Mogadishu, Somalia",SEA,2596,2596
2026-06-25,ASF,"Astrakhan, Russia",BOS,2740,2740
2026-06-25,IKU,"Tamchy, Kyrgyzstan",PDX,2946,2946
2026-06-25,GVN,"Sovetskaya Gavan, Russia",SNA,3142,3142
2026-06-25,ITU,ITU,ATL,3316,3316
2026-06-25,URC,"Urumqi, China",SNA,4838,4838
2026-06-25,SDQ,"Santo Domingo, Dom. Rep.",EWR,190,189
2026-06-25,SAL,San Salvador,LGA,187,186
2026-06-25,FCO,"Rome, Italy",LAX,460,457
2026-06-25,ATH,"Athens, Greece",JFK,533,527
2026-06-25,LIS,"Lisbon, Portugal",JFK,614,610
2026-06-25,CAI,"Cairo, Egypt",IAD,634,629
2026-06-25,OTP,"Bucharest, Romania",MIA,670,665
2026-06-25,FLR,"Florence, Italy",BOS,764,759
2026-06-25,DPS,"Bali, Indonesia",SEA,815,806
2026-06-25,HKT,"Phuket, Thailand",LAX,768,763
2026-06-25,NCE,"Nice, France",MIA,772,763
2026-06-25,ICN,"Seoul, South Korea",SFO,672,668
2026-06-25,COK,"Kochi, India",MIA,1167,1153
2026-06-25,CPT,"Cape Town, S. Africa",ORD,1254,1247
2026-06-25,TPE,"Taipei, Taiwan",ORD,731,721
2026-06-25,PPT,"Papeete, Tahiti",SFO,821,814
2026-06-25,USM,"Koh Samui, Thailand",DFW,1548,1535
2026-06-25,SSA,"Salvador, Brazil",MSY,1095,1080
2026-06-25,CNX,"Chiang Mai, Thailand",SFO,1769,1755
2026-06-25,ORY,"Paris, France",JFK,474,470
2026-06-25,UFA,"Ufa, Russia",BOS,1415,1405
2026-06-25,TQO,"Tulum, Mexico",LGA,411,408
2026-06-25,FIH,"Kinshasa, Congo",DFW,914,907
2026-06-25,DYU,"Dushanbe, Tajikistan",ORD,1282,1272
2026-06-25,VCP,"Campinas, Brazil",FLL,604,597
2026-06-25,GOT,"Gothenburg, Sweden",SEA,707,698
2026-06-25,NLU,"Reyes Acozac, Mexico",LAX,278,276
2026-06-25,DLA,"Douala, Cameroon",DTW,1246,1233
2026-06-25,CAP,"Cap Haitien, Haiti",FLL,622,616
2026-06-25,GYN,"Goiania, Brazil",BNA,907,894
2026-06-25,MRV,"Mineralnyye Vody, Russia",MIA,1680,1662
2026-06-25,SLP,"San Luis Potosi, Mexico",DFW,441,435
2026-06-25,BPS,"Porto Seguro, Brazil",PHL,1037,1025
2026-06-25,ADB,"Izmir, Türkiye",IAD,910,902
2026-06-25,HER,"Heraklion, Greece",BOS,950,938
2026-06-25,SVG,"Stavanger, Norway",ATL,883,872
2026-06-25,JMK,"Mykonos Island, Greece",LAX,966,954
2026-06-25,UGC,"Urgench, Uzbekistan",ORD,1321,1309
2026-06-25,NJF,"Najaf, Iraq",MSP,1445,1428
2026-06-25,CSX,"Changsha, China",CLT,1919,1901
2026-06-25,SJU,"San Juan, Puerto Rico",TPA,145,142
2026-06-25,MDE,"Medellin, Colombia",FLL,252,246
2026-06-25,BKK,"Bangkok, Thailand",SFO,662,651
2026-06-25,FLN,"Florianopolis, Brazil",BOS,971,951
2026-06-25,LOS,"Lagos, Nigeria",IND,925,903
2026-06-25,SIN,Singapore,SFO,678,663
2026-06-25,EBL,"Arbil, Iraq",SAN,921,904
2026-06-25,TIA,"Tirana, Albania",JFK,531,519
2026-06-25,BJM,"Bujumbura, Burundi",LAX,1053,1031
2026-06-25,LTN,"London, UK",LGA,787,770
2026-06-25,SNU,"Santa Clara, Cuba",MIA,362,356
2026-06-25,VRN,"Verona, Italy",BOS,824,804
2026-06-25,SKG,"Thessaloniki, Greece",DTW,671,655
2026-06-25,YDF,"Deer Lake, Canada",IND,751,736
2026-06-25,OGZ,"Beslan, Russia",CLT,1683,1656
2026-06-25,BPN,"Balikpapan, Borneo Island, Indonesia",CLT,1970,1934
2026-06-25,BOG,"Bogota, Colombia",AUS,271,263
2026-06-25,BGI,"Bridgetown, Barbados",DCA,457,443
2026-06-25,CNF,"Belo Horizonte, Brazil",BOS,429,417
2026-06-25,HYD,"Hyderabad, India",ORD,988,956
2026-06-25,SKP,"Skopje, North Macedonia",CVG,711,688
2026-06-25,AEP,"Buenos Aires, Argentina",MIA,627,610
2026-06-25,PLS,"Providenciales, Turks",JFK,436,421
2026-06-25,MAA,"Chennai, India",ORD,1097,1059
2026-06-25,OKA,"Okinawa, Japan",SFO,979,944
2026-06-25,QRO,"Queretaro, Mexico",RDU,279,268
2026-06-25,CUE,"Cuenca, Ecuador",ATL,570,549
2026-06-25,VXE,"Sao Pedro, Cabo Verde",BOS,1416,1363
2026-06-25,CEK,"Chelyabinsk, Russia",IAH,1735,1676
2026-06-25,ASU,"Asuncion, Paraguay",MIA,908,871
2026-06-25,GOX,"Mopa, India",SNA,1767,1704
2026-06-25,CFU,"Kerkyra Island, Greece",MSY,1000,960
2026-06-25,MPM,"Maputo, Mozambique",MSP,2405,2321
2026-06-25,UIO,"Quito, Ecuador",JFK,343,328
2026-06-25,CGK,"Jakarta, Indonesia",PHX,1291,1232
2026-06-25,SVQ,"Seville, Spain",STL,1069,1017
2026-06-25,CRK,"Angeles City, Philippines",LAX,914,871
2026-06-25,JNB,"Johannesburg, S. Africa",IAH,921,865
2026-06-25,GGT,"George Town, Bahamas",MIA,558,525
2026-06-25,BGO,"Bergen, Norway",PHL,738,696
2026-06-25,CXR,"Nha Trang, Vietnam",ORD,1158,1078
2026-06-25,ABJ,"Abidjan, Côte d'Ivoire",IAH,2173,2035
2026-06-25,BCN,"Barcelona, Spain",JFK,544,503
2026-06-25,GDL,"Guadalajara, Mexico",LAX,266,247
2026-06-25,PNQ,"Pune, India",CVG,1779,1640
2026-06-25,KUT,"Kutaisi, Georgia",OAK,1804,1677
2026-06-25,DOM,"Marigot, Dominica",MIA,911,836
2026-06-25,SVD,"Argyle, Saint Vincent and the Grenadines",EWR,440,398
2026-06-25,SJO,"San Jose, Costa Rica",MIA,237,210
2026-06-25,CMN,"Casablanca, Morocco",JFK,622,548
2026-06-25,SJD,"Los Cabos, Mexico",LAX,311,269
2026-06-25,GLA,"Glasgow, Scotland",MDW,826,714
2026-06-25,RBA,"Rabat, Morocco",ORD,841,716
2026-06-25,GUA,Guatemala City,MIA,237,200
2026-06-25,CUL,"Culiacan, Mexico",SEA,619,518
2026-06-25,XPL,"Comayagua, Honduras",DFW,432,360
2026-06-25,ISB,"Islamabad, Pakistan",IAD,819,637
2026-06-25,CKG,"Chongqing, China",ORD,1163,903
2026-06-25,FPO,"Freeport, Bahamas",IAH,606,466
2026-06-25,CMB,"Colombo, Sri Lanka",ORD,1504,1149
2026-06-25,BOB,"Motu Mute, French Polynesia",CMH,1671,1252
2026-06-25,AUA,Aruba,BWI,381,268
2026-06-25,IKT,"Irkutsk, Russia",SLC,2127,1494
2026-06-25,BSB,"Brasilia, Brazil",MIA,573,400
2026-06-25,DLM,"Dalaman, Türkiye",SEA,2121,1422
2026-06-25,UKK,"Ust Kamenogorsk, Kazakhstan",CLT,2006,1320
2026-06-25,UUS,"Yuzhno-Sakhalinsk, Russia",DFW,2143,1210
2026-06-25,NBC,"Nizhnekamsk, Russia",ATL,2344,1200
2026-06-25,DGO,"Durango, Mexico",DFW,455,666
2026-06-25,ZIH,"Ixtapa, Mexico",DEN,501,705
2026-06-25,SPX,"Giza, Egypt",IAD,2097,2936
2026-06-25,TBU,"Nuku'alofa, Tonga",SFO,887,1120
2026-06-25,HAM,"Hamburg, Germany",BOS,512,620
2026-06-25,SJJ,"Sarajevo, Bosnia and Herzegovina",ATL,639,761
2026-06-25,NAN,"Nadi, Fiji",DFW,591,693
2026-06-25,GIG,"Rio de Janeiro, Brazil",TPA,366,427
2026-06-25,CIA,"Roma, Italy",JFK,645,750
2026-06-25,ZIA,"Zhukovsky, Russia",DFW,1283,1474
2026-06-25,IBZ,"Ibiza, Spain",BOS,681,785
2026-06-25,ABV,"Abuja, Nigeria",DFW,1480,1695
2026-06-25,STN,"London, UK",SEA,580,660
2026-06-25,LFW,"Lome, Togo",ATL,976,1096
2026-06-25,PEK,"Beijing, China",SEA,510,564
2026-06-25,SCU,"Santiago, Cuba",MIA,697,772
2026-06-25,VTE,"Vientiane, Laos",SEA,1148,1270
2026-06-25,PUJ,"Punta Cana, Dom. Rep.",MIA,128,141
2026-06-25,REC,"Recife, Brazil",MIA,771,848
2026-06-25,HND,"Tokyo, Japan",LAX,689,756
2026-06-25,OUA,"Ouagadougou, Burkina Faso",JFK,654,715
2026-06-25,VLC,"Valencia, Spain",IAD,603,659
2026-06-25,TAM,"Tampico, Mexico",ATL,591,644
2026-06-25,FRA,"Frankfurt, Germany",JFK,481,515
2026-06-25,BLR,"Bangalore, India",IAD,879,950
2026-06-25,RUH,"Riyadh, Saudi Arabia",IAD,1048,1123
2026-06-25,YEG,"Edmonton, Canada",SLC,274,296
2026-06-25,AXA,"The Valley, Anguilla",MIA,647,695
2026-06-25,COO,"Cotonou, Benin",IAH,1110,1192
2026-06-25,POS,"Port of Spain, Trinidad",FLL,296,314
2026-06-25,CTG,"Cartagena, Colombia",FLL,223,236
2026-06-25,CAN,"Guangzhou, China",LAX,596,636
2026-06-25,TGD,"Podgorica, Montenegro",ORD,559,594
2026-06-25,LIN,"Milan, Italy",CLT,721,769
2026-06-25,IAS,"Iasi, Romania",EWR,702,746
2026-06-25,MNL,"Manila, Philippines",LAX,495,519
2026-06-25,BDA,"Hamilton, Bermuda",EWR,329,347
2026-06-25,ESB,"Ankara, Türkiye",IAD,894,946
2026-06-25,GYE,"Guayaquil, Ecuador",JFK,234,244
2026-06-25,MAD,"Madrid, Spain",EWR,397,413
2026-06-25,TLL,"Tallinn, Estonia",EWR,533,558
2026-06-25,HAV,"Havana, Cuba",MIA,184,191
2026-06-25,AGU,"Aguascalientes, Mexico",DFW,386,404
2026-06-25,COR,"Cordoba, Argentina",MIA,571,593
2026-06-25,BIM,"South Bimini, Bahamas",IND,394,412
2026-06-25,GCM,Grand Cayman,IAD,383,395
2026-06-25,BER,"Berlin, Germany",JFK,583,603
2026-06-25,ZRH,"Zurich, Switzerland",BWI,577,594
2026-06-25,ACC,"Accra, Ghana",IAD,954,984
2026-06-25,MEL,"Melbourne, Australia",DTW,981,1009
2026-06-25,UBN,"Ulaanbaatar, Mongolia",ORD,786,812
2026-06-25,VIX,"Vitoria, Brazil",BOS,596,612
2026-06-25,CZM,"Cozumel, Mexico",DFW,583,603
2026-06-25,PTY,"Panama City, Panama",JFK,269,274
2026-06-25,VNO,"Vilnius, Lithuania",EWR,524,533
2026-06-25,RIX,"Riga, Latvia",JFK,542,553
2026-06-25,DOH,"Doha, Qatar",IAD,1501,1528
2026-06-25,KUL,"Kuala Lumpur, Malaysia",SFO,702,720
2026-06-25,CEB,"Cebu, Philippines",LAX,591,605
2026-06-25,MLE,"Male, Maldives",MSY,917,938
2026-06-25,GVA,"Geneva, Switzerland",MCO,477,488
2026-06-25,SYD,"Sydney, Australia",LAX,741,759
2026-06-25,STI,"Santiago, Dominican Republic",EWR,197,200
2026-06-25,RMO,"Chișinău, Moldova",EWR,579,591
2026-06-25,YTZ,"Toronto, Canada",ORD,195,198
2026-06-25,MSQ,"Minsk, Belarus",IAD,1471,1499
2026-06-25,POP,"Puerto Plata, Dominican Republic",BOS,413,421
2026-06-25,CLO,"Cali, Colombia",MCO,234,239
2026-06-25,MTY,"Monterrey, Mexico",DFW,176,179
2026-06-25,SHJ,"Sharjah, UAE",SEA,793,813
2026-06-25,PDL,"Ponta Delgada, Portugal",BOS,610,622
2026-06-25,CUZ,"Cusco, Peru",BWI,858,878
2026-06-25,ROR,"Babelthuap Island, Palau",HNL,2380,2422
2026-06-25,MEX,"Mexico City, Mexico",IAH,165,166
2026-06-25,UVF,St. Lucia,JFK,499,504
2026-06-25,YYZ,"Toronto, Canada",FLL,203,206
2026-06-25,AGP,"Malaga, Spain",JFK,579,583
2026-06-25,BEG,"Belgrade, Serbia",JFK,662,671
2026-06-25,EVN,"Yerevan, Armenia",BOS,727,733
2026-06-25,NBO,"Nairobi, Kenya",IAD,722,732
2026-06-25,HRG,"Hurghada, Egypt",LAX,973,980
2026-06-25,CGN,"Cologne, Germany",ORD,836,844
2026-06-25,SVO,"Moscow, Russia",MIA,1145,1156
2026-06-25,VKO,"Moscow, Russia",IAD,1157,1165
2026-06-25,BSZ,"Bishkek, Kyrgyzstan",ORD,1025,1035
2026-06-25,BRI,"Bari, Italy",IAD,774,780
2026-06-25,YQB,"Quebec City, Canada",SAN,457,460
2026-06-25,RAI,"Praia, Cabo Verde",BOS,891,896
2026-06-25,FNC,"Funchal, Portugal",SFO,1113,1119
2026-06-25,WMI,"Warsaw, Poland",ORD,679,684
2026-06-25,TGZ,"Tuxtla Gutierrez, Mexico",IAH,426,432
2026-06-25,TFU,"Tianfu, China",DCA,1649,1670
2026-06-25,HOR,"Horta, Portugal",BOS,797,802
2026-06-25,SID,"Espargos, Cabo Verde",FLL,1422,1432
2026-06-25,STW,"Stavropol, Russia",SFO,2361,2376
2026-06-25,KIN,"Kingston, Jamaica",JFK,246,246
2026-06-25,MBJ,"Montego Bay, Jamaica",TPA,217,217
2026-06-25,CUN,"Cancun, Mexico",ATL,166,166
2026-06-25,NAS,"Nassau, Bahamas",MIA,266,266
2026-06-25,ARN,"Stockholm, Sweden",JFK,408,409
2026-06-25,YVR,"Vancouver, Canada",LAX,163,163
2026-06-25,CUR,Curacao,EWR,345,345
2026-06-25,YYC,"Calgary, Canada",SAN,270,269
2026-06-25,VIE,"Vienna, Austria",JFK,459,459
2026-06-25,OSL,"Oslo, Norway",JFK,465,464
2026-06-25,BUD,"Budapest, Hungary",EWR,483,483
2026-06-25,CDG,"Paris, France",EWR,464,464
2026-06-25,DUB,"Dublin, Ireland",ORD,458,457
2026-06-25,LIM,"Lima, Peru",MIA,397,397
2026-06-25,SXM,St. Maarten,LGA,468,467
2026-06-25,AMS,"Amsterdam, Netherlands",JFK,527,527
2026-06-25,MXP,"Milan, Italy",SFO,501,501
2026-06-25,MGA,"Managua, Nicaragua",MIA,299,299
2026-06-25,ANU,Antigua,JFK,538,538
2026-06-25,DXB,"Dubai, UAE",JFK,550,550
2026-06-25,WAW,"Warsaw, Poland",IAD,470,470
2026-06-25,IST,"Istanbul, Turkey",JFK,561,561
2026-06-25,CPH,"Copenhagen, Denmark",RDU,466,466
2026-06-25,KRK,"Krakow, Poland",JFK,587,587
2026-06-25,VCE,"Venice, Italy",EWR,587,587
2026-06-25,LHR,"London, UK",BWI,482,482
2026-06-25,OPO,"Porto, Portugal",BOS,568,569
2026-06-25,SOF,"Sofia, Bulgaria",JFK,640,641
2026-06-25,TBS,"Tbilisi, Georgia",JFK,642,642
2026-06-25,HEL,"Helsinki, Finland",MSP,529,528
2026-06-25,MUC,"Munich, Germany",JFK,647,647
2026-06-25,TUN,"Tunis, Tunisia",JFK,658,658
2026-06-25,YUL,"Montreal, Canada",BOS,218,217
2026-06-25,PRG,"Prague, Czechia",LAX,581,581
2026-06-25,SSH,"Sharm El Sheikh, Egypt",EWR,667,667
2026-06-25,GRU,"Sao Paulo, Brazil",MIA,446,444
2026-06-25,GND,Grenada,MIA,674,674
2026-06-25,KEF,"Reykjavik, Iceland",ORD,394,394
2026-06-25,RAK,"Marrakech, Morocco",BOS,628,628
2026-06-25,NAP,"Naples, Italy",LAX,743,743
2026-06-25,BOM,"Mumbai, India",BOS,854,854
2026-06-25,BRU,"Brussels, Belgium",BWI,528,527
2026-06-25,ADD,"Addis Ababa, Ethiopia",BOS,966,966
2026-06-25,JED,"Jeddah, Saudi Arabia",ORD,722,722
2026-06-25,SGN,"Ho Chi Minh, Vietnam",LAX,618,616
2026-06-25,GYD,"Baku, Azerbaijan",IAD,946,946
2026-06-25,HKG,Hong Kong,SFO,634,634
2026-06-25,KTM,"Kathmandu, Nepal",HNL,1066,1066
2026-06-25,BZE,"Belize City, Belize",IAD,334,334
2026-06-25,STT,"St. Thomas, USVI",MIA,389,389
2026-06-25,EZE,"Buenos Aires, Argentina",AUS,529,529
2026-06-25,MAN,"Manchester, UK",IAD,686,686
2026-06-25,DEL,"Delhi, India",IAD,783,783
2026-06-25,PVG,"Shanghai, China",LAX,617,617
2026-06-25,NRT,"Tokyo, Japan",HNL,644,644
2026-06-25,LIR,"Liberia, Costa Rica",PDX,338,338
2026-06-25,DBV,"Dubrovnik, Croatia",ATL,617,617
2026-06-25,BLQ,"Bologna, Italy",ATL,648,648
2026-06-25,ZAG,"Zagreb, Croatia",CLE,668,668
2026-06-25,SCL,"Santiago, Chile",MCO,355,355
2026-06-25,EDI,"Edinburgh, Scotland",ORD,673,673
2026-06-25,FOR,"Fortaleza, Brazil",MIA,753,751
2026-06-25,ZNZ,"Zanzibar, Tanzania",ORD,918,918
2026-06-25,MBA,"Mombasa, Kenya",ATL,1339,1339
2026-06-25,DAD,"Da Nang, Vietnam",SFO,743,743
2026-06-25,GOI,"Goa, India",ATL,2295,2295
2026-06-25,AUH,"Abu Dhabi, UAE",MIA,912,912
2026-06-25,BNE,"Brisbane, Australia",LAX,718,718
2026-06-25,HAN,"Hanoi, Vietnam",LAX,786,786
2026-06-25,AKL,"Auckland, New Zealand",DFW,701,701
2026-06-25,MRS,"Marseille, France",ORD,765,765
2026-06-25,FAO,"Faro, Portugal",ORD,906,906
2026-06-25,KIX,"Osaka, Japan",LAX,861,861
2026-06-25,BAH,Bahrain,DTW,1102,1102
2026-06-25,TGU,"Tegucigalpa, Honduras",RDU,932,932
2026-06-25,KWI,Kuwait City,DEN,1115,1115
2026-06-25,LYS,"Lyon, France",LAX,1061,1061
2026-06-25,ZQN,"Queenstown, NZ",IND,1606,1606
2026-06-25,TAS,"Tashkent, Uzbekistan",LAX,743,740
2026-06-25,LED,"St. Petersburg, Russia",IAD,1211,1211
2026-06-25,SAW,"Istanbul, Türkiye",JFK,662,665
2026-06-25,ALA,"Almaty, Kazakhstan",LAX,797,797
2026-06-25,BUS,"Batumi, Georgia",IAD,913,917
2026-06-25,NQZ,"Astana, Kazakhstan",IAH,1134,1131
2026-06-25,DME,"Moscow, Russia",ORD,1215,1215
2026-06-25,LGW,"London, UK",MCO,391,391
2026-06-25,AYT,"Antalya, Türkiye",BOS,705,705
2026-06-25,TIV,"Tivat, Montenegro",SEA,975,975
2026-06-25,BJX,"Silao, Mexico",IAH,249,249
2026-06-25,SKD,"Samarkand, Uzbekistan",IAD,1047,1050
2026-06-25,SAP,"La Mesa, Honduras",MIA,268,268
2026-06-25,KZN,"Kazan, Russia",FLL,1390,1386
2026-06-25,PVR,"Puerto Vallarta, Mexico",LAX,315,314
2026-06-25,LHE,"Lahore, Pakistan",SFO,780,780
2026-06-25,FOC,"Fuzhou, China",IAD,1056,1056
2026-06-25,MLM,"Morelia, Mexico",LAX,236,236
2026-06-25,PMI,"Palma De Mallorca, Spain",ATL,644,643
2026-06-25,BGW,"Baghdad, Iraq",ORD,823,823
2026-06-25,SVX,"Yekaterinburg, Russia",SEA,1508,1508
2026-06-25,TLC,"Toluca, Mexico",IAH,250,250
2026-06-25,VVI,"Santa Cruz, Bolivia",IAD,710,710
2026-06-25,CCS,"Caracas, Venezuela",MIA,422,422
2026-06-25,BVA,"Beauvais/Tille, France",JFK,620,620
2026-06-25,KBL,"Kabul, Afghanistan",IAD,861,861
2026-06-25,KTI,"Krong Ta Khmau, Cambodia",LAX,735,738
2026-06-25,PRN,Lipjan,IAD,684,684
2026-06-25,OVB,"Novosibirsk, Russia",DEN,1552,1552
2026-06-25,ROB,"Monrovia, Liberia",PHL,1367,1372
2026-06-25,OAX,"Oaxaca, Mexico",LAX,207,207
2026-06-25,BAQ,"Barranquilla, Colombia",MIA,258,258
2026-06-25,GEO,"Georgetown, Guyana",MIA,330,330
2026-06-25,ALC,"Alicante, Spain",BOS,609,607
2026-06-25,KHI,"Karachi, Pakistan",JFK,649,649
2026-06-25,AER,"Sochi, Russia",MIA,1151,1151
2026-06-25,MID,"Merida, Mexico",OAK,323,323
2026-06-25,POA,"Porto Alegre, Brazil",BOS,716,714
2026-06-25,DAC,"Dhaka, Bangladesh",ATL,857,857
2026-06-25,AMD,"Ahmedabad, India",IAD,929,932
2026-06-25,GZP,"Gazipasa, Türkiye",BWI,1074,1078
2026-06-25,SNN,"Shannon, Ireland",EWR,630,633
2026-06-25,SDU,"Rio De Janeiro, Brazil",EWR,695,696
2026-06-25,MED,"Medina, Saudi Arabia",ORD,854,854
2026-06-25,DAR,"Dar es Salaam, Tanzania",IAD,939,939
2026-06-25,ISU,"Sulaymaniyah, Iraq",DCA,1143,1139
2026-06-25,MZT,"Mazatlan, Mexico",SAT,368,368
2026-06-25,RTB,"Roatan Island, Honduras",JFK,616,616
2026-06-25,ALG,"Algiers, Algeria",BOS,750,753
2026-06-25,PUQ,"Punta Arenas, Chile",BOS,1025,1025
2026-06-25,SEZ,"Mahe Island, Seychelles",ORD,1403,1403
2026-06-25,MVD,"Montevideo, Uruguay",IAD,476,476
2026-06-25,HOG,"Holguin, Cuba",SAT,517,517
2026-06-25,EBB,"Kampala, Uganda",ATL,808,808
2026-06-25,SYX,"Sanya, China",LAX,900,900
2026-06-25,RHO,"Rodes Island, Greece",LAX,925,928
2026-06-25,BJV,"Bodrum, Türkiye",ORD,982,982
2026-06-25,KTW,"Katowice, Poland",MSP,1292,1291
2026-06-25,VER,"Veracruz, Mexico",DFW,345,345
2026-06-25,PEI,"Pereira, Colombia",MCO,459,459
2026-06-25,HHN,"Hahn, Germany",IAD,754,755
2026-06-25,LCA,"Larnarca, Cyprus",ORD,964,967
2026-06-25,CGR,"Campo Grande, Brazil",BWI,1172,1172
2026-06-25,HRE,"Harare, Zimbabwe",ORD,1280,1280
2026-06-25,FNA,"Freetown, Sierra Leone",IAH,1407,1407
2026-06-25,NSI,"Yaounde, Cameroon",DFW,1414,1411
2026-06-25,VVO,"Vladivostok, Russia",SEA,1510,1510
2026-06-25,KUF,"Samara, Russia",AUS,1661,1661
2026-06-25,KHV,"Khabarovsk, Russia",MIA,2438,2436
2026-06-25,YXE,"Saskatoon, Canada",LGA,507,507
2026-06-25,CWB,"Curitiba, Brazil",CLT,630,630
2026-06-25,PKX,"Beijing, China",LAX,669,669
2026-06-25,BOJ,"Burgas, Bulgaria",MIA,905,905
2026-06-25,CGH,"Sao Paulo, Brazil",MIA,698,697
2026-06-25,XMN,"Xiamen, China",SFO,739,739
2026-06-25,BSR,"Basrah, Iraq",PDX,942,942
2026-06-25,MDZ,"Mendoza, Argentina",MDW,1013,1013
2026-06-25,PQC,"Duong Dong, Vietnam",ORD,1092,1092
2026-06-25,YHM,"Hamilton, Canada",FLL,243,243
2026-06-25,CTM,"Chetumal, Mexico",IAH,348,348
2026-06-25,YWG,"Winnipeg, Canada",LGA,427,425
2026-06-25,MHH,"Marsh Harbour, Bahamas",FLL,449,449
2026-06-25,CMW,"Camaguey, Cuba",AUS,489,489
2026-06-25,TPP,"Tarapoto, Peru",MIA,538,538
2026-06-25,BGY,"Bergamo, Italy",BOS,599,599
2026-06-25,GDN,"Gdańsk, Poland",JFK,612,612
2026-06-25,SKB,"Basseterre, Saint Kitts and Nevis",JFK,619,619
2026-06-25,BON,"Kralendijk, Bonaire",ATL,631,630
2026-06-25,LTO,"Loreto, Mexico",DFW,632,632
2026-06-25,OLB,"Olbia, Italy",IAD,701,701
2026-06-25,MLA,"Luqa, Malta",ORD,730,730
2026-06-25,PVK,"Preveza/Lefkada, Greece",BOS,742,742
2026-06-25,HAK,"Haikou, China",SFO,878,878
2026-06-25,CCU,"Kolkata, India",IAD,1013,1013
2026-06-25,SOU,"Southampton, UK",IAD,1045,1045
2026-06-25,PZU,"Port Sudan, Sudan",SFO,1072,1072
2026-06-25,RMI,"Rimini, Italy",DCA,1092,1092
2026-06-25,TSR,"Timisoara, Romania",IAD,1175,1175
2026-06-25,LLW,"Lilongwe, Malawi",ORD,1263,1258
2026-06-25,KSN,"Kostanay, Kazakhstan",MIA,1316,1316
2026-06-25,LPB,"La Paz / El Alto, Bolivia",BWI,1378,1378
2026-06-25,DSS,"Diass, Senegal",CLT,1387,1387
2026-06-25,KRR,"Krasnodar, Russia",DFW,1412,1412
2026-06-25,DUR,"Durban, South Africa",IAD,1415,1412
2026-06-25,PHC,"Port Harcourt, Nigeria",IAH,1687,1687
2026-06-25,LUN,"Lusaka, Zambia",IAD,1944,1944
2026-06-25,MCX,"Makhachkala, Russia",SFO,2019,2019
2026-06-25,MAR,"Maracaibo, Venezuela",MIA,279,279
2026-06-25,TIJ,"Tijuana, Mexico",LAX,296,296
2026-06-25,YOW,"Ottawa, Canada",CMH,401,401
2026-06-25,BGA,"Bucaramanga, Colombia",JFK,548,548
2026-06-25,YXY,"Whitehorse, Canada",BNA,605,605
2026-06-25,AXM,"Armenia, Colombia",JFK,640,640
2026-06-25,NUE,"Nuremberg, Germany",MIA,801,801
2026-06-25,CGO,"Zhengzhou, China",SFO,806,806
2026-06-25,WUH,"Wuhan, China",SFO,821,821
2026-06-25,RZE,"Rzeszow, Poland",ORD,838,838
2026-06-25,YZF,"Yellowknife, Canada",ORD,862,862
2026-06-25,HBE,"Alexandria, Egypt",BOS,867,867
2026-06-25,XRY,"Jerez de la Forntera, Spain",MIA,910,910
2026-06-25,CBB,"Cochabamba, Bolivia",LAX,953,953
2026-06-25,CUK,"Caye Caulker, Belize",SFO,1003,1003
2026-06-25,VRA,"Varadero, Cuba",SFO,1007,1007
2026-06-25,CLJ,"Cluj-Napoca, Romania",SFO,1035,1035
2026-06-25,COV,"Tarsus, Türkiye",IAH,1173,1173
2026-06-25,IGD,"Igdir, Türkiye",DFW,1203,1203
2026-06-25,PAS,"Paros Island, Greece",MIA,1217,1217
2026-06-25,NBJ,"Luanda, Angola",SEA,1244,1244
2026-06-25,TAO,"Qingdao, China",MIA,1554,1549
2026-06-25,LWN,"Gyumri, Armenia",SFO,1719,1719
2026-06-25,USH,"Ushuahia, Argentina",SFO,1758,1758
2026-06-25,NMA,"Namangan, Uzbekistan",PIT,1807,1807
2026-06-25,KJA,"Krasnoyarsk, Russia",LAS,1960,1960
2026-06-25,UUD,"Ulan Ude, Russia",SEA,2652,2652
2026-06-25,YLW,"Kelowna, Canada",PHX,320,320
2026-06-25,ELH,"North Eleuthera, Bahamas",MIA,379,379
2026-06-25,YHZ,"Halifax, Canada",PHL,402,402
2026-06-25,CUU,"Chihuahua, Mexico",DEN,406,406
2026-06-25,TAB,"Scarborough, Trinidad and Tobago",JFK,518,516
2026-06-25,YHU,"Longueuil, Canada",BWI,532,532
2026-06-25,PBC,"Puebla, Mexico",DEN,542,542
2026-06-25,REX,"Reynosa, Mexico",ORD,575,575
2026-06-25,YXU,"London, Canada",ORD,580,580
2026-06-25,JTR,"Santorini Island, Greece",JFK,595,595
2026-06-25,ZYR,ZYR,LAX,600,600
2026-06-25,EIS,"Road Town, Virgin Islands",MCO,636,636
2026-06-25,AQP,"Arequipa, Peru",MCO,688,688
2026-06-25,CIX,"Chiclayo, Peru",SFO,695,695
2026-06-25,TRF,"Torp, Norway",SFO,721,721
2026-06-25,FMO,"Munster, Germany",DTW,762,762
2026-06-25,TOS,"Tromsø, Norway",MSP,783,783
2026-06-25,PTP,"Pointe-a-Pitre Le Raizet, Guadeloupe",AUS,791,791
2026-06-25,SHE,"Shenyang, China",SFO,813,813
2026-06-25,BOC,"Isla Colon, Panama",DFW,829,829
2026-06-25,CUC,"Cucuta, Colombia",IND,846,846
2026-06-25,PMO,"Palermo, Italy",ORD,851,847
2026-06-25,TER,"Lajes, Portugal",SFO,892,892
2026-06-25,MUX,"Multan, Pakistan",DTW,907,907
2026-06-25,DVO,"Davao City, Philippines",SFO,931,931
2026-06-25,PSA,"Pisa, Italy",BOS,933,933
2026-06-25,PVH,"Porto Velho, Brazil",MCO,948,950
2026-06-25,XSC,"South Caicos Airport, Turks and Caicos Islands",IAH,977,977
2026-06-25,LBA,"Leeds, UK",ATL,983,983
2026-06-25,OGU,"Ordu, Türkiye",BOS,988,988
2026-06-25,SBH,"Gustavia, Saint Barthélemy",MIA,1040,1040
2026-06-25,BKI,"Kota Kinabalu, Malaysia",LAX,1046,1046
2026-06-25,EFL,"Kefallinia Island, Greece",PHX,1053,1053
2026-06-25,MGF,"Maringa, Brazil",BOS,1058,1058
2026-06-25,UKB,"Kobe, Japan",LAX,1081,1081
2026-06-25,MJI,"Tripoli, Libya",ATL,1085,1085
2026-06-25,ADZ,"San Andres, Colombia",FLL,1093,1093
2026-06-25,PEG,"Perugia, Italy",ORD,1096,1096
2026-06-25,HGA,"Hargeisa, Somalia",ATL,1143,1143
2026-06-25,NGO,"Tokoname, Japan",CLT,1167,1167
2026-06-25,SCO,"Aktau, Kazakhstan",ORD,1179,1179
2026-06-25,PFO,"Paphos, Cyprus",PDX,1193,1193
2026-06-25,CRL,"Brussels, Belgium",DFW,1201,1201
2026-06-25,SJZ,"Velas, Portugal",SFO,1222,1222
2026-06-25,WEH,"Weihai, China",SEA,1240,1240
2026-06-25,MOC,"Montes Claros, Brazil",MSP,1257,1257
2026-06-25,ORN,"Oran, Algeria",RDU,1272,1272
2026-06-25,LGK,"Langkawi, Malaysia",ORD,1289,1289
2026-06-25,NEV,"Charlestown, Saint Kitts and Nevis",STL,1344,1344
2026-06-25,BDS,"Brindisi, Italy",DTW,1352,1352
2026-06-25,XIY,"Xianyang, China",CVG,1352,1352
2026-06-25,VLN,"Valencia, Venezuela",DFW,1357,1357
2026-06-25,LEJ,"Leipzig, Germany",ANC,1382,1382
2026-06-25,APW,"Apia, Samoa",PHX,1399,1399
2026-06-25,BLA,"Barcelona, Venezuela",BOS,1445,1445
2026-06-25,TSN,"Tianjin, China",PHX,1474,1474
2026-06-25,CEI,"Chiang Rai, Thailand",IAH,1476,1476
2026-06-25,KKN,"Kirkenes, Norway",ORD,1500,1500
2026-06-25,SPR,SPR,MIA,1565,1565
2026-06-25,MQM,"Mardin, Türkiye",BOS,1659,1659
2026-06-25,CJU,"Jeju City, South Korea",CLT,1663,1663
2026-06-25,WDH,"Windhoek, Namibia",MIA,1689,1687
2026-06-25,KRS,"Kjevik, Norway",BNA,1765,1765
2026-06-25,BLZ,"Blantyre, Malawi",CMH,1841,1841
2026-06-25,UKK,"Ust Kamenogorsk, Kazakhstan",CLT,2006,2006
2026-06-25,KGF,"Karaganda, Kazakhstan",MIA,2007,2007
2026-06-25,URA,"Uralsk, Kazakhstan",MSP,2011,2011
2026-06-25,UUS,"Yuzhno-Sakhalinsk, Russia",DFW,2143,2143
2026-06-25,OSS,"Osh, Kyrgyzstan",DFW,2151,2151
2026-06-25,FBM,"Lubumbashi, Congo",IND,2238,2238
2026-06-25,YKF,"Waterloo, Canada",MDW,2265,2265
2026-06-25,BAX,"Barnaul, Russia",MIA,2311,2311
2026-06-25,NBC,"Nizhnekamsk, Russia",ATL,2344,2344
2026-06-25,YBP,"Yibin, China",DFW,2384,2384
2026-06-25,LBD,"Khudzhand, Tajikistan",DFW,2441,2441
2026-06-25,NGS,"Nagasaki, Japan",ATL,2575,2575
2026-06-25,MGQ,"Mogadishu, Somalia",SEA,2596,2596
2026-06-25,ASF,"Astrakhan, Russia",BOS,2740,2740
2026-06-25,IKU,"Tamchy, Kyrgyzstan",PDX,2946,2946
2026-06-25,GVN,"Sovetskaya Gavan, Russia",SNA,3142,3142
2026-06-25,ITU,ITU,ATL,3316,3316
2026-06-25,URC,"Urumqi, China",SNA,4838,4838
2026-06-25,SDQ,"Santo Domingo, Dom. Rep.",EWR,190,189
2026-06-25,SAL,San Salvador,LGA,187,186
2026-06-25,FCO,"Rome, Italy",LAX,460,457
2026-06-25,ATH,"Athens, Greece",JFK,533,527
2026-06-25,LIS,"Lisbon, Portugal",JFK,614,610
2026-06-25,CAI,"Cairo, Egypt",IAD,634,629
2026-06-25,OTP,"Bucharest, Romania",MIA,670,665
2026-06-25,FLR,"Florence, Italy",BOS,764,760
2026-06-25,DPS,"Bali, Indonesia",SEA,815,806
2026-06-25,HKT,"Phuket, Thailand",LAX,768,763
2026-06-25,NCE,"Nice, France",MIA,772,763
2026-06-25,ICN,"Seoul, South Korea",SFO,672,668
2026-06-25,COK,"Kochi, India",MIA,1167,1153
2026-06-25,CPT,"Cape Town, S. Africa",ORD,1254,1247
2026-06-25,TPE,"Taipei, Taiwan",ORD,731,721
2026-06-25,PPT,"Papeete, Tahiti",SFO,821,814
2026-06-25,USM,"Koh Samui, Thailand",DFW,1548,1535
2026-06-25,SSA,"Salvador, Brazil",MSY,1095,1080
2026-06-25,CNX,"Chiang Mai, Thailand",SFO,1769,1755
2026-06-25,ORY,"Paris, France",JFK,474,470
2026-06-25,UFA,"Ufa, Russia",BOS,1415,1405
2026-06-25,TQO,"Tulum, Mexico",LGA,411,408
2026-06-25,FIH,"Kinshasa, Congo",DFW,914,907
2026-06-25,DYU,"Dushanbe, Tajikistan",ORD,1282,1272
2026-06-25,VCP,"Campinas, Brazil",FLL,604,597
2026-06-25,GOT,"Gothenburg, Sweden",SEA,707,699
2026-06-25,NLU,"Reyes Acozac, Mexico",LAX,278,276
2026-06-25,DLA,"Douala, Cameroon",DTW,1246,1234
2026-06-25,SNU,"Santa Clara, Cuba",MIA,362,357
2026-06-25,CAP,"Cap Haitien, Haiti",FLL,622,616
2026-06-25,GYN,"Goiania, Brazil",BNA,907,894
2026-06-25,MRV,"Mineralnyye Vody, Russia",MIA,1680,1663
2026-06-25,SLP,"San Luis Potosi, Mexico",DFW,441,435
2026-06-25,BPS,"Porto Seguro, Brazil",PHL,1037,1025
2026-06-25,ADB,"Izmir, Türkiye",IAD,910,902
2026-06-25,HER,"Heraklion, Greece",BOS,950,938
2026-06-25,SVG,"Stavanger, Norway",ATL,883,872
2026-06-25,JMK,"Mykonos Island, Greece",LAX,966,954
2026-06-25,UGC,"Urgench, Uzbekistan",ORD,1321,1309
2026-06-25,NJF,"Najaf, Iraq",MSP,1445,1429
2026-06-25,CSX,"Changsha, China",CLT,1919,1902
2026-06-25,SJU,"San Juan, Puerto Rico",TPA,145,142
2026-06-25,MDE,"Medellin, Colombia",FLL,252,246
2026-06-25,BKK,"Bangkok, Thailand",SFO,662,652
2026-06-25,FLN,"Florianopolis, Brazil",BOS,971,951
2026-06-25,LOS,"Lagos, Nigeria",IND,925,904
2026-06-25,SIN,Singapore,SFO,678,664
2026-06-25,EBL,"Arbil, Iraq",SAN,921,905
2026-06-25,TIA,"Tirana, Albania",JFK,531,519
2026-06-25,BJM,"Bujumbura, Burundi",LAX,1053,1031
2026-06-25,LTN,"London, UK",LGA,787,770
2026-06-25,VRN,"Verona, Italy",BOS,824,804
2026-06-25,SKG,"Thessaloniki, Greece",DTW,671,656
2026-06-25,YDF,"Deer Lake, Canada",IND,751,736
2026-06-25,OGZ,"Beslan, Russia",CLT,1683,1657
2026-06-25,BPN,"Balikpapan, Borneo Island, Indonesia",CLT,1970,1935
2026-06-25,PLS,"Providenciales, Turks",JFK,436,422
2026-06-25,BOG,"Bogota, Colombia",AUS,271,263
2026-06-25,BGI,"Bridgetown, Barbados",DCA,457,443
2026-06-25,MAA,"Chennai, India",ORD,1097,1060
2026-06-25,CNF,"Belo Horizonte, Brazil",BOS,429,418
2026-06-25,HYD,"Hyderabad, India",ORD,988,957
2026-06-25,SKP,"Skopje, North Macedonia",CVG,711,689
2026-06-25,AEP,"Buenos Aires, Argentina",MIA,627,611
2026-06-25,CEK,"Chelyabinsk, Russia",IAH,1735,1678
2026-06-25,MPM,"Maputo, Mozambique",MSP,2405,2324
2026-06-25,UIO,"Quito, Ecuador",JFK,343,329
2026-06-25,OKA,"Okinawa, Japan",SFO,979,945
2026-06-25,QRO,"Queretaro, Mexico",RDU,279,268
2026-06-25,CUE,"Cuenca, Ecuador",ATL,570,549
2026-06-25,VXE,"Sao Pedro, Cabo Verde",BOS,1416,1365
2026-06-25,ASU,"Asuncion, Paraguay",MIA,908,872
2026-06-25,GOX,"Mopa, India",SNA,1767,1706
2026-06-25,CFU,"Kerkyra Island, Greece",MSY,1000,961
2026-06-25,CGK,"Jakarta, Indonesia",PHX,1291,1234
2026-06-25,SVQ,"Seville, Spain",STL,1069,1018
2026-06-25,CRK,"Angeles City, Philippines",LAX,914,873
2026-06-25,BGO,"Bergen, Norway",PHL,738,700
2026-06-25,JNB,"Johannesburg, S. Africa",IAH,921,867
2026-06-25,GGT,"George Town, Bahamas",MIA,558,526
2026-06-25,CXR,"Nha Trang, Vietnam",ORD,1158,1080
2026-06-25,ABJ,"Abidjan, Côte d'Ivoire",IAH,2173,2040
2026-06-25,KUT,"Kutaisi, Georgia",OAK,1804,1681
2026-06-25,BCN,"Barcelona, Spain",JFK,544,504
2026-06-25,GDL,"Guadalajara, Mexico",LAX,266,247
2026-06-25,DOM,"Marigot, Dominica",MIA,911,845
2026-06-25,PNQ,"Pune, India",CVG,1779,1640
2026-06-25,SVD,"Argyle, Saint Vincent and the Grenadines",EWR,440,399
2026-06-25,SJO,"San Jose, Costa Rica",MIA,237,211
2026-06-25,CMN,"Casablanca, Morocco",JFK,622,551
2026-06-25,SJD,"Los Cabos, Mexico",LAX,311,271
2026-06-25,GLA,"Glasgow, Scotland",MDW,826,718
2026-06-25,RBA,"Rabat, Morocco",ORD,841,721
2026-06-25,GUA,Guatemala City,MIA,237,201
2026-06-25,XPL,"Comayagua, Honduras",DFW,432,363
2026-06-25,CUL,"Culiacan, Mexico",SEA,619,521
2026-06-25,ISB,"Islamabad, Pakistan",IAD,819,643
2026-06-25,CKG,"Chongqing, China",ORD,1163,911
2026-06-25,CMB,"Colombo, Sri Lanka",ORD,1504,1162
2026-06-25,FPO,"Freeport, Bahamas",IAH,606,470
2026-06-25,BOB,"Motu Mute, French Polynesia",CMH,1671,1266
2026-06-25,IKT,"Irkutsk, Russia",SLC,2127,1516
2026-06-25,AUA,Aruba,BWI,381,271
2026-06-25,BSB,"Brasilia, Brazil",MIA,573,406
2026-06-25,DLM,"Dalaman, Türkiye",SEA,2121,1446
